data,palavra,pin_id,posicao,saves,comentarios,titulo,dominio,link,imagem,largura,altura,video,criado_em
2026-09-29,look feminino verao,864761565980003303,2,78,0,Conjunto Feminino Azul-Marinho Listrado | Look Chic e Elegante,onelink.shein.com,https://onelink.shein.com/50/60s6mvbpay59?ismg_ol=4qaAqR6DePl_01_KOC-C,https://i.pinimg.com/originals/ab/53/7f/ab537fd5772c6826bab2a4a73e256b87.png,941,1672,0,2026-09-08
2026-09-29,look feminino verao,1103170871255585821,3,27,0,😍 Se apaixonou? Então olha onde encontrar,s.shopee.com.br,https://s.shopee.com.br/1A5IdkmcT?channel_type=pinterest,https://i.pinimg.com/originals/60/78/7e/60787ec0f89423fdb12cd7ebe1c82b5c.jpg,735,1105,0,2026-09-03
2026-09-29,look feminino verao,326229566783658175,4,30,0,Cream Tie-Shoulder Top & Wide-Leg Pants | European Street Style,,,https://i.pinimg.com/originals/ac/db/ec/acdbece596d560c8d4323d380f6656a3.png,1000,1500,0,2026-09-17
2026-09-29,look feminino verao,Acg_DtuXYIPJzpNYvmvcfAy9GhVMVJ37pMMKzjeEph3dgw5gOZa0LOFAL8B4rYARnyUHC1q_kDU6NJtwMJuT79U,5,1,0,Your Black-Tie Look Is,davidsbridal.com,https://www.davidsbridal.com/dresses/couture-dresses,https://i.pinimg.com/originals/f2/89/52/f28952f51c37f5ac1f8d986ed3900b35.jpg,1000,1500,0,2026-09-11
2026-09-29,look feminino verao,292100725855978820,6,487,0,Look casa da sogra 🤍,,,https://i.pinimg.com/originals/35/e8/d5/35e8d5e4fd9d6336387a0c0f09534e4e.jpg,1080,1920,0,2026-09-19
2026-09-29,look feminino verao,AWwEoH7CiQErQXE2Q6LgzkNtWxsKUxRqN29P77xMqtl0kCBCStkrb1Er_-w8Conh1iodh_cdwTqrEWIu0LIvXfI,7,1,0,Explore New Arrivals,beyondyoga.com,https://beyondyoga.com/collections/now-trending?utm_source=Pinterest&utm_medium=SOC&utm_campaign=AO26%7CPER%7CEVG&utm_term=pin_%7Bcampaignid%7D_%7Badgroupid%7D_%7Bcreative_id%7D&utm_id=%7Bcampaignid%7D,https://i.pinimg.com/originals/fe/d0/ae/fed0ae6d76ae99c0faee31200bd06861.jpg,3837,5116,0,2026-09-18
2026-09-29,look feminino verao,69524387998304537,8,28,0,Wide Leg Linen Trousers With Cropped Tank - 35 Cute European Summer Outfits for Your Vacation,sewmamasew.com,https://www.sewmamasew.com/35-cute-european-summer-outfits/,https://i.pinimg.com/originals/d5/66/8d/d5668d345550656ad1d7b0904c986799.jpg,1080,1920,0,2026-09-02
2026-09-29,look feminino verao,AZOl3s3HBK9AxjNYkWzroX73bT-I2t81270NMuq7PKaMABUttnBvJmwj--TEm2NzxiTON99sDbhi1fWgJ0GUiR4,9,8564,0,Looks Expensive But It's,amzlink.to,https://amzlink.to/az0u2a9l3C7cj,https://i.pinimg.com/originals/25/77/be/2577befbd11f92940b084e862b4080eb.png,1000,1500,0,2026-02-04
2026-09-29,look feminino verao,757378862377628216,10,270,0,Shorts Jeans Femininos: A Peça Versátil que Não Pode Faltar no Seu Guarda-Roupa,vestidosbasicos.com.br,https://www.vestidosbasicos.com.br/moda-feminina/shorts-jeans-femininos-a-peca-versatil-que-nao-pode-faltar-no-seu-guarda-roupa/,https://i.pinimg.com/originals/7c/4f/1e/7c4f1e0b04a63ad92c8a81a360dbf6fb.jpg,459,713,0,2025-04-29
2026-09-29,look feminino verao,1337074890568893,11,4164,0,,,,https://i.pinimg.com/originals/8b/42/57/8b4257062a007f96a9df572c419ba4d0.jpg,768,1408,0,2026-07-20
2026-09-29,look feminino verao,1407443631182211,12,5447,0,35 Tropical Jamaica Outfit Ideas for Your Trip,sewmamasew.com,https://www.sewmamasew.com/35-jamaica-outfit-ideas/,https://i.pinimg.com/originals/8b/2b/a8/8b2ba8ca984da7e12caef6f76807b30b.jpg,720,1280,0,2026-08-04
2026-09-29,look feminino verao,Aenhuj89X4AYhcaAxauxhxp-lfUja_X282qcm5RuBDiibAE0QCY8G6uJ3CVUd--cZCnmhyCrR79Zrube0EQRZxI,13,1,0,Reach cruising altitude.,newbalance.com,https://www.newbalance.com/pd/204l/U204LV1-51907-PMG-NA.html?utm_source=pin&utm_medium=so&utm_campaign=paid&utm_content=2H26MFLifestyle204L&utm_term=204LCreamOffFigBTSCarousel&ecid=so_pin_paid_2H26MFLifestyle204L_204LCreamOffBTSFigCarousel#dwvar_U204LV1-51907-PMG-NA_style=U204LSC&dwvar_U204LV1-51907-PMG-NA_width=D&pid=U204LV1-51907-PMG-NA&quantity=1,https://i.pinimg.com/originals/18/7f/45/187f45d18088eb63f44b9cd2d301a7d4.png,750,937,0,2026-07-29
2026-09-29,look feminino verao,AXpUtVcdRmWp9rYOwxMwOBRTlOlBC-HZY_lnx4gF2uOsZcIUEbWbsODSlmjTAkJfRP2AANku4kSO8b6QZv9moEM,14,24,0,The ultimate work,vestiairecollective.com,http://vestiairecollective.com/,https://i.pinimg.com/originals/3c/80/b3/3c80b3151fbba0338c485079c802d900.png,1000,1500,0,2026-08-10
2026-09-29,look feminino verao,254453447694552722,15,38,0,,,,https://i.pinimg.com/originals/86/08/1f/86081f3d8053a880771827004c8ceeba.png,768,1364,0,2026-08-09
2026-09-29,look feminino verao,AQthNKG5O3IEzl6f65K06PQF70NUPtDpyxSgiqB8NlwL6Bcen9pbflmMPgPk2WCSwlivTxdpXVQeAIOClv9njSY,16,853,0,Affordable Capsule,amzlink.to,https://amzlink.to/az0Gz2AiPmgrX,https://i.pinimg.com/originals/53/40/c9/5340c966dbe876c1d07d8bb6d7d24999.png,1000,1500,0,2026-04-07
2026-09-29,look feminino verao,194217802675830269,17,85,0,,,,https://i.pinimg.com/originals/1f/0b/62/1f0b62da2eb6fb6a13884cdcaf70bde7.jpg,941,1672,0,2026-09-18
2026-09-29,look feminino verao,AdF3rv-tm1aSIT0Rlsy2IbU9C9zxHaDZ3wiX9UKhDFnI4G3-MlOi1AEFtgT1BrLD9TJrupnPBVe3VqyTJax03BA,18,38,0,Find everyday outfits for,kohls.com,https://www.kohls.com/catalog/womens.jsp?CN=Gender:Womens&BST=8199577:7964489:8210645:8099933&icid=social-paid-pncrsl-womenseverydayfalloutfits-np-2609wk3-frame1&cid=SO26PDPIN0784&utm_campaign=paid_social&utm_medium=paid_social&utm_source=pinterest&utm_content=2026pdpin784,https://i.pinimg.com/originals/8b/53/a6/8b53a66c31f25153ba7c0b6aeff127df.jpg,1080,1920,0,2026-09-11
2026-09-29,look feminino verao,1266706141747185,19,9273,0,,,,https://i.pinimg.com/originals/26/bc/c7/26bcc71aaec76fa8fc6e8d10db8b3d1c.jpg,1080,1920,0,2026-01-23
2026-09-29,look feminino verao,AT_78jsoxISewjXAKlnAXs1yvBWV91jlFaqhuALI_GsjdcKuMvKolDOUczwYltMLDZ9BmgIH30oGF-LOOZdmHN4,20,13,0,Amazon Casual Outfit,amzlink.to,https://amzlink.to/az0BG6d0WJgki,https://i.pinimg.com/originals/36/e2/e7/36e2e7381b74a01c31e38f36f94f0d09.png,1000,1500,0,2026-09-15
2026-09-29,look feminino verao,AZuX6Xxk9iOKt7vb_Ys8ZPIytR03jsypS0mLNZc9DHirpQLokFI7Bd-W6K42fM5iWsQ1TPmZCJHwBsm3Khw6RhA,21,2,0,Shop Ibiza Styles,us.ohpolly.com,https://us.ohpolly.com/collections/eivissa?smartly-hash=single_video_pin_reference:v1:fd372fc6b1e35ebec9281a8b71452ffda1935df98520847f07a7af75224f647f,https://i.pinimg.com/originals/e7/e0/f9/e7e0f9ca29acafe78462d4fd25d42a0e.jpg,169,300,1,2026-08-13
2026-09-29,look feminino verao,22588435628759625,22,231,0,Style Errors That Instantly Add 10 Pounds to Your Look,airportf.netlify.app,https://airportf.netlify.app/?u=https://dijbi.com/these-fashion-mistakes-can-add-10-pounds-to-your-look/%3Futm_campaign%3Dairport%26utm_source%3Dgill%26utm_medium%3Dsocial,https://i.pinimg.com/originals/e4/1f/3f/e41f3fce16a84095ecbe71eed30ebbf8.jpg,736,878,0,2026-09-09
2026-09-29,look feminino verao,1103170871256573153,23,20,0,Pare de passar sem ver esse look,s.shopee.com.br,https://s.shopee.com.br/gQ4qasoV2?channel_type=pinterest,https://i.pinimg.com/originals/a8/45/1c/a8451c1b69a70b4390d999dad2b1e1fb.jpg,721,1280,0,2026-09-14
2026-09-29,look feminino verao,AX0nMmSYlR9Cw8dVpWbUWvVWgisgYtuWwbbnCMlIhhilfxHtbb4gboNY32bOzEG3GdqoqqRF_XhKDSW9bMI4NuI,24,0,0,Women's Y2K Sequin Decor,us.shein.com,https://us.shein.com/ark/default?scene=1&test=5051&ad_type=DPA&goods_id=386278322&pf=PINTEREST&url_from=PINADSDPA&ismg=bb44cee8285da8eff061db6fc55c301da3531f09e6cecec7c2d5a8e86612fa7b_01_1790613817,https://i.pinimg.com/originals/29/39/cc/2939cc8a670279fe6a7bd1985f0ede5d.jpg,1065,1598,0,2026-08-04
2026-09-29,look feminino verao,1056305287640435400,25,171,0,look com regata,s.shopee.com.br,https://s.shopee.com.br/qiGFrYKUD?channel_type=pinterest,https://i.pinimg.com/originals/2e/b9/c4/2eb9c470bb010da41fc7a13aa5336be4.jpg,735,1105,0,2026-07-30
2026-09-29,look feminino verao,AUgqYJmG10sYtbAtjU0tuL563vRgDVuYX29NSaWNXopcSUR5RKhXG-VWhoNDaj3Mbo3Q4rEMoT_yZdVmBJzMrdY,26,83,0,Skechers D'Lites,skechers.com,https://www.skechers.com/m/florals/?start=0&sz=24,https://i.pinimg.com/originals/c4/5b/63/c45b635f2a9f16b57ab6c9d8e79eed4a.jpg,5304,7956,0,2026-04-16
2026-09-29,look feminino verao,70437489701240,27,6891,0,,,,https://i.pinimg.com/originals/ee/a0/8f/eea08f2329d27ec7b9ee3ff11ba540b8.jpg,555,1200,0,2025-02-04
2026-09-29,look feminino verao,707980003969876148,28,3,0,Blusa Branca Assimétrica Feminina | Look Elegante e Moderno,meli.la,https://meli.la/1cnE9C9,https://i.pinimg.com/originals/f0/02/a6/f002a68c017fccbeda6c47dbf85537b0.png,1023,1537,0,2026-09-15
2026-09-29,look feminino verao,1125968743455085,29,10193,0,,,,https://i.pinimg.com/originals/17/46/54/174654b304c5be3c9e9f18344b054f7e.jpg,670,1200,0,2026-02-26
2026-09-29,look feminino verao,2181499817588033,30,1829,0,,,,https://i.pinimg.com/originals/0e/b7/9b/0eb79bd20c1f3b4133a48ea698f63853.png,705,1527,0,2026-07-16
2026-09-29,look feminino verao,AfkKRvYdb9MK_qzRmUdrvCY9O51OjBNnSpXy7laZGBPjf2okxYjjWmhxoauOI6DJ9whpeIj7UADIRME6GmyyDNg,31,142,0,Chic Date Night Looks,amzlink.to,https://amzlink.to/az0eOe9p4nnEC,https://i.pinimg.com/originals/e1/a8/5b/e1a85b3065f438767f589ffb0b6b9fb9.png,1000,1500,0,2026-05-06
2026-09-29,look feminino verao,896708975829451643,32,180,0,Conjunto Listrado,onelink.shein.com,https://onelink.shein.com/51/61br4av7o1f3?ismg_ol=DrhAs1FcFTC_01_KOC-C,https://i.pinimg.com/originals/4d/84/01/4d84016f87f6202aab75e02722d203b6.jpg,1080,1920,0,2026-09-07
2026-09-29,look feminino verao,1688918607297964,33,5600,0,,,,https://i.pinimg.com/originals/32/60/13/326013906deffe0bfe3555bbbbf17f5c.jpg,736,981,0,2026-05-05
2026-09-29,look feminino verao,4292562141723319,34,375,0,25+ Spring Outfits 2026 🌷 Trendy & Chic Outfit Ideas for Women,amazon.com,https://www.amazon.com/shop/influencer-7ca27c6e/list/16RIS6CJDL66Y?ref_=aipsflist,https://i.pinimg.com/originals/d1/8f/b2/d18fb272a6f677e3046acc3c2813f59e.jpg,736,1104,0,2026-09-07
2026-09-29,look feminino verao,AREUGUR-4Y9b__wERe18DQgKLG86zrDbFugWakRKL6VWdQtz-jbGnBBk00JK6impjzMXTdwtZbrF9cJBrMB2sO8,35,213,0,Comfy Pool Side Outfit,amzn.markable.ai,https://amzn.markable.ai/GbyFgBmD,https://i.pinimg.com/originals/61/52/9e/61529e037d231f223e5dc8d2aad5dc01.png,1000,1500,0,2026-03-04
2026-09-29,look feminino verao,20547742048664100,36,507,0,,,,https://i.pinimg.com/originals/9a/53/a9/9a53a9b17b486e2e7d8e37a87410caac.jpg,736,1104,0,2026-09-10
2026-09-29,look feminino verao,687150855690930529,37,5,0,Blusa branca feminina elegante | Look fácil e sofisticado,onelink.shein.com,https://onelink.shein.com/53/6282wz02e4hy?ismg_ol=KeSqUvT0lNH_01_KOC-C,https://i.pinimg.com/originals/2e/08/17/2e0817dd0b8a5c0219a9319041067856.jpg,1000,1500,0,2026-09-16
2026-09-29,look feminino verao,422281212030376,38,9177,0,"❤️ | bonjour! meu estilo de look é assim: uma boa camisa de linho, lenço marcando a cintura e uma rasteirinha ♥️ | Instagram",instagram.com,https://www.instagram.com/reel/DCRd-HEuDtY/,https://i.pinimg.com/originals/4e/63/c9/4e63c92d7d391db59590797c34c9c3ec.jpg,1080,1920,0,2025-09-14
2026-09-29,look feminino verao,412079434678684803,39,18,0,Ideias de outfit,s.shopee.com.br,https://s.shopee.com.br/7psytirJIb?channel_type=pinterest,https://i.pinimg.com/originals/7d/6c/da/7d6cdacffb2cd11935d3f4e92c086d61.png,1000,1500,0,2026-09-13
2026-09-29,look feminino verao,68750409353,40,472,0,25 Chic Denim Shorts Outfit Ideas: Fresh Summer Looks,sewmamasew.com,https://www.sewmamasew.com/25-chic-denim-shorts-outfit-ideas/,https://i.pinimg.com/originals/a0/9e/8b/a09e8b8d7d950ccbf2f97878cc44d217.jpg,720,1280,0,2026-09-13
2026-09-29,look feminino verao,183521753563795862,41,143,0,Continue,b.buzzfeed.workers.dev,https://b.buzzfeed.workers.dev/?u=https://dijbi.com/style-over-50/%3Futm_campaign%3Dengineer%26utm_source%3Dloli%26utm_medium%3Dsocial,https://i.pinimg.com/originals/c2/14/53/c214535bb505718c1514fed1e50d9c69.jpg,474,842,0,2026-07-29
2026-09-29,look feminino verao,135882113755879102,42,72,0,,,,https://i.pinimg.com/originals/c6/87/05/c68705d658a8f642bba01ce0bbe5dbd1.jpg,941,1672,0,2026-09-19
2026-09-29,look feminino verao,1083256516658745391,43,6,0,Effortless Chic: Coffee Run in Pleated Pants,,,https://i.pinimg.com/originals/9f/be/18/9fbe18a37a39527676887d4b123d465e.png,1024,1536,0,2026-09-16
2026-09-29,look feminino verao,33354853485933074,44,1036,0,camisa alfaiataria listrada!✨,onelink.shein.com,https://onelink.shein.com/31/5idlspcqxkj7,https://i.pinimg.com/originals/75/29/69/7529690efac41999d72e59d54378ac41.jpg,1080,1920,0,2026-05-03
2026-09-29,look feminino verao,2181499817683800,45,1268,0,Effortless Street Style: Shorts Then and Now,,,https://i.pinimg.com/originals/cb/61/e2/cb61e2b1b1fbfde098a9d197af09175d.png,799,1421,0,2026-08-18
2026-09-29,look feminino verao,1125968651350604,46,10005,0,,,,https://i.pinimg.com/originals/19/1f/50/191f507f84896613306540a15764b195.jpg,619,1261,0,2024-03-30
2026-09-29,look feminino verao,26669822789179024,47,657,0,,,,https://i.pinimg.com/originals/e3/a3/ab/e3a3ab0ea3cae7efb0f5c9dc1e8585a0.jpg,736,1107,0,2026-09-08
2026-09-29,look feminino verao,AZK6Aw_5RcvVxksYtlEenQ-ix55u-N09JHAIzvCqEYVmK7WPv1K3AHW3UkGln45uXsTbMFivWw6iwjYgM9sFQG0,48,237,0,Shop recommended products from Elena W on www.amazon.com. Learn more about Elena W's favorite products.,amazon.com,https://www.amazon.com/shop/elewoolcreator/photo/amzn1.shoppablemedia.v1.54ced740-b5e4-40a6-98c1-e7d26b74d5ca,https://i.pinimg.com/originals/ea/e7/87/eae787c0309e5b3f9ff43930438049d7.jpg,1200,2100,0,2026-09-06
2026-09-29,look feminino verao,1132444268833518270,49,30,0,,,,https://i.pinimg.com/originals/c7/77/fb/c777fb4477ade74cea55f50c55cce321.jpg,734,1104,0,2026-09-06
2026-09-29,look feminino verao,985231165766316,50,3621,0,,,,https://i.pinimg.com/originals/31/05/36/310536e1b0df8f67977e26740bbd364e.jpg,756,1558,0,2026-07-28
2026-09-29,look feminino verao,778419116890727308,51,33,0,Conjuntos Femininos Verão,tiktok.com,https://www.tiktok.com/@dailycleangirloficial/photo/7680742098588405012?is_from_webapp=1&sender_device=pc,https://i.pinimg.com/originals/cd/45/bd/cd45bd33a0f3fcf35f347cb06eaab2c7.jpg,1536,2752,0,2026-09-16
2026-09-29,look feminino verao,AdJiZHvS_xcGH0m2OCT1R-f0QOzgWfesgKrFF06ppt7mBTwUXbiXDzo6GgIHEuEssqGf6rmwcAPT2HXQm_A5UB4,52,1,0,Villa Collection by Vuori,vuoriclothing.com,https://vuoriclothing.com/collections/villa-collection,https://i.pinimg.com/originals/36/66/10/3666104b96ea795d922d50bacacb32a6.jpg,1200,1500,0,2026-06-22
2026-09-29,look feminino verao,4292562140533152,53,6375,0,,,,https://i.pinimg.com/originals/44/39/e1/4439e1932adf6864dbe75ff4649bd13b.jpg,843,1500,0,2025-08-05
2026-09-29,look feminino verao,200691727143450394,54,3070,0,Look Fem pt.7,,,https://i.pinimg.com/originals/c3/00/28/c3002800c1f3e69c7eb976b96947cdf4.jpg,564,1002,0,2026-01-25
2026-09-29,look feminino verao,1012958141254789782,55,29,0,Look de verão perfeito para um dia na praia,onelink.shein.com,https://onelink.shein.com/52/61qlnhfl8y6c?ismg_ol=B466OrAR3Hu_01_KOC-C,https://i.pinimg.com/originals/0c/29/d9/0c29d9e42bf23e82de4e22d4cf5eba2a.png,1087,1447,0,2026-09-11
2026-09-29,look feminino verao,Afki2URMjtv3WAFbtVYttXtnPKLXsjFtlCMrnpgYaxXaUK7KQYbHH8fyRguArgRvr9b9pJluxce3t3oMfqPXy20,56,1,0,Buy secondhand fashion,depop.com,https://www.depop.com/campaign/sell/,https://i.pinimg.com/originals/73/26/7d/73267d973da82bef67df109dff65456a.jpg,1080,1920,1,2026-09-16
2026-09-29,look feminino verao,AVaXkZ5Z3mp_GQ7RNtN6Vkp_KXxAa03Xg0QAsoNcKUK082UucrLnI5cZrHX2RUFvR_szASlKrVERF2WKmnOURqE,57,1,0,COS Autumn Winter 2026,cos.com,https://www.cos.com/en-us/women/new-arrivals?utm_source=pinterest&utm_medium=paidsocial&utm_campaign=%7B%7Bcampaignname%7D%7D&utm_content=%7B%7Badgroupname%7D%7D&utm_term=%7B%7Bcreative_id%7D%7D&utm_id=%7B%7Badid%7D%7D,https://i.pinimg.com/originals/42/da/1a/42da1a1fd799affef734ca54dd73c61d.jpg,1080,1620,0,2026-09-03
2026-09-29,look feminino verao,4362930884409500,58,722,0,,,,https://i.pinimg.com/originals/e9/f1/92/e9f1922e25233007b582eec5df30a3f4.jpg,1092,1899,0,2025-12-04
2026-09-29,look feminino verao,Aac3igWjq9NmqAYOFK2mROaU6ryg_TQ8dKAHokwt8XJnSWfuttqNC_l_RPjN0Sx7zY3T4kQWOBV462vn4Gtdo8E,59,2,0,Your Black-Tie Look Is,davidsbridal.com,https://www.davidsbridal.com/dresses/couture-dresses,https://i.pinimg.com/originals/b4/c0/43/b4c04354700479f86077fc50ca4cd274.jpg,1000,1500,0,2026-09-11
2026-09-29,look feminino verao,AdVi7E6h6iNv-0uSI2pSDwuI4ASmbIPCpf5bhxmr1nxK7mmIQ5lXPw6PaWbAS1am-PLghdxKyDa3fazaRK6HhZU,60,1,0,Shop Ultra Blue,beyondyoga.com,https://beyondyoga.com/collections/new-hues-ultra-blue?utm_source=Pinterest&utm_medium=SOC&utm_campaign=AO26%7CPER%7CEVG&utm_term=pin_%7Bcampaignid%7D_%7Badgroupid%7D_%7Bcreative_id%7D&utm_id=%7Bcampaignid%7D,https://i.pinimg.com/originals/38/67/c1/3867c1180f2b0f5af80583bbc0f03c8a.jpg,4284,5386,0,2026-09-18
2026-09-29,look feminino verao,24980972930611752,61,1495,0,conjunto de alfaiataria,s.shopee.com.br,https://s.shopee.com.br/6AdFgcBgOO?channel_type=pinterest,https://i.pinimg.com/originals/9a/92/34/9a923434bf2c2f05e69c0db1cb1f6759.jpg,736,1104,0,2026-09-07
2026-09-29,look feminino verao,AQCRotEhTMljrJbiDsCI28b6EneVyVHsOxVt-imYRViypR7bxTvelCqbd34KOsdw5adGZo6FP8w9_x7Fg8xdPH8,62,176,0,Feminine for Fall,macys.com,https://www.macys.com/shop/new-trending?id=342756&/?m_sc=org_soc&m_sb=soc_pub,https://i.pinimg.com/originals/20/e1/86/20e1868e858877b36c29c47ab62ab8a4.png,1000,1500,0,2026-08-25
2026-09-29,look feminino verao,284571270203268721,63,186,0,conjunto amarelo Manteiga,vt.tiktok.com,https://vt.tiktok.com/ZS9hYT854g3PJ-YYs0Y/,https://i.pinimg.com/originals/4f/7b/37/4f7b37af9e13037ba1b13f3ebc740797.jpg,900,1600,0,2026-08-31
2026-09-29,look feminino verao,AfClXu9S0o84w2PlWQtlwEtHNBRhIQW_SkZIhCp15DCTDWSu8L0rnnnF4aLZ6C9TKdseNEEToBur0pF9yOk7jWM,64,19,0,The Campus Edit,calvinklein.us,https://www.calvinklein.us/en/back-to-school/womens-back-to-school,https://i.pinimg.com/originals/93/bc/7b/93bc7bdfc474d9aaee94a74e367d4abf.jpg,1080,1620,0,2026-08-05
2026-09-29,look feminino verao,AchjPwaDO9E3vSITXBOGnUDP3vMec0tGmTYpZ8KICdYq3gYzJvswXFEvhtZ4otvEg8d_rVVqsr2dnbFyDwGbEsk,65,14,0,Find head-to-toe denim,kohls.com,https://www.kohls.com/catalog/womens.jsp?CN=Gender:Womens&BST=7954146:7589421:7764246:5646700:8134212&icid=social-paid-pncrsl-denimtrendbadge6-totalw-np-2608wk4-frame1&cid=SO26PDPIN0682&utm_campaign=paid_social&utm_medium=paid_social&utm_source=pinterest&utm_content=2026pdpin682,https://i.pinimg.com/originals/30/9a/85/309a85a4f3c5da15973c6261f9cdf35f.jpg,1000,1500,0,2026-08-21
2026-09-29,look feminino verao,AZKVpuSDps568VuQxn9PmZx9HZutX7IinLHXS44hVkosMNq8mJQ1nfGF6tFZ6PmhnZ6OKWepPJ6Ma4bMQ63aznE,66,0,0,Women's Lapel Front,us.shein.com,https://us.shein.com/ark/default?scene=1&test=5051&ad_type=DPA&goods_id=391914257&pf=PINTEREST&url_from=PINADSDPA&ismg=16859c27ef4cbc08da877f6943b4b3e2cb3d42eaaf947c6a63904c3d8bbdbd59_01_1790613817,https://i.pinimg.com/originals/0a/9f/26/0a9f2600eb9de08276dd87c647fb7091.jpg,1065,1598,0,2026-08-07
2026-09-29,look feminino verao,25543922887283806,67,77,0,edited by @kathstemplates ✰ | check out ‘KathsTemplates’ on etsy ⚡️,,,https://i.pinimg.com/originals/e8/8b/fd/e88bfd719827234bc2d9936aa2df0d8f.jpg,556,1024,0,2026-09-01
2026-09-29,look feminino verao,AfRLjH-4opwSVxPRsB31oTb0p1U1H7PzhhZnjNng4j7Ai_JZOfNaxkG08-1RQuYZcLiDb8SZDBzPK-kMxhfDaVY,68,137,0,Tropical Energy... Now,nakedwardrobe.com,https://nakedwardrobe.com/collections/vacation,https://i.pinimg.com/originals/9c/da/28/9cda2833b9a1dc3918953223809ab148.jpg,1080,1620,0,2026-05-08
2026-09-29,look feminino verao,5488830792910145,69,305,0,Short feminino alfaiataria social com cinto promoção com 30% de desconto!,shope.ee,https://shope.ee/4KxKY6b8A2?channel_type=pinterest,https://i.pinimg.com/originals/bd/bc/94/bdbc94a38d11b587233acb7462bebab5.jpg,736,1211,0,2026-01-17
2026-09-29,look feminino verao,633387444803790,70,1920,0,35 Lisbon Vacation Outfit Ideas for Stylish Travel,sewmamasew.com,https://www.sewmamasew.com/35-lisbon-vacation-outfit-ideas/,https://i.pinimg.com/originals/2b/d3/a4/2bd3a46d9ebb39ccac95e05d843db60b.jpg,720,1280,0,2026-08-23
2026-09-29,look feminino verao,2814818513238347,71,2444,0,Conjunto de calça e blusinha listrada azul,onelink.shein.com,https://onelink.shein.com/7/5pgsemr6c0n3,https://i.pinimg.com/originals/2a/89/ea/2a89ea1dec04c269618d7e0bed9d5280.jpg,736,1308,0,2026-07-02
2026-09-29,look feminino verao,4081455908115704,72,990,0,,,,https://i.pinimg.com/originals/f7/2b/ef/f72befc3ea7ac7f7b9dcce79015ce1b2.jpg,1200,1600,0,2026-06-15
2026-09-29,look feminino verao,AWiwi4KA5dSgXSkdbqmpXJzM5Uj6-2Edidhe3FBoAyFVNVG0CY6TUhgOP1-DGs3fyvTU9nrbtwyLZZAy90EKT7E,73,1,0,Try Yourself On with,poshmark.com,https://poshmark.com/?utm_source=%7B%7Bsite_source_name%7D%7D&utm_medium=%7B%7Bplacement%7D%7D&utm_campaign=%7B%7Bcampaign.id%7D%7D&utm_content=%7B%7Bad.id%7D%7D,https://i.pinimg.com/originals/68/c9/c3/68c9c38dc68ec570fae55a503be17936.jpg,1080,1920,1,2026-09-03
2026-09-29,look feminino verao,864761565980191466,74,6,0,Conjunto Feminino de Verão 2 Peças com Camisa Listrada,onelink.shein.com,https://onelink.shein.com/52/620fuyg8pezj?ismg_ol=ANkazej07nA_01_KOC-C,https://i.pinimg.com/originals/a3/0c/48/a30c484c4277313634a3f0cd164ff214.png,941,1672,0,2026-09-14
2026-09-29,calca legging canelada,AZu9jme3BYihduXeVD9MUmGS9UXbmVjgnGQih1OhDhOHea9DV91Uj_csajn5ZBDmyvXXyfK2rwfjwSV_zs7JFAg,1,1,0,The Leggings That Made Us,beyondyoga.com,https://beyondyoga.com/collections/bestsellers?utm_source=Pinterest&utm_medium=SOC&utm_campaign=AO26%7CPER%7CEVG&utm_term=pin_%7Bcampaignid%7D_%7Badgroupid%7D_%7Bcreative_id%7D&utm_id=%7Bcampaignid%7D,https://i.pinimg.com/originals/e7/ae/02/e7ae02fc48a680b7a73b1b79db2a441a.jpg,2160,3840,1,2026-09-17
2026-09-29,calca legging canelada,1009580441492838688,2,3,0,"Calça Legging Canelada de Cintura Alta Sem Costura para Academia Feminina, Elástica e Fitness",s.shopee.com.br,https://s.shopee.com.br/8V8g9Rex6A?channel_type=pinterest,https://i.pinimg.com/originals/b0/89/89/b0898917d76ebec4227e75496bd1d5c0.jpg,848,1264,0,2026-09-07
2026-09-29,calca legging canelada,383861568261175834,3,79,0,"Calça Legging Canelada de Cintura Alta Sem Costura para Academia Feminina, Elástica, Esportiva e Fitness por R$39,99. Compre na Shopee agora! https://s.shopee.com.br/2LQ38MVxb4",instagram.com,https://www.instagram.com/reel/DQX0SIdD9JA/,https://i.pinimg.com/originals/05/97/30/059730b8eb03f5e97a8adfc816e7e1c3.jpg,564,1000,1,2026-06-01
2026-09-29,calca legging canelada,AWwPyU_xu-QXJ6dOsWUzb6cexoDfQ3gi5sJkr_FZv5MlyJmTU3Jd5HYf9IPYB3X7oeQBM0uKHwaEUD7qNfHJYb8,4,67,0,Gymshark Training,gymshark.com,https://www.gymshark.com/products/gymshark-training-straight-leg-short-legging-leggings,https://i.pinimg.com/originals/6f/5e/5b/6f5e5b17487d37312b8843b008338cf5.jpg,402,480,0,2026-02-18
2026-09-29,calca legging canelada,Aa2IG2tlGLojowJIMiFx8vCH3AgGKz1GsH7YMyMxSfEV5YjOQBGV3QqE-rPvbLbx_xpV40oncSOI16LyqRc224c,5,0,0,Quince | Women's,quince.com,https://www.quince.com/women/leggings-recycled?color=heather-shell-pink&size=m,https://i.pinimg.com/originals/84/ba/7b/84ba7bcb3ee6fae18b0965d5a8cc6ba7.jpg,1000,1500,0,2026-08-21
2026-09-29,calca legging canelada,605171268731210994,6,1,0,￼Calça Legging Canelada Sem Costura para Academia Feminina 🤎,s.shopee.com.br,https://s.shopee.com.br/40gSSZjXh0?channel_type=pinterest,https://i.pinimg.com/originals/85/5a/85/855a85bc63a37c9867c0069d4530d9fa.jpg,1080,1920,0,2026-09-12
2026-09-29,calca legging canelada,AT3R_O4I6Lo_kDH46-Edi9Pmm6QoS3E_BH6tPsoJV05dQJXM5SAXkXMgHzaXCIOCjRtbmMU48LRULgqd891MHeY,7,0,0,Women's High Waisted,us.shein.com,https://us.shein.com/ark/default?scene=1&test=5051&ad_type=DPA&goods_id=514612915&pf=PINTEREST&url_from=PINADSDPA&ismg=b5c021f7df93a4d01339ac5a3ea2b1d886289e5cc311645f51cf298cf9eb4e3d_01_1790613991,https://i.pinimg.com/originals/da/80/b0/da80b02934da493bf84b94cbc65623ce.jpg,1065,1598,0,2026-08-15
2026-09-29,calca legging canelada,AWswi-uFmG-7RLROOoMxrshlgQGTOWt4t6ueyEHYAplLChkFyOI5m_eqxLLBrRv7-N8yjzBHQBZTg9W2OsB0GKc,8,0,0,SUUKSESS Women Ribbed,amazon.com,https://www.amazon.com/SUUKSESS-Seamless-Leggings-Waisted-Control/dp/B0CQY81881?ref_=pinterest_fplfs,https://i.pinimg.com/originals/20/82/93/208293e0b22cec404463d4458e2b2be0.jpg,1000,1500,0,2026-06-05
2026-09-29,calca legging canelada,81768549520017123,9,18,0,"👋 Oii Galera 🏋️ Calça Legging Canelada de Cintura Alta Conforto, estilo e performance para seus treinos! ✨ ✔️ Modelo sem costura para mais liberdade de movimento ✔️ Cintura alta que valoriza a silhuet",instagram.com,https://www.instagram.com/p/DNvpBjGWjqs/?img_index=3,https://i.pinimg.com/originals/e9/03/f7/e903f705e359144b911f5f1eec9cbdfc.jpg,800,1060,0,2026-01-16
2026-09-29,calca legging canelada,1090011916097750715,10,1,0,Calça Legging Canelada,meli.la,https://meli.la/34aaasZ,https://i.pinimg.com/originals/ab/a7/5f/aba75fd8407cb11242a19cc52fda2836.jpg,1200,1500,0,2026-09-13
2026-09-29,calca legging canelada,442408363419155078,11,1,0,🔍 Calça legging canelada sem costura,meli.la,https://meli.la/2XNrQqS,https://i.pinimg.com/originals/24/4b/68/244b68e8271c49631daa699a6487fb99.png,941,1672,0,2026-08-17
2026-09-29,calca legging canelada,ASesxSv01Khj58Xya2LJUU-lEKajBKHtMCt-m-MwoqLeSTi1pRKsYmU9ESsiyW8_seovQ06DKp7enu6jG1YZ2ks,12,10,0,Women's YPB sculptLUX,abercrombie.com,https://www.abercrombie.com/shop/us/p/ypb-curve-love-78-length-leggings-49320320,https://i.pinimg.com/originals/10/7d/e7/107de75f4e73b394cf622d033f3872cf.jpg,800,1000,0,2025-12-17
2026-09-29,calca legging canelada,AaAeZnd3qYsEqrznM79Qs6aDNTm6ggDq4lcLATT7mgIXlFe1tk1QtliCNlJnbkjeTkimTDtudtQth64ih0f67sw,13,1,0,Temu | Pantalones de Yoga,temu.com,https://www.temu.com/ul/kuiper/un3.html?subj=dpa-un&_bg_fs=1&_p_jump_id=1082&_x_vst_scene=adg&goods_id=601099640479550&adg_ctx=a-e4c6d679~c-694105c9&_p_rfs=1&_x_ads_channel=pinterest&_x_ads_creative_id=%7Bproduct_partition_id%7D&_x_ads_id=%7Badgroupid%7D&_x_ads_set=%7Bcampaignid%7D&_x_ads_sub_channel=shopping&_x_ns_catalog_id=1580405374697&_x_ns_creative=%7Badid%7D&_x_ns_gid=601099640479550&_x_ns_,https://i.pinimg.com/originals/3d/30/cf/3d30cf8cf43b27dcbc2389ffd5b65e60.jpg,2000,3000,0,2026-07-05
2026-09-29,calca legging canelada,4590997678780827520,14,0,0,Calça Legging Sem Costura Canelada Seamless Cintura Alta Compressão Segura Barriga Não Marca na Roupa Esportes Fitness Academia,br.shein.com,https://br.shein.com/ark/default?scene=1&test=5051&ad_type=DPA&goods_id=564374227&pf=PINTEREST&link_type=link&url_from=PINADSDPA&ismg=ab1a1f3878366c0c3988d984b9340c943b374df54e466d53061f01134b5f45fb_01_1790615816,https://i.pinimg.com/originals/4f/b2/61/4fb26170344bfaa85a05be1edd900a0c.jpg,1086,1448,0,2026-09-12
2026-09-29,calca legging canelada,263460646946701717,15,60,0,Calça legging canelada premium,s.shopee.com.br,https://s.shopee.com.br/4fsnJo1K7H?channel_type=pinterest,https://i.pinimg.com/originals/b0/01/22/b0012261cdc4deeedf41b69b3db3e243.jpg,1056,1892,1,2026-08-21
2026-09-29,calca legging canelada,AU3Cvj2EolyfA2yqoexS8uQuPQmkuiusVBWXK87uDE_pLZIkrPasSMay0SNWlfYS1iEMEbmb6aA6O-FVoRZappc,16,3,0,Women's Ribbed Cotton,inspireuplift.com,https://www.inspireuplift.com/womens-ribbed-cotton-knit-leggings-female-stretch-skinny-leggings/iu/21494896?variant=469271916,https://i.pinimg.com/originals/77/d8/3a/77d83a85b9c92ff9823ca949e28e3a8e.jpg,800,800,0,2026-07-08
2026-09-29,calca legging canelada,Ac2WiryTMEK14Bip6jY5PBlJa8fXGGlxyQTykyQomQ56WR2tZJdNYMl_HzVz7qsVqzEcz2ok_ZyXFDloS10iH9E,17,1,0,W233 - Curve Seamless,youngla.com,https://www.youngla.com/products/w233?variant=42754444558524,https://i.pinimg.com/originals/12/66/b6/1266b6111f5d28933f7941db24107ebf.jpg,1365,2048,0,2024-11-27
2026-09-29,calca legging canelada,4597612342354395520,18,6,0,Legging Fitness Feminina Preto Canelada Com Cós Alto Seamless+ Dlk - PRETO / GG,dlk.com.br,https://dlk.com.br/products/legging-fitness-feminina-preto-canelada-com-cos-alto-seamless-dlk?variant=47689374826708,https://i.pinimg.com/originals/50/32/fe/5032febf641389f0a9d3f0966ceb473f.jpg,1000,1428,0,2026-06-18
2026-09-29,calca legging canelada,Ab9tsivus0w23AYh7FGLdLdibPZO6D6Ng_6I3EVR_Ge3pHPbDJ1Tnpb2r69pgKJADWWh2sf1zK2gWrfaDmvKsp4,19,0,0,Temu | High-waisted,temu.com,https://www.temu.com/ul/kuiper/un3.html?subj=dpa-un&_bg_fs=1&_p_jump_id=1082&_x_vst_scene=adg&goods_id=605998962041944&adg_ctx=a-a439cc25~c-63d3630f&_p_rfs=1&_x_ads_channel=pinterest&_x_ads_creative_id=%7Bproduct_partition_id%7D&_x_ads_id=%7Badgroupid%7D&_x_ads_set=%7Bcampaignid%7D&_x_ads_sub_channel=shopping&_x_ns_catalog_id=1567707391772&_x_ns_creative=%7Badid%7D&_x_ns_gid=605998962041944&_x_ns_,https://i.pinimg.com/originals/08/56/25/0856254830b00dc907f162dbbbf91525.jpg,2000,3000,0,2026-08-03
2026-09-29,calca legging canelada,AfJ-QSYMBsDngpAN5xLTQcvys9UaF1kRycXqXpBgnBrruxWSKYLqff0EyASbWpakIP5bEUaTTo2NYUSSByAofxg,20,0,0,Women's Ribbed Mid-Waist,riley-newyork.com,https://riley-newyork.com/products/womens-ribbed-mid-waist-leggings-comfort-spring?variant=57710292894070&utm_source=multifeeds&utm_medium=organic&utm_campaign=Multifeeds&utm_content=Women's%20Ribbed%20Mid-Waist%20Leggings%20%7C%20Comfort%20%7C%20Spring,https://i.pinimg.com/originals/af/fe/8f/affe8f421026258d190100d87136426a.jpg,1125,1500,0,2026-09-20
2026-09-29,calca legging canelada,770045236333339551,21,1,0,Calça Legging canelada sem costura academia,br.shp.ee,https://br.shp.ee/s5y61jd5?smtt=0.0.9&channel_type=pinterest,https://i.pinimg.com/originals/4d/ee/98/4dee982cf10dfa800a5a428142b22fea.jpg,1080,1920,0,2026-07-22
2026-09-29,calca legging canelada,1151795673483073868,22,0,0,"✨ Conforto, estilo e desempenho para seus treinos! ✨ Calça Legging Canelada Premium de Cintura Alta, sem costura, com tecido elástico que modela o corpo e garante máximo conforto. Ideal para academia,",instagram.com,https://www.instagram.com/reel/DZqEZrtBDZF/,https://i.pinimg.com/originals/0d/e1/9e/0de19e72bc7402f1a61745b8fc58bfc6.jpg,610,1084,1,2026-09-15
2026-09-29,calca legging canelada,AeRQnvXJ6HkjDqEqA2wCAmDT--rg0wLrLg7HzstOIAMVkbilWIDm0kdmDDpE9tmZ5zL_XAjBH0uP18H9ii69krk,23,0,0,YEOREO Women's Mini,amazon.com,https://www.amazon.com/YEOREO-Flared-Leggings-Scrunch-Workout/dp/B0DTK2PL2G?ref_=pinterest_fplfs,https://i.pinimg.com/originals/93/85/77/93857779352357065ee064dfadd654f9.jpg,1043,1565,0,2026-04-14
2026-09-29,calca legging canelada,ARMs0WHIAj_z7Q_WAGny-44xcRQJ9-f1-tidXhoffATfdfTPNP0zxYBRnSGUtjSZ8RXm2C1KdAuC3F8d7vJxPKQ,24,0,0,Ladies Sporty,munefashion.com,https://munefashion.com/products/women-sporty-high-waist-leggings-mune-fashion-3essegddp5?variant=58260829405509&utm_medium=cpc&utm_source=pinterest&utm_campaign=Pinterest%20Shopping&country=US,https://i.pinimg.com/originals/17/2a/99/172a99e7e89e7e9d1d87f313d14c4e93.jpg,1065,1598,0,2026-06-13
2026-09-29,calca legging canelada,AWXPDzpPtdf1TyJhamUnqe7pSE4ZpEcYyf2_zB2m3KnHEdfPxJa-4oBeUClGNP9qqUrD5TVyrYushuyHHiTVIMk,25,1,0,Temu | High-Waisted,temu.com,https://www.temu.com/ul/kuiper/un3.html?subj=dpa-un&_bg_fs=1&_p_jump_id=1082&_x_vst_scene=adg&goods_id=601103493942316&adg_ctx=a-3192ecbc~c-d4d3a156&_p_rfs=1&_x_ads_channel=pinterest&_x_ads_creative_id=%7Bproduct_partition_id%7D&_x_ads_id=%7Badgroupid%7D&_x_ads_set=%7Bcampaignid%7D&_x_ads_sub_channel=shopping&_x_ns_catalog_id=1567707391772&_x_ns_creative=%7Badid%7D&_x_ns_gid=601103493942316&_x_ns_,https://i.pinimg.com/originals/65/43/8f/65438f5ecd68f43cb58163d87a7c757b.jpg,2000,3000,0,2026-06-18
2026-09-29,calca legging canelada,4601693787482143360,26,0,0,Calça Legging Feminina Canelada em Poliamida Premium Sem Transparência Cintura Alta para Academia e Moda Fitness,br.shein.com,https://br.shein.com/ark/default?scene=1&test=5051&ad_type=DPA&goods_id=142655626&pf=PINTEREST&link_type=link&url_from=PINADSDPA&ismg=47649b62d61fbad4b95a85a0fa29b70aaeab522a9e9b79e86bd15889aa3ac5aa_01_1790616038,https://i.pinimg.com/originals/b7/23/d0/b723d008b4668d70085b6b63c38ad4ed.jpg,1340,1785,0,2026-04-14
2026-09-29,calca legging canelada,723038915223616118,27,2,0,Check out my video on Shopee Video,br.shp.ee,https://br.shp.ee/eridkl3c?fromSource=copy_link&smtt=0.0.9&channel_type=pinterest,https://i.pinimg.com/originals/49/56/21/495621b622b0282c0b2d4bd8bd685340.jpg,1080,1920,0,2026-09-15
2026-09-29,calca legging canelada,AYJIExOc_KbQTWKAdMkpTUsTZgrrw65KCyqpEgiAqtxt6vvibJbLpAsOAbuLley2IlhDv5ZkP9_tojFVVMaiwic,28,0,0,Beyond Yoga Pants &,poshmark.com,https://poshmark.com/listing/BEYOND-YOGA-Spacedye-Caught-In-The-Midi-High-Waisted-Leggings-68defd9cb944911b2b26281c?utm_source=pin_unpaid,https://i.pinimg.com/originals/0e/66/e1/0e66e1bd91b77878f9d573bd2ed4f7b0.jpg,1024,1024,0,2026-09-02
2026-09-29,calca legging canelada,AQpplwziEDZRIss2jET3J6biYmOrwyP8XCXVUDt0xK4EN2zh8iIT5gG9gzNW8qJXUeReozUp3oy_8AW7Doj6dCI,29,0,0,Ladies Cargo Leggings -,vela-avenue.com,https://vela-avenue.com/products/ladies-cargo-leggings-nova?variant=51493629165908&utm_source=multifeeds&utm_medium=organic&utm_campaign=Multifeeds&utm_content=Ladies%20Cargo%20Leggings%20-%20Nova,https://i.pinimg.com/originals/d1/57/e3/d157e37dec780066149310ac06062f9a.jpg,1500,2811,0,2026-01-21
2026-09-29,calca legging canelada,1143914374134829583,30,1,0,Calça legging canelada,s.shopee.com.br,https://s.shopee.com.br/1gICP4BwO8?channel_type=pinterest,https://i.pinimg.com/originals/25/ca/78/25ca78906edfe52b27fc120d8c8708f3.jpg,1080,1920,0,2026-08-29
2026-09-29,calca legging canelada,1102326446326301776,31,2,0,"Calça legging canelada de cintura alta sem costura para academia feminina, elástica e firness🤎",,,https://i.pinimg.com/originals/4d/9b/31/4d9b3118ff8a8dadddfb2b0f6da16b04.jpg,736,1308,0,2026-07-23
2026-09-29,calca legging canelada,616148792816854881,32,2,0,"Confira Calça Legging Canelada de Cintura Alta Sem Costura para Academia Feminina, Elástica e Fitness com 53% de desconto! Link nos Story",instagram.com,https://www.instagram.com/reel/Db69NjNuddG/,https://i.pinimg.com/originals/71/b3/6f/71b36f81eff71309798528b122cff322.jpg,540,960,1,2026-08-12
2026-09-29,calca legging canelada,AZJyUnkB2h6THmSNpvtaUHIRG6UkIEQhizQHaKrHz8smB8PWVXwJHK1nYwLempuYnbt4wFqJx_XkOE8mlw9fVYE,33,6,0,FULLSOFT Buttery Soft,amazon.com,https://www.amazon.com/Waisted-Leggings-See-Through-Leggings-Reg-Large-X-Large/dp/B08K987KMM?ref_=pinterest_fplfs,https://i.pinimg.com/originals/ff/c9/93/ffc9934a78b25a9b0ea7ba7679b468f6.jpg,1600,2560,0,2026-03-20
2026-09-29,calca legging canelada,Abx_rP1JmE-Qf5Q122Qxjk7tQNQdetxSDZu-Lyi82UiMfjZNQVk4Iss-BchL44kFqOMnYo0Y5ZgdlWX6J5S5uXI,34,0,0,Second Skin Legging,joahbrown.com,https://www.joahbrown.com/products/second-skin-legging-sueded-carob?variant=42831344566374&socioh_cat_id=AB0DoLR&socioh_cat_name=Socioh%20x%20Joah%20Brown%20%7C%20Pinterest%20Catalog&soh_pid=42831344566374&soh_pname=Second%20Skin%20Legging,https://i.pinimg.com/originals/7c/dc/bf/7cdcbf17df06006328b7901b344304a3.png,1000,1500,0,2026-09-27
2026-09-29,calca legging canelada,988117974533983987,35,1,0,"Calça Legging Canelada de Cintura Alta Sem Costura para Academia Feminina, Elástica e Fitness ❤️",s.shopee.com.br,https://s.shopee.com.br/BSHmxEJ9w?channel_type=pinterest,https://i.pinimg.com/originals/98/e6/23/98e623e4df4349c4d1de49172a00505d.jpg,736,1308,0,2026-07-17
2026-09-29,calca legging canelada,619737598771179787,36,19,0,"Calça Legging Canelada de Cintura Alta Sem Costura para Academia , Elástica e Fitness #calcalegging #calcaacademia #calçacanelada https://s.shopee.com.br/6Ak1L76WqK",instagram.com,https://www.instagram.com/reel/Dbtssz9pHuy/,https://i.pinimg.com/originals/b5/00/77/b5007796c051681808e9996612217b73.jpg,540,960,1,2026-09-11
2026-09-29,calca legging canelada,1099159852838020283,37,1,0,Calça legging,s.shopee.com.br,https://s.shopee.com.br/3qMs4S8YXE?channel_type=pinterest,https://i.pinimg.com/originals/ec/15/da/ec15da82f579ca621e4f434eeb3f916b.jpg,800,800,0,2026-09-05
2026-09-29,calca legging canelada,AcUpEJJzaglzOLbiS5NiKy_fl_x3iUcW0lYxf2OZLjqcmsXLc8UsekCgiSGmaY5ILIRIrFlpEJAUJse5iks-wwY,38,22,0,✨ Why Everyone’s Talking,rachelwear.us,https://rachelwear.us/pages/5reasons,https://i.pinimg.com/originals/62/6e/80/626e8021032db9b33b97bc5d41962de1.jpg,1080,1920,1,2026-07-07
2026-09-29,calca legging canelada,582512533101853049,39,3,0,"￼Calça Legging Canelada de Cintura Alta Sem Costura para Academia Feminina, Elástica e Fitness #calçaleggingfitness #calça #fitnesstrainer #viral #shopeebrasil",instagram.com,https://www.instagram.com/reel/DZAZFDwxzR7/,https://i.pinimg.com/originals/48/76/f4/4876f4ce7ca3a75897f8df02a47874e9.jpg,640,1136,1,2026-08-06
2026-09-29,calca legging canelada,ARgW3ofwDQP4rYaDHkcZL06n52IXnvRdJfvgi-YvB9_YBRmxh-8G53Hab4MO50nZjCmbdL3Ttpm8Ul0CKsLzUpk,40,1,0,3 Pack Leggings for,amazon.com,https://www.amazon.com/Leggings-Women-No-See-Through-Waisted-Control/dp/B0DDTH5NB1?ref_=pinterest_fplfs,https://i.pinimg.com/originals/03/72/42/037242900b00071abf16b8334523510d.jpg,1680,2100,0,2025-11-13
2026-09-29,calca legging canelada,343329171618447406,41,32,0,"✨ Conforto que abraça, estilo que eleva. Tricot em ponto clássico Biamar, no tom rosé mais delicado da estação + legging fuseau canelada com cintura média e toque macio. Look pensado pra quem quer se ",instagram.com,https://www.instagram.com/p/DMGBoCksKlu/?img_index=4,https://i.pinimg.com/originals/04/3d/95/043d95a0cfb631db932e5b0d5c635303.jpg,1440,1920,0,2026-03-08
2026-09-29,calca legging canelada,964474076473092667,42,1,0,CALÇA LEGGING CANELADA,s.shopee.com.br,https://s.shopee.com.br/4qFalBdvYT?channel_type=pinterest,https://i.pinimg.com/originals/5e/b1/7e/5eb17ee52eba61af9bd8782831bab117.jpg,1080,1920,0,2026-09-12
2026-09-29,calca legging canelada,709809591314046991,43,1,0,Calça Leggings Feminina Canelada Bege Cintura Alta Tecido Premium #calcalegui #calcaleg #premiumdress #calçafemininas #calcafeminina,instagram.com,https://www.instagram.com/reel/DcD8nY-gX0m/,https://i.pinimg.com/originals/bb/93/1e/bb931e8397f9e8b0d3e605f658d7a976.jpg,540,960,1,2026-09-04
2026-09-29,calca legging canelada,1110559589399641392,44,1,0,Calça Legging Canelada de Cintura Alta Sem Costura para Academia Feminina,s.shopee.com.br,https://s.shopee.com.br/4VcaeFqZTe?channel_type=pinterest,https://i.pinimg.com/originals/a7/4d/82/a74d8276cf8ff151d15f2e3c3679673d.png,712,711,0,2026-09-06
2026-09-29,calca legging canelada,734086808061096573,45,1,0,"￼Calça Legging Canelada de Cintura Alta Sem Costura para Academia Feminina, Elástica e Fitness",s.shopee.com.br,https://s.shopee.com.br/2qULCTpfD3?channel_type=pinterest,https://i.pinimg.com/originals/47/78/b6/4778b68aa602b7d8f43d562dbd9034c0.jpg,800,800,0,2026-09-05
2026-09-29,calca legging canelada,AavWBEwoqPZdbmfZ35lioOI9_cTaeiUw8XQwjBDfeRYuFuwNDKSqD6Ijak-f4vk7BTQ9SKF4tZcCk2sJEo6nPSM,46,0,0,Temu | Pantalones,temu.com,https://www.temu.com/ul/kuiper/un3.html?subj=dpa-un&_bg_fs=1&_p_jump_id=1082&_x_vst_scene=adg&goods_id=606373278494034&adg_ctx=a-dca3b2a4~c-0103e56d&_p_rfs=1&_x_ads_channel=pinterest&_x_ads_creative_id=%7Bproduct_partition_id%7D&_x_ads_id=%7Badgroupid%7D&_x_ads_set=%7Bcampaignid%7D&_x_ads_sub_channel=shopping&_x_ns_catalog_id=1580405374697&_x_ns_creative=%7Badid%7D&_x_ns_gid=606373278494034&_x_ns_,https://i.pinimg.com/originals/1c/df/c1/1cdfc1d9c77efa8ac18c45f59d2865ba.jpg,2000,3000,0,2026-08-10
2026-09-29,calca legging canelada,AYSWBVV4dF_CUNnRwjj0NDjGy4bBXf61vaG1tJRW6CuglXNa4ecPqnpXdmZXqs8Pob15bn80nqLqf21l-i2pzPg,47,305,0,Nike - Zenvy Infinasoft,net-a-porter.com,https://www.net-a-porter.com/product/46376663162952346?cm_mmc=pinterest-_-pinterestshopping-_-46376663162952346&utm_source=pinterest&utm_medium=social_media_organic&utm_campaign=pinterestshopping_46376663162952346,https://i.pinimg.com/originals/dd/73/5d/dd735d11815c100c776acdcabeed31e8.jpg,1242,1656,0,2025-07-25
2026-09-29,calca legging canelada,AZEM4T51bUarN-ICapCDLY9vw_rWUAG-iUIXS8_zViF51XCnNHMTTN_tSHJc9Hx9mEjFG2VoTxOVGS-XhlcHIK8,51,1,0,Explore New Arrivals,beyondyoga.com,https://beyondyoga.com/collections/now-trending?utm_source=Pinterest&utm_medium=SOC&utm_campaign=AO26%7CPER%7CEVG&utm_term=pin_%7Bcampaignid%7D_%7Badgroupid%7D_%7Bcreative_id%7D&utm_id=%7Bcampaignid%7D,https://i.pinimg.com/originals/fe/d0/ae/fed0ae6d76ae99c0faee31200bd06861.jpg,3837,5116,0,2026-09-18
2026-09-29,calca legging canelada,AWo9Rwf1a8GsA6r_phzo9GLCqSOimU03iulIig0kByA-MwW2yT6EFPHfFY1-nIbw8lkIFsQorRwJrTOeKbSfWxI,52,1,0,BlissBlend™ Collection by,vuoriclothing.com,https://vuoriclothing.com/collections/vuori-blissblend,https://i.pinimg.com/originals/48/f2/b7/48f2b72dfdc07230c9274e3c08063fa0.jpg,1200,1500,0,2026-06-22
2026-09-29,calca legging canelada,AdtBHqStNtaPeZq_0hmvY9V1v5qotnHHky6ajFvnx7AvMKXMpVFonlADiYAzDbGT9HtM5cTawyaKvaaEzMe2Uuk,53,1,0,Reach cruising altitude.,newbalance.com,https://www.newbalance.com/pd/204l/U204LV1-51907-PMG-NA.html?utm_source=pin&utm_medium=so&utm_campaign=paid&utm_content=2H26MFLifestyle204L&utm_term=204LCreamOffFigBTSCarousel&ecid=so_pin_paid_2H26MFLifestyle204L_204LCreamOffBTSFigCarousel#dwvar_U204LV1-51907-PMG-NA_style=U204LSC&dwvar_U204LV1-51907-PMG-NA_width=D&pid=U204LV1-51907-PMG-NA&quantity=1,https://i.pinimg.com/originals/18/7f/45/187f45d18088eb63f44b9cd2d301a7d4.png,750,937,0,2026-07-29
2026-09-29,calca legging canelada,13370130139346308,54,47,0,"Calça Legging Canelada R$39,99🤌🏼😍",s.shopee.com.br,https://s.shopee.com.br/1BCuJJVQec?channel_type=pinterest,https://i.pinimg.com/originals/d4/6a/d4/d46ad4aaef58f1eb486acf4d692d5271.jpg,1080,1920,0,2025-12-21
2026-09-29,calca legging canelada,AdA7G5_IvDqQGYk30hhawl7CpikNPpIM9AbI5AR8O9gabR83RSv_9XxhyrfYibmS1FqwVLpFy92HQlKivN4JeQg,55,36,0,From Work to Happy Hour:,vestiairecollective.com,http://vestiairecollective.com/,https://i.pinimg.com/originals/a5/99/16/a59916ac1e58ce1be58beace1cc64ee3.png,1000,1500,0,2026-08-10
2026-09-29,calca legging canelada,678002918948837026,56,1,0,Calça Legging Canelada de Cintura Alta,s.shopee.com.br,https://s.shopee.com.br/1qbmrlZT3Y?channel_type=pinterest,https://i.pinimg.com/originals/a9/6e/ec/a96eec6c138c9801c03260940fa4df2d.jpg,1440,1440,0,2026-09-05
2026-09-29,calca legging canelada,1086000897677139104,57,1,0,Calça Legging Push Up Canelada de Cintura Alta Sem Costura para Academia Feminina Esportiva,s.shopee.com.br,https://s.shopee.com.br/7KwsUGHitv?channel_type=pinterest,https://i.pinimg.com/originals/f9/08/45/f908459b3ba1a1b83d7a6d866a4e58e7.jpg,1200,2131,0,2026-09-10
2026-09-29,calca legging canelada,AcalHgmWKagapd2HFk309PvfKw0xKmHv4m50V2kJB-fXFraV51p3S6p0tflNEV6XdUXZT99KvwaAr8MA4KCoe3w,58,14,0,Wear It Your Way,vans.com,https://www.vans.com/en-us/c/matching-sets-2029,https://i.pinimg.com/originals/66/a1/ef/66a1eff1116a72007ca72b6304913432.jpg,1080,1350,1,2026-07-16
2026-09-29,calca legging canelada,AZ6Op1JTgmZWVyY1AYglXLJzvSZ-6K0fzyKUNmzrGUUX5jzOqcEpyV1r0uZUFWjMF36PY-MxVlXwoIypTN1XUiA,59,16,0,Sadie Sink Feels the Fit,calvinklein.us,https://www.calvinklein.us/en/sadie-sink,https://i.pinimg.com/originals/4e/3f/ce/4e3fcee3bb77fb87775b61d40be8ab4b.jpg,1080,1620,0,2026-09-14
2026-09-29,calca legging canelada,606367537374257161,60,32,0,Legging Canelada Fitness 🏋️‍♀️,s.shopee.com.br,https://s.shopee.com.br/AKQe9WnCZ7?channel_type=pinterest,https://i.pinimg.com/originals/4b/94/d5/4b94d582e3ead1e7d17cbfacb89b5cb4.png,720,1280,0,2026-05-02
2026-09-29,calca legging canelada,1138073768369202267,61,2,0,Calça Moletom/Calça/Academia/Legging,s.shopee.com.br,https://s.shopee.com.br/1gIU9mzydm?channel_type=pinterest,https://i.pinimg.com/originals/04/57/48/045748ff13c46fd9a35ca9299b848208.jpg,704,1280,0,2026-09-09
2026-09-29,calca legging canelada,4593530968565685120,62,1,0,LEGGING BASIC CANELADA LUPO - CÓD 2256,dluastore.com.br,https://dluastore.com.br/produtos/legging-basic-canelada-lupo-cod-2256-1os34/,https://i.pinimg.com/originals/53/de/e7/53dee7f55c9278dd1b38b140058d6316.jpg,960,1280,0,2026-09-04
2026-09-29,calca legging canelada,833025262367874887,63,4,0,jelik fashions Calça Legging Tecido Poliamida Canelado Premium Sem Transparência Academia Fitness,onelink.shein.com,https://onelink.shein.com/17/52u7bdctia02,https://i.pinimg.com/originals/72/a9/09/72a909bad750e403f26cb6365fb13330.jpg,1340,1785,0,2025-10-03
2026-09-29,calca legging canelada,1133640537487624753,64,1,0,Legging Canelada Preta Shein: A Calça de Cós Alto que Modela o Corpo,,,https://i.pinimg.com/originals/d6/c0/92/d6c092a80e2517c22437571cfdeb82b1.png,1080,1920,0,2026-09-15
2026-09-29,calca legging canelada,7177680652130625,65,48,0,✨Calça Legging Canelada de Cintura Alta Sem Costura para Academia Feminina Esportiva sem Costura❣️,tr.ee,https://tr.ee/FL56qe,https://i.pinimg.com/originals/e5/07/b8/e507b8fd4a3862e0b69273047182d722.jpg,704,1280,1,2025-08-09
2026-09-29,calca legging canelada,663788432617796100,66,3,0,"Novas cores 😍🩵 A mais pedida!! A canelada Importada que modela o corpo, sem costura e zero transparência 💪🏼 Disponível do P ao GG 📲 Link para compra na bio ✅ WhatsApp (11) 99217-1284 📍 Academia H & D ",instagram.com,https://www.instagram.com/p/DMdnZ3JpgHh/?img_index=4,https://i.pinimg.com/originals/37/f3/44/37f344b46352f5313749bd153cfef4ea.jpg,1242,1553,0,2025-08-22
2026-09-29,calca legging canelada,582512533101853057,67,24,0,"Nossa calça canelada em novas cores! 😍 A perfeição existe e eu posso provar, zero transparência, não marca celulite, cintura alta e sem costura ✨😎 #legging #academia #lookfitness #modafitness #foryou ",instagram.com,https://www.instagram.com/reel/DOMbFf1iTd5/,https://i.pinimg.com/originals/af/00/b1/af00b1ec07d8ba90a289d0857b1174fc.jpg,640,1136,1,2026-08-06
2026-09-29,calca legging canelada,576671927339314849,68,10,0,"A legging mais procurada agora na Start Fit 🩷⚡️ A calça canelada famosa por seu conforto, qualidade e zero transparência 🤩 #canelada #modafeminina #academia #treinofeminino #dicasfit #ﬁtness #explore ",instagram.com,https://www.instagram.com/p/DL7XezzA0n8/?img_index=4,https://i.pinimg.com/originals/bd/14/04/bd1404b78838b6ce86968bab6aaa79a8.jpg,1080,1350,0,2025-12-30
2026-09-29,calca legging canelada,788904059772168320,69,0,0,"Dê uma olhada em Kit 2 Calças Legging Canelada Premium de Cintura Alta Sem Costura Academia Feminina Elástica e Fitness por R$49,99 - R$56,99. Compre na Shopee agora! https://s.shopee.com.br/8KpcFxgUW",instagram.com,https://www.instagram.com/reel/DdcBJT4Sg9H/,https://i.pinimg.com/originals/7c/0f/77/7c0f773e5b0b272eeb6db2f533f04e85.jpg,640,640,1,2026-09-18
2026-09-29,calca legging canelada,1112389176742467137,70,1,0,"￼Calça Legging Canelada de Cintura Alta Sem Costura para Academia Feminina, Elástica e Fitness",s.shopee.com.br,https://s.shopee.com.br/2BEUWfWJPk?channel_type=pinterest,https://i.pinimg.com/originals/3c/99/cf/3c99cf3db50d10e89704d769aec154d1.jpg,1080,1920,0,2026-08-30
2026-09-29,calca legging canelada,924574998525401725,71,1,0,"Calça Legging Canelada de Cintura Alta,Sem Costura ❤️😻",s.shopee.com.br,https://s.shopee.com.br/50YxLEoTF2?channel_type=pinterest,https://i.pinimg.com/originals/7d/91/ff/7d91ffe70ace2bc5fd22468b864ab8ad.jpg,736,1308,0,2026-09-10
2026-09-29,calca legging canelada,1141240361850751141,72,1,0,￼Calça Legging Canelada de Cintura Alta Sem Costura para Academia Feminina,s.shopee.com.br,https://s.shopee.com.br/4fsagTbFM9?channel_type=pinterest,https://i.pinimg.com/originals/43/7a/58/437a58bb60f75305007d54aa7b8c4877.jpg,1080,1920,0,2026-04-26
2026-09-29,calca legging canelada,AWPgYo0t-BZSf-2Ky9HFhRqf-YvC67Xm7427LkTw_tO1CBe-z7I1lByglZkdbr42aAwEKnJhlX9zTTmNCNuuPbU,73,66,0,Find flared leggings,kohls.com,https://www.kohls.com/catalog/womens-flx.jsp?CN=Gender:Womens+Brand:FLX&BST=5015153&icid=social-paid-pnvid-wflxleggingslooks-np-2608wk2&cid=SO26PDPIN0609&utm_campaign=paid_social&utm_medium=paid_social&utm_source=pinterest&utm_content=2026pdpin609,https://i.pinimg.com/originals/b2/db/00/b2db008b854f55ea2f7fc1c895999e6e.jpg,1000,1500,1,2026-08-05
2026-09-29,calca legging canelada,4592897692047661952,74,0,0,Calça Legging Basic Sem Costura Canelada - Verde / GG,lsport.com.br,https://www.lsport.com.br/products/calca-legging-basic-sem-costura-canelada-1?variant=46424383848527,https://i.pinimg.com/originals/72/e2/c4/72e2c4386c7a483cf97523cd4b23e73a.jpg,2560,3840,0,2026-09-04
2026-09-29,conjunto fitness feminino,AWIrsvWOgLEQbxxD-5zo-bX1uELAEaNEigZ6SXAHeSiXUwIN4oTtVUVTSGKiDQQmKJPz9i3WZo9RUm2pEwnXj9I,1,1,0,BlissBlend™ Collection by,vuoriclothing.com,https://vuoriclothing.com/collections/vuori-blissblend,https://i.pinimg.com/originals/48/f2/b7/48f2b72dfdc07230c9274e3c08063fa0.jpg,1200,1500,0,2026-06-22
2026-09-29,conjunto fitness feminino,AfZBO0Xk22IKSSCTl01IHtySjxGEYLmCZSLPzC1RCNdgCS1KkbC4AE4gRKBiaykczXgZosgdkFceHYL4Ddu-_W8,2,1,0,The Leggings That Made Us,beyondyoga.com,https://beyondyoga.com/collections/bestsellers?utm_source=Pinterest&utm_medium=SOC&utm_campaign=AO26%7CPER%7CEVG&utm_term=pin_%7Bcampaignid%7D_%7Badgroupid%7D_%7Bcreative_id%7D&utm_id=%7Bcampaignid%7D,https://i.pinimg.com/originals/e7/ae/02/e7ae02fc48a680b7a73b1b79db2a441a.jpg,2160,3840,1,2026-09-17
2026-09-29,conjunto fitness feminino,1017039528373031539,3,16,0,Conjunto deportivo 2 piezas,,,https://i.pinimg.com/originals/8a/16/5a/8a165a2d201e4fe10c5b3dbcdf4c5cc0.png,1024,1536,0,2026-09-08
2026-09-29,conjunto fitness feminino,745486544616868602,4,16,0,Conjunto / Academia / Feminino / Fitness / Treino,br.shp.ee,https://br.shp.ee/kt7g9dur?fromSource=copy_link&smtt=0.0.9&channel_type=pinterest,https://i.pinimg.com/originals/a0/9c/3f/a09c3f94fd0c1286ba213a3440f66910.jpg,1080,1920,0,2026-09-04
2026-09-29,conjunto fitness feminino,312366924180091442,5,43,0,"conjunto fitness feminino, saia e blusa manga longa",onelink.shein.com,https://onelink.shein.com/51/615njv6tedc1?ismg_ol=6yHhCtDgxiv_01_KOC-C,https://i.pinimg.com/originals/08/d5/0b/08d50ba032153087e0e403faa7b30be5.jpg,941,1672,0,2026-09-15
2026-09-29,conjunto fitness feminino,752241944055093590,6,8,0,Conjunto Fitness Feminino Cintura Alta,s.shopee.com.br,https://s.shopee.com.br/qixvevfDA?channel_type=pinterest,https://i.pinimg.com/originals/1c/ef/35/1cef357715d53cd80df49f1bc40b8ec6.jpg,1022,1536,0,2026-09-10
2026-09-29,conjunto fitness feminino,1121748219718229409,7,1,0,Shein - Conjunto Feminino de Legging e Top 🩵,onelink.shein.com,https://onelink.shein.com/53/62d1rarottuk?ismg_ol=9MbCpKHKL1M_01_KOC-C,https://i.pinimg.com/originals/b9/e8/5d/b9e85d46ca41d0fbbe1e76f8ff7b0765.jpg,1080,1920,0,2026-09-18
2026-09-29,conjunto fitness feminino,903112531590469165,8,1,0,Conjunto Gringo Fitness Feminino Calça e Top Cintura Alta,,,https://i.pinimg.com/originals/7d/0b/cd/7d0bcd312701ac4b87901c323535cd79.jpg,768,1365,0,2026-09-16
2026-09-29,conjunto fitness feminino,ARCGydpYDIr2TXReml9pJkY9dP1girpBwwJk811MHUCR2FoFPOwhDBetHdnx2htLxI--JxRsGnMkEI3DhKd74tE,9,57,0,Amazon Fall Fitness,amzlink.to,https://amzlink.to/az0Vx9igBUsbA,https://i.pinimg.com/originals/ff/cc/77/ffcc77018df5a26aaacc7fb01a450e76.png,1000,1500,0,2026-09-15
2026-09-29,conjunto fitness feminino,ATXy5ISZcAjWsNxCX3nQTXcPvtOssvJOXfXWxlXHKisrUrvrmSIf6mEePu3DgChn0V9H5vB9Pyhl8imnAXXT2pc,10,582,0,Amazon Workout Essentials,amzlink.to,https://amzlink.to/az0hQHzBlmvL4,https://i.pinimg.com/originals/30/c2/11/30c211934f5128660b642a9ceeeaa06e.png,1000,1500,0,2026-06-16
2026-09-29,conjunto fitness feminino,ATtKQ5VTH2ZSAzWjKTiI0_77i8QbG3GiFTrMm0Gv8CcZMq30DVEwPp22LcQzg-ZMVIB1kMeOILxZBl2U8Q9xIkk,11,7,0,Find women’s athleisure,kohls.com,https://www.kohls.com/catalog/womens-active.jsp?CN=Gender:Womens+Occasion:Active&BST=8131179:8132516:6581283&icid=social-paid-pncrsl-womensfallathleisure-np-2609wk2-frame1&cid=SO26PDPIN0733&utm_campaign=paid_social&utm_medium=paid_social&utm_source=pinterest&utm_content=2026pdpin733,https://i.pinimg.com/originals/e7/af/9e/e7af9ebc2e05641f1a19d9e14cebec69.jpg,1000,1500,0,2026-09-03
2026-09-29,conjunto fitness feminino,893753488606907047,12,6,0,Conjunto fitness rosa com saia | Look feminino para academia,s.shopee.com.br,https://s.shopee.com.br/50Z25KS1Ha?channel_type=pinterest,https://i.pinimg.com/originals/36/9d/c6/369dc6525689e872c4a30f364e8c87ce.jpg,1080,1920,0,2026-09-14
2026-09-29,conjunto fitness feminino,Ae2VEKaLRXgjAeWtkJi2BlmePhijqv0wOo6IwcEZBiduzN_okUltbxxCZNDBtPDwFsZ-3-llRMqyyz5B6XEn8T8,13,368,0,Amazon Workout Pieces,amzlink.to,https://amzlink.to/az0Vd3bXPYd4E,https://i.pinimg.com/originals/7a/f5/88/7af588c46af4fc8bcc6f38f0d4498fb6.png,1000,1500,0,2026-04-15
2026-09-29,conjunto fitness feminino,848998967306217670,14,1,0,Conjunto Fitness Feminino Modern Color – Shorts + Top para Academia,s.shopee.com.br,https://s.shopee.com.br/9AOV0fBAj4?channel_type=pinterest,https://i.pinimg.com/originals/cf/ac/99/cfac99f6a8d067904772247a65b7087d.jpg,1080,1920,0,2026-09-09
2026-09-29,conjunto fitness feminino,AWHfRPDjZ2GVTuPY8ynniqVuY2L0pRb0kUJvmMyOh6BpMo_F-rNJTzt9M56bYowEN6UTWjCsImlYjJrIY4jBG9g,15,1,0,Reach cruising altitude.,newbalance.com,https://www.newbalance.com/pd/204l/U204LV1-51907-PMG-NA.html?utm_source=pin&utm_medium=so&utm_campaign=paid&utm_content=2H26MFLifestyle204L&utm_term=204LCreamOffFigBTSCarousel&ecid=so_pin_paid_2H26MFLifestyle204L_204LCreamOffBTSFigCarousel#dwvar_U204LV1-51907-PMG-NA_style=U204LSC&dwvar_U204LV1-51907-PMG-NA_width=D&pid=U204LV1-51907-PMG-NA&quantity=1,https://i.pinimg.com/originals/18/7f/45/187f45d18088eb63f44b9cd2d301a7d4.png,750,937,0,2026-07-29
2026-09-29,conjunto fitness feminino,AWad5qJfnG1JeZbJ03KHL-h9Yowx3-QbZ0XUKUuOr9rEyx6kA9u4XOUhQ7lDhy3U8G2LWr81WEPA0gqI0QmAvU8,16,1,0,New Color Drop!,fabletics.com,https://www.fabletics.com/dmg/A39B3F?utm_medium=paid_social_media&utm_source=pinterest&utm_campaign=pin_campaign_id_%7Bcampaignid%7D&utm_content=pin_adgroup_id_%7Badgroupid%7D&utm_term=pin_id_%7Badid%7D&nbt=nb:pinterest::%7Bcampaignid%7D:%7Badgroupid%7D:%7Badid%7D&nb_kwd=%7Bkeyword%7D&nb_device=%7Bdevice%7D&nb_platform=pinterest&nb_pn=%7Bproduct_name%7D&nb_ppgid=%7Bpromoted_product_group_id%7D&nb_,https://i.pinimg.com/originals/95/cb/7c/95cb7c21a3889f5b23f0c9486196fc49.jpg,1000,1500,0,2026-08-19
2026-09-29,conjunto fitness feminino,870179959277390608,17,3,0,"O Conjunto Fitness Que Você Vai Querer Usar Até Fora da Academia ✨APENAS R$ 52,30",meli.la,https://meli.la/27e1B8e,https://i.pinimg.com/originals/75/bb/12/75bb1282a473956c03ba6cc6c2a22ea6.png,1086,1448,0,2026-09-02
2026-09-29,conjunto fitness feminino,AQV2sOkzXyeubZ-1Nde9ZC3AqitXu30j1XKBGyOLyDPGrSYgKYYWNsFQYRs0ytF_X_70QvkkSSnUYz38L4g9464,18,4053,0,WISKII Season's Must -,wiskiiactive.com,https://wiskiiactive.com/collections/2024-winter-essentials,https://i.pinimg.com/originals/bd/20/08/bd2008f4a93cc18aad384f1c8247909d.jpg,720,1280,1,2024-12-11
2026-09-29,conjunto fitness feminino,1121748219718276168,19,6,0,Shein - Conjunto de Calça e Blusa Fitness 🩵,onelink.shein.com,https://onelink.shein.com/53/62f8v03j2n13?ismg_ol=86qB78JtsR6_01_KOC-C,https://i.pinimg.com/originals/dd/14/6e/dd146e913fe0e19cb2efb1b667c48fb5.jpg,1080,1920,0,2026-09-18
2026-09-29,conjunto fitness feminino,187180928260829625,20,118,0,"Moda fitness que une conforto, modelagem impecável e um tom que combina com qualquer momento. ✨💚 Enviamos para todo o Brasil 🚚 Garanta o seu antes que esgote! 🛍️ Acesse o site pelo link da bio. #BEFIT",instagram.com,https://www.instagram.com/p/Da09NYrlqVG/,https://i.pinimg.com/originals/bc/f1/8e/bcf18e97917be6f09fb18f2c54dc0ba2.jpg,1440,1920,0,2026-08-05
2026-09-29,conjunto fitness feminino,680254718761255708,21,26,0,Conjunto Fitness Feminino Preto: Top e Bermuda de Compressão para Treino,meli.la,https://meli.la/1eRTgB5,https://i.pinimg.com/originals/26/62/0a/26620ac255916af381949adfc54ddaeb.png,1440,2560,0,2026-09-13
2026-09-29,conjunto fitness feminino,Abg-xhiRCoeyqJFDSOFiSwUgG-0-kKzrs_82awuCm5DQBvHghCCk9QPRP4jdEL_p-peviGiKl3RzMGPU2paQADs,22,5,0,"Yes, it feels like a hug.",ae.com,https://www.ae.com/us/en/c/aerie/shop-by-fabric/the-hugger/cat2640023?utm_source=pinterest&utm_medium=aud-trgt&utm_content=aerie&utm_campaign=%7Bcampaignid%7D&utm_term=%7Badid%7D,https://i.pinimg.com/originals/07/59/e5/0759e51ec2ad5e4e2cdb5dbf5649a490.jpg,1000,1500,0,2026-09-14
2026-09-29,conjunto fitness feminino,570620215310085856,23,74,0,Conjunto Fitnes,vt.tiktok.com,https://vt.tiktok.com/ZSqFw33C4/,https://i.pinimg.com/originals/c7/cd/c4/c7cdc4f37cededa67aeac42cc750cbfa.jpg,1080,1920,0,2026-09-06
2026-09-29,conjunto fitness feminino,1137721924648548747,24,1,0,Conjunto Fitness Feminino Azul-Marinho com Cropped Um Ombro e Legging,onelink.shein.com,https://onelink.shein.com/53/6299xci7icu1?ismg_ol=90ygZ4JdVGB_01_KOC-C,https://i.pinimg.com/originals/b9/77/e1/b977e1a20c4dabc68adb8656cfff9af4.jpg,960,1280,0,2026-09-18
2026-09-29,conjunto fitness feminino,AbJ52DEYl-ifXOgP21pnTOt4Z4D0CqMoBpeM1zHN4hM7UNJXjVK2tcKUDja2DuRXtyB3vsW25jw566rJSIExkJ8,25,1,0,Made To Stand Out,shopakira.com,https://shopakira.com/collections/whats-new-denim-obsession,https://i.pinimg.com/originals/27/b8/31/27b8318813ea780550d6c68b92c3df2d.jpg,1080,1920,0,2026-08-26
2026-09-29,conjunto fitness feminino,836473330840520510,26,18,0,"Dewbera Dewbera Conjunto de Top Esportivo Sem Alças e Legging Sem Costura com Listras Brancas em Roxo para Mulheres, 2 Peças, Roupa Esportiva para Academia e Exercícios, Rosa e Branco, Verão, Sexy, Cu",onelink.shein.com,https://onelink.shein.com/52/61n2jquaoqvg?ismg_ol=K6uXZ2rpVCP_01_KOC-C,https://i.pinimg.com/originals/f4/41/27/f4412718b90dd44b9266df65f2035572.png,941,1672,0,2026-09-10
2026-09-29,conjunto fitness feminino,1118933469951043352,27,3,0,Workout Sets Outfit,link.amazon,https://link.amazon/B00ev0PZq,https://i.pinimg.com/originals/3f/ca/1d/3fca1d3399cad03faba9677c94f6214c.png,1024,1536,0,2026-09-12
2026-09-29,conjunto fitness feminino,AUqZtTLIOSc1Gx8_qUt7sgxmiLhF7F5Tf976qekghb1M3DZe2HcqO9oUYgHOMF7TBcqz27Fvr0POIcA2ZlOnTUE,28,18,0,Conjunto de Academia Feminino Zero Transparência,s.shopee.com.br,https://s.shopee.com.br/AKa3FUKrwA?channel_type=pinterest,https://i.pinimg.com/originals/d7/9a/65/d79a6596f0c59c5419a4aca35c503f6a.jpg,1022,1536,0,2026-09-04
2026-09-29,conjunto fitness feminino,805018502187953857,29,37,0,💛 Conjunto Fitness Amarelo Feminino | Look Academia Feminino com Short e Cropped,onelink.shein.com,https://onelink.shein.com/51/61b4u4uv49m3?ismg_ol=KzkwO2f8BH6_01_KOC-C,https://i.pinimg.com/originals/61/27/6f/61276f6cee03ba39de902db5ffbaf2df.jpg,1024,1647,0,2026-09-07
2026-09-29,conjunto fitness feminino,1138073768369840974,30,1,0,Stylish Sage Green Activewear Set,,,https://i.pinimg.com/originals/0e/99/e7/0e99e7588841c46f7ebb4e7b549f294d.jpg,1024,1536,0,2026-09-18
2026-09-29,conjunto fitness feminino,233694668162310032,31,7,0,Conjunto Fitness Top e Legging com Bolso | Roupa de Academia | Moda Fitness Feminina,meli.la,https://meli.la/18jsqAT,https://i.pinimg.com/originals/20/eb/17/20eb17b1ff7bfd22fc16787d325a3137.jpg,1536,2752,0,2026-09-15
2026-09-29,conjunto fitness feminino,233694668162321553,32,13,0,"S9648 - Conjunto Top + Leggins Bota Ancha, Tela Mandi",yaru.co,https://yaru.co/yaru-fabrica-colombiana-ropa-deportiva-supplex-lycra-bodys/,https://i.pinimg.com/originals/19/0f/fc/190ffca72c75286f5f67ecaec20544e9.jpg,851,1280,0,2026-09-19
2026-09-29,conjunto fitness feminino,233694668162306935,33,8,0,"Energia, confiança e estilo para conquistar cada treino",s.shopee.com.br,https://s.shopee.com.br/20vFNxCj5W?channel_type=pinterest,https://i.pinimg.com/originals/df/5f/12/df5f1207417ea88a8dc4409ea4299493.png,940,1672,0,2026-09-14
2026-09-29,conjunto fitness feminino,783556035221308368,34,1,0,Conjunto fitness feminino azul que valoriza o corpo 💙,s.shopee.com.br,https://s.shopee.com.br/7VGQfL20Bw?channel_type=pinterest,https://i.pinimg.com/originals/31/47/5d/31475db107fb56dd79c751f8ee2f67da.jpg,1080,1920,0,2026-09-15
2026-09-29,conjunto fitness feminino,844002786468264712,35,5,0,Conjunto Blackout Legging e Cropped | Roupa de Academia | Moda Fitness Feminina,meli.la,https://meli.la/1izU1Vc,https://i.pinimg.com/originals/2d/ec/f9/2decf9b044621e0ca972cfc42b0b3c1e.jpg,1536,2752,0,2026-09-03
2026-09-29,conjunto fitness feminino,836473330840520587,36,23,0,"Soyun Conjunto Feminino de 2 Peças Top de Yoga e Legging Primavera/Outono, Roupa Esportiva Slim Fit para Yoga e Uso Diário Esportes Verão",onelink.shein.com,https://onelink.shein.com/52/61n340vqccgj?ismg_ol=9tqjPne0uq0_01_KOC-C,https://i.pinimg.com/originals/8b/11/eb/8b11ebe40ade4dc5c5caf00a32a6c031.png,941,1672,0,2026-09-11
2026-09-29,conjunto fitness feminino,1078330704550374702,37,1,0,Conjunto fitness feminino: conforto + estilo para treinar Clique no link abaixo e aproveite ✨️,s.shopee.com.br,https://s.shopee.com.br/AKaWoGD6SR?channel_type=pinterest,https://i.pinimg.com/originals/4f/6c/4d/4f6c4d881484da255c3ad5a1990f6c30.png,941,1672,0,2026-09-12
2026-09-29,conjunto fitness feminino,43417583906122819,38,90,0,,,,https://i.pinimg.com/originals/34/67/79/346779a0b32d3adc4a3fecb0405aa6c7.jpg,720,1280,0,2026-09-07
2026-09-29,conjunto fitness feminino,1108518895818923738,39,1,0,Kit Conjunto Fitness Feminino,meli.la,https://meli.la/26yXm5d,https://i.pinimg.com/originals/c6/1b/74/c61b74c405777f58f4294b1082ff8225.jpg,1200,2133,0,2026-09-02
2026-09-29,conjunto fitness feminino,1143210686695412461,40,2,0,Conjunto Feminino Academia Shorts E Top Alcinha Fitness,meli.la,https://meli.la/24rP7u6,https://i.pinimg.com/originals/8b/4f/d2/8b4fd25f34a573ff9955eed390e54d12.png,1024,1536,0,2026-09-07
2026-09-29,conjunto fitness feminino,1121748219717993864,41,24,0,Conjunto de Academia da Shein ✨,onelink.shein.com,https://onelink.shein.com/52/621nycsdyltu?ismg_ol=E7EwEdB9H9g_01_KOC-C,https://i.pinimg.com/originals/4a/41/9a/4a419afcce5489974fafa0e0208a89ca.jpg,1080,1920,0,2026-09-14
2026-09-29,conjunto fitness feminino,2111131074098698,42,992,0,Pearl's Amazon Page,amazon.com,https://www.amazon.com/shop/moodmade?ref_=cm_sw_r_apann_aipsfshop_5P24BPHGA1H957ZY2SSH&language=en-US&ccs_id=357f6e80-b65a-403f-bcf8-c0b9e69d3e40,https://i.pinimg.com/originals/21/99/14/21991452025fbc0407f1e67984831eca.jpg,736,1104,0,2026-09-10
2026-09-29,conjunto fitness feminino,13159023906673614,43,531,0,,,,https://i.pinimg.com/originals/f8/36/bc/f836bc0108f2ae7fd6ce3bc1efba9d48.jpg,864,1184,0,2026-06-10
2026-09-29,conjunto fitness feminino,233694668162004060,44,79,0,esse conjunto fitness não é transparente é muito lindo e confortável,br.shp.ee,https://br.shp.ee/ibentfna?smtt=0.0.9&channel_type=pinterest,https://i.pinimg.com/originals/fe/d3/1d/fed31dfb2765fcc791ff7b14bed924a0.jpg,768,1365,0,2026-06-03
2026-09-29,conjunto fitness feminino,13370130139431884,45,280,0,Conjunto Fitness Feminino Poliamida Top Short Roupa Academia Treino P M G Short Manu,s.shopee.com.br,https://s.shopee.com.br/BKzQQlTh2?channel_type=pinterest,https://i.pinimg.com/originals/05/0f/b2/050fb28eb3c01269b879dd50aa5b1fe8.png,720,1280,0,2026-01-18
2026-09-29,conjunto fitness feminino,1121818588462725298,46,6,0,Conjunto Esportivo Feminino 🏋🏻‍♀️✨️,onelink.shein.com,https://onelink.shein.com/51/61cg4sl0856i?ismg_ol=5GrGFU0riBD_01_KOC-C,https://i.pinimg.com/originals/12/2b/1c/122b1c734065a5f7419dd6f5cbd859f8.jpg,1200,2133,0,2026-09-08
2026-09-29,conjunto fitness feminino,641340803231135676,47,9,0,,dijbiofficial.github.io,https://dijbiofficial.github.io/dijbi/?u=https://dijbi.com/workout-guide-hourglass-figure/%3Futm_campaign%3Dengineer%26utm_source%3Dmomo%26utm_medium%3Dsocial,https://i.pinimg.com/originals/06/10/f2/0610f2967249831808ab894f5ae107cc.jpg,736,1307,0,2026-09-19
2026-09-29,conjunto fitness feminino,858358010294658435,48,4,0,Conjunto Feminino Fitness Compact Top E Legging - Arm,meli.la,https://meli.la/1jYzb21,https://i.pinimg.com/originals/47/43/13/474313277e019b3b06af2fad44932e77.jpg,523,873,0,2026-09-15
2026-09-29,conjunto fitness feminino,1109081845767453621,49,6,0,Moda Feminina Academia Fitness,s.shopee.com.br,https://s.shopee.com.br/6fhJvNOXVC?channel_type=pinterest,https://i.pinimg.com/originals/3b/d2/7a/3bd27a67f13e5961a95da639a85915c5.png,941,1672,0,2026-09-16
2026-09-29,conjunto fitness feminino,157555686962424799,50,142,0,,,,https://i.pinimg.com/originals/3b/09/95/3b0995d7e460202281255ee9884dbf93.jpg,736,1338,0,2026-07-12
2026-09-29,conjunto fitness feminino,589619776263463068,51,8,0,💰Cupom de 50% de desconto apenas para novos usuários 🌟 Pesquise 663P582 no aplicativo SHEIN ou 🌟 Clique no link para começar!,onelink.shein.com,https://onelink.shein.com/51/60zc8mg8xhsh,https://i.pinimg.com/originals/ed/3b/ce/ed3bcee7bc9ec5991f887d04c0015715.jpg,1080,1920,0,2026-09-04
2026-09-29,conjunto fitness feminino,AQR1tg59n2YrpwNj_zelxWrexIfR0aBQ21r-I92X4EoiwGNBdjJHQfArqh3oLTL9wC6TEjH7a5FzXzFPw_qKRPY,52,2,0,glowzone™ Just Landed. ✨,beyondyoga.com,https://beyondyoga.com/collections/matching-sets?utm_source=Pinterest&utm_medium=SOC&utm_campaign=F26%7CBR%7CEVG&utm_term=pin_%7Bcampaignid%7D_%7Badgroupid%7D_%7Bcreative_id%7D&utm_id=%7Bcampaignid%7D,https://i.pinimg.com/originals/27/e6/2f/27e62fa8246a3b5264a6d8fb6c00e48a.png,1000,1500,0,2026-08-19
2026-09-29,conjunto fitness feminino,AQjCkMjwnM8FIyjEIOsIfGGYXjkoxoCaXbwG0TMsflYSyORlW7hgsBnXRNEpUxhqRoh7LvHqubfcQLIYNzUkLb8,53,66,0,Find flared leggings,kohls.com,https://www.kohls.com/catalog/womens-flx.jsp?CN=Gender:Womens+Brand:FLX&BST=5015153&icid=social-paid-pnvid-wflxleggingslooks-np-2608wk2&cid=SO26PDPIN0609&utm_campaign=paid_social&utm_medium=paid_social&utm_source=pinterest&utm_content=2026pdpin609,https://i.pinimg.com/originals/b2/db/00/b2db008b854f55ea2f7fc1c895999e6e.jpg,1000,1500,1,2026-08-05
2026-09-29,conjunto fitness feminino,1142084786793351022,54,10,0,Treino Com Mais Estilo...,meli.la,https://meli.la/2gzzud3,https://i.pinimg.com/originals/92/80/02/92800277ed4709dcda89825776c9a44a.png,941,1672,0,2026-09-08
2026-09-29,conjunto fitness feminino,817614507396862049,55,1,0,Conjunto Fitness Feminino com Detalhes,s.shopee.com.br,https://s.shopee.com.br/9zxgkA6Nfn?channel_type=pinterest,https://i.pinimg.com/originals/8d/90/be/8d90be823904a2c1b3dcb3634bdffa5c.jpg,1080,1920,0,2026-09-12
2026-09-29,conjunto fitness feminino,120471358777813712,56,100,0,,,,https://i.pinimg.com/originals/98/84/88/988488c5b81152e9e69db7a8ce3ee2c4.png,1024,1536,0,2026-08-04
2026-09-29,conjunto fitness feminino,16888567448585047,57,737,0,,,,https://i.pinimg.com/originals/0a/3f/e0/0a3fe0fd38219f023524b4323a5bdcf1.jpg,736,1308,0,2026-02-19
2026-09-29,conjunto fitness feminino,1121748219718229271,58,2,0,Shein - Conjunto de Legging e Top pra Academia ✨,onelink.shein.com,https://onelink.shein.com/53/62d1jufhgymp?ismg_ol=HnDaF7nT8FD_01_KOC-C,https://i.pinimg.com/originals/9e/88/27/9e8827e2fb82d9f36e73c53d1026763a.jpg,1080,1920,0,2026-09-18
2026-09-29,conjunto fitness feminino,155092780916537081,59,15,0,Matching Workout Sets | Chic Activewear for Pilates & Errands,amazon.com,https://www.amazon.com/shop/topproduc02a7/list/2VW97U70K5TNR?ref_=aipsflist,https://i.pinimg.com/originals/dc/a5/bf/dca5bf4badc0887eccdf5f7c24cf82d1.png,1023,1537,0,2026-09-19
2026-09-29,conjunto fitness feminino,524387950385112968,60,8,0,Look Academia: Chic Gym Fits for Women,,,https://i.pinimg.com/originals/b1/1c/63/b11c63e1197e627a98f6e5649974bc31.png,749,1316,0,2026-06-18
2026-09-29,conjunto fitness feminino,1121748219718276052,61,1,0,Shein - Conjunto de Calça e Blusa Fitness 🩷,onelink.shein.com,https://onelink.shein.com/53/62f8q0jpwgk6?ismg_ol=7vAyHMVGrjy_01_KOC-C,https://i.pinimg.com/originals/35/68/22/3568225c6c0192f27bf5c8c112ee372b.jpg,1080,1920,0,2026-09-18
2026-09-29,conjunto fitness feminino,6825836930811276,62,678,0,Todos os posts • Instagram,instagram.com,https://www.instagram.com/p/DYqAPBAmYn2/?img_index=1,https://i.pinimg.com/originals/ae/f7/7d/aef77d84b04d09e3021f3877f12b5a0a.jpg,640,853,0,2026-09-02
2026-09-29,conjunto fitness feminino,ARWM8yoPRzKF1u3WRRa2-pbDiow_FteJyXdjSwHAfe-Xx-DyEo96mjrLSKKeI8W2eSxTCXzi1_fEp9X7Om3MyD0,63,0,0,Women's Cropped Tank Top,us.shein.com,https://us.shein.com/ark/default?scene=1&test=5051&ad_type=DPA&goods_id=536536894&pf=PINTEREST&url_from=PINADSDPA&ismg=e31aa4b4c4973c848f7b169cc656948340f0937557eac947ea6edae2c7982739_01_1790613817,https://i.pinimg.com/originals/54/23/4b/54234beceb5aa38476d6f93350aa0842.jpg,1065,1598,0,2026-09-07
2026-09-29,conjunto fitness feminino,AaaAQdBnfDvYZHa0yLJALCbsK-1cSFVgSE-8hUWk0m5V8xpT-k0eB9UPj6tnOAF2TnUufQgrz7Ev4qJo-vRE9B0,64,1,0,BlissBlend™ Collection by,vuoriclothing.com,https://vuoriclothing.com/collections/vuori-blissblend,https://i.pinimg.com/originals/c6/56/55/c656551e75e7b5f23ae4b7b063826b0a.jpg,1200,1500,0,2026-06-22
2026-09-29,conjunto fitness feminino,1115344663999549688,65,2,0,Conjunto fitnes,s.shopee.com.br,https://s.shopee.com.br/2LYIS54s26?channel_type=pinterest,https://i.pinimg.com/originals/e6/76/00/e67600d5c7738fbc354591321a0768b9.jpg,768,1365,0,2026-09-14
2026-09-29,conjunto fitness feminino,AeIKMnU4mDlt1rxryr81mV9Z4dwRz2pyCYbsxeplmWwizZRsVi0s_58H0ae0G2zaZ2whfS3qz7DQrbIJ01NIJ30,66,1,0,Worn by Rosalía.,newbalance.com,https://www.newbalance.com/pd/204l/U204LV1-51907-PMG-NA.html?utm_source=pin&utm_medium=so&utm_campaign=paid&utm_content=2H26MFLifestyle204L2010&utm_term=204LRosaliaScallopStatic&ecid=so_pin_paid_2H26MFLifestyle204L2010_204LRosaliaScallopStatic#dwvar_U204LV1-51907-PMG-NA_style=U204L2SZ&dwvar_U204LV1-51907-PMG-NA_width=D&pid=U204LV1-51907-PMG-NA-NETURAL3&quantity=1,https://i.pinimg.com/originals/3d/2d/d0/3d2dd0c900cdd9dd236577496d740716.png,1000,1500,0,2026-08-14
2026-09-29,conjunto fitness feminino,882775964486237406,67,5,0,￼Conjunto Academia Calça e Top Bicolor Fitness🖤,s.shopee.com.br,https://s.shopee.com.br/7KwmEebD57?channel_type=pinterest,https://i.pinimg.com/originals/9a/11/dd/9a11ddd8b084b91105c0e64a4166f0aa.jpg,1080,1920,0,2026-09-06
2026-09-29,conjunto fitness feminino,4608871344283763072,68,0,0,Conjunto de Sutiã Esportivo Plissado com Cores Contrastantes e Shorts de Dupla Camada para Mulheres,br.shein.com,https://br.shein.com/ark/default?scene=1&test=5051&ad_type=DPA&goods_id=407297970&pf=PINTEREST&link_type=link&url_from=PINADSDPA&ismg=cad8bb49fde71947c671ae6115450b494fe5c09f38e8d7891bcc35fd449833a1_01_1790615275,https://i.pinimg.com/originals/e3/2d/c6/e32dc67576aa79ec53d9f8fabab6faf9.jpg,1340,1785,0,2026-04-25
2026-09-29,conjunto fitness feminino,946389309216672566,69,1,0,Look Fitness Cinza Feminino | Conjunto Esportivo Sem Costura 🩶✨,onelink.shein.com,https://onelink.shein.com/52/6260yknpxf71?ismg_ol=0AxlKIA4MQl_01_KOC-C,https://i.pinimg.com/originals/4f/17/05/4f1705c7f171e51eb4df40cd0cf484b4.jpg,1080,1920,0,2026-09-16
2026-09-29,conjunto fitness feminino,21744010697060009,70,214,0,Matching Workout Set | Wide Leg Workout Set,amazon.com,https://www.amazon.com/dp/B0FYDT38T1/ref=cm_sw_r_as_gl_api_gl_i_H9B111Y0EQ1Y91THYDQY?linkCode=ml1&tag=alexaacosta-20&linkId=475bd1350c164e799b6357bf008b7ba1,https://i.pinimg.com/originals/d0/1b/dd/d01bdd1d84ffde69c7d06938444cd044.jpg,1080,1920,0,2026-08-11
2026-09-29,conjunto fitness feminino,4222193396090920,71,927,0,,,,https://i.pinimg.com/originals/09/d1/d7/09d1d7f025ec47bf3da42e5741ea04d2.jpg,1024,1280,0,2026-04-13
2026-09-29,conjunto fitness feminino,89720217573229371,72,45,0,"Conjunto Bicolor 💚🤍 Esse modelo tem o coração de todo mundo 🏋🏻‍♀️ Em poliamida Premium, entrega estilo, conforto e qualidade ⚡️ #treinofeminino #gymlove #lookfit #marombafitness #ﬁtness #explore #fory",instagram.com,https://www.instagram.com/p/DMOLc8ypWz_/?img_index=3,https://i.pinimg.com/originals/1b/74/19/1b74192f629b672e634225ff6fa1d605.jpg,1242,1543,0,2026-09-15
2026-09-29,conjunto fitness feminino,670473463324807818,73,7,0,Conjunto fit Feminino,,,https://i.pinimg.com/originals/e1/75/a6/e175a650bd7f41b93d5bcb0b083e1157.png,941,1672,0,2026-09-08
2026-09-29,conjunto fitness feminino,780178335491829245,74,50,0,casaco fitness feminino,meli.la,https://meli.la/1Cs9Ygv,https://i.pinimg.com/originals/9f/0e/6e/9f0e6e4e19ab2aeb9bfe7d784b5b9f7f.png,941,1672,0,2026-09-04
2026-09-29,conjunto fitness feminino,37788084372354349,75,442,0,Lavender Athleisure Romper 💜 | Cute Aesthetic Sporty Outfit,,,https://i.pinimg.com/originals/8f/89/16/8f891620541552124187ced6f296a9c2.jpg,843,1264,0,2026-09-19
2026-09-29,vestido midi,AVk0g9NstUVYHIRk0e4QN-yGoF7Olanokb6nDugL8x4l8QEZXVuETaZPyf9PFywzfYXO5M_MWJINEQH23tKDlAk,1,1,0,Try On New Gowns,davidsbridal.com,http://davidsbridal.com/,https://i.pinimg.com/originals/ee/10/65/ee1065416b24f600906b6ccdb3f6df67.jpg,1200,2133,0,2026-09-02
2026-09-29,vestido midi,1095922890607634593,2,12,0,"Vestido Midi Branco de Poá | Feminino, Clássico e Elegante",onelink.shein.com,https://onelink.shein.com/52/61txgytzulnn?ismg_ol=9Hf4xuhwyfg_01_KOC-C,https://i.pinimg.com/originals/f3/22/89/f32289b1bd19041b741da34484011acc.png,1024,1536,0,2026-09-14
2026-09-29,vestido midi,ASZV2zpeJA2LtVgisvRntpBU3yxuY_UhjSk_Ko9ZSBU-19tGYdAyJBc-GypL6RbAF7ZG-nJsyYCN2BOr75df4cI,3,40,0,Shop Oh Polly Runway,us.ohpolly.com,https://us.ohpolly.com/products/aidyn-embellished-halterneck-maxi-dress-in-fuchsia-pink?smartly-hash=single_video_pin_reference:v1:3fd528b1ceb4078b5cc8ef0a4caede4ebb7ed99ee43ee92d2ede8d683a22adfc,https://i.pinimg.com/originals/28/f1/d7/28f1d79fbaec9fc2bb61b15de5b906d4.jpg,169,300,1,2026-09-10
2026-09-29,vestido midi,ARBk-FQ6q7U8JvUwUK-Msd8biadBif8n0sw_4FYKhZJcy8x2nYNVW-gyIbMW4_YFjo_DMtPVE4lDHCOTaXjispY,4,0,0,Women's Polka Dot Casual,us.shein.com,https://us.shein.com/ark/default?scene=1&test=5051&ad_type=DPA&goods_id=535766936&pf=PINTEREST&url_from=PINADSDPA&ismg=67a08b46f2247f0d0f6f981ceb946fcceb7216f387671a4272539445bcf49253_01_1790613761,https://i.pinimg.com/originals/d3/8a/d7/d38ad7f1ce22e5506f85bd10b090567f.jpg,1065,1598,0,2026-09-09
2026-09-29,vestido midi,AatXPP3zThsCYkPGr6UJaikRUz0suQYWslXk9VKjIVfPRbtzlPqjc4pPJw0FNZm2acxYZmeZeeFZEU1lvlgJxdk,5,0,0,20TH ANNIVERSARY SALE! –,barbaradever.com,https://barbaradever.com/products/chic-black-and-red-floral-ruched-ruffle-hem-dress?variant=57198592491895&utm_source=multifeeds&utm_medium=organic&utm_campaign=All%20products&utm_content=Chic%20Black%20And%20Red%20Floral%20Ruched%20Ruffle%20Hem%20Dress,https://i.pinimg.com/originals/d1/7b/77/d17b77e050a347a277da5162c07bab5b.jpg,800,1200,0,2026-06-19
2026-09-29,vestido midi,144889313007550807,6,204,0,Pale Yellow Ruffle Sleeve Midi Dress | Square Neck Corset Fit-and-Flare Dress,,,https://i.pinimg.com/originals/c4/01/77/c4017708f83ce2dd8798e4cedc4c8495.png,941,1672,0,2026-09-07
2026-09-29,vestido midi,693202567715914418,7,11,0,Vestido Midi Listrado: Elegância e Estilo em Um Só Look,onelink.shein.com,https://onelink.shein.com/51/61iko351aibl?ismg_ol=9t7nE5oNQPX_01_KOC-C,https://i.pinimg.com/originals/c0/b0/8c/c0b08c792978d36f750c7bf30a4c023a.jpg,1080,1920,0,2026-09-11
2026-09-29,vestido midi,AcaZgPtS3KN1HIQmjCVhU1NKWyJWCdsdSdN3rff2-f1-eb3ruOnDMmm1cqBZwrIC_yID03MJ5VLha7LwPddRGj8,8,6,0,Margovil Spaghetti Strap,margovil.com,https://www.margovil.com/products/margovil-spaghetti-strap-pocketed-corset-swing-midi-dress?variant=48655278932284,https://i.pinimg.com/originals/78/41/6e/78416e41bcfb5aa42b5559e529502f78.jpg,500,750,0,2026-01-10
2026-09-29,vestido midi,Af_Cinlm0OirvyXSRGD2buI_3sGn_F3Go2Kqcvs3YToApZ6OB5VotaJALJvLc7CsFAAZp3fOc3KCKaXA3ppQJP4,9,1,0,Sherrie Midi Dress -,bigwod.com,https://www.bigwod.com/products/sherrie-midi-dress-blush-gingham?variant=48114515771613,https://i.pinimg.com/originals/d8/10/15/d81015e74c7538a6b138f626f9312941.jpg,1000,1533,0,2026-07-06
2026-09-29,vestido midi,AQm61jv_I8cYBsXFxg5CEm9mzjxUVFQVye5GXEtD0G1xsz15NJzmm6byps2RuwGgFFW5TytA8bAqJfh_9KKnSbs,10,0,0,Lynn | Soft Corset Style,fashionnicole.com,https://www.fashionnicole.com/products/lynn-soft-corset-style-structured-bodice-midi-dress?variant=53968756244813&utm_source=multifeeds&utm_medium=organic&utm_campaign=ALL%20PRODUCTS%20US%20P%2B%20(NEW%20METHOD)&utm_content=Lynn%20%7C%20Soft%20Corset%20Style%20Structured%20Bodice%20Midi%20Dress,https://i.pinimg.com/originals/c4/85/8e/c4858edcb81fe6c35af119ba8632c2c3.jpg,720,1080,0,2026-05-25
2026-09-29,vestido midi,1548181186978727,11,1017,0,,,,https://i.pinimg.com/originals/58/8e/2e/588e2e7df7075678f678b432ffbb1aa3.jpg,1080,1920,0,2026-08-18
2026-09-29,vestido midi,9429480467883514,12,1548,0,vestido lindo amarelo,,,https://i.pinimg.com/originals/b1/4b/40/b14b40b09c3b13a96ebd679e2041560d.png,941,1672,0,2026-08-28
2026-09-29,vestido midi,Ab0VdCZZKJbOLhfCtNU70mMOR-vmK2qhGCRpudtfJt1adLlQ7FNuR9O6wVxYTXifM8WZHWdiYq_7wrzWPKlVBZA,13,0,0,Women's Midi Dress Corset,mode-klein.com,https://www.mode-klein.com/products/damen-midikleid-korsett-stil-mit-vintage-blumendruck-festliches-kleid-fur-hochzeitsgast?variant=56451065151832&utm_source=multifeeds&utm_medium=organic&utm_campaign=Multifeeds&utm_content=Damen%20Midikleid%20Korsett%20Stil%20Mit%20Vintage-Blumendruck,https://i.pinimg.com/originals/af/43/d2/af43d20956d62b370a5425df09df1150.jpg,1088,1936,0,2026-09-15
2026-09-29,vestido midi,1133851643715928439,14,3,0,Vestido midi amarelo com babados e decote transpassado: Inspiração de look romântico e elegante,onelink.shein.com,https://onelink.shein.com/47/5ypn4u3sgzki,https://i.pinimg.com/originals/2c/5c/ac/2c5cacd5f07449846cad0ccdd9f38a45.jpg,1200,2133,0,2026-09-04
2026-09-29,vestido midi,Ad5gHdybgTs5-iTiPICJ-sgLxfVdAd_1jk30gwnO55tEvTM4DJz5_x39EtbfDS90rFGrptTgX9MP6u9XakG_tow,15,0,0,Quinn Halter Midi Dress,kylieslabel.com,https://kylieslabel.com/products/womens-wedding-guest-floral-halter-midi-dress?utm_source=pinterest&utm_medium=cpc&utm_campaign=catalog&variant=53610642342161,https://i.pinimg.com/originals/e6/f8/ea/e6f8ea68f93919a07558dc4b97df08ee.jpg,800,1200,0,2026-06-29
2026-09-29,vestido midi,AeZEE6qZEQ9QIe2KlbFWNC4xe7SIGquFO-zsTDz515-lRcC9rF_TkM7htG6fa1E7qkaeK6eUnGj4ft4nS54g3Qo,16,45,0,Chloe Midi Dress - Ivory,shoprazys.com,https://shoprazys.com/products/chloe-midi-dress-ivory?variant=45990821888241,https://i.pinimg.com/originals/2a/e4/06/2ae406c9ce862704209b617792885e1e.jpg,1000,1533,0,2025-07-04
2026-09-29,vestido midi,3025924747159373,17,5588,0,Elegant Baby Blue Midi Dress Outfit | Feminine Minimalist Fashion Inspiration,,,https://i.pinimg.com/originals/a1/ce/db/a1cedbf50e5c1de1a81a9995c87e4bac.jpg,2727,4096,0,2026-07-28
2026-09-29,vestido midi,48132289765414818,18,305,0,,,,https://i.pinimg.com/originals/07/78/db/0778dbf0ad73e43c4e7ac14c8a4db1db.jpg,737,1313,0,2026-08-23
2026-09-29,vestido midi,AdRpTkcCqHsf8N99QQkAhkHEB0WVdWX0uxTtArr0s7lnprnhEO8gPj7cbhDcZ6et0cT7zlx0ZqGhQZM-giBqKOU,19,0,0,Square Neck Fit and Flare,joykon.com,https://www.joykon.com/products/square-neck-fit-and-flare-midi-dress-in-pearl-white?variant=df0981b3-d44b-4662-9d76-0d3daf90e4c0,https://i.pinimg.com/originals/6e/26/b5/6e26b51c9b660ffda64184b2590dc6ba.webp,1080,1350,0,2026-09-04
2026-09-29,vestido midi,295196950601345389,20,120,0,Cream A-Line Midi Dress,amazon.com,https://www.amazon.com/dp/B0F6K3BJM8?coliid=I2GBFHW39XKCX3&colid=26625ZPCUPSEC&th=1&gaOptInStatus=true&utm_source=Pinterest&utm_medium=organic&psc=1&linkCode=ll2&tag=clixora-20&linkId=e7ddb3d1556eac201c3b967b022a09f1&language=en_US&gaOptInStatus=true&ref_=as_li_ss_tl,https://i.pinimg.com/originals/bd/dc/0a/bddc0ac760c9b97b99e57bad87cd87c0.png,1000,1500,0,2026-09-17
2026-09-29,vestido midi,AdMTZUGq4h18s7mz_nrosOndxSAnKH2djsm4oedOviexu0GXPRGUsYq2Pfb0H16ZTqhamJ1nszDW-rgvP1nXXxI,21,0,0,Garden Party Goals Floral,nearly-newlywed.com,https://nearly-newlywed.com/products/garden-party-goals-floral-corset-a-line-midi-dress-05101000190014?currency=USD&variant_sku_code=15173958-11230697-54837640-11230698-54837643-0-0,https://i.pinimg.com/originals/5f/be/be/5fbebe6c5f28fdcee0d2298e9ecfc335.jpg,903,1355,0,2026-07-15
2026-09-29,vestido midi,1098667271652571125,22,5,0,Vestido Midi Estampado Floral Shein,onelink.shein.com,https://onelink.shein.com/52/61t8u8cyi5vu?ismg_ol=Lh9VDaWz6dh_01_KOC-C,https://i.pinimg.com/originals/3e/da/f4/3edaf499a7d431961bf63b6b0c211790.png,941,1672,0,2026-09-12
2026-09-29,vestido midi,ATeGO2PG8xTZN2-XODHrxE_sFxzk1iw6o5secbAtW6cZmClm5Lyo7TdHzD1cOSCaxkWnRRH0PDdZpCVNzOgdsao,23,0,0,Retro Sheer Neckline,bcshared.com,https://bcshared.com/products/retro-sheer-neckline-slit-hem-midi-dress?variant=51822766686488,https://i.pinimg.com/originals/25/9a/e6/259ae67588f96d9e4d9c1c9a1affab03.jpg,800,1200,0,2026-03-16
2026-09-29,vestido midi,Aeh3gh6xwIA1xdUrl1MCiCh9IyS23GiMyzknk3Dv9ZVqqUB5SRXDO68_Bw6TTz4Ls_Pgi-EwV1bWRMZ1Y3ruZ1o,24,0,0,GORGLITTER Women's Floral,amazon.com,https://www.amazon.com/GORGLITTER-Shoulder-Sleeveless-Smocked-X-Large/dp/B0FHKJ1FK1?ref_=pinterest_fplfs,https://i.pinimg.com/originals/c6/14/29/c614298c28cd87744646add169ed367c.jpg,1065,1598,0,2026-05-18
2026-09-29,vestido midi,AQibjECSFT_6WbR87W5WcwmeUhdQp3HaKjA2mb2Etj1-hE7iPmZmB0j2UOg7rm_0PF79T2DkH19W0RBDe2q8IRM,25,190,0,Cottagecore Floral Slit,princessace.com,https://princessace.com/products/cottagecore-floral-slit-midi-dress?variant=43120038576199&currency=USD,https://i.pinimg.com/originals/17/98/08/1798080b7167de7c9d26d42749122ad6.jpg,1671,2509,0,2026-08-23
2026-09-29,vestido midi,204421270583824617,26,2,0,Vestido Midi para dia a dia shein,onelink.shein.com,https://onelink.shein.com/51/6178kmye1gkb?ismg_ol=8zeggfhSDiy_01_KOC-C,https://i.pinimg.com/originals/c3/fb/c2/c3fbc232e659eaad0da978abff7a70cc.png,941,1672,0,2026-09-19
2026-09-29,vestido midi,1019502434421701540,27,1,0,❤️ Vestido Midi com Corpete Estruturado | Look Elegante para Festas,,,https://i.pinimg.com/originals/82/b6/e2/82b6e28c644dd6095d4be1de55065a7a.jpg,1080,1920,0,2026-09-16
2026-09-29,vestido midi,74239093854379694,28,312,0,✨ Old Money Midi Dress Outfit | Elegant Women's Street Style | Timeless Classy Fashion |,,,https://i.pinimg.com/originals/e6/db/0c/e6db0c8ea62cc3e0b176ddafe68cf30a.png,1024,1536,0,2026-08-03
2026-09-29,vestido midi,12455336472035770,29,202,0,Mocha Minimalist Luxury 🤎✨,,,https://i.pinimg.com/originals/a7/a0/9c/a7a09c3b2121a8d2e6eaf8b2325117c0.png,1024,1536,0,2026-09-19
2026-09-29,vestido midi,85568461668035145,30,657,0,Vestido midi elegante | ID: 98285ZW,,,https://i.pinimg.com/originals/e2/22/f3/e222f393ec6df7825dcfe4978d9a2f5c.png,1023,1537,0,2026-09-12
2026-09-29,vestido midi,1150669773574521326,31,10,0,Vestido Floral Creme: Look Romântico e Feminino para o Verão,,,https://i.pinimg.com/originals/eb/05/f3/eb05f3a6be9893439693871ff58fb38d.jpg,942,1672,0,2026-09-08
2026-09-29,vestido midi,819936675954247144,32,19,0,Vestido Verde Elegante para Trabalho | Office Outfit Midsize,onelink.shein.com,https://onelink.shein.com/50/60sa74c10yqx?ismg_ol=7bawHZ0A0Hf_01_KOC-C,https://i.pinimg.com/originals/60/80/f5/6080f5ad1f58e4af91e809644c64d7c1.png,1023,1537,0,2026-09-02
2026-09-29,vestido midi,1130403575251617931,33,1,0,Vestido feminino para criar looks elegantes e frescos,,,https://i.pinimg.com/originals/2d/1d/44/2d1d447f7dc80b1cafb59f372a6c0b84.png,1122,1402,0,2026-09-06
2026-09-29,vestido midi,AbliL3o1dPNxtWKhVx-uutpLQHXQoHYxyEzDEygLWMxGOrevQuhlngk1uzz8Oi9SJeVozZg3kseRPZfDVDOwZGg,34,0,0,Amity Midi Dress - Soft,lucysatin.com,https://lucysatin.com/products/amity-midi-dress-soft-peach?variant=49241736413419,https://i.pinimg.com/originals/7c/95/e3/7c95e38efcb79a339b934512b4310aa3.jpg,3262,5000,0,2026-09-03
2026-09-29,vestido midi,18225573489175013,35,115,0,Chic One-Shoulder Midi Dress | Summer Vacation Style,,,https://i.pinimg.com/originals/46/b4/4c/46b44cd0a855e2f05907d1359d371ce5.png,941,1672,0,2026-09-07
2026-09-29,vestido midi,1113515076649292445,36,113,0,👇 Vestido Midi Alfaiataria Verde-Oliva com Cintura Marcada,s.shopee.com.br,https://s.shopee.com.br/gPthHp7It?channel_type=pinterest,https://i.pinimg.com/originals/5e/39/14/5e3914ece8c6562982ece4d8efd0736a.jpg,1536,2752,0,2026-09-08
2026-09-29,vestido midi,2885187258823021,37,545,0,Olive Green Midi Dress Outfit Inspiration💚,,,https://i.pinimg.com/originals/d7/56/2c/d7562c4f9bee1b6a42bc32f6351c9476.png,1024,1526,0,2026-09-10
2026-09-29,vestido midi,741123682476979463,38,10,0,Vestido Midi Elegante Feminino Shein,onelink.shein.com,https://onelink.shein.com/51/61bx6bs4u053?ismg_ol=CkkROoFSluJ_01_KOC-C,https://i.pinimg.com/originals/3a/50/9e/3a509e3b7cb77e34c801f629d19c42ca.png,941,1672,0,2026-09-15
2026-09-29,vestido midi,1007680485399229736,39,7,0,Vestido Midi elegante da SHEIN,onelink.shein.com,https://onelink.shein.com/51/61fanlta74et?ismg_ol=5lqQHsWTEDA_01_KOC-C,https://i.pinimg.com/originals/71/1f/e9/711fe9859e22e1c7a29dd542153250d6.jpg,768,1365,0,2026-09-08
2026-09-29,vestido midi,1133851643715948065,40,12,0,Vestido midi azul com estampa floral branca e alças finas: Inspiração de look romântico e delicado,onelink.shein.com,https://onelink.shein.com/47/5ymm8tg9h8wc,https://i.pinimg.com/originals/75/bd/94/75bd947fe07592a13ec97e0121c4377b.jpg,1200,2133,0,2026-09-05
2026-09-29,vestido midi,40884309114983918,41,197,0,Vestido Shein 💛,onelink.shein.com,https://onelink.shein.com/49/5zx9bsgs9bv5?ismg_ol=GTpcq2NLdH2_01_KOC-C,https://i.pinimg.com/originals/d3/b7/4e/d3b74e95df801fdec7348362f058dd28.png,942,1669,0,2026-09-11
2026-09-29,vestido midi,6473993212949160,42,751,0,,,,https://i.pinimg.com/originals/06/ed/b7/06edb798993bedeb285db0c8d26dc338.png,1023,1537,0,2026-08-10
2026-09-29,vestido midi,13370130139954995,43,2104,0,Spring Dress Aesthetic | Soft Cute Yellow Midi Dress Outfit Inspiration,amazon.com,https://www.amazon.com/Parthea-Elegant-Smocked-Wedding-Dresses/dp/B0FBLYD2FV?crid=1WG2N65I6MPQK&dib=eyJ2IjoiMSJ9.r_RprvNg3kYdBPD1NUFhSFPDF7b_jj7E96ho-mPXqwbZy2h1BbU1WcZ3AQ3W2x1h1kfqaa_u0n34wCW5HobJg3Zu81ciW92XjUce0qSsBgssyUNjH0OePriUqKQF5_4juLe53OlFKz4e2L_rw9coBbF1m6spiqRiwsUaznqPCFHmyhCLC8a6fH7CTQL-dQtpQR-uOgUHzeGw-Tw5JKRpJ8e4DRwZaXIacvVOJa3etZpW8Gu_Htzn_LLw8TzDXtjxRK5FISKKUE_UPbL3bujnYOqFZXLST_g,https://i.pinimg.com/originals/60/1a/7e/601a7e167715472728ee77acac3650ba.png,1080,1920,0,2026-08-05
2026-09-29,vestido midi,628181848069597807,44,229,0,Vestido Longo Modesto Shein,onelink.shein.com,https://onelink.shein.com/51/61b9lcre42n7?ismg_ol=9Jln5rjiwVT_01_KOC-C,https://i.pinimg.com/originals/6c/a0/27/6ca0274d8c794d3b2973540d8d957bf5.png,941,1672,0,2026-09-18
2026-09-29,vestido midi,90494273759332154,45,2,0,Vestido Midi Elegante,onelink.shein.com,https://onelink.shein.com/50/60t8yrku2zvr?ismg_ol=H83ahAHny7V_01_KOC-C,https://i.pinimg.com/originals/91/5b/92/915b92d7c4314d151caf8dcad4e4f6f8.png,941,1672,0,2026-09-08
2026-09-29,vestido midi,244953667228793143,46,91,0,vestido modesto✨️,onelink.shein.com,https://onelink.shein.com/50/60saeer509al?ismg_ol=1eQE4fIRyoN_01_KOC-C,https://i.pinimg.com/originals/8a/bf/d2/8abfd20304609fffa726401a82b416a3.jpg,1200,2133,0,2026-09-19
2026-09-29,vestido midi,616148792817511271,47,18,0,Vestido Midi Branco Perfeito ✨,onelink.shein.com,https://onelink.shein.com/51/61e8fbs6tzvr?ismg_ol=5YOHgxH4Avb_01_KOC-C,https://i.pinimg.com/originals/c8/95/a8/c895a874813b4072f4ba462103c6719f.jpg,940,1671,0,2026-09-17
2026-09-29,vestido midi,12455336471985230,48,612,0,Vestido midi amarelo-claro,onelink.shein.com,https://onelink.shein.com/46/5y5xcq7q49qd?ismg_ol=802ef9a0e5c1dc2129f6c1480c1f7c3f736820620a25de20088ac8e30cc62dea_01_KOC-C,https://i.pinimg.com/originals/c8/e4/48/c8e448a9fd99f6503f57afbfff3916b4.jpg,1080,1920,0,2026-08-27
2026-09-29,vestido midi,AcP9xqgT6R1zspRLpUnBcykVFnC_ovNKi0RFXNByYaVXVReJwQ8xy8bNfuDgesHcl5iTZII_moiDMaqrwidjKdI,49,1,0,Claudia Midi Dress -,natrosa.com,https://natrosa.com/products/claudia-midi-dress-cherry-lacquer?variant=51027530121546,https://i.pinimg.com/originals/2c/2a/8d/2c2a8de760aee232fc9f4965073ba434.jpg,861,1320,0,2025-10-28
2026-09-29,vestido midi,1087056428844555751,50,3,0,vestido midi de alça,onelink.shein.com,https://onelink.shein.com/46/5y17ih9ur47h?ismg_ol=9159142f27675b2548c9e01b0e30dcb723121c484b3fae92127841bd4e55d099_01_KOC-C,https://i.pinimg.com/originals/a1/15/6d/a1156d5f74d1b4c21d2be4df20bcee5e.png,941,1672,0,2026-08-06
2026-09-29,vestido midi,AbP1FZ087QeCxFcfXr1JvDJcDfa36f92E-zT3yyQVh9LTjTWQ6fG27VxTjDt6rnzAQC5IFRbi-sXQqVeJuOuUKM,51,1,0,The Art of the Dress,davidsbridal.com,https://www.davidsbridal.com/bridesmaids/bridesmaid-dresses,https://i.pinimg.com/originals/ae/d5/1a/aed51a07e7fc84fd81e48b7184a084b9.jpg,1000,1500,0,2026-09-11
2026-09-29,vestido midi,AfjwrUgrEA_16muIstNkM4X8C3pw5usA7KPkJC3NlGLIjkzhbMS1QivuQgRixq_erz6h4Mqj-YpWtUyT_xzlG8I,52,0,0,Shop the VALORA dress,us.ohpolly.com,https://us.ohpolly.com/products/valora-embellished-square-neck-maxi-dress-in-blush-pink?smartly-hash=single_video_pin_reference:v1:9bf3a854047a51209dd2033ede2e1fe885c10749188d42c68ba6011f82bd2451,https://i.pinimg.com/originals/0f/61/24/0f6124d6ba3bdea1380d79c4205f1367.jpg,169,300,1,2026-05-19
2026-09-29,vestido midi,1087056428844555751,53,3,0,vestido midi de alça,onelink.shein.com,https://onelink.shein.com/46/5y17ih9ur47h?ismg_ol=9159142f27675b2548c9e01b0e30dcb723121c484b3fae92127841bd4e55d099_01_KOC-C,https://i.pinimg.com/originals/a1/15/6d/a1156d5f74d1b4c21d2be4df20bcee5e.png,941,1672,0,2026-08-06
2026-09-29,vestido midi,17732992279254726,54,879,0,Vestido Midi Modesto Off White Elegante | Look Sofisticado para Igreja e Eventos,onelink.shein.com,https://onelink.shein.com/44/5wxk8fy3r8un,https://i.pinimg.com/originals/1f/af/99/1faf9966a810f2c16fafa04345778c1d.jpg,1080,1920,0,2026-08-26
2026-09-29,vestido midi,699465385921700254,55,4,0,"SHEIN MOD Vestido Midi Branco e Preto com Bolinhas, Gola Redonda, Manga Curta, Estilo Vintage Francê",onelink.shein.com,https://onelink.shein.com/50/60vkhumjyvqq?ismg_ol=I6Lw2Zxn5Uk_01_KOC-C,https://i.pinimg.com/originals/d3/f7/cc/d3f7ccaf3bbc57b9ffe3b06c4bf90fca.png,1086,1448,0,2026-09-03
2026-09-29,vestido midi,35536284557017469,56,220,0,vestido azul midi listrado,onelink.shein.com,https://onelink.shein.com/49/5zwv6oipniwq?ismg_ol=5JngVqBkIVB_01_KOC-C,https://i.pinimg.com/originals/1e/4d/04/1e4d04c27b6dd3199da30b9df6df6bb4.png,941,1670,0,2026-09-07
2026-09-29,vestido midi,10555380372748430,57,473,0,Vestido Poá para Verão,onelink.shein.com,https://onelink.shein.com/48/5zbblq3uyvyd?ismg_ol=1bNHoCajxlo_01_KOC-C,https://i.pinimg.com/originals/cf/2d/cf/cf2dcff1318b6e071a2e04fd11bd631c.jpg,1080,1920,0,2026-09-05
2026-09-29,vestido midi,355080751893404534,58,92,0,"Vestido Midi Feminino Elegante Estilo Francês para Férias de Verão, Verde Menta, Sem Mangas, Plissad",onelink.shein.com,https://onelink.shein.com/47/5ysfr30ejbs4,https://i.pinimg.com/originals/1c/b8/e5/1cb8e5addd23fb42c4ce254c0b9f66b8.jpg,768,1365,0,2026-08-29
2026-09-29,vestido midi,52495151902683336,59,473,0,Vestido Midi Azul Feminino com Decote Redondo,onelink.shein.com,https://onelink.shein.com/44/5wx0uesgtoat,https://i.pinimg.com/originals/b7/44/32/b7443284960363269dd4d4701202f8f5.jpg,672,1192,0,2026-08-25
2026-09-29,vestido midi,107664247339323451,60,250,0,Vestido midi chocolate 🤎,onelink.shein.com,https://onelink.shein.com/49/608g9rqu5ob7?ismg_ol=98lEOit9VOa_01_KOC-C,https://i.pinimg.com/originals/9f/1e/e5/9f1ee56aa6af7b7c769730571a0d9161.jpg,1080,1920,0,2026-09-10
2026-09-29,vestido midi,1618549865348785,61,6636,0,Inspiração,,,https://i.pinimg.com/originals/3b/6d/94/3b6d94b0d6a7298c92c3691354ab9ca2.jpg,600,1200,0,2026-06-28
2026-09-29,vestido midi,6755468186594440,62,1260,0,Vestido verde limão,,,https://i.pinimg.com/originals/e3/d6/0d/e3d60d9ce388d323c9ab7a873e46e41a.jpg,1080,1920,0,2026-05-08
2026-09-29,vestido midi,26669822789132142,63,478,0,,,,https://i.pinimg.com/originals/e1/ee/26/e1ee267554d43163da7a3bf675f38b09.png,1023,1537,0,2026-08-22
2026-09-29,vestido midi,35536284557004911,64,1301,0,vestido MIDI shopeee,,,https://i.pinimg.com/originals/28/5b/bd/285bbda411ab24058484a84ff2b698fb.png,941,1672,0,2026-09-03
2026-09-29,vestido midi,844493677034002,65,674,0,Vestido estampado elegantérrimo! ⭐️,onelink.shein.com,https://onelink.shein.com/49/5zwyybw7gqc4?ismg_ol=85VXjWwhg66_01_KOC-C,https://i.pinimg.com/originals/cc/18/71/cc1871558d02704208a23d13a76e411a.jpg,1080,1920,0,2026-09-10
2026-09-29,vestido midi,9499849211193562,66,1378,0,Vestido rosa midi,onelink.shein.com,https://onelink.shein.com/46/5ya4wwdi1wdm?ismg_ol=776ca081178d4829965bca47ccab00b3d427b0f87791bc4c0e6f4676b37ab8f3_01_KOC-C,https://i.pinimg.com/originals/cd/49/07/cd490738441f6def4fa8d2992b2a56b6.jpg,1080,1920,0,2026-08-23
2026-09-29,vestido midi,3940718421249588,67,3010,0,🤌🥰,,,https://i.pinimg.com/originals/4a/fa/d4/4afad424bffe92ab381fd9554e48b565.jpg,736,1104,0,2026-05-25
2026-09-29,vestido midi,14847873768272156,68,571,0,Rich Burgundy Ruched Midi Dress with Slit | Pari.Luxe Bold Elegant Look 2026,,,https://i.pinimg.com/originals/af/b2/13/afb213249e6ddb02c29b60d67189f4b8.png,1023,1537,0,2026-08-23
2026-09-29,vestido midi,2040762329743829,69,81,0,Vestido midi azul marinho,onelink.shein.com,https://onelink.shein.com/48/5z6xxc3wg37d,https://i.pinimg.com/originals/c0/82/37/c082370f3f41e069c8a59747e8800536.jpg,1080,1920,0,2026-09-05
2026-09-29,vestido midi,422281212799682,70,1539,0,!! Follow for more !! Elegant Dark Blue Midi Dress Outfit | Minimal Chic Aesthetic Look,,,https://i.pinimg.com/originals/65/0d/9b/650d9ba1501652151547957af67477a4.png,1086,1448,0,2026-05-30
2026-09-29,vestido midi,492649955218018,71,3350,0,White Summer Midi Dress Outfit | European Vacation Style,,,https://i.pinimg.com/originals/03/6d/ed/036dedd36e77f1f8c2ad848d7955d80f.png,971,1619,0,2026-08-06
2026-09-29,vestido midi,1618549865336201,72,2182,0,💚,,,https://i.pinimg.com/originals/45/81/68/458168ed8a1609a23e963d7d20179549.jpg,675,1200,0,2026-06-23
2026-09-29,vestido midi,9429480467821454,73,1624,0,Vestido elegante ✨,onelink.shein.com,https://onelink.shein.com/42/5vpmu9mqwapa,https://i.pinimg.com/originals/30/b7/33/30b73381d1f72c3612ccd5848cbe5ae1.jpg,1080,1920,0,2026-08-09
2026-09-29,vestido midi,306104105945174170,74,1,0,Vestido midi no linho,s.shopee.com.br,https://s.shopee.com.br/5fp5Z25grf?channel_type=pinterest,https://i.pinimg.com/originals/15/df/9d/15df9df54365e2553eecc53c94a21d6f.jpg,1080,1920,0,2026-09-15
2026-09-29,saia longa fluida,AUd79UOh1c--7JW_xqYoGvif1Bm5fyziXgaBIH9NRfhWq2T9p7ZMahaGGxKm5USJJ4KkQcsSfW-a6aOX5Ca2Qu4,1,1,0,New Berry Bliss,beyondyoga.com,https://beyondyoga.com/collections/new-hues-berry-bliss?utm_source=Pinterest&utm_medium=SOC&utm_campaign=AO26%7CPER%7CEVG&utm_term=pin_%7Bcampaignid%7D_%7Badgroupid%7D_%7Bcreative_id%7D&utm_id=%7Bcampaignid%7D,https://i.pinimg.com/originals/b9/f0/fa/b9f0fa4e54fce60fd50474f61013c553.jpg,4284,5712,0,2026-08-11
2026-09-29,saia longa fluida,AZgRTEZEXohHZY_9-c4Gqk6_k7J6cQefFNzDrZ_zlPwgWJKbxF6IC7DeHaSJZvPeT58Jp-CbiN62wQJqNLh23cw,2,36,0,From Work to Happy Hour:,vestiairecollective.com,http://vestiairecollective.com/,https://i.pinimg.com/originals/a5/99/16/a59916ac1e58ce1be58beace1cc64ee3.png,1000,1500,0,2026-08-10
2026-09-29,saia longa fluida,2040762328731854,3,198,0,Saia looks,instagram.com,https://www.instagram.com/reel/DGN9YHGR1F8/?igsh=MW5mcTZtNXQ1b2Jsbg==,https://i.pinimg.com/originals/f9/77/3a/f9773a38257f1b8f50f6a338f01c39ed.jpg,679,1115,0,2025-08-23
2026-09-29,saia longa fluida,AUXYoAjpilRYpmHFxq3fsUU_M5dACDLnRH0jTGKjg5hT3l7JsjKiT-4k2VhPl7HQm6s5uXqtlV1tpsgKEEW9Ndc,4,0,0,Women's Off-Shoulder Crop,us.shein.com,https://us.shein.com/ark/default?scene=1&test=5051&ad_type=DPA&goods_id=484107783&pf=PINTEREST&url_from=PINADSDPA&ismg=97d3992a74f3daeabb7e7b6d610b0f965409f13a8d83cf0c8ae881c51d380936_01_1790613761,https://i.pinimg.com/originals/a0/df/b3/a0dfb3073df9e93e60c85621ccdfec94.jpg,1440,1920,0,2026-07-30
2026-09-29,saia longa fluida,8585055536822402,5,1216,0,,,,https://i.pinimg.com/originals/11/1d/81/111d81b494f32fb9818deb03fcec656e.jpg,798,1469,0,2026-07-05
2026-09-29,saia longa fluida,AYF8KpmtXlKnXL0C9l4TLyh1Cz2Dl9fhgrK4ENNWYxjNOZhPpyAu7nv3RCQ5PEN8j3kFQ4-qdUn1Lhdlk6zzyNA,6,0,0,SCARLET DARKNESS Long,amazon.com,https://www.amazon.com/Scarlet-Darkness-Casual-Elastic-Ruffled/dp/B0DTT85M4X?ref_=pinterest_fplfs,https://i.pinimg.com/originals/95/a2/97/95a2975b08b33b42cbf5549d641cdb89.jpg,1248,1824,0,2026-01-23
2026-09-29,saia longa fluida,AT5SoalteBBINi6zrLZ4XLmJ-wf716gjpSYVX-FEWvz7Dtsx5UGUVTd5sWCWLnMtEPKj7z1iDl8kZFJP47XqLnw,7,0,0,Temu | A-Line Flared,temu.com,https://www.temu.com/ul/kuiper/un3.html?subj=dpa-un&_bg_fs=1&_p_jump_id=1082&_x_vst_scene=adg&goods_id=606563263690055&adg_ctx=a-ef47c271~c-2bb7aa67&_p_rfs=1&_x_ads_channel=pinterest&_x_ads_creative_id=%7Bproduct_partition_id%7D&_x_ads_id=%7Badgroupid%7D&_x_ads_set=%7Bcampaignid%7D&_x_ads_sub_channel=shopping&_x_ns_catalog_id=1567707391772&_x_ns_creative=%7Badid%7D&_x_ns_gid=606563263690055&_x_ns_,https://i.pinimg.com/originals/fe/d7/30/fed7301fe9b93448ee690f26bd606d18.jpg,2000,3000,0,2026-08-05
2026-09-29,saia longa fluida,AUi0fudR_GGnKtjwEYqbBygw6k-nOvaCWBluLpNnclI_RWqkQSre7DsxmyMk2iBM3X56xv5vHFXkt7iuqQ6V2cs,8,0,0,Scarlet Darkness Women,amazon.com,https://www.amazon.com/Women-Floral-Elastic-Skirts-Pockets/dp/B0F6LKCGQK?ref_=pinterest_fplfs,https://i.pinimg.com/originals/4a/dd/93/4add9370b7c39669f1f990018547d029.jpg,1248,1824,0,2026-04-05
2026-09-29,saia longa fluida,4610349115832495168,9,0,0,"Saia Longa Feminina de Renda com Flores 3D, Cintura Elástica, Elegante e Romântica, 7 Cores",br.shein.com,https://br.shein.com/ark/default?scene=1&test=5051&ad_type=DPA&goods_id=564354954&pf=PINTEREST&link_type=link&url_from=PINADSDPA&ismg=7971ff6f322014c1b5af7a1280e9069a9690a8ddd79713ea220a2fb8f04586f2_01_1790615918,https://i.pinimg.com/originals/e1/cd/a8/e1cda85f1f6012b84cb87b2a1992969d.jpg,1122,1402,0,2026-09-17
2026-09-29,saia longa fluida,4591771756137518976,10,0,0,Saia Longa D Bell Outlet Fashion Plissada Chiffon Branco - Dafiti,dafiti.com.br,https://www.dafiti.com.br/Saia-Longa-D-Bell-Outlet-Fashion-Plissada-Chiffon-Branco-15334039.html?utm_source=pinterest&utm_medium=sm&utm_campaign=catalog_organic&utm_content=vestuarios&utm_term=DB756APF60LMT,https://i.pinimg.com/originals/28/88/a7/2888a7f7f05626c612f4a67855f10cd7.jpg,1067,1600,0,2026-09-16
2026-09-29,saia longa fluida,1077627017126286818,11,1,0,Saia Longa Listrada,onelink.shein.com,https://onelink.shein.com/52/625h0hcs7x9s?ismg_ol=5niZuTIZ9u4_01_KOC-C,https://i.pinimg.com/originals/4a/04/ed/4a04eda4bb4262416b72198e6ad5ca8e.png,1080,1920,0,2026-09-16
2026-09-29,saia longa fluida,1090504497304140122,12,11,0,Maxi Skirts Outfits | Trendy Long Skirts for Every Season | Chic Casual & Elegant Style,amazon.com,https://www.amazon.com/shop/stufftobuy/list/1SOGSYM0ILSJ0?ref_=aipsflist,https://i.pinimg.com/originals/2a/f9/a3/2af9a301e0683bc8edb4fea528096989.jpg,735,987,0,2026-09-03
2026-09-29,saia longa fluida,914862421231296,13,3668,0,,,,https://i.pinimg.com/originals/77/de/ac/77deac9cc974bb6fddcbbb466b3a5f21.jpg,1125,1515,0,2025-07-09
2026-09-29,saia longa fluida,977984875392700515,14,1,0,White Tiered Maxi Skirt 🤍 | Aesthetic Everyday Girl Outfit,fktr.in,https://fktr.in/8vbsefv,https://i.pinimg.com/originals/b0/56/18/b0561834c1bd64d686b0a2ca6556f13a.jpg,720,1129,0,2026-09-18
2026-09-29,saia longa fluida,1112600282975442810,15,1,0,Vestido Poá BegeLook Elegante,onelink.shein.com,https://onelink.shein.com/52/61m3bvkc2qwu?ismg_ol=8mUqpc3MD6o_01_KOC-C,https://i.pinimg.com/originals/30/ec/65/30ec650547e6ba8b29b7e18f8584fbf4.jpg,1340,1785,0,2026-09-10
2026-09-29,saia longa fluida,1013521091154138200,16,1,0,conjunto elegante,onelink.shein.com,https://onelink.shein.com/22/59yfg982pd0z,https://i.pinimg.com/originals/19/1e/4a/191e4a5707dda5e5f0aa75b572a1851d.webp,1340,1785,0,2025-12-12
2026-09-29,saia longa fluida,AXzLag--It-IjxqNoABgdMjwx9TS5Qa1dSUazR3RoqFT2U2x90XqiIsszZu3dLFD8cPT0vpPfhwGckE8lqLAcFI,17,0,0,Avanova Women Boho Floral,amazon.com,https://www.amazon.com/Avanova-Floral-Waisted-Apricot-X-Large/dp/B0DBZ7TX2Y?ref_=pinterest_fplfs,https://i.pinimg.com/originals/f1/cd/6d/f1cd6d6f1a20f2a7d609ff2d5b41db32.jpg,1074,1612,0,2026-05-25
2026-09-29,saia longa fluida,361625045089038491,18,9,0,,,,https://i.pinimg.com/originals/05/20/ea/0520eaadedb2f8918c45915f1eff4104.jpg,564,1150,0,2021-11-06
2026-09-29,saia longa fluida,4597542036724324224,19,0,0,"Saia Fluida com Drapeado em Linha A de Cintura Alta, Adequada para o Trabalho, Leve e Respirável",br.shein.com,https://br.shein.com/ark/default?scene=1&test=5051&ad_type=DPA&goods_id=461970077&pf=PINTEREST&link_type=link&url_from=PINADSDPA&ismg=eadaf20e7f159178538eab0e0652995f18b20796befd67105c904b8c22eb8c40_01_1790615921,https://i.pinimg.com/originals/35/bb/6c/35bb6c1f0a7c44e311ff2e96917bf8de.jpg,1340,1785,0,2026-09-12
2026-09-29,saia longa fluida,4603030748498497600,20,0,0,Saia Longa de Tule Feminina Camadas Fluida Elegante Cintura Alta para Festa Passeio e Verão,br.shein.com,https://br.shein.com/ark/default?scene=1&test=5051&ad_type=DPA&goods_id=486946030&pf=PINTEREST&link_type=link&url_from=PINADSDPA&ismg=99676945896495141c10ae7aba6dcff569e3045810c68bc79e165ca9801bfe36_01_1790616005,https://i.pinimg.com/originals/4c/06/2a/4c062a8d12a35a54ecdef056d2707600.jpg,1086,1448,0,2026-09-02
2026-09-29,saia longa fluida,Aex9J-HwIvVQ36JkpI6bUF4AxS_uXI7rhUT6moLxSyFW94Pte5rD9HY4hIOxbWWHIX7gXlAHs1TLI6lM0wTY6LU,21,0,0,split thigh maxi skirts,baeswimsuit.com,https://www.baeswimsuit.com/products/split-thigh-maxi-skirts-for-women?variant=07281285-f967-46ee-85f4-116f93ee2d1f,https://i.pinimg.com/originals/c8/68/c9/c868c92bdf362dd71eaa39a6a499567b.webp,1350,1800,0,2026-09-11
2026-09-29,saia longa fluida,ATM99u6vblAT1KYv_ikfUfVRU4quXm3yfkyvdRoSbO2czS-YsFrb5FJtJ0jaoSvCwrfYkWlXjC8jH6i9q8TihbA,22,0,0,Scarlet Darkness Maxi,amazon.com,https://www.amazon.com/Scarlet-Darkness-Skirts-Renaissance-Pockets/dp/B0DJSH54XX?ref_=pinterest_fplfs,https://i.pinimg.com/originals/06/13/8a/06138aee5126bdbdc56edec968695937.jpg,1248,1824,0,2026-04-17
2026-09-29,saia longa fluida,4595360572077442944,23,0,0,Saia Laura Marrom,iorane.com.br,https://www.iorane.com.br/saia-laura-marrom/p,https://i.pinimg.com/originals/98/86/0c/98860c268e09b62827f2d49ab636b6de.jpg,535,803,0,2026-09-10
2026-09-29,saia longa fluida,AZKfWkez5gHz66TjfRLsgp8vU1M2eR19MrapjxbYZCTaQ-UBP1u9-pZJFPngf4dk4cMQZCr3WKClh7cQeWUgra8,24,1,0,Xuani Maxi Skirt for,amazon.com,https://www.amazon.com/Xuani-Skirts-Ruffle-Elastic-Elegant/dp/B0F2T3VSV9?ref_=pinterest_fplfs,https://i.pinimg.com/originals/34/0c/64/340c647784862e60e3fcb62fcb9ea216.jpg,1340,1785,0,2026-07-19
2026-09-29,saia longa fluida,509680882852174413,25,21,0,SHEIN id: 433LPU7,onelink.shein.com,https://onelink.shein.com/26/5drvoq5nvw9l,https://i.pinimg.com/originals/e8/7e/98/e87e9844bb340a3289b81f2329bbbd88.jpg,668,1130,0,2026-05-31
2026-09-29,saia longa fluida,480196379040852001,26,5,0,,bazaarfashion.com.br,https://www.bazaarfashion.com.br/conjunto-top-saia-linho-valquiria/,https://i.pinimg.com/originals/5b/c6/c8/5bc6c8a881a383f42740653de53d27a7.jpg,500,750,0,2026-06-17
2026-09-29,saia longa fluida,4605212209170118720,27,0,0,Saia Longa de Lastex Revanche-0072904 - Dafiti,dafiti.com.br,https://www.dafiti.com.br/Saia-Longa-de-Lastex-Revanche-0072904-15364448.html?utm_source=pinterest&utm_medium=sm&utm_campaign=catalog_organic&utm_content=vestuarios&utm_term=RE340APF51EMI,https://i.pinimg.com/originals/7d/35/a4/7d35a4f3c8ca533ae8a66c4bb15dcc53.jpg,1235,1600,0,2026-09-16
2026-09-29,saia longa fluida,430938258115320333,28,71,0,White Skirt,amzn.to,https://amzn.to/4vJBwxT,https://i.pinimg.com/originals/c5/9c/5f/c59c5fe5570f5644303724df5f6cde86.jpg,1200,1800,0,2026-08-01
2026-09-29,saia longa fluida,AbO0AtZ7OjFdc9SqAjGJTBBncSZwZeAJoo5lK-Ev5BtVfQXnSxNxrYinydbuVsGGsDKM1vs8GYLwqP5_SIpKsL0,29,8,0,"minisummer Saia Longa Elegante de Outono Branca Texturizada para Mulher, Cintura Alta com Botões Frontais, Plissada, Fluida, em Linha A, Saia Longa Solta para Uso Diário e Feriados",onelink.shein.com,https://onelink.shein.com/50/60i4l4xvp3dd?ismg_ol=7OgPVYDvY1a_01_KOC-C&utm_campaign=626759812272&utm_medium=PaidSocial&utm_source=Pinterest&utm_content=2680092224466&pp=1,https://i.pinimg.com/originals/94/02/08/940208d770430bcff63aeaecd9aa9999.jpg,405,539,0,2026-09-14
2026-09-29,saia longa fluida,4610489860882039872,30,0,0,"CAMISA VITORIA OFF - Camisa Feminina Off White, Manga Longa com Renda, Gola Alta e Botões Frontais",donalolla.com,https://www.donalolla.com/produtos/camisa-vitoria-off-13xny/,https://i.pinimg.com/originals/d1/6a/4c/d16a4c30029f69ac9d0211f03c1d192c.webp,480,596,0,2026-08-31
2026-09-29,saia longa fluida,133067363990458403,31,192,0,looks pra praia.,,,https://i.pinimg.com/originals/9a/f0/a4/9af0a42c347bc21406abc2544f8143b6.jpg,736,1104,0,2025-12-14
2026-09-29,saia longa fluida,4602608528766457920,32,0,0,Saia Longa Mushroom Organic Mint - NIINI,niini.com.br,https://www.niini.com.br/saia-lg-mush-organic-mint-002454/p,https://i.pinimg.com/originals/53/cb/38/53cb38570697f0f86f2eca09e47e5834.jpg,1200,1600,0,2026-09-16
2026-09-29,saia longa fluida,AZdFQT7h2mybvLBa89x3AOYHzD2fX2mYJ-YuPP3hTEXcj0Wczv8l7PkRnA6uoDJk4QrNrKKdwuSKeNivq1uzo4k,33,1,0,Temu | For Vacation A,temu.com,https://www.temu.com/ul/kuiper/un3.html?subj=dpa-un&_bg_fs=1&_p_jump_id=1082&_x_vst_scene=adg&goods_id=606448591425598&adg_ctx=a-ef70449d~c-95c32279&_p_rfs=1&_x_ads_channel=pinterest&_x_ads_creative_id=%7Bproduct_partition_id%7D&_x_ads_id=%7Badgroupid%7D&_x_ads_set=%7Bcampaignid%7D&_x_ads_sub_channel=shopping&_x_ns_catalog_id=1567707391772&_x_ns_creative=%7Badid%7D&_x_ns_gid=606448591425598&_x_ns_,https://i.pinimg.com/originals/a6/a3/be/a6a3bebfed6e7762e6a4f6a05fcca202.jpg,2000,3000,0,2026-07-17
2026-09-29,saia longa fluida,2885187257442816,34,7580,0,,,,https://i.pinimg.com/originals/a9/0d/94/a90d940e5c1a05b5a72f5c114988b4f5.jpg,922,1200,0,2025-07-01
2026-09-29,saia longa fluida,318418636181902698,35,560,0,@luiza.rm,,,https://i.pinimg.com/originals/a3/02/2d/a3022d588316ffdabb343ddd3fc86c0a.jpg,1080,1920,0,2026-06-25
2026-09-29,saia longa fluida,1074671529854885713,36,23,0,Boho Maxi Skirt.,,,https://i.pinimg.com/originals/b8/92/7a/b8927a32701f7fd7cde7cb99e307cd77.png,1024,1536,0,2026-09-12
2026-09-29,saia longa fluida,642818546861615113,37,1,0,Saia feminina,onelink.shein.com,https://onelink.shein.com/46/5xvvwl81xmc7,https://i.pinimg.com/originals/b2/88/74/b288742e9c11a3830b4f38cf52339401.jpg,1340,1785,0,2026-08-05
2026-09-29,saia longa fluida,7459155630923817,38,453,0,,,,https://i.pinimg.com/originals/85/b1/79/85b17994a01633a3f0bb014e0d75e482.jpg,491,908,0,2026-08-14
2026-09-29,saia longa fluida,ATEychGJKreuXl8awwaHu7hnvvVn08B5Wyo1VMEnbLNgaoytcRIaWUzuJjuj-Cm-5cTpU1wEJqWg4b7-3W0Lk74,39,1,0,Temu | Women's Bohemian,temu.com,https://www.temu.com/ul/kuiper/un3.html?subj=dpa-un&_bg_fs=1&_p_jump_id=1082&_x_vst_scene=adg&goods_id=606500986705620&adg_ctx=a-fbed7ad9~c-2a9ebe37&_p_rfs=1&_x_ads_channel=pinterest&_x_ads_creative_id=%7Bproduct_partition_id%7D&_x_ads_id=%7Badgroupid%7D&_x_ads_set=%7Bcampaignid%7D&_x_ads_sub_channel=shopping&_x_ns_catalog_id=1567707391772&_x_ns_creative=%7Badid%7D&_x_ns_gid=606500986705620&_x_ns_,https://i.pinimg.com/originals/09/87/8a/09878a87175997cb188b0aae0c608d07.jpg,2000,3000,0,2026-08-18
2026-09-29,saia longa fluida,199917670954762992,40,30,0,women fashion,,,https://i.pinimg.com/originals/d0/66/d9/d066d91f965da9f968a3410893ba3d3f.jpg,704,1408,0,2026-05-18
2026-09-29,saia longa fluida,1829656095193736,41,639,0,back in stock | saia midi provence ✨,instagram.com,https://www.instagram.com/p/C-uziUhOqWm/?img_index=3,https://i.pinimg.com/originals/28/95/e3/2895e3cfcd58f979539c010bfca75b3e.jpg,1440,1800,0,2025-11-16
2026-09-29,saia longa fluida,5981412002074643,42,16521,0,,,,https://i.pinimg.com/originals/aa/51/6b/aa516b8dc83ddb5f1b98c9d3bd539bcf.jpg,1290,2427,0,2025-12-13
2026-09-29,saia longa fluida,1095571046884865624,43,0,0,Saia longa plissada de alfaiataria de cintura marcada,s.shopee.com.br,https://s.shopee.com.br/4VcryiO2z1?channel_type=pinterest,https://i.pinimg.com/originals/9d/0c/93/9d0c93f470b5e89e0c39f96c216d7860.jpg,576,1024,1,2026-09-17
2026-09-29,saia longa fluida,606578643605871815,44,18,0,Saia marrom,onelink.shein.com,https://onelink.shein.com/33/5jvvacdxvucb,https://i.pinimg.com/originals/44/3c/b2/443cb2a0f2f6f1ddbb14eaa47a85e148.jpg,1340,1785,0,2026-04-11
2026-09-29,saia longa fluida,1196337405788367,45,1795,0,"One Skirt, Endless dress options🌸 discover why our Show Skirt is all you need for all your outfits! #multiway #multiwaydress #maxidresses #vacationoutfits",instagram.com,https://www.instagram.com/reel/DHHwbZCMqmb/,https://i.pinimg.com/originals/4f/54/cb/4f54cb8d76d302c374a060ce89923de6.jpg,720,1280,1,2026-07-25
2026-09-29,saia longa fluida,4596205012020967040,46,0,0,"Saia Plissada com Zíper, Design Fluido em Linha A, em Chiffon Apricot e Amarelo Pálido, Elegante, Minimalista, Romântica, para Passeio, Praia, Uso Diário e Trabalho, Primavera/Verão",br.shein.com,https://br.shein.com/ark/default?scene=1&test=5051&ad_type=DPA&goods_id=475655126&pf=PINTEREST&link_type=link&url_from=PINADSDPA&ismg=a3cd5570061de6215b5c02658dfb38dfeeb9db95d5a5cdf32c954517b14fba7a_01_1790615262,https://i.pinimg.com/originals/19/30/bc/1930bc9e150aed61a9a1d2039e0c9275.jpg,1340,1785,0,2026-06-06
2026-09-29,saia longa fluida,ARXWym1YuB3v1VWXB1KXHIJ1_ZF8dGpEvXmi9xxwWtNI-DKIMgdhB70DrWNmTJKpr3QIC7oi9POgys2T8EKK46k,47,5,0,Women's Spring Summer,amazon.com,https://www.amazon.com/Womens-Evening-Reception-Holiday-Apricot/dp/B0CSSL8Z84?ref_=pinterest_fplfs,https://i.pinimg.com/originals/da/0c/84/da0c846729c7bb525c31d5a3d42da577.jpg,1200,1200,0,2026-04-01
2026-09-29,saia longa fluida,2603712282784905,48,1849,0,Luisa Beccaria Fashion Collections For Women | Moda Operandi,modaoperandi.com,https://www.modaoperandi.com/luisa-beccaria-ss16/high-waist-long-skirt-with-train,https://i.pinimg.com/originals/c2/a4/5f/c2a45f3cfb1cb6756bc63fcfab085d12.jpg,750,1200,0,2026-05-19
2026-09-29,saia longa fluida,4610138010820912192,51,0,0,"Saia Longa Branca Multicamadas, Cintura com Cordão, Saia de Praia Confortável de Outono, Saia de Outono, Adequada para Uso Diário, Festa, Outono/Inverno/Primavera/Verão, Natal, Ano Novo, Ação de Graça",br.shein.com,https://br.shein.com/ark/default?scene=1&test=5051&ad_type=DPA&goods_id=560583377&pf=PINTEREST&link_type=link&url_from=PINADSDPA&ismg=f4eaf974c91370dbef4f89d90c4ab4f1dd55e419edc59f7b6cab1d806662d73d_01_1790615889,https://i.pinimg.com/originals/87/cd/11/87cd11d9171b8b198ba316d657df5cc7.jpg,1340,1785,0,2026-09-04
2026-09-29,saia longa fluida,582794008060166605,52,22,0,TOTEME,,,https://i.pinimg.com/originals/8b/ff/c7/8bffc7b66583b3ecb569e5599e3ee103.jpg,320,512,0,2024-05-04
2026-09-29,saia longa fluida,1143703267898929517,53,36,0,Look Saia Branca Longa,onelink.shein.com,https://onelink.shein.com/46/5xy39g232823?ismg_ol=0ba4d571974fc1e4642fba9869bfc3a3b8c9b1a8dfb6fafa7c10fdf1f22e0f50_01_KOC-C,https://i.pinimg.com/originals/18/b3/45/18b34553d97603c2fcaa9a83c7f56584.jpg,736,1455,0,2026-08-06
2026-09-29,saia longa fluida,433893745375806711,54,49,0,shein,onelink.shein.com,https://onelink.shein.com/47/5ykszn9jo0m2,https://i.pinimg.com/originals/d5/9c/cf/d59ccfca7e26adeec360a56dc9a3ae68.jpg,941,1672,0,2026-08-31
2026-09-29,saia longa fluida,985231165858408,55,558,0,Old Money Long Skirt Outfits,,,https://i.pinimg.com/originals/81/83/5b/81835ba9bda7a65cfd156f21e70fe43a.jpg,870,1307,0,2026-09-01
2026-09-29,saia longa fluida,10273905395503325,56,2353,0,Saia plissada preta,s.shopee.com.br,https://s.shopee.com.br/10iSoXTLFy?channel_type=pinterest,https://i.pinimg.com/originals/2f/7b/46/2f7b46ffb7fa3591ca0fe3a3dbb98f17.webp,1080,1920,0,2026-01-20
2026-09-29,saia longa fluida,1098808009524841440,57,7,0,ID: 9KNSAME - blusa MU26G3Y - saia,,,https://i.pinimg.com/originals/e2/7f/b3/e27fb34fb029f47960a5cd9da7c4b640.jpg,768,1365,0,2026-09-10
2026-09-29,saia longa fluida,AbuKfINeFLXXViiqHWC_evMKh5PT8aBPoamO__0dLE1eEYAtmkRfxSe37TsKccJ2HwbWcW-OZ5LkJQY3sp96JKc,58,0,0,"If it’s good, it’s on",depop.com,http://www.depop.com/,https://i.pinimg.com/originals/9a/ad/9a/9aad9a5a13c0b245eec32fe5803f5016.jpg,1080,1920,1,2026-08-26
2026-09-29,saia longa fluida,332914597480773879,59,21,0,✨ Effortless Summer Elegance ✨,,,https://i.pinimg.com/originals/67/49/97/674997f1622d8afe493fe7dae393fa05.png,1023,1537,0,2026-09-19
2026-09-29,saia longa fluida,761952830710809962,60,35,0,Saia longa de tule estampado para usar o ano todo,,,https://i.pinimg.com/originals/fb/19/11/fb1911b4e26b39f0f1d4086a386903bb.jpg,1080,1920,0,2021-07-11
2026-09-29,saia longa fluida,60024607528380104,61,1113,0,look com saia bege,,,https://i.pinimg.com/originals/79/4d/2f/794d2f53211024668baa98870d81b512.jpg,720,1261,0,2026-06-12
2026-09-29,saia longa fluida,4609926931055628160,62,2,0,"Saia Romântica e Elegante Amarela de Renda em Modelo A-Line, Primavera/Verão",br.shein.com,https://br.shein.com/ark/default?scene=1&test=5051&ad_type=DPA&goods_id=478605652&pf=PINTEREST&link_type=link&url_from=PINADSDPA&ismg=ce26c6a04eaf62f5833170e93b048aed51dc561ef9021b47937cf40ea7dda3b7_01_1790615816,https://i.pinimg.com/originals/43/d2/c0/43d2c04e002c973b284c277caadad485.jpg,1340,1785,0,2026-07-26
2026-09-29,saia longa fluida,AaEFmnozGmts2kOjbLRHySbFCEhxPPaH7re9EJZQ4pp2_oKDRCRPmla2xw-d-dsf6CH1Jm0ZyITT2yWdYTqgXNg,63,1,0,Great styles. Great,davidsbridal.com,https://www.davidsbridal.com/bridesmaids/bridesmaid-dresses,https://i.pinimg.com/originals/84/2d/db/842ddb9a2c3f39f4f7c0d08a729b6e79.jpg,1200,2133,0,2026-09-11
2026-09-29,saia longa fluida,AVG9Lmh28EAuPOdhNSDinbsgO-8rwflCGrmSwcvhUcwU9KWqUHMJKzg8L1TaiVE_UQp0043BnP7mjS9BEKR_7AM,64,1,0,Explore New Arrivals,beyondyoga.com,https://beyondyoga.com/collections/now-trending?utm_source=Pinterest&utm_medium=SOC&utm_campaign=AO26%7CPER%7CEVG&utm_term=pin_%7Bcampaignid%7D_%7Badgroupid%7D_%7Bcreative_id%7D&utm_id=%7Bcampaignid%7D,https://i.pinimg.com/originals/fe/d0/ae/fed0ae6d76ae99c0faee31200bd06861.jpg,3837,5116,0,2026-09-18
2026-09-29,saia longa fluida,ATjFn_wvE2vfTGOJtG7ADOC9N_tbYH7q6S1ggq3cL0N6fAWh92gfrajMD3x2KVKk04TP9K4IMXAAq5WKhk6fGQ0,65,0,0,Women Ditsy Floral High,us.shein.com,https://us.shein.com/ark/default?scene=1&test=5051&ad_type=DPA&goods_id=95846706&pf=PINTEREST&url_from=PINADSDPA&ismg=c7b9c265c86e93b1b4b0197663bd933835ee3019f85386a1b2b683402275acb1_01_1790613704,https://i.pinimg.com/originals/7b/cb/62/7bcb62850f987c5a095c9bfd14a84a82.jpg,1340,1785,0,2026-06-05
2026-09-29,saia longa fluida,6403624465476272,66,170,0,quando uma saia transforma o look,instagram.com,https://www.instagram.com/reel/DHClQanM0G3/,https://i.pinimg.com/originals/6d/0f/e4/6d0fe401dfeadd904c3745394e71996d.jpg,720,1280,1,2025-04-26
2026-09-29,saia longa fluida,ASr-zBl4cVhyFZOkb5HvEbnk2KUcmvJ0Bn7mhQrwh98cbHirf2QDX0cMCBWckoPqwEv9SNQWpsFxt5mTkjGN_U0,67,21,0,Women’s Wedding Guest,oxknit.com,https://www.oxknit.com/collections/retro-womenswear,https://i.pinimg.com/originals/30/e8/95/30e895aca4a26cff992cffa406f0767b.png,848,1264,0,2026-06-29
2026-09-29,saia longa fluida,1337074889443475,68,31420,0,,,,https://i.pinimg.com/originals/70/40/72/704072b12a10bded7923b206d78422db.jpg,736,1202,0,2025-06-30
2026-09-29,saia longa fluida,AcoeJOKa93fvMg6VwcEg1o01AvG13tQB7hp5Uww3jVhqZKNRxSOaTfZVkUieZG2-R5d8r6g2jN_a2VH2fpSlOYc,69,166,0,Effortless Summer Looks,jluxlabel.com,"https://jluxlabel.com/collections/statement-summer-edition?filters=Color,CREAM",https://i.pinimg.com/originals/80/b4/76/80b476379781012bdf44c9c760ec3cf9.jpg,1080,1920,0,2026-05-25
2026-09-29,saia longa fluida,68750217431,70,3987,0,,,,https://i.pinimg.com/originals/73/2d/48/732d4875e8835ef5ede1b3551162866e.jpg,764,1450,0,2026-07-08
2026-09-29,saia longa fluida,ASTC9sbCPUmr9614kinm5Pkpy5xic4bLhIi3EtHaC5InVJiRkWI-4N8f1uk1WTHsrUcyFX5PhONnWePW42qgyGg,71,237,0,Shop recommended products from Elena W on www.amazon.com. Learn more about Elena W's favorite products.,amazon.com,https://www.amazon.com/shop/elewoolcreator/photo/amzn1.shoppablemedia.v1.54ced740-b5e4-40a6-98c1-e7d26b74d5ca,https://i.pinimg.com/originals/ea/e7/87/eae787c0309e5b3f9ff43930438049d7.jpg,1200,2100,0,2026-09-06
2026-09-29,saia longa fluida,42080577765971789,72,2957,0,White Maxi Skirt,,,https://i.pinimg.com/originals/f4/26/d1/f426d15d42e3292090bfc89ad0ccd278.jpg,1170,1848,0,2026-02-02
2026-09-29,tricot feminino,AcncFERvnI-Z6PTYJTIBHCtXrXSt3AoFsX1nT_UsXYLkG6ZAwDq_sMiipJphiy24mFcd99hazuxSixLvco_DzcA,1,1,0,The Roam Quilted,beyondyoga.com,https://beyondyoga.com/collections/outerwear?utm_source=Pinterest&utm_medium=SOC&utm_campaign=AO26%7CPER%7CEVG&utm_term=pin_%7Bcampaignid%7D_%7Badgroupid%7D_%7Bcreative_id%7D&utm_id=%7Bcampaignid%7D,https://i.pinimg.com/originals/bb/e7/60/bbe7603e7c65713205a7406e50300c1a.jpg,2316,3088,0,2026-09-18
2026-09-29,tricot feminino,1140044093220665384,2,3,0,Can a sweater and jeans really look this effortlessly chic?,,,https://i.pinimg.com/originals/87/f5/35/87f5351df6d8ab708360e9feb869f60a.png,1024,1536,0,2026-09-11
2026-09-29,tricot feminino,AeuAYqWKAO-y1zzXTBwt6LLQEmM4bzMWmBiq6kZYWnm_DT16n26bSUuCk6ZIkh1Q0LqznX4KW1yDdbu1nEy1Nfo,3,0,0,Quince Women's Cable Crew,quince.com,https://www.quince.com/women/women-s-100-organic-cotton-cable-crew-cardigan?color=camel&size=l&utm_source=pinterest&utm_medium=paid_social&utm_campaign=%7Bcampaign_name%7D&utm_adgroup=%20%7Badgroup_name%7D&utm_campaignid=%7Bcampaignid%7D&utm_adgroupid=%7Badgroupid%7D&utm_adid=%7Badid%7D&utm_creative=%20%7Bcreative_id%7D&utm_content=%7Badid%7D&utm_term=%7Badgroupid%7D&productid=%7Bproduct_id%7D,https://i.pinimg.com/originals/ed/48/d9/ed48d967d4cf69ad94411eaa2d210992.jpg,1000,1500,0,2026-07-18
2026-09-29,tricot feminino,AZEnu00tZkaZaFCpA60z2eomrFLdEyo3bX8Mg-Pq59bVYQkRzrXAOBgkWWBWKxL32VDT1DgZawMx9TnJoK0y7wA,4,25,0,Shop women’s fall outfits,kohls.com,https://www.kohls.com/catalog/womens-fall.jsp?CN=Gender:Womens+Occasion:Fall&BST=8037181:7548544:7904627:7562473&icid=social-paid-pncrsl-womensfalloutfits-np-2609wk2-frame1&cid=SO26PDPIN0758&utm_campaign=paid_social&utm_medium=paid_social&utm_source=pinterest&utm_content=2026pdpin758,https://i.pinimg.com/originals/88/ff/df/88ffdfc4dbd17df6c9c56109fd608e1f.png,1080,1920,0,2026-09-10
2026-09-29,tricot feminino,573083121359695575,5,2,0,Идея для следующего проекта — бесплатная схема вязания,beacons.ai,https://beacons.ai/polana/croch,https://i.pinimg.com/originals/4f/7a/95/4f7a95bcbe8133ad228d1f781932be06.jpg,1168,1752,0,2026-09-03
2026-09-29,tricot feminino,50454458321603661,6,26,0,Cardigã feminino listras estilo criativo,onelink.shein.com,https://onelink.shein.com/46/5ybfdayl06wx?shc=2_RSWRp33Uqod,https://i.pinimg.com/originals/3d/48/7c/3d487c35a03f8c9e80d6ec7bdec06ffd.jpg,1340,1785,0,2026-08-30
2026-09-29,tricot feminino,ASFhMA6oUwBT2747odp_ssPznZN0yAYPisrMEXl1yPJa_aqkPIA1Sce7TpblX5mmUwfDBu-_I5mxfmNkrugIJ2M,7,0,0,Women's Solid Color,us.shein.com,https://us.shein.com/ark/default?scene=1&test=5051&ad_type=DPA&goods_id=37365299&pf=PINTEREST&url_from=PINADSDPA&ismg=a3a57724cf66b6ab9b5167ca79f42deb0717fe8cb1ae993cd355f91743564777_01_1790613840,https://i.pinimg.com/originals/c6/15/89/c61589790b014b861f039045e0605636.jpg,1093,1598,0,2026-09-05
2026-09-29,tricot feminino,AVTfSOJpVMKgSeutUcXRFN0zaHRiCBo1VLSlVoLn_jaPFKyDUoASrdAl-FNf6AHKC8NAWiGdghbX3apYRGqvpK0,8,10,0,Cable-Knit Sweater with,www2.hm.com,https://www2.hm.com/en_us/productpage.1314368001.html?utm_medium=unpl&utm_source=pinterest&utm_campaign=Global%20Performance_Dynamic%20Shopping&utm_content=performance&utm_term=us,https://i.pinimg.com/originals/33/11/0b/33110b07aafd8880d72fa2ef66416292.jpg,2333,3500,0,2025-10-22
2026-09-29,tricot feminino,1140044093220705764,9,68,0,"One look, endless compliments — would you try it? 🤍",,,https://i.pinimg.com/originals/5c/b8/7a/5cb87a6a776613f906ca33cac0b2c988.png,1086,1448,0,2026-09-11
2026-09-29,tricot feminino,AapV2DM7NiqK5_79nXLjr_3-8bQSnvG6p3jSruSxo-Ii_grn0P5I1u_fDTFL32JbwJfeo131t_3SYbMMFMzryPo,10,0,0,Miss Selfridge crop,asos.com,https://www.asos.com/us/miss-selfridge/miss-selfridge-crop-crochet-tie-front-cardigan-in-dusky-pink/prd/211181964?browseCountry=US&browseCurrency=USD,https://i.pinimg.com/originals/ba/ef/db/baefdb402b24bacd1d1ee0e63ff580ec.jpg,1080,1620,0,2026-06-12
2026-09-29,tricot feminino,20125529581801817,11,213,0,,,,https://i.pinimg.com/originals/a9/44/a5/a944a5b00d7211d179141bce16c605a9.jpg,736,1036,0,2026-09-12
2026-09-29,tricot feminino,1036602039306378485,12,3,0,Cozy Fall Outfits - Aesthetic Terracotta Cable-Knit Sweater & Jeans,myyfinds.io,http://myyfinds.io/oxana.codreanu2?nav=products,https://i.pinimg.com/originals/71/a7/e8/71a7e86f24031bafab45be17b01c21e3.jpg,736,1096,0,2026-09-15
2026-09-29,tricot feminino,AaPbAxX5zAvrP2meLh3ha2HclqYx5Kae2BgeZEW8WPwkA3qdSI-257qdttEgnu8VMQbfGZYSD0U3qNfG3BdA_F8,13,167,0,✨Cotton Candy Dot -,hobbii.com,https://hobbii.com/products/hp-1008153-cotton-candy-dot-cardigan,https://i.pinimg.com/originals/0c/53/68/0c53681a5daf7fa517fe2d028262227e.png,1000,1500,0,2026-07-18
2026-09-29,tricot feminino,AXE5I6GysY1fqpyegrIU4qbXmcZ20B6B4YN0BH0srivVdypySTVZ4VG8YdPxHrRKhJx5Sdm-M3cKI9yvHha11_A,14,23,0,Vintage Open Front Long,zreis.com,https://zreis.com/products/vintage-open-front-long-sleeve-cropped-crochet-knit-granny-square-cardigan?variant=45977959006443,https://i.pinimg.com/originals/45/45/9b/45459b8347ecc86839611423a2efbfa6.jpg,800,800,0,2024-11-20
2026-09-29,tricot feminino,Ac4SMcoi8V0XsVP7nENfgjp9cjuiIyJGKB6bIiwQT6msMjRNgWoLtia7oPXAH4xXF0HEa3TW3IIIDankvtKWAkY,15,0,0,Knit Your Love Cardigan,chicwish.com,https://www.chicwish.com/knit-your-love-cardigan-in-ivory.html,https://i.pinimg.com/originals/42/03/52/420352b6bc765b0d1f29204612a94a80.jpg,680,1021,0,2026-01-21
2026-09-29,tricot feminino,4590645843886925696,16,0,0,Colete Feminino Tricot Decote em V Detalhe Trançado Canelado Sem Manga Elegante tricô Moda Inverno,br.shein.com,https://br.shein.com/ark/default?scene=1&test=5051&ad_type=DPA&goods_id=557974797&pf=PINTEREST&link_type=link&url_from=PINADSDPA&ismg=87f8782b9ee6228165c3eb43532c93c443a997af744b41f93c90a84246f179ca_01_1790615889,https://i.pinimg.com/originals/af/57/85/af57857ebd2ab9e37f0eca2e87a15a54.jpg,1340,1785,0,2026-09-14
2026-09-29,tricot feminino,AeP5axQ0XvI38ouvRS3B_o4og7D1a1g6ynUXLrrlA2Bo2pOFdFekHK_msSCK1PUz_iEnl91UqJthObJ-E4hpmUg,17,6,0,Cable Knit Drop Shoulder,inspireuplift.com,https://www.inspireuplift.com/Cable-Knit-Drop-Shoulder-Sweater-Vintage-Long-Sleeve/iu/16307092?variant=437020557,https://i.pinimg.com/originals/f8/28/91/f828918dd8b5849e7cb3a71abaa901b4.jpg,1350,1800,0,2026-07-08
2026-09-29,tricot feminino,853009985721385773,18,1,0,,instagram.com,https://www.instagram.com/p/DZpfIE1OWAY/,https://i.pinimg.com/originals/3b/ab/37/3bab37a30a6c8aa587f18e31e5cd21e0.jpg,1200,1600,0,2026-09-06
2026-09-29,tricot feminino,68748566760,19,4216,0,,,,https://i.pinimg.com/originals/04/85/5e/04855e3c6c69e69afc34acbb1000fa1c.jpg,736,1308,0,2025-02-20
2026-09-29,tricot feminino,1140044093220683093,20,21,0,Wait… why does this cozy sweater outfit look THIS good? 👀,,,https://i.pinimg.com/originals/60/3b/a3/603ba3f0a0f744d47f7f084f477d283f.png,1024,1536,0,2026-09-11
2026-09-29,tricot feminino,AbDtPDYZItzfSM3fmpA1Lr4T66l58APjCaWp28KsXvmihLjgtRUpmMb2sJ6QdIanb7QWSQ2dXXUNGPoHJErXWxY,21,0,0,Classic Vintage Sweater -,irisjohanna.com,https://www.irisjohanna.com/products/gracefully-designed-sweater-bd5ge7xtw1f6ammu48u1-w96fdok0-yhchwfdn?variant=52492518752565,https://i.pinimg.com/originals/b3/ca/dd/b3cadd3c0bd1bb6002e7c68403adb219.jpg,800,800,0,2026-03-27
2026-09-29,tricot feminino,AdmaFUOfsBHcoUpq1MhCqEahdf6FrLITZMJlwl5fnnjfIBiEioJB50BjRCKReB7yOUTAJrxnTcKuGAOGRVPicEc,22,12,0,Women's Ribbed Crocheted,nawaba.com,https://nawaba.com/products/womens-ribbed-crocheted-sweater-cardigan-top?sku=18074698876461577732981170,https://i.pinimg.com/originals/c9/84/48/c984487eaa6deee40b0375a7dc9ddc50.jpg,900,1200,0,2026-04-07
2026-09-29,tricot feminino,2040762329120890,23,13430,0,,,,https://i.pinimg.com/originals/4f/bb/4c/4fbb4c67f5f58dda2e3354986f8cca83.jpg,735,951,0,2026-01-10
2026-09-29,tricot feminino,ATprmeHPY7UjY09kslqccMEovZLlIcg0ry4VX70b6AyLfKaI869zrKT2q4igZjZgZkBtSerQj9GUL_0Xuubi-sE,24,2,0,Zara Sweaters | Zara,poshmark.com,https://poshmark.com/listing/Zara-Pink-Brown-Rust-Floral-Crochet-Sweater-69daf6f8001542232cad756b?utm_source=pin_unpaid,https://i.pinimg.com/originals/82/85/50/82855035f3fab1ff234d78a9287d9f9c.jpg,768,1024,0,2026-07-01
2026-09-29,tricot feminino,ATD-rwWk5CvYARmXhk9Rky98Ks3-Dlbn8ypZYtu-ls7sBxncl7HX-vFArZK_uGq1dMzYdSKafkgG2MN5nPQrfL8,25,1,0,Temu | Women's Casual,temu.com,https://www.temu.com/ul/kuiper/un3.html?subj=dpa-un&_bg_fs=1&_p_jump_id=1082&_x_vst_scene=adg&goods_id=606267850495740&adg_ctx=a-46f1be7a~c-417457ed&_p_rfs=1&_x_ads_channel=pinterest&_x_ads_creative_id=%7Bproduct_partition_id%7D&_x_ads_id=%7Badgroupid%7D&_x_ads_set=%7Bcampaignid%7D&_x_ads_sub_channel=shopping&_x_ns_catalog_id=1567707391772&_x_ns_creative=%7Badid%7D&_x_ns_gid=606267850495740&_x_ns_,https://i.pinimg.com/originals/7a/56/af/7a56af6bf082d6c2e04bc64d0b93c491.jpg,2000,3000,0,2026-07-20
2026-09-29,tricot feminino,1118792732492654249,26,4,0,В коллекцию идей — уютный вязаный проект бесплатно,beacons.ai,https://beacons.ai/vyazhemtyt/vyaza,https://i.pinimg.com/originals/1d/57/a8/1d57a8385d5b527f463532d2df193891.jpg,1340,1785,0,2026-09-08
2026-09-29,tricot feminino,AaufleNJ0zGCVl_oyYBCSOJwf7dnvQFFmdWLtS5zC_6-WzCj-kVwNHF6YM_yAfFva7OBzVRb_Owc3LEe7DtuO_0,27,1,0,Temu | Women's,temu.com,https://www.temu.com/ul/kuiper/un3.html?subj=dpa-un&_bg_fs=1&_p_jump_id=1082&_x_vst_scene=adg&goods_id=601099530065768&adg_ctx=a-f7541699~c-56a2d1c9&_p_rfs=1&_x_ads_channel=pinterest&_x_ads_creative_id=%7Bproduct_partition_id%7D&_x_ads_id=%7Badgroupid%7D&_x_ads_set=%7Bcampaignid%7D&_x_ads_sub_channel=shopping&_x_ns_catalog_id=1567707391772&_x_ns_creative=%7Badid%7D&_x_ns_gid=601099530065768&_x_ns_,https://i.pinimg.com/originals/3a/52/5e/3a525eca0461acc2912a332dff4a8e38.jpg,2000,3000,0,2026-07-10
2026-09-29,tricot feminino,1122733382136498580,28,7,0,Cardigan Marrom Oversized para um Look Aconchegante 🤎,onelink.shein.com,https://onelink.shein.com/52/620uzwsjoe4z?ismg_ol=LoooVnHLLgG_01_KOC-C,https://i.pinimg.com/originals/b2/d6/73/b2d673d16acf17a7b42c4626d0b3a73f.png,1024,1536,0,2026-09-14
2026-09-29,tricot feminino,3237030978341111,29,2186,0,,,,https://i.pinimg.com/originals/62/bf/6c/62bf6c01e440ea19a710e386c4d5bef7.jpg,736,1104,0,2025-09-22
2026-09-29,tricot feminino,AXEPPuB8kLYdyiGxUOaSIW4Wd7dqASPAZ7CKsPPs1Ygtej941dcrZo_KZ8Ld1kiEoknPHqOwo90AQ7Cxq7JUjGM,30,972,0,SAACHI Checker Crochet,nordstromrack.com,https://www.nordstromrack.com/s/saachi-checker-crochet-cardigan/7801386,https://i.pinimg.com/originals/27/23/d6/2723d6b050f9b6141682ac7f3017099f.jpg,2640,4048,0,2024-03-23
2026-09-29,tricot feminino,948711477774680218,31,2,0,The outfit formula you’ll want on repeat this fall 🍂,,,https://i.pinimg.com/originals/eb/b0/b0/ebb0b05555af72af472f184a7bbe75a6.png,1024,1536,0,2026-09-19
2026-09-29,tricot feminino,2181499817717931,32,1798,0,,,,https://i.pinimg.com/originals/64/3e/4f/643e4ff320e6c2812d4cc8a32cfeb12c.jpg,960,1200,0,2026-08-30
2026-09-29,tricot feminino,1618549865353954,33,2912,0,12 coleção de gráfico + receita de crochê,,,https://i.pinimg.com/originals/bb/84/ca/bb84ca8e5a027ff92efbe8c2baaa6972.jpg,736,1104,0,2026-06-30
2026-09-29,tricot feminino,AZ2rYWT3-WfdQO0fE7RUI37lL41mG2Nv3zEdnWUWfZFP2q1ur3-y7SXRAbbVXFUZ-1ugdY5Tvxoz6mK9FVIhq-A,34,1,0,Temu | Girls | Teens |,temu.com,https://www.temu.com/ul/kuiper/un3.html?subj=dpa-un&_bg_fs=1&_p_jump_id=1082&_x_vst_scene=adg&goods_id=606457852486633&adg_ctx=a-8c269e8a~c-24045c91&_p_rfs=1&_x_ads_channel=pinterest&_x_ads_creative_id=%7Bproduct_partition_id%7D&_x_ads_id=%7Badgroupid%7D&_x_ads_set=%7Bcampaignid%7D&_x_ads_sub_channel=shopping&_x_ns_catalog_id=1567707391772&_x_ns_creative=%7Badid%7D&_x_ns_product_id=88637521800832&,https://i.pinimg.com/originals/9a/33/d9/9a33d9fb6eced47e25b02e86c42da791.jpg,2000,3000,0,2026-08-27
2026-09-29,tricot feminino,AVKa3eSmhnnAM1e3GD-FKoDhmDoSuZEKjD12MMy0bvaVF-D7aYEnpjuZIt4o8-rgRw3X-Z4xEM96DTcB0qZmySQ,35,0,0,Temu | Suéter Estilo,temu.com,https://www.temu.com/ul/kuiper/un3.html?subj=dpa-un&_bg_fs=1&_p_jump_id=1082&_x_vst_scene=adg&goods_id=601104437612176&adg_ctx=a-fe66a32d~c-107315cc&_p_rfs=1&_x_ads_channel=pinterest&_x_ads_creative_id=%7Bproduct_partition_id%7D&_x_ads_id=%7Badgroupid%7D&_x_ads_set=%7Bcampaignid%7D&_x_ads_sub_channel=shopping&_x_ns_catalog_id=1580405374697&_x_ns_creative=%7Badid%7D&_x_ns_gid=601104437612176&_x_ns_,https://i.pinimg.com/originals/f5/de/29/f5de29762d4b6b186fd77eadab78b7e6.jpg,2000,2000,0,2026-09-12
2026-09-29,tricot feminino,AUVy4rbhlDdDymKqhSvtb9tI5x6jdWTmhAKSUDK0YgeH6ECAkootoN-Lbijk5yKBkAbdGfMaw4ogXdndfVxoNt4,36,1,0,Zenana Oversized Cropped,lahsapp.com,https://www.lahsapp.com/products/zenana-oversized-cropped-crochet-knit-sweater-1?variant=5c2f5df1-d1e0-490b-b453-2f0f2fb61908,https://i.pinimg.com/originals/90/a8/b2/90a8b2e871f6a5f34bfab748b43458dd.webp,800,1200,0,2026-08-23
2026-09-29,tricot feminino,4602608585849966656,37,0,0,Blusa Feminina Tricot Premium Poá Listrada Manga Curta Look Verão Confortavel e Macio,br.shein.com,https://br.shein.com/ark/default?scene=1&test=5051&ad_type=DPA&goods_id=560888798&pf=PINTEREST&link_type=link&url_from=PINADSDPA&ismg=b8e82c93e0a2bbc2d370b692a89c3bf2a59aca43cd44d9adb15573936620a217_01_1790615797,https://i.pinimg.com/originals/4b/74/05/4b74052efa437830a356118b59ab70f2.jpg,1340,1785,0,2026-09-02
2026-09-29,tricot feminino,9499849211037089,38,306,0,🩶,,,https://i.pinimg.com/originals/23/a5/d0/23a5d00210716eaaa0c38f0bed01716d.jpg,736,920,0,2026-06-27
2026-09-29,tricot feminino,AcCnBSnkuEln0cz5pfn6RTjcUuJqLKL68bspqHzP0kEk12ZJVkucmeQRDxIPFimO9q5q_3g2y7kzaMqkfts_Dbc,39,0,0,GORGLITTER Women's Cute,amazon.com,https://www.amazon.com/GORGLITTER-Cardigan-Sweater-Pullover-Apricot/dp/B0DR97QN8X?ref_=pinterest_fplfs,https://i.pinimg.com/originals/cc/48/51/cc4851801634efda0b531895ebe70a52.jpg,1065,1598,0,2026-05-21
2026-09-29,tricot feminino,AZhDA46sagxpixqAVXHsB3th8SX11KbqkR8JGV3jcYqXM4Oejk0RV6hyf2SgwqFdcr5XNsl7ioIadoOPtk4kBB0,40,1,0,Rainbow Stripe Crochet,aresok.com,https://aresok.com/products/rainbow-stripe-crochet-knit-sweater?variant=41630041210922,https://i.pinimg.com/originals/93/aa/98/93aa9871f1e18d1c2821889e0a7ffee9.png,713,950,0,2025-06-04
2026-09-29,tricot feminino,4607675126813463616,41,0,0,TRICOT VERÔNICA,chiclook.com.br,https://chiclook.com.br/produtos/blusa-trico-veronica-a3qmc/,https://i.pinimg.com/originals/6d/2a/c6/6d2ac6963e5e2728f9b3c626a6913a9e.webp,1024,1366,0,2026-09-07
2026-09-29,tricot feminino,816066395023215280,42,12,0,Cozy V neck Cardigan for Fall & Winter | Cute Knit Sweater Outfit Idea,tr.ee,https://tr.ee/ZZ8Jrl,https://i.pinimg.com/originals/a8/e8/0f/a8e80f4c3059584e5133c5e19782f6fa.png,1024,1536,0,2026-09-19
2026-09-29,tricot feminino,Adfc-4_Nh9Bqu7ki-K6fUvDdi1bUBB7-QOw1Jx0bzazdtFIu6JooADFAUl4RIhD6W1TuNEw_CqIQCyceRY-mlEQ,43,0,0,20TH ANNIVERSARY SALE! –,barbaradever.com,https://barbaradever.com/products/eleanor-relaxed-cardigan?variant=56465037394295&utm_source=multifeeds&utm_medium=organic&utm_campaign=Womens%20Shirts&utm_content=Eleanor%20-%20Chunky%20Knit%20Relaxed%20Cardigan,https://i.pinimg.com/originals/7e/3c/aa/7e3caaf6a734f52022e0634d2df1d882.jpg,1000,1000,0,2026-09-15
2026-09-29,tricot feminino,10907224093374318,44,3658,0,,,,https://i.pinimg.com/originals/24/54/9b/24549b42e22b5477585cab6c68f8057e.jpg,1179,1818,0,2025-11-18
2026-09-29,tricot feminino,Abu22GKlAcWXs94fQJhzvXuB7faleQXWeRPqmjlNtS8mFb-QwFBFRLgmUpep2cy15gPZgrL1nylOp6FjQjDYJLk,45,0,0,Women's Sweater Cardigan,lightinthebox.com,https://www.lightinthebox.com/women-s-sweater-cardigan-elegant-fashion-cute-solid-color-stand-collar-zipper-knitted-print-long-sleeve-regular-tops-knit-outdoor-daily-holiday-wine-r_p10553406.html?litb_from=pinterest_sns_paid&utm_source=pinterest_sns_paid&utm_medium=sns&utm_campaign=litb_catalogs,https://i.pinimg.com/originals/6b/f2/6b/6bf26b6c6ab2e8449cd15ae07be367ea.jpg,454,500,0,2025-10-31
2026-09-29,tricot feminino,70437490245919,46,3537,0,,,,https://i.pinimg.com/originals/ae/54/c0/ae54c02a6e992ea1aac50055470cd1c1.jpg,597,899,0,2025-05-28
2026-09-29,tricot feminino,1146658755156184902,47,6,0,,,,https://i.pinimg.com/originals/05/40/f7/0540f74a69d884e65d4bd9020620bbe6.png,1024,1536,0,2026-09-07
2026-09-29,tricot feminino,ASdnOnSMSCqqFu5l-eyUa5v5nxMc6PWqZKxGbI5ZlLrUdr3e817UQgwG4B2oz-fD4sfRKnNPWuuAP9IutLhzSrM,48,0,0,Margot Crochet Sweater,aemi-studio.myshopify.com,https://aemi-studio.myshopify.com/products/margot-crochet-sweater-dress?utm_source=pinterest&utm_medium=cpc&utm_campaign=catalog&variant=53705248637194,https://i.pinimg.com/originals/7b/97/24/7b9724fc90910e025b7309e9c92e6082.jpg,1000,1332,0,2026-09-15
2026-09-29,tricot feminino,136022851242964557,49,51,0,,,,https://i.pinimg.com/originals/b8/45/84/b84584da1a95cb98fceefea713c95049.jpg,750,999,0,2026-08-25
2026-09-29,tricot feminino,2603712281783736,51,13803,0,,,,https://i.pinimg.com/originals/f7/46/e4/f746e4bea9bb0ed88066c1c68c33df4b.jpg,564,705,0,2025-06-22
2026-09-29,tricot feminino,1146236542703581290,52,2,0,Cropped de Frio Tricot Blogueirinha Detalhe em Tranças Modal Premium,s.shopee.com.br,https://s.shopee.com.br/AAH5LI3dpR?channel_type=pinterest,https://i.pinimg.com/originals/5c/be/b2/5cbeb258f0d7dda4d790e1cf5fb4d7e8.jpg,576,1024,1,2026-09-11
2026-09-29,tricot feminino,1096908053028029878,53,1,0,"Cute Winter Outfits, Chunky White Knit Sweater",knitglow.easydiy.net,https://knitglow.easydiy.net/how-to-style-knitwear/cute-winter-outfits-chunky-white-knit-sweater/,https://i.pinimg.com/originals/cf/4c/58/cf4c581ceec9a42ab91cfde14579de33.png,1023,1535,0,2026-09-17
2026-09-29,tricot feminino,4609082493702515776,54,0,0,Blusa Feminina em Tricô Corações Inverno,thatigutierrez.com.br,https://www.thatigutierrez.com.br/produtos/blusa-feminina-em-trico-tricot-coracoes-inverno-1dyc5/,https://i.pinimg.com/originals/1c/5e/0d/1c5e0de9078a4ec1cd46016a293c3458.webp,896,1152,0,2026-09-15
2026-09-29,tricot feminino,303148618691675351,55,57,0,conjunto tricot,br.shp.ee,https://br.shp.ee/uTupvtc?channel_type=pinterest,https://i.pinimg.com/originals/62/e3/10/62e31040f6ccb213c92d3a71caa52cac.jpg,736,1226,0,2026-06-14
2026-09-29,tricot feminino,AYknAqBazIyKA-6xzt-FIHhM0kYTESdgyGzcH7NxeuAjDrd170qH6Y9zKzbHucYOxH7VEQZ4tlOHl2j_9DAbusE,56,1,0,COS Autumn Winter 2026,cos.com,https://www.cos.com/en-us/women/new-arrivals?utm_source=pinterest&utm_medium=paidsocial&utm_campaign=%7B%7Bcampaignname%7D%7D&utm_content=%7B%7Badgroupname%7D%7D&utm_term=%7B%7Bcreative_id%7D%7D&utm_id=%7B%7Badid%7D%7D,https://i.pinimg.com/originals/42/da/1a/42da1a1fd799affef734ca54dd73c61d.jpg,1080,1620,0,2026-09-03
2026-09-29,tricot feminino,1009510072739010653,57,4,0,Calvaya Mock Neck Trumpet Sleeve Crop Sweater,,,https://i.pinimg.com/originals/fc/f5/15/fcf515db237a69c202054ce6f2f75baa.jpg,1340,1785,0,2025-12-24
2026-09-29,tricot feminino,ATUbIfsWW7MvCj1k2275Sw-mfe-Yqp1W4CviIDLqgyCTxt1CbNos3IRQrrKT3hfxbgfxfdvN0TiKxYF5YAP9W0Y,58,2,0,Your Black-Tie Look Is,davidsbridal.com,https://www.davidsbridal.com/dresses/couture-dresses,https://i.pinimg.com/originals/b4/c0/43/b4c04354700479f86077fc50ca4cd274.jpg,1000,1500,0,2026-09-11
2026-09-29,tricot feminino,777433954470781964,59,50,0,Women's Sweater Outfit Wardrobe Essential,amazon.com,https://www.amazon.com/dp/B08D6BYSTK?pd_rd_i=B08D6BYSTK&pd_rd_w=FMc0m&content-id=amzn1.sym.3bc66c0a-cc61-4816-aa2d-e53327eaddb6&pf_rd_p=3bc66c0a-cc61-4816-aa2d-e53327eaddb6&pf_rd_r=ZV3GSBG9Z89KWVZWJ58H&pd_rd_wg=vaukK&pd_rd_r=230b31cd-5ee2-44ac-9c1f-c2bb1f902474&sp_csd=d2lkZ2V0TmFtZT1zcF9kZXRhaWxfdGhlbWF0aWM&th=1&psc=1&linkCode=ll2&tag=thelittlefi0f-20&linkId=90c2131fbc29eff5bdb25f308df14a11&langua,https://i.pinimg.com/originals/a5/9e/70/a59e70324514ef31d102189e1ba12269.png,1024,1536,0,2026-09-19
2026-09-29,tricot feminino,ATScVYnfgq1ZQIYhqM76JDz2zmVuTMqW4X53DcrBfVWwjJEmjOO-3yxdAZJRXGaTrhmlRs2FxYqsRc72PQbrx-g,60,1,0,The Rest Day Waffle Set,beyondyoga.com,https://beyondyoga.com/collections/lounge-shop?utm_source=TikTok&utm_medium=SOC&utm_campaign=AO26%7CPER%7CEVG&utm_term=tt-__CAMPAIGN_ID__-__AID__-__CID__&utm_id=CAMPAIGN_ID,https://i.pinimg.com/originals/a1/07/a0/a107a092ade8f66a715f05abec8f51ac.jpg,1080,1920,1,2026-09-04
2026-09-29,tricot feminino,163959242678766124,61,18,0,Tricô azul,,,https://i.pinimg.com/originals/d9/aa/f7/d9aaf744bd6b295033b24aa837606ff0.jpg,675,1200,0,2024-02-25
2026-09-29,tricot feminino,AV2bEsQDuvw58e7b5Dwy3n9GUsaMjH2ymyk1fTZ7NAPh4OX1-DyS2j4dMhZL9UuJF2Y280ulBG_bE16664GHW-U,62,1,0,Reach cruising altitude.,newbalance.com,https://www.newbalance.com/pd/204l/U204LV1-51907-PMG-NA.html?utm_source=pin&utm_medium=so&utm_campaign=paid&utm_content=2H26MFLifestyle204L&utm_term=204LCreamOffFigBTSCarousel&ecid=so_pin_paid_2H26MFLifestyle204L_204LCreamOffBTSFigCarousel#dwvar_U204LV1-51907-PMG-NA_style=U204LSC&dwvar_U204LV1-51907-PMG-NA_width=D&pid=U204LV1-51907-PMG-NA&quantity=1,https://i.pinimg.com/originals/18/7f/45/187f45d18088eb63f44b9cd2d301a7d4.png,750,937,0,2026-07-29
2026-09-29,tricot feminino,ATHS25Ed1teLbkUueRzC9DPsB7wSJHDwuK_2olSdK8gD70HdXzepfIYThXmXdaZ5140dluIZl0csAUma_fkD2gE,63,36,0,From Work to Happy Hour:,vestiairecollective.com,http://vestiairecollective.com/,https://i.pinimg.com/originals/a5/99/16/a59916ac1e58ce1be58beace1cc64ee3.png,1000,1500,0,2026-08-10
2026-09-29,tricot feminino,139330182217324998,64,70,0,,,,https://i.pinimg.com/originals/ed/b5/8e/edb58e896dbfabf32488d75f6ccec628.jpg,1200,1600,0,2026-02-13
2026-09-29,tricot feminino,4600849313369593920,65,0,0,Blusa Feminina Tricô Manga Longa Confortável Inverno Mimo Malhas 347,br.shein.com,https://br.shein.com/ark/default?scene=1&test=5051&ad_type=DPA&goods_id=565167944&pf=PINTEREST&link_type=link&url_from=PINADSDPA&ismg=2cf33a6bb62dc9e6ed853ec9b51fb186a0d734f8ea4825e8da59208063dfb207_01_1790615787,https://i.pinimg.com/originals/8d/02/8b/8d028be2bc47e202dc6666ebcf986270.jpg,1086,1448,0,2026-09-15
2026-09-29,tricot feminino,AUjWHH6nt67pRuq0IlfYlfP6Xp5FMlAR-d2r9cQUq6Zqe0gY9g7mNTSEtIjkeO7_WVvlSX0fMkgYggMhAb-_0dE,66,64,0,Find women’s fall outfits,kohls.com,https://www.kohls.com/catalog/womens.jsp?CN=Gender:Womens&BST=8333207:6483511:8167823:8601265:6333958&icid=social-paid-pncrsl-womensversatilestyling-np-2609wk2-frame1&cid=SO26PDPIN0748&utm_campaign=paid_social&utm_medium=paid_social&utm_source=pinterest&utm_content=2026pdpin748,https://i.pinimg.com/originals/57/c7/bd/57c7bd9f9f5369e0ea514ab00a12202c.jpg,1000,1500,0,2026-09-03
2026-09-29,tricot feminino,AVRojQl0NY5dsrBNVj9DQLsUsi-N1Mi5Ga5VAKQA2gtx5q8cOiEwXK32KcpPfcpbEDozTZsTzBEHRJI7_Jd4iPM,67,0,0,Plaid Tweed Woven Mini,floridagirl.com,https://www.floridagirl.com/products/a-tweed-woven-skirt-ik7717?variant=43218312462447,https://i.pinimg.com/originals/d9/ca/c7/d9cac742bbdf0426a1a6e661a1ed4a47.png,1024,1536,0,2026-09-15
2026-09-29,tricot feminino,25473554138437873,68,1970,0,,,,https://i.pinimg.com/originals/8d/58/78/8d5878595e533f52ffd69b72d8bd9d3e.jpg,1200,2133,0,2026-05-05
2026-09-29,tricot feminino,AXqtKpSx1L3Y47MLc2GLJskm6XKXUVDkbhzh5IPgjNjtzASCWix-5kWm1G-SqBKSqvh-mIocZmk_v9jfAlW9bIA,69,0,0,Islah Mini Dress Crochet,peppamayo.com,https://peppamayo.com/products/islah-mini-dress-cream?currency=USD&variant_sku_code=15197970-11279597-55086888-0-0-0-0,https://i.pinimg.com/originals/e5/47/ad/e547ad5f70964da8cea9f0e7bd94ba94.jpg,1066,1599,0,2026-08-23
2026-09-29,tricot feminino,3166662234193094,70,375,0,Alpaca Sweater Top,go.shopmy.us,https://go.shopmy.us/p-77938423,https://i.pinimg.com/originals/e4/63/ba/e463bab795603dc96ecc21a8d7534947.jpg,1080,1920,0,2026-09-16
2026-09-29,tricot feminino,AYyZCY_iaAPterMcJwChZ5UiCXNF32YK63PLwwUh0lPVWltmTVd53CHYgL2ZtPnDpIbG5gQMVP63cqHV9NRu1eU,71,1,0,Made To Stand Out,shopakira.com,https://shopakira.com/collections/whats-new-denim-obsession,https://i.pinimg.com/originals/27/b8/31/27b8318813ea780550d6c68b92c3df2d.jpg,1080,1920,0,2026-08-26
2026-09-29,tricot feminino,1140044093220853230,72,6,0,Rate this Casual Sweater Dress......💖💖😊,,,https://i.pinimg.com/originals/23/bf/ae/23bfaebda90cc5034ec111243b6f5fbb.png,1024,1536,0,2026-09-13
2026-09-29,tricot feminino,35958497020697525,73,73,0,19 Free Crochet Cardigan Patterns You’ll Want to Make and Wear - Spesh View,speshview.com,https://speshview.com/19-free-crochet-cardigan-patterns-youll-want-to-make-and-wear/,https://i.pinimg.com/originals/67/8c/36/678c36cbf4fb9393d0a5140fed8fcdb5.jpg,832,1248,0,2026-08-31
2026-09-29,tricot feminino,315603886413414142,74,7,0,minimal sweater that never goes out of style,onelink.shein.com,https://onelink.shein.com/26/5d8x0us4t1d3,https://i.pinimg.com/originals/ad/15/48/ad15484d5cd6697c01ed5b589873ad9a.jpg,1340,1785,0,2026-08-25
2026-09-29,look academia feminino,AfPReKR-IK7eMKkmMnxyDQFZfonYe1nIyREL8ReDI_ntPqg8RVvADPwq_tB_566xlYTtG1xX0BdH1mem1F0J4dc,1,0,0,Vuori Women's Collection,vuoriclothing.com,https://vuoriclothing.com/collections/womens,https://i.pinimg.com/originals/79/ee/61/79ee61cff6870533603f55873f572b86.jpg,1080,1920,1,2026-08-10
2026-09-29,look academia feminino,805018502187953857,2,37,0,💛 Conjunto Fitness Amarelo Feminino | Look Academia Feminino com Short e Cropped,onelink.shein.com,https://onelink.shein.com/51/61b4u4uv49m3?ismg_ol=KzkwO2f8BH6_01_KOC-C,https://i.pinimg.com/originals/61/27/6f/61276f6cee03ba39de902db5ffbaf2df.jpg,1024,1647,0,2026-09-07
2026-09-29,look academia feminino,AQ_HHl6iI9NfCoDD_nIqIMLfre79La3O_vBtA3vkE4wQDzdxPdp5-DHmtXICCQcs_a4C1g54YeHa3iAQSDwcf3E,3,1,0,Reach cruising altitude.,newbalance.com,https://www.newbalance.com/pd/204l/U204LV1-51907-PMG-NA.html?utm_source=pin&utm_medium=so&utm_campaign=paid&utm_content=2H26MFLifestyle204L&utm_term=204LCreamOffFigBTSCarousel&ecid=so_pin_paid_2H26MFLifestyle204L_204LCreamOffBTSFigCarousel#dwvar_U204LV1-51907-PMG-NA_style=U204LSC&dwvar_U204LV1-51907-PMG-NA_width=D&pid=U204LV1-51907-PMG-NA&quantity=1,https://i.pinimg.com/originals/18/7f/45/187f45d18088eb63f44b9cd2d301a7d4.png,750,937,0,2026-07-29
2026-09-29,look academia feminino,ARdvw3QXqR4mScKnm7lCLrPpA0Mwi3L5UdDhs3X1DWQDFNaOwnbRLFNB2em5WcvWBgEfgt5rwGtCYTW4a7SM1xM,4,7,0,Find women’s athleisure,kohls.com,https://www.kohls.com/catalog/womens-active.jsp?CN=Gender:Womens+Occasion:Active&BST=8131179:8132516:6581283&icid=social-paid-pncrsl-womensfallathleisure-np-2609wk2-frame1&cid=SO26PDPIN0733&utm_campaign=paid_social&utm_medium=paid_social&utm_source=pinterest&utm_content=2026pdpin733,https://i.pinimg.com/originals/e7/af/9e/e7af9ebc2e05641f1a19d9e14cebec69.jpg,1000,1500,0,2026-09-03
2026-09-29,look academia feminino,ATyIQSiDjqP-s1FvCyfQaFSPEraGBUwVf26DUEn6lizYKb_C_cWNiuKyIH5Ev_UstkSlO2S_d-bLc-9D9sI0-4Y,5,0,0,Dewbera Seamless Cross,us.shein.com,https://us.shein.com/ark/default?scene=1&test=5051&ad_type=DPA&goods_id=466520686&pf=PINTEREST&url_from=PINADSDPA&ismg=9a2a7baffc2a2a41fc5a00b75a77a928c411044371b7021ea45e45c12f6a7411_01_1790613829,https://i.pinimg.com/originals/8a/31/e5/8a31e54c25d662ca17e3562778dcfdf2.jpg,1065,1598,0,2026-07-14
2026-09-29,look academia feminino,1017039528373031539,6,16,0,Conjunto deportivo 2 piezas,,,https://i.pinimg.com/originals/8a/16/5a/8a165a2d201e4fe10c5b3dbcdf4c5cc0.png,1024,1536,0,2026-09-08
2026-09-29,look academia feminino,780178335491829245,7,50,0,casaco fitness feminino,meli.la,https://meli.la/1Cs9Ygv,https://i.pinimg.com/originals/9f/0e/6e/9f0e6e4e19ab2aeb9bfe7d784b5b9f7f.png,941,1672,0,2026-09-04
2026-09-29,look academia feminino,Aes4cJ-1-hfyHEoiwXwfccjSrmpn-H8nRJGv3dNy4LMPaRAypEpad9b3H5AmkOL9SLqI0qL2tpIrDVtEKrgygtA,8,5,0,Women's YPB studioFLEX,abercrombie.com,https://www.abercrombie.com/shop/us/p/ypb-sculptlux-78-length-legging-63086320,https://i.pinimg.com/originals/97/e4/11/97e41199c37aa1b65cbf2d11d16f2759.jpg,800,1000,0,2026-06-10
2026-09-29,look academia feminino,ASyjd8nnIvrMpex8ra_Y7EJWz76uPWdgJ2XZg1-Ta-We2jfP2FtDTjHjy8j91sqKrQcFX-3IQZnlh74QJC86OOw,9,1,0,Temu | Moisture-Wicking,temu.com,https://www.temu.com/ul/kuiper/un3.html?subj=dpa-un&_bg_fs=1&_p_jump_id=1082&_x_vst_scene=adg&goods_id=601103650383100&adg_ctx=a-ccf6de7c~c-7d3d144f&_p_rfs=1&_x_ads_channel=pinterest&_x_ads_creative_id=%7Bproduct_partition_id%7D&_x_ads_id=%7Badgroupid%7D&_x_ads_set=%7Bcampaignid%7D&_x_ads_sub_channel=shopping&_x_ns_catalog_id=1567707391772&_x_ns_creative=%7Badid%7D&_x_ns_gid=601103650383100&_x_ns_,https://i.pinimg.com/originals/42/bc/f9/42bcf943f09f09f00f67e74182f248f3.jpg,2000,3000,0,2026-08-07
2026-09-29,look academia feminino,AYQzOShJKjvUBI5mzVYbnboVPpoyjwrwBG2-10A0F4oc7lrJT5vJPygmH9dex9r6ljmfGeF9BiA7j-0CU9aX06U,10,0,0,Women Seamless Yoga Set,inspireuplift.com,https://www.inspireuplift.com/women-seamless-yoga-set-gym-outfit-high-waist-leggings/iu/21866572?variant=476733111,https://i.pinimg.com/originals/61/3e/97/613e97c8ea6cedea1bf8c12a19bf70b0.jpg,1065,1598,0,2026-07-08
2026-09-29,look academia feminino,974888650616673732,11,85,0,Elevação lateral,,,https://i.pinimg.com/originals/8e/b0/f2/8eb0f23ee01825f98fa812ccdffdd8bf.jpg,1024,1536,0,2026-09-07
2026-09-29,look academia feminino,893753488606907047,12,6,0,Conjunto fitness rosa com saia | Look feminino para academia,s.shopee.com.br,https://s.shopee.com.br/50Z25KS1Ha?channel_type=pinterest,https://i.pinimg.com/originals/36/9d/c6/369dc6525689e872c4a30f364e8c87ce.jpg,1080,1920,0,2026-09-14
2026-09-29,look academia feminino,AWjiwz_RmQ8jxYUCJNET2Ul56YM21aQQh1hG0zpVgKRBMSRliPq55pumr3ebY63YmQaOyBR0RMdwrhE_54ytyo8,13,1,0,Temu | 2pcs Solid Color,temu.com,https://www.temu.com/ul/kuiper/un3.html?subj=dpa-un&_bg_fs=1&_p_jump_id=1082&_x_vst_scene=adg&goods_id=606565864190733&adg_ctx=a-c6e016fa~c-b64f3e18&_p_rfs=1&_x_ads_channel=pinterest&_x_ads_creative_id=%7Bproduct_partition_id%7D&_x_ads_id=%7Badgroupid%7D&_x_ads_set=%7Bcampaignid%7D&_x_ads_sub_channel=shopping&_x_ns_catalog_id=1567707391772&_x_ns_creative=%7Badid%7D&_x_ns_gid=606565864190733&_x_ns_,https://i.pinimg.com/originals/fc/1c/7a/fc1c7af5aa92e99061c5c13266d1c486.jpg,2000,3000,0,2026-06-24
2026-09-29,look academia feminino,1121748219718152774,14,4,0,Conjunto Fitness Feminino para Academia - Legging + Top da Shein 🔥,onelink.shein.com,https://onelink.shein.com/53/629f2rfrhvda?ismg_ol=6zMKQElQSZ5_01_KOC-C,https://i.pinimg.com/originals/b5/b9/eb/b5b9eb6507ac64143f1eece443a2b60c.jpg,1080,1920,0,2026-09-17
2026-09-29,look academia feminino,AY7ZlytJWhoPrAqamRnAkcdvETrwaAnH17uvzLy9S2NQPlLTocT4Uia0JsM7a6YfLAcCbToscO4W3kkX5CyHS7Q,15,1,0,Temu | Conjunto deportivo,temu.com,https://www.temu.com/ul/kuiper/un3.html?subj=dpa-un&_bg_fs=1&_p_jump_id=1082&_x_vst_scene=adg&goods_id=601105514575347&adg_ctx=a-99f59d95~c-ff7ee31c&_p_rfs=1&_x_ads_channel=pinterest&_x_ads_creative_id=%7Bproduct_partition_id%7D&_x_ads_id=%7Badgroupid%7D&_x_ads_set=%7Bcampaignid%7D&_x_ads_sub_channel=shopping&_x_ns_catalog_id=1580405374697&_x_ns_creative=%7Badid%7D&_x_ns_gid=601105514575347&_x_ns_,https://i.pinimg.com/originals/b5/fe/18/b5fe18e74df02389aea249f5f3701290.jpg,2000,3000,0,2026-07-15
2026-09-29,look academia feminino,AadPygCH6REkzToItUxl7_Oac60lXwyaBgWsdMMd5hcujetYQyCsZEI1QFU1UBmOAm893AZCFjxwMYNeJijD1rI,16,1,0,The Leggings That Made Us,beyondyoga.com,https://beyondyoga.com/collections/bestsellers?utm_source=Pinterest&utm_medium=SOC&utm_campaign=AO26%7CPER%7CEVG&utm_term=pin_%7Bcampaignid%7D_%7Badgroupid%7D_%7Bcreative_id%7D&utm_id=%7Bcampaignid%7D,https://i.pinimg.com/originals/e7/ae/02/e7ae02fc48a680b7a73b1b79db2a441a.jpg,2160,3840,1,2026-09-17
2026-09-29,look academia feminino,140806235420863,17,7018,0,,,,https://i.pinimg.com/originals/4b/95/cf/4b95cff0c9aef3d310cd8da0ef77ec90.png,1080,1632,0,2026-09-02
2026-09-29,look academia feminino,284500901456444744,18,113,0,,,,https://i.pinimg.com/originals/cb/40/57/cb4057b06c75ab9b73fb392512be0944.png,1024,1536,0,2026-09-16
2026-09-29,look academia feminino,AWXi9FujIOBJfPxu6PooFQiaEVRXll_hAzQNdcJ-vZwOi2NJwD_kAHHKQGtvoiMv8ty32MCU9mEgS9HuKWyWZCo,19,1,0,Temu | For Running For,temu.com,https://www.temu.com/ul/kuiper/un3.html?subj=dpa-un&_bg_fs=1&_p_jump_id=1082&_x_vst_scene=adg&goods_id=606407990604513&adg_ctx=a-83a95775~c-78327c8f&_p_rfs=1&_x_ads_channel=pinterest&_x_ads_creative_id=%7Bproduct_partition_id%7D&_x_ads_id=%7Badgroupid%7D&_x_ads_set=%7Bcampaignid%7D&_x_ads_sub_channel=shopping&_x_ns_catalog_id=1567707391772&_x_ns_creative=%7Badid%7D&_x_ns_gid=606407990604513&_x_ns_,https://i.pinimg.com/originals/27/40/85/2740855dde9a0be524fe8a976be4e1cc.jpg,2000,3000,0,2026-08-18
2026-09-29,look academia feminino,295689531809134279,20,10,0,Tênis New Balance 9060 Academia Feminino Lançamentos,meli.la,https://meli.la/1MKXsoF,https://i.pinimg.com/originals/cb/b2/fe/cbb2fee86a82143c83a16c45c777cc3b.jpg,1080,1920,0,2026-09-02
2026-09-29,look academia feminino,ATNS8xSSUvxouTBhwnH6UEHch8X2ngZi-rjnYaFOKf3LRH4xF5PnXmN3XrLYJTof34vyXzD3tzio9mfHOHla0nc,21,1,0,Temu | Women's 3pcs,temu.com,https://www.temu.com/ul/kuiper/un3.html?subj=dpa-un&_bg_fs=1&_p_jump_id=1082&_x_vst_scene=adg&goods_id=606532930519136&adg_ctx=a-3aac5ac6~c-696b51f3&_p_rfs=1&_x_ads_channel=pinterest&_x_ads_creative_id=%7Bproduct_partition_id%7D&_x_ads_id=%7Badgroupid%7D&_x_ads_set=%7Bcampaignid%7D&_x_ads_sub_channel=shopping&_x_ns_catalog_id=1567707391772&_x_ns_creative=%7Badid%7D&_x_ns_gid=606532930519136&_x_ns_,https://i.pinimg.com/originals/22/9a/ec/229aec63c7228a042bdc2c489d27e6c6.jpg,2000,3000,0,2026-08-07
2026-09-29,look academia feminino,1109081845767453621,22,6,0,Moda Feminina Academia Fitness,s.shopee.com.br,https://s.shopee.com.br/6fhJvNOXVC?channel_type=pinterest,https://i.pinimg.com/originals/3b/d2/7a/3bd27a67f13e5961a95da639a85915c5.png,941,1672,0,2026-09-16
2026-09-29,look academia feminino,AW6ZvRd07eIzlfu5PudxT-8psBTB-9me9ZjWaCbuZ445DJym-EwYefkp4nKLQxVubLhakK5tR2eCCeQrECpqHw0,23,0,0,Lexi Tights - Black - L,luvyfever.com,https://www.luvyfever.com/products/lexi-tights-black?variant=43604442841151,https://i.pinimg.com/originals/9d/06/fe/9d06fe1d8b4efa7dfbb3c2cd36909bfb.jpg,1365,2048,0,2026-09-08
2026-09-29,look academia feminino,AdblaLd9l0KD5NSu-r30jBP33j2jVWs1jIJw_f4THClx3MikIb7L0q_X3uwicDq4ausKDeTQO_8BTMpCAo3qAJw,24,0,0,Set Activewear - Gray / L,krzno.com,https://krzno.com/products/set-activewear?variant=50615017636140,https://i.pinimg.com/originals/19/f9/a6/19f9a66c9cabac8091371a2cda5695d1.jpg,800,1200,0,2025-12-06
2026-09-29,look academia feminino,AbuYfF5F9NGyUuiLv1wJPzVgl-9V4derAbcOck21HZlWgj3FN4pBRffqRmbBpGqR9BFYjV5r8Vy3qjQMgu5SMlE,25,0,0,Temu | Form-fitting,temu.com,https://www.temu.com/ul/kuiper/un3.html?subj=dpa-un&_bg_fs=1&_p_jump_id=1082&_x_vst_scene=adg&goods_id=601105790989960&adg_ctx=a-c2a03384~c-54b39501&_p_rfs=1&_x_ads_channel=pinterest&_x_ads_creative_id=%7Bproduct_partition_id%7D&_x_ads_id=%7Badgroupid%7D&_x_ads_set=%7Bcampaignid%7D&_x_ads_sub_channel=shopping&_x_ns_catalog_id=1567707391772&_x_ns_creative=%7Badid%7D&_x_ns_gid=601105790989960&_x_ns_,https://i.pinimg.com/originals/65/af/97/65af97c82a211d4468c416e8ec7dee90.jpg,2000,3000,0,2026-09-07
2026-09-29,look academia feminino,570620215310085856,26,74,0,Conjunto Fitnes,vt.tiktok.com,https://vt.tiktok.com/ZSqFw33C4/,https://i.pinimg.com/originals/c7/cd/c4/c7cdc4f37cededa67aeac42cc750cbfa.jpg,1080,1920,0,2026-09-06
2026-09-29,look academia feminino,1121748219718229271,27,2,0,Shein - Conjunto de Legging e Top pra Academia ✨,onelink.shein.com,https://onelink.shein.com/53/62d1jufhgymp?ismg_ol=HnDaF7nT8FD_01_KOC-C,https://i.pinimg.com/originals/9e/88/27/9e8827e2fb82d9f36e73c53d1026763a.jpg,1080,1920,0,2026-09-18
2026-09-29,look academia feminino,69594756739634000,28,30,0,Black Workout Set Women | 2 Piece Gym Set | High Waist Leggings & Sports Bra,,,https://i.pinimg.com/originals/eb/da/f1/ebdaf15bb12b6e1e142de1f18bdcabce.png,1000,1500,0,2026-09-16
2026-09-29,look academia feminino,870179959277390608,29,3,0,"O Conjunto Fitness Que Você Vai Querer Usar Até Fora da Academia ✨APENAS R$ 52,30",meli.la,https://meli.la/27e1B8e,https://i.pinimg.com/originals/75/bb/12/75bb1282a473956c03ba6cc6c2a22ea6.png,1086,1448,0,2026-09-02
2026-09-29,look academia feminino,752241944055093590,30,8,0,Conjunto Fitness Feminino Cintura Alta,s.shopee.com.br,https://s.shopee.com.br/qixvevfDA?channel_type=pinterest,https://i.pinimg.com/originals/1c/ef/35/1cef357715d53cd80df49f1bc40b8ec6.jpg,1022,1536,0,2026-09-10
2026-09-29,look academia feminino,1030268852279323801,32,3,0,conjunto academia feminino,vt.tiktok.com,https://vt.tiktok.com/ZS9SvNJs83dkH-IdrTm/,https://i.pinimg.com/originals/ef/68/66/ef68667f51c9f59389035105ed9bf30f.png,941,1672,0,2026-09-15
2026-09-29,look academia feminino,857654322838724716,33,361,0,Inspiração de look fitness | Link aqui 👇🏼,bio.site,https://bio.site/dicasdagrazi,https://i.pinimg.com/originals/4b/fc/22/4bfc2292fc049d234a9b8460979f22e7.jpg,1080,1920,0,2026-07-24
2026-09-29,look academia feminino,22869910605343015,34,125,0,,,,https://i.pinimg.com/originals/b7/04/04/b704043b4994a3f7e3a1f2cfd6ec8528.jpg,735,1105,0,2026-09-04
2026-09-29,look academia feminino,Ab6llK48MUt2BLmL33cnftMD-98GA3EtpfLHzqME4fRtIgBseBh0G8XuEFeZ_6j5io3AoB7QSatM0aQjzqMtnNk,35,14,0,Wear It Your Way,vans.com,https://www.vans.com/en-us/c/matching-sets-2029,https://i.pinimg.com/originals/66/a1/ef/66a1eff1116a72007ca72b6304913432.jpg,1080,1350,1,2026-07-16
2026-09-29,look academia feminino,11188699074464960,36,5880,0,,,,https://i.pinimg.com/originals/2a/9f/c9/2a9fc9651b622595ecb4b2657082ca8c.jpg,675,1200,0,2025-06-29
2026-09-29,look academia feminino,699254279688245782,37,3,0,Look fitness🏋🏻‍♀️,chat.whatsapp.com,https://chat.whatsapp.com/IsxgcmJG1yQLgcH1RMu30B?mode=gi_t,https://i.pinimg.com/originals/a1/15/95/a115956ccd441d443c5abf3a55653b67.jpg,1080,1920,0,2026-09-16
2026-09-29,look academia feminino,154740937200078790,38,30,0,Inspiração look fitness,,,https://i.pinimg.com/originals/c7/d0/3c/c7d03c9212c26debb5a3f36b5b4a00cb.jpg,1080,1920,0,2026-09-08
2026-09-29,look academia feminino,14496030046998648,39,87,0,Slate Blue Oversized T-Shirt & Black Shorts | Aesthetic Gym Look,link.amazon,https://link.amazon/B0hr0CIWA,https://i.pinimg.com/originals/83/06/2f/83062fc8c55b1afa973e26af5a23bb8a.png,1024,1536,0,2026-09-15
2026-09-29,look academia feminino,2885187258759042,40,1622,0,,,,https://i.pinimg.com/originals/6d/08/dd/6d08dd02682a0d992e9bc1a299319b1b.jpg,1170,2051,0,2026-08-20
2026-09-29,look academia feminino,6825836930811276,41,678,0,Todos os posts • Instagram,instagram.com,https://www.instagram.com/p/DYqAPBAmYn2/?img_index=1,https://i.pinimg.com/originals/ae/f7/7d/aef77d84b04d09e3021f3877f12b5a0a.jpg,640,853,0,2026-09-02
2026-09-29,look academia feminino,38210296836058933,42,1309,0,,,,https://i.pinimg.com/originals/ca/66/7c/ca667cd43285446084cb02a8b0ab2fc2.jpg,1080,1920,0,2026-08-29
2026-09-29,look academia feminino,946389309216672566,43,1,0,Look Fitness Cinza Feminino | Conjunto Esportivo Sem Costura 🩶✨,onelink.shein.com,https://onelink.shein.com/52/6260yknpxf71?ismg_ol=0AxlKIA4MQl_01_KOC-C,https://i.pinimg.com/originals/4f/17/05/4f1705c7f171e51eb4df40cd0cf484b4.jpg,1080,1920,0,2026-09-16
2026-09-29,look academia feminino,680254718761255708,44,27,0,Conjunto Fitness Feminino Preto: Top e Bermuda de Compressão para Treino,meli.la,https://meli.la/1eRTgB5,https://i.pinimg.com/originals/26/62/0a/26620ac255916af381949adfc54ddaeb.png,1440,2560,0,2026-09-13
2026-09-29,look academia feminino,1121748219718229356,45,2,0,Shein - Conjunto Feminino pra Academia Barato,onelink.shein.com,https://onelink.shein.com/53/62d1naqfjpqr?ismg_ol=1Eo0YN5xTp0_01_KOC-C,https://i.pinimg.com/originals/a9/37/49/a93749b472f70f394602c3246a41c1db.jpg,1080,1920,0,2026-09-18
2026-09-29,look academia feminino,AUqZtTLIOSc1Gx8_qUt7sgxmiLhF7F5Tf976qekghb1M3DZe2HcqO9oUYgHOMF7TBcqz27Fvr0POIcA2ZlOnTUE,46,18,0,Conjunto de Academia Feminino Zero Transparência,s.shopee.com.br,https://s.shopee.com.br/AKa3FUKrwA?channel_type=pinterest,https://i.pinimg.com/originals/d7/9a/65/d79a6596f0c59c5419a4aca35c503f6a.jpg,1022,1536,0,2026-09-04
2026-09-29,look academia feminino,914371530620562774,47,55,0,,shffls.com,https://www.shffls.com/shuffles/3831725053419281856,https://i.pinimg.com/originals/5b/e7/0b/5be70b0d1fc520eb31e20efe6cf4f795.jpg,1080,1920,0,2026-09-19
2026-09-29,look academia feminino,35958497020752763,48,29,0,Conjunto feminino de Academia 🤎,onelink.shein.com,https://onelink.shein.com/51/61bpgq4m8ebp?ismg_ol=7U0j433WxVA_01_KOC-C,https://i.pinimg.com/originals/7e/50/d6/7e50d6e5d1eade7899d7a516522c8035.jpg,1080,1920,0,2026-09-19
2026-09-29,look academia feminino,2111131074098698,49,992,0,Pearl's Amazon Page,amazon.com,https://www.amazon.com/shop/moodmade?ref_=cm_sw_r_apann_aipsfshop_5P24BPHGA1H957ZY2SSH&language=en-US&ccs_id=357f6e80-b65a-403f-bcf8-c0b9e69d3e40,https://i.pinimg.com/originals/21/99/14/21991452025fbc0407f1e67984831eca.jpg,736,1104,0,2026-09-10
2026-09-29,look academia feminino,AQD4M_5dAOO9pXnZNfwmztnm9UIk8AFKUvi7jeJENe7ZOQQsGRiPLIwrIomzqtGpCIeJRkXChEZuE7MfBJXr9zg,50,1,0,Temu | Women's Wide,temu.com,https://www.temu.com/ul/kuiper/un3.html?subj=dpa-un&_bg_fs=1&_p_jump_id=1082&_x_vst_scene=adg&goods_id=605982855895656&adg_ctx=a-dcf11b8e~c-ecfdb6b7&_p_rfs=1&_x_ads_channel=pinterest&_x_ads_creative_id=%7Bproduct_partition_id%7D&_x_ads_id=%7Badgroupid%7D&_x_ads_set=%7Bcampaignid%7D&_x_ads_sub_channel=shopping&_x_ns_catalog_id=1567707391772&_x_ns_creative=%7Badid%7D&_x_ns_gid=605982855895656&_x_ns_,https://i.pinimg.com/originals/a3/2e/4e/a32e4eecf9731ce56a6617ffe491bc3c.jpg,2000,3000,0,2026-07-17
2026-09-29,look academia feminino,524387950385112968,51,8,0,Look Academia: Chic Gym Fits for Women,,,https://i.pinimg.com/originals/b1/1c/63/b11c63e1197e627a98f6e5649974bc31.png,749,1316,0,2026-06-18
2026-09-29,look academia feminino,844002786468264712,51,5,0,Conjunto Blackout Legging e Cropped | Roupa de Academia | Moda Fitness Feminina,meli.la,https://meli.la/1izU1Vc,https://i.pinimg.com/originals/2d/ec/f9/2decf9b044621e0ca972cfc42b0b3c1e.jpg,1536,2752,0,2026-09-03
2026-09-29,look academia feminino,AbD_TgahYMj4Vfn9g7_5bEUqZ9odF6xBp3LzxR9d9M2D0G3j6vjFOk8aldSzBlz-ItVvveSNlSFc-dMK2UWmqdA,52,0,0,"If it’s good, it’s on",depop.com,http://www.depop.com/,https://i.pinimg.com/originals/9a/ad/9a/9aad9a5a13c0b245eec32fe5803f5016.jpg,1080,1920,1,2026-08-26
2026-09-29,look academia feminino,AXY_0bKUocZtm-Qq4Yp0ZF_DVG655og0lZXngYyHLox9e1_xrbLtUnJZERgzK_byxDGH8Tgkk5HuL-mniA0tJ6s,53,1,0,New Berry Bliss,beyondyoga.com,https://beyondyoga.com/collections/new-hues-berry-bliss?utm_source=Pinterest&utm_medium=SOC&utm_campaign=AO26%7CPER%7CEVG&utm_term=pin_%7Bcampaignid%7D_%7Badgroupid%7D_%7Bcreative_id%7D&utm_id=%7Bcampaignid%7D,https://i.pinimg.com/originals/b9/f0/fa/b9f0fa4e54fce60fd50474f61013c553.jpg,4284,5712,0,2026-08-11
2026-09-29,look academia feminino,1109222583271046925,54,1,0,T-Shirt Camisetão Feminina Gym Academia Treino Premium meninas super poderosas,s.shopee.com.br,https://s.shopee.com.br/9AOesEf37s?channel_type=pinterest,https://i.pinimg.com/originals/ac/20/09/ac2009a22787a546680236e53a72125f.png,941,1671,0,2026-09-16
2026-09-29,look academia feminino,AUoy5mWfomNKbP16a2vH9qKvx8OtRuaBlDpk2p4rQFV4PTbpyE8ciI22h_j0O80EQ2W3KwGUZwK0-G_qJYSeFwY,55,1,0,Project Runway x David's,davidsbridal.com,https://www.davidsbridal.com/project-runway,https://i.pinimg.com/originals/fe/51/26/fe51260402ecd845c55f49389dfd6c13.jpg,1200,2133,0,2026-09-03
2026-09-29,look academia feminino,AS8-jTKqJyH3pBNMJBkRdP_08FuibLL-zSDnwLzaGJqV_M_goVWdj1v4cfTo0hV1wojiZCiroUAXimOQRc8JPOA,56,1,0,Refine Collection |,innergloapparel.com,https://innergloapparel.com/collections/refine-collection,https://i.pinimg.com/originals/ca/40/28/ca4028e558d3566f67c2dbc0790cd108.png,1080,1920,0,2025-12-11
2026-09-29,look academia feminino,7318418142466197,57,127,0,La versione migliore di te si costruisce ogni giorno,simonourianmd.com,https://simonourianmd.com/2224/Shopping/Item?ItemId=883&Flow=Shopping&catId=1298,https://i.pinimg.com/originals/47/14/9a/47149a3b10d9e5b203a691488a875b23.png,1024,1536,0,2026-09-15
2026-09-29,look academia feminino,998462179911062067,58,6,0,Conjunto Esportivo Feminino,onelink.shein.com,https://onelink.shein.com/51/60xd0bx830c1?ismg_ol=JsfAs22N0Ya_01_KOC-C,https://i.pinimg.com/originals/66/55/41/665541709841ddf0515b96120e2d1f87.png,1080,1920,0,2026-09-14
2026-09-29,look academia feminino,1137721924648548747,59,1,0,Conjunto Fitness Feminino Azul-Marinho com Cropped Um Ombro e Legging,onelink.shein.com,https://onelink.shein.com/53/6299xci7icu1?ismg_ol=90ygZ4JdVGB_01_KOC-C,https://i.pinimg.com/originals/b9/77/e1/b977e1a20c4dabc68adb8656cfff9af4.jpg,960,1280,0,2026-09-18
2026-09-29,look academia feminino,591730838585703065,60,14,0,Conjunto Top + Short Fitness | Moda Fitness | Roupa de Academia,meli.la,https://meli.la/1wgdkU3,https://i.pinimg.com/originals/ef/33/b4/ef33b402a3d523d5bf77eaadebdfb242.jpg,1536,2752,0,2026-09-11
2026-09-29,look academia feminino,1109222583271113046,61,2,0,Camiseta Camisa Oversized Feminina 100% Algodão Hello K. Fofo Treino Academia Musculação Fitness,s.shopee.com.br,https://s.shopee.com.br/3qN9wEVK5w?channel_type=pinterest,https://i.pinimg.com/originals/7c/76/a3/7c76a3e6955f6671768bcebb901892fa.png,941,1671,0,2026-09-16
2026-09-29,look academia feminino,AaWBfK5UVYPsGoOkkpY8ElI_Cbv_G8S691L2WT-OiKW_kPy2E4AaIOUFRqZxZBi2e-b9IfGDJh9ygjzfCkQoV4I,62,1,0,Worn by Rosalía.,newbalance.com,https://www.newbalance.com/pd/204l/U204LV1-51907-PMG-NA.html?utm_source=pin&utm_medium=so&utm_campaign=paid&utm_content=2H26MFLifestyle204L2010&utm_term=204LRosaliaScallopStatic&ecid=so_pin_paid_2H26MFLifestyle204L2010_204LRosaliaScallopStatic#dwvar_U204LV1-51907-PMG-NA_style=U204L2SZ&dwvar_U204LV1-51907-PMG-NA_width=D&pid=U204LV1-51907-PMG-NA-NETURAL3&quantity=1,https://i.pinimg.com/originals/3d/2d/d0/3d2dd0c900cdd9dd236577496d740716.png,1000,1500,0,2026-08-14
2026-09-29,look academia feminino,AXLx8aRotMJsB0jHM6LHBTQ1Dagj9IDsb9mOHmnKSf_bJFU_nShN3ORNCt1hJ9cuTf60cUa4pjNtKY0xxSd2n5g,63,1,0,BlissBlend™ Collection by,vuoriclothing.com,https://vuoriclothing.com/collections/vuori-blissblend,https://i.pinimg.com/originals/48/f2/b7/48f2b72dfdc07230c9274e3c08063fa0.jpg,1200,1500,0,2026-06-22
2026-09-29,look academia feminino,7740630604918495,64,943,0,,,,https://i.pinimg.com/originals/99/82/58/998258cc24fc121f6805d809f166d1f3.jpg,1080,1920,0,2024-10-23
2026-09-29,look academia feminino,1082552830398425669,65,1,0,Macacão Feminina Fitness,meli.la,https://meli.la/1iMUdgf,https://i.pinimg.com/originals/fb/62/20/fb6220330bafcba52d6af52dd76b5ab1.jpg,1152,2048,0,2026-09-05
2026-09-29,look academia feminino,809662839307989029,66,12,0,Look Para Academia 🩷✨️,meli.la,https://meli.la/1EaicEH,https://i.pinimg.com/originals/72/00/c2/7200c22f5edde57e12ff356b70f5510e.jpg,1200,2133,0,2026-09-10
2026-09-29,look academia feminino,ARmKtIxqZNls7P2L0f3wLpqZWYu-MDdm76Rj0jHRQt_v_bhTPzdNa5cfPdtxrduPVDbDp7SNhlOIa-AH0Vwn-gs,67,66,0,Find flared leggings,kohls.com,https://www.kohls.com/catalog/womens-flx.jsp?CN=Gender:Womens+Brand:FLX&BST=5015153&icid=social-paid-pnvid-wflxleggingslooks-np-2608wk2&cid=SO26PDPIN0609&utm_campaign=paid_social&utm_medium=paid_social&utm_source=pinterest&utm_content=2026pdpin609,https://i.pinimg.com/originals/b2/db/00/b2db008b854f55ea2f7fc1c895999e6e.jpg,1000,1500,1,2026-08-05
2026-09-29,look academia feminino,783556035221308368,68,1,0,Conjunto fitness feminino azul que valoriza o corpo 💙,s.shopee.com.br,https://s.shopee.com.br/7VGQfL20Bw?channel_type=pinterest,https://i.pinimg.com/originals/31/47/5d/31475db107fb56dd79c751f8ee2f67da.jpg,1080,1920,0,2026-09-15
2026-09-29,look academia feminino,1123014857112297818,69,5,0,Calça Legging Fitness Feminina de Academia | Look Fitness✨,onelink.shein.com,https://onelink.shein.com/50/60s1pehmla1u?ismg_ol=BLAhRX3ojuk_01_KOC-C,https://i.pinimg.com/originals/99/d0/63/99d0636e57c0a7aa8cb682ab88601fc1.jpg,1080,1920,0,2026-09-02
2026-09-29,look academia feminino,1121748219717993714,70,18,0,Macaquinho de Academia Shein ✨,onelink.shein.com,https://onelink.shein.com/52/621nhd4t2at5?ismg_ol=8RXaQe2ucUQ_01_KOC-C,https://i.pinimg.com/originals/a2/09/86/a2098609ce3bf67931317dc30d3e32cb.jpg,1080,1920,0,2026-09-14
2026-09-29,look academia feminino,13440498884795067,71,268,0,Look Fitness Básico e Estiloso🤍,onelink.shein.com,https://onelink.shein.com/42/5vg28so7db2w,https://i.pinimg.com/originals/c9/b5/03/c9b5033a14952ec3b8d048f3236e9d8f.jpg,1080,1920,0,2026-08-08
2026-09-29,look academia feminino,1548181186964438,72,8040,0,treino,,,https://i.pinimg.com/originals/46/7e/a7/467ea73730da8b7e27a100f45331d519.jpg,1080,1920,0,2026-08-11
2026-09-29,look academia feminino,634233560072364713,73,9,0,🍷 Conjunto Fitness Vinho Feminino | Look de Academia Feminino para Treino,onelink.shein.com,https://onelink.shein.com/51/61b4sllzy0ym?ismg_ol=9d4LTf6Fj59_01_KOC-C,https://i.pinimg.com/originals/f3/38/7b/f3387ba3bca1f26b296d7609006bc4fa.jpg,1024,1647,0,2026-09-16
2026-09-29,look academia feminino,Aaai5BSclI-BlzbZ0SLOAgnSAieD45q-DIN0_Y1cmlq2ZqsW03wdehi1Fxn0-OWgJSIs-QtBP0P4JFE1chYcraA,74,11,0,ROUPA_ACADEMIA | Tendência 2026,s.shopee.com.br,https://s.shopee.com.br/4AvMU5tdm9?pp=1&channel_type=pinterest,https://i.pinimg.com/originals/b8/4a/56/b84a5624ff4287b686b4b8ca2f35d068.jpg,736,1308,0,2026-06-04
2026-09-29,calca jeans flare,2603712281892956,1,25121,0,,,,https://i.pinimg.com/originals/c0/63/37/c06337d6156c8074ea6bacc9a1904001.jpg,857,1297,0,2025-07-28
2026-09-29,calca jeans flare,AfSrGAtEIqc0PFWqMzVrCGlANxkFgSOHx7Bb7QNDTX_h97WKPhwL-xRVF3erhZNWioBn3NJGYXQhRnc12sELkC4,2,1,0,Styled by ROSÉ & SHAI.,levi.com,https://www.levi.com/US/en_US/new-arrivals/c/levi_clothing_new_arrivals_us?Camp=PaidSocial_Pinterest_NA_NA_NA_26H2_BRS_US_BIGB*pin_%7Bcampaignid%7D_%7Badgroupid%7D_%7Bcreative_id%7D,https://i.pinimg.com/originals/64/92/80/649280b0b928139e3e1f09760165ffda.jpg,1080,1920,0,2026-07-22
2026-09-29,calca jeans flare,42432421485764380,3,2090,0,cadê as divas que amam essa calça,,,https://i.pinimg.com/originals/cb/52/b8/cb52b8903e001f87588f67d7cc3d8260.jpg,393,641,0,2026-04-15
2026-09-29,calca jeans flare,1125407394440957182,4,2,0,Calça Jeans Flare Cintura Baixa | Look trabalho,meli.la,https://meli.la/1pjfUmv,https://i.pinimg.com/originals/86/c5/31/86c53163c8606f960f19e9e934e42502.png,1024,1536,0,2026-09-16
2026-09-29,calca jeans flare,AdnQ8iaI8sdzjJyWOjd5NiZZmotm-4WVKi_sm4dKdL3Bb98jJrXUUJKdLu0eLwycMg6Ofh5nAJQhGKw-FdPHgsI,5,1,0,Explore New Arrivals,beyondyoga.com,https://beyondyoga.com/collections/now-trending?utm_source=Pinterest&utm_medium=SOC&utm_campaign=AO26%7CPER%7CEVG&utm_term=pin_%7Bcampaignid%7D_%7Badgroupid%7D_%7Bcreative_id%7D&utm_id=%7Bcampaignid%7D,https://i.pinimg.com/originals/fe/d0/ae/fed0ae6d76ae99c0faee31200bd06861.jpg,3837,5116,0,2026-09-18
2026-09-29,calca jeans flare,229613280997178658,6,1131,0,,,,https://i.pinimg.com/originals/4d/e9/90/4de9903d13067736b3a1cc00d6ffa19b.png,1047,1501,0,2026-07-27
2026-09-29,calca jeans flare,1047157350880860452,7,1,0,✨ Women’s High-Waist Light Blue Wide-Leg Flared Jeans,fktr.in,https://fktr.in/jk07yOr,https://i.pinimg.com/originals/35/a0/b7/35a0b746b93bc5c3eff4cca53da9e525.png,1024,1536,0,2026-09-17
2026-09-29,calca jeans flare,AS62SrHqXCR5tYRVUNYUekpz0d0bB7XzpCX6V-eHAuyGpZd_iabvhLCDecsKs8cMjXiEeNGVQmnzLsGAcxYuvLs,8,1,0,Shop Jeans,us.ohpolly.com,https://us.ohpolly.com/collections/view-all-clothing-jeans?smartly-hash=single_video_pin_reference:v1:f3f2528c0dfcd0fb2af72f4da03efb058e78c09f2edc2a09a3277f757dcbc3f6,https://i.pinimg.com/originals/25/88/7a/25887a2d034c50247f4df87825302f78.jpg,169,300,1,2026-09-24
2026-09-29,calca jeans flare,4605564030895757376,9,0,0,Calça Jeans Feminina Flare Cintura Alta Empina Bumbum Boca de Sino Lavagem Escura,br.shein.com,https://br.shein.com/ark/default?scene=1&test=5051&ad_type=DPA&goods_id=546283198&pf=PINTEREST&link_type=link&url_from=PINADSDPA&ismg=9acb00421146dea79905f71bbfaf2ab882d04f5c62e547c7b5626497908ebf8e_01_1790615898,https://i.pinimg.com/originals/ff/17/94/ff1794deaeb6c10ef97d3d05b33addd0.jpg,1086,1448,0,2026-09-13
2026-09-29,calca jeans flare,Ad2zc8gB5_FPUeGCVlymRCplXovxnbrRNWd9gOHNOLozsyHBdT1nfVt-1b8_GoRyFmO1L6W0VnthpyluzsxVCgU,10,0,0,Fiona High Waisted Bell,etsy.com,https://www.etsy.com/listing/4319117286/fiona-high-waisted-bell-bottom-jeans,https://i.pinimg.com/originals/2b/5a/5e/2b5a5ee202979e6e314b4bdc302f233c.jpg,1066,1600,0,2026-07-24
2026-09-29,calca jeans flare,AfRcIJ_ViSB0LVzeVk8Vl-pAJX6AsQpLfuVpqv8cA2d6QJhcn7NMPlKGrOA7uSg3vtwTuBezBlO_QxORKEsFlfw,11,5,0,Girls High-Rise Flare,hollisterco.com,https://www.hollisterco.com/shop/us/p/high-rise-medium-wash-flare-jeans-60534819,https://i.pinimg.com/originals/fd/f2/0f/fdf20f0ff1b322e3e233ab5187c090bb.jpg,800,1000,0,2025-12-02
2026-09-29,calca jeans flare,659707045461153521,12,71,0,,,,https://i.pinimg.com/originals/e8/74/a3/e874a3c49cd5bd9e5a023fcf70af3978.jpg,736,1104,0,2026-09-18
2026-09-29,calca jeans flare,AdUMGF7PW6OrnuzLp12m6bKRHEuwgxBmhRlJBfqFdMeyfQhyN5d3Aii2TAe6r41KStj4Y7d-XlRusmNbsL3REQg,13,0,0,Quince | Women's Luna,quince.com,https://www.quince.com/women/luna-stretch-flare-jeans---28?color=frosted-blue&size=25,https://i.pinimg.com/originals/bb/13/44/bb1344dc45105029031c1ff1df5fa1b8.jpg,1000,1500,0,2026-07-04
2026-09-29,calca jeans flare,1135470124859677284,14,1,0,calça flare jeans 🦋,s.shopee.com.br,https://s.shopee.com.br/qjSKPWPw6?channel_type=pinterest,https://i.pinimg.com/originals/c3/a2/eb/c3a2eb8a433585226805018ef40536b7.jpg,1168,1752,0,2026-09-13
2026-09-29,calca jeans flare,AcfoYao7vHpjLVQ0MW_ayNRa2g6cIEsJCRKj_PoBPe1_ZAmeobYughbvclcXvfc46SRICUA2sc7kJQ-IqS86Krg,15,36,0,From Work to Happy Hour:,vestiairecollective.com,http://vestiairecollective.com/,https://i.pinimg.com/originals/a5/99/16/a59916ac1e58ce1be58beace1cc64ee3.png,1000,1500,0,2026-08-10
2026-09-29,calca jeans flare,1142155155532098206,16,8,0,High-Waisted Dark Blue Flared Jeans 👖,linkredirect.in,https://linkredirect.in/visitretailer/2276?id=5259909&shareid=aknhqb9&dl=https://www.flipkart.com/kotty-boot-leg-women-blue-jeans/p/itm5671e70efa640%3Fpid%3DJEAHDMUP84FKGJCU%26lid%3DLSTJEAHDMUP84FKGJCUEQAQET%26hl_lid%3D%26marketplace%3DFLIPKART%26fm%3DeyJ3dHAiOiJhdGxhc19hZHNfaG9yaXpvbnRhbF9wbXVfY2Fyb3VzZWwiLCJwcnB0Ijoic3AifQ%3D%3D%26ctx%3DeyJkZWxpdmVyZWRCeSI6IjE3ODk5NTk1OTU3NjQiLCJkaXNwbGF5UHJpY2U,https://i.pinimg.com/originals/fb/18/60/fb18606415705a772ee7f4ab71889de0.jpg,1024,1536,0,2026-09-17
2026-09-29,calca jeans flare,AatzRR7qnzHQ4BGQw-13NweRdFyPxCcmdegEefJV8tMd_bYMj9npJIHKwEIf-mXqZ4I5yBmvEzumOc6bmdgt1hA,17,13,0,We The Free Womens 28,ebay.com,https://www.ebay.com/itm/306836642798?norover=1&siteid=1&mkevt=1&mkcid=16&chn=psoc,https://i.pinimg.com/originals/33/11/f1/3311f1297a0104ad0f5ad5b10bdd98a3.jpg,1024,1536,0,2026-03-26
2026-09-29,calca jeans flare,ATp6fU-7jSRDfaKFGrPCyg2VRVAlHSQGr7S6o50J4f6qWw_YY_DqB3btzsOhEZSumOJ93LsN6I8CVPhQ0IBuPYQ,18,0,0,Women's Vintage,us.shein.com,https://us.shein.com/ark/default?scene=1&test=5051&ad_type=DPA&goods_id=70376803&pf=PINTEREST&url_from=PINADSDPA&ismg=0061c6f510d198f595e7db6ad1aa13e5009edef808590029c1941a4e25012998_01_1790613770,https://i.pinimg.com/originals/99/0b/f9/990bf93fc7d890db8b47989b46b2a3f1.jpg,1340,1785,0,2026-06-08
2026-09-29,calca jeans flare,997406648746915140,19,94,0,Cropped de Renda Marrom + Calça Jeans Flare — Estilo que Encanta! 🤎💙,bio.site,https://bio.site/Sirlanesantos,https://i.pinimg.com/originals/36/09/91/360991e6f43063fec87c013e309df7fc.png,941,1672,0,2026-09-11
2026-09-29,calca jeans flare,AfUDq4agXKgPiQZ1YY3tNpLczjuAn3Z7Ol6QfrwiNeyVJTuWQcZwLBxxmyiAoR7v17dTIg9yDUf6yL--Jnq3zRg,20,0,0,Revice Denim Women's,depop.com,https://www.depop.com/products/gemandjewtls-revice-denim-venus-star-flare-659a/?pla_feed=US,https://i.pinimg.com/originals/97/18/7a/97187ae38e4d23b11e53f505f231a568.jpg,1280,1280,0,2026-09-08
2026-09-29,calca jeans flare,AV3d0ImMIkSWBWM0N4B_mTg0JoVymBtvU6FBhpMCDn9XbxuCivJ4qa9xpHZ4PTitcUCTQzkAN44kLaxne0XRVy4,21,1,0,Temu | Women's Glam,temu.com,https://www.temu.com/ul/kuiper/un3.html?subj=dpa-un&_bg_fs=1&_p_jump_id=1082&_x_vst_scene=adg&goods_id=606036123591229&adg_ctx=a-98dc1b48~c-2d83a1c0&_p_rfs=1&_x_ads_channel=pinterest&_x_ads_creative_id=%7Bproduct_partition_id%7D&_x_ads_id=%7Badgroupid%7D&_x_ads_set=%7Bcampaignid%7D&_x_ads_sub_channel=shopping&_x_ns_catalog_id=1567707391772&_x_ns_creative=%7Badid%7D&_x_ns_gid=606036123591229&_x_ns_,https://i.pinimg.com/originals/e8/df/e3/e8dfe372639d92185833e752504338e0.jpg,2000,3000,0,2026-07-19
2026-09-29,calca jeans flare,1034913189414721796,22,3,0,Calça Jeans Cintura Baixa Flare com Costura Vermelha Estilo Y2K 👖🔥✨,onelink.shein.com,https://onelink.shein.com/52/61xkc4wnshsg?ismg_ol=5ei1p8oIeIv_01_KOC-C,https://i.pinimg.com/originals/be/46/61/be46614c91e5a710c4e8e9f8f8771a89.jpg,1340,1785,0,2026-09-13
2026-09-29,calca jeans flare,AUP7KMmOiWLWiBYFC3n6wMdmqte7qnRq1QJoVlzeCvDsKaNOA9bPl1mUg6Hoj8QA9rPmiyBgr2NawJ13fMkT6yE,23,7,0,Find Levi’s jeans at,kohls.com,https://www.kohls.com/storefront?lc_ambassador_id=Y3VzdG9tZXI6NzQzOTg5Mw&cid=SO26PDINFLU0176&utm_campaign=influ_q3fallstyle_moorgs&utm_medium=paid_social&utm_source=pinterest&utm_content=2026pdinflu176,https://i.pinimg.com/originals/72/06/ba/7206baa689e29400b80f75a8b5595c3b.jpg,720,1280,1,2026-09-23
2026-09-29,calca jeans flare,AbUsBBbSvC5qubQASelOZ1rGEPg1JfNL2_v-SrgJNiPETCGf-NLkGT0fEZQrT5V3u5UJh2tnS2uog0Sd1kizEbU,24,0,0,Frame Le High Flare,lyst.com,https://www.lyst.com/clothing/frame-le-high-flare-flared-jeans-8/?product=QAVQFPU&link_id=1072568229&show_express_checkout=true&_country=US&atc_medium=cpc&atc_grouping=paidsocial&atc_country=US&atc_source=pinterest,https://i.pinimg.com/originals/fa/2e/4e/fa2e4ebe5c142d4cebe300d5043b00c4.jpg,680,768,0,2026-09-14
2026-09-29,calca jeans flare,36662184462616362,25,1320,0,SHEIN,m.shein.com,https://m.shein.com/br/ark/default?scene=3&ad_type=DPA&pf=pinterest&test=5051&goods_id=46013940&pf=PINTEREST&url_from=PINADSDPA,https://i.pinimg.com/originals/42/34/56/4234569bdfd8f1a44d66957b89506560.jpg,474,631,0,2026-05-05
2026-09-29,calca jeans flare,1011691503817521686,26,3,0,Calça Flare Jeans Com Elastano Cintura Alta Boca De Sino,meli.la,https://meli.la/23a5G1w,https://i.pinimg.com/originals/4a/a6/5d/4aa65d01759c2f4e71c6193fd3dbc998.png,1024,1536,0,2026-09-16
2026-09-29,calca jeans flare,4597401262239213440,27,0,0,Elegant High Waist Bell Bottom Jeans Women's Fashion Slim Fit Spring Autumn Versatile Fish Tail,s.click.aliexpress.com,https://s.click.aliexpress.com/deep_link.htm?dl_target_url=https://www.aliexpress.com/ssr/300001872/pinterest-all%3FdisableNav%3DYES%26pha_manifest%3Dssr%26_immersiveMode%3Dtrue%26businessCode%3Dug%26productIds%3D1005013124126797&src=pinterest&aff_short_key=_onZ6vYN&aff_platform=true&isdl=y,https://i.pinimg.com/originals/e0/1c/de/e01cde7c44e4698d93a8d00c1cee24f3.webp,600,800,0,2026-09-10
2026-09-29,calca jeans flare,832603049908206149,28,32,0,Dark Blue Flared Jeans | Trendy High Waist Denim Outfit,,,https://i.pinimg.com/originals/2e/6d/78/2e6d78e90fd1b5a006abb5817a3a0afd.jpg,712,892,0,2026-09-14
2026-09-29,calca jeans flare,151785449938030568,29,1152,0,,,,https://i.pinimg.com/originals/56/5a/12/565a12c6333f611af4e87dbf61387691.jpg,736,1104,0,2026-08-12
2026-09-29,calca jeans flare,4591982850899524480,30,0,0,Calça Jeans Flare Azul Médio Cintura Alta Feminina – Deerf Jeans,catalogodeerfjeans.com.br,https://catalogodeerfjeans.com.br/produto/calca-jeans-flare-preta-cintura-alta-feminina/,https://i.pinimg.com/originals/3a/67/a3/3a67a3afb2930ad82fcdebfc5f32bf09.webp,1280,1705,0,2026-09-06
2026-09-29,calca jeans flare,AemvHjdK2bDygq87tpytMINiJuL91Eio-ewqaCrd3aAGTXTasKyEou_SvIPsIMruwXC03UKsNYtOihqzGpsukn0,31,0,0,Temu | Women Light Wash,temu.com,https://www.temu.com/ul/kuiper/un3.html?subj=dpa-un&_bg_fs=1&_p_jump_id=1082&_x_vst_scene=adg&goods_id=606474948473809&adg_ctx=a-27f80d91~c-b625c9e4&_p_rfs=1&_x_ads_channel=pinterest&_x_ads_creative_id=%7Bproduct_partition_id%7D&_x_ads_id=%7Badgroupid%7D&_x_ads_set=%7Bcampaignid%7D&_x_ads_sub_channel=shopping&_x_ns_catalog_id=1567707391772&_x_ns_creative=%7Badid%7D&_x_ns_gid=606474948473809&_x_ns_,https://i.pinimg.com/originals/12/8a/e9/128ae9bd7af4532aee5394fdb916e44c.jpg,2000,3000,0,2026-09-01
2026-09-29,calca jeans flare,AUr2Rn7w0NDLNzejVjiyaOTUNsKLQm4SI3ZOJ5gfdJzvNES3vmmf-_pQBwjdjS12_XmlXOkU0xGyZJ6QqubxS1M,32,21,0,FRAME - The Icon Mid-rise,net-a-porter.com,https://www.net-a-porter.com/product/1647597354414811?cm_mmc=pinterest-_-pinterestshopping-_-1647597354414811&utm_source=pinterest&utm_medium=social_media_organic&utm_campaign=pinterestshopping_1647597354414811,https://i.pinimg.com/originals/d2/4c/01/d24c01ad001d153c534b86cc6fafb893.jpg,1242,1656,0,2025-07-20
2026-09-29,calca jeans flare,AdhbSgg7JNFLjqdJOpE0VqIe8cE3ryvAZwLY0xe_JL9sd-g5M7j9vAqR8_FN7QoT2g-NSTCpTprcX0hcuyf0nZI,33,7,0,Flared High Jeans,www2.hm.com,https://www2.hm.com/en_us/productpage.1308114006.html?utm_medium=unpl&utm_source=pinterest&utm_campaign=Global%20Performance_Dynamic%20Shopping&utm_content=performance&utm_term=us,https://i.pinimg.com/originals/ca/c1/63/cac163ceecb4c3c47e0b4ee449196448.jpg,2333,3500,0,2025-11-19
2026-09-29,calca jeans flare,AYeqtLQA1xPNbcjWKS5PbnKwNsHFhJplv9ed9L2vCsog1atZHV1U9Q0gkrDQlEVdQyVoOeNF5iqOgESAcv9_WUs,34,2,0,We The Free Emre Low-Rise,freepeople.com,https://www.freepeople.com/shop/we-the-free-emre-flare-jeans?color=042&inventoryCountry=US&countryCode=US,https://i.pinimg.com/originals/c5/37/c5/c537c575bebbfc4ea545acd092962d19.jpg,975,1463,0,2026-01-10
2026-09-29,calca jeans flare,AbgKVh4viSSeERvsUP9-89G9eVyigdUXoSFzjVTTDYnWVnCKHiB-udLD8UkZUNu0mRkMgVqc5WmXmHLGxRp4OY8,35,0,0,High Waist Stretch,curvyfaja.com,https://curvyfaja.com/products/high-waist-stretch-mopping-flared-jeans?sku=18058693554455299193602951&utm_medium=shopline-feed&utm_source=pinterest,https://i.pinimg.com/originals/dd/b0/03/ddb003dc9ef072d948ff7a55aef36d9c.jpg,598,898,0,2026-09-08
2026-09-29,calca jeans flare,AeD7beSGQJVLZ1bdvxOLpA6QAfb1iwuTf5JItMMBK6bz8MnK7wsV411bvXws-jedfy12SR1atIvp8wSWchYxdCA,36,8,0,LaiyiVic Bell Bottom,amazon.com,https://www.amazon.com/Bottom-Jeans-Waisted-Classic-Flared/dp/B08V4QDVFZ?ref_=pinterest_fplfs,https://i.pinimg.com/originals/8c/47/71/8c47714d17c411ff2cd321589ce22c6b.jpg,834,1600,0,2026-06-09
2026-09-29,calca jeans flare,ATRkgbnCACjcn8Imatso8ZoQfLcZPw9JH_qZLR2zi0WcCXkMclNiKaJsweSF29E79jgOQgDwnxAeC0n6lcfAFw4,37,0,0,Women's Beaded Lace Trim,onebyall.com,https://www.onebyall.com/products/womens-beaded-lace-trim-flare-jeans?variant=3d934fc5-1b15-4c6e-bf11-76c69638659b,https://i.pinimg.com/originals/ad/cf/bb/adcfbb0d59616dd68e3434630e8c5445.webp,864,1536,0,2026-09-09
2026-09-29,calca jeans flare,AUX9F1NWWfUNpqaQ7bpDxQJWPfjUcQbEjFg0Rzg2GkCRHbxdR9TYfsSGnh81bBRlCXAOi_ykkRMCwBnoSbcrsso,38,116,0,Washed Push Up Flare Leg,omcne.com,https://omcne.com/products/washed-push-up-flare-leg-jeans?variant=45529156845843,https://i.pinimg.com/originals/61/30/d1/6130d1ca57ad5dfbe9a7cf1730bb85eb.png,713,950,0,2023-07-14
2026-09-29,calca jeans flare,AaH1isEXZo7ykuim9EeGml44rjjdsUlBvbDvTD1_H22MCPLMMr2HWI_sy8ePUlan7RgXkMGAzi5_jjFxijeNmBY,39,1,0,Navy Blue Flared Autumn,princessace.com,https://princessace.com/products/princessace-0415lc-00335?variant=40754903121991,https://i.pinimg.com/originals/46/18/1c/46181c90d83d4608e755440548d967a5.jpg,750,1000,0,2025-12-05
2026-09-29,calca jeans flare,AdDCfSfDhKtGt-kYZmK3m_vK7iem7RbtKuNKJ_KqJep-lvSOuOdMHsIZ3HKZHWXx71z_PTuiMVicikAIJXclNXQ,51,25,0,Build a Forever Wardrobe,bananarepublic.gap.com,https://bananarepublic.gap.com/browse/women/shop-all?cid=1158705&nav=meganav:WOMEN:WOMEN'S+CLOTHING:Shop+All#department=136,https://i.pinimg.com/originals/17/ed/7a/17ed7ac4a76f370365a48471452e4338.png,1080,1620,0,2026-09-13
2026-09-29,calca jeans flare,AR1dlV6J8yZxWZDACIEIvpiI77b90VzjT61jLAtmM2G7tZ6XB-vcspDXYCYkd0aVqzRhPiWrGkGBUA2kDK3GGXw,52,1,0,Project Runway x David's,davidsbridal.com,https://www.davidsbridal.com/project-runway,https://i.pinimg.com/originals/fe/51/26/fe51260402ecd845c55f49389dfd6c13.jpg,1200,2133,0,2026-09-03
2026-09-29,calca jeans flare,1119074207444097637,53,3,0,Retrô jeans,amzn.to,https://amzn.to/4yomqhZ,https://i.pinimg.com/originals/c0/b0/a8/c0b0a87057533b39885813b2f3be0102.png,1080,1876,0,2026-09-07
2026-09-29,calca jeans flare,AZWu3uWi_zSh20CCU3RM3TEWyBFNWcq5oFvpFfZjG6LO-mgFvTowwMx3dyoIHlWQMQ5rVoXkQCxd76-tCxVa33w,54,1,0,The Peak Barrel Leg Pant,beyondyoga.com,https://beyondyoga.com/collections/pants?utm_source=Pinterest&utm_medium=SOC&utm_campaign=AO26%7CPER%7CEVG&utm_term=pin_%7Bcampaignid%7D_%7Badgroupid%7D_%7Bcreative_id%7D&utm_id=%7Bcampaignid%7D,https://i.pinimg.com/originals/85/0d/48/850d48a6bf568f161f8ddd81d41fe789.jpg,1878,2504,0,2026-09-04
2026-09-29,calca jeans flare,2040762329776089,55,691,0,30 Outfit Ideas for Long Legs to Elevate Your Style Fast,sewmamasew.com,https://www.sewmamasew.com/30-outfit-ideas-for-long-legs/,https://i.pinimg.com/originals/bd/da/08/bdda08de60c4e4a147056e493e269326.jpg,720,1279,0,2026-09-18
2026-09-29,calca jeans flare,989806824387132645,56,56,0,,,,https://i.pinimg.com/originals/c8/45/33/c845334d3decfdc5692a6e3ec618780b.png,1024,1536,0,2026-09-11
2026-09-29,calca jeans flare,AWsAx48xB1IVSuxxFzSJ6RQZ6f_QsSlt51bjnERDrHHb5xbgvnBj7QJ1O30-_L0gECNsC-mqpIKqbqUOwg9lMS4,57,0,0,Styled by ROSÉ.,levi.com,http://www.levi.com/US/en_US/features/womens-keep-it-loose?Camp=PaidSocial_Pinterest_NA_NA_NA_26H2_BRS_US_BIGB*pin_%7Bcampaignid%7D_%7Badgroupid%7D_%7Bcreative_id%7D,https://i.pinimg.com/originals/4f/36/37/4f3637ef2911f9cba8912a5b13cf5767.jpg,1080,1920,1,2026-07-22
2026-09-29,calca jeans flare,AWtgJ8ht4kI02oTw4lXfZ14EsjTe2HWakjoct4WGMWRJ9KShOxPEsSPuNTyZbnLO3lfuL5Tv9wxeFNfgtxUj5tU,58,14,0,Sadie Sink Feels the Fit,calvinklein.us,https://www.calvinklein.us/en/sadie-sink,https://i.pinimg.com/originals/f7/35/ef/f735efa128da783437600987ef638681.jpg,1080,1620,0,2026-09-14
2026-09-29,calca jeans flare,AVHv4IfMdmgXFBEVvTZkKtsnFor9izgFppuLFq_CLLKg84fogCxv7gd3Cw8EeNh5wjToDIkMPYYXmWCw1q1VQIY,59,50,0,Find the latest denim at,kohls.com,https://www.kohls.com/catalog/womens-jeans-bottoms-clothing.jsp?CN=Gender:Womens+Product:Jeans+Category:Bottoms+Department:Clothing&BST=6125774:7922007:8134347&icid=social-paid-pnstatcoll-denimtrendbadge1-wjeans-np-2608wk3&cid=SO26PDPIN0626&utm_campaign=paid_social&utm_medium=paid_social&utm_source=pinterest&utm_content=2026pdpin626,https://i.pinimg.com/originals/b9/b3/ea/b9b3ea1c8802488ed08d562bd1512f0a.png,1000,1500,0,2026-08-14
2026-09-29,calca jeans flare,AU3zGFMEiMupyWnFpUAmQYSOhpkGVs7Yf_n7FyTmih_cXR72yIHweKy6EBdOjF_gS1qt5Ax7ybwpfnCOg7KvhnY,60,1,0,Made To Stand Out,shopakira.com,https://shopakira.com/collections/whats-new-denim-obsession,https://i.pinimg.com/originals/27/b8/31/27b8318813ea780550d6c68b92c3df2d.jpg,1080,1920,0,2026-08-26
2026-09-29,calca jeans flare,1098878377860042069,61,2,0,Calça jeans flare feminina,s.shopee.com.br,https://s.shopee.com.br/3qMuDhbOnI?channel_type=pinterest,https://i.pinimg.com/originals/91/b2/c4/91b2c408b433f81aa796925a61addda1.jpg,1080,1920,0,2026-09-07
2026-09-29,calca jeans flare,319192692406379498,62,290,0,,,,https://i.pinimg.com/originals/ae/b3/9f/aeb39fb224ab29143fc0d1a56c0842be.jpg,564,846,0,2026-09-14
2026-09-29,calca jeans flare,592716001006074431,63,78,0,Calça Yk2 - Grunge Punk Calça Denim Ajustada de Cintura Baixa com Perna Flare e Bordado de Cruz,onelink.shein.com,https://onelink.shein.com/47/5yspna29kmlf,https://i.pinimg.com/originals/1a/bf/30/1abf30b52b3819c43986bfa85600b7a0.jpg,1079,1457,0,2026-09-08
2026-09-29,calca jeans flare,237424211601602720,64,289,0,,,,https://i.pinimg.com/originals/0b/bc/44/0bbc444f842fef435923164e3012cdd9.jpg,940,1671,0,2026-07-05
2026-09-29,calca jeans flare,1125407394439226646,65,38,0,Calça Jeans Flare Escura Cintura Alta | Com Elastano,meli.la,https://meli.la/1SFgSZ5,https://i.pinimg.com/originals/c4/dd/72/c4dd721d2e1cf2417d7e69321329ae52.png,1024,1536,0,2026-08-25
2026-09-29,calca jeans flare,733383120620743390,66,9,0,,,,https://i.pinimg.com/originals/44/ff/c4/44ffc4c2673bce284aff2a7554d00d26.jpg,1200,2133,0,2026-09-14
2026-09-29,calca jeans flare,4362930884563651,67,459,0,Instagram,instagram.com,https://www.instagram.com/p/CyPIPWQtOQj/,https://i.pinimg.com/originals/9b/02/0d/9b020d4362f039a05ba0515b61eaa4c9.png,640,853,0,2026-01-21
2026-09-29,calca jeans flare,ARSMyuKThusOgGzCa-LVIwU-E7x_B5aenJpTLi6cmaXBsl5i8htO6PEhf2gNiiRrJMT2Jq9FVfgC7SQINl06UCA,68,1,0,"If it’s good, it’s on",depop.com,http://www.depop.com/,https://i.pinimg.com/originals/d2/bf/51/d2bf510c596901595112e9410bf61af5.jpg,720,1280,1,2026-08-26
2026-09-29,blusa cropped,AeTtp6RXpxPYnb6V7YINTV9f8HAPRdaSX-0TuQBzry611KCNAU8MHQ615ofstHGBrqVQF8jdKeW7OPapX4ygDrc,1,1,0,Shop Lavender Cream,beyondyoga.com,https://beyondyoga.com/collections/new-hues-lavender-cream?utm_source=Pinterest&utm_medium=SOC&utm_campaign=AO26%7CPER%7CEVG&utm_term=pin_%7Bcampaignid%7D_%7Badgroupid%7D_%7Bcreative_id%7D&utm_id=%7Bcampaignid%7D,https://i.pinimg.com/originals/7f/d5/49/7fd5492b64bdb8f236baeed75a6dec28.jpg,2060,2747,0,2026-09-02
2026-09-29,blusa cropped,133911788926971089,2,917,0,Blusa/Cropped,br.shp.ee,https://br.shp.ee/rkiu17r4?smtt=0.0.9&channel_type=pinterest,https://i.pinimg.com/originals/11/18/0a/11180a08acca4d8011c6b8d482910edf.jpg,736,1308,0,2026-04-06
2026-09-29,blusa cropped,19562579627057381,3,820,0,Cropped com amarração,,,https://i.pinimg.com/originals/39/7f/69/397f6976af04d8dfebff14457fe6a956.jpg,1200,1360,0,2026-07-10
2026-09-29,blusa cropped,6122149489293572,4,1677,0,,,,https://i.pinimg.com/originals/8e/07/f4/8e07f48399ce0b5e146b7729a4535a03.jpg,1080,1920,0,2026-08-13
2026-09-29,blusa cropped,AT6KYn_Mqd7r6OUP1Cw1dZbfXFa3fMlR0PfwhUlKW05SmXNWJp9vtzEgeRMDeJ_SoinjOb7gUANPwMBtxRZ2mh4,5,1,0,Reach cruising altitude.,newbalance.com,https://www.newbalance.com/pd/204l/U204LV1-51907-PMG-NA.html?utm_source=pin&utm_medium=so&utm_campaign=paid&utm_content=2H26MFLifestyle204L&utm_term=204LCreamOffFigBTSCarousel&ecid=so_pin_paid_2H26MFLifestyle204L_204LCreamOffBTSFigCarousel#dwvar_U204LV1-51907-PMG-NA_style=U204LSC&dwvar_U204LV1-51907-PMG-NA_width=D&pid=U204LV1-51907-PMG-NA&quantity=1,https://i.pinimg.com/originals/18/7f/45/187f45d18088eb63f44b9cd2d301a7d4.png,750,937,0,2026-07-29
2026-09-29,blusa cropped,4595642046541195136,6,0,0,Top Cropped Feminino Justa Decote Quadrado Basica Casual Sexy,br.shein.com,https://br.shein.com/ark/default?scene=1&test=5051&ad_type=DPA&goods_id=542855841&pf=PINTEREST&link_type=link&url_from=PINADSDPA&ismg=2f945e9081a64c313931a95e99143b6d8b5bfb49a30f34187bdf9feef7223fee_01_1790615982,https://i.pinimg.com/originals/ac/a0/9f/aca09ff7e64ff4c440e8fb6280e20591.jpg,1087,1447,0,2026-09-16
2026-09-29,blusa cropped,4608941768682124352,7,0,0,Cropped Regata Feminino Alça Grossa Decote Quadrado Suplex Básico Casual,br.shein.com,https://br.shein.com/ark/default?scene=1&test=5051&ad_type=DPA&goods_id=561896632&pf=PINTEREST&link_type=link&url_from=PINADSDPA&ismg=850bf6dbf3acb972213e42eab9ad2ffe574876de1ee3f4f72ce32e30e5998c7e_01_1790616005,https://i.pinimg.com/originals/0c/aa/51/0caa51b5792064baf32cef0998f9b146.jpg,1080,1440,0,2026-09-09
2026-09-29,blusa cropped,AeCqSFj6ZCaT6ojMzIKugKcwobel5aJAyey37fNPfGN_htsK1C4SRtZ2P0nc4WCoAonnW_Zd8D7aovTGjG2Akdk,8,0,0,"If it’s good, it’s on",depop.com,http://www.depop.com/,https://i.pinimg.com/originals/9a/ad/9a/9aad9a5a13c0b245eec32fe5803f5016.jpg,1080,1920,1,2026-08-26
2026-09-29,blusa cropped,5911043262995431,9,964,0,,,,https://i.pinimg.com/originals/b1/e7/bf/b1e7bf763e3d36190ea2d032afb6c9a9.jpg,1179,1560,0,2026-08-18
2026-09-29,blusa cropped,106679084920497630,10,620,0,,,,https://i.pinimg.com/originals/96/fd/b4/96fdb4c290345946e414a5875655d5be.jpg,740,1180,0,2026-08-22
2026-09-29,blusa cropped,Ae2qc5UWSg1Yt0aXqDHpJJ7s21drUunE7Yw--1-E9tw_deiXIlQ8fBw6r2_0A5R6Eu56VRkWkC2ODzH8dd68vA4,11,0,0,Women's Summer Metal,us.shein.com,https://us.shein.com/ark/default?scene=1&test=5051&ad_type=DPA&goods_id=58838217&pf=PINTEREST&url_from=PINADSDPA&ismg=f6ddec89091312339757fdc6d6ebe80e2c4c1bc59579abeb316b65d1bf0d1ac4_01_1790613745,https://i.pinimg.com/originals/fa/d3/26/fad326ab9cb3283c1b91d0ccb94f990c.jpg,1340,1785,0,2026-09-13
2026-09-29,blusa cropped,AbjIL8WaxCzN7bM9yTxcSKC4d4s51qYGEfHl8A4YKGz4qmh6xM9Xr1dTZ0nvGCofKuh1MRWGOTArPPbgSS-Cm4Y,12,1,0,Ruched V Neck Long Sleeve,inspireuplift.com,https://www.inspireuplift.com/ruched-v-neck-long-sleeve-crop-top-for-women/iu/21871703?variant=476828897,https://i.pinimg.com/originals/84/b2/49/84b2491d0d86f3e9d0e2f914f5de4314.webp,800,1064,0,2026-07-08
2026-09-29,blusa cropped,997406648746463389,13,39,0,blusinha linda vc encontra na SHEIN,onelink.shein.com,https://onelink.shein.com/50/60abx3m49rno?ismg_ol=5ScIodDshgz_01_KOC-C,https://i.pinimg.com/originals/e9/ff/0f/e9ff0ff248fdd1a73cca2e1e454b8e16.png,971,1619,0,2026-08-28
2026-09-29,blusa cropped,AaqRmT7QLXj6faCLbuEwpHnNkwXbbZXHMrxdog76cQq02yiFYx7lMdWP--bL5itMj1qYvH8k3oO2kJWf499Vd9w,14,0,0,Temu | Ladies Elegant,temu.com,https://www.temu.com/ul/kuiper/un3.html?subj=dpa-un&_bg_fs=1&_p_jump_id=1082&_x_vst_scene=adg&goods_id=601102319552717&adg_ctx=a-d9cec43f~c-3282afd9&_p_rfs=1&_x_ads_channel=pinterest&_x_ads_creative_id=%7Bproduct_partition_id%7D&_x_ads_id=%7Badgroupid%7D&_x_ads_set=%7Bcampaignid%7D&_x_ads_sub_channel=shopping&_x_ns_catalog_id=1567707391772&_x_ns_creative=%7Badid%7D&_x_ns_gid=601102319552717&_x_ns_,https://i.pinimg.com/originals/7c/fe/67/7cfe67dfd70ebf7e5175c1efa80ecb15.jpg,2000,3000,0,2026-08-09
2026-09-29,blusa cropped,61854194877252501,15,1291,0,,,,https://i.pinimg.com/originals/31/dc/f8/31dcf8921240161e1d0edc703985e064.jpg,474,711,0,2025-10-15
2026-09-29,blusa cropped,68328119342355349,16,303,0,,,,https://i.pinimg.com/originals/78/0d/68/780d68152e4feaa701326aea0a5c65ba.jpg,736,980,0,2026-02-08
2026-09-29,blusa cropped,4607886193691042880,17,0,0,Tube Top Faixa Feminino Cropped Tubinho Forro Duplo Tomara que Caia,br.shein.com,https://br.shein.com/ark/default?scene=1&test=5051&ad_type=DPA&goods_id=548402270&pf=PINTEREST&link_type=link&url_from=PINADSDPA&ismg=c28193c9c7862bfeb2c7025b594717aa4b0735e38edadc8b9f8ca3951e818eed_01_1790615809,https://i.pinimg.com/originals/a2/6d/d2/a26dd242febd404a4e7ed329a61a7154.jpg,1340,1785,0,2026-09-04
2026-09-29,blusa cropped,Ac2EIxnvAVLiSneffnwNkB8vJXV7CriOhnPRc1DH5O0K9PSqh1S979FI-OEIZTcfgYsL_sDi8F8fjej_O1P1yf8,18,0,0,Temu | Women'-layer,temu.com,https://www.temu.com/ul/kuiper/un3.html?subj=dpa-un&_bg_fs=1&_p_jump_id=1082&_x_vst_scene=adg&goods_id=605946734582188&adg_ctx=a-e7d57de4~c-c999bfd4&_p_rfs=1&_x_ads_channel=pinterest&_x_ads_creative_id=%7Bproduct_partition_id%7D&_x_ads_id=%7Badgroupid%7D&_x_ads_set=%7Bcampaignid%7D&_x_ads_sub_channel=shopping&_x_ns_catalog_id=1567707391772&_x_ns_creative=%7Badid%7D&_x_ns_gid=605946734582188&_x_ns_,https://i.pinimg.com/originals/f0/4f/80/f04f80b07b99441d133a10db98dcec15.jpg,2000,3000,0,2026-08-19
2026-09-29,blusa cropped,1027946683721123365,19,18,0,CROPPED NULA MANGA DUPLO - Kafre Moda Feminina,kafreloja.com.br,https://kafreloja.com.br/c/atacado/produto/2740779/62986250519,https://i.pinimg.com/originals/50/ca/f8/50caf84075d3b1c8a97317487f1c11b6.webp,750,1000,0,2026-09-15
2026-09-29,blusa cropped,96968198220394251,20,386,0,,,,https://i.pinimg.com/originals/8f/94/17/8f94179a98921181e514ac4d318955b7.jpg,736,980,0,2024-03-05
2026-09-29,blusa cropped,AaIBBFlfGa3zNIGTtO1gjy8w9-yv0eBpQqnu02JDztaS2dYlTtRMZfktrMngjkgQcRENPvlyABjgx0Oe7Qn73HA,21,0,0,Milumia Women Cowl Neck,amazon.com,https://www.amazon.com/Milumia-Ruched-Backless-Sleeveless-X-Large/dp/B0DZ27D2RY?ref_=pinterest_fplfs,https://i.pinimg.com/originals/70/d3/05/70d305380b7afca566a5f38b41c452a5.jpg,1248,1824,0,2026-04-17
2026-09-29,blusa cropped,1111615120556096333,22,4,0,"Sabe aquele cropeed que você coloca e pensa “gente, por que ele ficou tão bonito no corpo?” 😂❤️ O segredo desse Cropeed Poliamida tá na modelagem: ele fica ajustadinho, desenha a parte de cima e o rec",instagram.com,https://www.instagram.com/p/DdMVm_MoBRi/,https://i.pinimg.com/originals/e4/bd/e3/e4bde3570714fd9143e4d2e78a1800ee.jpg,1086,1448,0,2026-09-13
2026-09-29,blusa cropped,ARWs_W7oI1SuxXWWcejzWoPy4A0W1Gf2-hH-ZhIQU6nEgAkbYJDCxQYBSloV8OEJFN4YCacrtCjLKZ04y4XsVcg,23,7,0,Scotch Plaid Flannel,llbean.com,https://www.llbean.com/llb/shop/518737,https://i.pinimg.com/originals/c3/cf/93/c3cf939cfa4413180a54a2306cc31fc4.jpg,1000,1500,1,2026-09-03
2026-09-29,blusa cropped,370350769381586778,24,566,0,,,,https://i.pinimg.com/originals/63/b6/86/63b686e63de14687cfbedc18a52e6eb7.jpg,1170,1517,0,2026-06-30
2026-09-29,blusa cropped,AXUHuqz_dQ43jzSvpNusPt2LEYC-Xy7Nnt7xcisvPPJPy1vdythQ0dsSALh7QjzseDsWpzsP9SoutgQFEW-cYl8,25,0,0,Criss-Cross Halter Pleat,chicwish.com,https://www.chicwish.com/criss-cross-halter-pleat-crop-top-in-orange.html,https://i.pinimg.com/originals/89/cd/b2/89cdb238d65d4fd10099c80b07ee1def.jpg,1166,1750,0,2025-01-31
2026-09-29,blusa cropped,930274866795074486,26,2,0,,,,https://i.pinimg.com/originals/b6/ef/d7/b6efd7d1a150e74c316f95406a41823b.jpg,1340,1785,0,2026-03-18
2026-09-29,blusa cropped,46373071158180871,27,979,0,BEAUDRM Women's Asymmetric Hem Cami Crop Top Backless Tie Front Ruffle Trim Slim Fit Camisole Green Medium at Amazon Women’s Clothing store,amazon.com,https://www.amazon.com/BEAUDRM-Womens-Asymmetric-Backless-Camisole/dp/B0CZ3NWV23,https://i.pinimg.com/originals/9a/df/8d/9adf8df7effdeedfc5532fda4aaea82d.jpg,525,1000,0,2025-06-07
2026-09-29,blusa cropped,23010648089355701,28,518,0,,,,https://i.pinimg.com/originals/e8/ca/9c/e8ca9c5fb79ef3a5c45230756e27d233.jpg,736,980,0,2023-01-04
2026-09-29,blusa cropped,217650594489839444,29,32,0,Blusa Feminina com Decote V e Franzido ✨🔥 O Look Que Vai Fazer Você Se Apaixonar! 😍,onelink.shein.com,https://onelink.shein.com/48/5z3yy3o5380x,https://i.pinimg.com/originals/88/fd/3c/88fd3c2da2979ff8f20353dcc24dfd21.png,1024,1536,0,2026-09-01
2026-09-29,blusa cropped,317644579995003047,30,78,0,Programa de afiliados SHEIN,onelink.shein.com,https://onelink.shein.com/3/3xx1avb8wzsk,https://i.pinimg.com/originals/0d/d5/65/0dd56535028b3e677821ee90dec33bbd.jpg,405,539,0,2026-09-06
2026-09-29,blusa cropped,4610067627268674624,31,0,0,CROPPED JANAINA,lojasexclusivastore.com.br,https://www.lojasexclusivastore.com.br/produtos/cropped-janaina-gxmnk/,https://i.pinimg.com/originals/fd/95/12/fd9512d083ffa364eac0b53646c52c1e.webp,1024,1365,0,2026-09-06
2026-09-29,blusa cropped,14214555069956907,32,1144,0,,m.shein.co.uk,https://m.shein.co.uk/SHEIN-EZwear-Cut-Out-Front-Mock-Neck-Crop-Tee-p-12706638.html?share_from=pwuk,https://i.pinimg.com/originals/42/37/0b/42370b5a816592d02ec18744db15d010.webp,749,999,0,2026-05-15
2026-09-29,blusa cropped,AaARXybX4akIWJ2b1n4bHhY-jrHJUvH4qM2QGAF2Gc7Ted4ujFAHPkAzM7zO0aVZBFi8x29ZENqhW5vyKz1UcVQ,33,2,0,Temu | Women' Layer,temu.com,https://www.temu.com/ul/kuiper/un3.html?subj=dpa-un&_bg_fs=1&_p_jump_id=1082&_x_vst_scene=adg&goods_id=605981094301595&adg_ctx=a-432b1f8c~c-22bb283c&_p_rfs=1&_x_ads_channel=pinterest&_x_ads_creative_id=%7Bproduct_partition_id%7D&_x_ads_id=%7Badgroupid%7D&_x_ads_set=%7Bcampaignid%7D&_x_ads_sub_channel=shopping&_x_ns_catalog_id=1567707391772&_x_ns_creative=%7Badid%7D&_x_ns_product_id=98282609099888&,https://i.pinimg.com/originals/6d/b1/cf/6db1cff20e3c45611d21fe3b7d6378d3.jpg,1350,1350,0,2026-08-17
2026-09-29,blusa cropped,AUtWtrzjIDg2ElKNYsWFKlXM34B7YVoR4BuMZz9wht2JYqKcJ83K4R3WO9PpNvN-8kGddTWZH-3EL5CwdwrGdKY,34,1,0,Temu | Elegant Lantern,temu.com,https://www.temu.com/ul/kuiper/un3.html?subj=dpa-un&_bg_fs=1&_p_jump_id=1082&_x_vst_scene=adg&goods_id=601101326684047&adg_ctx=a-4ce37a9a~c-7c056421&_p_rfs=1&_x_ads_channel=pinterest&_x_ads_creative_id=%7Bproduct_partition_id%7D&_x_ads_id=%7Badgroupid%7D&_x_ads_set=%7Bcampaignid%7D&_x_ads_sub_channel=shopping&_x_ns_catalog_id=1567707391772&_x_ns_creative=%7Badid%7D&_x_ns_product_id=17603382654703&,https://i.pinimg.com/originals/85/25/ce/8525cef32c46fe1db11ff376db43ced4.jpg,2000,3000,0,2026-08-10
2026-09-29,blusa cropped,83949980554257072,35,403,0,,,,https://i.pinimg.com/originals/2a/70/c8/2a70c86210ea13f97a3a0b0078f2bdad.jpg,1200,1500,0,2026-09-07
2026-09-29,blusa cropped,17029304838129725,36,6697,0,Scorpio Cider top,,,https://i.pinimg.com/originals/94/e2/10/94e210a86d0c4120d51d37f5fc3b201f.jpg,1080,1181,0,2025-06-11
2026-09-29,blusa cropped,AcUASue_sut_QIHlro5RXthEzP_RucqRnKdIYD5GEm6Rtmuj6MI3HefEFzYm1KfLDLjlEm0yRLEBMVcSXWjWRfM,37,3,0,MIRACMODA Woman Off,amazon.com,https://www.amazon.com/MIRACMODA-Shoulder-Ruched-Lantern-Sleeve/dp/B0BJQKGWX1?ref_=pinterest_fplfs,https://i.pinimg.com/originals/81/ea/40/81ea40cd5ebf1296bee5c4b344e12826.jpg,1300,1600,0,2026-05-24
2026-09-29,blusa cropped,1005428685586430661,38,4,0,"SHEIN EZwear Top Tubo Torcido de Tela Novo Feminino, Uso Casual Minimalista Diário",onelink.shein.com,https://onelink.shein.com/32/5iqxbmjg9buv,https://i.pinimg.com/originals/f0/62/ba/f062ba4f5da4240abf261e67352d5f06.jpg,1340,1785,0,2026-08-23
2026-09-29,blusa cropped,AbpoXTFKCDafWOmu-UKpLdea3CUuqTJvP8i1mjnHZERvSFV1pHmuiVTKUnFnsSG0OnybbrBROZ8MeXz-0efx938,39,1,0,Temu | 1pc Women's,temu.com,https://www.temu.com/ul/kuiper/un3.html?subj=dpa-un&_bg_fs=1&_p_jump_id=1082&_x_vst_scene=adg&goods_id=601103706976541&adg_ctx=a-bfbf1503~c-a481256b&_p_rfs=1&_x_ads_channel=pinterest&_x_ads_creative_id=%7Bproduct_partition_id%7D&_x_ads_id=%7Badgroupid%7D&_x_ads_set=%7Bcampaignid%7D&_x_ads_sub_channel=shopping&_x_ns_catalog_id=1567707391772&_x_ns_creative=%7Badid%7D&_x_ns_gid=601103706976541&_x_ns_,https://i.pinimg.com/originals/2d/91/76/2d9176fa186e390d44e39c60e7b762c7.jpg,2000,3000,0,2026-06-12
2026-09-29,blusa cropped,4592334685102548864,40,0,0,Cropped Feminino Manga Nula com Franzido Lateral Top Assimétrico Enrugado Suplex Premium Moda Básica Look Elegante,br.shein.com,https://br.shein.com/ark/default?scene=1&test=5051&ad_type=DPA&goods_id=538997368&pf=PINTEREST&link_type=link&url_from=PINADSDPA&ismg=17a73b5cb6f986ead6169c0f75b95a6b9ff7618a78963773c1ff809908685290_01_1790615888,https://i.pinimg.com/originals/2e/a3/c8/2ea3c82359bd4cbd0aacf202aeba12df.jpg,1126,1397,0,2026-09-12
2026-09-29,blusa cropped,312718767891094642,41,106,0,,shopmicas.com,"https://shopmicas.com/collections/micas-fashion-sale-2022?sort_by=MCWTB2206240001,MCWBK2204140067&utm_source=PIN&utm_medium=ad&utm_campaign=Pin_Joyce&pp=0",https://i.pinimg.com/originals/57/1f/68/571f687e32c679435029fc95bb1cd2cd.jpg,360,540,0,2023-07-24
2026-09-29,blusa cropped,11610911542024809,42,2015,0,,,,https://i.pinimg.com/originals/4d/e9/8d/4de98d8d01c3ab71edd59387fa76a2c6.jpg,1050,1550,0,2026-04-04
2026-09-29,blusa cropped,143833781847788642,43,406,0,,,,https://i.pinimg.com/originals/da/6a/3d/da6a3da79e6c964d4cc834142004e255.jpg,1080,1920,0,2026-05-09
2026-09-29,blusa cropped,24347654232299114,44,2017,0,,,,https://i.pinimg.com/originals/57/f3/b9/57f3b9464695de9d9f1dd5cc33c4095b.jpg,736,981,0,2026-06-01
2026-09-29,blusa cropped,AQs9q4V0KjQO6EDBTDWhpOa7-eg2rth-UM0OMmdvWZ-9l_RgdOX6EPI3AqwOJyKjGud7liUdqP-wGJ1oIeXsKg0,45,1,0,"Temu | estilo , top de",temu.com,https://www.temu.com/ul/kuiper/un3.html?subj=dpa-un&_bg_fs=1&_p_jump_id=1082&_x_vst_scene=adg&goods_id=606017802891088&adg_ctx=a-ce6488b8~c-f3db2392&_p_rfs=1&_x_ads_channel=pinterest&_x_ads_creative_id=%7Bproduct_partition_id%7D&_x_ads_id=%7Badgroupid%7D&_x_ads_set=%7Bcampaignid%7D&_x_ads_sub_channel=shopping&_x_ns_catalog_id=1580405374697&_x_ns_creative=%7Badid%7D&_x_ns_product_id=97050020604836&,https://i.pinimg.com/originals/5f/5a/e1/5f5ae1a127e8f0135c60276e6c1e6af2.jpg,2000,3000,0,2026-07-21
2026-09-29,blusa cropped,AcwW4eMkl1rRCPYgQBreOvixFye1X9Jusfq1zhbYX7zcCUsLBkgvhQNGQSFRKqBGT9nbwjSbhONrRIepaevQIS8,46,1,0,Temu | Camiseta Corta De,temu.com,https://www.temu.com/ul/kuiper/un3.html?subj=dpa-un&_bg_fs=1&_p_jump_id=1082&_x_vst_scene=adg&goods_id=601099555670549&adg_ctx=a-d86e294b~c-d8ff7a5d&_p_rfs=1&_x_ads_channel=pinterest&_x_ads_creative_id=%7Bproduct_partition_id%7D&_x_ads_id=%7Badgroupid%7D&_x_ads_set=%7Bcampaignid%7D&_x_ads_sub_channel=shopping&_x_ns_catalog_id=1580405374697&_x_ns_creative=%7Badid%7D&_x_ns_gid=601099555670549&_x_ns_,https://i.pinimg.com/originals/83/d3/13/83d313bdc85351f1c8b735b5879e5fc4.jpg,2000,3000,0,2026-06-15
2026-09-29,blusa cropped,571394271953477522,51,26,0,Top cropped feminina com bojo,br.shein.com,https://br.shein.com/ark/default?scene=1&test=5051&ad_type=DPA&goods_id=41347510&pf=PINTEREST&link_type=link&url_from=PINADSDPA&ismg=50f6b199a1c34a0aa13ca94e0767ef9280370b499e1a27707799e5a1a7170c6d_01_1790615918,https://i.pinimg.com/originals/f0/b8/41/f0b8411df5d40dd54a10bd801c23e333.jpg,1340,1785,0,2024-11-18
2026-09-29,blusa cropped,105623553758398636,52,142,0,"""Not Your Babe – Y2K Aesthetic Crop Top"" 💫",,,https://i.pinimg.com/originals/e2/10/c1/e210c1b4a2af731f5a26d7cfcd313fb1.png,1086,1448,0,2026-08-17
2026-09-29,blusa cropped,AQHRMDaM6zyQOINA3QvYY6BqXYRrP46ZKp14D6GEwSwdJx3LJ3vevl-1OAsQgl1azkl0swDwYKimOUP5_D93rFc,53,1,0,COS Autumn Winter 2026,cos.com,https://www.cos.com/en-us/women/new-arrivals?utm_source=pinterest&utm_medium=paidsocial&utm_campaign=%7B%7Bcampaignname%7D%7D&utm_content=%7B%7Badgroupname%7D%7D&utm_term=%7B%7Bcreative_id%7D%7D&utm_id=%7B%7Badid%7D%7D,https://i.pinimg.com/originals/42/da/1a/42da1a1fd799affef734ca54dd73c61d.jpg,1080,1620,0,2026-09-03
2026-09-29,blusa cropped,9359111721167811,54,3610,0,,,,https://i.pinimg.com/originals/15/1d/b1/151db1828f1134bd3ee5c75a1a29aedb.jpg,600,800,0,2025-01-17
2026-09-29,blusa cropped,4603804833784629312,55,0,0,Cropped Regata Feminino Alça Grossa Decote Quadrado Suplex Básico Casual,br.shein.com,https://br.shein.com/ark/default?scene=1&test=5051&ad_type=DPA&goods_id=561896662&pf=PINTEREST&link_type=link&url_from=PINADSDPA&ismg=31c9da88b3e4e91aa1cb139465f48809bfba58f0d539f508baf76d56a035ec01_01_1790615930,https://i.pinimg.com/originals/0f/50/2d/0f502daaebd5f45e2a6e7d4d76988f0a.jpg,1080,1440,0,2026-09-07
2026-09-29,blusa cropped,633387442618740,56,2655,0,bow tube top <3,,,https://i.pinimg.com/originals/94/66/47/9466471308348ff913f5f4e2f30dee55.jpg,1340,1785,0,2024-07-08
2026-09-29,blusa cropped,150870656280244665,57,731,0,,,,https://i.pinimg.com/originals/41/e8/0e/41e80efaca084484dc9fd55728c4a09a.jpg,1199,1200,0,2026-08-03
2026-09-29,blusa cropped,AUKGYL-C0mXVa9o8i3JEF4Q1TUq4-bOJagF4gL9hEhFzZP9pHyZ7owcXJ_3cijmRg80n7gQRjMex65F7v2hfpeo,58,1,0,Project Runway x David's,davidsbridal.com,https://www.davidsbridal.com/project-runway,https://i.pinimg.com/originals/fe/51/26/fe51260402ecd845c55f49389dfd6c13.jpg,1200,2133,0,2026-09-03
2026-09-29,blusa cropped,4605282588420999232,59,0,0,CROPPED SKY - OFF - OFF / PP,naysunsetwear.com,https://www.naysunsetwear.com/products/cropped-sky-off-white?variant=49410989883686,https://i.pinimg.com/originals/58/f3/a1/58f3a11fa1c7e48e20b4979ed36abcf4.png,1125,1398,0,2026-09-05
2026-09-29,blusa cropped,281543726428484,60,4399,0,,,,https://i.pinimg.com/originals/77/0c/54/770c543fe1af2ae35c63434484bc5ab7.jpg,639,1200,0,2025-12-01
2026-09-29,blusa cropped,46513808648253366,61,340,0,Nike,,,https://i.pinimg.com/originals/41/fd/b4/41fdb48653fad59d27c3f09bc5764ce5.webp,1000,1334,0,2024-05-26
2026-09-29,blusa cropped,AdiJgyRZzAMzRTNEgvi9fy_BkGqg5ZR-8xBfvmga7171HrNJU_PP7UTHd42m6e57NjQaJsxmav7fUvIcNL7VfuM,62,1,0,New Berry Bliss,beyondyoga.com,https://beyondyoga.com/collections/new-hues-berry-bliss?utm_source=Pinterest&utm_medium=SOC&utm_campaign=AO26%7CPER%7CEVG&utm_term=pin_%7Bcampaignid%7D_%7Badgroupid%7D_%7Bcreative_id%7D&utm_id=%7Bcampaignid%7D,https://i.pinimg.com/originals/b9/f0/fa/b9f0fa4e54fce60fd50474f61013c553.jpg,4284,5712,0,2026-08-11
2026-09-29,blusa cropped,Aekr7y8FYKa7KzG1eJ_c4O7foKmH0M5iBmmdn5jMezxjuRJI1vzkBy2VKFGIS-13s90cfd3dM7loDmwavukuRE4,63,10,0,Bold New Looks,vans.com,https://www.vans.com/en-us/c/graphic-t-shirts-6127,https://i.pinimg.com/originals/83/87/7e/83877e8891012b591355f27290a5106c.jpg,1080,1350,1,2026-07-16
2026-09-29,blusa cropped,AcpB0QJ4dZhEbif1vAkxfPGFObJKDS7rxWna9r_fHgVTDZUCkteS8t7v0NJdvFfTUSKxrQHOnuzoSqIGDTYEync,64,70,0,Find fall outfits for,kohls.com,https://www.kohls.com/catalog/womens-career.jsp?CN=Gender:Womens+Occasion:Career&BST=7940326:7873079:4928223&icid=social-paid-pncrsl-wfallworkoutfits-np-2608wk2-frame1&cid=SO26PDPIN0599&utm_campaign=paid_social&utm_medium=paid_social&utm_source=pinterest&utm_content=2026pdpin599,https://i.pinimg.com/originals/21/0b/a5/210ba56e27019e60e0ab1e8d79d8ab90.jpg,1000,1500,0,2026-08-06
2026-09-29,blusa cropped,49047083438431943,65,921,0,Não perca esta oferta grande na SHEIN! Economize muito agora!​,onelink.shein.com,https://onelink.shein.com/34/5kkgvzh8ym18,https://i.pinimg.com/originals/2a/f6/2d/2af62ddba68d24ac5897ccc96594636f.jpg,736,1308,0,2026-06-07
2026-09-29,blusa cropped,1144125480379318821,66,2,0,,,,https://i.pinimg.com/originals/18/85/08/18850870fb4b3da5173b6005d58acd00.jpg,800,800,0,2026-09-08
2026-09-29,blusa cropped,3799980929212905,67,1619,0,Foto de Instagram de 🅒🅞🅝🅕🅤🅣🅘🅞🅝 🅒🅒🅢 • 13 de octubre de 2022 a las 10:08,instagram.com,https://www.instagram.com/p/CjqIwveO_El/?igshid=MDJmNzVkMjY%3D,https://i.pinimg.com/originals/64/52/15/645215b2327567ccd477003adefdff01.jpg,1080,1350,0,2024-04-25
2026-09-29,blusa cropped,936326578802976243,68,20,0,,,,https://i.pinimg.com/originals/c1/58/fa/c158fa0178d2f7b542e783d63cef8e04.jpg,1080,1920,0,2026-09-16
2026-09-29,blusa cropped,1022317184184133801,69,1,0,Blusa Feminina Top Halter Cropped,s.shopee.com.br,https://s.shopee.com.br/9peFJB8y2I?channel_type=pinterest,https://i.pinimg.com/originals/18/61/8b/18618b73129ed2bce409d20eb0bea1a9.jpg,1536,2752,0,2026-09-12
2026-09-29,blusa cropped,588845720084660108,70,201,0,,,,https://i.pinimg.com/originals/1d/00/09/1d00091edd10eba59bab80d783ad1a4f.jpg,675,1200,0,2026-09-07
2026-09-29,blusa cropped,61994932366823499,71,559,0,"Basicas, infaltables que van con todo diseños frescos y cómodos ⏭️desliza y descubre tu diseño favorito ordena tu pedido antes que se agoten . . #ventasonline #comprasporinternet #modaonline #tiendaon",instagram.com,https://www.instagram.com/p/DQVMdq9CSqv/?img_index=20,https://i.pinimg.com/originals/d0/a7/bd/d0a7bdc04a8da72ac47bd702c157da28.jpg,1079,1079,0,2026-06-26
2026-09-29,blusa cropped,89509111342517265,72,278,0,Ela é a cara do verãoooo 💛☀️ ID: APL-DCC-FWW #blusinha #cropped #babado #verao2026,instagram.com,https://www.instagram.com/reel/DcHzsw3SvDJ/,https://i.pinimg.com/originals/5d/11/e6/5d11e6bc93d53566fe04e4f5cbb8ae11.jpg,941,1672,0,2026-09-12
2026-09-29,blusa cropped,170714642117834984,73,152,0,"Roupas Femininas & Masculinas, Loja de Moda Online",m.shein.com,https://m.shein.com/br/Women-Tops-p-21097724.html?mallCode=2&imgRatio=3-4&src_module=activity&src_identifier=on%3DPRODUCT_ITEMS_COMPONENT%60cn%3DPRODUCT_ITEMS_COMPONENT_1%60hz%3D0%60ps%3D3_1%60jc%3Dsku_sz2308082966120747%60ai%3D10016742%60an%3Ddefault&src_tab_page_id=page_activity_factory1726568006973&ici=CCCSN%3Dactivity_ON%3DPRODUCT_ITEMS_COMPONENT_OI%3D2221944_CN%3DVERTICAL_ITEMS_TI%3D50001_aod,https://i.pinimg.com/originals/8d/08/8c/8d088cf053a2b5ee64d753745d88e28d.jpg,720,959,0,2025-02-07
2026-09-29,organizacao de geladeira,AR6CLLLQ7Wvt5Xsj5ysbz9hI5aKGBHhp7B2JgELGZiz1CjxrLQ2dxyd2uCVZHpz6-P4OfW1umX_mSNHi1JjJ8l8,1,322,0,Amazon Fridge,amzlink.to,https://amzlink.to/az0I6c1zcE0RB,https://i.pinimg.com/originals/d8/69/9e/d8699e35bfc7bdfe09cfb3d9e4a45966.jpg,1080,1920,1,2026-07-18
2026-09-29,organizacao de geladeira,1104930089878708895,2,4,0,Geladeira organizada: o detalhe que deixa tudo mais prático,meli.la,https://meli.la/1ekWvtk,https://i.pinimg.com/originals/1e/ae/d1/1eaed1378bfbb107dbe2880407a5b3a1.png,1024,1536,0,2026-09-03
2026-09-29,organizacao de geladeira,364087951150031929,3,61,0,Refrigerator Organization Ideas for a Tidy Fridge,amazon.com,https://www.amazon.com/shop/influencer-f7df178b/list/21SGEB8MPZA7D?ref_=aipsflist,https://i.pinimg.com/originals/0b/ac/b6/0bacb6ce135f6e4fba9982fb249454b1.jpg,1200,1800,0,2026-09-17
2026-09-29,organizacao de geladeira,ATMsCOWLeygKQ9o_A37UvwLWFuFDBoz6JCv6Ioy6wCQprkvjYKyqsm4AWte03qptZtidPa9dHfPourkYzEB5j6g,4,0,0,14 Piece Clear Fridge,homedepot.com,https://www.homedepot.com/p/Numhew-14-Piece-Clear-Fridge-Organizer-with-Drain-Tray-Keep-Produce-Fresh-BPA-Free-Refrigerator-Food-Storage-Container-Set-B4U4N5A4/341447925?cm_mmc=psoc-pinprg-%7Bcampaignid%7D-%7Badgroupid%7D,https://i.pinimg.com/originals/c4/aa/e4/c4aae49b5931770258202dd2f6fbb877.jpg,1000,1000,0,2026-09-05
2026-09-29,organizacao de geladeira,4362930883124834,5,307,0,,apersonalorganizer.com,https://apersonalorganizer.com/descomplica-como-organizar-a-geladeira/?utm_source=pinterest&utm_medium=utm_medium&utm_campaign=utm_campaign,https://i.pinimg.com/originals/3c/b8/09/3cb809402f1098a67c2c90f7a9f72836.jpg,735,1102,0,2024-10-20
2026-09-29,organizacao de geladeira,482940760065864660,6,4,0,"Organizadores de Geladeira de Acrílico com Tampa Drenagem 2,2 Litros",s.shopee.com.br,https://s.shopee.com.br/4VaaKHn3t5?channel_type=pinterest,https://i.pinimg.com/originals/f0/46/91/f04691bd9c9b74972e19bdb9a3647f9a.jpg,720,1280,1,2026-06-25
2026-09-29,organizacao de geladeira,826762444137988612,7,5,0,￼Kit 4 Organizador de Geladeira 3 Litros Cesto Com Tampa Multiuso Alimentos Verduras e Vegetais,shope.ee,https://shope.ee/3VNOoXob30?channel_type=pinterest,https://i.pinimg.com/originals/0b/84/bb/0b84bbac2b4adfc70cbc080e5b99d9e5.jpg,1168,1752,0,2026-09-12
2026-09-29,organizacao de geladeira,AVBwyRTMUOrUev872nhQp3qvqGBbTEejr3nTnuEPyqtvJOPXQ-TWtnJyNTBo5olx2dwyFitRpjhHSY_m33jmWDA,8,0,0,Zulay 4 Pack Clear,wayfair.com,https://www.wayfair.com/Zulay-Kitchen--Zulay-4-Pack-Clear-Refrigerator-Organizer-Bins-Xl-Fridge-Organizers-And-Storage-Clear-Ideal-Freezer-Organizer-Bins-Refrigerator-Storage-Containers-Kitchen-Cabinets-Pantry-Organization-ZRFTRB4PXL14.5N8.5N-L1223-K~IKSD1974.html,https://i.pinimg.com/originals/f3/4f/00/f34f00fb56d9d1eda9accaa217b1dba9.jpg,400,400,0,2026-08-04
2026-09-29,organizacao de geladeira,1135751599811547245,9,103,0,Refrigerator Organization Ideas | Clear Fridge Bins and Food Storage,,,https://i.pinimg.com/originals/c7/e8/33/c7e833e9bd69b767796c2400e3aa153c.png,1024,1536,0,2026-09-10
2026-09-29,organizacao de geladeira,AX2iQHHusVqvLFIe-y-iIUFBxUAp8ByZbXpnPDGxLGgHXLERcxw6L9eCkBWEGn7NIxMUvFybQG1eyUxLqwm5RIQ,10,3,0,7/14 Pack Fridge,us.shein.com,https://us.shein.com/ark/default?scene=1&test=5051&ad_type=DPA&goods_id=420698097&pf=PINTEREST&link_type=link&url_from=PINADSDPA&ismg=24d947c71830b2781a14927091f7f3c7cdeed7623e0f82a8320787a6d2cc5645_01_1790613833,https://i.pinimg.com/originals/36/a6/c2/36a6c28abb7612feb28dfcb5f7a23cf9.jpg,900,900,0,2026-07-16
2026-09-29,organizacao de geladeira,708542953922154999,11,0,0,"Kit 2 e 4 Organizadores de Geladeira 3,8, 2,8, 1,9 e 1,4 Litros Cesto com Tampa Multiuso Alimento Verdura e Vegetal 👉clique na sacolinha no vídeo 👉",instagram.com,https://www.instagram.com/reel/DXXxKqBDqQi/,https://i.pinimg.com/originals/38/dd/ca/38ddca57b3617dd93d62387c7249b174.jpg,540,960,1,2026-09-08
2026-09-29,organizacao de geladeira,32791903533599925,12,76,0,Organizador de geladeira no Mercado Livre (achadinho útil!),mercadolivre.com,https://mercadolivre.com/sec/2SouW5U,https://i.pinimg.com/originals/63/34/db/6334db40d5712e753440941f3189529e.jpg,720,1280,0,2026-08-09
2026-09-29,organizacao de geladeira,AVeL7GJjpIhZyCr8g9U8bNFrJuGXJKdIPdk7hQK2dCkvkyqzec32l0JNZXc32-Aou19WyLj3JW_NVkv6ha0qsuk,13,1,0,Refrigerator Side Door,inspireuplift.com,https://www.inspireuplift.com/refrigerator-side-door-storage-box-food-fruit/iu/21640596?variant=473675022,https://i.pinimg.com/originals/ba/85/62/ba856291fb414db65086f72a8f537f6f.jpg,800,800,0,2026-07-09
2026-09-29,organizacao de geladeira,1688918607556057,14,1747,0,,,,https://i.pinimg.com/originals/4f/a1/6a/4fa16a6c9e61432f35e90a29749e8105.jpg,750,938,0,2026-08-09
2026-09-29,organizacao de geladeira,1104930089878709367,15,1,0,Geladeira organizada: uma mudança simples que transforma a rotina,meli.la,https://meli.la/1fo95EG,https://i.pinimg.com/originals/c0/b9/91/c0b9912d7d403a80e5c853d3cbc3909a.png,1024,1536,0,2026-09-03
2026-09-29,organizacao de geladeira,1150388298602428908,16,1,0,Formas de organizar pequenos espaços sem perder o que você já tem,s.shopee.com.br,https://s.shopee.com.br/AAHEXLBdpp?channel_type=pinterest,https://i.pinimg.com/originals/bc/34/2e/bc342e2029fc03992268cae7dbafcc1d.png,1000,1500,0,2026-09-17
2026-09-29,organizacao de geladeira,AVC2FzgI4dLQ36o5snIxhps-cQm5EsOLavEDomj8oMGBoQ-jOsvGJsWN0mqJf779SSuiSoV3XLvwcqd7Ah2k_tE,17,0,0,"Get So Much More from your refrigerator with Zero Clearance™ Hinges that offer a sleek look, a Tall Ice & Water Dispenser for everyday ease and three types of ice—including LG’s exclusive Craft Ice™—f",lg.com,https://www.lg.com/us/zero-clearance-refrigerator?utm_source=pinterest&utm_medium=paid-social&utm_campaign=lg_2026_hs_xhs_awareness_views_paid-social_pinterest_kitchen&utm_content=hs_all_plp_04-01-26_12-31-26_awareness_lg-kitchen-smm-ref-6s_other_lifestyle_video_na_16x9_6s_mix_x&utm_term=hs_xhs_prospecting_us_interest_movers-remodelers_en_all_mix_x,https://i.pinimg.com/originals/31/6f/c6/316fc6c44d98576f7167c8c08215ed06.jpg,1080,1920,1,2026-03-30
2026-09-29,organizacao de geladeira,AeI8g8_vXP81VI6E8PhRG_5eeftloEBV-ooF0a19P3sk83PwWYtQSaDQYhYRsL8aSb8rjJ1tgjl2rQVW5yshGNU,18,0,0,Everything Organizer®,containerstore.com,https://www.containerstore.com/s/clearance/clearance-kitchen/everything-organizer-fridge-bin-with-handle/12d?productId=11026868&country=US&currency=USD&skuId=10102546&cid=sm%7Cpinterest%7C%7Cshopping,https://i.pinimg.com/originals/f1/c5/c6/f1c5c6c7f042420a88ce5dab17657b8b.jpg,312,312,0,2025-01-08
2026-09-29,organizacao de geladeira,20688479532006827,19,1030,0,,,,https://i.pinimg.com/originals/b5/ba/3f/b5ba3fecf06f91b1cded283cc43bd8b5.jpg,720,908,0,2024-12-14
2026-09-29,organizacao de geladeira,ASGukJ0BRRtfXS5it-uaefqNSFCyvP0ZJVUFGRZn1yyRJw3462VoljCqekwtzG_K2Fn8QwaoFfy9CN7SGxMlAOU,20,0,0,Refrigerator Organizer,walmart.com,https://www.walmart.com/ip/Refrigerator-Organizer-Bins-Kitchen-Food-Storage-Box-Fridge-Rack-Drawer-Shelf-Separate-Food-Vegetable-Fruit-Fresh-Containers-Space-Saver/107859357?wmlspartner=wlpa&selectedSellerId=103142843,https://i.pinimg.com/originals/bc/c0/a7/bcc0a7491b8105e7d7e4f74264b3bf34.jpg,1000,1000,0,2026-09-25
2026-09-29,organizacao de geladeira,751819731598453991,21,9,0,,instagram.com,https://www.instagram.com/reel/DcD668rxj4b/,https://i.pinimg.com/originals/cc/2a/a1/cc2aa1bb4348dc64fe480407bb9495e4.jpg,1170,2080,1,2026-09-02
2026-09-29,organizacao de geladeira,AUerSzh0UHd6oYhZa6YEqsAACZbDwk_727qzJA9ZlTWg6TlpX9YeAC8NCie71r26DSaaorKT5UjwuWXnt7ye4V4,22,0,0,Temu | Organizador de,temu.com,https://www.temu.com/ul/kuiper/un3.html?subj=dpa-un&_bg_fs=1&_p_jump_id=1082&_x_vst_scene=adg&goods_id=607653430424257&adg_ctx=a-6ba4d7fa~c-936d960c&_p_rfs=1&_x_ads_channel=pinterest&_x_ads_creative_id=%7Bproduct_partition_id%7D&_x_ads_id=%7Badgroupid%7D&_x_ads_set=%7Bcampaignid%7D&_x_ads_sub_channel=shopping&_x_ns_catalog_id=1580405374697&_x_ns_creative=%7Badid%7D&_x_ns_gid=607653430424257&_x_ns_,https://i.pinimg.com/originals/cb/a7/fd/cba7fdb2983399cf8b627f40cf851e96.jpg,1000,1000,0,2026-09-23
2026-09-29,organizacao de geladeira,68257750598651285,23,229,0,Organizadores Geladeira Armário Casa Cozinha,mercadolivre.com,https://mercadolivre.com/sec/2tCoSPA,https://i.pinimg.com/originals/69/18/ea/6918eacc5491ad87125481d210412e32.jpg,720,1280,1,2026-02-19
2026-09-29,organizacao de geladeira,AZf_ZZzAiLjONwFvbzAZlS6cFCaxIz089C-qtSrnMymNZTZ7887043sDLjrdBHPhSSldBtdKFM3zmY8ylOJxEFU,24,0,0,2+3 FREE | FridgePeek –,bright-residence.com,https://bright-residence.com/products/fridgepeek?variant=53332691943691,https://i.pinimg.com/originals/fb/40/19/fb4019bbd10fabd81b8c9880538bb33f.jpg,1024,1024,0,2026-09-01
2026-09-29,organizacao de geladeira,856739529156349408,25,2,0,,,,https://i.pinimg.com/originals/32/16/e6/3216e6179e8934c216763f4311d0699b.jpg,736,1104,0,2026-02-11
2026-09-29,organizacao de geladeira,21884748186335100,26,7,0,10 Genius Small Fridge Organization Hacks You Need to Try,,,https://i.pinimg.com/originals/8e/35/4b/8e354bd7be0e432d42dcdb1cb91b4170.png,848,1264,0,2026-09-17
2026-09-29,organizacao de geladeira,1055599909714892,27,2261,0,Fridge Organization Hacks for a Clean,,,https://i.pinimg.com/originals/7b/cf/e4/7bcfe4c3c947e01e438787ad36675473.png,887,1774,0,2026-09-09
2026-09-29,organizacao de geladeira,44121271346860334,28,110,0,Organizador de Geladeira,shopee.com.br,https://shopee.com.br/universal-link?redir=https%3A%2F%2Fsv.shopee.com.br%2Fshare-video%2FuWRb8K_MCAAzYEwXAAAAAA%3D%3D%3FfromSource%3Dcopy_link%26fromShareLink%3Dshare-marker%26shareUserId%3D390881331%26contentType%3D0%26jumpType%3Dshare%26pid%3Dsv%26c%3Dshare_web%26share_obj%3Dvideo%26myVideo%3Dtrue&deep_and_web=1&smtt=0.0.9&channel_type=pinterest,https://i.pinimg.com/originals/b6/6c/bb/b66cbbcf1daf771210ba92f333eb8181.jpg,720,1280,0,2026-07-03
2026-09-29,organizacao de geladeira,552676185547645619,29,13,0,,,,https://i.pinimg.com/originals/2a/3a/aa/2a3aaa4cb5e249368ce55e0d460ebaed.jpg,1080,1920,0,2026-08-02
2026-09-29,organizacao de geladeira,3166662234167172,30,438,0,Cajón de Verduras Organizado con Recipientes Transparentes,,,https://i.pinimg.com/originals/22/8a/58/228a584887d57ef894848cdc633cd5c3.jpg,1242,1869,0,2026-09-06
2026-09-29,organizacao de geladeira,7740630606765750,31,2545,0,,,,https://i.pinimg.com/originals/25/57/f0/2557f00881c339cd15cd117033764936.jpg,736,1092,0,2026-04-14
2026-09-29,organizacao de geladeira,687924911877660988,32,11,0,Organizadores de Geladeira,meli.la,https://meli.la/1Q5bMjt,https://i.pinimg.com/originals/31/46/eb/3146eb2cd3d55ffcf0ad48c13e26a9d9.jpg,1080,1920,0,2026-07-17
2026-09-29,organizacao de geladeira,ARVn9iZs7FLMEaE8Y0_R4u4KcbdjdT9IFcQcV9o8busin6ZzZPyx8miAgQVBQDLZJu5kb4-ZWbtdeBJJYOnbyfI,33,1,0,Temu | 6pcs(3pcs Boxs +,temu.com,https://www.temu.com/ul/kuiper/un3.html?subj=dpa-un&_bg_fs=1&_p_jump_id=1082&_x_vst_scene=adg&goods_id=601103831978044&adg_ctx=a-0c9d815b~c-a0488ac7&_p_rfs=1&_x_ads_channel=pinterest&_x_ads_creative_id=%7Bproduct_partition_id%7D&_x_ads_id=%7Badgroupid%7D&_x_ads_set=%7Bcampaignid%7D&_x_ads_sub_channel=shopping&_x_ns_catalog_id=1567707391772&_x_ns_creative=%7Badid%7D&_x_ns_gid=601103831978044&_x_ns_,https://i.pinimg.com/originals/b5/d5/7c/b5d57cb341bb834e5781bc003f045da4.jpg,2560,2560,0,2026-08-19
2026-09-29,organizacao de geladeira,83738874317470849,34,119,0,Organização da Geladeira | Organizadores de Acrílico | Casa Limpa e Organizada,s.shopee.com.br,https://s.shopee.com.br/8V5KYKeLUn?channel_type=pinterest,https://i.pinimg.com/originals/7c/05/ab/7c05ab56d0a27b4c451e71a83ac17c63.png,1536,2752,0,2026-09-01
2026-09-29,organizacao de geladeira,AYWdkmva_2hxWBgqGUxf8tDzHvBtOhDR6o6pLi5iLYMpseA9SrDDYkTrnSfK0-8WmbWuVrsZW_W3H1vP06Adriw,35,0,0,Temu | Contenedores de,temu.com,https://www.temu.com/ul/kuiper/un3.html?subj=dpa-un&_bg_fs=1&_p_jump_id=1082&_x_vst_scene=adg&goods_id=601102575399679&adg_ctx=a-eeb6bdac~c-4d926fdc&_p_rfs=1&_x_ads_channel=pinterest&_x_ads_creative_id=%7Bproduct_partition_id%7D&_x_ads_id=%7Badgroupid%7D&_x_ads_set=%7Bcampaignid%7D&_x_ads_sub_channel=shopping&_x_ns_catalog_id=1580405374697&_x_ns_creative=%7Badid%7D&_x_ns_gid=601102575399679&_x_ns_,https://i.pinimg.com/originals/fa/9c/b5/fa9cb5191b22389ccdc24dbd3b04133f.jpg,2000,2000,0,2026-09-19
2026-09-29,organizacao de geladeira,68749528357,36,2310,0,"Geladeira- Como limpar, organizar e quanto tempo conserva alguns alimentos?",tudoquevale.wordpress.com,https://tudoquevale.wordpress.com/2015/11/12/geladeira-como-limpar-organizar-e-quanto-gempo-conserva-alguns-alimentos/,https://i.pinimg.com/originals/b8/f2/31/b8f231a1383abd1f0a8aec745348096b.png,619,802,0,2025-11-18
2026-09-29,organizacao de geladeira,AQ2bg9wL9eXFkZ63X1XwsA-hfEYm5iCD4cdpn-pO20IPSan27xyCjrf5u1nQmWs7_w3TQCsE_T8T-wzssPIOLx4,37,0,0,Refrigerator Drawer,lightinthebox.com,https://www.lightinthebox.com/refrigerator-drawer-storage-partition-board-storage-box-vegetable-and-fruit-household-fresh-keeping-box-large-capacity-transparent-storage_p9456364.html?litb_from=pinterest_sns_paid&utm_source=pinterest_sns_paid&utm_medium=sns&utm_campaign=litb_catalogs,https://i.pinimg.com/originals/1f/92/0d/1f920d8ef3c2df735a2e5ec0843ccfce.jpg,720,1080,1,2026-05-04
2026-09-29,organizacao de geladeira,68749528348,38,619,0,Organizar sua geladeira dessa maneira é tudo né 🤩 Que tal deixar a sua assim também? Gostou? Comente geladeira que vou te enviar os links E nos siga para mais achadinhos e promoções @maeorganizada_ #g,instagram.com,https://www.instagram.com/reel/DCoZLmBRxvI/,https://i.pinimg.com/originals/53/f4/bd/53f4bdaba1e684a00e6995ed67c9a1d0.jpg,540,960,1,2025-11-18
2026-09-29,organizacao de geladeira,767441592798454348,39,1,0,Organização de geladeira: antes e depois com organizadores transparentes,meli.la,https://meli.la/2KgKWeQ,https://i.pinimg.com/originals/34/21/fc/3421fc5d6404c0550180082f6c5c5338.png,1024,1536,0,2026-09-17
2026-09-29,organizacao de geladeira,20688479532286196,40,1389,0,Carne,,,https://i.pinimg.com/originals/9e/12/86/9e12862245328bd1d9d5f93ae6e57237.jpg,736,920,0,2025-03-03
2026-09-29,organizacao de geladeira,1196337404602232,41,1629,0,Cozin 🤍🤎,,,https://i.pinimg.com/originals/6a/e7/2c/6ae72cafbe081226f54517e378dafe0b.jpg,736,1308,0,2025-06-21
2026-09-29,organizacao de geladeira,1071575305070209605,42,3128,0,Já conhece nosso organizador de latas??,,,https://i.pinimg.com/originals/1c/f3/b4/1cf3b4960a40c5abe26f8bbbe3e6b446.jpg,1080,1920,0,2023-06-14
2026-09-29,organizacao de geladeira,AUdd7m5hgPUdL93g4v9b5YeaJV9bYILESC8t4mpy3nvr0dzfO55fUeZL_gGhWV5LaustmaynZDfYql7APjcmdAE,43,0,0,Temu | 1/2 Pack,temu.com,https://www.temu.com/ul/kuiper/un3.html?subj=dpa-un&_bg_fs=1&_p_jump_id=1082&_x_vst_scene=adg&goods_id=607042270018771&adg_ctx=a-57594303~c-79279a9b&_p_rfs=1&_x_ads_channel=pinterest&_x_ads_creative_id=%7Bproduct_partition_id%7D&_x_ads_id=%7Badgroupid%7D&_x_ads_set=%7Bcampaignid%7D&_x_ads_sub_channel=shopping&_x_ns_catalog_id=1567707391772&_x_ns_creative=%7Badid%7D&_x_ns_gid=607042270018771&_x_ns_,https://i.pinimg.com/originals/a7/19/86/a719864ea316c5302caf096dcd1feaba.jpg,1300,1300,0,2026-08-15
2026-09-29,organizacao de geladeira,1148840186232337388,44,2,0,Antes e depois: geladeira organizada ✨,s.shopee.com.br,https://s.shopee.com.br/6VNigOeF5H?channel_type=pinterest,https://i.pinimg.com/originals/26/a2/79/26a2798b90739b036ccaa1a7e425beb2.png,1024,1536,0,2026-09-09
2026-09-29,organizacao de geladeira,AVZoFohkwVYyTW462yzADFJ2IoabesaLQLu063xJWDnZTrdqUM0dNpc4M_96xMIDRm_kJXgt_ZRoYBGrPcg55_0,45,1,0,Temu | 3 cajas de,temu.com,https://www.temu.com/ul/kuiper/un3.html?subj=dpa-un&_bg_fs=1&_p_jump_id=1082&_x_vst_scene=adg&goods_id=606304240273569&adg_ctx=a-b98341f4~c-5231b226&_p_rfs=1&_x_ads_channel=pinterest&_x_ads_creative_id=%7Bproduct_partition_id%7D&_x_ads_id=%7Badgroupid%7D&_x_ads_set=%7Bcampaignid%7D&_x_ads_sub_channel=shopping&_x_ns_catalog_id=1580405374697&_x_ns_creative=%7Badid%7D&_x_ns_product_id=94206081107626&,https://i.pinimg.com/originals/f1/50/18/f15018af1fcf767ad01108e0bf4d8cdf.jpg,2000,3000,0,2026-07-19
2026-09-29,organizacao de geladeira,726135139975391821,46,2,0,Kit completo organizadores de Geladeira 🥶,shopee.com.br,https://shopee.com.br/universal-link?redir=https%3A%2F%2Fsv.shopee.com.br%2Fshare-video%2FL6Re_t77CQB9axwRAAAAAA%3D%3D%3FfromSource%3Dcopy_link%26fromShareLink%3Dshare-marker%26shareUserId%3D287075197%26contentType%3D0%26jumpType%3Dshare%26pid%3Dsv%26c%3Dshare_web%26share_obj%3Dvideo%26myVideo%3Dtrue&deep_and_web=1&smtt=0.0.9&channel_type=pinterest,https://i.pinimg.com/originals/d4/22/b7/d422b712516a046f6dc8ed9c586d7d16.jpg,1080,1920,0,2026-09-07
2026-09-29,organizacao de geladeira,6896205674482429,47,701,0,Refrigerator Organization Ideas 2026 | Fridge Organization & Storage,,,https://i.pinimg.com/originals/c2/37/ed/c237edb23575c61657ba8ae0dc57ac7a.jpg,935,1662,0,2026-09-11
2026-09-29,organizacao de geladeira,68749528359,48,9014,0,Geladeira organizada,,,https://i.pinimg.com/originals/26/dd/db/26dddb0173bb747cb463e972bb87ef6b.jpg,1080,1920,0,2025-11-18
2026-09-29,organizacao de geladeira,ARmaZQlPifvCJa1sLMBPuvoYkRIE3AciauNSERobuclkXeARGhKo-yFZKmkJmBDyQ7GBx_wwSIEzcUKOw3BqlI4,49,1,0,Temu | 6pcs Set - Clear,temu.com,https://www.temu.com/ul/kuiper/un3.html?subj=dpa-un&_bg_fs=1&_p_jump_id=1082&_x_vst_scene=adg&goods_id=601099731801575&adg_ctx=a-bee97fae~c-919c8cd4&_p_rfs=1&_x_ads_channel=pinterest&_x_ads_creative_id=%7Bproduct_partition_id%7D&_x_ads_id=%7Badgroupid%7D&_x_ads_set=%7Bcampaignid%7D&_x_ads_sub_channel=shopping&_x_ns_catalog_id=1567707391772&_x_ns_creative=%7Badid%7D&_x_ns_gid=601099731801575&_x_ns_,https://i.pinimg.com/originals/0a/ea/9a/0aea9a91d6b12b9900ca20e5c19457b9.jpg,800,800,0,2026-09-11
2026-09-29,organizacao de geladeira,1135751599812176373,50,10,0,Refrigerator Door Organization Ideas | Smart Drink and Food Storage,,,https://i.pinimg.com/originals/ee/74/b4/ee74b4eac9fc1db3640de62f6ba3a5d9.jpg,939,1678,0,2026-09-18
2026-09-29,organizacao de geladeira,AZsIct1xWxI3nj5tJFdBP0bqXxnATYdZasPJAQk0uWYZP2ZUriEtrWaTJxS3OZsDqZfPVJP4P_73NpVhZEecnGo,51,1,0,Fresh food storage fit,lowes.com,https://www.lowes.com/pl/Refrigerators-Appliances/4294857973?goToProdList=true&rangeFacet=price_td__0__2499,https://i.pinimg.com/originals/d9/7f/3e/d97f3e75ba5d631365b9511fde6e40bb.jpg,1000,1500,0,2026-01-12
2026-09-29,organizacao de geladeira,AbxJgnmiq0CwknBJPLWQNAl8RsPkylVaytyGUfkb2llofUtrIdrT4uaRoM47YimoJ-o23zJMDAiltE2vreeSZyQ,52,17,0,"I didn’t hate my fridge because it was messy. I hated it because it was inefficient. This setup fixed that. Clear zones. Easy access. No digging, no forgotten food in the back, and way less mental loa",instagram.com,https://www.instagram.com/reel/DTQF9BnEQ2a/,https://i.pinimg.com/originals/79/0e/8c/790e8ca3a435292800e288c2a0542035.jpg,1152,2048,1,2026-01-09
2026-09-29,organizacao de geladeira,Ab6AsCsrnXkS7nQAyD0SeGnRj6wHAXCiIMIMf8oSntEca_oDrqSnkAdpiTn6we0lAcUiROwOPKdajXhrHsCPAJ8,53,52,0,Top-rated & most trusted,crateandbarrel.com,https://www.crateandbarrel.com/bestsellers/1,https://i.pinimg.com/originals/06/99/2d/06992d5ea782b6b8a7c3bd3a372a9222.png,600,900,0,2026-08-06
2026-09-29,organizacao de geladeira,978336719078822735,54,0,0,"Uma geladeira organizada economiza espaço, conserva melhor os alimentos e ainda deixa a cozinha muito mais bonita. 🤍✨ Comente GELADEIRA que envio os links! 🔗",instagram.com,https://www.instagram.com/reel/DaiZ4FCOVzQ/,https://i.pinimg.com/originals/e0/ee/21/e0ee21ab6ef280b53fa8eea33c29d49a.jpg,720,1280,1,2026-09-14
2026-09-29,organizacao de geladeira,AQZqB9zOqseLrzeiOqy9CU5OLEl3DUaKjnBCNNO9qkQFhHWwm6peQohgkpXYu0jscJEQeNRUohVsX8TCKUjaMQo,55,1,0,Explore BEST Hoods at Abt,abt.com,https://www.abt.com/brand/Best?utm_source=Pinterest&utm_medium=social&utm_campaign=BESThoods_Aug26,https://i.pinimg.com/originals/85/b6/4e/85b64e4dcfcb9a4117e18dbe06518ee2.png,1000,1500,0,2026-08-14
2026-09-29,organizacao de geladeira,48484133480859689,56,65,0,Organização da geladeira | Antes e depois 💖 Cupom de 20% de desconto Ou Organizadores: AMORAS20,,,https://i.pinimg.com/originals/b0/35/70/b035707b115e631161ee0d5233ef78a8.jpg,1080,1920,0,2023-03-18
2026-09-29,organizacao de geladeira,Aa0CZiCj7MJsttGYv8qP9IWH4oUhw5e-08ZpeecJZtGMLxS2XR0AjHzHECI-AOVMcWRJ70nErfR9NlelmY8TxqY,57,1,0,MODERN PERFORMANCE FOR,fergusonhome.com,https://www.fergusonhome.com/ge-appliances/c112078?utm_source=pinterest&utm_medium=psa&utm_campaign=0_fh_national_convert_acquire_2573_ge_product_psa_2026vmfge&utm_content=gepp4,https://i.pinimg.com/originals/02/60/fd/0260fd3d8616a0f226d105b62f5127d0.jpg,2083,3125,0,2026-06-29
2026-09-29,organizacao de geladeira,AcmKFqYR-IB8uno32_RAq4blxsIWlUuxfkcfCWLLkEiA6lWZWau5w91SYRaA6i5iYNe48Y2b3iZxCo3osJPGk3g,58,0,0,Sara Le Printed Roman,twopagescurtains.com,https://twopagescurtains.com/products/sara-le-printed-roman-shade-cordless?variant=47330481668407,https://i.pinimg.com/originals/90/c9/f0/90c9f069302019e0643fcdc74b847270.jpg,800,1200,0,2025-09-09
2026-09-29,organizacao de geladeira,1140044093220517806,59,1,0,Potes Herméticos | Organização de Geladeira,meli.la,https://meli.la/1LWwtJc,https://i.pinimg.com/originals/d6/46/91/d646919f95eeacc0df56332c7df37fa8.png,1024,1536,0,2026-09-09
2026-09-29,organizacao de geladeira,AbyTN7rpMrky2hdFVxQyiOOrjmJ5ZUBMhjI3djlURWzGgkhfsCABUitooQwp3I1jhlAvC3fr4yR0XSkFEqtLF9Y,60,7670,0,Our best deals on ILVE,homeoutletdirect.com,https://homeoutletdirect.com/,https://i.pinimg.com/originals/15/b0/86/15b086b8f45fd142eb88aa24703eaf14.jpg,2000,3000,0,2023-09-03
2026-09-29,organizacao de geladeira,1086634216382598256,61,1,0,Kit 4 Organizadores de Geladeira com Tampa para Frutas e Verduras,s.shopee.com.br,https://s.shopee.com.br/BTYCYAjbD?channel_type=pinterest,https://i.pinimg.com/originals/47/f2/c0/47f2c0121e85d56842ad855ca361532b.jpg,576,1024,1,2026-09-04
2026-09-29,organizacao de geladeira,1130403575251277327,62,1,0,Organized Fridge with Glass Containers & Wooden Labels,,,https://i.pinimg.com/originals/97/e5/ff/97e5ff5a72553d83bf2be5bb7c3c76b0.jpg,687,1024,0,2026-09-02
2026-09-29,organizacao de geladeira,14636767537186874,63,920,0,,,,https://i.pinimg.com/originals/a8/7a/cf/a87acf4b751567695b2388819630953a.jpg,736,1104,0,2026-07-11
2026-09-29,organizacao de geladeira,3307399720686845,64,777,0,Stephanie Vargas's Amazon Page - F R I D G E,amzn.to,https://amzn.to/3SaW0MG,https://i.pinimg.com/originals/63/eb/8a/63eb8ad70515dd699d0d0cbb76cf89bf.jpg,720,1280,1,2024-08-24
2026-09-29,organizacao de geladeira,4644405861714933,65,1289,0,,,,https://i.pinimg.com/originals/a7/3f/d0/a73fd0d7298199c87f11720dafbfe26e.jpg,1080,1920,0,2026-08-22
2026-09-29,organizacao de geladeira,3025924745947458,66,11265,0,,,,https://i.pinimg.com/originals/74/4b/c3/744bc314c461120898847f86355b698d.jpg,736,1104,0,2025-06-15
2026-09-29,organizacao de geladeira,795237246754314271,67,0,0,"Sua geladeira pode ficar muito mais organizada sem ocupar espaço! 😍 Esse kit com 4 organizadores tem cesto com drenagem e tampa, perfeito para frutas, verduras e outros alimentos. 🥕🍓 Um daqueles achad",instagram.com,https://www.instagram.com/reel/DcmAiB0xgRX/,https://i.pinimg.com/originals/38/a7/49/38a749c754a5e9f29c14276b42c7562e.jpg,1080,1920,1,2026-09-08
2026-09-29,organizacao de geladeira,80009330871549185,68,11589,0,Organização na geladeira,,,https://i.pinimg.com/originals/c9/a2/90/c9a290e5ba170781f54a7671c8171f30.jpg,640,790,0,2021-02-26
2026-09-29,organizacao de geladeira,1071575305068185707,69,49,0,Organização de geladeira. Vem conhecer nossos produtos.,,,https://i.pinimg.com/originals/d7/a2/ce/d7a2ce1a2687f2a9d939b2a4d3b13def.jpg,1080,1920,0,2023-04-25
2026-09-29,organizacao de geladeira,121386152452613084,70,293,0,Organizadores para sua geladeira!,,,https://i.pinimg.com/originals/fd/55/2c/fd552cc98cb0c01b1f3b2174eb23d4ae.jpg,1224,1632,0,2025-07-31
2026-09-29,organizacao de geladeira,56224695344161883,71,480,0,~Geladeira organizada~,,,https://i.pinimg.com/originals/ce/5c/ee/ce5cee8a95f172468133e1f3f846efee.jpg,736,1308,0,2026-01-17
2026-09-29,organizacao de geladeira,5277724558334547,72,936,0,Organizadores de geladeira,ou.com.br,https://www.ou.com.br/organizar/clear-fresh,https://i.pinimg.com/originals/a3/60/e0/a360e0ae757df971bc16fb5132df0ecb.jpg,2752,4128,0,2024-05-28
2026-09-29,organizacao de geladeira,1146940230213783515,73,1,0,O Truque para Organizar uma Geladeira Pequena,meli.la,https://meli.la/2P47mXe,https://i.pinimg.com/originals/52/2b/7b/522b7beae5d072a95d1d67cb847fe2fa.png,941,1672,0,2026-09-10
2026-09-29,organizacao de geladeira,1130403575251371323,74,1,0,Como organizar a geladeira: 5 ajustes simples para manter tudo organizado por mais tempo,s.shopee.com.br,https://s.shopee.com.br/4qFMVtHzpJ?channel_type=pinterest,https://i.pinimg.com/originals/4a/a4/64/4aa4641d18435c4c408cfba83ea74d29.png,1024,1536,0,2026-09-03
2026-09-29,organizacao de geladeira,774124931876321,75,2068,0,,,,https://i.pinimg.com/originals/a2/c9/1c/a2c91c809c4f5296e57d185d2926dceb.jpg,1024,1536,0,2026-07-11
2026-09-29,organizacao de armario pequeno,AXVmgdk1BKC0yqqsEjJ1_HoONMVxdofh1-UbdmZatm7d3Ezew6VQn_IgIRg90Pm88MQndQQSCWwRmdR0AjWTcDA,1,8,0,Video 02 — Custom Closets,grcustomwoodwork.com,https://grcustomwoodwork.com/,https://i.pinimg.com/originals/4c/10/76/4c10762bdbb44091558c65268c382028.jpg,1080,1920,1,2026-05-29
2026-09-29,organizacao de armario pequeno,93520129757476890,2,28,0,Top 3 organizadores pra ter um guarda-roupa arrumado e impecável #guardaroupas #organização #quarto,m.youtube.com,https://m.youtube.com/shorts/atREqKch97E,https://i.pinimg.com/originals/d4/3c/63/d43c633f38f411061b9b79de03eb72a2.jpg,405,720,0,2026-06-29
2026-09-29,organizacao de armario pequeno,AbEoxQD3ztHtm4hET2ue2wtMJzXik-2KahD375GHx9rHaUR0NdYxDPxn3NQcqt5_d60v0nQBfWYf6SI663QhiVQ,3,363,0,Amazon Closet,amzlink.to,https://amzlink.to/az0ZttdltNHkD,https://i.pinimg.com/originals/23/8f/68/238f686c7cbada8fbd99c222bb2f71b9.png,1000,1500,0,2026-07-26
2026-09-29,organizacao de armario pequeno,AQjYmT1EE7IP_zr-CltZDsxsQtj6k1SZxwiLMPm3-OO4_D5eddC_K99I8zRXKgXPwzoLe5Z52usvVEl8x2kVP6U,4,76,0,ShelfTrack 120.5 in. W,homedepot.com,https://www.homedepot.com/p/ClosetMaid-ShelfTrack-120-5-in-W-White-Reach-In-Wall-Mount-5-Shelf-Wire-Closet-System-Organizer-Kit-2091/206448546?cm_mmc=psoc-pinprg-%7Bcampaignid%7D-%7Badgroupid%7D,https://i.pinimg.com/originals/6f/89/a0/6f89a0458b18d4f4c4c485516dbda62f.jpg,1000,1000,0,2023-04-06
2026-09-29,organizacao de armario pequeno,AbG7nwmwYy1w4FnxRPLbScfJ7heLV5w1q33qG290CHohN9epSqmwUsjYUMiLAmh8p-JyuT-_uGReWZSI02UH1vQ,5,905,0,Amazon Closet,amzlink.to,https://amzlink.to/az0Zr8WhocscL,https://i.pinimg.com/originals/c9/67/bb/c967bbb6c8f53f14839643056568ef7c.png,1000,1500,0,2026-03-18
2026-09-29,organizacao de armario pequeno,2392606049014078,6,1218,0,small closet organization,,,https://i.pinimg.com/originals/c9/ac/69/c9ac6992b2359f11928f54cd85931bc1.png,1080,1920,0,2026-04-01
2026-09-29,organizacao de armario pequeno,351912467473287,7,2849,0,,,,https://i.pinimg.com/originals/39/e5/0f/39e50fde005063f06324c9a68d650ee7.jpg,1080,1441,0,2026-06-30
2026-09-29,organizacao de armario pequeno,Af7ZPlHbTbhKRUfChHo9Im6zA8rpbi05KRe4l1dlOngcKXVWRGQfZOiC2vP1S6tEkimnYTOGLt5LNSg-UHi9Q74,8,253,0,Amazon Closet,urlgeni.us,https://urlgeni.us/amzn/3aqm0o,https://i.pinimg.com/originals/4a/36/ec/4a36ece65f02c0a4daaffe56e62be0c9.png,1000,1500,0,2026-02-07
2026-09-29,organizacao de armario pequeno,AbP20asRvDFEOZCxAJulOLVWbf7xI7yfdQbbrIVT0IsyAkg5ajPHaC-GMgUt0zvHVfyXqY5fLa4wYvwh3KL3kRo,9,189,0,Amazon Closet,amzlink.to,https://amzlink.to/az0dsl4kwYcTE,https://i.pinimg.com/originals/0e/af/7f/0eaf7fbc9a17de64c558569a17c4bcf7.png,1000,1500,0,2026-08-10
2026-09-29,organizacao de armario pequeno,AQvjFQ_2iMyYWcoKN2d1Whx6x3EUqAGOyyZJ0TuIhQ_ENBiyuo60kvqKKl7aqCfom6ygo9KnxOSBPKifGYFzVJg,10,1,0,Temu | 4/8pcs And Linen,temu.com,https://www.temu.com/ul/kuiper/un3.html?subj=dpa-un&_bg_fs=1&_p_jump_id=1082&_x_vst_scene=adg&goods_id=601099613266064&adg_ctx=a-27e0aa35~c-eeffcfff&_p_rfs=1&_x_ads_channel=pinterest&_x_ads_creative_id=%7Bproduct_partition_id%7D&_x_ads_id=%7Badgroupid%7D&_x_ads_set=%7Bcampaignid%7D&_x_ads_sub_channel=shopping&_x_ns_catalog_id=1567707391772&_x_ns_creative=%7Badid%7D&_x_ns_gid=601099613266064&_x_ns_,https://i.pinimg.com/originals/2d/cd/87/2dcd87ca50455c8c6cb07976f9949c14.jpg,2000,3000,0,2026-03-29
2026-09-29,organizacao de armario pequeno,1124281494505896033,11,19,0,Minimal Closet Makeover Ideas with Smart Over-the-Door Storage,,,https://i.pinimg.com/originals/30/c4/30/30c4309f32ad4fefc97aeb31344b174b.jpg,1200,2133,0,2026-09-14
2026-09-29,organizacao de armario pequeno,30821578698054175,12,135,0,,,,https://i.pinimg.com/originals/0f/a8/55/0fa855bedbf1070ac3dda7da2136b8d0.png,1024,1536,0,2026-09-15
2026-09-29,organizacao de armario pequeno,AbiiM2Sc46PIL2BpsoGleGm39ENBcFTYWthagMOllTYrhCHLkIbcJdLJIshk5lbataPdjwXA7wyUVvTUfB-FO2A,13,1,0,Temu | Space-saving,temu.com,https://www.temu.com/ul/kuiper/un3.html?subj=dpa-un&_bg_fs=1&_p_jump_id=1082&_x_vst_scene=adg&goods_id=601100074758032&adg_ctx=a-5e112f77~c-7ddba2eb&_p_rfs=1&_x_ads_channel=pinterest&_x_ads_creative_id=%7Bproduct_partition_id%7D&_x_ads_id=%7Badgroupid%7D&_x_ads_set=%7Bcampaignid%7D&_x_ads_sub_channel=shopping&_x_ns_catalog_id=1567707391772&_x_ns_creative=%7Badid%7D&_x_ns_gid=601100074758032&_x_ns_,https://i.pinimg.com/originals/fd/78/1d/fd781d430b300381252ebd059f81af01.png,800,800,0,2026-04-28
2026-09-29,organizacao de armario pequeno,8444318048235592,14,845,0,,,,https://i.pinimg.com/originals/e1/9d/87/e19d87a99347bede6b8b88a5430d0c00.jpg,736,1308,0,2026-09-11
2026-09-29,organizacao de armario pequeno,AZjZk91Z6rWfxh-QyrTcn2M4Ck6_jqPnY-ERPSGBnNd9cu_JiwP_umsEPidUU5-xAnaNKC6G6vjrl-V8KlAcLB4,15,0,0,Closet System Set with 6,wayfair.com,https://www.wayfair.com/Latitude-Run%C2%AE--Closet-System-Set-with-6-Drawers-and-5-Hanging-Rods-X228038869-L6289-K~W117927758.html,https://i.pinimg.com/originals/8a/4d/63/8a4d63f8df2c483ed29ddcbec0b1b931.jpg,400,400,0,2026-08-30
2026-09-29,organizacao de armario pequeno,ASYYSxd4eoaX5uOD-emMHm_Qk0YO7UZdApyRGRMfpmIF59YesQwE4DwhbhXOJwjivvFg_7KTUpkKtsPODEup9E0,16,51,0,Whitmor Over-The-Door,kohls.com,https://www.kohls.com/product/prd-1607341/whitmor-over-the-door-shoe-shelves-organizer.jsp?skuid=94719226&ci_mcc=ci&utm_campaign=EC%20TEAM%20APPAREL&utm_medium=CSE&utm_source=pinterest&utm_product=93668431&CID=shopping29,https://i.pinimg.com/originals/8a/ab/98/8aab98eb7dbd7649f06e1497578b81a3.jpg,800,800,0,2026-09-22
2026-09-29,organizacao de armario pequeno,774124931878820,17,2748,0,Drawer Organization,,,https://i.pinimg.com/originals/ae/c7/2e/aec72e2dd35c685fddf906957873cd29.png,1024,1536,0,2026-07-12
2026-09-29,organizacao de armario pequeno,14425661318852066,18,589,0,Minimal Closet Makeover • Over-the-Door Closet Cascaders You'll Love,,,https://i.pinimg.com/originals/0e/62/35/0e6235bab65d0de235d87b66fd658ff8.jpg,768,1365,0,2026-08-13
2026-09-29,organizacao de armario pequeno,AYQDokXUJPxiWRpVaEckL8l89e1IZXk2p_1AEOm7VoVD3kJBLsJszA9EFNoaNSUUj_zXbWBYjLdIP5PPx8mVp-g,19,1,0,Temu | 10pcs Foldable,temu.com,https://www.temu.com/ul/kuiper/un3.html?subj=dpa-un&_bg_fs=1&_p_jump_id=1082&_x_vst_scene=adg&goods_id=607610279454907&adg_ctx=a-fed01630~c-0fe80464&_p_rfs=1&_x_ads_channel=pinterest&_x_ads_creative_id=%7Bproduct_partition_id%7D&_x_ads_id=%7Badgroupid%7D&_x_ads_set=%7Bcampaignid%7D&_x_ads_sub_channel=shopping&_x_ns_catalog_id=1567707391772&_x_ns_creative=%7Badid%7D&_x_ns_product_id=112921132711923,https://i.pinimg.com/originals/e7/cb/1b/e7cb1bfe37572beafe02538a74d0be73.jpg,2000,3000,0,2026-08-13
2026-09-29,organizacao de armario pequeno,68750421317,20,1861,0,13 Closet Organization Ideas for a Neat and Functional Space,ruffledmom.com,https://ruffledmom.com/13-closet-organization-ideas/,https://i.pinimg.com/originals/47/10/e8/4710e893955ab90a7a36f49eaa3a3fac.png,1024,1536,0,2026-09-18
2026-09-29,organizacao de armario pequeno,AXNXoY_puL1XtG7WVR0nwCwUopJGZoOtpc37Aun4ypcLSJuqp2_wArXVcgf4GApxX99aJZnWove9fZPsJUpXEmQ,21,0,0,1pc Wardrobe Organizer,us.shein.com,https://us.shein.com/ark/default?scene=1&test=5051&ad_type=DPA&goods_id=324373894&pf=PINTEREST&url_from=PINADSDPA&ismg=f3581963d301ecedd0698f156877264e0ab240d24474508f145b0ba582438e7e_01_1790613822,https://i.pinimg.com/originals/96/d8/f7/96d8f794d81fe8d9ad588b5f7e7914bb.jpg,1340,1785,0,2026-07-10
2026-09-29,organizacao de armario pequeno,12596073954469293,22,938,0,Completely Organized Closet,,,https://i.pinimg.com/originals/0f/de/ce/0fdecea9cb77433cc209f4f607e2a85d.png,1024,1536,0,2026-07-30
2026-09-29,organizacao de armario pequeno,AafvXVFSTpMjfTBlhQaw8c4fBoWlYRXCmFbfQW8OXQaE7i7CRtUcNxmFz_x41VBPSRDOGroyvXmooD2wXgOXB5I,23,37,0,Luxury Closet,geni.us,https://geni.us/SaABX,https://i.pinimg.com/originals/ca/cf/1c/cacf1c04fcf5df32ede59284abef56ee.jpg,736,1104,0,2026-05-15
2026-09-29,organizacao de armario pequeno,ARqkKaI-80GCPBcq4NXsv9EUyKCQMQYC2_RDbT9JEZPmU4cYOwz8khp3shnr1IKtmmR31-dpic4D-Gq6CE_wK5Y,24,3,0,Storage Ideas,target.com,https://www.target.com/b/brightroom/-/N-q643le5t6vk?TCID=SMO,https://i.pinimg.com/originals/28/94/87/28948780ab3f3d66dfacf47c19433be8.jpg,1000,1550,0,2023-08-03
2026-09-29,organizacao de armario pequeno,AZamlqlkOlOZrhPhH_psoADeM9kJxuHEV1eE4UOyGZhy4VW_kc0UPslkqAOgkcqLmFPRCWVYcFEXdngI4X1Y1uA,25,1515,0,No-reno closet upgrade,amzlink.to,https://amzlink.to/az0rlOJ1Woljm,https://i.pinimg.com/originals/f3/88/71/f38871c5a220bfea49d2351bb9a16e8f.jpg,720,1280,1,2026-06-23
2026-09-29,organizacao de armario pequeno,829858668891237920,26,1,0,Small Closet Organization Ideas: Before & After Storage Guide,,,https://i.pinimg.com/originals/b5/bc/38/b5bc386eaf1301a9b0902d1fd3c5d06b.jpg,1200,1607,0,2026-09-12
2026-09-29,organizacao de armario pequeno,11470174047833755,27,37,0,Small Closet? 5 Ways to Double Your Storage,,,https://i.pinimg.com/originals/e3/a9/76/e3a976908d6b2b87937e5c890c254dc2.png,1024,1536,0,2026-09-14
2026-09-29,organizacao de armario pequeno,87186942780620777,28,101,0,Top 17 Small Apartment Closet Organization Tips That Maximize Every Inch - 2026,soliaavenue.com,https://soliaavenue.com/small-apartment-closet-organization-tips/,https://i.pinimg.com/originals/a7/e4/8f/a7e48f3d48e254db0ef6789cd08a9c6c.jpg,1024,1536,0,2026-08-26
2026-09-29,organizacao de armario pequeno,611715561932261087,29,11,0,closet organizing .𖥔 ݁ ˖,,,https://i.pinimg.com/originals/3f/68/f7/3f68f7d9e41999cd174cecd6eec2d983.png,1122,1402,0,2026-09-14
2026-09-29,organizacao de armario pequeno,1118933469951180415,30,17,0,Small Closet Organization Ideas to Maximize Every Inch,amzn.to,https://amzn.to/4h5QEzc,https://i.pinimg.com/originals/55/26/71/5526714616ea646d6a175353dd4cf7f1.jpg,1200,1800,0,2026-09-14
2026-09-29,organizacao de armario pequeno,563018699896549,31,13535,0,Idea de armario,,,https://i.pinimg.com/originals/4f/3b/bb/4f3bbbd63e8b41420386848ebc126b63.png,1086,1448,0,2026-07-26
2026-09-29,organizacao de armario pequeno,701083867040124118,32,1,0,Ideias para organizar armário.,s.shopee.com.br,https://s.shopee.com.br/2LYNWqZl5y?channel_type=pinterest,https://i.pinimg.com/originals/3d/17/01/3d1701e95192bf2bc3048bc54eb97c8a.jpg,564,1003,0,2026-09-17
2026-09-29,organizacao de armario pequeno,10133167907369677,33,289,0,Small Closet Ideas for Apartments These closet storage essentials are perfect for studio ap...,tr.ee,https://tr.ee/1ax5C1?gadgets+design+car+kitchen,https://i.pinimg.com/originals/c2/69/aa/c269aa449684c8ce726b2b800214a88c.png,1024,1536,0,2026-09-10
2026-09-29,organizacao de armario pequeno,AfxcWkF5y9s3YqKcMri8SbcLA6bX4wSFsxKhS7d4lrxXhA_MWqZQPPP3qpMuWRTBgxVRbMKvO6wZ3UU8r6IElu8,34,0,0,"SpaceCreations 44"" W -",birchlane.com,https://www.birchlane.com/ClosetMaid--SpaceCreations-44-W-115-W-Closet-System-Starter-Kit-6105340-6106340-L6289-K~CLOP1423.html?refid=PSO422-CLOP1423_62841288&PiID[]=62841288,https://i.pinimg.com/originals/aa/2b/bc/aa2bbcaea557cc0de1ae5e58983ccf72.jpg,400,419,0,2026-06-07
2026-09-29,organizacao de armario pequeno,6614730699674237,35,420,0,20 Home Organization Essentials From Amazon That Make Every Room Feel Calmer - 2026,soliaavenue.com,https://soliaavenue.com/home-organization-essentials-amazon/,https://i.pinimg.com/originals/1c/6f/71/1c6f71178a2521acb729bbd9bdbef80c.jpg,1024,1536,0,2026-07-19
2026-09-29,organizacao de armario pequeno,5136987071431090,36,654,0,,,,https://i.pinimg.com/originals/e0/1c/a4/e01ca4f2a5fdbbba1fe3dd16f5578808.png,1024,1536,0,2026-08-31
2026-09-29,organizacao de armario pequeno,777222848242152474,37,9,0,Small Closet Hack: Turn Dead Door Space Into Hidden Storage,,,https://i.pinimg.com/originals/6d/8d/7d/6d8d7d99c72302a770af5483fc2b76b0.jpg,768,1365,0,2026-09-15
2026-09-29,organizacao de armario pequeno,8233211829774913,38,398,0,,,,https://i.pinimg.com/originals/51/ca/65/51ca65b49818a11684f64944d682d34f.jpg,1164,2024,0,2026-09-15
2026-09-29,organizacao de armario pequeno,1090504497304493799,39,6,0,small closet organization ideas,,,https://i.pinimg.com/originals/de/1f/6f/de1f6fe2d233c8bcd632390b0aef80e5.jpg,896,1200,0,2026-09-07
2026-09-29,organizacao de armario pequeno,355714070591512061,40,11,0,Small Closet Organization Ideas | Over The Door Closet Storage,amazon.com,https://www.amazon.com/shop/influencer-f7df178b/list/2OLVPAU5MAL61?ref_=aipsflist,https://i.pinimg.com/originals/38/83/2d/38832dc08b17ad72502d56cd72eb09c0.jpg,1200,1800,0,2026-09-13
2026-09-29,organizacao de armario pequeno,5488830793526759,41,571,0,Organização do Armário Perfeito,kalinkacarvalho.com.br,https://kalinkacarvalho.com.br/blog/blogagem-coletiva-armarios,https://i.pinimg.com/originals/4b/2e/36/4b2e3642b4c35071e393feb383c4bb23.png,1684,2528,0,2026-08-25
2026-09-29,organizacao de armario pequeno,1102185708856479722,42,13,0,Small closet organization,,,https://i.pinimg.com/originals/5b/13/b3/5b13b3aae7307602e9b1de382a4d24e3.png,1024,1536,0,2026-09-12
2026-09-29,organizacao de armario pequeno,4292562141739980,43,844,0,Closet Organization Hacks That Actually Work,bloggingperspective.com,https://bloggingperspective.com/closet-organization-ideas-that-actually-make-a-huge-difference/,https://i.pinimg.com/originals/80/b0/4c/80b04cd28e2a0334fc96d851a9e9da3c.jpg,1000,1500,0,2026-09-12
2026-09-29,organizacao de armario pequeno,14355292557302571,44,750,0,Gurda-roupa organizado,tr.ee,https://tr.ee/8jnvEP,https://i.pinimg.com/originals/60/a7/69/60a7691b7fe60a5fd7d1cdfa6f1c0b73.jpg,640,1136,1,2026-01-11
2026-09-29,organizacao de armario pequeno,13933080091270707,45,55,0,"Arquiteta Danielle Vilas - RJ | MG on Instagram: ""⚠️ ESPECIAL PARA QUARTO PEQUENO 😉✨ Para de perder espaço e tenha um lindo closet (fuja logo do óbvio!)🤪 Com uma marcenaria planejada você consegue faz",instagram.com,https://www.instagram.com/reel/C9DkrMcyy1P/?igsh=MTNrZW00NmE4cDJ4,https://i.pinimg.com/originals/59/65/e7/5965e79bfa1998be63fc90070cdaa13e.jpg,360,640,0,2024-07-23
2026-09-29,organizacao de armario pequeno,4362930884098884,46,16259,0,,,,https://i.pinimg.com/originals/d1/53/7d/d1537d986ad7d115f987c0271b9621a0.jpg,1080,1920,0,2025-08-28
2026-09-29,organizacao de armario pequeno,217932069464500844,47,24,0,Small Closet Organization Ideas for a Tidy & Functional Space,,,https://i.pinimg.com/originals/da/09/c1/da09c1001f53cfeeef346261c9698360.png,1024,1536,0,2026-09-14
2026-09-29,organizacao de armario pequeno,928726754380242417,48,202,0,"Você não precisa de um guarda-roupas maior, você precisa disso:",,,https://i.pinimg.com/originals/f8/7c/40/f87c4009352b003c5ad1a48312aec78e.jpg,1080,1920,0,2022-06-03
2026-09-29,organizacao de armario pequeno,AahGo8eY9UpT3yeRVLmgs6UuHH2GxqXwsjJGnOj_GyNSebmB891B8rAIYY55WYz4lDVs18ia67PYdSq-l1Pxd-A,49,9,0,Homieasy Large White,walmart.com,https://www.walmart.com/ip/Homieasy-87-2-Large-Corner-Closet-Organizer-3-Sets-with-4-Drawers-4-Rods-Heavy-Duty-2000-lbs-Capacity-White/18105308316?wmlspartner=wlpa&selectedSellerId=101253865,https://i.pinimg.com/originals/96/f7/bd/96f7bde24e83c3f3dbb641b709e153c6.jpg,1600,1600,0,2026-08-15
2026-09-29,organizacao de armario pequeno,24629129207643822,50,1977,0,organizando guarda roupa,,,https://i.pinimg.com/originals/a7/7e/79/a77e79a1b8233d95759d3384455326fa.jpg,1028,1827,0,2025-04-10
2026-09-29,organizacao de armario pequeno,Aa50HXJPxFD5v3RIhYQ9evOlgGDbeYQTS-1hZLsYUvkKgIyjx20UuJxWZIka2uFsOyNDxKrHKPjjrjCCmZRE5J0,51,14,0,ShelfTrack 72 in. W White,homedepot.com,https://www.homedepot.com/p/ClosetMaid-ShelfTrack-72-in-W-White-Reach-In-Wall-Mount-3-Shelf-Wire-Closet-System-Organizer-Kit-2873/100519840?cm_mmc=psoc-pinprg-%7Bcampaignid%7D-%7Badgroupid%7D,https://i.pinimg.com/originals/2d/5f/01/2d5f01570b8659558b15ffd13cc6bc4b.jpg,1000,1000,0,2023-04-06
2026-09-29,organizacao de armario pequeno,AeBg-3GO1VMuZyWaCPc0fKqSwnHjHmTueW0coWWoEW5PmIVDlrst8EbMvzfj00eSTJxnn7Vp3Cz_rH9X5mtPIA8,52,3,0,White & Gold Modern Extra,homary.com,https://www.homary.com/lditem/white-gold-modern-extra-wide-wardrobe-with-clear-glass-door-storage-with-sensor-light-46382.html?currency=usd&language=en&country_code=us&utm_source=pinterest&utm_medium=cpm&utm_term=%7Bcampaignid%7D,https://i.pinimg.com/originals/9a/4e/f6/9a4ef61ffdcc97e3de4cdf168e779242.jpg,1000,1000,0,2026-09-24
2026-09-29,organizacao de armario pequeno,AalItR7nEz6rStpw_ydgOHyQr-5yAxN8p7umEHbnXjJ7vzVMsLwubXv4DUxPeKbv0jpOZ-HHZCuGgR_ym5FNeFw,53,4012,0,Amazon Closet,amzlink.to,https://amzlink.to/az0HzgCVtqaTr,https://i.pinimg.com/originals/3b/5e/54/3b5e54936b072f3e6d19d5cfb006c482.png,1000,1500,0,2025-07-20
2026-09-29,organizacao de armario pequeno,699113542202132401,54,1,0,10 Cute Small Closet Ideas Aesthetic Space Savers,heutebeziehung.de,https://heutebeziehung.de/10-cute-small-closet-ideas-aesthetic/,https://i.pinimg.com/originals/18/e1/90/18e190456658c8c1c5a6d081a703d258.webp,1200,2133,0,2026-09-18
2026-09-29,organizacao de armario pequeno,AcxrCkpsK1KUarIeLAS-nqKCc42EZ8Q9K9lD3jnDWUaoq-P0BBpVXLolzXk-_Dtfl_mkVQgcKP4yChnSUj0kuMI,55,0,0,Sleek Modern Style,go.roomandboard.com,https://go.roomandboard.com/duwTG4,https://i.pinimg.com/originals/f2/eb/dd/f2ebdd758e7bac974bad7017e0731141.jpg,1000,1500,1,2025-10-17
2026-09-29,organizacao de armario pequeno,1087689747538951296,56,1,0,Small Closet Organization on a Budget,,,https://i.pinimg.com/originals/4e/3a/84/4e3a84af3a6100cd1fda808db6b1aff1.png,1024,1536,0,2026-09-16
2026-09-29,organizacao de armario pequeno,Ab1Wbi25WOx2phtRDhMeICDTyqSt4wvdnOF6QZKQNumZqe5IjH5HeAwL_y-twWIijcWvG4y8RiFu7pgJDxhbGxo,57,0,0,4pcs Plastic Foldable,us.shein.com,https://us.shein.com/ark/default?scene=1&test=5051&ad_type=DPA&goods_id=59165370&pf=PINTEREST&url_from=PINADSDPA&ismg=2aa9d851dc13c91cd8be7bd67561b51e0d3811824de28c58a1169da0a111da39_01_1790613685,https://i.pinimg.com/originals/de/c5/f9/dec5f9f019c85ce69c3e2551542ce00e.jpg,1200,1800,0,2026-08-21
2026-09-29,organizacao de armario pequeno,AcdugQW2NDxXkDccwyE_gZs4Qn1uTbRVfx-6sH6O9hiM0vL7pZD3JAZo6Vdf7KiDVZ2gJvR_EXo-j3iPOtKPby4,58,22,0,Mockett Home Essentials,mockett.com,https://www.mockett.com/dp311.html,https://i.pinimg.com/originals/76/ac/9e/76ac9effbcd46c2c00f71f8a307ee2e6.png,1000,1500,0,2025-10-08
2026-09-29,organizacao de armario pequeno,AeZ3naISLKucPgnub6qNigbRqWxC9OuyuS9dfezYwUYpEDMnd6KcJwJiGi9IkntqADuC5K2wRA7hcSdzaJ64G0g,59,0,0,Elfa Classic® 5' Reach-In,containerstore.com,https://www.containerstore.com/s/elfa/predesigned-spaces/closet/elfa-classic-5-white-reach-in-closet/123d?productId=11010462&country=US&currency=USD&skuId=10077616&cid=sm%7Cpinterest%7C%7Cshopping,https://i.pinimg.com/originals/b2/da/38/b2da38af10e9ea380a5e19112cf665ca.jpg,1001,1200,0,2022-05-05
2026-09-29,organizacao de armario pequeno,338332990781422785,60,6,0,8 Easy Ways to Organize a Small Closet,,,https://i.pinimg.com/originals/18/2e/6a/182e6a009d33bb77da788cb22c35f4ff.png,1024,1536,0,2026-09-15
2026-09-29,organizacao de armario pequeno,AYRIoUqalqOJAYGdZL_-kC3BK1EjyL8fRcf7og-T6ErZNCaj_5vYQpMNT9wMv8yjVj0zMf4yxYSrZITRYhpe-tw,61,0,0,Haven 6-Drawer Dresser -,plankandbeam.com,https://plankandbeam.com/products/haven-6-drawer-dresser?variant=45136267182242,https://i.pinimg.com/originals/14/d0/8b/14d08bca8ae6463fcad9585d23e6cdd3.jpg,1022,1200,0,2026-03-06
2026-09-29,organizacao de armario pequeno,1108307789627176858,62,3,0,24 Small Closet Organization Ideas With Easy Closet Storage,decoratious.com,https://decoratious.com/small-closet-organization-ideas/,https://i.pinimg.com/originals/44/40/25/4440250be090efc8df255bb0abe1864f.png,800,1600,0,2026-09-15
2026-09-29,organizacao de armario pequeno,Adqma2xN9MvvVjWyu0XTBdqWGw1L4BC3cBkKIfVON5wB6Ouv2CGL-2JYqvH3WLVeoh1LZ2D91ur7_EJfxKRMy-I,64,1,0,See what @laurawgodfrey,target.com,https://www.target.com/p/13-75-34-x-6-34-x-6-34-small-rectangular-wire-natural-wood-handles-basket-white-brightroom-8482/-/A-83378216,https://i.pinimg.com/originals/7c/0a/5b/7c0a5b0c5a3b1ca09a50120e05c0ea79.jpg,1440,1800,0,2026-08-20
2026-09-29,organizacao de armario pequeno,882424120764118690,65,4,0,Small Closet Organization: 10 Space-Saving Products You Need,beyousakhi.blogspot.com,https://beyousakhi.blogspot.com/10-small-closet-organization-products,https://i.pinimg.com/originals/f2/0e/1e/f20e1eb7e282b29bb7b20b095ad1d2e9.png,1024,1536,0,2026-09-12
2026-09-29,organizacao de armario pequeno,AbQKM-pgPCIJikEauKd-1jtiXa2INRU3Uiv2aQRfAcHNGG_sJpyrNNYgLrkf6Y9jeYL9qMdxdkyOWeFBp1WJXaU,66,0,0,"48"" White Washed Ash Wood",hernest.com,https://www.hernest.com/item/sabina-48-inch-ash-wood-shoe-storage-p-9349.html,https://i.pinimg.com/originals/ca/5b/f3/ca5bf325b05dd3e63ca95a7a2d93270c.jpg,1078,1200,0,2026-02-14
2026-09-29,organizacao de armario pequeno,AdZA9wAcZhDw1Uqa8p2Zxczywz9SvVqSzAlL2H9dWaj3E9PkYbaAKk2Nfv6KUf1rgtfp0IDmjaKwnUcW2mlJ9y0,67,152,0,Storkcraft® Alpine 6,storkcraft.com,https://www.storkcraft.com/products/storkcraft%C2%AE-alpine-6-drawer-dresser?_pos=1&_psq=alpine&_ss=e&_v=1.0&variant=44213672181996,https://i.pinimg.com/originals/bb/86/fd/bb86fd71898da38861ba754c86ebd7c6.png,2000,3000,0,2025-05-20
2026-09-29,organizacao de armario pequeno,33354853486206415,68,577,0,,,,https://i.pinimg.com/originals/cb/f5/13/cbf5131405745bfdabceb6c86792fae3.webp,960,2144,0,2026-08-19
2026-09-29,organizacao de armario pequeno,AeU-RBwKEDF0nNuKOp734FHBrY4TpgK2O76lwToODwWdNhcNKFVfVVULUuotva4KLubqFryzuXix1K_XeqLyjVo,69,291,0,23 Inspiring Mudroom Entryway Ideas,apartmentabc.com,https://apartmentabc.com/mudroom-entryway/,https://i.pinimg.com/originals/92/3d/1b/923d1b5ff5914e6b687ece813783696d.jpg,768,1408,0,2026-03-28
2026-09-29,organizacao de armario pequeno,1080582504364364426,70,16,0,Closet Organization Ideas for a Neat & Functional Wardrobe ✨,,,https://i.pinimg.com/originals/08/56/6a/08566aed894f43b222530fc94cbdf902.png,1024,1536,0,2026-09-19
2026-09-29,organizacao de armario pequeno,3659243442048538,71,809,0,Cómo organizar un closet completo para sentir más calma visual,,,https://i.pinimg.com/originals/8b/e9/88/8be988400b06d4cbb0de675fa961f5bc.jpg,1242,1850,0,2026-06-21
2026-09-29,organizacao de armario pequeno,53198839343965400,72,32,0,Small Closet Organization Ideas That Maximize Every Inch,,,https://i.pinimg.com/originals/fe/81/c0/fe81c0c87c50d6b36b204c2301c712c7.jpg,768,1365,0,2026-09-19
2026-09-29,organizacao de armario pequeno,76139049948480827,73,44,0,Non-Hanging Clothes Storage Organizer for Closet Shelves,amzn.to,https://amzn.to/4xgm9O4,https://i.pinimg.com/originals/52/24/5c/52245ce0f74fc74ec657075342becebd.png,1024,1536,0,2026-09-13
2026-09-29,organizacao de armario pequeno,5488830793526746,74,447,0,,,,https://i.pinimg.com/originals/c7/60/00/c760007946f957c363b729b26d7e0ceb.jpg,1024,1536,0,2026-08-25
2026-09-29,organizacao de armario pequeno,1407443630425018,75,18557,0,Closet Organization for Small Spaces. Maximize your storage with these tips. #ClosetOrganization #SmallSpaces #DIY credit @homevibesbymark. What do you think ?👇,instagram.com,https://www.instagram.com/reel/DMa-bNuv_zY/,https://i.pinimg.com/originals/c0/a0/41/c0a041fda6d4c84cd88a5644a1d72635.jpg,612,1088,1,2025-12-15
2026-09-29,organizacao de armario pequeno,3096293491419151,76,567,0,acesse o site confira a loja perfeita para organizar seu armario,s.shopee.com.br,https://s.shopee.com.br/4L6KmDXc6u?channel_type=pinterest,https://i.pinimg.com/originals/5f/44/b5/5f44b56381c967c54dda086c6703f5ad.jpg,720,1280,0,2025-12-28
2026-09-29,decoracao quarto pequeno,172825704447805432,1,224,0,,,,https://i.pinimg.com/originals/42/2e/30/422e309fc81501381fdd564c507dba54.jpg,900,1200,0,2026-09-17
2026-09-29,decoracao quarto pequeno,1055599909545966,2,4702,0,,,,https://i.pinimg.com/originals/8a/3c/35/8a3c351ba02c415ae554e33a2dadf964.jpg,1254,1254,0,2026-07-01
2026-09-29,decoracao quarto pequeno,1094445146977643389,3,58,0,Quarto Pequeno 🛏️ Ideias Lindas Para Aproveitar Cada Espaço,s.shopee.com.br,https://s.shopee.com.br/30ns7LJPqs?channel_type=pinterest,https://i.pinimg.com/originals/b9/c5/4e/b9c54e18624bcbb1f3ad35eb2a03f6e6.jpg,1080,1920,0,2026-09-10
2026-09-29,decoracao quarto pequeno,7388786885730406,4,4407,0,,,,https://i.pinimg.com/originals/c0/35/b6/c035b64dc172e3a00f504a7288fc75e3.png,1102,1427,0,2026-09-19
2026-09-29,decoracao quarto pequeno,341147740547991643,5,222,0,Small Bedroom Wall Decor Ideas ✨,,,https://i.pinimg.com/originals/69/f9/e5/69f9e5babfda3d9986530e8369b3f918.png,1024,1536,0,2026-09-18
2026-09-29,decoracao quarto pequeno,AaNFSdm1QZctJe-XJ5CiNXfjLiFSuRN_zGYVlir10grsgqYJW4e_A-XE31CTHTw7kPIJqs1oU5VvFmmQsdxMr2I,6,61,0,Bundle auto and home,libertymutual.com,https://www.libertymutual.com/multi-online-quotes?selectedOpt=auto_home&cid=soc&cmpgncde=2405&keyCode=SMFCTC00&src=cm-dsoc-aut-pin,https://i.pinimg.com/originals/d2/ea/e2/d2eae2794ac9c7110ee749801c329255.jpg,1080,1620,1,2026-08-11
2026-09-29,decoracao quarto pequeno,150307706316922947,7,51,0,,,,https://i.pinimg.com/originals/82/12/a1/8212a1e8f73220a1bd3462c0c6dede0d.jpg,736,981,0,2026-09-16
2026-09-29,decoracao quarto pequeno,Aej4ufM4V4uYvEbdpkNMZGy_SKlg_s4P8mW3b_PdyM4FzR4gUETr7EWTKW0wbSufjVpWQr8xy3qotzpr6NW9jWI,8,13,0,Don't settle for mediocre,mattressfirm.com,https://www.mattressfirm.com/mattresses/5637147600.c?src=3BACK,https://i.pinimg.com/originals/fa/56/09/fa56091f9391d277fe31fe0fda7df6d2.png,1000,1500,0,2026-07-21
2026-09-29,decoracao quarto pequeno,AX11Chu__ntu7dXxk9rR4Tm9pj5EGSvhNxJnEyzw-O15zmaqfjRdb0VI3nhub5dUXVBOntPZFxgg4PXeFH2VXnU,9,0,0,Purple® SoftStretch,purple.com,https://purple.com/sheets/soft-stretch?size=Twin%20/%20Twin%20XL&color=True%20White,https://i.pinimg.com/originals/5c/b1/55/5cb1559d85a17dc42a529d20c24a4896.jpg,921,1200,0,2025-12-23
2026-09-29,decoracao quarto pequeno,1196337405876085,10,1285,0,Small Bedroom Vanity Ideas That Feel Soft & Expensive ✨,amazon.com,https://www.amazon.com/dp/B0H1LPQZHK?tag=softbloomdeco-20,https://i.pinimg.com/originals/75/8d/b9/758db9785509837a18b813ed1fbb4de3.jpg,720,1067,0,2026-08-26
2026-09-29,decoracao quarto pequeno,AY9ejKJHaJOlnvDL2q8rujHESsogtVs17NAusH6N3KHt6KVSyQN2Yj85e1nq2VBHRhQgZtiUjh9ylFmaYHEIkKE,11,0,0,Magnifique 4 pièces à,expedia.com,https://www.expedia.com/Hotel-Search?destination=Constantine&selected=134302096&startDate=2026-09-25&endDate=2026-09-26,https://i.pinimg.com/originals/9f/21/9d/9f219d6672ea7938d437acfdfeb6e7d4.jpg,1000,1500,0,2026-09-05
2026-09-29,decoracao quarto pequeno,AYwDm1zled6Rn9ZfAXPIK01fB0c5jO_ZqTDx88frAXNENc5uAEh6iID3rB-PfKBTo9jAFZoAMizWgaHfAsPSN_w,12,0,0,Private vacation home in,vrbo.com,https://www.vrbo.com/search?selected=84052263&catalogRunId=41563,https://i.pinimg.com/originals/02/17/ba/0217baf713b02986158d761b8615650a.webp,1000,1500,0,2026-09-01
2026-09-29,decoracao quarto pequeno,1090363759816040462,13,5,0,Warm & Cozy Yellow Aesthetic Bedroom Setup | Aesthetic Room Decor Ideas,,,https://i.pinimg.com/originals/ff/9d/91/ff9d9140ac4bd337890a09b7b39a7406.jpg,687,1024,0,2026-09-19
2026-09-29,decoracao quarto pequeno,662803270212427993,14,1,0,Quarto Pequeno com Prateleiras Acima da Cama: Ideias para Decorar,,,https://i.pinimg.com/originals/11/ea/b8/11eab88d9dc6eeb09a035c5e5ac0e6af.jpg,1536,2752,0,2026-09-18
2026-09-29,decoracao quarto pequeno,AbanWNaYA5JUF7_FXnGnCzTEX25JpSMiBg_kjuZrtkNOjkKk_zOgF2kuoniq3Cn_aSNwqJts5WDQKX__wEM7_Nk,15,1,0,A Room Fit for Little,maxandlily.com,https://maxandlily.com/,https://i.pinimg.com/originals/7f/0b/83/7f0b83699daeacfb24426299c4b2f962.jpg,736,1097,0,2026-07-23
2026-09-29,decoracao quarto pequeno,AVvh9_jmyBL49FgP_pH22_0GfNtXnUndf5W--ipGMKFNisZUGy0o8-iduc23nw907Na4rWzbWXVoo_YlgPg0Qf8,16,1864,0,Girls Bedroom Wallpaper,wallblush.com,https://wallblush.com/products/cocos-cottage,https://i.pinimg.com/originals/60/d8/dd/60d8dd8c0902a22b17c68ae85eaeacee.png,1792,2400,0,2026-04-30
2026-09-29,decoracao quarto pequeno,AfPw3teYnaKoXWuh9y8Niiy2Sh546yRh0f4HxFIkJOIvtEh-NwXlIADkUDD1SYKo8CqRqT6uLWpTINxrFIcpwH4,17,0,0,Isabella Blackout Cotton,twopagescurtains.com,https://twopagescurtains.com/products/isabella-blackout-cotton-blend-curtain-pleated?variant=52454427132215,https://i.pinimg.com/originals/ac/15/fd/ac15fd2dbef5d4304883252ed8a69188.jpg,1164,1271,0,2026-06-24
2026-09-29,decoracao quarto pequeno,21392166974867991,18,24574,0,,,,https://i.pinimg.com/originals/e7/46/15/e746151c33df9ee79bc4526579f87363.png,1122,1402,0,2026-07-11
2026-09-29,decoracao quarto pequeno,ATRzafq-z1D4tr4IJ2TF3OMizxGxjDDqlFgtHOx224GCcyn0zzi0gS5sBYT89ISKE46kEyM38fsupNLhxGj_IIc,19,0,0,Ebs properties Africa,hotels.com,https://www.hotels.com/Hotel-Search?destination=Accra&selected=136275502&startDate=2026-09-25&endDate=2026-09-26&catalogRunId=41498,https://i.pinimg.com/originals/48/fc/ec/48fcec86db9411897765f03eb1603b04.jpg,1000,1500,0,2026-09-18
2026-09-29,decoracao quarto pequeno,1092404453395102851,20,64,0,Decoração Quarto - Escrivaninha com Penteadeira De Canto,link.amazon,https://link.amazon/B0ekQBttV,https://i.pinimg.com/originals/80/63/c1/8063c19e4df35596a89852dcf2131924.png,940,1672,0,2026-09-10
2026-09-29,decoracao quarto pequeno,64598575902471915,21,158,0,Quarto Pequeno Feminino 😍 Ideias Lindíssimas!,s.shopee.com.br,https://s.shopee.com.br/70JgAsPzKK?channel_type=pinterest,https://i.pinimg.com/originals/ac/d0/10/acd0106511a6a63340c5712a73fdc0e4.jpg,1086,1448,0,2026-09-07
2026-09-29,decoracao quarto pequeno,1095711784375771200,22,2,0,Quarto Pequeno e Aconchegante: Ideias de Arrumação e Decoração,,,https://i.pinimg.com/originals/09/66/ed/0966ed46d37354578ef2367617d8c3ef.png,1145,1374,0,2026-09-15
2026-09-29,decoracao quarto pequeno,1266706139474266,23,40555,0,Todas las publicaciones • Instagram,instagram.com,https://www.instagram.com/p/CxszH4muUpw/,https://i.pinimg.com/originals/ac/c2/c3/acc2c30c4099196e4240837bbd3bd2ef.png,640,800,0,2024-03-19
2026-09-29,decoracao quarto pequeno,AWf09GqIp7FF-QVHyc_sFkurg9lMZ2oEQOJt9q823rouoO4_KAAibgLDqFOgKldOc_z06ZP2DtilVQRLKlOex-w,24,4,0,Nursery Makeover? Use,thumbtack.com,https://www.thumbtack.com/k/general-contractors/near-me/?utm_source=cma-pinterest&utm_medium=social&utm_campaign=%7B%7Bcampaign.id%7D%7D_%7B%7Badset.id%7D%7D_%7B%7Bad.id%7D%7D,https://i.pinimg.com/originals/29/28/6d/29286d78ddb5094b3f6f00f210f184e2.jpg,720,1280,1,2026-09-14
2026-09-29,decoracao quarto pequeno,455848793557336919,25,60,0,"3.7K views · 1.6K reactions | Um único canto. Quatro possibilidades completamente diferentes. ✨ Às vezes, aquele espaço que parece “sobrando” no quarto pode se transformar em uma das áreas m | Studio ",facebook.com,https://www.facebook.com/reel/1748119329748953/?fs=e&fs=e,https://i.pinimg.com/originals/52/bb/57/52bb570558e021a629d3418505d537e4.jpg,675,1200,0,2026-09-12
2026-09-29,decoracao quarto pequeno,130745195428597543,26,115,0,Quarto aesthetic moderno,,,https://i.pinimg.com/originals/38/f9/18/38f9184bf46e14f5aeb0bbc8e27ffc7f.png,1086,1448,0,2026-09-13
2026-09-29,decoracao quarto pequeno,1086352741410626710,27,4,0,The Dreamiest Ring Corner 💍✨,,,https://i.pinimg.com/originals/1a/5c/ee/1a5ceea37e427080e812ec12cee80107.jpg,940,1671,0,2026-09-15
2026-09-29,decoracao quarto pequeno,1080863979349819246,28,1,0,,,,https://i.pinimg.com/originals/a0/0b/d5/a00bd5d65870d852155bd52f1e1bc8d7.jpg,1086,1448,0,2026-09-17
2026-09-29,decoracao quarto pequeno,78601955992066432,29,69,0,"Small Bedroom Decor on a Budget 💙 | Cozy, Stylish & Space-Saving Ideas",,,https://i.pinimg.com/originals/50/5a/a5/505aa5769761b3af722415a77bff7efb.png,1024,1536,0,2026-09-12
2026-09-29,decoracao quarto pequeno,Ab5vWmViTy0fxIBE5C_EBlUNzhWBWQ2amdgwKHnWoIEn31z4x32W2PWA7zfABvMFf_0lt9hYegjmndRqLlkoi3s,30,10,0,Minimalist Floor Mattress,zonlihome.com,https://www.zonlihome.com/products/futon-mattress?sku=18074377730072195939472730,https://i.pinimg.com/originals/4d/53/06/4d530685db01043ce40e84d1c9a020a2.png,1000,1500,0,2026-09-23
2026-09-29,decoracao quarto pequeno,813322014002491233,31,176,0,,,,https://i.pinimg.com/originals/40/93/64/4093648278a4cad9eb8afe4ea3e56a53.jpg,1320,1720,0,2026-09-12
2026-09-29,decoracao quarto pequeno,1119637157399400306,32,37,0,,,,https://i.pinimg.com/originals/f9/cd/37/f9cd37e39a2dd718269ce3cce5b00f05.png,941,1672,0,2026-09-17
2026-09-29,decoracao quarto pequeno,1031465120938521120,33,14,0,Penteadeira Camarim 100cm Gaveta Suspensa Maquiagem Off White,meli.la,https://meli.la/1zoYwcj,https://i.pinimg.com/originals/b7/c1/0a/b7c10a0dc791887306641e5cd7c516d1.png,1214,1295,0,2026-09-11
2026-09-29,decoracao quarto pequeno,703756189479463,34,1428,0,Quarto Pequeno Moderno,,,https://i.pinimg.com/originals/de/04/14/de04146dcded5644fedf88459e6d0200.png,941,1672,0,2026-07-02
2026-09-29,decoracao quarto pequeno,46232333734506476,35,46,0,Cozy Bedroom Study Corner Ideas 🌿 | Aesthetic Bedroom & Desk Setup,,,https://i.pinimg.com/originals/34/b1/0a/34b10a79244a1306db8940e23f0cf8ca.png,1024,1536,0,2026-09-16
2026-09-29,decoracao quarto pequeno,AafYrdRXhR6kA883mlH61EJnrJJ05Pp20IfwZbRxmbRy_ouMjuUuHe2Gul2NyhZLUY2HETivhXazKgXpc6onNaA,36,0,0,Vellum Modern Wooden,wayfair.com,https://www.wayfair.com/NFusion--Vellum-Modern-Wooden-Platform-Bed-with-PU-Leather-Headboard-MH81049-L12-K~MCAW8901.html,https://i.pinimg.com/originals/bf/63/62/bf6362f368383290fc92bc057aeda540.jpg,400,400,0,2026-08-08
2026-09-29,decoracao quarto pequeno,ASbBAFwXvsoylGGRK15U7jZtFcwoD9vwnZB_iGF4Was8B8vpOy9UPNdf4ShyCagF-SAXWuiFNJID45yeQTdvvjE,37,111,0,Collected & Layered,shopltk.com,https://www.shopltk.com/explore/Alexisandraaustin/posts/5c630866-73d4-11f1-aeb3-32f6bf96ede9,https://i.pinimg.com/originals/b4/97/61/b49761e5d7d37e924cbed542bd44513f.jpg,6048,9072,0,2026-06-29
2026-09-29,decoracao quarto pequeno,1135610862319235655,38,1,0,Small bedroom decor,,,https://i.pinimg.com/originals/15/bc/8d/15bc8d1fdfb0195e3f1f3cbc99acd218.png,1024,1536,0,2026-09-13
2026-09-29,decoracao quarto pequeno,7107311909183980,39,697,0,Sage Green Cozy Bedroom Makeover✨,,,https://i.pinimg.com/originals/3d/3b/0c/3d3b0caba911691f8ce95c601e196589.png,1086,1448,0,2026-09-18
2026-09-29,decoracao quarto pequeno,1143492161675775012,40,21,0,Modern & Cozy Bedroom Decor,,,https://i.pinimg.com/originals/4b/4c/48/4b4c487edc5025086fbe6e74dff7ea24.png,1214,1295,0,2026-09-13
2026-09-29,decoracao quarto pequeno,24840235441261674,41,565,0,Dreamy Bedroom vanity corner ✨💫,,,https://i.pinimg.com/originals/3a/d2/ad/3ad2ad4ba1944ef4ea6188af0e0528c5.png,1024,1536,0,2026-09-11
2026-09-29,decoracao quarto pequeno,1148417973760210092,42,7,0,Cozy Small Bedroom Ideas with a Stylish Study Desk,,,https://i.pinimg.com/originals/53/19/18/5319185b30fcc0d30c2f6482e5e5db75.png,1024,1536,0,2026-09-18
2026-09-29,decoracao quarto pequeno,1109292951998248827,43,18,0,Cozy Sage Green Bedroom Ideas | Modern & Elegant Bedroom Decor,,,https://i.pinimg.com/originals/e3/0c/fe/e30cfe101f4634ef50eae949831cbcbe.jpg,672,996,0,2026-09-16
2026-09-29,decoracao quarto pequeno,1151936410989560447,44,355,0,Moody bedroom idea,,,https://i.pinimg.com/originals/b6/d0/6a/b6d06a949ea4483870d03cb2b0c69ae5.png,1141,1378,0,2026-09-12
2026-09-29,decoracao quarto pequeno,263671753181370827,45,282,0,Small Bedroom Ideas That Maximize Space | Minimalist & Stylish Bedroom Design,,,https://i.pinimg.com/originals/df/0f/09/df0f09d1a9cbb098aad6ad8de3d0062e.png,720,1079,0,2026-09-17
2026-09-29,decoracao quarto pequeno,1122381538419914912,46,5,0,✨ Simple & Aesthetic Wall Decor Ideas for a Cozy Home,,,https://i.pinimg.com/originals/4f/aa/0b/4faa0babce28125e93bbe671be7120c3.png,1024,1536,0,2026-09-17
2026-09-29,decoracao quarto pequeno,ATv4lMCg_Ad9riYyO1PIjkspjtCggFxJ11LNOeHih57Jfh8yA_Mz9X5qRB1W9TJPIrGwbt8WoYRm8C36xzu-BPo,47,0,0,The One Is A Swipe Away,havertys.com,https://www.havertys.com/,https://i.pinimg.com/originals/1c/24/0e/1c240eb84e516c793615d8886f7e47b1.jpg,1000,1500,1,2026-07-06
2026-09-29,decoracao quarto pequeno,1107111520938821172,48,2,0,Ideia de Decoração Minimalista e Aconchegante | Prateleira de Parede,s.shopee.com.br,https://s.shopee.com.br/4fwHJQBmmT?channel_type=pinterest,https://i.pinimg.com/originals/d7/9a/f0/d79af0f325b92e34cd54ca4f643df09d.jpg,1080,1920,0,2026-09-17
2026-09-29,decoracao quarto pequeno,AQh2gJkH_96zKZWZItWfgwVq_5YK8btygRXlzIaEzr4_US-AuMg120hBVPJU7UTMaKmHh2Ojv0Xxpa0kEp1LuxQ,49,358,0,A Timeless Bedroom,amzlink.to,https://amzlink.to/az0EPq7P0qLpI,https://i.pinimg.com/originals/0e/d3/f4/0ed3f4bc5870308c3dc9ecf5bdb0d428.png,1000,1500,0,2025-08-04
2026-09-29,decoracao quarto pequeno,979673725217868997,50,77,0,Aesthetic Wall Shelf Decor Ideas | Cozy Bedroom & Small Space Organization,,,https://i.pinimg.com/originals/27/20/37/272037a20cdfa420bc38032a2654bbae.png,1145,1374,0,2026-09-15
2026-09-29,decoracao quarto pequeno,996491855073217557,51,1,0,Cozy Minimal Bedroom: Small Space Inspiration,,,https://i.pinimg.com/originals/1e/4d/8b/1e4d8b7e820ca3bb7469c7f71db83bad.png,941,1672,0,2026-09-19
2026-09-29,decoracao quarto pequeno,1108378158345282453,52,44,0,🌿 Cute & Cozy Corner Ideas for a Dreamy Bedroom,,,https://i.pinimg.com/originals/2b/47/c4/2b47c499ce465b427318ebb88e3215c7.png,1024,1536,0,2026-09-12
2026-09-29,decoracao quarto pequeno,318207529945906436,53,57,0,Small Bedroom Ideas | Cozy & Simple Bedroom Decor,,,https://i.pinimg.com/originals/d5/89/5c/d5895c35b74e67de4d127d41590a916a.png,1024,1536,0,2026-09-17
2026-09-29,decoracao quarto pequeno,1092615559631737626,54,25,0,Quarto Aconchegante 🤎 Ideias Que Dão Vontade de Não Sair da Cama!,s.shopee.com.br,https://s.shopee.com.br/7VGBJzdAKG?channel_type=pinterest,https://i.pinimg.com/originals/c8/d6/2e/c8d62ea544baf9685eb8791bce035ab2.jpg,736,1104,0,2026-09-06
2026-09-29,decoracao quarto pequeno,1618549865478102,55,2516,0,,,,https://i.pinimg.com/originals/89/7b/a1/897ba122e9cff9332c64f9b7bd224c31.jpg,768,1365,0,2026-08-16
2026-09-29,decoracao quarto pequeno,AYoI6rwka6paT1N8u3PWGuKOvP_Kb8bVP10cP8sqpKiqTJi82sbyYIstan0hRezIWU1uNgp-qtiWZVdIBAWlj8M,56,776,0,Bedroom Decor,joybird.com,https://joybird.com/bedroom/,https://i.pinimg.com/originals/7f/e2/d9/7fe2d9423bb43b1618de47d503e0544c.jpg,1128,847,0,2025-02-05
2026-09-29,decoracao quarto pequeno,1122663013409246214,57,7,0,Inspiração de quarto vintage,,,https://i.pinimg.com/originals/29/93/0a/29930acdbfc9098b5de4461d3be10338.jpg,1168,1752,0,2026-09-16
2026-09-29,decoracao quarto pequeno,AZTemqQ1pEEoNg4yQtZHxXAXoAFVAO7CNe2d_Ln-z4fBoIAUOdgA2SwTANcAlqd0X8A7Y2n1UQA6OEJb4MB8v-M,58,1,0,Cozey | Atmosphere,cozey.ca,https://cozey.ca/en-ca/collections/atmosphere,https://i.pinimg.com/originals/d1/fc/fd/d1fcfda4d33dcf3144965bb597a74858.png,1080,1920,0,2026-07-31
2026-09-29,decoracao quarto pequeno,AVpJmGlxnE3yYL3qF-KiZRknvJ7Rq3SO5TE65_jfsck4wTOiZ4oK40dk6Rwjrb_GmLWVf2ZThwIIFyCwJadsxWU,59,104,0,Find cozy living room,kohls.com,https://www.kohls.com/catalog/for-the-home.jsp?CN=Activity:For%20the%20Home&BST=7997545:8278560:7188321:7871634:7690004:3122793:8343467:7827658:8048476:8087519:5529582:8114179&icid=social-paid-pncrsl-trendingcozylivingroomdecor-np-2609wk3-frame1&cid=SO26PDPIN0788&utm_campaign=paid_social&utm_medium=paid_social&utm_source=pinterest&utm_content=2026pdpin788,https://i.pinimg.com/originals/c1/4f/21/c14f210d80acc2930a8abf5a62842e97.png,1080,1920,0,2026-09-15
2026-09-29,decoracao quarto pequeno,AYY4SFM3pk3TV-NMyg0571Lm3QjVsjvchmOaEQJ4emalfbql2k8ZjWEYpBUUHYW2O2HdqufBFbTJgKvmWv36sV4,60,1,0,A Daybed Dream 🩷🧸,maxandlily.com,https://maxandlily.com/,https://i.pinimg.com/originals/75/1a/bd/751abd30e6913f05ef5f259a548c0d82.jpg,736,1097,0,2026-07-23
2026-09-29,decoracao quarto pequeno,906279125037471739,62,139,0,,,,https://i.pinimg.com/originals/6f/27/3d/6f273d30911d10d49c0c6002953983c1.jpg,1179,1916,0,2026-09-15
2026-09-29,decoracao quarto pequeno,30751209955352761,63,554,0,,,,https://i.pinimg.com/originals/40/3a/14/403a14516e7be0fc2643b5c2616d49ba.jpg,736,1104,0,2026-09-18
2026-09-29,decoracao quarto pequeno,AeuL4fyhU5tvbST6sABlZZXObEGwHg3JGgn7AhfmG-CSzDjXTythJkDuBJrS0urpeKyYC_-94uE-1tDU8XW7JJg,64,1,0,Valspar 2027 Color of the,valspar.com,https://www.valspar.com/en/colors/color-of-the-year-2027?utm_medium=paid-social&utm_source=pinterest&utm_campaign=diy-coty-awareness&utm_content=coty27-bedroom-video&utm_term=diy,https://i.pinimg.com/originals/5a/79/41/5a7941ee6aa2d60347b5503ab06fd979.jpg,1000,1500,1,2026-07-30
2026-09-29,decoracao quarto pequeno,AdFdFJzoxOmd94niGAv55pz96QkfliCmxMPBWk1EAHmRkDZ7x5vT8bRGo4O6chlQXL3gk6HsI4_y1zEIuKeYyEM,65,1,0,Make a Small Dorm Feel,lahomedecor.com,https://lahomedecor.com/collections/best-sellers?utm_source=pinterest&utm_medium=pinads&utm_campaign=newin&utm_content=molly,https://i.pinimg.com/originals/a2/d7/41/a2d741bb0dcda630ad9da882c1bf5870.jpg,1000,1500,0,2026-07-01
2026-09-29,decoracao quarto pequeno,AZSeDawFB5LCaR5bPUv4K_7zSKuO9TcsXqRLa0aUG1QBi94Txtr8KHnKXtE94YT84tQ_gU0S1QnRnaxB2Rhb4RM,66,1,0,Olivia Cream Rug by,ruggable.com,https://ruggable.com/products/anthropologie-olivia-cream-tufted-rug?variant=41983092654135,https://i.pinimg.com/originals/9d/bf/79/9dbf79f6d9541e075f0bc1107fe642d6.jpg,2400,3000,0,2026-04-07
2026-09-29,decoracao quarto pequeno,1149966086146904023,67,57,0,Small Bedroom Storage Ideas| Cozy & Organised,,,https://i.pinimg.com/originals/a2/92/ae/a292ae4eb1e419fd079da818e7aeb6ce.png,1024,1536,0,2026-09-13
2026-09-29,decoracao quarto pequeno,ASJqgZgSWWmPTqAP-hUcuPIjQY0nTANpY_7OqphcC0HmOMP8KO-EQpmh26HTviHSAyUvWaU9UqXSfFc7iFGhO-o,68,94,0,Greenport Bedroom Set,grainwoodfurniture.com,https://grainwoodfurniture.com/products/greenport-bedroom-set-5-piece-1?variant=42223493185596,https://i.pinimg.com/originals/e3/cd/06/e3cd06fc7dbced559be21c4d831b4715.jpg,1583,1583,0,2025-11-12
2026-09-29,decoracao quarto pequeno,3025924747224619,69,64231,0,,,,https://i.pinimg.com/originals/7d/76/19/7d7619892854d2f513a9282935246c4b.jpg,673,1200,0,2026-08-20
2026-09-29,decoracao quarto pequeno,AYIhC4kTVOZDycO49B9-TwaLt9mJAjDruaFd8GZDM7elYqm8XiruId-j6pPwami_yWWB1JAHKu0ZaU2Lp9-7niI,70,168,0,Hello Kitty® Full Length,impressionsvanity.com,https://impressionsvanity.com/products/hello-kitty-arch-rgb-full-length-mirror?_pos=1&_psq=hello+kitty+full+length&_ss=e&_v=1.0,https://i.pinimg.com/originals/3c/dd/7d/3cdd7d14d74fcbbf320542cd0eb7d420.png,1080,1920,0,2026-01-09
2026-09-29,decoracao quarto pequeno,1337074890644086,71,4344,0,503_meuape,,,https://i.pinimg.com/originals/38/2b/85/382b85c180d02629f8dabe2b0d87c86d.jpg,1080,1440,0,2026-08-20
2026-09-29,decoracao quarto pequeno,1033576183254428274,72,311,0,ideais para decorar seu quarto,s.shopee.com.br,https://s.shopee.com.br/1LfHFaFj3G?channel_type=pinterest,https://i.pinimg.com/originals/58/d8/d8/58d8d888a2709d88473b41dfaf261c5f.jpg,736,1104,0,2026-08-26
2026-09-29,decoracao quarto pequeno,AU1TR6dn7ioVwMHToRpZeXu3Aw5_7TGSFQjQ8E1GXuw3dUe3sp1YcxtYF_kIYftVKLiH2dDqTB792hzAHaTWy9s,73,1,0,Temu | 2pcs Set Of,temu.com,https://www.temu.com/ul/kuiper/un3.html?subj=dpa-un&_bg_fs=1&_p_jump_id=1082&_x_vst_scene=adg&goods_id=606233893427360&adg_ctx=a-41a02128~c-6c741b78&_p_rfs=1&_x_ads_channel=pinterest&_x_ads_creative_id=%7Bproduct_partition_id%7D&_x_ads_id=%7Badgroupid%7D&_x_ads_set=%7Bcampaignid%7D&_x_ads_sub_channel=shopping&_x_ns_catalog_id=1567707391772&_x_ns_creative=%7Badid%7D&_x_ns_gid=606233893427360&_x_ns_,https://i.pinimg.com/originals/85/37/9b/85379b48e7aa90cba38fca38b32161a6.jpg,2000,3000,0,2026-06-30
2026-09-29,decoracao quarto pequeno,AaPl4qv1pLjhgYpEcgIOTKi6DNxu_zQCfP6VwO64gQ6gDnabIRStC4_1MWiKrTuUPGO5QnK70YLuSFfHEFWSuZA,74,0,0,Temu | 5pcs Boho Woven,temu.com,https://www.temu.com/ul/kuiper/un3.html?subj=dpa-un&_bg_fs=1&_p_jump_id=1082&_x_vst_scene=adg&goods_id=605773593718180&adg_ctx=a-42efe272~c-95107e5f&_p_rfs=1&_x_ads_channel=pinterest&_x_ads_creative_id=%7Bproduct_partition_id%7D&_x_ads_id=%7Badgroupid%7D&_x_ads_set=%7Bcampaignid%7D&_x_ads_sub_channel=shopping&_x_ns_catalog_id=1567707391772&_x_ns_creative=%7Badid%7D&_x_ns_gid=605773593718180&_x_ns_,https://i.pinimg.com/originals/11/a6/8d/11a68d17da94ac6bc8035299d69f4ab8.jpg,2048,2048,0,2026-08-16
2026-09-29,decoracao quarto pequeno,ASrdtRqC8Js8ZuvY2fkjdcgDXOfwEhQ6gZynkc-ly_o5l14x0zJPRbObciJ_hcubngITCv2DRVPgWo2UWl1j4qM,75,0,0,Gabrielle De Winter Print,twopagescurtains.com,https://twopagescurtains.com/products/gabrielle-de-winter-print-100-cotton-relaxed-roman-shade?variant=52977155146039,https://i.pinimg.com/originals/bb/51/33/bb5133620c68f30714b9eff436d62e8a.jpg,1200,1254,0,2026-09-16
2026-09-29,organizacao de cozinha,281543725259104,1,3851,0,,,,https://i.pinimg.com/originals/52/f0/87/52f087a883a277eab30ad9216b508d71.jpg,736,1308,0,2025-03-15
2026-09-29,organizacao de cozinha,AW4Fbn53UVtGaUcXzWGOeOIZEo0Uu8YVruKpJ26oRtQn7nHXn9HyKa_upLvRO40S0DNyv6dbd67eFo3CLlwpHcg,2,0,0,8-Tier 14.96 in. H Black,homedepot.com,https://www.homedepot.com/p/Numhew-8-Tier-14-96-in-H-Black-Adjustable-Standing-Pot-Rack-Pots-and-Pans-Organizer-Kitchen-Organizers-and-Storage-R3P0D1N8/333468365?cm_mmc=psoc-pinprg-%7Bcampaignid%7D-%7Badgroupid%7D,https://i.pinimg.com/originals/0b/b2/00/0bb2002c1d446cc3a646263a3569296d.jpg,1000,1000,0,2026-09-05
2026-09-29,organizacao de cozinha,AVpCVluUzCr9xTep1SIOHR7qhP70V2ja0O6nF2-Y0jQg07ogNKC61HqRP4QlFItr3pw_ZRNfMt_mwBQkbui5xeg,3,8,0,Video 02 — Custom Closets,grcustomwoodwork.com,https://grcustomwoodwork.com/,https://i.pinimg.com/originals/4c/10/76/4c10762bdbb44091558c65268c382028.jpg,1080,1920,1,2026-05-29
2026-09-29,organizacao de cozinha,246431410858029948,4,35,0,Despensa organizada dos sonhos 🤎✨,,,https://i.pinimg.com/originals/05/2f/cb/052fcb08fd2d621f42bc7446099400ce.png,1024,1536,0,2026-09-15
2026-09-29,organizacao de cozinha,774124932015534,5,8565,0,Modern Kitchen Counter Styling Ideas ✨,amazon.com,https://www.amazon.com/shop/influencer-9490fc14/list/J5BNET3Y62OT?ref_=aipsflist,https://i.pinimg.com/originals/4e/34/e7/4e34e7ff7024a492222a4ce5f1a3091a.jpg,687,1024,0,2026-09-06
2026-09-29,organizacao de cozinha,AcDU5C7fh2IfFWSI-RH9ZKSOJZJTRfTII6nZXVb0Yk7C5TpmKuSjyM09d1zaEz2IcAMYkISriIzkhNxKEDGNfek,6,1,0,Find the right appliance,lowes.com,https://www.lowes.com/c/Appliances,https://i.pinimg.com/originals/87/bf/d9/87bfd9f25cc13cd9dcf8a5e40acecc58.jpg,1000,1500,0,2026-01-16
2026-09-29,organizacao de cozinha,68046644366156913,7,379,0,PORTA UTENSÍLIOS EXTENSIVEL DE BAMBU,,,https://i.pinimg.com/originals/af/d2/a2/afd2a269d4cc45e92922fd2029286265.jpg,720,1280,0,2025-05-22
2026-09-29,organizacao de cozinha,759349187219666064,8,1,0,Organizador de armário para cozinha mais prática,s.shopee.com.br,https://s.shopee.com.br/6Al7o5wjv6?channel_type=pinterest,https://i.pinimg.com/originals/a7/79/fe/a779fef0f2dd944b5300d7459529bc80.png,1000,1500,0,2026-09-19
2026-09-29,organizacao de cozinha,AaL8GGvXGXsAU1lJxEuap8CkvCXae4jUVQrFSCCSSFlmt55A3VnEktWOXcSAWSMXF5qdqXqwTg1ktqIlJJShwtw,9,1446,0,Luxe Looks for Less to,amzlink.to,https://amzlink.to/az0R1pvbaq2dE,https://i.pinimg.com/originals/14/09/18/1409180f35ebf9cdce002f695238c76e.png,1000,1500,0,2025-09-04
2026-09-29,organizacao de cozinha,AcNngM9bAUU7O2lU77Y8Y2NWBl1ZTUT63B3lAZxh-Gg5Xl46R-S5OilAJiz3wXffzxn6iHZ3QFBl0dwi4KwW4aA,10,52,0,Top-rated & most trusted,crateandbarrel.com,https://www.crateandbarrel.com/bestsellers/1,https://i.pinimg.com/originals/06/99/2d/06992d5ea782b6b8a7c3bd3a372a9222.png,600,900,0,2026-08-06
2026-09-29,organizacao de cozinha,AR07THqrWvNIK4VW-kgdHlq39RADyRVavGNvjTqhxeUs84cOnBiKOZdRLWEmBlxthon1ETBhX4yzAelOhix67mE,11,0,0,Large Capacity 1/2-Tier,us.shein.com,https://us.shein.com/ark/default?scene=1&test=5051&ad_type=DPA&goods_id=560926837&pf=PINTEREST&url_from=PINADSDPA&ismg=4e9186389b4da3139b570b311773a77d124f183506dc5fb507029f4e90bf9143_01_1790613756,https://i.pinimg.com/originals/9d/69/09/9d690931895b3968bbaab316094f08da.jpg,1132,1389,0,2026-09-13
2026-09-29,organizacao de cozinha,444167582028914240,12,158,0,✨ Aesthetic Kitchen Counter Organization | Clean & Cozy Kitchen,,,https://i.pinimg.com/originals/26/58/ee/2658eef5e97dae311e07cf636bd3fe4e.png,1024,1536,0,2026-09-19
2026-09-29,organizacao de cozinha,1548181186930902,13,16372,0,,,,https://i.pinimg.com/originals/75/08/92/750892b2ab9b5ff789aaa0d0dd9f6f0d.jpg,735,1104,0,2026-07-27
2026-09-29,organizacao de cozinha,1091419290982359554,14,22,0,Cozinha pequena organizada: 4 achadinhos para deixar a bancada linda ✨,,,https://i.pinimg.com/originals/ba/dc/54/badc54c4deb010eb7885f7e6fa692302.png,1145,1374,0,2026-09-08
2026-09-29,organizacao de cozinha,ActA_QwAJaNWMB4G0ey9MWOtvXKmQIaoTOC47LEKZuMgH-jxxngpS1Euhy4kdchB1yNxAhJ0hFFK1yOVrB_5nx4,15,23,0,Modern Frameless High,buywholesalecabinets.com,https://buywholesalecabinets.com/kitchen-cabinets/frameless-high-gloss-gray-cabinets/,https://i.pinimg.com/originals/ab/20/77/ab2077914a5273d5ef07d5e05be95bfd.jpg,1000,1500,0,2025-01-17
2026-09-29,organizacao de cozinha,AfwSJN0T-OWpzeP6zCkM0gIYWWpxixlqSEhWMJMqUTsSMU9IgjcrHlCWLL3xcpRXhPLfGYvGxZRZEE4cpOcvwck,16,372,0,Quadre Belvyn Dune Luxury,msisurfaces.com,https://www.msisurfaces.com/luxury-vinyl-tile/quadre/belvyn-dune/?utm_source=pinterest&utm_medium=organic&utm_campaign=flooring&utm_content=carousel_2026-08-12,https://i.pinimg.com/originals/74/e8/e6/74e8e6d462f38c99921df29d80e0a6be.jpg,6200,9300,0,2026-08-18
2026-09-29,organizacao de cozinha,9570217954200793,17,1708,0,,,,https://i.pinimg.com/originals/e2/3a/1a/e23a1ae37e3d87b9fb072762c25c31a1.jpg,720,1324,0,2026-09-10
2026-09-29,organizacao de cozinha,844565736418189451,18,1,0,Cestos Deslizantes para Armários de Cozinha | Organizador de Gaveta,meli.la,https://meli.la/2VfmRZA,https://i.pinimg.com/originals/ad/57/75/ad57752f9727fb409f41bf5f7a6dfb8d.png,1024,1536,0,2026-09-16
2026-09-29,organizacao de cozinha,AS2Rzl-TjblksvpZbuL4su4dD5NBE0e3ysAJ9JZtZso6MKOuSXV8zVMf84aPqZsTJqpO-nLbNz7uqxJcpxpk99s,19,0,0,So Much More Than a,lg.com,https://www.lg.com/us/?utm_source=pinterest&utm_medium=paid-social&utm_campaign=lg_2026_hs_xhs_awareness_views_paid-social_pinterest_kitchen&utm_content=hs_all_plp_04-01-26_12-31-26_awareness_lg-kitchen-suite-mfyk-6s_other_lifestyle_video_na_16x9_6s_mix_x&utm_term=hs_xhs_prospecting_us_interest_lifestyle_en_all_mix_x,https://i.pinimg.com/originals/fd/62/e5/fd62e54d0f41abc7241a67ce95a3094f.jpg,1080,1920,1,2026-03-30
2026-09-29,organizacao de cozinha,1970393584039398,20,20602,0,Pantry Organization Ideas for a Clean & Functional Kitchen 🥫✨,amazon.com,https://www.amazon.com/shop/sixberfashiontrends?ref_=cm_sw_r_cp_ud_aipsfshop_P4WHARGGCEPXHCKVQSAM_13,https://i.pinimg.com/originals/ea/44/e0/ea44e061f2e1b43a67754dd03eb3d07f.png,1536,2816,0,2026-01-05
2026-09-29,organizacao de cozinha,7951736838966602,21,229,0,Aesthetic Kitchen Counter Organizer | Tiered Fruit & Spice Rack,,,https://i.pinimg.com/originals/3d/3d/bb/3d3dbb14d35683720b5ec0df3d66fe06.png,1000,1500,0,2026-09-17
2026-09-29,organizacao de cozinha,1146518017677727897,22,4,0,Pantry Organization With Glass Jars And Baskets,amazon.com,https://www.amazon.com/dp/B0BM2CVQJD/ref=cm_sw_r_as_gl_api_gl_i_dl_Q3EKDA8TNYJ41F44Y0G2?linkCode=ml1&tag=tidyonabudget-20&linkId=133375fdae851149296b9c48f892421f&gaOptInStatus=true,https://i.pinimg.com/originals/43/4d/13/434d134d07522edbb0bc3d8108bda8e5.jpg,1080,1920,0,2026-09-08
2026-09-29,organizacao de cozinha,139048707241111275,23,160,0,Satisfying Pantry Organization Inspiration 🤎,,,https://i.pinimg.com/originals/18/5a/72/185a72727d6d5de5bffe777c0bf4706a.png,1024,1536,0,2026-09-17
2026-09-29,organizacao de cozinha,ASOmCG6IWuRztQjOLDbqF74a_QhcbWKXr8u3g5hT0leTCxHDCdzvlfulNWSTLnXtoG3qnvQ0MOeZZmxy9RNZH6s,24,1,0,Temu | Multifunctional,temu.com,https://www.temu.com/ul/kuiper/un3.html?subj=dpa-un&_bg_fs=1&_p_jump_id=1082&_x_vst_scene=adg&goods_id=606568363972486&adg_ctx=a-493f8172~c-b387b532&_p_rfs=1&_x_ads_channel=pinterest&_x_ads_creative_id=%7Bproduct_partition_id%7D&_x_ads_id=%7Badgroupid%7D&_x_ads_set=%7Bcampaignid%7D&_x_ads_sub_channel=shopping&_x_ns_catalog_id=1567707391772&_x_ns_creative=%7Badid%7D&_x_ns_gid=606568363972486&_x_ns_,https://i.pinimg.com/originals/88/44/a2/8844a2efc672b2822e7482ce28a0c6b4.jpg,2000,3000,0,2026-08-17
2026-09-29,organizacao de cozinha,AeVjBMsBhtWMd9gkdNfGzFeuKU0DZg9tF65y11rLum1aFVpY0WfX9oJQyTIfAkFIXxmR5JVWgXoP6KpBK7B9nFA,25,13,0,59.1'' Kitchen lsland,homary.com,https://www.homary.com/lditem/591-modern-natural-white-kitchen-lsland-with-wine-storage-50945.html?currency=usd&language=en&country_code=us,https://i.pinimg.com/originals/57/e6/9e/57e69e677f7386403a93dca5fb2df3d1.jpg,2500,2500,0,2026-07-07
2026-09-29,organizacao de cozinha,11047961583354223,26,504,0,Deep Kitchen Drawer Organization Ideas That Actually Work,,,https://i.pinimg.com/originals/27/6b/cd/276bcddbd7d90cbbc0ee4138d1f6083d.png,3072,4608,0,2026-09-18
2026-09-29,organizacao de cozinha,1128433250419791191,27,5,0,Como Organizar Panelas no Armário: Kit 10 Peças Compacto e Empilhável Shopee,s.shopee.com.br,https://s.shopee.com.br/qjTwwrO5h?channel_type=pinterest,https://i.pinimg.com/originals/62/5b/e1/625be1ce044cfca041d7f9f3001dac34.jpg,768,1376,0,2026-09-14
2026-09-29,organizacao de cozinha,AVPKPNJwoS1AXJk8BSGrFIDZ8n5gJDkbTxVIN2z25Q7iwWOkFgUOKv28wyuSLiYzCxiiG43IKRVgOiU50pdGCd8,28,0,0,"68"" Kitchen Pantry Corner",wayfair.com,https://www.wayfair.com/Gracie-Oaks--68-Kitchen-Pantry-Corner-Storage-Cabinet-With-Doors-And-Adjustable-Shelve-X228009513-L6382-K~W117998402.html,https://i.pinimg.com/originals/1b/17/12/1b17124a384ceee57ae3ba20be452642.jpg,400,400,0,2026-08-08
2026-09-29,organizacao de cozinha,672795631880704163,29,274,0,🤍,,,https://i.pinimg.com/originals/84/76/f9/8476f92adf14fd85d62a0cd6569fef1c.jpg,1138,1821,0,2026-09-07
2026-09-29,organizacao de cozinha,634303928816446025,30,6,0,10 Genius Small Kitchen Organization Ideas You Need in 2026,instagram.com,https://www.instagram.com/golkionline?stkn=MWxoMWc3OGF6amNlNA==,https://i.pinimg.com/originals/f4/81/97/f481978acd2f249218ac7cfe64abec64.png,1024,1536,0,2026-09-17
2026-09-29,organizacao de cozinha,13721973862366727,31,9,0,Inspiração para a organização de um armário 🌸 simples e funcional! #superorganizada #design #decoração #armario #casa,instagram.com,https://www.instagram.com/p/DdYtEPmDujw/,https://i.pinimg.com/originals/f5/84/a8/f584a81e2935df39b4f1f3dd0b825f0f.jpg,1024,1280,0,2026-09-17
2026-09-29,organizacao de cozinha,1113515076649690534,32,14,0,Clutter-Free Counters Start With This Bamboo Corner Shelf 🌿✨,link.amazon,https://link.amazon/B0iDo6ewP,https://i.pinimg.com/originals/b8/45/e7/b845e71aba678ffef6a6bbb7dabb99d8.png,992,1586,0,2026-09-13
2026-09-29,organizacao de cozinha,351912467566927,33,1858,0,,,,https://i.pinimg.com/originals/38/d6/2f/38d62f07eec0e2a842fcbe8343e35693.png,1024,1536,0,2026-08-09
2026-09-29,organizacao de cozinha,5911043263088791,34,280,0,Smart storage ideas,,,https://i.pinimg.com/originals/f1/32/81/f132813bc212afc2eeef32ce8f27e3af.jpg,1080,1920,0,2026-09-19
2026-09-29,organizacao de cozinha,986569862153590845,35,1,0,Organização sem gastar muito | Cestos Organizadores para Facilitar seu Dia a Dia,s.shopee.com.br,https://s.shopee.com.br/9Ki2tOO6uu?channel_type=pinterest,https://i.pinimg.com/originals/8a/26/72/8a26727e2a3810248186310c8aaa8633.jpg,1080,1920,0,2026-09-14
2026-09-29,organizacao de cozinha,1121888957222592042,36,1,0,,,,https://i.pinimg.com/originals/a8/99/f6/a899f69b3413b46efbe5f21d627fa714.jpg,736,1308,0,2026-09-15
2026-09-29,organizacao de cozinha,70437484533046,37,25388,0,Despensa de cozinha: como deixar os mantimentos organizados,tuacasa.com.br,https://www.tuacasa.com.br/despensa-de-cozinha/,https://i.pinimg.com/originals/d5/87/b8/d587b89b26aa0aa680d537e656aa9e5b.jpg,730,905,0,2021-02-22
2026-09-29,organizacao de cozinha,7951736838715119,38,2003,0,✨️Comente para receber o link,instagram.com,https://www.instagram.com/reel/DTjGheNjvgw/,https://i.pinimg.com/originals/94/f5/2a/94f52a7e8a1da0165324c27aeb764301.jpg,640,1136,1,2026-06-09
2026-09-29,organizacao de cozinha,1132022056367736240,39,7,0,Kitchen Cabinet Organization Idea,,,https://i.pinimg.com/originals/f8/5f/3b/f85f3b82370aed124fbca4a69f2dc61e.jpg,1224,1632,0,2026-09-12
2026-09-29,organizacao de cozinha,AS0khjfVZg10f81zZERTSO4uONTAps0bKFj0E6dUD6njB1dk718KUaopKKhZ7t_Hp1KAmHsRuWbDUGCQAvKDWRo,40,0,0,Raindrops 3-Piece,walmart.com,https://www.walmart.com/ip/Raindrops-3-Pcs-Kitchen-Shelf-Pullout-Cabinet-Organizer-Shelves-Storage-White/15962716890?wmlspartner=wlpa&selectedSellerId=102621075,https://i.pinimg.com/originals/6a/ba/f0/6abaf0d4168197a62245c77f380301a7.jpg,1600,1600,0,2026-08-30
2026-09-29,organizacao de cozinha,2533343537194481,41,6406,0,Organização com Estilo: Transforme seu Armário com esse Potinhos de Acrílico! 🍽️✨,,,https://i.pinimg.com/originals/c2/2b/35/c22b35797123d3e94c077e4f52d0b723.png,720,1280,0,2025-01-16
2026-09-29,organizacao de cozinha,1132514637577941682,42,90,0,Cozy Kitchen Organization Ideas ✨ | Aesthetic & Functional Kitchen,,,https://i.pinimg.com/originals/03/0f/c5/030fc5cfd99e1a535273a606ed6a4ab9.png,1024,1509,0,2026-09-11
2026-09-29,organizacao de cozinha,1130403575251528505,43,13,0,Onde guardar cada item na cozinha para ganhar espaço,,,https://i.pinimg.com/originals/25/08/eb/2508ebd974fa8cfc852194842e6b45d4.png,1024,1536,0,2026-09-05
2026-09-29,organizacao de cozinha,457537643416825708,44,11,0,Cozinha Organizada ✨,,,https://i.pinimg.com/originals/6a/1f/84/6a1f846529a7b194aa9b997bb9f168ae.png,941,1672,0,2026-09-12
2026-09-29,organizacao de cozinha,1099089484115453636,45,24,0,Fully Labeled Pantry Organization System,,,https://i.pinimg.com/originals/30/68/03/3068031be42de9c1f1e4083727989804.jpg,1080,1920,0,2026-09-19
2026-09-29,organizacao de cozinha,5418462048000496,46,2117,0,,,,https://i.pinimg.com/originals/ef/65/b2/ef65b2b6174613f9898fa0e7802420aa.png,943,1667,0,2026-09-18
2026-09-29,organizacao de cozinha,ASZVUC71b9_t7TOeXY8WwGcyft_NSRz-4WU3Ypi30MTqmjtWIPDboaobEPrh5100W0iNIKLSSNi89YbnmwZY6_c,47,2,0,Temu | 7-tier Slim,temu.com,https://www.temu.com/ul/kuiper/un3.html?subj=dpa-un&_bg_fs=1&_p_jump_id=1082&_x_vst_scene=adg&goods_id=606396649192747&adg_ctx=a-ab85ec25~c-4968c282&_p_rfs=1&_x_ads_channel=pinterest&_x_ads_creative_id=%7Bproduct_partition_id%7D&_x_ads_id=%7Badgroupid%7D&_x_ads_set=%7Bcampaignid%7D&_x_ads_sub_channel=shopping&_x_ns_catalog_id=1567707391772&_x_ns_creative=%7Badid%7D&_x_ns_gid=606396649192747&_x_ns_,https://i.pinimg.com/originals/1c/71/59/1c715994f344bc91d625cb60a900f8c6.jpg,1254,1254,0,2026-08-03
2026-09-29,organizacao de cozinha,1129910994051954501,48,5,0,Kitchen Drawer Organization Ideas with Wooden Dividers,,,https://i.pinimg.com/originals/ee/8b/b5/ee8bb5f22f104134f3bd0f2a72d6ef7a.png,1024,1536,0,2026-09-17
2026-09-29,organizacao de cozinha,AVO7a9VV-B7a-leqfIGyHVpPii3xwCFG24-tshaQoS6eowxqLnzbnDWMatgKsOVruW0VJbSNYrZX-iE-EoGjKk0,49,0,0,Temu | Cabinet Organizer,temu.com,https://www.temu.com/ul/kuiper/un3.html?subj=dpa-un&_bg_fs=1&_p_jump_id=1082&_x_vst_scene=adg&goods_id=606187403767450&adg_ctx=a-8f5b3068~c-212bbfb3&_p_rfs=1&_x_ads_channel=pinterest&_x_ads_creative_id=%7Bproduct_partition_id%7D&_x_ads_id=%7Badgroupid%7D&_x_ads_set=%7Bcampaignid%7D&_x_ads_sub_channel=shopping&_x_ns_catalog_id=1567707391772&_x_ns_creative=%7Badid%7D&_x_ns_gid=606187403767450&_x_ns_,https://i.pinimg.com/originals/32/a2/4d/32a24d997dc2a54b373bfe4a2021a7ed.jpg,2000,3000,0,2026-09-05
2026-09-29,organizacao de cozinha,AURyNJZjbRflu752PSsBoE9ElBi1Q0XWnvTMndjn80s17quEY0LGxRUrgKYN5ezq_82Xo_FVtDjUQqYTtp1dUh4,51,19,0,Pin this Kips Bay Palm,kohler.com,https://www.kohler.com/en/products/kitchen-faucets/shop-kitchen-faucets/edalyn-by-studio-mcgee-semi-professional-kitchen-sink-faucet-with-two-function-sprayhead-28360?skuId=28360-2MB,https://i.pinimg.com/originals/9e/4a/37/9e4a37f08ceea0231b60edbfff901221.jpg,1000,1500,0,2026-08-20
2026-09-29,organizacao de cozinha,813603488981279478,52,11,0,Beautiful Kitchen Storage Ideas That Actually Work,,,https://i.pinimg.com/originals/03/bc/79/03bc79f0ea3842284c94ea24936fa702.png,1024,1536,0,2026-09-18
2026-09-29,organizacao de cozinha,Abw74gTGvIgDHk0Fpq-tgPYjVSQ3qn7m_IcRikYUO1RcbyqFXlcgyk-DTb19aC1FK_j2AqbP3BvjxgPmXnexgOE,53,17,0,33 in. L x 19 in. W White,homedepot.com,https://www.homedepot.com/p/DEERVALLEY-33-in-L-x-19-in-W-White-Fireclay-Rectangular-Single-Bowl-Undermount-Workstation-Kitchen-Sink-with-Accessories-DV-1K0141/328305560?cm_mmc=psoc-pinprg-%7Bcampaignid%7D-%7Badgroupid%7D,https://i.pinimg.com/originals/6f/5e/99/6f5e998492a23f8ec4ea1cb1299ffb95.jpg,1000,1000,0,2025-07-24
2026-09-29,organizacao de cozinha,ARry5aIvZD3NxtQRWoQ3V_DdyQIzd-ApL6DK5ajkagLMChhuEBz8gytW6f0qnsjp0WufTaG0TC3WESurfYn8uXs,54,1,0,Explore BEST Hoods at Abt,abt.com,https://www.abt.com/brand/Best?utm_source=Pinterest&utm_medium=social&utm_campaign=BESThoods_Aug26,https://i.pinimg.com/originals/85/b6/4e/85b64e4dcfcb9a4117e18dbe06518ee2.png,1000,1500,0,2026-08-14
2026-09-29,organizacao de cozinha,76209418691025523,55,21,0,10 Modern Kitchen Pantry & Drawer Organization Ideas,,,https://i.pinimg.com/originals/ce/14/56/ce145644b87f2780287d09b137a4f96d.jpg,944,1680,0,2026-09-18
2026-09-29,organizacao de cozinha,AeFM4KCft2W1Z38cfayioEaNkpPs470D938MSvGy5D1_apKIDDreSyQytuIdO6-GIcINHyh0_fT2ncDnNo0C03k,56,2,0,Find the right range for,lowes.com,https://www.lowes.com/c/Ranges-Appliances?cm_mmc=psm-_-c-_-prd-_-app-_-pin-_-%7Bcampaignid%7D-_-%7Badid%7D-_-0-_-trf-_-mix,https://i.pinimg.com/originals/79/90/ed/7990ed36b46c2e5f654dfb33c02fbc6f.jpg,1000,1500,0,2026-01-12
2026-09-29,organizacao de cozinha,1099370959078065082,57,19,0,Organized Pantry Ideas: 15+ Beautiful Kitchen Pantry Organization Ideas,payhip.com,https://payhip.com/MIHomes,https://i.pinimg.com/originals/58/2b/c4/582bc466f1a144fb4f70383b7c3a120c.jpg,1024,1536,0,2026-09-14
2026-09-29,organizacao de cozinha,AY2-DFrgXy79yQQ0HyHALfIDm7wTNE3_Vk6jasev7vZRkUdF5ShcJrf4mZe7OBdis-rCSNuY8lmhHRROCqGwXf4,58,1,0,MODERN PERFORMANCE FOR,fergusonhome.com,https://www.fergusonhome.com/ge-appliances/c112078?utm_source=pinterest&utm_medium=psa&utm_campaign=0_fh_national_convert_acquire_2573_ge_product_psa_2026vmfge&utm_content=gepp4,https://i.pinimg.com/originals/02/60/fd/0260fd3d8616a0f226d105b62f5127d0.jpg,2083,3125,0,2026-06-29
2026-09-29,organizacao de cozinha,641270434489189456,59,1,0,,,,https://i.pinimg.com/originals/b9/86/20/b98620ea8f23244eb4a38bbce34ba6c4.jpg,1024,1536,0,2026-09-17
2026-09-29,organizacao de cozinha,1110067008185830610,60,0,0,"🤎 Legenda principal Uma cozinha organizada muda tudo, né? ✨ Esses potes deixam arroz, feijão, massas e grãos sempre à vista, organizados e muito mais fáceis de encontrar. E vamos combinar… o resultado",instagram.com,https://www.instagram.com/reel/DdNWV0khb6b/,https://i.pinimg.com/originals/49/63/72/4963724505a58082864cbf26917e65d5.jpg,720,1280,1,2026-09-13
2026-09-29,organizacao de cozinha,1090434128563006389,61,14,0,The Secret To A Mess-Free Pantry: Aesthetic Woven Storage Baskets 🧺,,,https://i.pinimg.com/originals/7f/e5/27/7fe527592a0345dd80a86f2fe2b90317.png,1024,1536,0,2026-09-11
2026-09-29,organizacao de cozinha,AYs1E26VKhCaCxEisWuxO4T13TykTD8qcJ1JaH2E9PIhcgWIxdPQGBdjdkt9uRWgB1MxDdtyjW98qW9oUwYi1Eo,62,0,0,We know homes. Hire the,thumbtack.com,https://www.thumbtack.com/k/general-contractors/near-me/,https://i.pinimg.com/originals/c2/2b/4f/c22b4f77061de28c7cd87a4439d631d8.jpg,1080,1920,1,2025-12-12
2026-09-29,organizacao de cozinha,115123334221780733,63,115,0,Small Apartment Kitchen Organization Finds,tr.ee,https://tr.ee/NTshjH?Kitchen+Storage+Organization+Organization,https://i.pinimg.com/originals/63/59/a5/6359a544b22ce76ab40788414ca8ed3a.png,941,1672,0,2026-09-11
2026-09-29,organizacao de cozinha,392024342588350196,64,30,0,Simple Kitchen Cabinet Organization Ideas,,,https://i.pinimg.com/originals/70/31/f4/7031f472400005705098d5e83b3b0c72.png,1000,1500,0,2026-09-18
2026-09-29,organizacao de cozinha,281543727223172,65,2765,0,The Hidden Kitchen Storage Space You’re Probably Wasting,,,https://i.pinimg.com/originals/6e/d9/a4/6ed9a499c75691fbeafcefcd168a765c.png,1024,1536,0,2026-09-15
2026-09-29,organizacao de cozinha,143200463150285673,66,19,0,4 Smart Organizers for Small Kitchen Cabinets,,,https://i.pinimg.com/originals/c1/90/8d/c1908d8b56261e9b3823e201f62f754a.png,941,1672,0,2026-09-19
2026-09-29,organizacao de cozinha,Ae_O2ERTSaBE1lLF7pWEFr_fjSapKxYrZKOvDfaO3C3CmycI6q6MWcF7fnyYw4kUFWqvTAF5iBXzDS9W9zb46Yk,67,1,0,Cooking Up Chic,ziatile.com,https://ziatile.com/products/puebla-4x4?nbt=nb:pinterest::%7Bcampaignid%7D:%7Badgroupid%7D:%7Badid%7D&nb_kwd=%7Bkeyword%7D&nb_device=%7Bdevice%7D&nb_platform=pinterest&nb_pn=%7Bproduct_name%7D&nb_ppgid=%7Bpromoted_product_group_id%7D&nb_pid=%7Bproduct_id%7D&nb_ppid=%7Bproduct_partition_id%7D&utm_medium=paid&utm_source=pinterest&utm_campaign=%7Bcampaign_name%7D&utm_term=%7Badgroup_name%7D?nbt=nb:pi,https://i.pinimg.com/originals/1a/ce/7a/1ace7a6e605e20831640572084eb5944.jpg,1080,1620,0,2026-08-03
2026-09-29,organizacao de cozinha,3096293491419145,68,2477,0,5 truques para organizar a cozinha | CLAUDIA,claudia.abril.com.br,https://claudia.abril.com.br/sua-vida/5-truques-para-organizar-a-cozinha/,https://i.pinimg.com/originals/58/ff/6f/58ff6f4cd8427bced503cfecd57c4f45.jpg,550,786,0,2025-12-28
2026-09-29,organizacao de cozinha,722264859036671894,69,14,0,Organização da Casa: Ideias com Organizadores para Cada Ambiente,,,https://i.pinimg.com/originals/f5/62/55/f5625515465c0394841d4aa8a5d3fe91.png,1024,1536,0,2026-09-15
2026-09-29,organizacao de cozinha,866520784585398204,70,2,0,Os 7 organizadores que fazem mais sentido em uma cozinha pequena,,,https://i.pinimg.com/originals/be/1a/45/be1a459f8803a46fe7ac3a62172805c5.jpg,1200,2132,0,2026-09-14
2026-09-29,organizacao de cozinha,211174979655296,71,6574,0,,,,https://i.pinimg.com/originals/2e/d8/9d/2ed89dd076a43a926fccfa239eb753e5.jpg,736,1104,0,2026-08-31
2026-09-29,organizacao de cozinha,AV0a9fg27FIuIDTWlPhwrmZFfLcFjS-ouoHUH_ps0FYOqbc73WdwG8yvF3CHswkvbDbbQBZHvixS7OvObWLrtPE,72,1,0,Indoor Barn Lights,steellightingco.com,https://steellightingco.com/product/venice-wall-mounted-light-indoor-outdoor-decor-sign-light/,https://i.pinimg.com/originals/41/63/c5/4163c52059c379efb6a8380b02e318e2.jpg,1080,1080,0,2026-08-06
2026-09-29,organizacao de cozinha,404127766588192864,73,37,0,Fruteira de Chão,meli.la,https://meli.la/2tH7Kur,https://i.pinimg.com/originals/d0/84/24/d0842419d4f0afb706df717b352d7259.png,1122,1402,0,2026-09-14
2026-09-29,organizacao de cozinha,Ab9VBizC4yHkBmRztOojlET0haUc3B4ekJUIsnVWtEyEYUXIXZdYxHtoieeVp9-4BE-3n3k4hyZxhk84tMJTjlY,74,36,0,Fall Kitchen Design,twopagescurtains.com,https://twopagescurtains.com/collections/blinds-shades,https://i.pinimg.com/originals/d0/3e/3e/d03e3e464c0a7bc9a3c53e7dacacc988.png,1000,1500,0,2026-09-14
2026-09-29,home office pequeno,AbkGhF9KeCDVPqh8gydT1JNW4WWW74v8krl9M-Z3alSa6XzCEbpRUAYwK8nib8vP5m40kPJLZKEB2aDJUFG4i4w,1,1,0,Cool Blue Aesthetic: Home,ruggable.com,https://ruggable.com/collections/office-rugs,https://i.pinimg.com/originals/cd/19/c8/cd19c863804504a5e1dbf647b338ed9c.png,1080,1620,0,2026-07-13
2026-09-29,home office pequeno,AWeLJGmdEl411p_h1-HUkiu2kUdQIo5JTlgLfRg5I3Q_ucFYD8zmxM2t_mLc3DRMX0bhGZFnRT2BEH3P3RW4szg,2,0,0,Compact Computer Desk,maoters.com,https://www.maoters.com/product/compact-simple-computer-desk-senior?variant=MTL01299,https://i.pinimg.com/originals/96/25/c6/9625c6eeeb506b5b86e3c39ec659187a.jpg,975,1000,0,2026-08-07
2026-09-29,home office pequeno,AckWrqRXpqGR0b2QwcRnk9a6avx5h3hsU97VBdbaMUTNMo7mKe9Ly68rzLmBwVEFOppiJxsupxpC1sYh_82De3w,3,503,0,Amazon Office Idea,amzn.to,https://amzn.to/4fjwZew,https://i.pinimg.com/originals/45/7f/a8/457fa826c9f6b75e85349f0fb8d97575.jpg,1000,1500,0,2026-07-15
2026-09-29,home office pequeno,1146799492646992539,4,63,0,"Home office pequeno, clean e organizado 🤎",,,https://i.pinimg.com/originals/f1/36/a5/f136a5c763e6802d8523c94cc15cbaf8.png,1024,1536,0,2026-09-09
2026-09-29,home office pequeno,AaNGHtvE2QMWuhQbHSlaDH1R6I6XgmZWt_-foUhmSIjP3rmbWEGCBGo69ZcWww0Hlz283KQAmUou-JAE6swjvNM,5,1,0,Create a Home Office That,go.roomandboard.com,https://go.roomandboard.com/8E19DC,https://i.pinimg.com/originals/08/50/26/08502672d27858ffb0be0bce4a4c0143.jpg,1080,1920,1,2024-08-09
2026-09-29,home office pequeno,5699937025538853,6,61,0,Cozy Small Home Office Desk Ideas for Tight Spaces,,,https://i.pinimg.com/originals/97/04/85/970485afe60f8e94302d6805023f999e.png,1000,1500,0,2026-09-17
2026-09-29,home office pequeno,2603712283097437,7,1178,0,,,,https://i.pinimg.com/originals/99/7e/04/997e04993127f029da348b9212fb4bde.jpg,1024,1535,0,2026-09-18
2026-09-29,home office pequeno,845973111303372627,8,51,0,Escritório em Casa Aconchegante: Decoração Clean e Moderna,,,https://i.pinimg.com/originals/2b/1f/27/2b1f27e76a1985bce4f6c849e01481cd.png,941,1672,0,2026-09-14
2026-09-29,home office pequeno,AaPUys0WR48pkFe0XqGmk0YzXPhNy_jEVZA_A6Tw4ne_HG3x9uZQALPVJxG8aZpM_AA2ZnI6ZTJ0CuxAOmAtR8o,9,7,0,66 in. L Shaped Rustic,homedepot.com,https://www.homedepot.com/p/LACOO-66-in-L-Shaped-Rustic-Brown-Large-Corner-Computer-Desk-with-Charging-Station-Adjustable-Monitor-Stands-SN-OD25-1029-FW/341035528?cm_mmc=psoc-pinprg-%7Bcampaignid%7D-%7Badgroupid%7D,https://i.pinimg.com/originals/1d/33/98/1d339866c4b2c96093d95cb40d3069b3.jpg,1000,1000,0,2026-07-14
2026-09-29,home office pequeno,62628251063384236,10,102,0,Shop The Look Small Home Office Ideas Cozy Desk Setup for Small Spaces,amazon.com,https://www.amazon.com/shop/influencer-53efcc70/list/1MULB3J1TT198?ccs_id=5b108d1b-1704-4df5-84e8-e23f028dbd28&linkCode=ll2&tag=nafisalam-20&linkId=2f7c050b8e01e0449f15a1e81adc8bf0&language=en_US&ref_=as_li_ss_tl,https://i.pinimg.com/originals/81/6f/3f/816f3ff6fcf66a69793b65ce3460756c.jpg,1200,1800,0,2026-09-17
2026-09-29,home office pequeno,1139832987006262262,11,1,0,Escritório dos Sonhos 💻 Ideias Lindas Para um Espaço Moderno e Organizado,s.shopee.com.br,https://s.shopee.com.br/8pljz9GS2Q?channel_type=pinterest,https://i.pinimg.com/originals/50/3f/ce/503fcef15c944e922fc8c29a324d5fc2.jpg,736,1104,0,2026-09-13
2026-09-29,home office pequeno,AXTXOczCCRWDa6mH8YKnPf5LlPJzTVXkyxPZaBjHGdUuy8ZMdbM2Dwkk4PNFhAq7AMOtCru6YOUsljWnkXR_j3Q,12,1,0,Light walnut L-Shaped,wayfair.com,https://www.wayfair.com/Cozynest--Light-walnut-LShaped-Solid-Wood-desks-CNL828781603750DESK1218LIGHT-WALNUT0-L32-K~CZYN1173.html,https://i.pinimg.com/originals/5e/89/7c/5e897c3a87158789b27790bf6f5c2635.jpg,400,400,0,2026-08-04
2026-09-29,home office pequeno,211174979633532,13,5821,0,Computer Desk Ideas | Floating Corner Desk Setup with LED Lighting,,,https://i.pinimg.com/originals/6d/cb/59/6dcb59a68cd5fcb5cb4540502fcfc44b.png,1792,2400,0,2026-08-24
2026-09-29,home office pequeno,33214116019263044,14,121,0,Turn a Small Closet Into a Functional Home Office Description:,,,https://i.pinimg.com/originals/6a/93/36/6a93362baa58b72b48b5f94283160f58.png,941,1672,0,2026-09-18
2026-09-29,home office pequeno,1098526534141121980,15,7,0,Small Office Corner in Home: A Feminine Desk Glow-Up for Tiny Spaces,,,https://i.pinimg.com/originals/23/b6/b7/23b6b77a62c6b7c43f8066902d2daefa.jpg,768,1376,0,2026-09-10
2026-09-29,home office pequeno,1104930089880049458,16,1,0,Escrivaninha Dobrável para Quarto Pequeno | Cantinho de Estudo Compacto,meli.la,https://meli.la/1DBXzTR,https://i.pinimg.com/originals/78/75/4e/78754e189f45765cb6cb8d2c5853f4ed.png,1024,1536,0,2026-09-19
2026-09-29,home office pequeno,Aevfn9gVYFYttm1PJa7bNRgCVhVGH2vE2TdK5-tomzUmGmNaMp3DHvQRoZzEbVWiqovLM1tHIgt9cghTKi6a5t0,17,16,0,"Hungled 71"" Modern White",homary.com,https://www.homary.com/lditem/71-modern-white-computer-desk-luxury-gold-office-desk-with-storage-1-cabinet-35317.html?currency=usd&language=en&country_code=us&utm_source=pinterest&utm_medium=cpm&utm_term=%7Bcampaignid%7D,https://i.pinimg.com/originals/62/a2/ad/62a2ade12578211bd5882998ad58a204.jpg,2500,2500,0,2025-10-21
2026-09-29,home office pequeno,286611963784366876,18,94,0,Small Space Office Ideas for a Stylish Organized Workspace,,,https://i.pinimg.com/originals/cb/f9/b8/cbf9b8aaf1ad7961113f04e073ab8713.png,941,1672,0,2026-09-18
2026-09-29,home office pequeno,96475617015477417,19,77,0,Stylish Home Office Corner Setup,,,https://i.pinimg.com/originals/7b/58/66/7b5866b2f6f6970682b91e0e54a798fc.png,1054,1492,0,2026-09-18
2026-09-29,home office pequeno,AfpUPjGBe71L8PJ3SsKcZbvDT-Qp0VmDcBukftB1RDv1yWIn5tKToSYMk2QMD2g7zE0SBsoyYmW1IkZbGfrjBY0,20,1,0,Custom Neon Signs - Make,neonsignsnow.com,https://www.neonsignsnow.com/product/neon-light/custom-neon-light,https://i.pinimg.com/originals/6f/02/fd/6f02fd741ca7ea8175a6e0c87028111d.webp,500,500,0,2026-09-15
2026-09-29,home office pequeno,179581103892583601,21,36,0,Compact Floating Desk Small Space Office,,,https://i.pinimg.com/originals/fa/72/9c/fa729c59847a4c4ecc8fe2ec4fe316bc.png,1024,1536,0,2026-09-13
2026-09-29,home office pequeno,4592053214250305408,22,1,0,Como deixar sua casa mais aconchegante sem gastar...,metaseglamour.com.br,https://www.metaseglamour.com.br/post/como-deixar-sua-casa-mais-aconchegante-sem-gastar-muito,https://i.pinimg.com/originals/f1/71/27/f171270cccc4418471da63c68851eba9.jpg,736,1311,0,2026-09-09
2026-09-29,home office pequeno,AXyyeTpVDVmyTPnjGbpICAG0FpPFYGGRjyETmfThKmp_ZIFckUESVrHriWksbuGyypqKGPfRTT4pzyeMeiknlgs,23,296,0,This Spot In Your Living,coddleme.com,https://www.coddleme.com/blogs/news/small-space-living-5-smart-tips-to-make-every-inch-work-harder,https://i.pinimg.com/originals/99/8e/b7/998eb7e8b1d8799fc277d6b2a573c214.jpg,1436,2154,0,2026-04-01
2026-09-29,home office pequeno,AV1mmRkkSzppqqbEzx_0pidXhCU-RIRQUQh-QUgw5x1DD8l5Qtd7BVpxOC550igdotMenV2uGWN8TU2gdwxLxcs,24,2,0,Modern Live Edge Corner,roytimber.com,https://www.roytimber.com/products/modern-live-edge-corner-desk-for-home-office?variant=64064307822941,https://i.pinimg.com/originals/23/e0/84/23e0847f9f0616e852065785ef41c3d4.png,1280,1280,0,2026-04-03
2026-09-29,home office pequeno,68750413500,25,5772,0,,,,https://i.pinimg.com/originals/8c/7c/3f/8c7c3f298c9bb1e1799c64f1c33716a8.jpg,467,629,0,2026-09-15
2026-09-29,home office pequeno,1135751599812065691,26,3,0,Small Space Storage Ideas: Use Your Walls to Free Up Floor Space,havenhomefinds.my.canva.site,https://havenhomefinds.my.canva.site/small-space-big-style,https://i.pinimg.com/originals/05/97/85/05978567081ecbdf6afbaa147a00164a.png,1000,1500,0,2026-09-17
2026-09-29,home office pequeno,1085015735257311724,27,46,0,Cozy Small Home Office Ideas with a Stylish White Desk Chair,amazon.com,https://www.amazon.com/HUANUO-Adjustable-Armrests-Corduroy-Computer/dp/B0GHMGS8YR?crid=2RLUQ1XWTEJU8&dib=eyJ2IjoiMSJ9.Z2d0Fv8M7QGId53UmqJvrI-vpE9fM5veYjK2-py3ZhIywdpZdXpo1iCZ2ERCFHSu6QVDjyMKSNYQFbckh-G3iw9lzlzIUyXK6KnVdyq75eBnZHqza9lIHuj7BKsRGc6wCWVqmpeiBEOKZnMdasLyY36pr9hhRqZ-csaQOWJ94C-O7gO00LKOCBZknmBID-ZcJ64iXcyKdFdkJ3Vu19QhPhJs84xuhXKzBFZuSp2oT1AzEuxZ4vXJxXO91hAGJCsrR2NGfDcw2e3U0R83pkwWGNo16w,https://i.pinimg.com/originals/35/58/c7/3558c7271d1b20b64063457fb83d66fd.png,1024,1512,0,2026-09-14
2026-09-29,home office pequeno,662803270212363141,28,1,0,Casa Pequena com Home Office: 10 Ideias para Aproveitar o Espaço,,,https://i.pinimg.com/originals/4a/5e/92/4a5e92e47b0f4144b4be8baeb81e4b80.jpg,1536,2752,0,2026-09-14
2026-09-29,home office pequeno,68750359483,29,4877,0,,,,https://i.pinimg.com/originals/7f/4f/d5/7f4fd513a89580b9e05b8b01de94ac96.jpg,1024,1536,0,2026-08-27
2026-09-29,home office pequeno,824792119304234994,30,57,0,,,,https://i.pinimg.com/originals/54/0f/35/540f35f53b84e00985c9f337952035e5.jpg,675,1200,0,2026-09-14
2026-09-29,home office pequeno,922393567464199137,31,13,0,Cozy Home Office Ideas for a Stylish & Productive Space,,,https://i.pinimg.com/originals/8d/12/82/8d128204f25be0f09d05f8a419fa36ff.png,940,1672,0,2026-09-17
2026-09-29,home office pequeno,AQ4c8LncPczy7AABO6RHYHSzofYrEk64wnF6GDYkGrpqW0BXtuWNMaPWU96ZQkdKBL3V88jDojFk_O5qhBif3zE,32,0,0,Famapy White Double -,target.com,https://www.target.com/p/famapy-white-double-sided-computer-desk-with-hutch-study-desk-with-drawers-spacious-collaborative-workstation-for-home-office-study-room/-/A-1006766826?TCID=PDS-%7Bcampaignid%7D-%7Badgroupid%7D,https://i.pinimg.com/originals/a3/64/23/a36423da2f9c634d5fe817ef5dd98d6c.jpg,759,1036,0,2025-11-11
2026-09-29,home office pequeno,AfHU-Sa7WpUJYcIGCL53AVLZEawRkao2zVBiPtCt8phQURxLh7ivzIo0b6xjWWkMYlv4EDiLwKMWRLkbXlSJnNo,33,0,0,"Temu | 78 Inch L-shaped ,",temu.com,https://www.temu.com/ul/kuiper/un3.html?subj=dpa-un&_bg_fs=1&_p_jump_id=1082&_x_vst_scene=adg&goods_id=601102029814293&adg_ctx=a-653e414d~c-eb29ca8a&_p_rfs=1&_x_ads_channel=pinterest&_x_ads_creative_id=%7Bproduct_partition_id%7D&_x_ads_id=%7Badgroupid%7D&_x_ads_set=%7Bcampaignid%7D&_x_ads_sub_channel=shopping&_x_ns_catalog_id=1567707391772&_x_ns_creative=%7Badid%7D&_x_ns_gid=601102029814293&_x_ns_,https://i.pinimg.com/originals/bb/f0/04/bbf004ff57f2320069fcf34bf02d6a68.jpg,2000,3000,0,2026-09-11
2026-09-29,home office pequeno,1147573548831727367,34,4,0,Cozy Corner Home Office with Recessed Lighting,,,https://i.pinimg.com/originals/d5/02/70/d5027047fcccb97256be584e6edb804d.png,1023,1537,0,2026-09-14
2026-09-29,home office pequeno,322570392081812670,35,8,0,Small Home Office Ideas for Cozy Desk Nooks,,,https://i.pinimg.com/originals/e0/c5/4f/e0c54f531b2bf8b364ec0c3428eb2912.png,1000,1500,0,2026-09-19
2026-09-29,home office pequeno,98234835618616289,36,51,0,Aesthetic Desk Setup Ideas for a Productive Space,,,https://i.pinimg.com/originals/f7/e6/c0/f7e6c0b5da6526d76199940bd887b7b1.png,1024,1536,0,2026-09-17
2026-09-29,home office pequeno,1137018237205616054,37,1,0,Escrivaninha para Escritório | Home Office | Decoração,,,https://i.pinimg.com/originals/2d/4e/cc/2d4eccd8c59b494cb3537b2fd64d8991.png,941,1672,0,2026-09-12
2026-09-29,home office pequeno,1129559150348531488,38,7,0,Prateleiras para home office: 7 opções para aproveitar o espaço,homeofficeideal.com.br,https://www.homeofficeideal.com.br/2026/09/melhores-prateleiras-home-office.html,https://i.pinimg.com/originals/9a/0a/ab/9a0aab3cc89735b7cb0d394347afa7e8.png,1024,1536,0,2026-09-14
2026-09-29,home office pequeno,1098526534141377530,39,4,0,Small Bedroom Home Office Nook | Warm Aesthetic Desk Setup Ideas for Cozy Apartments,,,https://i.pinimg.com/originals/40/e9/36/40e93626036dff67c9ab23d80cdaf09a.jpg,768,1376,0,2026-09-13
2026-09-29,home office pequeno,102175485294898288,40,1,0,Um cantinho de home office simples que deixa a casa mais aconchegante 🤎,mercadolivre.com.br,https://www.mercadolivre.com.br/social/soj7566659?matt_word=soj7566659&matt_tool=76759467&forceInApp=true&ref=BDUvDbA9G/Ms2RIJku0ZXz6ZtbGcRxLbGEKjHVX9TzzWyxnAuc7apep1nBufgPj6too13FGU6%2B0eq8HGezLpdT8uvMHJB459NxUfK1faRfGIfZjFLe/qFY4sI6Zy3NDLdCWKxbLtW4AEXCXciwTsnJFkpxMuP85lBaffcLqZ4a1CxUguSnoVOOJ1iEiimzAdQi5aAA%3D%3D,https://i.pinimg.com/originals/36/c6/81/36c681233be31e6db1161d59fa82b286.png,1024,1536,0,2026-09-15
2026-09-29,home office pequeno,985231165835480,41,15891,0,,,,https://i.pinimg.com/originals/24/c0/18/24c018dd5d65e3aaae31646aed464bea.jpg,1024,1536,0,2026-08-23
2026-09-29,home office pequeno,6544361955476295,42,295,0,Cozy Small Apartment Home Office Ideas for a Productive Workspace,,,https://i.pinimg.com/originals/fa/2a/ad/fa2aad5d91298685bd218b202a46e6a9.png,1024,1536,0,2026-08-18
2026-09-29,home office pequeno,215328425930853416,43,20,0,Minimalist Desk Setup Ideas for Small Spaces,,,https://i.pinimg.com/originals/01/8d/d2/018dd28741f620bbb7d7358e8b5eac84.png,1023,1537,0,2026-09-19
2026-09-29,home office pequeno,330099847713565649,44,45,0,Small Space Modern Farmhouse Home Office Nook,,,https://i.pinimg.com/originals/a4/26/a5/a426a5fc2606fd1b91084e03abaf1770.png,1024,1536,0,2026-09-19
2026-09-29,home office pequeno,12455336472018024,45,780,0,O Home Office Integrado ao Quarto que Parece um Projeto Sob Medida ✨,,,https://i.pinimg.com/originals/b5/5b/c0/b55bc0432f59db8fdcd6bf3921c7bccc.png,1023,1537,0,2026-09-10
2026-09-29,home office pequeno,178877416446868506,46,225,0,Modern Balcony Office Ideas,,,https://i.pinimg.com/originals/0f/ab/47/0fab47c37eee5327ca2c499068c88e71.jpg,810,1440,0,2026-09-19
2026-09-29,home office pequeno,ASN4wR4fSWXP0Je2BfP_rx8bWadN4ES9nlRPqPFjfoXn0mu_cUOCbVPPFLcuDxsxutuJ0EabqelWuVGQZRfryKs,47,0,0,"60"" Modern Home Office",hernest.com,https://www.hernest.com/item/simpdi-60-inch-desk-p-9513.html,https://i.pinimg.com/originals/3b/ab/e1/3babe1bf138b99120febe897ea8afbe6.jpg,1114,1200,0,2026-03-24
2026-09-29,home office pequeno,1091208184876015196,51,2,0,A Wall-Mounted Desk Can Save Valuable Floor Space,,,https://i.pinimg.com/originals/9b/ff/18/9bff18846741b0f38c9f293848a0af1b.png,1024,1536,0,2026-09-15
2026-09-29,home office pequeno,AQ_9s6r6yL8glHs_4-OPWU9uVWG--zTdkY81cey6XZR8cFYp6xkWbcrsVQDq0nfKd28RlKxs0Qd7g9hpiInkPJg,52,1,0,Be protected from day one,purchase.allstate.com,https://purchase.allstate.com/onlineshopping/welcome?cid=SMP-UF-V-STC-130-BRR-BAU-NAT-NAT-260506:pinhomediy,https://i.pinimg.com/originals/af/86/8f/af868fbe60157a0a4ba9d00378e60eb6.png,1000,1500,0,2026-08-31
2026-09-29,home office pequeno,1071856780173384467,53,18,0,10 Cozy Home Office Ideas for a Small Space,,,https://i.pinimg.com/originals/ae/55/f5/ae55f523bc48b502b701af1534a837e7.png,1024,1536,0,2026-09-19
2026-09-29,home office pequeno,AQTMMQA4X--lE1ZnD0k3kJb4FiCnRqTe_nYmwssa6CTztn4oWVheGSJgNfn2HtgvM1K7r4SZFkhe4TchDZXmrk0,54,0,0,Cozey | Gaia Collection,cozey.ca,https://cozey.ca/en-ca/collections/gaia,https://i.pinimg.com/originals/80/1a/59/801a59b866c672c80a72e59a8545ca4b.jpg,1440,2560,1,2026-07-08
2026-09-29,home office pequeno,106960559896516878,55,35,0,,,,https://i.pinimg.com/originals/13/ba/cc/13bacc910cfa50d6deac6179fd5423f9.png,1145,1374,0,2026-09-17
2026-09-29,home office pequeno,87468417758660439,56,97,0,,,,https://i.pinimg.com/originals/8b/43/07/8b4307b56d36e6ff36843661a15e652d.png,941,1672,0,2026-09-15
2026-09-29,home office pequeno,AYEv45HZ6TX6eMMBQhx96Ku3Ts7NZlCUgKx53XoP8Jn7DmxVR2QFp_OvMGfrPOBdgQyI5NsElFaAmdBsWy4Nj00,58,104,0,Find cozy living room,kohls.com,https://www.kohls.com/catalog/for-the-home.jsp?CN=Activity:For%20the%20Home&BST=7997545:8278560:7188321:7871634:7690004:3122793:8343467:7827658:8048476:8087519:5529582:8114179&icid=social-paid-pncrsl-trendingcozylivingroomdecor-np-2609wk3-frame1&cid=SO26PDPIN0788&utm_campaign=paid_social&utm_medium=paid_social&utm_source=pinterest&utm_content=2026pdpin788,https://i.pinimg.com/originals/c1/4f/21/c14f210d80acc2930a8abf5a62842e97.png,1080,1920,0,2026-09-15
2026-09-29,home office pequeno,768989705170114096,59,2,0,Cozy and Warm Modern Workspace,,,https://i.pinimg.com/originals/7b/12/49/7b12491716765442104088f70c00b597.jpg,715,1071,0,2026-09-16
2026-09-29,home office pequeno,AY3ylCVmgQTAXCcFVNoQEodPstNuNrN_bvKi_XXjDBJ8xy8-Sj5elLxYr004PXnZzorN9PD9pNVVs6uL9gJo9ME,60,9,0,Architectural Workspace,eurekaergonomic.com,https://eurekaergonomic.com/products/executive-desk-and-file-cabinets-set?utm_source=pinterest&utm_medium=social&utm_campaign=pina,https://i.pinimg.com/originals/d1/a9/5a/d1a95a62fcc507d36a2fae1b6e7d96ba.png,1000,1500,0,2026-08-17
2026-09-29,home office pequeno,211174979633533,61,1175,0,Estilo de oficinas modernos,,,https://i.pinimg.com/originals/e8/79/b2/e879b253fe73c6541a8cdd5f86590612.jpg,736,1104,0,2026-08-24
2026-09-29,home office pequeno,747808713177304572,62,3,0,"Seu escritório dos sonhos: conforto, estilo e organização em um só lugar!",link.amazon,https://link.amazon/B02iOn1Wk,https://i.pinimg.com/originals/ab/60/cb/ab60cb829f5420f876a0b8480ef7619f.png,1024,1536,0,2026-09-18
2026-09-29,home office pequeno,Aa85DZlkeyBkQugAPD-3JwclhZheCBk9aGTkt2I7lItl79flJUpN84xlgZ2F7E4GRCAMlsgrh4Ku9aHVFQUHS3o,63,4,0,Baggio Modern Fluted,hulalahome.com,https://hulalahome.com/products/height-adjustable-stand-up-desk?sku=18075996633039802691623185,https://i.pinimg.com/originals/60/03/f8/6003f8679e8091d894ab121ed397054d.jpg,1200,1200,0,2026-07-09
2026-09-29,home office pequeno,1098526534141438547,64,3,0,Small Apartment Desk Nook Idea | Cozy Walnut Home Office with Floating Shelves,,,https://i.pinimg.com/originals/d7/a3/81/d7a381081d11dc24f549dfe9239036b7.jpg,768,1376,0,2026-09-14
2026-09-29,home office pequeno,1688918607546711,65,3376,0,Cozy Pastel Study Setup 🌷☕✨,,,https://i.pinimg.com/originals/5d/bc/9f/5dbc9f36a0b9c39d129f4d89988d8408.png,941,1672,0,2026-08-05
2026-09-29,home office pequeno,AY25v_hljb-y7L4fRri251S9sa7tmqxZieRhwhWi0GciWlEDqAa9TtCl9nkCprTQ42e2m-LcIfRYSTsa2STkLsc,66,1,0,Creme Brulee Paint the,grahambrown.com,https://www.grahambrown.com/uk/product/creme-brulee-paint/145308-master/?utm_source=pinterest.com&utm_medium=social&utm_campaign=pinterest,https://i.pinimg.com/originals/13/6b/5e/136b5eb47e2a969fd6db3e8e826cd5df.png,1050,1575,0,2026-07-08
2026-09-29,home office pequeno,AYuoCwoOuIqHfV4qcy3VZjMy42rQWhxBYrqbhvWHyCu-h-87zvqoD5nnS24lQY5lQK_HJr7cnTa50l6-q8CU1xs,67,9,0,Mockett Grommet,mockett.com,https://www.mockett.com/brv1.html,https://i.pinimg.com/originals/0a/1c/d1/0a1cd1fab02faa9efb57f7b1505098b5.png,1000,1500,0,2025-10-08
2026-09-29,home office pequeno,AfOxkD2MMkMLRs_5WABH_ti_kIg0aevDT1bLac4WbGvxkGqybVXm6nM1DnH6Ss8zrfywiAd5b5IyvV-kho_VoNg,68,0,0,Alvin Linen Blend,twopagescurtains.com,https://twopagescurtains.com/products/alvin-linen-blend-cordless-roller-shades?variant=49501820191031,https://i.pinimg.com/originals/ff/ff/66/ffff66a068d224e7f079f8f9f7188de5.jpg,1032,1200,0,2026-03-26
2026-09-29,home office pequeno,3307399722741914,69,1816,0,,,,https://i.pinimg.com/originals/5e/46/54/5e4654254a60841d0929f743a4ff59e5.png,1024,1536,0,2026-07-19
2026-09-29,home office pequeno,AVJ9MWBmgCYkgfswS2_YZK5MwIe_3OtP_i1nHnG0Umvq1bob_5xJPzVgRZiRXiBgsvoCVsXGuNG125SXAkCHaSM,70,0,0,Get a sense for,sleepnumber.com,https://www.sleepnumber.com/?acid=soc&ascid=%7Bcampaignname%7D&atid=%7Badgroupname%7D&platid=PIN&ogid=%7Bcampaignid%7D%7C%7Badgroupid%7D%7C%7Bcreative_id%7D,https://i.pinimg.com/originals/86/8e/fc/868efc1d81558d2128c2a53932ef8db5.jpg,1080,1620,1,2026-04-27
2026-09-29,home office pequeno,4011087182177751,71,465,0,Vem Montar Comigo Esse Home Office Pronta Entrega,,,https://i.pinimg.com/originals/ad/20/91/ad209123397e5dd0fef0e0774c301068.png,1024,1536,0,2026-09-11
2026-09-29,home office pequeno,1006624954235350553,72,33,0,Crea tu estudio funcional y con estilo.,amzn.to,https://amzn.to/4danaiA,https://i.pinimg.com/originals/ab/ca/ca/abcaca5bf441600721c9727d9d080ec2.png,1117,1311,0,2026-09-13
2026-09-29,home office pequeno,AVxZOgF3CQk-4MvuKnIz9r9SAh_rKEQ2fRsVnogt1xugC3ISY7sMAIpZO5oB6eE-4YJ3SeSotjhcYCxy3PQBJY8,73,1,0,Maximalist Home Office,ruggable.com,https://ruggable.com/collections/liberty-rugs-and-doormats,https://i.pinimg.com/originals/1a/c1/c5/1ac1c5df406902c0e15bda8be4706fa2.png,1000,1500,0,2026-08-11
2026-09-29,home office pequeno,AS9WjKF8jSvdKKRFfE3pOV8fCXXSWOtKvuQpnJoVzEYaoW7tF3NgTOsHohqSfyhXNTumyv_QT_vdk6O-GhAFA5E,74,1,0,See Our Top Tips for,go.roomandboard.com,https://go.roomandboard.com/oySf8Z,https://i.pinimg.com/originals/de/47/cc/de47cc14109c7c10547739fb5ba852eb.png,1001,1501,0,2026-03-17
2026-09-29,home office pequeno,AXFT3C_IkQFoB5TBGzbtWZkctWw6O2fsly4-7sDB3-N3YpAWeEcVgxfuEVaH9TC2P8K2BSC9Rg0WCWWWQTCr0yM,75,5,0,Small Apartment Japandi,zonlihome.com,https://www.zonlihome.com/products/breezy-space-bundle,https://i.pinimg.com/originals/85/22/be/8522bef3839476ac4ff4eb4545b3102f.png,1000,1500,0,2026-09-08
2026-09-29,receitas fitness,AcJxuVfVOItmwHmydKm23J1N4AWWoSy0Kyt_csm4fHgm5tqh_GtEFlINDjXmfGGjQNyzIMXizgWLAoX8i_7Dfak,1,0,0,Green Dream Smoothie with,ediblearrangements.com,https://www.ediblearrangements.com/fruit-gifts/green-dream-smoothie-with-matcha-10407,https://i.pinimg.com/originals/ff/3b/46/ff3b469635b150cbb80d3393910da264.jpg,1248,1824,0,2026-08-07
2026-09-29,receitas fitness,ATs2g_OMC4A-C0VxsGVrisRs881f3ZJv7h234DYCKQ7adfZpniFKk70mra8DbUiTiqs1TyFF_rmvLqIOvXlKbf0,2,1,0,Check GoodRx,goodrx.com,https://www.goodrx.com/,https://i.pinimg.com/originals/15/e7/bf/15e7bfb20c082e1941e80c25101f5c93.png,1080,1920,0,2026-09-16
2026-09-29,receitas fitness,613334043049148792,3,32,0,Omelete Fit de Frango e Legumes: Receita Saudável e Fácil 🍳🥗,,,https://i.pinimg.com/originals/8d/7a/6d/8d7a6d51c88007619eac6bf988ee38c7.png,941,1672,0,2026-09-06
2026-09-29,receitas fitness,AQ__vmXRljFcm1C6zgEreAMYtHBiFZ03h8aVPLkSSsJAk4QuIU4HK7X-AkvSwssDWw2d-Xt_vctHpy4VC35Ot00,4,1632,0,Healthy Breakfast Bowls,athleticlift.com,https://athleticlift.com/high-protein-breakfast-bowls-plates/,https://i.pinimg.com/originals/a4/b8/67/a4b867b2684c7567ed65487d9a07d091.png,887,1774,0,2026-06-27
2026-09-29,receitas fitness,AdAq7ltf8bVW6s67bxlYs9S_y9OycH3twAKOBTsnV8AbaV3NrIY8MiZ9QUXqPF4r2mAqBrUmSq4_M8BIKQk_fiE,5,1,0,Pumpkin Spice Latte Chia,a.co,https://a.co/d/07W74l6G,https://i.pinimg.com/originals/99/c6/33/99c6333e4bea865bf5e4fc2cd4b3a36b.jpg,2350,3526,1,2026-09-04
2026-09-29,receitas fitness,1103804189963758016,6,62,0,4 Mousses Fitness Fáceis e Deliciosos para Matar a Vontade de Doce 🍓🍫,go.hotmart.com,https://go.hotmart.com/R106476619S,https://i.pinimg.com/originals/e9/97/ce/e997ce24c3374f8ebd5f7f9cbd397b4c.png,941,1672,0,2026-09-06
2026-09-29,receitas fitness,ATQxaXP1oE3oFPWWRpw7TsE1Pob0lxlBEJqRaU0fRwT94zjoArX-ZFHI0apjQxmzuqyuHpAfUEfew-GcCsYr3Xc,7,229,0,Minced Chicken and Quinoa,stroller-envy.com,https://stroller-envy.com/minced-chicken-recipes/#wprm-recipe-container-64147,https://i.pinimg.com/originals/8d/c7/4e/8dc74e457aedd7254d778d7546250466.png,2000,3556,0,2026-05-27
2026-09-29,receitas fitness,ASjMdJjus1bD68TugCwZuk_G_SRire2tQzp2d1PypwzL4aIogB5l1QTLbIttQGzvHvvFn114-zcJohWlkb_w8Z4,8,6689,0,Matcha Blueberry Muffins,aiya-america.com,https://aiya-america.com/matcha-blueberry-muffins/?utm_source=pinterest&utm_medium=ad&utm_campaign=Social+Media&utm_content=1.3,https://i.pinimg.com/originals/be/e0/0f/bee00f7a1d7593d54d3bf295baa691e0.jpg,1000,1500,0,2024-08-28
2026-09-29,receitas fitness,1127025875543876041,9,4,0,🍌 Bolo de Banana Fit com Cacau e Aveia 🍫,,,https://i.pinimg.com/originals/92/67/f8/9267f8c7e2d37215e84be48fdffe2478.png,1024,1536,0,2026-09-17
2026-09-29,receitas fitness,633387444412781,10,3677,0,🌿 Emagrecendo com Sabor: Empadinha Fit de Frango! 🍗✨,sabor-saude.hotmart.host,https://sabor-saude.hotmart.host/sabor-e-saude-95c877d2-9e64-4215-bcd0-a18af5129f18,https://i.pinimg.com/originals/bd/9e/7f/bd9e7f0570ddd47bd78da2e78df654af.png,720,1280,0,2026-03-18
2026-09-29,receitas fitness,Ab_zpA0jWhbHy9BgBTcLT-9vyxrcGjcBa6xnMm8mVqgS3Je_a8v9ZVwItK2KtlcH_s4m8FLVHaTqcOLzM9u3bws,11,125,0,Gluten-Free Quinoa Salad,healthygffamily.com,https://www.healthygffamily.com/recipe/winter-quinoa-salad-with-roasted-squash-caramelized-onions-and-wilted-spinach/,https://i.pinimg.com/originals/12/d7/48/12d7487b7138ee540105de2add43be4c.png,727,1600,0,2026-08-21
2026-09-29,receitas fitness,1106478202232222091,12,56,0,"Mousse Fit de Limão: Receita Saudável, Cremosa e Fácil 🍋",fitrecipeflow.lovable.app,https://fitrecipeflow.lovable.app/,https://i.pinimg.com/originals/6f/e7/00/6fe700c81363839a357d89c4056d9d2d.png,1024,1536,0,2026-09-08
2026-09-29,receitas fitness,AbtCIRqlVLrTdWizcBxyDmCl2vxDK8NSycS0RtALbqFbcAwyo5Xycf3qZmspeLKF-utEfU7V5aXCiorwZzB4zrY,13,808,0,Healthier Pumpkin Recipes,ogdenclinic.com,https://www.ogdenclinic.com/blog/2025/august/healthier-pumpkin-recipes-to-spice-up-your-fall/,https://i.pinimg.com/originals/dd/79/cd/dd79cd60583b55a779be9772acce143e.jpg,1000,1500,0,2025-08-25
2026-09-29,receitas fitness,AYqA1whUDN43TFQjUiLQH15BL7vQM0yS3xA6Tv9EPyj4U_Ns22EBpCh_ObsOg-YpROzN1D9mHhDPADv5chf3X90,14,1,0,28 High-Protein,homeviable.com,https://homeviable.com/high-protein-breakfasts-that-arent-eggs/,https://i.pinimg.com/originals/23/09/6c/23096ccd435814a95ee42c8acf731502.png,887,1774,0,2026-05-15
2026-09-29,receitas fitness,AYn72EQG3PUbRJfy9CdP7WR5CVg6ePaKEitVRleXfjTnvSrV1IZ6cUgcitM0qyQ7qlRDEei00BQLjGmDAfiEnfA,15,23,0,High Protein & Airfryer -,amazon.com,https://www.amazon.com/High-Protein-Airfryer-Lifestyle-Breakfasts/dp/B0DYYFP44B?ref_=pinterest_fplfs,https://i.pinimg.com/originals/1a/d2/55/1ad2551d204a47aac77ad9a7c8855642.jpg,1000,1499,0,2025-10-20
2026-09-29,receitas fitness,613334043049149983,16,45,0,Título: 🍗 Frango com Batata-Doce: Receita Saudável e Fácil,,,https://i.pinimg.com/originals/1d/2c/08/1d2c08eb3e4ca1324a9e5ff342bc97df.png,941,1672,0,2026-09-06
2026-09-29,receitas fitness,960674164253099508,17,119,0,Isso ficou SURREAL de bom!,ebook-lowcarb-gratis.my.canva.site,https://ebook-lowcarb-gratis.my.canva.site/,https://i.pinimg.com/originals/0a/57/66/0a57666731196b2add587aa94544a032.jpg,576,1024,1,2024-04-07
2026-09-29,receitas fitness,AbESKX8Drd1jIrPiRCeEYZ-5rTTJnMVBv34G1g-SKfiCjGLy0EBfZdxwuurbgEii2hv81Oz8K79-Xa3IMDeJkFo,18,1,0,Soy Sesame Meatball,jonesdairyfarm.com,https://www.jonesdairyfarm.com/blog/back-to-school-recipes-and-tips-that-actually-make-mornings-easier/?utm_source=pinterest&utm_medium=ad&utm_campaign=FY26_BackToSchool_Guide&utm_content=Brand&MM=panel2,https://i.pinimg.com/originals/95/6b/da/956bda24ae47d1d97776d77483beb412.png,1000,1500,0,2026-08-10
2026-09-29,receitas fitness,Ac76Ta04IWwHUUVks1d13NkH-4-OxamijhT0L7N4WyeUcdPOsdGnj4-RBlW52ccitLUVjEb_9SYjJ_8TUjJu_G8,19,9,0,Cozy Butternut Squash,fruitsandveggies.org,https://fruitsandveggies.org/recipes/butternut-squash-chickpea-quinoa-soup/?utm_source=pinterest&utm_medium=social_media_paid&utm_campaign=Traffic_september26&utm_content=butternut_squash_soup,https://i.pinimg.com/originals/45/94/b6/4594b6a5aed396dddc4dff89d2887609.png,1000,1500,0,2026-09-03
2026-09-29,receitas fitness,AbKTQiY7O7x1nq4gjJ1pRkRSj3A8_sYN0GuAh8bWCzEA8GgcaG8Gn_wjhCl680EfUOuiMXFcTaw2np-DN1G4O4A,20,0,0,Morning Muffins,cabotcreamery.com,https://cabotcreamery.com/blogs/recipes/lemon-berry-muffins-with-greek-yogurt,https://i.pinimg.com/originals/18/7b/b0/187bb017d3eb787c1dae37ce24bb7d1a.jpg,1080,1920,1,2026-05-05
2026-09-29,receitas fitness,AQ7Z-uafTJsHw7yMXpwNf2MOaapU7rM1RYDDkAaJaateA47XIu_NPmL_-Sv6OkJjylTRhzUzl_qCoqbJgaBV0w8,21,1,0,Protein Made Simple: Easy,amazon.com,https://www.amazon.com/Protein-Made-Simple-Recipes-Results/dp/B0H6T3HH29?ref_=pinterest_fplfs,https://i.pinimg.com/originals/5a/71/9c/5a719c86ef932516396d41611825c837.jpg,1000,1499,0,2026-07-03
2026-09-29,receitas fitness,1106337464746766910,22,2,0,PANQUECA FIT DE FRANGO COM QUEIJO,,,https://i.pinimg.com/originals/e4/d2/68/e4d26872a170a73f91907fa9f9362f45.jpg,1536,2752,0,2026-09-16
2026-09-29,receitas fitness,19492210990297433,23,55,0,"🍝 Espaguete de Abobrinha: leve, saudável e cheio de sabor!",,,https://i.pinimg.com/originals/c5/f8/e1/c5f8e1f8408e37c0365622d2057b5da0.jpg,736,1104,0,2026-09-07
2026-09-29,receitas fitness,ATA8kopmtWbanV_YRXAfITlcH2WmDnJPrhe1K7z7oqmWhU_LiEGvsMtJAs3dvBqvxRjJjVP2du6y4sOCHIJKBIU,24,276,0,Creamy Breakfast Coffee,roastycoffee.com,https://www.roastycoffee.com/coffee-smoothie-recipe/,https://i.pinimg.com/originals/00/0d/4b/000d4b0e6ebccd845fef8cfce01b2c37.png,2000,3556,0,2026-06-22
2026-09-29,receitas fitness,AX9jsymYOj5L7V1TJBBR7sHzPzI6zxFhnO5xs92owcm6MOHiPd-ER5H0yQK2VjW7PmNyAId3qNceDO-fn929GBY,25,1,0,Protein Breakfasts Made,amazon.com,https://www.amazon.com/Protein-Breakfasts-Delicious-Recipes-Strong-ebook/dp/B0C2D425XZ?ref_=pinterest_fplfs,https://i.pinimg.com/originals/e5/0e/50/e50e500161141655d03e756251edbe9b.jpg,1600,2560,0,2026-03-24
2026-09-29,receitas fitness,1127025875543899636,26,1,0,Panqueca Fit de Blueberries | Café da Manhã Saudável 🫐🥞,,,https://i.pinimg.com/originals/41/f1/58/41f158835784f39afeac304b2fa3c9c4.png,1024,1536,0,2026-09-17
2026-09-29,receitas fitness,1103804189964275678,27,17,0,"🥥 Bolo de Coco Fit: simples, gostoso e fácil de fazer",leveexpress.com.br,https://www.leveexpress.com.br/500-receitas-fit,https://i.pinimg.com/originals/78/43/79/78437972b2b3e86de716debb330aee59.png,1024,1536,0,2026-09-12
2026-09-29,receitas fitness,867154103302841008,28,71,0,Como Fazer Crepioca de Cenoura Saudável para o Jantar,bitily.me,https://bitily.me/80PLq,https://i.pinimg.com/originals/36/c0/f6/36c0f63c1bddf091ca32f1d4b5d9ff33.jpg,1080,1920,1,2026-09-08
2026-09-29,receitas fitness,ARC6hMuB6x6FGh0Wm4Y2-jsnyHFOubRCCZNiQ8lw-uho0a4jRwXh9PwTucQ-60_h9CMsG91Gunrcwm5e6HwRucQ,29,2,0,High-Protein Vegetarian,amazon.com,https://www.amazon.com/High-Protein-Vegetarian-Meals-Athletes-Muscle-Building/dp/B0DD46VQY4?ref_=pinterest_fplfs,https://i.pinimg.com/originals/43/4e/ac/434eac4b5dd863e272de3d43fe715b97.jpg,1000,1599,0,2026-04-17
2026-09-29,receitas fitness,AaNA5tqmxL28n8vFs3KQZ8jYsQ5oxJT0sXN7POzRjVT8iQA9C0ztWRveaoCt1oNZ9-vwehtj3v4sCilyTlpyL0c,30,45,0,8 High-Protein Snacks,thegreenest.com,https://thegreenest.com/healthiest-snacks/,https://i.pinimg.com/originals/af/f5/60/aff560db4af0a8b8bb940b9344f2d126.png,887,1774,0,2026-09-18
2026-09-29,receitas fitness,31736372372861895,31,496,0,"🌮 Crepe Fit de Frango: a receita proteica, fácil e deliciosa que ajuda no emagrecimento e transforma qualquer jantar saudável em uma refeição completa e muito saborosa! Quem disse que alimentação saud",instagram.com,https://www.instagram.com/reel/DZmxLCdBh7l/,https://i.pinimg.com/originals/ab/15/5b/ab155ba5b57f4dd4c22f005d79c2a289.jpg,640,1136,1,2026-08-07
2026-09-29,receitas fitness,ASaG67AonYHHG3wQT_TGnBQwsewx_XpFml5sqdfPpdGlbL7TxN-oZBkW7DxxIcSxwTmpP29U3EA7JXz-1rTtt7Q,32,0,0,50 Recetas Altas en,amazon.com,https://www.amazon.com/Recetas-Altas-Prote%C3%ADnas-F%C3%A1ciles-Saciantes/dp/B0GLXLBCDM?ref_=pinterest_fplfs,https://i.pinimg.com/originals/07/3a/ac/073aac98f5d854fb90d53f76a170c797.jpg,1000,1293,0,2026-09-04
2026-09-29,receitas fitness,34058540927892974,33,824,0,"Sorvete Fit de Morango com Iogurte Quem disse que alimentação saudável não pode ter sobremesa? 😍 Essa receita é refrescante, cremosa e feita com ingredientes simples. ✨ **Você vai precisar de:** 🍓 2 x",,,https://i.pinimg.com/originals/8f/77/0b/8f770b17f0e2ad00b37f9436fde23cdf.png,1024,1536,0,2026-09-10
2026-09-29,receitas fitness,ASkymNdbjocVVPJ2D0NKjQ0kwsBet7IbxomZw_Z5ihgh-P8ImnUQ3X7DHlDmWwXYhzd3xkvaKEvi02lK8SJwSeA,34,1,0,The Very Best Cucumber,couponcravings.com,https://couponcravings.com/cucumber-salad-easy-fresh-light/,https://i.pinimg.com/originals/13/bb/39/13bb3929586ea74679a04453a12a5f51.jpg,1000,2000,0,2026-07-20
2026-09-29,receitas fitness,Adtny4KdRnHWKp29pVDctH4hc5oYpj0O1rPCAICZKzamZyOXQgTLTvt4CSne3F7OAkypnKnwlYyS2JsxG3w9DeE,35,1663,0,Fiber Packed Banana Oat,instacart.com,https://www.instacart.com/store/recipes/15252182?utm_source=PinterestxInstacart&utm_medium=ProjectFlip,https://i.pinimg.com/originals/58/95/68/58956811f584b103427340af7ab3a194.jpg,1080,1920,1,2026-06-30
2026-09-29,receitas fitness,989243874424734830,36,4343,0,"Quiche Caprese: uma delícia que une o melhor da culinária italiana e francesa! 🍅🧀 Quiche Caprese: combinação perfeita de tomate, muçarela e manjericão em uma massa leve e crocante! Essa receita traz o",,,https://i.pinimg.com/originals/b0/8e/a7/b08ea78b9f28e4ce7623a39413b82a92.jpg,1080,1920,0,2026-09-14
2026-09-29,receitas fitness,AbTiArHI0a-j8-Fh6QQ_7WqEy9Luf_vHK2lLDyAVQmIN0fMU54PLq6Jy1JQblodukqg544srUYQTsmbKEMXHqm0,37,48,0,50 COTTAGE CHEESE BOWL,amazon.com,https://www.amazon.com/COTTAGE-CHEESE-BOWL-RECIPES-BREAKFAST/dp/B0F8VHSPRR?ref_=pinterest_fplfs,https://i.pinimg.com/originals/4d/00/c5/4d00c532ccf59773bdd7afc504151730.jpg,1000,1293,0,2025-10-25
2026-09-29,receitas fitness,985231164739477,38,36888,0,SOBREMESA FITNESS,,,https://i.pinimg.com/originals/2d/49/9e/2d499e0df6c170729d58d65d1b7aacee.jpg,720,1280,0,2025-08-02
2026-09-29,receitas fitness,838302918192238745,39,19,0,Salgados Fit,,,https://i.pinimg.com/originals/46/ca/67/46ca676186d37a65b88d44c55987dd19.jpg,1201,1599,0,2026-09-08
2026-09-29,receitas fitness,AQ2Bm4mVlSPyq45QBqBxg_zyVOeV2LOh8tgrImm1l5KT0w3Q9UiVznX1e1xhsr4t0LDxEDdq-A7oycJ2HQo3fRc,40,0,0,LIBRO DE COCINA ALTO EN,amazon.com,https://www.amazon.com/LIBRO-COCINA-ALTO-PROTE%C3%8DNAS-alimentaci%C3%B3n/dp/B0HBNHJDSS?ref_=pinterest_fplfs,https://i.pinimg.com/originals/95/d8/d0/95d8d0b00674350ee66fd8c9db8e3a83.jpg,1000,1499,0,2026-09-04
2026-09-29,receitas fitness,690950767884585159,41,2,0,,,,https://i.pinimg.com/originals/05/9d/5e/059d5e0471cea3b6bd7b590d35511aeb.jpg,1080,1920,0,2026-09-10
2026-09-29,receitas fitness,281543724289873,42,5263,0,salada proteica,,,https://i.pinimg.com/originals/33/44/37/334437354dc8edfd57ea1319128b3ac1.jpg,576,1024,0,2024-09-04
2026-09-29,receitas fitness,844493674929893,43,7718,0,Receitas Fitness Fáceis para Todas as Refeições do Dia!,tudogostoso.com.br,https://www.tudogostoso.com.br/noticias/receitas-fitness-a5188.htm,https://i.pinimg.com/originals/4b/0e/d6/4b0ed6624ddce8e31017799097e4d591.jpg,576,1024,0,2025-01-15
2026-09-29,receitas fitness,7318418142378879,44,1216,0,"🍗 Coxinha Saudável: a versão fit que fica crocante por fora e super cremosa por dentro — sem fritura, fácil de fazer e perfeita pra quem quer um lanche saudável sem sair da dieta Se você tá buscando u",instagram.com,https://www.instagram.com/reel/DWT_XOQDf1E/,https://i.pinimg.com/originals/63/14/11/63141140188b9d76ce313a57c515e693.jpg,640,1136,1,2026-08-15
2026-09-29,receitas fitness,AZ3RGzk3L9ZRQViSbvda9YsMWz2YykbuTdg4iNQYKJi3a9vbwnt7-K8QlZFu390tOYkaMpLisHsDWvNYhHvOGgs,45,1,0,Superfood Breakfasts:,amazon.com,https://www.amazon.com/Superfood-Breakfasts-Kate-Turner/dp/0241259908?ref_=pinterest_fplfs,https://i.pinimg.com/originals/83/3c/b6/833cb69d9c217865aeaab238321e966e.jpg,1846,2381,0,2026-08-18
2026-09-29,receitas fitness,676947387781084313,46,3843,0,Receitas fit,,,https://i.pinimg.com/originals/3f/1d/3b/3f1d3be38cb268bedd5d51b7d22d429d.jpg,1080,1920,0,2025-06-12
2026-09-29,receitas fitness,AbV-W4hBrSJt9Xx-ms0SvEH3mLa1Yxy2kiuv6Obkv5Rwm3639AOgTb4azAvKPO0YbPLgiBIeMUsReSpFiKuLI4g,47,646,0,50 CHIA PUDDING RECIPES,amazon.com,https://www.amazon.com/CHIA-PUDDING-RECIPES-BREAKFAST-Nutrient-Packed/dp/B0F2ZD6WDW?ref_=pinterest_fplfs,https://i.pinimg.com/originals/8d/cf/aa/8dcfaa32a49563eeed03b64c9ea39938.jpg,1000,1293,0,2026-03-20
2026-09-29,receitas fitness,AdHssy6_iaF_xbJCc1PQAtT75glCbAQ3AmWMN0AZJcOq1BEuFMJvp2qg2fMAhBNI8jEiyJ892hrgPWAM0zVh6Ls,48,744,0,25+ Quick and Easy,upgradedhealth.net,https://upgradedhealth.net/25-quick-and-easy-high-protein-lunch-recipes/,https://i.pinimg.com/originals/61/f4/a5/61f4a509d0b17fe31f8d15f6ec529668.png,704,1408,0,2026-03-31
2026-09-29,receitas fitness,AR1STYROtCQFO7cxmMEmIhJ_bB2B-Y-hs7An2OnWoeCCSmvbgvgtcc8QwIbQOnE6-n7KuRuC5_O914pSX5KqV9I,49,7,0,Mini Orange Chocolate,floridacitrus.org,https://www.floridacitrus.org/recipes/mini-orange-chocolate-chip-banana-muffins/?utm_source=pinterest&utm_medium=ad-consideration&utm_campaign=orange-juice&utm_content=recipe,https://i.pinimg.com/originals/a2/b6/63/a2b663a1a22be147c223e5304014e6b8.jpg,1000,1500,0,2026-01-29
2026-09-29,receitas fitness,1125968743961259,50,4841,0,,facebook.com,https://www.facebook.com/share/1DJW54QFBK/,https://i.pinimg.com/originals/af/ec/1e/afec1efc8144dd9ab2b25c5602b678bd.jpg,600,900,0,2026-09-19
2026-09-29,receitas fitness,70437491252176,51,3814,0,Pão com ovo diferente 🥚 🍳 🍞,,,https://i.pinimg.com/originals/70/7b/f9/707bf936b00b20915cdc209700339947.jpg,1080,1920,0,2026-04-09
2026-09-29,receitas fitness,28921622601473409,52,11164,0,"Receitas de Esfira Fit, rápido e facil de fazer!!!",,,https://i.pinimg.com/originals/41/2a/17/412a17fdf3b409b04b04ce12829c32d9.jpg,576,1024,1,2025-03-25
2026-09-29,receitas fitness,AVNHEje6n47duVuxYmwqg3dixnMsvytULhfbsqMhZW9roM906uJhiOnoNUriOT6uEOYS9IPxL__-Akdp7n3uvV8,53,0,0,Creamy Lemon Garlic,shop.mikmak.ai,"https://shop.mikmak.ai/social/6a95cf6a49e0a009cbfcd43a?utm_source=meta&utm_medium=paid_social&utm_campaign=@imashleybreannn&utm_term=wnf,_hct,_cc&utm_content=creamy_lemon_garlic_sauce&utm_placement=in_feed&utm_marketing_tactic=awareness&utm_format=influencer",https://i.pinimg.com/originals/d7/f9/3f/d7f93f0aa7f6e436c76391fe90088309.jpg,2160,3840,1,2026-09-17
2026-09-29,receitas fitness,AUY4TJEPqcoPDwNvrFDwSMYG7RQSrBINHn3ebI0NVobxHP1SI5_0Nsb112sLmrriscwoPZKtDWP8LDF2KnYVJgQ,54,0,0,1-800-Flowers Gift,1800flowers.com,https://1800flowers.com/dubai-chocolate-covered-strawberries-193654,https://i.pinimg.com/originals/cf/ce/aa/cfceaa5f00ccc824149fb3492b7979c9.jpg,1248,1824,0,2026-03-20
2026-09-29,receitas fitness,AaQaM2PX5Njh2MdJmygZ3yLUHd2bu_coVmOEU6vKH-87mSsJlP5f4C-MExrs6N911-YmH05DxkIjClGoK-zSmOU,55,0,0,Forest,expedia.com,https://www.expedia.com/Hotel-Search?destination=Burnley&selected=19818333&startDate=2026-09-27&endDate=2026-09-28,https://i.pinimg.com/originals/ce/7a/94/ce7a94f04a0f7cc1989b62af04fe7dc4.jpg,1000,1500,0,2026-08-15
2026-09-29,receitas fitness,AaKMaIYOB_rQBBrdKxylthDp98VdGx3MOfQGIn7HLIsU9z4irByP8tqbcCkYPpTb66WxQOk1lV-Pj6Ws3qjKya0,56,199,0,High Protein Banana Oat,instacart.com,https://www.instacart.com/store/recipes/15252182?utm_source=Pinterest&utm_medium=cpm&utm_campaign=flip,https://i.pinimg.com/originals/31/84/2b/31842b47d038d965e58e7d5187dfce80.png,1000,1500,0,2026-06-05
2026-09-29,receitas fitness,173459023144228992,57,205,0,,,,https://i.pinimg.com/originals/b4/ed/47/b4ed4716e8847f15bc38cf96ca3d880f.jpg,1080,1350,0,2026-09-18
2026-09-29,receitas fitness,6333255725370282,58,4311,0,,,,https://i.pinimg.com/originals/a7/3d/be/a73dbe1483327088e3dcb6a6a44195e0.jpg,1024,1536,0,2026-09-13
2026-09-29,receitas fitness,281543725606087,59,24953,0,Esse bolo de pote fit fica DIVINO 🍫😋⠀ ⠀ Ingredientes:⠀ Massa do bolo:⠀ 01 ovo⠀ 01 colher de sopa de aveia⠀ 01 colher de sopa de cacau em pó⠀ 01 colher de sopa de iogurte natural desnatado⠀ 01 scoop de,instagram.com,https://www.instagram.com/reel/DJpk-XXPsbX/,https://i.pinimg.com/originals/4f/24/50/4f2450fc88e77ed7477b93fad58682b5.jpg,640,1136,1,2025-06-05
2026-09-29,receitas fitness,AaJ20DQgVAdKrpQ02OT-Aj0o9AUx4UBpCkw-ZFodLw4PPRY5nGUn4--mZEkHAwwcXjz59aQIn8_oznhqVI7tJzQ,60,1,0,Protein Packed Breakfasts,purewesson.com,https://www.purewesson.com/recipe/southwest-veggie-frittata-squares/,https://i.pinimg.com/originals/69/80/fb/6980fb776416105ccb19281cef9bab76.png,1000,1500,0,2026-09-17
2026-09-29,receitas fitness,AWHVh1rRpwz03d7sXIx6FmIRNAIL88bSGYkIdC6F4J3_CC9MsfGU2ORmfDKd-NMUcy6VEp1Mp70H9HL5DlMgaE0,61,235,0,Start Transformation Now!,quiz.betterme.world,https://quiz.betterme.world/first-page-generated?flow=3068&utm_source=pinterest&utm_medium=organic&utm_content=27_2025-07-11_ira_H-FemaleCutting_K-Remake_CT-29985_Ver-3_pn.jpg,https://i.pinimg.com/originals/d3/95/10/d395106263f85c91ed1a97121c12b0d4.jpg,1080,1920,0,2026-01-31
2026-09-29,receitas fitness,Aavv99KZbEjv16Go1SBUwsoO0NDiNyUN8Op4VeDJaams1KZFMxCRiEeHLAAmAjCelqiAoU3qEVXjUVketjLsI6o,62,1527,0,Florida Orange Juice,floridacitrus.org,https://www.floridacitrus.org/recipes/florida-orange-juice-pumpkin-soup/?utm_source=pinterest&utm_medium=organic&utm_campaign=orange-juice&utm_content=recipe,https://i.pinimg.com/originals/28/a2/8f/28a28fc992b4224c4f9e37e6a2781d2a.jpg,1080,1920,0,2026-08-25
2026-09-29,receitas fitness,563018699498510,63,3941,0,Low Carb Dieta e Receitas,facebook.com,https://www.facebook.com/story.php?story_fbid=pfbid0quLZc7aA9U24mVL5y96sWxyFPUuKRX9MAh9t1vJyaxMCbo791viCBNDJWvJMAVxnl&id=100065213631966&sfns=mo,https://i.pinimg.com/originals/c1/d3/22/c1d322bd1ce5a3b466b7a9b0ff12dd57.jpg,600,900,0,2026-02-22
2026-09-29,receitas fitness,AZdgVHh2PUI3z0RMkVAj60gFbt3vWMn47EDRNdeLCqkt0-0_QNFEhGLko3evsnpj9d5PADYAq8otkz5eN3KJ1DU,64,0,0,Dubai Chocolate &,ediblearrangements.com,https://www.ediblearrangements.com/fruit-gifts/dubai-chocolate-strawberry-indulgent-cup-10323,https://i.pinimg.com/originals/f3/37/69/f33769b56f3297da32106d5abb3b1add.jpg,1248,1824,0,2026-08-07
2026-09-29,receitas fitness,134052526407106041,65,78,0,,,,https://i.pinimg.com/originals/e1/19/39/e1193933cbc17ee97aab79130c1d239f.jpg,1200,1599,0,2026-09-19
2026-09-29,receitas fitness,AfLIAiq67079ARHGMWPX5IIbD7nR-vg9zPcI5OOc6jOekwbrs8xiaVmlSDKg5Lu255Kh6A3NRijpoV0IExm-mdo,66,9955,0,Lemon Chicken Orzo with,stroller-envy.com,https://stroller-envy.com/pasta-and-chicken-recipes/#wprm-recipe-container-64337,https://i.pinimg.com/originals/4b/f2/c4/4bf2c4724f01cea8f142248b610690d4.png,2000,3556,0,2026-05-27
2026-09-29,receitas fitness,ARC_ASnd2UbunuDEMYrE7Xjh8Lu-xv1N0SFKDRLbRwT92v6JzCV9uyxELBHmrBoKBBwq5uqZcG8mtqx7xvGH0F4,67,0,0,1-4pcs Natural Coconut,us.shein.com,https://us.shein.com/ark/default?scene=1&test=5051&ad_type=DPA&goods_id=28942533&pf=PINTEREST&url_from=PINADSDPA&ismg=a4d36a8b400a2924007087fb3c731f13b47db2535064f984cd1f95ec2f0d2857_01_1790613758,https://i.pinimg.com/originals/09/9a/96/099a969f62d4b58bbb2a64f9f41b1dde.jpg,1340,1785,0,2026-08-16
2026-09-29,receitas fitness,AfkDpR2Qbwg46f8y5aNP11OO7Y9sOdewVE77My68QkqPovOWo53HXMR3zOlK2Cv2Hh4UVQd8ywOTTVKNJjbF1Iw,68,42,0,Craving a Mango popsicle?,lets.shop,https://lets.shop/1E96/noosa_8oz_paidmedia/,https://i.pinimg.com/originals/12/6b/87/126b87042803e8fcee3c311782513893.jpg,1000,1500,1,2026-08-25
2026-09-29,receitas fitness,935130310150774172,69,353,0,bolo de caneca bom para o café da manhã,,,https://i.pinimg.com/originals/a2/5e/13/a25e13b6d69dad0093ff71434161635b.png,1024,1536,0,2026-08-26
2026-09-29,receitas fitness,AYz3A9mnDptwgqZlcFI4nwHZQTQwSg1unyfwnM8IO4WK-2nImGGdA0H_UYNgwR-Qf0UlM2wueSa0dI8VnHwyZQk,70,3,0,Chicken Pesto Sandwich,hamiltonbeach.com,https://hamiltonbeach.com/chicken-pesto-sandwich,https://i.pinimg.com/originals/d0/d1/e2/d0d1e2c36e7d063162d71765178bddc6.jpg,1000,1500,0,2026-01-21
2026-09-29,receitas fitness,351912467393351,71,15356,0,,,,https://i.pinimg.com/originals/bb/8e/9d/bb8e9da23f4302aa5fbcdd8832ac459c.jpg,600,900,0,2026-05-27
2026-09-29,receitas fitness,AY9FNkzBSMpBrSDX3sHPctKeiG1vXPlaDHvcRHPRHQyaQc78L3W9Tm4-oEwl8yw39VnwToPCDtS5CKG04HIN1P8,72,0,0,Nasoya Organic Super Firm,webstaurantstore.com,https://www.webstaurantstore.com/tofu-super-firm-organic-6-16-oz-nasoya-10025484006574-case/878NAS006574.html,https://i.pinimg.com/originals/6e/1e/58/6e1e589c0693ba7349a72652fe2dd956.jpg,1000,1000,0,2026-09-25
2026-09-29,receitas fitness,AcBo9Yb-PuKxF00TxxBn7xyh-qHcPZGtYmcoYEeUlkuCe-peEG0l8ZGpvP-fTGg4AWr059Xgp1-gpNdwOvGRe3I,73,435,0,Pesto Chicken Spaghetti Squash Boats - Bell & Evans,bellandevans.com,https://www.bellandevans.com/recipe/pesto-chicken-spaghetti-squash-boats/,https://i.pinimg.com/originals/fa/0e/9f/fa0e9fff6d1cdee642e52283802ce1cc.jpg,750,560,0,2026-01-21
2026-09-29,receitas fitness,Ae8SGMMAI_HhHVJD08CLRwo13OsvBV3ClWh8kIa-nnRGygKxs0QfikrHn73sDhHTrGxRADpi1QWwmVMbLXVjZog,74,28,0,Easy Chicken and Rice,gevav.com,https://gevav.com/korean-chicken-rice-bowl/?utm_source=pinterest&utm_medium=organic&utm_campaign=pin_1,https://i.pinimg.com/originals/d7/2a/44/d72a44ab22ceb583ce141c0f801f8979.png,762,1600,0,2026-09-28
2026-09-29,receita low carb,AZ8P8ErHH9GKV05SRNRCqZnSRRudWINLssKulvfd89tJEnUBJGetEf2hbygAAtyPXm7VroyHMlvv6vHn0NIe-pw,1,1886,0,27 Filling Low-Carb,athleticlift.com,https://athleticlift.com/low-carb-dinners-ideas/,https://i.pinimg.com/originals/1f/4a/8a/1f4a8a11ce81360e92c7d7c7b372be76.png,887,1774,0,2026-06-09
2026-09-29,receita low carb,798896421385296105,2,4184,0,"Nhoque LOW CARB e sem gluten, de ricota com espinafre! - Monta Encanta",montaencanta.com.br,https://www.montaencanta.com.br/lado-leve-2/low-carb/nhoque-low-carb/,https://i.pinimg.com/originals/50/fa/fc/50fafc30328091f4d5db387ef23d4cb0.jpg,519,1000,0,2019-11-09
2026-09-29,receita low carb,AbHzSnGCxnITIITzO5F5tBMlJ6j3SregRMRXai81TM6RsmDP5xudT2-DgCM7kva8oZ89x3F0_MxXdpAraVxrzNs,3,229,0,Minced Chicken and Quinoa,stroller-envy.com,https://stroller-envy.com/minced-chicken-recipes/#wprm-recipe-container-64147,https://i.pinimg.com/originals/8d/c7/4e/8dc74e457aedd7254d778d7546250466.png,2000,3556,0,2026-05-27
2026-09-29,receita low carb,Ae_OA-iiHZLs90iudXocg5mvAPQ45ZjvxtKE-zgTZVPq_-0j58Kkk2lHsMFkrwLBL-B_Y_5VoCSI5uIFyoKzDeg,4,1,0,Temu | Keto Cookbook For,temu.com,https://www.temu.com/ul/kuiper/un3.html?subj=dpa-un&_bg_fs=1&_p_jump_id=1082&_x_vst_scene=adg&goods_id=606112426346089&adg_ctx=a-37b77c70~c-545fe509&_p_rfs=1&_x_ads_channel=pinterest&_x_ads_creative_id=%7Bproduct_partition_id%7D&_x_ads_id=%7Badgroupid%7D&_x_ads_set=%7Bcampaignid%7D&_x_ads_sub_channel=shopping&_x_ns_catalog_id=1567707391772&_x_ns_creative=%7Badid%7D&_x_ns_gid=606112426346089&_x_ns_,https://i.pinimg.com/originals/f8/c8/5f/f8c85fe8890b608ce13d9bd837b6c29d.jpg,2000,3000,0,2026-07-23
2026-09-29,receita low carb,AU8RpjsCRZ2vg2760m6EHMOqRrkiw8I_rXdOgsY6pE_qqV4phbEYR2v4cK7MPIFX6cux6FotSJfzhtKuaNMvCj4,5,16,0,"""Essential Keto Slow",kohls.com,https://www.kohls.com/product/prd-3928107/essential-keto-slow-cooker-cookbook.jsp?skuid=38700353&ci_mcc=ci&utm_campaign=EC%20TEAM%20APPAREL&utm_medium=CSE&utm_source=pinterest&utm_product=93668431&CID=shopping29,https://i.pinimg.com/originals/d7/17/0f/d7170f71ddb758d4f1be720c66963dca.jpg,882,882,0,2026-02-04
2026-09-29,receita low carb,2533343539406439,6,548,0,✨lasanha de abobrinha cetogênica✨ Viciei em fazer lasanha fit! Proteína e legumes em uma só refeição deliciosa e que a família toda vai gostar 🤩 Ingredientes: 1 abobrinha em fatias sal (para salgar as,instagram.com,https://www.instagram.com/reel/DXM4z4niN40/,https://i.pinimg.com/originals/e2/dd/3e/e2dd3ebba8feaba3399afe8f594bd638.jpg,640,1136,1,2026-08-30
2026-09-29,receita low carb,422281212748473,7,11857,0,12 receitas de jantar low carb para você não sair da dieta,receiteria.com.br,https://www.receiteria.com.br/receitas-de-jantar-low-carb/,https://i.pinimg.com/originals/46/69/ea/4669eac091436035ad488bfc30e8f42a.png,735,1102,0,2026-05-13
2026-09-29,receita low carb,AXD6-zCN_V32iuap27-UICSGLdiuM6qbxkkuuZKF7gYyZbcLZpjUnMv74mg8zp1KVhNlHtwhRmsRKr7imDLAgD4,8,0,0,The Complete Keto Air,amazon.com,https://www.amazon.com/Complete-Keto-Air-Fryer-Cookbook/dp/B0GJB4H76X?ref_=pinterest_fplfs,https://i.pinimg.com/originals/37/b7/bc/37b7bcb674b42c0de3fe86cb8c4e5df0.jpg,1000,1293,0,2026-08-20
2026-09-29,receita low carb,AYhoj1mT5GQ1LdRaTB-aOrhA60WJP7PGamQhpJrFFfc360qtF8XJ4xQYCdBuLDbZaoC09csLjSj3GyE_V7notrU,9,2,0,Keto Diet Cookbook For,amazon.com,https://www.amazon.com/Keto-Cookbook-Beginners-Easy-Cook/dp/B09RFNM3BZ?ref_=pinterest_fplfs,https://i.pinimg.com/originals/b3/3c/df/b33cdfb8d051991951877ed2b9d448fa.jpg,1000,1294,0,2026-03-03
2026-09-29,receita low carb,AQKHh1TMoMBAEsthaKpTpRP54q1hUTl_be0h3aG1UeHefAU0TjslZ7BigREKBht29xpR0iMbczsLhwtNzKTuZzY,10,1,0,Temu | Quick Low-carb,temu.com,https://www.temu.com/ul/kuiper/un3.html?subj=dpa-un&_bg_fs=1&_p_jump_id=1082&_x_vst_scene=adg&goods_id=605795538292743&adg_ctx=a-43d3c1d7~c-7d2f953e&_p_rfs=1&_x_ads_channel=pinterest&_x_ads_creative_id=%7Bproduct_partition_id%7D&_x_ads_id=%7Badgroupid%7D&_x_ads_set=%7Bcampaignid%7D&_x_ads_sub_channel=shopping&_x_ns_catalog_id=1567707391772&_x_ns_creative=%7Badid%7D&_x_ns_gid=605795538292743&_x_ns_,https://i.pinimg.com/originals/04/72/f5/0472f5f87ea7eb975e9af0766519ab74.jpg,2000,2000,0,2026-08-20
2026-09-29,receita low carb,1147995761295424827,11,0,0,"🥪 Pão Low Carb de Frigideira em apenas 10 minutos! Quer uma receita rápida, saudável e deliciosa? Esse pão fica macio, douradinho e é perfeito para o café da manhã ou lanche. ✨ Receita completa no nos",instagram.com,https://www.instagram.com/reel/Dacpr3IMszA/,https://i.pinimg.com/originals/f4/66/f9/f466f940a93e9eae218ebe583d6cc54b.jpg,720,1280,1,2026-09-17
2026-09-29,receita low carb,369928556901049159,12,125,0,Receita Cetogenica,receitanatureba.com,https://receitanatureba.com/receita-cetogenica/,https://i.pinimg.com/originals/6d/74/aa/6d74aaa2094fcd3e4c4427e53abc9ddd.jpg,1000,1500,0,2021-05-15
2026-09-29,receita low carb,ARyEZnKyHNj0mCa2pzUN_oQzWNIQuoq4VhjQmt2XpM-IXyOe-CgVQigGZZV1t654H32hfvyltAEApYHrfR4Zycg,13,0,0,Temu | Super Easy High,temu.com,https://www.temu.com/ul/kuiper/un3.html?subj=dpa-un&_bg_fs=1&_p_jump_id=1082&_x_vst_scene=adg&goods_id=606240067388738&adg_ctx=a-f2a55417~c-7bb19dc2&_p_rfs=1&_x_ads_channel=pinterest&_x_ads_creative_id=%7Bproduct_partition_id%7D&_x_ads_id=%7Badgroupid%7D&_x_ads_set=%7Bcampaignid%7D&_x_ads_sub_channel=shopping&_x_ns_catalog_id=1567707391772&_x_ns_creative=%7Badid%7D&_x_ns_gid=606240067388738&_x_ns_,https://i.pinimg.com/originals/0b/5c/5c/0b5c5cef463b028ca7b7cf591243d00d.jpg,2000,3000,0,2026-08-31
2026-09-29,receita low carb,260294053459650304,14,1,0,"Pudim low carb com apenas 3 g de carboidratos por porção pode ser cremoso, geladinho e muito mais gostoso do que parece. 🍮✨ Essa versão mantém aquela textura macia que a gente espera de um bom pudim, ",instagram.com,https://www.instagram.com/p/DcwM__zkRh1/,https://i.pinimg.com/originals/bb/bd/1a/bbbd1ac53b787594917c156dee93cd1e.jpg,1092,1365,0,2026-09-18
2026-09-29,receita low carb,ARYWlzbmbhV2gp30AlpBgCW7xgzWHdbgQINIaK7niRGbDK36_OGekAzqmcBunMA4zM_bAdtnuQPfwEnINQu1Zz0,15,0,0,The 5-Ingredient Low-Carb,target.com,https://www.target.com/p/the-5-ingredient-low-carb-diet-cookbook-by-bek-davis-paperback/-/A-90335214?TCID=PDS-%7Bcampaignid%7D-%7Badgroupid%7D,https://i.pinimg.com/originals/b0/20/2b/b0202b49561ce91b8b99dbf0fc926917.jpg,666,999,0,2025-11-11
2026-09-29,receita low carb,ATxOvV00NF_TL_51-7JK5_U8S-vvos2Gnf5MGXen5LcdpQ9pwk60HhfQ60ACiv3-dSI7yWR6enAfczQVpXh6Pi0,16,15,0,Effortless Low-Carb Meal,amazon.com,https://www.amazon.com/Effortless-Low-Carb-Meal-Prep-Recipes/dp/B0FBGSP7CK?ref_=pinterest_fplfs,https://i.pinimg.com/originals/c4/c3/85/c4c3857aecf552495ab6a6b4de840242.jpg,1000,1499,0,2026-03-03
2026-09-29,receita low carb,10485011674680812,17,91,0,"🥓 Muffins low carb de bacon e espinafre: práticos, saborosos e ricos em proteínas! 🧀💚",,,https://i.pinimg.com/originals/0a/90/ba/0a90ba21e539e6eff534bd408c15992e.jpg,736,920,0,2026-08-28
2026-09-29,receita low carb,5488830790940733,18,1476,0,Café da manhã low carb Receita 120 aulas exclusivas sobre marmitas que vão te ensinar a criar marmitas profissionais do Zero ao AVANÇADO de forma e eficiente. Mude sua alimentação e seus hábitos alime,instagram.com,https://www.instagram.com/reel/C7WS1whu4e5/,https://i.pinimg.com/originals/dc/af/ed/dcafeda93ff3f09396c817aabe71eb26.jpg,389,692,1,2024-06-29
2026-09-29,receita low carb,AcRT_NWqVn8zeYjJTi-3hJgEW13JZIEHzYW0TIqoxtOTYDTeEMvBcn8Bdvs3Ct2V5rV0wgl0bI8ZBV7THwQ94fo,19,4,0,50 Low-Carb Pizza,amazon.com,https://www.amazon.com/Low-Carb-Pizza-Alternative-Recipes-Home/dp/108810102X?ref_=pinterest_fplfs,https://i.pinimg.com/originals/8f/98/24/8f982477e2f7ac1a2e2738156738190a.jpg,1051,1360,0,2025-10-28
2026-09-29,receita low carb,953918764797462566,20,10,0,RECEITA DE BROWNIE SUPER FÁCIL,,,https://i.pinimg.com/originals/40/6a/30/406a3060099c08b32eac8684f71c18b3.jpg,843,1500,0,2022-05-01
2026-09-29,receita low carb,AQPhBZq5Flm4yRmEkuQoaF1ROHi8kXDgwgYOECSlXqyf_sR3rcWeMde4dvdYKY9-RVMXDTOBaK3FYsD6sBNnews,21,1762,0,Low Carb Keto Eggplant,momscravings.com,https://momscravings.com/low-carb-keto-eggplant-lasagna/,https://i.pinimg.com/originals/15/02/26/1502261d822ddebadaaa05034ecfe59d.jpg,704,1408,0,2026-04-27
2026-09-29,receita low carb,19492210990297433,22,55,0,"🍝 Espaguete de Abobrinha: leve, saudável e cheio de sabor!",,,https://i.pinimg.com/originals/c5/f8/e1/c5f8e1f8408e37c0365622d2057b5da0.jpg,736,1104,0,2026-09-07
2026-09-29,receita low carb,Aclbov0_RBLuvGlnhNkxb3HYnhmdEeOtzMdz2hDZv1rWo-Y6e9xhXkT3N94fYU0F39qRRl-ngu2Jjxkou8sEjC4,23,0,0,THE LAZY KETO BEGINNER: A,amazon.com,https://www.amazon.com/LAZY-KETO-BEGINNER-Ingredients-Complicated/dp/B0HJ83795C?ref_=pinterest_fplfs,https://i.pinimg.com/originals/08/36/69/08366965acdf0b7b36ed83cf304f6fbd.jpg,1000,1499,0,2026-09-15
2026-09-29,receita low carb,AV7jXySpN7V6wgfJSBPzLSJG3U0dsBgMwcB40tAztInSeOcktu4UT8SCQPi5LHPPyaNzGYLJiOmtbt2gUpmaXgQ,24,82,0,High Protein Banana,kodiakcakes.com,https://kodiakcakes.com/blogs/recipes/high-protein-banana-walnut-sheet-pan-pancakes?utm_source=Pinterest&utm_medium=Awareness+&utm_campaign=PancakeFALL,https://i.pinimg.com/originals/94/fd/79/94fd799ba6de8c76f6965516f7f5b68c.png,1000,1500,0,2026-07-29
2026-09-29,receita low carb,ARqK-XrSEoTaJD3xyE_-SkE_HzpF0QU88qKOQ2wGtmOO6lYZYGXJdN4JGQZ2zIJZIGV4lJEIWC5YaLBahONazgQ,25,0,0,Low Carb Indian Recipes:,amazon.com,https://www.amazon.com/Low-Carb-Indian-Recipes-Keto-Friendly/dp/B0GY8YYZHR?ref_=pinterest_fplfs,https://i.pinimg.com/originals/46/6c/17/466c1766e33602529e4a2a918d6efb18.jpg,1000,1499,0,2026-09-04
2026-09-29,receita low carb,204632376814547874,26,67,0,,,,https://i.pinimg.com/originals/04/8c/18/048c18330207f931a9fac0dd5a30707b.jpg,1024,1536,0,2026-08-03
2026-09-29,receita low carb,589901251173787343,27,3279,0,Doce de Leite Low Carb e sem Lactose: Receita Completa - Meu Lar Minha Paz,meularminhapaz.com.br,http://meularminhapaz.com.br/doce-de-leite-low-carb-receita-completa/,https://i.pinimg.com/originals/6c/cc/30/6ccc308c5c6a41bc6709287988c7f786.png,735,1500,0,2019-05-23
2026-09-29,receita low carb,492649946648697,28,9235,0,"Panini low carb, sem gluten e pronto em 3 minutos!",montaencanta.com.br,https://www.montaencanta.com.br/lado-leve-2/low-carb/panini-low-carb/,https://i.pinimg.com/originals/9b/09/e0/9b09e047a9d0d503e65d8fa414b1a9b5.jpg,1140,2200,0,2019-09-05
2026-09-29,receita low carb,563935184605425090,29,11841,0,Cheesy Cauliflower Steaks,hungryhappens.net,https://hungryhappens.net/cheesy-cauliflower-steaks/,https://i.pinimg.com/originals/9c/43/2c/9c432ccde1e5fcf41d756463eadaf192.jpg,1080,1920,0,2023-06-20
2026-09-29,receita low carb,422281212813673,30,1507,0,,,,https://i.pinimg.com/originals/8d/19/86/8d19860498c16df034c2420df0526bab.jpg,1024,1460,0,2026-06-05
2026-09-29,receita low carb,563018699498510,31,3941,0,Low Carb Dieta e Receitas,facebook.com,https://www.facebook.com/story.php?story_fbid=pfbid0quLZc7aA9U24mVL5y96sWxyFPUuKRX9MAh9t1vJyaxMCbo791viCBNDJWvJMAVxnl&id=100065213631966&sfns=mo,https://i.pinimg.com/originals/c1/d3/22/c1d322bd1ce5a3b466b7a9b0ff12dd57.jpg,600,900,0,2026-02-22
2026-09-29,receita low carb,1146729123853462145,32,5688,0,🥦BOLINHO DE BRÓCOLIS. Clique no Link no Nosso Perfil Para Baixar Grátis a Dieta do Ovo.,,,https://i.pinimg.com/originals/d2/cf/9d/d2cf9d7c4545494da4618fbbf5db988f.jpg,629,1118,0,2023-09-07
2026-09-29,receita low carb,1970393584702971,33,909,0,,facebook.com,https://www.facebook.com/share/p/1EUsnc3fP1/,https://i.pinimg.com/originals/f3/bb/b7/f3bbb7cd3a880a0cb9c0c75332335da1.jpg,600,750,0,2026-09-11
2026-09-29,receita low carb,AVDDmzVlHMrZGelXzmGBzhx1zKOqyv9msqfOC4eTgZ9xkWoiQJYYyBfLeWsmObVeHfrAQuhkpJtX7Qb1RcMhy8E,34,0,0,Side Dish Hero,cabotcreamery.com,https://cabotcreamery.com/blogs/recipes/broccoli-rabe-cheddar-gratin,https://i.pinimg.com/originals/1b/80/0c/1b800cab6c01b669e3f657bb3da5c37a.jpg,1080,1920,1,2026-04-06
2026-09-29,receita low carb,7529524373887960,35,512,0,,,,https://i.pinimg.com/originals/15/53/79/155379ff8e19b080ffcb830b5f6ba8d6.jpg,576,1024,0,2026-08-08
2026-09-29,receita low carb,80079699620666938,36,84,0,Lasanha de Abobrinha Fit | Receita Low Carb Fácil e Cremosa,,,https://i.pinimg.com/originals/99/de/e1/99dee16f65d8382f3314ab9803a4f8b4.png,848,1264,0,2026-08-28
2026-09-29,receita low carb,703756188349208,37,1248,0,Receita de tortinha (empadinha) low carb de frango #receita #frango #lowcarb 📷 @febaronee 👏🏻👏🏻👏🏻,instagram.com,https://www.instagram.com/reel/C-6OUkxp7Tk/,https://i.pinimg.com/originals/30/03/e9/3003e9d97f19ab5378484bef22696024.jpg,720,1280,1,2025-06-10
2026-09-29,receita low carb,5629568278573184,38,1237,0,Pizza Saudável| Brócolis| Lowcarb| Receita Saudável| Receita Fácil|,,,https://i.pinimg.com/originals/e8/79/05/e879059e386379f8c49cb7c9d9bae782.jpg,720,1280,1,2024-10-19
2026-09-29,receita low carb,985231165014206,39,44513,0,Low Carb: Torta de Brócolis,,,https://i.pinimg.com/originals/78/ea/5a/78ea5af5039bff7a4da5eb171e957c3b.jpg,720,1280,0,2025-11-02
2026-09-29,receita low carb,14847873768131732,40,76,0,Torta de abobrinha low carb sem farinha,percapesosemsofrer.my.canva.site,https://percapesosemsofrer.my.canva.site/receitassaborosas,https://i.pinimg.com/originals/f2/4a/54/f24a54ca1129d24ccfd4d211e64d17ff.jpg,736,1308,1,2026-07-10
2026-09-29,receita low carb,5348093304961325,41,1187,0,Low - 🥧🧀 Torta de Espinafre com Queijo Low Carb 🥬✨ ✅ INGREDIENTES ✅ 3 ovos ✅ 200 g de espinafre refogado ✅ 200 g de creme de leite ✅ 150 g de queijo ralado (muçarela ou outro de sua preferência) ✅ ½ c,facebook.com,https://www.facebook.com/share/16p4u8kMbq/?mibextid=wwXIfr,https://i.pinimg.com/originals/a7/2a/3a/a72a3a56d5f2014f33d851be743ee037.jpg,1024,1536,0,2026-09-11
2026-09-29,receita low carb,6051780743254784,42,1867,0,Bolinho de cenoura saudável e rápida de prepara,,,https://i.pinimg.com/originals/e6/98/92/e69892291ec833712dc396c5a9782c83.png,720,1280,0,2024-06-10
2026-09-29,receita low carb,34973334592945144,43,190,0,5 receitas deliciosas de sopas e caldos low carb,blog.tudogostoso.com.br,https://blog.tudogostoso.com.br/cardapios/receitas-faceis/receitas-de-sopas-e-caldos-low-carb/,https://i.pinimg.com/originals/e2/4c/53/e24c53f0b531b08fcc276a2a64e22a93.png,735,1502,0,2019-03-15
2026-09-29,receita low carb,925278685924403336,44,223,0,Enroladinho de abobrinha. Para mais receitas click no link da bio.,,,https://i.pinimg.com/originals/72/86/e3/7286e3436378c10c104afb8486267df2.jpg,922,1639,0,2023-03-12
2026-09-29,receita low carb,686447168202521303,45,8,0,Quindim Low Carb: Receita sem glúten e sem açúcar!,meularminhapaz.com.br,http://meularminhapaz.com.br/quindim-low-carb-receita-sem-gluten-e-sem-acucar/,https://i.pinimg.com/originals/1e/ad/74/1ead749b3db58385dbaabbbc7e63aeaa.jpg,236,481,0,2021-01-14
2026-09-29,receita low carb,60376451248483174,46,93,0,Receita de massa de panqueca fit e lowcarb,,,https://i.pinimg.com/originals/be/9b/20/be9b20b8f13d30d2b6b5e4b966952f03.jpg,1080,1920,1,2025-01-31
2026-09-29,receita low carb,AQ84Qa4ckllsZxBjxIBJ8KNisab2ln0Y6Ci9DMacw5IUCkIk3yaS9L0LxlH_K0KsIrDfL45PCiP0vySZ4P2ya4A,47,6,0,50 Healthy Dinner Recipes,amazon.com,https://www.amazon.com/50-Healthy-Dinner-Recipes-Home/dp/B0DG4KKTY4?ref_=pinterest_fplfs,https://i.pinimg.com/originals/59/74/49/597449b4a65b20b40d2d330c53871cdf.jpg,1051,1360,0,2026-04-20
2026-09-29,receita low carb,949415165198822057,51,1231,0,Sua receita de PANQUECA está DESPERDIÇANDO seu TEMPO e PROTEÍNA?,,,https://i.pinimg.com/originals/69/15/53/691553053d0135c9202215daf784e6f2.png,1200,2133,0,2025-05-06
2026-09-29,receita low carb,342766221663297615,52,2745,0,Receita de bolo de chocolate low carb - Receiteria,receiteria.com.br,https://www.receiteria.com.br/receita/bolo-de-chocolate-low-carb/,https://i.pinimg.com/originals/1f/a1/9a/1fa19a2012d2caebeaf67c52767ba7e9.jpg,730,1460,0,2026-03-24
2026-09-29,receita low carb,AbF6n040-pApSz921ZU0HyzNW_epwyruTxmfG5jLtNyHh9LGdcvVeg2NC441D8kV-uFNiX9sODSaGPH8HJ18OYY,53,1,0,Kroger Delivery keeps,kroger.com,https://www.kroger.com/pr/pickup-delivery-savings-4?cid=soc.pai.pint_convecommdependbluetruckdel_20260422_b:all,https://i.pinimg.com/originals/53/6f/52/536f5258f8c5b83b504df86662ea1e4d.png,1080,1920,0,2026-04-20
2026-09-29,receita low carb,844493677014573,54,2971,0,"Anéis de abobrinha viciantes! Crocantes por fora, macios por dentro e super fáceis de fazer 😋",,,https://i.pinimg.com/originals/4e/a8/df/4ea8dfb9bc234589a955c518aba711c6.jpg,720,1280,0,2026-09-02
2026-09-29,receita low carb,12033123999290742,55,2472,0,Pão low carb,,,https://i.pinimg.com/originals/05/bf/76/05bf76dfd153d042cf2ce0f2a9822413.jpg,576,1024,0,2025-05-19
2026-09-29,receita low carb,AacqRrDTrjzdTe86rzPRTFTHQDjIOF3pCGSorZLQlQ-glJwQL8XGVULS8gd66SWqgjmFRHwy4Z8uHZL0vvqsA8g,56,1,0,More Almonds in Every Bar,instacart.com,https://www.instacart.com/store/brands/cadbury/fruit-and-nut?ic_source=pinterest&ic_medium=paidsocial,https://i.pinimg.com/originals/41/0f/a9/410fa91ac84fc4f3f900ffbb43f31866.jpg,1000,1500,1,2026-09-15
2026-09-29,receita low carb,AaTydH14HLOb31e4q5GsXJEOj5bkUibLQbM_Owumw2tLIrwNqP5oGO2lvAv0axKnYOETAcggNJ3ZGAlWPncW7nk,57,1,0,"Spaghetti & Meatballs,",shop.mikmak.ai,"https://shop.mikmak.ai/social/6a62e2b907d1f66a5d2c4880?utm_source=pinterest&utm_medium=paid_social&utm_campaign=f27_rao's_back_to_routine_search&utm_term=a25+&utm_content=marinara_recipe,_spaghetti_&_meatballs&utm_placement=pinterest_search&utm_marketing_tactic=awareness&utm_format=static",https://i.pinimg.com/originals/17/ca/b5/17cab56e6e5f62f92c54a7f294c4f74c.jpg,1080,1620,0,2026-09-04
2026-09-29,receita low carb,820992207095058292,58,2076,0,🥗 Saladona proteica,,,https://i.pinimg.com/originals/27/69/18/27691840c299d9a8e20ee522cdd2eb75.jpg,927,1648,0,2023-04-11
2026-09-29,receita low carb,74661306319106261,59,47,0,,,,https://i.pinimg.com/originals/2f/25/fe/2f25fe83e301ca7529b6440f3cafac8c.png,1024,1536,0,2026-09-15
2026-09-29,receita low carb,AReDyMTWyM6dIP3N9uemQcTUpCAY1I_Go4ko462aro3a8pfWW_DorzbE0fSYk9STJiBHMZgeSiT9i9V0Tmx_IVc,60,1,0,Discover recipes worth,tiktok.com,http://tiktok.com/discovermore,https://i.pinimg.com/originals/0a/37/9c/0a379c3ae65c86b3c4fb0c49eb919291.png,1201,1201,0,2026-09-02
2026-09-29,receita low carb,AYFm2RIACr1Hzq0E2JusFug0UiuPkCDTEKdhlMsNgMOvZAkxvukvISbzCF1FSJWMYnKWwGUYQC9k45ttfxla4KA,61,1,0,Bake with King Arthur,kingarthurbaking.com,https://www.kingarthurbaking.com/recipes/cinnamon-sugar-crunch-bagels-recipe?utm_source=social&utm_medium=pinterest&utm_campaign=fy27fallbread,https://i.pinimg.com/originals/c7/5c/5a/c75c5a6a980625881a6237086327add1.jpg,1080,1080,0,2026-08-27
2026-09-29,receita low carb,1011972978744875897,62,459,0,Caldo lawcarb proteico.,,,https://i.pinimg.com/originals/fb/5b/b5/fb5bb52400fc9efce0ce84dbf7974dac.jpg,620,1104,0,2022-10-04
2026-09-29,receita low carb,1022669027862403448,63,366,0,lowcarb,,,https://i.pinimg.com/originals/6e/c7/55/6ec75537ec22d53501884f783f003474.jpg,950,1688,0,2023-02-05
2026-09-29,receita low carb,AUA6JVdh3avsGCwX4-J9qGIspfRNo_j4X8h9vvUupZMevHnwMlDIpXQ9AQMGohJiihbqn2pWNTl9rzpsz-L0JmU,64,1,0,Is REESE'S why so many,amazon.com,https://www.amazon.com/stores/page/C742F08D-F14A-4B88-8C82-09911045292F?channel=pinterest-paidsocial,https://i.pinimg.com/originals/cc/8b/94/cc8b94a80d8d4d7b30115e5e17b68b4e.jpg,1000,1500,0,2026-07-31
2026-09-29,receita low carb,AfIxtvPQotrlBVgM4V1l3841cLFDPPFuEAE9otUBdLsM9kBNKp4l8RHWOuRaZGQY78cBAQ75UOH6wbNDwkdeZms,65,5,0,SunButter Jammies.,sunbutter.com,https://sunbutter.com/pages/where-to-buy,https://i.pinimg.com/originals/c1/b0/f9/c1b0f9e94c0c4da71a7631a4db3c2180.png,900,1600,0,2026-08-12
2026-09-29,receita low carb,31173422418840229,66,281,0,Low Carb Dieta e Receitas,facebook.com,https://www.facebook.com/share/p/1D48tXE8JT/,https://i.pinimg.com/originals/3c/af/50/3caf50f2e23d0ea74dfe705849a94b5e.jpg,600,900,0,2026-01-27
2026-09-29,receita low carb,68749913961,67,3974,0,Receita e informações nutricionais👇 Essa receita precisa de um nome… como você chamaria isso? Wrap lowcarb de abobrinha? Crepe sem farinha? … ou outra coisa? Testei essa receita hoje e ela já virou a ,instagram.com,https://www.instagram.com/reel/C_JQ_1TyeE2/,https://i.pinimg.com/originals/a1/0a/10/a10a1043ac6900e9880e48c138d95eb1.jpg,1014,1802,1,2026-03-21
2026-09-29,receita low carb,914862422507471,68,1462,0,Torta de legumes low carb! 😋😋 Ingredientes: 2 colheres de azeite 1 cebola picada 1 cenoura pequena 1/2 pimentão vermelho picado 2 dentes de alho 8 galhos de brócolis ninja 4 ovos batidos 1 xícara de c,instagram.com,https://www.instagram.com/reel/DAtMPB2Opfn/,https://i.pinimg.com/originals/e7/fc/80/e7fc80a9676d2d42ab42b31f5470476b.jpg,640,1136,1,2026-09-01
2026-09-29,receita low carb,AZhZFW8C6hDyuUgTBO83COEX5dkdJcyEPokrcP9cNKpX4BhkM7UY0aaMGsJTR0f4084L_rYcEqPh3zg2ko393Q4,69,3,0,120 Sheet Disposable,homedepot.com,https://www.homedepot.com/p/LAIFUCAM-120-Sheet-Disposable-White-Butcher-Paper-Food-Grade-Precut-for-Smoking-Cooking-Serving-Meat-Sublimation-QE9X780/341573111?cm_mmc=psoc-pinprg-%7Bcampaignid%7D-%7Badgroupid%7D,https://i.pinimg.com/originals/21/91/b3/2191b39b158f4c438faaa9ad6a6ce30e.jpg,1000,1000,0,2026-05-13
2026-09-29,receita low carb,2251868557642859,70,652,0,"✅PURÊ DE CENOURA FOM FRANGO GRELHADO🤩🔥💚 . . . . TENHA AS MELHORES RECEITAS FITNESS , LOW CARB , CETOGÊNICA E INTERMITENTE PARA MELHORAR A SUA SAÚDE 💪🏼💯✨🚀💚 DE UM JEITO PRÁTICO E QUE TRÁS RESULTADOS APL",instagram.com,https://www.instagram.com/reel/Cyd3oZDOzVR/,https://i.pinimg.com/originals/43/4b/fc/434bfc7b49341688f668433adc5bd4fc.jpg,320,568,1,2024-09-26
2026-09-29,receita low carb,906208756248050302,71,42,0,Ceto/Low Carb Macarrão de abobrinha com molho de atum,maritrentin.systeme.io,https://maritrentin.systeme.io/cetogenica,https://i.pinimg.com/originals/57/7d/1c/577d1c9efe40aa9994f28d54b187fa20.jpg,720,1280,0,2023-01-30
2026-09-29,receita low carb,6192518233513212,72,133,0,🥧 quiche de espinafre com ricota... - Receitas Zero Açúcar,facebook.com,https://www.facebook.com/share/1Jdmme7RJK/?mibextid=wwXIfr,https://i.pinimg.com/originals/3c/b7/0e/3cb70e2a5d7ae37b8cb5397a593de273.jpg,1024,1536,0,2026-09-11
2026-09-29,receita low carb,774124932000517,73,1144,0,Low Carb Dieta e Receitas,facebook.com,https://www.facebook.com/share/p/182vqNGPHK/,https://i.pinimg.com/originals/27/8f/28/278f28706f1c3cb8561b77541b06e8ee.jpg,600,900,0,2026-08-31
2026-09-29,receita low carb,ASmWPM2Y5VZ2okFzczz4l-Cw402dkWl4swu9cW0BMUavn_mNENIvKYeZPnwfjdOKL_wuDFwuh6PXea2JmJlCkGw,74,1,0,Shop Del Monte®,shop.mikmak.ai,https://shop.mikmak.ai/social/6a98a6c06838c5feecc9e3ef,https://i.pinimg.com/originals/de/8a/1b/de8a1be92218e01cdc43b62b211caa69.jpg,1080,1920,1,2026-09-10
2026-09-29,marmita fitness,633387444391899,1,2366,0,,,,https://i.pinimg.com/originals/d8/c6/39/d8c6390e8188fba1de2a40fcd1557210.jpg,2976,3968,0,2026-03-11
2026-09-29,marmita fitness,1049901731903826599,2,1,0,Marmitas fitness para vender: ideias para variar o cardápio,inspiracoeslucrativas.com,https://inspiracoeslucrativas.com/ideias-de-marmita-para-congelar/,https://i.pinimg.com/originals/d9/aa/07/d9aa07c1523922e4aa9ae04e8c7f5fc0.png,1024,1536,0,2026-09-16
2026-09-29,marmita fitness,Af5D7s59SssahcW3uEBvhX_XdDlqe_jU_gL7JA5LfOgQCoznfJE30QNV4ceH-9_LImD50fMM1_Q318nQUyFBNio,3,82,0,High Protein Banana,kodiakcakes.com,https://kodiakcakes.com/blogs/recipes/high-protein-banana-walnut-sheet-pan-pancakes?utm_source=Pinterest&utm_medium=Awareness+&utm_campaign=PancakeFALL,https://i.pinimg.com/originals/94/fd/79/94fd799ba6de8c76f6965516f7f5b68c.png,1000,1500,0,2026-07-29
2026-09-29,marmita fitness,AaT7dtnpm7UN6IE3nxc2xBkddkMenlauIAT_K-kvKerwCZoxUmEC6ajZHUHncJHBPTp4LP9vylvi6nWPkoVNQR0,4,5504,0,26 Meal-Prep Lunches That,athleticlift.com,https://athleticlift.com/30g-protein-lunches/,https://i.pinimg.com/originals/46/8a/0c/468a0c6644c7f0ca4d86d2d52914b18c.png,887,1774,0,2026-05-14
2026-09-29,marmita fitness,1548181186799614,5,4372,0,Marmitas saudáveis para a semana,,,https://i.pinimg.com/originals/eb/1d/47/eb1d477926bc982464478c046e208623.png,864,1728,0,2026-05-31
2026-09-29,marmita fitness,AdDReOGM-9uPOpEj77Jx6Av_K3f2Pfe9GQz4-7Litaiha7JpSHV7NNTy-uhQ-J2BbOd6SWkDiqkuxOGmtlQTSXI,6,0,0,1pc 304 Stainless Steel,us.shein.com,https://us.shein.com/ark/default?scene=1&test=5051&ad_type=DPA&goods_id=40667648&pf=PINTEREST&url_from=PINADSDPA&ismg=06c45ad7133f983bc424a9473d6ae75486d59a898d87e27ff053e5d578cd2bc5_01_1790613685,https://i.pinimg.com/originals/ea/63/f6/ea63f676cfe227c6097d2ffe63c38723.jpg,1134,1598,0,2026-08-14
2026-09-29,marmita fitness,AZsKiWn0vV_TIX1-jslcJ5iFx8dWKTzKSTsUKSLGos3_CVmw3ZyH2Xj544IcTPlX11RWedmj-ot9Z8mGyPRmtqw,7,2,0,The Happy Lunch Box,amazon.com,https://www.amazon.com/Happy-Lunch-Box-Johnson-143/dp/B0GCM1W5CV?ref_=pinterest_fplfs,https://i.pinimg.com/originals/d9/4b/ba/d94bba15b43be793344c32b58726aa81.jpg,1000,1499,0,2026-07-08
2026-09-29,marmita fitness,64387469668529132,8,434,0,organização fitness,,,https://i.pinimg.com/originals/ea/45/d2/ea45d24124a059dc89c404d65d864fa3.jpg,675,1200,0,2026-01-21
2026-09-29,marmita fitness,Af_XJBZSuF_qy1YxoW8eztMMuGYkJSty__SS5ZdMi0x-5TsaWDpdnHhr6kdBYRst2SoKOx0qiw4sgH2AigZ5678,9,1,0,Temu | Edición en Español,temu.com,https://www.temu.com/ul/kuiper/un3.html?subj=dpa-un&_bg_fs=1&_p_jump_id=1082&_x_vst_scene=adg&goods_id=605745609342942&adg_ctx=a-30b4950a~c-92f10e04&_p_rfs=1&_x_ads_channel=pinterest&_x_ads_creative_id=%7Bproduct_partition_id%7D&_x_ads_id=%7Badgroupid%7D&_x_ads_set=%7Bcampaignid%7D&_x_ads_sub_channel=shopping&_x_ns_catalog_id=1580405374697&_x_ns_creative=%7Badid%7D&_x_ns_gid=605745609342942&_x_ns_,https://i.pinimg.com/originals/60/d3/d7/60d3d77d9c57d2e914ad8f87313fd33e.jpg,2000,3000,0,2026-08-09
2026-09-29,marmita fitness,6966574419832888,10,704,0,Aprenda a fazer sua marmita fitness de forma fácil e rápida!!,,,https://i.pinimg.com/originals/38/15/69/3815698408d70b37703107d5a123c5a5.jpg,736,920,0,2024-11-03
2026-09-29,marmita fitness,AdGjZggidloLzhByQP0r4so3bxcfE3IsiZ6lIc868G-5bXd0fzqp7yVzRB9PuKC3PQjke8gUHF4oWk-1Xj3NCDI,11,1,0,39 High-Protein Meal Prep,homeviable.com,https://homeviable.com/high-protein-meal-prep-lunches/,https://i.pinimg.com/originals/b8/b3/37/b8b3376dcec7c34c78a44257a9eef07e.png,887,1774,0,2026-05-20
2026-09-29,marmita fitness,Ab2hOHrE6RpgItgnbWPmMLThbKajmkwqH3vgrgKS8hqbJ4nLApyPNBMzo5HINEZKXmJwyR4tGbW4lT7bFxsgcq8,12,2,0,Temu | 100g+ Protein A,temu.com,https://www.temu.com/ul/kuiper/un3.html?subj=dpa-un&_bg_fs=1&_p_jump_id=1082&_x_vst_scene=adg&goods_id=601102363834275&adg_ctx=a-e83cfdaa~c-de209830&_p_rfs=1&_x_ads_channel=pinterest&_x_ads_creative_id=%7Bproduct_partition_id%7D&_x_ads_id=%7Badgroupid%7D&_x_ads_set=%7Bcampaignid%7D&_x_ads_sub_channel=shopping&_x_ns_catalog_id=1567707391772&_x_ns_creative=%7Badid%7D&_x_ns_product_id=17604340275043&,https://i.pinimg.com/originals/a9/85/20/a985208c2c410b1c7717bc04bb188de0.jpg,2000,3000,0,2026-07-15
2026-09-29,marmita fitness,12877548933151460,13,418,0,marmitas fit,,,https://i.pinimg.com/originals/60/cf/3e/60cf3e306eb5ce85f635c33bc6a41321.png,1024,1536,0,2026-04-13
2026-09-29,marmita fitness,670895675745284234,14,1,0,Marmitas Fitness,homesaledigital.com,https://www.homesaledigital.com/marmitasbusiness?ref=U43454267H,https://i.pinimg.com/originals/3d/84/02/3d8402055bc4fc9a085cb2510e86ac92.jpg,736,1103,0,2021-07-28
2026-09-29,marmita fitness,AWVjb7WB3Fyi-4YXN6jOCRqV-8U71_Xpnpq2E6xw8pbdjxR349-BMjISr30ntgl8OjSDRUKRIcqRxCkWmic9RcE,15,2,0,Start Transformation Now!,quiz.betterme.world,https://quiz.betterme.world/first-page-generated?flow=3068&utm_source=pinterest&utm_medium=organic&utm_content=27_2025-11-12_Anastasiia_H-Cutting_K-TopVariation_CT-36751_Ver-5_pn.jpg&utm_source=pinterest&utm_medium=organic&utm_content=27_2025-06-19_Masha_H-28DayCutting_K-NewConcept_CT-28691_Ver-5_pn.jpg,https://i.pinimg.com/originals/de/b9/73/deb9739d7d561769098aca93059cb4ca.jpg,1080,1920,0,2026-09-28
2026-09-29,marmita fitness,2040762329134977,16,2482,0,Ideias de marmita saudável para a semana toda,,,https://i.pinimg.com/originals/6c/56/03/6c5603d5d55c3160f4a3d2f8ce688e65.jpg,736,920,0,2026-01-15
2026-09-29,marmita fitness,1094445146978359211,17,1,0,ideias de refeições saudáveis guia completo,pay.hotmart.com,https://pay.hotmart.com/F107628340H,https://i.pinimg.com/originals/53/26/ae/5326aedf8f36d3777836a7cc0ff1f30e.jpg,1280,1920,0,2026-09-18
2026-09-29,marmita fitness,AWhXI58ZAz36Z8re5Zp_4UWWqbCVAwf3RnIEmdmBr7UTxXfMJAgpt5RJWsaXbTlv4Qd_noqEw3wgPG1VDGyt4Tc,18,4323,0,21 High-Protein School,stroller-envy.com,https://stroller-envy.com/high-protein-school-lunch-recipes/,https://i.pinimg.com/originals/82/19/26/821926be60b384f44abdda772a6a8918.png,1500,3000,0,2026-02-12
2026-09-29,marmita fitness,528398968832026686,19,10,0,COMO CRIAR MARMITAS FITNESS PARA VENDER E FIDELIZAR CLIENTES,carolcarlosfit.com.br,https://carolcarlosfit.com.br/curso-marmita-fit-congelada-oferta,https://i.pinimg.com/originals/d0/c6/24/d0c624e30e51351dcc07d12765fa6817.jpg,1200,1600,0,2026-09-07
2026-09-29,marmita fitness,ATNLpO6x-9hPb7xDQxAJ1HQd56EI2DASuomulwqUZ6q1TKQY-MJuc0jyXMPf6zz3QQIfGhWfxHjF9HkJiZ7oE2c,20,3,0,Temu | High Protein Wrap,temu.com,https://www.temu.com/ul/kuiper/un3.html?subj=dpa-un&_bg_fs=1&_p_jump_id=1082&_x_vst_scene=adg&goods_id=605989214508243&adg_ctx=a-ed3d8f97~c-168f3869&_p_rfs=1&_x_ads_channel=pinterest&_x_ads_creative_id=%7Bproduct_partition_id%7D&_x_ads_id=%7Badgroupid%7D&_x_ads_set=%7Bcampaignid%7D&_x_ads_sub_channel=shopping&_x_ns_catalog_id=1567707391772&_x_ns_creative=%7Badid%7D&_x_ns_product_id=97271949612858&,https://i.pinimg.com/originals/07/61/9e/07619e20bd0f01737f68090738772779.jpg,2000,3000,0,2026-08-11
2026-09-29,marmita fitness,460563499405506936,21,2981,0,Marmitas congeladas saudáveis.,,,https://i.pinimg.com/originals/a0/45/19/a045190e6b577f829fc13d5d152630e1.jpg,900,1200,0,2023-01-21
2026-09-29,marmita fitness,89860955060154939,22,88,0,Marmitas fit,,,https://i.pinimg.com/originals/95/9d/35/959d354867679a03133d26415265916b.jpg,1080,1920,0,2026-05-26
2026-09-29,marmita fitness,AamOgtSEUqcpQzh7T5nRSUyRXqjn3puwmLdMo3l4YqYLkxPajqZ7Uewf_HySfYCa9fjISOorGNchlT_9133n6J0,23,651,0,The Budget Lunch Rotation,moneybliss.org,https://moneybliss.org/bean-rice-bowl-lunch-rotation/,https://i.pinimg.com/originals/18/fd/8d/18fd8ddb18926074f9a1e9d2e8463d85.png,1728,3072,0,2026-07-14
2026-09-29,marmita fitness,AT60_u5FCz-Em-fnY3TjgkRY9poEOpdFp518or2vKxdW0PCGfxdUpJuQmRD8xi3I47MY1skiN4Y1K2uUjDXBKYU,24,0,0,Meal Prep for Weight Loss,target.com,https://www.target.com/p/meal-prep-for-weight-loss-by-kelli-shallal-paperback/-/A-90334404?TCID=PDS-%7Bcampaignid%7D-%7Badgroupid%7D,https://i.pinimg.com/originals/f0/f2/aa/f0f2aa3132f9965317c6c9629432a50b.jpg,666,999,0,2025-11-11
2026-09-29,marmita fitness,705657835381429110,25,1748,0,"Vera Senerine/ marmitas saudáveis congeladas on Instagram: ""Uma obra de arte 🥰. Essa marmita ficou linda de bonita e muito saborosa 😋 Aqui temos cubos de frango cremoso, batata doce assada e mix de br",instagram.com,https://www.instagram.com/p/CoD48JipDaW/?igshid=NTU1Mzc3ZGM=,https://i.pinimg.com/originals/98/07/d0/9807d0ba2c6e6bca24f625273b2b0eb3.jpg,511,640,0,2023-02-16
2026-09-29,marmita fitness,7177680652129765,26,2049,0,#marmitafit #marmitasaudavel #comida #comidasaudavel,,,https://i.pinimg.com/originals/02/d7/90/02d790ec1954117bad1986ec7ff6dcae.jpg,1080,1920,0,2025-08-09
2026-09-29,marmita fitness,70437490372459,27,2895,0,Curso de Preparação de Marmita Fit 100% Online.,linktr.ee,https://linktr.ee/marmitasfit.mark,https://i.pinimg.com/originals/a0/a8/84/a0a8846515c6adfd7e49c88564823db3.jpg,800,1200,0,2025-07-07
2026-09-29,marmita fitness,140806234349693,28,2777,0,,,,https://i.pinimg.com/originals/6d/78/22/6d7822c31f3c0bc6e313e2ea5a4bfeac.jpg,736,1104,0,2025-08-27
2026-09-29,marmita fitness,2040762329718090,29,3045,0,,,,https://i.pinimg.com/originals/4f/14/5a/4f145ad6c33d0ea2ea1f36af9f1625a1.jpg,1179,1998,0,2026-08-25
2026-09-29,marmita fitness,AYJ7g-RkYEV2YKr8ApE5-Sa-arKPJvA-WCwztGvjx93fU-zb1Zia4rr_gMJWbJzUPl0nrCAGo66fLJuuJhk0-o0,30,0,0,Temu | Glp-1 Meal Prep,temu.com,https://www.temu.com/ul/kuiper/un3.html?subj=dpa-un&_bg_fs=1&_p_jump_id=1082&_x_vst_scene=adg&goods_id=605957807506673&adg_ctx=a-226f049b~c-a4acd5f6&_p_rfs=1&_x_ads_channel=pinterest&_x_ads_creative_id=%7Bproduct_partition_id%7D&_x_ads_id=%7Badgroupid%7D&_x_ads_set=%7Bcampaignid%7D&_x_ads_sub_channel=shopping&_x_ns_catalog_id=1567707391772&_x_ns_creative=%7Badid%7D&_x_ns_gid=605957807506673&_x_ns_,https://i.pinimg.com/originals/a3/74/7d/a3747d33ee5266709a42dab82f6f63c8.jpg,2000,3000,0,2026-09-19
2026-09-29,marmita fitness,34199278418911791,31,234,0,PACK MARMITAS FITNESS,artespremium.com.br,https://artespremium.com.br/pack-para-marmita-fitness/,https://i.pinimg.com/originals/8d/8a/6c/8d8a6c0575427783d2088c76970a26db.jpg,800,1200,0,2024-12-13
2026-09-29,marmita fitness,5277724559921258,32,222,0,Como Fazer Marmita Fit Congelada para Vender - Veja como ganhar dinheiro com essa delicia!,empreendedorasquebrilham.blogspot.com,https://empreendedorasquebrilham.blogspot.com/2021/02/marmita-fit-congelada.html,https://i.pinimg.com/originals/82/9b/65/829b65b37d9e1eb56244600b8d535e2d.jpg,564,846,0,2025-11-05
2026-09-29,marmita fitness,AUgCvwtxM_gyU5qsp-S1VYgGxK60P9-C_equU6B5wU6g7XYH3cl-ynuSeGPM_eoGXVqxob7kFp-5lTL_7Atpwjc,33,372,0,21 Powerful High Protein,panfetti.com,https://panfetti.com/cheap-high-protein-meal-prep-ideas/,https://i.pinimg.com/originals/2c/b1/b5/2cb1b5152d8a502f18de0c0ac74cd13c.jpg,736,1472,0,2026-05-13
2026-09-29,marmita fitness,AZB-97eHGUBle_Jd5V6ZFWUxpFZZv_RAjKJnTqYLMzx8vrmxyqsgYCvLnzd8JMkedkZe44g89Gs0kHPFpZ2QzFA,34,1,0,Better Balance,webstaurantstore.com,https://www.webstaurantstore.com/better-balance-plant-based-vegan-spinach-burger-2-2-lb-case/871BAR516920.html,https://i.pinimg.com/originals/de/f4/7b/def47b6d6138ab0a9e7d50514bc404cd.jpg,1000,1000,0,2025-11-08
2026-09-29,marmita fitness,831688256205907617,35,1333,0,👩🏼‍🍳Vão ficar fora dessa?👩🏼‍🍳 Corra aprender a deixar sua marmita coloridinha assim😍,,,https://i.pinimg.com/originals/a8/3d/77/a83d77fbc0004f8ab215db3e6be4eda0.jpg,1080,1920,0,2023-02-07
2026-09-29,marmita fitness,80501912086440033,36,64,0,,,,https://i.pinimg.com/originals/9b/cc/cc/9bcccce546b98e567aa0fe99e8441e37.jpg,900,1600,0,2026-05-22
2026-09-29,marmita fitness,670895675728021530,37,1,0,Marmitas Saudáveis fit 🔥🔥,go.hotmart.com,https://go.hotmart.com/L92814714K?ap=f5f5,https://i.pinimg.com/originals/52/68/07/52680707ab0ba289b1860f05a5668b6e.jpg,736,1103,0,2020-03-14
2026-09-29,marmita fitness,2040762329120348,38,515,0,,,,https://i.pinimg.com/originals/f1/6a/02/f16a02956ebb099ea55fd267466c0f24.jpg,736,919,0,2026-01-10
2026-09-29,marmita fitness,61994932367046641,39,274,0,,,,https://i.pinimg.com/originals/90/eb/d1/90ebd12dd72f02bd73a2de26b9eb70b3.jpg,900,1200,0,2026-09-17
2026-09-29,marmita fitness,1337074889590130,40,5722,0,Marmita fitnes,,,https://i.pinimg.com/originals/82/b4/0c/82b40c1c09b9500e483b29f78cff4379.jpg,1224,1632,0,2025-08-18
2026-09-29,marmita fitness,236227942951903063,41,142,0,Sem tempo de cozinhar? Monte suas marmitas assim para a semana toda. Ingredientes: - Arroz pronto - Feijão pronto - Carne moída pronta - Frango frito pronto - Brócolis pré-cozido - Abobrinha - Salada ,,,https://i.pinimg.com/originals/67/c5/2e/67c52e7808681bd7461004deb3b81f58.jpg,1080,1920,1,2025-11-03
2026-09-29,marmita fitness,AQV1fmF2JMitGZ7I8riivmXRMJPAB8CyF4W2myqlVi2m-9Yp7xWMdfIHDvf-5qXBSHdrpJeCPj6jdDtRKAL_4SY,42,2,0,Kit Pote Retangular Com Tampa Plastico Marmitinha Fit para receitas,s.shopee.com.br,https://s.shopee.com.br/8zyZ3gnZk4?pp=1&channel_type=pinterest,https://i.pinimg.com/originals/14/da/06/14da063674fde888995b67e8999affa6.jpg,736,981,0,2026-03-17
2026-09-29,marmita fitness,998602917422523042,43,39,0,Cardápio Semanal de Marmitas Fit | Opções Saudáveis e Práticas,,,https://i.pinimg.com/originals/86/6f/07/866f077e0d80ce4406c39c01317beba7.png,2481,3508,0,2026-06-13
2026-09-29,marmita fitness,516647388534509679,44,19,0,De Casa Para o Lucro: Curso Completo de Marmitas Fitness,go.hotmart.com,https://go.hotmart.com/D106085027V,https://i.pinimg.com/originals/47/aa/09/47aa09199271406efd5225b0db27ab6e.png,1000,1500,0,2026-09-13
2026-09-29,marmita fitness,AdY9hFnrGUdZk4RJg90gf4IhKRV3_8qel-5wypZHwEBiQh2HyFNSF4jbh6k-G5vGzzb_B87YU6SMvqJr7sZlso8,45,1,0,Temu | Mediterranean Diet,temu.com,https://www.temu.com/ul/kuiper/un3.html?subj=dpa-un&_bg_fs=1&_p_jump_id=1082&_x_vst_scene=adg&goods_id=606017400184418&adg_ctx=a-84de1997~c-7eb5710a&_p_rfs=1&_x_ads_channel=pinterest&_x_ads_creative_id=%7Bproduct_partition_id%7D&_x_ads_id=%7Badgroupid%7D&_x_ads_set=%7Bcampaignid%7D&_x_ads_sub_channel=shopping&_x_ns_catalog_id=1567707391772&_x_ns_creative=%7Badid%7D&_x_ns_gid=606017400184418&_x_ns_,https://i.pinimg.com/originals/d0/2f/be/d02fbe95a2207c0f3660d6f6d34d8a1d.jpg,2000,3000,0,2026-07-10
2026-09-29,marmita fitness,AX5iIJ6HvupGrcX4Cut3e7QxFqIdp9M8nvoWO5Cw6-MVO9w-FjbU8rsrmd3KXq5OejQI93IAFWNHyzZOZkK62i4,46,0,0,Temu | 20 Replacement,temu.com,https://www.temu.com/ul/kuiper/un3.html?subj=dpa-un&_bg_fs=1&_p_jump_id=1082&_x_vst_scene=adg&goods_id=607064751477756&adg_ctx=a-129e1d34~c-6564b447&_p_rfs=1&_x_ads_channel=pinterest&_x_ads_creative_id=%7Bproduct_partition_id%7D&_x_ads_id=%7Badgroupid%7D&_x_ads_set=%7Bcampaignid%7D&_x_ads_sub_channel=shopping&_x_ns_catalog_id=1567707391772&_x_ns_creative=%7Badid%7D&_x_ns_gid=607064751477756&_x_ns_,https://i.pinimg.com/originals/79/ea/78/79ea781b9b6577ddb7d96507fdd5e6b4.jpg,800,800,0,2026-09-18
2026-09-29,marmita fitness,1548181179322192,47,8912,0,,,,https://i.pinimg.com/originals/39/4a/03/394a038d58672cf2201d5141ec439ed7.jpg,736,736,0,2025-02-11
2026-09-29,marmita fitness,118852877665709078,48,56,0,"Quem entende o mercado fitness, fatura mais.#rendaextra #marmitasfit #marmitafitness #marmita #negocioemcasa",instagram.com,https://www.instagram.com/reel/DT5iIaHjnWE/,https://i.pinimg.com/originals/0f/d6/c2/0fd6c26e47c3d92f02111894ca73db37.jpg,720,1280,1,2026-09-14
2026-09-29,marmita fitness,633387443924848,49,11164,0,Marmitas da semana,,,https://i.pinimg.com/originals/04/53/99/0453997c08ca6b30f805231c8e37a354.png,1080,1920,0,2025-09-22
2026-09-29,marmita fitness,1028228158654640145,50,6742,0,Marmitas para semana ❤️,,,https://i.pinimg.com/originals/c2/72/7c/c2727caeb5e9babe6d8dbb0efb2554e8.jpg,1080,1920,0,2023-05-05
2026-09-29,marmita fitness,2181499815881508,51,1347,0,Marmitas da semana,,,https://i.pinimg.com/originals/6b/74/7d/6b747d458dd0fed3147e8ab3cf89f3c4.jpg,675,1200,0,2025-02-05
2026-09-29,marmita fitness,920775086345527614,52,1,0,MARMITAS FIT 🥗✨,s.shopee.com.br,https://s.shopee.com.br/2B7pqDeVMD?channel_type=pinterest,https://i.pinimg.com/originals/82/21/6e/82216edaccac5d526d0b35545488b97d.jpg,736,1308,0,2026-08-25
2026-09-29,marmita fitness,AXOqinQL-qe-aFWbEhXRkx98kS6TJDM1vTvPvksPnnbtxV4yxL7P6EnKOzWzCzKMJ7qHTsRyvQdGTj0wrjl4Bzc,53,1,0,Hillshire Reserve™ Lunch,shop.mikmak.ai,https://shop.mikmak.ai/social/6a394a3a3b29ed6f193e389e?utm_campaign=hillshirefarm-premiumlunchmeat-plm-fy26-q4-us&utm_source=social-pi-na&utm_medium=reach&utm_term=psk&utm_content=porch-video6-9x16,https://i.pinimg.com/originals/6e/0a/9c/6e0a9c5f20f12bb27809802a96d43bcf.jpg,1080,1920,1,2026-06-30
2026-09-29,marmita fitness,Afdz00Mh7bhUqtCdnG54tK4Poq68yi9eZFgS5cXqTmD-2YgaZQVTKffU7pXJ-WhzvRSKzdy_sPy3kbQTO7FuMFY,54,3,0,Rubbermaid Brilliance,wayfair.com,https://www.wayfair.com/Rubbermaid--Rubbermaid-Brilliance-Meal-Prep-Containers-Set-2Compartment-2.85-Cup-5Pack-2183413-L1289-K~QU11553.html,https://i.pinimg.com/originals/7e/4f/ba/7e4fba69b84ee9d5dc371524d05d601e.jpg,400,400,0,2026-09-17
2026-09-29,marmita fitness,354869645653708468,55,111,0,21 Receitas de Marmita Fitness - Fit Low Carb Saudáveis Para Cardápio Semanal,sabornamesa.com.br,https://www.sabornamesa.com.br/cardapios/marmita-fitness-fit-low-carb-saudaveis-para-cardapio-semanal,https://i.pinimg.com/originals/5a/16/38/5a163859273c60c3e54b0ceaa090e67f.jpg,1000,1500,0,2024-04-02
2026-09-29,marmita fitness,1131670212641191726,56,137,0,Receitas Marmitas Fit,connectdigitalhub.com,https://connectdigitalhub.com/guiamarmitasfitlucrativas/?amp=1,https://i.pinimg.com/originals/6b/94/bd/6b94bdd411d5c0235ddaea92dea5d444.jpg,698,698,0,2026-02-17
2026-09-29,marmita fitness,AWebbAFfwR3cOLk9bkn6mkdT4NxlYrfEBdnhqTiZycGkP-wH1yjdKtl2XpuhtfMDOioQrnpT3i_BUgsPyJikGJs,57,0,0,1pc 1200ml Adult Bento,us.shein.com,https://us.shein.com/ark/default?scene=1&test=5051&ad_type=DPA&goods_id=114280731&pf=PINTEREST&link_type=link&url_from=PINADSDPA&ismg=a78fc72aeda2945833945c5628f6d0f1f31b7829780ec374ced706d148a53b2e_01_1790613693,https://i.pinimg.com/originals/a0/af/4d/a0af4d5b2d707f4ed0c4f09600dc2793.jpg,1188,1782,0,2026-05-08
2026-09-29,marmita fitness,AZtZW31XU1bZ24qC_BrmUM34bUyPgY4aY5mm9JN02vqLS_NCQuVJ334XPM9NdOgc_KjTUBVt6XVH67LMtgK0A5Y,58,235,0,Start Transformation Now!,quiz.betterme.world,https://quiz.betterme.world/first-page-generated?flow=3068&utm_source=pinterest&utm_medium=organic&utm_content=27_2025-07-11_ira_H-FemaleCutting_K-Remake_CT-29985_Ver-3_pn.jpg,https://i.pinimg.com/originals/d3/95/10/d395106263f85c91ed1a97121c12b0d4.jpg,1080,1920,0,2026-01-31
2026-09-29,marmita fitness,36591815719138728,59,175,0,,,,https://i.pinimg.com/originals/b9/cb/8b/b9cb8bb104c997e5e4bff43e35ed891b.jpg,900,1600,0,2026-05-22
2026-09-29,marmita fitness,976225656750429424,60,1,0,"Segunda não precisa ser pesada. Pode ser leve, prática e cheia de cuidado com você. A Segunda Saudável chegou para te lembrar que se alimentar bem não precisa ser complicado. Com nossas marmitas conge",instagram.com,https://www.instagram.com/reel/DUjA6KDEaM_/,https://i.pinimg.com/originals/ca/0b/49/ca0b4962513dedcfa1d765b9d7c3c8fa.jpg,640,1136,1,2026-09-01
2026-09-29,marmita fitness,914862419805080,61,4833,0,,,,https://i.pinimg.com/originals/bd/ee/ed/bdeeed66f34cc382d90b3b899633d19d.jpg,1080,1080,0,2024-05-02
2026-09-29,marmita fitness,298152437852697180,63,72,0,MARMITAS DA SEMANA! ✨,s.shopee.com.br,https://s.shopee.com.br/6VGG7f9sP4?channel_type=pinterest,https://i.pinimg.com/originals/83/8d/e2/838de27a060e6c6efac0783440cb84f3.jpg,736,981,0,2026-05-01
2026-09-29,marmita fitness,434667801560800426,64,23,0,"Refeições saudáveis, prontas e equilibradas esperando por você. 💚 Garanta já a sua BemFit da semana!",instagram.com,https://www.instagram.com/p/DUtM1JRjYse/,https://i.pinimg.com/originals/3d/da/5c/3dda5cfad5b331625a3a218c6f3dc18b.jpg,1440,1920,0,2026-04-08
2026-09-29,marmita fitness,41165784088738360,65,351,0,Cardápio de Marmitas para a Semana: Praticidade e Sabor em suas Refeições,luarafachini.com.br,https://luarafachini.com.br/cardapio-de-marmitas-para-a-semana/,https://i.pinimg.com/originals/1d/b2/b1/1db2b19e16428955e8f7b10b8904415c.png,1080,1920,0,2024-04-23
2026-09-29,marmita fitness,218635756906850347,66,28,0,marmitas fitness,s.shopee.com.br,https://s.shopee.com.br/40WQE5WJRW?channel_type=pinterest,https://i.pinimg.com/originals/17/0f/30/170f30064ff284a9176c86f26aa751f3.jpg,1200,2133,0,2026-01-22
2026-09-29,marmita fitness,1131670212655758650,67,2,0,SAÚDE NO PRATO E LUCRO NO BOLSO 🥹,connectdigitalhub.com,https://connectdigitalhub.com/marmitasfitparavc/,https://i.pinimg.com/originals/52/4f/25/524f256ea110b652d816e6b06f57eb8e.png,941,1672,0,2026-09-12
2026-09-29,marmita fitness,218635756907239737,68,37,0,Como economizar no mercado e comer bem todos os dias 🛒,carolcarlosfit.com.br,https://carolcarlosfit.com.br/curso-marmita-fit-congelada,https://i.pinimg.com/originals/21/30/eb/2130ebe0ae5cf4ed40e602453d7c8e48.jpg,735,913,0,2026-05-25
2026-09-29,marmita fitness,120823202499279675,69,77,0,Curso Fit lucrativo: como aprender a fazer marmitas fit - Sacada de mãe,sacadademae.com.br,https://sacadademae.com.br/como-aprender-a-fazer-marmitas-fit/,https://i.pinimg.com/originals/d5/7a/df/d57adfc52671e32bb75967bd5a98d030.jpg,960,1280,0,2025-07-28
2026-09-29,marmita fitness,AXv5bqwZkuDBrPYBWBZNTQRus43IhPUNnDCKOR8Om-VFdL864DuY22ha71T3MuAuSKsWaJ2XQQkwz6gztZrEQOY,70,2,0,​Campbell’s® No-Boil,campbells.com,https://www.campbells.com/recipes/no-boil-cheddar-mac-cheese/?utm_medium=paid%20social&utm_source=Pinterest&utm_campaign=R&W_Mac_and_Cheese_Feed&utm_term=Level%20Up%20Labor%20Day&utm_content=Level%20Up%20Labor%20Day,https://i.pinimg.com/originals/2c/d0/45/2cd045cc0ff2c41485bb827cb0a37d16.jpg,1080,1620,1,2026-09-10
2026-09-29,marmita fitness,40321359162720467,71,134,0,Marmitas da semana,,,https://i.pinimg.com/originals/71/27/7c/71277c794c371c8b804eb8d8e94b2131.jpg,1080,1920,0,2026-01-07
2026-09-29,marmita fitness,1049901731903767001,72,1,0,Como começar um negócio de marmitas fitness em casa,go.hotmart.com,https://go.hotmart.com/Y26404285A?src=pin-Como%20come%C3%A7ar%20um%20neg%C3%B3cio%20de%20marmitas%20fitness%20em%20casa,https://i.pinimg.com/originals/b7/f9/18/b7f9183525ac47e0764669a3671a702b.png,478,848,0,2026-09-14
2026-09-29,marmita fitness,218635756907140952,73,107,0,Fitness | marmita fit | marmitinha | marmitinha fitness |,,,https://i.pinimg.com/originals/bd/bf/dc/bdbfdc6f044686829144693e96894d9f.jpg,1080,1920,0,2026-04-26
2026-09-29,marmita fitness,709035535072843605,74,1212,0,Marmita fit,,,https://i.pinimg.com/originals/32/62/19/326219b9b2e6a48862fe0668cf8a12f1.jpg,1000,1500,0,2020-04-07
2026-09-29,receita barata para o mes,Ae4ApDLHiwFczq-TBIv7vYuJDRTmokm9oGGUj7VVQSKqH3x2AxPuu9vQ0py4-DXXQKNWZPPmfZ6Xkd5yywBom3g,1,0,0,Morning Muffins,cabotcreamery.com,https://cabotcreamery.com/blogs/recipes/lemon-berry-muffins-with-greek-yogurt,https://i.pinimg.com/originals/18/7b/b0/187bb017d3eb787c1dae37ce24bb7d1a.jpg,1080,1920,1,2026-05-05
2026-09-29,receita barata para o mes,622130136014419331,2,62,0,20 Pratos Baratos e Nutritivos para Economizar! - Manga com Pimenta,mangacompimenta.com,https://mangacompimenta.com/2020/03/18/pratos-baratos-e-nutritivos/,https://i.pinimg.com/originals/0f/db/cb/0fdbcb954964350aa74f83a5ad21b102.jpg,236,542,0,2020-04-23
2026-09-29,receita barata para o mes,AS794e197S43Ymh3EmpT4S_w913wiUvwsx1U28Sqg6KrUCT3LJCByPjU_xKr5S1EV0e_ztBHAa2DdlAJcVaviUk,3,2058,0,36 Cheap Dinners That,athleticlift.com,https://athleticlift.com/cheap-dinners-feed-4-under-10-dollars/,https://i.pinimg.com/originals/95/73/af/9573af8f36c25232645c91a99eda0308.png,887,1774,0,2026-06-01
2026-09-29,receita barata para o mes,36662184462865732,4,13,0,#receitas #jantar #simples,receiteria.com.br,https://www.receiteria.com.br/receitas-de-jantar-simples/,https://i.pinimg.com/originals/73/34/26/733426dc6a8771d6b5416842bd7a0248.jpg,345,517,0,2026-07-20
2026-09-29,receita barata para o mes,1015702522216546577,5,2,0,REFEIÇÕES BARATAS E DELICIOSAS PARA ECONOMIZAR,terra.com.br,"https://www.terra.com.br/vida-e-estilo/degusta/7-receitas-faceis-e-baratas-para-o-almoco-de-domingo,cd7ea2a5497e5c7012f3acfb2078b3958kvu1rxw.html",https://i.pinimg.com/originals/06/2d/3a/062d3ac602ea2d647b1dc23e1dd6df3c.png,1000,1500,0,2025-02-22
2026-09-29,receita barata para o mes,AfqjPqAy6UOeczfdg3hhVSlG4GjmzB-YrD0yXqypcSr0PxiIMduS6jQnHRlPoB_R5BPuP0w_iJKP0So1nAvw6PA,6,1738,0,30 Budget Dinner Recipes,stroller-envy.com,https://stroller-envy.com/30-budget-friendly-family-dinners-under-10/,https://i.pinimg.com/originals/fe/a2/7e/fea27e788a36c383993802f7b9ad160e.png,1500,3000,0,2026-02-23
2026-09-29,receita barata para o mes,AQuhKWXQeN0CtfiC1gDWVfrmll5ltXKC0hsMdHBZENWR2YhnhvO3tbAK_tqQPllF2pUwYZlmacGnf6wrSLHCo1I,7,1,0,"26 Cheap, Healthy Dinners",homeviable.com,https://homeviable.com/cheap-healthy-dinners-under-10-dollars/,https://i.pinimg.com/originals/ab/10/0b/ab100b67418f98c19740bd312827eb69.png,887,1774,0,2026-04-27
2026-09-29,receita barata para o mes,648307308852902755,8,121,0,20 receitas de comidas fáceis de fazer e extremamente saborosas,receiteria.com.br,https://www.receiteria.com.br/receitas-de-comidas-faceis-de-fazer/,https://i.pinimg.com/originals/90/c8/bb/90c8bbb5a037bbeac1dd480899c3fcb9.png,800,1200,0,2020-09-18
2026-09-29,receita barata para o mes,AcIGtHsnLPg6ylXC3oByQ1P7e6KNQuzhLz41R6-TCG-0hw6NNOnrkiYzT8dx0VwS0taegfstmSxMKSN6URTyRMs,9,205,0,Extreme Budget Meal Plan,simplelivingmommy.com,https://www.simplelivingmommy.com/broke-week-meal-plan/,https://i.pinimg.com/originals/64/fd/9c/64fd9c77187624144010e9a9fc08156a.png,750,1500,0,2026-08-25
2026-09-29,receita barata para o mes,133630313951447815,10,18,0,30 Receitas para Jantar — Jantar Rápido e Fácil para o Dia a Dia.,receitasnestle.com.br,https://www.receitasnestle.com.br/artigos/receitas-jantar-simples,https://i.pinimg.com/originals/57/85/8d/57858d2460bc1072a9a45597b9f129a8.png,1080,1920,0,2026-02-21
2026-09-29,receita barata para o mes,4785143352512401,11,2045,0,30 IDEIAS DE ALMOÇO,,,https://i.pinimg.com/originals/66/6f/85/666f855c30d67498e0b8fd3b0065b03e.png,1024,1536,0,2026-08-01
2026-09-29,receita barata para o mes,2885187258697877,12,604,0,"Receitas baratas e fáceis como macarrão com atum são ideais para quem busca uma refeição rápida e saborosa. Feita com atum enlatado, essa receita vai te surpreender. Prepare em minutos e compartilhe c",,,https://i.pinimg.com/originals/90/eb/34/90eb341a2712255b5bf9fe8d533f3fe3.jpg,1080,1920,1,2026-07-30
2026-09-29,receita barata para o mes,1970393584670057,13,2159,0,,,,https://i.pinimg.com/originals/c5/e3/e1/c5e3e1d262b8eb9b0c2fa1bf23cea05c.jpg,1080,1920,0,2026-08-28
2026-09-29,receita barata para o mes,70437490645763,14,10299,0,RECEITA RAPIDA E NUTRITIVA,,,https://i.pinimg.com/originals/9a/ab/ec/9aabec56bcca4dc22430e2732c289b53.jpg,720,1280,1,2025-09-25
2026-09-29,receita barata para o mes,14144186326967396,15,7,0,"26 receitas de uma panela só: menos louça, mais sabor",receitasja.com.br,https://www.receitasja.com.br/26-receitas-de-uma-panela-so-menos-louca-mais-sabor/,https://i.pinimg.com/originals/5e/11/56/5e1156de8505c2076fa3cf9ea42acce7.jpg,1000,1500,0,2026-07-04
2026-09-29,receita barata para o mes,5136987071440049,16,239,0,"Durante 7 dias, faça essas refeições.",instagram.com,https://www.instagram.com/p/DaScca_FptI/?img_index=3,https://i.pinimg.com/originals/58/c2/c0/58c2c0fc5dfc6dbf38ccb067bf293b59.jpg,1080,1344,0,2026-09-04
2026-09-29,receita barata para o mes,ATGs2TiLr6pmWAPGOGqBHFr8Aw3K6ixzTamYr8mkxelW5Go73tym5j-IbdiDCXCt7KOQSQH7RmRbBCnrGIbPXYU,17,17205,0,Creamy Ravioli Soup,insanelygoodrecipes.com,https://insanelygoodrecipes.com/creamy-ravioli-soup/?utm_source=convertkit&utm_medium=email&utm_campaign=%E2%9D%A4%EF%B8%8F+Ridiculously+Easy+Recipes+You%E2%80%99ll+Love+-+16083261,https://i.pinimg.com/originals/62/e3/90/62e3906936632435c0f1a07b53d08b75.jpg,1200,1800,0,2025-10-24
2026-09-29,receita barata para o mes,Abv4vmE7r-tJQ4h8BWeFIaPk3cxa3yCfgDon-BsXhue1GBxgUyZPJuzdxDa-tjWqaJVA7NG3DIobIXyXjS0jp0E,18,372,0,21 Powerful High Protein,panfetti.com,https://panfetti.com/cheap-high-protein-meal-prep-ideas/,https://i.pinimg.com/originals/2c/b1/b5/2cb1b5152d8a502f18de0c0ac74cd13c.jpg,736,1472,0,2026-05-13
2026-09-29,receita barata para o mes,2040762329144070,19,15114,0,Todos os dias uma receitinha deliciosa pra vocês 😻 Gostou? Me siga pra mas receitas como essa #saude #gymgirl #viralreels #transformação #receitas,instagram.com,https://www.instagram.com/reel/DRPNUujkcPV/,https://i.pinimg.com/originals/c3/75/ed/c375edebe3020987cabf545c6ebe84e7.jpg,640,1136,1,2026-01-18
2026-09-29,receita barata para o mes,10977592837680281,20,1323,0,"✨ Já pensou em fazer uma ceia linda, deliciosa e sem gastar muito? O e-book Natal na Prática chegou pra facilitar o seu fim de ano! Receitas simples, saborosas e econômicas que encantam a família e de",instagram.com,https://www.instagram.com/reel/DQ9XGH3k865/,https://i.pinimg.com/originals/3f/80/63/3f8063f1ae799169574eaa0d9e2b0a8b.jpg,720,1280,1,2026-05-11
2026-09-29,receita barata para o mes,475129829461479983,21,2,0,10 RECEITAS ECONÔMICAS PARA FAMÍLIAS GRANDES,receitas.globo.com,https://receitas.globo.com/blog/cardapios/10-receitas-faceis-e-praticas-de-comidas-para-as-ferias.ghtml,https://i.pinimg.com/originals/0b/63/a5/0b63a591082eab1729f033d8c1d87890.png,1000,1500,0,2025-12-30
2026-09-29,receita barata para o mes,862298659885395988,22,39,0,Receitas para um jantar econômico: confira a lista do TudoGostoso,blog.tudogostoso.com.br,https://blog.tudogostoso.com.br/dicas-de-cozinha/receitas-para-um-jantar-economico-confira/,https://i.pinimg.com/originals/57/b4/b5/57b4b55792e01233b86aa5e399a7eb00.jpg,289,434,0,2019-05-28
2026-09-29,receita barata para o mes,968766570076232865,23,4,0,"Alguém falou em férias? Uma opção saudável para a criançada consumidor nas férias. E o mais legal, ela pode te ajudar a faer. Uma ótima maneira de envolver a criança. #ferias#feriasescolares#alimentac",instagram.com,https://www.instagram.com/reel/DTQJtRTDSkJ/,https://i.pinimg.com/originals/0f/6a/ce/0f6ace0ce958b71f7c6e33870d1a0226.jpg,640,1136,1,2026-09-10
2026-09-29,receita barata para o mes,AW1Hh6r4ImU7jpd1rkecNOPoUYUs0y2ec-YmISNXm_BcVjfimsX9Dn2LMot0pdz2pjoIORp4yYvFJCXvqo9q4R8,24,1,0,30 Crockpot Recipes Lazy,momscravings.com,https://momscravings.com/crockpot-recipes-lazy-moms-swear-by/,https://i.pinimg.com/originals/74/96/64/749664b158d7dd2f4b0b13ce696c06c6.jpg,887,1774,0,2026-05-01
2026-09-29,receita barata para o mes,6051780746638439,25,985,0,,,,https://i.pinimg.com/originals/ef/62/56/ef6256f4530c2c24032d5e0a754f4b95.jpg,736,1104,0,2026-09-12
2026-09-29,receita barata para o mes,41587996555855338,26,494,0,Todos os dias uma receitinha simples e fácil para vocês ❤️🤌🏻 Gostou? Me siga para mas receitas como essa #saude #gymgirl #viralreels #vidasaudavel #emagrecimento,instagram.com,https://www.instagram.com/reel/DSf2Tg5EVuF/,https://i.pinimg.com/originals/27/96/e5/2796e5645ec7c8e1ccf8dfcd1bb78aef.jpg,640,1136,1,2026-07-31
2026-09-29,receita barata para o mes,1106759677212270749,27,42,0,Bolo de Cenoura Fofinho na Air Fryer | Receita Fácil,,,https://i.pinimg.com/originals/5f/e3/f4/5fe3f41ec9f8af05907c441d3afcb056.png,941,1672,0,2026-09-10
2026-09-29,receita barata para o mes,186899453288375608,28,833,0,"✨ Essa receita é tão simples que até quem nunca cozinhou vai acertar de primeira! 🍴 Resultado cremoso, saboroso e que conquista TODO MUNDO. 📌 Já salva esse vídeo porque você vai querer repetir várias ",instagram.com,https://www.instagram.com/reel/DOG9oZWE2s7/,https://i.pinimg.com/originals/d2/47/d1/d247d11d7abbc5755a106bf3a98fa3d6.jpg,720,1280,1,2026-02-11
2026-09-29,receita barata para o mes,621004236165548139,29,72,0,,facebook.com,https://www.facebook.com/share/19W4XKBo7S/,https://i.pinimg.com/originals/a2/c9/87/a2c9871e474420f9352bde0bb0346aa3.jpg,600,800,0,2026-09-08
2026-09-29,receita barata para o mes,1085437947721563658,30,16,0,Batata Assim Você Nunca Fez! Receita Simples,receitasbaratas.com.br,https://receitasbaratas.com.br/,https://i.pinimg.com/originals/a4/1a/26/a41a26acc7d94042a5d7f6d9feafa267.jpg,1080,1920,1,2026-07-28
2026-09-29,receita barata para o mes,37436240650839363,31,127,0,🥣A Receita Quentinha que Está Conquistando a Internet!,,,https://i.pinimg.com/originals/fe/25/c2/fe25c2f9925a595e1a3b43c3bc48b912.png,1024,1536,0,2026-08-02
2026-09-29,receita barata para o mes,28991991347149570,32,771,0,Receita de arroz temperado calabresa simples: um prato delicioso e rápido,,,https://i.pinimg.com/originals/6d/0d/24/6d0d24737c9c042865f950d10f776397.jpg,1080,1920,1,2026-09-05
2026-09-29,receita barata para o mes,AbULedilUlaIuZSadgek2uMGW8RWrnjC2KsBBLT9fZHRGeP79vSXqgDsKokl8R2JvsKg1b57to8zQn4r4jm1VUg,33,6,0,50 Healthy Dinner Recipes,amazon.com,https://www.amazon.com/50-Healthy-Dinner-Recipes-Home/dp/B0DG4KKTY4?ref_=pinterest_fplfs,https://i.pinimg.com/originals/59/74/49/597449b4a65b20b40d2d330c53871cdf.jpg,1051,1360,0,2026-04-20
2026-09-29,receita barata para o mes,827395762832096119,34,9,0,Receitas que Rendem... e não dão Trabalho!,apitadadopai.com,https://www.apitadadopai.com/receitas-que-rendem/,https://i.pinimg.com/originals/db/d9/ad/dbd9ad96e6927a84f98d4fbc5a22d538.jpg,564,846,0,2024-12-29
2026-09-29,receita barata para o mes,AZSYVfB_Az9QeBmhuqoYkWO9cCPyyikoM1RDAuIsbBuX0FERTCp9YMe7yPaFUCNQ95X8Bs_huXfaeX_CIL4bMDY,35,2,0,After 9-5 Budget Meals:,amazon.com,https://www.amazon.com/After-9-5-Budget-Meals-Weeknights/dp/B0GZK72R92?ref_=pinterest_fplfs,https://i.pinimg.com/originals/21/75/64/217564621fd198f477f7db42a23e988a.jpg,1000,1599,0,2026-08-01
2026-09-29,receita barata para o mes,2181499817106545,36,874,0,,,,https://i.pinimg.com/originals/ee/04/d2/ee04d2f988fb9451558c66c7a6b85a29.jpg,720,1422,0,2026-02-04
2026-09-29,receita barata para o mes,Ad2yK0_RIP-x3hAZzJ-P4lrS-EAz7ASz_Aau5DuUQ7NgiAGsw6qLNG8WsWZpmQnOa0cAra2hjw0QjSzpzRzeVbM,37,7226,0,Coconut Curry Chicken,bonsaimary.com,https://bonsaimary.com/coconut-curry-chicken-crockpot-recipe.html,https://i.pinimg.com/originals/93/b4/ef/93b4efdee2c131fbeff8a76cd462115e.jpg,704,1408,0,2026-02-02
2026-09-29,receita barata para o mes,374361787800671561,38,31,0,Na cozinha da Vovó Dorinha sempre tem uma novidade deliciosa! 👵,s.shopee.com.br,https://s.shopee.com.br/70JpQDro6u?channel_type=pinterest,https://i.pinimg.com/originals/bd/bc/71/bdbc71db83019e65fd2996c59c05cfe6.png,1024,1535,0,2026-09-12
2026-09-29,receita barata para o mes,109423465943629050,39,134,0,"Calabresa com mandioca: receitas jantar, receitas rapidas e fáceis para salvar",,,https://i.pinimg.com/originals/38/78/0e/38780ed9730a5c06ae3f60e5c6bb8619.jpg,1080,1920,1,2026-08-09
2026-09-29,receita barata para o mes,100134791711376301,40,291,0,receita | macarronada,s.shopee.com.br,https://s.shopee.com.br/5q5q2k8yIw?channel_type=pinterest,https://i.pinimg.com/originals/9d/b3/66/9db3667916eeebecf55a15d807abcb3b.jpg,736,1104,0,2026-09-09
2026-09-29,receita barata para o mes,909586455972663253,41,4891,0,"VOCÊS JÁ PENSAREM EM FAZER ? ""BATATA RECHEADA""",,,https://i.pinimg.com/originals/cb/6c/91/cb6c913a24781506cbc39ead7cd7ad58.jpg,375,666,0,2023-04-27
2026-09-29,receita barata para o mes,2111131073850010,42,6127,0,,,,https://i.pinimg.com/originals/12/8e/88/128e88ebf9198067482caa5b39567bd1.jpg,1024,1536,0,2026-06-06
2026-09-29,receita barata para o mes,483081497579034549,43,86,0,,,,https://i.pinimg.com/originals/43/78/d9/4378d957f152cf5c4f5eff184f2ac138.png,1177,1577,0,2026-09-12
2026-09-29,receita barata para o mes,631418810301045548,44,25,0,Jantar pronto em 15 minutos e com aquele sabor de comida que abraça! 😍🍝🌭🧀,supermercadovarandasonline.com.br,https://www.supermercadovarandasonline.com.br/,https://i.pinimg.com/originals/d8/b5/e5/d8b5e56a113b1c12f67b115d9e6142a3.png,576,1024,0,2026-09-14
2026-09-29,receita barata para o mes,899242250597759462,45,11,0,Ementa Semanal Completa |Dicas de planeamento + 8 Receitas Fáceis e Saudáveis,cozinharesaborear.com,https://cozinharesaborear.com/ementa-semanal-completa-receitas-faceis/,https://i.pinimg.com/originals/e2/5a/dc/e25adc452a0dcf8425b6efe315374d31.png,1000,2000,0,2025-01-17
2026-09-29,receita barata para o mes,754564112591745092,46,211,0,Batata frita com cheddar e bacon,,,https://i.pinimg.com/originals/f4/62/d6/f462d6c58cdc77a2b33ea61323cc406c.jpg,635,1128,0,2023-04-13
2026-09-29,receita barata para o mes,734931232999796222,47,9,0,"Se existe uma combinação mais perfeita e reconfortante que macarrão com bacon, eu desconheço! A cremosidade da massa com a crocância e o sabor defumado do bacon é aquele tipo de prato que abraça a alm",instagram.com,https://www.instagram.com/reel/DdCF-46RYVK/,https://i.pinimg.com/originals/3f/f6/71/3ff6713c4ac1943f9549e24b26c742d4.jpg,640,1136,1,2026-09-16
2026-09-29,receita barata para o mes,AYcNYFT1FmhZx_Lq_lHCjEQZ4dR3ipysXx1msPv0AwEBCIkMsXi5_XPA8waZX7Dyk__nHpIbhoKcmjaK7mRqHGw,48,2,0,"28 Days 28 Meals: Quick,",amazon.com,https://www.amazon.com/28-Days-Meals-Quick-Delicious/dp/1092968377?ref_=pinterest_fplfs,https://i.pinimg.com/originals/67/9e/07/679e07999767d498a2cca7eee51ad68d.jpg,1051,1360,0,2026-03-29
2026-09-29,receita barata para o mes,657244139393892008,51,2260,0,Batata e calabresa?😋 Refeição rápida e barata,,,https://i.pinimg.com/originals/45/a2/e8/45a2e88d9522412ef8ca42c2fc300936.jpg,952,1692,0,2023-02-18
2026-09-29,receita barata para o mes,2251868559096847,52,2414,0,ARROZ À GREGA,,,https://i.pinimg.com/originals/9e/6e/b0/9e6eb013596e8b11e8dbb03485e18207.png,1200,2131,0,2026-01-20
2026-09-29,receita barata para o mes,ATwQov8jMRkR8K7DiOWBLH61Z6Jef1x54G0uL5pWUNKTlDFiCtjdK8MeO7HrML8RSnAAKuWRpXERZOxs6_WJniU,53,42,0,Craving a Mango popsicle?,lets.shop,https://lets.shop/1E96/noosa_8oz_paidmedia/,https://i.pinimg.com/originals/12/6b/87/126b87042803e8fcee3c311782513893.jpg,1000,1500,1,2026-08-25
2026-09-29,receita barata para o mes,992551205400712779,54,6,0,Arroz com 3 Pimentões 🌈🍚 | Um Truque Simples Para Deixar o Arroz Muito Mais Saboroso!,,,https://i.pinimg.com/originals/ab/1e/ee/ab1eee2576a5a074b020b030140a6857.png,1024,1536,0,2026-09-09
2026-09-29,receita barata para o mes,797489046559722585,55,2,0,Menu Semanal: Plano de Refeições | agosto 2025 preparar menu para a semana,cozinharesaborear.com,https://cozinharesaborear.com/menu-semanal-plano-de-refeicoes-agosto/,https://i.pinimg.com/originals/85/21/d2/8521d2ad171c1b33ece945ee13037b38.jpg,1000,1500,0,2026-01-27
2026-09-29,receita barata para o mes,1028439264925273616,56,11,0,Com 2 peitos de frango e algumas batatas fiz uma refeição completa,receitason.com,https://receitason.com/jantar-barato-o-que-fazer-com-2-peitos-de-frango-e-batata/,https://i.pinimg.com/originals/1a/b9/c9/1ab9c9b18536473e9433dab38939684f.png,1024,1536,0,2026-06-22
2026-09-29,receita barata para o mes,Ae70thNjH4j3QZIDBNxxlnwK9VNDrT16Ab3AV6f3MIcc5oT8hO2MlP-P29kjU1ps5tgsnbCozT1Easabng6gbpY,57,1,0,Is REESE'S why so many,amazon.com,https://www.amazon.com/stores/page/C742F08D-F14A-4B88-8C82-09911045292F?channel=pinterest-paidsocial,https://i.pinimg.com/originals/cc/8b/94/cc8b94a80d8d4d7b30115e5e17b68b4e.jpg,1000,1500,0,2026-07-31
2026-09-29,receita barata para o mes,ARsn20FPR4vNXoGq_ApEYLX8slqpEdTAucfJRCsovj5GGyUY82ijvzk3FI0Qpbp0Sqte72iDc-u3WTmRrEgjS-M,59,1,0,Hillshire Reserve™ Lunch,shop.mikmak.ai,https://shop.mikmak.ai/social/6a394a3a3b29ed6f193e389e?utm_campaign=hillshirefarm-premiumlunchmeat-plm-fy26-q4-us&utm_source=social-pi-na&utm_medium=reach&utm_term=psk&utm_content=serve-carousel-dynamic,https://i.pinimg.com/originals/b3/f4/3c/b3f43cc0ef09c5868e1b50132151b25b.jpg,1000,1500,0,2026-09-15
2026-09-29,receita barata para o mes,1125968743589416,60,2549,0,Como economizar tempo e dinheiro na cozinha: Almoço Saudável 🥗,,,https://i.pinimg.com/originals/a8/b3/92/a8b392cef573b908cbcb3209e3c137d4.jpg,720,1280,0,2026-04-20
2026-09-29,receita barata para o mes,AZM7uYg3ENgHbyenKPiOtFQ6SCHcLnCUv-pnBjxUhfcusS_E17B_RpJtQifxilq2LgQI8FPbHn3MpPd_soX7Nb4,61,3,0,120 Sheet Disposable,homedepot.com,https://www.homedepot.com/p/LAIFUCAM-120-Sheet-Disposable-White-Butcher-Paper-Food-Grade-Precut-for-Smoking-Cooking-Serving-Meat-Sublimation-QE9X780/341573111?cm_mmc=psoc-pinprg-%7Bcampaignid%7D-%7Badgroupid%7D,https://i.pinimg.com/originals/21/91/b3/2191b39b158f4c438faaa9ad6a6ce30e.jpg,1000,1000,0,2026-05-13
2026-09-29,receita barata para o mes,621074604904046580,62,1,0,DELICIA Fácil e Barata para EMAGRECER,search.app,https://search.app/YfvgJ,https://i.pinimg.com/originals/bb/44/74/bb4474d32e117ed7926babbc526b0f34.jpg,405,720,0,2025-10-23
2026-09-29,receita barata para o mes,703756187961855,63,3168,0,,,,https://i.pinimg.com/originals/6e/cf/57/6ecf572517cbe51e6f5c4fc4c7eee18a.jpg,1080,1920,0,2025-01-26
2026-09-29,receita barata para o mes,28429041392393038,64,33,0,Com R$50 fiz 18 MARMITAS VEGANAS! #shorts,youtube.com,https://youtube.com/shorts/vHeOxyUaQjE?si=Mnm0HR2-KnGW6gEf,https://i.pinimg.com/originals/7e/85/c7/7e85c7490842bbb0adbe20aa16564383.jpg,405,720,0,2024-06-15
2026-09-29,receita barata para o mes,AfFcm5K5Eq2xqfRuVcWSL2rg-LsU3RJckQEDiBrCEGWi71vKGBGJAZTBDqHzhR8fQ3UHT1TrJ5XVJwDU2M_v1I0,65,1,0,Protein Packed Breakfasts,purewesson.com,https://www.purewesson.com/recipe/southwest-veggie-frittata-squares/,https://i.pinimg.com/originals/69/80/fb/6980fb776416105ccb19281cef9bab76.png,1000,1500,0,2026-09-17
2026-09-29,receita barata para o mes,35536284557036502,66,503,0,,,,https://i.pinimg.com/originals/14/07/00/14070063852f6f2e7fe0ab2f4dc7d110.jpg,576,1024,0,2026-09-13
2026-09-29,receita barata para o mes,723742602666763088,67,188,0,,,,https://i.pinimg.com/originals/42/d9/0b/42d90bcde3857587b9c8627635e1e009.jpg,1080,1920,0,2026-09-04
2026-09-29,receita barata para o mes,ATroZS9ykE82zQHlo-PrU_08XS2W4VR3DDKXqsKitVSB8jI7rJiopFxG-ehHtY3S_5EPrmalX-cgQg-zGnuo5mk,68,845,0,Make This 30-Minute,sietefoods.com,https://sietefoods.com/recipes/chicken-fajitas/,https://i.pinimg.com/originals/36/82/b7/3682b7449fdd497b342de141d3aaecc9.png,1000,1501,0,2026-02-25
2026-09-29,receita barata para o mes,4151824653614850,69,2448,0,receita 5 molhos para macarrão,,,https://i.pinimg.com/originals/f4/99/ad/f499ad0bdc01d4846e56471e0d1b5ba2.jpg,1080,1920,0,2026-08-18
2026-09-29,receita barata para o mes,17170042325879095,70,380,0,"✨ Receita saudável, rápida e cheia de sabor — porque se cuidar não precisa ser complicado. Essa é daquelas que salvam o dia: 🥣 Ingredientes simples ⏱️ Pronto em minutos 🌿 Nutre, sustenta e não pesa Pe",instagram.com,https://www.instagram.com/reel/DMkrHj4RjV9/,https://i.pinimg.com/originals/a1/92/33/a19233f0fa3ed45a330f5f6ca37b9d49.jpg,640,1136,1,2026-04-19
2026-09-29,receita barata para o mes,1125968723100348,71,4155,0,Quer o cardapio? Comente EU QUERO e receba o link e descubra como o receitas podem ser saborosas e práticas ao mesmo tempo!,instagram.com,https://www.instagram.com/reel/DFocsTFKw_F/,https://i.pinimg.com/originals/66/5c/25/665c259978dcf2107abc45118335b362.jpg,1080,1920,1,2025-06-12
2026-09-29,receita barata para o mes,774124931200829,72,1715,0,Comente eu quero que te envio o link 🛍 🛒,instagram.com,https://www.instagram.com/reel/DOf7PTTjVFv/,https://i.pinimg.com/originals/ab/08/e6/ab08e6790881194a12b49a4d0f99dc2d.jpg,640,1136,1,2025-10-22
2026-09-29,receita barata para o mes,7036943163923622,73,6098,0,,,,https://i.pinimg.com/originals/ae/f1/5f/aef15f9792efc92c25999816fbfa2a02.jpg,1080,1920,0,2026-08-14
2026-09-29,receita barata para o mes,AQn5AwL73t3caFM8tYUCyoT2c8sc0o2Nf8RFioSEeVX5Vs6M5wJxz8dd0Sq45MN0GsR2ajQwSJNdVlCC6ViyEME,74,57,0,Your Secret Ingredient,grandmasmolasses.com,https://grandmasmolasses.com/locate/,https://i.pinimg.com/originals/f4/0f/56/f40f56ad6bb9575f27042d886d39f6a9.jpg,720,1280,1,2026-07-16
2026-09-29,receita barata para o mes,AQKySTXsnWNPi9xUIuEaxSnNSXGfhrXta1XBHFAzDic75eAVYEH4DwXRDb2WQKXedNn72Ub6lq6RUlTry8r3h00,75,235,0,Start Transformation Now!,quiz.betterme.world,https://quiz.betterme.world/first-page-generated?flow=3068&utm_source=pinterest&utm_medium=organic&utm_content=27_2025-07-11_ira_H-FemaleCutting_K-Remake_CT-29985_Ver-3_pn.jpg,https://i.pinimg.com/originals/d3/95/10/d395106263f85c91ed1a97121c12b0d4.jpg,1080,1920,0,2026-01-31
2026-09-29,receita barata para o mes,1688918607337915,76,406,0,✨ JANTAR RÁPIDO COM 4 INGREDIENTES (SAUDÁVEL E DELICIOSO!) ✨,,,https://i.pinimg.com/originals/8d/b9/e0/8db9e07bd037b0a0252fd74fcd48c839.png,1024,1536,0,2026-05-19
2026-09-29,lanche saudavel,AWUg6PAIQYuDgehpU-Xd3hWEpNApzbMoY8eD3cs4sXu1-tAMx-MjT8Gncyfe8vtY-VxWONfpwDlqUpraL7BjTy8,1,0,0,Ramadan Platter,ediblearrangements.com,https://www.ediblearrangements.com/fruit-gifts/ramadan-platter-7256,https://i.pinimg.com/originals/77/43/62/774362be8f22976695fbdca14ea8b7cb.png,1200,1799,0,2026-08-07
2026-09-29,lanche saudavel,10485011664254486,2,238,0,Wraps de Frango com Abacate e Iogurte Grego 🌯🥑,,,https://i.pinimg.com/originals/10/2d/e6/102de6379f228ee8e20b434f8b3f39a8.png,1024,1820,0,2025-01-15
2026-09-29,lanche saudavel,1900024840228372,3,7433,0,,,,https://i.pinimg.com/originals/00/0d/5c/000d5cb936b23306d9d7a35e6679ca2a.jpg,1080,1920,0,2026-08-21
2026-09-29,lanche saudavel,AW1wToLQzIIwX3VfBzAO98RU8dtieRiKtJNhP4igx2GnU4i3Q9yO51mpTojdWSbufy5FMP2haHALNOnUduHEZzk,4,2,0,​Campbell’s® No-Boil,campbells.com,https://www.campbells.com/recipes/no-boil-cheddar-mac-cheese/?utm_medium=paid%20social&utm_source=Pinterest&utm_campaign=R&W_Mac_and_Cheese_Feed&utm_term=Level%20Up%20Labor%20Day&utm_content=Level%20Up%20Labor%20Day,https://i.pinimg.com/originals/2c/d0/45/2cd045cc0ff2c41485bb827cb0a37d16.jpg,1080,1620,1,2026-09-10
2026-09-29,lanche saudavel,AZDSLUchD4YImyroWJkORkL-PxM-2lIZelHi149SX1WV3yRSkUN4X9CMovCcNCb_AwgMRGnu2VljjR4GlVFkAHU,5,1,0,"Spaghetti & Meatballs,",shop.mikmak.ai,"https://shop.mikmak.ai/social/6a62e2b907d1f66a5d2c4880?utm_source=pinterest&utm_medium=paid_social&utm_campaign=f27_rao's_back_to_routine_search&utm_term=a25+&utm_content=marinara_recipe,_spaghetti_&_meatballs&utm_placement=pinterest_search&utm_marketing_tactic=awareness&utm_format=static",https://i.pinimg.com/originals/17/ca/b5/17cab56e6e5f62f92c54a7f294c4f74c.jpg,1080,1620,0,2026-09-04
2026-09-29,lanche saudavel,1044694444793687848,6,14604,0,LANCHE DE FRANGO,,,https://i.pinimg.com/originals/e5/82/e1/e582e131292edbba3c602d12ee2c30e8.jpg,1080,1920,0,2023-07-05
2026-09-29,lanche saudavel,AeaJLZuazglVYZaTQMVlGWPGAqXcXU0J5WI-0HYlNXeRGIqNZHyEPsMPea017NW486UhBOEYQNRB4rg-DNJVz4Y,7,0,0,Apartment in Emmerich am,vrbo.com,https://www.vrbo.com/search?selected=77829440&catalogRunId=41563,https://i.pinimg.com/originals/c4/34/f6/c434f6c08d98b6874f92038a5deb4322.webp,1000,1500,0,2026-09-01
2026-09-29,lanche saudavel,221520875418423055,8,330,0,Lanchinho que amooo! 💖,,,https://i.pinimg.com/originals/cf/b6/70/cfb67099fec6cd2c27b268521c03a650.jpg,1080,1920,0,2026-08-29
2026-09-29,lanche saudavel,AdPh5ll36WtpftqTg4xE55V8xyoLNN2-GGFqFU3o9Bi6ceNB66OxZNcS7QtO84XRjwK0q4HLaU5DSfTpP7gTDn8,9,1,0,Bake with King Arthur,kingarthurbaking.com,https://www.kingarthurbaking.com/recipes/cinnamon-sugar-crunch-bagels-recipe?utm_source=social&utm_medium=pinterest&utm_campaign=fy27fallbread,https://i.pinimg.com/originals/c7/5c/5a/c75c5a6a980625881a6237086327add1.jpg,1080,1080,0,2026-08-27
2026-09-29,lanche saudavel,1548181183420842,10,1179,0,20 Receitas de lanches saudáveis e fáceis,dicasonline.com,https://www.dicasonline.com/lanches-saudaveis/?utm_medium=org&utm_campaign=ari&utm_source=pin&utm_content=pin_95359,https://i.pinimg.com/originals/40/92/ca/4092ca6cacd79fc8052a538421ac62af.png,1000,1500,0,2025-05-13
2026-09-29,lanche saudavel,503840277085909494,11,48,0,,,,https://i.pinimg.com/originals/18/1f/d2/181fd234d2bc0586e24fbc2030ad0a21.jpg,736,1308,0,2026-06-21
2026-09-29,lanche saudavel,AVaxBy9GGSmqCB_KhFo8m84Cklo-9GMuJaaaAnfU1HgUG1nuItX-l1xj5uTR7ozTvqyeAaA1KOktgYSl1AhXOQc,12,6,0,SunButter Jammies.,sunbutter.com,https://sunbutter.com/pages/where-to-buy,https://i.pinimg.com/originals/b2/55/f2/b255f2d27685d5da7204e663527eabc5.png,900,1600,0,2026-08-12
2026-09-29,lanche saudavel,AVLcVmam8XhI8uIH8L5jPv-xl6SOGaOZXUWnRNlpRqNAQrHLahI7mn0lEtZMh01x5BCW2jBcFKbYagOKf8ruhqg,13,82,0,High Protein Banana,kodiakcakes.com,https://kodiakcakes.com/blogs/recipes/high-protein-banana-walnut-sheet-pan-pancakes?utm_source=Pinterest&utm_medium=Awareness+&utm_campaign=PancakeFALL,https://i.pinimg.com/originals/94/fd/79/94fd799ba6de8c76f6965516f7f5b68c.png,1000,1500,0,2026-07-29
2026-09-29,lanche saudavel,AZjhEKjGsW2bsQJCLmDcdmdLTZBRrFypWu_MinFBPCb-N3Tt2V8wMkqc-sWUeIsMRuxZD1RH-hZlroxpToDGavo,14,0,0,Forest,expedia.com,https://www.expedia.com/Hotel-Search?destination=Burnley&selected=19818333&startDate=2026-09-27&endDate=2026-09-28,https://i.pinimg.com/originals/ce/7a/94/ce7a94f04a0f7cc1989b62af04fe7dc4.jpg,1000,1500,0,2026-08-15
2026-09-29,lanche saudavel,351912467529017,15,17317,0,,,,https://i.pinimg.com/originals/de/9d/59/de9d594e4f25594785223bb6f91f78fe.jpg,736,1308,0,2026-07-24
2026-09-29,lanche saudavel,1136807130978334690,16,1,0,10 lanches rápidos para dias corridos: ideias fáceis,morning-plane-38b.notion.site,https://morning-plane-38b.notion.site/10-lanches-r-pidos-para-dias-corridos-3ce6fcbdd70480e1ae94d50bafddc096,https://i.pinimg.com/originals/95/bc/99/95bc99fce9748237c1c3c5a33a34a993.png,1024,1536,0,2026-09-04
2026-09-29,lanche saudavel,ATAciQr2FRLrGz9WHTpa8tBHAibD8IdrglXqRyFw65K363yUdqYIt2Jokr06dSNrD46TPVh7t4Mci4XK-EP9C7k,17,65,0,Full on tasty breakfast,lets.shop,https://lets.shop/1E96/noosa_8oz_paidmedia/,https://i.pinimg.com/originals/d1/78/4f/d1784f2a93064f086865d699997cda3f.jpg,400,600,0,2024-04-26
2026-09-29,lanche saudavel,125537908358101075,18,62,0,Café da manhã saudável | lanche da tarde saudável | frutas e iogurte,,,https://i.pinimg.com/originals/b7/b9/bc/b7b9bc41a2bb7489220aef026ece67e4.jpg,1080,1920,0,2026-02-06
2026-09-29,lanche saudavel,AVkLxxlvkV9Kz6QeDC5oyAOXeddZj5M9gSfyAalFi8ODJ2bHMtYVHJHd1NdTSTOfx8WFHPCS_I7-6aC7XdjXTCM,19,1,0,More Almonds in Every Bar,instacart.com,https://www.instacart.com/store/brands/cadbury/fruit-and-nut?ic_source=pinterest&ic_medium=paidsocial,https://i.pinimg.com/originals/41/0f/a9/410fa91ac84fc4f3f900ffbb43f31866.jpg,1000,1500,1,2026-09-15
2026-09-29,lanche saudavel,70437491252178,20,8452,0,Lanchinho proteico fácil para semana. Ingredientes: • pão integral • frango desfiado • ricota • tomate • muçalera 🔥 290 kcal | 💪~27g proteína Se você quiser mais informações Clique no link da bio. #re,instagram.com,https://www.instagram.com/reel/DUWBRJqkQbm/,https://i.pinimg.com/originals/af/b0/3c/afb03c76d46f44b27cc1ec1aad16ada9.jpg,640,1136,1,2026-04-09
2026-09-29,lanche saudavel,AZljujY-ss8I22wILrLQ1iT2UatQEUtL6rbs22ORDq5BYS6y9IVYHnvJMPkwZbQvKWHrHMPUr2YLrjWZ7CtrG-o,21,235,0,Start Transformation Now!,quiz.betterme.world,https://quiz.betterme.world/first-page-generated?flow=3068&utm_source=pinterest&utm_medium=organic&utm_content=27_2025-07-11_ira_H-FemaleCutting_K-Remake_CT-29985_Ver-3_pn.jpg,https://i.pinimg.com/originals/d3/95/10/d395106263f85c91ed1a97121c12b0d4.jpg,1080,1920,0,2026-01-31
2026-09-29,lanche saudavel,AW2IkSuh3E1rSpt2oLkPdqx02YkQ8ZDHQq7wBYTxQxIBE1TPFWxOOOZlCBNiP3nMtzHsN0wyeIC_XopwULKGe0M,22,21,0,FixtureDisplays Snow Cone,wayfair.com,https://www.wayfair.com/FixtureDisplays--FixtureDisplays-Snow-Cone-Syrup-877PIT004253-L971-K~FXTU7662.html,https://i.pinimg.com/originals/f8/52/63/f852632a8806d3bbfa7915fcdbe42223.jpg,400,400,0,2026-03-25
2026-09-29,lanche saudavel,17381148557006993,23,25927,0,,,,https://i.pinimg.com/originals/71/33/b5/7133b56cb67f8da3d91612b8a9f20a9c.jpg,736,965,0,2025-02-24
2026-09-29,lanche saudavel,AfoYhGCa-1d2HdZah9ArZzKLjGVG7MjMKZSEVVV7jG1MWVJF11EXxYQHNZ_UoTaf_edVBb8PBMTG-O38fss8qZ4,24,3,0,Chicken Pesto Sandwich,hamiltonbeach.com,https://hamiltonbeach.com/chicken-pesto-sandwich,https://i.pinimg.com/originals/d0/d1/e2/d0d1e2c36e7d063162d71765178bddc6.jpg,1000,1500,0,2026-01-21
2026-09-29,lanche saudavel,AbmHg0m6aOEkHw7oPSRRq5sB2f0Ayv8dLfB03mIqTSzVI3FcKIRAkb3ULnsTDcLdzFI4pFJqLh-asuqFo2OFKLs,25,846,0,14 Quick Lunch Ideas That,stroller-envy.com,https://stroller-envy.com/14-easy-lunch-ideas-that-arent-the-same-turkey-sandwich-again/,https://i.pinimg.com/originals/ab/6c/e8/ab6ce81bca8fa5b440bacf7f1e674727.png,1728,3072,0,2026-06-13
2026-09-29,lanche saudavel,1047509194559942444,26,1062,0,Esfiha saudável 🥰,,,https://i.pinimg.com/originals/4e/f9/68/4ef968b1bd045baf9526ba4a5e563e25.jpg,622,1106,0,2023-06-17
2026-09-29,lanche saudavel,633387444412781,27,3676,0,🌿 Emagrecendo com Sabor: Empadinha Fit de Frango! 🍗✨,sabor-saude.hotmart.host,https://sabor-saude.hotmart.host/sabor-e-saude-95c877d2-9e64-4215-bcd0-a18af5129f18,https://i.pinimg.com/originals/bd/9e/7f/bd9e7f0570ddd47bd78da2e78df654af.png,720,1280,0,2026-03-18
2026-09-29,lanche saudavel,468374430023739402,28,10,0,,,,https://i.pinimg.com/originals/25/5e/b8/255eb8947cfe0b4196da2b67397bb897.jpg,1080,1920,0,2026-09-19
2026-09-29,lanche saudavel,422281212444317,29,6669,0,,,,https://i.pinimg.com/originals/6f/0c/19/6f0c195998ed4afb0dd13a6759ec6208.jpg,1284,2282,0,2026-01-27
2026-09-29,lanche saudavel,AaSytmLDyYfGSmwnSaybDQQQkhBoSZXiPrKDtrTQZp5v0u5_dtNy2xDXH3rx8MLBvYCaErBPBztWrHZykjoZsSw,30,1219,0,Budget High-Protein Lunch,athleticlift.com,https://athleticlift.com/cheap-high-protein-lunches/,https://i.pinimg.com/originals/bc/e7/37/bce73740d809f645f12de18e6be57a1c.png,887,1774,0,2026-06-21
2026-09-29,lanche saudavel,AT5nqWPj1x2w58ffoJaKX5XIgnJUiZj6PAKIUvmdiibXXDhvPsCkBQejoVRXabEXUZYtDWJU7_-tjoGAXMdZP4M,31,1,0,27 High-Protein Lunches,homeviable.com,https://homeviable.com/high-protein-lunches-under-500-calories/,https://i.pinimg.com/originals/a6/c2/6a/a6c26a6d0297f4c7aa199f1eee1237cd.png,887,1774,0,2026-05-15
2026-09-29,lanche saudavel,1548181186522027,32,1801,0,,,,https://i.pinimg.com/originals/84/bf/20/84bf2032b80b7945135b1c58946013ed.jpg,2268,4032,0,2026-02-11
2026-09-29,lanche saudavel,AQ2dwJv5Fn9PYx36J7nQ1Rz6i7QNsuoq1uxVRExMJHQMsc2tOT2QD3DkfX_fTX-husov9_7HD8Sayh-_YctDWkE,33,110848,0,Easy Cheeseburger Soup,insanelygoodrecipes.com,https://insanelygoodrecipes.com/cheeseburger-soup/,https://i.pinimg.com/originals/d2/23/89/d22389569c3cf117e36453f15e0dbe3c.jpg,1200,1800,0,2025-10-05
2026-09-29,lanche saudavel,2392606049429179,34,2326,0,Salgado de Frango Fitines,,,https://i.pinimg.com/originals/98/5c/be/985cbec2526589af984417e96d605653.jpg,720,1280,0,2026-08-22
2026-09-29,lanche saudavel,885098133045208486,35,6,0,"Elevate your lunch game with our Fresh Vegan Sandwich – Colorful, Crunchy, and Nutritious! Layers of crisp veggies, creamy avocado spread, and hearty whole-grain bread come together in every bite. Per",instagram.com,https://www.instagram.com/p/DdLz7tkjvoX/,https://i.pinimg.com/originals/7a/43/56/7a4356c5550b640d161fbdce678c60bb.jpg,1024,1536,0,2026-09-12
2026-09-29,lanche saudavel,AdO0AuKnwyZZ9gjbvoDRc3VDlAArI5ZMWO6ya2_OMNgkT_2ZHivGLZdjqFGV6ztWc6c4liKE0hP0DC8Nurlkj90,36,1,0,Shop Del Monte®,shop.mikmak.ai,https://shop.mikmak.ai/social/6a98a6c06838c5feecc9e3ef,https://i.pinimg.com/originals/de/8a/1b/de8a1be92218e01cdc43b62b211caa69.jpg,1080,1920,1,2026-09-10
2026-09-29,lanche saudavel,1044694444794291301,37,29014,0,SALGADINHO DE FRANGO,,,https://i.pinimg.com/originals/19/bc/77/19bc7724a552991b6eda8b200aa9971d.jpg,1080,1920,0,2023-07-28
2026-09-29,lanche saudavel,1055599908734647,38,5203,0,,,,https://i.pinimg.com/originals/94/63/e9/9463e9a2e89aee3fdd47817db3abb974.jpg,1080,1920,0,2025-09-18
2026-09-29,lanche saudavel,1151232723529953029,39,35,0,Lanches Saudáveis | Alimentação Saudável,s.shopee.com.br,https://s.shopee.com.br/1BMF1rofEp?channel_type=pinterest,https://i.pinimg.com/originals/39/81/87/39818708841db6ad9e2f68519cda5229.png,940,1672,0,2026-09-10
2026-09-29,lanche saudavel,36873290702608522,40,1167,0,,,,https://i.pinimg.com/originals/a6/fb/f2/a6fbf2f6fa726bd0bb55ee9bab811bee.jpg,1080,1920,0,2026-06-24
2026-09-29,lanche saudavel,844493676953683,41,321,0,"BOLINHO DE BRÓCOLIS ! Quer perder de 4 a 6kg com uma dieta gostosa e saudável, com aquilo que você gosta e sem frescura? CLIQUE NO LINK DA BIO ou NOS STORIES! Ingredientes: • 1 brócolis • 1 ovo • 50g ",instagram.com,https://www.instagram.com/reel/DbVqgAJRokH/,https://i.pinimg.com/originals/17/5d/08/175d08f7979aa75f6dc31216ed5b9eb9.jpg,640,1136,1,2026-08-10
2026-09-29,lanche saudavel,7529524373910973,42,849,0,Lanches saudáveis para o dia a dia,,,https://i.pinimg.com/originals/43/77/ba/4377bac26f21f24ff550eef08173bb30.jpg,736,981,0,2026-08-16
2026-09-29,lanche saudavel,AUI5udm_VDtPta5QOcNuSjvPoJVpDtH7gBEHpMS0VZsZx3R_3aDetbZoHaG-K2DU9dw-3BJYB_LaTxJLyXglBCI,43,1,0,Easy Healthy Lunch Ideas:,amazon.com,https://www.amazon.com/Easy-Healthy-Lunch-Ideas-Rejuvenate-ebook/dp/B0F1DGD3V6?ref_=pinterest_fplfs,https://i.pinimg.com/originals/a7/1d/7d/a71d7d8b2157103c7932aae3516d8cfe.jpg,1920,2560,0,2026-09-04
2026-09-29,lanche saudavel,5488830792598554,44,1352,0,Lanche 🥝🍒,,,https://i.pinimg.com/originals/11/29/d2/1129d23a954889dae67159f1b90a4298.jpg,1080,1920,0,2025-10-05
2026-09-29,lanche saudavel,1829656095787210,45,4546,0,Lanche Saudável e Rápido de se fazer!!!,,,https://i.pinimg.com/originals/7f/37/f8/7f37f8298fd1c49b0d95f30d0208fe6f.jpg,1080,1920,0,2026-06-03
2026-09-29,lanche saudavel,4362930884821676,46,8878,0,"Saúde, praticidade e resultados reais 🔥 Combine receitas saudáveis com Puro Slim e sinta a diferença! Conheça nosso ebook com mais de 1000 receitas saudáveis e combine com o nosso encapsulado e potenc",instagram.com,https://www.instagram.com/reel/DPAK4RaEc_k/,https://i.pinimg.com/originals/25/5a/bc/255abc4e18fc479f66e95260e0903160.jpg,640,1136,1,2026-04-17
2026-09-29,lanche saudavel,4081455908261517,47,912,0,,,,https://i.pinimg.com/originals/15/aa/d8/15aad805ab06856a8abf54eaef6bf8d2.jpg,1280,1600,0,2026-08-10
2026-09-29,lanche saudavel,Aelin_ExxvA1leGNDvVzCyBQeEr00lRrktC-TMajlHLlysC84PBU2Cl4tcIDxy1gYVCH6tAJfGLkaXoYJWIsF2w,48,2,0,The Happy Lunch Box,amazon.com,https://www.amazon.com/Happy-Lunch-Box-Johnson-143/dp/B0GCM1W5CV?ref_=pinterest_fplfs,https://i.pinimg.com/originals/d9/4b/ba/d94bba15b43be793344c32b58726aa81.jpg,1000,1499,0,2026-07-08
2026-09-29,lanche saudavel,5770305768060877,49,12415,0,Lanchinho Rápido e saudável,,,https://i.pinimg.com/originals/ff/1c/2d/ff1c2da208dc689b9b161bc1a94fe9d3.jpg,1080,1920,0,2024-08-23
2026-09-29,lanche saudavel,21392166975036062,50,578,0,"Querem mais receitas como essa? Garanta meu ebook com 150 receitas saudáveis + lista de compras + 10 receitas de chás para desinflamar e desinchar+ 10 receitas de sucos detox só R$29,99 , mais barato ",,,https://i.pinimg.com/originals/bb/99/25/bb99250a6bd7b42b7e7d0ef133d97927.jpg,375,666,0,2026-09-09
2026-09-29,lanche saudavel,AY2R9qTFNPFroiq6nldlSanLpQpa87qnylfqDWXRHaeOLNUgE15Hi1j8gLazg8HItwwgeR4zKLYXg_YNZME3VM4,51,1,0,Kroger Delivery keeps,kroger.com,https://www.kroger.com/pr/pickup-delivery-savings-4?cid=soc.pai.pint_convecommdependbluetruckdel_20260422_b:all,https://i.pinimg.com/originals/53/6f/52/536f5258f8c5b83b504df86662ea1e4d.png,1080,1920,0,2026-04-20
2026-09-29,lanche saudavel,1688918605499000,52,4391,0,18/09/2024,,,https://i.pinimg.com/originals/75/d6/ee/75d6ee431afb61d63d28dbeef329df96.jpg,1080,1920,0,2024-10-07
2026-09-29,lanche saudavel,AbiUelz-SGREnE66lQndUQHgD3b_a_98RjFF-UthCptQB_Z4BO0Guiwgk6XAv6cBOnTdUmennVQcJp-o8jzeHgM,53,1,0,Discover recipes worth,tiktok.com,http://tiktok.com/discovermore,https://i.pinimg.com/originals/0a/37/9c/0a379c3ae65c86b3c4fb0c49eb919291.png,1201,1201,0,2026-09-02
2026-09-29,lanche saudavel,AZ_v6WSiA_3p6EKjkEGeAHffq1ZpbyT-FePykUQmX50kpS2-G_2lRtrFSCeMrx6Ov14F38U0kVzCunwaeO9nlyY,54,2,0,Campbell’s® No-Boil,campbells.com,https://www.campbells.com/recipes/no-boil-cheddar-mac-cheese/?utm_medium=paid%20social&utm_source=Pinterest&utm_campaign=R&W_Mac_and_Cheese_Feed&utm_term=Level%20Up%20Pinterest&utm_content=Level%20Up%20Pinterest,https://i.pinimg.com/originals/7e/9f/ae/7e9faecde8481ff9cdca606754146057.png,1080,1620,0,2026-09-10
2026-09-29,lanche saudavel,AW9Nqno0803dId8CEeN3plz9FYfPH-hANVISazuwZ6RIroxIIDiiQj8BncJjUN6HZ2FIacZDz14nUMlSb-DKkkM,55,15,0,Shop Del Monte®,shop.mikmak.ai,https://shop.mikmak.ai/social/6a98b691787b3e723a3b1635,https://i.pinimg.com/originals/55/aa/54/55aa546c2a3d7b517ca3418f60780bed.jpg,1080,1620,0,2026-09-04
2026-09-29,lanche saudavel,1125968743653023,56,4923,0,,,,https://i.pinimg.com/originals/3e/65/06/3e65064b7eca6f87f42922b6d328d28b.png,1320,2322,0,2026-05-16
2026-09-29,lanche saudavel,10344274147328239,57,3187,0,,,,https://i.pinimg.com/originals/a3/54/a9/a354a94716663a26b47a2941ecebe3d5.jpg,513,771,0,2026-01-18
2026-09-29,lanche saudavel,AYclYFgPXKgUz9SNdHMKTwDw9t1PlD_QStMKEIllg7e0gda602fW8cOHpiYVuUf3p2fedYwjLu84pcKqwU6x0BE,58,0,0,"Spaghetti & Meatballs,",shop.mikmak.ai,"https://shop.mikmak.ai/social/6a62e2b907d1f66a5d2c4880?utm_source=pinterest&utm_medium=paid_social&utm_campaign=f27_rao's_back_to_routine_search&utm_term=a25+&utm_content=marinara_recipe,_spaghetti_&_meatballs_15s&utm_placement=pinterest_search&utm_marketing_tactic=awareness&utm_format=video",https://i.pinimg.com/originals/77/36/b9/7736b92b545a31b135229b842db6d360.jpg,1080,1920,1,2026-09-04
2026-09-29,lanche saudavel,1125968651807101,59,4109,0,PÃO DE BRÓCOLIS,,,https://i.pinimg.com/originals/f4/eb/06/f4eb06778e0f44bcaf6075d65f02422a.jpg,1080,1920,0,2024-09-04
2026-09-29,lanche saudavel,31736372372861895,60,496,0,"🌮 Crepe Fit de Frango: a receita proteica, fácil e deliciosa que ajuda no emagrecimento e transforma qualquer jantar saudável em uma refeição completa e muito saborosa! Quem disse que alimentação saud",instagram.com,https://www.instagram.com/reel/DZmxLCdBh7l/,https://i.pinimg.com/originals/ab/15/5b/ab155ba5b57f4dd4c22f005d79c2a289.jpg,640,1136,1,2026-08-07
2026-09-29,lanche saudavel,563018699498510,61,3941,0,Low Carb Dieta e Receitas,facebook.com,https://www.facebook.com/story.php?story_fbid=pfbid0quLZc7aA9U24mVL5y96sWxyFPUuKRX9MAh9t1vJyaxMCbo791viCBNDJWvJMAVxnl&id=100065213631966&sfns=mo,https://i.pinimg.com/originals/c1/d3/22/c1d322bd1ce5a3b466b7a9b0ff12dd57.jpg,600,900,0,2026-02-22
2026-09-29,lanche saudavel,AVO63pBbqw4bcBeWksaY4lYoFWf9y-FhCMJoisB0xSv7JTUM1UnAg3SyeNLfaI-y1dFqkVPxb4Xy1ezUbImMCzM,62,1,0,Star Toast with Organic,click2cart.com,https://click2cart.com/3104000w?utm_source=pinterest&utm_medium=paidsocial&utm_campaign=organic&utm_content=carousel_-_multiple_frames_-_limited_placement_typesstartoasthealthyorganic2x3,https://i.pinimg.com/originals/f0/e3/81/f0e381092b89222cf6ab3b24250c3ff5.jpg,1000,1500,0,2025-12-18
2026-09-29,lanche saudavel,950048483875788118,63,35013,0,Bolinho de Cenoura| Petisco Saudável| Lanche Fácil| Dieta Fácil,,,https://i.pinimg.com/originals/75/74/2d/75742dd4fba51a52c03ee67e52b146fd.jpg,720,1280,1,2023-09-27
2026-09-29,lanche saudavel,1121185269720452988,64,124,0,"Tortinha de morango saudável na air fryer, sem açúcar 🍓",receitaspraticasfit.com.br,https://receitaspraticasfit.com.br/?src=pin-tortinha,https://i.pinimg.com/originals/80/da/98/80da984ecef6ceec74bc4d7c7360a245.jpg,1080,1920,0,2024-02-02
2026-09-29,lanche saudavel,AUDQx_6bAiVdFbS5ocir5jkB5mC7BenwczfMKEA4ClYOh1efFAYbEoc1qKTmk2Pz_9ZDbyhfZ6hQQpRnUXH9iZI,65,1,0,Everyday Bread made with,kingarthurbaking.com,https://www.kingarthurbaking.com/recipes/everyday-bread-recipe?utm_source=social&utm_medium=pinterest&utm_campaign=fy27fallwholegrains,https://i.pinimg.com/originals/1d/a9/23/1da92329e64a595453f4479d447e0cb6.jpg,1080,1080,0,2026-08-20
2026-09-29,lanche saudavel,Afg3PwbA3pnkvDTpWwoBwV-hq9Yfcp5EBXGk9PlMsRpcPARrS37-BEVUh-7RbYOvk_9uuh9FSvqkLA6beY8d-IE,66,1,0,Is REESE'S why so many,amazon.com,https://www.amazon.com/stores/page/C742F08D-F14A-4B88-8C82-09911045292F?channel=pinterest-paidsocial,https://i.pinimg.com/originals/cc/8b/94/cc8b94a80d8d4d7b30115e5e17b68b4e.jpg,1000,1500,0,2026-07-31
2026-09-29,lanche saudavel,AYa9OHLYfkez4UnEcSCAG_c0hLzJMpo-LWrc5E5xgP5mxW_EM-TdC7zOeVm7rjiivE7dhA-hxb2aMvY9wMB55Hg,67,0,0,Fresh Summer Fruit Board,ediblearrangements.com,https://www.ediblearrangements.com/fruit-gifts/fresh-summer-fruit-board-9131,https://i.pinimg.com/originals/34/b3/f5/34b3f5f92b823f64cbf8540f105610ab.png,1200,1800,0,2026-08-07
2026-09-29,lanche saudavel,1136807130978785642,68,2,0,Sanduíche rápido de ovo em 8 minutos,morning-plane-38b.notion.site,https://morning-plane-38b.notion.site/Alimenta-o-Pr-tica-3bb6fcbdd70480b1b99ef9894ff08b4c?pvs=143,https://i.pinimg.com/originals/e0/46/b1/e046b17249c1132d76928c0c5d41e2e8.png,1024,1536,0,2026-09-10
2026-09-29,lanche saudavel,ATbTH5pMU6H_kfDd9YgZMQi8sVMKuy3J61K0jsuPZNbpipk1T5Zfo-UIgKdd1QHeYCaNYEShw7HdY1edEO0Wn7c,69,5,0,SunButter Jammies.,sunbutter.com,https://sunbutter.com/pages/where-to-buy,https://i.pinimg.com/originals/c1/b0/f9/c1b0f9e94c0c4da71a7631a4db3c2180.png,900,1600,0,2026-08-12
2026-09-29,lanche saudavel,8373949304468743,70,2173,0,(1) Pãezinhos de Cenoura e Grão-de-Bico 😋🫓... - Low Carb Dieta e Receitas | Facebook,facebook.com,https://www.facebook.com/story.php?story_fbid=1152864490230661&id=100065213631966,https://i.pinimg.com/originals/d1/ce/a4/d1cea4ddc55e3a4524954fc71b6593f8.jpg,1024,1536,0,2026-09-02
2026-09-29,lanche saudavel,5629568280420777,71,1018,0,Como fazer bolinho de milho salgado fácil,receitason.com,https://receitason.com/bolinho-de-milho-salgado-que-minha-vozinha-costumava-fazer-na-roca-4/,https://i.pinimg.com/originals/63/e6/6b/63e66bd9f1dc93a1465c70f4d41bfdbe.jpg,736,1104,0,2026-04-22
2026-09-29,lanche saudavel,Aa8ZpYsNalrFGpK4uMULotv4C83wdj-f6tSO4611emzt1BnkMEvObekGlg7qKqkbP52bsJDAIIYuZjNfw390EyQ,72,1,0,Aura Hotel Saulgrub,hotels.com,https://www.hotels.com/Hotel-Search?destination=Saulgrub&selected=105693297&startDate=2026-10-11&endDate=2026-10-12&catalogRunId=41498,https://i.pinimg.com/originals/a0/80/c6/a080c6264a0e112cb6874d539c806362.jpg,1000,1500,0,2026-08-28
2026-09-29,lanche saudavel,Ac89waTeerhUpWPzadw956BsoxMAkWY3n56HqJFASCNZFTJLXhT4WH1PeNbWcGvciah0THybp1hI_30t_7q76OI,73,42,0,Craving a Mango popsicle?,lets.shop,https://lets.shop/1E96/noosa_8oz_paidmedia/,https://i.pinimg.com/originals/12/6b/87/126b87042803e8fcee3c311782513893.jpg,1000,1500,1,2026-08-25
2026-09-29,lanche saudavel,771874823684219457,74,5,0,,,,https://i.pinimg.com/originals/56/44/03/564403a53d4ee45f94c769db51c0a326.webp,1080,1920,0,2026-08-24
2026-09-29,lanche saudavel,10133167907352350,75,1137,0,,facebook.com,https://www.facebook.com/share/p/14VXaLcKVJB/,https://i.pinimg.com/originals/1f/cd/4d/1fcd4d65c75155d778b105962bd05115.jpg,345,517,0,2026-09-03
2026-09-29,bolo caseiro simples,ATFdfZN18WOZWEpksrdzjNdAUteYRnoaM6kdhi-XPes_1hyUADoj-qumjbLh97LimdtBkq2yRMMgL0gYJ16KIx0,1,0,0,1-800-Flowers Birthday,1800flowers.com,https://1800flowers.com/celebrate-birthday-cake-birthday-berries-192936,https://i.pinimg.com/originals/56/3e/69/563e691d99f6ff1593f822c5e8c65cc8.png,1200,1800,0,2025-10-22
2026-09-29,bolo caseiro simples,1049198044413892487,2,16,0,bolo caseiro simples 4xicaras,,,https://i.pinimg.com/originals/5b/1a/c3/5b1ac3155a536d7b5b06b2fc3639a4b7.jpg,576,1024,0,2022-09-03
2026-09-29,bolo caseiro simples,Afah2_bu3kDV4_mL7DLK59HbuEowDwAsFihpsilbdxF4AUoYPKV91SjaKsxbrHz-yf7Gh3TBlsNrozQ1FfZB8AM,3,0,0,Full of Fun Vanilla Cake,ediblearrangements.com,https://www.ediblearrangements.com/fruit-gifts/full-of-fun-vanilla-cake-9810,https://i.pinimg.com/originals/b0/00/49/b00049dc7047e9d8ab23f79acf34d736.jpg,1248,1824,0,2026-08-07
2026-09-29,bolo caseiro simples,AW-ste2swOMbTUKvwITsgqfMee7hujT_9lC55nsglF5oZqLk8VGe0iLKfbx1ap8O9TZ-hl0hTURLHjeoR2NXfgk,4,1,0,Pumpkin Espresso Bundt,kingarthurbaking.com,https://www.kingarthurbaking.com/recipes/pumpkin-espresso-bundt-cake-recipe?utm_source=social&utm_medium=pinterest&utm_campaign=fy27fallwholegrains,https://i.pinimg.com/originals/04/1c/78/041c783df8e8d9a75e7fe52be6cd2ca8.jpg,1080,1080,0,2026-08-20
2026-09-29,bolo caseiro simples,AaerL2Kei13bcQhew-129of6OsLbaKN_uCm_BlgEy01LYauxB9bmQNAzWkImw5ffxJleLVO3w5CEhoQccSBFAB8,5,1,0,Birthday Bundts Fill,nothingbundtcakes.com,https://www.nothingbundtcakes.com/occasions/birthdays/?utm_source=pinterest&utm_medium=paidsocial&utm_campaign=purchasedynamic&ad_id=%7Badid%7D,https://i.pinimg.com/originals/a9/3c/b1/a93cb18a8cba4c38c2af5886882b4b4d.png,1000,1500,0,2026-08-19
2026-09-29,bolo caseiro simples,275071489735441631,6,141,0,"Bolo Simples / Bolo caseiro, macio e muito saboroso.",,,https://i.pinimg.com/originals/bd/8a/d9/bd8ad97e6da0ef2a89c68553219e01b2.jpg,1080,1920,0,2023-04-01
2026-09-29,bolo caseiro simples,676173331572342784,7,3,0,"Bolo Simples Caseiro, Fofinho e Rápido: Receita Infalível para Seu Melhor Doce",sabornamesa.com.br,https://www.sabornamesa.com.br/bolos/bolo-simples-fofinho-e-rapido,https://i.pinimg.com/originals/fb/1c/13/fb1c138568d59e11c16ad8a4a35c6112.jpg,600,900,0,2022-11-06
2026-09-29,bolo caseiro simples,AUdNA3M79J9qdPOxS3n4k6ssqPdTTjc3yZLj9k5IE8kAdVze5L1TypC-yf3lFIgE2qzFrRuHlOxrzqt5lIYduoY,8,207,0,An Easy Cake Recipe for,thismessisours.com,https://thismessisours.com/easy-cake-recipe/?referrer=slick-on-page,https://i.pinimg.com/originals/6f/4c/32/6f4c320d50dc345e5075724ab6101f42.jpg,1200,1800,0,2026-08-17
2026-09-29,bolo caseiro simples,AbtCG49myO927CYbhDUvP_uWeC-D8OVUzTfvL5Le19-wkJJftcGdYYgpwufsfImZaE87iu2seh-EeBrvzI2uZTw,9,2454,0,Pumpkin Sour Cream Coffee,usa.fage,https://usa.fage/recipes/sour-cream/pumpkin-sour-cream-coffee-cake,https://i.pinimg.com/originals/8c/df/68/8cdf6833550b924acb469e8401f3bbcc.jpg,1080,1920,1,2026-09-21
2026-09-29,bolo caseiro simples,Afb_OQoENaOGHau2K5NPfgC21gHGQmVxfTlSVb8hrEl3NoHod1NnSN307mynOxqzgwZMq75Al4CD70-Bos0ZbC0,10,1363,0,15 Small-Batch Cakes &,stroller-envy.com,https://stroller-envy.com/15-mini-cake-recipes-for-the-weeks-you-want-dessert-without-a-9x13/,https://i.pinimg.com/originals/b7/27/bc/b727bc149379432985296997fa9227bd.png,1728,3072,0,2026-06-15
2026-09-29,bolo caseiro simples,269301252719969399,11,77,0,"BOLO FESTA - Bolo de antigamente, simples e delicioso! Fácil de fazer! Com cobertura de glacê!!!",youtube.com,https://youtube.com/watch?v=-LKqZ458itA&si=W1EIG5WBlvjKvCLj,https://i.pinimg.com/originals/24/14/08/2414083159ebbbd0423f7c3d62014572.jpg,1280,720,0,2025-11-25
2026-09-29,bolo caseiro simples,1098245059160245528,12,2,0,Receita Fácil: Bolo Caseiro de Iogurte,pankyreceitas.blogspot.com,https://pankyreceitas.blogspot.com/2026/01/receita-facil-bolo-caseiro-de-iogurte.html,https://i.pinimg.com/originals/f5/4d/3f/f54d3fdf1ca1cc01e07b478489bf6400.png,1200,675,0,2026-07-07
2026-09-29,bolo caseiro simples,AdKTRfcOjZW7PRiX9j0kombvzACN4IyCX1YEwnEBVzOXG0RvhAMzpxljG8g19R-D7j_aokEbjSY1lQOxRbv83SU,13,2,0,Loaf Cake Recipes: Easy,amazon.com,https://www.amazon.com/Loaf-Cake-Recipes-Easy/dp/B0DRT7KK4B?ref_=pinterest_fplfs,https://i.pinimg.com/originals/fe/b4/33/feb43370f08657f74b3e61647a8527d1.jpg,1000,1422,0,2026-04-17
2026-09-29,bolo caseiro simples,44895327535622535,14,210,0,"Aprenda a fazer o legítimo bolo caseiro simples com uma massa nuvem incrivelmente fofinha e úmida. Feita com ingredientes básicos que você tem na despensa, esta receita afetiva e tradicional traz o ve",misterminos.com,https://misterminos.com/bolo-caseiro-simples-massa-nuvem/,https://i.pinimg.com/originals/99/b5/84/99b58436e63a1a3e3468324152451376.jpg,526,701,0,2026-07-05
2026-09-29,bolo caseiro simples,Acg0Yl2Tvo3n5hbFyJYEqQpOXNQt9JntDwZ8RJFtK0R9wUhTrX5yyDTvRE8zHBGGmWQXJ0rEZPYZwO99Dc54o00,15,4994,0,The Best Carrot Cake,northcoast.organic,https://www.northcoast.organic/carrot-cake-recipe/,https://i.pinimg.com/originals/ad/99/40/ad99404fd7a93d756b95d1782c94ef56.png,1000,1500,0,2024-09-03
2026-09-29,bolo caseiro simples,AZfUkvuw3HB4oS7BrYt5BcJK7VNXCHJw2XYn3ORZ66gbReHwo42Or-EFcVNNjbt4pPvda5sEqeBDizp9u9X4gg8,16,1,0,Gluten Free Birthday,shop.gfjules.com,https://shop.gfjules.com/collections/mixes/products/gfjules-gluten-free-cake-mix,https://i.pinimg.com/originals/8e/0c/cf/8e0ccfb8fbab50c4b01d4043184ee95f.png,1000,1500,0,2026-02-18
2026-09-29,bolo caseiro simples,910712355917835972,17,6,0,Bolo Caseiro que Abraça,,,https://i.pinimg.com/originals/77/c7/e5/77c7e59ec387a0feb7d00113378fac52.png,1024,1536,0,2026-07-06
2026-09-29,bolo caseiro simples,406801778858205266,18,46,0,Bolo caseiro fofinho de Fubá,,,https://i.pinimg.com/originals/18/d4/8d/18d48d501fcd5486685568afd9b5c989.jpg,736,1308,1,2023-09-29
2026-09-29,bolo caseiro simples,AakXjpTHW92UN0l0h2sTl8SuO_ZxoyeA5cTfEWVecTigY1Dsl7F1HMBuAIJcRZAuSym-HxU0UIkT0VTg9kAaAmU,19,112,0,Pound Cake Perfection: 98,amazon.com,https://www.amazon.com/Pound-Cake-Perfection-Simple-Recipes/dp/B0CM31X3HH?ref_=pinterest_fplfs,https://i.pinimg.com/originals/6b/88/1e/6b881e7128c7dae4c67da9634cffa45e.jpg,1000,1499,0,2026-05-13
2026-09-29,bolo caseiro simples,285978645083672293,20,75,0,Esse bolo caseiro fácil virou o favorito da minha família . Para mais receita acessar o link azul da nossa bio. #boloscaseiros #bolinhofofo,instagram.com,https://www.instagram.com/p/DYj-j6QDaLF/,https://i.pinimg.com/originals/35/3e/9e/353e9e40470a138be855c3faf537307d.jpg,1086,1448,0,2026-06-30
2026-09-29,bolo caseiro simples,AdH2wpORvarjQwXZ7sGNdDyhh9biKO_fSDWRp1Xow_Ix6FDUIfCsE6Eku6q9lLkvSg52TFUjFSUJUfzmGOblPfQ,21,1,0,Hahn's Bakery 20-Slice,webstaurantstore.com,https://www.webstaurantstore.com/hahns-bakery-20-cut-caramel-apple-german-crumb-cake-half-sheet-11-lb-case/108HAHAPH20.html,https://i.pinimg.com/originals/24/05/6d/24056db0b01c10777b1d2bc17b5f5176.jpg,1000,1000,0,2025-09-30
2026-09-29,bolo caseiro simples,713257659760800535,22,473,0,Em 4 minutos com 2 ovos você faz um BOLO MELHOR QUE O COMPRADO |Bolo caseiro simples e fofinho,youtube.com,https://youtube.com/watch?v=L6eU1SI70yE&si=Je37EiCeQuTNITfh,https://i.pinimg.com/originals/d5/90/09/d590094c8438320709ea29a0a84b3d78.jpg,1280,720,0,2024-01-14
2026-09-29,bolo caseiro simples,AW2CO88I6ImYbXLWo2Ihx6U-lUo7vjxYZrv1ozhuKs-BzPlvBNJTKNFS5bxIP-aOfwrRDf_d0vr6qo7me0sDCnw,23,1,0,Cocina Pastelería y,amazon.com,https://www.amazon.com/Cocina-Pasteler%C3%ADa-Reposter%C3%ADa-Recetas-Cupcakes/dp/B08NWQZR1Z?ref_=pinterest_fplfs,https://i.pinimg.com/originals/37/dd/93/37dd9328242a0121d1952b66165a7036.jpg,1000,1500,0,2025-10-20
2026-09-29,bolo caseiro simples,AQ0VwtFWZid2uw8_OyspsPU061_zuQ_16LcyZUjUIcGUrDvPwE2ivDmdicVgPewYDe3izGLbAosv-rVJW84Pufk,24,28,0,Calling all strawberry lov'rs! 📣🍓 This Strawberry Shortcake Cake is the summer dessert for you 🍰 Enjoy with a chilled pitaya berry nect'r for the perfect refreshment! Find the full recipe at the link ,instagram.com,https://www.instagram.com/reel/DL8Qy6-yKKB/,https://i.pinimg.com/originals/29/08/dd/2908dd9576e808109b6659cbe1d1e243.jpg,1080,1920,1,2025-07-11
2026-09-29,bolo caseiro simples,AcDKVQ_V8M_xcNPx4afJ73zprqiPx6y_Bg34bHhFKfadyRvFhZpBh05JdnOzG4kdDSaPTKWg8fbQDucJxAF4O_w,25,1,0,Easy Crockpot Lava Cake,couponcravings.com,https://couponcravings.com/crockpot-lava-cake-dessert-recipe/,https://i.pinimg.com/originals/eb/10/e6/eb10e6b5734cfc7be03d2815cf3cf8f4.jpg,1000,2000,0,2026-04-29
2026-09-29,bolo caseiro simples,33354853484896428,26,947,0,Bolo de fubá fofinho,,,https://i.pinimg.com/originals/a4/33/36/a433362e2d98a99a1c5194dbc0a2e4a1.jpg,1080,1920,0,2025-05-07
2026-09-29,bolo caseiro simples,394839092353887895,27,6,0,Bolo Simples confira essa receita deliciosa,receitasdepesos.com.br,https://www.receitasdepesos.com.br/bolo-simples-confira-essa-receita-deliciosa.html,https://i.pinimg.com/originals/5c/6d/98/5c6d9890761ebc29a73e482520218cea.jpg,474,710,0,2026-06-20
2026-09-29,bolo caseiro simples,14144186326380002,28,86,0,Bolo simples rápido para o café: pronto em poucos minutos!,receitason.com,https://receitason.com/como-fazer-bolo-simples-rapido-para-o-cafe/,https://i.pinimg.com/originals/0e/78/5a/0e785a7751ad46eaab447a6f7fdfcaf1.jpg,736,1104,0,2025-12-03
2026-09-29,bolo caseiro simples,119204721383375571,29,3,0,Segredo de VÓ BOLO SIMPLES FOFOFINHO e Molhadinho! Bolo Caseiro FÁCIL e Gostoso!,youtube.com,https://youtube.com/watch?v=tbQ8S1uKwzY&si=k8nc5ZkNrpphBiZ6,https://i.pinimg.com/originals/56/24/cb/5624cb8740f8be21269aee9a11246d8e.jpg,1280,720,0,2026-04-10
2026-09-29,bolo caseiro simples,534309943303610242,30,291,0,BOLO SEM LEITE MAIS MACIO E FOFINHO DO MUNDO! FIZ NO LIQUIDIFICADOR! BOLO CASEIRO SIMPLES E BARATO,youtube.com,https://www.youtube.com/watch?v=CzcUm_kxbmM,https://i.pinimg.com/originals/8b/0c/09/8b0c0975f7140656de38a2e06dea6464.jpg,480,360,0,2022-10-12
2026-09-29,bolo caseiro simples,1057220081256394563,31,1934,0,Bolo Caseiro 5 copos,instagram.com,https://www.instagram.com/dicasereceitasdoces_11/?next=/,https://i.pinimg.com/originals/e7/ee/4e/e7ee4ebfb2a06e9c89705260667d192e.jpg,375,666,0,2023-05-23
2026-09-29,bolo caseiro simples,21955116930577595,32,28,0,"Se você ama um bolinho caseiro quentinho, esse bolo de queijo simples vai ganhar seu coração! 😍 Super fácil de fazer, fofinho por dentro e com aquele gostinho irresistível de café da tarde ☕✨ Essa rec",instagram.com,https://www.instagram.com/reel/DaQuCtEPl5a/,https://i.pinimg.com/originals/81/b4/c7/81b4c764a6e8a0fbd4742386054be683.jpg,540,960,1,2026-08-13
2026-09-29,bolo caseiro simples,306878162132103998,33,15,0,"Aprenda como fazer um bolo simples no liquidificador, super fácil, rápido e fofinho! 🍰 Essa receita é perfeita pra quem quer um bolo caseiro delicioso sem complicação, usando ingredientes que você já ",instagram.com,https://www.instagram.com/reel/DU1P1NokWpL/,https://i.pinimg.com/originals/b3/1e/c5/b31ec511f7bd90a039ece6753a65dcc4.jpg,540,960,1,2026-09-04
2026-09-29,bolo caseiro simples,ATL0QuA_tRt1WEfL-4I9hcb-XRZGkiILTDDKLCeOWXFL7gPsnMDCV1K0IuV2pBmEjZXW-qZmTJZzidLs061EiiM,34,0,0,(2 Pack)Dianne's,walmart.com,https://www.walmart.com/ip/2-Pack-Dianne-s-Grandmother-s-Carrot-Cake-4-5-Lbs/575352613?wmlspartner=wlpa&selectedSellerId=101024184,https://i.pinimg.com/originals/1d/74/e9/1d74e92dcfb58ed9385b6c707a54d53c.jpg,1060,1060,0,2026-09-26
2026-09-29,bolo caseiro simples,90705379991474489,35,239,0,Bolo Simples da vovó 🎂😋 Ingredientes: 1 xícara(chá) de leite morno 1 ½ xícaras(chá) de açúcar 2 xícaras(chá) de farinha de trigo 2 colheres(sopa) cheias de manteiga ou margarina 1 colher(sopa) de ferm,instagram.com,https://www.instagram.com/p/DWHKhxXjdSY/,https://i.pinimg.com/originals/15/17/33/15173351f0b859629e91fa8bee257342.jpg,1080,1439,0,2026-05-05
2026-09-29,bolo caseiro simples,703756187867513,36,9598,0,Olha esse Bolo Simples super fofinho e econômico 🥰,,,https://i.pinimg.com/originals/4c/d8/f6/4cd8f6326b157c751f84b20ab4e4fd0f.jpg,576,1024,1,2024-12-31
2026-09-29,bolo caseiro simples,23503229297709665,37,2584,0,,receitatodahora.com.br,https://receitatodahora.com.br/bolo-tipo-pullman-caseiro-muito-simples-e-pratico-perfeito-para-o-seu-cafe-ou-lanche-da-tarde/,https://i.pinimg.com/originals/da/ae/85/daae8502db9d223d890b9c50b3c76552.jpg,1201,801,0,2022-12-17
2026-09-29,bolo caseiro simples,1026468940078681934,38,1,0,✨ Receita Fácil de Bolo de Laranja Caseiro!,unidadedoscomercios.com.br,https://unidadedoscomercios.com.br/artigo.php?codigo_art=91,https://i.pinimg.com/originals/43/39/95/433995976aa4a8f566afb94a54b7e4e0.png,832,1248,0,2025-08-25
2026-09-29,bolo caseiro simples,10485011674181712,39,454,0,Bolo verdadeiro de vó: aquele bolo simples e com gostinho de infância,receitatodahora.com.br,https://receitatodahora.com.br/bolo-verdadeiro-de-vo-aquele-bolo-simples-e-com-gostinho-de-infancia/,https://i.pinimg.com/originals/7f/27/7c/7f277cbf1218d2a700106257e9857a2a.webp,1201,800,0,2026-03-07
2026-09-29,bolo caseiro simples,22447698139099283,40,489,0,Bolo de Canela fofinho e cheio de sabor!,tiktok.com,http://www.tiktok.com/@sabordatardereceitas,https://i.pinimg.com/originals/f9/11/52/f91152f71251a41d15e61368c69552ab.jpg,1024,1536,0,2026-04-05
2026-09-29,bolo caseiro simples,125960120822203794,41,156,0,Receitas Gostosas - BOLO DA VOVÓ - Simples e Deliciosa 😋,linktr.ee,https://linktr.ee/ideiasvencedoras2024,https://i.pinimg.com/originals/2f/0b/3c/2f0b3c632d10ddd442467a01f88a6afb.jpg,720,1280,0,2024-07-08
2026-09-29,bolo caseiro simples,348395721196596352,42,11,0,,facebook.com,https://www.facebook.com/share/1CUCNyKZDJ/,https://i.pinimg.com/originals/e7/df/77/e7df77fd61ec9e52b4a8d260450cb501.jpg,600,800,0,2026-07-19
2026-09-29,bolo caseiro simples,710583647479148094,43,924,0,bolo tradicional de trigo simples e saboroso,,,https://i.pinimg.com/originals/57/fd/52/57fd52d499654799bc725433bfa82977.jpg,575,1022,0,2023-04-11
2026-09-29,bolo caseiro simples,440719513532549217,44,279,0,Bolo simples,tudogostoso.com.br,https://www.tudogostoso.com.br/receita/29124-bolo-simples.html,https://i.pinimg.com/originals/36/95/4c/36954ccc90d06e875ed7ac7556c7ce48.png,735,1502,0,2018-11-09
2026-09-29,bolo caseiro simples,1126814769287126481,45,4,0,Bolo simples de trigo da vovó: fica pronto rapidinho para você receber suas visitas,search.app,https://search.app/6CoFEBAEYbKYkcXv8,https://i.pinimg.com/originals/4c/3f/0e/4c3f0efb2fb2d97223cf7b8f99aeccf7.jpg,1200,800,0,2025-02-14
2026-09-29,bolo caseiro simples,75505731281120484,46,233,0,"🍊 Bolo Simples de Laranja | Fofinho, Caseiro e Fácil",link.amazon,https://link.amazon/B0137OKqv,https://i.pinimg.com/originals/db/53/cd/db53cdb57671a30551aace3997eef955.png,1024,1536,0,2026-09-06
2026-09-29,bolo caseiro simples,25614291624324061,47,6,0,Bolo caseiro,,,https://i.pinimg.com/originals/e6/08/1a/e6081a6269c2848f483adba23704cff5.jpg,1080,1920,0,2024-09-29
2026-09-29,bolo caseiro simples,6333255725165121,48,328,0,,,,https://i.pinimg.com/originals/ac/ca/1b/acca1b3cea6b2014450c629b8a373e83.jpg,1181,1331,0,2026-06-20
2026-09-29,bolo caseiro simples,AYWWYZz8CLwnYxWrxWnFB78gpvawqNQVYFm9EaELPDKFphfDoZEzwibjjV19gAL9imbQD_pze2FV4M8ng-dhlhY,49,0,0,Traditional Chocolate,amazon.com,https://www.amazon.com/Traditional-Chocolate-Chip-Coffee-Cake/dp/B0BW3SS43K?ref_=pinterest_fplfs,https://i.pinimg.com/originals/14/1e/17/141e173a1fbaa56565bb498c2fb85a4a.jpg,1149,1203,0,2026-05-18
2026-09-29,bolo caseiro simples,AVHkEtHXdr0gdxXHgVI6N039o16AgaQ5T0_uY3LgaDQJHJUQq6s-a596g2jxmdCQJMl78x0cncUGpFpEF-VfcqA,51,1,0,Easy Gluten-Free Lava,amazon.com,https://www.amazon.com/dp/B00OZENTBE,https://i.pinimg.com/originals/9b/45/3a/9b453a151f21fb67ea54d16b7b034dc3.jpg,1000,1501,0,2026-08-28
2026-09-29,bolo caseiro simples,450360031494109883,52,1067,0,Bolo de Canela Simples,receitatodahora.com.br,https://receitatodahora.com.br/bolo-de-canela/,https://i.pinimg.com/originals/4f/a0/1c/4fa01c56aac78b6b7beed0e9f104521e.jpg,564,1159,0,2021-04-14
2026-09-29,bolo caseiro simples,AaoFw-GTl1HRF0gMn69HJew5UK9ZvirvtbfrqY3Jqe471hXWUhr_nCNNOmcZI3LbRLfapBVG1BOFUSMXVrUcGfk,53,0,0,Need dessert ideas? Find,tiktok.com,http://tiktok.com/discovermore,https://i.pinimg.com/originals/12/3b/25/123b2597d56c344c116cd6cd75703e54.jpg,1000,1500,1,2026-09-21
2026-09-29,bolo caseiro simples,AfU_UPi1dWmFtm0RhI7VD-DD4ILDNBEaAHmY8JOOZcNPV-6oEuyU6VQLcQs_Gxx0UaTzJWn6tzXulP71Da8yhbM,54,0,0,Brilliant 9 in. Square,homedepot.com,https://www.homedepot.com/p/Nordic-Ware-Brilliant-9-in-Square-Pan-13280M/336546422?cm_mmc=psoc-pinprg-%7Bcampaignid%7D-%7Badgroupid%7D,https://i.pinimg.com/originals/a7/05/3a/a7053aed6c86bcbf0da2d870548e10e7.jpg,1000,1000,0,2026-08-08
2026-09-29,bolo caseiro simples,AfZR9mvHaa78fR_NAc9lzbQSrai-E1AmdZ5noDxa7klMoRmgyOhhJLZrOKIWiEqgVU_tgYhnmhNcaDliLkEIbok,55,0,0,Pink Butterfly Cake,wayfair.com,https://www.wayfair.com/Lynyon--Pink-Butterfly-Cake-Toppers-11pcs-Cupcake-Toppers-Happy-Birthday-Metal-Gold-Topper-for-Girls-Womens-Party-Decorations-cakedelin05-L1225-K~LNYO1694.html,https://i.pinimg.com/originals/39/67/ef/3967ef5046b7120717d9fe8629a77ead.jpg,400,400,0,2026-08-04
2026-09-29,bolo caseiro simples,15692298696537401,56,249,0,"Apresento hoje uma receita surpreendente que certamente encantará o seu paladar. Que tal preparar um bolo da vovó de liquidificador super simples, fácil e, é claro, delicioso? Antes de começarmos, faç",amogastronomiabrasileira.com.br,https://amogastronomiabrasileira.com.br/bolo-da-vovo-de-liquidificador-simples-rapido-e-delicioso/,https://i.pinimg.com/originals/ca/45/ad/ca45ade5d4ad7ff7f3e6043c527ab8f0.jpg,564,846,0,2024-08-20
2026-09-29,bolo caseiro simples,756815912364160892,57,5,0,"5 receitas de bolo de nada: saborosos, simples e fofinhos | Receitas",anamariabraga.globo.com,https://anamariabraga.globo.com/materia/receitas-bolo-de-nada-simples-fofinhos/?utm_source=pinterest&utm_medium=social&utm_campaign=receita&utm_term=receitas-bolo-de-nada-simples-fofinhos/&utm_content=ana-agosto,https://i.pinimg.com/originals/bc/a9/65/bca9651a6b32dd6ff71da92e958c51b9.jpg,235,353,0,2019-08-27
2026-09-29,bolo caseiro simples,AeACHyKtskNLxWuv0wTr0pjS_i7SW5uggIyX1wid67p6vdrFpblkxbUs9vVPt8SB4LPSBPb4SLU4ngF9nHp3uzE,58,0,0,1-800-Flowers Everyday,1800flowers.com,https://1800flowers.com/marketplace/p/dubai-chocolate-cake-duo,https://i.pinimg.com/originals/47/5b/3a/475b3a75c354d1117b6e132f2448c7f7.jpg,720,788,0,2026-04-02
2026-09-29,bolo caseiro simples,AZE773dAoeJwVqnwv5QntDJIY8-DjCAJNZX4uJYWa6arfEgvPdCARJVRXO5bWAVv4uiajtYqjPMrlYELBlAVVr0,59,0,0,48/96pcs Butterfly Cake,us.shein.com,https://us.shein.com/ark/default?scene=1&test=5051&ad_type=DPA&goods_id=78675685&pf=PINTEREST&url_from=PINADSDPA&ismg=b341e9f2a3a65aa91f0d3c2beb14bd8320ebd3ec661daa3cc37d3109aebfbebf_01_1790613771,https://i.pinimg.com/originals/df/62/d4/df62d4144280a5ebc035bffcf71d4c63.jpg,1000,1500,0,2026-04-23
2026-09-29,bolo caseiro simples,AWl4_fRG_LNCsxg6GL-bBRrOiUvqOWT51onSeYE6laRtQb7FzUrmPZWpxf0HzC1eRe5sz_EJJ_o1S3fNGZ0uRtg,60,123,0,Unique Wedding Cake,weddingpioneer.com,https://weddingpioneer.com/best-wedding-cake-flavors,https://i.pinimg.com/originals/86/23/6b/86236b2026e00f3df27a6b03edc15566.png,1728,3072,0,2026-08-13
2026-09-29,bolo caseiro simples,398709373283983335,61,13,0,Bolo Trigo,cursosonlinenapratica.com.br,https://cursosonlinenapratica.com.br/bolos-caseiros-lucrativos/,https://i.pinimg.com/originals/8b/26/b0/8b26b0395bcd2011c0a076a401db09b6.png,1086,1448,0,2026-07-12
2026-09-29,bolo caseiro simples,590464201192942682,62,6,0,700 Delícias: O Grande Livro dos Bolos Caseiros,kiwify.app,https://kiwify.app/u9RYKjS?afid=IoP1oBIB,https://i.pinimg.com/originals/22/92/17/229217ddb13d6c8d9d35ff462da4e34c.jpg,736,1308,0,2026-09-13
2026-09-29,bolo caseiro simples,75294625014559151,63,159,0,BOLO SIMPLES E FOFINHO,meli.la,https://meli.la/29PY6xV,https://i.pinimg.com/originals/db/17/53/db175365a88bfe7eff57a774f86afe2a.png,1024,1536,0,2026-07-09
2026-09-29,bolo caseiro simples,4503668373705176,64,199,0,Bolo simples e fofo,receiteria.com.br,https://www.receiteria.com.br/receita/bolo-simples-e-fofo/,https://i.pinimg.com/originals/55/cd/8f/55cd8ff3af26b269405bcb2db9c3159e.jpg,474,474,0,2025-10-29
2026-09-29,bolo caseiro simples,AXFfQ1LdufnhJGKw8RXBWNMvYxk-Al0FBJHE90mr9fht9t1tatpZSuMSrROofwGUu01yytwFAvivJXn0eZmzbXw,65,6689,0,Matcha Blueberry Muffins,aiya-america.com,https://aiya-america.com/matcha-blueberry-muffins/?utm_source=pinterest&utm_medium=ad&utm_campaign=Social+Media&utm_content=1.3,https://i.pinimg.com/originals/be/e0/0f/bee00f7a1d7593d54d3bf295baa691e0.jpg,1000,1500,0,2024-08-28
2026-09-29,bolo caseiro simples,97179304456468744,66,80,0,"BOLO SIMPLES, LEVE DA VOVÓ 🍰💗 Fofinho, delicado e com aquele gostinho de receita antiga que lembra café na casa da vó! Uma massa leve, macia e perfeita para acompanhar um café fresquinho. ☕✨ Ingredien",instagram.com,https://www.instagram.com/p/DcBXuvsDKzd/,https://i.pinimg.com/originals/3b/71/e4/3b71e4fb6ead694838af58049ed5b455.jpg,1122,1402,0,2026-09-07
2026-09-29,bolo caseiro simples,16677461116670487,67,67,0,Bolo de fubá fofinho igual ao da roça: perfeito para o café!,receitason.com,https://receitason.com/bolo-de-fuba-fofinho-igual-de-padaria-do-interior/,https://i.pinimg.com/originals/69/56/9f/69569f6a4b2f4b12aa179c959614a4a4.jpg,736,1104,0,2026-04-28
2026-09-29,bolo caseiro simples,96686723245639296,68,77,0,,,,https://i.pinimg.com/originals/18/ec/4b/18ec4ba8ea811f8768f0c7c7bfcf2dbc.jpg,1170,1575,0,2026-01-20
2026-09-29,bolo caseiro simples,323203710778669756,69,83,0,Como fazer bolo de trigo fofinho da vovó?,blog.gilsonazevedo.com.br,https://blog.gilsonazevedo.com.br/como-fazer-bolo-de-trigo-fofinho-da-vovo-um-segredo-de-familia-revelado/,https://i.pinimg.com/originals/5f/1a/4b/5f1a4b964945495aab4fef4ca58efad0.jpg,864,1200,0,2025-10-18
2026-09-29,bolo caseiro simples,AfVBDZ1_Br-Oaa0PhWKThMYtIGYRuJr1V1evffjazoc-9ccXEJx3Plg8lCOPfdAU_yOM_NGxY2bLn3Vqa-wwvb4,70,573,0,Cottage Cheese Cornbread,instacart.com,https://www.instacart.com/store/recipes/15564676?utm_source=PinterestxInstacart&utm_medium=ProjectFlip,https://i.pinimg.com/originals/13/fe/49/13fe497167c40c3bdea7bdfc394d654d.jpg,1080,1920,1,2026-06-30
2026-09-29,bolo caseiro simples,3588874698597274,71,1074,0,4 bolos caseiros que vendem muito 🎂,,,https://i.pinimg.com/originals/3d/7c/fe/3d7cfe1a0df830527ebf33e2a951af3d.png,1024,1536,0,2026-07-09
2026-09-29,bolo caseiro simples,97953360640176976,72,141,0,BOLO SIMPLES,,,https://i.pinimg.com/originals/3c/4a/6a/3c4a6a3af037c6ad298d62444973387d.jpg,1200,2133,0,2025-10-18
2026-09-29,bolo caseiro simples,811281320431774443,73,705,0,Receitas Deliciosas e Criativa,facebook.com,https://www.facebook.com/share/p/17svLpFXLz/,https://i.pinimg.com/originals/a9/15/fe/a915fe256f6aef59a654f47b8d543b8d.jpg,600,900,0,2026-01-25
2026-09-29,bolo caseiro simples,34410384646736720,74,151,0,5 Top Receitas de bolo: Bolo de Chocolate| Bolo de Fubá| Bolo Nega Maluca| Bolo Simples| Bolo de…,medium.com,https://medium.com/@karinamendescosta/receitas-de-bolo-d0e7c047821d,https://i.pinimg.com/originals/15/19/e4/1519e43f4ba0b18a1211737e8e1f4105.jpg,290,435,0,2024-01-20
2026-09-29,bolo caseiro simples,100134791711284815,75,47,0,Bolo caseiro de cenoura,,,https://i.pinimg.com/originals/3b/25/e7/3b25e76c56aa45f26982b96ec73c70c4.jpg,1080,1920,0,2026-08-04
2026-09-29,unhas decoradas,AUVl2VqTwvRCloee5l5NZgUELtf_4YkKR_zQNvlkjcae_NiEeRPZrujfEy6ppPj4zLNhOLY7Dfkk0pPLTT_WwCg,1,1,0,Temu | Retro Fine Glitter,temu.com,https://www.temu.com/ul/kuiper/un3.html?subj=dpa-un&_bg_fs=1&_p_jump_id=1082&_x_vst_scene=adg&goods_id=601100293865530&adg_ctx=a-c9ccb58e~c-b63a51d2&_p_rfs=1&_x_ads_channel=pinterest&_x_ads_creative_id=%7Bproduct_partition_id%7D&_x_ads_id=%7Badgroupid%7D&_x_ads_set=%7Bcampaignid%7D&_x_ads_sub_channel=shopping&_x_ns_catalog_id=1567707391772&_x_ns_creative=%7Badid%7D&_x_ns_gid=601100293865530&_x_ns_,https://i.pinimg.com/originals/4f/2f/46/4f2f46bf0e2f11ca29cd22ee58b45560.jpg,2000,3000,0,2026-03-31
2026-09-29,unhas decoradas,6966574422125934,2,6506,0,Burgundy Almond Nails with Gold Floral Art,,,https://i.pinimg.com/originals/8d/e4/60/8de460cf5052c0501ef0309c786f5631.png,1024,1536,0,2026-09-18
2026-09-29,unhas decoradas,5136987071464917,3,2919,0,strawberry milk nails french 🍓🎀,,,https://i.pinimg.com/originals/a6/86/d2/a686d2bb8893dcf9dcde53f9cb94cfa4.png,1024,1536,0,2026-09-14
2026-09-29,unhas decoradas,AUR1Lj_De_YQmc2DBH9T7_dEwIScR1KbciOcPMBVt7nvfGr6ZagKwI_UueZiezS2nVdvNvsPZJ1k4LqUstoetB4,4,0,0,Temu | 24 uñas postizas,temu.com,https://www.temu.com/ul/kuiper/un3.html?subj=dpa-un&_bg_fs=1&_p_jump_id=1082&_x_vst_scene=adg&goods_id=601105530321272&adg_ctx=a-5267868b~c-17324f1a&_p_rfs=1&_x_ads_channel=pinterest&_x_ads_creative_id=%7Bproduct_partition_id%7D&_x_ads_id=%7Badgroupid%7D&_x_ads_set=%7Bcampaignid%7D&_x_ads_sub_channel=shopping&_x_ns_catalog_id=1580405374697&_x_ns_creative=%7Badid%7D&_x_ns_gid=601105530321272&_x_ns_,https://i.pinimg.com/originals/fb/72/c7/fb72c7fc575cf5aa633d0e88da015fa5.jpg,2000,3000,0,2026-09-01
2026-09-29,unhas decoradas,1135259018627444768,5,18,0,Unhas decoradas,,,https://i.pinimg.com/originals/17/24/68/172468361410ac99a986eecaf9438366.jpg,736,1307,0,2026-09-16
2026-09-29,unhas decoradas,125397170872742826,6,155,0,Gold butterfly 🦋 nail art,,,https://i.pinimg.com/originals/6f/c2/3c/6fc23ce29882a5f31b1d1f0fa99f7ff8.png,941,1672,0,2026-09-19
2026-09-29,unhas decoradas,77757531064275540,7,14165,0,Aesthetic nails,,,https://i.pinimg.com/originals/b0/6d/1d/b06d1deda68cad8552c259520ccec656.png,1087,1446,0,2026-09-16
2026-09-29,unhas decoradas,AaxEaVJq8QnRjqT0qYWZUWoKfSJmC5d3lDTdwsnuC3g3rdoaZ87s1N5fK6yslkubo7l0QCchV0ywYBDjC1We-DA,8,1,0,Temu | 24 piezas de polvo,temu.com,https://www.temu.com/ul/kuiper/un3.html?subj=dpa-un&_bg_fs=1&_p_jump_id=1082&_x_vst_scene=adg&goods_id=606278252331457&adg_ctx=a-6faaaa1b~c-9183dd25&_p_rfs=1&_x_ads_channel=pinterest&_x_ads_creative_id=%7Bproduct_partition_id%7D&_x_ads_id=%7Badgroupid%7D&_x_ads_set=%7Bcampaignid%7D&_x_ads_sub_channel=shopping&_x_ns_catalog_id=1580405374697&_x_ns_creative=%7Badid%7D&_x_ns_gid=606278252331457&_x_ns_,https://i.pinimg.com/originals/7c/56/a1/7c56a168aedd81b49d6c9ae242f09328.jpg,2000,3000,0,2026-08-12
2026-09-29,unhas decoradas,43417583906151622,9,2436,0,Dreamy Pink French Nails & Gold Rings ✨💍,,,https://i.pinimg.com/originals/73/f5/78/73f5781b208628606b2a48c23f735e41.jpg,1080,1920,0,2026-09-18
2026-09-29,unhas decoradas,AdPH5qm8zza8dfaNpZW3qxpsRUkGguU-Cnzrtqzo4LCNS5Nw3IJe4ObQqH0HaGEfKTQ1ST3jtg5s4oICfNxngI4,10,150,0,30-piece Ins-Style,walmart.com,https://www.walmart.com/ip/30-Piece-Ins-Style-Handmade-Press-On-Acrylic-Nails-Adorable-Trendy-Fake-Nails-for-DIY-Beauty-Perfect-Gift-for-Nail-Art-Fans/17946460923?wmlspartner=wlpa&selectedSellerId=102611300,https://i.pinimg.com/originals/9e/20/13/9e2013fa3f0098900990ab9829dfa681.jpg,450,450,0,2026-09-06
2026-09-29,unhas decoradas,29554941302396098,11,18236,0,Nails art,,,https://i.pinimg.com/originals/d3/80/fa/d380fa010af1b34b191e60d5d095d31c.jpg,1178,1553,0,2026-09-18
2026-09-29,unhas decoradas,290341507252791675,12,3614,0,💜 Lavender 3D Floral Nail Art,,,https://i.pinimg.com/originals/47/09/95/4709955656a1f9f5c262d0c9e08dfc4b.png,954,1649,0,2026-09-19
2026-09-29,unhas decoradas,AXxSoc_HzRd0YHR5FC2vrE_67u6ZuZeiYj8Zp3QE-_BfKxmX__OncdYEH35HvyiAMNw8pXD1xS2g3sE_Db9igqA,13,1,0,Temu | Cat-eye Blue,temu.com,https://www.temu.com/ul/kuiper/un3.html?subj=dpa-un&_bg_fs=1&_p_jump_id=1082&_x_vst_scene=adg&goods_id=601105786810981&adg_ctx=a-4c9e5440~c-b3c8769a&_p_rfs=1&_x_ads_channel=pinterest&_x_ads_creative_id=%7Bproduct_partition_id%7D&_x_ads_id=%7Badgroupid%7D&_x_ads_set=%7Bcampaignid%7D&_x_ads_sub_channel=shopping&_x_ns_catalog_id=1567707391772&_x_ns_creative=%7Badid%7D&_x_ns_gid=601105786810981&_x_ns_,https://i.pinimg.com/originals/be/16/49/be164972750b140d20946047c9659f3c.jpg,2000,3000,0,2026-06-08
2026-09-29,unhas decoradas,7810999350446976,14,22307,0,,,,https://i.pinimg.com/originals/41/94/d9/4194d9016470f5e3b23f7d9cd27e1ca4.jpg,1080,1920,0,2026-08-27
2026-09-29,unhas decoradas,4855512096000024,15,387,0,Chocolate Brown Almond Nails | Brown French Tips | Coquette Bow Nail Design,,,https://i.pinimg.com/originals/6e/2b/99/6e2b99c3e6900041b1eba7542a27bf97.png,1000,1500,0,2026-09-12
2026-09-29,unhas decoradas,12455336472029937,16,1510,0,Unhas amendoada nude com laços 3D e detalhes dourados 💅🏻,,,https://i.pinimg.com/originals/d8/01/01/d80101addd6741ee7af96391564d5178.png,941,1671,0,2026-09-15
2026-09-29,unhas decoradas,Afuex3uYsR5773OqRIzGStg48nobtrwdXOINsc3H3gctFP3lravDrtnWKiVfxc8FioOCqJYreALSXCKHpBShppM,17,0,0,Temu | 24pcs Leopard,temu.com,https://www.temu.com/ul/kuiper/un3.html?subj=dpa-un&_bg_fs=1&_p_jump_id=1082&_x_vst_scene=adg&goods_id=601105415865735&adg_ctx=a-5f6a4484~c-ab43f434&_p_rfs=1&_x_ads_channel=pinterest&_x_ads_creative_id=%7Bproduct_partition_id%7D&_x_ads_id=%7Badgroupid%7D&_x_ads_set=%7Bcampaignid%7D&_x_ads_sub_channel=shopping&_x_ns_catalog_id=1567707391772&_x_ns_creative=%7Badid%7D&_x_ns_gid=601105415865735&_x_ns_,https://i.pinimg.com/originals/13/d8/db/13d8db4aee61b60e1ecda9654ff81be3.jpg,2000,3000,0,2026-09-01
2026-09-29,unhas decoradas,AaHerO04fUbUx_JGH_h47yVbL14R-8-0u2cgZzduYV7kUBhx6LYnXYtzXfeQfMk5KCGm09XkEIwY6xjS3HI3YGA,18,146,0,Handmade Medium Almond,amazon.com,https://www.amazon.com/Medium-Almond-MABKJLF-Leopard-Designs/dp/B0F9VZPJKQ?ref_=pinterest_fplfs,https://i.pinimg.com/originals/77/6d/e2/776de261a011a8d39f373f1fbebcabcb.jpg,800,800,0,2026-01-23
2026-09-29,unhas decoradas,1086493478888805532,19,30,0,,,,https://i.pinimg.com/originals/21/7f/89/217f8955196d10a2852f78fb641641a9.jpg,1024,1536,0,2026-09-15
2026-09-29,unhas decoradas,ARUJJtS1bj9YqzKm36fTradt05K2bDYPV16SYiGydUu7fsraA35y-U8k-J181XsZgheN8S34XAUmtftuEDTgv2E,20,0,0,Temu | 3d Cat Eye Golden,temu.com,https://www.temu.com/ul/kuiper/un3.html?subj=dpa-un&_bg_fs=1&_p_jump_id=1082&_x_vst_scene=adg&goods_id=606097142334112&adg_ctx=a-0e2fa3fa~c-b34a1e5a&_p_rfs=1&_x_ads_channel=pinterest&_x_ads_creative_id=%7Bproduct_partition_id%7D&_x_ads_id=%7Badgroupid%7D&_x_ads_set=%7Bcampaignid%7D&_x_ads_sub_channel=shopping&_x_ns_catalog_id=1567707391772&_x_ns_creative=%7Badid%7D&_x_ns_gid=606097142334112&_x_ns_,https://i.pinimg.com/originals/a2/eb/82/a2eb825092a8815471f0182dabfd708e.jpg,2000,3000,0,2026-07-30
2026-09-29,unhas decoradas,1146095805205007449,21,253,0,Rote & Grüne Kirsch-Nails: Süße Mandel-Nägel Trends 🍒💚,,,https://i.pinimg.com/originals/52/24/7e/52247ea291a8481fcd0f1f2e5d846d1f.png,1024,1536,0,2026-09-15
2026-09-29,unhas decoradas,ATZJr0TpUDBOzGOzt95f599wBJ9tKK1uUeRq_f51qk3yaAcb9QGy9l7OSmPpChSZkN-rR07pVQZcu21b42zxz6o,22,0,0,Long Stiletto Press on,amazon.com,https://www.amazon.com/Stiletto-Designs-Embossed-Sparkly-Artificial/dp/B0FJDXT9GN?ref_=pinterest_fplfs,https://i.pinimg.com/originals/9a/2f/0c/9a2f0c110e04205f16cd855538933e2c.jpg,924,1008,0,2026-01-23
2026-09-29,unhas decoradas,195695546304341200,23,1149,0,Back to School Nails | Navy Blue & White Nail Ideas,,,https://i.pinimg.com/originals/8b/90/f9/8b90f90cf6c0cf2b347067377206d412.png,1024,1536,0,2026-09-17
2026-09-29,unhas decoradas,ASf-fppBKU1hNYUd4ojzU-xUUqwfyAKk4lA8zBU0HaEl4i3FFd_J768ChGFzOHKDqSjZcqAu6Mi8tQqE5y3RwS0,24,1,0,Temu | 24pcs Burgundy,temu.com,https://www.temu.com/ul/kuiper/un3.html?subj=dpa-un&_bg_fs=1&_p_jump_id=1082&_x_vst_scene=adg&goods_id=601104806583295&adg_ctx=a-35c9ae50~c-9a5ba9f7&_p_rfs=1&_x_ads_channel=pinterest&_x_ads_creative_id=%7Bproduct_partition_id%7D&_x_ads_id=%7Badgroupid%7D&_x_ads_set=%7Bcampaignid%7D&_x_ads_sub_channel=shopping&_x_ns_catalog_id=1567707391772&_x_ns_creative=%7Badid%7D&_x_ns_gid=601104806583295&_x_ns_,https://i.pinimg.com/originals/11/f8/ed/11f8ed2110c5c01591fa6f21d2dc0cd8.jpg,2000,3000,0,2026-06-14
2026-09-29,unhas decoradas,6755468186923740,25,6532,0,,,,https://i.pinimg.com/originals/9a/82/c2/9a82c23dcb808276c8cea44b8ae77e1f.jpg,1152,2048,0,2026-09-16
2026-09-29,unhas decoradas,2603712283096265,26,4516,0,Chocolate Brown Tortoiseshell Nails | Chic Almond Nail Inspo,,,https://i.pinimg.com/originals/b9/c8/ba/b9c8ba898a7e50b315674557076ea599.jpg,1080,1920,0,2026-09-17
2026-09-29,unhas decoradas,68750318530,27,40901,0,Burgundy elegance with a touch of gold—because timeless beauty never goes out of style. ❤️✨,,,https://i.pinimg.com/originals/a0/cd/de/a0cddeadcb7824073b4d540d3dc78a2c.jpg,2158,2870,0,2026-08-13
2026-09-29,unhas decoradas,844493677056236,28,3806,0,,,,https://i.pinimg.com/originals/3e/78/65/3e7865f4a49677dda743831d81fd9fda.jpg,1179,1697,0,2026-09-19
2026-09-29,unhas decoradas,1114781714043361746,29,12,0,,,,https://i.pinimg.com/originals/be/5d/b0/be5db000651a77532eba7fd165dd0a6a.jpg,1080,1920,0,2026-09-15
2026-09-29,unhas decoradas,71846556551150593,30,1602,0,Fall Red Nails Inspo You'll Want to Try This Fall | Autumn Glam 2026,,,https://i.pinimg.com/originals/f3/76/a7/f376a7b37be2830475f244d3123ac440.jpg,768,1365,0,2026-09-18
2026-09-29,unhas decoradas,384424518217531312,31,30,0,,,,https://i.pinimg.com/originals/fb/00/36/fb0036c00602be778afa1e808d593ca6.jpg,541,809,0,2026-09-17
2026-09-29,unhas decoradas,1407443631223724,32,8333,0,💅,,,https://i.pinimg.com/originals/06/3e/39/063e393bc16c3ed9b99a06ea8b1a4197.jpg,1080,1920,0,2026-08-16
2026-09-29,unhas decoradas,ASC_fYFeDkafJb1A0CdY7Xam_uC94CJdObuXX74NAcIV80qlF-VQ8URG40nMQzPkwfWmyKR2vJY1lDZRleRuGnU,33,1,0,Temu | Juego de 24 piezas,temu.com,https://www.temu.com/ul/kuiper/un3.html?subj=dpa-un&_bg_fs=1&_p_jump_id=1082&_x_vst_scene=adg&goods_id=601105024208214&adg_ctx=a-50be7c75~c-ec96ebbd&_p_rfs=1&_x_ads_channel=pinterest&_x_ads_creative_id=%7Bproduct_partition_id%7D&_x_ads_id=%7Badgroupid%7D&_x_ads_set=%7Bcampaignid%7D&_x_ads_sub_channel=shopping&_x_ns_catalog_id=1580405374697&_x_ns_creative=%7Badid%7D&_x_ns_gid=601105024208214&_x_ns_,https://i.pinimg.com/originals/f9/80/45/f9804572741d1c0c1c1eecd478609948.jpg,2000,3000,0,2026-08-09
2026-09-29,unhas decoradas,167266573656722236,34,1459,0,,,,https://i.pinimg.com/originals/04/3e/02/043e02ea88e87556f14d7c67745cefe7.png,1023,1537,0,2026-09-17
2026-09-29,unhas decoradas,AZ5VHlP6S7J6erpAVPJ1bZK8F3o2Vo16cxgu_Y_CjeC3gVIKG79KTQxgrFMtrZccZXChNm6rTWANVr1fotHrkEY,35,1,0,Temu | 24 uñas postizas,temu.com,https://www.temu.com/ul/kuiper/un3.html?subj=dpa-un&_bg_fs=1&_p_jump_id=1082&_x_vst_scene=adg&goods_id=606461795125733&adg_ctx=a-00874163~c-659caa9b&_p_rfs=1&_x_ads_channel=pinterest&_x_ads_creative_id=%7Bproduct_partition_id%7D&_x_ads_id=%7Badgroupid%7D&_x_ads_set=%7Bcampaignid%7D&_x_ads_sub_channel=shopping&_x_ns_catalog_id=1580405374697&_x_ns_creative=%7Badid%7D&_x_ns_gid=606461795125733&_x_ns_,https://i.pinimg.com/originals/7c/94/c4/7c94c4ca90c634d84f7d9a10d7554102.jpg,2000,3000,0,2026-06-21
2026-09-29,unhas decoradas,10062799164870372,36,11868,0,,,,https://i.pinimg.com/originals/88/25/f3/8825f3d9a5e23db623425e38a78c8333.jpg,1080,1412,0,2026-09-15
2026-09-29,unhas decoradas,AXqAReit_-wHmGyUIucAQ_wUJDvR550D6hNZqUT6agJmkbfExConSpOZt5hPZvP27Utqu0H4CDp8Mro1hfHNa_0,37,0,0,3D Almond Press on Nails,amazon.com,https://www.amazon.com/Almond-Medium-Acrylic-Artificial-Manicure/dp/B0FFMSF9Q7?ref_=pinterest_fplfs,https://i.pinimg.com/originals/94/a3/9e/94a39edfbf51d156cc674435e035a036.jpg,1098,1200,0,2026-04-03
2026-09-29,unhas decoradas,766808274100163540,38,6,0,,,,https://i.pinimg.com/originals/4d/2e/2e/4d2e2ed93e499e628780ae6ad7152f6f.jpg,736,1104,0,2026-09-16
2026-09-29,unhas decoradas,8866530512726662,39,4046,0,,,,https://i.pinimg.com/originals/d8/c0/9c/d8c09c23915610fb2b5c9a3823fd885b.jpg,675,1200,0,2026-09-19
2026-09-29,unhas decoradas,4151824652999451,40,27747,0,,,,https://i.pinimg.com/originals/f5/c3/78/f5c378e05baa65cf7c32f63da1b8cf6e.webp,1620,2880,0,2026-01-28
2026-09-29,unhas decoradas,914862422551679,41,5015,0,Chocolate Brown Polka Dot Nails | Fall Nail Trend 2026,go.shopmy.us,https://go.shopmy.us/p-83459070,https://i.pinimg.com/originals/2f/ad/15/2fad15006e8e5c950ad6c0b53d32bcef.png,1122,1402,0,2026-09-15
2026-09-29,unhas decoradas,1012817403727366002,42,568,0,35+ French Tip Nails | Elegant & Trendy Nail Ideas,amazon.com,https://www.amazon.com/shop/influencer-7ca27c6e/list/AZL0N7FYL85C?ref_=aipsflist,https://i.pinimg.com/originals/4f/63/d1/4f63d1d1219eb1a8bdcfd394f1ff09b3.jpg,736,1308,0,2026-09-09
2026-09-29,unhas decoradas,AQp0haJzgyf3r4cHa00rvLcOdwC7H5G2p3B_zjSjxbuiVqoU3Yn-CraMOb5rP1lu1R2qU7P-B8RRJ8OcqTCLI-M,43,1,0,Temu | 24 uñas postizas,temu.com,https://www.temu.com/ul/kuiper/un3.html?subj=dpa-un&_bg_fs=1&_p_jump_id=1082&_x_vst_scene=adg&goods_id=601105777457211&adg_ctx=a-b5087967~c-7a292fbc&_p_rfs=1&_x_ads_channel=pinterest&_x_ads_creative_id=%7Bproduct_partition_id%7D&_x_ads_id=%7Badgroupid%7D&_x_ads_set=%7Bcampaignid%7D&_x_ads_sub_channel=shopping&_x_ns_catalog_id=1580405374697&_x_ns_creative=%7Badid%7D&_x_ns_gid=601105777457211&_x_ns_,https://i.pinimg.com/originals/a3/f7/3f/a3f73f865af723ff18da725f2b5a0f09.jpg,2000,3000,0,2026-06-14
2026-09-29,unhas decoradas,1150880879812828678,44,463,0,💙 Blue Floral Gold Accent Almond Nails | Elegant Nail Art,,,https://i.pinimg.com/originals/d7/9d/ff/d79dffc3d86993e71cfffa51a7376d22.png,1024,1536,0,2026-09-13
2026-09-29,unhas decoradas,ARW3i4ixY9TWrb7zz6Lr7LIdLpMWAGPrrEAjDWwt7JVfAqSbrVxwqjDGc6LqU7PwZb7_oNadmt-gqe9lWTEzvYw,45,1,0,Temu | 24 piezas/juego de,temu.com,https://www.temu.com/ul/kuiper/un3.html?subj=dpa-un&_bg_fs=1&_p_jump_id=1082&_x_vst_scene=adg&goods_id=605901838776008&adg_ctx=a-651bcaef~c-a1f4d6bf&_p_rfs=1&_x_ads_channel=pinterest&_x_ads_creative_id=%7Bproduct_partition_id%7D&_x_ads_id=%7Badgroupid%7D&_x_ads_set=%7Bcampaignid%7D&_x_ads_sub_channel=shopping&_x_ns_catalog_id=1580405374697&_x_ns_creative=%7Badid%7D&_x_ns_gid=605901838776008&_x_ns_,https://i.pinimg.com/originals/bd/26/39/bd2639ab4170de6a92e117334457ae71.jpg,2000,2000,0,2026-06-30
2026-09-29,unhas decoradas,1125477763170884927,46,90,0,,boredpanda.com,https://www.boredpanda.com/nail-art-ideas/?utm_source=pinterestm2&utm_medium=link&utm_campaign=valit,https://i.pinimg.com/originals/87/8f/e5/878fe5307f45f3d2903da5008599c76e.jpg,736,1308,0,2026-09-14
2026-09-29,unhas decoradas,1032450283352988998,47,6,0,,,,https://i.pinimg.com/originals/6c/46/e2/6c46e20838afd60e5d8dcb0328713a08.jpg,736,1308,0,2026-09-06
2026-09-29,unhas decoradas,AdsBcV2PJg7vYCNwSf_FMidRtiAcF_BxRzADuh6FpyX1KP0zHDAvuern87B4A0OrtxXtxgp9hc2-gm8xLvAB-pI,48,1,0,Temu | 24pcs French,temu.com,https://www.temu.com/ul/kuiper/un3.html?subj=dpa-un&_bg_fs=1&_p_jump_id=1082&_x_vst_scene=adg&goods_id=601099879552954&adg_ctx=a-21dd93b1~c-b715948f&_p_rfs=1&_x_ads_channel=pinterest&_x_ads_creative_id=%7Bproduct_partition_id%7D&_x_ads_id=%7Badgroupid%7D&_x_ads_set=%7Bcampaignid%7D&_x_ads_sub_channel=shopping&_x_ns_catalog_id=1567707391772&_x_ns_creative=%7Badid%7D&_x_ns_gid=601099879552954&_x_ns_,https://i.pinimg.com/originals/f8/05/23/f805231836beeec2bf9c3f0752c238f9.jpg,2000,3000,0,2026-04-12
2026-09-29,unhas decoradas,AVrJS7a5_lhvQm-DsOdTnzxH1diDb2vtYYbiq0sfvVLRC18BuOTThRhUAyYqzwiy3fWQUi86cE3LNH-2trCWA8E,51,1,0,shop all bark,mooncat.com,https://mooncat.com/,https://i.pinimg.com/originals/ec/2d/d7/ec2dd7a5cd9a229faba4e2c19fc079df.jpg,2160,3840,1,2026-09-18
2026-09-29,unhas decoradas,4925880839636504,52,15592,0,,,,https://i.pinimg.com/originals/12/07/15/1207152f783663a0eb921adadab2f080.jpg,1000,1500,0,2026-07-11
2026-09-29,unhas decoradas,AYhoLLXVTSCsh9k6-jzhqD_kmg2PRz6MOU6wSbJyO2641GO_eLn14w93hz42SiU6z419Tr8hASRCmyv3LcPf_WU,53,219,0,An unconventional wedding,starlandus.com,https://starlandus.com/,https://i.pinimg.com/originals/7d/57/27/7d57273daec5cfba49f4ec8c5385cad4.jpg,1080,1348,0,2026-04-17
2026-09-29,unhas decoradas,11259067814866037,54,2587,0,esmaltação azul,,,https://i.pinimg.com/originals/f0/96/03/f0960349cc44183a45668e4057f21ba5.jpg,828,1297,0,2026-09-18
2026-09-29,unhas decoradas,1139762618228817545,55,4,0,nail art,,,https://i.pinimg.com/originals/4b/34/6d/4b346db90a4581afaa6ae9a9b73afe9f.png,1148,1371,0,2026-09-18
2026-09-29,unhas decoradas,443393525851067656,56,64,0,,,,https://i.pinimg.com/originals/95/9a/73/959a7393ede3857f35186910391a6910.png,1157,1630,0,2026-09-10
2026-09-29,unhas decoradas,408912841188407723,57,291,0,Leopard Nails mit Blumen – Elegantes Nageldesign 2026,,,https://i.pinimg.com/originals/f4/cf/81/f4cf81eccd489c35da44464e3c8c4389.png,1024,1536,0,2026-09-14
2026-09-29,unhas decoradas,1015421047261049827,58,5,0,,s.shopee.com.br,https://s.shopee.com.br/4B00SGStCU?channel_type=pinterest,https://i.pinimg.com/originals/ec/19/a4/ec19a45c75fefb22f53fa546d93ce53d.jpg,736,1104,0,2026-09-16
2026-09-29,unhas decoradas,330592428922911637,59,99,0,Elegant Burgundy & Nude Nail Design | Chic Almond Nails,,,https://i.pinimg.com/originals/61/79/5f/61795fd76055b2b0bd9f43f0c5e075d0.png,1024,1536,0,2026-09-18
2026-09-29,unhas decoradas,2674081026827538,60,4865,0,Beautiful Fall Nail Art Idea | Cozy Autumn Manicure,,,https://i.pinimg.com/originals/b7/1b/af/b71baf2e2a820648f3ae98f453bfe822.jpg,1152,2048,0,2026-09-14
2026-09-29,unhas decoradas,3729612269779807,61,16268,0,,,,https://i.pinimg.com/originals/cd/67/f2/cd67f2f84d537bdb1223fc20f7fcc451.jpg,675,1200,0,2026-07-14
2026-09-29,unhas decoradas,9007268002718225,62,18792,0,leopard nails 🐆,,,https://i.pinimg.com/originals/0c/88/70/0c8870f6010792ba2c5d68561fa1699e.jpg,675,1200,0,2026-02-02
2026-09-29,unhas decoradas,1003458360752761504,63,2,0,"Unhas decoradas, nail design, tendências, inspiração de unhas decorated nails, nails inspiration Unha inspiração #unhasdecoradas #unhasdegel #unhas #inspiraçãodeunha #nailsarts nailsinspiration ,",instagram.com,https://www.instagram.com/reel/DdWf1iVzey3/,https://i.pinimg.com/originals/c0/91/65/c09165a67a7be8195bc9758b7aec340e.jpg,640,1136,0,2026-09-16
2026-09-29,unhas decoradas,1101763496409530499,64,254,0,24 unhas decoradas 💅,onelink.shein.com,https://onelink.shein.com/52/621y3tah1vti?ismg_ol=3Axo210xzZM_01_KOC-C,https://i.pinimg.com/originals/2a/e3/38/2ae3388cf06540d7a755a1174c3b6c49.jpg,1340,1785,0,2026-09-15
2026-09-29,unhas decoradas,1337074890674591,65,13611,0,#Manicure,,,https://i.pinimg.com/originals/ec/aa/49/ecaa496a2058588d56a26faca543e6c3.jpg,736,981,0,2026-08-31
2026-09-29,unhas decoradas,18084835999640559,66,3270,0,Soft Pink Ghost Almond Nails with Hearts,,,https://i.pinimg.com/originals/88/09/9e/88099e66196d06d4d206e5963a0e291c.png,1024,1536,0,2026-09-19
2026-09-29,unhas decoradas,1083960204096116781,67,26,0,Sweet Strawberry Cherry Matte Nail Art Inspo,,,https://i.pinimg.com/originals/b0/d2/bd/b0d2bd056ebb46c16dbee9a5b482a728.png,1024,1536,0,2026-09-16
2026-09-29,unhas decoradas,58335757669123110,68,321,0,,,,https://i.pinimg.com/originals/aa/0c/56/aa0c5603801ad041bc82654ccd552508.jpg,1125,1649,0,2026-09-19
2026-09-29,unhas decoradas,8373949304477144,69,2989,0,Sunny Summer Nails ☀️💅,,,https://i.pinimg.com/originals/78/ae/cf/78aecf44b9c6194c83901f0eedca53d6.png,1086,1448,0,2026-09-05
2026-09-29,unhas decoradas,333336809942007008,70,208,0,Pink & Burgundy Nails 2026 | Cute Bow & Floral Almond Nail Ideas,etsy.com,https://www.etsy.com/shop/HamdardStudio?ref=dashboard-header,https://i.pinimg.com/originals/85/dc/4c/85dc4c8a740fcf3735e443560635d36a.png,1024,1536,0,2026-09-14
2026-09-29,unhas decoradas,625296729559819725,71,326,0,Royal Blue Nail Art – Floral Glam,,,https://i.pinimg.com/originals/45/b4/8d/45b48d259063032318e1baf2d7687a1f.png,1024,1536,0,2026-09-19
2026-09-29,unhas decoradas,52424783158738192,72,15561,0,30 Red Valentine’s Day Nails You’ll Fall Head Over Heels For,thepinkissue.com,https://thepinkissue.com/red-valentines-day-nails/,https://i.pinimg.com/originals/5e/eb/45/5eeb451ca422ab1e07b0983f6937fb98.jpg,1000,1500,0,2026-03-23
2026-09-29,unhas decoradas,8092474327919076,73,12049,0,,,,https://i.pinimg.com/originals/24/1d/5b/241d5b7908d1a9a28e84b324546b4845.jpg,720,1047,0,2026-08-14
2026-09-29,unhas decoradas,1088534172471294969,74,25,0,,,,https://i.pinimg.com/originals/c5/14/38/c51438a6cb97a1773aded3b555b00935.jpg,736,1308,0,2026-09-13
2026-09-29,unhas decoradas,344455071524857337,75,597,0,Nail inspo 💖,,,https://i.pinimg.com/originals/1a/c1/20/1ac120778621fdc92aeac1036a1ea42a.jpg,1080,1920,0,2026-09-12
2026-09-29,cabelo cacheado cuidados,AdJP2KbY5LwdaukCyCWTAZ4x2I3CTG3i3ivTJ3plMK0ubpR1CdaeevhzujohXAd7JBK-TzkZx6ilBwqHAwLh9ow,1,1,0,Kérastase's bestselling,kerastase-usa.com,https://www.kerastase-usa.com/collections/top-10-best-sellers?utm_source=pinterest&utm_medium=awareness&utm_campaign=serums,https://i.pinimg.com/originals/5a/c7/18/5ac718c90347824275494d68ce5c9d6f.jpg,1080,1350,1,2026-08-10
2026-09-29,cabelo cacheado cuidados,4785143352422537,2,1222,0,Como acordar com o cabelo cacheado perfeito.,,,https://i.pinimg.com/originals/74/07/82/740782e1a0155b677f3fc0b361aaeb30.png,1024,1536,0,2026-06-30
2026-09-29,cabelo cacheado cuidados,ASTjPnI8dEWa8JeWOJKh2gH8K6ap2SSgB5q8RQTUZilT7NG8T2lenI4aTiJrVrERMyKBUnC4JZcuZ0Ftj6sCy7A,3,124,0,CeraVe Haircare,cerave.com,https://www.cerave.com/haircare/gentle?utm_source=pinterest&utm_medium=social_post_paid&utm_content=cer_haca_gentle_display_aw&utm_campaign=cer_haca_gentle_1h'26_none,https://i.pinimg.com/originals/cc/b0/0e/ccb00e72189eeb58b5fd50771f4e3b9e.jpg,1000,1500,0,2026-03-18
2026-09-29,cabelo cacheado cuidados,AWXVbmThh_Bk1XwlJ_S8Wn-NJOAkYBy_6exT5fIW1fG8TeaJZPIWpPXUw-68d21v3N_2p8DDn66kr_hXc-s_NuI,4,1,0,Shop the Latest Act+Acre,dermstore.com,https://www.dermstore.com/p/act-acre-stem-cell-thickening-foam-for-volume-fuller-looking-hair-120ml/17977311/,https://i.pinimg.com/originals/9e/d0/04/9ed004b316d805bde3751d59fbe3c0d8.jpg,1080,1350,0,2026-09-23
2026-09-29,cabelo cacheado cuidados,AdVOJP7UAUIaHMAr1PlbrjAsXDWYLB-mqD1xAMZyDWJhm3XU9L7YpIX_g6Jm-mDRLwFW5nkMVUy7SYHTYOzapJs,5,0,0,Kérastase Curl Manifesto,sephora.com,https://www.sephora.com/product/kerastase-curl-manifesto-nourishing-scalp-hair-oil-for-curly-hair-P472043?skuId=2464667&om_mmc=paid_social_Pinterest_DPA,https://i.pinimg.com/originals/14/07/d1/1407d1624ef42a6e9bd694c34788d01b.jpg,2000,2000,0,2026-08-30
2026-09-29,cabelo cacheado cuidados,300052393945368718,6,76,0,Como cuidar do seu cabelo cacheado,,,https://i.pinimg.com/originals/2b/61/6e/2b616e7317fce70a5215fe5cd6832928.jpg,1024,1536,0,2026-09-19
2026-09-29,cabelo cacheado cuidados,1116189088938565949,7,90,0,"Cabelo cacheado, rotina capilar completa, lavagem capilar, hidratação capilar, finalização de cac",s.shopee.com.br,https://s.shopee.com.br/1VzDiga3c8?channel_type=pinterest,https://i.pinimg.com/originals/46/88/04/468804f0b010b81aab0444e71c880014.png,1024,1536,0,2026-09-15
2026-09-29,cabelo cacheado cuidados,313774299062348836,8,87,0,🤎 Rotina de cuidados para cabelos cacheados,,,https://i.pinimg.com/originals/b9/4d/b8/b94db88ae470addaae4d9da69e643352.png,1086,1448,0,2026-09-02
2026-09-29,cabelo cacheado cuidados,Aeb-GQL3S9FXttIx0du4AkAj0cfnIOpgE4xL2VY-nAjdcXO1ZbDzkXXBJJezenpzeWpmmwxfKd_EmynGjgv_ZMY,9,0,0,Curl Defining Cream,us.shein.com,https://us.shein.com/ark/default?scene=1&test=5051&ad_type=DPA&goods_id=67712153&pf=PINTEREST&url_from=PINADSDPA&ismg=ae8105db618ec6adcbabf74e1f73eb0f9aa9d7346286bc94f7af5ce06cabb5d5_01_1790613984,https://i.pinimg.com/originals/67/96/62/679662c98d5cbc74ee89e5b1b054f6f3.jpg,1500,2000,0,2026-09-06
2026-09-29,cabelo cacheado cuidados,AblzIH_6-InnzFIqFQUBga6YBV_sc0HprqhHPv6x5KoFjXnmLK2v0VCgZG9EYRjHkQRVorKhdRemiFzOp7fmg-I,10,2,0,Curl Foaming Gel - 6.7 fl,verbproducts.com,https://www.verbproducts.com/products/curl-foaming-gel?variant=41866165780569,https://i.pinimg.com/originals/a6/20/4b/a6204b5004068a9fca283dfb3af3f804.jpg,2000,2000,0,2026-04-29
2026-09-29,cabelo cacheado cuidados,AZrCDQq9l-jBH2okENSnqGBPs8V1ZGFLNUR3kYV1N-I0d3V65O9D7nQw0nurG3N1c9UKMHNW9OPTzoC7xr6tAEw,11,1,0,Shampoo for Thinning Hair,justnutritive.com,https://justnutritive.com/collections/onion-rosemary/products/onion-rosemary-shampoo,https://i.pinimg.com/originals/44/c7/6c/44c76c44f44adbf12f163d346a67cc1d.jpg,736,1104,0,2026-06-16
2026-09-29,cabelo cacheado cuidados,13933080093367208,12,484,0,"Se você tem cabelo cacheado, precisa conhecer estas dicas! 💜",instagram.com,https://www.instagram.com/ju.estetica.avancada,https://i.pinimg.com/originals/39/56/37/3956372bdc6ec9e0044a928e49a20fd8.png,1024,1536,0,2026-07-05
2026-09-29,cabelo cacheado cuidados,AYGGy9q8uIGwvtvyRSRzSGAPNLz6VmbhrCP4u6Viub1yWFhGr1GOngAUSCVhrHusltjVKUQ96g2kMNJqCuwRvBI,13,0,0,Curly Hair Styling Cream,inspireuplift.com,https://www.inspireuplift.com/curly-hair-styling-cream-moisturizing-curl-defining-cream/iu/21717375?variant=474837688,https://i.pinimg.com/originals/d2/16/b8/d216b8be5081a9db1581a81a77fd5c3a.jpg,1600,1600,0,2026-07-10
2026-09-29,cabelo cacheado cuidados,20195898327096265,14,2452,0,cuidados capilar,,,https://i.pinimg.com/originals/98/19/71/9819710a8c3453702ba71ebb1e038245.jpg,1080,1758,0,2025-11-18
2026-09-29,cabelo cacheado cuidados,15903404930746010,15,6794,0,Crescimento dos cachos,,,https://i.pinimg.com/originals/8a/98/5a/8a985a85feadf65551c23e6fbaae2e97.jpg,1080,1920,1,2026-02-23
2026-09-29,cabelo cacheado cuidados,AY4RNPizy6LrC5kUeteHR9IGn_pJJh7SQvTooIwfmQfeoDx9_wB7z0FotKyRxQHfVANhZRkdnSXHuPCNK9QgLzQ,16,257,0,A Routine Built Around,prose.com,https://prose.com/consultation/haircare/first-question,https://i.pinimg.com/originals/23/16/f3/2316f36759900818290d2485292d5d49.jpg,1080,1920,1,2026-06-29
2026-09-29,cabelo cacheado cuidados,Ab066Q_ebRPxvbudfyMDqc_NNqOd5JgNIuqQeHbkii2dGTWyKNFcj3UayOnZiVs8XJVxjwX3gCjXBk3P8sQfNzo,17,0,0,CurlsDefineHer Hair Cream,gkhair.com,https://www.gkhair.com/products/curlsdefineher-pro?variant=40161266860134&utm_medium=cpc&utm_source=pinterest&utm_campaign=Pinterest%20Shopping&country=US,https://i.pinimg.com/originals/e8/5a/35/e85a35bab7f6b5038f25dcea1095cd67.jpg,1087,1209,0,2025-05-19
2026-09-29,cabelo cacheado cuidados,5629568279962631,18,4143,0,Vai cuidar do cabelo? faça da forma correta!!,,,https://i.pinimg.com/originals/8a/e8/d8/8ae8d807cc48e88854a31c7af16d2f43.jpg,736,1308,0,2025-12-07
2026-09-29,cabelo cacheado cuidados,1129348044091502664,19,1,0,"Cabelo cacheado, hidratação profunda, nutrição capilar, reconstrução capilar, cronograma capilar",s.shopee.com.br,https://s.shopee.com.br/9AOenwpQj4?channel_type=pinterest,https://i.pinimg.com/originals/a1/c8/df/a1c8df99ca6b1c3e3e7a4f2aa471612c.jpg,675,1200,0,2026-09-15
2026-09-29,cabelo cacheado cuidados,948289265311295458,20,0,0,Já me segue posto dicas todos os dias✅😍✨ #viral #cachos #cacheadas #dicas #instagood,instagram.com,https://www.instagram.com/reel/DcOa5DUxfUz/,https://i.pinimg.com/originals/25/ba/e1/25bae1ddedfe5ca27a3268085314c5ec.jpg,720,1280,1,2026-09-18
2026-09-29,cabelo cacheado cuidados,AeT5JJothiKtbGfeqJ0b_yUgO8Vwyvu-CY4x-X8mrN0E_NnmphIGsuat7AFzHHeKMQd-UZymrheKGe_TeyCI8MA,21,1,0,Temu | Un Juego de 3,temu.com,https://www.temu.com/ul/kuiper/un3.html?subj=dpa-un&_bg_fs=1&_p_jump_id=1082&_x_vst_scene=adg&goods_id=606204013176642&adg_ctx=a-3fa98599~c-a79641d4&_p_rfs=1&_x_ads_channel=pinterest&_x_ads_creative_id=%7Bproduct_partition_id%7D&_x_ads_id=%7Badgroupid%7D&_x_ads_set=%7Bcampaignid%7D&_x_ads_sub_channel=shopping&_x_ns_catalog_id=1580405374697&_x_ns_creative=%7Badid%7D&_x_ns_product_id=103414759449863,https://i.pinimg.com/originals/03/3e/b9/033eb962a1d4ed639e9a3058aa1566f0.jpg,1254,1254,0,2026-08-09
2026-09-29,cabelo cacheado cuidados,AbngxCAzn5akG6RInNwGZuw_I3NB5Eqv6kTc2jt8kFtHyHk4oSDO3wJS26sPZ-BZHjXe_cTrlflVFrpRHqYdfTU,22,1,0,Temu | Moisturizing,temu.com,https://www.temu.com/ul/kuiper/un3.html?subj=dpa-un&_bg_fs=1&_p_jump_id=1082&_x_vst_scene=adg&goods_id=601105572586089&adg_ctx=a-4b117e50~c-f7e0c458&_p_rfs=1&_x_ads_channel=pinterest&_x_ads_creative_id=%7Bproduct_partition_id%7D&_x_ads_id=%7Badgroupid%7D&_x_ads_set=%7Bcampaignid%7D&_x_ads_sub_channel=shopping&_x_ns_catalog_id=1567707391772&_x_ns_creative=%7Badid%7D&_x_ns_gid=601105572586089&_x_ns_,https://i.pinimg.com/originals/de/06/27/de062715250324b3ea8946e5adf37d71.jpg,800,800,0,2026-06-12
2026-09-29,cabelo cacheado cuidados,AcQCf1r6hA9EvyD9TSkZEr2GonNIwdIVaIh1laUB2xa6Vqy2G0ZqBSxqGU0xCwh8_y5LoakRslNHPGVVm4RAIqk,23,0,0,Moisturizing Hair Volume,westeds.com,https://westeds.com/products/moisturizing-hair-volume-leave-in-conditioner?variant=6afa3691-0f25-446a-9600-568748261442,https://i.pinimg.com/originals/05/45/0b/05450be8eaae79a322eb0f3f082ff8a2.jpg,688,1032,0,2026-09-20
2026-09-29,cabelo cacheado cuidados,54887689204195518,24,649,0,Meu Ritual de Haircare Relaxante | Cuidando dos Meus Cachos Com Carinho ✨,,,https://i.pinimg.com/originals/2c/09/4a/2c094abd72e512b56255d5fa61a45a8d.png,576,1024,0,2025-08-27
2026-09-29,cabelo cacheado cuidados,AcmmFSM0MqXvN-ylL6Pf-7gcaeF7jWJ4Yp4SqMfWT-BT8vae5JlzLCG0fAZ9bv-22GUf2WiocbWjesfYmPvvRt8,25,0,0,Beautiful Hair with Tea:,amazon.com,https://www.amazon.com/Beautiful-Hair-Tea-Protocols-Healthier/dp/B0H32STZWP?ref_=pinterest_fplfs,https://i.pinimg.com/originals/8b/16/81/8b1681d95cf98f5e997ce6d042ef83e2.jpg,1000,1499,0,2026-08-09
2026-09-29,cabelo cacheado cuidados,1129277675347860160,26,74,0,"10 DICAS PARA CUIDAR DO CABELO CACHEADO que eu queria ter aprendido antes 🌀🎀 Se você quer cachos mais definidos, saudáveis e um day after melhor, salva essas dicas porque elas podem mudar a sua rotina",instagram.com,https://www.instagram.com/p/DdAYD5pDddG/,https://i.pinimg.com/originals/76/e4/96/76e496747f2347fc25cea7d769c2c2c9.jpg,1080,1439,0,2026-09-08
2026-09-29,cabelo cacheado cuidados,678073287692945656,27,7,0,Dicas preciosas para os seus cachos 🥰⭐,,,https://i.pinimg.com/originals/de/dc/b3/dedcb3a41d59f11eb96d31a5cd5c331d.png,1024,1536,0,2026-07-15
2026-09-29,cabelo cacheado cuidados,4785143352422527,28,126,0,"Cachos lindos começam com pequenos cuidados! Hidrate, proteja e valorize a beleza natural",,,https://i.pinimg.com/originals/78/02/e0/7802e0e7924cb2239ba4fe6ce6569d3e.png,1024,1536,0,2026-06-30
2026-09-29,cabelo cacheado cuidados,225039312633766249,29,4,0,5 hábitos que ajudam a diminuir o frizz dos cachos! 🌀✨,,,https://i.pinimg.com/originals/fe/38/76/fe38768ea9a947a6b01cf61913cb8702.png,1024,1536,0,2026-09-11
2026-09-29,cabelo cacheado cuidados,AU2G6MakaHZf3dfU3WVsR0Y5y89dn7-AovEhCA-DSMJspBDGM9WoNaGZjHb9E2ZlaTxJMy6nQvdsHEr0VHFFbO4,30,1,0,Temu | Zoraely -defining,temu.com,https://www.temu.com/ul/kuiper/un3.html?subj=dpa-un&_bg_fs=1&_p_jump_id=1082&_x_vst_scene=adg&goods_id=606297378368922&adg_ctx=a-e957131a~c-2e5b730e&_p_rfs=1&_x_ads_channel=pinterest&_x_ads_creative_id=%7Bproduct_partition_id%7D&_x_ads_id=%7Badgroupid%7D&_x_ads_set=%7Bcampaignid%7D&_x_ads_sub_channel=shopping&_x_ns_catalog_id=1567707391772&_x_ns_creative=%7Badid%7D&_x_ns_product_id=94905422629211&,https://i.pinimg.com/originals/01/3e/80/013e80f32b0dc4ffd2a8bb0deeca153d.jpg,2000,2000,0,2026-07-15
2026-09-29,cabelo cacheado cuidados,310607705569143727,31,214,0,ROTINA CAPILAR PARA CACHEADAS!! / JÁ SALVA PARA NÃO PERDER!!,,,https://i.pinimg.com/originals/91/84/01/918401df0c1048585d6f35f46b8ae40f.png,576,1024,0,2025-06-21
2026-09-29,cabelo cacheado cuidados,24980972928480503,32,2382,0,Cuidados com Cabelo Cacheado! Como evitar Frizz no cabelo!,,,https://i.pinimg.com/originals/6a/6f/99/6a6f99c597e8c076b2e5ddb2fa2385a3.jpg,676,1201,0,2024-10-25
2026-09-29,cabelo cacheado cuidados,AeKKQ_QcIaAxOqmd679WhnTlQUhpCx_ratQ9hsbf7Gh7eaPxbQpPJ3g7ZhdrdUalOTtzvJaqIcyGGJVTql4GNYo,33,154,0,Hair Growth Grease,baskandlatherco.com,https://baskandlatherco.com/products/stimulating-scalp-and-hair-balm?_pos=1&_psq=stim&_ss=e&_v=1.0,https://i.pinimg.com/originals/26/5a/8a/265a8ad2f4df911b251e2ea14dca3d7b.jpg,736,1308,1,2025-11-02
2026-09-29,cabelo cacheado cuidados,221028294207243825,34,30,0,,,,https://i.pinimg.com/originals/73/63/f6/7363f64d55dfb9446782bd17fa8a954d.jpg,736,1307,0,2026-09-03
2026-09-29,cabelo cacheado cuidados,1116189088938130181,35,5,0,"Rotina para cachos 2A, 2B, 2C",s.shopee.com.br,https://s.shopee.com.br/905645Vzla?channel_type=pinterest,https://i.pinimg.com/originals/58/f9/f7/58f9f78dd642a5a50098f6bef4d13c58.png,1024,1536,0,2026-09-10
2026-09-29,cabelo cacheado cuidados,88453580177190050,36,127,0,"Cronograma Capilar para Cachos Porosos | Hidrate, Nutra e Reconstrua seus Cachos",,,https://i.pinimg.com/originals/f0/c9/59/f0c95972875ec5c8aee7fd74722746fb.png,1024,1536,0,2026-08-21
2026-09-29,cabelo cacheado cuidados,AXf-cP1XAyAihjilifc9bu1GA3NKkqIE-CrtOrXLe04fBBE7PJbW95U9LxxiTS2QgaedlKn2ht6n0-dC4ZdjM-s,37,0,0,Temu | 7-in-1 Moroccan,temu.com,https://www.temu.com/ul/kuiper/un3.html?subj=dpa-un&_bg_fs=1&_p_jump_id=1082&_x_vst_scene=adg&goods_id=601105360564127&adg_ctx=a-070dd8c3~c-2b91a20c&_p_rfs=1&_x_ads_channel=pinterest&_x_ads_creative_id=%7Bproduct_partition_id%7D&_x_ads_id=%7Badgroupid%7D&_x_ads_set=%7Bcampaignid%7D&_x_ads_sub_channel=shopping&_x_ns_catalog_id=1567707391772&_x_ns_creative=%7Badid%7D&_x_ns_gid=601105360564127&_x_ns_,https://i.pinimg.com/originals/f2/d7/3d/f2d73d23bab61e1cfd4a8f740db5f0ba.jpg,2000,3000,0,2026-08-14
2026-09-29,cabelo cacheado cuidados,972214638328740824,38,1,0,,,,https://i.pinimg.com/originals/b7/4b/65/b74b6536cf2a5b99828b8d4a1aa629cf.jpg,736,1104,0,2026-07-16
2026-09-29,cabelo cacheado cuidados,AbSLbed_uC-iPb6u-QB9RtEyiId0_22zCMAuS4OwJLiXPryIa_DvJpMNTldBqULX-byziI5Y0q9pFVY-VxjpbIY,39,1,0,Temu | Acondicionador con,temu.com,https://www.temu.com/ul/kuiper/un3.html?subj=dpa-un&_bg_fs=1&_p_jump_id=1082&_x_vst_scene=adg&goods_id=601104501453183&adg_ctx=a-52035e18~c-bfece679&_p_rfs=1&_x_ads_channel=pinterest&_x_ads_creative_id=%7Bproduct_partition_id%7D&_x_ads_id=%7Badgroupid%7D&_x_ads_set=%7Bcampaignid%7D&_x_ads_sub_channel=shopping&_x_ns_catalog_id=1580405374697&_x_ns_creative=%7Badid%7D&_x_ns_gid=601104501453183&_x_ns_,https://i.pinimg.com/originals/4b/55/aa/4b55aa64eae3caa5c2e6f33c75347215.jpg,2000,3000,0,2026-09-12
2026-09-29,cabelo cacheado cuidados,59954238841386582,40,54,0,Instagram,instagram.com,https://www.instagram.com/p/DZTImEFDsfv/,https://i.pinimg.com/originals/37/37/86/373786a775bf33d0ad6c108d98eb93a9.webp,1080,1440,0,2026-06-10
2026-09-29,cabelo cacheado cuidados,225039312633764842,41,8,0,Qual é o seu tipo de cacho? 💕 Descubra e cuide melhor dos seus fios!,,,https://i.pinimg.com/originals/71/6d/a2/716da21a2634115d504242181adb58b1.png,1024,1536,0,2026-09-10
2026-09-29,cabelo cacheado cuidados,AYqByJf6ur2w-F0cY8VZj084Sj5IUQnMrb9ZjAur0NalAbw12C4piBfm_Myma3vdFCkhJIJ3VuOXQqvXx6ZWULo,42,5,0,Keratin Hair Mask,glizm.com,https://glizm.com/products/keratin-hair-mask?variant=53656149721356,https://i.pinimg.com/originals/f3/69/ff/f369ff17ecbd522f3e35227a5dd3c026.jpg,679,665,0,2026-08-07
2026-09-29,cabelo cacheado cuidados,AdUbBvChFamo6-1nrVkBwbKDc70svPXv2GH2tI-Ty_1qzDf9VjaT5zjIoZA9AOGkK3IbdHUrRfhwX6o5_LcokJk,43,2,0,Temu | 100G Styling para,temu.com,https://www.temu.com/ul/kuiper/un3.html?subj=dpa-un&_bg_fs=1&_p_jump_id=1082&_x_vst_scene=adg&goods_id=601104225045871&adg_ctx=a-3ce81427~c-c0d55b8e&_p_rfs=1&_x_ads_channel=pinterest&_x_ads_creative_id=%7Bproduct_partition_id%7D&_x_ads_id=%7Badgroupid%7D&_x_ads_set=%7Bcampaignid%7D&_x_ads_sub_channel=shopping&_x_ns_catalog_id=1580405374697&_x_ns_creative=%7Badid%7D&_x_ns_gid=601104225045871&_x_ns_,https://i.pinimg.com/originals/41/97/39/419739fc8d8bdcd1243e0660c518d6ff.jpg,2000,2000,0,2026-06-26
2026-09-29,cabelo cacheado cuidados,52072939436111277,44,1078,0,Certo e errado no tratamento dos cabelos,,,https://i.pinimg.com/originals/d6/70/9f/d6709fe7149e15f1ad55eff4fd39d367.png,1080,1920,0,2024-12-07
2026-09-29,cabelo cacheado cuidados,Acrg6a6uKNrWevOscLxT1q-ukAZjvObHaPqMONqRZ7V1M3nxEloj8PwQVQ97vRA6kiPP8VK0fmOEgHPChcCJbm8,45,1,0,Temu | 1 botella de,temu.com,https://www.temu.com/ul/kuiper/un3.html?subj=dpa-un&_bg_fs=1&_p_jump_id=1082&_x_vst_scene=adg&goods_id=601105551923573&adg_ctx=a-20b7a9e1~c-cc3f300e&_p_rfs=1&_x_ads_channel=pinterest&_x_ads_creative_id=%7Bproduct_partition_id%7D&_x_ads_id=%7Badgroupid%7D&_x_ads_set=%7Bcampaignid%7D&_x_ads_sub_channel=shopping&_x_ns_catalog_id=1580405374697&_x_ns_creative=%7Badid%7D&_x_ns_gid=601105551923573&_x_ns_,https://i.pinimg.com/originals/48/02/17/480217df081b6c81e041b169bf45ae28.jpg,800,800,0,2026-06-14
2026-09-29,cabelo cacheado cuidados,225039312633764973,46,1,0,"Cachos e Ondas: mais brilho, definição e movimento! 💕",,,https://i.pinimg.com/originals/2e/77/e8/2e77e8f369f22fb44cb8fdd92f1b0b21.png,1024,1536,0,2026-09-11
2026-09-29,cabelo cacheado cuidados,AYONetI-LQ-OxDizIrnjzkD3Ot9W-vSo-65Hbbh163YXAVf2t1pYGLgHRwvDHqw_SWZdhjU89tkKO0TE56Sm2sI,47,9,0,Overtone The Gloss at,freepeople.com,https://www.freepeople.com/shop/overtone-the-gloss?color=000&inventoryCountry=US&countryCode=US,https://i.pinimg.com/originals/3f/87/96/3f8796504999e19806cff4e90966ff37.jpg,975,1463,0,2026-02-28
2026-09-29,cabelo cacheado cuidados,698902435947072791,48,61,0,"Se torne agora um especialista em cabelos cacheados,crespos e ondulados",rodrigovizu.com.br,https://rodrigovizu.com.br/metodo-rv/?ref=T84895611D,https://i.pinimg.com/originals/ae/31/e5/ae31e5c67115b33ecefcee86d81820b9.jpg,736,983,0,2023-07-17
2026-09-29,cabelo cacheado cuidados,AZY8ZHbMyGi_y_vEYHDCrVd4oHLt2r9YEDeU6f5geQ1MAUfrRZajHJq6I7zY7ys3aQ3BrCo6nBUho-v6Ndoppq0,49,10,0,Revive Your Hair with,platedskinscience.com,https://platedskinscience.com/products/hair-serum,https://i.pinimg.com/originals/dd/5f/1e/dd5f1e5b3e06c11dc5738afa3dea35be.jpg,720,1280,1,2026-03-10
2026-09-29,cabelo cacheado cuidados,AbsCuIxXDvLb-tYbeV-xyzWLNnTtRwnV0EDMD0n1FXDRNH4Ygh_aC8AAwCyKRQWUtFUXqvGzC-qO8jDaN6iEIL0,51,1,0,New Dyson Airwrap,dyson.com,https://www.dyson.com/hair-care/hair-stylers/airwrap-co-anda2x/straight-wavy-ceramic-pink-rose-gold?utm_id=pin_%7Bcampaignid%7D_%7Badgroupid%7D_%7Badid%7D&utm_source=pinterest&utm_medium=p_social&utm_campaign=%7Bcampaignname%7D&utm_content=%7Badid%7D&utm_term=%7Badgroupid%7D,https://i.pinimg.com/originals/2a/00/6f/2a006f0b906efe1c98d206f88217e766.jpg,1819,3232,0,2026-08-06
2026-09-29,cabelo cacheado cuidados,1129348044091502320,52,5,0,"Cabelos cacheados, cachos definidos, cachos perfeitos, hidratação, nutrição, reconstrução,",s.shopee.com.br,https://s.shopee.com.br/1BMNGh7DoX?channel_type=pinterest,https://i.pinimg.com/originals/f8/ce/ab/f8ceab1aeeeae306d1599e412a8f90ec.jpg,736,1308,0,2026-09-15
2026-09-29,cabelo cacheado cuidados,AXCPv74aCmPusao8diTU2hGqne04VWhLVAwHv87GY36LIu6Hqs3Q0Tqqj-u3hKDvWyqX76YwnoyUskseXI1MUGo,53,82,0,Scalp is skin... Healthy,cerave.com,https://www.cerave.com/skin-smarts/hair-and-scalp-expertise/non-medicated-haircare-systems?utm_source=pinterest&utm_medium=social_post_paid&utm_content=cer_haca_nonmedicated_display_aw&utm_campaign=cer_haca_nonmedicated_1h'26_none,https://i.pinimg.com/originals/46/fc/28/46fc28285fe70211b53c487e8be6af7e.jpg,1000,1500,0,2026-03-18
2026-09-29,cabelo cacheado cuidados,225039312633779832,54,3,0,5 Truques para Deixar os Cachos Mais Definidos ✨ | Dicas para Cabelos Cacheados,,,https://i.pinimg.com/originals/56/79/c3/5679c328cd585a687710d6b0b35019b1.png,1024,1536,0,2026-09-17
2026-09-29,cabelo cacheado cuidados,AaiC2VkdJ_UrBaKFJY2V92fNADubQwRBdDW5dnpV-5aXYEPe12V1EPS73m10-jRptqCH58jRWdTdG0kQ2i0pXXQ,55,1,0,Shop the Latest Act+Acre,dermstore.com,https://www.dermstore.com/p/act-acre-stem-cell-thickening-foam-for-volume-fuller-looking-hair-120ml/17977311/,https://i.pinimg.com/originals/87/97/0d/87970dfb0595c150958a8690315a57a9.jpg,1080,1920,0,2026-09-23
2026-09-29,cabelo cacheado cuidados,281543726536133,56,1356,0,,,,https://i.pinimg.com/originals/dc/19/96/dc199687612678c53808c2a81593ef4d.jpg,1080,1920,0,2026-01-05
2026-09-29,cabelo cacheado cuidados,142004194499794157,57,537,0,Como cuidar do seu crespo!😊🍪,,,https://i.pinimg.com/originals/0e/34/71/0e347108b3c495eeb192ac1869a8f9df.png,1122,1402,0,2026-07-27
2026-09-29,cabelo cacheado cuidados,621919029837457588,58,6,0,Como cuidar dos seus cachinhos🩷,,,https://i.pinimg.com/originals/22/37/09/22370945a2a99232c21c0baf605024c1.jpg,1080,1920,0,2026-09-16
2026-09-29,cabelo cacheado cuidados,1140536674431688065,59,1,0,💗✨ Kit para Cuidar dos Cachos em Casa Quem tem cabelo cacheado sabe: ter os acessórios certos faz,s.shopee.com.br,https://s.shopee.com.br/70K5KyReqj?channel_type=pinterest,https://i.pinimg.com/originals/99/73/78/9973783b553ab86770934f5afee27c7a.jpg,1080,1920,0,2026-09-12
2026-09-29,cabelo cacheado cuidados,442830575882783935,60,171,0,->⁠☆ produtos q eu uso no meu cabeloo :3,,,https://i.pinimg.com/originals/f3/29/81/f3298173972e5c9ea9e4b8b46ad63234.jpg,736,1308,0,2026-04-25
2026-09-29,cabelo cacheado cuidados,26317979065685880,61,16718,0,Como acabar com o frizz em cabelo cacheado,mylifeasgi.wordpress.com,https://mylifeasgi.wordpress.com/2020/08/31/como-acabar-com-o-frizz-em-cabelo-cacheado/,https://i.pinimg.com/originals/0c/1a/e2/0c1ae243db7c74677150baf5aa7f01af.png,819,1024,0,2023-01-15
2026-09-29,cabelo cacheado cuidados,1105000458607767089,62,1,0,Kit Completo para Cabelos Cacheados e Ondulados,s.shopee.com.br,https://s.shopee.com.br/W6ctcmoKs?channel_type=pinterest,https://i.pinimg.com/originals/23/43/b2/2343b21efa28386b177dc4841b8c8d81.png,1024,1536,0,2026-09-15
2026-09-29,cabelo cacheado cuidados,742531057360367714,63,4,0,,,,https://i.pinimg.com/originals/d9/29/fd/d929fd244483170d3e5330974f60bcc1.jpg,1080,1920,0,2026-09-12
2026-09-29,cabelo cacheado cuidados,1100919071897843017,64,1,0,Escova Finalizadora para Cabelos Crespos | Cabelos Cacheados | Definição de Cachos,meli.la,https://meli.la/2Fo91u2,https://i.pinimg.com/originals/de/55/5e/de555e7fa7af89e04a16961360870b50.png,1024,1536,0,2026-09-16
2026-09-29,cabelo cacheado cuidados,ATwDWYKiJezi3-6CNxV8GehwcA-wSytPh6QdO1S9OdJsZLBJrbAowdZPK_zGWX77Aqjmd7kns7udMrWlegcq2q0,65,1,0,Healthy blonde refresh,schwarzkopf.com,https://www.schwarzkopf.com/brands/hair-color/keratin-color/keratin-blonde.html?utm_source=pinterest&utm_medium=social_paid&utm_campaign=SK_USA%20_Brand%20Site_Schwarzkopf-Keratin-Color_Jul-2026&utm_term=Keratin%20Color&utm_content=q3_sk_blonde_2026_hairstylingmom,https://i.pinimg.com/originals/3e/8f/a5/3e8fa5e7358dfded25d575ec375bb22a.jpg,1000,1500,1,2026-07-21
2026-09-29,cabelo cacheado cuidados,12666442698581014,66,125,0,Projeto Rapunzel: 6 Segredos para o Cabelo Cacheado Crescer Rápido e Forte ✨🌸,,,https://i.pinimg.com/originals/97/51/b8/9751b8bac275b33ff80d59a29d21d018.jpg,1200,1800,0,2026-09-05
2026-09-29,cabelo cacheado cuidados,225039312633728804,67,9,0,Cabelo liso x cacheado: qual rotina dá mais trabalho? 😂,,,https://i.pinimg.com/originals/24/0f/17/240f17db5cf84a43740eab1f06055ad8.png,1086,1448,0,2026-08-28
2026-09-29,cabelo cacheado cuidados,377880225009435177,68,32,0,,,,https://i.pinimg.com/originals/e3/a4/d6/e3a4d6af4710c77b466ea18d4c95a06d.png,1024,1536,0,2026-09-15
2026-09-29,cabelo cacheado cuidados,78601955991435816,70,273,0,Como cuidar dos seus cabelos,,,https://i.pinimg.com/originals/04/eb/f2/04ebf21bc469a84505ea1d9bc19d9c6e.jpg,736,1041,0,2026-02-01
2026-09-29,cabelo cacheado cuidados,590816044911679122,71,61,0,como ter o cabelo grande?,,,https://i.pinimg.com/originals/40/7f/fd/407ffd6c8723eada52a4bbaa7cf3626f.jpg,736,1104,0,2026-04-12
2026-09-29,cabelo cacheado cuidados,27514247717611041,72,1720,0,Você faz certo?,,,https://i.pinimg.com/originals/c0/10/a2/c010a229afe6cbd4ff92f2f09377ce08.png,1080,1920,0,2025-01-14
2026-09-29,cabelo cacheado cuidados,382031980915368809,73,1,0,Top 5 cremes que mais definem os cachos ✨ Qual teu creme de pentear favorito irmã? #finalizacaodecachos #curlyhair #cachosdefinidos #hairvideos #fy,instagram.com,https://www.instagram.com/reel/DdaNST1MVhJ/,https://i.pinimg.com/originals/27/20/ad/2720ad1130e241387674a74e61f863b2.jpg,1320,2347,0,2026-09-18
2026-09-29,cabelo cacheado cuidados,430023464444889070,74,72,0,Como cuidar do cabelo ondulado❤❤,,,https://i.pinimg.com/originals/a9/dd/04/a9dd04afe821a1d7d01f496dcf62512d.jpg,1024,1536,0,2026-09-18
2026-09-29,cabelo cacheado cuidados,3940718419977072,75,2820,0,,,,https://i.pinimg.com/originals/97/30/ce/9730ce0ff6c7647f155c3b9e039595cd.jpg,720,1280,0,2025-03-28
2026-09-29,cabelo cacheado cuidados,131026670405246007,76,2273,0,,shffls.com,https://www.shffls.com/shuffles/AZ1PsW-Xp6J4FmRoJjvEIpRgn5vE8elP44KCSeNQrl5XXBUJpyNypnUo25lH7_r3Rw,https://i.pinimg.com/originals/ed/fb/81/edfb8151302cb804ae1f1848349dd7ea.jpg,1080,1920,0,2025-12-30
2026-09-29,maquiagem natural dia a dia,ARHh0jMKm2iIa-XiPiBdWDQAzuPIUbFelgt3m7O54GTlhM8vS8KdQU2YyXs-UGDGSzQMg4IAIXmoux5Cg_p-qkA,1,0,0,new to the soft glam fam!,elfcosmetics.com,https://www.elfcosmetics.com/holy-grail-collections/soft-glam-collection?utm_source=Paid_Social_Pinterest&utm_medium=paidsocial&utm_campaign=%7Bcampaignid%7D&utm_content=%7Badgroupid%7D&utm_term=%7Bproduct_name%7D,https://i.pinimg.com/originals/d1/7c/d7/d17cd79691f122e77617d3be2f242619.jpg,1080,1920,1,2026-05-11
2026-09-29,maquiagem natural dia a dia,26669822789170893,2,503,0,makeup look,,,https://i.pinimg.com/originals/b5/e0/ef/b5e0ef27405a38ad377e690bbddc38da.webp,1184,2096,0,2026-09-05
2026-09-29,maquiagem natural dia a dia,ASD0s0cGtfbPZR3WuK6NFAsPdDqZcjTkxOfFAoNu__ZHXtBvc0Mj3IPLuG9gZx3BrIpXM-8P11nMnl-rGKFbarM,3,339,0,Find lip combos from,kohls.com,https://www.kohls.com/catalog/sephora-lip-makeup.jsp?CN=Partnership:Sephora+Product:Lip+Category:Makeup&BST=8052649:8052687:8052669:7083604:7097437:5078497:7954167:6602960:8061222&icid=social-paid-pnstat-sephoralipcombos-np-2608wk2&cid=SO26PDPIN0620&utm_campaign=paid_social&utm_medium=paid_social&utm_source=pinterest&utm_content=2026pdpin620,https://i.pinimg.com/originals/f6/69/d5/f669d5e6ff0c44f9075a1b531434553c.jpg,1000,1500,0,2026-08-14
2026-09-29,maquiagem natural dia a dia,AYe4tLcQZyFULSomy9z6aaiBdb8S9-sJmwqQDBVOSf3CjdSxJN_c8OvfZET7_3NViyZD7JatuGoehzucxiTaoyY,4,0,0,"Eyeshadow Palette,",us.shein.com,https://us.shein.com/ark/default?scene=1&test=5051&ad_type=DPA&goods_id=106331359&pf=PINTEREST&url_from=PINADSDPA&ismg=caa0371fbb714d7822b216835dfc6fae504d2b8ee0f7f46c17b9959567eb16f7_01_1790613786,https://i.pinimg.com/originals/2e/fb/00/2efb000a9db968da1e54612215fe17a7.jpg,1340,1785,0,2026-01-21
2026-09-29,maquiagem natural dia a dia,AfIs01rvOWJ9NeaCTY8F8T8Q5jsnuhFy01x5489T3AAfpGNyl-igKkisgfYNl8R2ENwcTgWLhxmPG98pSuVO0CQ,5,1,0,Temu | 1pc Brown,temu.com,https://www.temu.com/ul/kuiper/un3.html?subj=dpa-un&_bg_fs=1&_p_jump_id=1082&_x_vst_scene=adg&goods_id=601099686043838&adg_ctx=a-c5ad474a~c-835646a4&_p_rfs=1&_x_ads_channel=pinterest&_x_ads_creative_id=%7Bproduct_partition_id%7D&_x_ads_id=%7Badgroupid%7D&_x_ads_set=%7Bcampaignid%7D&_x_ads_sub_channel=shopping&_x_ns_catalog_id=1567707391772&_x_ns_creative=%7Badid%7D&_x_ns_gid=601099686043838&_x_ns_,https://i.pinimg.com/originals/1f/c6/06/1fc6061559e83819b1d5d7a69981eea9.jpg,2000,3000,0,2026-06-28
2026-09-29,maquiagem natural dia a dia,1078119598270474077,6,1,0,Ideias de maquiagens simples para o dia a dia,belezaempotencial0.wixsite.com,https://belezaempotencial0.wixsite.com/my-site-1/post/como-se-maquiar-para-o-trabalho-ideias-de-maquiagens-simples-para-trabalhar,https://i.pinimg.com/originals/cc/96/6b/cc966b6273bb13e2bb562bcb06656792.jpg,736,1237,0,2022-07-21
2026-09-29,maquiagem natural dia a dia,29484572557751506,7,6795,0,,,,https://i.pinimg.com/originals/a8/cf/8e/a8cf8e73faefb72beeb51bafabd7d85c.jpg,736,1104,0,2025-09-10
2026-09-29,maquiagem natural dia a dia,ASB67iCHR40UD214LZ2mdcSEv0gDnwcRneVV6jTNl8zfg87Rqt-hunOYWWIcz1MV_AfNiwTJmx8kcT92GHi64n0,8,2,0,Curtain Call | A Smokey,runwayroguebeauty.com,https://runwayroguebeauty.com/products/curtain-call?variant=55168365953393,https://i.pinimg.com/originals/f2/cf/41/f2cf41cd106c1807409f578b6baa1f05.jpg,1175,1200,0,2025-05-03
2026-09-29,maquiagem natural dia a dia,ASyXEMCSSishqjMJYu5Xc7ygbXhlhHsg13Mqp9xcU4SuaVl_b4ugjILZJtECjit28WTNN88rSm_E37PMr1c0vwA,9,169,0,SOFT GLAM,staticnails.com,https://staticnails.com/products/maglashsoftglamblk?variant=39817851109459,https://i.pinimg.com/originals/9d/69/02/9d69025f137b5ae3408a78a39880f67f.jpg,1050,1400,0,2022-09-11
2026-09-29,maquiagem natural dia a dia,ASky6wK7LraeWwoWv2Las9Z5FMvB6oR0ll_tlIAIicbjq0wkomc5B3JyF0KWj00oTnnGQarfkpLzewGaqubX6O4,10,0,0,Glitter-Gradient,tupodes.com,https://tupodes.com/products/yangy?variant=595859a0-34ac-42bc-823c-416423d65887,https://i.pinimg.com/originals/0e/b4/94/0eb49459e390b59c459e99e616da2637.jpg,800,800,0,2026-09-22
2026-09-29,maquiagem natural dia a dia,2462974792127589,11,18346,0,Amanda Khamkaew,,,https://i.pinimg.com/originals/36/13/98/3613983f166ceecfd01673ab216389e4.jpg,1230,1686,0,2025-02-15
2026-09-29,maquiagem natural dia a dia,857654322810961870,12,4665,0,Natural makeup,,,https://i.pinimg.com/originals/b1/90/7f/b1907ffa4e7ca2bd2e10500df7ed5ce6.jpg,1080,1920,0,2023-03-27
2026-09-29,maquiagem natural dia a dia,AezRNcDWnA3KB1eRenULFSbvfXz6lYrI5m_x_D6e8ZCwP0arodbRvsoBocn50cEZCZVZq12hReqBEbfce2kSja4,13,7,0,Heart Shaped Color Pink,inspireuplift.com,https://www.inspireuplift.com/heart-shaped-color-pink-orange-eyeshadow-palette-with-facial-blusher/iu/21622946?variant=473361372,https://i.pinimg.com/originals/a7/6a/c5/a76ac50c9a5ef5caca7bda93e5c7434a.jpg,800,800,0,2026-07-08
2026-09-29,maquiagem natural dia a dia,8444318048210524,14,148,0,,,,https://i.pinimg.com/originals/fd/bd/4c/fdbd4c02e004f96bca9ce5a2d823c60c.jpg,736,1104,0,2026-09-03
2026-09-29,maquiagem natural dia a dia,AY5690guuWbMdimGC9flN3QcuT72xf-8m2hunOIwM5mXN03g4oRJxXe2pu1DjA-s09h6Vgf-U7N1HknDXy0n5sM,15,9,0,RMS Beauty Magic,freepeople.com,https://www.freepeople.com/shop/rms-beauty-magic-luminizer/?color=001&size=One+Size&type=STANDARD,https://i.pinimg.com/originals/7c/54/84/7c5484ca00011316f5f47612e81beb17.jpg,975,1463,0,2026-04-22
2026-09-29,maquiagem natural dia a dia,AdpE1EcVpEj3zZEaUX8zvavpzlaL5o3PuiKFOczGE5cEyskQyRuUWkMlyXXKVZ2uFrfIo5bEj9K5s9hbSzsYWOs,16,0,0,Sephora takes the,sephora.com,https://www.sephora.com/beauty/best-foundations,https://i.pinimg.com/originals/27/d3/7b/27d37becde21bf9d3ecb79e15cc58335.jpg,1080,1920,1,2026-08-12
2026-09-29,maquiagem natural dia a dia,3096293491930714,17,2507,0,,,,https://i.pinimg.com/originals/54/06/f7/5406f7b703c2e2e7c1944633b5181b36.jpg,736,1104,0,2026-06-19
2026-09-29,maquiagem natural dia a dia,2955556001630004,18,3174,0,,,,https://i.pinimg.com/originals/c5/b7/20/c5b720f88c40f4417ea7176038c97dee.jpg,781,1200,0,2024-11-08
2026-09-29,maquiagem natural dia a dia,AdG5yJvBi8Y3PQB9hNqQNMrQv4EO5JRcydhDrSQvvyDAwaIekFD0JTKSYv2uLc8K-KXuuOK1bqiAz9dZEeygovk,19,0,0,Temu | 1pc 2-in-1 Dual,temu.com,https://www.temu.com/ul/kuiper/un3.html?subj=dpa-un&_bg_fs=1&_p_jump_id=1082&_x_vst_scene=adg&goods_id=606353212979680&adg_ctx=a-50a2ef71~c-81247bb0&_p_rfs=1&_x_ads_channel=pinterest&_x_ads_creative_id=%7Bproduct_partition_id%7D&_x_ads_id=%7Badgroupid%7D&_x_ads_set=%7Bcampaignid%7D&_x_ads_sub_channel=shopping&_x_ns_catalog_id=1567707391772&_x_ns_creative=%7Badid%7D&_x_ns_gid=606353212979680&_x_ns_,https://i.pinimg.com/originals/b5/ab/60/b5ab6065a3b690fc5f8efff856f66036.jpg,2000,3000,0,2026-09-17
2026-09-29,maquiagem natural dia a dia,35677022044472638,20,634,0,♡,,,https://i.pinimg.com/originals/1e/84/60/1e846048d631b49c657f5514fb426f17.jpg,736,1308,0,2025-04-28
2026-09-29,maquiagem natural dia a dia,AXPhdY4nreSZHg54GWZBI-83KMGvHFDqlZj5KD-20I6uF5JcpSmEFJWYfoPh0c6TZmWV0xAbHWVhXW7x0H0LHi0,21,0,0,Mislens Saga Blue - Blue,mislensglobal.com,https://www.mislensglobal.com/products/mislens-saga-blue-1?variant=50498175008983,https://i.pinimg.com/originals/43/9f/29/439f29a9ce70275325dedc89c161c90d.png,1080,1440,0,2026-09-20
2026-09-29,maquiagem natural dia a dia,1196337405893211,22,1848,0,@iamangejose,,,https://i.pinimg.com/originals/fd/0b/c0/fd0bc00ab06912717bdb298baf8008d8.jpg,412,718,0,2026-09-02
2026-09-29,maquiagem natural dia a dia,13018286423810963,23,3908,0,,,,https://i.pinimg.com/originals/bb/70/67/bb70675a10c94c7e80b5d7599ee771ce.jpg,828,1438,0,2026-08-10
2026-09-29,maquiagem natural dia a dia,211174979557949,24,4544,0,Glowy Summer Makeup ✨🤍 #Makeup #GlowyMakeup #NaturalBeauty #SummerMakeup #Beauty,,,https://i.pinimg.com/originals/9f/bf/c4/9fbfc47a81ab7b1c2785fc04e5b29fcf.jpg,576,1024,0,2026-07-26
2026-09-29,maquiagem natural dia a dia,3237030979368999,25,26045,0,soft glam makeup eyes,,,https://i.pinimg.com/originals/d6/ab/f0/d6abf04239730ba472e0eb91c0852c6b.jpg,1080,1920,0,2026-09-17
2026-09-29,maquiagem natural dia a dia,1196337405657140,26,1952,0,15 Clean Girl Makeup Looks For Black Women |...,thrivenaija.com,https://www.thrivenaija.com/clean-girl-makeup-looks-for-black-women/,https://i.pinimg.com/originals/e6/23/2a/e6232a2cd615b1b900b07499fe705742.jpg,1024,1536,0,2026-06-04
2026-09-29,maquiagem natural dia a dia,422281212758095,27,29232,0,,,,https://i.pinimg.com/originals/e7/e9/9c/e7e99c4a2ad55af932c2d1b8135ef76d.jpg,736,1190,0,2026-05-16
2026-09-29,maquiagem natural dia a dia,13229392654535196,28,2061,0,,,,https://i.pinimg.com/originals/c3/f7/d5/c3f7d50af40319c36359f66c38d027e9.jpg,736,1104,0,2026-08-17
2026-09-29,maquiagem natural dia a dia,38280665580060060,29,131,0,Makeup,,,https://i.pinimg.com/originals/ef/35/7e/ef357ec91ee74eccc0e9808f1b478d5e.jpg,1015,1408,0,2026-08-20
2026-09-29,maquiagem natural dia a dia,2040762329021184,30,1556,0,Make básica,,,https://i.pinimg.com/originals/2f/75/f7/2f75f71b095e1804894f630c60cb9654.jpg,1080,1920,0,2025-12-02
2026-09-29,maquiagem natural dia a dia,3940718421059892,31,8550,0,UMA,,,https://i.pinimg.com/originals/6f/d7/15/6fd715bcdd486a01d6ef90e159cd654e.jpg,1064,1892,0,2026-03-18
2026-09-29,maquiagem natural dia a dia,112308584465193763,32,100,0,✨ Make Leve para o Dia a Dia,glowtrends26.blogspot.com,https://glowtrends26.blogspot.com/2026/07/maquiagem-basica-ou-elaborada-produtos.html,https://i.pinimg.com/originals/ae/b0/92/aeb092fd0f7ac74e2cab6fc3b70a62e4.png,1086,1448,0,2026-09-12
2026-09-29,maquiagem natural dia a dia,1147010598891291237,33,3,0,Natural Makeup Ideas for a Fresh Everyday Glow,,,https://i.pinimg.com/originals/70/47/6f/70476f3164ac374de4713e3f7d6a9e82.jpg,768,1376,0,2026-09-12
2026-09-29,maquiagem natural dia a dia,ASJHIbbnbVGlAm2ONV6Z-x5_ic7sgWXQSPXHjjXV9KhgiXkLoeCPNSj5zKiRu8f37JIHHEiJTnMX_dtjpBcL-W0,34,0,0,Makeup Minimalist Duo -,drmtlgy.com,https://www.drmtlgy.com/products/makeup-minimalist-duo-tan?variant=40718546501687,https://i.pinimg.com/originals/86/de/ee/86deee580e14aca672d921b23752c56d.jpg,1080,1080,1,2026-08-14
2026-09-29,maquiagem natural dia a dia,2885187258688662,35,2692,0,,,,https://i.pinimg.com/originals/db/3b/96/db3b963fa04d5db15cbcc00476b848d5.jpg,736,1104,0,2026-07-27
2026-09-29,maquiagem natural dia a dia,774124932001366,36,1742,0,Vanilla Girl Makeup for the Softest Everyday Glow 🍦,,,https://i.pinimg.com/originals/6e/2d/8f/6e2d8fb5a702208267588e29ce700de3.png,1122,1402,0,2026-08-31
2026-09-29,maquiagem natural dia a dia,3237030979185869,37,233,0,15 Effortless Glow Makeup Looks You’ll Love,herbeautyhacks.com,https://herbeautyhacks.com/10-natural-makeup,https://i.pinimg.com/originals/a4/87/bb/a487bbc98f7040ab5d69f392e697efb4.jpg,1024,1536,0,2026-07-11
2026-09-29,maquiagem natural dia a dia,4925880839772511,38,375,0,,,,https://i.pinimg.com/originals/80/d8/11/80d811bd4990de66e83c739dd5c6a705.jpg,703,1210,0,2026-08-26
2026-09-29,maquiagem natural dia a dia,448811919141102572,39,216,0,Everyday Natural Makeup Look | Glowy Skin & Glossy Lips,,,https://i.pinimg.com/originals/97/c1/7c/97c17c926e046f1779620a6db5c0e0ae.png,557,940,0,2026-09-18
2026-09-29,maquiagem natural dia a dia,1087197166325843647,40,7,0,Natural Makeup Look for Fresh and Glowing Everyday Beauty,tumblr.com,https://tumblr.com/ZYhQmMjaspkR8m00?r=7266047123,https://i.pinimg.com/originals/04/35/c7/0435c79d0d625373d064faa5c37b3681.jpg,781,1392,0,2026-09-12
2026-09-29,maquiagem natural dia a dia,4925880839679365,41,975,0,,,,https://i.pinimg.com/originals/39/5d/ef/395def15486b8a293f1332573000a57b.jpg,675,1200,0,2026-07-26
2026-09-29,maquiagem natural dia a dia,1147221705052265684,42,1537,0,Natural makeup,,,https://i.pinimg.com/originals/d8/bb/26/d8bb2620a3c7c5651dbaa9a9ab311de5.jpg,1080,1920,0,2022-05-01
2026-09-29,maquiagem natural dia a dia,492649954110780,43,2973,0,,,,https://i.pinimg.com/originals/5b/e5/1e/5be51edc77b6283db27fca13d355f0d3.jpg,736,1313,0,2025-06-05
2026-09-29,maquiagem natural dia a dia,817051557419222621,44,2542,0,Make Natural para o dia a dia!!! | Automaquiagem,,,https://i.pinimg.com/originals/97/76/a3/9776a3061933e201c21b5aa57ac76a2b.jpg,576,1026,1,2023-05-09
2026-09-29,maquiagem natural dia a dia,1407443631309346,45,4236,0,,,,https://i.pinimg.com/originals/0e/6b/96/0e6b96023421b5c2cc430abfa5033565.jpg,1080,1920,0,2026-09-14
2026-09-29,maquiagem natural dia a dia,2744449770034628,46,10358,0,🌞,,,https://i.pinimg.com/originals/f8/d4/17/f8d4170b94d55c054de0eaf7946b096d.jpg,768,1365,0,2026-04-15
2026-09-29,maquiagem natural dia a dia,20758848277781115,47,784,0,,,,https://i.pinimg.com/originals/43/8d/01/438d01c1f04601f9ce0268cd5cc26230.jpg,1080,1905,0,2025-09-09
2026-09-29,maquiagem natural dia a dia,633387444857279,48,2186,0,Inspiração de Maquiagem,,,https://i.pinimg.com/originals/9b/6c/88/9b6c88ecdb27dbe68d1499528e9deba5.jpg,675,1200,0,2026-09-15
2026-09-29,maquiagem natural dia a dia,AWdEvIE3LG3nJXGkIagVRf6dxjlDmSFxRQ7dvgN8DdP5BBH7jGhezWCc4chrJVKZPpYEIqO0qYKB-IxU9bxEotM,49,2,0,The Secret to Prettier,ninetyninedreams.com,https://ninetyninedreams.com/products/no-glue-rosea-lower-lashes,https://i.pinimg.com/originals/d2/4e/78/d24e785eaf378cf66529aebb7e9696c9.jpg,1080,1920,1,2026-07-03
2026-09-29,maquiagem natural dia a dia,633387444823893,51,6166,0,,,,https://i.pinimg.com/originals/fa/58/1c/fa581c1f0fa6d9c9406f84e9317d656b.jpg,1129,1882,0,2026-09-01
2026-09-29,maquiagem natural dia a dia,5136987071315473,52,787,0,,,,https://i.pinimg.com/originals/c8/cc/30/c8cc30332cc15af3c5c9e35a5918986c.png,640,1136,0,2026-07-12
2026-09-29,maquiagem natural dia a dia,20055160838359287,53,12079,0,Maquiagem natural para seu dia a dia,,,https://i.pinimg.com/originals/d6/9d/ae/d69dae5675864e269fff1a121a62b6c1.png,576,1024,0,2024-10-04
2026-09-29,maquiagem natural dia a dia,10485011674523737,54,1372,0,Fresh Glow Makeup Trends,,,https://i.pinimg.com/originals/ae/a9/1b/aea91ba87e187aac77a81cd1d124247c.png,1000,1500,0,2026-07-02
2026-09-29,maquiagem natural dia a dia,ASzosshmTnafAZeG8CD-tfVO2BIHgV10VAmL4-8_1gKKeonCrB3iZHaag2eyHNAczmx9CZ0fylYAVHtOKRnohZs,55,1,0,The Latest Beauty Drops,dermstore.com,https://www.dermstore.com/c/new-arrivals/,https://i.pinimg.com/originals/e8/85/ba/e885bae89b6e9ea83fa3c0510b451fc5.jpg,1080,1920,0,2026-08-10
2026-09-29,maquiagem natural dia a dia,1829656095495433,56,13150,0,,,,https://i.pinimg.com/originals/85/0d/04/850d04e5268a1343b6734b8f473a35a6.png,457,698,0,2026-02-21
2026-09-29,maquiagem natural dia a dia,AdrYqBMogVkiozom9ZvbAULg5_oAgEEDk3z_1YQuSi2Gq8-cWRUiRTqARiBA8YcQW0rHlSaXAE6N5VMR4jL2kV8,57,0,0,20-Color Eyeshadow,us.shein.com,https://us.shein.com/ark/default?scene=1&test=5051&ad_type=DPA&goods_id=111158298&pf=PINTEREST&url_from=PINADSDPA&ismg=1bc73def27ca1be11f02eec0166fab00d9bd2f2231467a2016ef1fb5d4d25608_01_1790613768,https://i.pinimg.com/originals/57/b4/9a/57b49a0aa41f2bd2310f84075faf67c5.jpg,1340,1785,0,2026-09-10
2026-09-29,maquiagem natural dia a dia,1337074890555067,58,602,0,,,,https://i.pinimg.com/originals/b3/56/9a/b3569a651962667ee711fe8b352a1055.png,864,1232,0,2026-07-15
2026-09-29,maquiagem natural dia a dia,3588874698690361,59,2761,0,,,,https://i.pinimg.com/originals/d4/1a/f9/d41af9bfcfe4f2ab92f47da964b008a7.jpg,1080,1919,0,2026-08-18
2026-09-29,maquiagem natural dia a dia,AYPElzeP2b6-Ch6EHGu0bR0xRzBfzNLj7e8XuBFXPGRx7gL_swkLlRjJ4kudiCKsShpIvmlukY8t9fX1EWJbw4w,60,106,0,"Bridal Skin, Perfected by",temptu.com,http://www.temptu.com/,https://i.pinimg.com/originals/33/a4/c9/33a4c926d65012c8f430b4779da460a1.png,1000,1500,0,2026-06-13
2026-09-29,maquiagem natural dia a dia,4433299629230876,61,42848,0,Natural Makeup,instagram.com,https://www.instagram.com/reel/C3tTM1SSt3k/?utm_source=ig_web_copy_link,https://i.pinimg.com/originals/65/62/09/656209b324a0c9ce5c841693b5a77a92.jpg,375,666,0,2025-02-02
2026-09-29,maquiagem natural dia a dia,1196337405662922,62,8759,0,,,,https://i.pinimg.com/originals/45/09/ea/4509ea31575ba1ae46dede79f7136bb2.jpg,800,1200,0,2026-06-06
2026-09-29,maquiagem natural dia a dia,2814818513205418,63,1090,0,Clean Girl Slick Bun Looks So Expensive With Minimal Makeup || That Clean Girl Look,,,https://i.pinimg.com/originals/ab/4d/33/ab4d33e40ef8e70fb9c3dcfd82e3526b.png,1023,1537,0,2026-06-19
2026-09-29,maquiagem natural dia a dia,AfD_rdq70QUjWHd6HxieiKQPQS1F9LJKBgnUV24H9XxzsNv8qJGmTDWWIfHLdRRPruC_-4rVDEz3RAHhviTwfhE,64,0,0,new to the soft glam fam!,elfcosmetics.com,https://www.elfcosmetics.com/holy-grail-collections/soft-glam-collection?utm_source=Paid_Social_Pinterest&utm_medium=paidsocial&utm_campaign=%7Bcampaignid%7D&utm_content=%7Badgroupid%7D&utm_term=%7Bproduct_name%7D,https://i.pinimg.com/originals/90/dd/d8/90ddd840e7bc817af72479e89ffa1394.jpg,1080,1920,1,2026-05-11
2026-09-29,maquiagem natural dia a dia,2814818513381982,65,2472,0,Makeup Inspiration,,,https://i.pinimg.com/originals/84/8e/5c/848e5c7f5ffb7aabbaa8bb0f2219a3e2.jpg,1122,1402,0,2026-08-31
2026-09-29,maquiagem natural dia a dia,85849936644292457,66,130,0,✨ Fresh Face Makeup Look,,,https://i.pinimg.com/originals/68/3a/9a/683a9ababcc446cdf869ea6fd28a77e8.png,1000,1500,0,2026-09-16
2026-09-29,maquiagem natural dia a dia,422281212551516,67,1785,0,Clean Girl Minimal Makeup Look,,,https://i.pinimg.com/originals/7d/a2/b2/7da2b2d191559017020cb8c604740cef.png,756,1344,0,2026-03-03
2026-09-29,maquiagem natural dia a dia,45810121244099345,68,480,0,Natural Glowing Skin Makeup Look ✨,,,https://i.pinimg.com/originals/01/88/8e/01888e944190f6c4ad195061dfcb0032.jpg,736,1308,0,2026-09-16
2026-09-29,maquiagem natural dia a dia,281543726046116,69,4541,0,,,,https://i.pinimg.com/originals/26/20/dd/2620dd04582cc6141036503752f38979.jpg,521,827,0,2025-08-06
2026-09-29,maquiagem natural dia a dia,1266706140038861,70,15944,0,,,,https://i.pinimg.com/originals/6b/a1/a5/6ba1a5d0c6e502d5d0f9a44268117f7c.jpg,736,1104,0,2024-09-02
2026-09-29,maquiagem natural dia a dia,29062360091661392,71,103,0,The Effortless Clean Girl Makeup Look,,,https://i.pinimg.com/originals/b3/3f/22/b33f22bd87b782ae5b30946e8e6d0b7d.png,1024,1536,0,2026-08-24
2026-09-29,maquiagem natural dia a dia,140806235060206,72,37836,0,,,,https://i.pinimg.com/originals/27/8f/49/278f4919b051f83d3cf7b346814b9a33.jpg,736,1313,0,2026-04-19
2026-09-29,maquiagem natural dia a dia,1477812375359848,73,6153,0,,,,https://i.pinimg.com/originals/66/1e/7a/661e7a3ad84f423524b80bb5cbbba520.jpg,736,1104,0,2026-05-21
2026-09-29,maquiagem natural dia a dia,4925880839733985,74,4410,0,Clean girl🤎,,,https://i.pinimg.com/originals/55/fe/13/55fe13368e518cffba85c005e568341d.png,1086,1448,0,2026-08-13
2026-09-29,maquiagem natural dia a dia,2322237303675969,75,4710,0,,,,https://i.pinimg.com/originals/5e/88/19/5e88193ca67541f5f5f1bf9e0508dbcd.jpg,1070,1782,0,2026-09-17
2026-09-29,skincare pele oleosa,AdpyOn99G53n9tSUlCtyVAC8nXXJ3HXWyagAal8ln5EmD9b3dusmrROGVWWBBOsQsNOhO8noFw8OJaZW2_-B23s,1,4,0,A Daily Cleanse For,herocosmetics.us,https://www.herocosmetics.us/products/gentle-cleanser?utm_source=pinterest&utm_medium=pinterest-paid-awareness&utm_campaign=%7Bcampaign.id%7D&utm_term=%7Badgroupid%7D&utm_content=%7Badid%7D,https://i.pinimg.com/originals/46/fb/66/46fb66e5d2d5ba8142ff1d2eeb8a4f0b.jpg,1000,1500,1,2026-09-11
2026-09-29,skincare pele oleosa,1107955945866459445,2,6,0,Gel de Limpeza Facial Principia: Limpeza Profunda sem Ressecar a Pele,s.shopee.com.br,https://s.shopee.com.br/3B7QCJOrt0?channel_type=pinterest,https://i.pinimg.com/originals/4c/76/4e/4c764ef764b7e9ba2e0364782c937c36.png,941,1672,0,2026-09-15
2026-09-29,skincare pele oleosa,AcfA06SyyYU4MBztXWSpd2Op93Pf2gA4lEWq8wRF0CmPAMKVju9wgnAHALZ0Z6Mwc_rqIwK0nCGNdF__0rjX4MI,3,1,0,2026 Allure Best of,amazon.com,https://www.amazon.com/AESTURA-150100406-ATOBARRIER365-HYDRO-ESSENCE/dp/B0BY21VGNN?maas=maas_adg_77231BB2FC5499957FAAE0B238126099_afap_abs&ref_=aa_maas&tag=maas,https://i.pinimg.com/originals/2c/6c/f7/2c6cf765177780338012fea94c712692.jpg,1000,1500,0,2026-09-21
2026-09-29,skincare pele oleosa,861946816229389004,4,2,0,Gel de limpeza facial,meli.la,https://meli.la/2ffuSwz,https://i.pinimg.com/originals/64/75/05/6475050c77641c30bd95015535997125.jpg,1200,1600,0,2026-09-11
2026-09-29,skincare pele oleosa,AdS0ycvknt8E9bAGK2OxearSwuO0rZ2UNprfiaw6C-tqx0TyWTJepNrFBImG8mVmobQ1qQpR5lxsh1NDQBsEh3c,5,1,0,best selling oil-based,dermalogica.com,https://www.dermalogica.com/products/precleanse?variant=36070284460184,https://i.pinimg.com/originals/24/04/40/2404406e8d87066d3a0811320cb315a7.jpg,4167,6250,0,2026-08-25
2026-09-29,skincare pele oleosa,ASbRT7hC-R0tc0-59p2pWaBZlySIaeHuBO9UNgajazwqSgF8zw5aiFrSwjTkpOEwKvANa_uI3Nts5_Uqt1JfkKY,6,240,0,Skin Care Focused on You,massageenvy.com,https://www.massageenvy.com/facials,https://i.pinimg.com/originals/32/af/87/32af87daf9297573122c3290764c40f5.png,1080,1920,0,2026-04-14
2026-09-29,skincare pele oleosa,38069559343265240,7,1940,0,Skincare para a pele oleosa e acneica!,,,https://i.pinimg.com/originals/5d/8b/ed/5d8bedb18a3f0310aa80185e164473c6.jpg,720,1280,0,2024-11-19
2026-09-29,skincare pele oleosa,AVh3AKKiBrzbOC6Iut4ehJ1GrHZvfuRm6Bc5We2N7zi_j3aAovbVZzsAZPPtHBWWNorL_RH-JoDjQIc1p_WVigc,8,34,0,The Ordinary The,sephora.com,https://www.sephora.com/product/the-ordinary-the-resurface-hydrate-set-with-hyaluronic-acid-aha-P512962?skuId=2814994&om_mmc=paid_social_Pinterest_DPA,https://i.pinimg.com/originals/ce/20/15/ce201586e069f33183505a96b61eeaa0.jpg,2000,2000,0,2024-09-14
2026-09-29,skincare pele oleosa,AdoEx94mtzeZSWLnbt2iNRS1392DDq23H3lFZ4c_DYXhU1o1p2WEobDfk-Vykkiiucha-SliNzYtrR25vkf6gws,9,1,0,The Latest Beauty Drop,dermstore.com,https://www.dermstore.com/p/skinmedica-barrier-calming-cream-1.7-oz/17954450/,https://i.pinimg.com/originals/f7/f0/90/f7f09006481b19910ac50bab53ff941e.jpg,1080,1920,0,2026-09-23
2026-09-29,skincare pele oleosa,1028157789951961849,10,2,0,Anthelios Ultra Cover FPS 60 com Cor La Roche-Posay ♥️🤌🏻,meli.la,https://meli.la/1ZjsNwD,https://i.pinimg.com/originals/67/eb/10/67eb108ea13049dcc07ee9b8ed45f307.png,1086,1448,0,2026-09-15
2026-09-29,skincare pele oleosa,AZlccL9rFHDr5QzpdVvbPl_wqI5a5FNc6Pct0zVYFQ8DS1JmSbc_9bzF5WAreZEPt-_-jyjw0p5XQ1fIQa2YP5Y,11,34,0,Vitamin C Serum,madhippie.com,https://madhippie.com/products/vitamin-c-serum?_pos=1&_sid=d4aedd6a8&_ss=r,https://i.pinimg.com/originals/ff/82/cd/ff82cd434e8f09610f46a977103fdcc4.jpg,2160,3840,0,2024-05-16
2026-09-29,skincare pele oleosa,AdgDhXtLrfnCP8HCYvYU-QPytDC-gNB45KqOZoXbWLIk13N6WnR0akMPnqzF5QkCcnEiARPN1ec1X57_Q641Eos,12,0,0,1 Pack Collagen Peel Off,us.shein.com,https://us.shein.com/ark/default?scene=1&test=5051&ad_type=DPA&goods_id=338884787&pf=PINTEREST&url_from=PINADSDPA&ismg=abf98c5aed72cb39ff767b808d02918fb3c83ce99919f15e1719a7297e229f9e_01_1790613749,https://i.pinimg.com/originals/a5/b5/7c/a5b57cff6e7276ae9c6970b6c62e699e.jpg,1200,1791,0,2026-08-30
2026-09-29,skincare pele oleosa,1098385796650759111,13,1,0,Rotina de skincare para pele oleosa no verão,,,https://i.pinimg.com/originals/e1/95/ad/e195ad0135dd2d6bfc5a00116416d421.png,1024,1536,0,2026-09-17
2026-09-29,skincare pele oleosa,ASj8IbZXgK-OisqbRNalXOOq5v1WaMSaxfdpuvj-c1gRs46Jr-vwGZXoiTCFOp5ow8xMZENThvxygnOCoZkw7SQ,14,0,0,La Roche-Posay Effaclar,walmart.com,https://www.walmart.com/ip/La-Roche-Posay-Effaclar-Medicated-Acne-Face-Wash-3-4-fl-oz/16344915231?wmlspartner=wlpa&selectedSellerId=100001374,https://i.pinimg.com/originals/b3/fe/04/b3fe0490fc081b666f6a57bc29e778b8.png,1500,1500,0,2026-08-28
2026-09-29,skincare pele oleosa,166914729934268936,15,32,0,Meus cuidados,,,https://i.pinimg.com/originals/4f/8d/1c/4f8d1c1985950b64fd530d0da20180ab.jpg,1080,1920,0,2024-12-26
2026-09-29,skincare pele oleosa,AQEUSa0aI4TTZ0VfqqLeJsUea72SioU-QdPUp_tvmcgcZRAb3qvqLKyjViz8TyFrZu4kWdTEFPmEtz_1FpFjscA,16,0,0,Simple Nighttime Routine,summerfridays.com,https://summerfridays.com/products/simple-nighttime-routine-1?utm_source=pinterest&utm_medium=paidsocial&utm_campaign=%7Bcampaign_name%7D&utm_campaignid=%7Bcampaignid%7D&utm_adgroup=%7Badgroupname%7D&utm_adid=%7Badid%7D&utm_keyword=%7Bkeyword%7D&tw_source=pinterest&tw_adid=%7Badid%7D,https://i.pinimg.com/originals/43/eb/a8/43eba8590d7a04c48d8ca440885a96d5.jpg,720,1280,1,2026-09-18
2026-09-29,skincare pele oleosa,1138355243340363103,17,10,0,,,,https://i.pinimg.com/originals/c6/e6/44/c6e644164dc2b390e3af6fa6d5a5c02b.jpg,736,1307,0,2026-07-22
2026-09-29,skincare pele oleosa,AZibKicV9nFuR7bUeSU2hxAD7aOZypbq1HYarDU0qqRaxTrtcTZ_B4PTEETpqYp5Y2Zv5JHZlQ8Uqs2wOYYzjxQ,18,147,0,Anti-Aging Skincare Trio,beautyfrombees.us,https://beautyfrombees.us/products/special-skincare-trio,https://i.pinimg.com/originals/d7/87/fc/d787fcca0200a6600151a61a80a41eb4.png,1080,1920,0,2025-04-21
2026-09-29,skincare pele oleosa,AePWnRYfygagklvULAyuGwLCjqLaxRcGDPcIYl04buBojy_v85gEG0ubiuijl8tcIsnAOS441gr8hM-ovS3WeCI,19,13,0,Anti-Aging Bundle,drmtlgy.com,https://www.drmtlgy.com/products/anti-aging-bundle?variant=39713666334775,https://i.pinimg.com/originals/1f/06/1d/1f061d297f92ceba097d1a15ce1c0f5d.jpg,1200,1200,0,2026-04-23
2026-09-29,skincare pele oleosa,1094163672014434656,20,39,0,Skincare para Pele Oleosa: 3 Passos Básicos que Funcionam de Verdade,creamy.com.br,https://www.creamy.com.br/kit-essencial/p,https://i.pinimg.com/originals/d6/54/1d/d6541d9c82e8accc85f2b3cb933026ab.png,1000,1500,0,2025-07-17
2026-09-29,skincare pele oleosa,AWcMLDTPGkd1GeQPNvaz60-b_vpfEvx0O7QNpD8WGCDylZnw9ukWM4sf4H6HFt1WP9KwbloJZzC022V9r56uXX0,21,0,0,Collagen Jelly Face Cream,inspireuplift.com,https://www.inspireuplift.com/collagen-jelly-face-cream-hydrating-korean-skin-care/iu/21629908?variant=473533937,https://i.pinimg.com/originals/c3/89/e4/c389e4dcca29bfcc1add2f92c26aafa4.jpg,640,658,0,2026-07-09
2026-09-29,skincare pele oleosa,25755029114342233,22,633,0,,,,https://i.pinimg.com/originals/8b/5f/bf/8b5fbf5577de1b50aa0d3f730b5571f0.jpg,1080,1920,0,2026-01-07
2026-09-29,skincare pele oleosa,433612270399072524,23,51,0,,,,https://i.pinimg.com/originals/41/c3/8d/41c38d86f3cfa460f1b439c0765c7847.jpg,735,1105,0,2026-07-28
2026-09-29,skincare pele oleosa,AafLjUBbSxJX9dPDloIi3LiJVXAJmn7q-sv90WQLuFTI3CUZYipAABUzVhwvRx974oLi_NXgCzRzVdbyDlpajG0,24,17,0,Skin-Enhancing & Deeply,ryvalia.com,https://ryvalia.com/products/collagen-deep-mask-2-0?selling_plan=693070987608&variant=56605261758808,https://i.pinimg.com/originals/5e/3c/16/5e3c16196c90e76533f755585649bbfb.jpg,2531,3795,0,2026-06-26
2026-09-29,skincare pele oleosa,3940718420847211,25,1683,0,,,,https://i.pinimg.com/originals/b9/1b/85/b91b856b5d5da9505c22ed02617f5edf.png,2500,3125,0,2026-01-06
2026-09-29,skincare pele oleosa,Abs4SabfW1u-2Vf2lQRiA7CoRh7UDW7_TCWpBofRHt_DkBsjOKglPW3rVDqGJ7vI6SgYPjPmKScMe3LpFIFpxGc,26,1,0,Wonder Valley Little,freepeople.com,https://www.freepeople.com/shop/wonder-valley-little-wonders-skincare-set?color=000&inventoryCountry=US&countryCode=US,https://i.pinimg.com/originals/60/b8/ff/60b8fff9c4cd75f01fab196b71a31b11.jpg,975,1463,0,2025-11-06
2026-09-29,skincare pele oleosa,1140325568180462068,27,1,0,"Mi rutina de skincare diario: Básico, rápido y efectivo🧴",amazon.com.mx,https://www.amazon.com.mx/shop/gabydeveze/list/1RA82PE3RYJX?ref_=aipsflist,https://i.pinimg.com/originals/3e/fd/33/3efd333b870f3be1e90089153019becc.jpg,1080,1920,0,2026-09-09
2026-09-29,skincare pele oleosa,1149825348646327847,28,1,0,"Oleosa, Seca ou Mista? Descubra Seu Tipo de Pele em 1 Minuto!",,,https://i.pinimg.com/originals/34/02/29/340229a3dafbd89c0a65164f290c8970.png,1024,1536,0,2026-09-13
2026-09-29,skincare pele oleosa,69031806786559688,29,52,0,,,,https://i.pinimg.com/originals/91/07/95/9107957926f2ceb280c3c19b6a757b62.jpg,1080,1288,0,2026-09-13
2026-09-29,skincare pele oleosa,614319205483781416,30,2,0,"Protetor solar para pele oleosa e protetor solar com cor ☀️ Se você abandona o produto porque ele pesa, brilha ou não combina com sua rotina, talvez precise trocar a textura. Separei quatro opções par",instagram.com,https://www.instagram.com/reel/DbdC4vPBYtM/,https://i.pinimg.com/originals/0e/ce/5b/0ece5b354e98b710863db6b9c935af02.jpg,640,1136,0,2026-09-15
2026-09-29,skincare pele oleosa,3025924745521429,31,3828,0,glicointense peel,,,https://i.pinimg.com/originals/22/dd/7f/22dd7fd4d15e7731326251b0a9ce9265.jpg,1080,1920,0,2025-04-07
2026-09-29,skincare pele oleosa,680958406205741744,32,31,0,Principia Kit Anti-Manchas Completo ✨ Rotina de Skincare para Pele Uniforme e Radiante,s.shopee.com.br,https://s.shopee.com.br/2BDfqgXXWZ?channel_type=pinterest,https://i.pinimg.com/originals/f2/16/7a/f2167ab5d52fa12875aff1431a9a3b0a.jpg,941,1672,0,2026-09-14
2026-09-29,skincare pele oleosa,AZtvoVsrQ2TJJYw3TtswpgGN9lxcO-VbyNi-Q_tp1HAd3WDWc1EQZwOuXGdsWKb_HuZ-G9Xo5p_8OEZgDpAixDs,33,0,0,"Visibly firm, lift &",sephora.com,https://www.sephora.com/product/caudalie-resveratrol-lift-serum-P527920?skuId=3007846&icid2=products%20grid:p527920:product,https://i.pinimg.com/originals/5f/f6/19/5ff61999e30e8a42a5af95deed0b1881.jpg,1080,1920,1,2026-09-02
2026-09-29,skincare pele oleosa,510314201549199885,34,10,0,Uma pele bonita 😍 e bem cuidada com produtos q podem encontra facilmente em Angola #manu #pelesaudável #skin #skincareroutine #skincaretips #skincare #pelé #angol #angolana,instagram.com,https://www.instagram.com/p/DIq3stQKP46/?img_index=4,https://i.pinimg.com/originals/86/45/fc/8645fc19a77b11a69e6d635d0d64cdd9.jpg,1125,1406,0,2026-04-04
2026-09-29,skincare pele oleosa,27232772741191267,35,1076,0,,,,https://i.pinimg.com/originals/e9/c4/21/e9c42158afc84a9add68dc1e85cf518e.jpg,1080,1920,0,2025-05-05
2026-09-29,skincare pele oleosa,8233211828922309,36,371,0,Rotina Fresh para Pele Oleosa,,,https://i.pinimg.com/originals/be/37/a6/be37a6e548254cf033ea472ceb4e2f8b.png,1024,1536,0,2025-12-01
2026-09-29,skincare pele oleosa,799248265166406157,37,62,0,,amzn.to,https://amzn.to/4nw48al,https://i.pinimg.com/originals/58/99/9c/58999c7f5016786b78fcfbcd9651596d.png,1000,1500,0,2026-05-15
2026-09-29,skincare pele oleosa,AeukfH1xtcktW5EWy7vmXv6PVW5-Z3k9Eq__BZMZARWSK05Fr3VdAhUFoRCd2KZfvse7rkeZetypEEVHIuBOTLM,38,5898,0,Skin Care System fully personalized,y-ourskin.com,http://y-ourskin.com/personalized-skincare/?skin_issue=acne&utm_source=pinterest&utm_medium=cpc&utm_campaign=Traffic&utm_content=acne,https://i.pinimg.com/originals/dc/83/9c/dc839c68b496a2e3f66bd3681d0025e2.png,600,1260,0,2018-08-19
2026-09-29,skincare pele oleosa,60094976274892202,39,174,0,Skin care,,,https://i.pinimg.com/originals/c5/43/60/c5436008afe8ddd4d6ee04546e2f39bf.jpg,1080,1920,0,2026-06-15
2026-09-29,skincare pele oleosa,172966441932597843,40,46,0,Rotina de skincare para pele oleosa e com imperfeições.,amzn.to,https://amzn.to/4ddodg9,https://i.pinimg.com/originals/49/2a/8b/492a8bf0580c8fe12e5838edea856b2e.jpg,564,1002,0,2024-05-16
2026-09-29,skincare pele oleosa,468374430023521247,41,5,0,Pele oleosa mesmo com bons produtos? Veja os erros mais comuns na rotina de skincare 👇 1. Limpeza agressiva demais: Sabonetes muito fortes ou uso excessivo de ácidos removem a proteção natural da pele,instagram.com,https://www.instagram.com/p/DW5CVJOEeo5/,https://i.pinimg.com/originals/b8/a3/13/b8a3132bd7a01337359ffc8b233135ab.jpg,1080,1350,0,2026-08-18
2026-09-29,skincare pele oleosa,1069112399062638318,42,1,0,SKINCARE/limpeza de pele/hidratante de pele/protetor solar/pele oleosa,s.shopee.com.br,https://s.shopee.com.br/60RJpoMazg?channel_type=pinterest,https://i.pinimg.com/originals/08/68/d2/0868d249f20dfd10a9f66a3614c63613.png,941,1672,0,2026-09-03
2026-09-29,skincare pele oleosa,614319205483781537,43,2,0,"Skincare para pele oleosa, sérum para oleosidade, poros dilatados, cravos, acne e marcas pós-acne. 💧 Sua pele fica oleosa de novo poucas horas depois do skincare? 🫠 Controlar a oleosidade não signific",instagram.com,https://www.instagram.com/reel/Db8kkbmRQFD/,https://i.pinimg.com/originals/ba/29/9d/ba299dca046b2018560e1068eda2c92e.jpg,960,1707,1,2026-09-15
2026-09-29,skincare pele oleosa,507499451777853714,44,19,0,Skincare pele oleosa | Rotina de skincare | Cuidados com a pele oleosa e acneica,,,https://i.pinimg.com/originals/49/88/f7/4988f76ab1f9b71332ccf6ad3f14a0c3.jpg,1080,1920,0,2022-07-10
2026-09-29,skincare pele oleosa,48484133484708780,45,10,0,O trio perfeito para sua pele 🥰,meli.la,https://meli.la/1D6FBcC,https://i.pinimg.com/originals/66/1e/f6/661ef67825a0c563868837f8ee406cd5.jpg,735,1105,0,2026-08-25
2026-09-29,skincare pele oleosa,603552787609088743,46,3,0,kit Principia,,,https://i.pinimg.com/originals/29/e8/fd/29e8fd6d47d19f06a863716b3427a5db.png,941,1672,0,2026-09-11
2026-09-29,skincare pele oleosa,53902526787522186,47,169,0,Skincare para iniciantes! Pele oleosa e acneica!,,,https://i.pinimg.com/originals/cf/de/0c/cfde0ce94a669e19fed1f39510211e93.png,576,1024,0,2026-09-10
2026-09-29,skincare pele oleosa,ASlIWYE5TtsILH7DK9k8PRdVoPg0dYwNQ9nkT8Ul8XEMfdpfrISvWNHrXQ_Q4fX-YcxloOhXn1HkHZFFmrmk3-o,48,0,0,"New Look, Same Scent",loccitane.com,https://www.loccitane.com/en-us/almond-supple-skin-oil-29HC100A26.html,https://i.pinimg.com/originals/40/70/8b/40708bc5049c00e376f2def58ae13742.jpg,1080,1920,1,2026-07-09
2026-09-29,skincare pele oleosa,1074390054877191026,49,2,0,Pele Oleosa | Skincare Routine | Rotina Skincare Simples,,,https://i.pinimg.com/originals/4a/86/5e/4a865ed05f7e2313c8dd9e1c1648904b.png,1000,1500,0,2026-07-28
2026-09-29,skincare pele oleosa,939352434761600530,51,357,0,rotina de tratamento de pele com cuidados com a pele oleosa,instagram.com,https://www.instagram.com/,https://i.pinimg.com/originals/05/ab/db/05abdb5da3595050af7278bf6b8900e6.png,375,562,0,2023-06-23
2026-09-29,skincare pele oleosa,614319205483781417,52,6,0,"Sabonetes faciais para pele oleosa, seca e sensível 😣 Ardência, descamação e sensação de repuxamento podem indicar que a limpeza está forte demais para sua pele. Peles oleosas também precisam de uma l",instagram.com,https://www.instagram.com/reel/DbdG14FhJqZ/,https://i.pinimg.com/originals/b6/6f/73/b66f73c9100b2ad06aeee0b5199c7835.jpg,640,1136,0,2026-09-15
2026-09-29,skincare pele oleosa,Af6UO3PsFaeVv0b5D5JW8Fgazlw3_yoPNREZLY6hFWdg65t5djC8H4kFMD05ykazKYe9KrKQxcE6tSulH0TOBIo,53,1,0,2026 Allure Best of,amazon.com,https://www.amazon.com/AESTURA-150100406-ATOBARRIER365-HYDRO-ESSENCE/dp/B0BY21VGNN?maas=maas_adg_77231BB2FC5499957FAAE0B238126099_afap_abs&ref_=aa_maas&tag=maas,https://i.pinimg.com/originals/d7/d6/42/d7d6423939cd38e9d179b293cb88d6de.jpg,1000,1500,0,2026-09-21
2026-09-29,skincare pele oleosa,9429480465060104,54,148,0,Checklist: Produtos Essenciais para Cuidar da Pele Oleosa,,,https://i.pinimg.com/originals/b8/e6/83/b8e683eb6c01761e0b0e054b180ced40.jpg,675,1200,0,2024-06-18
2026-09-29,skincare pele oleosa,7670261861249955,55,876,0,Rotina De Skin Cara Para Pele Oleosa!!,,,https://i.pinimg.com/originals/07/bb/73/07bb73c7e3a029de3ca3fe91502c06b3.png,375,666,0,2024-12-27
2026-09-29,skincare pele oleosa,649433208813814978,56,1,0,"O segredo para uma pele saudável começa com uma boa limpeza. E sim, a pele negra também tem seus desafios, como a oleosidade e a acne. Aqui, o foco foi na extração de cravos! O que parece invisível, n",instagram.com,https://www.instagram.com/reel/DO2WZxcjGDv/,https://i.pinimg.com/originals/b8/7d/7b/b87d7b667a9a32b15eb64b32d1bdf9af.jpg,1170,2080,1,2026-07-31
2026-09-29,skincare pele oleosa,AfPv5XBxPDkfVbgFX6Jovrn3meJnmkcOHLv32j4DvuqqGZA1eClPpJvV_MjmPDIeqf6cs9lYh6rIFWlJar5orXo,57,1,0,Jet Lag Hydration Mist,summerfridays.com,https://summerfridays.com/products/jet-lag-soothing-hydration-mist?utm_source=pinterest&utm_medium=paidsocial&utm_campaign=%7Bcampaign_name%7D&utm_campaignid=%7Bcampaignid%7D&utm_adgroup=%7Badgroupname%7D&utm_adid=%7Badid%7D&utm_keyword=%7Bkeyword%7D&tw_source=pinterest&tw_adid=%7Badid%7D,https://i.pinimg.com/originals/0c/c1/f5/0cc1f58fe076681ac18d3346c1816303.jpg,1000,1500,0,2026-09-18
2026-09-29,skincare pele oleosa,1129066569111733408,58,1,0,Skincare essencial: 3 cuidados que fazem diferença ✨,,,https://i.pinimg.com/originals/3f/3d/1f/3f3d1f5b5c8ace188a0157f01294de46.png,1024,1536,0,2026-08-27
2026-09-29,skincare pele oleosa,ATP8q85eKXV3MU080NePSL5gdAmRLTrVJa5xQx6NAQ0XRXGUHCEyw8Dz4OnRsJBJ9GsC6PoFTcMeTFjJg5NTbpQ,59,1,0,The Latest Beauty Drop,dermstore.com,https://www.dermstore.com/p/skinmedica-barrier-calming-cream-1.7-oz/17954450/,https://i.pinimg.com/originals/95/2d/0c/952d0c166aa85222dc0f3888b3bc6cec.jpg,1083,1352,0,2026-09-23
2026-09-29,skincare pele oleosa,614319205483781423,60,1,0,"Produtos para pele oleosa, produtos para manchas, hidratantes faciais, niacinamida, ácido salicílico, vitamina C, ácido hialurônico e skincare para cada necessidade 🧴✨ Principia, Creamy, Sallve, Needs",instagram.com,https://www.instagram.com/reel/Db7nu_YN7aa/,https://i.pinimg.com/originals/45/3c/b1/453cb1e0e77ecf35094ac1918acc6610.jpg,640,1136,0,2026-09-15
2026-09-29,skincare pele oleosa,10977592837889794,61,34,0,Importante! Skincare para acne facial!,,,https://i.pinimg.com/originals/80/e5/a1/80e5a1b4c2bf5d12e146f48226bd287b.png,1080,1920,0,2026-07-26
2026-09-29,skincare pele oleosa,77616793576012653,62,165,0,Produtos para pele oleosa,,,https://i.pinimg.com/originals/0b/03/a2/0b03a2fbf60f1d8049fae1a0ed70038c.jpg,736,981,0,2026-08-07
2026-09-29,skincare pele oleosa,AVxpelfn1i89A_5c4JdPbYc91NKyXCbOLvnVqlqAZhEejvpflNqFNB7bDO5y_pAwrWl6bnhK3b-getN4WYlgBg4,63,0,0,Bathtime Essentials for,buy.honest.com,https://buy.honest.com/social/6a38b4613b29ed6f193e3830?utm_source=pinterest&utm_medium=paid_social&utm_campaign=tin_honest_pin_social_prospecting_baby_parenting_awareness&utm_term=prospecting_baby_all_prenatal-persona_evergreen&utm_content=baby_bpc_jacimariesmith_22s_mm_09.02.26&utm_placement=standard_pin&utm_marketing_tactic=awareness&utm_format=video_ad,https://i.pinimg.com/originals/4f/57/0d/4f570dc9fc7b86cbda081a530228d7b9.jpg,1000,1500,1,2026-09-01
2026-09-29,skincare pele oleosa,Acf89pDTvFPvPoiUX8fL9aUnvO6iooX486BK_wnW-idMoI6DEWRugQOUNKWn6pspEjYDKlrdgVo-f9I1mTVjqx8,65,1,0,NEW! Halo Glow Soft Beam,elfcosmetics.com,https://www.elfcosmetics.com/collections/halo-glow-collection?utm_source=Paid_Social_Pinterest&utm_medium=paidsocial&utm_campaign=%7Bcampaignid%7D&utm_content=%7Badgroupid%7D&utm_term=%7Bproduct_name%7D,https://i.pinimg.com/originals/d5/a2/b7/d5a2b7ff1464c62414f42763515957ab.jpg,1080,1920,0,2026-09-03
2026-09-29,skincare pele oleosa,1110629958090191127,66,360,0,Combo Antioleosidade 💚,,,https://i.pinimg.com/originals/cc/ff/3b/ccff3bc5f1347b8f3421d2dc2b29a256.jpg,900,1200,0,2023-09-26
2026-09-29,skincare pele oleosa,AbhP_SmVT3IV0kWJyDGHecp9bYoHrIzKkaW-1vpiZz_QAa2KUYb4q_q2TwdGLNXS97DICt5032gpLJ8TYwlmR-4,67,1,0,daily exfoliation without,dermalogica.com,https://www.dermalogica.com/products/daily-microfoliant?variant=36070282690712,https://i.pinimg.com/originals/80/f2/a8/80f2a8c443c3f14a807cdc19e630d3ba.jpg,4167,6250,0,2026-08-25
2026-09-29,skincare pele oleosa,1084945366515274151,68,2,0,,,,https://i.pinimg.com/originals/35/44/22/354422b88347111f82dbb646cacdded5.jpg,1080,1435,0,2026-09-06
2026-09-29,skincare pele oleosa,68257750597770627,69,25,0,Dicas Valiosas para Pele Oleosa!,,,https://i.pinimg.com/originals/a4/b9/43/a4b943d65efa258bd58e37f2428026cd.jpg,800,1200,0,2025-04-22
2026-09-29,skincare pele oleosa,614319205483781637,70,0,0,"🧴 Hidratante para pele oleosa: qual é ótimo, qual é bom e qual eu evitaria? Nem todo hidratante pesado é ruim, mas ele pode não ser a melhor escolha para quem produz muita oleosidade e não gosta da se",instagram.com,https://www.instagram.com/reel/DbYjINoReN9/,https://i.pinimg.com/originals/02/18/d9/0218d9d1a2902f5a8ac6219f6e0dca84.jpg,720,1280,1,2026-09-15
2026-09-29,skincare pele oleosa,4081455907815792,71,685,0,Pele 🤩,,,https://i.pinimg.com/originals/86/8d/dd/868ddd485d6524535fa13ae8fa37a99c.jpg,736,960,0,2026-02-24
2026-09-29,skincare pele oleosa,1113937289119759455,72,2,0,como controlar a oleosidade?,,,https://i.pinimg.com/originals/93/c7/a0/93c7a07b2aa3dc73115cbbd21b12dc27.jpg,1024,1536,0,2026-06-28
2026-09-29,skincare pele oleosa,8866530511154248,73,7327,0,Skincare,,,https://i.pinimg.com/originals/a4/a3/f5/a4a3f550f3eb9e0e9cdb9995d9110093.jpg,1080,1920,0,2025-04-23
2026-09-29,skincare pele oleosa,38491771813190145,74,1,0,Pele Oleosa,s.shopee.com.br,https://s.shopee.com.br/20vX2OpGVE?channel_type=pinterest,https://i.pinimg.com/originals/33/d6/5a/33d65a245bcfa57bc284e7c8f1a9314a.jpg,736,1308,0,2026-09-17
2026-09-29,skincare pele oleosa,427630927140215441,75,146,0,Simple Skincare Routine for Clear Skin | La Roche-Posay Essentials,,,https://i.pinimg.com/originals/0c/5a/17/0c5a17e525fb99463da7cb6c231a17d1.jpg,1170,1724,0,2026-08-26
2026-09-29,skincare pele oleosa,20336635810198080,76,597,0,,,,https://i.pinimg.com/originals/f7/67/21/f7672173cc1bd6aa0b6d9b5ae8fd6df7.jpg,675,1200,0,2023-01-03
2026-09-29,economia domestica,426434658477070310,1,146,0,Economia doméstica O que é a economia doméstica? A economia doméstica é uma ferramenta de controle e administração das reservas financeiras do lar e da família. É também o modo mais eficaz de gerencia,,,https://i.pinimg.com/originals/9f/0b/f6/9f0bf65a439c9e19c23428b939fab107.jpg,746,644,0,2022-03-23
2026-09-29,economia domestica,10625749117884070,2,20,0,Economia doméstica: 53 dicas para colocar em prática no seu lar,inspirandoideias.com.br,https://inspirandoideias.com.br/organizacao/economia-domestica-53-dicas-para-colocar-em-pratica-no-seu-lar/,https://i.pinimg.com/originals/c3/c8/6d/c3c86de5e2dc387dfb301a8bc8fa9957.png,375,562,0,2024-10-05
2026-09-29,economia domestica,79235274681685374,3,7,0,Áreas de la Economía Doméstica o familiar | ▶ Economía Simple,economiasimple.net,https://www.economiasimple.net/economia-domestica,https://i.pinimg.com/originals/8d/65/16/8d651672c7bbafbd8aeda11ba303943a.jpg,500,340,0,2019-05-21
2026-09-29,economia domestica,AfRRTYvsld-Zym6JkCz47Xs3HgN4q-f5kcvDDhu6M8bHeAQSStinT4p3KKjOPqin_QBB6tXkmy4FLdLVQ3b0yAc,4,0,0,We know homes. Hire the,thumbtack.com,http://www.thumbtack.com/,https://i.pinimg.com/originals/13/00/6b/13006bf26b60d25ca3770a5ec375a45c.jpg,1080,1920,1,2025-09-13
2026-09-29,economia domestica,6333255725087223,5,114,0,,,,https://i.pinimg.com/originals/35/f9/e2/35f9e25889200f1cc39de68a337f7acc.jpg,1024,1536,0,2026-05-18
2026-09-29,economia domestica,AezWGQVelgWHUUTj0JLBrx39oCeL-_4UHkA0pGRSuzM1zRItnomoKcQB5yOcpoWIfWNNq7W2V-KKqc6d-nQ_PuY,6,8,0,Living On Less Than $5000,financebuzz.com,https://financebuzz.com/senior-money-tips-yaez?adheadline=Living+On+Less+Than+$5000+A+Month%3F+These+16+Things+Could+Help&utm_source=pinterest&utm_medium=paid-social&utm_campaign=%7Bcampaign_name%7D-%7Badgroupname%7D&adgroupid=%7Badgroupid%7D&adid=%7Badid%7D,https://i.pinimg.com/originals/c1/44/d3/c144d3a2c444d14f35083c57ba7de8eb.png,1000,1500,0,2026-08-14
2026-09-29,economia domestica,1090152653583116009,7,1,0,“7 DICAS DE ECONOMIA DOMÉSTICA 💰🏠”,,,https://i.pinimg.com/originals/98/6f/70/986f70fa377fc55e657d5819e1a9580b.jpg,1080,1920,0,2026-09-15
2026-09-29,economia domestica,AVXYWR4hvru8zE-GyKxyHHObCe5yxN-OQLLX3j-3s4QWY6SQlskGhunvOVEU1yTHcHaNcpMw2-xXW6l2PThpVS8,8,0,0,The Homestead Carriage,expedia.com,https://www.expedia.com/Hotel-Search?destination=Fredericksburg&selected=95755426&startDate=2026-09-27&endDate=2026-09-28,https://i.pinimg.com/originals/00/fd/38/00fd385590b4f8b6489a962c21110efd.jpg,1000,1501,0,2026-09-18
2026-09-29,economia domestica,6966574422093140,9,1381,0,orçamento mensal. para você se organizar mensalmente. é não deixar o dinheiro fugir da sua mão,,,https://i.pinimg.com/originals/44/d7/69/44d769dc92ff92b0cc24775f671b3b40.png,1024,1536,0,2026-09-07
2026-09-29,economia domestica,636837203641935985,10,21,0,"Eased food prices may indicate a shifting economic landscape, potentially enhancing housing...",,,https://i.pinimg.com/originals/f3/8a/81/f38a81c984d360a6a1ce57bd031cd9cb.png,1024,1024,0,2026-09-15
2026-09-29,economia domestica,182818066119215507,11,4,0,5 hábitos que ajudam a economizar dinheiro,,,https://i.pinimg.com/originals/e8/9e/bc/e89ebc9fc30ef2133657831e517a9c55.png,1024,1536,0,2026-06-30
2026-09-29,economia domestica,AcaCfwMgbLKsbqk7uEHIjirPzDKQn9uydiXurYLOpgIbWt9Mm_FYqKAT5h_Jolj-022nI4rKqh0MeTnnIPFbfCk,12,38721,0,What Will Baby Actually,babylist.com,https://www.babylist.com/registry/new?utm_medium=paid-social&utm_source=pinterest&utm_campaign=%7Bcampaign_name%7D&utm_content=%7Badgroupid%7D&p_adgroup=%7Badgroupname%7D&p_adgroupid=%7Badgroupid%7D&p_adid=%7Badid%7D&p_campaign=%7Bcampaign_name%7D&p_campaignid=%7Bcampaignid%7D&p_keyword=%7Bkeyword%7D&p_keywordid=%7Bkeyword_id%7D&p_prodgroupid=%7Bpromoted_product_group_id%7D&p_product=%7Bproduct_id,https://i.pinimg.com/originals/cb/24/17/cb2417a8a2ba70301842b351f63c3ede.jpg,1000,1500,0,2025-02-14
2026-09-29,economia domestica,Abli10ssEnWv66pTyHyZQgjrd20idZHzd1If8863JUSve08-7YK_K8vREXp9sGvE_Ksq6EKoMSFKSNaoPT8q88E,13,1623,0,Roseland 101 in. W x 89.5,homedepot.com,https://www.homedepot.com/p/J-COLLECTION-Roseland-101-in-W-x-89-5-in-H-x-24-in-D-Assembled-Shaker-Shaker-Laundry-Cabinet-Bundle-in-Warm-White-DSBUN3-WA/327151707?cm_mmc=psoc-pinprg-%7Bcampaignid%7D-%7Badgroupid%7D,https://i.pinimg.com/originals/c3/11/6d/c3116d36cf634ed97778c20eb65bace1.jpg,1000,1000,0,2025-04-27
2026-09-29,economia domestica,281826889179172789,14,80,0,💰 5 maneiras de economizar sem sofrer,,,https://i.pinimg.com/originals/1a/e5/cc/1ae5ccea3df6b1d421792c2689028bec.png,1024,1536,0,2026-06-20
2026-09-29,economia domestica,AVGx2skjrXfj2dEFVUWlVk8qYwN_vo0gHCc7_HpyhjRgL6MGR7oCDQ3Bf6bIy6dUoQl9iSWqoiao4iAsX7JtLmQ,15,0,0,Luxury Home Just 5 min,hotels.com,https://www.hotels.com/Hotel-Search?destination=Fredericksburg&selected=95754794&startDate=2026-09-28&endDate=2026-09-29&catalogRunId=41498,https://i.pinimg.com/originals/b4/a9/59/b4a959bb19fd55de13f08b64afd0a0af.jpg,1000,1501,0,2026-09-09
2026-09-29,economia domestica,197947346116616395,16,382,0,,,,https://i.pinimg.com/originals/37/2f/0a/372f0ab3ed779e1c443ae6f9807d8d58.png,598,395,0,2024-03-01
2026-09-29,economia domestica,83387030597852483,17,73,0,Economizar nas compras de supermercado: Veja dicas infalíveis!,integralmentemae.com,https://integralmentemae.com/economizar-nas-compras-de-supermercado/,https://i.pinimg.com/originals/1b/44/18/1b4418126297f491eb3e85a56009dd8a.jpg,735,1102,0,2025-07-10
2026-09-29,economia domestica,84653668203485766,18,188,0,Arte por IA by Aline,,,https://i.pinimg.com/originals/13/ac/0d/13ac0d11c5ea518d39b0c968d3f666b8.jpg,1024,1024,0,2025-11-23
2026-09-29,economia domestica,128211920632264755,19,40,0,Como economizar energia: 12 dicas para diminuir a conta,tuacasa.com.br,https://www.tuacasa.com.br/como-economizar-energia/,https://i.pinimg.com/originals/72/67/08/72670841057d3f4b416e0d2cdfc308bc.jpg,730,548,0,2020-11-03
2026-09-29,economia domestica,200058408424556280,20,12,0,economia domestica,catalogo.tumblr.com,http://catalogo.tumblr.com/post/119205932810/economia-domestica,https://i.pinimg.com/originals/fc/b7/04/fcb704b4b0151fe11a9742a3d6e129e4.jpg,500,731,0,2015-07-15
2026-09-29,economia domestica,634233560071185330,21,30,0,Alimentação em Casa Fica Mais Cara no Fim de 2024: O Que Executivos e Investidores Precisam Saber,executivoinformal.com.br,https://executivoinformal.com.br/alimentacao/,https://i.pinimg.com/originals/b8/43/fe/b843fe9e08d65840df80ee858bd0e3f2.webp,1024,1024,0,2026-07-14
2026-09-29,economia domestica,389913280210605822,22,2,0,La economia domestica,,,https://i.pinimg.com/originals/58/db/bb/58dbbb1201d36d87b7290970379b3c70.png,244,206,0,2014-02-09
2026-09-29,economia domestica,6966574414484302,23,572,0,Economia doméstica: 43 dicas para economizar dentro de casa,tuacasa.com.br,https://www.tuacasa.com.br/economia-domestica/,https://i.pinimg.com/originals/77/6e/4e/776e4ee8d284d16cb65d4a66bdeeac60.png,1000,1500,0,2021-01-16
2026-09-29,economia domestica,224546731418056343,24,132,0,Economize seu dinheiro,,,https://i.pinimg.com/originals/d5/62/74/d5627444fc111720f5c0e808a1259f38.png,1024,1536,0,2026-08-29
2026-09-29,economia domestica,18014467259079145,25,156,0,Tratado de economia doméstica - Aristóteles,,,https://i.pinimg.com/originals/71/4d/99/714d991e3120150d3ea8f4b0341b581f.jpg,1168,1752,0,2026-08-14
2026-09-29,economia domestica,89860955060261887,26,156,0,"𝐃𝐞𝐚𝐫 𝐛𝐫𝐞𝐚𝐝𝐰𝐢𝐧𝐧𝐞𝐫𝐬/𝐩𝐚𝐫𝐞𝐧𝐭𝐬, 𝘋𝘰𝘯’𝘵 𝘭𝘦𝘵 𝘺𝘰𝘶𝘳 𝘩𝘶𝘴𝘵𝘭𝘦 𝘢𝘯𝘥 𝘴𝘢𝘷𝘪𝘯𝘨𝘴 𝘨𝘰 𝘵𝘰 𝘸𝘢𝘴𝘵𝘦. 𝘐𝘮𝘢𝘨𝘪𝘯𝘦, 𝘺𝘰𝘶 𝘢𝘳𝘦 𝘸𝘰𝘳𝘬𝘪𝘯𝘨 𝘴𝘰 𝘩𝘢𝘳𝘥 𝘵𝘰 𝘣𝘶𝘪𝘭𝘥 𝘵𝘩𝘦 𝘧𝘶𝘵𝘶𝘳𝘦 𝘺𝘰𝘶 𝘸𝘢𝘯𝘵 𝘧𝘰𝘳 𝘺𝘰𝘶𝘳 𝘧𝘢𝘮𝘪𝘭𝘺… -𝘢 𝘣𝘪𝘨𝘨𝘦𝘳 𝘩𝘰𝘶𝘴𝘦 -𝘢 𝘯𝘪𝘤𝘦 𝘤𝘢𝘳 -𝘢 𝘲𝘶𝘢𝘭𝘪𝘵𝘺 𝘦𝘥𝘶𝘤𝘢𝘵𝘪𝘰",instagram.com,https://www.instagram.com/p/DLJaF6MPZeb/,https://i.pinimg.com/originals/ac/e4/60/ace460d9541f0ac9e88555de33ef9744.jpg,1024,1536,0,2026-07-10
2026-09-29,economia domestica,34410384647003922,27,4026,0,,,,https://i.pinimg.com/originals/81/0b/56/810b560de7521963e273bcaed99097ec.png,4267,3200,0,2024-04-22
2026-09-29,economia domestica,188869778107778606,28,9,0,"Mãos que prestam, manual de Economia doméstica.",i.pinimg.com,https://i.pinimg.com/736x/64/6b/57/646b5713ac29c5c0a950091283a4df83.jpg,https://i.pinimg.com/originals/64/6b/57/646b5713ac29c5c0a950091283a4df83.jpg,641,768,0,2018-04-02
2026-09-29,economia domestica,290130401020691497,29,402,0,,,,https://i.pinimg.com/originals/7f/94/0c/7f940cd9b804c5f6b2d6fc79d0330d07.jpg,640,640,0,2026-09-17
2026-09-29,economia domestica,690880399087040638,30,1098,0,Como Economizar No Dia a Dia,,,https://i.pinimg.com/originals/42/df/d5/42dfd542d22510f87d5f68a65edb4853.jpg,736,1840,0,2021-03-01
2026-09-29,economia domestica,134615476345552017,31,28,0,,tomasvasquez.com.br,https://www.tomasvasquez.com.br/blog/wp-content/uploads/2008/06/orcamento_domestico1.JPG,https://i.pinimg.com/originals/03/aa/2d/03aa2d9bcfb7678dccd4354ca7cab938.jpg,1004,620,0,2017-10-28
2026-09-29,economia domestica,318489004920894105,32,9,0,"How I Saved $10,000 in 12 Months on an Average Salary (Step-by-Step)a",sunburstprintco.etsy.com,https://sunburstprintco.etsy.com/,https://i.pinimg.com/originals/bf/6c/7b/bf6c7b82afdca3222b5357a3d6873da1.png,848,1264,0,2026-08-21
2026-09-29,economia domestica,494129390390918119,33,66,0,Saving money for a new home is illustrated by a hand and coin Stock Vector,stock.adobe.com,https://stock.adobe.com/uk/stock-photo/id/1554101159,https://i.pinimg.com/originals/5c/f2/ab/5cf2ab2bf29c1d7633458df419eb35a3.jpg,1000,1000,0,2026-09-06
2026-09-29,economia domestica,757941812324549331,34,12,0,Assets free vector icons designed by dDara,,,https://i.pinimg.com/originals/d4/10/9b/d4109b28ff6d57ddf6fa4c5ce5135e26.png,512,512,0,2025-03-20
2026-09-29,economia domestica,31595634875163138,35,217,0,7 maneiras de reduzir gastos domésticos,anamariabraga.globo.com,https://anamariabraga.globo.com/materia/7-maneiras-de-reduzir-gastos-domesticos/?utm_source=pinterest&utm_medium=social&utm_campaign=receita&utm_term=7-maneiras-de-reduzir-gastos-domesticos&utm_content=ana-julho,https://i.pinimg.com/originals/49/74/6c/49746c6fbe324118c0c157f9cb9aecf9.png,735,1102,0,2020-10-30
2026-09-29,economia domestica,40250990416061251,36,244,0,Best Budget Planner For Beginners (2026),,,https://i.pinimg.com/originals/6e/72/96/6e7296847233a308ebffa24628926e61.jpg,736,1104,0,2026-05-03
2026-09-29,economia domestica,211174979655252,37,1564,0,,,,https://i.pinimg.com/originals/aa/02/a0/aa02a06f8aa3e15cedb8fb697d929542.jpg,1024,1536,0,2026-08-31
2026-09-29,economia domestica,385550418112947359,38,76,0,Dependencia del consumo de los hogares le pasará factura a la economía colombiana,bloomberglinea.com,https://www.bloomberglinea.com/latinoamerica/colombia/dependencia-del-consumo-de-los-hogares-le-pasara-factura-a-la-economia-colombiana/,https://i.pinimg.com/originals/3e/e1/1c/3ee11cb0770c0c8d7ac16264757ed418.jpg,1024,683,0,2023-05-23
2026-09-29,economia domestica,757378862383976827,39,10,0,"Semana do Consumo Inteligente: Dia 14/40 - planejar as compras da semana. Quando planejamos as compras da semana, evitamos desperdícios, economizamos dinheiro e ainda facilitamos muito a rotina da cas",instagram.com,https://www.instagram.com/p/DVzjF6BDUJN/,https://i.pinimg.com/originals/5e/63/c7/5e63c741873ce471bc8f70944ba0337d.jpg,1365,1820,0,2026-03-13
2026-09-29,economia domestica,19703317108914700,40,109,0,5 dicas de economia doméstica fáceis de seguir,blog.tudogostoso.com.br,https://blog.tudogostoso.com.br/dicas-de-cozinha/dicas-de-economia-domestica/,https://i.pinimg.com/originals/f1/1f/52/f11f52b7024661f5b3ce1626d0b88bf1.png,735,1102,0,2021-02-07
2026-09-29,economia domestica,186055028349760690,41,67,0,,,,https://i.pinimg.com/originals/b8/d6/55/b8d6551383a55cd1359a2895bc9d01f0.jpg,626,1182,0,2025-02-19
2026-09-29,economia domestica,1137229343440583056,42,22,0,5 passos simples para organizar sua vida financeira,go.hotmart.com,https://go.hotmart.com/L107468641N,https://i.pinimg.com/originals/94/d4/3c/94d43cad9473e87a1fce598f1b514742.png,1024,1536,0,2026-09-08
2026-09-29,economia domestica,302656037479464740,43,225,0,,,,https://i.pinimg.com/originals/d0/64/8c/d0648cab36daadce1d3d7a5f372d09c4.jpg,736,898,0,2026-05-23
2026-09-29,economia domestica,1115555770231699619,44,9,0,,,,https://i.pinimg.com/originals/15/ba/8e/15ba8ebdf6edb3d25474f72f1f7dba77.jpg,675,1200,0,2026-09-14
2026-09-29,economia domestica,598697344267834928,45,11,0,Migliori investimenti immobiliari oggi,opisas.com,https://www.opisas.com/it/investimenti-immobiliari/,https://i.pinimg.com/originals/4e/bb/fe/4ebbfef57ab9c6542136de2a036ddcc4.png,1024,1024,0,2026-08-30
2026-09-29,economia domestica,965881451358999668,46,2,0,💡Economia e Consumo: Estratégias e Dicas para Superar a Incerteza🔒,moneystart.com.br,https://moneystart.com.br/economia-e-consumo-em-tempos-de-incerteza/,https://i.pinimg.com/originals/a4/c6/75/a4c6758ead356f16f0897766017d06af.jpg,576,1024,0,2026-08-13
2026-09-29,economia domestica,2181499817703630,47,1354,0,,,,https://i.pinimg.com/originals/c6/7c/80/c67c80a7a756ce73464e7d276023fc6a.jpg,1080,1920,0,2026-08-25
2026-09-29,economia domestica,1078541810820242021,48,1,0,Amish shopping on a budget: Details Worth Planning For,amishstorelocator.com,https://www.amishstorelocator.com/guides/budget-amish-shopping-tips,https://i.pinimg.com/originals/2b/d9/dc/2bd9dcc71976c500162c57349f9e8fac.png,1024,1536,0,2026-08-13
2026-09-29,economia domestica,36802921957523693,49,147,0,Vamos entender como funciona a economia?,,,https://i.pinimg.com/originals/1c/bd/ca/1cbdcadf998fbc9a8950305aec1e22a9.png,1024,1536,0,2026-06-30
2026-09-29,economia domestica,AWHsqw2WvEhdE8dOR3iqVUTtCnL7LVt2NNTKaZBUol0SQRsDRrNklaWKjM9HtsWmEbYbAZIeS6OOoYJzWhOq9c4,51,0,0,Custom Flat Fold Roman,twopagescurtains.com,https://twopagescurtains.com/products/custom-flat-fold-roman-shade-cordless?variant=51369687220535,https://i.pinimg.com/originals/17/9c/e4/179ce4c0c0f3f64ff654672fef72af32.jpg,1002,1200,0,2025-11-21
2026-09-29,economia domestica,AfuXB-58XD0cIqhG4AEXcuJfg1D-c7xAh0D9TeJsd4yUzewo4gnWzKOO5LhYZwu6ZZYGglnwdyg-DT0bH-VymCw,53,4,0,Torreys Glass Flush Mount,wayfair.com,https://www.wayfair.com/Breakwater-Bay--Torreys-Glass-Flush-Mount-X211939293-L6086-K~W100828182.html,https://i.pinimg.com/originals/2f/73/b9/2f73b984d351605fc250f98285da1355.jpg,400,400,0,2026-04-03
2026-09-29,economia domestica,586875395235941662,54,22,0,,,,https://i.pinimg.com/originals/ad/57/24/ad5724e2246322b6ae80805ac178cd13.png,1024,1536,0,2026-05-30
2026-09-29,economia domestica,AUYz_gOXzvwyvweC9kISx17F3yse76V27CwNpKUk4i1KnqT1DZQPrpuN_wyurUJ2dWxRri-bCziflO2if7BUvJ8,55,0,0,1pc Colorful Printed,us.shein.com,https://us.shein.com/ark/default?scene=1&test=5051&ad_type=DPA&goods_id=337493667&pf=PINTEREST&url_from=PINADSDPA&ismg=de5c7d6541348b87ad5a4f72bf81035c67c7d325ae385d60f249b23c66aa97b1_01_1790613705,https://i.pinimg.com/originals/43/6b/2d/436b2dd64a45279a8aeea5896eb68e09.jpg,1200,1200,0,2026-08-15
2026-09-29,economia domestica,AfP5Sla-tYaF2xOqHU0PNhaSKbNmCuntmg0TfkqKq6onxjqgZWEObb42A0bnx1UkwPqGttCscYh38tvLxOhkEnQ,56,325,0,8 Ways to Make Money If,financebuzz.com,https://financebuzz.com/supplement-income-yaez?&utm_source=pinterest&utm_medium=paid-social&utm_campaign=%7Bcampaign_name%7D-%7Badgroupname%7D&adgroupid=%7Badgroupid%7D&utm_content=%7Badid%7D&utm_term=ad1,https://i.pinimg.com/originals/9e/8b/fa/9e8bfa9c711f01c40a1f42799a7c6635.png,1000,1500,0,2025-12-04
2026-09-29,economia domestica,11047961583100922,57,880,0,"Mais que um planner, seu novo aliado na conquista de objetivos. 🚀✨️ Organizar o dia a dia fica muito mais prazeroso quando você tem as ferramentas certas. O Super Planner une funcionalidade e design e",instagram.com,https://www.instagram.com/p/DZR9tpCjEA4/,https://i.pinimg.com/originals/98/60/00/986000eff3543dec87abf74eaad5702b.jpg,1080,1440,0,2026-06-18
2026-09-29,economia domestica,AReemPIzcXIURNxvMmMGOPcaMY1ubB0pmqZiS09MrI8BeZOuUxNfn-Iy3kmn60IX5UKXEvcMLSxvIraUXu99Or8,58,0,0,Capital Gardens,expedia.com,https://www.expedia.com/Hotel-Search?destination=Nairobi&selected=134195088&startDate=2026-09-25&endDate=2026-09-26,https://i.pinimg.com/originals/c2/d2/02/c2d202e9441d1976c891ae95e9832a85.jpg,1000,1501,0,2026-09-06
2026-09-29,economia domestica,737394139034453076,59,1,0,Como Organizar o Salário: 4 Caixinhas Para Viver Bem e Planejar o Futuro,,,https://i.pinimg.com/originals/1e/a3/5d/1ea35d14b0adec293880991d674cc169.png,1024,1536,0,2026-09-10
2026-09-29,economia domestica,1115063189019089448,60,265,0,PARA ONDE ESTÁ INDO SEU DINHEIRO? 😳,s.shopee.com.br,https://s.shopee.com.br/AUtGmMJzNy?channel_type=pinterest,https://i.pinimg.com/originals/a4/c2/ab/a4c2ab2ff1b4258c7f2636897a9d44e0.jpg,848,1200,0,2026-08-17
2026-09-29,economia domestica,189784571795676488,61,61,0,Produtos de limpeza: O que vale a pena e o que não vale.,,,https://i.pinimg.com/originals/fb/56/24/fb5624ed6d4d908c4405ccc7d4fa73a5.jpg,1080,1920,0,2026-08-21
2026-09-29,economia domestica,85990674131829988,62,42,0,✨ Truques que Facilitam a Rotina: 7 Ideias Simples que Fazem a Diferença,,,https://i.pinimg.com/originals/e1/f8/42/e1f842d391613ce1884dcab654a73e28.jpg,768,1365,0,2026-09-11
2026-09-29,economia domestica,737394139034229259,63,24,0,Conselhos para economizar dinheiro,,,https://i.pinimg.com/originals/5b/9f/6f/5b9f6fdba4fa94d507b85be069c9cdf0.png,1024,1536,0,2026-08-28
2026-09-29,economia domestica,727753621082774944,64,1,0,7 MODI PER RISPARMIARE SULLA SPESA NEL REGNO UNITO,thecafeteriaboy.com,https://www.thecafeteriaboy.com/2019/11/come-fare-la-spesa-londra-7-consigli-da.html,https://i.pinimg.com/originals/a1/d9/f3/a1d9f32fe845766d5e146fb141568490.png,1024,1536,0,2026-08-03
2026-09-29,economia domestica,602145412730418355,65,8,0,Ridurre sprechi in casa: 5 idee semplici che funzionano davvero,,,https://i.pinimg.com/originals/c4/9b/4b/c49b4b67ef078b090e8964fa26b76964.png,1024,1536,0,2026-08-31
2026-09-29,economia domestica,594545588345857480,66,8,0,Orçamento Doméstico Simples: Guia Completo Para Suas Finanças - Portal Blog Do Lago,blogdolago.com.br,https://blogdolago.com.br/orcamento-domestico-simples-guia-completo-para-suas-financas/,https://i.pinimg.com/originals/78/77/70/7877702c376e13de933daf22b5cc92f1.png,1024,1536,0,2025-09-09
2026-09-29,economia domestica,1119003838697969085,67,1,0,💰 Como Economizar Dinheiro: 7 Dicas que Realmente Funcionam,rendaextraeeconomiapratica.blogspot.com,https://rendaextraeeconomiapratica.blogspot.com/2026/08/como-economizar-dinheiro-sem-passar.html,https://i.pinimg.com/originals/ec/e7/a6/ece7a6b93d7c1cc21a6fe7d81a3f9fa0.png,1536,1024,0,2026-08-08
2026-09-29,economia domestica,10977592837890019,68,99,0,Como organizar suas finanças em poucos minutos!,,,https://i.pinimg.com/originals/de/fd/53/defd5302db2914cb9968494b63cdb032.png,1000,1500,0,2026-07-26
2026-09-29,economia domestica,1086423110136059820,69,3,0,portadas faciles estudio economia domestica,,,https://i.pinimg.com/originals/d0/c1/94/d0c19441af4df802e7e30d073566662f.png,832,1248,0,2026-04-18
2026-09-29,economia domestica,10977592837890018,70,151,0,Hábitos financeiros simples podem transformar sua vida 💰✨,,,https://i.pinimg.com/originals/66/be/fb/66befbed1f25763219e0e9c670dce2e4.png,1000,1500,0,2026-07-26
2026-09-29,economia domestica,452893306306179975,71,2,0,MISSIONE RISPARMIO: CONTROLLO DELLE MIE SPESE,chaoticgirlintownandonabudget.blogspot.com,https://chaoticgirlintownandonabudget.blogspot.com/2023/02/missione-risparmio-controllo-delle-mie.html?spref=pi,https://i.pinimg.com/originals/96/af/15/96af1596c0b804335f680a10991c78cd.jpg,599,900,0,2023-02-07
2026-09-29,economia domestica,269793833925141068,72,177,0,Money Wash,,,https://i.pinimg.com/originals/fe/37/77/fe3777158c902bbc69842e9c07f48fa4.jpg,423,423,0,2026-09-06
2026-09-29,economia domestica,326370304268301356,73,439,0,,,,https://i.pinimg.com/originals/64/7e/ce/647ece649c7d79451fecb145041bab86.jpg,1024,1024,0,2026-03-11
2026-09-29,economia domestica,4081455908258032,74,713,0,Dona Faz Tudo👩‍🦳 (@donafaztudo) • Fotos e vídeos,instagram.com,https://www.instagram.com/donafaztudo/,https://i.pinimg.com/originals/f1/04/6c/f1046cd9150623dbcbac675aea12f1ad.jpg,1024,1365,0,2026-08-08
2026-09-29,economia domestica,1099019115348736751,75,1,0,"Weekend budget reset ideas for anyone who wants a simple, privacy-first money routine. This visual i",,,https://i.pinimg.com/originals/a7/a8/bb/a7a8bbf69bb53cd465211f6546043ab5.png,1024,1536,0,2026-09-15
2026-09-29,economia domestica,4362930885070039,76,944,0,✨ A regra 50/30/20 para organizar suas finanças!,,,https://i.pinimg.com/originals/bc/b6/f3/bcb6f3c74d3c4bc42bcd9c879e095185.png,1024,1536,0,2026-07-20
2026-09-29,planilha financeira,ASMnhyiHJey4dqG5pR6v6yO9OgtteBZJ0ylw4qB91Iaz10OWzdv9w9bwKOlLpQxugfwF1teD1iQfHhCE98V6TRo,1,1,0,What's your dream wedding,visionquiz.davidsbridal.com,https://visionquiz.davidsbridal.com/quiz,https://i.pinimg.com/originals/8f/95/b9/8f95b96a25d6718a0eb084245c9025a8.jpg,1200,2133,0,2026-09-03
2026-09-29,planilha financeira,5066618330454010,2,703,0,,digitalartscanva.com.br,https://www.digitalartscanva.com.br/2025/04/planilha-financeira-para-controle-de.html?m=1,https://i.pinimg.com/originals/54/2b/13/542b1363572663130255142f77c9f47e.png,1000,1500,0,2025-07-02
2026-09-29,planilha financeira,295830269299718761,3,183,0,,,,https://i.pinimg.com/originals/69/3c/2a/693c2a1b339b94239a30363d1e7c685a.png,1024,1536,0,2026-09-12
2026-09-29,planilha financeira,ATbMDid_od4mmfduFHdLmCD52QkQRILO43lPfU87sF9UwKjFbXblR6NAPrsZ50QsmVowiCUWSUFhyMGz5Pea-cA,4,0,0,See the difference your,northwesternmutual.com,https://www.northwesternmutual.com/?utm_source=pinterest&utm_medium=paid_social&utm_campaign=gtm-ge_life-events_25-phase4&utm_content=home_broad-audience-awareness&utm_term=%7Badid%7D%7Cbattery-video,https://i.pinimg.com/originals/cc/d1/4b/ccd14bdce76ed9895ff2bc3ae3d89b5c.jpg,1000,1500,1,2026-08-25
2026-09-29,planilha financeira,AaowsG-2yIvTt05uzFs8Qq6LZCfjteRpTr2A-cFtBgxRxCzNYr2V-jROqIbSApFWUfa1rb7nUzeGKKNVPg8Wl9w,5,2,0,Save on car insurance,libertymutual.com,https://www.libertymutual.com/multi-online-quotes?selectedOpt=auto_home&cid=soc&cmpgncde=2405&keyCode=SMFCTC00&src=cm-dsoc-aut-pin,https://i.pinimg.com/originals/12/c0/dd/12c0dd39da5c0a593755b132568732cf.png,1000,1500,0,2026-09-22
2026-09-29,planilha financeira,1016687684626231479,6,55,0,Planilha financeira gratuita,rosaurearosadeouroo.blogspot.com,https://rosaurearosadeouroo.blogspot.com/2026/05/planilha-financeira-gratuita.html,https://i.pinimg.com/originals/85/67/9e/85679ef0adbbaaed83ee2433755207f4.png,1080,1920,0,2024-12-19
2026-09-29,planilha financeira,AW5tWWmbeR-EtpsxHtTmZuJNSbX9ITLQ7GSSv4eF9N4_5nhb65zk_qNRn058ase7N_F-Jidu4Bnf8UFkUNhpDG0,7,1,0,Avery Budgeting Planner,avery.com,https://www.avery.com/products/labels/6788,https://i.pinimg.com/originals/77/2c/fa/772cfab4f0c2f8ee86be7677a5621707.jpg,1424,1424,0,2026-08-05
2026-09-29,planilha financeira,Adk_-sEDpRFtQC8KdUHJ3fEdJU9I4H-o94ZbwERlEotGhmZaVi4rG68UXjjK2vVR7jOnYAcsTUeH1B4AGuAnMNw,8,14,0,Money Journal - Printable,commit30.com,https://commit30.com/products/money-journal-printable-pdf?variant=52183016931626,https://i.pinimg.com/originals/33/13/0b/33130bc70618951a2d48775b5aff7352.jpg,1712,2480,0,2026-08-06
2026-09-29,planilha financeira,914862422071177,9,1585,0,Monthly Budget Planner Google Sheets Template,payhip.com,https://payhip.com/OrganizeThrive/blog/news/budget-planners-your-step-by-step-guide-to-financial-freedom/?monatliche-budget-tabelle-google-sheets-budget-vorlage-monatlicher-budgetplaner-monatliches-budget-bundle,https://i.pinimg.com/originals/c5/a7/81/c5a7812b0a69c344e5b4f941305e9160.jpg,2000,2000,0,2026-03-26
2026-09-29,planilha financeira,6966574422093140,10,1381,0,orçamento mensal. para você se organizar mensalmente. é não deixar o dinheiro fugir da sua mão,,,https://i.pinimg.com/originals/44/d7/69/44d769dc92ff92b0cc24775f671b3b40.png,1024,1536,0,2026-09-07
2026-09-29,planilha financeira,5066618331712104,11,1493,0,,,,https://i.pinimg.com/originals/60/45/2a/60452a70fe4098211dfb4973362d56ec.png,1414,2000,0,2026-07-19
2026-09-29,planilha financeira,AT79US-hWK1WZMMQFdXK0salXrlIJk3trhu0KEgrpIUBy13TmYKt1ID2tej9378Px14koaElGWhL3fluOMfQR44,12,8,0,Living On Less Than $5000,financebuzz.com,https://financebuzz.com/senior-money-tips-yaez?adheadline=Living+On+Less+Than+$5000+A+Month%3F+These+16+Things+Could+Help&utm_source=pinterest&utm_medium=paid-social&utm_campaign=%7Bcampaign_name%7D-%7Badgroupname%7D&adgroupid=%7Badgroupid%7D&adid=%7Badid%7D,https://i.pinimg.com/originals/c1/44/d3/c144d3a2c444d14f35083c57ba7de8eb.png,1000,1500,0,2026-08-14
2026-09-29,planilha financeira,AQf276Svj2KzKQVZHyLxXWfJE5rDkUZmk926o6qKOR9r6_twkMEoaveqJ7OdgD325UDq5tj-cspf4Ml27UtKc80,13,27,0,Ready to start wedding,zola.com,https://www.zola.com/,https://i.pinimg.com/originals/6c/08/95/6c089525850491247d9e523f4f0c9662.jpg,2000,4216,0,2024-03-07
2026-09-29,planilha financeira,27232772741419960,14,64,0,Planilha Financeira Pronta para Usar – Organize Seu Dinheiro em Minutos! GRÁTIS,digitalartscanva.com.br,https://www.digitalartscanva.com.br/2025/06/a-planilha-financeira-que-vai-mudar-sua.html,https://i.pinimg.com/originals/fc/40/24/fc402483b345ab387ed7a0cbf3485e84.png,1000,1500,0,2025-07-15
2026-09-29,planilha financeira,1548181169897028,15,15190,0,Planner Financeiro,,,https://i.pinimg.com/originals/54/e5/db/54e5db3238d99a1deb1fbf931eb95418.png,794,1123,0,2024-06-14
2026-09-29,planilha financeira,AYPwoclsfzQ4vIr7lvby8BRXcotyIvC1uPmgjCcCKgND8T8XBQ4uNjX1NCLpGw5TiE6M4OiBbpTxhsVI4G6QXOw,16,3,0,Your Next Planner,laureldenise.com,https://laureldenise.com/,https://i.pinimg.com/originals/98/f0/2b/98f02b4e18ee688a2d5ffb9a81c181b2.png,1000,1500,0,2026-09-01
2026-09-29,planilha financeira,473933560787815836,17,1799,0,Saiba como montar uma planilha de gastos mensais personalizada,tecnologia.uol.com.br,http://tecnologia.uol.com.br/album/planilha_de_gastos_excel_album.htm#fotoNav=15,https://i.pinimg.com/originals/61/c4/cc/61c4ccbd437cc5904ae1abaf9ec5e6c0.jpg,600,500,0,2019-10-29
2026-09-29,planilha financeira,3237030979270082,18,468,0,,,,https://i.pinimg.com/originals/5e/fb/c7/5efbc7b065f857cb3377c7b5b6762a79.png,1024,1536,0,2026-08-11
2026-09-29,planilha financeira,AfT7Q7dRkNy63w-3cSil-BfU3EZ7hdMski9FHfl6D9F3__HHOjRnlxEyuFEMV2T7gf-FsuwXR41m2P6hp1Kq5pw,19,75,0,U.S. Bank Shield™ Visa®,usbank.com,https://www.usbank.com/credit-cards/shield-visa-credit-card.html,https://i.pinimg.com/originals/83/21/84/8321848b4c0e95373d7a588484331c93.jpg,1000,1500,1,2026-03-10
2026-09-29,planilha financeira,26388347813940390,20,115,0,Google sheets small business template for daily planning,behance.net,https://www.behance.net/gallery/251810111/Google-sheets-templates/?google-sheets-small-business-template-for-daily-planning,https://i.pinimg.com/originals/a6/96/d8/a696d83528970e86622c8fb8b9b55b6e.jpg,1228,1689,0,2026-08-24
2026-09-29,planilha financeira,7529524373275261,21,308,0,planilha financeira pessoal excel grátis download,excelcoaching.com.br,https://excelcoaching.com.br/planilha-financeira-pessoal-excel-gratis-download/,https://i.pinimg.com/originals/5e/8f/b6/5e8fb620755f5e5d52cc818792b8ba55.png,1080,1080,0,2026-01-01
2026-09-29,planilha financeira,5629568277232754,22,1154,0,Freebie: Planner Financeiro Gratuito - Controle de ganhos e gastos!,asweetmagic.com.br,https://www.asweetmagic.com.br/2022/07/freebie-planner-financeiro-gratuito.html,https://i.pinimg.com/originals/8d/18/60/8d1860354af3478d7141f1a604a8f734.png,757,1259,0,2023-09-21
2026-09-29,planilha financeira,305963368461077427,23,81,0,2025 Personal Budget Planner Template for Savings & Finance Tracking,payhip.com,https://payhip.com/CreativeWeb/blog/news/top-budget-planners-creative-digital-resources/?2025-personal-budget-planner-template-for-savings-finance,https://i.pinimg.com/originals/25/26/84/25268474637db1a18bc662a5c8146a8f.png,1428,1147,0,2026-08-05
2026-09-29,planilha financeira,552746554291085140,24,5,0,Nova Planilha para organizar finanças (Grátis),pausapracriatividade.com,https://www.pausapracriatividade.com/2025/08/nova-planilha-de-controle-de-gastos-e-investimentos.html,https://i.pinimg.com/originals/3c/7b/19/3c7b198ea5edf54d525b3262db90ee89.png,640,960,0,2025-08-15
2026-09-29,planilha financeira,305330049760615138,25,47,0,2025 Budget Excel Template: Simplify Your Finances with Free Templates 442,behance.net,https://www.behance.net/gallery/243392441/-Essential-Notion-Templates/?2025-budget-excel-template-s,https://i.pinimg.com/originals/7e/0a/05/7e0a05fc7efa511b38729a15194af413.png,1187,777,0,2026-05-01
2026-09-29,planilha financeira,80572280836098800,26,15,0,Planilha Financeira Grátis pra fechar 2025 e começar 2026 com as finanças organizadas? Temos! O link pra garantir a sua tá na bio 😉,instagram.com,https://www.instagram.com/reel/DQsga-LDYBR/,https://i.pinimg.com/originals/02/67/2d/02672d63778f8163f715b9c372c7d919.jpg,610,1084,1,2025-11-06
2026-09-29,planilha financeira,1115063189019089448,27,265,0,PARA ONDE ESTÁ INDO SEU DINHEIRO? 😳,s.shopee.com.br,https://s.shopee.com.br/AUtGmMJzNy?channel_type=pinterest,https://i.pinimg.com/originals/a4/c2/ab/a4c2ab2ff1b4258c7f2636897a9d44e0.jpg,848,1200,0,2026-08-17
2026-09-29,planilha financeira,84442561759310535,28,521,0,Planilha de orçamento mensal.,,,https://i.pinimg.com/originals/af/44/44/af4444444e537d305099f0fc067a1734.png,1024,1536,0,2026-09-13
2026-09-29,planilha financeira,694328467600046943,29,6,0,Controle seu dinheiro de forma simples! Clique aqui e confira!,jessica-planilhas.netlify.app,https://jessica-planilhas.netlify.app/,https://i.pinimg.com/originals/ab/5f/c3/ab5fc31d017a97a2f90269162079bd3e.png,1587,2245,0,2026-09-01
2026-09-29,planilha financeira,14707136281005367,30,3196,0,Controle financeiro,,,https://i.pinimg.com/originals/82/05/d9/8205d9bd00a6ffbe33b1c3c6495e16d2.png,1414,2000,0,2025-04-19
2026-09-29,planilha financeira,16607092373349820,31,487,0,Create Your Perfect Monthly Budget with Our Easy Excel Spreadsheet Template,payhip.com,https://payhip.com/FreeBudgetPrintables1/blog/news/10-must-have-budget-planners-to-master-your-finances-effortlessly/?ultimate-monthly-budget-spreadsheet-template-for-excel,https://i.pinimg.com/originals/f0/e5/bc/f0e5bc352a4f61fedf2e4bfa8565c573.jpg,2880,1800,0,2026-08-26
2026-09-29,planilha financeira,1140677411910017976,32,5,0,Planilha para controlar dinheiro emprestado 💸🩷 | Controle financeiro,,,https://i.pinimg.com/originals/0e/e2/18/0ee2185c45d23b767a0458bca91459e7.png,1024,1536,0,2026-09-18
2026-09-29,planilha financeira,8725793026211954,33,737,0,Controle financeiro,,,https://i.pinimg.com/originals/fb/0c/10/fb0c1010c37c03beaa88d66d7db30283.png,1023,1537,0,2026-08-11
2026-09-29,planilha financeira,AdC3lE1X7qVtUIm7GgfoYjPL_Zm5kosVvL_MwtkHQO-nCPpjgSDSbgHbgB1G9kcaaSOzfQ8atpNPoLJ_MBYNkY0,34,0,0,Spot what’s driving,quickbooks.intuit.com,https://quickbooks.intuit.com/explore-quickbooks/,https://i.pinimg.com/originals/63/24/36/632436f6c8367d5d0b7bf579baa3d654.jpg,1080,1920,1,2026-09-17
2026-09-29,planilha financeira,5066618331712107,35,636,0,Planner financeiro,,,https://i.pinimg.com/originals/bf/b4/77/bfb477fd3108f57a461025168e5e7357.png,1024,1536,0,2026-07-19
2026-09-29,planilha financeira,42432421486100417,36,649,0,,,,https://i.pinimg.com/originals/0c/c7/96/0cc79654a5f7cdf9769962cd91c047da.jpg,1098,1536,0,2026-08-19
2026-09-29,planilha financeira,59391288834107115,37,34,0,Free Budget Planner Template Google Sheets,behance.net,https://www.behance.net/gallery/223353413/Budget-Planner-Printable-Free/?free-budget-planner-template-google-sheets,https://i.pinimg.com/originals/93/0c/8f/930c8f853a34b6f9136f0f668da7d5af.png,768,1738,0,2026-06-09
2026-09-29,planilha financeira,93097917293793967,38,26,0,Folha de Controle Financeiro - Google Drive,drive.google.com,https://drive.google.com/drive/mobile/folders/1XMokdoQj9wLbbvRY-ZTmh4dRPzY3jRRE?usp=sharing,https://i.pinimg.com/originals/6e/8b/7e/6e8b7e57ff1d15567b442849e69e3778.png,799,1130,0,2026-09-13
2026-09-29,planilha financeira,5840674512232910,39,55,0,Medium,medium.com,https://medium.com/@campbell.tamara499632/monthly-budget-spreadsheets-d3acfb234fcc/?ultimate-monthly-budget-spreadsheet-template-for-excel-sinking-funds-tracker-monthly-budget,https://i.pinimg.com/originals/f4/f5/14/f4f51492d544c9cc759fa56659afbf5f.jpg,474,296,0,2026-05-17
2026-09-29,planilha financeira,29132728831028941,40,92,0,"Planilha para Controle Financeiro Doméstico: Download, Excel, csv",planilhadecontrole.com,https://www.planilhadecontrole.com/planilha-para-controle-financeiro-domestico/,https://i.pinimg.com/originals/39/a9/5b/39a95b11a08a05ba1cb6199f2e903f7a.png,800,565,0,2022-04-20
2026-09-29,planilha financeira,14073817580880618,41,69,0,Planilhas Financeiras Templates Links - Google Drive,drive.google.com,https://drive.google.com/drive/mobile/folders/1RkS1jyf0O1I9sIY3tOcsUYsH-nixe6sB?usp=drive_link,https://i.pinimg.com/originals/fd/08/60/fd08602ecd68d6d3794f1a9378699d79.png,543,405,0,2025-08-24
2026-09-29,planilha financeira,318489004920640584,42,19,0,"Minha vida financeira é estável, leve e próspera.",,,https://i.pinimg.com/originals/3a/11/06/3a11069a4bc83814b2515c15bef69627.jpg,736,1308,0,2026-07-15
2026-09-29,planilha financeira,8514686792074320,43,1504,0,Planner floral Neutro completo e grátis,,,https://i.pinimg.com/originals/c4/ec/36/c4ec36bb9c3d6787de4ba507e5be09ae.jpg,1414,2000,0,2026-05-24
2026-09-29,planilha financeira,5629568280803602,44,937,0,Controle de gastos,,,https://i.pinimg.com/originals/cb/39/51/cb39519b7a66983da66f26faadf571a8.png,1024,1536,0,2026-09-04
2026-09-29,planilha financeira,24418022976913211,45,373,0,,,,https://i.pinimg.com/originals/da/33/2c/da332c8db9cfecaaea4dd8471d30111e.png,1536,1024,0,2026-07-15
2026-09-29,planilha financeira,622130136074056574,46,30,0,Planilha Financeira - Controle de gastos,pay.kiwify.com.br,https://pay.kiwify.com.br/1QP5gtT,https://i.pinimg.com/originals/d5/0b/7f/d50b7f49a73459b690ce1951e0cd3990.webp,1080,1920,0,2026-09-15
2026-09-29,planilha financeira,896146025898387084,47,26,0,Family Budget Sheet Template 🌈 🎨 2025 Budget Planner Template - Digital Download for Personal Fin...,payhip.com,https://payhip.com/JohannaHoward/blog/news/family-budget-templates-your-compass-to-financial-calm/?4680-6a9b0db746dfd,https://i.pinimg.com/originals/5f/9f/94/5f9f941ee4f078578ee69df995fb6d9f.jpg,1484,1978,0,2026-09-19
2026-09-29,planilha financeira,93097917293752234,48,212,0,,,,https://i.pinimg.com/originals/d9/f8/9a/d9f89a1f8a851a99c16fed9403971bce.jpg,675,1200,0,2026-08-28
2026-09-29,planilha financeira,Affo7NYMn7z2vwdisqJnB3oK2Xwt1NYfL2SFL-wjZMRFEa3yG1k6gO4wFex8ZrC_qvzbK4KeGLpWJk8NQvEoG_c,49,0,0,Let’s plan for more rich,edwardjones.com,http://www.edwardjones.com/,https://i.pinimg.com/originals/0b/cf/f8/0bcff8dddc63bf612183cc5d345cd619.jpg,1000,1500,1,2025-10-06
2026-09-29,planilha financeira,AdpcAmaHoLWuHgiBR91NbIeVyXT5waVuKClYU5FAUAeK3foMfV8U34XepuVJ9z6G1O_WbJZu735l87nq8nsZsEo,51,199,0,Bundle auto and home,libertymutual.com,https://www.libertymutual.com/multi-online-quotes?selectedOpt=auto_home&cid=soc&cmpgncde=2405&keyCode=SMFCTC00&src=cm-dsoc-aut-pin,https://i.pinimg.com/originals/a0/20/be/a020be2fee9734e32c69e8c137f44d26.jpg,1000,1500,0,2024-10-02
2026-09-29,planilha financeira,AYv_SVFZ0jXUDZ2fl07lcm3DBL57-eJfB0ZQmlqP_ZSXCa4V68vpNlBCNwZvneNCf07ee7a2EbAx5lKaDQJf5gk,52,154,0,U.S. Bank Shield™ Visa®,usbank.com,https://www.usbank.com/credit-cards/shield-visa-credit-card.html,https://i.pinimg.com/originals/d3/7c/45/d37c45dcf8f03e3c4b584e73484e4ed7.jpg,1200,1800,0,2026-03-10
2026-09-29,planilha financeira,19492210990245232,53,347,0,,,,https://i.pinimg.com/originals/1a/16/aa/1a16aa28cad25dbaf5f5f27d835df767.jpg,736,1308,0,2026-08-19
2026-09-29,planilha financeira,1266706142260976,54,1432,0,Planilha Financeira,,,https://i.pinimg.com/originals/80/d4/d8/80d4d89b817b7d5d8aed3a7e07cbe86e.png,1055,1491,0,2026-08-05
2026-09-29,planilha financeira,27232772742643319,55,131,0,Planner Financeiro.!,,,https://i.pinimg.com/originals/9e/5a/84/9e5a843a1d58e75e4933cbec33e6fd20.png,1024,1536,0,2026-09-15
2026-09-29,planilha financeira,ATHw4tFvM5wlek3MFLW-om9TeQadgm_RsiWP7tRuKwjIMY_VbEf53agOEL0wMs8wqu6KT4Bkw5op7k19bkQq9M8,56,57,0,Pink 11.8 in. x 11.4 in.,homedepot.com,https://www.homedepot.com/p/Afoxsos-Pink-11-8-in-x-11-4-in-Wood-Desk-Acessories-Small-Cute-3-Tier-Desk-Shelves-Storage-Rack-and-Cubicle-Organizers-SNPH048IN215/334423003?cm_mmc=psoc-pinprg-%7Bcampaignid%7D-%7Badgroupid%7D,https://i.pinimg.com/originals/c5/c3/be/c5c3be81f01daef6836cd7e12bab2c56.jpg,1000,1000,0,2025-09-22
2026-09-29,planilha financeira,80572280836035027,58,4,0,Planilha grátis: controle financeiro pessoal,entrecartaseamores.com,https://entrecartaseamores.com/planilha-controle-financeiro-pessoal-gratis/,https://i.pinimg.com/originals/5a/33/64/5a3364a9b3e45d006a440d2a8922552d.jpg,1080,1920,0,2025-10-16
2026-09-29,planilha financeira,188166090678822083,59,36,0,Budget Planner,,,https://i.pinimg.com/originals/91/a9/1f/91a91ffafe874a68b4ba0dbd0c80f6aa.png,1024,1536,0,2026-09-19
2026-09-29,planilha financeira,15762667444640821,60,76,0,,,,https://i.pinimg.com/originals/96/9f/be/969fbe58ab20209eb52513910e53cf3b.png,1024,1536,0,2026-08-08
2026-09-29,planilha financeira,AbqwlZfFqhHJfre_vzEi0Z2QodgrZ4fG2o1ZVCRX13ATxEWBv1b1ZlymazUNHEWoUGStkZMc3ZuFiZrNDNPLsYE,61,5,0,6 Things to Do if You're,financebuzz.com,https://financebuzz.com/supplement-income-yaez?adheadline=6+Things+to+Do+if+You're+Barely+Scraping+By+Financially&utm_source=pinterest&utm_medium=paid-social&utm_campaign=%7Bcampaign_name%7D-%7Badgroupname%7D&adgroupid=%7Badgroupid%7D&adid=%7Badid%7D,https://i.pinimg.com/originals/fa/68/8a/fa688a216659f540cfb973334191719c.png,1000,1500,0,2026-06-16
2026-09-29,planilha financeira,34410384649780346,62,357,0,,,,https://i.pinimg.com/originals/c9/20/b3/c920b336ffa56a164de86a848d632770.png,1024,1536,0,2026-09-09
2026-09-29,planilha financeira,206884176633289705,63,167,0,,i.pinimg.com,https://i.pinimg.com/736x/8e/a8/d7/8ea8d7e25f38daa1d506ed0f81013633.jpg,https://i.pinimg.com/originals/90/51/a5/9051a5229fbd1b9ccec2ec4e7590c4ab.jpg,736,958,0,2026-08-21
2026-09-29,planilha financeira,7951736838952204,64,18,0,💰 15 Free Excel Budget Spreadsheet Templates - AileenLedger.com,behance.net,https://www.behance.net/gallery/251824287/Where-Ideas-Find-Structure/?15-free-excel-budget-spreadsheet-templates-aileenledger-com,https://i.pinimg.com/originals/ee/59/20/ee5920651c0928625556c2804fcdfa44.png,1024,1536,0,2026-09-10
2026-09-29,planilha financeira,355784439335617414,65,112,0,Planilha Financeira,go.hotmart.com,https://go.hotmart.com/C97159969A,https://i.pinimg.com/originals/d2/70/ef/d270ef80e34c78994437cd1a38349635.jpg,1080,1920,0,2026-02-17
2026-09-29,planilha financeira,AQcGzpboP_OJwF5KZuqN3i4ms3L7GoK5nwQINKLKCSfVAs9HElrkZq25CI-I45-MPrBPBXakhNHvhICsfJjln0o,66,0,0,Find a better way with,northwesternmutual.com,https://www.northwesternmutual.com/?utm_source=pinterest&utm_medium=paid_social&utm_campaign=gtm-ge_life-events_25-phase4&utm_content=home_broad-audience-awareness&utm_term=%7Badid%7D%7Cmaze-video,https://i.pinimg.com/originals/b5/b9/89/b5b9898ba9c9044bb92224d8a5b4b45e.jpg,1000,1500,1,2026-08-24
2026-09-29,planilha financeira,1688918604465833,67,846,0,Planner de Controle Financeiro para Download e Impressão,queromeformar.com,https://www.queromeformar.com/p/planner-financeiro-para-download.html,https://i.pinimg.com/originals/f2/e3/70/f2e370809623a696fbc69734d430e307.png,800,2000,0,2023-10-24
2026-09-29,planilha financeira,1110348483162346381,68,4,0,"Homemade Budget Template, 🍰 💌 Pink Monthly Budget Planner | Income &amp; Pa",drive.google.com,https://drive.google.com/file/d/17b-jn3uc8eimI6HuEe_QNnH0bpU6mFXK/view?usp=sharing/?7254821-notionplanner,https://i.pinimg.com/originals/7f/28/4c/7f284c88c40f3a075d010d8d208e7ac8.png,952,1428,0,2026-09-09
2026-09-29,planilha financeira,387309636726854046,69,23,0,A Planilha de Controle Financeiro Que Todo Negócio Digital Precisa,,,https://i.pinimg.com/originals/1a/31/e4/1a31e4ecb20ecf2ab0ae31400035f50a.png,941,1672,0,2026-06-30
2026-09-29,planilha financeira,138978338508028453,70,116,0,💰✨️,instagram.com,https://www.instagram.com/jessica.planilhas?igsh=MTZ1NWowM3A1d2NkNw==,https://i.pinimg.com/originals/8c/e0/1a/8ce01a84e4e5d234f77b80ef3d35d009.png,1587,2245,0,2025-10-18
2026-09-29,planilha financeira,411305378493466493,71,2,0,Planilha Financeira 2.0,go.hotmart.com,https://go.hotmart.com/X96142192C?src=pinterest250126,https://i.pinimg.com/originals/16/2e/d7/162ed70cbccc96fd6f6193d0d6d3744a.jpg,735,415,0,2026-08-05
2026-09-29,planilha financeira,927389748302489719,72,3,0,Organiza tus finanzas de forma fácil y visual 💰,,,https://i.pinimg.com/originals/f2/d0/0d/f2d00d0e253024729125bbe43dd7db22.png,1055,1491,0,2026-09-16
2026-09-29,planilha financeira,53128470599455643,73,92,0,Your Personal Ultimate Budget—Built in 10 Minutes,,,https://i.pinimg.com/originals/da/67/9f/da679f62a45f3851b4ea1095fc689c13.png,1000,1500,0,2026-05-18
2026-09-29,planilha financeira,43839796371972247,74,59,0,Planner de Finanzas,,,https://i.pinimg.com/originals/93/bd/a9/93bda9b7af59c9a58b2f1bcc4e98f7d9.png,1055,1491,0,2026-08-26
2026-09-29,renda extra em casa,389772542774148313,1,19,0,Como fazer R$250 por DIA em casa!!,docs.google.com,https://docs.google.com/document/d/1kuzVn5kIkJIf7uXSnIc_5OWxSZzNhmVv32NZcDHC3Jc/edit?usp=sharing,https://i.pinimg.com/originals/c6/c5/20/c6c5205cc0293bd48383b537f70a4752.jpg,1000,1500,0,2026-08-04
2026-09-29,renda extra em casa,41447259076440739,2,240,0,12 Ideias Para Ganhar Dinheiro Extra em 2026,helloamazinglife.com.br,https://helloamazinglife.com.br/12-ideias-para-fazer-renda-extra/,https://i.pinimg.com/originals/5e/23/01/5e23012c86de063030e2e902039e7172.jpg,1000,1500,0,2026-04-28
2026-09-29,renda extra em casa,11822017767356913,3,468,0,27 Sites para Trabalhar Home Office | Renda Extra em Casa | Blog Saia da Crise,saiadacrise.blog.br,https://saiadacrise.blog.br/sites-para-trabalhar-home-office/,https://i.pinimg.com/originals/e9/5c/21/e95c211c146fd0e6b0390839eac617b6.jpg,800,1200,0,2025-08-13
2026-09-29,renda extra em casa,640566747045735512,4,3,0,7 Formas de Fazer Renda Extra em Casa 💰 | Ideias Simples e Lucrativas,mundomaterrno.blogspot.com,https://mundomaterrno.blogspot.com/2026/08/7-formas-de-fazer-uma-renda-extra-em.html,https://i.pinimg.com/originals/de/c2/9b/dec29b11a374c3b1fb64ec60743f84ae.png,1024,1536,0,2026-09-06
2026-09-29,renda extra em casa,ARPtQg6t9hA7k7XpQ39DUJ15IrpcZJnla62v62f1aJH7krLA4xiaN0uKRSaeFwMm2AYJYoLDj-ikuv4wmxGhYkE,5,141,0,Best Secret Websites To,shopify.com,https://www.shopify.com/blog/secret-websites-to-make-money,https://i.pinimg.com/originals/fc/b0/c6/fcb0c61a7b50a88f7ef886b098fd76f1.jpg,474,711,0,2025-04-24
2026-09-29,renda extra em casa,386254105568008591,6,24,0,Como Ganhar Dinheiro em casa com 7 ideias de Renda Extra lucrativas para Mulheres,rendaextrainfinitas.com.br,https://www.rendaextrainfinitas.com.br/2026/04/ideias-renda-extra-para-mulheres-em-casa.html,https://i.pinimg.com/originals/c8/ca/82/c8ca8290416e2751694e08148bf50a42.png,1080,1920,0,2026-08-23
2026-09-29,renda extra em casa,AaPQJMzc2V7aBuEfLgW9G_qSOPBmvNiMKjuFaPG8m8ksRHGAQmXN-WJjWS2bT-W91YCqfNCYXPQFGzdiLX95JKQ,7,11,0,Students save 70%.,adobe.com,https://www.adobe.com/education/students/creativecloud.html?sdid=VG52K6RS&mv=social&mv2=paidsoc,https://i.pinimg.com/originals/e0/7b/55/e07b55f8eda7793b9b7e1192f38a000f.jpg,2160,3840,1,2026-08-28
2026-09-29,renda extra em casa,Aex_MUAYK-E9daIXRR3-2qrS-US4tKAN0fugf-wIIWwiXYoY-XwNYiO1xWsp8wF77mHZt5-m4tW4ulKd2xT_UeY,8,1,0,Shop brands you love and,rakuten.com,https://www.rakuten.com/mktg50?utm_source=pinterest&utm_medium=social&utm_content=%7Bad_id%7D&utm_term=%7Bcreative_name%7D&utm_size=%7Bad_group_id%7D&utm_pub=%7Bad_group_name%7D&utm_ebs=0&utm_campaign=%7Bcampaignid%7D,https://i.pinimg.com/originals/6d/74/65/6d74654bc832b58e9d0920440a1fd704.jpg,1000,1500,0,2026-08-07
2026-09-29,renda extra em casa,29062360088899621,9,443,0,62 Ideias para GANHAR DINHEIRO em Casa!!! Com Pouco Investimento #RENDAEXTRA,lucrandocomigo.com.br,https://lucrandocomigo.com.br/ganhar-dinheiro-com-pouco-investimento/,https://i.pinimg.com/originals/7e/53/3e/7e533eebe794030484e5107a079cf49e.jpg,600,1200,0,2024-04-03
2026-09-29,renda extra em casa,ASolPM5GFB72QkVezrOZk8nS0ij5lfKRuZAQ0Rn7jURcqabiHrPCSZkwtU7r9NAbpjw2YUJRB0mcGa_oHc1ZsQg,10,52,0,CLIQUE AQUI e aprenda a ganhar dinheiro em casa 100% online🏠💻,br.jobandhiring.com,https://br.jobandhiring.com/veja-como-ganhar-dinheiro-agora-mesmo-por-bancos-que-pagam-por-cadastro-clique-e-saiba-mais/?pp=1,https://i.pinimg.com/originals/a9/ca/5a/a9ca5a341acee3dcc572ba125c19ed38.jpg,720,1080,0,2023-05-10
2026-09-29,renda extra em casa,1010143391443193155,11,7,0,15 Ideias de Renda Extra em Casa para Começar com Pouco Dinheiro,mundomaterrno.blogspot.com,https://mundomaterrno.blogspot.com/2026/08/15-ideias-de-renda-extra-em-casa-para.html,https://i.pinimg.com/originals/7d/25/fb/7d25fbb3796c24afe3798262cfc5b4d5.png,1024,1536,0,2026-08-18
2026-09-29,renda extra em casa,10133167903148440,12,10156,0,ganhar dinheiro no Pinterest,workinhouse13.wordpress.com,https://workinhouse13.wordpress.com/,https://i.pinimg.com/originals/59/cc/6f/59cc6fb8fe94efa8125a97e699d81211.jpg,1000,1500,0,2022-09-21
2026-09-29,renda extra em casa,140806235341668,13,3259,0,Pra ganhar din din,,,https://i.pinimg.com/originals/02/8d/5a/028d5a5e3f5645ee069f1574d13dfd82.png,1024,1536,0,2026-08-01
2026-09-29,renda extra em casa,1102467183807630676,14,10,0,6 Ideias de renda extra em casa para ter mais liberdade financeira,rendaextrainfinitas.com.br,https://www.rendaextrainfinitas.com.br/2026/06/ideias-de-renda-extra-para-mulheres-em-casa.html,https://i.pinimg.com/originals/50/1f/fa/501ffa7a104ad766b3b37b11abfce925.png,1080,1920,0,2026-06-30
2026-09-29,renda extra em casa,801922277452077450,15,4,0,Ideias para ganhar dinheiro/renda extra em casa!,7-ideias-geniais-de-rendas-extras-online.my.canva.site,https://7-ideias-geniais-de-rendas-extras-online.my.canva.site/,https://i.pinimg.com/originals/df/8c/c9/df8cc962a66f4e152b2f17ae1e191aeb.jpg,800,1200,0,2026-08-05
2026-09-29,renda extra em casa,28358672652311446,16,865,0,TRABALHE NO CONFORTO DE CASA,youtu.be,https://youtu.be/gtsl7wiUapM,https://i.pinimg.com/originals/e5/fe/2f/e5fe2f29ebf80ed438401e832c518cec.jpg,213,320,0,2025-07-28
2026-09-29,renda extra em casa,1141873680550805241,17,2,0,Renda Extra em Casa,docs.google.com,https://docs.google.com/document/d/1Q070gPdzJClnq0srXLeiBZupPiRPPMOY/edit?usp=sharing&ouid=116208897982711891593&rtpof=true&sd=true,https://i.pinimg.com/originals/66/bc/16/66bc16043e8a4e166b9408d90c0d39da.jpg,736,1104,0,2026-07-27
2026-09-29,renda extra em casa,23855073023525649,18,645,0,💸 7 Sites para fazer RENDA EXTRA e GANHAR DINHEIRO em DÓLAR,lucrandocomigo.com.br,https://lucrandocomigo.com.br/7-sites-para-ganhar-dinheiro-em-dolar/,https://i.pinimg.com/originals/f1/95/d0/f195d02638c5ac13c04e845fd58f6877.jpg,600,1200,0,2026-09-07
2026-09-29,renda extra em casa,1114359501542022449,19,9,0,30 ideias de como ganhar dinheiro sem sair de casa,ideias-geniais-deganhar-dinheiroemcasa.my.canva.site,https://ideias-geniais-deganhar-dinheiroemcasa.my.canva.site/,https://i.pinimg.com/originals/6f/6a/e1/6f6ae168dc951e4a15292c87efde4a1d.png,1000,1500,0,2024-09-05
2026-09-29,renda extra em casa,AeRFmqB4_Amj4UOnS3CR66KXBGBoPQZgB1V92uRTBo1nQAP_9MONmgus042s-6xrZSkASJ9B1ERd_Ykes5oY3VE,20,0,0,The Tampa EDITION,expedia.com,https://www.expedia.com/Hotel-Search?destination=Tampa&selected=83980287&startDate=2026-09-25&endDate=2026-09-26,https://i.pinimg.com/originals/35/d8/ca/35d8caeefd5952082284fed2f1660270.jpg,1000,1500,0,2026-09-21
2026-09-29,renda extra em casa,605452743695577515,21,301,0,Renda extra em casa!!,,,https://i.pinimg.com/originals/16/b5/39/16b539693304ebb308f69b338fd46875.jpg,350,436,0,2025-08-27
2026-09-29,renda extra em casa,AUvl7Zkq34g6aDUcWWP9_Yc_ZpY360Ovh6VNFm0UDVxFLD5P6NBEEZjOpZ_6942VnFQOAP5aRtxcYEqQHHilWfY,22,0,0,"Meet Groupsy, the new way",my.photobucket.com,https://my.photobucket.com/groupsy-socialgroups?utm_medium=paid_social&utm_source=pinterest&utm_campaign=2608_groupsy_ugc&utm_term=broad&utm_content=2608_video_ugc-socialgroups,https://i.pinimg.com/originals/4c/8d/5e/4c8d5e998fb600ece96a557756098872.jpg,1080,1920,1,2026-08-11
2026-09-29,renda extra em casa,1125829606880560695,23,5,0,12 Ideias de Renda Extra para Fazer Depois do Trabalho,riviona.com,https://riviona.com/renda-extra-para-quem-trabalha-o-dia-todo/,https://i.pinimg.com/originals/ed/19/4b/ed194b86c21cf105762a22a7d3ed69bf.png,1024,1536,0,2026-09-01
2026-09-29,renda extra em casa,18647785951302101,24,88,0,12 maneiras inteligentes de fazer renda extra em 2025,simplesbellablog.com,https://www.simplesbellablog.com/2025/05/ideias-de-renda-extra.html?m=1,https://i.pinimg.com/originals/3d/cf/a1/3dcfa1aa8a47999dcbadbe2c0bddaa05.png,1000,1500,0,2025-09-28
2026-09-29,renda extra em casa,ARYetXydVMB2PX1baezPsLYRSCRbuBn9rzfsCY8pNQMD9OOcAwj3y2SlQpwBNnkDWz_ssjafZcfrxgsdIIAL0z0,25,0,0,riad el barodienne,hotels.com,https://www.hotels.com/Hotel-Search?destination=Marrakech&selected=134311292&startDate=2026-09-27&endDate=2026-09-28&catalogRunId=41498,https://i.pinimg.com/originals/c0/66/3c/c0663c405df3ef9859d4157414cbc240.jpg,1000,1501,0,2026-09-19
2026-09-29,renda extra em casa,670051250855063485,26,1,0,Trabalhando de casa com o celular (renda extra simples),linktr.ee,https://linktr.ee/rosanefereira?utm_source=ig&utm_medium=social&utm_content=link_in_bio&fbclid=PAb21jcASi8s9leHRuA2FlbQIxMQBzcnRjBmFwcF9pZA81NjcwNjczNDMzNTI0MjcAAadjiqEZIeueoLkD2R3OKFVa0ANJs2q1hZWVvouUZfihdtV9SBqSFOB-slg0cA_aem_WakAePFlbvlKG-a1YC5H2g,https://i.pinimg.com/originals/62/d4/98/62d49813434fcb7217bbf3e6264bc6df.png,1023,1537,0,2026-05-06
2026-09-29,renda extra em casa,1147714286311873239,27,2,0,Como Fazer Sua Primeira Renda Com a Temu,drive.google.com,https://drive.google.com/file/d/1jekzNUK9ki-UaPtvL4gkzmon7dvcMvn3/view?usp=sharing,https://i.pinimg.com/originals/af/05/13/af051355a6d194d07a61f4d2aef3618f.png,941,1672,0,2026-06-12
2026-09-29,renda extra em casa,281543725169992,28,288,0,Renda extra,mobills.com.br,https://www.mobills.com.br/blog/ganhar-dinheiro/renda-extra/,https://i.pinimg.com/originals/97/86/e6/9786e6cbbcd287a4accef9283d0abd5f.jpg,1080,1920,0,2025-02-17
2026-09-29,renda extra em casa,389772542774017301,29,26,0,27 ideias de Renda Extra para Mulheres lucrarem em casa e terem liberdade,rendaextrainfinitas.com.br,https://www.rendaextrainfinitas.com.br/2026/03/ideias-de-renda-extra-em-2026-mulheres.html,https://i.pinimg.com/originals/cf/e4/52/cfe45211750d5be5bb1e9e7eaf58bc6b.png,1080,1920,0,2026-07-17
2026-09-29,renda extra em casa,605945324904378391,30,4,0,Como ganhar dinheiro!,,,https://i.pinimg.com/originals/c0/51/44/c051441a0f9e3c4e5552929d6e1dbafd.jpg,675,1200,0,2026-03-13
2026-09-29,renda extra em casa,27936460193201974,31,150,0,"Cansada de trabalhar fora? então veja as 17 opções de renda extra, que podem perfeitamente se tornar um negócio extremamente lucrativo. #trabalharemcasa#rendaextra#comoterrendaextra#comofazerrendaextr",meuolharempreendedor.com.br,http://meuolharempreendedor.com.br/como-ganhar-renda-extra/,https://i.pinimg.com/originals/25/f5/fd/25f5fd9661ebecdcae72ecb717e13008.jpg,564,845,0,2025-05-14
2026-09-29,renda extra em casa,807762883160481429,32,559,0,DESEMPREGADA? VEJA 25 IDEIAS DO QUE FAZER PARA GANHAR DINHEIRO EM CASA!,cellyhgeorg.blogspot.com,https://cellyhgeorg.blogspot.com/2020/09/desempregada-veja-25-ideias-do-que.html,https://i.pinimg.com/originals/2a/00/d5/2a00d562b110b46ad61388c7004b0df1.png,426,639,0,2020-09-15
2026-09-29,renda extra em casa,959196420659462424,33,7,0,Saiba como fazer dinheiro extra apenas TRABALHANDO de CASA!!! 👇,linktr.ee,https://linktr.ee/redefocoeresultado,https://i.pinimg.com/originals/d5/05/93/d505933fb8ff2083adfb56c98aa2d9a0.png,1066,1476,0,2026-08-24
2026-09-29,renda extra em casa,1337074881250858,34,17631,0,Ganhar dinheiro na internet,sendoutil.com,https://sendoutil.com/pesquisas-remuneradas-balanco-mensal/,https://i.pinimg.com/originals/90/47/0b/90470beb53b5bb03537875383a22cc9c.png,1000,1500,0,2020-07-20
2026-09-29,renda extra em casa,640355640832742462,35,15,0,renda extra apenas com o celular e Internet.,,,https://i.pinimg.com/originals/f0/fe/6c/f0fe6c6f36de8b24f39a70048de006b6.png,1024,1536,0,2026-09-15
2026-09-29,renda extra em casa,306244843433708211,36,20,0,10 ideias de renda extra sem gastar nada para começar do zero,avitrinedeofertas.com,https://avitrinedeofertas.com/renda-extra-sem-gastar-nada/,https://i.pinimg.com/originals/c9/d7/84/c9d7848dc8de0694a4b040afc4e36715.png,1000,1500,0,2026-08-20
2026-09-29,renda extra em casa,315463148915968280,37,3087,0,"Primeiro me siga para mais dicas ✨ Centenas de mulheres já estão fazendo $700 dólares extra por semana trabalhando online com MRR. Em casa, no tempo livre e o melhor: sem precisar falar inglês, e não ",instagram.com,https://www.instagram.com/reel/C9nzbfdv2rX/,https://i.pinimg.com/originals/eb/03/99/eb0399edb1d7e1d81c9165b8a8a9f3c2.jpg,1080,1920,1,2024-11-15
2026-09-29,renda extra em casa,AR-3BiEV91buTCgjuO8BX-_PQWL274A0J3DXtxCIpB_scLp2iFeZRb-sBV-Zaz8jgjgd17fvyPrjaa9TETGm9B4,38,0,0,We know homes. Hire the,thumbtack.com,http://www.thumbtack.com/,https://i.pinimg.com/originals/13/00/6b/13006bf26b60d25ca3770a5ec375a45c.jpg,1080,1920,1,2025-09-13
2026-09-29,renda extra em casa,153544668542631494,39,103,0,8 maneiras de ganhar R$ 100 por dia,quinzeprasnoveblog.com,https://www.quinzeprasnoveblog.com/2023/01/ganhar-dinheiro.html,https://i.pinimg.com/originals/d0/e6/5b/d0e65bed8a052ba746ed8610ba84a3b5.jpg,1000,1500,0,2026-04-04
2026-09-29,renda extra em casa,80431543341143022,40,110,0,Como trabalhar home office para o Facebook e grandes empresas e ganhar mais de R$5 mil por mês.,youtu.be,https://youtu.be/Z25CDoAFBDM,https://i.pinimg.com/originals/53/2d/b7/532db73cc01450831369afb824af9153.jpg,564,1001,0,2026-02-09
2026-09-29,renda extra em casa,662381057742479273,41,1,0,Renda Extra pela Internet: 10 Formas de Ganhar Dinheiro Online em 2026,shoppingoline.com,https://shoppingoline.com/renda-extra-pela-internet-10-formas-de-ganhar-dinheiro-online-em-2026/?utm_source=chatgpt.com,https://i.pinimg.com/originals/bc/0d/c3/bc0dc3bf04afeb02ac33f53701486cad.jpg,848,1264,0,2026-09-02
2026-09-29,renda extra em casa,888686938980165188,42,166,0,comece hoje a ganhar dinheiro,,,https://i.pinimg.com/originals/48/5d/fe/485dfe975a24db2a3a00a40e98a6b389.png,1080,1920,0,2025-09-29
2026-09-29,renda extra em casa,Aa8N2z18VzaQqFLfydEBFD-opT-X8EuZAoJNl5WJW8b5Cx8L0SOmyJAZnhYI5Cj0ESHSaU92y3I0ziSZbrJXgHA,43,239,0,9 Ways to Make Money,financebuzz.com,https://financebuzz.com/supplement-income-yaez?adheadline=9+Ways+to+Make+Money+Before+9AM&utm_source=pinterest&utm_medium=paid-social&utm_campaign=%7Bcampaign_name%7D-%7Badgroupname%7D&adgroupid=%7Badgroupid%7D&adid=%7Badid%7D,https://i.pinimg.com/originals/0b/44/f4/0b44f454b1b95cb0a872563c2133f50d.png,1000,1500,0,2026-06-09
2026-09-29,renda extra em casa,371617406776607895,44,23,0,40 Formas reais de Ganhar Dinheiro em casa para você começar seu Negócio Digital do Zero,rendaextrainfinitas.com.br,https://www.rendaextrainfinitas.com.br/2026/03/40-ideias-de-renda-extra-para-mulheres.html,https://i.pinimg.com/originals/d5/73/45/d573457fb1e136cba139cb6292db2268.png,1080,1920,0,2026-05-07
2026-09-29,renda extra em casa,740208888795882941,45,43,0,Sua renda em casa,,,https://i.pinimg.com/originals/15/c3/d5/15c3d5affd70cff085057ed60ede34e2.png,1080,1920,0,2025-09-06
2026-09-29,renda extra em casa,AU6hO0GFjL1JGy8u37KQRUR16ljYOzB8HxxbMHgJk8ZutbuzDNu9qfCUMpzC8Q81YA9I83C7hC5Zb2-wwM-UMgA,46,0,0,SEREN New Autumn V-Neck,us.shein.com,https://us.shein.com/ark/default?scene=1&test=5051&ad_type=DPA&goods_id=501199685&pf=PINTEREST&url_from=PINADSDPA&ismg=a10f34ef77461ad5c28a06ca4308f915008ef3dee46b1570208a787b138e5506_01_1790613687,https://i.pinimg.com/originals/c3/01/3f/c3013ffa4d7a6d85c670fcf5ade5a7ae.jpg,1065,1598,0,2026-08-31
2026-09-29,renda extra em casa,AZc7VU4zHvd3DtHo7u-qWbAfnHUfTk6LrwYpY1obeoTQtpHtnnGFtzlsX1Pxw6KO-RZugoU6CLb58BhUvuW3Qnc,47,73,0,Compact Supermarket,maoters.com,https://www.maoters.com/product/compact-supermarket-checkout-counter?variant=MTJ68941,https://i.pinimg.com/originals/98/a5/a9/98a5a964b47039bacb37ddd76e50fff2.webp,1000,1000,0,2026-08-07
2026-09-29,renda extra em casa,297378381665755780,51,86,0,Renda extra/Trabalhando em casa 💸,,,https://i.pinimg.com/originals/55/1f/79/551f79b8139a24055cf559863221b3ef.jpg,1080,1739,0,2024-09-26
2026-09-29,renda extra em casa,853502566931705923,52,1,0,Sua renda em casa pode começar pelo celular! 📲,pay.kiwify.com.br,https://pay.kiwify.com.br/sUqnazH?afid=hGCaXzTK,https://i.pinimg.com/originals/4d/a6/94/4da694740c9954138bfc5b6933459432.png,1024,1536,0,2026-09-16
2026-09-29,renda extra em casa,1000502873476730789,53,15,0,Afiliado Amazon: Como ter Renda Extra em Casa sendo Afiliado da Amazon,lucrandocomigo.com.br,https://lucrandocomigo.com.br/como-ser-afiliado-da-amazon/,https://i.pinimg.com/originals/50/26/02/5026021f6cb1c017bfb69f5f0a583d2d.jpg,512,1024,0,2025-06-01
2026-09-29,renda extra em casa,832743787393735167,54,3,0,"Renda extra, trabalhe de casa.",linktr.ee,https://linktr.ee/viihsanttos1806,https://i.pinimg.com/originals/da/5d/d8/da5dd818208f4ac9602f4313c20e37be.jpg,736,1104,0,2026-05-20
2026-09-29,renda extra em casa,AZo1VxOtyIonApf3xJtGdSDHRYffuklceCB9nBMmozy3C6_T4LutOaN1zhHb-YdKkLCt051v5bBK8jkgjduOEcE,55,1,0,The Original Goodstone,goodstoneinc.com,https://www.goodstoneinc.com/collections/all-fine-jewelry,https://i.pinimg.com/originals/1a/d7/9b/1ad79b1105fa6b7d3b3d48da996096c9.jpg,2000,3000,0,2026-05-27
2026-09-29,renda extra em casa,ASkPr_RBI5frpldSoBPrNaqI8tuzD8lCGaRbgafPh20xPGubtNdeiaLTUI5JBI7PksYoiOhrfRcZUREbM0xyhIQ,56,0,0,Mornings made...harder?,purple.com,https://purple.com/?utm_source=pt&utm_medium=so&utm_term=pt&utm_campaign=Purple_PPL_Consideration_US_Prospecting_2025&utm_id=%7Bcampaignid%7D&utm_content=goldilocks-%7Bcampaignid%7D-%7Badgroupid%7D-%7Badid%7D,https://i.pinimg.com/originals/98/c3/7e/98c37e7a9557a4e0cdc2528dbc1c5c9b.jpg,1080,1920,1,2025-10-06
2026-09-29,renda extra em casa,409264684909730449,57,44,0,Renda extra em casa para mulheres ✨💖,,,https://i.pinimg.com/originals/a2/f1/41/a2f14119137999365c075120e7a35c52.png,1000,1500,0,2026-06-17
2026-09-29,renda extra em casa,AV4gBwlJSll5_3AckhByVmtEPyfXUrXuHUAph9tTG4UlcezG_2rdHhTqbiaLk7nFY5h5KNZ2Iz3_pXSxJRjMQO4,58,342,0,6 Dumb Ways To Make Money,financebuzz.com,https://financebuzz.com/supplement-income-yaez?&utm_source=pinterest&utm_medium=paid-social&utm_campaign=%7Bcampaign_name%7D-%7Badgroupname%7D&adgroupid=%7Badgroupid%7D&adid=%7Badid%7D,https://i.pinimg.com/originals/ad/71/24/ad7124ccc88b83757989bb04553c5075.png,1000,1500,0,2026-04-16
2026-09-29,renda extra em casa,15621929952566724,59,291,0,50 Ideias de Renda Extra para Mulheres: Descubra Oportunidades Lucrativas!,veronicaolliveira.com.br,https://www.veronicaolliveira.com.br/post/50-ideias-de-renda-extra-para-mulheres,https://i.pinimg.com/originals/ce/70/58/ce7058ffe0890b47db3b0258424a9386.jpg,1250,2250,0,2026-03-07
2026-09-29,renda extra em casa,AfEUCGPXh-cvnDHW0L75Pi0fXbniRtoSPtFKudtBA9cviwphkbxrGveVepK34DBdUeoOTW1rvZDfel9x5MbVQuQ,60,11,0,20in Low Profile Wooden,wayfair.com,https://www.wayfair.com/Wrought-Studio%E2%84%A2--Larelle-11.02-Ceiling-Fan-with-LED-Lights-X222763148-L230-K~W111652037.html?refid=PSO49-W111652037,https://i.pinimg.com/originals/8e/c4/a0/8ec4a0101854d561bd1e8fe8ed9da586.jpg,400,400,0,2026-06-17
2026-09-29,renda extra em casa,297167275434593893,61,47,0,Como trabalhar no Pinterest de casa no tempo livre,lucrandocomigo.com.br,https://lucrandocomigo.com.br/como-trabalhar-no-pinterest-de-casa/,https://i.pinimg.com/originals/80/05/43/8005435d19868a6c5145db3345aa9c1f.jpg,600,1200,0,2025-10-07
2026-09-29,renda extra em casa,AaUSev_LqO8NMuKRSAr5rj5Gt0EPsSEUlrzOlMfRwHniBKucIjogm5Gw49FcguoeAdtY2E92MmOu3l6a2yW7uCI,62,2,0,✨The Digital Creator Diaries: Week 3-Want to Start an Online Business but Have Nothing to Sell? Read This First 🌺,open.substack.com,https://open.substack.com/pub/jenniferdigitalincome/p/the-digital-creator-diaries-week-b20?r=3reriy&utm_medium=ios,https://i.pinimg.com/originals/30/56/2c/30562c93d9c4bc06341aeda4f8ce8542.jpg,1157,1314,0,2026-08-24
2026-09-29,renda extra em casa,AXIBwl6v9n1b_FbnQlXh2MZL4xkbU6t21W80_MEwfv5wXl9jM4Z39s5if4cWelrVPEYpQRgBM1Vg5SS-R3nhPwQ,63,0,0,ModernHaus SoHo,expedia.com,https://www.expedia.com/Hotel-Search?destination=New+York&selected=3681052&startDate=2026-10-11&endDate=2026-10-12,https://i.pinimg.com/originals/db/c2/5a/dbc25afb12d066a0f1359c6eba4a3834.jpg,1000,1500,0,2026-09-02
2026-09-29,renda extra em casa,616852480260148464,64,1,0,Como Fazer Renda Extra pela Internet e Começar do Zero,miriamfonseca.com,https://miriamfonseca.com/como-fazer-renda-extra-pela-internet/,https://i.pinimg.com/originals/d9/85/4c/d9854c701acd58c9f52ca9ff82407024.jpg,1080,1920,0,2026-09-12
2026-09-29,renda extra em casa,2603712282669298,65,753,0,20 Ideias Lucrativas para Gerar Renda Extra em 2026,,,https://i.pinimg.com/originals/77/d9/70/77d9705f2bc008a3d3fbe42077caf301.png,1696,2528,0,2026-04-09
2026-09-29,renda extra em casa,88664686409899944,66,82,0,Ideias para ganhar dinheiro,simplesbellablog.com,https://www.simplesbellablog.com/2022/03/como-ganhar-dinheiro-usando-o-canva.html,https://i.pinimg.com/originals/ba/d3/9c/bad39c81c2f35e61b0a8f84859fdc99f.png,1000,1500,0,2025-12-08
2026-09-29,renda extra em casa,AbOv47OLT9jrswMFxF--kD8a4hLQoDRHlWBv5DlD7R45t34n8FxpegCexIj4R7iM5ULs0ErQCXUCcDLvRQaHCKM,67,0,0,20pcs/10pcs/5pcs Large,us.shein.com,https://us.shein.com/ark/default?scene=1&test=5051&ad_type=DPA&goods_id=453391330&pf=PINTEREST&url_from=PINADSDPA&ismg=dedded5c799dd08e30df8767d391f2cb9ab2ab0c42c8a4f732b3277190ef9240_01_1790613772,https://i.pinimg.com/originals/83/03/3d/83033d997a9304dce913d346f869222b.jpg,1065,1598,0,2026-09-02
2026-09-29,renda extra em casa,687784174325527014,68,37,0,Trabalhar em casa e ter renda extra,ludyalmeida.com.br,https://www.ludyalmeida.com.br/as-32-melhores-ideias-para-ter-renda-extra-trabalhando-em-casa/,https://i.pinimg.com/originals/c8/62/aa/c862aac4f9d42b54e8b75526ce0922cb.png,300,600,0,2019-08-20
2026-09-29,renda extra em casa,AQYqTAeHlQaa7vEx55eQqRSZDJqO2C_t7fsAs2ZWDPw06r4tukuJpEUjxizdb54iLLDwjE5BoAYdvQ7zgWAwQ8A,69,1,0,Domo Boutique Hotel,hotels.com,https://www.hotels.com/Hotel-Search?destination=Oldbury&selected=84350837&startDate=2026-10-11&endDate=2026-10-12&catalogRunId=41498,https://i.pinimg.com/originals/2b/a2/fa/2ba2fafab0a52879275c8856222f2776.jpg,1000,1500,0,2026-08-28
2026-09-29,renda extra em casa,739857045067998841,70,10,0,20 Ideias Simples de Renda Extra no Fim de Semana!,medium.com,https://medium.com/@tinarodoli/20-ideias-criativas-de-renda-extra-para-os-finais-de-semana-transforme-seu-tempo-livre-em-dinheiro-0316bce71bfc,https://i.pinimg.com/originals/50/c6/71/50c6715c4ddefdc99281cf190e3d608c.jpg,800,1200,0,2024-09-13
2026-09-29,renda extra em casa,AfMEX4qw-cyPKqKJHahYW3L7Z_Aj4B4J7ML-fOVJtPYUpJ44ASCL6MVQ8ZpgO-Krw3sBIRhReQnQPdQaOcyWX9A,71,4,0,"The Super Lowpro, ready",vans.com,https://www.vans.com/en-us/c/shoes/super-lowpro-1984,https://i.pinimg.com/originals/62/e3/84/62e384ce7a3b2d42a6e608e5976b0e53.jpg,1080,1440,1,2026-06-30
2026-09-29,renda extra em casa,7388786883505942,72,436,0,20 Dicas do que fazer para ganhar dinheiro nos finais de semana,lucrandocomigo.com.br,https://lucrandocomigo.com.br/que-fazer-para-ganhar-dinheiro-nos-finais-de-semana/,https://i.pinimg.com/originals/4c/a8/89/4ca889aabd1bceca118e55b16ee368fc.png,375,750,0,2024-08-22
2026-09-29,renda extra em casa,73746512643551917,73,200,0,7 Ideias de Renda Extra Imediata por Conta Própria,lucrandocomigo.com.br,https://lucrandocomigo.com.br/7-ideias-de-renda-extra-imediata/,https://i.pinimg.com/originals/6e/0f/1c/6e0f1c9e3c04858d6ab1e9cc8f0eaee4.jpg,512,1024,0,2025-10-13
2026-09-29,renda extra em casa,306244843433514100,74,4,0,Descubra 7 ideias de renda extra em casa para mulheres ganhar dinheiro online,,,https://i.pinimg.com/originals/b5/f8/f1/b5f8f18c7283d328602d234c6dcfe413.png,1080,1920,0,2026-07-21
2026-09-29,planejamento semanal,25262447905613229,1,467,0,PLANNER SEMANAL,,,https://i.pinimg.com/originals/d3/09/cd/d309cd25025a41a8ce7a85229e839f9f.png,1536,1024,0,2026-06-26
2026-09-29,planejamento semanal,2462974792895025,2,2971,0,planejamento semanal,,,https://i.pinimg.com/originals/13/d7/cd/13d7cd3d5da88154e8edb9a19b69fea3.jpg,902,1280,0,2025-09-30
2026-09-29,planejamento semanal,28217935162404935,3,661,0,Plenjamento Semanal,,,https://i.pinimg.com/originals/4b/e5/0a/4be50a9e55d9f5da8bd812a65a7f79ea.jpg,1217,1703,0,2026-07-07
2026-09-29,planejamento semanal,AcbQBrMhNXtlqAQ-GKO-ATRGJnXsDa0Kz8yYbrGyDeHP0KwSEiK3O0f142sd_dnsoNI2o7SQPWFvEociPYgUiYE,4,1,0,Avery Planner Stickers,avery.com,https://www.avery.com/products/labels/6785,https://i.pinimg.com/originals/06/33/11/0633115f7ffc287a874c815f2fe41db7.jpg,1422,1422,0,2026-07-28
2026-09-29,planejamento semanal,4714774600504690,5,8966,0,Planner 2021 grátis para imprimir minimalista,belezanerd.com.br,https://www.belezanerd.com.br/2019/12/freebies-5-planners-exclusivos-e-gratuitos.html,https://i.pinimg.com/originals/08/e5/8d/08e58db3136aff91b50f17a9a7278796.jpg,1500,2067,0,2022-01-09
2026-09-29,planejamento semanal,AbzqdPY9nsL4b1CO_BKa4APNzhvUgmbsYqmuwWy0lJWezocWkqNu6D8FqXkjuu0qcw9B0apOH4cYDT2q7iiWzME,6,19,0,1-Pack Weekly Hourly,homedepot.com,https://www.homedepot.com/p/Afoxsos-1-Pack-Weekly-Hourly-Planner-Dry-Erase-Magnetic-Whiteboard-with-Pen-and-Eraser-16-5-x-11-8-Inch-59SA17099/337553409?cm_mmc=psoc-pinprg-%7Bcampaignid%7D-%7Badgroupid%7D,https://i.pinimg.com/originals/d4/c4/0d/d4c40d616201eb39c590923a00b21ffc.jpg,1000,1000,0,2026-08-14
2026-09-29,planejamento semanal,2462974790418045,7,3415,0,,artesanatopassoapassoja.com.br,https://www.artesanatopassoapassoja.com.br/planner-semanal-para-imprimir/,https://i.pinimg.com/originals/20/c1/b3/20c1b3611e31582937fc839aceda9867.png,770,1089,0,2024-01-21
2026-09-29,planejamento semanal,AQvBBIRgRy_YoI8E5Z_QxwiKM47-S3AdgpXQ6-E0Woc1NDBf4-QemO0UYJRUcA7A_b4XpF5KdOa0jI9MdBe8aaE,8,3,0,Your Next Planner,laureldenise.com,https://laureldenise.com/,https://i.pinimg.com/originals/98/f0/2b/98f02b4e18ee688a2d5ffb9a81c181b2.png,1000,1500,0,2026-09-01
2026-09-29,planejamento semanal,20477373300473078,9,1159,0,Planejamento semanal,,,https://i.pinimg.com/originals/63/a3/2a/63a32af115274cbd9ab52730f3cff48d.jpg,1414,2000,0,2025-07-09
2026-09-29,planejamento semanal,1477812373184661,10,13248,0,cronograma semanal com horário - Cronograma,passeidireto.com,https://www.passeidireto.com/arquivo/103899440?utm_medium=mobile&utm_campaign=ios,https://i.pinimg.com/originals/79/74/1d/79741dea02876b28fcab2a4af86acea2.jpg,1414,1000,0,2024-09-03
2026-09-29,planejamento semanal,54113633030738961,11,354,0,Planner semanal,,,https://i.pinimg.com/originals/d7/4f/46/d74f46617f675997ca06406d75d79d3b.png,1086,1448,0,2026-09-19
2026-09-29,planejamento semanal,AYx0dsx1DpKJbixIeyFsTgz-9ZnbNdraBtPZT0M0n3PAd5GBGIpyAmUABaqNRGdujEWkFhTv5eKi0d_FXQYvl4k,12,1,0,2027 Planners 15% Off +,commit30.com,https://commit30.com/products/2027-weekly-goal-planner,https://i.pinimg.com/originals/85/01/99/85019953ea31fe8760ce2d36f4918a8e.png,1000,1500,0,2026-09-16
2026-09-29,planejamento semanal,AZc9rDruBkpG_zWRd5PbhgBGYOxat9P102DKss4CSMCIlJWqhaCe9G_oJggeAUQl1I4Bq3NEl_yUNR6-MJdAJhA,13,1,0,Sheffield Home Set of 2,kohls.com,https://www.kohls.com/product/prd-7663055/sheffield-home-set-of-2-family-planner-dry-erase-boards-with-chore-chart-meal-planner.jsp?skuid=76463963&ci_mcc=ci&utm_campaign=EC%20TEAM%20APPAREL&utm_medium=CSE&utm_source=pinterest&utm_product=93668431&CID=shopping29,https://i.pinimg.com/originals/00/d4/04/00d404ad9c24df0bfc5a73ac7f8f84ce.jpg,800,800,0,2026-09-01
2026-09-29,planejamento semanal,5348093304258978,14,620,0,,,,https://i.pinimg.com/originals/8a/5a/9b/8a5a9b2b21376cd41351e0e61269969c.jpg,736,1040,0,2025-12-26
2026-09-29,planejamento semanal,82964818137762011,15,303,0,,,,https://i.pinimg.com/originals/89/4f/7a/894f7a55a8111608431f05844479ebeb.png,2000,1415,0,2026-03-20
2026-09-29,planejamento semanal,81064862037363333,16,194,0,,,,https://i.pinimg.com/originals/f4/3c/fd/f43cfd7b52fed7f398fea937d9a7f7a9.png,1414,2000,0,2026-05-14
2026-09-29,planejamento semanal,119626933852003017,17,126,0,,,,https://i.pinimg.com/originals/dc/0f/b5/dc0fb57691581ae5902954cfd2d57d70.png,1754,1241,0,2026-08-30
2026-09-29,planejamento semanal,13721973862266368,18,75,0,,,,https://i.pinimg.com/originals/d1/17/7e/d1177e26a9a448c44b1e1c8d2226c3b8.jpg,1200,1699,0,2026-08-10
2026-09-29,planejamento semanal,67554063160037900,19,264,0,planejamento,,,https://i.pinimg.com/originals/ed/9d/2f/ed9d2f12eb16715f4b20306a697e980a.jpg,736,1308,0,2026-03-04
2026-09-29,planejamento semanal,235805730483736709,20,157,0,Planejamento Semanal para Imprimir: A4 - Retrato,000dlx.com.br,https://www.000dlx.com.br/planejamento-semanal-para-imprimir-em-a4.php,https://i.pinimg.com/originals/7f/81/ab/7f81abfd87b49b22cae5e64b3612ab5d.jpg,795,1124,0,2026-01-28
2026-09-29,planejamento semanal,66428163251107606,21,125,0,Planner semanal | Planner 2023 completo para imprimir,entrecartaseamores.com,https://entrecartaseamores.com/planner-2023-completo/,https://i.pinimg.com/originals/33/c1/38/33c13813d29ac5a6d417b2fe0f58d60c.png,1414,2000,0,2026-08-07
2026-09-29,planejamento semanal,1028931846164400067,22,1,0,Planner Semanal com Deus | Planejamento Bíblico para Mulheres,,,https://i.pinimg.com/originals/5a/35/78/5a3578bf35b361f73a294fedda8d135b.jpg,1152,2048,0,2026-09-18
2026-09-29,planejamento semanal,35395547064708425,23,1419,0,cronograma de estudo semanal,,,https://i.pinimg.com/originals/74/f5/dc/74f5dc24fc894867b8c5174db3b9502a.png,1536,1024,0,2025-05-30
2026-09-29,planejamento semanal,271482683783700458,24,52,0,,,,https://i.pinimg.com/originals/d6/bd/fd/d6bdfd867d780cde219b503ebcdb3b62.png,1536,1024,0,2026-08-20
2026-09-29,planejamento semanal,77898268550852422,25,530,0,,,,https://i.pinimg.com/originals/b8/a8/00/b8a8008bf3f8aa765ff73138fddf4e36.jpg,720,1052,0,2025-01-10
2026-09-29,planejamento semanal,14918242509638341,26,2115,0,Planejamento Semanal Gratuito,,,https://i.pinimg.com/originals/45/de/c6/45dec69f67665858d93586b9cde30322.jpg,1414,2000,0,2023-12-08
2026-09-29,planejamento semanal,68747605071,27,5765,0,Planner semanal de mesa para imprimir,,,https://i.pinimg.com/originals/b5/dc/42/b5dc4209d1676a4813b94e6d9f769abf.jpg,850,1200,0,2024-06-18
2026-09-29,planejamento semanal,1125829606881151507,28,7,0,,,,https://i.pinimg.com/originals/0b/e4/10/0be4107c7c3325ac887bcd90e715964d.jpg,675,1200,0,2026-09-08
2026-09-29,planejamento semanal,288371182415731709,29,147,0,Planner Semanal,,,https://i.pinimg.com/originals/01/b5/6f/01b56f85cac2fc3e05ffbce3ab6890e4.png,1414,2000,0,2026-08-24
2026-09-29,planejamento semanal,8585055536718775,30,1249,0,Planner semanal,,,https://i.pinimg.com/originals/6d/dd/6f/6ddd6f97691785eb00f944ce029f0d12.jpg,1200,1680,0,2026-05-20
2026-09-29,planejamento semanal,20477373300530732,31,1057,0,Planner Semanal ROSA Grátis para baixar e imprimir,suburbanodigital.blogspot.com,https://suburbanodigital.blogspot.com/2024/12/planner-semanal-rosa-gratis-para-baixar-e-imprimir.html,https://i.pinimg.com/originals/e0/7d/75/e07d75c35541979a9c6d6df145069da6.png,1414,2000,0,2025-07-27
2026-09-29,planejamento semanal,222224562858371426,32,80,0,plano semanal para aulas,,,https://i.pinimg.com/originals/76/99/56/7699566834a9c6c856c24a237b83428e.png,1054,1492,0,2026-09-10
2026-09-29,planejamento semanal,15621929952167189,33,352,0,Agenda da semana,,,https://i.pinimg.com/originals/41/7d/72/417d724526cfd47892833802035004ee.png,1000,1500,0,2025-10-17
2026-09-29,planejamento semanal,15903404930230707,34,1851,0,,,,https://i.pinimg.com/originals/06/fc/ed/06fced3ca79d62e571bb3c9f83b7ca23.jpg,736,1041,0,2025-09-10
2026-09-29,planejamento semanal,10977592838029922,35,104,0,,,,https://i.pinimg.com/originals/1c/cb/cd/1ccbcdd18e832225e09d965cc6db5974.jpg,1080,1920,0,2026-09-12
2026-09-29,planejamento semanal,506866133069641420,36,114,0,6 modelos de planner semanal grátis para imprimir,quasemineira.com.br,https://quasemineira.com.br/planner-semanal-gratis-para-imprimir/,https://i.pinimg.com/originals/ba/aa/6f/baaa6f4ee73fcf125ac56d9779a96e35.png,1000,1500,0,2021-03-29
2026-09-29,planejamento semanal,47991552276684698,37,336,0,,,,https://i.pinimg.com/originals/bd/35/fc/bd35fcda6c6f3a7658b5fe2e2cb016c5.jpg,736,1041,0,2026-02-02
2026-09-29,planejamento semanal,140806234642770,38,1648,0,PLANNER 2026 grátis para baixar e imprimir - em pdf,apenasdetalhes.com,https://apenasdetalhes.com/planner-2026-pdf-gratis-para-baixar-imprimir/,https://i.pinimg.com/originals/0c/c0/1f/0cc01f8b947364224da184cfd0a68f6e.jpg,1000,2000,0,2025-11-30
2026-09-29,planejamento semanal,1130473944001858518,39,2,0,#PlannerSemanal #Organizacion #PlanificacionSemanal,,,https://i.pinimg.com/originals/dc/7a/78/dc7a78bef3f1a830dde22c3aab2f9f8c.png,1536,1024,0,2026-09-17
2026-09-29,planejamento semanal,32651166045042250,40,540,0,Aesthetic Weekly Planner & Organization Ideas✨❣️,,,https://i.pinimg.com/originals/9a/de/c0/9adec0da90884ce2ff2b1372c2de6f60.jpg,1122,1402,0,2026-09-17
2026-09-29,planejamento semanal,11892386514157176,41,2041,0,Planner Snoopy,israelakotona.blogspot.com,https://israelakotona.blogspot.com/2021/01/planner-snoopy.html?m=1,https://i.pinimg.com/originals/c2/f6/1f/c2f61fc9bf0099fe097c7b1da18a5658.jpg,720,1040,0,2026-05-22
2026-09-29,planejamento semanal,688065649365585062,42,1,0,,,,https://i.pinimg.com/originals/f3/d9/69/f3d969dd3d0e0e9c97bcc8ef9e7e9241.jpg,1080,1920,0,2026-09-14
2026-09-29,planejamento semanal,17803361027070273,43,700,0,,,,https://i.pinimg.com/originals/d3/d4/37/d3d43767c9cd9a6236196f9b79a0d40a.jpg,656,924,0,2026-07-22
2026-09-29,planejamento semanal,41587996555801803,44,256,0,Planner,,,https://i.pinimg.com/originals/73/e3/e5/73e3e5ccbe2f8bbd53b4a491e9b7adb5.png,1054,1492,0,2026-07-12
2026-09-29,planejamento semanal,385550418122636118,45,39,0,🌸 Planejador Semanal Fofo e Estético para Imprimir,,,https://i.pinimg.com/originals/46/b7/7d/46b77d9c57f6c00ac81c8ecff66faea0.jpg,1000,1500,0,2026-09-16
2026-09-29,planejamento semanal,618822805082466699,46,605,0,Planner laurinha moranguinho Hello Kitty,,,https://i.pinimg.com/originals/89/a5/8d/89a58d72c219cb7b0cedad36497f746b.png,2000,1414,0,2025-01-21
2026-09-29,planejamento semanal,27232772742388084,47,257,0,,,,https://i.pinimg.com/originals/f8/2f/f9/f82ff91096d320ffece60f6852bbe7b3.jpg,1200,675,0,2026-06-11
2026-09-29,planejamento semanal,69242913017414992,48,175,0,Planner semanal ✍🏻💗,,,https://i.pinimg.com/originals/ff/2f/ef/ff2fef0543582374d04e7cacfcf1f01e.jpg,724,1024,0,2026-08-13
2026-09-29,planejamento semanal,27232772741892002,49,335,0,Cronograma Semanal,,,https://i.pinimg.com/originals/e7/e3/6a/e7e36a51ff8cb09b6cd605c2bb452e71.jpg,1280,904,0,2025-12-20
2026-09-29,planejamento semanal,46302702416222473,50,352,0,Planejamento semanal,,,https://i.pinimg.com/originals/c0/f6/0c/c0f60c7f0c7d1593a7b4605feaca2dce.png,1024,1536,0,2025-08-05
2026-09-29,planejamento semanal,AQ3QogpYWoxU0TjJqHgRCiSWtzPttrnX4LGnSKNn2wSHZD6jRwpZQZt077wFZ_joOUk5EUBeLYjvI8qfin7icWQ,52,0,0,Magnetic Refrigerator,us.shein.com,https://us.shein.com/ark/default?scene=1&test=5051&ad_type=DPA&goods_id=496787852&pf=PINTEREST&url_from=PINADSDPA&ismg=b4629765fb4bf1170d6c62ed434032faeb0bb3e9721886a2fa6b0e6eaa0e92bc_01_1790613692,https://i.pinimg.com/originals/38/00/96/380096890244e7e86dd6df3b20dc3ac5.jpg,1340,1785,0,2026-09-05
2026-09-29,planejamento semanal,843862048976010077,53,19,0,Autumn Weekly Planner | Cozy Fall Weekly Planner Printable,,,https://i.pinimg.com/originals/1b/8c/a8/1b8ca88c78a33dccf37478982295ee34.png,1024,1536,0,2026-09-19
2026-09-29,planejamento semanal,Ac7tJrOVMt9r7HcVsRnpIntXTdDisCAGkGcyhkd_C6Dpl50dEchiyCmK1Kl3ol1AyMjUpa6wQ0nMIgUJ-TYdwLA,54,0,0,RoomMates Black & White,tractorsupply.com,https://www.tractorsupply.com/tsc/product/roommates-black-white-basics-dry-erase-calendar-peel-stick-giant-wall-decal-2358325,https://i.pinimg.com/originals/48/42/84/484284536501f26aaac9d1abec50659e.jpg,354,531,0,2026-08-07
2026-09-29,planejamento semanal,12244230230361340,55,2734,0,Planner Minimalista,,,https://i.pinimg.com/originals/88/8d/f5/888df5f7c8a26f065c4ba87d23ebeb53.jpg,920,1200,0,2025-02-04
2026-09-29,planejamento semanal,15903404930230706,56,546,0,Planner semanal,,,https://i.pinimg.com/originals/2f/bc/e7/2fbce7afc7a3c5ec92f8414b8f064def.jpg,1413,1999,0,2025-09-10
2026-09-29,planejamento semanal,546202261080855873,57,26,0,Weekly Bullet Journal Spreads,,,https://i.pinimg.com/originals/a5/c9/6a/a5c96aab8fa2f91420c13dfe10e540f3.png,1024,1536,0,2026-09-19
2026-09-29,planejamento semanal,236157574207256544,58,100,0,Planner Semanal para Imprimir: 17 Modelos para Baixar Grátis - Revista Artesanato,revistaartesanato.com.br,https://www.revistaartesanato.com.br/planner-semanal-para-imprimir,https://i.pinimg.com/originals/6d/bf/50/6dbf50da4315de247e646b77da7a951b.jpg,640,758,0,2026-02-03
2026-09-29,planejamento semanal,168814686030402206,59,103,0,Planner semanal,,,https://i.pinimg.com/originals/7c/ac/0c/7cac0cd1f40a4b787e4702505590670a.jpg,1200,1680,0,2026-03-03
2026-09-29,planejamento semanal,8514686792270892,60,449,0,Casa Organizada - Planner da Rô,,,https://i.pinimg.com/originals/74/44/7a/74447af5802bf0921f5e23bffa7f06c5.png,1024,1536,0,2026-08-08
2026-09-29,planejamento semanal,1688918607612463,61,1053,0,#planejamentosemanal #plannergratuito #planner,,,https://i.pinimg.com/originals/67/c5/ab/67c5aba0ebd281f6bc635dd23b8ccdac.png,1414,1999,0,2026-08-30
2026-09-29,planejamento semanal,39617671719906695,62,251,0,"Printable Planner Pages, Weekly planner ✅",payhip.com,https://payhip.com/FionaPerks/blog/news/aesthetic-digital-weekly-planners/?1987-6a14a074d0aa0,https://i.pinimg.com/originals/f7/d3/fc/f7d3fc9b174b1e3dde7b652575ff815c.png,1024,1536,0,2026-08-14
2026-09-29,planejamento semanal,27232772742467664,63,523,0,PLANNER,,,https://i.pinimg.com/originals/01/57/d9/0157d903f7f5ceda893d3dc352440d83.png,1055,1491,0,2026-07-11
2026-09-29,planejamento semanal,437482551331184989,64,58,0,Aesthetic Weekly Planner Printable | Minimal Weekly Planner | Stay Organized & Focused,,,https://i.pinimg.com/originals/5a/a7/f5/5aa7f5090b59a68b832328afc83e0646.png,1024,1536,0,2026-09-19
2026-09-29,planejamento semanal,612278511888592738,65,3,0,planejamento semanal,,,https://i.pinimg.com/originals/81/58/af/8158af884e30ca6939f9b34d65f51997.jpg,1080,1920,0,2026-07-21
2026-09-29,planejamento semanal,153122456076698642,66,173,0,,,,https://i.pinimg.com/originals/e6/0e/18/e60e18b9933bf12d92b1695214a5086b.jpg,765,1082,0,2025-11-21
2026-09-29,planejamento semanal,296182113018330342,67,9,0,Planner semanal 282 1540,behance.net,https://www.behance.net/gallery/243405269/-Digital-Planner-Templates/?planner-semanal-282,https://i.pinimg.com/originals/c9/8f/df/c98fdf292e68bf6969d407a49a515302.jpg,1215,1706,0,2026-09-10
2026-09-29,planejamento semanal,408983209933567174,68,3,0,Planner semanal fofo ✨❤️,,,https://i.pinimg.com/originals/a3/84/b4/a384b4df41836123a9601dacbb6ef31b.png,1415,2000,0,2026-09-09
2026-09-29,planejamento semanal,2462974791943494,69,1559,0,Planner segunda a domingo,,,https://i.pinimg.com/originals/97/bd/d9/97bdd954fb4a5c78490c92d1b7a83607.jpg,1212,1711,0,2024-12-27
2026-09-29,planejamento semanal,617274692693064920,70,265,0,Planner mensal,,,https://i.pinimg.com/originals/b7/17/d2/b717d23b9c4c0b57e990e29c7a2db855.jpg,849,1200,0,2022-09-01
2026-09-29,planejamento semanal,24910604186681265,71,451,0,"Un nouveau planner est dispo pour organiser votre semaine ! 👀🗓️✨ Ce planning hebdomadaire vous permet de tout structurer au même endroit : priorités, to-do, emploi du temps heure par heure, habitudes ",instagram.com,https://www.instagram.com/reel/DYCzXVLOecE/,https://i.pinimg.com/originals/bd/47/1c/bd471ceb88dfd9275745de7b5f861993.jpg,1080,1920,1,2026-08-06
2026-09-29,planejamento semanal,101190322938723723,72,46,0,Planner Semanal para Imprimir e Baixar,,,https://i.pinimg.com/originals/4c/55/8e/4c558e90254346794d62b998b32bf28f.png,1414,2000,0,2025-10-15
2026-09-29,planejamento semanal,76490893661921269,73,2174,0,Planejamento Semanal,,,https://i.pinimg.com/originals/10/84/fb/1084fbc447b521ab40ec32adf9dfeaa6.png,1748,2480,0,2022-01-07
2026-09-29,planejamento semanal,1109996639443456578,74,15,0,,,,https://i.pinimg.com/originals/a7/8d/45/a78d458d0cd59b5903f22bad938c3eb9.png,1042,1510,0,2026-09-08
2026-09-29,planejamento semanal,94223817197490593,75,133,0,planner semanal,,,https://i.pinimg.com/originals/3c/29/96/3c299698d486b9b64b7bb2caa2e25081.jpg,1200,900,0,2025-04-26
2026-09-29,planejamento semanal,1109222583271243265,76,1,0,Minimalist Weekly Planner Printable | Floral Weekly Planner | Daily To-Do List & Goals | A4 Print,payhip.com,https://payhip.com/Saaraadigitallab,https://i.pinimg.com/originals/a5/60/e8/a560e87503e4d7111880b1725b138597.png,1024,1536,0,2026-09-18
