data,palavra,pin_id,posicao,saves,comentarios,titulo,dominio,link,imagem,largura,altura,video,criado_em
2026-10-05,look feminino verao,1142436630514534304,1,1,0,Conjunto Azul Shein| Coach e Hermes💙,onelink.shein.com,https://onelink.shein.com/53/62q9th81d937?ismg_ol=4gp712g8JgY_01_KOC-C,https://i.pinimg.com/originals/36/5e/c2/365ec2e245f886e72feba83bb7180eda.png,942,1669,0,2026-09-22
2026-10-05,look feminino verao,716002040805358988,2,6,0,Conjunto feminino estiloso 🤎,s.shopee.com.br,https://s.shopee.com.br/2Vrs5G6OHc?channel_type=pinterest,https://i.pinimg.com/originals/0a/69/7d/0a697db098732a5d4271406086abf52b.png,1024,1536,0,2026-09-20
2026-10-05,look feminino verao,695172892530977394,3,27,0,Conjunto de regata listrada,onelink.shein.com,https://onelink.shein.com/54/63d1e3sx771f?ismg_ol=1fmq3fq9gYr_01_KOC-C,https://i.pinimg.com/originals/21/5c/07/215c07bb90ad11a1a2d2da47fdd794e7.jpg,1080,1920,0,2026-09-27
2026-10-05,look feminino verao,893753488607141296,4,3,0,Conjuntinho amarelo perfeito para o verão ☀️,s.shopee.com.br,https://s.shopee.com.br/8KpiPCApum?channel_type=pinterest,https://i.pinimg.com/originals/ac/8d/de/ac8dde8654133cf0ca85b6e7dc0fc2c5.jpg,1080,1920,0,2026-09-22
2026-10-05,look feminino verao,AT-Vuo8hwxvSzZ7SrtcRL1I5TLiU2ylSyoaqH2t9ZPdDLDFcJ5LiygzyeCQjDLaVjSbxpBv2DvRQ_aF-BNFxrE8,5,8640,0,Looks Expensive But It's,amzlink.to,https://amzlink.to/az0u2a9l3C7cj,https://i.pinimg.com/originals/25/77/be/2577befbd11f92940b084e862b4080eb.png,1000,1500,0,2026-02-04
2026-10-05,look feminino verao,921408405053451538,6,1,0,,,,https://i.pinimg.com/originals/d0/fb/cf/d0fbcfff08a194085636e87ee0d9fa2c.jpg,1080,1920,0,2026-09-22
2026-10-05,look feminino verao,ATKRm2JS4AMIMamZwkqR8h-EQtJSgKvQdZfumONqD5fzTHxm2GYDVl9kTJCr6hJqBgQgXoi618ojgxnnlo_YHcc,7,353,0,Amazon Summer Basics,amzlink.to,https://amzlink.to/az0WTX5RSu9XV,https://i.pinimg.com/originals/76/8d/5f/768d5ff99e128698dcc8c600a5162e0c.png,1000,1500,0,2026-05-20
2026-10-05,look feminino verao,AXs40BG4RCqWUrqjTHtkxtXcFvFY7e7fbPe2K4s_BjgPBaJaKm52O0zcOSYRWMix3GVGeSnXpiUXF0EItbB0rZM,8,584,0,Amazon Outfits Worth,amzlink.to,https://amzlink.to/az0PvMm6t97Wy,https://i.pinimg.com/originals/65/fb/e1/65fbe1d30aa96e5da6542b04498fbe23.png,1000,1500,0,2026-06-05
2026-10-05,look feminino verao,522206519316651981,9,16,0,Short saia,vt.tiktok.com,https://vt.tiktok.com/ZS9AhcU1F988A-DyG15/,https://i.pinimg.com/originals/48/cd/b6/48cdb637a39138af0c48f1331cc89928.png,941,1672,0,2026-09-30
2026-10-05,look feminino verao,761952830754268097,10,2,0,Para tudo nesse look para arrasar no verão,onelink.shein.com,https://onelink.shein.com/54/635cfypomhvs?ismg_ol=JCsxBr0IuFf_01_KOC-C,https://i.pinimg.com/originals/35/4c/56/354c56037d02600722781765ed52b833.png,941,1672,0,2026-09-26
2026-10-05,look feminino verao,AcHiKihqjtk8GS1z7EwU5eMKTUTHOkVLJBZy1yE_2px66pjeVsvJydccyQJ4W7sGNR0uwUCplsBRytzojfDs9no,11,25,0,The ultimate work,vestiairecollective.com,http://vestiairecollective.com/,https://i.pinimg.com/originals/3c/80/b3/3c80b3151fbba0338c485079c802d900.png,1000,1500,0,2026-08-10
2026-10-05,look feminino verao,AY_STQCaAAGmZGklcSwgTqeAwVzl0QBWGYX_yruSCmJ2HSNeS1JyP-BhcZR35D1jO_xxTb8_RGoTVE6l1WWuDEU,12,69,0,Find everyday outfits for,kohls.com,https://www.kohls.com/catalog/womens.jsp?CN=Gender:Womens&BST=8199577:7964489:8210645:8099933&icid=social-paid-pncrsl-womenseverydayfalloutfits-np-2609wk3-frame1&cid=SO26PDPIN0784&utm_campaign=paid_social&utm_medium=paid_social&utm_source=pinterest&utm_content=2026pdpin784,https://i.pinimg.com/originals/8b/53/a6/8b53a66c31f25153ba7c0b6aeff127df.jpg,1080,1920,0,2026-09-11
2026-10-05,look feminino verao,AUulqGUtfIL1V_9clsZclrxzMmB9SUz6QNg-b-PiXNbOU809R6jSMIoPD0k6Gh6azmcaDFPih_ymGlsQRvIGOiI,13,219,0,Comfy Pool Side Outfit,amzn.markable.ai,https://amzn.markable.ai/GbyFgBmD,https://i.pinimg.com/originals/61/52/9e/61529e037d231f223e5dc8d2aad5dc01.png,1000,1500,0,2026-03-04
2026-10-05,look feminino verao,560627853639926867,14,3,0,Blusa Batinha,s.shopee.com.br,https://s.shopee.com.br/W6nuNWS3g?channel_type=pinterest,https://i.pinimg.com/originals/9f/cd/58/9fcd581e8a762c2a4bbb931e7b422274.png,1024,1536,0,2026-09-20
2026-10-05,look feminino verao,AXf4ul71hO7hjTRC8jJ6KBv4DTLTUJHYIji2wTbcl5LYWlEVmIygzcuDcZGSs_CqEqR53VomkwSUa--OTAzEquw,15,18,0,Amazon Casual Outfit,amzlink.to,https://amzlink.to/az0BG6d0WJgki,https://i.pinimg.com/originals/36/e2/e7/36e2e7381b74a01c31e38f36f94f0d09.png,1000,1500,0,2026-09-15
2026-10-05,look feminino verao,1101341283913040018,17,1,0,Conjunto azul • Conjunto verão • Roupas Shein,onelink.shein.com,https://onelink.shein.com/53/62qog6j1t98f?ismg_ol=2yUEQS94e6u_01_KOC-C,https://i.pinimg.com/originals/a5/7e/57/a57e5749b1dd61bde14710a9d5d9c3a6.jpg,1080,1920,0,2026-09-21
2026-10-05,look feminino verao,ARFlm0kmVtN0MGqL8NseJMp1ab-4jSDt8DmAKjDVve4gVaIy7HvYYxA98ovgD2kRCY9Q-wAt_F8FhwY3ib9AYx8,18,139,0,Tropical Energy... Now,nakedwardrobe.com,https://nakedwardrobe.com/collections/vacation,https://i.pinimg.com/originals/9c/da/28/9cda2833b9a1dc3918953223809ab148.jpg,1080,1620,0,2026-05-08
2026-10-05,look feminino verao,AdyUN4XPdKYg1eGI35vHXuH3JhbiaWxfCOg_6nFWmSxrGd0ISwyf91DeH_AVKm-dFmDHOKfvzvyw8GqsYKgkNSQ,19,0,0,Women's Off White Crinkle,us.shein.com,https://us.shein.com/ark/default?scene=1&test=5051&ad_type=DPA&goods_id=408291453&pf=PINTEREST&url_from=PINADSDPA&ismg=32d7f90bed027992297320dc1b81e602e22993a0936a708fc49cbd9a93ab4cf4_01_1791128280,https://i.pinimg.com/originals/1c/8f/8a/1c8f8aa0917e2e6d7ed76f3129d3056a.jpg,1065,1598,0,2026-07-10
2026-10-05,look feminino verao,AXq9rWI9Zu40BqXeFOxcunXCoFYIhW_XTOYrmcgmPuf-ZsMS0yJZY4iO-0n6VEAOp54jIJ1MBh-whPZRao3psQA,20,1,0,Temu | Top corto con,temu.com,https://www.temu.com/ul/kuiper/un3.html?subj=dpa-un&_bg_fs=1&_p_jump_id=1082&_x_vst_scene=adg&goods_id=606214968715161&adg_ctx=a-b1fec197~c-5191f2c8&_p_rfs=1&_x_ads_channel=pinterest&_x_ads_creative_id=%7Bproduct_partition_id%7D&_x_ads_id=%7Badgroupid%7D&_x_ads_set=%7Bcampaignid%7D&_x_ads_sub_channel=shopping&_x_ns_catalog_id=1580405374697&_x_ns_creative=%7Badid%7D&_x_ns_gid=606214968715161&_x_ns_,https://i.pinimg.com/originals/73/67/5b/73675bc7331ae68430f7dbe878f18846.jpg,2000,3000,0,2026-08-14
2026-10-05,look feminino verao,675188169181242076,21,8,0,Looks de Verão: Guia Completo das Paletas que Dominarão a Moda,priflor.com,https://priflor.com/cores-tendencia-para-o-verao-2025-guia-completo-das-paletas-que-dominarao-a-moda/,https://i.pinimg.com/originals/cc/24/59/cc2459feb7cf6c1ddf378e0eddc58139.jpg,736,1307,0,2026-09-21
2026-10-05,look feminino verao,AQeU2sloeazEK-sQyu94vYubMP9JSd0630FSbThQQdYlGatKq8z2UQo8NqaJViAOsbCJkT30XRuaFPiSip38v3M,22,19,0,Stand out in camo,etsy.com,https://www.etsy.com/search/clothing?q=streetwear%20style&instant_download=false&explicit=1&category_path=374&mosv=ssos&moci=1509535898544&mosi=1509765094754&anchor_listing_id=4528473721,https://i.pinimg.com/originals/38/d4/3e/38d43e947420af1c14fb6b802a2b4da3.png,1000,1500,0,2026-08-26
2026-10-05,look feminino verao,648588783883353446,23,1,0,Conjunto feminino Shopee,s.shopee.com.br,https://s.shopee.com.br/6AlEDHWQLK?channel_type=pinterest,https://i.pinimg.com/originals/32/84/17/3284172c5f7e2d83dad89cb81f2f76e9.jpg,1200,2133,0,2026-09-22
2026-10-05,look feminino verao,AZFDAYCiRhlPsGFxsdhJcw85b6Om0mRvTwmFbLF5wrN4Cr6ZS-kKnMmLYWo6AO-NtMfLV0zPpeDTSd0ZNtagOvQ,24,1,0,Temu | Women's 2pcs,temu.com,https://www.temu.com/ul/kuiper/un3.html?subj=dpa-un&_bg_fs=1&_p_jump_id=1082&_x_vst_scene=adg&goods_id=606552207528323&adg_ctx=a-801edcdb~c-686f36e7&_p_rfs=1&_x_ads_channel=pinterest&_x_ads_creative_id=%7Bproduct_partition_id%7D&_x_ads_id=%7Badgroupid%7D&_x_ads_set=%7Bcampaignid%7D&_x_ads_sub_channel=shopping&_x_ns_catalog_id=1567707391772&_x_ns_creative=%7Badid%7D&_x_ns_gid=606552207528323&_x_ns_,https://i.pinimg.com/originals/ad/e1/43/ade14345da3472c23e6d0385e4c2b3d5.jpg,2000,3000,0,2026-06-12
2026-10-05,look feminino verao,Aepk7Pb4j_h93VabHrLLC4LXSk_nhIrhcNQiBOtZxZt_HapJvZ3_JXYmjcn6XYYcjjDk6ZvWisupk3kjwmagnHs,25,170,0,Effortless Summer Looks,jluxlabel.com,"https://jluxlabel.com/collections/statement-summer-edition?filters=Color,CREAM",https://i.pinimg.com/originals/80/b4/76/80b476379781012bdf44c9c760ec3cf9.jpg,1080,1920,0,2026-05-25
2026-10-05,look feminino verao,AS9p3HdqeHaf6fShrjo4uU_mUsqhl4h8rObgc-PvipyXPz46MdNDKk-ils-I2BOIGXN02_40TNQOemiwvPs_wOI,26,3,0,Temu | /summer Women's,temu.com,https://www.temu.com/ul/kuiper/un3.html?subj=dpa-un&_bg_fs=1&_p_jump_id=1082&_x_vst_scene=adg&goods_id=606490920349568&adg_ctx=a-a19c1120~c-ecf48d03&_p_rfs=1&_x_ads_channel=pinterest&_x_ads_creative_id=%7Bproduct_partition_id%7D&_x_ads_id=%7Badgroupid%7D&_x_ads_set=%7Bcampaignid%7D&_x_ads_sub_channel=shopping&_x_ns_catalog_id=1567707391772&_x_ns_creative=%7Badid%7D&_x_ns_product_id=96642200021690&,https://i.pinimg.com/originals/09/06/94/090694497e97b054c1ff649e42f5eef4.jpg,2000,3000,0,2026-07-26
2026-10-05,look feminino verao,560627853639926753,27,3,0,Bata Feminina| Peplum,s.shopee.com.br,https://s.shopee.com.br/8AWF12hcGd?channel_type=pinterest,https://i.pinimg.com/originals/2b/54/1e/2b541e30e384027b224a11bacdeda9b5.png,1024,1536,0,2026-09-20
2026-10-05,look feminino verao,623607879701418552,28,2,0,Conjunto branco lindo da SHEIN,onelink.shein.com,https://onelink.shein.com/54/637tynuzm8no?ismg_ol=1cbVEikX85y_01_KOC-C,https://i.pinimg.com/originals/78/82/33/78823359bebfd9ca574e067f0e095212.jpg,1080,1920,0,2026-09-26
2026-10-05,look feminino verao,Af6RWido4nYOAaTcJXGJuZQO4KRNiTXcaJ-nGoz4otBxMrVvNd_gfcbR8L8l_X4cglcZam5zxTonTVsHKOG3E4E,29,3,0,APAFES Women Summer,amazon.com,https://www.amazon.com/APAFES-Vacation-Outfits-Tracksuits-762-Apricot-XL/dp/B0C4MZN3XH?ref_=pinterest_fplfs,https://i.pinimg.com/originals/4e/7f/10/4e7f10a13c4ae6f221ee433b0e15dbb2.jpg,1969,2560,0,2026-05-22
2026-10-05,look feminino verao,1009721178979706781,30,2,0,Conjunto alfaiataria,s.shopee.com.br,https://s.shopee.com.br/8plmjIrnrO?channel_type=pinterest,https://i.pinimg.com/originals/fe/6a/b8/fe6ab8615486a0cbb0e9a4cc276a3f9e.jpg,1086,1448,0,2026-09-22
2026-10-05,look feminino verao,417920040450737573,31,17,0,Achadinhos | Conjunto Feminino Body Regata + Short Alfaiataria Premium,meli.la,https://meli.la/1rB1mFv,https://i.pinimg.com/originals/eb/bd/72/ebbd726a878f7066d021b5c01e474baa.jpg,1080,1920,0,2026-09-30
2026-10-05,look feminino verao,1093037772096343216,32,2,0,Conjunto Feminino Listrado Short Jeans,onelink.shein.com,https://onelink.shein.com/53/62jezzefufcj?ismg_ol=7I0SDGmaU1t_01_KOC-C,https://i.pinimg.com/originals/5c/20/fe/5c20fe57c6a53b8fa884dffe37a632a9.jpg,1080,1920,0,2026-09-20
2026-10-05,look feminino verao,AYZXBuC5gOhIRJaMqjbsNo8oTyphv1esyTsSpJK4TX329sk0UlV46tGcn4G1kS7HtpgAk8WARYgCsnPsQDTlkWw,33,0,0,Temu | Summer Neckless,temu.com,https://www.temu.com/ul/kuiper/un3.html?subj=dpa-un&_bg_fs=1&_p_jump_id=1082&_x_vst_scene=adg&goods_id=606567558708693&adg_ctx=a-df47dff0~c-3d5b39af&_p_rfs=1&_x_ads_channel=pinterest&_x_ads_creative_id=%7Bproduct_partition_id%7D&_x_ads_id=%7Badgroupid%7D&_x_ads_set=%7Bcampaignid%7D&_x_ads_sub_channel=shopping&_x_ns_catalog_id=1567707391772&_x_ns_creative=%7Badid%7D&_x_ns_gid=606567558708693&_x_ns_,https://i.pinimg.com/originals/d8/45/04/d84504bdc79f65a8aa240f80568a5292.jpg,2000,3000,0,2026-08-31
2026-10-05,look feminino verao,AX2ahlN1ZDBQfE3nkAcRkgyQ0CyY5dsTEX64yrX7QhCZJ5DO2XfY9j5c5f54wK5T-OwoLuhmHZodjR7YTiEFEVI,34,1,0,Temu | European And,temu.com,https://www.temu.com/ul/kuiper/un3.html?subj=dpa-un&_bg_fs=1&_p_jump_id=1082&_x_vst_scene=adg&goods_id=606412956620095&adg_ctx=a-69ed8293~c-10cd3b33&_p_rfs=1&_x_ads_channel=pinterest&_x_ads_creative_id=%7Bproduct_partition_id%7D&_x_ads_id=%7Badgroupid%7D&_x_ads_set=%7Bcampaignid%7D&_x_ads_sub_channel=shopping&_x_ns_catalog_id=1567707391772&_x_ns_creative=%7Badid%7D&_x_ns_gid=606412956620095&_x_ns_,https://i.pinimg.com/originals/55/30/ce/5530ce59624843bac2f0dec68bc9b232.jpg,2000,3000,0,2026-07-25
2026-10-05,look feminino verao,AVHY_eV98FriK_OzKKoHqTFczjzr-oihJOzFQaa5OQocr4gRRcefNWCOnL736xegqV7ITytY377MXZZqbrJVBZk,35,68,0,JYAOVO Women's 2 Piece,amazon.com,https://www.amazon.com/JYAOVO-Shoulder-Irregular-Matching-White/dp/B0FD8DFGS3?ref_=pinterest_fplfs,https://i.pinimg.com/originals/70/2d/f3/702df36e7603b774d5ec0d6754622a40.jpg,1290,1690,0,2025-11-12
2026-10-05,look feminino verao,958140889519669270,36,3,0,Conjunto listrado Shein,,,https://i.pinimg.com/originals/45/44/d0/4544d07fb0e6ae83937cf65dda913a62.png,1023,1537,0,2026-09-20
2026-10-05,look feminino verao,AUuOtpsQzlOMOIc3ROtjYDUc4qdL0MhbYdxp553l6loR_qBGTsfGtwLS3xnKN0dFDnK1qYGKiRZ9C15q1sqadUc,37,5,0,LYANER Women's 2 Piece,amazon.com,https://www.amazon.com/LYANER-Outfits-Sleeveless-Shirred-Bandeau/dp/B0DY456N8L?ref_=pinterest_fplfs,https://i.pinimg.com/originals/e9/75/61/e97561241b1c71255d5473457a914fc8.jpg,1340,2010,0,2026-04-24
2026-10-05,look feminino verao,89649848828644873,38,96,0,Conjunto Feminino Azul-Marinho Listrado | Look Chic e Elegante,onelink.shein.com,https://onelink.shein.com/50/60s6mvbpay59?ismg_ol=4qaAqR6DePl_01_KOC-C,https://i.pinimg.com/originals/ab/53/7f/ab537fd5772c6826bab2a4a73e256b87.png,941,1672,0,2026-09-18
2026-10-05,look feminino verao,Ab9is5edGXcL5SWaA7x0oP3Dz4IfW-2BUyT48Bj9JA7NEsqKl20GF-_A-R-NLsuwxNxrmbxcMT6AbeFm2rqHVu4,39,2,0,Temu | Fashionable,temu.com,https://www.temu.com/ul/kuiper/un3.html?subj=dpa-un&_bg_fs=1&_p_jump_id=1082&_x_vst_scene=adg&goods_id=605886286259407&adg_ctx=a-73b156ce~c-a90bb972&_p_rfs=1&_x_ads_channel=pinterest&_x_ads_creative_id=%7Bproduct_partition_id%7D&_x_ads_id=%7Badgroupid%7D&_x_ads_set=%7Bcampaignid%7D&_x_ads_sub_channel=shopping&_x_ns_catalog_id=1567707391772&_x_ns_creative=%7Badid%7D&_x_ns_gid=605886286259407&_x_ns_,https://i.pinimg.com/originals/e3/09/ae/e309ae84777c2cdc8ca3cc3de30c6b91.jpg,2000,3000,0,2026-08-02
2026-10-05,look feminino verao,AYgEtq-xNVfA603nTFkKxgmHZd0Wczxh_HzhV2jAMXN7b-VEU7iX_7ZJpZ2ZDgV3uNxHYLNYUEQxd8YXPcUPwuQ,40,1,0,Temu | For Vacation For,temu.com,https://www.temu.com/ul/kuiper/un3.html?subj=dpa-un&_bg_fs=1&_p_jump_id=1082&_x_vst_scene=adg&goods_id=601100313912776&adg_ctx=a-708fdfe8~c-8596a3b7&_p_rfs=1&_x_ads_channel=pinterest&_x_ads_creative_id=%7Bproduct_partition_id%7D&_x_ads_id=%7Badgroupid%7D&_x_ads_set=%7Bcampaignid%7D&_x_ads_sub_channel=shopping&_x_ns_catalog_id=1567707391772&_x_ns_creative=%7Badid%7D&_x_ns_gid=601100313912776&_x_ns_,https://i.pinimg.com/originals/a9/cd/0c/a9cd0c078f0b70111e63ccea37a3b379.jpg,2000,3000,0,2026-07-11
2026-10-05,look feminino verao,1133710906231963767,41,1,0,Conjunto feminino alfaiataria de 2 peças:Ragata Sem Mangas e Short Sólida P M G,s.shopee.com.br,https://s.shopee.com.br/50ZNSHM39U?channel_type=pinterest,https://i.pinimg.com/originals/c6/9a/ea/c69aea92c44cef25a7dc89f18c7510d3.png,941,1672,0,2026-09-27
2026-10-05,look feminino verao,ARSoj_cK_NhOusdIfr7dgx8C6l0peWD0mU4lwIhMx4t1jgWQFiNYKtd4k0wG4SLjBr_1ubjeFGwj3F9yJk2xVOc,42,1,0,Dress Like You're Already,petalandpup.com,https://petalandpup.com/collections/vacation-collection,https://i.pinimg.com/originals/66/8e/5c/668e5c89a14d4507098794e69f3792c8.jpg,3024,4032,0,2026-07-22
2026-10-05,look feminino verao,ARBYB1FNMbpgJAxT0XQqTVqsZU6IOeKCoTFLt8xNjZ4O-p2_IVeQOA1ZYO5rlZKe92cjLzlcnNlhOkemIkECDmo,43,1,0,Made To Stand Out,shopakira.com,https://shopakira.com/collections/whats-new-denim-obsession,https://i.pinimg.com/originals/27/b8/31/27b8318813ea780550d6c68b92c3df2d.jpg,1080,1920,0,2026-08-26
2026-10-05,look feminino verao,1134555331158858938,44,8,0,Roupa feminina,s.shopee.com.br,https://s.shopee.com.br/3B7UePKg4M?channel_type=pinterest,https://i.pinimg.com/originals/53/c4/af/53c4af5d5891e65d5cf9cbfa101204a0.jpg,735,1016,0,2026-09-17
2026-10-05,look feminino verao,425379127328110066,45,2,0,Look de praia,onelink.shein.com,https://onelink.shein.com/53/62fx92tomes0?ismg_ol=I1pHjLKO13U_01_KOC-C,https://i.pinimg.com/originals/66/2f/b3/662fb339b829b838dae5452d61caa5ea.jpg,1080,1920,0,2026-09-18
2026-10-05,look feminino verao,18999629675836139,46,637,0,Look casa da sogra 🤍,,,https://i.pinimg.com/originals/35/e8/d5/35e8d5e4fd9d6336387a0c0f09534e4e.jpg,1080,1920,0,2026-09-23
2026-10-05,look feminino verao,AVvoo64K_rK_XNPDCAq52vor3BOc0s7RTXcgjVQRLvyYrFHHPmhk0sF0CfL9LlAHWcd6X73LK0AB5rGybiJGu4U,47,1,0,Temu | New Women's,temu.com,https://www.temu.com/ul/kuiper/un3.html?subj=dpa-un&_bg_fs=1&_p_jump_id=1082&_x_vst_scene=adg&goods_id=605948764610160&adg_ctx=a-11bc8dd1~c-0d92b0cd&_p_rfs=1&_x_ads_channel=pinterest&_x_ads_creative_id=%7Bproduct_partition_id%7D&_x_ads_id=%7Badgroupid%7D&_x_ads_set=%7Bcampaignid%7D&_x_ads_sub_channel=shopping&_x_ns_catalog_id=1567707391772&_x_ns_creative=%7Badid%7D&_x_ns_gid=605948764610160&_x_ns_,https://i.pinimg.com/originals/f0/5f/dc/f05fdc8fbfd5ade5dff37b46b5e29210.jpg,2000,3000,0,2026-07-29
2026-10-05,look feminino verao,761952830754279448,48,3,0,elegante e perfeito para o verão,s.shopee.com.br,https://s.shopee.com.br/2Vs0fAp9AR?channel_type=pinterest,https://i.pinimg.com/originals/d8/87/18/d88718d12cbdb7e55664dd1086d51025.png,941,1672,0,2026-09-26
2026-10-05,look feminino verao,695172892530962967,49,16,0,Conjunto,onelink.shein.com,https://onelink.shein.com/54/639guioe56v4?ismg_ol=ABbdx7B4sZt_01_KOC-C,https://i.pinimg.com/originals/b4/2e/c3/b42ec35072c73d35b96bd1a41ba4209a.jpg,1080,1920,0,2026-09-27
2026-10-05,look feminino verao,53339576833762422,50,163,0,Camisa Listrada + Saia Jeans — Combinação Que Sempre Dá Certo! 💙🤍,bio.site,https://bio.site/Sirlanesantos,https://i.pinimg.com/originals/60/0e/4a/600e4a1346a350935f56f0bb901419dd.png,1087,1447,0,2026-09-27
2026-10-05,look feminino verao,1009721178979707316,51,3,0,Conjunto de linho,s.shopee.com.br,https://s.shopee.com.br/7VGP9MAkoN?channel_type=pinterest,https://i.pinimg.com/originals/81/04/cf/8104cfd377ee77149536bf8d6e52649d.jpg,1086,1448,0,2026-09-22
2026-10-05,look feminino verao,AemCkPKbaSW5VBrtjbc19qRGBAkCwEH-zxYZ7o31yQY0vPRMreXTdsx5FJe2S1KEeB2Ugmbfxx3BI4nla4OWWQw,51,0,0,"If it’s good, it’s on",depop.com,http://www.depop.com/,https://i.pinimg.com/originals/9a/ad/9a/9aad9a5a13c0b245eec32fe5803f5016.jpg,1080,1920,1,2026-08-26
2026-10-05,look feminino verao,AZFfRPXV_HUigjAGPeO9r_kIzZKk_iajdq92uEdV-aojhurkZy4rdAMwv-C1RxBswevUtJzt_uXDaoPNJm5fnks,52,256,0,Amazon Summer Outfit,amzlink.to,https://amzlink.to/az08clMI4vQcR,https://i.pinimg.com/originals/36/f0/8d/36f08d5a1756ac7871c018e2101b405a.png,1000,1500,0,2026-05-18
2026-10-05,look feminino verao,Ad4jtc67XD4XKDfXXauNe28keqC7hHbRBgDu-FyN9GWXh8ukBkq79oIuvz1DDAo9W-c0IWkJYpeArxTyWbvnsXE,53,495,0,Luxury-Inspired Amazon,amzlink.to,https://amzlink.to/az0KozhwDROKZ,https://i.pinimg.com/originals/ba/f7/13/baf7133b4344967c8b2af6a99c7ddda8.png,1000,1500,0,2026-05-14
2026-10-05,look feminino verao,789396640982097688,54,7,0,💛 Macacão Curto Amarelo de Um Ombro Só | Shein,onelink.shein.com,https://onelink.shein.com/53/62timvphy7ok?ismg_ol=KtAX0qMhcHz_01_KOC-C,https://i.pinimg.com/originals/de/b9/8e/deb98e1ca5d65d63fafb9bca29129eb2.jpg,1080,1920,0,2026-09-22
2026-10-05,look feminino verao,991425305493365471,56,4,0,Conjunto Elegante Listrado,onelink.shein.com,https://onelink.shein.com/53/62jf58tep3ii?ismg_ol=4cQ4TpkfrLU_01_KOC-C,https://i.pinimg.com/originals/78/e6/84/78e68465d75b63d4703531b7137a461a.jpg,1080,1920,0,2026-09-29
2026-10-05,look feminino verao,Ae1QCmgIMkt-LsNLzwdqC_Z-cKCJh-hDNmi5iaW13PHCuWH6zPCzEnf7L4TCmJToAPGpPiJvuxwgPGwMyjh-bnw,57,19,0,Find denim dresses at,kohls.com,https://www.kohls.com/catalog/womens-dresses-clothing.jsp?CN=Gender:Womens+Category:Dresses+Department:Clothing&BST=8118077:8039991:8056034:8112550:7443790:7997956:8141801:8118095:7964109:8133258:8151310:8094830&icid=social-paid-pnstat-denimtrendbadge4-wdresses-np-2608wk4&cid=SO26PDPIN0680&utm_campaign=paid_social&utm_medium=paid_social&utm_source=pinterest&utm_content=2026pdpin680,https://i.pinimg.com/originals/a0/fd/f2/a0fdf202f79d72238e91114223fbec36.jpg,1000,1500,0,2026-08-21
2026-10-05,look feminino verao,AbuHtkdVXrhiMhNsjg2iH5bm03y259AvBFOreD0uEnbEmQc5uvO-1gG6e9lDTIAz3Tb4yOTaS3Slsiof8aC-gJc,58,2222,0,Amazon Casual Outfit,urlgeni.us,https://urlgeni.us/amzn/E_FQsh,https://i.pinimg.com/originals/9c/74/9c/9c749c150bd71844615395cd87a61719.png,1000,1500,0,2026-02-07
2026-10-05,look feminino verao,AT4AHNby4S3SiQ6MxFdyTF6tlBUvTAlMr-bS0Kj5_wzEm6Vf7mTLxMd-PMuvygTl9IMUcg8dcd4Hi-GlAN-xMBM,59,1,0,Designed for confidence.,mondayswimwear.com,https://mondayswimwear.com/collections/new-arrivals,https://i.pinimg.com/originals/6a/8c/02/6a8c02ccfeaab2242ef1aab990efe7c2.jpg,1080,1920,0,2026-02-06
2026-10-05,look feminino verao,325385141856764440,60,4,0,"Regata Feminina com Babado em Chiffon, Cor Sólida e Alça com Amarração",onelink.shein.com,https://onelink.shein.com/54/62xoy1ywcoqa?ismg_ol=AxmQegBVFkb_01_KOC-C,https://i.pinimg.com/originals/fc/b3/8e/fcb38e4ddc0bbdb7aa80df8be5c53254.png,941,1671,0,2026-09-23
2026-10-05,look feminino verao,AVvbIXOezuA2erhDggjntK9W7GPFGWr_EFu2sfTngXj4WvCexKZ5uni0WBeu3wBZcE4X4Anq8TYDF8oH4WxrxrA,61,1,0,Preppy Grunge Aesthetic —,aelfriceden.com,https://www.aelfriceden.com/collections/trend-new-in?sort_by=aelfric-eden-plaid-pleated-baggy-pants,https://i.pinimg.com/originals/5b/6f/98/5b6f9849217d9bfcdc46fa8702c1abdb.png,941,1672,0,2026-07-22
2026-10-05,look feminino verao,1057501556275000123,62,1,0,Conjunto Feminino de Verão com Estampa Floral Exótica 🌿,onelink.shein.com,https://onelink.shein.com/53/62biq7sjgei9?ismg_ol=Brp5VB4ViBR_01_KOC-C,https://i.pinimg.com/originals/62/4f/0f/624f0f3d74bffe8b00bc071fff52db78.png,941,1672,0,2026-09-17
2026-10-05,look feminino verao,633387444803790,63,1992,0,35 Lisbon Vacation Outfit Ideas for Stylish Travel,sewmamasew.com,https://www.sewmamasew.com/35-lisbon-vacation-outfit-ideas/,https://i.pinimg.com/originals/2b/d3/a4/2bd3a46d9ebb39ccac95e05d843db60b.jpg,720,1280,0,2026-08-23
2026-10-05,look feminino verao,351914158408343279,64,88,0,Conjunto Casual Diário de 2 Peças com Top de Manga Curta Listrado e Shorts para Mulheres,onelink.shein.com,https://onelink.shein.com/52/61wmsnyrayh5?ismg_ol=BgpDineKZsu_01_KOC-C,https://i.pinimg.com/originals/b1/25/75/b125755aec63c7bff7d45cb7654fd0c0.jpg,940,1671,0,2026-09-24
2026-10-05,look feminino verao,AXGn_cB6AUMkIKTMq82zVSp0L2064vCXTmSTM_Xquojegx_QDMVt5aKLzr7vIm5Pdo5yIgDJqO-2svk_ckTLRio,65,0,0,Cotton Halterneck Top,www2.hm.com,https://www2.hm.com/en_us/productpage.1332448005.html?utm_medium=unpl&utm_source=pinterest&utm_campaign=Global%20Performance_Dynamic%20Shopping&utm_content=performance&utm_term=us,https://i.pinimg.com/originals/1b/92/87/1b92870b9f9ad69e5f52f53fe552028d.jpg,2333,3500,0,2026-04-30
2026-10-05,look feminino verao,AVDZ5y5k2KyBfO9Ji1cTqDLv2hDqTRJQNSZ62zGLP2E6TrhdpcVGa7u3p8ZatbLBKD2BljW7GY3sC2yq7G2T08I,66,1,0,Sage Green Floral,zapaka.com,https://zapaka.com/products/green-sweetheart-sheer-corset-a-line-floral-homecoming-dress-with-appliques?variant=53146620723563,https://i.pinimg.com/originals/08/de/78/08de781a40afafa59041b5ae111bf642.webp,1000,1500,0,2026-07-27
2026-10-05,look feminino verao,585256914123438542,67,18,0,Look Feminino Amarelo para Sair | Delicado e Elegante,s.shopee.com.br,https://s.shopee.com.br/6fgpbTbmEM?channel_type=pinterest,https://i.pinimg.com/originals/39/2f/f3/392ff3624806840c84762c0a9d7ab711.png,1023,1537,0,2026-09-07
2026-10-05,look feminino verao,AWDK6EQ9klii5MzdqLDv7CwCY7Us-R53-srm4Zc8Lq7qrbEKbtvq5MDB8aKFmZMrff0nAtvrEiwbcjAvjTwiStQ,68,0,0,Absolute Edge Orange,lulus.com,https://www.lulus.com/app/products/absolute-edge-orange-sleeveless-two-piece-bodycon-midi-dress/1872656.html,https://i.pinimg.com/originals/0e/4f/09/0e4f09e0da9cd8a9beb241ee1418a361.jpg,1000,1500,1,2026-09-08
2026-10-05,look feminino verao,95631192084511986,69,464,0,Conjunto Elegante,onelink.shein.com,https://onelink.shein.com/52/61ube0qjjinq?ismg_ol=Gk8skEfFG9Y_01_KOC-C,https://i.pinimg.com/originals/55/aa/9e/55aa9e0e42e5a832043e62d2c5e19093.jpg,937,1666,0,2026-09-28
2026-10-05,look feminino verao,AUzlvQAQYzKw6-RWwQUYiucq3DtTpm-ZDs52qIFtCyk6mfjG8TQNAl7JB1_DU33GUjOP82pe5JdOdoVTmkprd6I,70,43,0,From Work to Happy Hour:,vestiairecollective.com,http://vestiairecollective.com/,https://i.pinimg.com/originals/a5/99/16/a59916ac1e58ce1be58beace1cc64ee3.png,1000,1500,0,2026-08-10
2026-10-05,look feminino verao,AdfXCcwV9FbbCjKnm8SJQ5ARwAkEiOQcpXI_I55PjmTI80jTpdL2UUOoDMAVtvqwUYdVT_iPvnzvoaaHCHfwi2c,71,0,0,Women's Bikini Swimwear,us.shein.com,https://us.shein.com/ark/default?scene=1&test=5051&ad_type=DPA&goods_id=544995618&pf=PINTEREST&link_type=link&url_from=PINADSDPA&ismg=ac5af3b37fba3d9748e475bcd7c643fb65ea1a2549f775be36828d622ec3d7b6_01_1791128097,https://i.pinimg.com/originals/a1/38/89/a13889eb4ebf4367d4e7970320fbc904.jpg,1065,1598,0,2026-09-04
2026-10-05,look feminino verao,AX0-3OeFDRTieoQeOO2lW7YdgJg0yNXRghyvv9g50vY6Fuc-Itgt7iRCjQFXQX-cek9tZwh6GFjFn4JtI1p9KMI,72,1037,0,Defined by Detail. Driven,nakedwardrobe.com,https://nakedwardrobe.com/collections/new-arrivals,https://i.pinimg.com/originals/dd/f1/55/ddf1554558a9c910521516f16816fcdd.jpg,1080,1620,0,2026-02-20
2026-10-05,look feminino verao,1151654935993320181,73,1,0,Conjuntos Femininos Verão,tiktok.com,https://www.tiktok.com/@dailycleangirloficial/photo/7680742098588405012?is_from_webapp=1&sender_device=pc,https://i.pinimg.com/originals/79/99/65/7999658f20bbacc99bb68b59ebc3f85c.jpg,1536,2752,0,2026-09-02
2026-10-05,look feminino verao,546694842305551614,74,5,0,Saiba mais no site abaixo | Look com short Alfaiataria,s.shopee.com.br,https://s.shopee.com.br/1BMRcuRgug?channel_type=pinterest,https://i.pinimg.com/originals/b5/9a/70/b59a709ed906243e67075bb89e546c22.png,1080,1920,0,2026-09-30
2026-10-05,look feminino verao,623044929756663567,75,6,0,,,,https://i.pinimg.com/originals/af/bf/bf/afbfbf3dda74a384f7ccf35cb90c80d7.jpg,941,1672,0,2026-09-21
2026-10-05,look feminino verao,40813940370461329,76,169,0,,,,https://i.pinimg.com/originals/87/cd/15/87cd157b7861156fbdf6ce7fa7549720.webp,1326,2360,0,2026-09-27
2026-10-05,calca legging canelada,605171268731210994,1,1,0,￼Calça Legging Canelada Sem Costura para Academia Feminina 🤎,s.shopee.com.br,https://s.shopee.com.br/40gSSZjXh0?channel_type=pinterest,https://i.pinimg.com/originals/85/5a/85/855a85bc63a37c9867c0069d4530d9fa.jpg,1080,1920,0,2026-09-12
2026-10-05,calca legging canelada,81768549520017123,2,19,0,"👋 Oii Galera 🏋️ Calça Legging Canelada de Cintura Alta Conforto, estilo e performance para seus treinos! ✨ ✔️ Modelo sem costura para mais liberdade de movimento ✔️ Cintura alta que valoriza a silhuet",instagram.com,https://www.instagram.com/p/DNvpBjGWjqs/?img_index=3,https://i.pinimg.com/originals/e9/03/f7/e903f705e359144b911f5f1eec9cbdfc.jpg,800,1060,0,2026-01-16
2026-10-05,calca legging canelada,ARhwGXgwthjqxi9bSdezlsnzYHEYNotp0N_qZIvHQMsCOF2mdjG5JABUrIQsn094E74lBdTFqfi70iHV7t0Oe8Y,3,29,0,✨ Why Everyone’s Talking,rachelwear.us,https://rachelwear.us/pages/5reasons,https://i.pinimg.com/originals/62/6e/80/626e8021032db9b33b97bc5d41962de1.jpg,1080,1920,1,2026-07-07
2026-10-05,calca legging canelada,AWJw75t5txaVp89WE6edqEFXgnL3W1Hro04oeHOx2_WqN6d3fBoKDCRZVlTPhOlgFnTAarOqlji4qDqF-uUW1dI,4,1,0,Explore New Arrivals,beyondyoga.com,https://beyondyoga.com/collections/now-trending?utm_source=Pinterest&utm_medium=SOC&utm_campaign=AO26%7CPER%7CEVG&utm_term=pin_%7Bcampaignid%7D_%7Badgroupid%7D_%7Bcreative_id%7D&utm_id=%7Bcampaignid%7D,https://i.pinimg.com/originals/fe/d0/ae/fed0ae6d76ae99c0faee31200bd06861.jpg,3837,5116,0,2026-09-18
2026-10-05,calca legging canelada,607211962303829121,5,21,0,Legging Fitness Canelada Cintura Alta – Modela e Valoriza,s.shopee.com.br,https://s.shopee.com.br/AABDRU5ufS?channel_type=pinterest,https://i.pinimg.com/originals/33/17/79/33177947054ed785d13fe19227fe094a.jpg,853,1280,0,2026-05-14
2026-10-05,calca legging canelada,AY-zgE4VwPlTPi-MC67Zr-QTXlxEFLizkBZAyYQUuVjXb70p0LaLITVfcQNXP7UhtU12iwU74cP-MU-9XWVSWo0,6,99,0,Grey capris,othernormal.com.au,https://othernormal.com.au/,https://i.pinimg.com/originals/ad/7d/17/ad7d17cd5db4d1f0eea5fac7e68b5e4c.png,3451,4601,0,2026-06-09
2026-10-05,calca legging canelada,AcdayVjslU_cNQFl02niya3OmO7GYhxGWuo2pow_dZmCrALExAz3GRSLSYu3ehS72IKjAtysjVzPOtBh9Z54tUI,7,1,0,Back In Stock: Cozy,fabletics.com,https://www.fabletics.com/dmg/A39B3F?utm_medium=paid_social_media&utm_source=pinterest&utm_campaign=pin_campaign_id_%7Bcampaignid%7D&utm_content=pin_adgroup_id_%7Badgroupid%7D&utm_term=pin_id_%7Badid%7D&nbt=nb:pinterest::%7Bcampaignid%7D:%7Badgroupid%7D:%7Badid%7D&nb_kwd=%7Bkeyword%7D&nb_device=%7Bdevice%7D&nb_platform=pinterest&nb_pn=%7Bproduct_name%7D&nb_ppgid=%7Bpromoted_product_group_id%7D&nb_,https://i.pinimg.com/originals/ca/74/cc/ca74ccbbd2d0447f73a35709723b7e74.png,1000,1500,0,2026-09-24
2026-10-05,calca legging canelada,383861568261175834,8,86,0,"Calça Legging Canelada de Cintura Alta Sem Costura para Academia Feminina, Elástica, Esportiva e Fitness por R$39,99. Compre na Shopee agora! https://s.shopee.com.br/2LQ38MVxb4",instagram.com,https://www.instagram.com/reel/DQX0SIdD9JA/,https://i.pinimg.com/originals/05/97/30/059730b8eb03f5e97a8adfc816e7e1c3.jpg,564,1000,1,2026-06-01
2026-10-05,calca legging canelada,10766486607613874,9,141,0,kit legging canelada.,vt.tiktok.com,https://vt.tiktok.com/ZS9j8YpuuLkMP-RMkTw/,https://i.pinimg.com/originals/e8/e6/0e/e8e60e8acc57f761e0d2e32c2e70cd38.png,941,1672,0,2026-07-22
2026-10-05,calca legging canelada,AZbhy1Wa8A2suLpgxtQEzguqC7NdxE9ZtDZuKFJzyfFLxqi1Nd0C_K9d0YmTaEUl1mhZFc44gwKUh5D9_gIrtOo,10,1,0,Baggy Pants Edition,aelfriceden.com,"https://www.aelfriceden.com/collections/trend-new-in?sort_by=aelfric-eden-double-waist-baggy-sweatpants-5,aelfric-eden-polka-dot-sweatpants,aelfric-eden-plaid-patchwork-sweatpants,aelfric-eden-double-waist-longline-shorts-3",https://i.pinimg.com/originals/4f/6b/7e/4f6b7e3518923c8b2af065152ccc1c6e.png,941,1672,0,2026-07-22
2026-10-05,calca legging canelada,4600919692998796352,11,0,0,Calça Legging Canelada Sem Costura Seamless Cós Alto Compressão Segura Barriga Zero Transparencia Não Marca na Roupa Esportes Fitness Academia,br.shein.com,https://br.shein.com/ark/default?scene=1&test=5051&ad_type=DPA&goods_id=567601765&pf=PINTEREST&link_type=link&url_from=PINADSDPA&ismg=111914e1563ec15bad200e73b62dfd840df0a6f0a76d296f7121751c5557205c_01_1791130013,https://i.pinimg.com/originals/f6/10/e0/f610e038b67eb6d7681c7fe9a0026578.jpg,1340,1785,0,2026-09-25
2026-10-05,calca legging canelada,1102326446326301776,12,2,0,"Calça legging canelada de cintura alta sem costura para academia feminina, elástica e firness🤎",,,https://i.pinimg.com/originals/4d/9b/31/4d9b3118ff8a8dadddfb2b0f6da16b04.jpg,736,1308,0,2026-07-23
2026-10-05,calca legging canelada,442408363419155078,13,1,0,🔍 Calça legging canelada sem costura,meli.la,https://meli.la/2XNrQqS,https://i.pinimg.com/originals/24/4b/68/244b68e8271c49631daa699a6487fb99.png,941,1672,0,2026-08-17
2026-10-05,calca legging canelada,1117877938790812045,14,1,0,"￼Calça Legging Canelada de Cintura Alta Sem Costura para Academia Feminina, Elástica e Fitness😍",s.shopee.com.br,https://s.shopee.com.br/40gQAUVHDg?channel_type=pinterest,https://i.pinimg.com/originals/32/e4/28/32e428da5edb86413afc9ca29cc7a4d7.jpg,720,959,0,2026-09-10
2026-10-05,calca legging canelada,582512533101853049,15,3,0,"￼Calça Legging Canelada de Cintura Alta Sem Costura para Academia Feminina, Elástica e Fitness #calçaleggingfitness #calça #fitnesstrainer #viral #shopeebrasil",instagram.com,https://www.instagram.com/reel/DZAZFDwxzR7/,https://i.pinimg.com/originals/48/76/f4/4876f4ce7ca3a75897f8df02a47874e9.jpg,640,1136,1,2026-08-06
2026-10-05,calca legging canelada,1090011916097750715,16,1,0,Calça Legging Canelada,meli.la,https://meli.la/34aaasZ,https://i.pinimg.com/originals/ab/a7/5f/aba75fd8407cb11242a19cc52fda2836.jpg,1200,1500,0,2026-09-13
2026-10-05,calca legging canelada,263460646946701717,17,67,0,Calça legging canelada premium,s.shopee.com.br,https://s.shopee.com.br/4fsnJo1K7H?channel_type=pinterest,https://i.pinimg.com/originals/b0/01/22/b0012261cdc4deeedf41b69b3db3e243.jpg,1056,1892,1,2026-08-21
2026-10-05,calca legging canelada,AXVqcIx_Wb9b5PnTBbOe5AeoI7cZoKJ4VPSnp2RpeGkR4II32zR5Eg5IfIlm1ThU3Qbg7Af-EGnBXMaahAXE69A,18,2,0,Wide-leg cargos with a,clarendale.co,https://clarendale.co/products/wearbella-high-waist-wide-leg-cargo-pants?variant=53872271556971,https://i.pinimg.com/originals/32/42/66/324266392d859b16ec12f63be87cacc0.jpg,720,1280,1,2026-09-19
2026-10-05,calca legging canelada,619737598771179787,19,19,0,"Calça Legging Canelada de Cintura Alta Sem Costura para Academia , Elástica e Fitness #calcalegging #calcaacademia #calçacanelada https://s.shopee.com.br/6Ak1L76WqK",instagram.com,https://www.instagram.com/reel/Dbtssz9pHuy/,https://i.pinimg.com/originals/b5/00/77/b5007796c051681808e9996612217b73.jpg,540,960,1,2026-09-11
2026-10-05,calca legging canelada,833025262367874887,20,4,0,jelik fashions Calça Legging Tecido Poliamida Canelado Premium Sem Transparência Academia Fitness,onelink.shein.com,https://onelink.shein.com/17/52u7bdctia02,https://i.pinimg.com/originals/72/a9/09/72a909bad750e403f26cb6365fb13330.jpg,1340,1785,0,2025-10-03
2026-10-05,calca legging canelada,4591701421070990976,21,6,0,Legging Fitness Feminina Preto Canelada Com Cós Alto Seamless+ Dlk - PRETO / M,dlk.com.br,https://dlk.com.br/products/legging-fitness-feminina-preto-canelada-com-cos-alto-seamless-dlk?variant=47689374761172,https://i.pinimg.com/originals/50/32/fe/5032febf641389f0a9d3f0966ceb473f.jpg,1000,1428,0,2026-06-18
2026-10-05,calca legging canelada,4610208397249626688,22,0,0,Calça Legging Canelada Sem Costura Seamless Cós Alto Compressão Segura Barriga Zero Transparencia Não Marca na Roupa Esportes Fitness Academia,br.shein.com,https://br.shein.com/ark/default?scene=1&test=5051&ad_type=DPA&goods_id=567601640&pf=PINTEREST&link_type=link&url_from=PINADSDPA&ismg=78900c5f7729cc7fe67620055fff7f4a20e957c7f1647ecb84b60f42bead82bb_01_1791130164,https://i.pinimg.com/originals/d0/eb/f1/d0ebf1ab33806d77e545e93b4cd094c4.jpg,1340,1785,0,2026-09-25
2026-10-05,calca legging canelada,903112531590469228,23,1,0,Conjunto Feminino Canelado Calça Legging E Cropped Manga Longa Casual Bicolor Sport Chic,,,https://i.pinimg.com/originals/aa/5b/00/aa5b00ff3a0d7ee01073b2c4c558fc61.jpg,768,1365,0,2026-09-16
2026-10-05,calca legging canelada,663788432617796100,24,3,0,"Novas cores 😍🩵 A mais pedida!! A canelada Importada que modela o corpo, sem costura e zero transparência 💪🏼 Disponível do P ao GG 📲 Link para compra na bio ✅ WhatsApp (11) 99217-1284 📍 Academia H & D ",instagram.com,https://www.instagram.com/p/DMdnZ3JpgHh/?img_index=4,https://i.pinimg.com/originals/37/f3/44/37f344b46352f5313749bd153cfef4ea.jpg,1242,1553,0,2025-08-22
2026-10-05,calca legging canelada,1019995015649788612,25,1,0,Calça Legging Feminina Skinny Leg Cintura Alta Canelada 3D Premium Nova Tendência Moda 5,s.shopee.com.br,https://s.shopee.com.br/20vneKqXws?channel_type=pinterest,https://i.pinimg.com/originals/f1/31/a0/f131a0eae0c09f784ce088d32a4b1dd4.jpg,1080,1920,0,2026-09-28
2026-10-05,calca legging canelada,343329171618447406,26,32,0,"✨ Conforto que abraça, estilo que eleva. Tricot em ponto clássico Biamar, no tom rosé mais delicado da estação + legging fuseau canelada com cintura média e toque macio. Look pensado pra quem quer se ",instagram.com,https://www.instagram.com/p/DMGBoCksKlu/?img_index=4,https://i.pinimg.com/originals/04/3d/95/043d95a0cfb631db932e5b0d5c635303.jpg,1440,1920,0,2026-03-08
2026-10-05,calca legging canelada,4601693787482143360,27,0,0,Calça Legging Feminina Canelada em Poliamida Premium Sem Transparência Cintura Alta para Academia e Moda Fitness,br.shein.com,https://br.shein.com/ark/default?scene=1&test=5051&ad_type=DPA&goods_id=142655626&pf=PINTEREST&link_type=link&url_from=PINADSDPA&ismg=5cc37d96b11dd998b35cf7ef980437dd2a5727398c4dca4646846d915b26f754_01_1791130079,https://i.pinimg.com/originals/b7/23/d0/b723d008b4668d70085b6b63c38ad4ed.jpg,1340,1785,0,2026-04-14
2026-10-05,calca legging canelada,576671927339314849,28,10,0,"A legging mais procurada agora na Start Fit 🩷⚡️ A calça canelada famosa por seu conforto, qualidade e zero transparência 🤩 #canelada #modafeminina #academia #treinofeminino #dicasfit #ﬁtness #explore ",instagram.com,https://www.instagram.com/p/DL7XezzA0n8/?img_index=4,https://i.pinimg.com/originals/bd/14/04/bd1404b78838b6ce86968bab6aaa79a8.jpg,1080,1350,0,2025-12-30
2026-10-05,calca legging canelada,1133640537487624753,29,1,0,Legging Canelada Preta Shein: A Calça de Cós Alto que Modela o Corpo,,,https://i.pinimg.com/originals/d6/c0/92/d6c092a80e2517c22437571cfdeb82b1.png,1080,1920,0,2026-09-15
2026-10-05,calca legging canelada,218846863143040218,30,5,0,Legging Canelada de Cintura Alta Sem Costura,s.shopee.com.br,https://s.shopee.com.br/801wLXerGS?channel_type=pinterest,https://i.pinimg.com/originals/f5/1a/96/f51a9665be3b6a1de3017cba28321f6f.jpg,1000,1500,0,2026-07-22
2026-10-05,calca legging canelada,343329171616709286,31,66,0,,,,https://i.pinimg.com/originals/7b/cf/d3/7bcfd3c9304e97041f258e42cfc2d6fa.jpg,800,1200,0,2025-07-27
2026-10-05,calca legging canelada,874261346439526348,32,1,0,Leggings canelada de cintura larga e cor sólida para atividades esportivas.🤎,s.shopee.com.br,https://s.shopee.com.br/8AU3pl5VGg?channel_type=pinterest,https://i.pinimg.com/originals/69/8b/07/698b0769223943c56d9c0f08176d8bad.jpg,735,980,0,2026-06-27
2026-10-05,calca legging canelada,1141451468121939716,33,1,0,Calça Legging,s.shopee.com.br,https://s.shopee.com.br/905VlICXC7?channel_type=pinterest,https://i.pinimg.com/originals/7a/da/68/7ada686471aa73a580aaa0eef58578ca.jpg,1000,1000,0,2026-09-26
2026-10-05,calca legging canelada,965037026425533300,34,4,0,"Calça Legging Canelada de Cintura Alta Sem Costura para Academia Feminina, Elástica e Fitness",s.shopee.com.br,https://s.shopee.com.br/111rnHwPeC?channel_type=pinterest,https://i.pinimg.com/originals/27/09/07/270907b9df03c37fd7432fd682a586a2.jpg,736,1308,0,2026-08-05
2026-10-05,calca legging canelada,4605352942409584704,35,0,0,Calça Legging Fitness Canelada Cintura Alta Poliamida Sem Transparência Confortável Que Não Marca,br.shein.com,https://br.shein.com/ark/default?scene=1&test=5051&ad_type=DPA&goods_id=541721934&pf=PINTEREST&link_type=link&url_from=PINADSDPA&ismg=b9ce92ab2c3ccba8b555bc3308a8ef61f2a35f61fbdea23c3c75cefc8acef30d_01_1791130151,https://i.pinimg.com/originals/cd/08/23/cd0823ae31ce901769e188422dec6583.jpg,1200,1540,0,2026-09-01
2026-10-05,calca legging canelada,13370130139346308,36,49,0,"Calça Legging Canelada R$39,99🤌🏼😍",s.shopee.com.br,https://s.shopee.com.br/1BCuJJVQec?channel_type=pinterest,https://i.pinimg.com/originals/d4/6a/d4/d46ad4aaef58f1eb486acf4d692d5271.jpg,1080,1920,0,2025-12-21
2026-10-05,calca legging canelada,728738783508321552,37,6,0,"Calça Legging Canelada de Cintura Alta Sem Costura para Academia Feminina, Elástica e Fitness",s.shopee.com.br,https://s.shopee.com.br/8V8g9Rex6A?channel_type=pinterest,https://i.pinimg.com/originals/b0/89/89/b0898917d76ebec4227e75496bd1d5c0.jpg,848,1264,0,2026-09-24
2026-10-05,calca legging canelada,1147714286303868429,38,3,0,Calça Legging Canelada Sem Costura,s.shopee.com.br,https://s.shopee.com.br/6KytXZaSzo?channel_type=pinterest,https://i.pinimg.com/originals/07/cd/a9/07cda9dacce0eaa5c6a90cab1f79f9ab.jpg,853,1280,0,2026-02-11
2026-10-05,calca legging canelada,681028774947483580,39,1,0,"￼Calça Legging Canelada de Cintura Alta Sem Costura para Academia Feminina, Elástica e Fitness 😍",s.shopee.com.br,https://s.shopee.com.br/3qKte3rNJ1?channel_type=pinterest,https://i.pinimg.com/originals/e5/91/9c/e5919cb53e18d5d308cd24c3b75ca936.jpg,1200,1594,0,2026-06-20
2026-10-05,calca legging canelada,1084945366512823336,40,1,0,calça legging marrom,onelink.shein.com,https://onelink.shein.com/46/5y2ni40a5kbr?ismg_ol=2d2cb03d503335bce2ebb708385f0265b66e0890bddcac363a8fbfdd7a1a5154_01_KOC-C,https://i.pinimg.com/originals/11/84/08/1184084f3c5f3059939898d821566405.jpg,736,1008,0,2026-08-06
2026-10-05,calca legging canelada,4597542035689566080,41,0,0,Calça Legging Cloe,zooeyshop.com.br,https://www.zooeyshop.com.br/calca-legging-cloe,https://i.pinimg.com/originals/e7/27/5a/e7275a10af670ca5aaf79f18724ed221.png,744,1024,0,2026-09-22
2026-10-05,calca legging canelada,4599019736500050304,42,0,0,Sport Studio Leggings esportivas Calça Canelada modeladoras sem costura de cintura alta em cor sólida,br.shein.com,https://br.shein.com/ark/default?scene=1&test=5051&ad_type=DPA&goods_id=511410852&pf=PINTEREST&link_type=link&url_from=PINADSDPA&ismg=ef27362c74049f8ae521ab1a16eb93190729ecececa772497d2a5054a726f368_01_1791130068,https://i.pinimg.com/originals/95/6a/bf/956abf6dda7fa83811f2ec7c891b7393.jpg,1340,1785,0,2026-07-10
2026-10-05,calca legging canelada,663788432617758341,43,1,0,"A legging mais procurada agora na Start Fit 🩷⚡️ A calça canelada famosa por seu conforto, qualidade e zero transparência 🤩 #canelada #modafeminina #academia #treinofeminino #dicasfit #ﬁtness #explore ",instagram.com,https://www.instagram.com/p/DL7XezzA0n8/?img_index=3,https://i.pinimg.com/originals/90/38/d8/9038d885ae8960c97f22acf8f3fcab37.jpg,1080,1350,0,2025-08-20
2026-10-05,calca legging canelada,4595149478761269120,44,0,0,Calça Legging Feminina Canelada em Poliamida Premium Sem Transparência Cintura Alta para Academia e Moda Fitness,br.shein.com,https://br.shein.com/ark/default?scene=1&test=5051&ad_type=DPA&goods_id=142350794&pf=PINTEREST&link_type=link&url_from=PINADSDPA&ismg=37cdd0252088a68feda7b817d64197ef9faa0523ade8c447d70f5e21e147353e_01_1791130072,https://i.pinimg.com/originals/3e/ce/1d/3ece1d81994870743a2210c412a3dda5.jpg,1340,1785,0,2026-09-10
2026-10-05,calca legging canelada,988117974533983987,45,1,0,"Calça Legging Canelada de Cintura Alta Sem Costura para Academia Feminina, Elástica e Fitness ❤️",s.shopee.com.br,https://s.shopee.com.br/BSHmxEJ9w?channel_type=pinterest,https://i.pinimg.com/originals/98/e6/23/98e623e4df4349c4d1de49172a00505d.jpg,736,1308,0,2026-07-17
2026-10-05,calca legging canelada,AUv67SlyZITqeSZabCXnnnj9Egh9VNqTPUJDyHWLEU990CIdVos-nh1mueXlW_HiET6_sGGY-yt432nge1lEWDs,46,4,0,Conforto e Estilo com Elasticidade Perfeita,s.shopee.com.br,https://s.shopee.com.br/9pMcn1QYzO?pp=1&channel_type=pinterest,https://i.pinimg.com/originals/49/ff/ec/49ffec2c741a3cde6daf66e92e0da800.jpg,1000,1500,0,2026-01-31
2026-10-05,calca legging canelada,725783296251443603,47,1,0,"￼Calça Legging Canelada de Cintura Alta Sem Costura para Academia Feminina, Elástica e Fitness",s.shopee.com.br,https://s.shopee.com.br/W6i9coJ4R?channel_type=pinterest,https://i.pinimg.com/originals/6c/82/65/6c82651ba2ab900810c2e4e71e1062d2.jpg,1440,1440,0,2026-09-17
2026-10-05,calca legging canelada,606367537374257170,48,11,0,"A calça perfeita existe e eu posso provar! Seu toque é aveludado proporcionando conforto, qualidade e zero transparência! Treine com segurança e estilo ✨ #canelado #legging #gym #academia #roupafitnes",instagram.com,https://www.instagram.com/p/DQaUHUCibQy/?img_index=7,https://i.pinimg.com/originals/ed/05/14/ed0514da6bed77c28f3335461f60b97c.jpg,1242,1650,0,2026-05-02
2026-10-05,calca legging canelada,1060034831054894508,49,1,0,"Calça Legging Canelada de Cintura Alta Sem Costura para Academia Feminina, Elástica e Fitness",s.shopee.com.br,https://s.shopee.com.br/803umeCyys?channel_type=pinterest,https://i.pinimg.com/originals/e9/5f/68/e95f68c25940558190cf884c517fa9cb.png,1024,1536,0,2025-10-09
2026-10-05,calca legging canelada,AQLkSMpA1xJZlMQF_L4MIsX7wc_NNv4SrbZ1c_ezsJmj7XcEf9CdpCTzaXnezxOhefG-lJY_5_p0Gq7Q8bAGasA,51,1,0,BlissBlend™ Collection by,vuoriclothing.com,https://vuoriclothing.com/collections/vuori-blissblend,https://i.pinimg.com/originals/c6/56/55/c656551e75e7b5f23ae4b7b063826b0a.jpg,1200,1500,0,2026-06-22
2026-10-05,calca legging canelada,AbN_R0nLds42R9MFfG7JMqVI5aT4Fs4GqWF7G0uk0i_5y701nC165JqAoZDsOvR5835Dt5yHfElNd0aSgyPrzqg,53,10,0,Find women’s athleisure,kohls.com,https://www.kohls.com/catalog/womens-active.jsp?CN=Gender:Womens+Occasion:Active&BST=8131179:8132516:6581283&icid=social-paid-pncrsl-womensfallathleisure-np-2609wk2-frame1&cid=SO26PDPIN0733&utm_campaign=paid_social&utm_medium=paid_social&utm_source=pinterest&utm_content=2026pdpin733,https://i.pinimg.com/originals/e7/af/9e/e7af9ebc2e05641f1a19d9e14cebec69.jpg,1000,1500,0,2026-09-03
2026-10-05,calca legging canelada,ARh1fwNNooZ2rxVBCKdmRjIKuUmRl9M0bWel8ibZMYLHovjitG9Qfye4kaBTm3GpzjWNxFw_Us7R4yPewIXXlps,54,60,0,Quince Polished Ponte,quince.com,https://www.quince.com/style-gone-viral,https://i.pinimg.com/originals/b5/22/30/b52230648ac9c57f194f0c373bece394.jpg,1080,1920,1,2026-08-20
2026-10-05,calca legging canelada,4592897644934287744,55,15,0,Calça Legging Leg Zero Transparência Cintura Alta Academia,classs.com.br,https://www.classs.com.br/produtos/calca-legging-leg-zero-transparencia-cintura-alta-academia-naz3e/,https://i.pinimg.com/originals/2e/ae/ca/2eaeca9bb5c3f003e99a4b3808489967.png,864,1536,0,2026-07-01
2026-10-05,calca legging canelada,Af83p57Z2Qpfky72bU9d4lbPEovJaLdLT14_izKv6CK6dotd3Cs4bpQNcvVqVnW5zb94R1w9aflpMUzy0rlu1h4,56,121,0,Amazon Fall Fitness,amzlink.to,https://amzlink.to/az0Vx9igBUsbA,https://i.pinimg.com/originals/ff/cc/77/ffcc77018df5a26aaacc7fb01a450e76.png,1000,1500,0,2026-09-15
2026-10-05,calca legging canelada,30610472459355034,57,1211,0,,,,https://i.pinimg.com/originals/49/93/21/4993217400dca84592351c8825615ee4.jpg,764,1336,0,2023-05-28
2026-10-05,calca legging canelada,AfgbuYtqFlJq2YbijMoxkIto0YfmAPPQvRBIQlMmbYMrljnq8GUSyBW_SeBwNaNN2-kpEtGDh-5YIJYVGalAmxg,58,1,0,Everything your closet’s,youngla.com,https://www.youngla.com/collections/all-for-her?utm_source=Pinterest&utm_medium=PaidSocial&utm_campaign=%7Bcampaignid%7D&utm_content=%7Badgroupid%7D,https://i.pinimg.com/originals/8f/f8/aa/8ff8aa33dd27fcbcac141062f0e2d670.jpg,3024,4032,0,2026-04-17
2026-10-05,calca legging canelada,606367537374257161,59,32,0,Legging Canelada Fitness 🏋️‍♀️,s.shopee.com.br,https://s.shopee.com.br/AKQe9WnCZ7?channel_type=pinterest,https://i.pinimg.com/originals/4b/94/d5/4b94d582e3ead1e7d17cbfacb89b5cb4.png,720,1280,0,2026-05-02
2026-10-05,calca legging canelada,1141240361850751141,60,1,0,￼Calça Legging Canelada de Cintura Alta Sem Costura para Academia Feminina,s.shopee.com.br,https://s.shopee.com.br/4fsagTbFM9?channel_type=pinterest,https://i.pinimg.com/originals/43/7a/58/437a58bb60f75305007d54aa7b8c4877.jpg,1080,1920,0,2026-04-26
2026-10-05,calca legging canelada,1138073768369202253,61,1,0,Calça Legging Push Up Canelada de Cintura Alta Sem Costura para Academia Feminina Esportiva sem Cost,shopee.com.br,https://shopee.com.br/universal-link/opaanlp/1840465799/23994991002?__mobile__=1&gads_t_sig=gqRjZGVrxHCFomtpsTE0MjUxOnRzc19zZGtfa2V5omt20QACpGFsZ2_SAAAAZKNkZWvAomN0xEAAAAAMCDZ1QISG3Y9eQ8yPVgAOiad7g2PqyaqkWO_9nGG8rv2GeSvTKVy0YH9Uq_tAMSkaB8ROm0FmD1_y4Fc6qmNpcGhlcnRleHTEmQAAAAwX9DYVmzFt7QG0d7xCpzMh32v7CoLji7NHiDv6F7RtJoDjW9j6GeMWL6yNIfIBJC_XjxopCPe6kwbriXr4bWbNeX-BIe_E_pFl6WMkUUwWwn5Sn2ApeXO4957foFRC,https://i.pinimg.com/originals/a7/06/b7/a706b76a72e9a5fba1a3a7130df1b000.jpg,512,512,0,2026-09-09
2026-10-05,calca legging canelada,376895062587712067,62,1,0,Shopee Brasil | Ofertas incríveis. Melhores preços do mercado,shopee.com.br,https://shopee.com.br/Cal%C3%A7a-Legging-Canelada-Premium-de-Cintura-Alta-Sem-Costura-Academia-Feminina-El%C3%A1stica-e-Fitness-i.790634216.22699042632?channel_type=pinterest,https://i.pinimg.com/originals/aa/52/69/aa5269b2a2e355a53012ca989ed4ff8d.webp,828,828,0,2026-03-04
2026-10-05,calca legging canelada,1125196288188115239,63,1,0,,,,https://i.pinimg.com/originals/32/b0/2c/32b02c166a76aae8e155305dcb43638a.webp,1024,1500,0,2026-08-04
2026-10-05,calca legging canelada,1135962706035234350,64,1,0,calça marrom legging,s.shopee.com.br,https://s.shopee.com.br/9ALfmhL0MR?channel_type=pinterest,https://i.pinimg.com/originals/e0/18/fb/e018fbadefe58e7937ed147c833e418f.jpg,736,980,0,2026-05-24
2026-10-05,calca legging canelada,758645499774181693,65,10,0,"ÚLTIMAS PEÇAS NO ESTOQUE!!! Calça legging flanelada Disponível P e M R$ 60,00 #calça #legging #calcalegging #leggingflanelada #modafeminina",instagram.com,https://www.instagram.com/p/DbGglVpMGhl/,https://i.pinimg.com/originals/5d/5e/7b/5d5e7bc5f48b18a08b536eb39b62b784.jpg,1440,1920,0,2026-07-22
2026-10-05,calca legging canelada,874472452669268320,66,3,0,Calça Legging Canelada Preta - Cintura Alta Com Costura Realça Bumbum,s.shopee.com.br,https://s.shopee.com.br/4LB2EXyYTA?channel_type=pinterest,https://i.pinimg.com/originals/73/57/2a/73572a7455908c8bbac3055c68088036.jpg,750,750,0,2026-07-22
2026-10-05,calca legging canelada,4606549193760621632,67,0,0,Calça Legging Canelada Max Seamless | Maite Miyao,maitemiyao.com.br,https://www.maitemiyao.com.br/products/legging-seamless-canelado-max,https://i.pinimg.com/originals/c6/17/b1/c617b15f22fad7c2209132fedc7742aa.jpg,980,1307,0,2026-09-20
2026-10-05,calca legging canelada,4592968009341919104,68,0,0,Camiseta masculina dry fit,verissimamodas.com.br,https://verissimamodas.com.br/produtos/camiseta-masculina-dry-fit-1fqba/,https://i.pinimg.com/originals/d5/20/ab/d520abd19c9621e6e47941e5fef74a55.webp,480,714,0,2026-09-28
2026-10-05,calca legging canelada,4592897644372566912,69,1,0,Calça Legging Fitness Canelada Cintura Alta Poliamida Sem Transparência Confortável Que Não Marca,br.shein.com,https://br.shein.com/ark/default?scene=1&test=5051&ad_type=DPA&goods_id=541721282&pf=PINTEREST&link_type=link&url_from=PINADSDPA&ismg=5ad5231d432f4f16a1a86ebc4b9baf410888e462f79a888edd03bc145ee70db8_01_1791130157,https://i.pinimg.com/originals/f5/5a/dd/f55add2c37548da5cb88bb1a981b572f.jpg,1200,1540,0,2026-08-18
2026-10-05,calca legging canelada,1137088605950042675,70,1,0,Calça Legging Canelada Feminina Academia Sem Costura Fitness,meli.la,https://meli.la/1uuTbpM,https://i.pinimg.com/originals/21/d3/84/21d38460ace7c61d0091489df2554404.webp,896,1200,0,2026-09-08
2026-10-05,calca legging canelada,215046950953344487,71,126,0,"Calça Legging Flanelada Disponível P M G GG R$ 60,00 Garanta já a sua ! #calça #calcalegging #leggings #outono #lançamento",instagram.com,https://www.instagram.com/p/DYSj8XNBWTr/,https://i.pinimg.com/originals/2c/23/73/2c23734f171234657b9b4c3f3090f6ab.jpg,1440,1920,0,2026-06-25
2026-10-05,calca legging canelada,770045236333339551,72,2,0,Calça Legging canelada sem costura academia,br.shp.ee,https://br.shp.ee/s5y61jd5?smtt=0.0.9&channel_type=pinterest,https://i.pinimg.com/originals/4d/ee/98/4dee982cf10dfa800a5a428142b22fea.jpg,1080,1920,0,2026-07-22
2026-10-05,calca legging canelada,4598878988212969344,73,0,0,Look Canelê (3 peças) - Chocolate,love4you.com.br,https://love4you.com.br/produtos/look-canele-3-pecas-chocolate-ezmbe/,https://i.pinimg.com/originals/81/de/56/81de5615af81a308aa46cf83219f86d3.webp,1024,1280,0,2026-09-23
2026-10-05,calca legging canelada,620933867423457609,74,19,0,Gymlook,amzn.to,https://amzn.to/46hSfxS,https://i.pinimg.com/originals/b0/40/f5/b040f53f2a1b8a381d1d94ffefd0d100.jpg,736,1104,0,2026-04-23
2026-10-05,calca legging canelada,4599019714780838784,75,0,0,Calça Legging Pezinho Canelada Nany,composelooks.com.br,https://composelooks.com.br/produtos/calca-legging-pezinho-canelada-nany-1y8ly/,https://i.pinimg.com/originals/f9/a9/ce/f9a9cefb067d0c145a679290bb3b4a65.webp,720,1280,0,2026-09-04
2026-10-05,conjunto fitness feminino,AV5ZHtksoo_tmyRauf0_BIwvk4W-ARu1nBqj3H80DVKHbh3FlvMGe1ED6slskgEuOzPhpIDy4Z-WoQX5XDydOjc,1,31,0,Gymshark Vital Seamless,gymshark.com,https://www.gymshark.com/products/gymshark-vital-seamless-2-0-midi-zip-up-jacket-black-marl-aw23,https://i.pinimg.com/originals/fc/81/b5/fc81b5f21f52e525a378298890c93a5a.jpg,402,480,0,2026-04-07
2026-10-05,conjunto fitness feminino,ARRkIWEbIHklxv8VvGqlC8SiWUQq4Y9bVp-cPPdCfVh5UTF3rffkO0_uy3M-VFEaWkC08wWu0cfIGhQTYg21XMY,2,609,0,Amazon Workout Essentials,amzlink.to,https://amzlink.to/az0hQHzBlmvL4,https://i.pinimg.com/originals/30/c2/11/30c211934f5128660b642a9ceeeaa06e.png,1000,1500,0,2026-06-16
2026-10-05,conjunto fitness feminino,670895675787124256,3,35,0,Conjunto deportivo 2 piezas,,,https://i.pinimg.com/originals/8a/16/5a/8a165a2d201e4fe10c5b3dbcdf4c5cc0.png,1024,1536,0,2026-09-29
2026-10-05,conjunto fitness feminino,AWTQHxjo2fZ6o787DuR-20XRhf3WlMf4KyRLXHJ48hyYkCFvTbva3NluczAoz-vfYiDS_PS6TUSRhrSup4fPk98,4,1,0,BlissBlend™ Collection by,vuoriclothing.com,https://vuoriclothing.com/collections/vuori-blissblend,https://i.pinimg.com/originals/48/f2/b7/48f2b72dfdc07230c9274e3c08063fa0.jpg,1200,1500,0,2026-06-22
2026-10-05,conjunto fitness feminino,699535754669947184,5,3,0,CONJUNTO SHEIN 😍⬆️⬆️⬆️,onelink.shein.com,https://onelink.shein.com/53/62ke63jevdhj?ismg_ol=HwwYsZEFcxd_01_KOC-C,https://i.pinimg.com/originals/cb/92/5e/cb925e9c33f515a0133e09598baca79d.jpg,1080,1920,0,2026-09-30
2026-10-05,conjunto fitness feminino,1080371398164289145,6,3,0,Conjunto Bicolor Legging,vt.tiktok.com,https://vt.tiktok.com/ZSqoNfPcS/,https://i.pinimg.com/originals/56/60/06/5660065240fef61a63c6c30f153b52ec.png,1024,1536,0,2026-09-22
2026-10-05,conjunto fitness feminino,584905070401207071,7,1,0,"Conjunto Fitness Feminino: lindo, confortável e estiloso 💖🏋️‍♀️",br.shp.ee,https://br.shp.ee/mtc7t956?fromSource=copy_link&smtt=0.0.9&channel_type=pinterest,https://i.pinimg.com/originals/21/49/08/214908b8719792ff09fc4c423c986672.png,1024,1536,0,2026-09-26
2026-10-05,conjunto fitness feminino,AUO1lVomyp5_I6ej0Lc1oG20icrbMkQWMH9E0Mn1btuLW-7DCjv6dYeBYPCaez58-hrYeXE5iXFEhZLJ9_lO8ac,8,377,0,Amazon Workout Pieces,amzlink.to,https://amzlink.to/az0Vd3bXPYd4E,https://i.pinimg.com/originals/7a/f5/88/7af588c46af4fc8bcc6f38f0d4498fb6.png,1000,1500,0,2026-04-15
2026-10-05,conjunto fitness feminino,AXHdL_AcL3mc-jHYVtQdjofukqUtr0_yigda8tTN2t2RqEhWHEZyjnSBfbLlX26AOOMBoN9ybBSPlszW_W6wQjo,9,121,0,Amazon Fall Fitness,amzlink.to,https://amzlink.to/az0Vx9igBUsbA,https://i.pinimg.com/originals/ff/cc/77/ffcc77018df5a26aaacc7fb01a450e76.png,1000,1500,0,2026-09-15
2026-10-05,conjunto fitness feminino,AaqMYL7JTa3vnkvTs_m-qlf3qZghdy-m5PglFG-kuXB-4zXSm_1DV6z3u6MboPm5Sn-Eci2h8m4KDT_2Xe1aSGI,10,2,0,Nike One,nike.com,https://www.nike.com/t/one-womens-dri-fit-brief-lined-high-waisted-5-shorts-ZuzF1sWL/IB9226-502?dplnk=member,https://i.pinimg.com/originals/3c/34/b1/3c34b1ed3bed2cbb807afe57cef8f4ee.jpg,1080,1350,1,2026-09-16
2026-10-05,conjunto fitness feminino,634022453838986568,11,39,0,"Dewbera Dewbera Conjunto de Top Esportivo Sem Alças e Legging Sem Costura com Listras Brancas em Roxo para Mulheres, 2 Peças, Roupa Esportiva para Academia e Exercícios, Rosa e Branco, Verão, Sexy, Cu",onelink.shein.com,https://onelink.shein.com/52/61n2jquaoqvg?ismg_ol=K6uXZ2rpVCP_01_KOC-C,https://i.pinimg.com/originals/f4/41/27/f4412718b90dd44b9266df65f2035572.png,941,1672,0,2026-09-27
2026-10-05,conjunto fitness feminino,AXiWc-75QIWgRjSzKe3w5ZqMDudjk6EZqmtFL8dJ2qQxmCTQXbnfFcBXX4GTcnDF4kqQJ3ROzBQZru8m-SDixts,12,1,0,Move in On FormTec™,on.com,https://www.on.com/shop/apparel/training?utm_source=pinterest&utm_medium=cpc&utm_campaign=%7Bcampaignname%7D&utm_term=%7Badgroupname%7D&utm_content=%7Bcreative_id%7D&p_campaign=%7Bcampaign_name%7D&p_campaignid=%7Bcampaignid%7D&p_adgroupid=%7Badgroupid%7D&p_adgroup=%7Badgroupname%7D&p_adid=%7Badid%7D&p_keyword=%7Bkeyword%7D&p_keywordid=%7Bkeyword_id%7D&p_product=%7Bproduct_id%7D,https://i.pinimg.com/originals/32/db/09/32db09c1856756ee2e8d31b5bb28e589.jpg,1000,1500,0,2026-08-11
2026-10-05,conjunto fitness feminino,139400550963304727,13,39,0,Conjunto Fitness Bee Top Cropped E Short Roxo,meli.la,https://meli.la/2d7L3xy,https://i.pinimg.com/originals/0b/03/f4/0b03f4e7b289fc7583bb9b552068099d.png,999,1575,0,2026-09-30
2026-10-05,conjunto fitness feminino,981432943819077793,14,2,0,Look fit 🩵,onelink.shein.com,https://onelink.shein.com/54/63430hzfl6r3?ismg_ol=6WxwvDWmzLM_01_KOC-C,https://i.pinimg.com/originals/76/27/d5/7627d5577da7ee0210b408bd7abf0c40.jpg,1080,1920,0,2026-09-25
2026-10-05,conjunto fitness feminino,AXu-Sz_3ASvSzzNNXvrIwmyQPf1T6YhVTdBHV_wGd3U2l1TNBoGfcCHUwr_OuPKi-JWp7Y9CeyT6jaZQtYgo7nw,15,10,0,Find women’s athleisure,kohls.com,https://www.kohls.com/catalog/womens-active.jsp?CN=Gender:Womens+Occasion:Active&BST=8131179:8132516:6581283&icid=social-paid-pncrsl-womensfallathleisure-np-2609wk2-frame1&cid=SO26PDPIN0733&utm_campaign=paid_social&utm_medium=paid_social&utm_source=pinterest&utm_content=2026pdpin733,https://i.pinimg.com/originals/e7/af/9e/e7af9ebc2e05641f1a19d9e14cebec69.jpg,1000,1500,0,2026-09-03
2026-10-05,conjunto fitness feminino,Ad79U-bvf-_Qq7F9D7QhfWB4Sew4P3tOBKNVns4SLYvltBtdbTXK-najNw8f35y-UooRy0mu2wig08cuITijqrU,16,101,0,Pink and White Spring,amzn.markable.ai,https://amzn.markable.ai/GcGug1Qo,https://i.pinimg.com/originals/ab/06/bd/ab06bd529350946cbdcfaf0de6d34dfd.png,1000,1500,0,2026-04-16
2026-10-05,conjunto fitness feminino,ARBKBDE07dTJnrXQ2fHd55ElvPhfo45dQmnVT5hxzUJck81Rqri7kPQFzdLsUIKcoUIYl5GHPPlOYjTtse5x7fA,17,0,0,NikeSKIMS Shine Bonded,skims.com,https://www.skims.com/products/nikeskims-shine-bonded-waist-26-inch-legging-phoenix?variant=47896291541345,https://i.pinimg.com/originals/e9/7e/c4/e97ec46db670d362837198959c45c61b.png,1080,1620,0,2026-09-16
2026-10-05,conjunto fitness feminino,1137721924648548747,18,3,0,Conjunto Fitness Feminino Azul-Marinho com Cropped Um Ombro e Legging,onelink.shein.com,https://onelink.shein.com/53/6299xci7icu1?ismg_ol=90ygZ4JdVGB_01_KOC-C,https://i.pinimg.com/originals/b9/77/e1/b977e1a20c4dabc68adb8656cfff9af4.jpg,960,1280,0,2026-09-18
2026-10-05,conjunto fitness feminino,657384876904551127,19,2,0,Conjunto fitness,s.shopee.com.br,https://s.shopee.com.br/9V1boPVMZQ?channel_type=pinterest,https://i.pinimg.com/originals/bb/86/9d/bb869d274dfc3f3e973ac78665c27249.jpg,1080,1920,0,2026-09-20
2026-10-05,conjunto fitness feminino,AYER7O8AL0oQgrSkAMGjlnMOVXs-U5Hsfa9hVkA3_O1TXmnIXgz8pS2CskrHpKzNd7e2YqebgF1C81Sm0DOug-s,20,1,0,"Fabletics, By Khloé",fabletics.com,https://www.fabletics.com/dmg/3F870C?utm_medium=paid_social_media&utm_source=pinterest&utm_campaign=pin_campaign_id_%7Bcampaignid%7D&utm_content=pin_adgroup_id_%7Badgroupid%7D&utm_term=pin_id_%7Badid%7D&nbt=nb:pinterest::%7Bcampaignid%7D:%7Badgroupid%7D:%7Badid%7D&nb_kwd=%7Bkeyword%7D&nb_device=%7Bdevice%7D&nb_platform=pinterest&nb_pn=%7Bproduct_name%7D&nb_ppgid=%7Bpromoted_product_group_id%7D&nb_,https://i.pinimg.com/originals/ec/a5/5a/eca55a772c9246b298c5f89e4fcb5218.png,1000,1500,0,2026-09-25
2026-10-05,conjunto fitness feminino,213850682304787292,21,63,0,"Soyun Conjunto Feminino de 2 Peças Top de Yoga e Legging Primavera/Outono, Roupa Esportiva Slim Fit para Yoga e Uso Diário Esportes Verão",onelink.shein.com,https://onelink.shein.com/52/61n340vqccgj?ismg_ol=9tqjPne0uq0_01_KOC-C,https://i.pinimg.com/originals/8b/11/eb/8b11ebe40ade4dc5c5caf00a32a6c031.png,941,1672,0,2026-09-28
2026-10-05,conjunto fitness feminino,1056164550146962750,22,2,0,CONJUNTO SHEIN 😍⬆️⬆️⬆️,onelink.shein.com,https://onelink.shein.com/53/62ke7iu7qozk?ismg_ol=1pwv2S3HJIK_01_KOC-C,https://i.pinimg.com/originals/b5/d9/4e/b5d94e7e4505f9cf4721511c4c92d237.jpg,1080,1920,0,2026-09-20
2026-10-05,conjunto fitness feminino,641340803231332035,23,6,0,,amzn.to,https://amzn.to/4AKmevJ,https://i.pinimg.com/originals/19/e2/0f/19e20fd2d1929337aec6abdaa707a552.jpg,941,1671,0,2026-09-30
2026-10-05,conjunto fitness feminino,AcQWlWWvlQTJXnUcSBdqaV26ZKxvNhiJk1lfvkr-rmZHvYP9UxTp2Ux79AfAV1MfyTgFMpXbRRJdt4jReBwoKeE,24,3,0,Fall Athleisure You’ll,amzlink.to,https://amzlink.to/az0YY8fy6517X,https://i.pinimg.com/originals/60/57/de/6057de7b13feb39c11fd41ef1086d2c9.png,1000,1500,0,2026-08-07
2026-10-05,conjunto fitness feminino,AagFyqAtGQ1mpeb-F9U-udQlyrN-aGZmbOC3DyXUCsrO94MTCBL3IDAdJmP-GRJ3YN00hWTIkOUO6gm3xpBJQXM,25,4067,0,WISKII Season's Must -,wiskiiactive.com,https://wiskiiactive.com/collections/2024-winter-essentials,https://i.pinimg.com/originals/bd/20/08/bd2008f4a93cc18aad384f1c8247909d.jpg,720,1280,1,2024-12-11
2026-10-05,conjunto fitness feminino,772297036146211636,26,1,0,Conjunto Fitness Feminino Bee Basic Cropped,s.shopee.com.br,https://s.shopee.com.br/4LJdDpNRlc?channel_type=pinterest,https://i.pinimg.com/originals/04/a4/4b/04a44bbcb2b1174bd0021a64d821e32b.png,1088,1445,0,2026-09-24
2026-10-05,conjunto fitness feminino,1118933469951542969,27,1,0,Women’s Seamless Workout Set | Yoga Leggings & Sports Bra Outfit,link.amazon,https://link.amazon/B0hHe2VKr,https://i.pinimg.com/originals/85/94/2f/85942f6475da67bff54c96e4533d35d4.png,1024,1536,0,2026-09-21
2026-10-05,conjunto fitness feminino,AUGt9P_MXDtgjQEr22S4gjLsx9QbRZWWATVmqEPuJVSII_HO0ZkHIcwewCyQlDsyWIqwww4xmb3QeZeWRDkOl2k,28,0,0,4505 seamless baby ribbed,asos.com,https://www.asos.com/us/4505/4505-seamless-baby-ribbed-medium-support-sports-bra-with-adjustable-straps-in-raisin/prd/209583360?browseCountry=US&browseCurrency=USD,https://i.pinimg.com/originals/dd/9d/a0/dd9da03d29a0cd785fe3d9eea624261c.jpg,1080,1620,0,2026-05-05
2026-10-05,conjunto fitness feminino,595671488261325893,29,6,0,CONJUNTO SHEIN 😍⬆️⬆️,onelink.shein.com,https://onelink.shein.com/53/62ke2p7hvz1n?ismg_ol=FjAaFIp9xsq_01_KOC-C,https://i.pinimg.com/originals/82/41/65/824165e9ea9fd7d8079936c6cbd3e357.jpg,1080,1920,0,2026-09-26
2026-10-05,conjunto fitness feminino,30399366230744892,30,30,0,Conjunto Fitness Feminino Preto: Top e Bermuda de Compressão para Treino,meli.la,https://meli.la/1eRTgB5,https://i.pinimg.com/originals/26/62/0a/26620ac255916af381949adfc54ddaeb.png,1440,2560,0,2026-09-29
2026-10-05,conjunto fitness feminino,ASMeqUoJFCppTxwj9vW9PBdKYuZMrg_S4sSglnhqZ3tALHJzuXyNbXs932w0ADdcq5eREnDlWO9GCBZ2gkYZpEY,31,0,0,Eassivo Women's Shades Of,us.shein.com,https://us.shein.com/ark/default?scene=1&test=5051&ad_type=DPA&goods_id=35346212&pf=PINTEREST&url_from=PINADSDPA&ismg=b916ec5157eea69ab7023cd9900bef0b4959324993976eab17808cfc84f596c7_01_1791128091,https://i.pinimg.com/originals/e2/54/0a/e2540ab37275dc300c5e1b9541b20de6.jpg,1340,1785,0,2026-09-26
2026-10-05,conjunto fitness feminino,626211523230614892,32,4,0,conjunto academia feminino,vt.tiktok.com,https://vt.tiktok.com/ZS9SvNJs83dkH-IdrTm/,https://i.pinimg.com/originals/ef/68/66/ef68667f51c9f59389035105ed9bf30f.png,941,1672,0,2026-09-24
2026-10-05,conjunto fitness feminino,652177589837110887,33,1,0,Conjunto de academia,onelink.shein.com,https://onelink.shein.com/54/6320c2fentpb?ismg_ol=EWuVGq0qKoj_01_KOC-C,https://i.pinimg.com/originals/eb/ae/88/ebae884d2821e0beb1434bcab965f8ff.jpg,1080,1920,0,2026-09-24
2026-10-05,conjunto fitness feminino,AXhDhycJ0KDQiwqCy_ORysakICBPhW9RyQahyjlHtkdMNdkZYTtV5bZ0ExZyE4QrSnbFwjiLHMb3E9p-ajMU_kg,34,275,0,✨Built-in bra tee -,marielouise-paris.com,https://marielouise-paris.com/en-us/collections/meilleurs-ventes-du-moments?tw_source=pinterest&tw_adid=%7Badid%7D,https://i.pinimg.com/originals/35/cc/61/35cc61a0b0ad5ca58bbbc6b46d427315.png,1000,1500,0,2025-11-28
2026-10-05,conjunto fitness feminino,2111131074098698,35,1000,0,Pearl's Amazon Page,amazon.com,https://www.amazon.com/shop/moodmade?ref_=cm_sw_r_apann_aipsfshop_5P24BPHGA1H957ZY2SSH&language=en-US&ccs_id=357f6e80-b65a-403f-bcf8-c0b9e69d3e40,https://i.pinimg.com/originals/21/99/14/21991452025fbc0407f1e67984831eca.jpg,736,1104,0,2026-09-10
2026-10-05,conjunto fitness feminino,1142225524275776958,36,3,0,SHEIN Velisys 2 Conjuntos Esportivos Azul Marinho e Branco,onelink.shein.com,https://onelink.shein.com/53/62pno2vdp29b?ismg_ol=Gr9yDYrJbYj_01_KOC-C,https://i.pinimg.com/originals/d7/34/e9/d734e96cbe48420e6268d00903f3563a.jpg,736,1308,0,2026-09-21
2026-10-05,conjunto fitness feminino,580471839518608628,37,13,0,Conjunto Fitness Feminino Cintura Alta,s.shopee.com.br,https://s.shopee.com.br/qixvevfDA?channel_type=pinterest,https://i.pinimg.com/originals/1c/ef/35/1cef357715d53cd80df49f1bc40b8ec6.jpg,1022,1536,0,2026-09-22
2026-10-05,conjunto fitness feminino,1121748219718229409,38,3,0,Shein - Conjunto Feminino de Legging e Top 🩵,onelink.shein.com,https://onelink.shein.com/53/62d1rarottuk?ismg_ol=9MbCpKHKL1M_01_KOC-C,https://i.pinimg.com/originals/b9/e8/5d/b9e85d46ca41d0fbbe1e76f8ff7b0765.jpg,1080,1920,0,2026-09-18
2026-10-05,conjunto fitness feminino,126945283242082437,39,137,0,"Powerista Conjunto Esportivo Feminino com Top Cropped e Shorts com Estampa de Letra e Contraste de Cor, Conjunto de Treino para Mulheres",onelink.shein.com,https://onelink.shein.com/52/61n314b3c16s?ismg_ol=AzRgvsrQItZ_01_KOC-C,https://i.pinimg.com/originals/e9/4c/e4/e94ce40aa2e0e8d63fd2c16f9024d0b1.png,941,1672,0,2026-09-30
2026-10-05,conjunto fitness feminino,776237685827277085,40,3,0,Compre aqui 👇🏻,s.shopee.com.br,https://s.shopee.com.br/2LYVlSfyBh?channel_type=pinterest,https://i.pinimg.com/originals/64/cb/5f/64cb5f80efecef235a8312f3473c8465.jpg,937,1666,0,2026-09-22
2026-10-05,conjunto fitness feminino,1121748219718276052,41,10,0,Shein - Conjunto de Calça e Blusa Fitness 🩷,onelink.shein.com,https://onelink.shein.com/53/62f8q0jpwgk6?ismg_ol=7vAyHMVGrjy_01_KOC-C,https://i.pinimg.com/originals/35/68/22/3568225c6c0192f27bf5c8c112ee372b.jpg,1080,1920,0,2026-09-18
2026-10-05,conjunto fitness feminino,AVPkmbpgRwUjReKikbeqRgnZuGhRItj1aVHahHXS35U-zXJv75Krtf__C_2Gdq39AQ3jAw55F-H-pDXzHFB3TaM,42,0,0,NEW DROP!,bonafide.us,https://bonafide.us/collections/new-in,https://i.pinimg.com/originals/c0/0b/77/c00b777f403be2a7478c24a5c8fcf6af.jpg,1080,1920,1,2026-08-10
2026-10-05,conjunto fitness feminino,AQ2THwP2vSRjWYux1Uq7pkhZUcOlDXw-akIL2ZtxG4vXZ5WbpkoVSSDq43LVyUXef3kCaKJ7FjpZRCqqkK5zTKA,43,1,0,JUST DROPPED: DB Sport,dairyboy.com,https://dairyboy.com/collections/db-sport,https://i.pinimg.com/originals/3a/68/80/3a68803176c89d011b325b34823a881d.png,1080,1620,0,2026-04-08
2026-10-05,conjunto fitness feminino,Aa2vsvInVgm7B71NGY9aT3oX_UwwAFaqGkCoLu0N1Fta_tOhI4EU5uwhQ6HRe8ylT1NjmIMyDvkQztBApZNSKU0,51,20,0,Gymshark Everyday,gymshark.com,https://www.gymshark.com/products/gymshark-everyday-seamless-tank-with-shelf-sleeveless-tops-purple-aw25,https://i.pinimg.com/originals/be/03/3f/be033fa3414e3f890ef9e05f40ccda4e.jpg,402,480,0,2025-10-02
2026-10-05,conjunto fitness feminino,ATOheLMj03nEXPA1ue-4heJ4erDZRLfQJ5MkQfGUBkndx8qrCunORjrD1mubknR1rLJ1fcYmZwyy_-mCo_T54jY,52,1,0,BlissBlend™ Collection by,vuoriclothing.com,https://vuoriclothing.com/collections/vuori-blissblend,https://i.pinimg.com/originals/c6/56/55/c656551e75e7b5f23ae4b7b063826b0a.jpg,1200,1500,0,2026-06-22
2026-10-05,conjunto fitness feminino,AUzw4AlkBkZfTRohrwz1i_cGxfQtnJw4wm4EV871TA-x2JjzvgJxeZ-rgWuADRfs_Omoqbc46gQ6Vty4_upiiJM,53,0,0,Women's Crop Top,nakedwardrobe.com,https://nakedwardrobe.com/products/the-nw-sleeveless-crop?variant=44753055645925&utm_medium=cpc&utm_source=pinterest&utm_campaign=Pinterest%20Shopping&country=US,https://i.pinimg.com/originals/78/ef/d2/78efd227574451dfbcfd80c56bc738bd.jpg,3648,5472,0,2026-09-30
2026-10-05,conjunto fitness feminino,1106618939719477327,54,6,0,roupa de academia,s.shopee.com.br,https://s.shopee.com.br/gQIxLTgGi?channel_type=pinterest,https://i.pinimg.com/originals/c8/fc/c2/c8fcc22a36491b7432fbe79a80d6aca0.jpg,1080,1920,0,2026-09-23
2026-10-05,conjunto fitness feminino,871165121691836331,55,17,0,Purplebury Outfit ✨,,,https://i.pinimg.com/originals/d7/be/4e/d7be4e163709244b4e8f16aed18ee051.jpg,1024,1536,0,2026-09-30
2026-10-05,conjunto fitness feminino,591238257379623230,56,2,0,Fitness I Academia I Moda Fitness I Academia,meli.la,https://meli.la/2PLgfGH,https://i.pinimg.com/originals/70/67/4a/70674ac66ac72dc6995e17188744929e.jpg,942,1672,0,2026-09-20
2026-10-05,conjunto fitness feminino,848998967306217670,57,3,0,Conjunto Fitness Feminino Modern Color – Shorts + Top para Academia,s.shopee.com.br,https://s.shopee.com.br/9AOV0fBAj4?channel_type=pinterest,https://i.pinimg.com/originals/cf/ac/99/cfac99f6a8d067904772247a65b7087d.jpg,1080,1920,0,2026-09-09
2026-10-05,conjunto fitness feminino,ARg5il2YpjfduQR4e3iPJjdvKR0D5nxaYkP6FVL2ugXKr1JRueWH231zjyOfcbsHGFYSXm6HsNcYASiJN8n4eSg,58,1,0,✨ Meet the Nova,theroyalcodes.com,https://theroyalcodes.com/collections/nova-collection,https://i.pinimg.com/originals/c0/cf/0e/c0cf0e83a21293902f7de6d220fa1732.jpg,1080,1920,1,2026-09-27
2026-10-05,conjunto fitness feminino,ASIX0KAgX_hmQr01QcQMZNh4Cb3InhNVSwq7flrJLXxQgSj9pDN0Ns3nuh-s8ymatzALxFuk_WKx0WuUYjimyuk,59,1,0,"Fabletics, By Khloé",fabletics.com,https://www.fabletics.com/dmg/3F870C?utm_medium=paid_social_media&utm_source=pinterest&utm_campaign=pin_campaign_id_%7Bcampaignid%7D&utm_content=pin_adgroup_id_%7Badgroupid%7D&utm_term=pin_id_%7Badid%7D&nbt=nb:pinterest::%7Bcampaignid%7D:%7Badgroupid%7D:%7Badid%7D&nb_kwd=%7Bkeyword%7D&nb_device=%7Bdevice%7D&nb_platform=pinterest&nb_pn=%7Bproduct_name%7D&nb_ppgid=%7Bpromoted_product_group_id%7D&nb_,https://i.pinimg.com/originals/fa/4a/56/fa4a56bb97e78596a5bc73674f2e7dc2.png,1000,1500,0,2026-09-30
2026-10-05,conjunto fitness feminino,233694668162004060,60,85,0,esse conjunto fitness não é transparente é muito lindo e confortável,br.shp.ee,https://br.shp.ee/ibentfna?smtt=0.0.9&channel_type=pinterest,https://i.pinimg.com/originals/fe/d3/1d/fed31dfb2765fcc791ff7b14bed924a0.jpg,768,1365,0,2026-06-03
2026-10-05,conjunto fitness feminino,345299496455417049,61,26,0,Apparently a cute Pilates set does make me more motivated to work out—or at least look the part.,liketk.it,https://liketk.it/6n5nO,https://i.pinimg.com/originals/c7/8b/eb/c78beb1539153dbb7075d589fbf71726.png,1080,1920,0,2026-09-27
2026-10-05,conjunto fitness feminino,764978686754656380,63,6,0,Purplebury Outfit ✨,,,https://i.pinimg.com/originals/de/b6/f1/deb6f1ff3ed257586af08cfb5c573e2a.jpg,1024,1536,0,2026-09-30
2026-10-05,conjunto fitness feminino,149322543895589633,64,49,0,Macacão fitness academia esporte,onelink.shein.com,https://onelink.shein.com/52/61n2u7p76ivf?ismg_ol=11HM7M7ECrL_01_KOC-C,https://i.pinimg.com/originals/b1/45/55/b1455562ce308dc6c744d55e4a883823.png,941,1672,0,2026-09-28
2026-10-05,conjunto fitness feminino,6825836930811276,65,704,0,Todos os posts • Instagram,instagram.com,https://www.instagram.com/p/DYqAPBAmYn2/?img_index=1,https://i.pinimg.com/originals/ae/f7/7d/aef77d84b04d09e3021f3877f12b5a0a.jpg,640,853,0,2026-09-02
2026-10-05,conjunto fitness feminino,1138073768369840974,66,1,0,Stylish Sage Green Activewear Set,,,https://i.pinimg.com/originals/0e/99/e7/0e99e7588841c46f7ebb4e7b549f294d.jpg,1024,1536,0,2026-09-18
2026-10-05,conjunto fitness feminino,568649890477371729,67,8,0,Conjunto fitnes,s.shopee.com.br,https://s.shopee.com.br/2LYIS54s26?channel_type=pinterest,https://i.pinimg.com/originals/e6/76/00/e67600d5c7738fbc354591321a0768b9.jpg,768,1365,0,2026-09-30
2026-10-05,conjunto fitness feminino,1109574426980516231,68,1,0,Moda Fitness Shein,onelink.shein.com,https://onelink.shein.com/53/62g2rnanrb7p?ismg_ol=FhfCPb4UqPg_01_KOC-C,https://i.pinimg.com/originals/ff/45/22/ff4522e4c963b20abf4036fb8ea36316.jpg,1083,1920,0,2026-09-18
2026-10-05,conjunto fitness feminino,296745062971279017,69,113,0,Elevação lateral,,,https://i.pinimg.com/originals/8e/b0/f2/8eb0f23ee01825f98fa812ccdffdd8bf.jpg,1024,1536,0,2026-09-19
2026-10-05,conjunto fitness feminino,765189792986129358,70,1,0,Conjunto Fitness Feminino Marrom: Look Completo para Academia,meli.la,https://meli.la/1sWH3CM,https://i.pinimg.com/originals/f1/46/83/f14683a79829c6af0066800ee06a5c6d.png,1024,1536,0,2026-09-11
2026-10-05,conjunto fitness feminino,903112531590469165,71,1,0,Conjunto Gringo Fitness Feminino Calça e Top Cintura Alta,,,https://i.pinimg.com/originals/7d/0b/cd/7d0bcd312701ac4b87901c323535cd79.jpg,768,1365,0,2026-09-16
2026-10-05,vestido midi,967992513681961930,1,8,0,Vestido branco floral,onelink.shein.com,https://onelink.shein.com/53/62ihnoxl4s5d?ismg_ol=EWCE95vguVI_01_KOC-C,https://i.pinimg.com/originals/3e/5e/ae/3e5eae13561fd9ccd0b3b378ffaf0bb8.jpg,1080,1920,0,2026-09-19
2026-10-05,vestido midi,AYJIQ44Vxg9xtIq4bypk4AQvWbkxR5suGt8VP5ZoLbPhB-1J5h5bCXftgoRnMJYSR0E750fbB7JYB3YRlCXHT6M,2,0,0,Playfully Posh Blue,lulus.com,https://www.lulus.com/app/products/playfully-posh-blue-floral-organza-tie-strap-tiered-midi-dress/2579156.html,https://i.pinimg.com/originals/a3/21/41/a32141ddc5d28a1364b6051124d649e5.jpg,2240,3360,1,2025-11-15
2026-10-05,vestido midi,AUTaAPQd2o4X9RabryXFH5Ytj0vePct9pHXq1gYitsB8GvWxmi9cjEapgqhyOkdix8bEeHlxsxlL88NuLWT3k1I,3,1,0,DB Studio Chiffon Flutter,davidsbridal.com,https://www.davidsbridal.com/product/chiffon-flutter-sleeve-midi-length-dress-sdwg1047?Color=Soft+White&Size=8,https://i.pinimg.com/originals/9d/0d/53/9d0d5383977c225c74ce52948f93c6e7.jpg,1920,2880,0,2026-07-02
2026-10-05,vestido midi,946670784195682732,4,7,0,Vestido Midi Marrom de Poá com Fenda para um Look Feminino Elegante,temu.to,https://temu.to/k/gqxrus9b6x0,https://i.pinimg.com/originals/8e/ee/e8/8eeee8413d2326eb22d25ebb13bb8aa7.png,1024,1536,0,2026-09-12
2026-10-05,vestido midi,AVZjobjy7Np2fVwupQCW8bF08si4rLCQNNSJkC9Pq4jUJf7mi5gIFCtUihFfGcRDS5FH1urephOkYxMnC9Q0H9w,5,41,0,Gold Satin Puff-Sleeve,elagia.com,https://elagia.com/products/gold-satin-puff-sleeve-midi-dress?variant=42128380821722,https://i.pinimg.com/originals/1e/5f/54/1e5f54f42e99f5845eaec592a2b830a3.jpg,1212,1920,0,2024-12-02
2026-10-05,vestido midi,856106210463016188,6,1,0,Yellow halter neck midi dress,myntr.it,https://myntr.it/sAa249S,https://i.pinimg.com/originals/d2/47/14/d2471410670b14e62331daf03045ef5d.jpg,1200,2133,0,2026-09-19
2026-10-05,vestido midi,AW10uvMGBLncQUQZi3avOzdzgKLLEKX8gNYAvm56bFGydkG57_4rabaE5FHHiiNJm52nAHsTgLM788xrFlFL2UM,7,1,0,Sherrie Midi Dress -,noirlyn.com,https://noirlyn.com/products/sherrie-midi-dress-blush-gingham?variant=48922111049978,https://i.pinimg.com/originals/53/7f/e3/537fe3771df6a808cef4d0cc82e78455.jpg,1000,1533,0,2026-05-25
2026-10-05,vestido midi,AY6EReKx5-yiIVBSj0PLGwscrlpz3IkK2q75y3LPqq0xtnxVN99ydWm72M591OAnvq6pGZVuJTmlX-3D81T_4X0,8,0,0,Wedding Guest Dress -,azazie.com,https://www.azazie.com/products/keturah-olive-midi-dress-atelier-dress/125703723?supportstocksales=1&utm_content=AZcUSleng1079498c323032&utm_source=prmpin&utm_medium=cpc,https://i.pinimg.com/originals/c7/ed/fa/c7edfae0a4cbc72ad74fb345ecf160d7.jpg,1000,1500,0,2026-09-23
2026-10-05,vestido midi,1080371398164240071,9,3,0,Vestido Feminino Midi Tule,br.shp.ee,https://br.shp.ee/y57vnymn?fromSource=copy_link&smtt=0.0.9&channel_type=pinterest,https://i.pinimg.com/originals/c5/c5/69/c5c569ef950f80475214bdb989ff4f3c.png,942,1670,0,2026-09-20
2026-10-05,vestido midi,Ae6k_5JtmBhv3I92eHnUWYBw4KgK675qVnawLHHxq_SBcZ6-FZIdJDkAw0lslVKo-ZoCuXHbiNiTLd9RrzEJ0Z4,10,1,0,Laury Midi Dress - Green,mollyinlover.com,https://mollyinlover.com/products/laury-midi-dress-green-floral?variant=48313281937626,https://i.pinimg.com/originals/69/77/1e/69771e91b954b20f2f40ec487c2b9a30.jpg,3046,5416,0,2026-08-11
2026-10-05,vestido midi,282812051596626058,11,5,0,Vestido Midi Feminino Suede | Vestido Casual Elegante e Soltinho,s.shopee.com.br,https://s.shopee.com.br/50ZDe1SIFh?channel_type=pinterest,https://i.pinimg.com/originals/59/8f/9b/598f9b856ab1d938b8d5e96eda850edf.png,941,1672,0,2026-09-30
2026-10-05,vestido midi,ATEgHNmnaHr9P6dAaJHhinGBAYy5tUEUeMx-wRLPXuaxf2X7yzDiJXVdP3aQ5NFe-xjShfy5BopIpOISv6phAv4,12,0,0,Seraphina Sweetheart Midi,kylieslabel.com,https://kylieslabel.com/products/womens-wedding-guest-floral-sweetheart-midi-dress?utm_source=pinterest&utm_medium=cpc&utm_campaign=catalog&variant=53610645586193,https://i.pinimg.com/originals/4b/79/b7/4b79b7e24539ad2bb0906455b5f2e5b7.jpg,2000,3000,0,2026-06-29
2026-10-05,vestido midi,AQqMG8N1gmNjB9skqTXLw5ADIVlFQIyWpkmzbvJ5_8diW7vi2ixn7r90tFhllyHIFMjZQGWObz4EL0-GPQM06W4,13,8,0,20TH ANNIVERSARY SALE! –,barbaradever.com,https://barbaradever.com/products/olivia-gathered-waist-abstract-print-midi-dress-iw?variant=57198891270519&utm_source=multifeeds&utm_medium=organic&utm_campaign=All%20products&utm_content=Olivia%20%7C%20Gathered%20Waist%20Abstract%20Print%20Midi%20Dress,https://i.pinimg.com/originals/43/dd/22/43dd2266665e16a086ffb2491dcd1674.png,810,1080,0,2026-06-19
2026-10-05,vestido midi,AXrKpqgxn3VAF3vHYTLHDnAZxjb_pwNx6iqsFw8xnP1ka-v847tsTc1MPZEWz6L5ByC7LGALxMVozutNHWG9O7A,14,3,0,Ivy Capelet Mesh Midi,nordstrom.com,https://www.nordstrom.com/s/ivy-capelet-mesh-midi-dress/9306375?origin=category-personalizedsort&breadcrumb=Home/Brands/RACHEL+Rachel+Roy&color=44444H6TNB,https://i.pinimg.com/originals/4c/20/60/4c206082c83e1111159714e3f1f4de9d.jpg,1696,2544,0,2026-08-26
2026-10-05,vestido midi,872009546623587829,15,5,0,Vestido Midi Elegante Shein,onelink.shein.com,https://onelink.shein.com/53/62ih4agnbgp3?ismg_ol=F3ToLRg335u_01_KOC-C,https://i.pinimg.com/originals/f0/e7/0e/f0e70e9fe7389df1b0ac9ea6769953ef.png,941,1672,0,2026-09-30
2026-10-05,vestido midi,AVPa04tv_ANrKaCPaWyMshuJP95gMFZHnJVSQD4Bkthfh1c-rlt3BA-Vxs0k2X0qgeAkLaY53mcMJ4vSN6HPPNs,16,7,0,Dorris Women's Burgundy,dorriswedding.com,https://www.dorriswedding.com/burgundy-off-shoulder-ruched-bodycon-midi-dinner-dress-p344407.html?f=pin_feed,https://i.pinimg.com/originals/09/15/35/09153536fc25d3d16d62cecdbf46137c.webp,450,720,0,2026-07-10
2026-10-05,vestido midi,143059725661686217,17,20,0,Vestido Midi Listrado Azul e Branco | Look Feminino e Delicado,s.shopee.com.br,https://s.shopee.com.br/8plgRtCG9u?channel_type=pinterest,https://i.pinimg.com/originals/3d/d6/bc/3dd6bc48e4d39aba8ebad582d34206d1.png,1024,1536,0,2026-09-28
2026-10-05,vestido midi,576671927344053884,18,15,0,Vestido Floral Creme: Look Romântico e Feminino para o Verão,,,https://i.pinimg.com/originals/eb/05/f3/eb05f3a6be9893439693871ff58fb38d.jpg,942,1672,0,2026-09-25
2026-10-05,vestido midi,ASjvLXtQn_wUY4o-lhhfTPB-iAUGz1bGVwXnk9IjprQNeXkke0Db8zveMStWIrLtUST1RSPZfJttt2PnrC_EPrc,19,0,0,Ophira™ - Classy Corset,fashionnicole.com,https://www.fashionnicole.com/products/ophira-classy-corset-dress?variant=52182792012109&utm_source=multifeeds&utm_medium=organic&utm_campaign=ALL%20PRODUCTS%20US%20P%2B%20(NEW%20METHOD)&utm_content=Ophira%E2%84%A2%20-%20Classy%20Corset%20Midi%20Dress,https://i.pinimg.com/originals/f6/f0/25/f6f02520afd923a1dde5e8ac3ed307f1.jpg,1000,1500,0,2026-05-25
2026-10-05,vestido midi,1090363759815986015,20,5,0,Vestido Branco Midi Romântico com Corset,onelink.shein.com,https://onelink.shein.com/53/62f6jb7c4ynj?ismg_ol=ItUAzJQ3l3H_01_KOC-C,https://i.pinimg.com/originals/c5/a3/62/c5a36296aff4e0be7a4b9d36d0b80e3b.jpg,937,1666,0,2026-09-18
2026-10-05,vestido midi,1083115779165397415,21,1,0,vestido midi,,,https://i.pinimg.com/originals/cf/f3/57/cff357874b16da49c8c3528c6b413987.png,941,1670,0,2026-09-21
2026-10-05,vestido midi,AfuzOAxx2Bst0hHWy-hloUnECmZ_rivN8v0MMmd47ofWbZWU5kEW5BLQmuBYwKODXbPWic5bVGx5ujqr7r24M50,22,0,0,Nafori Yellow,nafori.com,https://www.nafori.com/products/a-line-princess-cocktail-dress-spaghetti-straps-sleeveless-tea-length-dress-with-tulle-petticoat?ref=pinterest,https://i.pinimg.com/originals/f4/38/2b/f4382b4c46e62d3ff833e32fed4d80db.jpg,1066,1600,0,2026-01-16
2026-10-05,vestido midi,1098245059166197620,23,3,0,Vestido Midi Feminino Branco Floral Elegante de Verão para Férias e Convidada de Casamento,onelink.shein.com,https://onelink.shein.com/53/62mi27n2l68g?ismg_ol=HymueQ8NMHi_01_KOC-C,https://i.pinimg.com/originals/31/5a/d2/315ad27dbc42eebe531283c60617eb2f.png,941,1671,0,2026-09-20
2026-10-05,vestido midi,AaB5IbncXZDBkxOM6XMbWIvLqcys746eExiLAid2pE3Y9w9798Xg5s-NP32CuUlhHqi9UxPMRIkknXR_LFBvdIk,24,1,0,Ted Baker London Dresses,poshmark.com,https://poshmark.com/listing/Ted-Baker-London-Ledaah-Pink-Floral-Puff-Sleeve-Midi-Dress-Womens-12-New-NWT-6a0429b5dc3b46b1b6285113?utm_source=pin_unpaid,https://i.pinimg.com/originals/87/d0/2c/87d02c65aef25c785d4eac6561dc8f08.jpg,1026,1368,0,2026-05-14
2026-10-05,vestido midi,ARSiEwUjfC5Tw7Of8wmf3v_bdthK8ldhDyZDjIBIxASe1q_v15_nezlg6T6Q56o6cOd2rcWgSGhm-A9ZwZPL40E,25,0,0,GORGLITTER Women's Floral,amazon.com,https://www.amazon.com/GORGLITTER-Shoulder-Sleeveless-Smocked-X-Large/dp/B0FHKJ1FK1?ref_=pinterest_fplfs,https://i.pinimg.com/originals/c6/14/29/c614298c28cd87744646add169ed367c.jpg,1065,1598,0,2026-05-18
2026-10-05,vestido midi,Ab1wWH-wzA4BG4THMnvg11JIW7_mAGb0F3Hyu3Uadj5rIlJE8Jo6wUMfdxyCH9RM6EyS7NTisloAJoC7Rz1xAI0,26,0,0,Eleq | Short Sleeve,stylizedfashion.com,https://www.stylizedfashion.com/products/eleq-short-sleeve-collared-wrap-waist-midi-dress?variant=58045830693189&utm_source=multifeeds&utm_medium=organic&utm_campaign=ALL%20PRODUCTS%20US%20P%2B%20(NEW%20METHOD)&utm_content=Eleq%20%7C%20Short%20Sleeve%20Collared%20Wrap%20Waist%20Midi%20Dress,https://i.pinimg.com/originals/67/e3/95/67e39585e4695b385a3dfd81112f67a9.jpg,720,1080,0,2026-05-25
2026-10-05,vestido midi,1098667271652742180,27,3,0,Vestido Midi Elegante Shein,onelink.shein.com,https://onelink.shein.com/52/620e10u28t9m?ismg_ol=HQv5a2QFbGz_01_KOC-C,https://i.pinimg.com/originals/1f/f7/f0/1ff7f08c2f016bdf8f474380a1e9e98e.png,941,1672,0,2026-09-14
2026-10-05,vestido midi,1548181186978727,28,1105,0,,,,https://i.pinimg.com/originals/58/8e/2e/588e2e7df7075678f678b432ffbb1aa3.jpg,1080,1920,0,2026-08-18
2026-10-05,vestido midi,48132289765414818,29,320,0,,,,https://i.pinimg.com/originals/07/78/db/0778dbf0ad73e43c4e7ac14c8a4db1db.jpg,737,1313,0,2026-08-23
2026-10-05,vestido midi,86623992829013584,30,166,0,Vestido SHEIN 💛,onelink.shein.com,https://onelink.shein.com/51/61ftykh6gz6y?ismg_ol=CAUGhuiLw5z_01_KOC-C,https://i.pinimg.com/originals/c3/da/43/c3da43ffb17ded5169493620dbd7f5ac.jpg,1080,1920,0,2026-09-30
2026-10-05,vestido midi,18225573489175013,31,125,0,Chic One-Shoulder Midi Dress | Summer Vacation Style,,,https://i.pinimg.com/originals/46/b4/4c/46b44cd0a855e2f05907d1359d371ce5.png,941,1672,0,2026-09-07
2026-10-05,vestido midi,548031848429495523,32,4,0,Vestido Midi Estampa Floral Rosa em Cetim com Corpete Corset,onelink.shein.com,https://onelink.shein.com/52/61rnnpf52pt7?ismg_ol=0rPBEkKi4VO_01_KOC-C,https://i.pinimg.com/originals/8a/33/ab/8a33abd55b6f39c2e8dd80c586463f3d.jpg,1536,2752,0,2026-09-28
2026-10-05,vestido midi,ASAtY7gBZjCCPvpVDxqjXQcDFG2PyacMsB1v_m09T01vs1sSmV7vi36w3YioIp5ijRcveBArVTduVCqtXNUQmd0,33,0,0,Yeshire Sexy Party Dress,amazon.com,https://www.amazon.com/Yeshire-Shoulder-Bodycon-Dresses-X-Large/dp/B0GHPLWGVP?ref_=pinterest_fplfs,https://i.pinimg.com/originals/fc/51/4a/fc514a26349bfd06fc4bd6b23d77ed76.jpg,699,1500,0,2026-09-04
2026-10-05,vestido midi,1098667271652835884,34,6,0,Vestido Elegante Shein,onelink.shein.com,https://onelink.shein.com/52/624wibwj7ja0?ismg_ol=1SJPESFlHQK_01_KOC-C,https://i.pinimg.com/originals/8a/8b/a3/8a8ba31af38135bd8dc3993ec9423be8.jpg,940,1671,0,2026-09-15
2026-10-05,vestido midi,301811612551361757,35,36,0,SHEIN Raffinéa Vestido Midi Elegante Feminino,onelink.shein.com,https://onelink.shein.com/50/60s6wgm3b9nu?ismg_ol=2EwIZuAxESr_01_KOC-C,https://i.pinimg.com/originals/14/00/9d/14009de5a62e176d6fba9c40b155d13d.png,941,1672,0,2026-09-14
2026-10-05,vestido midi,AR63ns1gGfQ3uSye_hlAeTGPMGQ0rs2DcA_wwCsH3STAtja7uJ6rXTJ3st2gmQJliFHIQIjJC-nEavzhZE7EIH0,36,2129,0,Elegant Soft Satin Side Slit One Shoulder Unique Mermaid Bridesmaid Dresses Online - Burnt-Orange,chicsew.com,https://chicsew.com/collections/burnt-orange-bridesmaid-dresses/products/floor-length-soft-satin-side-slit-one-shoulder-mermaid-bridesmaid-dresses?variant=43342671118553,https://i.pinimg.com/originals/5d/04/ab/5d04ab24dd2e01eb3e70064e165f0cca.jpg,768,1024,0,2026-07-03
2026-10-05,vestido midi,715790934573535375,37,6,0,Vestido Midi Estampado Floral Shein,onelink.shein.com,https://onelink.shein.com/52/61ssvwg376lo?ismg_ol=AbYkk69T4K8_01_KOC-C,https://i.pinimg.com/originals/0c/2d/22/0c2d22a9657abed888321932cd470304.jpg,940,1671,0,2026-09-26
2026-10-05,vestido midi,914862422503825,38,412,0,Vintage-Inspired Floral Midi,,,https://i.pinimg.com/originals/a6/ea/59/a6ea59b257dd01c4db8cad34c783115f.jpg,920,1636,0,2026-08-31
2026-10-05,vestido midi,74239093854531878,39,28,0,"Vestido Midi Branco de Poá | Feminino, Clássico e Elegante",onelink.shein.com,https://onelink.shein.com/52/61txgytzulnn?ismg_ol=9Hf4xuhwyfg_01_KOC-C,https://i.pinimg.com/originals/f3/22/89/f32289b1bd19041b741da34484011acc.png,1024,1536,0,2026-09-28
2026-10-05,vestido midi,AfJxadpQ4aSgV3nE-nZD58fzYvquw5gmaIDGphMv9GgufSdLrUp_GbZl4Vl120u7lbwKoTbRzd_ea6-9rTlk3bA,40,0,0,Sherrie Gingham Midi,kaylascollectives.com,https://kaylascollectives.com/products/sherrie-gingham-midi-dress-butter-yellow?variant=56708477157702&utm_medium=cpc&utm_source=pinterest&utm_campaign=Pinterest%20Shopping&country=US,https://i.pinimg.com/originals/3c/c6/d9/3cc6d9658c58ccb329469855c8e53c39.jpg,768,1152,0,2026-06-05
2026-10-05,vestido midi,2040762329743829,41,91,0,Vestido midi azul marinho,onelink.shein.com,https://onelink.shein.com/48/5z6xxc3wg37d,https://i.pinimg.com/originals/c0/82/37/c082370f3f41e069c8a59747e8800536.jpg,1080,1920,0,2026-09-05
2026-10-05,vestido midi,AXljUNQPVLAYWy9RWwUcM8o-aPvvPLmZagFpDWCNXa2JO4wslTyUKYb0Fb1akSvK0Km8XWJwNBuFy3EpaImm7dk,42,0,0,Off-Shoulder Asymmetric,mooyius.com,https://mooyius.com/products/off-shoulder-asymmetric-ruffle-hem-midi-dress?variant=53351323763002,https://i.pinimg.com/originals/10/f7/19/10f71918f1e00139f2991faa2aca703b.jpg,800,1200,0,2026-04-23
2026-10-05,vestido midi,144889313007550807,43,205,0,Pale Yellow Ruffle Sleeve Midi Dress | Square Neck Corset Fit-and-Flare Dress,,,https://i.pinimg.com/originals/c4/01/77/c4017708f83ce2dd8798e4cedc4c8495.png,941,1672,0,2026-09-07
2026-10-05,vestido midi,856106210463038388,44,4,0,vestido midi de alça,onelink.shein.com,https://onelink.shein.com/46/5y17ih9ur47h?ismg_ol=9159142f27675b2548c9e01b0e30dcb723121c484b3fae92127841bd4e55d099_01_KOC-C,https://i.pinimg.com/originals/a1/15/6d/a1156d5f74d1b4c21d2be4df20bcee5e.png,941,1672,0,2026-09-21
2026-10-05,vestido midi,137359857381890774,45,15,0,Vestido Midi Elegante Feminino Shein,onelink.shein.com,https://onelink.shein.com/51/61bx6bs4u053?ismg_ol=CkkROoFSluJ_01_KOC-C,https://i.pinimg.com/originals/3a/50/9e/3a509e3b7cb77e34c801f629d19c42ca.png,941,1672,0,2026-09-29
2026-10-05,vestido midi,65513369576776754,46,229,0,Vestido Midi Marrom,onelink.shein.com,https://onelink.shein.com/50/60basox6hogq?ismg_ol=FAETGLL7ouz_01_KOC-C,https://i.pinimg.com/originals/37/36/da/3736daa3d677bd5688fbff43740b3cb0.png,941,1672,0,2026-09-14
2026-10-05,vestido midi,AYvMTyFdHer4ldFbRy5CFmJEU8aNSN6a4-z6M3ICf4UUJgJBsQihsQu79ozZCHZnWFvN8isiOGqvCBPPTonQhT0,47,1,0,Temu | Vestido elegante,temu.com,https://www.temu.com/ul/kuiper/un3.html?subj=dpa-un&_bg_fs=1&_p_jump_id=1082&_x_vst_scene=adg&goods_id=606243691313501&adg_ctx=a-652dad2d~c-070c55d7&_p_rfs=1&_x_ads_channel=pinterest&_x_ads_creative_id=%7Bproduct_partition_id%7D&_x_ads_id=%7Badgroupid%7D&_x_ads_set=%7Bcampaignid%7D&_x_ads_sub_channel=shopping&_x_ns_catalog_id=1580405374697&_x_ns_creative=%7Badid%7D&_x_ns_gid=606243691313501&_x_ns_,https://i.pinimg.com/originals/ca/b7/45/cab745748476fd1514b3fee73e091100.jpg,2000,3000,0,2026-08-08
2026-10-05,vestido midi,40884309114983918,48,212,0,Vestido Shein 💛,onelink.shein.com,https://onelink.shein.com/49/5zx9bsgs9bv5?ismg_ol=GTpcq2NLdH2_01_KOC-C,https://i.pinimg.com/originals/d3/b7/4e/d3b74e95df801fdec7348362f058dd28.png,942,1669,0,2026-09-11
2026-10-05,vestido midi,5981412002760919,49,147,0,vestido midi elegante,onelink.shein.com,https://onelink.shein.com/44/5wqp75y4cuaq,https://i.pinimg.com/originals/27/54/f8/2754f82422e83f96f5a3edcddee25c3d.png,941,1672,0,2026-08-21
2026-10-05,vestido midi,AVSrmfh3NJeJX7eCUDanrSjYOr1zo0-_H5F83OkbjVbZgG0YzYzrusjX4dlGQH0XrnVefqTAbNUtKSezvBG-sSc,51,1,0,Sell from your closet,depop.com,https://www.depop.com/campaign/sell/,https://i.pinimg.com/originals/34/a9/8a/34a98a2d2dd2753187568395081678e2.jpg,720,1280,1,2026-08-26
2026-10-05,vestido midi,AU_hwAUdLAVdrzHwHd0hmTUOZeTcNIVgADNOGfQaYdfOacfKKd3TpZsJCPpVE7ui9U2ScN2IR_-c2pzkD94jJ6M,52,1,0,Sage Green Floral,zapaka.com,https://zapaka.com/products/green-sweetheart-sheer-corset-a-line-floral-homecoming-dress-with-appliques?variant=53146620723563,https://i.pinimg.com/originals/08/de/78/08de781a40afafa59041b5ae111bf642.webp,1000,1500,0,2026-07-27
2026-10-05,vestido midi,AUSb688kpwoaMxD8ycGtWPs9qkqXX7oiiHtwE_iTjXctT44MSRy8cNT5--sHxTl2cmgpmIWeivWPmo_PhEy-xf0,53,0,0,Elegant Casual Commuter,us.shein.com,https://us.shein.com/ark/default?scene=1&test=5051&ad_type=DPA&goods_id=326967673&pf=PINTEREST&url_from=PINADSDPA&ismg=5809cc74c4fa26295c16405204807afc5fdea4bf40a054c725de47540b6e969d_01_1791128118,https://i.pinimg.com/originals/d6/4d/43/d64d4308fcec6e1fd7359dd4690b3e7f.jpg,1065,1598,0,2026-06-08
2026-10-05,vestido midi,676595544067762726,54,2,0,Vestido Longo Floral Retrô: Inspiração de Look Boho Chic para Primavera/Verão,s.shopee.com.br,https://s.shopee.com.br/904xTxNLe0?channel_type=pinterest,https://i.pinimg.com/originals/3a/5c/7c/3a5c7c6f9cb721d4e7c861d2086f3db4.jpg,1184,2096,0,2026-09-21
2026-10-05,vestido midi,AeP7KJUUPRV1qKwOhVC7FkwwJ0GOxTQBfZy9uyCSvilni35pz-wy3TyCDy1b-QWPcdkmsazviIYI9Hhdz1OKqWo,55,655,0,A Gown Designed to,essensedesigns.com,https://www.essensedesigns.com/martina-liana/wedding-dresses/ml2040/?utm_source=pinterest.com&utm_medium=cpc&utm_campaign=martina%20liana_us_bau&utm_term=martinaliana_july26&utm_content=details_v2,https://i.pinimg.com/originals/e3/0a/73/e30a73eaf1a44383a79e879750335aa0.jpg,4672,6229,0,2026-08-04
2026-10-05,vestido midi,40884309114998604,56,139,0,SHEIN ✨️,onelink.shein.com,https://onelink.shein.com/50/60bduh033l0v?ismg_ol=9ED2TS7clvx_01_KOC-C,https://i.pinimg.com/originals/20/16/db/2016db5f875a5a50528ef45a1f590998.jpg,940,1671,0,2026-09-16
2026-10-05,vestido midi,1133851643716793890,57,2,0,Vestido midi longo listrado em azul e branco com gola alta: Look casual chic e delicado,onelink.shein.com,https://onelink.shein.com/49/601618j8xs1p?ismg_ol=Cl91SRsiTIp_01_KOC-C,https://i.pinimg.com/originals/36/39/8d/36398dd0733857ad0de4cc1407136f72.jpg,1200,2133,0,2026-09-15
2026-10-05,vestido midi,603623156356973977,58,3,0,￼Vestido de Festa Godê Rodado Midi Ombro a Ombro Luxo Casamento Madrinha Moda Evangélica Elegante,,,https://i.pinimg.com/originals/0b/38/a1/0b38a1832d9341c9da227b182df644a2.jpg,1080,1920,0,2026-09-29
2026-10-05,vestido midi,35536284557011328,59,72,0,Vestido Midi Delicado,onelink.shein.com,https://onelink.shein.com/48/5zkotjjlgevy?ismg_ol=2ZQCVGQUeAz_01_KOC-C,https://i.pinimg.com/originals/10/94/bb/1094bb32779c16c1ec02b1019592f296.png,941,1672,0,2026-09-05
2026-10-05,vestido midi,715790934573603948,60,13,0,Vestido Midi Elegante Shein,onelink.shein.com,https://onelink.shein.com/52/61u2jn40a6n8?ismg_ol=F7tqsGnYme3_01_KOC-C,https://i.pinimg.com/originals/40/60/e2/4060e2f47cab35d63c11dbad73ef0683.png,941,1672,0,2026-09-30
2026-10-05,vestido midi,554927985360731048,61,37,0,🌷 Vestido Midi Floral Rosa,onelink.shein.com,https://onelink.shein.com/50/60e3zbta9ekr?ismg_ol=CsFm3sBNseq_01_KOC-C,https://i.pinimg.com/originals/8f/8a/62/8f8a626cf7a5dfb2b36b526ac6f2e744.jpg,768,1365,0,2026-09-08
2026-10-05,vestido midi,641270434489423677,62,8,0,look modesto Cristão 🤎,onelink.shein.com,https://onelink.shein.com/53/62unt7ne9ikr?ismg_ol=2r0s1LAAUUG_01_KOC-C,https://i.pinimg.com/originals/2d/dd/f4/2dddf4364a3700369e34144f5778222e.png,941,1672,0,2026-09-30
2026-10-05,vestido midi,9429480467883514,63,1806,0,vestido lindo amarelo,,,https://i.pinimg.com/originals/b1/4b/40/b14b40b09c3b13a96ebd679e2041560d.png,941,1672,0,2026-08-28
2026-10-05,vestido midi,369717450683864684,64,6,0,Vestido midi estampado estilo corset com decive e alças finas: Look romântico e delicado,onelink.shein.com,https://onelink.shein.com/47/5ymnd7m1gzgb,https://i.pinimg.com/originals/1c/1b/e2/1c1be227e59b89f1dc85b59f68dce130.jpg,1200,2133,0,2026-09-17
2026-10-05,vestido midi,926474954617066136,65,3,0,Vestido midi shein,onelink.shein.com,https://onelink.shein.com/52/61tafcb5w1ds?ismg_ol=61lp9xysiu6_01_KOC-C,https://i.pinimg.com/originals/c2/84/4c/c2844c83aa3aaf6f822cb630079b25bc.jpg,768,1365,0,2026-09-12
2026-10-05,vestido midi,587508713940513493,66,9,0,Vestido Midi Estampado Floral Shein,onelink.shein.com,https://onelink.shein.com/52/61t8u8cyi5vu?ismg_ol=Lh9VDaWz6dh_01_KOC-C,https://i.pinimg.com/originals/3e/da/f4/3edaf499a7d431961bf63b6b0c211790.png,941,1672,0,2026-09-24
2026-10-05,vestido midi,ATL8JQHf1cmKoTbOJndf6uM2tF7bbspIsCDNHkNc4_SJnBiSrGkfoON83x7hdGU8svlYW9VMYDIiZPubpQWteEg,67,3222,0,Mini Dress Outfit — Green,officialcelestia.com,https://officialcelestia.com/products/anne-strapless-mesh-mini-dress,https://i.pinimg.com/originals/88/a7/97/88a797f1ec56ab3720325fcacd400c54.jpg,1080,1920,1,2026-01-09
2026-10-05,vestido midi,57420963997477295,68,559,0,Evelina Midi Dress,,,https://i.pinimg.com/originals/6a/b9/10/6ab910a46847ae262566aa8384a216a8.jpg,720,1080,0,2025-08-19
2026-10-05,vestido midi,70437491750754,69,61,0,Vestido Longo Elegante Shein,onelink.shein.com,https://onelink.shein.com/52/6245yhdiwptf?ismg_ol=8ABM5Re9ZVg_01_KOC-C,https://i.pinimg.com/originals/32/c7/f0/32c7f0b139ff91de0cad5569c8f88744.jpg,940,1671,0,2026-09-30
2026-10-05,vestido midi,958774208193677110,70,1,0,Elegância em Tons Neutros: O Vestido Midi Perfeito para Ocasiões Especiais ✨,vt.tiktok.com,https://vt.tiktok.com/ZS9AM8RGb2KQf-Xiwck/,https://i.pinimg.com/originals/2d/54/3e/2d543e0938c3dcbbe27fc52c4f91b77c.jpg,1080,1920,0,2026-09-20
2026-10-05,vestido midi,107664247339323451,71,299,0,Vestido midi chocolate 🤎,onelink.shein.com,https://onelink.shein.com/49/608g9rqu5ob7?ismg_ol=98lEOit9VOa_01_KOC-C,https://i.pinimg.com/originals/9f/1e/e5/9f1ee56aa6af7b7c769730571a0d9161.jpg,1080,1920,0,2026-09-10
2026-10-05,vestido midi,1548181187056526,72,73,0,Vestido Midi Assimétrico,onelink.shein.com,https://onelink.shein.com/50/60iviunplb1v?ismg_ol=Di2euWTiDaH_01_KOC-C,https://i.pinimg.com/originals/68/5a/a3/685aa30b92a013a5e41260a9e06606fe.png,941,1672,0,2026-09-21
2026-10-05,vestido midi,35536284557017469,73,252,0,vestido azul midi listrado,onelink.shein.com,https://onelink.shein.com/49/5zwv6oipniwq?ismg_ol=5JngVqBkIVB_01_KOC-C,https://i.pinimg.com/originals/1e/4d/04/1e4d04c27b6dd3199da30b9df6df6bb4.png,941,1670,0,2026-09-07
2026-10-05,vestido midi,1548181187056529,74,31,0,Vestido Midi com botões,onelink.shein.com,https://onelink.shein.com/50/60ly5udr0srk?ismg_ol=BoPBcTwVSd5_01_KOC-C,https://i.pinimg.com/originals/35/2c/5e/352c5e7ed7e4a81c945fa93b3c5977a7.png,941,1672,0,2026-09-21
2026-10-05,vestido midi,1070379036461152365,75,15,0,"Vestido Midi Feminino de Malha Listrado Marrom com Alças Finas, Decote U Grande com Decoração de Anel Metálico, Ajuste Slim, Vestido Longo, Estilo Elegante de Verão",onelink.shein.com,https://onelink.shein.com/51/61jht36s05jz?ismg_ol=4il0XSVKMCz_01_KOC-C,https://i.pinimg.com/originals/61/ca/9f/61ca9ff58726603a492aa5008aa22041.jpg,1340,1785,0,2026-09-10
2026-10-05,saia longa fluida,AeV5cabYInu0mnj8iDXAF0lfl2Psg0YL0oIxrmzrUBqCJVzNL2onMRWhUfU3b5wuthsRamr1t5nYwHttjjBQItE,2,43,0,From Work to Happy Hour:,vestiairecollective.com,http://vestiairecollective.com/,https://i.pinimg.com/originals/a5/99/16/a59916ac1e58ce1be58beace1cc64ee3.png,1000,1500,0,2026-08-10
2026-10-05,saia longa fluida,Adw49Ykvn7eTufSRLGn84iMyANNcQyFZi_wO2ddp3MHD1Dpebh1LYHtGm2SKJ5_-SgbJP59O9yPYoGSl2_oSddc,3,0,0,Quince | Women's Maxi,quince.com,https://www.quince.com/women/100-washable-silk-maxi-skirt?color=forest-green&size=xs&utm_source=pinterest&utm_medium=paid_social&utm_campaign=%7Bcampaign_name%7D&utm_adgroup=%20%7Badgroup_name%7D&utm_campaignid=%7Bcampaignid%7D&utm_adgroupid=%7Badgroupid%7D&utm_adid=%7Badid%7D&utm_creative=%20%7Bcreative_id%7D&utm_content=%7Badid%7D&utm_term=%7Badgroupid%7D&productid=%7Bproduct_id%7D,https://i.pinimg.com/originals/9c/96/57/9c96571bfbad6753745f7e728f981980.jpg,1000,1500,0,2026-01-17
2026-10-05,saia longa fluida,213498838583890931,4,451,0,,,,https://i.pinimg.com/originals/c8/54/ec/c854ec568c74461a5d2b465d96163350.jpg,735,1105,0,2026-08-23
2026-10-05,saia longa fluida,AcvUchBpN3sylSJoAcn6O3jssse0TVBu2ujFjkVpgiCoHmaJqUlO7kOGZjEUUfADIPehqPdZq8jVwAimkbgGRLM,5,0,0,SCARLET DARKNESS Long,amazon.com,https://www.amazon.com/Scarlet-Darkness-Ruffled-Victorian-Chiffon/dp/B0FCXSJM77?ref_=pinterest_fplfs,https://i.pinimg.com/originals/f3/12/ce/f312ce9c90b2604768547a12ef8a6996.jpg,1248,1824,0,2026-05-22
2026-10-05,saia longa fluida,584131014216769959,6,14,0,,cdn.sewmamasew.com,https://cdn.sewmamasew.com/wp-content/uploads/2026/05/Bodysuit-with-Maxi-Skirt-Outfit.jpg?width=500&quality=75,https://i.pinimg.com/originals/63/8b/46/638b462841393ab23520b148361b4d01.jpg,500,888,0,2026-09-24
2026-10-05,saia longa fluida,408349891242431016,7,1,0,,,,https://i.pinimg.com/originals/c1/91/03/c1910380074bf5c68e42dd0e04c6108a.jpg,1439,2161,0,2026-09-17
2026-10-05,saia longa fluida,AZid7pWPkpCZf5fKZ8Wj9pNUbxqjSBCoDW4FlARuxY5hzFwo9tYlF9Nsd6V1xBpGIUJvd9TbukZApWT-gRSONrs,8,51,0,Juniors' SO® Mesh Maxi,kohls.com,https://www.kohls.com/product/prd-8127938/juniors-so-mesh-maxi-skirt.jsp?skuid=70934800,https://i.pinimg.com/originals/4c/79/15/4c791533cdd04a7ba4dfb41d07a984c1.jpg,720,1280,1,2026-08-18
2026-10-05,saia longa fluida,ATSRVbBz9G6-fcLKQaR04DTXuutZztNElvX6giRgHLbkxh28J71FnjJz3L6hre1XxSwANh3uYMxjHWtYhKVkWYo,9,0,0,Temu | A-Line Flared,temu.com,https://www.temu.com/ul/kuiper/un3.html?subj=dpa-un&_bg_fs=1&_p_jump_id=1082&_x_vst_scene=adg&goods_id=606563263690055&adg_ctx=a-ef47c271~c-2bb7aa67&_p_rfs=1&_x_ads_channel=pinterest&_x_ads_creative_id=%7Bproduct_partition_id%7D&_x_ads_id=%7Badgroupid%7D&_x_ads_set=%7Bcampaignid%7D&_x_ads_sub_channel=shopping&_x_ns_catalog_id=1567707391772&_x_ns_creative=%7Badid%7D&_x_ns_gid=606563263690055&_x_ns_,https://i.pinimg.com/originals/fe/d7/30/fed7301fe9b93448ee690f26bd606d18.jpg,2000,3000,0,2026-08-05
2026-10-05,saia longa fluida,ARLbUYOWvpPtuer2X_o5ZNb4RqyB4yhSzjS3iCH3CJv6z0CAtT4-l0SjolmuTCnNTE47ecYU34-N_uH3ZJdVz44,10,1,0,Make You Mine Maxi Slip,freepeople.com,https://www.freepeople.com/shop/make-you-mine-half-slip?color=020&inventoryCountry=US&countryCode=US,https://i.pinimg.com/originals/a5/27/1e/a5271e213631fbb1b7d0d9f4852ad934.jpg,975,1463,0,2025-11-07
2026-10-05,saia longa fluida,Adh7EsQFXBN3cSrub_sYOTPNwRTLr6UvRhNwkBJIlIfHUJVmtqv-U-MJJAnxuadGdK-jwpGVY55PsRFW2CizNGA,11,1,0,Flounce-Trimmed Skirt,www2.hm.com,https://www2.hm.com/en_us/productpage.1331238001.html?utm_medium=unpl&utm_source=pinterest&utm_campaign=Global%20Performance_Dynamic%20Shopping&utm_content=performance&utm_term=us,https://i.pinimg.com/originals/94/64/00/9464000d58e9367445ad002b1f6cad60.jpg,2333,3500,0,2026-03-21
2026-10-05,saia longa fluida,604256475051174873,12,53,0,Conjunto Saia Longa e Crepped Tomara que Caia Shein.,onelink.shein.com,https://onelink.shein.com/49/5zobtj8z9q8z?ismg_ol=77YeAdA3zYo_01_KOC-C,https://i.pinimg.com/originals/82/2c/41/822c41207fbeca13aca5d680224b8995.png,941,1672,0,2026-09-19
2026-10-05,saia longa fluida,212654413653163071,13,22,0,✨ Effortless Summer Elegance ✨,,,https://i.pinimg.com/originals/67/49/97/674997f1622d8afe493fe7dae393fa05.png,1023,1537,0,2026-09-20
2026-10-05,saia longa fluida,AU2Z0moyoV7BpAZp6hwYZvOlSUMWp_YXVww7mAg5pljVoVwXXe_Orc9roKA1pSbwR4Pml1d86GUwuzIzRtM0iEg,14,0,0,Miss Selfridge glitter,asos.com,https://www.asos.com/us/miss-selfridge/miss-selfridge-glitter-knit-twist-detail-maxi-skirt-in-gold/prd/210133480?browseCountry=US&browseCurrency=USD,https://i.pinimg.com/originals/77/67/8b/77678b3b1636fcb502d0dd64df525ee9.jpg,1080,1620,0,2026-08-27
2026-10-05,saia longa fluida,AW01fXjtOlieKHcF8KTvbsE7iSRC8LUfz1L_sxu8zR55wYXM9soFH0t60ZHv4tFRM0DOw8Boem_8NMAVSF9NBzM,15,0,0,Scarlet Darkness Maxi,amazon.com,https://www.amazon.com/Scarlet-Darkness-Casual-Bohemian-Renaissance/dp/B0D5YZRX8H?ref_=pinterest_fplfs,https://i.pinimg.com/originals/d6/29/c1/d629c10a3e252b02a92d090379ecd500.jpg,1248,1824,0,2026-05-20
2026-10-05,saia longa fluida,ASA1_cOTo-TW5Jfr5y7vf7kmDjbf8UNJvoJ__K_qujGIiezrDXsqB1SRVMe2nep0beHcfR7n-hk5cF_jpidK-8Q,16,0,0,BDG Sadie Cotton Tiered,urbanoutfitters.com,https://www.urbanoutfitters.com/shop/bdg-sadie-cotton-tiered-maxi-skirt?color=010&utm_medium=paid_social&utm_source=pinterest&utm_campaign=%7Bcampaignid%7D&utm_content=%7Bproduct_id%7D&utm_term=%7Badgroupid%7D&p_campaignid=%7Bcampaignid%7D&p_adgroupid=%7Badgroupid%7D&p_product=%7Bproduct_id%7D&p_prodgroupid=%7Bpromoted_product_group_id%7D,https://i.pinimg.com/originals/e5/96/09/e596097bc609d37ce115164b5e4f4e49.jpg,600,900,0,2026-08-05
2026-10-05,saia longa fluida,4610560205754438208,17,0,0,Conjunto Blusa e Saia Longa com Fenda Modern Nalu,modernmulher.com.br,http://www.modernmulher.com.br/products/conjunto-blusa-e-saia-longa-com-fenda-modern-nalu,https://i.pinimg.com/originals/18/4e/4d/184e4d10449d678a96ac416d32f736d3.png,900,1200,0,2026-09-30
2026-10-05,saia longa fluida,305470787275414207,18,2,0,KAISH,fktr.in,https://fktr.in/nsCapcl,https://i.pinimg.com/originals/99/32/5a/99325a7aef66d33a686cf6f193cf991e.jpg,720,1280,0,2026-09-29
2026-10-05,saia longa fluida,AfN4c0omiw7c8Juxz9wMs4Sr1pGk5NnFB42qBnxv1kvK1LGn_eJycXOLuD7t8oF3wtPHcAQoy9cDZT-_fxZQtsU,19,9,0,Miriah Maxi Skirt White,us.princesspolly.com,https://us.princesspolly.com/products/miriah-maxi-skirt-white-low-impact,https://i.pinimg.com/originals/e5/34/76/e53476a1d845032fc3cd446e6a5caf03.jpg,1344,1820,0,2026-06-05
2026-10-05,saia longa fluida,AYMHfdRY7omB3e1R7NReckfnmV6KULaO34JEyhJOJP55_CQqemgRiiNquwHYjf1PpUyHVqwcyIoYv_Bk57AIdw4,20,11,0,SIRENA LYCRA RUFFLE MAXI,patbo.com,https://patbo.com/products/martina-lycra-ruffle-maxi-skirt-green?variant=41879092494371,https://i.pinimg.com/originals/62/f0/1e/62f01ec9f3cd3d6cb211e3bbfe90f18e.png,1024,1536,0,2026-04-17
2026-10-05,saia longa fluida,621215342397110500,21,2,0,"Firerie Saia longa feminina creme amarela com cintura baixa, franzido e amarração lateral, em chiffon. Saia extra longa em chiffon creme, ideal para um look casual de férias, com um toque romântico. N",pt.shein.com,https://pt.shein.com/Firerie-Women-s-Pale-Yellow-Chiffon-Maxi-Skirt-Low-Waist-Ruched-Side-Tie-Flowy-Extra-Long-Skirts-For-Women-Boho-Summer-Vacation-Holiday-Elegant-Skirt-p-439956747.html?url_from=GM71126649932&share_from=pt,https://i.pinimg.com/originals/6f/86/87/6f8687ef9166ab91521e84b81cf4d1aa.jpg,900,1199,0,2026-09-28
2026-10-05,saia longa fluida,AerKQ13JYvmmjjWOXvNNoSjrxD1fA1yoxYM3S-FvtxOtNyq1bk1cyap1VXvVueNnVhXb2eT_mJ0oQuigZQYhrzU,22,0,0,Blush Chiffon Dream Maxi,chiclara.com,https://chiclara.com/products/blush-chiffon-dream-maxi-skirt?variant=47469867663535,https://i.pinimg.com/originals/91/cb/e0/91cbe033368d50aaafde007fb46f7c42.jpg,1066,1600,0,2026-09-11
2026-10-05,saia longa fluida,591519732353518019,23,1,0,Saia Preta Assimétrica em Camadas | Look Boho Chic Statement,onelink.shein.com,https://onelink.shein.com/53/62fzsptczk3v?ismg_ol=FCvKRneEd7n_01_KOC-C,https://i.pinimg.com/originals/e7/27/78/e72778834a67dd35a37fb5fc48444897.jpg,736,1318,0,2026-09-20
2026-10-05,saia longa fluida,28991991346250547,24,389,0,Saia Longa Sereia Cetim Acetinado Elegant,s.shopee.com.br,https://s.shopee.com.br/7KlN7AkLo6?channel_type=pinterest,https://i.pinimg.com/originals/d0/66/d9/d066d91f965da9f968a3410893ba3d3f.jpg,704,1408,0,2025-09-29
2026-10-05,saia longa fluida,1069253136554809800,25,4,0,Conjunto longo azul marinho em linho com cropped de alças e saia longa fluida: Look casual chic,onelink.shein.com,https://onelink.shein.com/51/6149rlh542tr?ismg_ol=I98hPsvmei5_01_KOC-C,https://i.pinimg.com/originals/9f/02/28/9f0228bab8b78006e609282eeef6da82.jpg,1200,2133,0,2026-09-30
2026-10-05,saia longa fluida,AaBf-7_NQVwuRYv1KdkbthLyPDACFiuM-rm91qHZQJs6FkAmTb5FZt1JPeETgMqG0XeXhyzRU6NVUHZJRiqKNW0,26,1,0,Temu | Elegant Women's,temu.com,https://www.temu.com/ul/kuiper/un3.html?subj=dpa-un&_bg_fs=1&_p_jump_id=1082&_x_vst_scene=adg&goods_id=601105821237210&adg_ctx=a-4c266d1a~c-01a2093b&_p_rfs=1&_x_ads_channel=pinterest&_x_ads_creative_id=%7Bproduct_partition_id%7D&_x_ads_id=%7Badgroupid%7D&_x_ads_set=%7Bcampaignid%7D&_x_ads_sub_channel=shopping&_x_ns_catalog_id=1567707391772&_x_ns_creative=%7Badid%7D&_x_ns_gid=601105821237210&_x_ns_,https://i.pinimg.com/originals/15/c6/f2/15c6f21c9c4a5121f76cfef31ab53175.jpg,2000,3000,0,2026-06-14
2026-10-05,saia longa fluida,285837907600406136,27,239,0,SHEIN ✨,onelink.shein.com,https://onelink.shein.com/44/5wxuaq0dv6kj,https://i.pinimg.com/originals/00/04/40/000440dcc7a881ce839b6abea831983e.jpg,1200,2133,0,2026-08-13
2026-10-05,saia longa fluida,433893745375806711,28,53,0,shein,onelink.shein.com,https://onelink.shein.com/47/5ykszn9jo0m2,https://i.pinimg.com/originals/d5/9c/cf/d59ccfca7e26adeec360a56dc9a3ae68.jpg,941,1672,0,2026-08-31
2026-10-05,saia longa fluida,ASTeAF34rWSUyDiqVQeooDsOHaosLLz2wuRaAWRGUtWYilmuEJcoekGLvTx36Ty4bsGhG3jSnJuH1HQ3zdEz140,29,4,0,Outoshe Women's Satin,amazon.com,https://www.amazon.com/Outoshe-Womens-Waisted-Elasticized-Waistband/dp/B0DPMW6PY7?ref_=pinterest_fplfs,https://i.pinimg.com/originals/c4/16/2e/c4162e8f24173e6adadd41c63188fdfa.jpg,1300,1500,0,2026-05-22
2026-10-05,saia longa fluida,942870872020761444,30,11,0,Brown & Cream Boho Summer Outfit with a Flowy Maxi Skirt,,,https://i.pinimg.com/originals/e1/b0/d9/e1b0d986d70633944fdcfea56422ba46.jpg,1024,1536,0,2026-09-25
2026-10-05,saia longa fluida,1014998834800324871,31,1,0,Inspiração Look Festa / Turquoise Strapless Top & Maxi Skirt Outfit Inspo,onelink.shein.com,https://onelink.shein.com/52/6209sjq2vgso?ismg_ol=5LlLoAiWvWP_01_KOC-C,https://i.pinimg.com/originals/08/2e/39/082e39f4ee26413224a45b9f6a08b2c5.webp,1080,1920,0,2026-09-14
2026-10-05,saia longa fluida,29977153766078947,32,166,0,Shein ✨️,onelink.shein.com,https://onelink.shein.com/49/5zorbyyvwsoz?ismg_ol=4atXUAaY3lq_01_KOC-C,https://i.pinimg.com/originals/58/aa/bc/58aabc26960624cd86a95d9e56096f90.jpg,735,1105,0,2026-09-23
2026-10-05,saia longa fluida,1086282372653443094,33,2,0,Conjunto Floral Feminino com Saia Longa,onelink.shein.com,https://onelink.shein.com/52/61t4dfca3a9i?ismg_ol=EWK6BcStR9O_01_KOC-C,https://i.pinimg.com/originals/04/b7/16/04b71613ee36807aba4c06da55bc6b88.jpg,1200,2133,0,2026-09-12
2026-10-05,saia longa fluida,AQxdfAj96uTzT6HjYl0dbB0WXX7JyTU5lmCy6uV9dHBMbts3VKtSWWx1pwtEoxl5tsUqmybJIdcEI2J12cLw_uQ,34,0,0,"Elegant Fish Tail Skirt,",inspireuplift.com,https://www.inspireuplift.com/elegant-fish-tail-skirt-high-waist-design-with-lace/iu/21640890?variant=473678461,https://i.pinimg.com/originals/a6/9a/a6/a69aa62145129dea30a3a523d1fc0ae4.jpg,1175,1598,0,2026-07-08
2026-10-05,saia longa fluida,ARxbwNpLzgpH1moNesq1Y7dLdJjZeIL6EZVU7nVxomn3N-YJk6reHSwM1rhNuZHfELBai6KbvOFCp1rlr5vnZSw,35,1,0,Temu | For Summer Flared,temu.com,https://www.temu.com/ul/kuiper/un3.html?subj=dpa-un&_bg_fs=1&_p_jump_id=1082&_x_vst_scene=adg&goods_id=601105421491269&adg_ctx=a-fbdb1d49~c-4db79723&_p_rfs=1&_x_ads_channel=pinterest&_x_ads_creative_id=%7Bproduct_partition_id%7D&_x_ads_id=%7Badgroupid%7D&_x_ads_set=%7Bcampaignid%7D&_x_ads_sub_channel=shopping&_x_ns_catalog_id=1567707391772&_x_ns_creative=%7Badid%7D&_x_ns_gid=601105421491269&_x_ns_,https://i.pinimg.com/originals/46/dc/07/46dc074d19e6c8823af2c042843ddb44.jpg,1343,1343,0,2026-08-03
2026-10-05,saia longa fluida,1062356999624463644,36,1,0,Floral Maxi Skirt for Women with Pockets | Boho Chic High-Waisted Flowy Long Skirt | Summer Outfit,,,https://i.pinimg.com/originals/76/46/8b/76468b0cd3e42ad160a7f3707d164b54.jpg,736,1104,0,2026-09-21
2026-10-05,saia longa fluida,Ac4_iQlbsreiVCjXiw7UgBJ7BcyVp4StYOrNuvoL1nZBtJTgGNzjCVaJml_r2eMy5HGtBDqGtJ7Tkx7eDd4D_TU,37,0,0,Temu | Elegant Soft 2PCS,temu.com,https://www.temu.com/ul/kuiper/un3.html?subj=dpa-un&_bg_fs=1&_p_jump_id=1082&_x_vst_scene=adg&goods_id=601105686829312&adg_ctx=a-404d7dc2~c-0e5be363&_p_rfs=1&_x_ads_channel=pinterest&_x_ads_creative_id=%7Bproduct_partition_id%7D&_x_ads_id=%7Badgroupid%7D&_x_ads_set=%7Bcampaignid%7D&_x_ads_sub_channel=shopping&_x_ns_catalog_id=1567707391772&_x_ns_creative=%7Badid%7D&_x_ns_gid=601105686829312&_x_ns_,https://i.pinimg.com/originals/c6/eb/75/c6eb757468a2f08d088e6cb890812fc4.jpg,2000,3000,0,2026-08-06
2026-10-05,saia longa fluida,12736811443919429,38,173,0,calça alfaiataria ✨,,,https://i.pinimg.com/originals/cc/d8/df/ccd8df2fb070b3715d2c5ca5efa548a2.webp,1080,1920,0,2026-09-03
2026-10-05,saia longa fluida,AQ8u1OgKQhfAq-mHf22JumJyGt-ha5NVjVjTQQWCSvgdUvQGXHBoGXjpZbUelrKaYWOXKGfwubgVC5UAODbjEx4,39,0,0,Fluid Accordion Pleated,chicwish.com,https://www.chicwish.com/fluid-accordion-pleated-chiffon-midi-skirt-in-cream-for-casual-plans-weekend-outings.html,https://i.pinimg.com/originals/39/34/4c/39344c3a8352dbe37cec82fabcc1ef40.jpg,800,1200,0,2026-06-26
2026-10-05,saia longa fluida,AZa7K8LFx03jhwHsCktC83VIi_QpzFEGZje-qN5tptk5B6Mz-llScR9YGmfzu-_ccYpzuCibNAKMug6Z4T3O2jY,40,0,0,Women's Satin Skirts,lightinthebox.com,https://www.lightinthebox.com/p/women-s-satin-skirts-elegant-vintage-fashion-casual-midi-high-waist-skirts-plain-ruched-patchwork-inelastic-daily-office-career-gray-green-wine-aprico_p17668790.html?currency=USD&litb_from=pinterest_sns_paid&utm_source=pinterest_sns_paid&utm_medium=sns&utm_campaign=litb_catalogs&sku=1_6922%7C2_1718&country_code=us,https://i.pinimg.com/originals/7d/d3/87/7dd38735e049dfc12f448722820241f5.png,1200,1798,0,2026-07-13
2026-10-05,saia longa fluida,794111346844117160,41,3,0,ESSA SAIA DA SHEIN É MUITO LINDA 😍✨ Look elegante e super versátil!,onelink.shein.com,https://onelink.shein.com/53/62gdvkv6np0p?ismg_ol=7Q5wdXiFolv_01_KOC-C,https://i.pinimg.com/originals/66/d7/5b/66d75b19db929c300cc707587fd5bf5e.png,1091,1442,0,2026-09-19
2026-10-05,saia longa fluida,1112600282975442810,42,1,0,Vestido Poá BegeLook Elegante,onelink.shein.com,https://onelink.shein.com/52/61m3bvkc2qwu?ismg_ol=8mUqpc3MD6o_01_KOC-C,https://i.pinimg.com/originals/30/ec/65/30ec650547e6ba8b29b7e18f8584fbf4.jpg,1340,1785,0,2026-09-10
2026-10-05,saia longa fluida,1124070388293782571,43,1,0,Look Preto e Creme | Elegância Feminina e Sofisticada,,,https://i.pinimg.com/originals/8e/44/5d/8e445d415c970da6d3d190af15cfbe78.jpg,1200,1600,0,2026-09-21
2026-10-05,saia longa fluida,749356825545108073,44,8,0,Looks Shein femininos para se inspirar ✨🎀🌸,onelink.shein.com,https://onelink.shein.com/53/62nksqpgh9u6,https://i.pinimg.com/originals/6c/48/6c/6c486c9de49899ac15fa93508f6f12d0.jpg,1080,1920,0,2026-09-20
2026-10-05,saia longa fluida,AR3NzbR2aOMY5tpK87RAAI_oYXL7Z8HbpUmjS2UANAwVrIa66pvp04-aoflWgEQJv9LTGzld1TIAl2Ri_ehAwIs,45,0,0,Temu | Women's,temu.com,https://www.temu.com/ul/kuiper/un3.html?subj=dpa-un&_bg_fs=1&_p_jump_id=1082&_x_vst_scene=adg&goods_id=606087998750855&adg_ctx=a-de55e727~c-b8c0ff89&_p_rfs=1&_x_ads_channel=pinterest&_x_ads_creative_id=%7Bproduct_partition_id%7D&_x_ads_id=%7Badgroupid%7D&_x_ads_set=%7Bcampaignid%7D&_x_ads_sub_channel=shopping&_x_ns_catalog_id=1567707391772&_x_ns_creative=%7Badid%7D&_x_ns_gid=606087998750855&_x_ns_,https://i.pinimg.com/originals/12/db/a4/12dba472b51a6e1a42405d30f548d180.jpg,1340,1340,0,2026-07-27
2026-10-05,saia longa fluida,940548703454432102,46,1,0,Como Criar um Look Elegante com Saia Floral e Blusa Básica,onelink.shein.com,https://onelink.shein.com/52/61m9pwl1rmny?ismg_ol=22RRdyc8ux4_01_KOC-C,https://i.pinimg.com/originals/5a/37/90/5a37903d8d8b956f9d8526b649d75664.png,941,1672,0,2026-09-10
2026-10-05,saia longa fluida,534521049549443368,47,11,0,Conjunto elegante saia longa casual,onelink.shein.com,https://onelink.shein.com/53/62nd29hf6hc4?ismg_ol=10x3KbgkyEM_01_KOC-C,https://i.pinimg.com/originals/ba/f2/8f/baf28fa4aa6a8d677f1b2f8ab758d1f7.jpg,1170,2038,0,2026-09-29
2026-10-05,saia longa fluida,444378688257932205,48,140,0,Maxi Skirts Outfits | Trendy Long Skirts for Every Season | Chic Casual & Elegant Style,amazon.com,https://www.amazon.com/shop/stufftobuy/list/1SOGSYM0ILSJ0?ref_=aipsflist,https://i.pinimg.com/originals/d5/c8/71/d5c8716c011c459c08b3fb7edb47d81f.jpg,736,1267,0,2026-09-20
2026-10-05,saia longa fluida,1007117535444021864,49,1,0,,,,https://i.pinimg.com/originals/66/57/eb/6657eb5c8f5b56391c1b2abc9984e1d1.png,1024,1536,0,2026-09-18
2026-10-05,saia longa fluida,13370130139913266,50,3448,0,elegant chic look ✨️,,,https://i.pinimg.com/originals/ee/e2/2e/eee22e95d0b86081b31412cc2ce0f1a8.png,941,1672,0,2026-07-20
2026-10-05,saia longa fluida,23010648093906970,51,1273,0,,,,https://i.pinimg.com/originals/02/f2/c0/02f2c002fe7ddc211ebe2f6780ec3e52.jpg,565,814,0,2026-02-02
2026-10-05,saia longa fluida,AYuTNyaWC3buk6GYdW3sQlZ6njpWPnRYyan9FUf3JkV3wjFlxLoWSzpjn2T2HMyGiLUQ-96DHh_sTzKHfBneqQY,51,27,0,Women’s Wedding Guest,oxknit.com,https://www.oxknit.com/collections/retro-womenswear,https://i.pinimg.com/originals/30/e8/95/30e895aca4a26cff992cffa406f0767b.png,848,1264,0,2026-06-29
2026-10-05,saia longa fluida,ARbLD5j36AmHbiH4yp0RuqiUqOQyo89Q8QDEvuSlF4lHPcM2DxLgjyufeFAU_P6sK8QTd24r_-2EV4Y1athDNcQ,52,0,0,Sophisticated Vision Teal,lulus.com,https://www.lulus.com/app/products/sophisticated-vision-teal-satin-pleated-midi-skirt/2901331.html,https://i.pinimg.com/originals/71/0c/09/710c09143231f42873ccef52c9159da1.jpg,1000,1500,0,2026-10-01
2026-10-05,saia longa fluida,Ae52zqzTcvkNuBtxzY5jrP-QBMXwXmhjMFRBGwjzhYBvVOSRpk-XAHLM67QfV_dpo_HQQ92Nj1_IrSdTFhs4xTI,53,0,0,A Flattering Flare for,kaylascollectives.com,https://kaylascollectives.com/products/solara-flare-maxi-dress-black-white?_pos=1&_psq=Solara&_psid=bbca145a6&_ss=e?utm_campaign=%7Bcampaignname%7D&utm_content=%7Badgroupname%7D&utm_term=%7Badid%7D,https://i.pinimg.com/originals/58/51/76/5851765bca49d21ccd330117f22e3137.jpg,1080,1920,1,2026-10-01
2026-10-05,saia longa fluida,703756189564467,54,874,0,,,,https://i.pinimg.com/originals/76/77/c1/7677c174cde1f04ced3844158a8fc7d0.jpg,591,884,0,2026-08-03
2026-10-05,saia longa fluida,AX7zokbtysEkiiK2LAfyefv70F8uPiMsfgwpsCUirxBqnipAQ15IBlFWjFfCd2IXZpeONT7rNi5JCmLmUC0MnWQ,55,170,0,Effortless Summer Looks,jluxlabel.com,"https://jluxlabel.com/collections/statement-summer-edition?filters=Color,CREAM",https://i.pinimg.com/originals/80/b4/76/80b476379781012bdf44c9c760ec3cf9.jpg,1080,1920,0,2026-05-25
2026-10-05,saia longa fluida,1127729562973978303,56,6,0,saia longa,s.shopee.com.br,https://s.shopee.com.br/6VNuSaBHp8?channel_type=pinterest,https://i.pinimg.com/originals/78/7a/2c/787a2c03daf7dc6ff0776e5473277456.jpg,1000,1500,0,2026-09-16
2026-10-05,saia longa fluida,AWVplLKuRV6zasGi8akRMvpZSIdRQzGHdgiTxEqKdzw4cxBZhCvyY4QnZ46FWOuO3TaqdLJ6EY46lc9a3ml5sPI,57,1,0,Designed for confidence.,mondayswimwear.com,https://mondayswimwear.com/collections/new-arrivals,https://i.pinimg.com/originals/6a/8c/02/6a8c02ccfeaab2242ef1aab990efe7c2.jpg,1080,1920,0,2026-02-06
2026-10-05,saia longa fluida,798263102753532244,58,1,0,"Coastal Summer Outfit | Light Blue Crop Top, White Maxi Skirt & Yellow Shirt",,,https://i.pinimg.com/originals/81/4c/f8/814cf899161f548b4349d316413c30da.png,1024,1536,0,2026-09-21
2026-10-05,saia longa fluida,43276846421527884,59,106,0,conjunto feminino elegante,onelink.shein.com,https://onelink.shein.com/44/5wv9k1tokqos,https://i.pinimg.com/originals/27/3d/20/273d207570f8f2ec686675557ce96eed.png,941,1672,0,2026-09-12
2026-10-05,saia longa fluida,11047961583221824,60,1076,0,,,,https://i.pinimg.com/originals/3f/76/2b/3f762be839637c80082d869601989f0a.jpg,1200,1598,0,2026-07-31
2026-10-05,saia longa fluida,633387444538677,61,13761,0,,,,https://i.pinimg.com/originals/c7/1b/31/c71b317283a572580ac513fd39209690.jpg,1170,2181,0,2026-05-04
2026-10-05,saia longa fluida,651896114858387974,62,9,0,SAIA CINTURA ALTA,onelink.shein.com,https://onelink.shein.com/49/600njvc1jnss?ismg_ol=Kdl3Z9yTJ4Q_01_KOC-C,https://i.pinimg.com/originals/7d/6b/30/7d6b3010ca3ab09653136495824bd7ed.jpg,768,1365,0,2026-09-09
2026-10-05,saia longa fluida,137078382403918303,63,74,0,,,,https://i.pinimg.com/originals/00/b5/26/00b52661351e251ee765665678cd124a.jpg,735,1105,0,2026-09-08
2026-10-05,saia longa fluida,612982199330704788,64,9,0,conjunto perfeito 🩷,onelink.shein.com,https://onelink.shein.com/46/5xs90borwy7c,https://i.pinimg.com/originals/a7/18/c1/a718c117c28342dc73027461b6506de7.png,941,1672,0,2026-08-25
2026-10-05,saia longa fluida,68750447954,65,1118,0,,amzn.to,https://amzn.to/4bSLMfe,https://i.pinimg.com/originals/b8/b1/90/b8b190b3e4ea7b599c4c8d15d5cb0f26.jpg,941,1672,0,2026-09-27
2026-10-05,saia longa fluida,1900024840259545,66,238,0,Cream Skirt Summer Look ☀️,amzn.to,https://amzn.to/4yGYyqH,https://i.pinimg.com/originals/0f/a3/cb/0fa3cb0b3fee43e9469f766f370f87a5.png,1008,1561,0,2026-09-02
2026-10-05,saia longa fluida,589619776263463093,68,13,0,💰Cupom de 50% de desconto apenas para novos usuários 🌟 Pesquise 663P582 no aplicativo SHEIN ou 🌟 Clique no link para começar!,onelink.shein.com,https://onelink.shein.com/51/60zc8mg8xhsh,https://i.pinimg.com/originals/39/80/03/398003de5968f821d35f006afea88a59.jpg,1023,1537,0,2026-09-04
2026-10-05,saia longa fluida,1012184085026622765,69,1,0,sexy girl outfit 😍🔥,,,https://i.pinimg.com/originals/e5/87/1e/e5871ec314521166736fc54702c05f7f.jpg,736,1308,0,2026-09-22
2026-10-05,saia longa fluida,1077627017126286818,70,1,0,Saia Longa Listrada,onelink.shein.com,https://onelink.shein.com/52/625h0hcs7x9s?ismg_ol=5niZuTIZ9u4_01_KOC-C,https://i.pinimg.com/originals/4a/04/ed/4a04eda4bb4262416b72198e6ad5ca8e.png,1080,1920,0,2026-09-16
2026-10-05,saia longa fluida,4605352948920640576,71,0,0,"Saia Longa Feminina Fluida Cintura Elástica, Azul Estampada, Boho Casual para Verão, Férias, Piquenique e Fotografia",br.shein.com,https://br.shein.com/ark/default?scene=1&test=5051&ad_type=DPA&goods_id=564578982&pf=PINTEREST&link_type=link&url_from=PINADSDPA&ismg=8e6609bd94564665df8e5b5178d8aeba3f0eb656a37f1a3b9aa89a356fd22f0a_01_1791130061,https://i.pinimg.com/originals/6e/2b/d1/6e2bd15b24865b7bfc5df18342ad8d07.jpg,1570,2093,0,2026-09-22
2026-10-05,saia longa fluida,28710516371380461,72,600,0,,,,https://i.pinimg.com/originals/fc/e4/62/fce4621429aa6a4c4cb33b453886b60d.jpg,1080,1920,0,2026-07-15
2026-10-05,saia longa fluida,1135681231077502137,73,1,0,"TRNVIE 2 peças Conjunto Feminino, Top Bandeau Rosa",onelink.shein.com,https://onelink.shein.com/54/634boesbnk0m?ismg_ol=0Z6iul629Uk_01_KOC-C,https://i.pinimg.com/originals/3b/e5/59/3be5598e0ba72a86f7bd203d6e0bff8e.png,1600,2464,0,2026-09-25
2026-10-05,saia longa fluida,1108167052090844489,74,1,0,Follow & comment for the 'link' 🌷✨🪬,instagram.com,https://www.instagram.com/p/DdvP8AmGXxz/,https://i.pinimg.com/originals/ba/bd/05/babd05f2859395b199d23379cfa4af58.jpg,1440,1799,0,2026-09-26
2026-10-05,saia longa fluida,5488830793290402,75,939,0,,,,https://i.pinimg.com/originals/24/cc/93/24cc931504af638678ee60e231efb6ee.png,941,1672,0,2026-05-31
2026-10-05,saia longa fluida,298363544088099384,76,241,0,,,,https://i.pinimg.com/originals/1c/a9/bb/1ca9bb2c597f2035bdae1f52ddf3d5c2.jpg,736,1307,0,2026-09-28
2026-10-05,tricot feminino,AR8yvy5HQV5qm6KJ3Rvmd5Y5YYR8jkD90zOYGSLjcHiaaDLggQres2VpImZUBP_tlCHYwiKrr3pAtGI5cF1oX9s,1,42,0,The Jacket Is the Outfit,urbanoutfitters.com,https://www.urbanoutfitters.com/shop/uo-ashleigh-faux-fur-trim-asymmetric-faux-shearling-jacket?color=224&utm_source=pinterest&utm_medium=paid_social&utm_campaign=%7Bcampaignid%7D&utm_term=%7Badgroupid%7D&utm_content=%7Badid%7D&p_campaign=%7Bcampaignname%7D&p_campaignid=%7Bcampaignid%7D&p_adgroup=%7Badgroupname%7D&p_adgroupid=%7Badgroupid%7D&p_adid=%7Badgroupid%7D,https://i.pinimg.com/originals/e7/d3/f4/e7d3f41976e3347971e5a9291da9eceb.jpg,1000,1500,0,2026-09-10
2026-10-05,tricot feminino,636907572351320010,2,6,0,Can a sweater and jeans really look this effortlessly chic?,,,https://i.pinimg.com/originals/87/f5/35/87f5351df6d8ab708360e9feb869f60a.png,1024,1536,0,2026-09-27
2026-10-05,tricot feminino,633811347607330463,3,1,0,Blusa de frio feminina estilo blogueirinha ☺️🤏,s.shopee.com.br,https://s.shopee.com.br/gQHNvA0pB?channel_type=pinterest,https://i.pinimg.com/originals/d6/1f/21/d61f210129ddaf9e5b4ea10d5c881110.png,941,1672,0,2026-09-22
2026-10-05,tricot feminino,AeQXTYRouCBPuH6PJGky8NkdmonqO0nnOpYmQH-kqIpsmas9nBicxE96PYbK3D0Z1fGWOsoHBfAKv5sV-Klcdro,4,0,0,Every sweater you need,etsy.com,https://www.etsy.com/search?q=cozy+fall+sweaters&ref=search_bar&instant_download=false&is_merch_library=true&mosv=ssos&moci=1505940291953&mosi=1509744161485&anchor_listing_id=4541967997,https://i.pinimg.com/originals/4e/da/78/4eda7850ac7b587d185c7cd1204a2b52.jpg,1080,1920,1,2026-08-21
2026-10-05,tricot feminino,AflSDY5PqDPYE3lGDJwb0BD-lL56wetCH5R7pmw8mgSPY7n4HX_YA-k3P3yqUb8RZ1lHq5_en88iVsz7hI7K-fQ,5,5,0,OXKNIT Women Striped,oxknit.com,https://www.oxknit.com/collections/womens-new-in,https://i.pinimg.com/originals/68/e0/ba/68e0bacf965265dc2cf82b35bd0c1658.jpg,1024,1365,0,2026-07-27
2026-10-05,tricot feminino,Acff8_3OVKBhwsgmbPpLFbxeRyzmus-oOa5chdfPVxk-gXXK0UIZ5DiNSKUPCYnaRtUQMnh4d-wMiK9zMEyibO4,6,380,0,Woodstock Maple Leaf,kieljamespatrick.com,https://kieljamespatrick.com/products/woodstock-maple-leaf-donegal-sweater?variant=43542597107805,https://i.pinimg.com/originals/d3/d0/ad/d3d0ad0be71a3b743d17afcd9f0e0cae.jpg,3001,4883,0,2025-09-16
2026-10-05,tricot feminino,578923727144359677,7,5,0,Código: 3X5TJAP,onelink.shein.com,https://onelink.shein.com/53/62aiq6cp1pj1?ismg_ol=J3iL5zGl0p5_01_KOC-C,https://i.pinimg.com/originals/d1/8a/37/d18a371cc59118995fe974a86a036500.png,1024,1536,0,2026-09-28
2026-10-05,tricot feminino,1031394752202341588,8,3,0,Cozy Fall Outfits - Aesthetic Terracotta Cable-Knit Sweater & Jeans,myyfinds.io,http://myyfinds.io/oxana.codreanu2?nav=products,https://i.pinimg.com/originals/71/a7/e8/71a7e86f24031bafab45be17b01c21e3.jpg,736,1096,0,2026-09-28
2026-10-05,tricot feminino,80009330878687737,9,22,0,Cardigan Marrom Oversized para um Look Aconchegante 🤎,onelink.shein.com,https://onelink.shein.com/52/620uzwsjoe4z?ismg_ol=LoooVnHLLgG_01_KOC-C,https://i.pinimg.com/originals/b2/d6/73/b2d673d16acf17a7b42c4626d0b3a73f.png,1024,1536,0,2026-09-30
2026-10-05,tricot feminino,1103030133812421306,10,5,0,Cozy Beige & Cream Striped Sweater Outfit | Fall Fashion,amazon.com,https://www.amazon.com/Saodimallsu-Womens-Striped-Sweaters-Pullover/dp/B0H71CKR4T?crid=26FE4THFC41ZF&dib=eyJ2IjoiMSJ9.OZM7Kh4te9CWIDVPHuTt3iU2PkkVsJ1VwWdbDxAuIfh6SUL3dTnBh6gvshKUSuNpYuyhmJZ0aLp4e7YOLrrCgJlnBxndPJA0-YPqoEeGK7nU_eQ46BYywAeEYclvNNrioNseaX6wk3leYS-Er0ZGijkrLEyzXXehdn5fmmWhEjBtDj6bLavoxSeuY0q2bFJluC-bzOXo2sXghw1vn5okS7cMlyoPaRfcBPeRp30veMd-elhGcSn1b009w1Rk-wpkFJXnxNzXhu2VPqaAHf6DSas6xl,https://i.pinimg.com/originals/d6/c5/3d/d6c53d0fe4f6dd5755c473ab777ff6c2.png,1024,1536,0,2026-09-15
2026-10-05,tricot feminino,AcDToExkutCr1r8Cif16Hh3Rwxh33IZLZQAlifWaXSj3oInc_bIc4HPc7nPGZrK52aUSm9AMFQx8lej4Hvr26pA,11,49,0,Shop women’s fall outfits,kohls.com,https://www.kohls.com/catalog/womens-fall.jsp?CN=Gender:Womens+Occasion:Fall&BST=8037181:7548544:7904627:7562473&icid=social-paid-pncrsl-womensfalloutfits-np-2609wk2-frame1&cid=SO26PDPIN0758&utm_campaign=paid_social&utm_medium=paid_social&utm_source=pinterest&utm_content=2026pdpin758,https://i.pinimg.com/originals/88/ff/df/88ffdfc4dbd17df6c9c56109fd608e1f.png,1080,1920,0,2026-09-10
2026-10-05,tricot feminino,608689705936341376,12,10,0,Women's 2 Piece Outfits Turtleneck Long Sleeve Oversized Pullover Sweaters and Pleated Mini Skirt Tw,link.amazon,https://link.amazon/B0e4iScEN,https://i.pinimg.com/originals/b9/a6/55/b9a655b31b6f13deb35f477ac914f648.png,1024,1536,0,2026-09-25
2026-10-05,tricot feminino,AYpRdHLPqWHxB2AJUbVStDi54JNuwZLuXYcVtqIp0OIO0w0vKLYBQtMgAeaQEdbhE2Sma86hvr9IW676IiJRdnM,13,354,0,Logan Sweater,greybandit.com,https://greybandit.com/products/logan-oversized-sweater-in-cream?_pos=1&_sid=9a6cbddfc&_ss=r,https://i.pinimg.com/originals/61/6a/49/616a4929d0f9c836fd4c1cfe181c83ff.jpg,900,1200,0,2022-10-16
2026-10-05,tricot feminino,1098526534141978485,14,1,0,Когда хочется связать нечто особенное — эта модель пуловера точно заслуживает внимания,beacons.ai,https://beacons.ai/polinaka/knitt,https://i.pinimg.com/originals/8c/17/2e/8c172ecaac8e088c2e960fffc6bf2697.jpg,962,1323,0,2026-09-21
2026-10-05,tricot feminino,AYjSLd-D1KMwDBWTFnkZ8JtpZY0vPMJylu3ydxpT_9NCbq9jlMreChtCrnocCYD9Yd2YMlsLnQEDnLj9MncC64c,15,3,0,You’re My Stripe Cardigan// Pink *RESTOCKED,cocomccallshop.com,https://cocomccallshop.com/products/youre-my-stripe-cardigan-pink-restocking-fall?_pos=1&_sid=3fde2a3f3&_ss=r,https://i.pinimg.com/originals/34/40/37/344037e2a4b1ef557579e9e01d77f07e.webp,900,1200,0,2026-07-15
2026-10-05,tricot feminino,4592756957806663552,16,0,0,Blusa Tricô Feminina Sem Manga com Gola V Diane,thatigutierrez.com.br,https://www.thatigutierrez.com.br/produtos/blusa-tricot-feminina-sem-manga-com-gola-v-diane/,https://i.pinimg.com/originals/ac/71/94/ac71948441678f27a74b0ad3e0bbeb30.png,1024,1536,0,2026-09-15
2026-10-05,tricot feminino,103934703899267437,17,77,0,Cropped Feminino Tricot Manga Bufante com Laço Elegante – Blusa de Inverno Casual Chic e Confortável,s.shopee.com.br,https://s.shopee.com.br/2BC4JwXlw4?channel_type=pinterest,https://i.pinimg.com/originals/8b/7a/8a/8b7a8a4d9628a7ae39c9b63fff4886dd.png,941,1672,0,2026-07-27
2026-10-05,tricot feminino,AZ7_xdMf23CqIOA9vQ7IRtChoRUTBX2RzR3oN05XcSSztOJ0RsR_-cVfvvSQ_oEFxAFhjATRUL9Q8wU2AKwu8xM,18,113,0,Striped Ruffle Trim Cardigan Two Piece Set,princessace.com,https://princessace.com/products/striped-ruffle-trim-cardigan-two-piece-set,https://i.pinimg.com/originals/29/e8/22/29e82299903ed2f9fd2a5b6edc9b74aa.jpg,493,740,0,2026-06-23
2026-10-05,tricot feminino,AQS9LhqTTmWWQA1Bv5dPwc-zoFBXF_-aJFDJvgrtuG9Oczlk1se9DDpbxnECbLpYKXdvg6tEG71IXM8CGxK94o4,19,7,0,"Cable-knit texture,",larkandclover.com,https://www.larkandclover.com/products/cable-cove-cable-knit-turtleneck-poncho-sweater?variant=66728785215603,https://i.pinimg.com/originals/eb/e7/c4/ebe7c4767adfd6c5dadeb1b847e8e158.jpg,720,1280,1,2026-09-29
2026-10-05,tricot feminino,541276448994066881,20,3,0,Blusão off,onelink.shein.com,https://onelink.shein.com/53/62ct4bibr77p?ismg_ol=1IvwqqBL1qv_01_KOC-C,https://i.pinimg.com/originals/f8/9d/4a/f89d4adbbb9bd94f0971b49d64a02113.png,1137,1383,0,2026-09-18
2026-10-05,tricot feminino,1119637157399951366,21,4,0,Для вашей коллекции — интересная идея вязаного изделия,beacons.ai,https://beacons.ai/knitting,https://i.pinimg.com/originals/11/dc/39/11dc396913acd8ef40b82dd8716e5ac0.jpg,736,1104,0,2026-09-27
2026-10-05,tricot feminino,AXmBg94T83msWW2z_cZadHK2MTb-eig--Oe12-5OmTYolW1WmuswI0Z67KfWaYTNPcxim18uW6ahvxqdlDGQpbU,22,1,0,BACK IN STOCK: FALL,jluxlabel.com,https://jluxlabel.com/products/beige-soft-embrace-cardigan,https://i.pinimg.com/originals/84/e5/93/84e5937da12df29066331b0989c624df.jpg,1080,1920,0,2026-10-02
2026-10-05,tricot feminino,754353006382510947,23,84,0,Aesthetic Brown Striped Knit 2-Piece Set Inspo 🤎 | Autumn Style,,,https://i.pinimg.com/originals/e8/7a/61/e87a61afe1ffb98741a653a6ddeb84f6.jpg,1077,1915,0,2026-09-26
2026-10-05,tricot feminino,AQ6IKUMUx1t-YoqiAQnMAneudW7e3EZEILNn-wEjb8Lp1GWKPYPonBoxszHR0u96cCtzE-tKnlokMFQIDgp6mq0,24,3244,0,"""Everything Comes in Waves"" Hoodie in Pink",pinkpalmpuff.com,https://pinkpalmpuff.com/products/everything-comes-in-waves-p,https://i.pinimg.com/originals/0c/c8/e1/0cc8e1f11a823b1760437b425e80086f.jpg,1100,1650,0,2025-10-23
2026-10-05,tricot feminino,671951206952040938,25,1,0,Blusa cropped bufante,s.shopee.com.br,https://s.shopee.com.br/2BF0pYqfTc?channel_type=pinterest,https://i.pinimg.com/originals/1b/56/77/1b5677ca3deb65edcef0c9b6d1a1059c.jpg,1080,1920,0,2026-09-19
2026-10-05,tricot feminino,Ad4eEjv5SorwWEGEcnVfjqrEKECRozq8qt_NLr5iLuDufTXEmUShpSIS-Fn6R-pwJXy9Z8rAbSzTHp3BVjIEgzw,26,71,0,Brown Monochrome Outfit |,oasissociety.com,https://oasissociety.com/products/shiloh-brown,https://i.pinimg.com/originals/69/0c/79/690c79e7eb31248564ddd61ed769b6be.jpg,1000,1500,0,2026-08-10
2026-10-05,tricot feminino,73605775155981278,27,26,0,,,,https://i.pinimg.com/originals/7b/4b/2b/7b4b2bcb3e7c82b77216a0b2f0cc126a.jpg,1076,1758,0,2026-07-23
2026-10-05,tricot feminino,673710425552922221,28,2,0,Look de Frio 🥶 inverno,onelink.shein.com,https://onelink.shein.com/54/631mxdi7nvvb?ismg_ol=IxsAIuzTUuW_01_KOC-C,https://i.pinimg.com/originals/4e/d8/c6/4ed8c6a7788a39cfcfddf693f674f2a6.png,941,1672,0,2026-09-24
2026-10-05,tricot feminino,2885187258854648,29,63,0,Wait… why does this cozy sweater outfit look THIS good? 👀,,,https://i.pinimg.com/originals/60/3b/a3/603ba3f0a0f744d47f7f084f477d283f.png,1024,1536,0,2026-09-21
2026-10-05,tricot feminino,595741857006751132,30,7,0,Look Inverno Feminino: Tricot Transpassado ☁️,onelink.shein.com,https://onelink.shein.com/45/5xketn77b4ux,https://i.pinimg.com/originals/11/6d/c5/116dc577590b3713879425fc160b431e.jpg,1080,1920,0,2026-08-07
2026-10-05,tricot feminino,15058980001057068,31,245,0,Inspiração look de tricô,,,https://i.pinimg.com/originals/03/27/dc/0327dc95e9cef104664d99152b31af23.jpg,863,1534,0,2026-07-27
2026-10-05,tricot feminino,24066179254031691,32,132,0,,cdn.sewmamasew.com,https://cdn.sewmamasew.com/wp-content/uploads/2026/05/Ribbed-Knit-Set-and-Sneakers-Outfit.jpg?width=500&quality=75,https://i.pinimg.com/originals/5d/7c/c4/5d7cc40374b0e7cd42c597518c51ebc6.jpg,500,889,0,2026-09-07
2026-10-05,tricot feminino,81627811992986692,33,427,0,Is this the casual Sweater outfit you’ve been searching for? Save it for later.,,,https://i.pinimg.com/originals/2f/9b/ab/2f9babe9d0ed62bf39d9da4b32bbf13b.png,1024,1536,0,2026-09-30
2026-10-05,tricot feminino,ASu1Mlvi6luKtClL7T5wWzayn7sNeEIoi2CAwcyT5uuAwZPYMGKvxtl201159lzWm4zea7c4COFHB67SQZYqSzE,34,5,0,A ribbed cardigan with an,clarendale.co,https://clarendale.co/products/drape-rib-asymmetrical-neck-ribbed-button-cardigan,https://i.pinimg.com/originals/7d/f7/c5/7df7c5f6fb58d9dab3404ae3ff767949.jpg,720,1280,1,2026-09-29
2026-10-05,tricot feminino,827255025349344969,35,1,0,Blusa tricot manga longa,shop.tiktok.com,https://shop.tiktok.com/br/pdp/1735224461587809499?_t=ZS-99ygTrr0zCy,https://i.pinimg.com/originals/3c/db/38/3cdb3816f4f9d57e44ae5326a9d5f806.jpg,758,1013,0,2026-09-23
2026-10-05,tricot feminino,AdIzvYl6PC75cwMpCymxDMTLCSNZM7yq6TeLnWJL-wA4RhdooWwktLaUBgJEP950kwwm7bomv3l_i-r-iOu3sQw,36,43,0,From Work to Happy Hour:,vestiairecollective.com,http://vestiairecollective.com/,https://i.pinimg.com/originals/a5/99/16/a59916ac1e58ce1be58beace1cc64ee3.png,1000,1500,0,2026-08-10
2026-10-05,tricot feminino,1101341283913414047,37,2,0,💜 Lavender Sweater Office Outfit | ✨ Chic Smart Casual Style,,,https://i.pinimg.com/originals/08/20/05/082005a8e8774146ed2b02ba9c5d328a.png,1024,1536,0,2026-09-26
2026-10-05,tricot feminino,1829656095921701,38,2871,0,#Pretty😍,,,https://i.pinimg.com/originals/7d/49/5f/7d495fd9b6b5f40de1d947fbbaf68669.jpg,1080,1920,0,2026-07-23
2026-10-05,tricot feminino,AdlWnrMRdSkg78jIm1ZsBuSe05I22OppXK4g3KPR8TaJmQPb0UfFB5J7Z2uu2hSoWV7nin3NWhiOmUDo9RoQQv0,39,3,0,BABYBOO SOPHIE BRALETTE &,babyboofashion.com,https://www.babyboofashion.com/products/sophie-maxi-skirt-raspberry?utm_source=pinterest&utm_medium=organic&utm_campaign=sophiemaxiskirtraspberry,https://i.pinimg.com/originals/a1/ed/40/a1ed400ac069fb5884f9d6303f703e49.jpg,3000,4000,0,2026-08-05
2026-10-05,tricot feminino,14073817581638850,40,842,0,,,,https://i.pinimg.com/originals/19/49/17/1949177d03ab4613ace70185901a4857.jpg,576,1024,0,2026-05-05
2026-10-05,tricot feminino,1055599909649021,41,1640,0,CROCHET SWEATER,,,https://i.pinimg.com/originals/40/b7/92/40b79262544e04b78f8320ee0e656aca.png,1023,1537,0,2026-08-12
2026-10-05,tricot feminino,616500636537735602,42,1,0,Crochet idea: A cream openwork cardigan,fenzuka.pages.dev,https://fenzuka.pages.dev/ideas/crochet-clothing-ideas-boho-wardrobe/,https://i.pinimg.com/originals/5f/ec/7d/5fec7df75aa2ea126ff0d14f21a9508e.jpg,800,1200,0,2026-09-25
2026-10-05,tricot feminino,1097541371719351659,43,1,0,Suéter de Tricô Rosa com Tranças | Look Confortável e Romântico,onelink.shein.com,https://onelink.shein.com/42/5vltvldaxgkc,https://i.pinimg.com/originals/f9/7c/2e/f97c2e001270355a6514627d775effd5.jpg,1200,2133,0,2026-07-16
2026-10-05,tricot feminino,455285843605255392,44,351,0,,,,https://i.pinimg.com/originals/b4/d6/fe/b4d6fe62d78ee7a0ae058d8f8c976909.jpg,720,960,0,2026-09-28
2026-10-05,tricot feminino,AeUhv99wrcYEzlpMnRrTa8G3733NQQ-F451A31FAZXbLuR0yVSQZ5xXuiz2Xzw7iG_xBURaLAVpLhAQXXKVPNh0,45,1,0,Designed for confidence.,mondayswimwear.com,https://mondayswimwear.com/collections/new-arrivals,https://i.pinimg.com/originals/6a/8c/02/6a8c02ccfeaab2242ef1aab990efe7c2.jpg,1080,1920,0,2026-02-06
2026-10-05,tricot feminino,56154326599524376,46,540,0,,,,https://i.pinimg.com/originals/fa/94/6d/fa946d1d5d1da47ccd0dcd0842e8560c.jpg,1170,2392,0,2026-08-26
2026-10-05,tricot feminino,560979697360217441,47,12,0,conjunto tricô ✨️,s.shopee.com.br,https://s.shopee.com.br/6AigIkG4du?channel_type=pinterest,https://i.pinimg.com/originals/57/a0/36/57a0365593362919bdbcc7c3eff3a236.jpg,736,1307,0,2026-09-08
2026-10-05,tricot feminino,219269075602781874,48,83,0,"Suéter Preto Feminino de Tricô por R$ 115,33 🖤",onelink.shein.com,https://onelink.shein.com/52/61xqs2zgelg1?ismg_ol=KYcnH5m2Fkd_01_KOC-C,https://i.pinimg.com/originals/18/74/77/187477538be959f1c8d3109c445018c6.png,1086,1448,0,2026-09-30
2026-10-05,tricot feminino,335096028550024426,51,15,0,Trendy Balloons & Minimalist Knit Fashion,,,https://i.pinimg.com/originals/b3/8b/3d/b38b3d2cdaf65ea57d3976ac38b785ef.jpg,1023,1537,0,2026-09-25
2026-10-05,tricot feminino,AR-IJ8DdiuQYdRElASA2CbOXFOhFffHKXdfi1RAOyuQYDOAWkWu_LtwLwo3hpW9PGG7bKWk9WI3gy2XOj3X9HHw,52,0,0,"If it’s good, it’s on",depop.com,http://www.depop.com/,https://i.pinimg.com/originals/9a/ad/9a/9aad9a5a13c0b245eec32fe5803f5016.jpg,1080,1920,1,2026-08-26
2026-10-05,tricot feminino,AdTm8z3wNfrOZaxbgZQmE-5MQ5Xg5WRG5siwgeHyhxANztvJA_UGG2D-S58QrlWpELCmL2MkrHVW6ao2JWpbM9o,53,15,0,ASTR the Label | Tilde,astrthelabel.com,https://www.astrthelabel.com/products/tilde-sweater-act19168,https://i.pinimg.com/originals/1f/f4/fc/1ff4fc2ef04e44702793688007eed742.jpg,1990,3035,0,2026-02-19
2026-10-05,tricot feminino,68748566760,54,4215,0,,,,https://i.pinimg.com/originals/04/85/5e/04855e3c6c69e69afc34acbb1000fa1c.jpg,736,1308,0,2025-02-20
2026-10-05,tricot feminino,AXwQoIiutcSMbr-PLNnmddC2vTfqUyeHd2_0fr8SPlotMYtwebpPY-ZlBQ3fE7PtRwiTxSpAW9YjtGw23IZuBQc,55,0,0,Quince Women's Cable,quince.com,https://www.quince.com/women/women-s-100-organic-cotton-cable-crewneck-sweater?color=shell-pink&size=m,https://i.pinimg.com/originals/69/de/49/69de490d88c4528ec7a090842db0334f.jpg,1000,1500,0,2026-07-08
2026-10-05,tricot feminino,AcDfgGyOVsg5TLlnB8HJvLUs-WZAj_6APDTMuVb538tYZ68nKYE9xXrVgVIz-tDdQn5rDog1ojQ-OIgh268MDgA,56,0,0,Miss Selfridge crop,asos.com,https://www.asos.com/us/miss-selfridge/miss-selfridge-crop-crochet-tie-front-cardigan-in-dusky-pink/prd/211181964?browseCountry=US&browseCurrency=USD,https://i.pinimg.com/originals/ba/ef/db/baefdb402b24bacd1d1ee0e63ff580ec.jpg,1080,1620,0,2026-06-12
2026-10-05,tricot feminino,4602115954850043968,57,0,0,Colete de Tricô Feminino Bianca,thatigutierrez.com.br,https://www.thatigutierrez.com.br/produtos/colete-de-trico-tricot-feminino-bia-1u3y2/,https://i.pinimg.com/originals/87/3c/6f/873c6fa3a19296883ba8cc19a69d3c9e.png,1024,1365,0,2026-09-15
2026-10-05,tricot feminino,1337074890615075,58,3427,0,"O colete de tricô já é queridinho por transformar qualquer produção básica em um look cheio de estilo. Mas quando ele vem com detalhes em pérolas, tudo muda: o básico ganha delicadeza, personalidade e",instagram.com,https://www.instagram.com/p/DMNnzKGu8W7/?img_index=3,https://i.pinimg.com/originals/43/b8/78/43b878de2321fda5d7643d9588ae96d6.jpg,1440,1918,0,2026-08-08
2026-10-05,tricot feminino,492649955310444,59,6814,0,✨|Suéter em tricot!,onelink.shein.com,https://onelink.shein.com/21/58khe1y7a6td,https://i.pinimg.com/originals/a0/48/fa/a048fa94c6d4fa5017ce869079c1d9d2.jpg,736,1121,0,2026-09-14
2026-10-05,tricot feminino,AURzp6kUtNZS9uVcw9KUeWDO4eGlc901VYFGRRHLf7z5kZ3TuXxvZ6DGUsWXEFSkuD7exLv9RKDS7aZUFiBF-xQ,60,0,0,Cable-Knit Shoulder-Pad,www2.hm.com,https://www2.hm.com/en_us/productpage.1356536001.html?utm_medium=unpl&utm_source=pinterest&utm_campaign=Global%20Performance_Dynamic%20Shopping&utm_content=performance&utm_term=us,https://i.pinimg.com/originals/43/7e/7d/437e7d67309244b3f6bd4543b4ef0334.jpg,2333,3500,0,2026-09-17
2026-10-05,tricot feminino,56013589126596168,61,483,0,🖤,,,https://i.pinimg.com/originals/db/ec/c3/dbecc3563b988b735e707d6c9bdac10f.jpg,736,1308,0,2026-07-06
2026-10-05,tricot feminino,ATlp4ZK98ChV3PI4i0-XPm5YxSuNMEuM40e6ZJ_WvBSkYXCpD8GZFQfSWsQ5OrPH4oCTkwAJjgkFUvUMS8hO3EI,62,69,0,Find everyday outfits for,kohls.com,https://www.kohls.com/catalog/womens.jsp?CN=Gender:Womens&BST=8199577:7964489:8210645:8099933&icid=social-paid-pncrsl-womenseverydayfalloutfits-np-2609wk3-frame1&cid=SO26PDPIN0784&utm_campaign=paid_social&utm_medium=paid_social&utm_source=pinterest&utm_content=2026pdpin784,https://i.pinimg.com/originals/8b/53/a6/8b53a66c31f25153ba7c0b6aeff127df.jpg,1080,1920,0,2026-09-11
2026-10-05,tricot feminino,AaooQSNIyWvbpGP4qPnkv1eXf61b59ryfX7N2tBJQE04tDuKyVsrPKrL9PbMqpOnVjwV_opda8OYLEX65Jjm9Jc,63,0,0,Women's Elegant Lace-Up,us.shein.com,https://us.shein.com/ark/default?scene=1&test=5051&ad_type=DPA&goods_id=178527609&pf=PINTEREST&url_from=PINADSDPA&ismg=e0a43d7be87748f61ffbf827c1805933cb9bc9d872f2e14f0f10090920ec1787_01_1791128076,https://i.pinimg.com/originals/76/9c/22/769c22e594afd877ad5978c8c9c488d6.jpg,1134,1598,0,2026-05-08
2026-10-05,tricot feminino,835417799674279111,64,2,0,Cardigan feminino: a terceira peça que transforma o look 🤎,s.shopee.com.br,https://s.shopee.com.br/8KpPuWdxi3?channel_type=pinterest,https://i.pinimg.com/originals/06/8e/3c/068e3c94f23cd413a7b654d8df983feb.png,1024,1536,0,2026-09-24
2026-10-05,tricot feminino,724094446389168244,65,1,0,Blusa de Tricot Feminina Branca | Blusa de Inverno Elegante,s.shopee.com.br,https://s.shopee.com.br/8fScIcvUXZ?channel_type=pinterest,https://i.pinimg.com/originals/bf/87/78/bf877872e5d320692f9d31516aac1486.png,1024,1536,0,2026-09-24
2026-10-05,tricot feminino,492649955266203,66,2330,0,Look feminino chic para qualquer ocasião suéter de tricô marrom,onelink.shein.com,https://onelink.shein.com/40/5u4omcxw1dte,https://i.pinimg.com/originals/15/98/52/159852aff29f207db5e0847a2e4b7e12.jpg,1080,1920,0,2026-08-26
2026-10-05,tricot feminino,66991113213205909,67,26,0,Conjunto de Bodysuit com calça em trico,onelink.shein.com,https://onelink.shein.com/46/5xrgnyudfrxc,https://i.pinimg.com/originals/89/ed/78/89ed7807de4b0f3f6659722a15a25e65.png,941,1672,0,2026-08-30
2026-10-05,tricot feminino,4598527169469691776,68,0,0,Cardigan Casaco Feminino Tricô com Botões Mileide,thatigutierrez.com.br,https://www.thatigutierrez.com.br/produtos/cardigan-casaco-feminino-tricot-trico-com-botoes-mileide/,https://i.pinimg.com/originals/45/b7/36/45b7365bdac5b21bfa27aa7b89dd0aae.png,1024,1536,0,2026-09-15
2026-10-05,tricot feminino,579064464633925524,69,32,0,Rate this Casual Sweater Dress......💖💖😊,,,https://i.pinimg.com/originals/23/bf/ae/23bfaebda90cc5034ec111243b6f5fbb.png,1024,1536,0,2026-09-30
2026-10-05,tricot feminino,ARSMtFokdNiJz7kz0xfcpdKdRGNwBryosK6UGfmaAU23indjxpMwQOBmj-nWt9rRZMwDxCq8Mwq_mITWHi4YF9c,70,5,0,Women's Double-Breasted,oyrosy.com,https://oyrosy.com/products/womens-double-breasted-camel-wool-blend-cropped-coat,https://i.pinimg.com/originals/23/76/bf/2376bfef71bafd304e45bb656c9a9331.jpg,1080,1920,1,2026-09-22
2026-10-05,tricot feminino,20618110790777507,71,540,0,Blue Crochet Co-ord,,,https://i.pinimg.com/originals/5c/ac/81/5cac81b438a2423e20fe99d3f321ab3c.png,1086,1448,0,2026-09-08
2026-10-05,tricot feminino,305259681018791230,72,102,0,Women's Sweater Outfit Wardrobe Essential,amazon.com,https://www.amazon.com/dp/B08D6BYSTK?pd_rd_i=B08D6BYSTK&pd_rd_w=FMc0m&content-id=amzn1.sym.3bc66c0a-cc61-4816-aa2d-e53327eaddb6&pf_rd_p=3bc66c0a-cc61-4816-aa2d-e53327eaddb6&pf_rd_r=ZV3GSBG9Z89KWVZWJ58H&pd_rd_wg=vaukK&pd_rd_r=230b31cd-5ee2-44ac-9c1f-c2bb1f902474&sp_csd=d2lkZ2V0TmFtZT1zcF9kZXRhaWxfdGhlbWF0aWM&th=1&psc=1&linkCode=ll2&tag=thelittlefi0f-20&linkId=90c2131fbc29eff5bdb25f308df14a11&langua,https://i.pinimg.com/originals/a5/9e/70/a59e70324514ef31d102189e1ba12269.png,1024,1536,0,2026-09-27
2026-10-05,tricot feminino,11610911542378803,73,195,0,"Burgundy knit sweater with cream trousers - 40 All Burgundy Outfit Ideas for a Rich, Bold Look",sewmamasew.com,https://www.sewmamasew.com/40-all-burgundy-outfit-ideas/,https://i.pinimg.com/originals/5c/e3/47/5ce3472e2c3d1f4f7abd9f86dba73c86.jpg,941,1672,0,2026-08-21
2026-10-05,tricot feminino,30891947447201410,74,99,0,Caramel Mohair Cardigan Outfit | Cozy Chic Fall Fashion Inspiration,instagram.com,https://www.instagram.com/ainura_booker?igsh=MW5lZXV5dTB4Mnc5Yw==,https://i.pinimg.com/originals/f3/bd/24/f3bd245f7e06db10e1008fefdedad651.jpg,816,1451,0,2026-09-15
2026-10-05,look academia feminino,634022453838986568,2,39,0,"Dewbera Dewbera Conjunto de Top Esportivo Sem Alças e Legging Sem Costura com Listras Brancas em Roxo para Mulheres, 2 Peças, Roupa Esportiva para Academia e Exercícios, Rosa e Branco, Verão, Sexy, Cu",onelink.shein.com,https://onelink.shein.com/52/61n2jquaoqvg?ismg_ol=K6uXZ2rpVCP_01_KOC-C,https://i.pinimg.com/originals/f4/41/27/f4412718b90dd44b9266df65f2035572.png,941,1672,0,2026-09-27
2026-10-05,look academia feminino,426505027239768001,3,125,0,Roupa de Academia Feminina | Roupas Bonitas de Academia | Conjunto de Academia,meli.la,https://meli.la/1JJdA6M,https://i.pinimg.com/originals/c4/eb/98/c4eb9885d2640deec9ca70a22dceca50.png,941,1672,0,2026-09-06
2026-10-05,look academia feminino,AYkh495MrkRkbGj3dnUvbocFi3WqzPz5JZNFZlKgUcvyf1TXTSthZxd9cN8IQoNRaGbdZWhLZD-VzoxHMrgTZq4,4,0,0,Vuori Women's Collection,vuoriclothing.com,https://vuoriclothing.com/collections/womens,https://i.pinimg.com/originals/79/ee/61/79ee61cff6870533603f55873f572b86.jpg,1080,1920,1,2026-08-10
2026-10-05,look academia feminino,213850682304787292,5,63,0,"Soyun Conjunto Feminino de 2 Peças Top de Yoga e Legging Primavera/Outono, Roupa Esportiva Slim Fit para Yoga e Uso Diário Esportes Verão",onelink.shein.com,https://onelink.shein.com/52/61n340vqccgj?ismg_ol=9tqjPne0uq0_01_KOC-C,https://i.pinimg.com/originals/8b/11/eb/8b11ebe40ade4dc5c5caf00a32a6c031.png,941,1672,0,2026-09-28
2026-10-05,look academia feminino,AThkt0LqKHS2_9trRmjm_cMypDFB_0PlZ3IvwawQeA4DvQDNwmDD-rzbGV4cug2-lo4TcVOXNByjTC-JTTrDyj8,6,20,0,Gymshark Everyday,gymshark.com,https://www.gymshark.com/products/gymshark-everyday-seamless-tank-with-shelf-sleeveless-tops-purple-aw25,https://i.pinimg.com/originals/be/03/3f/be033fa3414e3f890ef9e05f40ccda4e.jpg,402,480,0,2025-10-02
2026-10-05,look academia feminino,1080371398164374649,7,1,0,Conjunto Fitness Usuari,vt.tiktok.com,https://vt.tiktok.com/ZSbNSbABP/,https://i.pinimg.com/originals/65/b3/f5/65b3f58cca33665fce9131f57d147a35.png,1024,1536,0,2026-09-25
2026-10-05,look academia feminino,3025924747309170,8,22,0,Look Para Academia 🩷✨️,meli.la,https://meli.la/1EaicEH,https://i.pinimg.com/originals/72/00/c2/7200c22f5edde57e12ff356b70f5510e.jpg,1200,2133,0,2026-09-20
2026-10-05,look academia feminino,580471839518608628,9,13,0,Conjunto Fitness Feminino Cintura Alta,s.shopee.com.br,https://s.shopee.com.br/qixvevfDA?channel_type=pinterest,https://i.pinimg.com/originals/1c/ef/35/1cef357715d53cd80df49f1bc40b8ec6.jpg,1022,1536,0,2026-09-22
2026-10-05,look academia feminino,149322543895589633,10,49,0,Macacão fitness academia esporte,onelink.shein.com,https://onelink.shein.com/52/61n2u7p76ivf?ismg_ol=11HM7M7ECrL_01_KOC-C,https://i.pinimg.com/originals/b1/45/55/b1455562ce308dc6c744d55e4a883823.png,941,1672,0,2026-09-28
2026-10-05,look academia feminino,ATz1NMf7BS-vRe3nbBo7K4ixcBJTF6tEUoM10oUHnuZ9IDkNhOLPAT1gu6MUDRPU2-9Z2H7To_nIkRxeClWvm7w,11,609,0,Amazon Workout Essentials,amzlink.to,https://amzlink.to/az0hQHzBlmvL4,https://i.pinimg.com/originals/30/c2/11/30c211934f5128660b642a9ceeeaa06e.png,1000,1500,0,2026-06-16
2026-10-05,look academia feminino,1128151775439781149,12,2,0,Conjunto academia shorts e top,s.shopee.com.br,https://s.shopee.com.br/7fa4qyHC8t?channel_type=pinterest,https://i.pinimg.com/originals/ab/35/c6/ab35c6a8091556ae95651148f4ed8644.jpg,1092,1440,0,2026-09-24
2026-10-05,look academia feminino,AegF9win5PzI8cFfNntgF7j8WPDs1TvHqnbkQAgSmtSt1Z0PNp8Trh9RcEK0Nn5T25BF5GbW0tTj-SqPQpLo6YA,13,1,0,Move in On FormTec™,on.com,https://www.on.com/shop/apparel/training?utm_source=pinterest&utm_medium=cpc&utm_campaign=%7Bcampaignname%7D&utm_term=%7Badgroupname%7D&utm_content=%7Bcreative_id%7D&p_campaign=%7Bcampaign_name%7D&p_campaignid=%7Bcampaignid%7D&p_adgroupid=%7Badgroupid%7D&p_adgroup=%7Badgroupname%7D&p_adid=%7Badid%7D&p_keyword=%7Bkeyword%7D&p_keywordid=%7Bkeyword_id%7D&p_product=%7Bproduct_id%7D,https://i.pinimg.com/originals/32/db/09/32db09c1856756ee2e8d31b5bb28e589.jpg,1000,1500,0,2026-08-11
2026-10-05,look academia feminino,AWUHbso2XjTo1rPiMCK3rNjT6Is9eaKQVl4EA5_ZsiHln5biz74TiPEHCmn2YmAW9uJ_sIha2HkZWszDLEb42os,14,1826,0,Amazon Athleisure Under,amzlink.to,https://amzlink.to/az0PdSftSNgYE,https://i.pinimg.com/originals/44/a5/ea/44a5ea0f1a1dac52dca41eb4acc742b3.jpg,2500,3750,0,2026-02-06
2026-10-05,look academia feminino,772297036146211636,15,1,0,Conjunto Fitness Feminino Bee Basic Cropped,s.shopee.com.br,https://s.shopee.com.br/4LJdDpNRlc?channel_type=pinterest,https://i.pinimg.com/originals/04/a4/4b/04a44bbcb2b1174bd0021a64d821e32b.png,1088,1445,0,2026-09-24
2026-10-05,look academia feminino,1085437947726970530,16,4,0,Conjunto de Corrida Feminino 🏃‍♀️❤️‍🔥,onelink.shein.com,https://onelink.shein.com/53/62mz1z61tmlv?ismg_ol=5ZD4f8LcTZ1_01_KOC-C,https://i.pinimg.com/originals/8e/bb/39/8ebb3989eb96b2a1b91de05b5c6c8b48.jpg,1080,1920,0,2026-09-30
2026-10-05,look academia feminino,1098526534142223038,17,3,0,Conjunto academia Excalibur,s.shopee.com.br,https://s.shopee.com.br/1Lg17ddFUX?channel_type=pinterest,https://i.pinimg.com/originals/59/0e/32/590e323b9750f7715a170fe20a99e920.jpg,940,1671,0,2026-09-24
2026-10-05,look academia feminino,AcWCT6gnXP86CjBOV3lsRTW50b0RFYhBlVNjx353v725zWZZgX6dOeTDm35tCFyhjdZ-U1Eg50fOklisbqRhb6s,18,121,0,Amazon Fall Fitness,amzlink.to,https://amzlink.to/az0Vx9igBUsbA,https://i.pinimg.com/originals/ff/cc/77/ffcc77018df5a26aaacc7fb01a450e76.png,1000,1500,0,2026-09-15
2026-10-05,look academia feminino,626211523230614892,19,4,0,conjunto academia feminino,vt.tiktok.com,https://vt.tiktok.com/ZS9SvNJs83dkH-IdrTm/,https://i.pinimg.com/originals/ef/68/66/ef68667f51c9f59389035105ed9bf30f.png,941,1672,0,2026-09-24
2026-10-05,look academia feminino,1090574866048238997,20,1,0,O look fitness que deixa o treino muito mais estiloso! 🏋️‍♀️🔥,onelink.shein.com,https://onelink.shein.com/54/62yxg159na4y,https://i.pinimg.com/originals/d8/52/29/d85229689a2bf4db1ff3e02b3f56fb49.webp,1080,1920,0,2026-09-24
2026-10-05,look academia feminino,Af_O_X6Iu_WrCUyVy9GpGB20m-nCOIVzPqOrgWrLEWzfIoXNGa8DWx8S0jzRhsUdwhfY3GtxQaQXAWyS4bVyidg,21,1,0,Nike Tempo Swoosh,nike.com,https://www.nike.com/t/tempo-swoosh-womens-dri-fit-cap-sleeve-running-top-ssn6kOGn/IF4998-010?dplnk=member,https://i.pinimg.com/originals/e9/65/1e/e9651e1780c671780882dd5c38870e6f.jpg,1080,1350,1,2026-05-01
2026-10-05,look academia feminino,Ae3BoBEC6zXH6nss6wHSqBORXYR21dN3AbPez0EQeo0FZmT0ROSiCP-yzBUbveJHKzS9ErrCnCV2c3DzSb8wLXg,22,2,0,Skechers D'Lites® 330,skechers.com,https://www.skechers.com/skechers-slip-ins-arch-fit-dlites-330---modern-retro/150743_WHT.html,https://i.pinimg.com/originals/c3/6d/8e/c36d8e01b7ee3cce26b8dbbca05acfa6.jpg,5304,7952,0,2026-08-11
2026-10-05,look academia feminino,AWsaKycgmhHvxr3Ly5KXTTE0FVPaQ7eIefPh6C7E1gJM5h4Z4lbokr2wlplpN1k8AmsDUF41R6bmlCxVctFrbtc,23,10,0,Find women’s athleisure,kohls.com,https://www.kohls.com/catalog/womens-active.jsp?CN=Gender:Womens+Occasion:Active&BST=8131179:8132516:6581283&icid=social-paid-pncrsl-womensfallathleisure-np-2609wk2-frame1&cid=SO26PDPIN0733&utm_campaign=paid_social&utm_medium=paid_social&utm_source=pinterest&utm_content=2026pdpin733,https://i.pinimg.com/originals/e7/af/9e/e7af9ebc2e05641f1a19d9e14cebec69.jpg,1000,1500,0,2026-09-03
2026-10-05,look academia feminino,638385315978575846,24,9,0,Conjunto para academia,onelink.shein.com,https://onelink.shein.com/53/62idgp3fsx4c?ismg_ol=BjolXbGuseH_01_KOC-C,https://i.pinimg.com/originals/0b/c2/3e/0bc23ec22b816bf28a20d69edc9f24a8.jpg,1080,1920,0,2026-09-19
2026-10-05,look academia feminino,AVPTRY4QYSmqYJUL29sBduj4OeDKDmZKGinpfNraHJIbo9lRBeG85dU9Pww8P1RZXsFHe7Bdj33wbwXKvTJFRVU,25,127,0,Casual Athleisure Outfit,amzn.markable.ai,https://amzn.markable.ai/GcCODmkx,https://i.pinimg.com/originals/95/8e/d5/958ed5339cbafe41746119124f313c12.png,1000,1500,0,2026-04-15
2026-10-05,look academia feminino,1137721924648548747,26,3,0,Conjunto Fitness Feminino Azul-Marinho com Cropped Um Ombro e Legging,onelink.shein.com,https://onelink.shein.com/53/6299xci7icu1?ismg_ol=90ygZ4JdVGB_01_KOC-C,https://i.pinimg.com/originals/b9/77/e1/b977e1a20c4dabc68adb8656cfff9af4.jpg,960,1280,0,2026-09-18
2026-10-05,look academia feminino,AXs_j88zP9Zm2wLKpnLUuEMxp5f5nx-mmdr2DcOGMC9R7qsZsftX3a5kqaNBlgaWPVdf0WECbr5MCnaKFA3672I,27,0,0,NikeSKIMS Satin Shine,skims.com,https://www.skims.com/products/nikeskims-satin-shine-bonded-waist-26-inch-legging-phoenix?variant=47897969787233,https://i.pinimg.com/originals/61/23/ee/6123eecb49a8631dc04948b4afdddc1f.png,1080,1620,0,2026-09-25
2026-10-05,look academia feminino,AZKwiIFYCDSecZrdzcaSo3TxfoabNHU1VewJ1aaVW3KEEnRr3qRJOyWyldxCVC5YuldPpo6eDtb_RMZw_NLtFOc,28,1,0,A new era of Elevate is,youngla.com,https://www.youngla.com/collections/new-launch-for-her?utm_source=Pinterest&utm_medium=PaidSocial&utm_campaign=%7Bcampaignid%7D&utm_content=%7Badgroupid%7D,https://i.pinimg.com/originals/6d/ae/3e/6dae3ec0bbafd18a0f5fb2bac504ba95.jpg,4672,7008,0,2026-09-09
2026-10-05,look academia feminino,233694668162348158,29,7,0,Conjunto de Corrida Feminino 🏃‍♀️❤️‍🔥,onelink.shein.com,https://onelink.shein.com/53/62mywlt0tni2?ismg_ol=2XAxXTWlpis_01_KOC-C,https://i.pinimg.com/originals/91/88/61/918861f137a9270dc46228a328d453af.jpg,1080,1920,0,2026-09-29
2026-10-05,look academia feminino,595671488261325893,30,6,0,CONJUNTO SHEIN 😍⬆️⬆️,onelink.shein.com,https://onelink.shein.com/53/62ke2p7hvz1n?ismg_ol=FjAaFIp9xsq_01_KOC-C,https://i.pinimg.com/originals/82/41/65/824165e9ea9fd7d8079936c6cbd3e357.jpg,1080,1920,0,2026-09-26
2026-10-05,look academia feminino,670895675787124256,31,35,0,Conjunto deportivo 2 piezas,,,https://i.pinimg.com/originals/8a/16/5a/8a165a2d201e4fe10c5b3dbcdf4c5cc0.png,1024,1536,0,2026-09-29
2026-10-05,look academia feminino,633178028910895968,32,34,0,Conjunto Feminino De Academia Regata De Um Ombro E Legging Esportiva Com Levamento Sem Costura,onelink.shein.com,https://onelink.shein.com/49/5zwsjha11mcc?ismg_ol=LRzCcta5GcN_01_KOC-C,https://i.pinimg.com/originals/dd/86/35/dd8635c3f458012385affee407912982.png,1024,1536,0,2026-09-07
2026-10-05,look academia feminino,636977941102290977,33,2,0,look pro treino de hoje 💪🏻🏋🏻‍♀️✨ LINK ABAIXO COM MAIS DETALHES,meli.la,https://meli.la/1RK6Qyq,https://i.pinimg.com/originals/06/c0/48/06c048fc78fe7a9cd11301a654fea6cc.png,1024,1536,0,2026-09-16
2026-10-05,look academia feminino,296745062971279017,34,113,0,Elevação lateral,,,https://i.pinimg.com/originals/8e/b0/f2/8eb0f23ee01825f98fa812ccdffdd8bf.jpg,1024,1536,0,2026-09-19
2026-10-05,look academia feminino,AWvuPHbtcCUUyZ79YPiEVKpPg22bFuFtFPJbGLlq1n_QmuY3sXlTvHD7ejQC7Z3-4BElnExc3zZ-06Hj7da5NhY,35,1,0,Temu | Conjunto de yoga,temu.com,https://www.temu.com/ul/kuiper/un3.html?subj=dpa-un&_bg_fs=1&_p_jump_id=1082&_x_vst_scene=adg&goods_id=601104439097219&adg_ctx=a-0822485c~c-80a15c06&_p_rfs=1&_x_ads_channel=pinterest&_x_ads_creative_id=%7Bproduct_partition_id%7D&_x_ads_id=%7Badgroupid%7D&_x_ads_set=%7Bcampaignid%7D&_x_ads_sub_channel=shopping&_x_ns_catalog_id=1580405374697&_x_ns_creative=%7Badid%7D&_x_ns_gid=601104439097219&_x_ns_,https://i.pinimg.com/originals/f6/d4/44/f6d4449f7255de9083fff148f290c5e4.jpg,2000,3000,0,2026-07-29
2026-10-05,look academia feminino,Ad6la3z7WegnzWYVttjI7-cD9XxcrM-qOsvFumM4ZwQqwe44tScoN8_BO1lpNyM-YsmXqyD4R-GK1qUVOR1S9o4,36,4067,0,WISKII Season's Must -,wiskiiactive.com,https://wiskiiactive.com/collections/2024-winter-essentials,https://i.pinimg.com/originals/bd/20/08/bd2008f4a93cc18aad384f1c8247909d.jpg,720,1280,1,2024-12-11
2026-10-05,look academia feminino,835910380883293322,37,56,0,roupa de academia,s.shopee.com.br,https://s.shopee.com.br/60Om6Xdh5M?channel_type=pinterest,https://i.pinimg.com/originals/da/14/1a/da141a1557f957f0f1f25f4d1c1af27f.png,941,1672,0,2026-05-28
2026-10-05,look academia feminino,113504853104985517,38,71,0,Roupa de academia,onelink.shein.com,https://onelink.shein.com/45/5xh0vdihvwnp,https://i.pinimg.com/originals/af/e3/ac/afe3ac62176b60b024c7d73a8dd4f898.jpg,1080,1920,0,2026-07-31
2026-10-05,look academia feminino,149533650124650466,39,9,0,Calça Legging Fitness Feminina de Academia | Look Fitness✨,onelink.shein.com,https://onelink.shein.com/50/60s1pehmla1u?ismg_ol=BLAhRX3ojuk_01_KOC-C,https://i.pinimg.com/originals/99/d0/63/99d0636e57c0a7aa8cb682ab88601fc1.jpg,1080,1920,0,2026-09-22
2026-10-05,look academia feminino,AaDwtwzDaJ_ANkvJQvoMNIflNbVCpmmgfG1Af6FGkzUwWoG1eB2OQ6jNxXIE7170k0VfJ0PBBtRnnv8kwkr8vGg,40,5,0,Temu | A Two-piece Solid,temu.com,https://www.temu.com/ul/kuiper/un3.html?subj=dpa-un&_bg_fs=1&_p_jump_id=1082&_x_vst_scene=adg&goods_id=601105514575347&adg_ctx=a-99f59d95~c-ff7ee31c&_p_rfs=1&_x_ads_channel=pinterest&_x_ads_creative_id=%7Bproduct_partition_id%7D&_x_ads_id=%7Badgroupid%7D&_x_ads_set=%7Bcampaignid%7D&_x_ads_sub_channel=shopping&_x_ns_catalog_id=1567707391772&_x_ns_creative=%7Badid%7D&_x_ns_product_id=17619861169567&,https://i.pinimg.com/originals/b5/fe/18/b5fe18e74df02389aea249f5f3701290.jpg,2000,3000,0,2026-07-15
2026-10-05,look academia feminino,126945283242082437,41,137,0,"Powerista Conjunto Esportivo Feminino com Top Cropped e Shorts com Estampa de Letra e Contraste de Cor, Conjunto de Treino para Mulheres",onelink.shein.com,https://onelink.shein.com/52/61n314b3c16s?ismg_ol=AzRgvsrQItZ_01_KOC-C,https://i.pinimg.com/originals/e9/4c/e4/e94ce40aa2e0e8d63fd2c16f9024d0b1.png,941,1672,0,2026-09-30
2026-10-05,look academia feminino,946389309216672566,42,4,0,Look Fitness Cinza Feminino | Conjunto Esportivo Sem Costura 🩶✨,onelink.shein.com,https://onelink.shein.com/52/6260yknpxf71?ismg_ol=0AxlKIA4MQl_01_KOC-C,https://i.pinimg.com/originals/4f/17/05/4f1705c7f171e51eb4df40cd0cf484b4.jpg,1080,1920,0,2026-09-16
2026-10-05,look academia feminino,1759287349517553,43,73,0,Roupa de academia/ look de academia,onelink.shein.com,https://onelink.shein.com/44/5x1hidy3uxjr,https://i.pinimg.com/originals/30/a5/c4/30a5c440f5a5c10e595a374179930fd8.png,768,1364,0,2026-08-30
2026-10-05,look academia feminino,101542166600279302,44,6,0,Conjunto Academia,s.shopee.com.br,https://s.shopee.com.br/1gIVYmGwoy?channel_type=pinterest,https://i.pinimg.com/originals/5c/d3/c2/5cd3c2b7e5e70ec717a9071b9ea0f1d0.jpg,1024,1536,0,2026-09-24
2026-10-05,look academia feminino,AYj0Z19p19bI07fHAP71lpggTtGb5N0sUIjslQGElV_-bOzzSLUgSEAgMx6C4nvbv29SuS-ilTs270Ehfp9ohZU,45,1,0,Temu | 2pcs Solid Color,temu.com,https://www.temu.com/ul/kuiper/un3.html?subj=dpa-un&_bg_fs=1&_p_jump_id=1082&_x_vst_scene=adg&goods_id=606565864190733&adg_ctx=a-c6e016fa~c-b64f3e18&_p_rfs=1&_x_ads_channel=pinterest&_x_ads_creative_id=%7Bproduct_partition_id%7D&_x_ads_id=%7Badgroupid%7D&_x_ads_set=%7Bcampaignid%7D&_x_ads_sub_channel=shopping&_x_ns_catalog_id=1567707391772&_x_ns_creative=%7Badid%7D&_x_ns_gid=606565864190733&_x_ns_,https://i.pinimg.com/originals/fc/1c/7a/fc1c7af5aa92e99061c5c13266d1c486.jpg,2000,3000,0,2026-06-24
2026-10-05,look academia feminino,699535754669947184,46,3,0,CONJUNTO SHEIN 😍⬆️⬆️⬆️,onelink.shein.com,https://onelink.shein.com/53/62ke63jevdhj?ismg_ol=HwwYsZEFcxd_01_KOC-C,https://i.pinimg.com/originals/cb/92/5e/cb925e9c33f515a0133e09598baca79d.jpg,1080,1920,0,2026-09-30
2026-10-05,look academia feminino,13440498884795067,47,299,0,Look Fitness Básico e Estiloso🤍,onelink.shein.com,https://onelink.shein.com/42/5vg28so7db2w,https://i.pinimg.com/originals/c9/b5/03/c9b5033a14952ec3b8d048f3236e9d8f.jpg,1080,1920,0,2026-08-08
2026-10-05,look academia feminino,500814421091077050,48,11,0,Conjunto Fitness Feminino 2026,onelink.shein.com,https://onelink.shein.com/51/61bpk6fkb5fx?ismg_ol=GONXolti1Bu_01_KOC-C,https://i.pinimg.com/originals/f0/ad/88/f0ad88d0ccf2e6ffd7d99e5ae6dc46ab.jpg,1080,1920,0,2026-09-22
2026-10-05,look academia feminino,836473330840520563,49,6,0,conjunto fitness academia esportes,onelink.shein.com,https://onelink.shein.com/52/61n2xzubz0gk?ismg_ol=62ON9IR1XLv_01_KOC-C,https://i.pinimg.com/originals/5c/e2/d8/5ce2d85d676d1e3bc183170ef8a0aa62.png,941,1672,0,2026-09-11
2026-10-05,look academia feminino,2111131074098698,50,1000,0,Pearl's Amazon Page,amazon.com,https://www.amazon.com/shop/moodmade?ref_=cm_sw_r_apann_aipsfshop_5P24BPHGA1H957ZY2SSH&language=en-US&ccs_id=357f6e80-b65a-403f-bcf8-c0b9e69d3e40,https://i.pinimg.com/originals/21/99/14/21991452025fbc0407f1e67984831eca.jpg,736,1104,0,2026-09-10
2026-10-05,look academia feminino,30399366230744892,51,30,0,Conjunto Fitness Feminino Preto: Top e Bermuda de Compressão para Treino,meli.la,https://meli.la/1eRTgB5,https://i.pinimg.com/originals/26/62/0a/26620ac255916af381949adfc54ddaeb.png,1440,2560,0,2026-09-29
2026-10-05,look academia feminino,591238257379623230,52,2,0,Fitness I Academia I Moda Fitness I Academia,meli.la,https://meli.la/2PLgfGH,https://i.pinimg.com/originals/70/67/4a/70674ac66ac72dc6995e17188744929e.jpg,942,1672,0,2026-09-20
2026-10-05,look academia feminino,1139058930796116559,53,3,0,Conjunto micro canelado meia lua bojo removível + short cintura alta UV50+ fitness academia treino,s.shopee.com.br,https://s.shopee.com.br/9zxrhmg7QK?channel_type=pinterest,https://i.pinimg.com/originals/e8/19/e8/e819e86e143c8904dc85f3f4ffbaa48d.png,1024,1536,0,2026-09-20
2026-10-05,look academia feminino,299137600278274816,54,64,0,casaco fitness feminino,meli.la,https://meli.la/1Cs9Ygv,https://i.pinimg.com/originals/9f/0e/6e/9f0e6e4e19ab2aeb9bfe7d784b5b9f7f.png,941,1672,0,2026-09-17
2026-10-05,look academia feminino,AW4icbtgpo8cvKB5Hl3Fbo9rMdbN7tGtQIoaRo-Sb9IT_fRzIb8xxldH0H31N84OBk0eVOxHSP3kLjp7vlrD9dE,55,0,0,"If it’s good, it’s on",depop.com,http://www.depop.com/,https://i.pinimg.com/originals/9a/ad/9a/9aad9a5a13c0b245eec32fe5803f5016.jpg,1080,1920,1,2026-08-26
2026-10-05,look academia feminino,1106618939719477346,56,1,0,roupa de academia,s.shopee.com.br,https://s.shopee.com.br/3LR48FJWqy?channel_type=pinterest,https://i.pinimg.com/originals/24/dd/6c/24dd6c6038a666a8cce350e2d487df46.jpg,1536,2752,0,2026-09-23
2026-10-05,look academia feminino,AQFSWv-d5SZysP4ZfULoyaM8Z_leiAq595x2bQA9ocFpZzQm97pValhJ7JVjAIE5-il-lEHqN2phbHjYJOKRxeE,57,5,0,Gymshark Vital Seamless,gymshark.com,https://www.gymshark.com/products/gymshark-vital-seamless-tank-with-shelf-sleeveless-tops-pink-aw26,https://i.pinimg.com/originals/8f/22/6d/8f226d6dda8ce70b5ef5352289479b8e.jpg,402,480,0,2026-08-28
2026-10-05,look academia feminino,AYiSq4qEV8T3Sq8KXggy5piKffUN38rltQ0ut6nbf-UyyLs5ZXTOxZrnUO8MQsYgxEkolLYnvPh-vhdsDCWzsIE,58,790,0,Amazon Workout Outfit,urlgeni.us,https://urlgeni.us/amzn/dEfjJ2,https://i.pinimg.com/originals/15/5c/48/155c48e1f8e50621a814310d09b8ad2d.png,1000,1500,0,2026-02-03
2026-10-05,look academia feminino,AUENyev3sB7t6_7EHg4jSsc7aN4WMPdhvhnuw2VaBzX6QNGuzQVu6EMmJSX6hOYJ88bv6m6_vq9yWHmZ0xeOMT8,59,81,0,Find women’s fall outfits,kohls.com,https://www.kohls.com/catalog/womens.jsp?CN=Gender:Womens&BST=8333207:6483511:8167823:8601265:6333958&icid=social-paid-pncrsl-womensversatilestyling-np-2609wk2-frame1&cid=SO26PDPIN0748&utm_campaign=paid_social&utm_medium=paid_social&utm_source=pinterest&utm_content=2026pdpin748,https://i.pinimg.com/originals/57/c7/bd/57c7bd9f9f5369e0ea514ab00a12202c.jpg,1000,1500,0,2026-09-03
2026-10-05,look academia feminino,702139398202028168,60,7,0,,,,https://i.pinimg.com/originals/03/2a/c6/032ac61cabf1cc87fb65a9fed253f300.png,941,1672,0,2026-09-30
2026-10-05,look academia feminino,296745062970745771,61,82,0,✨ Looks femininos elegantes por menos de R$ 100,s.shopee.com.br,https://s.shopee.com.br/50WT752RGM?channel_type=pinterest,https://i.pinimg.com/originals/20/2c/53/202c5339f01b304140d29a25c189a632.png,941,1672,0,2026-07-04
2026-10-05,look academia feminino,AdOXR2kuyP6DdTKNZsTeTNXlrJRp-suP5jn0pTiIlXnR2r1WCNHBQIymbYG4EESfPD64W0NHzoa_xPfWSxfAUVE,62,1,0,Streetwear Outfit Ideas,aelfriceden.com,"https://www.aelfriceden.com/collections/best-sellers?sort_by=aelfric-eden-boxy-contrast-stripe-zip-up-hoodie,aelfric-eden-baggy-sweatpants-2",https://i.pinimg.com/originals/85/e2/d1/85e2d1c778ea8a968a28d21578cca1fb.webp,360,640,0,2026-06-04
2026-10-05,look academia feminino,17381148558765781,63,1420,0,,,,https://i.pinimg.com/originals/ca/66/7c/ca667cd43285446084cb02a8b0ab2fc2.jpg,1080,1920,0,2026-09-24
2026-10-05,look academia feminino,AdVJBCTGP-0MwJ6bU90sgKftmww8GOtHa_mIlywFrnDoggVTrUkAAO3SG3nrJyzAUNMHb4PX5S6BqsAQk2chkKI,64,2,0,Umbro UO Exclusive,urbanoutfitters.com,https://www.urbanoutfitters.com/shop/umbro-uo-exclusive-checkered-performance-short?color=001&utm_medium=paid_social&utm_source=pinterest&utm_campaign=%7Bcampaignid%7D&utm_content=%7Bproduct_id%7D&utm_term=%7Badgroupid%7D&p_campaignid=%7Bcampaignid%7D&p_adgroupid=%7Badgroupid%7D&p_product=%7Bproduct_id%7D&p_prodgroupid=%7Bpromoted_product_group_id%7D,https://i.pinimg.com/originals/1b/ac/25/1bac2523bf28650d1757c5afdad45cad.jpg,600,900,0,2026-03-04
2026-10-05,look academia feminino,140806235420863,65,7192,0,,,,https://i.pinimg.com/originals/4b/95/cf/4b95cff0c9aef3d310cd8da0ef77ec90.png,1080,1632,0,2026-09-02
2026-10-05,look academia feminino,AcjRbmzq259P12qKDyuervauEippvpCu78oS1bNwTA6tVk1-bK0-MjIBzuCY9RKUo-QRJ32CY4by9CXabbuF1QA,66,1,0,"Fabletics, By Khloé",fabletics.com,https://www.fabletics.com/dmg/3F870C?utm_medium=paid_social_media&utm_source=pinterest&utm_campaign=pin_campaign_id_%7Bcampaignid%7D&utm_content=pin_adgroup_id_%7Badgroupid%7D&utm_term=pin_id_%7Badid%7D&nbt=nb:pinterest::%7Bcampaignid%7D:%7Badgroupid%7D:%7Badid%7D&nb_kwd=%7Bkeyword%7D&nb_device=%7Bdevice%7D&nb_platform=pinterest&nb_pn=%7Bproduct_name%7D&nb_ppgid=%7Bpromoted_product_group_id%7D&nb_,https://i.pinimg.com/originals/ec/a5/5a/eca55a772c9246b298c5f89e4fcb5218.png,1000,1500,0,2026-09-25
2026-10-05,look academia feminino,AdcURsmzGyxSIMBgKfGacj_6sRo3MDHehyefyXsV7B06__MKDqgx0CUxe4yPIEDKl0w44YrihSxOq5s0hcLNrYo,67,1,0,Shop Dark Ivy,beyondyoga.com,https://beyondyoga.com/collections/new-hues-dark-ivy?utm_source=Pinterest&utm_medium=SOC&utm_campaign=AO26%7CPER%7CEVG&utm_term=pin_%7Bcampaignid%7D_%7Badgroupid%7D_%7Bcreative_id%7D&utm_id=%7Bcampaignid%7D,https://i.pinimg.com/originals/cb/4a/8b/cb4a8b151f57de6c73fd334f0f5f09c5.jpg,1000,1500,0,2026-09-21
2026-10-05,look academia feminino,13440498884916190,68,61,0,Look de treino| Treino estilosa| Outfit de treino,onelink.shein.com,https://onelink.shein.com/49/606pbsp1d54z?ismg_ol=IfOuA9PVOev_01_KOC-C,https://i.pinimg.com/originals/be/92/51/be9251ffa9b8167d53753ce56459417f.png,1024,1536,0,2026-09-21
2026-10-05,look academia feminino,AQ7MgsO8mwD4-ohCkkPwLovvwHlujpUprAU9aXmCX-8eDZnFhfRtUDl1Ynpq3dA-GFAkMgRwPrd_7ifEKyRUPgk,69,275,0,✨Built-in bra tee -,marielouise-paris.com,https://marielouise-paris.com/en-us/collections/meilleurs-ventes-du-moments?tw_source=pinterest&tw_adid=%7Badid%7D,https://i.pinimg.com/originals/35/cc/61/35cc61a0b0ad5ca58bbbc6b46d427315.png,1000,1500,0,2025-11-28
2026-10-05,look academia feminino,Aeqt9XAEoYbNLuibmdySpOlYSzuEDl7tDbkZ9SZHofV6LDZwE520TS8xHfrkRPkEsbJvLhbtffNct403HfWLAls,70,1,0,Nike Universa,nike.com,https://www.nike.com/t/universa-womens-high-waisted-7-8-leggings-with-no-front-seam-tTQDxt/HQ6813-503?dplnk=member,https://i.pinimg.com/originals/bc/8a/3b/bc8a3bc852358e2a48f8ad32277b1668.jpg,1080,1350,1,2026-09-16
2026-10-05,look academia feminino,13792342604970761,71,469,0,,,,https://i.pinimg.com/originals/04/ee/44/04ee44672d2cd6e94b73080f5d67c11d.jpg,720,1280,0,2026-09-09
2026-10-05,look academia feminino,654851602115426416,72,10,0,Look estilo treino,onelink.shein.com,https://onelink.shein.com/53/62ckg2v91wmi?ismg_ol=B3dIRxKA4y1_01_KOC-C,https://i.pinimg.com/originals/dc/99/90/dc9990564da02ee1f4d6275d5de21304.jpg,1080,1920,0,2026-09-29
2026-10-05,look academia feminino,589690145004320804,73,7,0,"Conjunto de academia rosa da shein por apenas R$109,99",onelink.shein.com,https://onelink.shein.com/51/61fa0t0feeit?ismg_ol=8afXlhfnqaD_01_KOC-C,https://i.pinimg.com/originals/20/46/81/204681dd76e4da6757aae0b74a195165.png,941,1671,0,2026-09-08
2026-10-05,look academia feminino,129408189289866769,74,91,0,conjunto fitness academia,onelink.shein.com,https://onelink.shein.com/43/5vxuurm0xbhw,https://i.pinimg.com/originals/9d/95/a0/9d95a07a278400ee42ae2dfead05becd.jpg,1080,1920,0,2026-08-11
2026-10-05,look academia feminino,419257046583466408,75,11,0,Conjunto feminino | Fitness | academia,onelink.shein.com,https://onelink.shein.com/52/61k0kndqb2oe?ismg_ol=1aTnBfSjKq3_01_KOC-C,https://i.pinimg.com/originals/38/e5/4d/38e54d16fa0161638146fe14fb4884e5.jpg,1024,1536,0,2026-09-18
2026-10-05,calca jeans flare,AT2S7-0Ipcy4xju2BBz8rSvdt1zOgJHx5BIeBH4Y7enR2bA8fC25WYrOQ8OW14vJR9qFCKenmQQResd4dVXZ4Qc,2,7,0,Tecovas Women's Mid-Rise,tecovas.com,https://www.tecovas.com/products/womens-mid-rise-slim-flare?color=medium-wash-stretch-denim,https://i.pinimg.com/originals/70/33/0b/70330bb2551c04e6d727593eea310e4f.png,2000,2500,0,2026-08-27
2026-10-05,calca jeans flare,AbxMAmsirJWj8A9oG7nGKkTmWrpaeGLBN_cmp3dne1pdogkA1eV3K6oqrNw_L59nk0F5zGamo6LZztEQOXx1Iuo,3,0,0,Fiona High Waisted Bell,etsy.com,https://www.etsy.com/listing/4319117286/fiona-high-waisted-bell-bottom-jeans,https://i.pinimg.com/originals/2b/5a/5e/2b5a5ee202979e6e314b4bdc302f233c.jpg,1066,1600,0,2026-07-24
2026-10-05,calca jeans flare,AQC_OY5UTuH-y-PFb18Sgr0tftVz79aPcvLn1RDjGSPNkpOm4ueisL9zg047y5rmcZtRAx5Qo0iXZ4uxjpthkEs,4,763,0,Amazon Capsule Wardrobe,amzlink.to,https://amzlink.to/az0RlrZywll67,https://i.pinimg.com/originals/28/ad/d0/28add003079a701cb237c1be2d6ee3fb.png,1000,1500,0,2026-04-19
2026-10-05,calca jeans flare,64387469669236264,5,295,0,Cropped de Renda Marrom + Calça Jeans Flare — Estilo que Encanta! 🤎💙,bio.site,https://bio.site/Sirlanesantos,https://i.pinimg.com/originals/36/09/91/360991e6f43063fec87c013e309df7fc.png,941,1672,0,2026-09-29
2026-10-05,calca jeans flare,1125407394440960721,6,12,0,Calça Jeans Flare confortável | Look para trabalho,meli.la,https://meli.la/1pjfUmv,https://i.pinimg.com/originals/b7/17/35/b71735f96e158ee328923aa5c9bdc2c3.png,1024,1536,0,2026-09-16
2026-10-05,calca jeans flare,584131014216492103,7,3,0,,cdn.sewmamasew.com,https://cdn.sewmamasew.com/wp-content/uploads/2026/05/Trench-coat-and-flare-jeans.jpg?width=500&quality=75,https://i.pinimg.com/originals/c1/fb/ad/c1fbad2f14cc6a3f1f84a04ecf57997f.jpg,500,888,0,2026-09-09
2026-10-05,calca jeans flare,Aa4kOuyC2WAyodw2dee6t7SxMUAdh68gOl0r-q_hwZu67nLsDAH2CH2zeejaRYRmlrx81rZ9qu-zaKUBuo7eDJY,8,0,0,Quince | Women's Nina,quince.com,https://www.quince.com/women/pull-on-kick-flare-jeans?color=laguna-blue&size=m,https://i.pinimg.com/originals/dd/e7/14/dde714dc81f66bb41f66172f057896c0.jpg,1000,1500,0,2026-06-30
2026-10-05,calca jeans flare,1110770695654932109,9,2,0,Women’s High Waist Flared Jeans | Trendy Wide Leg Denim | Casual & Stylish Outfit,,,https://i.pinimg.com/originals/07/41/6e/07416eacdbdb2c380b202abcc22aaaf5.png,1024,1536,0,2026-09-21
2026-10-05,calca jeans flare,ATXisr1mg0x020KDq7iiTH0sP44hADvYq31k_sEuME85Z1cZXnBW4ibDfub9J53Tfsi8rcxHgpf3NxsJtPV6NKA,10,0,0,"Denim, Modern Mix",express.com,https://www.express.com/womens-clothing,https://i.pinimg.com/originals/89/cc/85/89cc85c3ba04ae038f6ac9356669c6ee.jpg,1440,1800,1,2026-09-30
2026-10-05,calca jeans flare,AarCz1DpdCMxn16chPmEFBfvYiTmSqttYEYRdAd7y4fMGv6uh7vANwltO4YQgYUzGDGek-iYtsc4TTCp4TP2Rr8,11,0,0,Casual Distressed Slim,us.shein.com,https://us.shein.com/ark/default?scene=1&test=5051&ad_type=DPA&goods_id=43431541&pf=PINTEREST&url_from=PINADSDPA&ismg=278a145355c0f4ae1ed077b25deb6afed2b29220e207757b67432dc5c9334e93_01_1791128102,https://i.pinimg.com/originals/57/bf/67/57bf67543be42e1d33767432ffe3fe25.jpg,1340,1785,0,2026-10-01
2026-10-05,calca jeans flare,997406648747180311,12,1,0,Calça Flare Preta Jeans: O Guia Definitivo para um Look Elegante e Alongado.,s.shopee.com.br,https://s.shopee.com.br/6L4bRxxUey?channel_type=pinterest,https://i.pinimg.com/originals/39/65/74/3965747c617683a948b77d8c549e4c73.jpg,1152,2048,0,2026-09-20
2026-10-05,calca jeans flare,AbGKJVfq8kBMz0qxaTjWatRDkny3WELDIfcSqh7XsBWxcEyWtq4SFa2oSKEXbsRD_vzpZyJv2mpntPChXtXqFyo,13,13,0,We The Free Womens 28,ebay.com,https://www.ebay.com/itm/306836642798?norover=1&siteid=1&mkevt=1&mkcid=16&chn=psoc,https://i.pinimg.com/originals/33/11/f1/3311f1297a0104ad0f5ad5b10bdd98a3.jpg,1024,1536,0,2026-03-26
2026-10-05,calca jeans flare,AY65WQTKhfwbidyIFhxOuuEky79YYMA6IHZBKYkinDdCFPSAWr6LEcis44v6YInPQkjNKxpYEkwNnsPAC-Rm_us,14,59,0,Find the latest denim at,kohls.com,https://www.kohls.com/catalog/womens-jeans-bottoms-clothing.jsp?CN=Gender:Womens+Product:Jeans+Category:Bottoms+Department:Clothing&BST=6125774:7922007:8134347&icid=social-paid-pnstatcoll-denimtrendbadge1-wjeans-np-2608wk3&cid=SO26PDPIN0626&utm_campaign=paid_social&utm_medium=paid_social&utm_source=pinterest&utm_content=2026pdpin626,https://i.pinimg.com/originals/b9/b3/ea/b9b3ea1c8802488ed08d562bd1512f0a.png,1000,1500,0,2026-08-14
2026-10-05,calca jeans flare,1148417973759372018,15,3,0,Wide Leg Jeans for Women | Amazon Fashion Find,,,https://i.pinimg.com/originals/e2/13/c9/e213c9f217dcc19c2a3ba1112f26ad3e.jpg,940,1671,0,2026-09-07
2026-10-05,calca jeans flare,AeODBV8L7mY_9MHOAJgGnt0V8_T0vLvgpJV-xPhxlD6vdK1fODi0DdNcFD009mpplb1P_xYAxwN_wFuPJI2juBU,16,315,0,Fiona High Waisted Bell,willowboutique.com,https://willowboutique.com/products/fiona-high-waisted-bell-bottom-flare-jeans-all-colors?variant=48222042128627,https://i.pinimg.com/originals/8d/79/e6/8d79e629e1166adf1457edd934a5be87.jpg,1226,2048,0,2025-12-18
2026-10-05,calca jeans flare,1146940230214456676,17,1,0,Calça Jeans Flare super estilosa ❤️,s.shopee.com.br,https://s.shopee.com.br/5q8HojGqsw?channel_type=pinterest,https://i.pinimg.com/originals/69/42/7e/69427e5ca613de0a6e1642dda38eefe7.png,941,1672,0,2026-09-19
2026-10-05,calca jeans flare,1136736762242757875,18,1,0,,,,https://i.pinimg.com/originals/e2/d9/d7/e2d9d7c383c82cd8ee1f7724377fc943.png,1000,1500,0,2026-09-24
2026-10-05,calca jeans flare,AdMwOM7JpKN9UiRozPKRMAaSSCjMHn7JEXaRVRob4V40Z6-gQmA2E9jmUpd9sEq9xmrsc2GtQlrW7Oi5rrL4vis,19,8,0,LaiyiVic Bell Bottom,amazon.com,https://www.amazon.com/Bottom-Jeans-Waisted-Classic-Flared/dp/B08V4QDVFZ?ref_=pinterest_fplfs,https://i.pinimg.com/originals/8c/47/71/8c47714d17c411ff2cd321589ce22c6b.jpg,834,1600,0,2026-06-09
2026-10-05,calca jeans flare,49680402138014167,20,2036,0,Flipkart newstore 2,fktr.in,https://fktr.in/flAbgZu,https://i.pinimg.com/originals/2b/63/a5/2b63a588666e75e83e3e5421d72e2b90.png,941,1672,0,2026-08-29
2026-10-05,calca jeans flare,4608730631807544384,21,0,0,Calça Flare Jeans Feminina Kovali Premium Com Elastano Cintura Alta Levanta Bumbum Estilo Gringa Azul Claro - Dafiti,dafiti.com.br,https://www.dafiti.com.br/Calca-Flare-Jeans-Feminina-Kovali-Premium-Com-Elastano-Cintura-Alta-Levanta-Bumbum-Estilo-Gringa-Azul-Claro-14849814.html?utm_source=pinterest&utm_medium=sm&utm_campaign=catalog_organic&utm_content=vestuarios&utm_term=KO522APF85XES,https://i.pinimg.com/originals/8c/12/8a/8c128ab7386ec1b2d567314f0510d99c.jpg,1200,1600,0,2026-09-16
2026-10-05,calca jeans flare,AQTm4f9cE-uDW161HXwGYru8a2hCA4Uiqr09WvRKsQGSds8khgZboGs4qnrmIxjLcEUbGh5cFiJo0iqgcFHC8sA,22,43,0,From Work to Happy Hour:,vestiairecollective.com,http://vestiairecollective.com/,https://i.pinimg.com/originals/a5/99/16/a59916ac1e58ce1be58beace1cc64ee3.png,1000,1500,0,2026-08-10
2026-10-05,calca jeans flare,AaUu10Hv-BTzLlZE_ScNQ0rjV6_C6iboIxOkSepwLGDBd0YBm27GZqbjjfPeOdsBVTq6fP09dIRtzcOGBTtY6yg,23,0,0,ASOS DESIGN bootcut flare,asos.com,https://www.asos.com/us/asos-design/asos-design-bootcut-flare-jeans-in-midwash/prd/208923081?browseCountry=US&browseCurrency=USD,https://i.pinimg.com/originals/39/94/10/39941077f589e25de990eec76549eadd.jpg,1080,1620,0,2026-09-18
2026-10-05,calca jeans flare,2603712283057451,24,1330,0,30 Flare Jeans Outfit Ideas With Flats for Easy...,sewmamasew.com,https://www.sewmamasew.com/30-flare-jeans-outfit-ideas-with-flats/,https://i.pinimg.com/originals/67/af/f3/67aff38c34bd1b4fdc7be0b2f289a3b4.jpg,720,1280,0,2026-09-02
2026-10-05,calca jeans flare,1090152653583737524,25,1,0,woman jeans,amazon.com,https://www.amazon.com/FLYING-BANANA-Totally-Shaping-Strtchy/dp/B0B2536GQ9?crid=ZVRYW9149BRU&dib=eyJ2IjoiMSJ9.myrJX7_crlcwj4VFscwSHNSpL-QHV1nvEaEq1LOlfYwQ3Rgz_xpzMXB5fRvHlGnBlvOaIeSyBp5QdJZ2JNst30UXytbykatg1EeHcy6omMxUNjNL6a2n_bStsFGhPCGk9oGObjHpLVmTUfJBWwBjQI6NmBJuk_QzjN8SYaMUDcHp-tjCPEN61X7X9nzc4dm09AwZZWdT8Xh9s95r0m_TOUcA3BbWXTIGZqFAnMtBH_8Meb0zGZL28qMIDMyc_pAbr50IfZM54WZKLgTy92xvY_7NIhndBpHjzs,https://i.pinimg.com/originals/66/86/a6/6686a6566337b737185c9e4511af17ab.png,1024,1536,0,2026-09-23
2026-10-05,calca jeans flare,ARsKBzil1o4dEafCCRRt1-RMrh5jgekGoT2wYmVWDX35PmN52jkg1A_xDJbElLQSFEXPU08eO84STZJ60GW-NqY,26,0,0,Levi's Women's Jeans,depop.com,https://www.depop.com/products/rssie_83s-classic-levis-726-flare-jeans-91e5/?pla_feed=US,https://i.pinimg.com/originals/50/df/19/50df191ec779a529a3f8a846f48dafae.jpg,800,1200,0,2026-09-06
2026-10-05,calca jeans flare,AfXDMXOk5vo3m5SW4MeKLwGNpNjGAnnDgUVJcfuo4nHXhC7b1wTBkAmwwlFoiP4u-vOUGFhA6msHne6fhZfsfMM,27,0,0,Frame Denim Jeans | Frame,poshmark.com,https://poshmark.com/listing/FRAME-Denim-Le-High-Flare-High-Rise-Flared-Jeans-in-Mid-Denim-Wavey-270-66f08f25c9af8ccd7b4b9b64?utm_source=pin_unpaid,https://i.pinimg.com/originals/fe/70/77/fe70772edfd9ddf2815073bfff885f2c.jpg,886,886,0,2026-07-26
2026-10-05,calca jeans flare,2603712281892956,28,25137,0,,,,https://i.pinimg.com/originals/c0/63/37/c06337d6156c8074ea6bacc9a1904001.jpg,857,1297,0,2025-07-28
2026-10-05,calca jeans flare,AQ98XV00DrIVrnTFqXrB-_DMLEHv8uyt2NTNWFTNMDdhFBkjHLedAZLVfOLgpvY8Tmn9T0PfL-FFvbgQAHbR1oA,29,2,0,We The Free Emre Low-Rise,freepeople.com,https://www.freepeople.com/shop/we-the-free-emre-flare-jeans?color=042&inventoryCountry=US&countryCode=US,https://i.pinimg.com/originals/c5/37/c5/c537c575bebbfc4ea545acd092962d19.jpg,975,1463,0,2026-01-10
2026-10-05,calca jeans flare,2040762329776089,30,763,0,30 Outfit Ideas for Long Legs to Elevate Your Style Fast,sewmamasew.com,https://www.sewmamasew.com/30-outfit-ideas-for-long-legs/,https://i.pinimg.com/originals/bd/da/08/bdda08de60c4e4a147056e493e269326.jpg,720,1279,0,2026-09-18
2026-10-05,calca jeans flare,2392606049441579,31,326,0,Calça flare jeans: look elegante e feminino para se inspirar ✨,clubgirls.lovable.app,https://clubgirls.lovable.app/blog/looks-com-calca-flare-jeans-3-ideias-para-usar-em-diferentes-ocasioes,https://i.pinimg.com/originals/4e/18/02/4e1802ce49273c3128cb0eec2e3d2992.jpg,900,1600,0,2026-08-27
2026-10-05,calca jeans flare,4610912091649846336,32,0,0,Calça Jeans Feminina Tex Jeans Flare Delicada Casual e Sofisticada Azul Escuro - Dafiti,dafiti.com.br,https://www.dafiti.com.br/Calca-Jeans-Feminina-Tex-Jeans-Flare-Delicada-Casual-e-Sofisticada-Azul-Escuro-15005964.html?utm_source=pinterest&utm_medium=sm&utm_campaign=catalog_organic&utm_content=vestuarios&utm_term=TE367APF35UEM,https://i.pinimg.com/originals/1f/0b/cb/1f0bcba397aa0984888811fc91a0c784.jpg,1200,1600,0,2026-09-16
2026-10-05,calca jeans flare,1127729562974491648,33,1,0,💙 Dark Blue Flared Jeans | Effortless Chic Street Style ✨😍,link.amazon,https://link.amazon/B07urIt5M,https://i.pinimg.com/originals/81/99/dc/8199dc6b6662fd54c2305fe5c6d5d5c8.png,1024,1536,0,2026-09-22
2026-10-05,calca jeans flare,AT0x83NxCUbStCcXbCblWzPhU3LxlyzcRzRnrzdCPq-0aGS29YdhqKZ3oriEcC5EKIppYH1ECKkmgD2KW-DIWWg,34,0,0,Effortless Deep Blue,clarasophiaboutique.com,https://clarasophiaboutique.com/products/effortless-deep-blue-flare-jeans-for-women-with-high-waist-raw-hem-bootcut-western-style-cx?variant=45765035622486&utm_source=multifeeds&utm_medium=organic&utm_campaign=Multifeeds&utm_content=Effortless%20Deep%20Blue%20Flare%20Jeans%20for%20Women%20with%20High%20Waist%20Raw%20Hem%20Bootcut%20Western%20Style,https://i.pinimg.com/originals/f6/5a/d3/f65ad3a956b2c83bf868e937ad03754d.jpg,1340,1785,0,2026-09-16
2026-10-05,calca jeans flare,849632286000100218,35,1,0,30 How to Style Flare Jeans: Retro Looks for Modern Style,sewmamasew.com,https://www.sewmamasew.com/30-how-to-style-flare-jeans/?utm_source=Pinterest&utm_medium=organic,https://i.pinimg.com/originals/fe/4e/69/fe4e69bf269efa8eda33b988eeb00c24.webp,720,1279,0,2026-09-17
2026-10-05,calca jeans flare,584131014216660255,36,2,0,,cdn.sewmamasew.com,https://cdn.sewmamasew.com/wp-content/uploads/2026/05/High-waisted-flare-jeans-with-a-belt-and-horsebit-loafers.jpg?width=500&quality=75,https://i.pinimg.com/originals/5d/d7/3a/5dd73ada062996d0770921fcd213f1a6.jpg,500,889,0,2026-09-18
2026-10-05,calca jeans flare,579838520827776615,37,3,0,Dark Denim Flare Jeans for Polished Fall Outfits,amazon.com,https://www.amazon.com/dp/B0GXFQJR4S?tag=beauty04a2-20,https://i.pinimg.com/originals/93/f7/8c/93f78cbfe44b0f44ec927e57cb6e656e.png,1000,1500,0,2026-09-16
2026-10-05,calca jeans flare,331929435060139254,38,84,0,calça flare SHEIN,onelink.shein.com,https://onelink.shein.com/47/5yl2l5kdrbie,https://i.pinimg.com/originals/f0/a5/87/f0a587f141c498ca9ed8cfb8f400be9a.jpg,736,1308,0,2026-09-05
2026-10-05,calca jeans flare,Ad5OdPhvppIagCVeUjNmCtdALYGzOWXufFIHdUfoTGUYyzz63RIq3T48OFyV8ZGdEKkyRVYRqdw3bDKobZYp2TA,39,0,0,Zekujoy Girls Jeans Flare,amazon.com,https://www.amazon.com/Girls-Bottom-Flared-Stretch-Bootcut/dp/B0HG1KMRDL?ref_=pinterest_fplfs,https://i.pinimg.com/originals/84/05/21/8405218e9240c7d5569f8ed66fd67e9e.jpg,1600,2100,0,2026-09-14
2026-10-05,calca jeans flare,31384528649531401,40,204,0,Black Halter Top and Flare Jeans Outfit,,,https://i.pinimg.com/originals/74/e1/03/74e1039315bd6c27a821af62cbc91862.jpg,1080,1920,0,2026-08-31
2026-10-05,calca jeans flare,83949980554312996,41,176,0,,,,https://i.pinimg.com/originals/c8/45/33/c845334d3decfdc5692a6e3ec618780b.png,1024,1536,0,2026-09-29
2026-10-05,calca jeans flare,47991552277392575,42,27,0,Sweater and Jeans Outfits,amazon.com,https://www.amazon.com/shop/negamystore/list/2WAFZLIHQ1DRA?domainId=influencer&asc_contentid=amzn1.ideas.2WAFZLIHQ1DRA&ccs_id=f729b2e9-f23a-4049-a8a7-c1a55e8e4348&linkCode=ll2&tag=negamy-20&linkId=e40ea68244de9d0c8ec55ab786e3abbb&language=en_US&ref_=as_li_ss_tl,https://i.pinimg.com/originals/f7/d9/d2/f7d9d2abf3bc94ef653dc8be70a3154b.jpg,1145,2010,0,2026-09-27
2026-10-05,calca jeans flare,600104719144767721,43,15,0,MUM'S STITCH | Cut From The Right Cloth,mumsstitch.com,https://mumsstitch.com/,https://i.pinimg.com/originals/fd/5c/31/fd5c31f8c7648390d89d689842d1dcbc.png,941,1672,0,2026-09-29
2026-10-05,calca jeans flare,AeDtILEAXmj38PFyMWtiUNbETlDNRfLK9ooiDBhUo-g1ITYXfHaEglkVXLBToZoBZ0ApQjpN142-NRjlPN8M6LA,44,0,0,PEIHOT Vintage Bell,amazon.com,https://www.amazon.com/PEIHOT-Bottom-Waisted-Ripped-Stretchy/dp/B0BYD1BJF9?ref_=pinterest_fplfs,https://i.pinimg.com/originals/99/5b/af/995bafa1b5ff383e560290793a4c1c54.jpg,1000,1500,0,2026-05-25
2026-10-05,calca jeans flare,1115063189022369771,45,1,0,🔥Curvy Bootcut Jeans Outfit 👖 | USA Trending Flare Denim Look for Women ✨,link.amazon,https://link.amazon/B065k0OxH,https://i.pinimg.com/originals/9b/bc/38/9bbc38f1a38cb0edc2c0968463f5b9c1.png,1024,1536,0,2026-09-26
2026-10-05,calca jeans flare,4596134626425247616,46,0,0,Calça Jeans Alpha Street Wear Flare com Caimento Impecável e Tecido Premium Azul Escura - Dafiti,dafiti.com.br,https://www.dafiti.com.br/Calca-Jeans-Alpha-Street-Wear-Flare-com-Caimento-Impecavel-e-Tecido-Premium-Azul-Escura-15132940.html?utm_source=pinterest&utm_medium=sm&utm_campaign=catalog_organic&utm_content=vestuarios&utm_term=AL079APF59AAE,https://i.pinimg.com/originals/bf/be/e9/bfbee99f9361bea325d966f761d5070a.jpg,1200,1600,0,2026-09-16
2026-10-05,calca jeans flare,908882768573124157,47,1,0,Calça Jeans Flare Feminina: Look Elegante 🤍,vt.tiktok.com,https://vt.tiktok.com/ZS9SMPWdkbmpc-LAGBd/,https://i.pinimg.com/originals/0f/c3/80/0fc380037b5ecfa507806426fd86c880.jpg,1080,1920,0,2026-09-07
2026-10-05,calca jeans flare,654640495889975772,48,1,0,calça jeans feminina,onelink.shein.com,https://onelink.shein.com/53/6280kscldudl?ismg_ol=DSdn5ka6I3V_01_KOC-C,https://i.pinimg.com/originals/6b/d2/5c/6bd25ccd8ce8bad6e3abeb19811bb2ab.jpg,1280,1984,0,2026-09-16
2026-10-05,calca jeans flare,2040762329795518,49,67,0,Gray Sweater & Flared Jeans Outfit | Effortless Chic Street Style,amzn.to,https://amzn.to/4yA44dT,https://i.pinimg.com/originals/04/2b/5f/042b5f1b340bae1780f4b28695b73794.png,1024,1536,0,2026-09-27
2026-10-05,calca jeans flare,1047157350880860452,50,1,0,✨ Women’s High-Waist Light Blue Wide-Leg Flared Jeans,fktr.in,https://fktr.in/jk07yOr,https://i.pinimg.com/originals/35/a0/b7/35a0b746b93bc5c3eff4cca53da9e525.png,1024,1536,0,2026-09-17
2026-10-05,calca jeans flare,335870084734341903,51,43,0,Simple Classy Street Style,tr.ee,https://tr.ee/qWM45X2O3A,https://i.pinimg.com/originals/88/96/4d/88964d71e05770e224f82f10c360c211.png,1024,1536,0,2026-09-21
2026-10-05,calca jeans flare,AeCFyEKemNhFTaVGVK7n1V9D3CAb7MC6rLXYjCvzUOT0ILQNNWqCUJPL68VdcBxHLJPC16fkEWp8xkqDQSNXKdA,52,1,0,"If it’s good, it’s on",depop.com,http://www.depop.com/,https://i.pinimg.com/originals/af/d5/bc/afd5bcf7902628b0c37722495cee2904.jpg,1080,1920,1,2026-09-11
2026-10-05,calca jeans flare,AV-4RybAWATDddNrGYf0Cat6X1If8u7JM8wJrRPPQgEPkTgt-ZBu98YJqqws45cWFEI0UMu4x98ULrohEJnRB_I,53,1,0,Made To Stand Out,shopakira.com,https://shopakira.com/collections/whats-new-denim-obsession,https://i.pinimg.com/originals/27/b8/31/27b8318813ea780550d6c68b92c3df2d.jpg,1080,1920,0,2026-08-26
2026-10-05,calca jeans flare,4590716264499615616,54,0,0,Calça Flare Feminina Mys Jeans Escura Cintura Alta Modela o Corpo - Dafiti,dafiti.com.br,https://www.dafiti.com.br/Calca-Flare-Feminina-Mys-Jeans-Escura-Cintura-Alta-Modela-o-Corpo-15277277.html?utm_source=pinterest&utm_medium=sm&utm_campaign=catalog_organic&utm_content=vestuarios&utm_term=ET704APF22FNP,https://i.pinimg.com/originals/f7/6e/04/f76e04178557a83679c7d4da56a31e54.jpg,1200,1600,0,2026-09-16
2026-10-05,calca jeans flare,ASiwn0N3GrBHYe7SrvyjW-IcGXGTMP1LLM69MjY7Yy_OTAwyx9Rpk2AvmrMKOjy2pH5uipmNizC2mnywAEPHtNk,55,1,0,The Perfect Look for,urbanoutfitters.com,https://www.urbanoutfitters.com/womens-layering-clothing-essentials-curation?utm_source=pinterest&utm_medium=paid_social&utm_campaign=%7Bcampaignid%7D&utm_term=%7Badgroupid%7D&utm_content=%7Badid%7D&p_campaign=%7Bcampaignname%7D&p_campaignid=%7Bcampaignid%7D&p_adgroup=%7Badgroupname%7D&p_adgroupid=%7Badgroupid%7D&p_adid=%7Badgroupid%7D,https://i.pinimg.com/originals/82/84/10/8284107ffacd5a7c128ab93d19863a23.jpg,1206,2129,0,2026-10-01
2026-10-05,calca jeans flare,2040762329773714,56,42,0,Calça Jeans Flare Escura Cintura Alta | Com Elastano,meli.la,https://meli.la/1SFgSZ5,https://i.pinimg.com/originals/c4/dd/72/c4dd721d2e1cf2417d7e69321329ae52.png,1024,1536,0,2026-09-18
2026-10-05,calca jeans flare,318700111155637586,57,43,0,,,,https://i.pinimg.com/originals/8f/c3/6b/8fc36b3e4690869ce4b15bfb783a0fdb.jpg,735,1105,0,2026-09-15
2026-10-05,calca jeans flare,4609223227149826944,58,11,0,Calça Jeans Flare Feminina Cintura Alta Boca de Sino Blogueira Moda Feminina Jeans Confortável Premium,br.shein.com,https://br.shein.com/ark/default?scene=1&test=5051&ad_type=DPA&goods_id=514903220&pf=PINTEREST&link_type=link&url_from=PINADSDPA&ismg=68172913b604938f782c0ca894cd81c6d77d03dcd4d49b3ea20118c46858d512_01_1791130211,https://i.pinimg.com/originals/f2/e1/07/f2e1072de06c5cc1c2f10587b11c800e.jpg,1345,1780,0,2026-07-07
2026-10-05,calca jeans flare,4591490266898446208,59,0,0,HAPPY GIRL#Moda Outono/Inverno Casual Elegante Sexy Férias Diário Encontro Feminino Denim Skinny Flare com Elasticidade,br.shein.com,https://br.shein.com/ark/default?scene=1&test=5051&ad_type=DPA&goods_id=540415357&pf=PINTEREST&link_type=link&url_from=PINADSDPA&ismg=6b0130b11f930a37241267e5b405ba5c4ac117c0fe92bb0e2abfec7dd2c1f6e9_01_1791130203,https://i.pinimg.com/originals/8a/8c/a3/8a8ca34fb84a764e00b249952add452a.jpg,1340,1785,0,2026-09-18
2026-10-05,calca jeans flare,29695678789493545,60,1468,0,calça jeans,onelink.shein.com,https://onelink.shein.com/50/60txnb5w5y5p?ismg_ol=KK8sfhxR4SP_01_KOC-C,https://i.pinimg.com/originals/77/ef/36/77ef36db9c5ff1dd05b5e2efc1009d65.jpg,898,1596,0,2026-09-25
2026-10-05,calca jeans flare,229613280997178658,61,1147,0,,,,https://i.pinimg.com/originals/4d/e9/90/4de9903d13067736b3a1cc00d6ffa19b.png,1047,1501,0,2026-07-27
2026-10-05,calca jeans flare,4605282560626374720,62,1,0,Calça Flare Feminina Mys Jeans Escura Cintura Alta Modela o Corpo - Dafiti,dafiti.com.br,https://www.dafiti.com.br/Calca-Flare-Feminina-Mys-Jeans-Escura-Cintura-Alta-Modela-o-Corpo-15277522.html?utm_source=pinterest&utm_medium=sm&utm_campaign=catalog_organic&utm_content=vestuarios&utm_term=ET704APF77FXA,https://i.pinimg.com/originals/a7/3d/dd/a73ddd0bf84cc356929a74a13b9b7869.jpg,1067,1600,0,2026-09-16
2026-10-05,calca jeans flare,17240411070757003,63,977,0,join my telegram for a shopping link in my bio 🖇️👆🏻,,,https://i.pinimg.com/originals/06/5c/6e/065c6e487d74c73884c487553196ecb7.png,941,1672,0,2026-06-30
2026-10-05,calca jeans flare,89579480086639678,65,77,0,Looks de inverno SHEIN 🍂⛄️,onelink.shein.com,https://onelink.shein.com/51/61j306x9tyf9?ismg_ol=FaPgA3fkyRX_01_KOC-C,https://i.pinimg.com/originals/cf/35/63/cf3563532031102f769f1d2de3353065.jpg,1080,1920,0,2026-09-30
2026-10-05,calca jeans flare,118289927710859475,66,7056,0,,,,https://i.pinimg.com/originals/87/93/8a/87938a1fcb5f4288a256499b7b41859d.jpg,736,1308,0,2026-09-26
2026-10-05,calca jeans flare,281543727226191,67,4756,0,,,,https://i.pinimg.com/originals/7b/2a/96/7b2a96a018c1b3513d33f73a55a1caf0.png,1023,1537,0,2026-09-16
2026-10-05,calca jeans flare,5418462047056105,68,17554,0,,,,https://i.pinimg.com/originals/7c/6d/ae/7c6dae161326adb067680a7a8ec1b47f.jpg,1170,2265,0,2025-10-12
2026-10-05,calca jeans flare,4608378823353330752,69,0,0,Calça Flare Jeans Feminina Tex Jeans Cintura Alta Delavê Básica Casual - Dafiti,dafiti.com.br,https://www.dafiti.com.br/Calca-Flare-Jeans-Feminina-Tex-Jeans-Cintura-Alta-Delave-Basica-Casual-15291687.html?utm_source=pinterest&utm_medium=sm&utm_campaign=catalog_organic&utm_content=vestuarios&utm_term=TE367APF12AVV,https://i.pinimg.com/originals/f8/41/3b/f8413bcd4c0f30017021d61d63e3f732.jpg,1200,1600,0,2026-09-16
2026-10-05,calca jeans flare,36380709485375946,70,32,0,,,,https://i.pinimg.com/originals/b7/06/32/b70632e74ca619eeef16d6cfdd131bb7.png,1023,1537,0,2026-09-23
2026-10-05,calca jeans flare,AfU4Dmp4KCnnukNW5PzMYHi4JZvUuzdDguRgk6r4MXQVQOYO_XVzlnNc0cQXVK_IPeSUDxFeCBG9DlMgHkct80Y,71,30,0,Find Levi’s jeans at,kohls.com,https://www.kohls.com/storefront?lc_ambassador_id=Y3VzdG9tZXI6NzQzOTg5Mw&cid=SO26PDINFLU0176&utm_campaign=influ_q3fallstyle_moorgs&utm_medium=paid_social&utm_source=pinterest&utm_content=2026pdinflu176,https://i.pinimg.com/originals/72/06/ba/7206baa689e29400b80f75a8b5595c3b.jpg,720,1280,1,2026-09-23
2026-10-05,calca jeans flare,383087512078210783,72,37,0,🖤🦢 𝓔𝓭𝓰𝔂 𝓛𝓪𝓬𝓮-𝓤𝓹 𝓓𝓮𝓷𝓲𝓶,,,https://i.pinimg.com/originals/c0/93/45/c093456e850378781083ba4a1b854e91.jpg,736,1104,0,2026-09-26
2026-10-05,calca jeans flare,1151091986059841291,73,1,0,Women's High Waist Jeans,link.amazon,https://link.amazon/B06q0nKs4,https://i.pinimg.com/originals/ac/9b/42/ac9b42aa57b26fb4b4114379e6332866.jpg,1024,1536,0,2026-09-13
2026-10-05,calca jeans flare,600104719144468382,74,60,0,,,,https://i.pinimg.com/originals/0c/13/fb/0c13fb3fe8d97eac4696069fc9ed67c6.jpg,1080,1920,0,2026-09-13
2026-10-05,calca jeans flare,80009330878667983,75,25,0,Women bootilicious bootcut high rise stretchable blue cotton jeans,,,https://i.pinimg.com/originals/4e/9b/09/4e9b09e446d927527eec4885895e9b16.jpg,1008,1561,0,2026-09-24
2026-10-05,blusa cropped,Ac2L9-0VWP2DbK9IQLoFZeGfdBitva_0b53Z7422a_x3hRqJymWSwfcGkrte9ItzSi8aQzCSg2eLdfI06wTF_Jc,2,0,0,Temu | Women'-layer,temu.com,https://www.temu.com/ul/kuiper/un3.html?subj=dpa-un&_bg_fs=1&_p_jump_id=1082&_x_vst_scene=adg&goods_id=605946734582188&adg_ctx=a-e7d57de4~c-c999bfd4&_p_rfs=1&_x_ads_channel=pinterest&_x_ads_creative_id=%7Bproduct_partition_id%7D&_x_ads_id=%7Badgroupid%7D&_x_ads_set=%7Bcampaignid%7D&_x_ads_sub_channel=shopping&_x_ns_catalog_id=1567707391772&_x_ns_creative=%7Badid%7D&_x_ns_gid=605946734582188&_x_ns_,https://i.pinimg.com/originals/f0/4f/80/f04f80b07b99441d133a10db98dcec15.jpg,2000,3000,0,2026-08-19
2026-10-05,blusa cropped,95631192084496161,3,56,0,blusinha linda vc encontra na SHEIN,onelink.shein.com,https://onelink.shein.com/50/60abx3m49rno?ismg_ol=5ScIodDshgz_01_KOC-C,https://i.pinimg.com/originals/e9/ff/0f/e9ff0ff248fdd1a73cca2e1e454b8e16.png,971,1619,0,2026-09-23
2026-10-05,blusa cropped,719239003039151890,4,1,0,Blusa moda blogueira,,,https://i.pinimg.com/originals/bd/47/ee/bd47eea3145e8b4f705c121590e146bb.png,1024,1536,0,2026-09-20
2026-10-05,blusa cropped,Ac4tzUhfZDap7DSmR9053NijRXDw3owTxfEVac9xGhOZM6RWXBuNLZArxhLaUNR1DabESMKKskakE1OyLhgCljo,5,1,0,Ruched V Neck Long Sleeve,inspireuplift.com,https://www.inspireuplift.com/ruched-v-neck-long-sleeve-crop-top-for-women/iu/21871703?variant=476828897,https://i.pinimg.com/originals/84/b2/49/84b2491d0d86f3e9d0e2f914f5de4314.webp,800,1064,0,2026-07-08
2026-10-05,blusa cropped,846606430014123311,6,1,0,Cropped Zahara,botelhoboutique.com.br,http://botelhoboutique.com.br/,https://i.pinimg.com/originals/af/2f/6c/af2f6ca21ca2022fbe30972a7000af2d.webp,1024,1280,0,2026-09-20
2026-10-05,blusa cropped,Abvoig66C020S_fSSHwGA2zXRdzEPLzScLjFH3V8TCpnP-JWgZlj4tsr6g1VQ8gbhjbzLzLBhzwoVkBObd4idsw,7,3,0,Ladies Summer Vest Cross,scacto.com,https://www.scacto.com/products/ladies-summer-vest-cross-halter-sleeveless?variant=3632d5c9-76cb-4be6-956b-113c11890e84,https://i.pinimg.com/originals/2e/85/f9/2e85f95aeab7b7dcd324cbcb53704daa.jpg,750,1000,0,2025-05-15
2026-10-05,blusa cropped,679902875042822183,8,3,0,Blusa Feminina Top Halter Cropped,s.shopee.com.br,https://s.shopee.com.br/9peFJB8y2I?channel_type=pinterest,https://i.pinimg.com/originals/18/61/8b/18618b73129ed2bce409d20eb0bea1a9.jpg,1536,2752,0,2026-09-30
2026-10-05,blusa cropped,16888567449224043,9,940,0,Blusa/Cropped,br.shp.ee,https://br.shp.ee/rkiu17r4?smtt=0.0.9&channel_type=pinterest,https://i.pinimg.com/originals/11/18/0a/11180a08acca4d8011c6b8d482910edf.jpg,736,1308,0,2026-09-24
2026-10-05,blusa cropped,AbfgOI09z2U5FHbA8PWHZ8l5N_d3aTqhj4OQZ2PPXzixEXHPgvfpbwvSoSHsR8CVKh8PZGIKmmA2sIV1Y564RKI,10,1,0,Temu | Blusa Elegante con,temu.com,https://www.temu.com/ul/kuiper/un3.html?subj=dpa-un&_bg_fs=1&_p_jump_id=1082&_x_vst_scene=adg&goods_id=601101326684047&adg_ctx=a-4ce37a9a~c-7c056421&_p_rfs=1&_x_ads_channel=pinterest&_x_ads_creative_id=%7Bproduct_partition_id%7D&_x_ads_id=%7Badgroupid%7D&_x_ads_set=%7Bcampaignid%7D&_x_ads_sub_channel=shopping&_x_ns_catalog_id=1580405374697&_x_ns_creative=%7Badid%7D&_x_ns_product_id=17603382654703&,https://i.pinimg.com/originals/85/25/ce/8525cef32c46fe1db11ff376db43ced4.jpg,2000,3000,0,2026-08-10
2026-10-05,blusa cropped,19562579627057381,11,830,0,Cropped com amarração,,,https://i.pinimg.com/originals/39/7f/69/397f6976af04d8dfebff14457fe6a956.jpg,1200,1360,0,2026-07-10
2026-10-05,blusa cropped,AU_i9jj-o8y3lWAXDc0QvENrv5_MZWELns4-9Y0OqTGrNFb0bvKJQT3DS0rFpEWfeep4zVyflCuP93eE61jHB2U,12,1,0,Temu | Blazer corto para,temu.com,https://www.temu.com/ul/kuiper/un3.html?subj=dpa-un&_bg_fs=1&_p_jump_id=1082&_x_vst_scene=adg&goods_id=605645969420123&adg_ctx=a-b66d5999~c-e999ee5d&_p_rfs=1&_x_ads_channel=pinterest&_x_ads_creative_id=%7Bproduct_partition_id%7D&_x_ads_id=%7Badgroupid%7D&_x_ads_set=%7Bcampaignid%7D&_x_ads_sub_channel=shopping&_x_ns_catalog_id=1580405374697&_x_ns_creative=%7Badid%7D&_x_ns_gid=605645969420123&_x_ns_,https://i.pinimg.com/originals/54/81/2c/54812c76f6ed038fc6024b13cffd1baf.jpg,2000,3000,0,2026-07-01
2026-10-05,blusa cropped,1118300151266020592,13,1,0,Under ₹399 Burgundy Crop Top | Chic Casual Outfit Idea for Women | For Date Parties and outings,link.amazon,https://link.amazon/B0j2sTnAy,https://i.pinimg.com/originals/14/8c/ed/148ced1ec53bde003a5a4e100669ba15.jpg,646,969,0,2026-09-26
2026-10-05,blusa cropped,4598527190886627200,14,0,0,"Top cropped feminino sem mangas com decote halter e busto franzido, em tecido plano de alta elasticidade, ideal para férias de verão.",br.shein.com,https://br.shein.com/ark/default?scene=1&test=5051&ad_type=DPA&goods_id=442411509&pf=PINTEREST&link_type=link&url_from=PINADSDPA&ismg=c42f42590695676b15315b0a40e73c192f12caca44f0b77390f5f6597b7ae164_01_1791130060,https://i.pinimg.com/originals/3c/d4/fd/3cd4fdfcc8c2bbf8777eb455634117cd.jpg,1086,1448,0,2026-09-16
2026-10-05,blusa cropped,ARrWZXSubcOJiuteYGlkFKPaGNlg-kQ58MvWokAjmbsoRBXWPhLK9ulmAyrxKAj8TO3riYYDr4ocHgVgGtQADJc,15,0,0,Draped Off-the-Shoulder,www2.hm.com,https://www2.hm.com/en_us/productpage.1297846002.html?utm_medium=unpl&utm_source=pinterest&utm_campaign=Global%20Performance_Dynamic%20Shopping&utm_content=performance&utm_term=us,https://i.pinimg.com/originals/79/ed/ee/79edee9c63cf4f1ecadacddda84a2369.jpg,2333,3500,0,2025-10-22
2026-10-05,blusa cropped,729160995963611810,16,9,0,Cropped Feminino Estiloso,,,https://i.pinimg.com/originals/bd/f4/4c/bdf44c8a652bbbbe116e6bf295a0088f.jpg,1200,2133,0,2026-09-26
2026-10-05,blusa cropped,AbBxjM3rpQjJS8hLuDL58yOo6lOUcu8hc244ceipnyfEvU68sv6tkLTXfigxbRscfVeOikOj92fahhB0N-sAOSI,17,24,0,Milumia Women Cowl Neck,amazon.com,https://www.amazon.com/Milumia-Ruched-Backless-Sleeveless-X-Large/dp/B0DZ27D2RY?ref_=pinterest_fplfs,https://i.pinimg.com/originals/60/e6/d4/60e6d44cd708909719c39d9fb67b5d9d.jpg,1340,1785,0,2026-04-17
2026-10-05,blusa cropped,4601553039925418048,18,0,0,Blusa Cropped Feminina Com Amarraçao,lojarochastore.com.br,https://lojarochastore.com.br/produtos/blusa-cropped-feminina-com-amarracao/,https://i.pinimg.com/originals/e7/45/2b/e7452be330f1d2b324fec90b15e0083b.webp,960,1280,0,2026-09-15
2026-10-05,blusa cropped,1102396815077118255,19,3,0,blusa com decote quadrado 🤍,s.shopee.com.br,https://s.shopee.com.br/2LYSXRQqOt?channel_type=pinterest,https://i.pinimg.com/originals/a2/2a/6c/a22a6c5d008d6062554e71a4d51d216c.png,941,1672,0,2026-09-20
2026-10-05,blusa cropped,AVNYhsU2jzbWCirLdDYepGLfIkOx2eDr6WHlnjSGBB4NBa1l_gLe_iZTxYU0QFbiSW550YIa_ktWpr__Ni0gT4M,20,2,0,Endless Rose Puff Sleeve,nordstromrack.com,https://www.nordstromrack.com/s/endless-rose-puff-sleeve-corset-crop-top/6813850,https://i.pinimg.com/originals/14/25/e1/1425e1779db26955af1318236d2ae515.jpg,2640,4048,0,2026-08-25
2026-10-05,blusa cropped,ARO6ga6ZOzfszAdYO2BOhRODPCnsfu_GUuEZ0QlYItjgUXnn8GxzXSHF71Ehc-rAoKAOBKprjQvJO2SOyS1yYyU,21,0,0,Solid Halter Neck Crop,chicwish.com,https://www.chicwish.com/solid-halter-neck-crop-top-in-white.html,https://i.pinimg.com/originals/74/4b/77/744b77d8854d6cdfa5a26a563e29b227.jpg,1248,1824,0,2025-01-31
2026-10-05,blusa cropped,AcQOfm7xnFRjxdgKMVTSQtJKbbeHZg-WqYenkRc-mtB0gu0_nKOyQLuUuiCJYcXgLZKGBXbPwsqf6cacydQvBqg,22,0,0,Temu | Elegante Top Cami,temu.com,https://www.temu.com/ul/kuiper/un3.html?subj=dpa-un&_bg_fs=1&_p_jump_id=1082&_x_vst_scene=adg&goods_id=606222619136947&adg_ctx=a-9a162e76~c-8e6d1224&_p_rfs=1&_x_ads_channel=pinterest&_x_ads_creative_id=%7Bproduct_partition_id%7D&_x_ads_id=%7Badgroupid%7D&_x_ads_set=%7Bcampaignid%7D&_x_ads_sub_channel=shopping&_x_ns_catalog_id=1580405374697&_x_ns_creative=%7Badid%7D&_x_ns_gid=606222619136947&_x_ns_,https://i.pinimg.com/originals/0e/07/b1/0e07b1df38dfa1936e8407e59d37b24f.jpg,2000,3000,0,2026-09-23
2026-10-05,blusa cropped,AeCzEvfLwsSc3UvhjBDQ7EGtelJxYqh5MHwdPIOdTU1vTjlF7ERCxqsMsku4SngKsbP_H2MkCmyEnbdlnUrJXz0,23,0,0,Cross Halter Neck Crop,jeebas.com,https://jeebas.com/products/2022-women-cross-halter-neck-crop-top-sleeveless-backless-sexy-camisole-female-hollow-out-exotic-tanks-lingerie-night-party?variant=49545758736703,https://i.pinimg.com/originals/60/ef/88/60ef88a2d3e310e7a879c3034b372806.jpg,785,800,0,2025-07-13
2026-10-05,blusa cropped,4608941768682124352,24,0,0,Cropped Regata Feminino Alça Grossa Decote Quadrado Suplex Básico Casual,br.shein.com,https://br.shein.com/ark/default?scene=1&test=5051&ad_type=DPA&goods_id=561896632&pf=PINTEREST&link_type=link&url_from=PINADSDPA&ismg=edcc74adf7ecba32c9bbe9f97b152c6315d867ad7467a83e03703395c5e18486_01_1791130060,https://i.pinimg.com/originals/0c/aa/51/0caa51b5792064baf32cef0998f9b146.jpg,1080,1440,0,2026-09-09
2026-10-05,blusa cropped,217650594489839444,25,37,0,Blusa Feminina com Decote V e Franzido ✨🔥 O Look Que Vai Fazer Você Se Apaixonar! 😍,onelink.shein.com,https://onelink.shein.com/48/5z3yy3o5380x,https://i.pinimg.com/originals/88/fd/3c/88fd3c2da2979ff8f20353dcc24dfd21.png,1024,1536,0,2026-09-01
2026-10-05,blusa cropped,4610912031158075968,26,0,0,Top Cropped Feminino Justa Decote Quadrado Basica Casual Sexy,br.shein.com,https://br.shein.com/ark/default?scene=1&test=5051&ad_type=DPA&goods_id=541971961&pf=PINTEREST&link_type=link&url_from=PINADSDPA&ismg=5e055b22e0245063a97957b8e6e1da55752d24add403026c77ba3cc77ab7f88f_01_1791130053,https://i.pinimg.com/originals/b2/17/fb/b217fb9b8033f35c06550d2d22f5c9fa.jpg,1087,1447,0,2026-09-24
2026-10-05,blusa cropped,4591419912999667584,27,0,0,Cropped Feminino Frente Única Gola Alta Amarração Costas Ajustado Elegante Casual,br.shein.com,https://br.shein.com/ark/default?scene=1&test=5051&ad_type=DPA&goods_id=563937031&pf=PINTEREST&link_type=link&url_from=PINADSDPA&ismg=fa25081eead1496090d82db9709768d73f7ecb39632ab56b764d40b61e3583b1_01_1791130008,https://i.pinimg.com/originals/5f/02/65/5f02659df656e37791f088a1f6df3d35.jpg,1086,1448,0,2026-09-09
2026-10-05,blusa cropped,339951471900746692,28,92,0,black crop-top 👗,,,https://i.pinimg.com/originals/4c/01/4a/4c014af1a7842b509e203b39d38259c3.png,1024,1536,0,2026-09-20
2026-10-05,blusa cropped,105623553758398636,29,153,0,"""Not Your Babe – Y2K Aesthetic Crop Top"" 💫",,,https://i.pinimg.com/originals/e2/10/c1/e210c1b4a2af731f5a26d7cfcd313fb1.png,1086,1448,0,2026-08-17
2026-10-05,blusa cropped,1148417973760148442,30,5,0,Meesho Finds under ₹299 Click the link below 👇🏻,affiliate.meesho.com,https://affiliate.meesho.com/collection/NjU0MDc4NTo6Ojo6OmF1dG9kbQ==,https://i.pinimg.com/originals/ac/6b/df/ac6bdf56fe60a7394b52fbf5ff69772f.jpg,1080,1920,0,2026-09-17
2026-10-05,blusa cropped,1095500678141579472,31,2,0,White Square Neck Fitted Crop Top | Cute Casual Basic Topa in meeshoapp🔺,tr.ee,https://tr.ee/N6RJiI,https://i.pinimg.com/originals/de/a4/b4/dea4b44a2c1174cae13f8de871b11503.jpg,1536,1920,0,2026-09-22
2026-10-05,blusa cropped,4593460651118081920,32,0,0,Cropped Elegante Feminino Alça Fina Frente Única Lançamento Verão Casual,magazineluiza.com.br,https://www.magazineluiza.com.br/cropped-elegante-feminino-alca-fina-frente-unica-lancamento-verao-casual-swisz-fashion/p/ag2ch73ej5/md/bdfm/?&utm_source=pinterest&utm_medium=organico&partner_id=77417&seller_id=boutiqueswiss,https://i.pinimg.com/originals/d9/2c/f3/d92cf34c0b4aba6d899b8446d3ee4267.jpg,390,500,0,2026-09-18
2026-10-05,blusa cropped,AbUU8cypF7GV3xVesLgUiYPf1yK-nNw-WZGnT99ORyoZYg0wxh3TqdZTRyxPKwHD9FFzsWnPo5Bjo7Tc_HQEcz8,33,0,0,MIRACMODA Woman Off,amazon.com,https://www.amazon.com/MIRACMODA-Shoulder-Ruched-Lantern-Sleeve/dp/B0BJQKGWX1?ref_=pinterest_fplfs,https://i.pinimg.com/originals/b6/83/73/b6837344abe1a03b16a500ce52a93413.png,1000,1230,0,2026-05-24
2026-10-05,blusa cropped,49047083438431943,34,945,0,Não perca esta oferta grande na SHEIN! Economize muito agora!​,onelink.shein.com,https://onelink.shein.com/34/5kkgvzh8ym18,https://i.pinimg.com/originals/2a/f6/2d/2af62ddba68d24ac5897ccc96594636f.jpg,736,1308,0,2026-06-07
2026-10-05,blusa cropped,89509111342517265,35,297,0,Ela é a cara do verãoooo 💛☀️ ID: APL-DCC-FWW #blusinha #cropped #babado #verao2026,instagram.com,https://www.instagram.com/reel/DcHzsw3SvDJ/,https://i.pinimg.com/originals/5d/11/e6/5d11e6bc93d53566fe04e4f5cbb8ae11.jpg,941,1672,0,2026-09-12
2026-10-05,blusa cropped,AZrGiYFzbca-uhlNUADNCLkUQd-mfTItilfl3TSh3picRSEKoyGI2rx9X4dDMo4SsXNnmqrEZIXH-K7M3lLdq-E,36,1,0,Lidiana Halter Wrap Top,us.princesspolly.com,https://us.princesspolly.com/products/arabele-halter-wrap-top-white,https://i.pinimg.com/originals/b3/8e/79/b38e7912e1e3eb76685eaa31b1907b87.jpg,1344,1820,0,2026-05-14
2026-10-05,blusa cropped,1099159852838483705,37,1,0,Cropped Damasco de Alça Fina Estilo Coquette 🎀,onelink.shein.com,https://onelink.shein.com/51/618a6e1t11qo?ismg_ol=6x6wSV1OqQA_01_KOC-C,https://i.pinimg.com/originals/78/da/7c/78da7c8e88b775b25ad55d8f5c84dab4.png,1000,1500,0,2026-09-11
2026-10-05,blusa cropped,AU5yZ2u0rHUqiaIMXaNA6rs74XdPPkxeJ2tbJ60l57YgZq0KWA3U6nmbyz-_hWIzXflsBCYvKeI7JgVQmcFXo3U,38,0,0,Women's Tank Top Blouse,lightinthebox.com,https://www.lightinthebox.com/women-s-tank-top-blouse-camisole-tank-top-plain-stylish-sexy-modern-sleeveless-square-neck-crop-tops-daily-holiday-going-out-black-white-wine-red-brow_p18283438.html?litb_from=pinterest_sns_paid&utm_source=pinterest_sns_paid&utm_medium=sns&utm_campaign=litb_catalogs,https://i.pinimg.com/originals/c2/32/6f/c2326f952df6fa8beb8319728d980618.jpg,333,500,0,2026-02-24
2026-10-05,blusa cropped,AShsTO9P1WVPKx0BMioSjm-pKwa8n0GO1Z5K9l4_2XNe6KoPeVX9AVZWL49lnIzZBZBVzsVJhUdczh4Nn_h64dw,39,1,0,Temu | Women's Soft,temu.com,https://www.temu.com/ul/kuiper/un3.html?subj=dpa-un&_bg_fs=1&_p_jump_id=1082&_x_vst_scene=adg&goods_id=606152892987803&adg_ctx=a-d4d7716c~c-db1197ba&_p_rfs=1&_x_ads_channel=pinterest&_x_ads_creative_id=%7Bproduct_partition_id%7D&_x_ads_id=%7Badgroupid%7D&_x_ads_set=%7Bcampaignid%7D&_x_ads_sub_channel=shopping&_x_ns_catalog_id=1567707391772&_x_ns_creative=%7Badid%7D&_x_ns_gid=606152892987803&_x_ns_,https://i.pinimg.com/originals/77/63/2d/77632d3bdc36254c1e87cfd1d7eed8a6.jpg,1350,1350,0,2026-08-18
2026-10-05,blusa cropped,AalSyDrMc8Six_YbcX-A6_928uCuJ4RSAUKQXPxq_a6Xw6zy8mnmwPKPngZqHVh3vKZPVoQj_pWAlME9UusrJ58,40,1,0,Y2K Front Tie Deep V Crop,cosmoslay.com,https://cosmoslay.com/products/y2k-front-tie-deep-v-crop-top?variant=46187122458839,https://i.pinimg.com/originals/35/cb/22/35cb22f829620dd14ad52a520a8141c3.jpg,900,1200,0,2025-05-21
2026-10-05,blusa cropped,640566747046169793,41,28,0,"Kit 2 cropped blusa regata, de alça com bojo decote V🛍✨️",meli.la,https://meli.la/2gf8FoX,https://i.pinimg.com/originals/7c/9b/07/7c9b07911e57b9267b288a97c11d2336.png,1024,1536,0,2026-09-29
2026-10-05,blusa cropped,106679084920497630,42,637,0,,,,https://i.pinimg.com/originals/96/fd/b4/96fdb4c290345946e414a5875655d5be.jpg,740,1180,0,2026-08-22
2026-10-05,blusa cropped,134685845102635909,43,320,0,"As 5 cores da nossa blusa Chicago agora disponíveis no site. Essencial, né? 🤍🍸⭐️ . . . . #fashion #explore",instagram.com,https://www.instagram.com/p/DQm9ZjUDgqB/?img_index=3,https://i.pinimg.com/originals/f4/95/85/f4958513e69737c923eb1cbe0e3e856e.jpg,480,639,0,2026-01-11
2026-10-05,blusa cropped,123497214779251070,44,257,0,🖤 Black Off-Shoulder Crop Top | Gen Z Aesthetic Outfit,,,https://i.pinimg.com/originals/2d/8b/3c/2d8b3c63e60855d9fefa0049d32d9bf3.png,1198,1313,0,2026-09-18
2026-10-05,blusa cropped,4606408470923297856,45,0,0,Top Faixa Feminino com Amarração Lateral – Cropped Elegante e Estiloso,br.shein.com,https://br.shein.com/ark/default?scene=1&test=5051&ad_type=DPA&goods_id=450825078&pf=PINTEREST&link_type=link&url_from=PINADSDPA&ismg=fbfbb23fb27a59bcc3fffbb93a58d14cc815de3d04404df2b624d75e6aa7537e_01_1791130060,https://i.pinimg.com/originals/3a/10/91/3a1091c74220d9b51cce8f70d5351941.jpg,1340,1785,0,2026-09-20
2026-10-05,blusa cropped,Afqh-7nQZqLt05sT3DpqOoPcNgMH4c2bkVX20aPSeB9_ZaTaL2iZLK-nVc7_xPjTWXtsc3AJiTNFxHjfKJlnFFg,46,0,0,Sable Ivory Cropped Tank,lulus.com,https://www.lulus.com/app/products/sable-ivory-cropped-tank-top/2828311.html,https://i.pinimg.com/originals/6d/4b/5b/6d4b5b959b534f6fa15340f0327c94a6.jpg,1000,1500,0,2026-10-01
2026-10-05,blusa cropped,6122149489293572,47,1753,0,,,,https://i.pinimg.com/originals/8e/07/f4/8e07f48399ce0b5e146b7729a4535a03.jpg,1080,1920,0,2026-08-13
2026-10-05,blusa cropped,832814156138507924,48,1,0,Cropped lindo,onelink.shein.com,https://onelink.shein.com/54/63233rgmhizp?ismg_ol=8eg6vvxHzIq_01_KOC-C,https://i.pinimg.com/originals/4e/f3/be/4ef3becb4dac89dc44b8cfed17dd99de.png,1087,1447,0,2026-09-24
2026-10-05,blusa cropped,80009330878294257,49,306,0,Soft Girl Summer Outfit ✨ Baggy Jeans & Floral Top Aesthetic,,,https://i.pinimg.com/originals/9f/8c/07/9f8c07574c1f2672c548792864fcb0c9.jpg,738,1312,0,2026-05-30
2026-10-05,blusa cropped,4595501276130342784,50,0,0,Blusa Cropped Feminina Lenço Listrado Tricô Modal Amarração Costas Nua Barra Assimétrica Verão,br.shein.com,https://br.shein.com/ark/default?scene=1&test=5051&ad_type=DPA&goods_id=561484857&pf=PINTEREST&link_type=link&url_from=PINADSDPA&ismg=af39546b6a4e6e7453387941cca7c4eea5e5fb985899448dc2f7a93cc488cc47_01_1791130151,https://i.pinimg.com/originals/70/2e/5e/702e5ed54d827bb2c9af356917eeefd8.jpg,1340,1785,0,2026-09-20
2026-10-05,blusa cropped,AQIX2b0y6yfrTq0JCZXOFEoIR1Dh--wB2xFr66hGFFyrk6ApvRgPCbLDYjFPPNfwasHsNkL25HHxpZ4GtZzSFZc,51,0,0,Adelaide Knit Sweater,whitefoxboutique.com.au,https://whitefoxboutique.com.au/products/adelaide-knit-sweater-grey-marle?variant=41153893302344&currency=AUD,https://i.pinimg.com/originals/9f/18/6a/9f186a1d444a4e71b9cd1ec8364d876c.jpg,1328,2048,0,2026-09-04
2026-10-05,blusa cropped,AfIzz-NQGY9yM3q30gyauSIisegfrViioszUGid1MaJ5fr4-v3Dj1l3ZPoK6RDUqW6czdFNUureCJ8JfQ2M0_78,52,7,0,Clear out. Cash in.,depop.com,http://www.depop.com/,https://i.pinimg.com/originals/d6/36/69/d63669649ed243eb1a12ae9bc3867c70.jpg,2160,3840,1,2026-07-30
2026-10-05,blusa cropped,AUzLMwkHn9iqIPZPGD5Wy-fpU-gqdXt_2tTQCgp9jI60cT2LkiUKOJbnR1mW403K-Zj-aXE9P-Dpc1kqWgRDwH0,53,0,0,Baila Off-Shoulder Long,bailaboutiqueshop.com,https://bailaboutiqueshop.com/products/baila-off-shoulder-long-sleeve-dance-crop-top-black?variant=62348309299570,https://i.pinimg.com/originals/7c/11/3c/7c113c379526c5f823b6c6dafa0c04a1.jpg,1023,1537,0,2026-09-16
2026-10-05,blusa cropped,370350769381586778,54,574,0,,,,https://i.pinimg.com/originals/63/b6/86/63b686e63de14687cfbedc18a52e6eb7.jpg,1170,1517,0,2026-06-30
2026-10-05,blusa cropped,382313455893513259,55,29,0,pesquisem 🎟️ 68KKJ na shein e vocês vão ter acesso a todas as minhas escolhas lá no app 🩷 #shein #looks #outfits #paty #viral,,,https://i.pinimg.com/originals/fc/b2/c7/fcb2c7c89c0000b15f543f9b02e2bebe.jpg,1080,1920,0,2026-09-17
2026-10-05,blusa cropped,112308584465129462,56,135,0,look Clean Girl,s.shopee.com.br,https://s.shopee.com.br/4ftnRoRMXm?channel_type=pinterest,https://i.pinimg.com/originals/ae/70/b4/ae70b4f0c757c761699bd2ab95bf8abe.jpg,1080,1920,0,2026-08-22
2026-10-05,blusa cropped,ASn2kYorZs-RK8ys2BGlfYu4VZGCUuMcnjGN7KscLl7f_QXPf32FjiFEkiknHLnQ_05bT8SkElB_pc1WbPIY8ss,57,11,0,W4122 - Contour Tank -,youngla.com,https://www.youngla.com/products/w4122?variant=45015872569532,https://i.pinimg.com/originals/c0/01/61/c00161b8a8386b4d42c371ce6c1b9e46.jpg,1365,2048,0,2026-03-28
2026-10-05,blusa cropped,AVDAPLhsMHAbJObQjMmAdaZWgwvE9V2AewnJANZTGz8TCZIkTreQYD4q_AaNuXKY3VLl4wZTV1UylGwVbn1Mapc,58,0,0,Off Shoulder Ruched Mesh,us.shein.com,https://us.shein.com/ark/default?scene=1&test=5051&ad_type=DPA&goods_id=18602897&pf=PINTEREST&url_from=PINADSDPA&ismg=04ab828d937a5ad2063c8ee7dc2777494270b3cd4e263dd97ef55e54f44b6974_01_1791128087,https://i.pinimg.com/originals/01/64/d8/0164d8650c12a7c5ee1a0deedefb7460.jpg,1340,1785,0,2025-06-01
2026-10-05,blusa cropped,AW0rDgCCjxGngHNX2Es4l1CpyMP1ZQVWcVznA1h2hR-O6RWASPEtdQp_N-KOEECl6oZBNjIygFzRWeqpiHsNlMI,59,0,0,Kimchi Blue Ella Flyaway,urbanoutfitters.com,https://www.urbanoutfitters.com/shop/kimchi-blue-ella-flyaway-ruffle-lace-trim-cami?color=048%7Bunescapedlpurl%7D&utm_medium=paid_social&utm_source=pinterest&utm_campaign=%7Bcampaignid%7D&utm_content=%7Bproduct_id%7D&utm_term=%7Badgroupid%7D&p_campaignid=%7Bcampaignid%7D&p_adgroupid=%7Badgroupid%7D&p_product=%7Bproduct_id%7D&p_prodgroupid=%7Bpromoted_product_group_id%7D,https://i.pinimg.com/originals/89/08/c8/8908c801d6707c8ad7233c96287b902f.jpg,600,900,0,2026-09-18
2026-10-05,blusa cropped,25825397860735753,60,4382,0,,shffls.com,https://www.shffls.com/shuffles/5425892354043200439,https://i.pinimg.com/originals/05/10/f9/0510f9b4b2b8baafbe7a4e9dca44b287.jpg,1080,1920,0,2026-07-18
2026-10-05,blusa cropped,1079386235724740912,61,2,0,Cropped Feminino,shop.tiktok.com,https://shop.tiktok.com/br/pdp/1737341776177235350?_t=ZS-99jMHFsPbIg,https://i.pinimg.com/originals/26/e7/65/26e76518f1e99bc25ad3b8c99aac28bb.png,941,1672,0,2026-09-14
2026-10-05,blusa cropped,98657048085562185,62,373,0,Blusa Feminina Regata Justa Franzida Elegante Vinho - Mercado Livre ✨,meli.la,https://meli.la/24dhTJx,https://i.pinimg.com/originals/b3/d5/84/b3d584d6a8d491335c052ecfe599771e.webp,935,1200,0,2026-09-01
2026-10-05,blusa cropped,1081356560550461514,63,5,0,Blusa Cropped Feminina Tomara Que Caia Lançamento com Faixa Lateral,vt.tiktok.com,https://vt.tiktok.com/ZS9SpaTfYDcsx-jY0ZL/,https://i.pinimg.com/originals/0a/6d/e1/0a6de1e41a032235550ef9f041a7eb1a.jpg,649,1080,0,2026-09-24
2026-10-05,blusa cropped,53128470599349781,64,1371,0,Conjuntos,,,https://i.pinimg.com/originals/51/73/2a/51732a767a2f017d6d98e31b39fb2533.jpg,1200,1600,0,2026-03-31
2026-10-05,blusa cropped,1143703267897929150,65,681,0,Look Top Feminino Casual,onelink.shein.com,https://onelink.shein.com/44/5wt6krljp5ol,https://i.pinimg.com/originals/d8/67/9c/d8679c68a0195fdc0138c6bd6ad5dc63.jpg,1080,1920,0,2026-07-25
2026-10-05,blusa cropped,4603312252412699712,66,0,0,Cropped Cavado Arenite,citrineloja.com.br,https://citrineloja.com.br/produtos/cropped-cavado-arenite/,https://i.pinimg.com/originals/5b/af/6d/5baf6da620d420a213d223df2dec1709.webp,1024,1366,0,2026-09-22
2026-10-05,blusa cropped,1135329387347000453,67,1,0,Cropped multiformas,s.shopee.com.br,https://s.shopee.com.br/9zy08u3BAA?channel_type=pinterest,https://i.pinimg.com/originals/23/b7/0d/23b70dddc294652303d33fcbc3be6cd3.jpg,736,981,0,2026-09-24
2026-10-05,blusa cropped,61854194877252501,68,1297,0,,,,https://i.pinimg.com/originals/31/dc/f8/31dcf8921240161e1d0edc703985e064.jpg,474,711,0,2025-10-15
2026-10-05,blusa cropped,46373071158180871,69,984,0,BEAUDRM Women's Asymmetric Hem Cami Crop Top Backless Tie Front Ruffle Trim Slim Fit Camisole Green Medium at Amazon Women’s Clothing store,amazon.com,https://www.amazon.com/BEAUDRM-Womens-Asymmetric-Backless-Camisole/dp/B0CZ3NWV23,https://i.pinimg.com/originals/9a/df/8d/9adf8df7effdeedfc5532fda4aaea82d.jpg,525,1000,0,2025-06-07
2026-10-05,blusa cropped,23081016835379447,70,1592,0,Verdusa Women's Asymmetrical Neck Sleeveless Cut Out Cami Crop Tank Top at Amazon Women’s Clothing store,amazon.com,"https://www.amazon.com/Verdusa-Womens-Asymmetrical-Sleeveless-Black/dp/B0B58ZC3QL?keywords=techno+festival+outfits+women&qid=1691345979&s=boost&sprefix=techno+festival+outfit,specialty-aps,351&sr=8-1-catcorr&srs=12034488011&linkCode=sl1&tag=msdeepak-20&linkId=93c097b25d059ad6e4d1871a83e7a0e5&language=en_US&ref_=as_li_ss_tl",https://i.pinimg.com/originals/b4/ae/d4/b4aed4c0e78763dc76a93127f08d8dd1.png,660,879,0,2024-12-21
2026-10-05,blusa cropped,907616131196958360,71,3,0,Cropped Feminino Ombro A Ombro Fashion Estiloso Festa,mercadolivre.com,https://mercadolivre.com/sec/2QKFWKs,https://i.pinimg.com/originals/9b/41/ed/9b41edf9e96fa9b30390644acc9d99d7.webp,896,1152,0,2025-10-06
2026-10-05,blusa cropped,585468020327897627,72,78,0,,m.shein.com,https://m.shein.com/br/SHEIN-MOD-Puff-Sleeve-Lace-Up-Backless-Textured-Crop-Top-p-10568397-cat-2223.html?share_from=mbr,https://i.pinimg.com/originals/bf/9b/54/bf9b54b766503b2fac3d0a2c4e3dea65.webp,405,539,0,2023-04-01
2026-10-05,organizacao de geladeira,596093700728661580,2,2,0,Geladeira organizada: uma mudança simples que transforma a rotina,meli.la,https://meli.la/1fo95EG,https://i.pinimg.com/originals/c0/b9/91/c0b9912d7d403a80e5c853d3cbc3909a.png,1024,1536,0,2026-09-30
2026-10-05,organizacao de geladeira,172473860726491898,3,228,0,Refrigerator Organization Ideas for a Tidy Fridge,amazon.com,https://www.amazon.com/shop/influencer-f7df178b/list/21SGEB8MPZA7D?ref_=aipsflist,https://i.pinimg.com/originals/0b/ac/b6/0bacb6ce135f6e4fba9982fb249454b1.jpg,1200,1800,0,2026-09-30
2026-10-05,organizacao de geladeira,AW1sB_FHkbqHI06IgiLo1yk3gztuAszewxpGtYsmuJuzSMlA06N28p9oP_ciDIy-Fof6uYzYUjC7VzyfLhJHnA8,4,17,0,"I didn’t hate my fridge because it was messy. I hated it because it was inefficient. This setup fixed that. Clear zones. Easy access. No digging, no forgotten food in the back, and way less mental loa",instagram.com,https://www.instagram.com/reel/DTQF9BnEQ2a/,https://i.pinimg.com/originals/79/0e/8c/790e8ca3a435292800e288c2a0542035.jpg,1152,2048,1,2026-01-09
2026-10-05,organizacao de geladeira,Ae2pHQVnF_9PMPEeaB-FflPfyNdJVLKUletmYLbzp8BKRisnnJDfUMp2HpDQmY1T0rYxJlbjRGGd-7ptSguA4gU,5,33,0,Refrigerator Organization,amzlink.to,https://amzlink.to/az0jpieIk2fBj,https://i.pinimg.com/originals/fd/93/da/fd93dadf1fddd987184d2de98ecb761a.png,1000,1500,0,2026-08-24
2026-10-05,organizacao de geladeira,AThH4OWVEdj9lz6RB1dxsi2RPBfKJLNunSuDDi6a9M77oDoi5nfoE1iWChlVzllSNl8FRqTDfJ9abdA5cNTLNm8,6,0,0,9.5 in. Plastic Pantry,homedepot.com,https://www.homedepot.com/p/Esepony-9-5-in-Plastic-Pantry-Organizer-Storage-Bins-for-Home-Kitchen-Office-Cabinet-and-Fridge-Organization-Clear-12-Pack-VC336389/340662475?cm_mmc=psoc-pinprg-%7Bcampaignid%7D-%7Badgroupid%7D,https://i.pinimg.com/originals/ad/19/74/ad19749634c5ed574536f36edc78d681.jpg,1000,1000,0,2026-09-25
2026-10-05,organizacao de geladeira,68750453095,7,777,0,Refrigerator Organization Ideas 2026 | Fridge Organization & Storage,,,https://i.pinimg.com/originals/c2/37/ed/c237edb23575c61657ba8ae0dc57ac7a.jpg,935,1662,0,2026-09-29
2026-10-05,organizacao de geladeira,AVv6_RgMjBbw8YAsWSHfsjm1KTtewYh9nrsJVM6L1DINzdR1KWlmI6qWwFsF9TgYDnokMDd-dQ1lLjJiv545qaI,8,0,0,Zulay 4 Pack Clear,wayfair.com,https://www.wayfair.com/Zulay-Kitchen--Zulay-4-Pack-Clear-Refrigerator-Organizer-Bins-Xl-Fridge-Organizers-And-Storage-Clear-Ideal-Freezer-Organizer-Bins-Refrigerator-Storage-Containers-Kitchen-Cabinets-Pantry-Organization-ZRFTRB4PXL14.5N8.5N-L1223-K~IKSD1974.html,https://i.pinimg.com/originals/f3/4f/00/f34f00fb56d9d1eda9accaa217b1dba9.jpg,400,400,0,2026-08-04
2026-10-05,organizacao de geladeira,593912269657889814,9,1,0,Organizador de geladeira | achadinho para cozinha,s.shopee.com.br,https://s.shopee.com.br/8KpmPsUZyY?channel_type=pinterest,https://i.pinimg.com/originals/7a/11/e5/7a11e57391e17282a6432733f5d10b82.png,1024,1536,0,2026-09-25
2026-10-05,organizacao de geladeira,AdtMEbm0xpGwTPfYQmyDdJyDzWologrlSO-ePTuoeGAxAkGua4t2KeSUzuRyPHCl55BeKy5S9zCfiBG4CBFQMrA,10,0,0,Everything Organizer®,containerstore.com,https://www.containerstore.com/s/clearance/clearance-kitchen/everything-organizer-fridge-bin-with-handle/12d?productId=11026868&country=US&currency=USD&skuId=10102546&cid=sm%7Cpinterest%7C%7Cshopping,https://i.pinimg.com/originals/f1/c5/c6/f1c5c6c7f042420a88ce5dab17657b8b.jpg,312,312,0,2025-01-08
2026-10-05,organizacao de geladeira,AR11sx2u15tw5cn3kuBMUE3XNE5qFe_g4I0Tl-g6wWqdsGhReMOKe6vqa6s_S5M16J77Y66t8Wu-9CvVXAopPwU,11,1,0,Temu | 3pcs Refrigerator,temu.com,https://www.temu.com/ul/kuiper/un3.html?subj=dpa-un&_bg_fs=1&_p_jump_id=1082&_x_vst_scene=adg&goods_id=601099654192751&adg_ctx=a-c3e352c1~c-e0003677&_p_rfs=1&_x_ads_channel=pinterest&_x_ads_creative_id=%7Bproduct_partition_id%7D&_x_ads_id=%7Badgroupid%7D&_x_ads_set=%7Bcampaignid%7D&_x_ads_sub_channel=shopping&_x_ns_catalog_id=1567707391772&_x_ns_creative=%7Badid%7D&_x_ns_product_id=17592733468759&,https://i.pinimg.com/originals/8a/4e/38/8a4e382c2000653e07fd20b75ad8bcef.jpg,2000,3000,0,2026-07-02
2026-10-05,organizacao de geladeira,AebPitiCvtpE8nVDjWUqwMJUd8L4eq_JaXRyY8hrAkbqdIC65a-to3QuEnvi9oCukx9R1qDRZB7M3aP4VKZi4Dk,12,1,0,Refrigerator Side Door,inspireuplift.com,https://www.inspireuplift.com/refrigerator-side-door-storage-box-food-fruit/iu/21640596?variant=473675022,https://i.pinimg.com/originals/ba/85/62/ba856291fb414db65086f72a8f537f6f.jpg,800,800,0,2026-07-09
2026-10-05,organizacao de geladeira,1148840186232336893,13,3,0,Uma geladeira mais prática para o dia a dia ✨,s.shopee.com.br,https://s.shopee.com.br/6VNigOeF5H?channel_type=pinterest,https://i.pinimg.com/originals/c3/e9/14/c3e91426cca2de0cfafa1212224967e0.png,1024,1536,0,2026-09-09
2026-10-05,organizacao de geladeira,Aa_zjaPO8KQn-8rv7jlZKuSVIniWWm-NKVNEnv-T7_436FIn9-Jrwk8VQ45c4KwPLkSeafFlFADXndQZSLiu2fI,14,1,0,Chmadoxn Food Grade,walmart.com,https://www.walmart.com/ip/Chmadoxn-Refrigerator-Door-Organizer-Bin-Food-Grade-Plastic-Fridge-Side-Storage-Box-Fruit-Vegetables-Eggs-Dishwasher-Safe-Kitchen-Pantry-Container-Sp/20389352592?wmlspartner=wlpa&selectedSellerId=101568209,https://i.pinimg.com/originals/3f/2a/bd/3f2abd79438142a716556d73c4d18390.jpg,450,450,0,2026-08-19
2026-10-05,organizacao de geladeira,623678248457162484,15,6,0,Refrigerator Organization Ideas for a Clean and Organized Fridge,amazon.com,https://www.amazon.com/shop/influencer-e6744de0/list/39LO7GKG34QLI?ref_=aipsflist,https://i.pinimg.com/originals/ac/a0/e3/aca0e3afcc0f738cecca1b6ceaa8ed60.jpg,1200,1800,0,2026-09-26
2026-10-05,organizacao de geladeira,AaqY_9Jm2majKyhQ2S43W0S_61tGl_jBkk7DmewpgdQyBcd3U6pm9Z9x0EV6hy9crI4XmuJ8sDIQKF79gllwH6A,16,0,0,Greenby Refrigerator,amazon.com,https://www.amazon.com/Greenby-Refrigerator-Organizer-Bins-Pack/dp/B0FBFQNGGJ?ref_=pinterest_fplfs,https://i.pinimg.com/originals/b2/91/48/b2914839ac788886095278942b0f3e9a.jpg,1164,1200,0,2026-06-06
2026-10-05,organizacao de geladeira,644999977930615765,17,1,0,Your Refrigerator Needs These 😍 | Smart Fridge Organization,link.amazon,https://link.amazon/B089KW13E,https://i.pinimg.com/originals/18/07/90/1807903908972265e4faca04f1919897.png,1024,1536,0,2026-09-20
2026-10-05,organizacao de geladeira,AaMPimnqcQpEL5QgJFiJWUVIlQSCtIeBrn8e1Z_aEatsqJ7Vm8sSTGQHBpL8AmigX5nWrkEI9NWPaYTUkqy29_g,18,1,0,Temu | 6pcs(3pcs Boxs +,temu.com,https://www.temu.com/ul/kuiper/un3.html?subj=dpa-un&_bg_fs=1&_p_jump_id=1082&_x_vst_scene=adg&goods_id=601103831978044&adg_ctx=a-0c9d815b~c-a0488ac7&_p_rfs=1&_x_ads_channel=pinterest&_x_ads_creative_id=%7Bproduct_partition_id%7D&_x_ads_id=%7Badgroupid%7D&_x_ads_set=%7Bcampaignid%7D&_x_ads_sub_channel=shopping&_x_ns_catalog_id=1567707391772&_x_ns_creative=%7Badid%7D&_x_ns_gid=601103831978044&_x_ns_,https://i.pinimg.com/originals/b5/d5/7c/b5d57cb341bb834e5781bc003f045da4.jpg,2560,2560,0,2026-08-19
2026-10-05,organizacao de geladeira,260505159692776484,19,7,0,Fridge Organization Aesthetic | Smart Kitchen Organization Ideas & Amazon Finds,,,https://i.pinimg.com/originals/05/23/e0/0523e087e1ef06802bfde8e6ccb9bd4f.png,1024,1536,0,2026-09-30
2026-10-05,organizacao de geladeira,AbgQa6KmGe1aNOBBa4kCWkMNxV708CE_85v8gtQMjWuk-rmeJDqQzR0ndpgZAk0e6L2oiFjd6vRJc8HfKM7l99Q,20,0,0,"Get So Much More from your refrigerator with Zero Clearance™ Hinges that offer a sleek look, a Tall Ice & Water Dispenser for everyday ease and three types of ice—including LG’s exclusive Craft Ice™—f",lg.com,https://www.lg.com/us/zero-clearance-refrigerator?utm_source=pinterest&utm_medium=paid-social&utm_campaign=lg_2026_hs_xhs_awareness_views_paid-social_pinterest_kitchen&utm_content=hs_all_plp_04-01-26_12-31-26_awareness_lg-kitchen-smm-ref-6s_other_lifestyle_video_na_16x9_6s_mix_x&utm_term=hs_xhs_prospecting_us_interest_movers-remodelers_en_all_mix_x,https://i.pinimg.com/originals/31/6f/c6/316fc6c44d98576f7167c8c08215ed06.jpg,1080,1920,1,2026-03-30
2026-10-05,organizacao de geladeira,AaNv1sfh6wWeiBpbnXuMlAlu5mnY5K841jjcG5SyLiyMZtXGsiToK7u8wu6FyPp9zDcGHMrQXrKKX34oUU5EcAk,21,1,0,Temu | Organizador de,temu.com,https://www.temu.com/ul/kuiper/un3.html?subj=dpa-un&_bg_fs=1&_p_jump_id=1082&_x_vst_scene=adg&goods_id=605542621795051&adg_ctx=a-37bdda75~c-863aa750&_p_rfs=1&_x_ads_channel=pinterest&_x_ads_creative_id=%7Bproduct_partition_id%7D&_x_ads_id=%7Badgroupid%7D&_x_ads_set=%7Bcampaignid%7D&_x_ads_sub_channel=shopping&_x_ns_catalog_id=1580405374697&_x_ns_creative=%7Badid%7D&_x_ns_gid=605542621795051&_x_ns_,https://i.pinimg.com/originals/78/6e/ed/786eedf8ed05206aea776d6e0760781d.jpg,2000,2000,0,2026-06-29
2026-10-05,organizacao de geladeira,AYUNhnusfdSKsw14vr_aqwqDHXTx8Xn9IGnKU9K9O6VhvkTe8YmH-pcYBS_E9SZoZqJjPnt9BB3aBDTKfFt75dU,22,1,0,Expandable Fridge Storage,7catbox.com,https://7catbox.com/products/fridgex-expandable-fridge-storage-box?variant=52810942939454,https://i.pinimg.com/originals/50/16/9a/50169af12b35fcd231295de78142381f.jpg,800,800,0,2025-12-31
2026-10-05,organizacao de geladeira,114771490504888608,23,212,0,Refrigerator Organization Ideas | Clear Fridge Bins and Food Storage,,,https://i.pinimg.com/originals/c7/e8/33/c7e833e9bd69b767796c2400e3aa153c.png,1024,1536,0,2026-09-21
2026-10-05,organizacao de geladeira,7740630606765750,24,2564,0,,,,https://i.pinimg.com/originals/25/57/f0/2557f00881c339cd15cd117033764936.jpg,736,1092,0,2026-04-14
2026-10-05,organizacao de geladeira,438960294965135826,25,19,0,Fridge Organization Ideas for Small Apartments,,,https://i.pinimg.com/originals/c3/68/59/c36859e055ce2dc767b7d44a3b080306.png,1024,1536,0,2026-09-29
2026-10-05,organizacao de geladeira,AQUVUsH2cChPXO-gs7PP9WNY6yI3YPxQzH-t7LdGE4VXmyZO_792h-DKs73MhhndQOL4quxWAxfttqW_Bz1o_G0,26,1,0,2+3 FREE | FridgePeek –,bright-residence.com,https://bright-residence.com/products/fridgepeek?variant=53332691943691,https://i.pinimg.com/originals/fb/40/19/fb4019bbd10fabd81b8c9880538bb33f.jpg,1024,1024,0,2026-09-01
2026-10-05,organizacao de geladeira,AQoRo4DbD2lnOdeSKBUdY1k3pRh0KbRLdKSJU_3m9yPUbtddurnk7oTmcffy1Wkqp8qq3oi5kQIW64pymJPc6ik,27,1,0,Crate & Barrel,crateandbarrel.com,https://www.crateandbarrel.com/crate-and-barrel-rectangular-glass-storage-container-with-bamboo-lid-2-cup-set-of-4/s651833,https://i.pinimg.com/originals/1b/6d/3e/1b6d3ead864f53a1ac050251bb690c29.jpg,800,1000,0,2026-10-02
2026-10-05,organizacao de geladeira,1055599909714892,28,2547,0,Fridge Organization Hacks for a Clean,,,https://i.pinimg.com/originals/7b/cf/e4/7bcfe4c3c947e01e438787ad36675473.png,887,1774,0,2026-09-09
2026-10-05,organizacao de geladeira,1085437947726309519,29,2,0,Organização da geladeira: ideias para deixar tudo mais prático,,,https://i.pinimg.com/originals/fc/64/bf/fc64bfc844ffc0da9595c68f0f3d007e.png,1024,1536,0,2026-09-23
2026-10-05,organizacao de geladeira,718394578112501793,30,4,0,Geladeira organizada: o detalhe que deixa tudo mais prático,meli.la,https://meli.la/1ekWvtk,https://i.pinimg.com/originals/1e/ae/d1/1eaed1378bfbb107dbe2880407a5b3a1.png,1024,1536,0,2026-09-22
2026-10-05,organizacao de geladeira,68749934229,31,18820,0,,amazon.com,https://www.amazon.com/shop/alexaanu2/photo/amzn1.shoppablemedia.v1.73aa6f9a-b6e5-41a5-910c-ab3f623793f8?ref_=cm_sw_r_apann_aipsfphoto_EG4GZ6JK5JK8HQJNXP26&language=en-US,https://i.pinimg.com/originals/34/a6/b8/34a6b81e7cae7f5b6637debd434ef474.jpg,611,995,0,2026-03-29
2026-10-05,organizacao de geladeira,611574824491872111,32,15,0,✨ Fresh Produce Fridge Organization | Pinterest Aesthetic,,,https://i.pinimg.com/originals/c1/20/f7/c120f7a4f1bf939d51703dbf30994bfd.png,1024,1536,0,2026-09-27
2026-10-05,organizacao de geladeira,ATscmYxids9sSdJCtpQQys6baCqns7utQ3uVCK1cegrD5tBo6b5ZT_rp8BSPTeAuxnkr-ulSvywbAgBtKI-hEgI,33,1,0,FridgeZiplock - Maximize,maldaro.com,https://maldaro.com/products/fridgeziplock?variant=52410834551112,https://i.pinimg.com/originals/77/44/1c/77441c5fc311a8334c4794608e5b09a9.jpg,900,900,0,2026-05-29
2026-10-05,organizacao de geladeira,1128714725392989648,34,2,0,✨ 10 cosas para organizar tu nevera y aprovechar cada espacio,amzn.to,https://amzn.to/46E3Zu2,https://i.pinimg.com/originals/79/e4/59/79e459a7a3269d9b65268f103b0a88d1.png,1024,1536,0,2026-09-23
2026-10-05,organizacao de geladeira,1140325568181112184,35,2,0,Fridge Storage Containers for a Neat & Organized Refrigerator,link.amazon,https://link.amazon/B05RmQb9a,https://i.pinimg.com/originals/15/a8/06/15a806fe5c5c801ad810fae5e57fc278.png,1024,1500,0,2026-09-17
2026-10-05,organizacao de geladeira,4644405861767419,36,59,0,Fridge Organization Ideas,mydecorarea.com,https://www.mydecorarea.com/fridge-organization-ideas-on-a-budget/,https://i.pinimg.com/originals/45/8c/53/458c53f05c95147a14f90106258196f5.png,1000,1500,0,2026-09-13
2026-10-05,organizacao de geladeira,AXoyPXkqMn8jR9t7TKGX9LeESl8RXNqUanA3Zm-vO2PaF-p4qI6jj5CwuYRzM17V624OLhwIQmenht3i97hmNvY,37,0,0,Temu | 1/2 PAQUETE,temu.com,https://www.temu.com/ul/kuiper/un3.html?subj=dpa-un&_bg_fs=1&_p_jump_id=1082&_x_vst_scene=adg&goods_id=607042270018771&adg_ctx=a-57594303~c-79279a9b&_p_rfs=1&_x_ads_channel=pinterest&_x_ads_creative_id=%7Bproduct_partition_id%7D&_x_ads_id=%7Badgroupid%7D&_x_ads_set=%7Bcampaignid%7D&_x_ads_sub_channel=shopping&_x_ns_catalog_id=1580405374697&_x_ns_creative=%7Badid%7D&_x_ns_gid=607042270018771&_x_ns_,https://i.pinimg.com/originals/a7/19/86/a719864ea316c5302caf096dcd1feaba.jpg,1300,1300,0,2026-08-15
2026-10-05,organizacao de geladeira,774124931876321,38,2148,0,,,,https://i.pinimg.com/originals/a2/c9/1c/a2c91c809c4f5296e57d185d2926dceb.jpg,1024,1536,0,2026-07-11
2026-10-05,organizacao de geladeira,AbL1od6tel0F1pMqUeakwZp4eKnJ4eRmsy4gfNa6vRtlxH4eKRZ9XQMxv17wUrLPhAAqc5A6enY5KU360iKW6eM,39,1,0,Temu | 3pcs Refrigerator,temu.com,https://www.temu.com/ul/kuiper/un3.html?subj=dpa-un&_bg_fs=1&_p_jump_id=1082&_x_vst_scene=adg&goods_id=606304240273569&adg_ctx=a-b98341f4~c-5231b226&_p_rfs=1&_x_ads_channel=pinterest&_x_ads_creative_id=%7Bproduct_partition_id%7D&_x_ads_id=%7Badgroupid%7D&_x_ads_set=%7Bcampaignid%7D&_x_ads_sub_channel=shopping&_x_ns_catalog_id=1567707391772&_x_ns_creative=%7Badid%7D&_x_ns_gid=606304240273569&_x_ns_,https://i.pinimg.com/originals/f1/50/18/f15018af1fcf767ad01108e0bf4d8cdf.jpg,2000,3000,0,2026-07-19
2026-10-05,organizacao de geladeira,56224695344161883,40,480,0,~Geladeira organizada~,,,https://i.pinimg.com/originals/ce/5c/ee/ce5cee8a95f172468133e1f3f846efee.jpg,736,1308,0,2026-01-17
2026-10-05,organizacao de geladeira,228557749838990150,41,14,0,GELADEIRA ORGANIZADA,meli.la,https://meli.la/1ry4aid,https://i.pinimg.com/originals/55/59/78/555978ca37ff221dc50dabcbddd4a4f2.png,1024,1536,0,2026-07-24
2026-10-05,organizacao de geladeira,583779170495929955,42,6,0,Fridge Organization Hacks: Automatic Rolling Egg Holder 🥚🧼☁️,benable.com,https://benable.com/oxanacodreanu/aesthetic-amazon-kitchen-coffee-bar-essentials-home-reset-ae,https://i.pinimg.com/originals/11/42/02/11420268b4d363a3c16db6f9ba4f7daa.jpg,736,1104,0,2026-09-27
2026-10-05,organizacao de geladeira,1084663891537346289,43,1,0,Clear Fridge Storage Bins for an Organized Kitchen,amzn.to,https://amzn.to/4xdxbTp,https://i.pinimg.com/originals/57/c7/a4/57c7a4103505945948b9c8edd4307d32.png,1024,1536,0,2026-09-21
2026-10-05,organizacao de geladeira,1148417973760207413,44,2,0,Organizador de geladeira 🍓✨️,s.shopee.com.br,https://s.shopee.com.br/4fwJcscsKr?channel_type=pinterest,https://i.pinimg.com/originals/ea/21/17/ea211708f9344f1ae4258cf7a4c97d1d.jpg,1145,1374,0,2026-09-18
2026-10-05,organizacao de geladeira,118852877665580892,45,111,0,Organização de Geladeira com Potes e Organizadores,,,https://i.pinimg.com/originals/dd/22/36/dd2236a905e2f7b6edeab5ab9e1625e4.png,1024,1536,0,2026-08-02
2026-10-05,organizacao de geladeira,24980972930537701,46,977,0,,,,https://i.pinimg.com/originals/a0/8d/ba/a08dba64e80c306d0a5d206925c50b55.jpg,1024,1536,0,2026-08-12
2026-10-05,organizacao de geladeira,557953841359640070,47,7,0,Kit organizador de geladeira,onelink.shein.com,https://onelink.shein.com/34/5kd1rcrcv4hh,https://i.pinimg.com/originals/00/50/82/0050824ec9a458c8799fd7be6a611cb9.jpg,1024,1536,0,2026-09-15
2026-10-05,organizacao de geladeira,5840674512338108,48,681,0,,,,https://i.pinimg.com/originals/b9/3c/98/b93c988c06ca1d4f2e88e6a2bf87beaa.jpg,736,1349,0,2026-06-29
2026-10-05,organizacao de geladeira,10133167907298271,49,941,0,,,,https://i.pinimg.com/originals/a8/7a/cf/a87acf4b751567695b2388819630953a.jpg,736,1104,0,2026-08-11
2026-10-05,organizacao de geladeira,4644405861767266,50,185,0,The Ultimate Organized Fridge Inspiration 🥬✨,,,https://i.pinimg.com/originals/4f/5a/7f/4f5a7fbb87243085ec543022c632b74e.png,916,1376,0,2026-09-13
2026-10-05,organizacao de geladeira,3025924745947458,51,11254,0,,,,https://i.pinimg.com/originals/74/4b/c3/744bc314c461120898847f86355b698d.jpg,736,1104,0,2025-06-15
2026-10-05,organizacao de geladeira,3025924745947458,51,11254,0,,,,https://i.pinimg.com/originals/74/4b/c3/744bc314c461120898847f86355b698d.jpg,736,1104,0,2025-06-15
2026-10-05,organizacao de geladeira,4644405861767402,52,180,0,Fridge Meal Prep Storage Ideas for Produce,,,https://i.pinimg.com/originals/dd/17/ec/dd17ec628ca86d28c6fe86dbca6dc8a6.jpg,1536,2752,0,2026-09-13
2026-10-05,organizacao de geladeira,ATp9QZY7jz9HAjVx8jqxZ8YjQwDCSG4evPmAcUdEmYw6EHhc5nEGXEgswRQfmoK-gUEkm_C5MpDWmIW3J4ZwyEg,53,1,0,Nature Inspired,amazon.com,https://www.amazon.com/Crock-Pot%C2%AE-Design-7-Quart-Programmable-Cooker/dp/B0GQDGTB4N/ref=sr_1_1?crid=IWSKCJ3A0GAC&dib=eyJ2IjoiMSJ9.FeXBBIc3H67JQoGULIOEkt_FX6ZTa_SYksveYnl6zpJYcNbtxDL6-7YSfDGFcf_qWKrcwXc-zeC73ivGk1Q4EkK7d_uo3Ex5O89BQ5lE2gwJw_UcHHuh9vz4syTHrkrEePYlTfjfeCsfxJG1gENu9pHZn5OGNkbRw4bkrSbtmMSLuLkxUZO4leNSmlUuut-TwEaCTyhYPEDynkeNn-dPMlXgdhJkzwSfXyoNCshsiEA.6BrOfD_w70TTFrrW4C5HVOloWyIHuu,https://i.pinimg.com/originals/a3/22/fc/a322fce09c202fbd47301b2bb3d4caf7.png,864,1536,0,2026-09-23
2026-10-05,organizacao de geladeira,898890406994444681,54,6,0,Fridge Organization Bins That Make Produce Easier to See & Your Fridge Feel Instantly Organized,amazon.com,https://www.amazon.com/Tiawudi-Plastic-Multi-Use-Organizer-Containers/dp/B0BMFKGVXD?crid=ITXFQBVA3X5V&dib=eyJ2IjoiMSJ9.7E2XGJdu0_XXpKiQWwiieqB7BTDanrijflBDEfRR3r6g8x3neSCDGUbQDGaxDTWBDSX1an29ZejkNASpCCqq2_fTGULjFpOvAeCfaPw5VFPPIolJMZvqG8984O0E0GTjMGJvAMBMtR8jXtW0vnDotziPAcpsef2SlQVHVP_4-usXfJmLxBfUlI9lqm849XvetKx9eSqNal53EU5BQ1v3ANkU-qrr1l_Zn0UOHvV4ImTKvHGUp8G7yScgUrM8C2H76rVwCraToPhmgTocRDpY_8v2P,https://i.pinimg.com/originals/d5/17/6f/d5176fd23f85c47277cd373cc9f93f65.jpg,1200,1600,0,2026-09-26
2026-10-05,organizacao de geladeira,AbGfmUorxdiv2m50Mwv-UBiPco41eZvrNLEsyW5a3JMhcwqjVtFeApkaDngrCKQBm3ATDOlfmIlrM31KK5B8Kn0,55,1,0,Fresh food storage fit,lowes.com,https://www.lowes.com/pl/Refrigerators-Appliances/4294857973?goToProdList=true&rangeFacet=price_td__0__2499,https://i.pinimg.com/originals/d9/7f/3e/d97f3e75ba5d631365b9511fde6e40bb.jpg,1000,1500,0,2026-01-12
2026-10-05,organizacao de geladeira,ARR5f2UNDFkPFa38H8O72FGIwClBQGQPmYMgECvTHPu0Nc-7ksiQ26lccldZZl_Yb3N9yFfyk4DUUHzQHGYIw2E,56,7679,0,Our best deals on ILVE,homeoutletdirect.com,https://homeoutletdirect.com/,https://i.pinimg.com/originals/15/b0/86/15b086b8f45fd142eb88aa24703eaf14.jpg,2000,3000,0,2023-09-03
2026-10-05,organizacao de geladeira,AVS7CnCC81CsltGJsvlXq1IOHYmoxwH-ciWH4OZQjJGnx216rDJhM8mSPzYHy85K7vIdio2cJuV6RSehei9XI38,57,43,0,Fall Kitchen Design,twopagescurtains.com,https://twopagescurtains.com/collections/blinds-shades,https://i.pinimg.com/originals/d0/3e/3e/d03e3e464c0a7bc9a3c53e7dacacc988.png,1000,1500,0,2026-09-14
2026-10-05,organizacao de geladeira,862369028667748625,58,4374,0,Como organizar a casa: 50 dicas para todos os cômodos,dicasdemulher.com.br,https://www.dicasdemulher.com.br/como-organizar-a-casa/,https://i.pinimg.com/originals/aa/70/68/aa7068410c00cfd527426f5c27e2a7c4.jpg,750,938,0,2023-04-13
2026-10-05,organizacao de geladeira,ARX3hlhZjvvlCu9lkaNlwhdUJwT6npJys4IvTiklDi2HMTZmtaQGXMhZj10a28kNvKZJYcmb1Dc5-pR7b9YO2oA,59,1,0,MODERN PERFORMANCE FOR,fergusonhome.com,https://www.fergusonhome.com/ge-appliances/c112078?utm_source=pinterest&utm_medium=psa&utm_campaign=0_fh_national_convert_acquire_2573_ge_product_psa_2026vmfge&utm_content=gepp4,https://i.pinimg.com/originals/02/60/fd/0260fd3d8616a0f226d105b62f5127d0.jpg,2083,3125,0,2026-06-29
2026-10-05,organizacao de geladeira,22095854417105095,60,595,0,The Fridge Layout That Keeps Everything Visible All Week,,,https://i.pinimg.com/originals/14/eb/34/14eb340e8d4bbf0d1082d840ea01817d.png,1024,1536,0,2026-07-10
2026-10-05,organizacao de geladeira,AaBa96AqMv3LkgK1eNeQ0r61DUVY8dukk3_EGO2S3khAXczE2mXNsKq03_s4bXj9vRbLPaEG9-b8FTwazUhB0_c,61,0,0,The Pantry Set,sortjoy.com,https://www.sortjoy.com/products/new-the-pantry-set?variant=43985306091812,https://i.pinimg.com/originals/aa/7c/0c/aa7c0c3c30e792cd310137c8dc66fdc4.jpg,1000,1500,0,2026-10-01
2026-10-05,organizacao de geladeira,AbtUEgsDt_9MTxIwhff-vsjwhhkMoiTgVjqJ1i8U8oFvcltoSN_pGD4xEjxd92BVpYryNnniGU6ocVnHNfQe4II,62,56,0,Top-rated & most trusted,crateandbarrel.com,https://www.crateandbarrel.com/bestsellers/1,https://i.pinimg.com/originals/06/99/2d/06992d5ea782b6b8a7c3bd3a372a9222.png,600,900,0,2026-08-06
2026-10-05,organizacao de geladeira,ASmLO0Vx1Sy1Emkvl8Knb1wy7MGcLow3PVKJVwSRYsrd6KjMcMlkqw99U_M1VLKIxrpBoI57ZPlRmXTYHGCcoUc,63,0,0,Double-Layer High,us.shein.com,https://us.shein.com/ark/default?scene=1&test=5051&ad_type=DPA&goods_id=106913577&pf=PINTEREST&url_from=PINADSDPA&ismg=cf80567fb5291e7620be322b3c86af1deeee5eecd9f2b8fdeef676bbe6d58258_01_1791128113,https://i.pinimg.com/originals/0a/02/2a/0a022af72e6a396917eba530357a231a.jpg,1340,1785,0,2026-08-30
2026-10-05,organizacao de geladeira,172473860726491918,65,13,0,Ultimate Fridge Organization Goals 🌿✨,,,https://i.pinimg.com/originals/cc/94/a0/cc94a06211622ec0a688a9d29687898c.jpg,1536,2752,0,2026-09-30
2026-10-05,organizacao de geladeira,1146940230213783515,66,3,0,O Truque para Organizar uma Geladeira Pequena,meli.la,https://meli.la/2P47mXe,https://i.pinimg.com/originals/52/2b/7b/522b7beae5d072a95d1d67cb847fe2fa.png,941,1672,0,2026-09-10
2026-10-05,organizacao de geladeira,AS_XKAbXFkz3ugik4wJSdre2ljDeBXxT_b_wHOxq_Hs6rmVinx4uV775h02IBHNIdhsYB49mhVDfqmSb9FIzTMI,67,349,0,Amazon Fridge,amzlink.to,https://amzlink.to/az0I6c1zcE0RB,https://i.pinimg.com/originals/d8/69/9e/d8699e35bfc7bdfe09cfb3d9e4a45966.jpg,1080,1920,1,2026-07-18
2026-10-05,organizacao de geladeira,13510867628679887,68,54,0,Cómo mantener la nevera organizada con cajas transparentes,amzn.to,https://amzn.to/4vLk381,https://i.pinimg.com/originals/30/4b/9d/304b9d71b438f5d0534cc07705afdd8e.png,1000,1500,0,2026-07-31
2026-10-05,organizacao de geladeira,418553359143103987,69,45,0,Potes organizadores ajudam a aproveitar melhor o espaço da geladeira,s.shopee.com.br,https://s.shopee.com.br/30nS3JfSJe?channel_type=pinterest,https://i.pinimg.com/originals/f5/4a/49/f54a49a890b4098ebfa26be4380d2569.jpg,736,1104,0,2026-09-22
2026-10-05,organizacao de geladeira,56154326599400452,70,147,0,Fridge Reset Goals | Clean Fridge Organization Ideas,,,https://i.pinimg.com/originals/5d/88/65/5d88656b03849a14871c04d5f59d8479.png,1023,1537,0,2026-07-02
2026-10-05,organizacao de geladeira,418553359143151879,71,45,0,Refrigerator Door Organization Ideas | Smart Drink and Food Storage,,,https://i.pinimg.com/originals/ee/74/b4/ee74b4eac9fc1db3640de62f6ba3a5d9.jpg,939,1678,0,2026-09-29
2026-10-05,organizacao de geladeira,3518505955941229,72,2884,0,,,,https://i.pinimg.com/originals/00/f1/3b/00f13b2052130038940419881551a207.jpg,1080,1920,0,2026-08-29
2026-10-05,organizacao de geladeira,74309462597632080,73,389,0,Open Fridge Reset: Healthy Meal Prep & Wellness Organization Ideas,buymeacoffee.com,https://buymeacoffee.com/avocadobalance/e/545132,https://i.pinimg.com/originals/35/5a/63/355a6369a5b4caf34d814e1f84e7a407.png,1024,1536,0,2026-08-05
2026-10-05,organizacao de geladeira,99290366782826043,74,50,0,Zona de Desayuno Organizada para el Refrigerador,,,https://i.pinimg.com/originals/7d/4a/46/7d4a466121c1bb4d4a2a2a7b8634384d.jpg,1242,1838,0,2026-09-30
2026-10-05,organizacao de geladeira,208361920256073516,75,33,0,Refrigerator Organization Hacks: 9 Bin + Label Ideas for a Clean Fridge,,,https://i.pinimg.com/originals/33/f9/95/33f995e94dfc06312cb2c76c5f7fc9ce.jpg,1003,1495,0,2026-09-25
2026-10-05,organizacao de geladeira,438960294965135827,76,4,0,Fridge Organization Ideas | Lazy Susan Refrigerator Organizer,amazon.com,https://www.amazon.com/dp/B0GSQZ4FLD?ref=t_ac_view_request_product_image&campaignId=amzn1.campaign.3UMBDSV9XEESY&linkCode=tr1&tag=marcelaaguila-20&linkId=amzn1.campaign.3UMBDSV9XEESY_1788564142976,https://i.pinimg.com/originals/64/5c/1d/645c1d018202d75b7deec2dbb24d6146.png,1024,1536,0,2026-09-29
2026-10-05,organizacao de armario pequeno,118501033941574081,2,36,0,Small Closet Organization Ideas for Tiny Spaces,,,https://i.pinimg.com/originals/26/04/fd/2604fd6acd7dcb65655bf60459fca419.jpg,1080,1920,0,2026-09-30
2026-10-05,organizacao de armario pequeno,Acmd_HSvC5Ww-AmwczMIp3jsG3oVY47vNBTSVwMvRYLck7rIerbmVgrVtYNLwaFV7pBKV36K66DtCkzsJZNoAmI,3,397,0,Amazon Closet,amzlink.to,https://amzlink.to/az0ZttdltNHkD,https://i.pinimg.com/originals/23/8f/68/238f686c7cbada8fbd99c222bb2f71b9.png,1000,1500,0,2026-07-26
2026-10-05,organizacao de armario pequeno,AZmEZW_asMfu2j9HqtxtBcbQQHWlxAOkPsG4YaAorSL_-daVt7otq7RhiQkzArJ82PTb434HotEaIBxkG6Nyh9w,4,4035,0,Amazon Closet,amzlink.to,https://amzlink.to/az0HzgCVtqaTr,https://i.pinimg.com/originals/3b/5e/54/3b5e54936b072f3e6d19d5cfb006c482.png,1000,1500,0,2025-07-20
2026-10-05,organizacao de armario pequeno,1096978421769739113,5,7,0,Small Closet Organization Ideas That Actually Work.,,,https://i.pinimg.com/originals/3d/0d/da/3d0ddac732546c424ddf77264157fe16.png,1024,1536,0,2026-09-25
2026-10-05,organizacao de armario pequeno,Ab8IppZq_g8taJBAuBcJK6jGriv6IiLWf4xPJ8J2LiELelB9HATYuGZ23KaeyvzAO9E_DdFabQgi1SxSSPG58ug,6,31,0,21.39 in. W White Modular,homedepot.com,https://www.homedepot.com/p/ClosetMaid-21-39-in-W-White-Modular-Storage-Stackable-Unit-with-4-Drawers-Wood-Closet-System-456100/321829044?cm_mmc=psoc-pinprg-%7Bcampaignid%7D-%7Badgroupid%7D,https://i.pinimg.com/originals/a6/7b/c8/a67bc803a4daf3dc2c6779501cb92ceb.jpg,1000,1000,0,2025-08-22
2026-10-05,organizacao de armario pequeno,14425661318852066,7,660,0,Minimal Closet Makeover • Over-the-Door Closet Cascaders You'll Love,,,https://i.pinimg.com/originals/0e/62/35/0e6235bab65d0de235d87b66fd658ff8.jpg,768,1365,0,2026-08-13
2026-10-05,organizacao de armario pequeno,Af8iOHOQDe9k2YxPRsHWqp0ey46aeke-lVJ41RtGk4vMsh8T1WXKNBnqeQtETBHlxRnCeRBpELUH8cody4CawHs,8,4,0,Taimasi 5 Pack Stackable,walmart.com,https://www.walmart.com/ip/TAIMASI-5-Pack-Stackable-Closet-Storage-Basket-Multifunctional-Foldable-Organizer-Kitchen-Bathroom-Laundry-Room-Wardrobe-Storage-Space-Saving-Clothes/18642057273?wmlspartner=wlpa&selectedSellerId=101203282,https://i.pinimg.com/originals/29/02/6b/29026b017ce3355a8884f51eecdb5ef3.jpg,1500,1500,0,2026-09-01
2026-10-05,organizacao de armario pequeno,AVIOlIW3OLkqE4ANgl8yjvLOmEYA076ndfTWENMGvADvzS1CukUW_SNSGB4e8E4s_vq7jWbY9OxfnYFcbhRQN4w,9,917,0,Amazon Closet,amzlink.to,https://amzlink.to/az0Zr8WhocscL,https://i.pinimg.com/originals/c9/67/bb/c967bbb6c8f53f14839643056568ef7c.png,1000,1500,0,2026-03-18
2026-10-05,organizacao de armario pequeno,492649955289385,10,3644,0,Space-Saving Small Linen Closet Organization Hacks,,,https://i.pinimg.com/originals/e0/6e/b6/e06eb65604e6e44c938b59014bbd855c.png,1023,1537,0,2026-09-05
2026-10-05,organizacao de armario pequeno,Ad9FRFWCIX8cM74fpNDIIogxFJl_C6tTIh5h-24fC3-DBjL5eMcWLQkFjOtbHipkOoJDvdU_o89rWr8qaQKUv_I,11,20,0,4-Pack 2-Tier Under Sink,walmart.com,https://www.walmart.com/ip/4-Pack-Bathroom-Organizer-2-Tier-Under-Sink-Organizers-Vanity-Countertop-Storage-Container-Kitchen-Cabinet-Drawers-Bins-Pull-Out-Organization-Pantry/18904266544?wmlspartner=wlpa&selectedSellerId=101203282,https://i.pinimg.com/originals/1c/b8/8d/1cb88d0ceed53f75bc78487370ee0265.png,1600,1600,0,2026-09-04
2026-10-05,organizacao de armario pequeno,13370130140064131,12,120,0,Elegant Closet Organizers for a Tidy Home,,,https://i.pinimg.com/originals/2d/aa/2e/2daa2e3d1c8d97d32a992ed70a3cdeea.png,1024,1536,0,2026-09-13
2026-10-05,organizacao de armario pequeno,AWpromDmvqL8mXACjZXRrYCeAxjOjkJfcQMBi1ARNG9k269AyfcWew4qRevzUHY06u2qdQ9_Uv8mJLnRMbtcgMw,13,1,0,Find Your Perfect Dresser,go.roomandboard.com,https://go.roomandboard.com/fUCNdW,https://i.pinimg.com/originals/15/e2/d9/15e2d9be299a34a0bb256035fddfd27a.png,1000,1500,0,2024-11-26
2026-10-05,organizacao de armario pequeno,AdzDKEOfNKsUVqC25tX83GyNoV1fdp7UpKoBs7nd0Nyqoaz9OngLu-fS7Oh8_ajBVGafu7x12qS41iVHIEv6mPA,14,3,0,Taimasi 2-Pack 3-Tier,walmart.com,https://www.walmart.com/ip/2-Pcs-3-Tier-Bathroom-Organizers-Storage-Pull-Out-Under-Sink-Organizer-Dividers-Kitchen-Pantry-Storage-Cabinet-White/5374980638?wmlspartner=wlpa&selectedSellerId=101203282,https://i.pinimg.com/originals/f6/17/ab/f617ab1341bcca7f9c1fce989db6c7a6.jpg,1600,1600,0,2026-08-28
2026-10-05,organizacao de armario pequeno,368169338311917577,15,8,0,8 Small-Closet Finds That Make a Big Difference,amazon.com,https://www.amazon.com/shop/krissycreates804/list/1RK18WG1MDUXC?ccs_id=cc0d1f53-07ac-4f9e-b7f1-a73c80c18379&linkCode=ll2&tag=krissypin-20&linkId=087f3ae388b2a17275ba4f9562501720&language=en_US&ref_=as_li_ss_tl,https://i.pinimg.com/originals/0b/a3/80/0ba380b8b5daf72dab60ec185a217f71.png,1024,1536,0,2026-09-26
2026-10-05,organizacao de armario pequeno,ASXtzLEO0FocnJ4IzbHQ6N0Jt_tVLxIJrePo3T_1dpGSEBiIGDoUtkvzfmWWO86XvEZqnceQUIhWOkYxYUis5d4,16,260,0,Amazon Closet,urlgeni.us,https://urlgeni.us/amzn/3aqm0o,https://i.pinimg.com/originals/4a/36/ec/4a36ece65f02c0a4daaffe56e62be0c9.png,1000,1500,0,2026-02-07
2026-10-05,organizacao de armario pequeno,ATn9eRi7n7mk_Sym1EdXIfS13Cf6f7kvv1pY0iuolt6RCLZMX2oNKpWVAEGq0SPK7EBcIQtV9hir1TJuuNHBH0g,17,2,0,Ktaxon Wooden Shoe,walmart.com,https://www.walmart.com/ip/Ktaxon-Wooden-Shoe-Cabinet-with-3-Flip-Drawers-2-Storage-Drawers-for-Hallway-Bedroom-Entryway-White/9094308361?wmlspartner=wlpa&selectedSellerId=4647,https://i.pinimg.com/originals/3f/a8/5a/3fa85a16d5c212181a1aa1c6f7467458.jpg,1600,1600,0,2026-09-01
2026-10-05,organizacao de armario pequeno,12596073954469293,18,964,0,Completely Organized Closet,,,https://i.pinimg.com/originals/0f/de/ce/0fdecea9cb77433cc209f4f607e2a85d.png,1024,1536,0,2026-07-30
2026-10-05,organizacao de armario pequeno,AU_8NVz1MkUcwLdypZowWfUVQm8Tb3ypp2Kfm0eX2n8Jt18_eYBkMnFnf1FJzeohfw1eCpGIsb6NufTXh6oZsGY,19,51,0,Whitmor Over-The-Door,kohls.com,https://www.kohls.com/product/prd-1607341/whitmor-over-the-door-shoe-shelves-organizer.jsp?skuid=94719226&ci_mcc=ci&utm_campaign=EC%20TEAM%20APPAREL&utm_medium=CSE&utm_source=pinterest&utm_product=93668431&CID=shopping29,https://i.pinimg.com/originals/8a/ab/98/8aab98eb7dbd7649f06e1497578b81a3.jpg,800,800,0,2026-09-22
2026-10-05,organizacao de armario pequeno,173177548168232000,20,5,0,"Small Closet Organization Ideas for a Stylish, Clutter-Free Space",link.amazon,https://link.amazon/B04SAzjEY,https://i.pinimg.com/originals/ec/ff/10/ecff103f8a77271ee45e0c397d7b373b.png,1024,1536,0,2026-09-30
2026-10-05,organizacao de armario pequeno,AVbNqJITwMwhE0Li0fUNALaZeLDUA0QlOGkOtmALo5Sw3433H-rhwV85W0uRpmiNNRwuhSutGOWva-YxNjSqlf0,21,1,0,TAIMASI 2-Pack Under Sink,walmart.com,https://www.walmart.com/ip/3-Pack-Under-Sink-Organizers-Storage-Pull-Out-Bathroom-Organizer-2-Tier-Countertop-Organizer-Hooks-Haning-Cups-Multi-Purpose-Sliding-Cabinet-Large-1/5490009735?wmlspartner=wlpa&selectedSellerId=101203282,https://i.pinimg.com/originals/92/1f/80/921f80855eb242dd9cdb0387d5bec094.jpg,1500,1500,0,2026-08-27
2026-10-05,organizacao de armario pequeno,294141419437093610,22,42,0,"Closet pequeno, organizado e elegante 🤎✨",,,https://i.pinimg.com/originals/64/69/05/646905732967bff5724c660fe5ff595d.png,1024,1536,0,2026-09-19
2026-10-05,organizacao de armario pequeno,AbZv85yMxMNjShC2TbPsKapdFhRFFxGrBuGu11plVkEcpORvrz7KMwBEOI7xi-OMfRMnN_oCYAdfYZ_q9Y4mylg,23,1,0,Temu | 4/8pcs And Linen,temu.com,https://www.temu.com/ul/kuiper/un3.html?subj=dpa-un&_bg_fs=1&_p_jump_id=1082&_x_vst_scene=adg&goods_id=601099613266064&adg_ctx=a-27e0aa35~c-eeffcfff&_p_rfs=1&_x_ads_channel=pinterest&_x_ads_creative_id=%7Bproduct_partition_id%7D&_x_ads_id=%7Badgroupid%7D&_x_ads_set=%7Bcampaignid%7D&_x_ads_sub_channel=shopping&_x_ns_catalog_id=1567707391772&_x_ns_creative=%7Badid%7D&_x_ns_gid=601099613266064&_x_ns_,https://i.pinimg.com/originals/2d/cd/87/2dcd87ca50455c8c6cb07976f9949c14.jpg,2000,3000,0,2026-03-29
2026-10-05,organizacao de armario pequeno,85638830438805896,24,11,0,Small Closet Hack: Turn Dead Door Space Into Hidden Storage,,,https://i.pinimg.com/originals/6d/8d/7d/6d8d7d99c72302a770af5483fc2b76b0.jpg,768,1365,0,2026-09-23
2026-10-05,organizacao de armario pequeno,113153009395480499,25,42,0,Small Closet Organization Ideas to Maximize Every Inch,amzn.to,https://amzn.to/4h5QEzc,https://i.pinimg.com/originals/55/26/71/5526714616ea646d6a175353dd4cf7f1.jpg,1200,1800,0,2026-09-30
2026-10-05,organizacao de armario pequeno,AWNKaMZGCHR5iZqHOUjE5C5UL5hxWsPW1_vJGlRlUUlJBtwR0u89L-UuddXAV4677Mcl5UmVv83i7IhPqZmSHZA,26,1629,0,No-reno closet upgrade,amzlink.to,https://amzlink.to/az0rlOJ1Woljm,https://i.pinimg.com/originals/f3/88/71/f38871c5a220bfea49d2351bb9a16e8f.jpg,720,1280,1,2026-06-23
2026-10-05,organizacao de armario pequeno,AUlf8xGbfiUCPQ6FS-VH4EnRaZaN2GVJ_GatyG_3BnoRnJ5PwP2f0yiLnEhBNCiUTNG3GfS3T7rYbfdHLkYXFVA,27,36,0,Luxury Closet,geni.us,https://geni.us/SaABX,https://i.pinimg.com/originals/ca/cf/1c/cacf1c04fcf5df32ede59284abef56ee.jpg,736,1104,0,2026-05-15
2026-10-05,organizacao de armario pequeno,22236591908926905,28,37,0,Small Closet Organization Ideas That Maximize Every Inch,,,https://i.pinimg.com/originals/fe/81/c0/fe81c0c87c50d6b36b204c2301c712c7.jpg,768,1365,0,2026-09-29
2026-10-05,organizacao de armario pequeno,118501033941574086,29,14,0,Small Bedroom Closet Organization Ideas | Neutral Wardrobe Storage,,,https://i.pinimg.com/originals/ab/35/c4/ab35c4da196c5e3c9f6cf83c9da7624d.png,1024,1536,0,2026-09-30
2026-10-05,organizacao de armario pequeno,158048268169611034,30,7,0,🩷 Ideas de organización del hogar para una casa bonita y ordenada ✨,,,https://i.pinimg.com/originals/e7/90/ca/e790cab8194a63120dee92bf7eb8a3ac.png,1024,1536,0,2026-09-27
2026-10-05,organizacao de armario pequeno,1109363320818828698,31,4,0,Small Closet Organization Ideas for a Neat Space,perfcalcpro.com,https://perfcalcpro.com/tools/bottleneck-calculator,https://i.pinimg.com/originals/05/e2/c8/05e2c8aae890b4661b8325da2ab4b7e0.png,1024,1536,0,2026-09-24
2026-10-05,organizacao de armario pequeno,AYyiadmPJEGoA7joUmGuiENQwKg61JYemxVEYqz6fKES5n72Ru2g9yHFqPIrlWfjl-U-tbhqH_8JUEdEPdCud6Y,32,0,0,"57"" W Closet System with",wayfair.com,https://www.wayfair.com/Rebrilliant--57-W-Closet-System-with-Drawers-and-Hanging-Rods-X227542201-L6289-K~W116431190.html,https://i.pinimg.com/originals/a2/c9/6e/a2c96e13233780288370d8de9e1624c5.jpg,400,400,0,2026-09-29
2026-10-05,organizacao de armario pequeno,267330927877363779,33,19,0,"Small Closet Organization Ideas for Shoes, Bags & Clothes",,,https://i.pinimg.com/originals/65/8f/b0/658fb09c32df9f2428529692ef4fd48f.png,1024,1536,0,2026-09-11
2026-10-05,organizacao de armario pequeno,5840674512543911,34,675,0,Small Apartment Closet Organization | Cozy Bedroom Storage Ideas✨️,,,https://i.pinimg.com/originals/a3/22/67/a32267d6de3dd5559110ce478d1f090e.jpg,1200,1800,0,2026-09-20
2026-10-05,organizacao de armario pequeno,6333255725320119,35,1960,0,Guarda roupa,,,https://i.pinimg.com/originals/5d/e3/e3/5de3e3ac70b29ce86fd9c77ab59b1a08.jpg,1080,1920,0,2026-08-25
2026-10-05,organizacao de armario pequeno,351912467473287,36,2895,0,,,,https://i.pinimg.com/originals/39/e5/0f/39e50fde005063f06324c9a68d650ee7.jpg,1080,1441,0,2026-06-30
2026-10-05,organizacao de armario pequeno,AQzlFuQf5ISn1C0UGPD3bGIc30S2nLN7WffzDwDTA11ST2S9sxTjF2_9CboXK0qVKpJVPd9pA-rAo22vhnxIiOA,37,0,0,"SpaceCreations 44"" W -",birchlane.com,https://www.birchlane.com/ClosetMaid--SpaceCreations-44-W-115-W-Closet-System-Starter-Kit-6105340-6106340-L6289-K~CLOP1423.html?refid=PSO422-CLOP1423_62841288&PiID[]=62841288,https://i.pinimg.com/originals/aa/2b/bc/aa2bbcaea557cc0de1ae5e58983ccf72.jpg,400,419,0,2026-06-07
2026-10-05,organizacao de armario pequeno,602708362678906639,38,7,0,Closet Storage Bins That Keep Everything in Its Place,amazon.com,https://www.amazon.com/dp/B0BZCTXKPZ?coliid=IB57ZGY2VO4L6&colid=2IVWHOE4XEOT6&th=1&linkCode=ll2&tag=trendoraalivi-20&linkId=66f1dd0c195e46a086dea6ee20c23e04&language=en_US&gaOptInStatus=true&ref_=as_li_ss_tl,https://i.pinimg.com/originals/5e/d4/93/5ed493f058e480a0c9bcca0c2220cabf.png,1024,1536,0,2026-09-15
2026-10-05,organizacao de armario pequeno,209910032630731945,39,24,0,Closet Organization Ideas with Storage Boxes | Easy & Simple,jesherlegaspiva.my.canva.site,https://jesherlegaspiva.my.canva.site/haven-and-home-finds,https://i.pinimg.com/originals/e7/d5/4d/e7d54d3aaf489a48833f3ce8f097932b.png,1000,1500,0,2026-09-21
2026-10-05,organizacao de armario pequeno,33354853486206415,40,609,0,,,,https://i.pinimg.com/originals/cb/f5/13/cbf5131405745bfdabceb6c86792fae3.webp,960,2144,0,2026-08-19
2026-10-05,organizacao de armario pequeno,AV74Mi6UG_BuKkpefCmeaxRlDNRTQ1_c6k6cds_o0fk9YOj_Wmn58O35EzjOx_pWGsN-QEREGEisox5wB4c7rqM,41,1,0,Temu | Space-saving,temu.com,https://www.temu.com/ul/kuiper/un3.html?subj=dpa-un&_bg_fs=1&_p_jump_id=1082&_x_vst_scene=adg&goods_id=601100074758032&adg_ctx=a-5e112f77~c-7ddba2eb&_p_rfs=1&_x_ads_channel=pinterest&_x_ads_creative_id=%7Bproduct_partition_id%7D&_x_ads_id=%7Badgroupid%7D&_x_ads_set=%7Bcampaignid%7D&_x_ads_sub_channel=shopping&_x_ns_catalog_id=1567707391772&_x_ns_creative=%7Badid%7D&_x_ns_gid=601100074758032&_x_ns_,https://i.pinimg.com/originals/fd/78/1d/fd781d430b300381252ebd059f81af01.png,800,800,0,2026-04-28
2026-10-05,organizacao de armario pequeno,392024342588302570,42,6,0,Aesthetic Bedroom Closet Organization Ideas,amazon.com,https://www.amazon.com/shop/influencer-f7df178b/list/2OLVPAU5MAL61?ref_=aipsflist,https://i.pinimg.com/originals/82/a4/2e/82a42e3a44c271027ad42f88944b4e2b.jpg,768,1365,0,2026-09-12
2026-10-05,organizacao de armario pequeno,264445809365446771,43,6,0,How to Declutter and Organize Your Closet: Keep What You Actually Wear - Peach Blossom Atelier,peachblossomatelier.com,https://peachblossomatelier.com/how-to-declutter-and-organize-your-closet-keep-what-you-actually-wear/,https://i.pinimg.com/originals/f5/6a/b2/f56ab275e5a894727d0139e51d526c4f.jpg,360,640,0,2026-08-22
2026-10-05,organizacao de armario pequeno,ARPCxLRlygr3zD65nC1vpSeyU4hj6kKnaw0ySYJVT11LSaQXW1RLh8L8c0P0OEhPq7y42Nis4csdI7t0IGZgFPs,44,4,0,Useful finds for small,etsy.com,https://www.etsy.com/search?q=small+space+home+decor&instant_download=false&explicit=1&mosv=ssos&moci=1509535898544&mosi=1509755162366&anchor_listing_id=1853413947,https://i.pinimg.com/originals/16/5f/81/165f81cd75d853f5a1a96f838c327a6f.jpg,1000,1500,1,2026-08-27
2026-10-05,organizacao de armario pequeno,Af1SkWZGZaH0S0kLeT3tqubODoIedwNkyZPGdu5A0zqL23GPZLkz6cb_SnhYu2rRj0LrhdvbtnKYpz9T8JC4DLM,45,2,0,Temu | 10pcs Foldable,temu.com,https://www.temu.com/ul/kuiper/un3.html?subj=dpa-un&_bg_fs=1&_p_jump_id=1082&_x_vst_scene=adg&goods_id=607610279454907&adg_ctx=a-fed01630~c-0fe80464&_p_rfs=1&_x_ads_channel=pinterest&_x_ads_creative_id=%7Bproduct_partition_id%7D&_x_ads_id=%7Badgroupid%7D&_x_ads_set=%7Bcampaignid%7D&_x_ads_sub_channel=shopping&_x_ns_catalog_id=1567707391772&_x_ns_creative=%7Badid%7D&_x_ns_product_id=112921132711923,https://i.pinimg.com/originals/e7/cb/1b/e7cb1bfe37572beafe02538a74d0be73.jpg,2000,3000,0,2026-08-13
2026-10-05,organizacao de armario pequeno,118501033941574078,46,33,0,Small Closet Feeling Impossible? Steal This Setup | Closet Ideas,,,https://i.pinimg.com/originals/a6/ad/c8/a6adc80356d9e9ca185058074263bd8d.png,1000,1500,0,2026-09-30
2026-10-05,organizacao de armario pequeno,147070744076980879,47,75,0,Armário de Cozinha Organizado 😍 Olha Isso!,s.shopee.com.br,https://s.shopee.com.br/3LQU4cgdyG?channel_type=pinterest,https://i.pinimg.com/originals/f7/54/16/f754160d7ab456372c6b5862c14d8b54.jpg,1242,1858,0,2026-09-22
2026-10-05,organizacao de armario pequeno,AU25Ncpj1ghmINMwSwcYojDIqeISDEVcnMqht-znTLIeAmOqLxtr78bIexgAsqh5JUdM1TNwGmqY1bc_LExJGko,48,0,0,SuiteSymphony Closet,jossandmain.com,https://www.jossandmain.com/ClosetMaid--SuiteSymphony-Closet-System-with-Drawers-CLOP1345-L6289-K~CLOP1345.html?refid=PSO450-CLOP1345_19958958&PiID[]=19958958,https://i.pinimg.com/originals/ac/b2/51/acb251922c0de63322ab398ce856c2f1.jpg,344,435,0,2026-07-25
2026-10-05,organizacao de armario pequeno,301319031342854428,49,13,0,Wire Basket Utility Closet Organization Ideas,amazon.com,https://www.amazon.com/shop/influencer-e6744de0/list/3SNEJ9Q856LMV?ccs_id=7bd255fa-70d9-487b-910c-99d476569298&linkCode=ll2&tag=sabrakhatoon-20&linkId=3454ba06ef8d42635e44f3ab0926f9de&language=en_US&ref_=as_li_ss_tl,https://i.pinimg.com/originals/6e/42/2e/6e422e0089d17cfa9b0400fc6ec0a0b6.jpg,1200,1800,0,2026-09-20
2026-10-05,organizacao de armario pequeno,10977592836671228,50,15628,0,,,,https://i.pinimg.com/originals/b3/36/b9/b336b946fc0fec0d9b7508cc69e18320.jpg,736,1444,0,2025-07-05
2026-10-05,organizacao de armario pequeno,211174979655294,51,711,0,Home Organization Ideas That Make Every Room Feel Bigger,amzn.to,https://amzn.to/4fWnnGD,https://i.pinimg.com/originals/aa/3e/25/aa3e25dcc60e0d7f790ef898574ec644.png,1024,1536,0,2026-08-31
2026-10-05,organizacao de armario pequeno,AVzk5ycUNVYBOM0pSLqtIXneXMvH8j7tyRokPUpQ-Ma4oBoCJwVQVJkOQ_bVlLjUUu__pz7Q2UInbduk4SbdGJ8,51,4,0,Reed 31.5 in. Tall White,homedepot.com,https://www.homedepot.com/p/Furinno-Reed-31-5-in-Tall-White-Wood-3-Shelf-Bookcase-with-Open-Shelf-Closet-Storage-N22286WH/334209997?cm_mmc=psoc-pinprg-%7Bcampaignid%7D-%7Badgroupid%7D,https://i.pinimg.com/originals/31/0c/dd/310cdd3877f17ed8d1195a46908cc7ac.jpg,1000,1000,0,2026-04-30
2026-10-05,organizacao de armario pequeno,290060032275871934,52,19,0,This $35 Dorm Closet Fix Completely Transformed My Storage,,,https://i.pinimg.com/originals/3a/0d/b0/3a0db0d4adfd9bc84e4080204dd60165.png,1024,1536,0,2026-09-25
2026-10-05,organizacao de armario pequeno,AQkbKMEDliEafhLYZI9fvBBUjl3L-whdOrreRSz8CN4zbIrPugGbdXJwWqzY-ufLuOfaQlOmnaXqfQwk76GpI0w,53,0,0,Medium Mesh Closet,containerstore.com,https://www.containerstore.com/s/elfa/best-selling-solutions/drawer-units/elfa-mesh-closet-drawers/123d?productId=11021268&country=US&currency=USD&skuId=10084236&cid=sm%7Cpinterest%7C%7Cshopping,https://i.pinimg.com/originals/00/be/0a/00be0aec0b02345c08ce969a997fe86f.jpg,824,1236,0,2023-08-23
2026-10-05,organizacao de armario pequeno,87186942780620777,54,112,0,Top 17 Small Apartment Closet Organization Tips That Maximize Every Inch - 2026,soliaavenue.com,https://soliaavenue.com/small-apartment-closet-organization-tips/,https://i.pinimg.com/originals/a7/e4/8f/a7e48f3d48e254db0ef6789cd08a9c6c.jpg,1024,1536,0,2026-08-26
2026-10-05,organizacao de armario pequeno,Ad9VfmVVekQHTusIt45Cbn_t5zwG9D0wKS-0rWvQbHYFp2PMCCgui-8CCqHm4SCwJmQwzIrKSJDDvyo8bWngdeI,55,1,0,See what @laurawgodfrey,target.com,https://www.target.com/p/13-75-34-x-6-34-x-6-34-small-rectangular-wire-natural-wood-handles-basket-white-brightroom-8482/-/A-83378216,https://i.pinimg.com/originals/7c/0a/5b/7c0a5b0c5a3b1ca09a50120e05c0ea79.jpg,1440,1800,0,2026-08-20
2026-10-05,organizacao de armario pequeno,315322411435433997,56,10,0,5 Small Closet Organizers Worth Trying,,,https://i.pinimg.com/originals/81/c1/f4/81c1f4ea891911017c0762ca758154d8.png,941,1672,0,2026-09-09
2026-10-05,organizacao de armario pequeno,AVG6N7p0C0m64x1mnBzH1YNRDSvNaxkzkJlujuZRKIAqaem_hK8jQnMOaCyFxTgogFz5AKiJ7mB2JQ6fmYY5ocU,57,0,0,Simplify Interlocking,michaels.com,https://www.michaels.com/product/simplify-interlocking-drawer-organizers-D713611S?cm_mmc=PaidSocial-_-Pinterest-_-Oct-_-Traffic_storageProduct_Link&utm_campaign=Oct&utm_medium=PaidSocial&utm_source=Pinterest&utm_content=Traffic_storage_Product_Photo,https://i.pinimg.com/originals/7e/61/25/7e612533cd20d7767ee1ed7d2f978ff3.jpg,3000,3000,0,2026-01-01
2026-10-05,organizacao de armario pequeno,ASUNl3VxAeNHN0E1ZM27SL4EGr6wHC7hXrW9dXl7Y1HLFwpg2WiTJdYpgBDOn730wQm0UuOUxaRwJs0Z_mZELYc,58,0,0,4pcs Plastic Foldable,us.shein.com,https://us.shein.com/ark/default?scene=1&test=5051&ad_type=DPA&goods_id=59165370&pf=PINTEREST&url_from=PINADSDPA&ismg=d7643e289483ab5bfd88d79724d1c99f4deb26acae85c8147136aee72eb9e9fc_01_1791128114,https://i.pinimg.com/originals/de/c5/f9/dec5f9f019c85ce69c3e2551542ce00e.jpg,1200,1800,0,2026-08-21
2026-10-05,organizacao de armario pequeno,252201647879583781,59,25,0,Best Aesthetic Closet Organization with Wicker Baskets for Small Closet,amazon.com,https://www.amazon.com/shop/influencer-776fedb3/photo/amzn1.shoppablemedia.v1.4ed71160-e1ed-4cce-b84f-5af7f09e702a?ref_=aipsfphoto,https://i.pinimg.com/originals/59/33/18/593318b22b319ba4125f6d7fd2192570.png,1080,1920,0,2026-09-23
2026-10-05,organizacao de armario pequeno,1900024840023354,60,1123,0,,,,https://i.pinimg.com/originals/75/dc/ed/75dced09371a964553c0ace8d5f44737.jpg,736,1308,0,2026-05-23
2026-10-05,organizacao de armario pequeno,AcBhI6H2Ky4tPfcfvUxdYtirJlPNwkeeu57Iq3vk0qcVSKbFZ7jqKPf3ZHcLadHH_qyGKwV2d6PNgGRUSQsRek8,61,1373,0,11 Genius Pantry,urlgeni.us,https://urlgeni.us/amazon/Wfr9oB,https://i.pinimg.com/originals/fc/c8/5f/fcc85ff3c79f0a4c92c2069915541977.jpg,720,1280,1,2026-08-26
2026-10-05,organizacao de armario pequeno,AemKnIcz7h_xf1xNiP0bZPUG_Qbuht_6skoxGhj1OEMOYhkW5y_JRsfRiCSZ02_8dFYJFypEJfo45rqeSsj18Eo,62,86,0,A Small Entryway That,coddleme.com,https://www.coddleme.com/blogs/news/small-space-living-5-smart-tips-to-make-every-inch-work-harder,https://i.pinimg.com/originals/8a/d6/eb/8ad6ebcca4eeed5c827a1b49167842fc.jpg,736,1104,0,2026-06-26
2026-10-05,organizacao de armario pequeno,AUJuyHX_-URMEEa6CyVKNJRcVamcBtzPryoL_q4_3sAwbpeSyzWJGXKu40jaoFDwQKttpuzl2oBd5FANVk2F2KY,63,0,0,Sedona White Lidded,crateandbarrel.com,https://www.crateandbarrel.com/sedona-white-lidded-rectangular-tote/s233517?utm_source=pinterest&utm_medium=paid-social&utm_campaign=%7B%7Bcampaign_name%7D%7D&adid=%7B%7Badid%7D%7D&campaignid=%7B%7Bcampaignid%7D%7D&adgroupid=%7B%7Bad_group_name%7D%7D#universal_link,https://i.pinimg.com/originals/06/48/7e/06487e87f7cb62207ae2a59ec7ae80c9.jpg,800,861,0,2026-10-01
2026-10-05,organizacao de armario pequeno,6966574421308241,64,2943,0,,,,https://i.pinimg.com/originals/32/0a/c7/320ac74465e576e84ecda78d4e7d4ba8.jpg,736,1307,0,2026-01-05
2026-10-05,organizacao de armario pequeno,377387643798890851,65,4,0,Stackable Produce Bins for Potatoes and Onions,amazon.com,https://www.amazon.com/dp/B0CQWXNL8C?linkCode=ll1&tag=jeuhan-20&language=en_US&ref_=as_li_ss_tl,https://i.pinimg.com/originals/62/27/46/622746450b109d5c35461d1c8841867a.png,1024,1536,0,2026-09-28
2026-10-05,organizacao de armario pequeno,914862421944243,66,2804,0,Organização no guarda roupas,,,https://i.pinimg.com/originals/59/ce/a1/59cea17a07da73376551da9b83643b2a.jpg,1080,1920,0,2026-02-11
2026-10-05,organizacao de armario pequeno,774124931878820,68,2876,0,Drawer Organization,,,https://i.pinimg.com/originals/ae/c7/2e/aec72e2dd35c685fddf906957873cd29.png,1024,1536,0,2026-07-12
2026-10-05,organizacao de armario pequeno,28851253858412806,69,3153,0,"deixar tudo organizadinho, amo muito 😍✨️🎀",,,https://i.pinimg.com/originals/eb/27/86/eb2786cd9a99323caaa0bd239ae2837e.jpg,900,1600,0,2025-04-21
2026-10-05,organizacao de armario pequeno,3096293492198526,70,362,0,13 Small Walk In Closet Ideas Layout for Maximum Storage,homeandflavor.com,https://www.homeandflavor.com/small-walk-in-closet-ideas-layout/,https://i.pinimg.com/originals/07/e9/e4/07e9e4faad028af569bba29e1c7e7f88.webp,576,1024,0,2026-09-28
2026-10-05,organizacao de armario pequeno,65935582039957631,71,20,0,13 Bedroom Closet Organization Ideas That Make Getting Ready Easier,homeandflavor.com,https://www.homeandflavor.com/bedroom-closet-organization-ideas/,https://i.pinimg.com/originals/42/72/08/427208d6c2bbf62e1f87fa6b20c164a8.webp,576,1024,0,2026-09-26
2026-10-05,organizacao de armario pequeno,20688479533881079,72,70,0,Cozy Closet Goals: Organized & Aesthetic Wardrobe ✨👚🏡,,,https://i.pinimg.com/originals/03/a0/b4/03a0b4dddd6b74f594682a8601cbf615.png,1024,1536,0,2026-09-15
2026-10-05,organizacao de armario pequeno,44050902600861654,73,128,0,"Begehbarer Kleiderschrank Organisieren, Kleine Nische Clever Nutzen (Wow!)",,,https://i.pinimg.com/originals/4b/36/b1/4b36b102794d5b32c1f69f3835ab0abb.png,1000,1500,0,2026-09-26
2026-10-05,organizacao de armario pequeno,44965696275188448,74,39,0,Nursery Closet Organization Ideas That Actually Survive Real Family Life - The Mega Mom,themegamom.com,https://themegamom.com/nursery-closet-organization-ideas/,https://i.pinimg.com/originals/01/30/16/013016aa6a7a1406d5917c6b9df84761.jpg,1500,2000,0,2026-09-19
2026-10-05,organizacao de armario pequeno,113223378128320517,75,129,0,Linen,,,https://i.pinimg.com/originals/75/1b/f2/751bf21dbbc9e626d1719c87ee88a63c.jpg,528,960,0,2026-07-14
2026-10-05,organizacao de armario pequeno,6614730699674237,76,460,0,20 Home Organization Essentials From Amazon That Make Every Room Feel Calmer - 2026,soliaavenue.com,https://soliaavenue.com/home-organization-essentials-amazon/,https://i.pinimg.com/originals/1c/6f/71/1c6f71178a2521acb729bbd9bdbef80c.jpg,1024,1536,0,2026-07-19
2026-10-05,decoracao quarto pequeno,AXSoLoTRSprg1GbSZq3KOnybRU128VqjfsZ_m9EabRBwWVIWOz69_1xK93Q_SWGIqfBpzGzCsPQkpwzLCbcwiC0,2,6,0,Nursery Makeover? Use,thumbtack.com,https://www.thumbtack.com/k/general-contractors/near-me/?utm_source=cma-pinterest&utm_medium=social&utm_campaign=%7B%7Bcampaign.id%7D%7D_%7B%7Badset.id%7D%7D_%7B%7Bad.id%7D%7D,https://i.pinimg.com/originals/29/28/6d/29286d78ddb5094b3f6f00f210f184e2.jpg,720,1280,1,2026-09-14
2026-10-05,decoracao quarto pequeno,ASc-i8dL2M6FhxdyNH5kJaTPXK1Z5cjSlQb0q2Ybn1PfhNDrUUR_rl0NMVDvbUXsKjXunETqmGZwqB0TyzKTY9o,3,35,0,Branché: The New Classic,bedrosians.com,https://www.bedrosians.com/en/branche/,https://i.pinimg.com/originals/03/44/7e/03447e5b424368f3ef66688d5a93cb00.jpg,1792,2400,0,2026-08-25
2026-10-05,decoracao quarto pequeno,AWkqOMHLGBiICUE2VdJkhE_eZTggpRiGvJf98WaKa5-aRXMWHVLLawlDgji6eNCqSzkF4A-86SChGw74Cxt_XRE,4,0,0,The Cotton Mill Hideaway,expedia.com,https://www.expedia.com/Hotel-Search?destination=Manchester&selected=124043229&startDate=2026-10-12&endDate=2026-10-13,https://i.pinimg.com/originals/67/b5/36/67b53678cf30567824c00ab067d0d589.jpg,1000,1500,0,2026-09-17
2026-10-05,decoracao quarto pequeno,662803270212427993,5,3,0,Quarto Pequeno com Prateleiras Acima da Cama: Ideias para Decorar,,,https://i.pinimg.com/originals/11/ea/b8/11eab88d9dc6eeb09a035c5e5ac0e6af.jpg,1536,2752,0,2026-09-18
2026-10-05,decoracao quarto pequeno,AQxhnOInAu2UtDzvGUYuQFDLumi3EFfOZ60VM9h3vKZyUqLISJMWghsBdJ2jvhfT_L2nmOIyr-xGpbMtSGE-ZBc,6,2,0,Small Space Inspiration,joybird.com,https://joybird.com/beds/hughes-bed/?fabric=crave_irish_cream,https://i.pinimg.com/originals/fe/79/9c/fe799c73c1a0913c52d532702edf8ff0.png,1000,1500,0,2026-07-02
2026-10-05,decoracao quarto pequeno,1122381538420486508,7,11,0,Cozy Small Bedroom Wall Decor Ideas | Soft & Elegant Aesthetic,,,https://i.pinimg.com/originals/ff/33/3e/ff333e6fa6f2abf682ca8c7c4406a2d1.png,1024,1536,0,2026-09-24
2026-10-05,decoracao quarto pequeno,AeEmfCv7u2LbSL5l0Ewd2bmmKhcj9RsxGEv7pRsmkEanNWny0-2SE_oilzIcwnCJBJwhAE_pNgIY5_Vj1bcB6Jk,8,1,0,Minimalist Dorm Room,zonlihome.com,https://www.zonlihome.com/products/futon-mattress?sku=18074377730072195939472730,https://i.pinimg.com/originals/bb/cd/9f/bbcd9f67380e74f8dd435ac7e93b72af.png,1000,1500,0,2026-09-30
2026-10-05,decoracao quarto pequeno,AfirS3GDdd0Atd_tluVmhBkIe7px7cZNwpZwsu3tDI3HdFozhP60qzBMU5wUd8P4atqxXD29CBX-USQa0-lJKXk,9,0,0,Lila 100% Blackout Drape,twopagescurtains.com,https://twopagescurtains.com/products/lila-blackout-drape-grommet?variant=49895182762295,https://i.pinimg.com/originals/cf/4b/25/cf4b25eb10262abbf0298d0fc91dee0b.jpg,800,1200,0,2026-06-12
2026-10-05,decoracao quarto pequeno,AU7U-ovi0Z3czwoXd6P8F_b5fx-2CtySLr5BXJvLMkmbwV1xtS8Yjb45Eh8tUiLvnadkXC9XFwgVfmNc0tJMHpk,10,0,0,Magnifique 4 pièces à,hotels.com,https://www.hotels.com/Hotel-Search?destination=Constantine&selected=134302096&startDate=2026-09-25&endDate=2026-09-26&catalogRunId=41498,https://i.pinimg.com/originals/9f/21/9d/9f219d6672ea7938d437acfdfeb6e7d4.jpg,1000,1500,0,2026-09-05
2026-10-05,decoracao quarto pequeno,662803270212397879,11,3,0,Quarto Pequeno com Cama de Casal: Ideias para Aproveitar o Espaço,,,https://i.pinimg.com/originals/9b/f8/c8/9bf8c873b02bacc7b2c5b49091faf26c.jpg,1536,2752,0,2026-09-16
2026-10-05,decoracao quarto pequeno,747808713177343363,12,3,0,"O guarda-roupa dos sonhos para quartos pequenos! 😍 Elegância, organização e iluminação moderna",link.amazon,https://link.amazon/B060beytX,https://i.pinimg.com/originals/c1/33/86/c133863fdb1d6f75f72afabf474435bb.jpg,1200,2132,0,2026-09-20
2026-10-05,decoracao quarto pequeno,AURgYKqo2Pw78KEE1wBQafCku1JkE4zOl_0T2daNR1HY96lreub-KI8Vmx0XmdBehuFdmV0POVPhNpEfDgX-990,13,1,0,Wallpaper Forest Wall,rebelwalls.com,https://rebelwalls.com/silent-woods-autumn,https://i.pinimg.com/originals/2f/11/17/2f1117fa73e984d93f03b7fa413fce34.jpg,1024,1536,0,2026-06-08
2026-10-05,decoracao quarto pequeno,AWXaZeSwnRqWXpllVWNyEjHEb62ToiZa9Be9wZXP_x5SAXdeZq3xShFv-535ovVMZIej3oHdh0sgxJOf73GlHkA,14,0,0,Sera Bedroom Set - King -,plankandbeam.com,https://plankandbeam.com/products/sera-bedroom-set-king?variant=47306853908642,https://i.pinimg.com/originals/d3/ea/d7/d3ead707f70f0ce81c9522871f576185.jpg,980,1215,0,2026-06-04
2026-10-05,decoracao quarto pequeno,AWEwGtgBrKNHIdI3KVsu5aiKM53TCHx8GejqSQtYg5jeaaFNHO9OkGUOumMHi1ZDJ2cr-BBzKr1nDIjWc4zlSjg,15,0,0,Planet Wallpaper Ideas |,happywall.com,https://www.happywall.com/out-of-space-wallpaper/100/100,https://i.pinimg.com/originals/b1/76/9c/b1769c78cc0f739ae5da5512676709e5.webp,1200,1800,0,2026-09-10
2026-10-05,decoracao quarto pequeno,617133955236943409,16,17,0,,,,https://i.pinimg.com/originals/6b/89/a7/6b89a78d3e2bd54ac1deec8ab25f8540.png,1086,1448,0,2026-09-26
2026-10-05,decoracao quarto pequeno,AUmMNjxdYOCIo4CX-iy6Go2XG01XRY00g-DwwqZUt3TQMwCdn6plxKxs_jgiLG3UHY0LdKlUBpzpCypq4tBMTDI,17,0,0,Quince Breathable Bamboo,quince.com,https://www.quince.com/home/organic-bamboo-duvet-cover?color=sand,https://i.pinimg.com/originals/ab/8f/e3/ab8fe3de04b4b7a68cca185f517fdcfb.jpg,1080,1920,1,2026-09-23
2026-10-05,decoracao quarto pequeno,52917364368523972,18,129,0,"3.7K views · 1.6K reactions | Um único canto. Quatro possibilidades completamente diferentes. ✨ Às vezes, aquele espaço que parece “sobrando” no quarto pode se transformar em uma das áreas m | Studio ",facebook.com,https://www.facebook.com/reel/1748119329748953/?fs=e&fs=e,https://i.pinimg.com/originals/52/bb/57/52bb570558e021a629d3418505d537e4.jpg,675,1200,0,2026-09-28
2026-10-05,decoracao quarto pequeno,AQBVatEVK5_3Z6lO8CpA2EnPcT8W87K4uSTI4ol--REKUPjiunjelgHGkVmKkJAyZQ0b43ho_3vpy0WB5kLWglM,19,1,0,Ruggable x Anthropologie:,ruggable.com,https://ruggable.com/collections/anthropologie-rugs-and-doormats,https://i.pinimg.com/originals/76/60/7a/76607a3ac20a8e11d15b3c22a5c024ad.jpg,1000,1500,0,2026-08-28
2026-10-05,decoracao quarto pequeno,47780446042712126,20,660,0,Modern Elegant Bedroom,,,https://i.pinimg.com/originals/ca/9a/28/ca9a28f530cd0b0561d07940d6158a83.png,941,1660,0,2026-09-24
2026-10-05,decoracao quarto pequeno,AX_js3MUFnz3W4TaC67ZCxzquKfMhCYhjH2tsyuco1QiCO3DroQIqDS5lsR4PYzd2aUidNrNrbs03dxXzU_phrk,21,0,0,3-Piece Linen Blend,hernest.com,https://www.hernest.com/item/3-piece-walter-linen-blend-bedroom-set-p-10466.html,https://i.pinimg.com/originals/f4/b5/66/f4b5663311b417b970c2012b56e9d454.jpg,2000,2001,0,2026-09-23
2026-10-05,decoracao quarto pequeno,341147740548087961,22,21,0,Quarto Pequeno e Aconchegante: Ideias de Arrumação e Decoração,,,https://i.pinimg.com/originals/09/66/ed/0966ed46d37354578ef2367617d8c3ef.png,1145,1374,0,2026-09-30
2026-10-05,decoracao quarto pequeno,371758144266169273,23,74,0,,,,https://i.pinimg.com/originals/37/b8/2b/37b82bd46d3f9831dd22f04f7c03b62a.jpg,1080,1920,0,2026-09-29
2026-10-05,decoracao quarto pequeno,AcJY7NxB_Pb3NaMkg0petF2zbttxhEa-UbJIcYLcdsksTGB2E9MtWcgTh2hkadvwVl45p2eLZu-lrRhqpfDXy1c,24,128,0,Collected & Layered,shopltk.com,https://www.shopltk.com/explore/Alexisandraaustin/posts/5c630866-73d4-11f1-aeb3-32f6bf96ede9,https://i.pinimg.com/originals/b4/97/61/b49761e5d7d37e924cbed542bd44513f.jpg,6048,9072,0,2026-06-29
2026-10-05,decoracao quarto pequeno,AUDPp7bP5SEEogDETDktxIScWRuKpzh324b1YMiBo9IyAQWGsmx8mMxh9ON1NFg9VR9U_EIF57EjjTkJIAa6cvk,25,1,0,Modern King Size Floating,homary.com,https://www.homary.com/lditem/modern-king-size-floating-bed-frame-with-light-adjustable-headboard-54702.html?currency=usd&language=en&country_code=us&utm_source=pinterest&utm_medium=cpm&utm_term=%7Bcampaignid%7D,https://i.pinimg.com/originals/59/ad/e8/59ade823bf1f7f2b542801f388bb8948.jpg,2500,2500,0,2025-11-22
2026-10-05,decoracao quarto pequeno,996491855073217557,26,1,0,Cozy Minimal Bedroom: Small Space Inspiration,,,https://i.pinimg.com/originals/1e/4d/8b/1e4d8b7e820ca3bb7469c7f71db83bad.png,941,1672,0,2026-09-19
2026-10-05,decoracao quarto pequeno,ASnwtxEKfoFPCBQaOL-MUOURG2SAItCJvLUeY9jhQ68NW-ZMkjaRkHkshLSQKy6Javcb5FFcHVzE2hNWWyU7JaU,27,0,0,Vellum Modern Wooden,wayfair.com,https://www.wayfair.com/NFusion--Vellum-Modern-Wooden-Platform-Bed-with-PU-Leather-Headboard-MH81049-L12-K~MCAW8901.html,https://i.pinimg.com/originals/bf/63/62/bf6362f368383290fc92bc057aeda540.jpg,400,400,0,2026-08-08
2026-10-05,decoracao quarto pequeno,AfClq1cmnefJ5RbpFJqVL4d5OVDe_oNMcSvW_OV4Xga2F-Rcq9XTXhbnPLnCZZ8X7LRdLMwlkgy-rxT-Rtyt5D4,28,1,0,Modern 5-Piece Gray Wood,homedepot.com,https://www.homedepot.com/p/Benjara-Modern-5-Piece-Gray-Wood-Queen-Bedroom-Set-with-Nightstand-and-Clothing-Storage-BM352561/343174168?cm_mmc=psoc-pinprg-%7Bcampaignid%7D-%7Badgroupid%7D,https://i.pinimg.com/originals/24/17/83/24178347a6422ff0c0561a57824dfc4a.jpg,1000,1000,0,2026-06-06
2026-10-05,decoracao quarto pequeno,11470174047860255,29,1983,0,Get the links 👇,linktr.ee,https://linktr.ee/AIInteriorMuse,https://i.pinimg.com/originals/fc/ca/08/fcca086d92854898212e3fa85c24e572.jpg,768,1365,0,2026-09-23
2026-10-05,decoracao quarto pequeno,1055599909545966,30,4747,0,,,,https://i.pinimg.com/originals/8a/3c/35/8a3c351ba02c415ae554e33a2dadf964.jpg,1254,1254,0,2026-07-01
2026-10-05,decoracao quarto pequeno,AWxVmzXDnff6Sd55-JYZe85X1iuwa6T19eZgesdg4uK5F1f0nObKz0vqxiVJPvtnPSGXLGx-1vMcuf4yeQWs-W8,31,56,0,Green Botanical gallery,desenio.com,https://desenio.com/g/p/gallery-walls/green-botanical-gallery-wall-0/?option=58992,https://i.pinimg.com/originals/3a/57/ff/3a57ff35d49f6aeb14ad3d4486ec05e9.jpg,1000,1157,0,2025-06-04
2026-10-05,decoracao quarto pequeno,662803270212476327,32,1,0,Quarto Pequeno com Espelho de Corpo Inteiro,,,https://i.pinimg.com/originals/30/5b/51/305b5129f7f5341ad201220ccec00b66.jpg,1536,2752,0,2026-09-21
2026-10-05,decoracao quarto pequeno,27232772742664870,33,70,0,Quarto Pequeno? Ideias para Aproveitar Cada Centímetro,,,https://i.pinimg.com/originals/61/f1/ca/61f1cad238ea4c21b3b7a6a1335709e6.png,1024,1536,0,2026-09-23
2026-10-05,decoracao quarto pequeno,134896951335004367,34,6,0,Quarto Pequeno com Armário Acima da Cabeceira,,,https://i.pinimg.com/originals/9e/81/37/9e8137fda589eb739d1c176cf8a23731.jpg,1536,2752,0,2026-09-30
2026-10-05,decoracao quarto pequeno,58546863903223200,35,165,0,,,,https://i.pinimg.com/originals/f9/cd/37/f9cd37e39a2dd718269ce3cce5b00f05.png,941,1672,0,2026-09-30
2026-10-05,decoracao quarto pequeno,ATnG3xIsH3QW9U4frvyMbXkRyow3XK6StjIPouslQ50jvFsHKiWUOXxbpE80DmDmRf9arI5yDrc56zAM9L_wOOQ,36,0,0,A little obsessed⭐,ashleyfurniture.com,https://www.ashleyfurniture.com/c/furniture/collections/portdown/bedroom/,https://i.pinimg.com/originals/6e/82/ae/6e82ae7116bc1dc660523a81078c682b.jpg,1080,1920,1,2026-09-25
2026-10-05,decoracao quarto pequeno,AfK4a1B41ESRW7RfwKBwn_JqSxbn0McRDZT82cNVuR0BsCu600uASoCYJSdQIB_CqcE4t4BNwNE-ifFofWQBvhw,37,0,0,Noble House 4-Piece Queen,walmart.com,https://www.walmart.com/ip/Noble-House-4PCS-Bedroom-Set-Queen-Bed-with-Storage-Headboard-Charging-Station-2-Nightstands-5-Drawer-Dresser-Walnut/18767414939?wmlspartner=wlpa&selectedSellerId=0,https://i.pinimg.com/originals/86/99/c0/8699c01b48531b667d7ff536068b7703.jpg,2000,2000,0,2026-09-12
2026-10-05,decoracao quarto pequeno,AXiumNCoWLqmVDXJLGnjsJDKpIFCZDogr98iG886zdg1CgsjkhTwY-l-sCfs3G0-4QGvakokdn41B8QE1FoH3h0,38,0,0,Minimalist Nordic,dazuma.us,https://dazuma.us/products/lighting-ceiling-lights-pendant-lighting_4yh8p?variant=39981240451254&utm_medium=cpc&utm_source=pinterest&utm_campaign=Pinterest%20Shopping&country=US,https://i.pinimg.com/originals/66/22/ce/6622ced55cdc9d4bf264d5cb04f963fd.jpg,691,1035,0,2023-11-27
2026-10-05,decoracao quarto pequeno,AYRXQC_eY02XU42Ahcs99YebcUfj-7xyEdCgR2Gy_MugljIV-wTUewnvRnqXVrwnLEv-MShuJSGDITZWaD2RDLc,39,171,0,Hello Kitty® Full Length,impressionsvanity.com,https://impressionsvanity.com/products/hello-kitty-arch-rgb-full-length-mirror?_pos=1&_psq=hello+kitty+full+length&_ss=e&_v=1.0,https://i.pinimg.com/originals/3c/dd/7d/3cdd7d14d74fcbbf320542cd0eb7d420.png,1080,1920,0,2026-01-09
2026-10-05,decoracao quarto pequeno,173810866864844344,40,21,0,Warm & Cozy Yellow Aesthetic Bedroom Setup | Aesthetic Room Decor Ideas,,,https://i.pinimg.com/originals/ff/9d/91/ff9d9140ac4bd337890a09b7b39a7406.jpg,687,1024,0,2026-09-28
2026-10-05,decoracao quarto pequeno,683913893458598057,41,56,0,23K views · 161 reactions | small bedroom transformation video in sage green color with warm light and cream beige mix . . #roomdesign #homedesign | Dream.homedesigns,facebook.com,https://www.facebook.com/reel/1394953072838000/?fs=e&mibextid=wwXIfr&fs=e,https://i.pinimg.com/originals/4b/75/4a/4b754a1c7e6bb49466902d1609e9396a.jpg,675,1200,0,2026-09-19
2026-10-05,decoracao quarto pequeno,662803270212398158,42,2,0,Como Organizar um Quarto Pequeno: 10 Ideias Práticas,,,https://i.pinimg.com/originals/7e/3f/e8/7e3fe8d22d90c56bdd305b68369be2b2.jpg,1536,2752,0,2026-09-16
2026-10-05,decoracao quarto pequeno,613474780540691998,43,52,0,Quarto Pequeno 🛏️ Ideias Lindas Para Aproveitar Cada Espaço,s.shopee.com.br,https://s.shopee.com.br/30ns7LJPqs?channel_type=pinterest,https://i.pinimg.com/originals/b0/4a/91/b04a916e38274d28818f116cdbc4a546.jpg,736,1273,0,2026-09-30
2026-10-05,decoracao quarto pequeno,AcjgBFj4kyB2NC5X-0GiRhNNGjcYJUk-HzD2fj7aa5nanFpUHKeEUE8CIJ7SU2yctH21bh-M3FuMc0co0cdPZA0,44,1,0,Temu | 2pcs Set Of,temu.com,https://www.temu.com/ul/kuiper/un3.html?subj=dpa-un&_bg_fs=1&_p_jump_id=1082&_x_vst_scene=adg&goods_id=606233893427360&adg_ctx=a-41a02128~c-6c741b78&_p_rfs=1&_x_ads_channel=pinterest&_x_ads_creative_id=%7Bproduct_partition_id%7D&_x_ads_id=%7Badgroupid%7D&_x_ads_set=%7Bcampaignid%7D&_x_ads_sub_channel=shopping&_x_ns_catalog_id=1567707391772&_x_ns_creative=%7Badid%7D&_x_ns_gid=606233893427360&_x_ns_,https://i.pinimg.com/originals/85/37/9b/85379b48e7aa90cba38fca38b32161a6.jpg,2000,3000,0,2026-06-30
2026-10-05,decoracao quarto pequeno,662803270212467669,45,2,0,Quarto Pequeno com Cama Encostada na Parede,,,https://i.pinimg.com/originals/cd/08/f0/cd08f0fdf158d6178fb06587faddec14.jpg,1536,2752,0,2026-09-20
2026-10-05,decoracao quarto pequeno,19773685859087392,46,731,0,,,,https://i.pinimg.com/originals/a0/0b/94/a00b943a19901cd6456d58ff3d5972fe.jpg,736,1308,0,2025-10-01
2026-10-05,decoracao quarto pequeno,1128644356645740408,47,38,0,,,,https://i.pinimg.com/originals/fc/d7/48/fcd7483576c9e02415109204c48a038f.jpg,1080,1920,0,2026-08-12
2026-10-05,decoracao quarto pequeno,662803270212459930,48,3,0,Quarto Pequeno com Cama e Escrivaninha Integradas,,,https://i.pinimg.com/originals/e4/a9/c9/e4a9c99d7123d436d911cedca86b9807.jpg,1536,2752,0,2026-09-20
2026-10-05,decoracao quarto pequeno,134334001382530320,49,43,0,Small Bedroom Ideas for Smart Space Saving | Cozy Bedroom Decor,,,https://i.pinimg.com/originals/7c/1e/0a/7c1e0a35fe929d81471bb17169448d83.png,1000,1500,0,2026-09-30
2026-10-05,decoracao quarto pequeno,77405687342393615,50,247,0,Meu quarto,,,https://i.pinimg.com/originals/4b/9b/b8/4b9bb854b25e9d8e00c81711cc506ef4.png,1089,1444,0,2026-09-24
2026-10-05,decoracao quarto pequeno,AYwpJX9yfKyYzfL_Wd9WKIJwwBRx6rZ7HD7vO8fzCLFQ-24_N3UTFsHSBP9126G69cbjxJlhJS-N3UyquDpi7RI,51,1,0,Find Your Finishing,jennikayne.com,https://www.jennikayne.com/collections/home-furniture-decor-shop-all-home-decor,https://i.pinimg.com/originals/1a/1f/12/1a1f128399d38defb58d44b98535e1fe.png,1000,1500,0,2026-02-17
2026-10-05,decoracao quarto pequeno,AfUEb3tgGu1feNT9yHrGTs_P6lEZ6CgNFt-qxIuqT7-vYTfmuAq5zuGsD-xA2pPbJR1HT4RzkEQZEwnHWD8KD9E,52,1,0,Make a Small Dorm Feel,lahomedecor.com,https://lahomedecor.com/collections/best-sellers?utm_source=pinterest&utm_medium=pinads&utm_campaign=newin&utm_content=molly,https://i.pinimg.com/originals/a2/d7/41/a2d741bb0dcda630ad9da882c1bf5870.jpg,1000,1500,0,2026-07-01
2026-10-05,decoracao quarto pequeno,AYhSi9meAFJsQ5dKIXmvhLeF1I_X7BxOB5rNN31AgJVgMM7xY7rCnGUSuuFMMt_YOnMUWBZSQb1EMS9ZLP0M7tc,53,0,0,See what,target.com,https://www.target.com/p/3-pc-king-hygge-kantha-pick-stitch-yarn-dyed-cotton-jacquard-quilt-set-neutral-off-white-lush-d-233-cor/-/A-81429587,https://i.pinimg.com/originals/91/69/67/91696717eb1f874c8535190a705bfaac.jpg,1440,1800,0,2026-09-30
2026-10-05,decoracao quarto pequeno,1121114901018369686,54,2,0,quarto aconchegante,,,https://i.pinimg.com/originals/3b/45/9b/3b459bab3c0824f2ad837f026eccdfa1.jpg,736,1104,0,2026-09-24
2026-10-05,decoracao quarto pequeno,703756189647330,55,2394,0,Small Bedroom With Vanity Ideas,,,https://i.pinimg.com/originals/03/c2/7d/03c27d4213a9c28ffde0b5382bc93f42.jpg,720,1072,0,2026-09-02
2026-10-05,decoracao quarto pequeno,AXjyNgvwGc_PRmBbZ7HEIOFIpW0ey5PPmhR38WZi9EMoAIoCZVRL0PWEFT7ib3qrpndS07S2nlPLARe6Pxbz_70,56,1,0,Verral Fluted Wood,hulalahome.com,https://hulalahome.com/products/verral-4-piece-modern-fluted-solid-wood-bedroom-bundle?sku=18074986702921825481243185,https://i.pinimg.com/originals/0f/8d/e9/0f8de92fed2b1f0abac5ec558446fa00.jpg,800,800,0,2026-07-29
2026-10-05,decoracao quarto pequeno,ARduW3V-7daxL5cqjOQzcDMvkBySQ1NDchX7n-rJWFqy3IlfIQ1nAbKoIiQwVAUpiEO-ef-ADXlV-OcabqJvpgo,57,0,0,Cal King 3-Piece Bedroom,hernest.com,https://www.hernest.com/item/3-piece-finnley-fluted-bedroom-set-p-10386.html,https://i.pinimg.com/originals/67/42/34/67423477feb8b8441525653006a03af7.jpg,1118,1200,0,2026-08-29
2026-10-05,decoracao quarto pequeno,144678206776661653,58,64,0,Small Bedroom Ideas for a Cozy Modern Home,,,https://i.pinimg.com/originals/ab/b3/62/abb362c67cb86afe91421ad56c1bc4a2.png,1024,1536,0,2026-09-26
2026-10-05,decoracao quarto pequeno,Aag5r3-bJUU_-LZOXnYtfCR5OK9WlOE136rGf9WU7VTXI4Htzb-eHVZYJm0I1lq7La-OwW8LdIq52MTh0jAbGjM,59,1,0,The Seven,expedia.com,https://www.expedia.com/Hotel-Search?destination=Chester&selected=105810436&startDate=2026-11-04&endDate=2026-11-05,https://i.pinimg.com/originals/41/4a/38/414a388f23f78f7976bca2454dc16cad.jpg,1000,1500,0,2026-08-18
2026-10-05,decoracao quarto pequeno,AX2ieySpM3oZfS2d-uqugiEa6R0XuswqVrrOeikskDMEg8C286qc9zsGv3eb47dh_jT80flaXPGU9sohwKlkDHY,60,1,0,Put Your Design Skills to,designwithfriends.com,https://designwithfriends.com/,https://i.pinimg.com/originals/8e/9c/6c/8e9c6ca4b13201d7f182c719564b8570.jpg,1080,1920,1,2026-05-28
2026-10-05,decoracao quarto pequeno,662803270212328775,61,1,0,Criado-Mudo para Quarto Pequeno: 10 Ideias para Economizar Espaço,,,https://i.pinimg.com/originals/6d/60/af/6d60af7abfd367e9c7ea22a65929d15e.jpg,1536,2752,0,2026-09-12
2026-10-05,decoracao quarto pequeno,956733514615604262,62,4,0,Small bedroom decor,,,https://i.pinimg.com/originals/15/bc/8d/15bc8d1fdfb0195e3f1f3cbc99acd218.png,1024,1536,0,2026-09-30
2026-10-05,decoracao quarto pequeno,709387378857816443,63,13,0,Small Bedroom Organization Ideas for a Cozy Space,,,https://i.pinimg.com/originals/fc/00/76/fc0076636b8b569cee840e23d817a6d5.png,1024,1536,0,2026-09-29
2026-10-05,decoracao quarto pequeno,244953667228822699,64,31,0,Dreamy Cozy Bedroom Ideas ✨ | Aesthetic Small Bedroom Decor,,,https://i.pinimg.com/originals/ac/f0/2c/acf02cb4a8e283c9b1b9be97762f9e7a.png,1024,1536,0,2026-09-30
2026-10-05,decoracao quarto pequeno,774124932044560,65,844,0,,,,https://i.pinimg.com/originals/ec/2f/55/ec2f55da8078c9177f2a92b35ac7f262.png,1024,1536,0,2026-09-18
2026-10-05,decoracao quarto pequeno,24418022976828209,66,1537,0,,,,https://i.pinimg.com/originals/ca/9a/0b/ca9a0b38c87417f2567ea5d031bb4ced.webp,993,1784,0,2026-06-15
2026-10-05,decoracao quarto pequeno,712835447316038635,67,15,0,Soft Minimalist Bedroom 🌸 | Cozy Neutral Bedroom Ideas,,,https://i.pinimg.com/originals/ef/04/4c/ef044cf38d9e0f9c7dee7332534a8889.png,1024,1536,0,2026-09-29
2026-10-05,decoracao quarto pequeno,662803270212328562,68,4,0,Quarto Pequeno com Iluminação Aconchegante: 10 Ideias,,,https://i.pinimg.com/originals/27/fc/82/27fc822060dbc6b1f479a5b8bf419243.jpg,1536,2752,0,2026-09-12
2026-10-05,decoracao quarto pequeno,15903404931168718,69,6598,0,,,,https://i.pinimg.com/originals/f1/6a/15/f16a154542229ffb5bdd15ebae4031e4.jpg,736,1104,0,2026-07-30
2026-10-05,decoracao quarto pequeno,15551561210874083,70,1016,0,Daneida Castro's Amazon Page,amazon.com,https://www.amazon.com/shop/baneidalopez14/photo/amzn1.shoppablemedia.v1.00c3075b-8fdf-4ac7-93ad-79d14f4113c3?tag=daneidacastro-20&ref_=cm_sw_r_cso_pi_apin_aipsfphoto_ZMJG6P560Y20HNBV196V_pspvrd_pf,https://i.pinimg.com/originals/39/68/ef/3968ef7ed426f7c6aed18ee6a161e788.jpg,768,1369,0,2026-09-10
2026-10-05,decoracao quarto pequeno,1013450722420389917,71,1,0,Cozy Window Bed Nook with Desk Corner,,,https://i.pinimg.com/originals/3e/63/e2/3e63e231aae233cc853ec942eb1a9d3f.png,1024,1536,0,2026-09-21
2026-10-05,decoracao quarto pequeno,17381148558732566,72,611,0,Quarto solteiro pequeno com manta terracota aconchegante,s.shopee.com.br,https://s.shopee.com.br/2gARGniHsv?channel_type=pinterest,https://i.pinimg.com/originals/67/a0/72/67a072f81ab4457b46be844f1d7a5621.jpg,960,1440,0,2026-09-12
2026-10-05,decoracao quarto pequeno,1089730441270516834,73,2,0,Dream Room Ideas | Cozy & Beautiful Bedroom Inspiration,boredpanda.com,https://www.boredpanda.com/chaotic-male-rooms-pics/?utm_source=pinterestak1&utm_medium=link&utm_campaign=valit,https://i.pinimg.com/originals/dd/11/cd/dd11cd6846d052465c6cf027c32ef72d.jpg,736,1104,0,2026-09-16
2026-10-05,decoracao quarto pequeno,703756189479463,74,1460,0,Quarto Pequeno Moderno,,,https://i.pinimg.com/originals/de/04/14/de04146dcded5644fedf88459e6d0200.png,941,1672,0,2026-07-02
2026-10-05,decoracao quarto pequeno,662803270212467617,75,1,0,Quarto Pequeno com Cama e Armário Lateral Estreito,,,https://i.pinimg.com/originals/86/72/70/86727080703f59684b88fe3ff37e8d31.jpg,1536,2752,0,2026-09-20
2026-10-05,organizacao de cozinha,641270434489285166,2,1,0,Organização da cozinha,link.amazon,https://link.amazon/B0bF1uk9V,https://i.pinimg.com/originals/b9/86/20/b98620ea8f23244eb4a38bbce34ba6c4.jpg,1024,1536,0,2026-09-23
2026-10-05,organizacao de cozinha,AVIIpQ3DR8LrbR3F5QcmbStCSqRCvZiXZQpSkraCRP9XKL7KmSDTHVPLIyQnR9YIYA9n5KiRA2fJvN237VGUlcU,3,1,0,Nature Inspired,amazon.com,https://www.amazon.com/Crock-Pot%C2%AE-Design-7-Quart-Programmable-Cooker/dp/B0GQDGTB4N/ref=sr_1_1?crid=IWSKCJ3A0GAC&dib=eyJ2IjoiMSJ9.FeXBBIc3H67JQoGULIOEkt_FX6ZTa_SYksveYnl6zpJYcNbtxDL6-7YSfDGFcf_qWKrcwXc-zeC73ivGk1Q4EkK7d_uo3Ex5O89BQ5lE2gwJw_UcHHuh9vz4syTHrkrEePYlTfjfeCsfxJG1gENu9pHZn5OGNkbRw4bkrSbtmMSLuLkxUZO4leNSmlUuut-TwEaCTyhYPEDynkeNn-dPMlXgdhJkzwSfXyoNCshsiEA.6BrOfD_w70TTFrrW4C5HVOloWyIHuu,https://i.pinimg.com/originals/a3/22/fc/a322fce09c202fbd47301b2bb3d4caf7.png,864,1536,0,2026-09-23
2026-10-05,organizacao de cozinha,1086141635187463799,4,1,0,Organização de Cozinha Pequena Sem Reforma,,,https://i.pinimg.com/originals/9c/13/95/9c1395f29631e418e9946b17a5cc7525.png,848,1264,0,2026-08-21
2026-10-05,organizacao de cozinha,1137018237206570287,5,1,0,Organizadores de Cozinha Pequena | Organização de Armário de Cozinha,s.shopee.com.br,https://s.shopee.com.br/30oF6SPyCr?channel_type=pinterest,https://i.pinimg.com/originals/c8/2b/bf/c82bbfd7ea1416b7fbdb305f4f96979c.jpg,1200,2133,0,2026-09-24
2026-10-05,organizacao de cozinha,AXCvv1RijpudxBJ402fVJGqmzbPUVwB707uoG_gNVfrlrrLOrqjxDZSL5Ce2dJua79zGqfpb9lsK9Lkk6txeJK4,6,0,0,So Much More Than a,lg.com,https://www.lg.com/us/?utm_source=pinterest&utm_medium=paid-social&utm_campaign=lg_2026_hs_xhs_awareness_views_paid-social_pinterest_kitchen&utm_content=hs_all_plp_04-01-26_12-31-26_awareness_lg-kitchen-suite-mfyk-6s_other_lifestyle_video_na_16x9_6s_mix_x&utm_term=hs_xhs_prospecting_us_interest_lifestyle_en_all_mix_x,https://i.pinimg.com/originals/fd/62/e5/fd62e54d0f41abc7241a67ce95a3094f.jpg,1080,1920,1,2026-03-30
2026-10-05,organizacao de cozinha,1137018237206272805,7,1,0,Organização de Cozinha com Potes Herméticos e Porta-Pratos,,,https://i.pinimg.com/originals/90/1e/cb/901ecbd5fbba0ce5604b28ec2cb8480a.png,941,1672,0,2026-09-20
2026-10-05,organizacao de cozinha,1038713101584503371,8,4,0,Organização Cozinha Pequena 😍 Múltiplas Ideias!,s.shopee.com.br,https://s.shopee.com.br/2AfrB2V7bU?sub_id1=auto&sub_id2=pinterest&channel_type=pinterest,https://i.pinimg.com/originals/07/83/74/07837419d7052aed6eed1801a9d354db.jpg,736,1104,0,2026-09-30
2026-10-05,organizacao de cozinha,ATWXEDJ_fcyP6Ixq0NxaEtDO0aO7tlqqzrZ2ZHEHuhma5znfQ-K7NhiKHplqhmGAcL3DG6H9yarBo_OJRgKaFms,9,1,0,No-Hassle Ways to,go.roomandboard.com,https://go.roomandboard.com/8mJjvx,https://i.pinimg.com/originals/1e/c6/2b/1ec62b1821f8edb54b770e025fc4a648.png,1001,1501,0,2025-12-09
2026-10-05,organizacao de cozinha,1056516393863985970,10,1,0,Dicas de Organização para Cozinha:,,,https://i.pinimg.com/originals/9d/a2/1b/9da21b1c33c8096bc04c0c57f025b171.jpg,1200,1800,0,2026-08-30
2026-10-05,organizacao de cozinha,4151824653664358,11,937,0,Kitchen Organizers That Actually Make Life Easier ✨,,,https://i.pinimg.com/originals/ea/5a/91/ea5a91e05f7a67c00019d3b7d502cef7.png,1024,1536,0,2026-09-06
2026-10-05,organizacao de cozinha,332422016310773033,12,43,0,10 ideias para organizar sua cozinha ✨🩷,,,https://i.pinimg.com/originals/b9/21/b3/b921b376686ef0c1af1b290cd011d5ea.png,1024,1536,0,2026-09-24
2026-10-05,organizacao de cozinha,AfBzVno2OJjVmnQU-AP9pExpliNIbtSL1zo4p3yFpi5dw5E_LJlryHCtKC3IkpohBU4GH6d6gmGXODPkDHCGFE0,13,1,0,Find the right appliance,lowes.com,https://www.lowes.com/c/Appliances,https://i.pinimg.com/originals/87/bf/d9/87bfd9f25cc13cd9dcf8a5e40acecc58.jpg,1000,1500,0,2026-01-16
2026-10-05,organizacao de cozinha,AV8AgDEwfBN85igO-TOl2-2JO4CmXQMokeYOxwZxAnLywymH7k3tAt2Tzb24TRPb8vRJvxUqOh2ZWEX3Bi4Vd3g,14,1446,0,Luxe Looks for Less to,amzlink.to,https://amzlink.to/az0R1pvbaq2dE,https://i.pinimg.com/originals/14/09/18/1409180f35ebf9cdce002f695238c76e.png,1000,1500,0,2025-09-04
2026-10-05,organizacao de cozinha,AfTcg9dgGSZ5y2gWm-huje6bjg2rLYTqRKSJ3Tcf1PTDDleP-KLtak0D-vjRXsujTtPPc61Vxe2s0QrIpia4-Sk,15,0,0,Elfa Utility® Mesh Pantry,containerstore.com,https://www.containerstore.com/s/home-decor/decorative-shelving/elfa-utility-white-mesh-pantry-over-the-door-rack/12d?productId=11006153&country=US&currency=USD&cid=sm%7Cpinterest%7C%7Cshopping,https://i.pinimg.com/originals/7e/fe/55/7efe557c25f8357e495f04e99f608389.jpg,870,1200,0,2022-08-05
2026-10-05,organizacao de cozinha,ATajX3UFMmqb5lrbkRB6Xfmg1s8mLRTzLVVwnBUuzB3YNANtgrHc9ny2NBEDbNpImkkgF4SMywGWe2E1y6Qa-dI,16,1,0,Shelving Unit Finish:,allmodern.com,https://www.allmodern.com/Yamazaki-Home--Shelving-Unit-3-L136-K~YZUS1960.html?refid=PSO81-YZUS1960_91475819&PiID[]=91475819,https://i.pinimg.com/originals/58/ca/4e/58ca4e16b44d7d9dea3426f958da8815.jpg,400,400,0,2026-08-06
2026-10-05,organizacao de cozinha,1039135314042761051,17,3,0,3 organizadores de cozinha que deixam tudo no lugar,linktr.ee,https://linktr.ee/casainteligente.mi,https://i.pinimg.com/originals/0f/5f/81/0f5f814c7cf545127a267278c8dce96f.png,1000,1500,0,2026-03-16
2026-10-05,organizacao de cozinha,633387444845551,18,1077,0,20 Kitchen Organization Ideas That Make Cooking Easier | Kitchen Organization Tips,,,https://i.pinimg.com/originals/54/aa/fe/54aafe7a16aaa91c2448e6a695ad1b6b.jpg,864,1536,0,2026-09-10
2026-10-05,organizacao de cozinha,AetpW8Hn_LRJBj3o1yQc4HEQn3TyZkMO3qt6CVFqzCBmxUnqQ3gR4H8WUQmVSuY_Jzzxrx1o3qLqoVp6a6hF6VU,19,2,0,47.2 inch Bakers Rack,sikaic.com,https://sikaic.com/products/47-2-inch-bakers-rack-with-storage-and-drop-leaf-white?variant=49233186357556,https://i.pinimg.com/originals/38/7d/f8/387df8792791570385ec630c0321e7b8.jpg,1500,1500,0,2026-08-04
2026-10-05,organizacao de cozinha,AcdovxSslIOBgU3ffBX6C6MWzqAfk7fER3-12Gk_H85AOBKXR45A4VbCwxcCJPiS9tIZ46Sj-_e2lJ2fnVv1sFY,20,1,0,Pull Out Cabinet,inspireuplift.com,https://www.inspireuplift.com/pull-out-cabinet-organizer-under-sink-storage-rack/iu/21872937?variant=476857652,https://i.pinimg.com/originals/b3/18/6e/b3186e41b747416adf4a920899fa927b.jpg,1600,1600,0,2026-07-10
2026-10-05,organizacao de cozinha,2322237303670557,21,19,0,Small Kitchen Organization Ideas for a Clutter-Free Countertop,,,https://i.pinimg.com/originals/ba/2a/df/ba2adfd975cee9163feb580603ea6992.png,1024,1536,0,2026-09-15
2026-10-05,organizacao de cozinha,AeZO8MCcFHlF-hksAtlTxF1PkociOtCT1BKsyTpbdIUd-Y1u9quG3uxALQUR-yuO2krCQYPnwbAdmJ8vaNsvOrs,22,1373,0,11 Genius Pantry,urlgeni.us,https://urlgeni.us/amazon/Wfr9oB,https://i.pinimg.com/originals/fc/c8/5f/fcc85ff3c79f0a4c92c2069915541977.jpg,720,1280,1,2026-08-26
2026-10-05,organizacao de cozinha,AS3khFX-fI9nPJVUBT7XqlI2HToKfcrk27L10yGgPvZMx4iCXZSe0COxESvo12m4lxDsmR6GUZetPf1VzBl91-s,23,107,0,3 Pack Fruit Basket For,wayfair.com,https://www.wayfair.com/17-Stories--3-Pack-Fruit-Basket-For-Kitchen-With-Wood-Lid-CounterandWall-Mounted-Onion-And-Potato-Storage-With-Nameplate-Stackable-Storage-Basket-X224339178-L7312-K~W113228067.html?refid=PSO49-W113228067,https://i.pinimg.com/originals/7f/8b/14/7f8b14e6f9727e09976b86417761328a.jpg,400,400,0,2026-08-16
2026-10-05,organizacao de cozinha,471611392253224500,24,14,0,Kitchen Organization Ideas | Smart Storage Inspiration,,,https://i.pinimg.com/originals/b0/d2/d4/b0d2d4be55e17f13cf3bdd390386c766.jpg,768,1365,0,2026-09-24
2026-10-05,organizacao de cozinha,AVI3CO6ZFiRBZq1R-ABAJPjKllTHyI06kWPd3_cRrzsyazTCdpQ-5OYLQ5g6qoZPtf03grz2jiJYAI_WLeww5iA,25,6,0,2 Packs Carbon Steel,homedepot.com,https://www.homedepot.com/p/Anqtovp-2-Packs-Carbon-Steel-Adjustable-2-Tier-Under-Sink-Organizer-Multi-Purpose-Storage-Shelf-for-Kitchen-Cabinet-White-29CPH033322/337903169?cm_mmc=psoc-pinprg-%7Bcampaignid%7D-%7Badgroupid%7D,https://i.pinimg.com/originals/62/63/e9/6263e9fabb9ae3889c6ff1c7caa7b8d3.jpg,1000,1000,0,2025-08-21
2026-10-05,organizacao de cozinha,ASxGwBvHlVsWYQy7_Zm3bJoVIW3eFEEKkHIWVvotTFCE12Jn3CAmS6UhFYNxEERh5k9w8Osb-CnI5GRfO-307Xo,26,0,0,Wooden Kitchen Cabinet,etwoodcrafts.com,https://etwoodcrafts.com/products/wooden-kitchen-cabinet-organizer-rustic-style-decor?variant=51679793250645,https://i.pinimg.com/originals/70/b3/08/70b30843135952fc83f53e8c8cc9602e.jpg,682,1024,0,2025-10-19
2026-10-05,organizacao de cozinha,3166662234091395,27,605,0,How to Organize Your Kitchen Like a Pro — The Complete Kitchen Organization Guide,,,https://i.pinimg.com/originals/6b/18/16/6b181635f25453506da30bdcbd0c26b1.png,1024,1536,0,2026-08-08
2026-10-05,organizacao de cozinha,AYxkvXHo4nCS1UBghf_p7ktK0bFU_kbQO7mNW7xZW0CO0xFT-aPiUmWhMCwaI_vOaOtw5XjtrINdOZaA-tgNHL8,28,1,0,Temu | Gabinete de,temu.com,https://www.temu.com/ul/kuiper/un3.html?subj=dpa-un&_bg_fs=1&_p_jump_id=1082&_x_vst_scene=adg&goods_id=606568363972486&adg_ctx=a-493f8172~c-b387b532&_p_rfs=1&_x_ads_channel=pinterest&_x_ads_creative_id=%7Bproduct_partition_id%7D&_x_ads_id=%7Badgroupid%7D&_x_ads_set=%7Bcampaignid%7D&_x_ads_sub_channel=shopping&_x_ns_catalog_id=1580405374697&_x_ns_creative=%7Badid%7D&_x_ns_gid=606568363972486&_x_ns_,https://i.pinimg.com/originals/88/44/a2/8844a2efc672b2822e7482ce28a0c6b4.jpg,2000,3000,0,2026-08-17
2026-10-05,organizacao de cozinha,AbHpbGmKsPt7atMH6QtD1GuntROtSik6lZq7rC1z7iIDDBXA9N3oPBL32g1CvIEZut8v4WU-DqtgPln_cE6LuGA,29,1,0,Temu | 71 Inch Tall,temu.com,https://www.temu.com/ul/kuiper/un3.html?subj=dpa-un&_bg_fs=1&_p_jump_id=1082&_x_vst_scene=adg&goods_id=601099811757855&adg_ctx=a-48c02852~c-dca41faa&_p_rfs=1&_x_ads_channel=pinterest&_x_ads_creative_id=%7Bproduct_partition_id%7D&_x_ads_id=%7Badgroupid%7D&_x_ads_set=%7Bcampaignid%7D&_x_ads_sub_channel=shopping&_x_ns_catalog_id=1567707391772&_x_ns_creative=%7Badid%7D&_x_ns_gid=601099811757855&_x_ns_,https://i.pinimg.com/originals/60/a5/bf/60a5bff47e3a785147cbf26292e305ce.jpg,2000,3000,0,2026-08-07
2026-10-05,organizacao de cozinha,223420831510665985,30,47,0,Cozinha super organizada que vai te dar vontade de arrumar a sua 😍,s.shopee.com.br,https://s.shopee.com.br/5L7t1nLcFC?channel_type=pinterest,https://i.pinimg.com/originals/cf/31/04/cf3104365fb546142ea7fef85216ff2f.png,1024,1536,0,2026-04-27
2026-10-05,organizacao de cozinha,1086282372650863481,31,28,0,Dicas para Organização da Cozinha | 🏡 Organização que Facilita,linktr.ee,https://linktr.ee/dricaachadosedicas,https://i.pinimg.com/originals/7e/e0/50/7ee050505e301c5535f1f4c1ec096c9d.png,1024,1536,0,2026-08-12
2026-10-05,organizacao de cozinha,671106782020915783,32,1,0,Organização de Cozinha: 4 Ideias para otimizar espaço,collshp.com,https://collshp.com/docerotinaachados?view=storefront,https://i.pinimg.com/originals/d9/ec/16/d9ec16d2530313cb766156df2bf03a3f.png,1000,1500,0,2026-09-26
2026-10-05,organizacao de cozinha,397653842120305835,33,6,0,Melhores dicas para organizar cozinha e ganhar mais espaço,projetoscriativos.blog,https://projetoscriativos.blog/dicas-para-organizar-cozinha/,https://i.pinimg.com/originals/72/b8/30/72b8308ca67049429e65baf4bc62a0f6.jpg,1000,1500,0,2025-11-19
2026-10-05,organizacao de cozinha,AfCmvwWWgAMPnomdKWoPV11djmmwEOHCyZ00aNZFiqPRiPqrjMTDX2Y3JdZh4qz8AtVDbo9zpx1ZD7TBVTG1mF4,34,1,0,Temu | Multifunctional,temu.com,https://www.temu.com/ul/kuiper/un3.html?subj=dpa-un&_bg_fs=1&_p_jump_id=1082&_x_vst_scene=adg&goods_id=607682220116634&adg_ctx=a-953c905f~c-abcb429a&_p_rfs=1&_x_ads_channel=pinterest&_x_ads_creative_id=%7Bproduct_partition_id%7D&_x_ads_id=%7Badgroupid%7D&_x_ads_set=%7Bcampaignid%7D&_x_ads_sub_channel=shopping&_x_ns_catalog_id=1567707391772&_x_ns_creative=%7Badid%7D&_x_ns_product_id=118691421228997,https://i.pinimg.com/originals/5a/cb/6d/5acb6d24d956290263a570868cb0b45e.jpg,2000,3000,0,2026-08-12
2026-10-05,organizacao de cozinha,AXAXmucAFa6H9yLgZc7BcCXA1ywzlJADjD_GGRHiu6ljIRFgE3CXFe1SO8CIUFUDXvWGjkrxDK0JszjR09R0P-E,35,0,0,Temu | Bamboo Multi-tier,temu.com,https://www.temu.com/ul/kuiper/un3.html?subj=dpa-un&_bg_fs=1&_p_jump_id=1082&_x_vst_scene=adg&goods_id=601103708321900&adg_ctx=a-19d63e3d~c-0e1c498f&_p_rfs=1&_x_ads_channel=pinterest&_x_ads_creative_id=%7Bproduct_partition_id%7D&_x_ads_id=%7Badgroupid%7D&_x_ads_set=%7Bcampaignid%7D&_x_ads_sub_channel=shopping&_x_ns_catalog_id=1567707391772&_x_ns_creative=%7Badid%7D&_x_ns_gid=601103708321900&_x_ns_,https://i.pinimg.com/originals/9e/5f/e4/9e5fe4adf37bacb5bab7bbd14e916a56.jpg,2000,3000,0,2026-09-11
2026-10-05,organizacao de cozinha,1031113277207498518,36,1,0,Aesthetic Kitchen Organization Ideas | Amazon Kitchen Finds & Storage,amazon.com,https://www.amazon.com/shop/hairstyledhub/list/11H8MLGZYEGM4?ref_=aipsflist,https://i.pinimg.com/originals/54/8b/68/548b682706078bbc5c05425134561a0e.png,1024,1536,0,2026-09-22
2026-10-05,organizacao de cozinha,AfiZF1IbrOGWHg-1A1P3J-TXOUxdWNHMRjdY_yO5Pe6MylpfcpcVmH-Z7Q2mwEY5qlEAqqnQlLLVFjgX_U2sJQg,37,3285,0,It’s Giving Storage… It’s,buywholesalecabinets.com,https://buywholesalecabinets.com/,https://i.pinimg.com/originals/f3/23/15/f323154527d7682f1ae2fc31c744585b.jpg,1000,1500,1,2025-02-13
2026-10-05,organizacao de cozinha,266345765460149309,38,9,0,Kitchen Organization Ideas for a Clean & Clutter-Free Space,,,https://i.pinimg.com/originals/57/3e/b2/573eb2434475325671d29472d6426ac3.jpg,1200,2133,0,2026-09-27
2026-10-05,organizacao de cozinha,AZSvtI821vLJ6Dqjhp6gie1kuKs2SuqKzya8LZKOBgiX8W9pMtSRkSxwd8FcBYLsUoO89BSrx-20CWwU1dpVfkA,39,295,0,Rustic Pantry Lighting,steellightingco.com,https://www.steellightingco.com/product/the-westchester/,https://i.pinimg.com/originals/fb/48/bb/fb48bbc36c63c10607b2019888f8e922.jpg,1000,1500,0,2021-05-12
2026-10-05,organizacao de cozinha,457537643416825708,40,15,0,Cozinha Organizada ✨,,,https://i.pinimg.com/originals/6a/1f/84/6a1f846529a7b194aa9b997bb9f168ae.png,941,1672,0,2026-09-12
2026-10-05,organizacao de cozinha,AbhFir3sWxvxCcDTj6tvbURj0ygoUTOyidsTLNWJjLcZE_SMPs1jws46oHp-I-LUrDgK5Zqyw2iZHv0n8vLcFuY,41,1,0,Temu | Kitchen Seasoning,temu.com,https://www.temu.com/ul/kuiper/un3.html?subj=dpa-un&_bg_fs=1&_p_jump_id=1082&_x_vst_scene=adg&goods_id=601099591633061&adg_ctx=a-88260a25~c-c1e2b323&_p_rfs=1&_x_ads_channel=pinterest&_x_ads_creative_id=%7Bproduct_partition_id%7D&_x_ads_id=%7Badgroupid%7D&_x_ads_set=%7Bcampaignid%7D&_x_ads_sub_channel=shopping&_x_ns_catalog_id=1567707391772&_x_ns_creative=%7Badid%7D&_x_ns_gid=601099591633061&_x_ns_,https://i.pinimg.com/originals/6d/0d/0f/6d0d0f64d5cbb1622ed6eee09de1214c.jpg,800,800,0,2026-08-03
2026-10-05,organizacao de cozinha,1151654935991628813,42,1,0,Kitchen Organization | Smart Storage & Pantry Ideas,,,https://i.pinimg.com/originals/a1/b4/e5/a1b4e5b9cf3070fdf31e5cbb218e15d1.jpg,720,1080,0,2026-08-12
2026-10-05,organizacao de cozinha,1140536674431897371,43,1,0,Organizador de Cozinha | Porta Temperos,meli.la,https://meli.la/1uUssTS,https://i.pinimg.com/originals/4a/3d/3a/4a3d3a1baa8afab546a135f8e4c13869.png,1024,1536,0,2026-09-15
2026-10-05,organizacao de cozinha,AdBhLRzvuKcOxeZjBe7KlFi0L2QaWyEJBM8TdTZhjh4kYBCcE11a4DJ-CSHgXT7WSCqMoHf8XJYnb8l9Ki7BCvo,44,1,0,"Temu | 1 Pack, Thickened",temu.com,https://www.temu.com/ul/kuiper/un3.html?subj=dpa-un&_bg_fs=1&_p_jump_id=1082&_x_vst_scene=adg&goods_id=605781177021535&adg_ctx=a-b970584c~c-dc0450f8&_p_rfs=1&_x_ads_channel=pinterest&_x_ads_creative_id=%7Bproduct_partition_id%7D&_x_ads_id=%7Badgroupid%7D&_x_ads_set=%7Bcampaignid%7D&_x_ads_sub_channel=shopping&_x_ns_catalog_id=1567707391772&_x_ns_creative=%7Badid%7D&_x_ns_gid=605781177021535&_x_ns_,https://i.pinimg.com/originals/4e/3f/da/4e3fda534e762c322eb71f92f52c0aad.jpg,2000,3000,0,2026-08-31
2026-10-05,organizacao de cozinha,AQjIs3TMgGU_nkf2MHsawfjvRL7fUcXu9vqE7FeBUPvw2fbkxkW9HBvOBU_DQXmW6mY066TlMKsOwPwUBhKUQ0Q,45,0,0,Stainless Steel Kitchen,vela-avenue.com,https://vela-avenue.com/products/stainless-steel-kitchen-herb-rack-mara?variant=51962510115156&utm_source=multifeeds&utm_medium=organic&utm_campaign=Multifeeds&utm_content=Stainless%20Steel%20Kitchen%20Herb%20Rack%20-%20Mara,https://i.pinimg.com/originals/1b/75/8c/1b758cb997957d6e4475f9eb3a0d148f.jpg,1600,1600,0,2026-01-21
2026-10-05,organizacao de cozinha,363243526219398161,46,15,0,Kitchen Organization Ideas,,,https://i.pinimg.com/originals/35/83/c4/3583c44896e7d8a3862e73d6dff84615.jpg,665,1182,0,2026-09-21
2026-10-05,organizacao de cozinha,97460779433333395,47,91,0,Kitchen Organization Essentials Worth Buying | Must-Have Storage Solutions,,,https://i.pinimg.com/originals/48/d0/6c/48d06c956b7aee6c98beae6c3c2e97e1.png,1024,1536,0,2026-08-12
2026-10-05,organizacao de cozinha,508203139209225426,48,11,0,Organizadores de cozinha: 19 modelos e ideias pra quem gosta de tudo no lugar!,dicasonline.com,https://www.dicasonline.com/organizadores-de-cozinha/?utm_medium=org&utm_campaign=ari&utm_source=pin&utm_content=pin_89887,https://i.pinimg.com/originals/e6/d5/e4/e6d5e42a56ab1af07814ab3ecc12e241.jpg,1000,1500,0,2021-05-02
2026-10-05,organizacao de cozinha,10555380372779408,49,213,0,Kitchen Cabinet Organization Ideas | Genius Storage Solutions,,,https://i.pinimg.com/originals/6e/7f/44/6e7f44c7b9e3a96d02003850d2e820e5.png,1122,1402,0,2026-09-18
2026-10-05,organizacao de cozinha,131097039148909045,50,10,0,Title: Kitchen Organization Ideas | Cozy & Aesthetic Kitchen,,,https://i.pinimg.com/originals/91/c5/d4/91c5d46f90b67e6b3b6ff1a58efc32a4.png,1024,1536,0,2026-09-28
2026-10-05,organizacao de cozinha,638877897149185375,51,3,0,10 dicas de organização para cozinhas pequenas - Inara Souza - Casinha Arrumada,casinhaarrumada.com,https://www.casinhaarrumada.com/2017/04/10-dicas-de-organizacao-para-cozinhas-pequenas.html,https://i.pinimg.com/originals/12/61/0f/12610f98658ee7bb07a95fe5710ed503.jpg,235,353,0,2022-01-07
2026-10-05,organizacao de cozinha,Aa-baExGFQgrTK5H4oKbCfM47Js362V1MrbcsBti4QoCXcB9GojzLMm6E5NBh3IZA-fedUYFYH6Cgrvu9R-3h3s,51,0,0,We know homes. Hire the,thumbtack.com,https://www.thumbtack.com/k/general-contractors/near-me/,https://i.pinimg.com/originals/c2/2b/4f/c22b4f77061de28c7cd87a4439d631d8.jpg,1080,1920,1,2025-12-12
2026-10-05,organizacao de cozinha,AefjnEO__ryOZFeCRWfE43Ctp9dC9ruSwsSu7VZLFR3aFan4SsPBu8iIOVpD2OIU0Wc7yTJ4FVqAmmT9JDq0t9Q,52,0,0,Custom Linen No-Drill,twopagescurtains.com,https://twopagescurtains.com/products/custom-linen-no-drill-flat-fold-roman-shade-cordless?variant=52017641652535,https://i.pinimg.com/originals/90/c9/f0/90c9f069302019e0643fcdc74b847270.jpg,800,1200,0,2026-04-22
2026-10-05,organizacao de cozinha,ARqAEUAKb9Iev7wEP7bzBpmalqNkkxmiO84lExjDX9TnITRFVfNHlRpbYptLOKzVCaXW9Anh71zvQJkr-p7GddA,53,7679,0,Our best deals on ILVE,homeoutletdirect.com,https://homeoutletdirect.com/,https://i.pinimg.com/originals/15/b0/86/15b086b8f45fd142eb88aa24703eaf14.jpg,2000,3000,0,2023-09-03
2026-10-05,organizacao de cozinha,359373245285921363,54,15,0,"Organize sua cozinha, de forma prática e elegante gastando quase nada!",divirtaseorganizando.com.br,https://www.divirtaseorganizando.com.br/10-formas-de-organizar-cozinha-gastando-quase-nada/,https://i.pinimg.com/originals/10/e9/73/10e9731a8be3a51d300b36431536037c.jpg,1080,1920,0,2025-03-09
2026-10-05,organizacao de cozinha,AYrufMZvW3XXJoM206xoFPPhxHr3glxPIWwXukTqj_Zgrp4g4B1ego3TClhPVewY-TTy6y_VTGh7HQv8efHjKr4,55,0,0,Double-Layer High,us.shein.com,https://us.shein.com/ark/default?scene=1&test=5051&ad_type=DPA&goods_id=106913577&pf=PINTEREST&url_from=PINADSDPA&ismg=cf80567fb5291e7620be322b3c86af1deeee5eecd9f2b8fdeef676bbe6d58258_01_1791128113,https://i.pinimg.com/originals/0a/02/2a/0a022af72e6a396917eba530357a231a.jpg,1340,1785,0,2026-08-30
2026-10-05,organizacao de cozinha,1618549865410234,56,2027,0,,omer.trendspace.vip,https://omer.trendspace.vip/kitchen-ideas?k=68b7419afa9b,https://i.pinimg.com/originals/7d/92/12/7d92124750c79edc7faed941c6da2294.png,1024,1536,0,2026-07-22
2026-10-05,organizacao de cozinha,AYtd3y3TwpVgPkUNZBEAph6R8S_aDhyHX-trAxIBAqCLzDkKSy95Qj_Mwo9FrtnWk4OV0dRyazfdQamz443ojTU,57,110,0,2'x3' Lodden Soft,shop.ruggable.com,https://shop.ruggable.com/products/morris-and-co-lodden-soft-evergreen-gold-rug?variant=41224879603767&utm_source=pinterest_us_cat&utm_medium=social_paid&utm_campaign=%7Bcampaignid%7D&utm_term=%7Badgroupid%7D,https://i.pinimg.com/originals/75/69/8f/75698f677acb83c5957de40855bbbf58.jpg,2400,3000,0,2024-09-04
2026-10-05,organizacao de cozinha,AWsj_TZz8j7iHZtSvuXSbuIG7Zz5Ml0-btyx1oxosk-wZYE1JTxPm-Y-ERqqZGEQ-jXxLmKwMnRY5Cgu6ToM2AA,58,2,0,"72"" Large Kitchen Island",homary.com,https://www.homary.com/lditem/72-modern-style-laminate-kitchen-islands-with-ample-storage-space-white-51403.html?currency=usd&language=en&country_code=us&utm_source=pinterest&utm_medium=cpm&utm_term=%7Bcampaignid%7D,https://i.pinimg.com/originals/b6/8a/f6/b68af620fc64f22ae761a87b49b85e50.jpg,2500,2500,0,2026-07-07
2026-10-05,organizacao de cozinha,Af5Bg0yFJmJoPA18i9Dsq6W5fMPfcGiORbRtXzCKEgMQ_1TrpuBxVJeCqOh64jcI3mDw53-awrioGmL5DwZoa3I,59,0,0,The Pantry Set,sortjoy.com,https://www.sortjoy.com/products/new-the-pantry-set?variant=43985306091812,https://i.pinimg.com/originals/aa/7c/0c/aa7c0c3c30e792cd310137c8dc66fdc4.jpg,1000,1500,0,2026-10-01
2026-10-05,organizacao de cozinha,1090434128560759909,60,1,0,Cozinha Organizada,s.shopee.com.br,https://s.shopee.com.br/9V0el3Qlmq?channel_type=pinterest,https://i.pinimg.com/originals/81/43/22/81432240622634a8c38d350e2c45063f.jpg,736,1104,0,2026-08-14
2026-10-05,organizacao de cozinha,AYb9KshNeN0NcTZ4rNE_O_IsxvQtvjdkaRjFEDkzkjmoe6GDZoqnf0WHVIriDMH5jCJMLK3cgt-auRt3onrGEIQ,61,472,0,Quadre Belvyn Dune Luxury,msisurfaces.com,https://www.msisurfaces.com/luxury-vinyl-tile/quadre/belvyn-dune/?utm_source=pinterest&utm_medium=organic&utm_campaign=flooring&utm_content=carousel_2026-08-12,https://i.pinimg.com/originals/74/e8/e6/74e8e6d462f38c99921df29d80e0a6be.jpg,6200,9300,0,2026-08-18
2026-10-05,organizacao de cozinha,422281213039267,62,1404,0,Kitchen Drawer Organization Ideas 2026 | Smart Kitchen Storage & Pantry Organization Hacks | Kitchen,amazon.com,https://www.amazon.com/shop/hairstyledhub/photo/amzn1.shoppablemedia.v1.4256aa8e-85f9-410f-b169-f81ad8769318?ref_=aipsfphoto,https://i.pinimg.com/originals/96/b7/7a/96b77aff8269273d6d5c1981ec6640c4.png,1024,1536,0,2026-08-25
2026-10-05,organizacao de cozinha,AWiBFbHCcJBVPpkROTyWVxZ6fO_iTez3hLwflBx0EJxtmzeGAg-LMaCSpBD1ThSa81CdOhDoPMT28HksFomoJ5Y,63,0,0,Crate & Barrel Large,crateandbarrel.com,https://www.crateandbarrel.com/crate-and-barrel-large-glass-mixing-bowl-with-bamboo-lid/s580744?utm_source=pinterest&utm_medium=paid-social&utm_campaign=%7B%7Bcampaign_name%7D%7D&adid=%7B%7Badid%7D%7D&campaignid=%7B%7Bcampaignid%7D%7D&adgroupid=%7B%7Bad_group_name%7D%7D#universal_link,https://i.pinimg.com/originals/49/51/67/495167d98bb0eb98a6f5cc356f6e2b55.jpg,673,800,0,2026-08-15
2026-10-05,organizacao de cozinha,317785317480688881,64,8,0,7 ideias para organizar armários de cozinha pequenos,,,https://i.pinimg.com/originals/e7/28/99/e72899b6165c9e8d4e0d3a2e2f962ef6.jpg,768,1376,0,2026-06-26
2026-10-05,organizacao de cozinha,AS1OiYsFWnwiyPSWejy_wSyBNTfEfzHlFwPEqJMVPw_DuD_QKtz2TVfiiv2eBzGgZm-uri3OMSolKRCzipWe37Q,65,2,0,Find the right range for,lowes.com,https://www.lowes.com/c/Ranges-Appliances?cm_mmc=psm-_-c-_-prd-_-app-_-pin-_-%7Bcampaignid%7D-_-%7Badid%7D-_-0-_-trf-_-mix,https://i.pinimg.com/originals/79/90/ed/7990ed36b46c2e5f654dfb33c02fbc6f.jpg,1000,1500,0,2026-01-12
2026-10-05,organizacao de cozinha,Af1mvyMh3KpNh7zmVvFuzt7PXtHQYQCUMhA5wcKBusTmFgCxITn3UEHlFBVFe1JM-54tECJBDP6bBmQcp-KIQ_k,66,3,0,These are my top kitchen decor items from Amazon but I have rounded up a lot more on my storefront. Tap the link in my bio to find it or ✨Comment KITCHEN DECOR and I’ll DM you the link! #amazonhome #a,instagram.com,https://www.instagram.com/reel/C-YS5vqB7s0/,https://i.pinimg.com/originals/66/09/cd/6609cda043b0b5674d127a7046aa397f.jpg,1080,1920,1,2024-08-17
2026-10-05,organizacao de cozinha,1110911433114298748,67,1,0,Cozy Kitchen Organization Ideas for a Warm & Aesthetic Home,linktr.ee,https://linktr.ee/vasco.gmonteiro,https://i.pinimg.com/originals/99/19/ca/9919ca56e768bbca2df302094347cdfd.png,1024,1536,0,2026-08-06
2026-10-05,organizacao de cozinha,ASEiq-k0RBpEHv2qEwqx2CiGmcA2XrdB12L2Smh3Oyp3qyRLxsHT90icM_XQTNb42_xVfECalAk64nMFeo6i3LY,68,0,0,Crate & Barrel,crateandbarrel.com,https://www.crateandbarrel.com/crate-and-barrel-rectangular-glass-storage-container-with-bamboo-lid-4-cup/s635971,https://i.pinimg.com/originals/1b/6d/3e/1b6d3ead864f53a1ac050251bb690c29.jpg,800,1000,0,2026-10-01
2026-10-05,organizacao de cozinha,759349187219666064,69,1,0,Organizador de armário para cozinha mais prática,s.shopee.com.br,https://s.shopee.com.br/6Al7o5wjv6?channel_type=pinterest,https://i.pinimg.com/originals/a7/79/fe/a779fef0f2dd944b5300d7459529bc80.png,1000,1500,0,2026-09-19
2026-10-05,organizacao de cozinha,972425744513666571,70,581,0,Organização de cozinha,,,https://i.pinimg.com/originals/f6/54/11/f6541130417ee5db40fb5c7f197b9777.jpg,756,1008,0,2022-03-10
2026-10-05,organizacao de cozinha,ARF53uRHeIKUqlV730sWobC2T5pB7RB1hoK_EhQ4i98oZNViLDyD9UUETeXUNMPU_Vc3aD2JLIgtVbc_9L7dFjk,71,1,0,Quiet Country Stay:,hotels.com,https://www.hotels.com/Hotel-Search?destination=Cunningham&selected=122892138&startDate=2026-10-06&endDate=2026-10-07&catalogRunId=42624,https://i.pinimg.com/originals/7e/be/ea/7ebeea8932d60b345ba383d8759bd6c3.jpg,1000,1500,0,2026-08-28
2026-10-05,organizacao de cozinha,AS4tEyhb9tO1guu3swqz5Fqg8BPGArW2GLgo452tlhklf7KJ_vaLzImV6odMZH_shBfN0RX7OL-AvN2aHvZ7tMU,72,1,0,The Reese Standing Mat,thehouseofnoa.com,https://www.thehouseofnoa.com/products/nama-standing-mat-reese-bark,https://i.pinimg.com/originals/22/57/9e/22579e0a24e63eb808db39d75013fc71.jpg,1000,1500,0,2025-12-20
2026-10-05,organizacao de cozinha,648236940164728906,73,1,0,Organizadores De Cozinha Under The Sink 2 Tier,meli.la,https://meli.la/1ZtAuAd,https://i.pinimg.com/originals/7f/e2/ca/7fe2ca205710524775368c3fdc1eefa2.png,1024,1536,0,2026-09-13
2026-10-05,organizacao de cozinha,AVLfIIwys21buw_ovd9kfsQhQqUpz2uMmK7ZqFO5OXlXN3VygAp_W-KpApYEmYVkb9kD3MMSZZ4B3U9Tylwq9NE,74,1,0,Staybridge Suites Lubbock,expedia.com,https://www.expedia.com/Hotel-Search?destination=Lubbock&selected=15656060&startDate=2026-11-02&endDate=2026-11-03,https://i.pinimg.com/originals/42/51/11/425111cbb796c0dfb9118d2d27d14648.jpg,1000,1500,0,2026-08-27
2026-10-05,organizacao de cozinha,865676359647027881,75,2,0,Cozinha pequena organizada: ideias simples para aproveitar melhor o espaço 🍳✨,,,https://i.pinimg.com/originals/2d/1d/1f/2d1d1f2e951ec4fee57e577359e789e7.png,1024,1536,0,2026-09-24
2026-10-05,home office pequeno,AeFbPeti9AGuMTSBcf5mpNdNiBkouWiHSl8f6V8mAVJGUR1UEPUYlfbvJpmxIuhylsVmiUdMuanWgQUECqk058g,2,13,0,Luxury Executive Office,eurekaergonomic.com,https://eurekaergonomic.com/products/magma-pro-executive-standing-desk-86x33?utm_source=pinterest&utm_medium=social&utm_campaign=pina,https://i.pinimg.com/originals/02/dd/57/02dd57793825d5c544a0e675ea7d38c5.png,1000,1500,0,2026-08-17
2026-10-05,home office pequeno,AeQ-Cz6C45BxpQoYnVDjp0xKZAOIJWDh-unCPwXvVWsDo8Ee1ooY2KIS8v_zBgBKNAOhXEHDZzGEov57vP84QWc,3,0,0,Himmel 60 Inch Modern,hernest.com,https://www.hernest.com/item/himmel-60-inch-desk-p-9448.html,https://i.pinimg.com/originals/42/e8/90/42e89096143acc54796b1ee9ebb8b6f2.jpg,1000,1000,0,2026-10-01
2026-10-05,home office pequeno,AeI97MS061pa7_bFXnXByRVkNAEj_QjpF4SdV6wzLjQ9UwfyAS7TobUQuVIZIW9cWNcQqmzMBtPP2tUUMntpL_A,4,314,0,This Spot In Your Living,coddleme.com,https://www.coddleme.com/blogs/news/small-space-living-5-smart-tips-to-make-every-inch-work-harder,https://i.pinimg.com/originals/99/8e/b7/998eb7e8b1d8799fc277d6b2a573c214.jpg,1436,2154,0,2026-04-01
2026-10-05,home office pequeno,719239003039199479,5,45,0,Small Space Home Office Ideas: Turn an Awkward Corner Into a Stylish Workspace,amazon.com,https://www.amazon.com/shop/dreamdecordream,https://i.pinimg.com/originals/c1/5c/45/c15c4536f6f41741ff86ae1b041d2fcd.png,941,1672,0,2026-09-23
2026-10-05,home office pequeno,AcVoT718nXUC6DulkTXM-nkFQq47ObvtVxsBAfmuuH3Oyqo78npRrE8KVFyJlKAZ9XSZblSVrNAX8mkacoy8tXo,6,0,0,Modern Floating,etwoodcrafts.com,https://etwoodcrafts.com/products/modern-floating-desk-with-drawers-for-home-office-1?variant=53931584520533,https://i.pinimg.com/originals/3c/aa/b0/3caab0a5be32e32dd2d8bc3a71d40c5a.jpg,1200,1230,0,2026-08-26
2026-10-05,home office pequeno,1092052609679397386,7,14,0,Cozy Modern Home Office in a Compact Space,,,https://i.pinimg.com/originals/1d/b1/8b/1db18b60b2b16ad9f6d07ce28c850d9e.png,941,1672,0,2026-09-21
2026-10-05,home office pequeno,ARHxOAVlwECskpTpUUrzLBK5nZ0KH_2GkhvxKH0cP6gQFYYTsWIpDFx2fTcsXyo7OFE_LZE3hv5V1B4nBxDbrDk,8,6,0,63 in. W L- Shaped White,homedepot.com,https://www.homedepot.com/p/FUFU-GAGA-63-in-W-L-Shaped-White-Wood-Adjustable-Height-Computer-Desk-Ergonomic-Writing-Desk-Memory-Preset-Controller-KF150213-12/328980722?cm_mmc=psoc-pinprg-%7Bcampaignid%7D-%7Badgroupid%7D,https://i.pinimg.com/originals/2d/d4/a0/2dd4a0d2c63dc116fb66512d16fcbba4.jpg,1000,1000,0,2026-06-11
2026-10-05,home office pequeno,ARsnqJpwap2qDzm5XPyFXok5SG3w-Lg7ytc7tc-OFC0wq5zQ5GGNFTOYHjbMXkkVDoYHV6VHqpmzYV8cB2B0H8Y,9,1,0,Light walnut L-Shaped,wayfair.com,https://www.wayfair.com/Cozynest--Light-walnut-LShaped-Solid-Wood-desks-CNL828781603750DESK1218LIGHT-WALNUT0-L32-K~CZYN1173.html,https://i.pinimg.com/originals/5e/89/7c/5e897c3a87158789b27790bf6f5c2635.jpg,400,400,0,2026-08-04
2026-10-05,home office pequeno,ATCd8pSldKmewKL1FmEuXfRlHTuDffrY1MjUnUig9lYUGeOc6Xbz94SPZ24wOYvvFDwpvM1QC8Cd9YzQWuT2peI,10,0,0,"Hungled 71"" Modern White",homary.com,https://www.homary.com/lditem/71-modern-white-computer-desk-luxury-gold-office-desk-with-storage-1-cabinet-35317.html?currency=usd&language=en&country_code=us&utm_source=pinterest&utm_medium=cpm&utm_term=%7Bcampaignid%7D,https://i.pinimg.com/originals/57/a2/13/57a213866944ebc42826fb87d11a9be1.jpg,1053,1211,0,2025-10-21
2026-10-05,home office pequeno,794392821824716572,11,1,0,Inspiração para cantinho de estudos e home office,s.shopee.com.br,https://s.shopee.com.br/W6szGUTm2?channel_type=pinterest,https://i.pinimg.com/originals/33/39/70/3339707bc25e35905d5fbe3feca7c809.jpg,1080,1920,0,2026-09-23
2026-10-05,home office pequeno,857654322839675929,12,1,0,Small Home Office Ideas to Maximize Every Inch,,,https://i.pinimg.com/originals/c8/30/d0/c830d055ead67d267a442cccb1e1833b.png,1024,1536,0,2026-09-18
2026-10-05,home office pequeno,AeipJ4bLNij6JqLZmC7ROyXJWan-Ke4ryvaLYyNlleFn4XhZz-9gc3oKOIyglLMJQtEGhh4kkRJdsvEFJ4OPpyA,13,0,0,Spry Interior Modern,spryinterior.com,https://www.spryinterior.com/products/modern-corner-desk-with-built-in-drawer-storage-and-open-shelves-for-home-office-and-workspace-sinlhadk123?variant=50719030214902,https://i.pinimg.com/originals/00/cc/fd/00ccfd56d0401edabf48d60e44ed98eb.jpg,1175,1200,0,2026-05-20
2026-10-05,home office pequeno,AYmfu1YitmF0t5THFSGGeoGeyyH6ie9bjxyiQt_VPCVsyGBUtKsr57Hdu26mH6QstNTsM-GhwvLuiu9tPkFFh8k,14,0,0,"Temu | 59"" W Modern",temu.com,https://www.temu.com/ul/kuiper/un3.html?subj=dpa-un&_bg_fs=1&_p_jump_id=1082&_x_vst_scene=adg&goods_id=606140612107111&adg_ctx=a-09ae69b0~c-4d1e64bc&_p_rfs=1&_x_ads_channel=pinterest&_x_ads_creative_id=%7Bproduct_partition_id%7D&_x_ads_id=%7Badgroupid%7D&_x_ads_set=%7Bcampaignid%7D&_x_ads_sub_channel=shopping&_x_ns_catalog_id=1567707391772&_x_ns_creative=%7Badid%7D&_x_ns_gid=606140612107111&_x_ns_,https://i.pinimg.com/originals/51/e7/11/51e7116da0eed318b2677ff9517dd203.jpg,2000,3000,0,2026-08-08
2026-10-05,home office pequeno,AVhGpEZEYbGkooBc0bcVp_L9XRIyZSVxWRuMM2GGKLSY4Y5WBLS-MDM4L1oDV01Kr5UK-VOpZsQyVhxj1U-hKME,15,0,0,"Temu | 63/67""w L &u",temu.com,https://www.temu.com/ul/kuiper/un3.html?subj=dpa-un&_bg_fs=1&_p_jump_id=1082&_x_vst_scene=adg&goods_id=605773929269210&adg_ctx=a-9e09eced~c-71699050&_p_rfs=1&_x_ads_channel=pinterest&_x_ads_creative_id=%7Bproduct_partition_id%7D&_x_ads_id=%7Badgroupid%7D&_x_ads_set=%7Bcampaignid%7D&_x_ads_sub_channel=shopping&_x_ns_catalog_id=1567707391772&_x_ns_creative=%7Badid%7D&_x_ns_gid=605773929269210&_x_ns_,https://i.pinimg.com/originals/8e/1a/26/8e1a268112410e1172bfd6d7505ffca2.jpg,2000,2000,0,2026-09-18
2026-10-05,home office pequeno,1090363759815634225,16,49,0,Bright White Desk Workspace with Plants,,,https://i.pinimg.com/originals/cd/b9/45/cdb945befa1c0a01eab6b512de4b5219.png,1024,1536,0,2026-09-14
2026-10-05,home office pequeno,AXKb3XArZ1UgC7M73S5H96H6SHvJhya800ipIGxr11JgoFJNktdhigZk3ZCuXT-RB1-Jzt6lo3AYsqM1BecR3jc,17,0,0,"Laroche 54"" Oak Writing",birchlane.com,https://www.birchlane.com/Birch-Lane%E2%84%A2--Laroche-54-Oak-Writing-Desk-SWG22922-L32-K~RVF11811.html?refid=PSO422-RVF11811,https://i.pinimg.com/originals/47/6a/ec/476aecded6d56803024bee366d09376e.jpg,400,492,0,2026-07-06
2026-10-05,home office pequeno,141933825754448855,18,109,0,"Home office pequeno, clean e organizado 🤎",,,https://i.pinimg.com/originals/f1/36/a5/f136a5c763e6802d8523c94cc15cbaf8.png,1024,1536,0,2026-09-30
2026-10-05,home office pequeno,AX2fnalgSAFe_IOALMKNeLht5GTc20NBSnAyTZbdzDlLRs4tva1AobHZzfjT8KUuVUGUv3TLZREOnVu8sfnCeYU,19,111,0,"Black walnut, Oak Solid",lamolighting.co.uk,https://www.lamolighting.co.uk/products/solid-wood-corner-desk-bookshelf-integrated-computer-desk-small-household-black-walnut-desk?fec_currency_code=EUR&variant=22730815,https://i.pinimg.com/originals/40/91/cb/4091cbc7feb260f0251c0490a03aa242.jpg,900,1200,0,2026-09-02
2026-10-05,home office pequeno,984599537322337029,20,9,0,Cozy Corner Home Office with Recessed Lighting,,,https://i.pinimg.com/originals/d5/02/70/d5027047fcccb97256be584e6edb804d.png,1023,1537,0,2026-09-22
2026-10-05,home office pequeno,AbKWTMzIV1G7FNQWhSVKx7vvMBadzJdG06suzSPawtXaqZzpUBddww0LmlsyNg6s9ovQ73QitEApJ7yDDixAWFE,21,1,0,Temu | 56.5/48/40/32''w,temu.com,https://www.temu.com/ul/kuiper/un3.html?subj=dpa-un&_bg_fs=1&_p_jump_id=1082&_x_vst_scene=adg&goods_id=605972504406738&adg_ctx=a-69aee257~c-9e22d36e&_p_rfs=1&_x_ads_channel=pinterest&_x_ads_creative_id=%7Bproduct_partition_id%7D&_x_ads_id=%7Badgroupid%7D&_x_ads_set=%7Bcampaignid%7D&_x_ads_sub_channel=shopping&_x_ns_catalog_id=1567707391772&_x_ns_creative=%7Badid%7D&_x_ns_gid=605972504406738&_x_ns_,https://i.pinimg.com/originals/e0/bd/91/e0bd91baec5b3e1700e95df2e3db9ccb.jpg,1600,1600,0,2026-07-21
2026-10-05,home office pequeno,95490454611765217,22,79,0,Cozy Small Home Office Ideas with a Stylish White Desk Chair,amazon.com,https://www.amazon.com/HUANUO-Adjustable-Armrests-Corduroy-Computer/dp/B0GHMGS8YR?crid=2RLUQ1XWTEJU8&dib=eyJ2IjoiMSJ9.Z2d0Fv8M7QGId53UmqJvrI-vpE9fM5veYjK2-py3ZhIywdpZdXpo1iCZ2ERCFHSu6QVDjyMKSNYQFbckh-G3iw9lzlzIUyXK6KnVdyq75eBnZHqza9lIHuj7BKsRGc6wCWVqmpeiBEOKZnMdasLyY36pr9hhRqZ-csaQOWJ94C-O7gO00LKOCBZknmBID-ZcJ64iXcyKdFdkJ3Vu19QhPhJs84xuhXKzBFZuSp2oT1AzEuxZ4vXJxXO91hAGJCsrR2NGfDcw2e3U0R83pkwWGNo16w,https://i.pinimg.com/originals/35/58/c7/3558c7271d1b20b64063457fb83d66fd.png,1024,1512,0,2026-09-29
2026-10-05,home office pequeno,1137018237205616054,23,1,0,Escrivaninha para Escritório | Home Office | Decoração,,,https://i.pinimg.com/originals/2d/4e/cc/2d4eccd8c59b494cb3537b2fd64d8991.png,941,1672,0,2026-09-12
2026-10-05,home office pequeno,AZJN2JWhkaMuWD1wC9OiDP6DGX-uRhvT1ykS3npMAVGlTnAUwMOBMoJMcJ5T1hIgsoON0iLO-Pz2POpLKlkHfiM,24,0,0,Temu | 86.6 Inch Extra,temu.com,https://www.temu.com/ul/kuiper/un3.html?subj=dpa-un&_bg_fs=1&_p_jump_id=1082&_x_vst_scene=adg&goods_id=605814194589160&adg_ctx=a-f881f962~c-01d84509&_p_rfs=1&_x_ads_channel=pinterest&_x_ads_creative_id=%7Bproduct_partition_id%7D&_x_ads_id=%7Badgroupid%7D&_x_ads_set=%7Bcampaignid%7D&_x_ads_sub_channel=shopping&_x_ns_catalog_id=1567707391772&_x_ns_creative=%7Badid%7D&_x_ns_gid=605814194589160&_x_ns_,https://i.pinimg.com/originals/2d/31/4d/2d314db311171660bb32b37aebeca1e6.jpg,1500,1500,0,2026-09-17
2026-10-05,home office pequeno,AR4FEReB6c7uUCPPiTY6Fy1As7jSi_gBlHgFd-dUU5DI-VMMqgQZfOKo7k33KFbJ6E0P526WBqRoSqQ31EEn52g,25,0,0,Techni Mobili L-Shape,belk.com,https://www.belk.com/p/techni-mobili-techni-mobili-l-shape-home-office-two-tone-desk-with-storage-gold/0438726462879.html,https://i.pinimg.com/originals/c8/90/56/c89056fec37d02fba49fa84f3b934e58.jpg,292,400,0,2026-06-16
2026-10-05,home office pequeno,165085142588009243,26,28,0,Small Apartment Home Office Ideas for a Cozy Workspace,,,https://i.pinimg.com/originals/58/71/a8/5871a872797dc0e99ee47e0a0bdbbf12.png,1024,1536,0,2026-09-30
2026-10-05,home office pequeno,ASmhzCjxvVbdjlDoqOtzVRm_uKAsX_v4x5hdKa_nmy_utoYfkNC7h9W7KnJS9QreXjh-vpx_s707FJ7etUObP9I,27,1,0,Temu | Modern Electric,temu.com,https://www.temu.com/ul/kuiper/un3.html?subj=dpa-un&_bg_fs=1&_p_jump_id=1082&_x_vst_scene=adg&goods_id=606707530989095&adg_ctx=a-aa650960~c-9e7506b9&_p_rfs=1&_x_ads_channel=pinterest&_x_ads_creative_id=%7Bproduct_partition_id%7D&_x_ads_id=%7Badgroupid%7D&_x_ads_set=%7Bcampaignid%7D&_x_ads_sub_channel=shopping&_x_ns_catalog_id=1567707391772&_x_ns_creative=%7Badid%7D&_x_ns_gid=606707530989095&_x_ns_,https://i.pinimg.com/originals/18/2a/45/182a4587217f7c46fb03756ada7418a4.jpg,2048,2048,0,2026-08-20
2026-10-05,home office pequeno,Ac_qBZ7dYp0ELuG2YG9aWPUA27Hcptfzpsz5ZL0HMvYCZE_rVPc0CIVL6Jl91L9c2zuVCs2HR1zZVjAXc3gyV_c,28,1,0,Maximalist Home Office,ruggable.com,https://ruggable.com/collections/liberty-rugs-and-doormats,https://i.pinimg.com/originals/0a/d1/9b/0ad19b261014f23f9a1538576577e946.png,1000,1500,0,2026-08-11
2026-10-05,home office pequeno,1104930089880137399,29,1,0,Escrivaninha Dobrável para Home Office | Ideia Bonita para Espaços Pequenos,meli.la,https://meli.la/1DBXzTR,https://i.pinimg.com/originals/8e/ec/d7/8eecd73f2cca73ee83ebaabdad3de0e4.png,1024,1536,0,2026-09-20
2026-10-05,home office pequeno,576390452338975299,30,6,0,,,,https://i.pinimg.com/originals/96/d7/8a/96d78a8d45ac3361b6c659f219d409fa.png,941,1672,0,2026-09-29
2026-10-05,home office pequeno,Ad4AYn1vrCOQUdSjHNoT5gX98GTWYs1AcMOyoX3L4IKm0NX074VdyDYRVL3VQYR963JS5j8-_Da23fWQtPtkwcg,31,1,0,Temu | 59'' Farmhouse,temu.com,https://www.temu.com/ul/kuiper/un3.html?subj=dpa-un&_bg_fs=1&_p_jump_id=1082&_x_vst_scene=adg&goods_id=606278051025193&adg_ctx=a-55e63507~c-f2504cd0&_p_rfs=1&_x_ads_channel=pinterest&_x_ads_creative_id=%7Bproduct_partition_id%7D&_x_ads_id=%7Badgroupid%7D&_x_ads_set=%7Bcampaignid%7D&_x_ads_sub_channel=shopping&_x_ns_catalog_id=1567707391772&_x_ns_creative=%7Badid%7D&_x_ns_gid=606278051025193&_x_ns_,https://i.pinimg.com/originals/ca/af/3d/caaf3dbb307c142ed454a96f8e86bf81.jpg,2000,2000,0,2026-06-26
2026-10-05,home office pequeno,1133429431342169435,32,1,0,Small Home Office Organization,amzn.to,https://amzn.to/4h69qGE,https://i.pinimg.com/originals/60/1a/18/601a18902f40a63a9b5d2cf53219a824.png,1024,1536,0,2026-09-19
2026-10-05,home office pequeno,1046312925949965844,33,1,0,Calm Minimalist Workspace with Plants,,,https://i.pinimg.com/originals/4d/e4/a4/4de4a42e01806daa0f6bb9b376d65ca8.png,1024,1536,0,2026-09-19
2026-10-05,home office pequeno,1127096244304230089,34,9,0,🏡✨ Cozy Small Home Office Interior | Modern Workspace 🌿💻,,,https://i.pinimg.com/originals/6b/91/c9/6b91c913d8d1dc74eea4321b04f8b309.jpg,1080,1440,0,2026-09-25
2026-10-05,home office pequeno,345862446407590127,35,14,0,Small Office Corner in Home: A Feminine Desk Glow-Up for Tiny Spaces,,,https://i.pinimg.com/originals/23/b6/b7/23b6b77a62c6b7c43f8066902d2daefa.jpg,768,1376,0,2026-09-28
2026-10-05,home office pequeno,AZNTKRkRNMSXq0fVvKUrGJ9NaABTNDYWpi_c-fEoI0UcfqV2NcIZ875JOWxTYp8Yk7ELXtb2l8-U7uEBnl_KB0E,36,1,0,Temu | Electric Height,temu.com,https://www.temu.com/ul/kuiper/un3.html?subj=dpa-un&_bg_fs=1&_p_jump_id=1082&_x_vst_scene=adg&goods_id=606183310095679&adg_ctx=a-93930dca~c-edfa20cb&_p_rfs=1&_x_ads_channel=pinterest&_x_ads_creative_id=%7Bproduct_partition_id%7D&_x_ads_id=%7Badgroupid%7D&_x_ads_set=%7Bcampaignid%7D&_x_ads_sub_channel=shopping&_x_ns_catalog_id=1567707391772&_x_ns_creative=%7Badid%7D&_x_ns_gid=606183310095679&_x_ns_,https://i.pinimg.com/originals/10/7b/6c/107b6c51bc0a870bca720ee3d987f166.jpg,2000,2000,0,2026-09-11
2026-10-05,home office pequeno,AQ7WKs4wczJff5Jhe2XKBf3n3QAT-Jhphzz78vmliKgwzEF-CH5T8BVYg1yzxu8Dk68VgJbzHFdKpUDv9e13bRE,37,1,0,"Temu | 48"" Computer Desk",temu.com,https://www.temu.com/ul/kuiper/un3.html?subj=dpa-un&_bg_fs=1&_p_jump_id=1082&_x_vst_scene=adg&goods_id=605813657728940&adg_ctx=a-293086a7~c-48cd61a4&_p_rfs=1&_x_ads_channel=pinterest&_x_ads_creative_id=%7Bproduct_partition_id%7D&_x_ads_id=%7Badgroupid%7D&_x_ads_set=%7Bcampaignid%7D&_x_ads_sub_channel=shopping&_x_ns_catalog_id=1567707391772&_x_ns_creative=%7Badid%7D&_x_ns_gid=605813657728940&_x_ns_,https://i.pinimg.com/originals/eb/b6/64/ebb66459911f37fadc9e30468f90d429.jpg,2000,3000,0,2026-08-03
2026-10-05,home office pequeno,AZLuT6N3V1TgZlxDmCKbMkZMmBuYNz5GJcgxOnAfvLblQ07rW3Axa_qBMBgvtIAxKheKGqHvsdoZoCeSD6pRBVs,38,0,0,Penelope Modern Writing,walkeredison.com,https://walkeredison.com/products/penelope-modern-wood-writing-desk?variant=42946083979330,https://i.pinimg.com/originals/76/c6/b6/76c6b64a997eb1ae7aaf767d71965ae8.jpg,920,1200,0,2026-07-25
2026-10-05,home office pequeno,AYbaSzT5FTPoOOvLnjMagDRDvESooDqFTM6-HB77_rIdjchxrXz6wStBvsV98LshJ_5vKMk2OK8d-j3FbsKY584,39,4,0,Solid Wood Dual Monitor,woodartdeal.com,https://woodartdeal.com/products/solid-wood-double-computer-desk-large-panel-gaming-desk-desktop-bedroom-home-office-desk-for-two-multifunctional-study-desk?variant=46741395079426,https://i.pinimg.com/originals/e4/79/cb/e479cb0c95cf4571fd2f586f8b40b285.png,1254,1254,0,2026-05-08
2026-10-05,home office pequeno,662803270212363141,40,2,0,Casa Pequena com Home Office: 10 Ideias para Aproveitar o Espaço,,,https://i.pinimg.com/originals/4a/5e/92/4a5e92e47b0f4144b4be8baeb81e4b80.jpg,1536,2752,0,2026-09-14
2026-10-05,home office pequeno,278097345737243967,41,133,0,Chic Home Office: Cozy Desk Setup Ideas,,,https://i.pinimg.com/originals/35/c1/c4/35c1c4b5ef0e32e20d0e8813925c5aa2.jpg,720,1280,0,2026-09-30
2026-10-05,home office pequeno,20055160841082514,42,754,0,Most homeowners focus on buying the most feature-rich furniture. But that's rarely what makes a workspace feel calm and beautiful. What truly transforms a home office is restraint — knowing exactly wh,,,https://i.pinimg.com/originals/4b/50/f2/4b50f266837258868c03cbf84d636bb2.png,1080,1920,0,2026-09-07
2026-10-05,home office pequeno,88383211434431672,43,47,0,Small Study Corner | Cozy Desk Ideas for Small Spaces,,,https://i.pinimg.com/originals/5d/7f/92/5d7f92d30178e7c2d738157d9034328e.png,1024,1536,0,2026-09-24
2026-10-05,home office pequeno,AVYzZT9jH-GPav0hq6bcRv0YlQo3sH-Pr7z3nyt95PfUprpv332jLehXlz753w-_kIXsK3avpxL6K6THUuAdeX8,44,1,0,Temu | Height Adjustable,temu.com,https://www.temu.com/ul/kuiper/un3.html?subj=dpa-un&_bg_fs=1&_p_jump_id=1082&_x_vst_scene=adg&goods_id=605825401741234&adg_ctx=a-c9181390~c-49adab10&_p_rfs=1&_x_ads_channel=pinterest&_x_ads_creative_id=%7Bproduct_partition_id%7D&_x_ads_id=%7Badgroupid%7D&_x_ads_set=%7Bcampaignid%7D&_x_ads_sub_channel=shopping&_x_ns_catalog_id=1567707391772&_x_ns_creative=%7Badid%7D&_x_ns_gid=605825401741234&_x_ns_,https://i.pinimg.com/originals/74/8e/31/748e319074f4bf595d999dc3a73cc553.jpg,2000,3000,0,2026-08-18
2026-10-05,home office pequeno,1147573548832438194,45,2,0,Chic Autumn Fashion: Cozy Yet Polished,,,https://i.pinimg.com/originals/51/ed/9b/51ed9b7bdbd9340b3a7a5e08365e21ab.png,1024,1536,0,2026-09-23
2026-10-05,home office pequeno,563794447125099788,46,3,0,,simplespaces.net,https://simplespaces.net/wp-content/uploads/home-office-ideas-for-small-spaces-featured-image.jpeg,https://i.pinimg.com/originals/9c/d6/97/9cd697d63b4ba9f37fe5a52aa474e21b.jpg,736,1104,0,2026-09-18
2026-10-05,home office pequeno,330099847713635035,47,32,0,Cozy & Aesthetic Study Room Ideas | Stylish Study Corner,,,https://i.pinimg.com/originals/b1/08/28/b108281a30fd57a8020dd6f34935d571.png,1024,1536,0,2026-09-29
2026-10-05,home office pequeno,362187995058920528,48,6,0,Floating Desk Ideas: Space-Saving Workspaces,,,https://i.pinimg.com/originals/25/fd/ff/25fdfff83db45ab8be29858df3524bc9.jpg,1080,1920,0,2026-09-30
2026-10-05,home office pequeno,15621929953067656,49,121,0,Escritório em Casa Aconchegante: Decoração Clean e Moderna,,,https://i.pinimg.com/originals/2b/1f/27/2b1f27e76a1985bce4f6c849e01481cd.png,941,1672,0,2026-09-24
2026-10-05,home office pequeno,729020258491596535,50,7,0,Small Bedroom Home Office Nook | Warm Aesthetic Desk Setup Ideas for Cozy Apartments,,,https://i.pinimg.com/originals/40/e9/36/40e93626036dff67c9ab23d80cdaf09a.jpg,768,1376,0,2026-09-27
2026-10-05,home office pequeno,295267319347781460,51,15,0,A Wall-Mounted Desk Can Save Valuable Floor Space,,,https://i.pinimg.com/originals/9b/ff/18/9bff18846741b0f38c9f293848a0af1b.png,1024,1536,0,2026-09-28
2026-10-05,home office pequeno,48695239717153811,51,60,0,Aesthetic Desk Setup Ideas for a Productive Space,,,https://i.pinimg.com/originals/f7/e6/c0/f7e6c0b5da6526d76199940bd887b7b1.png,1024,1536,0,2026-09-22
2026-10-05,home office pequeno,Ac2KTgg_A9l5CYfDahXBQvEEmtNxEWcs8TTCvHohNkWXJ0ysnOh4u2u4llWKMKrEukT6VtlBavOTYVVjlwx8QS8,52,171,0,Find cozy living room,kohls.com,https://www.kohls.com/catalog/for-the-home.jsp?CN=Activity:For%20the%20Home&BST=7997545:8278560:7188321:7871634:7690004:3122793:8343467:7827658:8048476:8087519:5529582:8114179&icid=social-paid-pncrsl-trendingcozylivingroomdecor-np-2609wk3-frame1&cid=SO26PDPIN0788&utm_campaign=paid_social&utm_medium=paid_social&utm_source=pinterest&utm_content=2026pdpin788,https://i.pinimg.com/originals/c1/4f/21/c14f210d80acc2930a8abf5a62842e97.png,1080,1920,0,2026-09-15
2026-10-05,home office pequeno,AV_4hs-bkRXQv9MUKgu_qjfQ8xdDN4qPJfqbP8mPUGMDDwjDou98fUmwcjrtt2xA3d_edFJTHkUS76mrUUUZD5Q,53,3,0,Compact Computer Desk for,maoters.com,https://www.maoters.com/product/compact-simple-computer-desk-senior?variant=MTL01305,https://i.pinimg.com/originals/b0/d3/4d/b0d34dbc1209c4e6f75af3ed54a504ed.webp,1000,1000,0,2026-08-07
2026-10-05,home office pequeno,Ad62LW8Cpr395_6SR0lcAlJndScfnmReiChVJpOQ135jMF2M7wTvlzg0YpPiHErv5soy82ZmzfKILlZSjZ0fiTM,54,1,0,Custom Neon Signs - Make,neonsignsnow.com,https://www.neonsignsnow.com/product/neon-light/custom-neon-light,https://i.pinimg.com/originals/6f/02/fd/6f02fd741ca7ea8175a6e0c87028111d.webp,500,500,0,2026-09-15
2026-10-05,home office pequeno,AXvdCo_-kw5jFemSQhuOxFQECsnlw31CRAOQdlxvja5g1Duwj5szGszHaE6D5Kcg1jBYKjzWDrDhkT9hh8g0rQU,55,2,0,Modern Fluted L shaped,hulalahome.com,https://hulalahome.com/products/modern-rotating-home-office-desk?sku=18074986725587843895653185,https://i.pinimg.com/originals/f8/db/92/f8db924814b2e5851c0f8141ba73bcb5.jpg,800,800,0,2026-07-22
2026-10-05,home office pequeno,985231165835480,56,16430,0,,,,https://i.pinimg.com/originals/24/c0/18/24c018dd5d65e3aaae31646aed464bea.jpg,1024,1536,0,2026-08-23
2026-10-05,home office pequeno,1095289571908899409,57,4,0,Small Apartment Desk Nook Idea | Cozy Walnut Home Office with Floating Shelves,,,https://i.pinimg.com/originals/d7/a3/81/d7a381081d11dc24f549dfe9239036b7.jpg,768,1376,0,2026-09-28
2026-10-05,home office pequeno,AcDf-BB-5_vN6XdVLkTlP-H8oLJ0dxOVl6meM5uWZNecIWFR_7s12fy4YMLdK8g72RrdQkb1Q_QdE22gOkB39Pk,58,1,0,Fall/Winter 2026:,maidenhome.com,https://maidenhome.com/collections/fall-winter-2026,https://i.pinimg.com/originals/d8/c1/a2/d8c1a28ba2a804f3fb76293c6ee47d8a.jpg,1080,1620,0,2026-09-11
2026-10-05,home office pequeno,215961744628441965,59,43,0,Cozy Study Corner Ideas for a Warm & Productive Workspace,,,https://i.pinimg.com/originals/1a/da/9a/1ada9a12effe7603b224fa08abc3d614.png,1024,1536,0,2026-09-23
2026-10-05,home office pequeno,AUDSQc7ysZrVhS02c3ztDcxcE3sDYUy5gdzLYoK9qVhKwFXh_RYqfmy_Ne13MUB_QSbEHSx4sr8sX0dkz5LZ9d0,60,38,0,Sunlit Japandi Floor,zonlihome.com,https://www.zonlihome.com/products/futon-mattress,https://i.pinimg.com/originals/37/6f/9c/376f9c19c37899d9896d716a39034c8f.png,1000,1500,0,2026-08-10
2026-10-05,home office pequeno,102175485294898288,61,1,0,Um cantinho de home office simples que deixa a casa mais aconchegante 🤎,mercadolivre.com.br,https://www.mercadolivre.com.br/social/soj7566659?matt_word=soj7566659&matt_tool=76759467&forceInApp=true&ref=BDUvDbA9G/Ms2RIJku0ZXz6ZtbGcRxLbGEKjHVX9TzzWyxnAuc7apep1nBufgPj6too13FGU6%2B0eq8HGezLpdT8uvMHJB459NxUfK1faRfGIfZjFLe/qFY4sI6Zy3NDLdCWKxbLtW4AEXCXciwTsnJFkpxMuP85lBaffcLqZ4a1CxUguSnoVOOJ1iEiimzAdQi5aAA%3D%3D,https://i.pinimg.com/originals/36/c6/81/36c681233be31e6db1161d59fa82b286.png,1024,1536,0,2026-09-15
2026-10-05,home office pequeno,AWN5BIzal8UYTXQZCW7H3XbFGQyL08G4pHIXJUh1rCOxVCD9ifSXG4o3LJuOm1e-hNlparpD2TCB3SUr_pKWW9s,62,124,0,Instant Room Makeover |,homedesigns.ai,https://homedesigns.ai/,https://i.pinimg.com/originals/e4/01/bd/e401bd5ac98a0e10776a4a583df309e9.jpg,736,1308,0,2026-05-21
2026-10-05,home office pequeno,14566398795079594,63,303,0,Modern Balcony Office Ideas,,,https://i.pinimg.com/originals/0f/ab/47/0fab47c37eee5327ca2c499068c88e71.jpg,810,1440,0,2026-09-28
2026-10-05,home office pequeno,6544361955476295,64,316,0,Cozy Small Apartment Home Office Ideas for a Productive Workspace,,,https://i.pinimg.com/originals/fa/2a/ad/fa2aad5d91298685bd218b202a46e6a9.png,1024,1536,0,2026-08-18
2026-10-05,home office pequeno,81487074503832143,65,164,0,,,,https://i.pinimg.com/originals/ce/84/c0/ce84c04050a413c89eb888e1c0c93ee2.jpg,1080,1920,0,2026-09-29
2026-10-05,home office pequeno,5418462047973848,66,1137,0,Small Balcony Office Ideas for a Productive Home Workspace,,,https://i.pinimg.com/originals/ea/3e/89/ea3e893f5363cd2763f0a3e52e0cbcca.jpg,1080,1920,0,2026-09-08
2026-10-05,home office pequeno,43558321392834402,67,30,0,Small Space Modern Farmhouse Home Office Nook,,,https://i.pinimg.com/originals/5d/d6/8f/5dd68f535db0f13f6f11e2bc395a9899.png,1024,1536,0,2026-09-27
2026-10-05,home office pequeno,1029213321116090796,68,16,0,Home Office Ideas For Small Spaces: 15+ Stunning,memorycreator.net,https://memorycreator.net/home-office-ideas-for-small-spaces/?utm_source=Pinterest&utm_medium=organic,https://i.pinimg.com/originals/51/a8/10/51a8108b9dd20edabd259f414bd6e94f.webp,1080,1350,0,2026-09-22
2026-10-05,home office pequeno,505951339411877963,69,2,0,Prateleiras Suspensas | Home Office | Natal 2026 | Decoração de Natal Fácil | Natal 2026 Tendência,s.shopee.com.br,https://s.shopee.com.br/AAHMn6xZ9m?channel_type=pinterest,https://i.pinimg.com/originals/99/0f/43/990f43afc51662ac68f92dce240d424e.png,1000,1500,0,2026-09-30
2026-10-05,home office pequeno,25755029115031322,70,6,0,Small Space Modern Farmhouse Home Office Nook,,,https://i.pinimg.com/originals/ee/f8/5a/eef85a049729c9abc9c082b6fde1f84c.png,1024,1536,0,2026-09-25
2026-10-05,home office pequeno,1137510818413391321,71,1,0,Corner Study Place Ideas: Best Amazon Study Desk Essentials for a Cozy & Productive Workspace,,,https://i.pinimg.com/originals/d6/11/06/d611064dc786fc3484826e718d0c7048.png,941,1672,0,2026-09-14
2026-10-05,home office pequeno,301600506318882093,72,3,0,Small Space Storage Ideas: Use Your Walls to Free Up Floor Space,havenhomefinds.my.canva.site,https://havenhomefinds.my.canva.site/small-space-big-style,https://i.pinimg.com/originals/05/97/85/05978567081ecbdf6afbaa147a00164a.png,1000,1500,0,2026-09-27
2026-10-05,home office pequeno,419045940349705292,73,20,0,Cozy Home Office Ideas | Warm & Aesthetic Workspace Inspiration,amzn.to,https://amzn.to/3SQh1RU,https://i.pinimg.com/originals/29/94/31/29943104468d63782c118c099dda5e7a.png,1024,1536,0,2026-09-30
2026-10-05,home office pequeno,322570392081812670,74,10,0,Small Home Office Ideas for Cozy Desk Nooks,,,https://i.pinimg.com/originals/e0/c5/4f/e0c54f531b2bf8b364ec0c3428eb2912.png,1000,1500,0,2026-09-19
2026-10-05,home office pequeno,547891110939230774,75,17,0,Cozy Desk Setup with Plants and Bookshelf,,,https://i.pinimg.com/originals/53/b5/da/53b5da7a2cc8eb066f88f5d356623447.png,1023,1537,0,2026-09-28
2026-10-05,receitas fitness,1127025875543899636,1,4,0,Panqueca Fit de Blueberries | Café da Manhã Saudável 🫐🥞,,,https://i.pinimg.com/originals/41/f1/58/41f158835784f39afeac304b2fa3c9c4.png,1024,1536,0,2026-09-17
2026-10-05,receitas fitness,108790147245231433,2,87,0,"Mousse Fit de Limão: Receita Saudável, Cremosa e Fácil 🍋",fitrecipeflow.lovable.app,https://fitrecipeflow.lovable.app/,https://i.pinimg.com/originals/6f/e7/00/6fe700c81363839a357d89c4056d9d2d.png,1024,1536,0,2026-09-27
2026-10-05,receitas fitness,205195326769193112,3,30,0,Bolo de Banana com Aveia: Receita Saudável e Fofinha,,,https://i.pinimg.com/originals/b2/75/86/b27586112acd8f3a5bc9e77e89f00c90.png,1024,1536,0,2026-09-29
2026-10-05,receitas fitness,774124931703870,4,1519,0,,,,https://i.pinimg.com/originals/d8/c1/d7/d8c1d7c2a3bda039ab5313685550e455.jpg,720,872,0,2026-05-03
2026-10-05,receitas fitness,572872015128090951,5,11,0,🍌 Bolo de Banana Fit com Cacau e Aveia 🍫,,,https://i.pinimg.com/originals/92/67/f8/9267f8c7e2d37215e84be48fdffe2478.png,1024,1536,0,2026-09-30
2026-10-05,receitas fitness,82612974412824959,6,7,0,Receita fitness | Receita de Bolo de banana | Bolo sem Açúcar,s.shopee.com.br,https://s.shopee.com.br/4Vd2ouzum5?channel_type=pinterest,https://i.pinimg.com/originals/7f/56/5f/7f565f015635c720e61abeb26b6c929e.png,1024,1536,0,2026-09-24
2026-10-05,receitas fitness,80431543341330061,7,408,0,,,,https://i.pinimg.com/originals/e0/75/fb/e075fb2d4ab4691c12c7958dd8b7c2d6.jpg,736,981,0,2026-04-07
2026-10-05,receitas fitness,1266706142123613,8,1777,0,,,,https://i.pinimg.com/originals/75/cf/20/75cf20c3ef23b4ae1ce5c34e8ff59c00.png,1024,1536,0,2026-06-10
2026-10-05,receitas fitness,4011087182004047,9,1772,0,,,,https://i.pinimg.com/originals/c0/86/bf/c086bf50b78f26acd9e9d1e4ec8d3ed9.jpg,1080,1920,0,2026-07-12
2026-10-05,receitas fitness,370913719337851251,10,23,0,,,,https://i.pinimg.com/originals/53/2c/c8/532cc855dc5f6489a2f040f0973b1b05.jpg,896,1344,0,2026-08-16
2026-10-05,receitas fitness,579486677100087176,11,74,0,ALMOÇO FIT,s.shopee.com.br,https://s.shopee.com.br/2B7pqDeVMD?channel_type=pinterest,https://i.pinimg.com/originals/46/97/0d/46970d35b8d60a9f5650117bc6459e30.jpg,736,1308,0,2026-09-27
2026-10-05,receitas fitness,34058540927892974,12,874,0,"Sorvete Fit de Morango com Iogurte Quem disse que alimentação saudável não pode ter sobremesa? 😍 Essa receita é refrescante, cremosa e feita com ingredientes simples. ✨ **Você vai precisar de:** 🍓 2 x",,,https://i.pinimg.com/originals/8f/77/0b/8f770b17f0e2ad00b37f9436fde23cdf.png,1024,1536,0,2026-09-10
2026-10-05,receitas fitness,2251868559601317,13,1267,0,,,,https://i.pinimg.com/originals/12/65/8f/12658f35c1463726f387ed46545f37d2.jpg,736,920,0,2026-08-03
2026-10-05,receitas fitness,43910165113397016,14,296,0,,panelinhadesabores.blogspot.com,https://panelinhadesabores.blogspot.com/2023/07/salada-de-atum-nutritiva.html?m=1,https://i.pinimg.com/originals/71/c6/16/71c6168f206cf422f7a49838d7ef150e.jpg,3024,4032,0,2026-07-31
2026-10-05,receitas fitness,4081455908157786,15,14229,0,,,,https://i.pinimg.com/originals/35/33/57/3533576e92191279c6bb4cb541a84d7d.jpg,900,1200,0,2026-07-01
2026-10-05,receitas fitness,7459155630600006,16,3700,0,"Poorandhungry - Grilled Chicken & Avocado Salad Bowl 🥑 A fresh, protein-packed bowl for a satisfying and healthy meal! 📝 Ingredients: 1 grilled chicken breast, sliced 2 cups romaine or mixed greens ½ ",,,https://i.pinimg.com/originals/63/5b/e9/635be93d9887a1cc3a961eb2b0d6551c.jpg,928,1232,0,2026-04-19
2026-10-05,receitas fitness,11681280281093909,17,3389,0,,,,https://i.pinimg.com/originals/d8/cd/02/d8cd02f8c4b7145b1b38192076b981f5.jpg,563,857,0,2026-09-22
2026-10-05,receitas fitness,2181499817703668,18,2261,0,Receitas Saudáveis | Receitas Faceis | Receitas Rápidas | Receitas Fitness,,,https://i.pinimg.com/originals/92/b4/8b/92b48b64ac3b1c008fd4049df6197a5d.jpg,736,1104,0,2026-08-25
2026-10-05,receitas fitness,520447300715300899,19,17,0,"🥥 Bolo de Coco Fit: simples, gostoso e fácil de fazer",leveexpress.com.br,https://www.leveexpress.com.br/500-receitas-fit,https://i.pinimg.com/originals/78/43/79/78437972b2b3e86de716debb330aee59.png,1024,1536,0,2026-09-25
2026-10-05,receitas fitness,633387444484791,20,2080,0,,,,https://i.pinimg.com/originals/d2/68/85/d2688558b08d33a218cf03f09adcf1c4.jpg,1080,1901,0,2026-04-14
2026-10-05,receitas fitness,8725793025885769,21,12865,0,@gabi.correac,,,https://i.pinimg.com/originals/f4/81/f9/f481f9d290cab04fcbf9bfca59b0bcd1.jpg,1080,1920,0,2026-04-17
2026-10-05,receitas fitness,371476669290568352,22,59,0,🌯 Wrap de Frango Cremoso,,,https://i.pinimg.com/originals/27/b5/79/27b5798173cde0a2a4150ed912e3873e.png,1024,1536,0,2026-08-27
2026-10-05,receitas fitness,308004062038788516,23,34,0,Segue para mais dicas!,,,https://i.pinimg.com/originals/15/08/b1/1508b1d483b7557fae0bf40f26b517fd.png,1024,1536,0,2026-09-27
2026-10-05,receitas fitness,774124932061212,24,248,0,"☕ Pudim de Café Fit, cremoso",,,https://i.pinimg.com/originals/6c/0d/d9/6c0dd97ffdb23435e7fe04dd3a2d718f.png,941,1672,0,2026-09-24
2026-10-05,receitas fitness,1019783909365986466,25,75,0,Delícias Fit para Nutrir Corpo e Alma,pay.kiwify.com.br,https://pay.kiwify.com.br/q50nq3a?afid=lG81NhhH,https://i.pinimg.com/originals/e8/12/73/e812731aefcf640b42e93b87884efb1f.jpg,675,1200,0,2024-07-24
2026-10-05,receitas fitness,68750453820,26,5617,0,Healthy habits tracker intentional living,,,https://i.pinimg.com/originals/fe/05/e0/fe05e0376964f86314398defee234f3a.jpg,1080,1920,0,2026-09-29
2026-10-05,receitas fitness,281543727263038,27,869,0,alimentação saudável fitness frutas verduras,,,https://i.pinimg.com/originals/ff/68/24/ff6824b024121bf415a4b5f5a7e7cfa3.jpg,675,1200,0,2026-09-29
2026-10-05,receitas fitness,10203536650823237,28,3325,0,Healthy food,,,https://i.pinimg.com/originals/4e/18/d6/4e18d6d38db648c292ec599b502c2da3.jpg,675,1200,0,2025-01-06
2026-10-05,receitas fitness,17732992279326442,29,291,0,,,,https://i.pinimg.com/originals/b4/ed/47/b4ed4716e8847f15bc38cf96ca3d880f.jpg,1080,1350,0,2026-09-20
2026-10-05,receitas fitness,68744851055,30,7525,0,,,,https://i.pinimg.com/originals/c7/54/e8/c754e84704ef0a55b24e8436657f9444.jpg,750,1190,0,2022-07-27
2026-10-05,receitas fitness,633387444412781,31,3879,0,🌿 Emagrecendo com Sabor: Empadinha Fit de Frango! 🍗✨,sabor-saude.hotmart.host,https://sabor-saude.hotmart.host/sabor-e-saude-95c877d2-9e64-4215-bcd0-a18af5129f18,https://i.pinimg.com/originals/bd/9e/7f/bd9e7f0570ddd47bd78da2e78df654af.png,720,1280,0,2026-03-18
2026-10-05,receitas fitness,2814818512746837,32,2297,0,,,,https://i.pinimg.com/originals/fa/44/63/fa44633891b28216f4c0fc5339cda7b9.jpg,1091,1281,0,2025-12-29
2026-10-05,receitas fitness,13581236385241625,33,478,0,,,,https://i.pinimg.com/originals/e2/71/bd/e271bd512777684c335a149695683b27.jpg,720,1127,0,2026-01-15
2026-10-05,receitas fitness,85709199155923732,34,129,0,"Quer comer bem sem passar horas na cozinha? 😍 Separei 4 receitas saudáveis, fáceis, econômicas e deliciosas que vão transformar sua alimentação: 🥪 Sanduíche Natural de Frango Cremoso 🥘 Jantar Rápido c",instagram.com,https://www.instagram.com/reel/DawHHLmgZxm/,https://i.pinimg.com/originals/7b/8b/fb/7b8bfb972b60a4304f76895b195d3430.jpg,640,1136,0,2026-09-05
2026-10-05,receitas fitness,13159023906889883,35,55,0,✨,,,https://i.pinimg.com/originals/a4/15/99/a41599bfc0340d9594036498df57b63a.jpg,1776,2364,0,2026-09-09
2026-10-05,receitas fitness,17451517303879206,36,366,0,Muffin Fitness de 3 Ingredientes,go.hotmart.com,https://go.hotmart.com/U97361282B,https://i.pinimg.com/originals/bb/3c/86/bb3c8627967d023a0639bf537568f494.png,1024,1536,0,2026-09-06
2026-10-05,receitas fitness,3166662233219362,37,3911,0,Receitas fit,,,https://i.pinimg.com/originals/3f/1d/3b/3f1d3be38cb268bedd5d51b7d22d429d.jpg,1080,1920,0,2025-10-16
2026-10-05,receitas fitness,298574650324118372,38,56,0,mouse fitnes,,,https://i.pinimg.com/originals/0a/a7/8f/0aa78f9b4d9271462f0ae5d57eb8cf03.jpg,1080,1920,0,2026-09-22
2026-10-05,receitas fitness,6403624466801994,39,5494,0,,,,https://i.pinimg.com/originals/ec/d1/25/ecd125e91c012c9d19edd9d941ceb37d.jpg,736,981,0,2026-06-26
2026-10-05,receitas fitness,1125968743961259,40,5426,0,,facebook.com,https://www.facebook.com/share/1DJW54QFBK/,https://i.pinimg.com/originals/af/ec/1e/afec1efc8144dd9ab2b25c5602b678bd.jpg,600,900,0,2026-09-19
2026-10-05,receitas fitness,298715387808314817,41,112,0,4 Mousses Fitness Fáceis e Deliciosos para Matar a Vontade de Doce 🍓🍫,go.hotmart.com,https://go.hotmart.com/R106476619S,https://i.pinimg.com/originals/e9/97/ce/e997ce24c3374f8ebd5f7f9cbd397b4c.png,941,1672,0,2026-09-26
2026-10-05,receitas fitness,34832597116963243,42,49,0,Lanches Saudáveis | Alimentação Saudável,s.shopee.com.br,https://s.shopee.com.br/1BMF1rofEp?channel_type=pinterest,https://i.pinimg.com/originals/39/81/87/39818708841db6ad9e2f68519cda5229.png,940,1672,0,2026-09-27
2026-10-05,receitas fitness,585608757842348142,43,503,0,lanche saudavel,,,https://i.pinimg.com/originals/e4/7b/17/e47b176dfda0540ef8bc5e148f2025e6.jpg,736,1104,0,2026-09-04
2026-10-05,receitas fitness,6333255725163315,44,1552,0,🥑 Keto Avocado Chicken Salad Wraps,medium.com,https://medium.com/@ketorecipes_01/keto-avocado-chicken-salad-wraps-14144a6c6767,https://i.pinimg.com/originals/df/d2/8c/dfd28ca3f36a522e6c2c654d45ba4bd4.jpg,720,900,0,2026-06-19
2026-10-05,receitas fitness,11681280281064850,46,627,0,Opção de almoço saudável,,,https://i.pinimg.com/originals/09/f6/c1/09f6c174432b08dfea9825665cdbc930.jpg,1080,1920,0,2026-09-11
2026-10-05,receitas fitness,68749841589,47,5179,0,,,,https://i.pinimg.com/originals/73/ba/da/73bada95893f5983a7d5dad77c97683c.jpg,736,1308,0,2026-02-27
2026-10-05,receitas fitness,122863896090083145,48,32,0,Panqueca de Banana com Aveia,meli.la,https://meli.la/21Y3DwZ,https://i.pinimg.com/originals/b2/aa/6e/b2aa6e7044e7a0ba5ccf9e3fde2e1421.jpg,768,1365,0,2026-09-21
2026-10-05,receitas fitness,AfhHHXB6b84nhu7XswJ7Hv6uCzw61vfJWZ2nSb6JE5nT7lfsZQGDgBDBIapvi_H7NwT_awoEnISoU7MU373i5Ns,51,0,0,Green Dream Smoothie with,ediblearrangements.com,https://www.ediblearrangements.com/fruit-gifts/green-dream-smoothie-with-matcha-10407,https://i.pinimg.com/originals/1f/06/78/1f0678fe2e14606641425e096ded4ff6.jpg,1248,1824,0,2026-08-07
2026-10-05,receitas fitness,AXKOhcjSfk-SIpCCfn7M1rOPUNKqBeE_6vBdmGmS-Saqalg-zjfn1xEuM7RZSbt80cpTsVvOSMN0VEduE7ugse8,52,1,0,Check GoodRx,goodrx.com,https://www.goodrx.com/,https://i.pinimg.com/originals/15/e7/bf/15e7bfb20c082e1941e80c25101f5c93.png,1080,1920,0,2026-09-16
2026-10-05,receitas fitness,AbJ1UnsWb-slZbsLBbauNtbZmarNuemY0_PdsndOzg0_9L1wePL2bdKMqDTrfHLTsbWYZxLLto1C-B4rw0wN1Og,53,1712,0,Healthy Breakfast Bowls,athleticlift.com,https://athleticlift.com/high-protein-breakfast-bowls-plates/,https://i.pinimg.com/originals/a4/b8/67/a4b867b2684c7567ed65487d9a07d091.png,887,1774,0,2026-06-27
2026-10-05,receitas fitness,30610472461669077,54,6495,0,Healthy Chicken Rice Bowl with Fresh Veggies,,,https://i.pinimg.com/originals/7b/b2/a0/7bb2a03e1fcf532d89970829d50ea98e.jpg,736,1104,0,2025-04-28
2026-10-05,receitas fitness,34058540927847195,55,256,0,"Clean eating is all about enjoying whole, natural foods that nourish your body, and a buffalo chicken wrap can fit right into this lifestyle with a few simple tweaks. Imagine a wrap filled with spicy,",,,https://i.pinimg.com/originals/c4/02/bd/c402bdf02b68bcb882b9f30bb5a6da5c.jpg,736,920,0,2026-08-25
2026-10-05,receitas fitness,AZn0qF23Iv4BSmGYg-gtLFziLDJhS_h5xNP5jgy9PHDlaeYP41sm4KOObyUwNxv5YUVWiijYrbfsFKSwH-LFmcc,56,2608,0,Probiotic Sweet Potato,lifewaykefir.com,https://lifewaykefir.com/recipes/probiotic-sweet-potato-protein-bowl/,https://i.pinimg.com/originals/02/27/5c/02275cacd643cee98f8eae8060477a3c.png,1000,1500,0,2025-05-02
2026-10-05,receitas fitness,Ae7g3AXdSYWfXeIVWbI9sNDtKKZMZroG_Fv29f14A9q1m_7QNq9l1M9z_Jm529ZRubBa3lGXQMe1g4fijYQHn2c,57,1,0,28 High-Protein,homeviable.com,https://homeviable.com/high-protein-breakfasts-that-arent-eggs/,https://i.pinimg.com/originals/23/09/6c/23096ccd435814a95ee42c8acf731502.png,887,1774,0,2026-05-15
2026-10-05,receitas fitness,AcmQO0P6zeGEnocZJZ3RQdtk99Au5GeAzWr2Sf9DxmlAF6zWkt1uawL0BMjIO5jvHlnixnaRVwfvDjIx7qYMvWs,58,2,0,Easy Immune Boosting,onedegreeorganics.com,https://onedegreeorganics.com/wp-content/uploads/2026/07/ODO-Ebook-Superfood-Summer-Smoothie-2026.pdf,https://i.pinimg.com/originals/d4/ac/ea/d4aceaa2b456d0079ccf67b1e33de7eb.jpg,1080,1921,0,2026-07-14
2026-10-05,receitas fitness,371476669290798224,59,39,0,Omelete Fit de Frango e Legumes: Receita Saudável e Fácil 🍳🥗,,,https://i.pinimg.com/originals/8d/7a/6d/8d7a6d51c88007619eac6bf988ee38c7.png,941,1672,0,2026-09-26
2026-10-05,receitas fitness,AeI4rw-B6CqNSBwRR2DtdkTJZa4u9rw7lzmOQDuWWzN6b9CENLoTaI4ctgMehn-mKJyoq900FimW6OayfoHdTtk,60,23,0,High Protein & Airfryer -,amazon.com,https://www.amazon.com/High-Protein-Airfryer-Lifestyle-Breakfasts/dp/B0DYYFP44B?ref_=pinterest_fplfs,https://i.pinimg.com/originals/1a/d2/55/1ad2551d204a47aac77ad9a7c8855642.jpg,1000,1499,0,2025-10-20
2026-10-05,receitas fitness,3377768469451146,61,2191,0,High Protein Burger Bowl Recipe: Low Carb & Delicious Meal Idea,payhip.com,https://payhip.com/LiamAnderson/blog/news/high-protein-meals-for-people-who-hate-boring-food?high-protein-burger-bowl-recipe-low-carb-and-delicious-meal-idea,https://i.pinimg.com/originals/14/91/be/1491be20494ce9f202aaa5e9bb670fbe.png,928,1232,0,2026-09-22
2026-10-05,receitas fitness,112308584464965683,62,122,0,Como fazer jantinha fit na frigideira com batata e frango,500cardapiosflexivel.netlify.app,https://500cardapiosflexivel.netlify.app/,https://i.pinimg.com/originals/ae/8c/b8/ae8cb8517cd32cfc5e34b9ec963f203a.jpg,1080,1440,0,2026-07-02
2026-10-05,receitas fitness,AVumeL5jHI2oN8aLMIBrx5JBJ-c8y-Jj-jGq_y-UOJbn1khlMf73r2irLCm7qz8Eh44CMjNn5bl8a5tmUzb2pT0,63,229,0,Minced Chicken and Quinoa,stroller-envy.com,https://stroller-envy.com/minced-chicken-recipes/#wprm-recipe-container-64147,https://i.pinimg.com/originals/8d/c7/4e/8dc74e457aedd7254d778d7546250466.png,2000,3556,0,2026-05-27
2026-10-05,receitas fitness,Acgv-zo81b6vImx2BzyPIup7cYmv9L0lL35_GSe5lnvr-rsUbEqnTvFmjiojIC-zPbUB8bVZd4ItQV4UXr0s7GQ,64,1,0,Protein Breakfasts Made,amazon.com,https://www.amazon.com/Protein-Breakfasts-Delicious-Recipes-Strong-ebook/dp/B0C2D425XZ?ref_=pinterest_fplfs,https://i.pinimg.com/originals/e5/0e/50/e50e500161141655d03e756251edbe9b.jpg,1600,2560,0,2026-03-24
2026-10-05,receitas fitness,AbSEB3OX_kigfiPOa6SkdSbziulahEYnKTJ5Y0994Ge3q4mt4iyEyWNXDWnd9ekJEKKHkB3bLuYBxOOcTszW6F8,65,21,0,FixtureDisplays Snow Cone,wayfair.com,https://www.wayfair.com/FixtureDisplays--FixtureDisplays-Snow-Cone-Syrup-877PIT004253-L971-K~FXTU7662.html,https://i.pinimg.com/originals/f8/52/63/f852632a8806d3bbfa7915fcdbe42223.jpg,400,400,0,2026-03-25
2026-10-05,receitas fitness,11751649024118764,66,249,0,Prato saudável e colorido,,,https://i.pinimg.com/originals/5c/2a/db/5c2adb68143093dca9d384a8eebbe912.jpg,1080,1920,0,2026-09-19
2026-10-05,receitas fitness,AUQLaQaQbY979BIK0fX3YhWVgte5IguwnEiHHDeygNS7njODmk6hnTU7ck-HcD6K85R49xJ8oLxDYAEAkSte1qw,67,0,0,50 COTTAGE CHEESE BOWL,amazon.com,https://www.amazon.com/COTTAGE-CHEESE-BOWL-RECIPES-BREAKFAST/dp/B0F8VHSPRR?ref_=pinterest_fplfs,https://i.pinimg.com/originals/2b/21/8f/2b218fcf96f672fcb384d762e1569a01.png,1000,1293,0,2025-10-25
2026-10-05,receitas fitness,633387444713540,68,44125,0,,,,https://i.pinimg.com/originals/70/4c/1f/704c1ff69264a2a908672457503894ef.jpg,1137,1363,0,2026-07-16
2026-10-05,receitas fitness,AV5aqlBkQ06W8XdsOROxm0jzv9ehsdMmrKLHuflCMF3g0qRG81Ftqs2IP3tU2VMGwbQY6VIY1mRe2qIgMuoQEG4,69,3,0,How To Make Your,silverhillsbakery.ca,https://silverhillsbakery.ca/how-to-make-your-breakfast-more-filling/?utm_source=pinterest&utm_medium=social&utm_campaign=always_on&utm_content=sept-bulk,https://i.pinimg.com/originals/c5/3e/b7/c53eb7a27fe0857078cd74142120b806.jpg,1000,1500,0,2023-09-26
2026-10-05,receitas fitness,6333255725366472,70,1238,0,,facebook.com,https://www.facebook.com/share/p/1MmUnfXRPG/,https://i.pinimg.com/originals/51/c2/98/51c298a47cd6e56ab5aa7e52e770e289.jpg,600,900,0,2026-09-12
2026-10-05,receitas fitness,AVRE607C5vFk_lucfyfrFok2sH6PId2YoImS-E2bKV8vpugAZ3gPMmMnbPJkECsciYeojFbyYgoAhdRhs2YCGiU,71,0,0,Quick & Healthy Quinoa,amazon.com,https://www.amazon.com/Quick-Healthy-Quinoa-Recipes-Vegetarian/dp/B098GYT5WV?ref_=pinterest_fplfs,https://i.pinimg.com/originals/38/1c/6e/381c6e0744aff380b62f6fb61681ae11.png,1000,1500,0,2026-04-18
2026-10-05,receitas fitness,AZm75x9iJ-mgmBqLH_15xOe4tuZ5K1DFllgg0rCJtIP1Mm4QB10pGeORQLTrwJvqOkFF-dx_trmePZEk-12Lpgc,72,9,0,Temu | High Protein Wrap,temu.com,https://www.temu.com/ul/kuiper/un3.html?subj=dpa-un&_bg_fs=1&_p_jump_id=1082&_x_vst_scene=adg&goods_id=605989214508243&adg_ctx=a-ed3d8f97~c-168f3869&_p_rfs=1&_x_ads_channel=pinterest&_x_ads_creative_id=%7Bproduct_partition_id%7D&_x_ads_id=%7Badgroupid%7D&_x_ads_set=%7Bcampaignid%7D&_x_ads_sub_channel=shopping&_x_ns_catalog_id=1567707391772&_x_ns_creative=%7Badid%7D&_x_ns_product_id=97271949612858&,https://i.pinimg.com/originals/07/61/9e/07619e20bd0f01737f68090738772779.jpg,2000,3000,0,2026-08-11
2026-10-05,receitas fitness,14918242512745839,73,47,0,,facebook.com,https://www.facebook.com/share/p/19MYeeBwBy/,https://i.pinimg.com/originals/74/bf/ac/74bfacd92f685cf92dcd57756e915603.jpg,600,750,0,2026-09-30
2026-10-05,receitas fitness,ASYKVXOnV7t8pG7t9ljTTsl0hdscbu0y5Y2Ijc42AoiSrv3oP8iputROA_Q3Yw48oqvWJpGhBfK4fcM-GzcTb_g,74,1,0,Nutrir: Receitas simples,amazon.com,https://www.amazon.com/Nutrir-Receitas-simples-para-corpo/dp/6557123963?ref_=pinterest_fplfs,https://i.pinimg.com/originals/5e/4a/03/5e4a03b96c4be3f623b9c3ed6a646547.jpg,1919,2560,0,2026-09-04
2026-10-05,receitas fitness,AW1uL0JoQ7QYSyfwikUBHViuKl4F1yhsZ5FtMGMPQZlKptOUhqj9yNRx7bM7QMXRrerY_48f1GjGYlXF_tNCAkE,75,1,0,Temu | Super Easy High,temu.com,https://www.temu.com/ul/kuiper/un3.html?subj=dpa-un&_bg_fs=1&_p_jump_id=1082&_x_vst_scene=adg&goods_id=606240067388738&adg_ctx=a-f2a55417~c-7bb19dc2&_p_rfs=1&_x_ads_channel=pinterest&_x_ads_creative_id=%7Bproduct_partition_id%7D&_x_ads_id=%7Badgroupid%7D&_x_ads_set=%7Bcampaignid%7D&_x_ads_sub_channel=shopping&_x_ns_catalog_id=1567707391772&_x_ns_creative=%7Badid%7D&_x_ns_gid=606240067388738&_x_ns_,https://i.pinimg.com/originals/0b/5c/5c/0b5c5cef463b028ca7b7cf591243d00d.jpg,2000,3000,0,2026-08-31
2026-10-05,receita low carb,68744851055,2,7525,0,,,,https://i.pinimg.com/originals/c7/54/e8/c754e84704ef0a55b24e8436657f9444.jpg,750,1190,0,2022-07-27
2026-10-05,receita low carb,AW_PSRB8pZCAI3b_A7SL91WyLu7d0aBtkIyTsd96oavYwE-TsfDVVa6Rvnd3vQqlevLe6o8iGAuDNiFeY6Lrnog,3,1765,0,Florida Orange Juice,floridacitrus.org,https://www.floridacitrus.org/recipes/florida-orange-juice-pumpkin-soup/?utm_source=pinterest&utm_medium=organic&utm_campaign=orange-juice&utm_content=recipe,https://i.pinimg.com/originals/28/a2/8f/28a28fc992b4224c4f9e37e6a2781d2a.jpg,1080,1920,0,2026-08-25
2026-10-05,receita low carb,563018699498510,4,3941,0,Low Carb Dieta e Receitas,facebook.com,https://www.facebook.com/story.php?story_fbid=pfbid0quLZc7aA9U24mVL5y96sWxyFPUuKRX9MAh9t1vJyaxMCbo791viCBNDJWvJMAVxnl&id=100065213631966&sfns=mo,https://i.pinimg.com/originals/c1/d3/22/c1d322bd1ce5a3b466b7a9b0ff12dd57.jpg,600,900,0,2026-02-22
2026-10-05,receita low carb,ASqLzLp1AZOqIioOYs-jZ3MfJ3d9J60yZsUXktOsHbtYV82u77ka8LZEzQa6Eg_WFkKotW5qY9XM3Aox8p8fSHA,5,229,0,Minced Chicken and Quinoa,stroller-envy.com,https://stroller-envy.com/minced-chicken-recipes/#wprm-recipe-container-64147,https://i.pinimg.com/originals/8d/c7/4e/8dc74e457aedd7254d778d7546250466.png,2000,3556,0,2026-05-27
2026-10-05,receita low carb,3377768469451146,6,2191,0,High Protein Burger Bowl Recipe: Low Carb & Delicious Meal Idea,payhip.com,https://payhip.com/LiamAnderson/blog/news/high-protein-meals-for-people-who-hate-boring-food?high-protein-burger-bowl-recipe-low-carb-and-delicious-meal-idea,https://i.pinimg.com/originals/14/91/be/1491be20494ce9f202aaa5e9bb670fbe.png,928,1232,0,2026-09-22
2026-10-05,receita low carb,1266706142123613,7,1777,0,,,,https://i.pinimg.com/originals/75/cf/20/75cf20c3ef23b4ae1ce5c34e8ff59c00.png,1024,1536,0,2026-06-10
2026-10-05,receita low carb,AaE5Fx1hLnnvJHQkrcnnjC7UmB8tDa2038eFJmepsb8Z0Nzi_fDeG8Letqa3CazwCVAYyBT8JH5ksVzcs8qRpWk,8,16,0,"""Essential Keto Slow",kohls.com,https://www.kohls.com/product/prd-3928107/essential-keto-slow-cooker-cookbook.jsp?skuid=38700353&ci_mcc=ci&utm_campaign=EC%20TEAM%20APPAREL&utm_medium=CSE&utm_source=pinterest&utm_product=93668431&CID=shopping29,https://i.pinimg.com/originals/d7/17/0f/d7170f71ddb758d4f1be720c66963dca.jpg,882,882,0,2026-02-04
2026-10-05,receita low carb,Aak-u3QlRIl6GrFxhSuvouDPhu5bfLe24nJHoXYTcjXF9EPYyLz1kMMQdW0kRBsiA-FvIvE102GSlLfc50ke60o,9,2,0,AIR FRYER LOW CARB,amazon.com,https://www.amazon.com/AIR-FRYER-LOW-CARB-COOKBOOK/dp/B0BSDFR8DS?ref_=pinterest_fplfs,https://i.pinimg.com/originals/98/b6/17/98b6175164b8dbc1589f5f25e4bf9187.jpg,1000,1294,0,2026-05-17
2026-10-05,receita low carb,ARjpYE36aHIEMhyGJaRj_sChROinpRlCLH6dcBkH5KTB23p9TIlwXA01k1Sb9QF05-1_upFQGbry2OjpxphgFiE,10,1824,0,Low Carb Keto Eggplant,momscravings.com,https://momscravings.com/low-carb-keto-eggplant-lasagna/,https://i.pinimg.com/originals/15/02/26/1502261d822ddebadaaa05034ecfe59d.jpg,704,1408,0,2026-04-27
2026-10-05,receita low carb,140806235491752,11,12813,0,"Keto Breakfast Plate 🥑🍳 A low-carb, nutrient-packed breakfast with creamy scrambled eggs, buttery mushrooms, fresh avocado, and vibrant broccoli—a perfect way to start the day! Ingredients: 2 large eg",instagram.com,https://www.instagram.com/p/DG0f_c7olf_/,https://i.pinimg.com/originals/c4/a9/0d/c4a90d8790d2324d3cb6d019fecbe92b.jpg,928,1232,0,2026-09-30
2026-10-05,receita low carb,204632376814547874,12,70,0,,,,https://i.pinimg.com/originals/04/8c/18/048c18330207f931a9fac0dd5a30707b.jpg,1024,1536,0,2026-08-03
2026-10-05,receita low carb,AYxWB4S2XhtNikJqUlnCtWOuWsdAAFBM7M0SRt5s32claWXa3uQivaa4W91CLG7trO48A9QH_ZWmJDfJP3tjAgY,13,0,0,Cocina Keto 100 Recetas:,amazon.com,https://www.amazon.com/Cocina-Keto-100-Recetas-carbohidratos/dp/B0CP6HSZ9M?ref_=pinterest_fplfs,https://i.pinimg.com/originals/c5/c2/76/c5c27691aacc4b4b26745f5f642bdad1.jpg,1000,1499,0,2026-09-04
2026-10-05,receita low carb,AQ1a9DjRfO3l8wxYtt6JerklzfS2bXYQls1pGK4HE5FwhilPhRLly33r8NwdG3ycmklHOuofyYp8L-n_BpUOfWE,14,0,0,Low Carb Yum 5-Ingredient,target.com,https://www.target.com/p/low-carb-yum-5-ingredient-keto-by-lisa-marcaurele-paperback/-/A-94139003?TCID=PDS-%7Bcampaignid%7D-%7Badgroupid%7D,https://i.pinimg.com/originals/a9/47/70/a947708b4457a5fbe12924daa251f9c0.jpg,666,999,0,2025-11-11
2026-10-05,receita low carb,8373949304468743,15,2280,0,(1) Pãezinhos de Cenoura e Grão-de-Bico 😋🫓... - Low Carb Dieta e Receitas | Facebook,facebook.com,https://www.facebook.com/story.php?story_fbid=1152864490230661&id=100065213631966,https://i.pinimg.com/originals/d1/ce/a4/d1cea4ddc55e3a4524954fc71b6593f8.jpg,1024,1536,0,2026-09-02
2026-10-05,receita low carb,798896421385296105,16,4185,0,"Nhoque LOW CARB e sem gluten, de ricota com espinafre! - Monta Encanta",montaencanta.com.br,https://www.montaencanta.com.br/lado-leve-2/low-carb/nhoque-low-carb/,https://i.pinimg.com/originals/50/fa/fc/50fafc30328091f4d5db387ef23d4cb0.jpg,519,1000,0,2019-11-09
2026-10-05,receita low carb,AT9uskMfss2MZJkOB4frTa3MFQk3z-S6yzjSldeaFtpV4Fr-0ar4Lcs2xIwc0QdsYXEmD85DSl7-j4-B0QWFFzI,17,273,0,Creamy Garlic Chicken,bonsaimary.com,https://bonsaimary.com/creamy-garlic-chicken.html,https://i.pinimg.com/originals/34/76/f7/3476f76404e3c1c8051ab37ebe0ccae0.jpg,704,1280,0,2024-11-05
2026-10-05,receita low carb,2674081026747278,18,5744,0,"""Healthy Broccoli Pizza in a Pan – Quick, Low-Carb & Delicious""",tr.ee,https://tr.ee/ooaFIT6p3K,https://i.pinimg.com/originals/30/25/21/302521897afd4b03c40502ee63479c46.jpg,576,1024,1,2026-08-16
2026-10-05,receita low carb,1147995761295424827,19,0,0,"🥪 Pão Low Carb de Frigideira em apenas 10 minutos! Quer uma receita rápida, saudável e deliciosa? Esse pão fica macio, douradinho e é perfeito para o café da manhã ou lanche. ✨ Receita completa no nos",instagram.com,https://www.instagram.com/reel/Dacpr3IMszA/,https://i.pinimg.com/originals/f4/66/f9/f466f940a93e9eae218ebe583d6cc54b.jpg,720,1280,1,2026-09-17
2026-10-05,receita low carb,1618549865519699,20,2466,0,Low Carb Dieta e Receitas,facebook.com,https://www.facebook.com/share/p/1AvLmqcCUr/,https://i.pinimg.com/originals/6f/4e/de/6f4ede2fa26e1119c962b1f2627da441.jpg,600,900,0,2026-09-01
2026-10-05,receita low carb,AXFV-YcxQmplAJyaP04cJ7f8DTmjEp2zRSZIfNdkcc8NC7nWU3sIew9nUdjyqwFPVZLXlQuzUBKkImr7BSP9WOA,21,1,0,"Cravings, Meet Your",bobevansgrocery.com,https://www.bobevansgrocery.com/products/bob-evans-protein-macaroni-and-cheese/?utm_source=pn&utm_medium=feed-stor&utm_campaign=fy27brand&utm_content=proteinmacvideo,https://i.pinimg.com/originals/f7/cc/2f/f7cc2f3affb1e7e8a21d892640ad72ff.jpg,1080,1920,1,2026-09-30
2026-10-05,receita low carb,AUdOEFu2wPlv0lCX0NeXfc2KqgKvaXoVfn7qEYRjKMP4Ir0f1Sm6aSADyl8m2qzV0z38vZFH1hFgPlBAkF7kRE8,22,2,0,Keto Diet Cookbook For,amazon.com,https://www.amazon.com/Keto-Cookbook-Beginners-Easy-Cook/dp/B09RFNM3BZ?ref_=pinterest_fplfs,https://i.pinimg.com/originals/b3/3c/df/b33cdfb8d051991951877ed2b9d448fa.jpg,1000,1294,0,2026-03-03
2026-10-05,receita low carb,1688918606551872,23,2194,0,Mushroom Spinach Scrambled Eggs (10-Minutes),medium.com,https://medium.com/@inuroxumafuni/healthy-spinach-egg-muffins-recipe-88a9981eee42?r=7665939733,https://i.pinimg.com/originals/f6/76/bb/f676bb92beecf448d5c45870b011c416.png,1000,1500,0,2025-09-06
2026-10-05,receita low carb,1196337405339919,24,970,0,,,,https://i.pinimg.com/originals/db/52/83/db5283ff71a1da9d5d935c4e3030c7f8.jpg,1000,1000,0,2026-02-12
2026-10-05,receita low carb,AfJ2vsK7r1sGLdqWfP9zH8UTMLRIoRsQkdQ4wl5Q61cvoaIA9STi8gltc5RzDEYl-Vu3YqoppJFjcziEfmWYfqQ,25,153,0,21 Easy Anti-Inflammatory,mealprepify.com,https://mealprepify.com/anti-inflammatory-meal-prep-recipes/,https://i.pinimg.com/originals/2a/1d/44/2a1d4459bcfe1c4941ae167152b51a61.png,887,1774,0,2026-09-11
2026-10-05,receita low carb,AVtXLFXupWNt6E76olT3zFSt5NBfT5sTEeUpoz8Ik60jAk0PdbP_noDy_Oszfdgtom6kKmDdzNH3zAoJP9F4g-E,26,1,0,THE LAZY KETO BEGINNER: A,amazon.com,https://www.amazon.com/LAZY-KETO-BEGINNER-Ingredients-Complicated/dp/B0HJ83795C?ref_=pinterest_fplfs,https://i.pinimg.com/originals/08/36/69/08366965acdf0b7b36ed83cf304f6fbd.jpg,1000,1499,0,2026-09-15
2026-10-05,receita low carb,422281212813673,27,1529,0,,,,https://i.pinimg.com/originals/8d/19/86/8d19860498c16df034c2420df0526bab.jpg,1024,1460,0,2026-06-05
2026-10-05,receita low carb,1477812375406309,28,328,0,Low - 🥧 Torta de abobrinha com queijo low carb 🧀🥒 Ingredientes ✅ 3 ovos ✅ 1 abobrinha grande ralada ✅ 200 g de creme de leite ✅ 150 g de queijo ralado ✅ 1 colher de chá de fermento ✅ Sal e temperos a ,m.facebook.com,https://m.facebook.com/photo.php?fbid=1322683066582135&set=a.188223913361395,https://i.pinimg.com/originals/70/1e/36/701e367db5d227265db79cd2f863ff63.jpg,1024,1536,0,2026-06-07
2026-10-05,receita low carb,6333255725163315,29,1552,0,🥑 Keto Avocado Chicken Salad Wraps,medium.com,https://medium.com/@ketorecipes_01/keto-avocado-chicken-salad-wraps-14144a6c6767,https://i.pinimg.com/originals/df/d2/8c/dfd28ca3f36a522e6c2c654d45ba4bd4.jpg,720,900,0,2026-06-19
2026-10-05,receita low carb,343751384081931502,30,15,0,Easy Vegetarian Broccoli and Mushroom Stir Fry for a Healthy Dinner,payhip.com,https://payhip.com/SimpleVeggieTable/blog/news/easy-vegetarian-dinners-for-people-who-are-over-it?easy-vegetarian-broccoli-and-mushroom-stir-fry-for-a-healthy-dinner,https://i.pinimg.com/originals/c9/89/31/c9893165a5863e1add02a09bd2c72177.png,1707,2560,0,2026-09-15
2026-10-05,receita low carb,914862422436749,31,2526,0,Simple low carb banana bread,,,https://i.pinimg.com/originals/cf/2c/d8/cf2cd8e426684168173fac0605ad200a.png,1000,1500,0,2026-08-07
2026-10-05,receita low carb,609674868363453309,32,9,0,"Savory Spinach & Feta Egg Muffins: A Quick, Healthy Breakfast Delight!",,,https://i.pinimg.com/originals/a1/38/0a/a1380a9381e5964d02711685e53c38b2.jpg,564,1128,0,2026-06-30
2026-10-05,receita low carb,11470174047784140,33,1890,0,Keto diet foods | Страница пина «Would you try,,,https://i.pinimg.com/originals/82/14/67/82146773fccbfa92ce6d218a515380e9.jpg,640,1136,0,2026-08-28
2026-10-05,receita low carb,422281212748473,34,11858,0,12 receitas de jantar low carb para você não sair da dieta,receiteria.com.br,https://www.receiteria.com.br/receitas-de-jantar-low-carb/,https://i.pinimg.com/originals/46/69/ea/4669eac091436035ad488bfc30e8f42a.png,735,1102,0,2026-05-13
2026-10-05,receita low carb,5488830790940733,35,1481,0,Café da manhã low carb Receita 120 aulas exclusivas sobre marmitas que vão te ensinar a criar marmitas profissionais do Zero ao AVANÇADO de forma e eficiente. Mude sua alimentação e seus hábitos alime,instagram.com,https://www.instagram.com/reel/C7WS1whu4e5/,https://i.pinimg.com/originals/dc/af/ed/dcafeda93ff3f09396c817aabe71eb26.jpg,389,692,1,2024-06-29
2026-10-05,receita low carb,34973334602120433,36,106,0,🍽️ Amazing low carb foods give you the incredible power to transform your health from the inside out. 🥗 Visit our site to generate customized meal plans that even your family will love.,,,https://i.pinimg.com/originals/04/ab/d3/04abd3c7447918e4109562c1d0300edf.webp,1024,1024,0,2026-06-28
2026-10-05,receita low carb,5066618331039702,37,10428,0,,,,https://i.pinimg.com/originals/ff/3c/f1/ff3cf14d3dcb828597c6a97fdcfab373.jpg,736,1472,0,2026-01-01
2026-10-05,receita low carb,243475923601090477,38,160,0,Pizza Lowcarb DIOS MIO... Chi ricetta deliziosa 🤭,,,https://i.pinimg.com/originals/a2/12/8e/a2128ed95b9c5eb6cce80ed6ef7cb727.jpg,1200,2133,0,2026-04-20
2026-10-05,receita low carb,AX23RIHuoWd6APj3cIeVXE2Yl9NwPlOh8YswV33irli4Lrtlk1WdYsaYjIupgV2M02mCZyBWqiYjSLL2AFo7s6k,39,9482,0,Keto Instant Pot,beautyandthefoodie.com,https://beautyandthefoodie.com/instant-pot-keto-smothered-pork-chops/,https://i.pinimg.com/originals/3c/03/de/3c03deee0c22d8c41e7c70c4397fb3a1.png,1080,1920,1,2019-03-19
2026-10-05,receita low carb,2533343539406439,40,580,0,✨lasanha de abobrinha cetogênica✨ Viciei em fazer lasanha fit! Proteína e legumes em uma só refeição deliciosa e que a família toda vai gostar 🤩 Ingredientes: 1 abobrinha em fatias sal (para salgar as,instagram.com,https://www.instagram.com/reel/DXM4z4niN40/,https://i.pinimg.com/originals/e2/dd/3e/e2dd3ebba8feaba3399afe8f594bd638.jpg,640,1136,1,2026-08-30
2026-10-05,receita low carb,AeIRnDvpYgnX2nWZPtYADw7SczLgtV-BC4NyRzha2yPn0cBtO6AtXJLR3Io3oEBbRh1EMnrbxyoBSMgp7kfDpz4,41,0,0,Keto Comfort Food,amazon.com,https://www.amazon.com/Keto-Comfort-Food-Classics-Favorite/dp/1647397154?ref_=pinterest_fplfs,https://i.pinimg.com/originals/c5/28/d0/c528d05bc71491d5a936aaf0bd396e88.jpg,1399,1726,0,2026-09-04
2026-10-05,receita low carb,AXDgGMT2WrIPY-_k6wvqjdFkQCJ6gimk9sUvIIZGL9rYNg5Obq1yCu8nDJxF7zWFrriPdvpXRI4PRHBLvSLQvHk,42,1,0,Temu | Super Easy High,temu.com,https://www.temu.com/ul/kuiper/un3.html?subj=dpa-un&_bg_fs=1&_p_jump_id=1082&_x_vst_scene=adg&goods_id=606240067388738&adg_ctx=a-f2a55417~c-7bb19dc2&_p_rfs=1&_x_ads_channel=pinterest&_x_ads_creative_id=%7Bproduct_partition_id%7D&_x_ads_id=%7Badgroupid%7D&_x_ads_set=%7Bcampaignid%7D&_x_ads_sub_channel=shopping&_x_ns_catalog_id=1567707391772&_x_ns_creative=%7Badid%7D&_x_ns_gid=606240067388738&_x_ns_,https://i.pinimg.com/originals/0b/5c/5c/0b5c5cef463b028ca7b7cf591243d00d.jpg,2000,3000,0,2026-08-31
2026-10-05,receita low carb,12314598978651269,43,409,0,"🥥🍫 BOLO GELADO PRESTÍGIO LOW CARB SEM LACTOSE Parece sobremesa de festa, mas é uma versão mais equilibrada, deliciosa e perfeita para quem busca uma opção low carb sem abrir mão do sabor! Fica cremoso",instagram.com,https://www.instagram.com/p/DaNEef_kyv2/,https://i.pinimg.com/originals/a2/0b/79/a20b7927513d1f044926804edfc6837e.jpg,1122,1402,0,2026-07-17
2026-10-05,receita low carb,3237030979188995,44,954,0,summer dishes -,saucedelights.com,https://saucedelights.com/tag/summer-dishes/,https://i.pinimg.com/originals/5f/1a/99/5f1a9967edbfbe44550b6ebcd72c293a.webp,736,1104,0,2026-07-12
2026-10-05,receita low carb,671317888254178166,45,3,0,Receta keto,,,https://i.pinimg.com/originals/c7/dc/bf/c7dcbf0d82d9940cd0057b710428ca7b.png,1024,1536,0,2026-09-23
2026-10-05,receita low carb,321303754693612673,46,20,0,,facebook.com,https://www.facebook.com/share/p/1CTBojJHaj/,https://i.pinimg.com/originals/5c/f3/a5/5cf3a5b7d999f0401ffb366a3b6863bf.jpg,600,900,0,2026-09-04
2026-10-05,receita low carb,43910165113397016,47,296,0,,panelinhadesabores.blogspot.com,https://panelinhadesabores.blogspot.com/2023/07/salada-de-atum-nutritiva.html?m=1,https://i.pinimg.com/originals/71/c6/16/71c6168f206cf422f7a49838d7ef150e.jpg,3024,4032,0,2026-07-31
2026-10-05,receita low carb,5699937025354105,48,872,0,fat loss meals | Без названия,,,https://i.pinimg.com/originals/91/e9/a0/91e9a04c20538b00b1c423eb79f28605.png,896,1344,0,2026-07-12
2026-10-05,receita low carb,1146729123853462145,49,5712,0,🥦BOLINHO DE BRÓCOLIS. Clique no Link no Nosso Perfil Para Baixar Grátis a Dieta do Ovo.,,,https://i.pinimg.com/originals/d2/cf/9d/d2cf9d7c4545494da4618fbbf5db988f.jpg,629,1118,0,2023-09-07
2026-10-05,receita low carb,1146729123853462145,51,5712,0,🥦BOLINHO DE BRÓCOLIS. Clique no Link no Nosso Perfil Para Baixar Grátis a Dieta do Ovo.,,,https://i.pinimg.com/originals/d2/cf/9d/d2cf9d7c4545494da4618fbbf5db988f.jpg,629,1118,0,2023-09-07
2026-10-05,receita low carb,369928556901049159,52,125,0,Receita Cetogenica,receitanatureba.com,https://receitanatureba.com/receita-cetogenica/,https://i.pinimg.com/originals/6d/74/aa/6d74aaa2094fcd3e4c4427e53abc9ddd.jpg,1000,1500,0,2021-05-15
2026-10-05,receita low carb,7107311909176880,53,100,0,Biscoito de Chocolate Low Carb com Farinha de Amendoim,,,https://i.pinimg.com/originals/a6/33/f5/a633f512b7335bb14be3eb9ab07e5c99.png,1536,2304,0,2026-09-14
2026-10-05,receita low carb,6403624466801994,54,5494,0,,,,https://i.pinimg.com/originals/ec/d1/25/ecd125e91c012c9d19edd9d941ceb37d.jpg,736,981,0,2026-06-26
2026-10-05,receita low carb,AaK9Ie1nEhMsmQSaItutX9ISzDJDAc2nxpMrb3m7LYIefSr0t7e-Tn-cIdfZLSHFBIjLlvL9dtMM4h3_o1KaJoU,55,2,0,​Campbell’s® No-Boil,campbells.com,https://www.campbells.com/recipes/no-boil-cheddar-mac-cheese/?utm_medium=paid%20social&utm_source=Pinterest&utm_campaign=R&W_Mac_and_Cheese_Feed&utm_term=Level%20Up%20Labor%20Day&utm_content=Level%20Up%20Labor%20Day,https://i.pinimg.com/originals/2c/d0/45/2cd045cc0ff2c41485bb827cb0a37d16.jpg,1080,1620,1,2026-09-10
2026-10-05,receita low carb,1266706142136014,56,147,0,Low - 🥧🧀 Torta de Espinafre com Queijo Low Carb 🥬✨ ✅ INGREDIENTES ✅ 3 ovos ✅ 200 g de espinafre refogado ✅ 200 g de creme de leite ✅ 150 g de queijo ralado (muçarela ou outro de sua preferência) ✅ ½ c,facebook.com,https://www.facebook.com/share/1NvJhAVDro/?mibextid=wwXIfr,https://i.pinimg.com/originals/a7/2a/3a/a72a3a56d5f2014f33d851be743ee037.jpg,1024,1536,0,2026-06-15
2026-10-05,receita low carb,AXj0DLUKXzlBIYX4CpdhcVf_CVOphRsm9U0itJFS29JXYvM5auehFkbbQFGbMfgmNIkz5rP5Nk2WNq2Blhd0SMk,57,1,0,Shop Contadina®,contadina.com,https://www.contadina.com/recipes/collections/everyday-italian/lasagna-soup,https://i.pinimg.com/originals/ee/37/00/ee3700b2a6f9acf319a61a00fd6e3f87.jpg,1200,1800,0,2026-08-20
2026-10-05,receita low carb,AUqMShR70lGVxzkgWt9hFkWL1BL2EOlpkXaO94QQqJocPNl7Q45e_KwQsWs3L4RZJz7IvQuhV9iSdm2S06LRd3M,58,1,0,The Best Part? Everything,honeybunchesofoats.com,https://www.honeybunchesofoats.com/,https://i.pinimg.com/originals/54/96/02/549602ec7cb4371c1c67e91aa2a38371.png,1080,1620,0,2026-09-24
2026-10-05,receita low carb,7529524373887960,59,520,0,,,,https://i.pinimg.com/originals/15/53/79/155379ff8e19b080ffcb830b5f6ba8d6.jpg,576,1024,0,2026-08-08
2026-10-05,receita low carb,9710955444091950,60,477,0,"Torta de Carne Moída Low Carb Saborosa, prática e perfeita para uma refeição simples do dia a dia. Fica douradinha por cima, cremosa por dentro e com aquele recheio bem temperadinho que combina com al",instagram.com,https://www.instagram.com/p/DZx0Z9blDWc/,https://i.pinimg.com/originals/cc/2f/1c/cc2f1c6fecf2149ed448af2f05e75c01.jpg,1122,1402,0,2026-07-08
2026-10-05,receita low carb,AfTjx6Zv09SFfEpXdC6U7syIuUvbyn4V7kD6V5yF4d-YT8-COWY3WqnLkZxz_PgtjWFtwODaPlLKE-HgqyuWCbI,62,1,0,Serving up soup season,shop.mikmak.ai,https://shop.mikmak.ai/social/695febabef41118932e588b1?utm_source=pinterest&utm_medium=paid_social&utm_campaign=phg_btb_soup_growth_awareness_pinterest_2026&utm_content=pinterest_awareness_brand_spot_growth_soup_static_carousel&utm_marketing_tactic=Awareness,https://i.pinimg.com/originals/f1/23/65/f12365f8c3b1db5783079de0e4a4e7b6.jpg,1080,1080,0,2026-10-01
2026-10-05,receita low carb,AVu2lXHaeS9LAnq3h3bpDRkZXzxgEub5pv9NJRmMXI3MNzhclifu3sEDBxH8zpzFVaWLoyUwA2VxUdLAhYcy4UM,63,1,0,Shop Del Monte®,shop.mikmak.ai,https://shop.mikmak.ai/social/6a978ae87d700813b5870185,https://i.pinimg.com/originals/65/6a/ae/656aae0192eca4b3abf3f17ad6b79f76.jpg,1000,1500,0,2026-09-28
2026-10-05,receita low carb,AdDMFjmDznSkiqxKiF6iJ74QEqRDdkanuPSu5F-g3rbTPUfT2GdadExOE2uXp30cU7ZtvBq-rPaRtEw0LhIPQNA,64,1,0,Bake with King Arthur,kingarthurbaking.com,https://www.kingarthurbaking.com/recipes/the-most-pumpkin-pumpkin-chocolate-chip-bread-recipe?utm_source=social&utm_medium=pinterest&utm_campaign=fy27fallap,https://i.pinimg.com/originals/1c/da/43/1cda43f809aaf4fcd134c215e6901cf2.jpg,1080,1080,0,2026-09-17
2026-10-05,receita low carb,211174979670697,65,15129,0,Low carb and High protein Wrap,open.substack.com,https://open.substack.com/pub/reviveyourplate/p/the-lean-plate-low-carb-gyro-wrap?r=6yry0h&utm_medium=ios&shareImageVariant=overlay,https://i.pinimg.com/originals/48/76/04/4876044513b30c9f9ac20ee9c9a57383.jpg,1080,1920,0,2026-09-05
2026-10-05,receita low carb,2251868559601317,66,1267,0,,,,https://i.pinimg.com/originals/12/65/8f/12658f35c1463726f387ed46545f37d2.jpg,736,920,0,2026-08-03
2026-10-05,receita low carb,ATn_FP0js5dmSzNwGCFYZhsWbPxy6-vJtCQsvIdIBfmbotgDPE9cYMXBwuE0kka-UZCrSinqe-S8KmQcwdgLf1M,67,39,0,Broom Hall Inn,expedia.com,https://www.expedia.com/Hotel-Search?destination=Alcester&selected=4054577&startDate=2026-10-08&endDate=2026-10-09,https://i.pinimg.com/originals/89/40/ff/8940ffb9f8735828afef4b8495315a51.jpg,1000,1500,0,2026-06-17
2026-10-05,receita low carb,68750422062,68,1875,0,"Here are some delicious Keto salmon meal ideas. Let us know which one you prefer the most! 😍⁠⠀⁠ 𝟭. ⁠Roasted cauliflower steaks, blanched green beans, and a fresh salad made with cucumber, herbs, and a",instagram.com,https://www.instagram.com/p/DOn0Oqqk85A/,https://i.pinimg.com/originals/a7/0d/e4/a70de4556ed2ba06f74e0d7d93b10c73.jpg,1440,1440,0,2026-09-18
2026-10-05,receita low carb,492649955326946,69,629,0,Keto Lunch Meal Prep: Meal Prep Box Ideas,payhip.com,https://payhip.com/Ketolunchideas/blog/keto-recipes/easy-keto-lunch-ideas-quick-healthy-low-carb-recipes-for-work/?keto-lunch-meal-prep-meal-prep,https://i.pinimg.com/originals/b2/de/35/b2de35b97d4bfab2ed7914f13f4b3968.webp,960,1200,0,2026-09-21
2026-10-05,receita low carb,ASEGkm0coHNy1i0xh7iAr-H7yauKlQmamuKf5HWm1KzjyPBB8fFg-AX6OAJupS-HPy26wyKyvo1tIBs1lz4bAj8,70,1,0,Is REESE'S why so many,amazon.com,https://www.amazon.com/stores/page/C742F08D-F14A-4B88-8C82-09911045292F?channel=pinterest-paidsocial,https://i.pinimg.com/originals/cc/8b/94/cc8b94a80d8d4d7b30115e5e17b68b4e.jpg,1000,1500,0,2026-07-31
2026-10-05,receita low carb,1090997079021980112,71,1,0,Sanduíche Low Carb Fácil e Rápido,landing.batataassando.com.br,https://landing.batataassando.com.br/sanduiche-low-carb/?ref=R107481236H,https://i.pinimg.com/originals/95/4c/45/954c454b2479553902e5051567e6bae7.png,1312,1199,0,2026-09-09
2026-10-05,receita low carb,AS8yKa8rCX5AEfaF6oHeawDO66s3_N8VXdPBykotro0I8gnKSXsleTpl8PkgW417A9bwANLsQHabX-oKmQYBo8w,72,1,0,Your next discovery is,tiktok.com,http://tiktok.com/discovermore,https://i.pinimg.com/originals/f4/3e/3c/f43e3c3327aaec61e136aff8e87b6793.jpg,1080,1620,1,2026-09-21
2026-10-05,receita low carb,482237072623663706,73,2,0,yummy🥰🥰,,,https://i.pinimg.com/originals/55/9d/af/559daf5e849e1414997353cc8f0bc0d0.jpg,736,828,0,2026-09-30
2026-10-05,receita low carb,2040762328972953,74,347,0,Muffin de legumes low carb,receiteria.com.br,https://www.receiteria.com.br/receita/muffin-de-legumes-low-carb/,https://i.pinimg.com/originals/2d/e7/85/2de7857bc77013b2c8d44a953b3e0a70.jpg,730,1298,0,2025-11-13
2026-10-05,receita low carb,774124932000520,75,1185,0,Bolo de maçã low carb,,,https://i.pinimg.com/originals/90/d6/ff/90d6ff68d9d60a6fe04117a5f40ae2fc.jpg,1200,1600,0,2026-08-31
2026-10-05,receita low carb,351912467685305,76,662985,0,Garlic Herb Roasted Potatoes Carrots and Zucchini recipe 1 - #recipe by #eatwell101,eatwell101.com,https://www.eatwell101.com/roasted-potatoes-carrots-zucchini-recipe,https://i.pinimg.com/originals/fb/bf/12/fbbf12bc47e4356fbd1487ee0c47dce7.jpg,1080,1620,0,2026-09-27
2026-10-05,marmita fitness,633387444391899,2,2371,0,,,,https://i.pinimg.com/originals/d8/c6/39/d8c6390e8188fba1de2a40fcd1557210.jpg,2976,3968,0,2026-03-11
2026-10-05,marmita fitness,ASEmQHi4Oz74Ys9QdwhaoDuFyGAx9k9IHN42C0XztZheXSfflywUJtVVDd5ELHEx0MCYUK_Wp9RNUKFpIxkumFE,3,1,0,Check GoodRx,goodrx.com,https://www.goodrx.com/,https://i.pinimg.com/originals/15/e7/bf/15e7bfb20c082e1941e80c25101f5c93.png,1080,1920,0,2026-09-16
2026-10-05,marmita fitness,AZ-lzm4RRjlD1VshaGivCyDjT9gLXWXVlbq3Q9rMZAbpdPf1vBwEceBF-0d-gDB2OC9Hwu-2RtLqiVFlDBDToPU,4,3156,0,29 High-Protein Meal Prep,athleticlift.com,https://athleticlift.com/high-protein-meal-prep-bowls/,https://i.pinimg.com/originals/bf/ed/1d/bfed1d6b88f9ac6813882cd4de7a6687.png,887,1774,0,2026-05-13
2026-10-05,marmita fitness,AV44-QbY8HClcMBWiIqzXGr3qe8wm2x9R6gNrDcGy-BXQc5dUBnQycADs5j49DHcc2beMvYFsZP4mYJHcjFvyzk,5,1,0,39 High-Protein Meal Prep,homeviable.com,https://homeviable.com/high-protein-meal-prep-lunches/,https://i.pinimg.com/originals/b8/b3/37/b8b3376dcec7c34c78a44257a9eef07e.png,887,1774,0,2026-05-20
2026-10-05,marmita fitness,AagINEiRR-UzvLp6dpIUy2E7HRwCtvnWs3m4J3mmy2jAJBdjYSu_W0qr_risBUc_twqzVWydSS4d0p61azzgfow,6,13,0,Start Transformation Now!,quiz.betterme.world,https://quiz.betterme.world/first-page-generated?flow=3068&utm_source=pinterest&utm_medium=organic&utm_content=27_2025-11-12_Anastasiia_H-Cutting_K-TopVariation_CT-36751_Ver-5_pn.jpg&utm_source=pinterest&utm_medium=organic&utm_content=27_2025-06-19_Masha_H-28DayCutting_K-NewConcept_CT-28691_Ver-5_pn.jpg,https://i.pinimg.com/originals/de/b9/73/deb9739d7d561769098aca93059cb4ca.jpg,1080,1920,0,2026-09-28
2026-10-05,marmita fitness,64387469668529132,7,443,0,organização fitness,,,https://i.pinimg.com/originals/ea/45/d2/ea45d24124a059dc89c404d65d864fa3.jpg,675,1200,0,2026-01-21
2026-10-05,marmita fitness,162974080261201567,8,15,0,Comida Fit,,,https://i.pinimg.com/originals/43/af/19/43af190ff25906b4138d249955163923.jpg,1080,1920,0,2026-03-23
2026-10-05,marmita fitness,AbmVpYke6hht7_QOFIwEJINASmhJ1OvtxgcF1ZNnNVUhMhBVP9Tti_cXk821ixIMp5-PFLJZNSAQcy9ItJ_vmfk,9,0,0,50 Meal Prep for Athletes,amazon.com,https://www.amazon.com/Meal-Prep-Athletes-Recipes-Home/dp/B0D71PWZ2M?ref_=pinterest_fplfs,https://i.pinimg.com/originals/46/11/b2/4611b25460f70e801d61ac87602bfc5d.png,1000,1294,0,2026-03-06
2026-10-05,marmita fitness,ARbakj_29YAyeUhSU0C9j3MBmkUfp9nKFW_1mB8i8tUt5U_t_UqKgCTYfHt1u06vtXmKnlrs2KrWxDWDO-FQz6o,10,0,0,BentGo® Prep 60-Piece,containerstore.com,https://www.containerstore.com/s/kitchen/food-storage/bentgo-prep-60-piece-meal-prep-kit/12d?productId=11026244&country=US&currency=USD&skuId=10103227&cid=sm%7Cpinterest%7C%7Cshopping,https://i.pinimg.com/originals/79/cb/9c/79cb9cc559984cf59b2bb709163dc7b9.jpg,1165,1747,0,2025-06-20
2026-10-05,marmita fitness,AWXZT_8xX9j21smVFa-0qgpia5SvFlyrE8lHNvNpxtqjwU0qraS4ookTXRoWdtzIUS6nsczRHBz_5BMuOlpKw3c,11,0,0,No Excuses Meal Prep:,amazon.com,https://www.amazon.com/Excuses-Meal-Prep-High-Protein-Mediterranean/dp/B0BTRPGLTJ?ref_=pinterest_fplfs,https://i.pinimg.com/originals/a5/09/d2/a509d233503186599bb3dee62ed5b590.jpg,1000,1545,0,2026-10-01
2026-10-05,marmita fitness,928163804476151477,12,2,0,O Aplicativo Que Eu Encontrei que facilitou muito minha rotina ✨ Veja como funciona,my-marmita-plan.lovable.app,https://my-marmita-plan.lovable.app/,https://i.pinimg.com/originals/67/24/8f/67248fad4be3e43cd9e8d90b498fb4b9.jpg,736,1307,0,2026-09-17
2026-10-05,marmita fitness,ASFrDnUdpByaSWvwsIF2aOYpAb3EwDHaFOORiZwwkmN_FKUTmpK9_qIYqhcR_FGtB2cu4GAkQd7r7jDZoWWkRNQ,13,1,0,Temu | Edición en Español,temu.com,https://www.temu.com/ul/kuiper/un3.html?subj=dpa-un&_bg_fs=1&_p_jump_id=1082&_x_vst_scene=adg&goods_id=605745609342942&adg_ctx=a-30b4950a~c-92f10e04&_p_rfs=1&_x_ads_channel=pinterest&_x_ads_creative_id=%7Bproduct_partition_id%7D&_x_ads_id=%7Badgroupid%7D&_x_ads_set=%7Bcampaignid%7D&_x_ads_sub_channel=shopping&_x_ns_catalog_id=1580405374697&_x_ns_creative=%7Badid%7D&_x_ns_gid=605745609342942&_x_ns_,https://i.pinimg.com/originals/60/d3/d7/60d3d77d9c57d2e914ad8f87313fd33e.jpg,2000,3000,0,2026-08-09
2026-10-05,marmita fitness,4996249583533425,14,323,0,,,,https://i.pinimg.com/originals/3d/84/02/3d8402055bc4fc9a085cb2510e86ac92.jpg,736,1103,0,2025-12-12
2026-10-05,marmita fitness,Adiuf8h1KHeDhnlP1aXCZ8GBMogDOYLqTN1UbzzyiP4GeUKbrz-AZEaSbrg6rLYKiRff3RvWLSpKreieUHjcNNQ,15,0,0,The Happy Lunch Box,amazon.com,https://www.amazon.com/Happy-Lunch-Box-Johnson-143/dp/B0GCM1W5CV?ref_=pinterest_fplfs,https://i.pinimg.com/originals/c3/8a/00/c38a00c7894a6ab4a1e7d04207b2f14a.png,1000,1499,0,2026-07-08
2026-10-05,marmita fitness,6966574419832888,16,703,0,Aprenda a fazer sua marmita fitness de forma fácil e rápida!!,,,https://i.pinimg.com/originals/38/15/69/3815698408d70b37703107d5a123c5a5.jpg,736,920,0,2024-11-03
2026-10-05,marmita fitness,Ae1ccv-JPN_ySS2vPpL2EOZPpkwCC9Z2Y6mcJ5YAVE3PsqOhs-HIlRVz1uORSsGuXx0pm3EJjoKP8NoFgZMbjp0,17,2,0,Temu | 100g+ Protein A,temu.com,https://www.temu.com/ul/kuiper/un3.html?subj=dpa-un&_bg_fs=1&_p_jump_id=1082&_x_vst_scene=adg&goods_id=601102363834275&adg_ctx=a-e83cfdaa~c-de209830&_p_rfs=1&_x_ads_channel=pinterest&_x_ads_creative_id=%7Bproduct_partition_id%7D&_x_ads_id=%7Badgroupid%7D&_x_ads_set=%7Bcampaignid%7D&_x_ads_sub_channel=shopping&_x_ns_catalog_id=1567707391772&_x_ns_creative=%7Badid%7D&_x_ns_product_id=17604340275043&,https://i.pinimg.com/originals/a9/85/20/a985208c2c410b1c7717bc04bb188de0.jpg,2000,3000,0,2026-07-15
2026-10-05,marmita fitness,AaBhPCpkTtCiZRa2cdftSUs0kexc-BwGvh84_-ufvfjWrh_QUvskwZqoq6j2QTI9xYye6n_dyptoIEy8l_otaUM,18,0,0,Easy Meal Prep: Save Time,amazon.com,https://www.amazon.com/Easy-Meal-Prep-Healthy-Recipes/dp/1577155068?ref_=pinterest_fplfs,https://i.pinimg.com/originals/07/3d/a5/073da5520de7afd0ec6c1f782a0d02ed.png,1000,1319,0,2026-04-13
2026-10-05,marmita fitness,384354149475190840,19,24,0,Curso de Marmitas Fitness: Renda Extra Cozinhando em Casa 🍱,go.hotmart.com,https://go.hotmart.com/D106085027V,https://i.pinimg.com/originals/ee/62/47/ee6247ebaf03f7b18e8a6932da6a2b66.png,1000,1500,0,2026-09-28
2026-10-05,marmita fitness,AbG3BCT3Uit4dalDb1JI_5UDIuo9ElDAlVROLA1ETzFYIwQSPnCysz9qFA9Y6ffN-TztU7dZso-ydH9vvvsR86k,20,0,0,1pc 304 Stainless Steel,us.shein.com,https://us.shein.com/ark/default?scene=1&test=5051&ad_type=DPA&goods_id=40667648&pf=PINTEREST&url_from=PINADSDPA&ismg=0c398b5be2505aaf71ca4509214ca88242ef5b67e8360ada7ec3c079a59f1baf_01_1791128286,https://i.pinimg.com/originals/ea/63/f6/ea63f676cfe227c6097d2ffe63c38723.jpg,1134,1598,0,2026-08-14
2026-10-05,marmita fitness,70437490366676,21,2980,0,Marmitas congeladas saudáveis.,,,https://i.pinimg.com/originals/a0/45/19/a045190e6b577f829fc13d5d152630e1.jpg,900,1200,0,2025-07-05
2026-10-05,marmita fitness,Ac6xRWqUWG7B2sCJDecs5Y639UTPd2i9IVfpfgdnSP8B2Hq4MzU6cAg_PTEYsNe75i4OHqhxLmIzP5ZZrAxsxyY,22,0,0,Temu | Libro de cocina de,temu.com,https://www.temu.com/ul/kuiper/un3.html?subj=dpa-un&_bg_fs=1&_p_jump_id=1082&_x_vst_scene=adg&goods_id=605989214508243&adg_ctx=a-ed3d8f97~c-168f3869&_p_rfs=1&_x_ads_channel=pinterest&_x_ads_creative_id=%7Bproduct_partition_id%7D&_x_ads_id=%7Badgroupid%7D&_x_ads_set=%7Bcampaignid%7D&_x_ads_sub_channel=shopping&_x_ns_catalog_id=1580405374697&_x_ns_creative=%7Badid%7D&_x_ns_gid=605989214508243&_x_ns_,https://i.pinimg.com/originals/07/61/9e/07619e20bd0f01737f68090738772779.jpg,2000,3000,0,2026-08-11
2026-10-05,marmita fitness,AUfM4MoDJkHpvaNsrRkLcIDuoflNza03X6FFRc3M8PBA_eOs-qG0w19EHvc6l_a3DMsekdNoUa0HIdc7xP6lids,23,2,0,The Effortless,amazon.com,https://www.amazon.com/Effortless-Mediterranean-Table-Everyday-Recipes/dp/B0H2Z5B4ZV?ref_=pinterest_fplfs,https://i.pinimg.com/originals/6f/5c/2b/6f5c2b2b693abaee5db3443dc5ce4fa3.jpg,1000,1293,0,2026-06-13
2026-10-05,marmita fitness,218635756907140991,24,38,0,Organizando marmitas.,,,https://i.pinimg.com/originals/2e/f2/4a/2ef24a5879e8ed0dbe22e932956e2f67.jpg,1080,1920,0,2026-04-26
2026-10-05,marmita fitness,AS_19_s8TR9N_G61MaEGMsmPF_-Edgjm_CrqxtYNxzzJd8qSMc8KuIRQDojY_P_XgWxRV8KzUgvkdlGjoDO0uZs,25,0,0,30 High-Protein,amazon.com,https://www.amazon.com/High-Protein-Plant-Based-Bowls-Colorful-Kitchen/dp/B0H5X6FDGR?ref_=pinterest_fplfs,https://i.pinimg.com/originals/62/ad/33/62ad336038223ed71f61ff08fa27c3cf.png,1000,1293,0,2026-07-02
2026-10-05,marmita fitness,AdahTSrmEEsN__yUCk_IsUxnK_5hFQUv5wGI7aCD9YjUpPjrea0IBUwMtjDSTsEujXP4wlE_peT1Umc6qq9WIX0,26,21,0,FixtureDisplays Snow Cone,wayfair.com,https://www.wayfair.com/FixtureDisplays--FixtureDisplays-Snow-Cone-Syrup-877PIT004253-L971-K~FXTU7662.html,https://i.pinimg.com/originals/f8/52/63/f852632a8806d3bbfa7915fcdbe42223.jpg,400,400,0,2026-03-25
2026-10-05,marmita fitness,327285097946059813,27,21,0,,,,https://i.pinimg.com/originals/39/a2/f8/39a2f84e026001497110b86ec52b7b4d.png,1024,1536,0,2026-09-28
2026-10-05,marmita fitness,12877548933151460,28,429,0,marmitas fit,,,https://i.pinimg.com/originals/60/cf/3e/60cf3e306eb5ce85f635c33bc6a41321.png,1024,1536,0,2026-04-13
2026-10-05,marmita fitness,ASGwjOZ66DOAsAZYN2mqQ4lSa3GiiP2gYlFKaQKw73iLuMcUtlBxwryOFhLm1leaQzEh5QrB788FrY0ulG_EtN4,29,0,0,Healthy Choice Protein,target.com,https://www.target.com/p/healthy-choice-power-bowls-gluten-free-frozen-greek-style-chicken-9-5oz/-/A-81624953?TCID=PDS-%7Bcampaignid%7D-%7Badgroupid%7D,https://i.pinimg.com/originals/03/7c/47/037c4780d5e8572aaead2d8482d16ed0.jpg,954,1000,0,2026-07-14
2026-10-05,marmita fitness,Aezr5FhzC9VGLg6c9eIXXF1pxqkFfmF89JA-8EUkGc1UikxrZdA6fxu7pR9qmg41byYHhxTjj-V82eBWAH5vyWY,30,0,0,High-Protein Salads —,amazon.com,https://www.amazon.com/High-Protein-Salads-Protein-Packed-Weeknight-beans-plus/dp/B0GC4C9RV8?ref_=pinterest_fplfs,https://i.pinimg.com/originals/5f/15/a8/5f15a8403343fbc795d9de8741f96b9e.png,1000,1545,0,2026-08-31
2026-10-05,marmita fitness,1049901731903826599,31,2,0,Marmitas fitness para vender: ideias para variar o cardápio,inspiracoeslucrativas.com,https://inspiracoeslucrativas.com/ideias-de-marmita-para-congelar/,https://i.pinimg.com/originals/d9/aa/07/d9aa07c1523922e4aa9ae04e8c7f5fc0.png,1024,1536,0,2026-09-16
2026-10-05,marmita fitness,70437490372459,32,2896,0,Curso de Preparação de Marmita Fit 100% Online.,linktr.ee,https://linktr.ee/marmitasfit.mark,https://i.pinimg.com/originals/a0/a8/84/a0a8846515c6adfd7e49c88564823db3.jpg,800,1200,0,2025-07-07
2026-10-05,marmita fitness,AV4Ons0MekeOAAQjf45feYy97uDof4_lB-vy_VwiLGqfg5N_QQYaNjXuhthVdsF5oA7pJ30LuEB5KsiLmA16GSE,33,0,0,50 Healthy Dinner Recipes,amazon.com,https://www.amazon.com/50-Healthy-Dinner-Recipes-Home/dp/B0DG4KKTY4?ref_=pinterest_fplfs,https://i.pinimg.com/originals/34/96/f8/3496f876186e894e315915ccb87b68fa.png,1000,1294,0,2026-04-20
2026-10-05,marmita fitness,54606214230244720,34,642,0,Discover Must-Have Grocery Finds for Your Next Shopping Trip,amazon.com,https://www.amazon.com/shop/_kimhasu_/list/T5M2WQITK7UA?ref_=aipsflist,https://i.pinimg.com/originals/53/11/71/5311714c0e983f6183df67d28a533e63.jpg,736,1308,0,2026-06-17
2026-10-05,marmita fitness,1548181183420995,35,1748,0,,instagram.com,https://www.instagram.com/p/CoD48JipDaW/?igshid=NTU1Mzc3ZGM=,https://i.pinimg.com/originals/98/07/d0/9807d0ba2c6e6bca24f625273b2b0eb3.jpg,511,640,0,2025-05-13
2026-10-05,marmita fitness,871165121690201005,36,1,0,🥗 A Organização Fitness que Deixa a Rotina Muito Mais Prática,meli.la,https://meli.la/3214f2n,https://i.pinimg.com/originals/0a/0c/4f/0a0c4feb49cb7b429023d86068c440e7.jpg,768,1365,0,2026-08-08
2026-10-05,marmita fitness,7177680652129765,37,2053,0,#marmitafit #marmitasaudavel #comida #comidasaudavel,,,https://i.pinimg.com/originals/02/d7/90/02d790ec1954117bad1986ec7ff6dcae.jpg,1080,1920,0,2025-08-09
2026-10-05,marmita fitness,AUOnDvmjA4VNiY_hxafExiVsqXs9dC-w13YaWoN5IxYN-Ju2i1vtgmNISwW1b7MTqnM7qTYM0aMa2CKI-gajmH0,38,1,0,25 Meatless Bento Box,thisdishisvegetarian.com,https://thisdishisvegetarian.com/digest/25-meatless-bento-box-lunch-ideas-that-actually-keep-you-full/,https://i.pinimg.com/originals/30/8f/68/308f680e70f5674095dea5dd98c276c1.png,1024,2048,0,2026-07-24
2026-10-05,marmita fitness,2040762329120348,39,522,0,,,,https://i.pinimg.com/originals/f1/6a/02/f16a02956ebb099ea55fd267466c0f24.jpg,736,919,0,2026-01-10
2026-10-05,marmita fitness,6192518233084653,40,1753,0,,,,https://i.pinimg.com/originals/c2/7c/10/c27c106f0e6f5c88d46811eca39a2f1a.jpg,675,1200,0,2026-03-16
2026-10-05,marmita fitness,89860955060154939,41,87,0,Marmitas fit,,,https://i.pinimg.com/originals/95/9d/35/959d354867679a03133d26415265916b.jpg,1080,1920,0,2026-05-26
2026-10-05,marmita fitness,8303580557604659,42,4339,0,,,,https://i.pinimg.com/originals/52/68/07/52680707ab0ba289b1860f05a5668b6e.jpg,736,1103,0,2024-06-05
2026-10-05,marmita fitness,1083960204089563720,43,1,0,18 Práticas Ideias de Marmitas para a Semana,,,https://i.pinimg.com/originals/55/7f/84/557f84656085ec6803f6a86f212480e8.webp,1080,1920,0,2026-06-26
2026-10-05,marmita fitness,218635756907140952,44,111,0,Fitness | marmita fit | marmitinha | marmitinha fitness |,,,https://i.pinimg.com/originals/bd/bf/dc/bdbfdc6f044686829144693e96894d9f.jpg,1080,1920,0,2026-04-26
2026-10-05,marmita fitness,354869645653708468,45,111,0,21 Receitas de Marmita Fitness - Fit Low Carb Saudáveis Para Cardápio Semanal,sabornamesa.com.br,https://www.sabornamesa.com.br/cardapios/marmita-fitness-fit-low-carb-saudaveis-para-cardapio-semanal,https://i.pinimg.com/originals/5a/16/38/5a163859273c60c3e54b0ceaa090e67f.jpg,1000,1500,0,2024-04-02
2026-10-05,marmita fitness,1548181186799614,46,4784,0,Marmitas saudáveis para a semana,,,https://i.pinimg.com/originals/eb/1d/47/eb1d477926bc982464478c046e208623.png,864,1728,0,2026-05-31
2026-10-05,marmita fitness,2040762328635269,47,2156,0,,,,https://i.pinimg.com/originals/04/76/01/04760160bd4034d93623a344c523e5cb.jpg,736,981,0,2025-07-23
2026-10-05,marmita fitness,11822017767839890,48,241,0,Marmitas da semana,,,https://i.pinimg.com/originals/3f/f2/bb/3ff2bbf7a5175a627f0ca906547da0c1.jpg,4284,5712,0,2025-12-31
2026-10-05,marmita fitness,4433299630866376,49,4786,0,meal prep 🍽️,,,https://i.pinimg.com/originals/f8/01/7c/f8017ca07a2f18feb9c33fe31f8d2d87.jpg,1320,2282,0,2026-08-08
2026-10-05,marmita fitness,920775086335655636,50,1,0,MARMITINHAS! ✨,s.shopee.com.br,https://s.shopee.com.br/6VGG7f9sP4?channel_type=pinterest,https://i.pinimg.com/originals/14/da/06/14da063674fde888995b67e8999affa6.jpg,736,981,0,2025-11-23
2026-10-05,marmita fitness,AV7UuKcWVHtzPQH7xcP7xu1EQxEO9Qy4VSfJ4t8N-fLGF08Eszl_Iye5zhJ0ypM254gY5OVyzxTrlI4j-6AIvoY,51,0,0,"Cravings, Meet Your",bobevansgrocery.com,https://www.bobevansgrocery.com/products/bob-evans-protein-macaroni-and-cheese/?utm_source=pn&utm_medium=feed-stor&utm_campaign=fy27brand&utm_content=proteinmacvideo,https://i.pinimg.com/originals/06/42/0b/06420bb3acb960ddb42667fcb4847a1d.jpg,1080,1920,1,2026-09-30
2026-10-05,marmita fitness,180495897562505112,52,23,0,Dumpzinho das produções de Agosto! #marmitafit #comidasaudavel #marmitacongelada #alimentaçaosaudavel #sorocaba,instagram.com,https://www.instagram.com/p/DcuRs3wEezw/,https://i.pinimg.com/originals/11/e1/e7/11e1e74d4565d492e38dd459d6da176f.jpg,900,1200,0,2026-09-22
2026-10-05,marmita fitness,AUSsLypJceQvYSN5Zuc2teSJ8_J_xtutZZ1MYtNaSl_7PPxDFtZutm-jTFPVzUMabo50IUdoHW-m7JlVefL7E8k,53,34,0,Shop Contadina®,contadina.com,https://www.contadina.com/recipes/collections/everyday-italian/tomato-feta-pasta-bake,https://i.pinimg.com/originals/b3/96/16/b396166fd64f24c75df1dce51a8ee0fb.jpg,1440,2560,0,2026-08-27
2026-10-05,marmita fitness,AacoMIfsVoPbyP7BX4zYmBYhQpE0rIF0P5F8lcf734qdi2b00UOXNbY7YeJuwbWZQ45hRCHUQD_pPe2m-JFZUPU,54,0,0,3 Compartment Food Grade,homedepot.com,https://www.homedepot.com/p/LAIFUCAM-3-Compartment-Food-Grade-PP-Bento-Lunch-Box-Containers-with-Utensils-and-Lids-BPA-Free-Microwave-Safe-3-Pack-11AS29G364/343052908?cm_mmc=psoc-pinprg-%7Bcampaignid%7D-%7Badgroupid%7D,https://i.pinimg.com/originals/c7/75/02/c77502726e7127557c08b148c38a58e1.jpg,1000,1000,0,2026-09-25
2026-10-05,marmita fitness,80501912086440033,55,64,0,,,,https://i.pinimg.com/originals/9b/cc/cc/9bcccce546b98e567aa0fe99e8441e37.jpg,900,1600,0,2026-05-22
2026-10-05,marmita fitness,AcXB5guDryQiE6k781qXE1z0F0GpKV7-w7_HLHE81LTF_44--nzEhLRHT1AF46aGiizfstgnH8PU-q3iPbNFBBw,56,150,0,Start Transformation Now!,quiz.betterme.world,https://quiz.betterme.world/first-page-generated?flow=3068&utm_source=pinterest&utm_medium=organic&utm_content=27_2026-09-10_Alina_H-Cutting_K-TopVariationAutumn_D-None_CR-39426_Ver-6_pn.jpg,https://i.pinimg.com/originals/f6/67/82/f66782f5293832eccb2c94fa604f8313.jpg,1080,1920,0,2026-09-11
2026-10-05,marmita fitness,414049759517977416,57,44,0,Comida saudável ideias de marmita saudável Fit Fitness almoço saudável e equilibrado marmitas para a semana,,,https://i.pinimg.com/originals/fa/3c/4b/fa3c4bc9b22677336de915db8702cfa5.jpg,3000,4000,0,2026-09-10
2026-10-05,marmita fitness,AT99uqV0wSa9LLXfeunGCIpdWMMWXZgbKocELrUCgyhPl2o_fIPf0ZFmsXmPeuv7O13XZ98zthFkW3YUp3fLLHc,58,0,0,Dworek Pani Walewska,hotels.com,https://www.hotels.com/Hotel-Search?destination=Gdansk&selected=56933554&startDate=2026-10-06&endDate=2026-10-07&catalogRunId=42624,https://i.pinimg.com/originals/1c/ca/cb/1ccacbd9387b13910d133ff6f20d4570.jpg,1000,1500,0,2026-08-28
2026-10-05,marmita fitness,1100989440185318200,59,1,0,Healthy High-Protein Chicken & Sweet Potato Meal Prep,,,https://i.pinimg.com/originals/53/f0/5a/53f05a5e148d53b53dfe9e147d07c74d.png,1696,2528,0,2026-09-04
2026-10-05,marmita fitness,Acd3-gkh24nGP-b4wVTuxsWJmJBFO-Ct_rBAe30zSGs4umYjRFLLJv94zTdtCGc9fzgQH0u3rvZtj5_ZhLT5SAA,60,182,0,Fabri-Kal GS6-3W,webstaurantstore.com,https://www.webstaurantstore.com/fabri-kal-greenware-gs6-3w-3-compartment-clear-pla-compostable-container-case/395GS63W.html,https://i.pinimg.com/originals/0c/80/3c/0c803cd70bebbef2e25c2f87be09e0bb.jpg,1000,1000,0,2026-05-13
2026-10-05,marmita fitness,70439181669261191,61,72,0,Marmita,,,https://i.pinimg.com/originals/28/3b/76/283b768fe6daba4d7c4876deaac24c51.jpg,1080,1920,0,2026-05-27
2026-10-05,marmita fitness,31454897394394732,62,925,0,,,,https://i.pinimg.com/originals/3d/37/86/3d3786727c150cd1efcfccff360082b7.jpg,1080,1920,0,2026-08-18
2026-10-05,marmita fitness,43558321392819061,63,1,0,Marmita hermética,s.shopee.com.br,https://s.shopee.com.br/6AlE8Rux80?channel_type=pinterest,https://i.pinimg.com/originals/7a/99/d2/7a99d2f92d1a347bf0c324c7592d18fe.jpg,736,981,0,2026-09-22
2026-10-05,marmita fitness,528398968832026686,64,15,0,COMO CRIAR MARMITAS FITNESS PARA VENDER E FIDELIZAR CLIENTES,carolcarlosfit.com.br,https://carolcarlosfit.com.br/curso-marmita-fit-congelada-oferta,https://i.pinimg.com/originals/d0/c6/24/d0c624e30e51351dcc07d12765fa6817.jpg,1200,1600,0,2026-09-07
2026-10-05,marmita fitness,225320787611682885,65,10,0,,,,https://i.pinimg.com/originals/ac/0d/4d/ac0d4d7217cb2a9c88b98b383fe53d79.jpg,675,1200,0,2025-12-15
2026-10-05,marmita fitness,340514421844096808,67,33,0,,,,https://i.pinimg.com/originals/a9/a0/25/a9a02580f21486b688b30adf5b546fd6.jpg,1080,1920,0,2024-12-19
2026-10-05,marmita fitness,63402307250078530,68,189,0,🥗 Dish of the Day: Fuel Your Week the Healthy Way!,,,https://i.pinimg.com/originals/72/26/bf/7226bf36eeb3b1e902a687f662aaf866.jpg,736,981,0,2025-09-29
2026-10-05,marmita fitness,2181499815881508,69,1350,0,Marmitas da semana,,,https://i.pinimg.com/originals/6b/74/7d/6b747d458dd0fed3147e8ab3cf89f3c4.jpg,675,1200,0,2025-02-05
2026-10-05,marmita fitness,AY28C-w3cAAWD9WM0TutR2Y061ND9MqvRwjnT4ymDxCntS_UYflVaMJTWFsTDynVYcYBZIarQY8MTOH2UCmXmH4,70,2,0,​Campbell’s® No-Boil,campbells.com,https://www.campbells.com/recipes/no-boil-cheddar-mac-cheese/?utm_medium=paid%20social&utm_source=Pinterest&utm_campaign=R&W_Mac_and_Cheese_Feed&utm_term=Level%20Up%20Labor%20Day&utm_content=Level%20Up%20Labor%20Day,https://i.pinimg.com/originals/2c/d0/45/2cd045cc0ff2c41485bb827cb0a37d16.jpg,1080,1620,1,2026-09-10
2026-10-05,marmita fitness,2040762329717999,71,692,0,• estrogonofe de frango,,,https://i.pinimg.com/originals/26/80/93/268093420b8c466f9e90e4e476097f5b.jpg,1080,1920,0,2026-08-25
2026-10-05,marmita fitness,38210296834271150,72,344,0,O que colocar na marmita fit?,deliway.com.br,https://www.deliway.com.br/blog/marmita-fitness?utm_source=pinterest&utm_medium=organico&utm_campaign=post,https://i.pinimg.com/originals/ea/6b/bc/ea6bbc3a944ac7f5133d796c2d44cd26.jpg,564,752,0,2025-03-24
2026-10-05,marmita fitness,5277724559726510,73,1172,0,Meal-Prep Lunches That Keep You Full All Day,,,https://i.pinimg.com/originals/65/4e/3b/654e3b32d07e48960ede74bb2d5dd54a.png,816,1456,0,2025-09-02
2026-10-05,marmita fitness,24347654229608351,74,373,0,Curso Fit Lucrativo – Cursos de Doces Gourmet,cursosdedocesgourmet.wordpress.com,https://cursosdedocesgourmet.wordpress.com/2020/07/17/curso-fit-lucrativo/,https://i.pinimg.com/originals/1c/3c/c7/1c3cc747537aec5158386734647385cf.jpg,810,1080,0,2024-03-11
2026-10-05,marmita fitness,681239881153260989,75,823,0,marmitinhas fitness,,,https://i.pinimg.com/originals/3a/e5/db/3ae5db1657a17dd5ed9cc5096e46b44d.jpg,675,1200,0,2023-03-08
2026-10-05,marmita fitness,348606827429384993,76,36,0,,,,https://i.pinimg.com/originals/4b/ee/00/4bee00ff2c6d9dd74672788ac1724d0a.jpg,900,1600,0,2026-06-15
2026-10-05,receita barata para o mes,613334043049442874,2,1,0,"Batata Recheada com Frango Cremoso | Fácil, Barata e Deliciosa",,,https://i.pinimg.com/originals/3d/46/1f/3d461f8298d7f24cc0aa07362fa4d4c9.png,1024,1536,0,2026-09-23
2026-10-05,receita barata para o mes,3096293491523860,3,4174,0,,,,https://i.pinimg.com/originals/03/ed/bd/03edbdd1886d67b8bd919a23b399efef.jpg,736,1308,0,2026-01-28
2026-10-05,receita barata para o mes,AVwujQMpjeMIlzw1pKTw-PAjsA1ElX4DGbZlH5_2ZZXrCAxb1AAatstBJQwrXEsRtp5hxp2Y4YCSa0iHPTuR0RY,4,262,0,18 Effortless Slow Cooker,stroller-envy.com,https://stroller-envy.com/crockpot-beef-recipes-weeknights/,https://i.pinimg.com/originals/bf/cc/a1/bfcca1046f8df8e6ec7c3ec37391b1b4.png,1728,3072,0,2026-08-15
2026-10-05,receita barata para o mes,Ab2wqAl_KxLOTp7tafiTLLqxDX0E6V2wl2Rlhmha0Cp3UrSFo9Yk4usmo8O7yhR1CqPfRhN1-4Bwe9jIDsPWCDU,5,1411,0,Easy Baked Brunch,bitesizedbash.com,https://bitesizedbash.com/10-easy-baked-casserole-recipes-for-family-meals/,https://i.pinimg.com/originals/a2/be/6f/a2be6f7919904080ea7956f306915f85.png,941,1672,0,2026-04-27
2026-10-05,receita barata para o mes,AbWQDIehQnI-YBkq8u8otxUpKAwHKsGp20vPLooyy9kArkwbA2xbBM-kZz10hU8pVEDFO4mdB9HhG9m1l0Xs6wU,6,545,0,30+ Cheap High-Protein,athleticlift.com,https://athleticlift.com/high-protein-meal-prep-ideas-budget/,https://i.pinimg.com/originals/6b/f2/54/6bf2545ff5dbcdf8f964bac047e4e61f.png,887,1774,0,2026-08-05
2026-10-05,receita barata para o mes,622130136014419331,7,62,0,20 Pratos Baratos e Nutritivos para Economizar! - Manga com Pimenta,mangacompimenta.com,https://mangacompimenta.com/2020/03/18/pratos-baratos-e-nutritivos/,https://i.pinimg.com/originals/0f/db/cb/0fdbcb954964350aa74f83a5ad21b102.jpg,236,542,0,2020-04-23
2026-10-05,receita barata para o mes,ARCoudNndvZT-aU6_AjqGILFq8INrxj-acPxB5zuLvZ1oZogHMSmDj1u13be0Ng3tk7_nnYghmKlBcVxcYVYtpw,8,1,0,"26 Cheap, Healthy Dinners",homeviable.com,https://homeviable.com/cheap-healthy-dinners-under-10-dollars/,https://i.pinimg.com/originals/ab/10/0b/ab100b67418f98c19740bd312827eb69.png,887,1774,0,2026-04-27
2026-10-05,receita barata para o mes,37436240650839363,9,127,0,🥣A Receita Quentinha que Está Conquistando a Internet!,,,https://i.pinimg.com/originals/fe/25/c2/fe25c2f9925a595e1a3b43c3bc48b912.png,1024,1536,0,2026-08-02
2026-10-05,receita barata para o mes,AUoFi25j2yJUCcGY-tHfFFt0ENrKUy7NyCwgQSZfatHwEbKthrMt3oo7VQSyufpEz0PaNl7LbsZW8Gm5y4pBfiE,10,552,0,Cheap Dinner Ideas for a,mommyonpurpose.com,https://mommyonpurpose.com/dirt-cheap-dinner-ideas/,https://i.pinimg.com/originals/39/2a/89/392a899cc49fdde0b41c244086d7827e.jpg,750,1500,0,2023-12-13
2026-10-05,receita barata para o mes,Ac5WMUflbuVbd33r-cIEBsKMbKHBhAThazz1SnxQHP-OZ3UcbXs5zaOmCe4Ifhhi6k7FPQf6qlcwaMiqPu2lUls,11,111890,0,Easy Cheeseburger Soup,insanelygoodrecipes.com,https://insanelygoodrecipes.com/cheeseburger-soup/,https://i.pinimg.com/originals/d2/23/89/d22389569c3cf117e36453f15e0dbe3c.jpg,1200,1800,0,2025-10-05
2026-10-05,receita barata para o mes,Acd05bcj34T1yz1SKQA7fkljkRt0pAXbFcGJXXBknb5W9SaaYJWCjqXFKRbopK1jmC9mS9FMG5bEr4zmCH4c5LQ,12,34,0,Shop Contadina®,contadina.com,https://www.contadina.com/recipes/collections/everyday-italian/tomato-feta-pasta-bake,https://i.pinimg.com/originals/b3/96/16/b396166fd64f24c75df1dce51a8ee0fb.jpg,1440,2560,0,2026-08-27
2026-10-05,receita barata para o mes,1015702522216546577,13,2,0,REFEIÇÕES BARATAS E DELICIOSAS PARA ECONOMIZAR,terra.com.br,"https://www.terra.com.br/vida-e-estilo/degusta/7-receitas-faceis-e-baratas-para-o-almoco-de-domingo,cd7ea2a5497e5c7012f3acfb2078b3958kvu1rxw.html",https://i.pinimg.com/originals/06/2d/3a/062d3ac602ea2d647b1dc23e1dd6df3c.png,1000,1500,0,2025-02-22
2026-10-05,receita barata para o mes,AQd54M3SuhcPMDS5qTdiMoKesBF60g5vRSM2tjlijeqGWVrskB_vgBmlte9fg95VzW7qtFyG450KGnsGFcGuj0M,14,1765,0,Florida Orange Juice,floridacitrus.org,https://www.floridacitrus.org/recipes/florida-orange-juice-pumpkin-soup/?utm_source=pinterest&utm_medium=organic&utm_campaign=orange-juice&utm_content=recipe,https://i.pinimg.com/originals/28/a2/8f/28a28fc992b4224c4f9e37e6a2781d2a.jpg,1080,1920,0,2026-08-25
2026-10-05,receita barata para o mes,41517627813499510,15,303,0,,,,https://i.pinimg.com/originals/b4/16/7f/b4167f5ad99cbab385fe35cf562e4a2c.jpg,1080,1251,0,2026-09-10
2026-10-05,receita barata para o mes,AXj1eKWfO9FQcBHh0byGIRxBkZSCvZUcHyjxW6-l2ZmBSn0PvltpeVLYLkNXTJOJG2GnzK-EatavqPQQMY69ZBU,16,1,0,75+ Delicious Dinners,momscravings.com,https://momscravings.com/78-dinners-that-basically-cook-themselves-bookmark-this-youll-use-it-every-week/,https://i.pinimg.com/originals/7f/dc/6b/7fdc6b8121865937eb3a261dd4277a55.png,1440,2714,0,2026-04-14
2026-10-05,receita barata para o mes,2181499817106545,17,883,0,,,,https://i.pinimg.com/originals/ee/04/d2/ee04d2f988fb9451558c66c7a6b85a29.jpg,720,1422,0,2026-02-04
2026-10-05,receita barata para o mes,Ad2jUekDrcXptKuffLDBpHohZTCeuHPGK1nOyRC1Dtntno9V-4yKK_LgDYeri7qNi0WLaAohpOtkpRp1CIstLD4,18,0,0,COMIDA SENCILLA DE UNA,amazon.com,https://www.amazon.com/COMIDA-SENCILLA-COMIDAS-COCINAR-DIARIO/dp/B0HDT639JR?ref_=pinterest_fplfs,https://i.pinimg.com/originals/24/11/07/241107f24ef737af64fea720c604021d.jpg,1000,1419,0,2026-09-08
2026-10-05,receita barata para o mes,9077636745794746,19,707,0,"🍚 Cardápio Alimentar Sem Arroz: ideias de refeições saudáveis, práticas e equilibradas para variar o dia a dia sem abrir mão do sabor e da alimentação saudável! 🥗✨ Procurando um cardápio alimentar sem",instagram.com,https://www.instagram.com/p/DbI5ctqlgM0/?img_index=6,https://i.pinimg.com/originals/0b/57/02/0b57022ba18baab56917e551d5ad7c3f.jpg,1080,1344,0,2026-08-29
2026-10-05,receita barata para o mes,AX8d-aE91skxUbJSSKkZoQvbVUubFujAY-8ThOMnaSR_moZ0xN0V0NzXaxt19L1CL-uPTdu08x9ekN6GQRz7zDI,20,213,0,17 Easy Aldi Dinners for,moneybliss.org,https://moneybliss.org/easy-aldi-dinners-two/,https://i.pinimg.com/originals/ff/17/6b/ff176b2220543f03381de4a0c44c4b26.png,1728,2592,0,2026-05-29
2026-10-05,receita barata para o mes,AUq2RzsgT7Ep9_gWNk8L7wJLsoGV4kRnBQ8uht9rwl2xuKWlmlC7hrFGyCPLVrh3Bfqn9q7COJfYl1udCwE4r20,21,0,0,Tout avec les Lentilles —,amazon.com,https://www.amazon.com/Tout-avec-Lentilles-%C3%A9conomiques-compliquer/dp/B0GZG8W1WR?ref_=pinterest_fplfs,https://i.pinimg.com/originals/9a/d3/d4/9ad3d43c58ad1302aef51b8be405906a.jpg,1000,1545,0,2026-09-26
2026-10-05,receita barata para o mes,ATQhTZOp0lN71fgV95rKrQuWieG3WLhgnoeSTEL9jmHQ3uNVxW6wfhQfnvyQk5k7UcunSCm9G6a4gPNqCSZKijc,22,16,0,"""Essential Keto Slow",kohls.com,https://www.kohls.com/product/prd-3928107/essential-keto-slow-cooker-cookbook.jsp?skuid=38700353&ci_mcc=ci&utm_campaign=EC%20TEAM%20APPAREL&utm_medium=CSE&utm_source=pinterest&utm_product=93668431&CID=shopping29,https://i.pinimg.com/originals/d7/17/0f/d7170f71ddb758d4f1be720c66963dca.jpg,882,882,0,2026-02-04
2026-10-05,receita barata para o mes,23925441769512329,23,330,0,DIETA FÁCIL E BARATA,s.shopee.com.br,https://s.shopee.com.br/2B7pqDeVMD?channel_type=pinterest,https://i.pinimg.com/originals/f1/75/31/f17531492a22c8738aa05e6b6b23c807.jpg,736,1104,0,2026-09-10
2026-10-05,receita barata para o mes,2885187258697877,24,660,0,"Receitas baratas e fáceis como macarrão com atum são ideais para quem busca uma refeição rápida e saborosa. Feita com atum enlatado, essa receita vai te surpreender. Prepare em minutos e compartilhe c",,,https://i.pinimg.com/originals/90/eb/34/90eb341a2712255b5bf9fe8d533f3fe3.jpg,1080,1920,1,2026-07-30
2026-10-05,receita barata para o mes,24699498006547163,25,264,0,"Durante 7 dias, faça essas refeições.",instagram.com,https://www.instagram.com/p/DaScca_FptI/?img_index=3,https://i.pinimg.com/originals/58/c2/c0/58c2c0fc5dfc6dbf38ccb067bf293b59.jpg,1080,1344,0,2026-08-20
2026-10-05,receita barata para o mes,AYCqBRkVWNdr7RHGMH4JXqs_w2oDWiiLkGbm7nULKsRJFh55lkB6E_SyA3y1PP2z2D8eNO8tTsaIRIvSXuO3zik,26,2,0,50 Recetas de Ensaladas,amazon.com,https://www.amazon.com/Recetas-Ensaladas-para-Todos-D%C3%ADas/dp/B0GF7GGTPW?ref_=pinterest_fplfs,https://i.pinimg.com/originals/2e/94/cc/2e94cc6cf6f69a59794d338e2a8178a4.jpg,1000,1293,0,2026-09-04
2026-10-05,receita barata para o mes,AS9t3qFT6RQ_cG17n6IScH1XPtkQZGQPj_dw1R4OFy6L_3ijs2SwxKdP0nFTC-iLcmPUp8Bbi6ngJZxTse5Qrlc,27,0,0,After 9-5 Budget Meals:,amazon.com,https://www.amazon.com/After-9-5-Budget-Meals-Weeknights/dp/B0GZK72R92?ref_=pinterest_fplfs,https://i.pinimg.com/originals/7e/6e/3d/7e6e3d2ec9d26fe2bc57610d9cb85c5b.png,1000,1599,0,2026-08-01
2026-10-05,receita barata para o mes,417286721747932097,28,48,0,Bolo de Cenoura Fofinho na Air Fryer | Receita Fácil,,,https://i.pinimg.com/originals/5f/e3/f4/5fe3f41ec9f8af05907c441d3afcb056.png,941,1672,0,2026-09-29
2026-10-05,receita barata para o mes,961729695507692205,29,8,0,"Hoje a dica é essa deliciosa Pasta de Atum Cremosa! Rápida e fácil de fazer, perfeita para o jantar. Basta cozinhar 250g de macarrão penne e misturar com atum, maionese, cebola, salsinha e um toque de",instagram.com,https://www.instagram.com/p/Ddmizq-GWgj/,https://i.pinimg.com/originals/5e/0b/f2/5e0bf281e5bfc5c9d698b7226449b9d2.jpg,1024,1280,0,2026-09-22
2026-10-05,receita barata para o mes,1151232723477899717,30,1097,0,Macarrão com creme de batata e bacon 🥓,,,https://i.pinimg.com/originals/fb/f3/c8/fbf3c8a2abd06f407c0c5df5f9c339d3.jpg,626,1112,0,2023-04-18
2026-10-05,receita barata para o mes,1337074889590130,31,5789,0,Marmita fitnes,,,https://i.pinimg.com/originals/82/b4/0c/82b40c1c09b9500e483b29f78cff4379.jpg,1224,1632,0,2025-08-18
2026-10-05,receita barata para o mes,2040762329717999,32,692,0,• estrogonofe de frango,,,https://i.pinimg.com/originals/26/80/93/268093420b8c466f9e90e4e476097f5b.jpg,1080,1920,0,2026-08-25
2026-10-05,receita barata para o mes,ARQZABeYippnSoAKabVr_f42hubVTzyajbz3U6A5g5I-zdfY1aVgYJg2Luv9Ng-laQJIQNkfsDTr5JVN0PfgVc4,33,0,0,Cabbage Roll Creations:,amazon.com,https://www.amazon.com/Cabbage-Roll-Creations-Quick-Recipes/dp/B0DJTFZ1JW?ref_=pinterest_fplfs,https://i.pinimg.com/originals/9f/49/97/9f4997dbe16360ad870395de03f88068.png,1000,1499,0,2026-04-18
2026-10-05,receita barata para o mes,778348748163438775,34,4,0,Receitas Fit com Poucos Ingredientes: 3 Refeições Fáceis e Saudáveis,fitrecipeflow.lovable.app,https://fitrecipeflow.lovable.app/,https://i.pinimg.com/originals/79/3c/dd/793cdd2c02824edfc8937e264ec880d2.png,1024,1536,0,2026-09-19
2026-10-05,receita barata para o mes,178736678959387677,35,26,0,Jantar pronto em 10 minutos,,,https://i.pinimg.com/originals/57/8d/4c/578d4c28f562d0454c1938cb22c1089f.png,1024,1536,0,2026-09-23
2026-10-05,receita barata para o mes,36662184462865732,36,13,0,151 receitas de jantar simples que vão te salvar na hora da fome,receiteria.com.br,https://www.receiteria.com.br/receitas-de-jantar-simples/,https://i.pinimg.com/originals/73/34/26/733426dc6a8771d6b5416842bd7a0248.jpg,345,517,0,2026-07-20
2026-10-05,receita barata para o mes,AYGiU_3uEzPXlzCt97oMyquloYAcbD2ZPA7uKAJEseul3mstWW5yQ-J9kcQDF8pFD_nMhmMeWQxYL0jcqmlpryk,37,516,0,Cozy Tuscan Sausage Soup,cookingchew.com,https://cookingchew.com/sausage-potato-soup.html,https://i.pinimg.com/originals/2a/43/e8/2a43e81953ed92f194d35a43d1bee456.jpg,1000,2000,0,2026-07-23
2026-10-05,receita barata para o mes,8866530512654444,38,1613,0,Power Salad,,,https://i.pinimg.com/originals/c2/53/c4/c253c48d53bd3a812f8f33613f8671e0.jpg,720,1280,0,2026-08-25
2026-10-05,receita barata para o mes,AbpAzOToHTQQ02r02wrbjMTGg-M6TzMul76AFMl2ti_Dl83CCz6KQdoFU_7xL2hrr6VhTYMHi9RtU6S3rjdaNTw,39,6894,0,Kielbasa and Potatoes,bonsaimary.com,https://bonsaimary.com/kielbasa-and-potatoes-crockpot-recipe.html,https://i.pinimg.com/originals/40/3c/44/403c44b3e3443ab4ba4b7f481cf6efb2.jpg,704,1408,0,2026-01-29
2026-10-05,receita barata para o mes,10977592838024379,40,245,0,"@receitas.dobebe ❄️ 6 RECEITAS PARA CONGELAR e não precisar cozinhar do zero todo dia! 👶💛 Tem dia que preparar cada refeição na hora simplesmente não cabe na rotina. Por isso, deixar algumas preparaçõ",instagram.com,https://www.instagram.com/p/DcOZLhmEXYN/,https://i.pinimg.com/originals/8c/30/74/8c3074600b3955ad7017ee3584ee8d67.jpg,1080,1424,0,2026-09-09
2026-10-05,receita barata para o mes,140806235400211,41,1448,0,,,,https://i.pinimg.com/originals/4c/cb/44/4ccb449aa8f585041d845988923d83ed.jpg,576,1024,0,2026-08-24
2026-10-05,receita barata para o mes,212443307419863229,42,6,0,Arroz com 3 Pimentões 🌈🍚 | Um Truque Simples Para Deixar o Arroz Muito Mais Saboroso!,,,https://i.pinimg.com/originals/ab/1e/ee/ab1eee2576a5a074b020b030140a6857.png,1024,1536,0,2026-09-27
2026-10-05,receita barata para o mes,5207355816300629,43,756,0,"🥧 Torta Saudável: a receita fit rica em proteínas que fica pronta com poucos ingredientes e é perfeita para um café da manhã saudável, lanche ou pós-treino! 💚 Se você está procurando uma torta saudáve",instagram.com,https://www.instagram.com/p/DbCQ18xmtyl/?img_index=6,https://i.pinimg.com/originals/45/06/2c/45062cad278e6b0b740a92d42c693246.jpg,1080,1411,0,2026-08-05
2026-10-05,receita barata para o mes,2111131073850010,44,6276,0,,,,https://i.pinimg.com/originals/12/8e/88/128e88ebf9198067482caa5b39567bd1.jpg,1024,1536,0,2026-06-06
2026-10-05,receita barata para o mes,678776975137887032,45,11,0,Com 2 peitos de frango e algumas batatas fiz uma refeição completa,receitason.com,https://receitason.com/jantar-barato-o-que-fazer-com-2-peitos-de-frango-e-batata/,https://i.pinimg.com/originals/1a/b9/c9/1ab9c9b18536473e9433dab38939684f.png,1024,1536,0,2026-09-19
2026-10-05,receita barata para o mes,618541330119824426,46,15183,0,Ingredientes: +/- 100g de milho 1 ovo 1 fatia de mussarela Sal e orégano a gosto Modo de preparo no vídeo.,,,https://i.pinimg.com/originals/e3/44/40/e344400a87af3c9e46b91f8adc52a1c8.png,720,1280,0,2026-09-30
2026-10-05,receita barata para o mes,AXQO7s0OBh4ItS0T4lI3s09Zt5qXtH7X9FNabB-cN2CPuzrpfz7Kyt6ythLAFM7LKf1PJ5D8MOmJs9UNlMyjCqQ,47,0,0,"28 Days 28 Meals: Quick,",amazon.com,https://www.amazon.com/28-Days-Meals-Quick-Delicious/dp/1092968377?ref_=pinterest_fplfs,https://i.pinimg.com/originals/72/1c/3f/721c3fd3b83523b72256990d39bc3168.png,1000,1294,0,2026-03-29
2026-10-05,receita barata para o mes,1266706141842677,51,2501,0,Ideias de marmita saudável para a semana toda,,,https://i.pinimg.com/originals/6c/56/03/6c5603d5d55c3160f4a3d2f8ce688e65.jpg,736,920,0,2026-02-22
2026-10-05,receita barata para o mes,62065301110736224,52,128,0,"🍽️📚 Cardápios Saudáveis para a Semana Inteira: ideias práticas de refeições para facilitar a alimentação saudável, economizar tempo e manter uma rotina equilibrada • Weekly Healthy Meal Plan | Healthy",instagram.com,https://www.instagram.com/p/DblTvgAkbes/?img_index=4,https://i.pinimg.com/originals/1a/81/03/1a81033d3beabd728c5fef50a1ba469f.jpg,1080,1340,0,2026-08-24
2026-10-05,receita barata para o mes,AQYKn_h_yd3tbbkiFISg4DcYJWvBI65xOSYIR8gsctwNLIcqdszdALXIbzXUkxx72fHklL8cF9Inj_cnT2d3cKI,53,1,0,Is REESE'S why so many,amazon.com,https://www.amazon.com/stores/page/C742F08D-F14A-4B88-8C82-09911045292F?channel=pinterest-paidsocial,https://i.pinimg.com/originals/cc/8b/94/cc8b94a80d8d4d7b30115e5e17b68b4e.jpg,1000,1500,0,2026-07-31
2026-10-05,receita barata para o mes,AaFNTUNGUdEKVzCQohqZBIt4oT3IbiEGp8hPdURS95E4EMyhubNJOBO0Epd6k5lPwrHr1baguHVDmJrNZU3trB4,54,268,0,Gluten-Free Dinner Recipe,sietefoods.com,https://sietefoods.com/recipes/crunchy-maz-tacos/,https://i.pinimg.com/originals/0b/25/74/0b2574a333e520a3c65ae28229e43ae6.png,1000,1501,0,2026-02-25
2026-10-05,receita barata para o mes,AWg4hBPyy-BRJ5nJe-V9w4RLAmq_Nudlcory3f987gbzzBx9l7CBpGZBb8xPWuYTztmxuE3HCHAweFADW7p405U,55,1,0,Eat Your Page,ad.doubleclick.net,https://ad.doubleclick.net/ddm/trackclk/N7676.4653910BUZZFEEDMEDIAENTERP/B36540998.455528359;dc_trk_aid=649834595;dc_trk_cid=263247332;dc_lat=;dc_rdid=;tag_for_child_directed_treatment=;tfua=;gdpr=$%7BGDPR%7D;gdpr_consent=$%7BGDPR_CONSENT_755%7D;ltd=;dc_tdv=1,https://i.pinimg.com/originals/2c/a6/cf/2ca6cfb3195ebcbe75030d3ac1db2019.jpg,1296,2304,1,2026-09-08
2026-10-05,receita barata para o mes,1688918607337915,56,412,0,✨ JANTAR RÁPIDO COM 4 INGREDIENTES (SAUDÁVEL E DELICIOSO!) ✨,,,https://i.pinimg.com/originals/8d/b9/e0/8db9e07bd037b0a0252fd74fcd48c839.png,1024,1536,0,2026-05-19
2026-10-05,receita barata para o mes,AW-ON-fQsp3dStsVhqnoB_aNlfq2zj89Z9hjraW17Lf-eMvYUERm4yNG8AfHxNRFjJIcHp5MU-jyLo8tcARgqF0,57,1,0,Shop Contadina®,contadina.com,https://www.contadina.com/recipes/collections/everyday-italian/lasagna-soup,https://i.pinimg.com/originals/ee/37/00/ee3700b2a6f9acf319a61a00fd6e3f87.jpg,1200,1800,0,2026-08-20
2026-10-05,receita barata para o mes,5770305770203059,58,630,0,"🍝 Salada de Macarrão: a receita fácil, saudável e refrescante que transforma seu almoço ou jantar em uma refeição completa, leve e cheia de sabor! 🥗✨ Se você procura uma salada de macarrão prática, sa",instagram.com,https://www.instagram.com/p/DbQ5kD3Gkbf/,https://i.pinimg.com/originals/1d/30/3f/1d303ff413cb616eb4ca9fbe54b3869e.jpg,1080,1340,0,2026-08-17
2026-10-05,receita barata para o mes,AQ1KfjHWk74IFmLBvAE34hSD3GqFPMY4JAWqcIAifHxmc7AX_ct52pCDd9L_5ZmTx2yM1PUC9mFnOXPdY9tpiUQ,59,1,0,Nutritious Meets,filippoberio.com,https://filippoberio.com/recipes/swamp-soup/?utm_source=Pinterest&utm_medium=Paid&utm_content=Swamp_Soup&utm_campaign=Recipe,https://i.pinimg.com/originals/68/8f/08/688f084d36729e5c2042f60ae6ce8444.jpg,1000,1500,0,2026-02-19
2026-10-05,receita barata para o mes,ARRP7DetDBNfZ5F3NPICdoqnWUUUuolPsqWQhKlhXOH6Gs2Zme8vqXd1F8tVFPComVXWsO4PhBATIvxEH6eMp5w,60,3524,0,Sheet Pan Roast Chicken,stroller-envy.com,https://stroller-envy.com/15-budget-sheet-pan-dinners-almost-no-cleanup/#1-sheet-pan-roast-chicken-thighs-with-potatoes-and-carrots,https://i.pinimg.com/originals/bc/63/27/bc6327474384f9219e79375f59689026.png,941,1672,0,2026-06-25
2026-10-05,receita barata para o mes,AWLG9O57PmiL2YzTL9KbvvG8NcrhHCK1NbkeABeYH1oPO0CH5h6buKMuVBcv0983XouqPq7i64CuGHOPPjuNfQI,61,21,0,FixtureDisplays Snow Cone,wayfair.com,https://www.wayfair.com/FixtureDisplays--FixtureDisplays-Snow-Cone-Syrup-877PIT004253-L971-K~FXTU7662.html,https://i.pinimg.com/originals/f8/52/63/f852632a8806d3bbfa7915fcdbe42223.jpg,400,400,0,2026-03-25
2026-10-05,receita barata para o mes,4785143352460854,62,830,0,,,,https://i.pinimg.com/originals/2b/44/56/2b4456bcb1660bb82d65a83080148513.jpg,736,1308,0,2026-07-14
2026-10-05,receita barata para o mes,AVwzCvubkOSLwFSLwCSqKOe5UO3_MZ26VnyeQYZjl4HVJm5UnOjit6WS7oUN-2odXBufHsJhZ7uZEMk-b8MVqCk,63,700,0,Start Transformation Now!,quiz.betterme.world,https://quiz.betterme.world/first-page-generated?flow=3068&utm_source=pinterest&utm_medium=organic&utm_content=27_2025-07-11_ira_H-FemaleCutting_K-Remake_CT-29985_Ver-1_pn.jpg,https://i.pinimg.com/originals/8b/a0/46/8ba046a20a7d73109e4eab2401947f90.jpg,1080,1920,0,2026-01-31
2026-10-05,receita barata para o mes,25262447905722177,64,2533,0,Comendo assim e ainda perdendo peso? Sim! 🥗 Pegue minhas mais de 1000 receitas no link na biografia! ✨,instagram.com,https://www.instagram.com/p/DTOYaFVlUOC/?img_index=6,https://i.pinimg.com/originals/a5/c3/81/a5c3815d09a7fabce7b63fee8e2d268d.jpg,1080,1440,0,2026-08-10
2026-10-05,receita barata para o mes,944981934339445222,65,14,0,Macarrão Cremoso de Uma Panela Só | Receita Fácil,,,https://i.pinimg.com/originals/65/9f/42/659f42fca3d29e444e4f7450cdfce8a5.png,1024,1536,0,2026-09-30
2026-10-05,receita barata para o mes,Aa0yaMGt6G0fUU4hbteikXEhdd467XDN6O4YSUJx4DHzOnoH1EKMjSckEtKBZke5tHfIO7l1DXuNOBznd7ddLD8,66,0,0,"11pcs, Reusable ClearView",us.shein.com,https://us.shein.com/ark/default?scene=1&test=5051&ad_type=DPA&goods_id=57856785&pf=PINTEREST&url_from=PINADSDPA&ismg=294cb53954bd3a6e04cd814f56267de53f0242e0b98bf4ce60b715a3732e84c8_01_1791128058,https://i.pinimg.com/originals/20/3b/6f/203b6fbe67c7a087a2d61f6f7a637e8d.jpg,1340,1785,0,2026-09-23
2026-10-05,receita barata para o mes,AWr31KBjEeaizw239S0FtHRX86oNwNoCAMl3c3X19bDOxuAsEQT9h4jqqrvnjw2y52_n3Ux-EWavb0A47smu-5o,67,0,0,"Trapani 8"" Salad Plate",allmodern.com,https://www.allmodern.com/Wrought-Studio%E2%84%A2--Trapani-8-Salad-Plate-X112069098-L6424-K~A001311420.html?refid=PSO81-A001311420_1211896248&PiID[]=1211896248,https://i.pinimg.com/originals/61/87/be/6187be5f1ba44e448269ac10532080df.jpg,375,400,0,2025-08-22
2026-10-05,receita barata para o mes,871587334137913826,68,1,0,RECEITA FÁCIL E BARATA 🧆🤌🏻,,,https://i.pinimg.com/originals/9e/02/d7/9e02d76e7f648d289c80e282a268cc80.jpg,405,720,0,2025-03-14
2026-10-05,receita barata para o mes,71002131621743255,69,422,0,Jantar Saldável,meli.la,https://meli.la/2yVA2ZN,https://i.pinimg.com/originals/a4/17/a5/a417a5d0ab657444323162d41d504a57.jpg,736,1308,0,2026-09-26
2026-10-05,receita barata para o mes,Aff_H0_E1-EC-AC-4K8cV07d5K7k8UBD3tFx_Ccf8MlhOR79yTrE8CHtiN09Jd6srG4OtztQ58R1SZDmaxJn8SY,70,0,0,Shop EB Eggs for Skillet,click2cart.com,https://click2cart.com/3104000j?utm_source=pinterest&utm_medium=paidsocial&utm_campaign=masterbrand:_eb_rwb_classic_&_cf_+_cf_brown&utm_content=video_asset_-_limited_placement_typesskilletvideo2x3&utm_agency=zeta,https://i.pinimg.com/originals/8e/06/55/8e0655f3ca6329f204fa3eb0de25f4b8.jpg,1000,1500,1,2025-12-18
2026-10-05,receita barata para o mes,146930006589482606,71,45,0,Dieta Barata: 15 Dias para Criar Hábitos Mais Saudáveis 🥗,bright-taffy-8aa407.netlify.app,https://bright-taffy-8aa407.netlify.app/,https://i.pinimg.com/originals/80/9b/3e/809b3e76003e977dcfe18d652da77111.png,1024,1536,0,2026-09-07
2026-10-05,receita barata para o mes,9359111722955958,72,816,0,,instagram.com,https://www.instagram.com/p/Dc3jTfQut07/,https://i.pinimg.com/originals/55/33/fa/5533faa4cb853bf0f9bd63bca9e388c6.jpg,1440,1919,0,2026-09-26
2026-10-05,receita barata para o mes,632615078953061264,73,6,0,"🍽️✨ Receita fácil, rápida e deliciosa pro dia a dia!",,,https://i.pinimg.com/originals/08/90/ac/0890ac730039d7928459c459ba8abdbc.png,1024,1536,0,2026-03-01
2026-10-05,receita barata para o mes,457678380906172895,74,16,0,🍽️ 3 Ideias de Almoço Simples | Refeições Caseiras para o Dia a Dia,,,https://i.pinimg.com/originals/1c/8b/1d/1c8b1ddcd7a07e0841a9bf4eeff39544.png,1024,1536,0,2026-08-20
2026-10-05,receita barata para o mes,340021840645308359,75,64,0,,,,https://i.pinimg.com/originals/65/0f/4d/650f4df00b973051dedda7292b2648e9.webp,1080,1920,0,2026-09-15
2026-10-05,lanche saudavel,AeUWh_lLhCxmTA0CXCLxDnUsxwD8OeQmHfoMLjf7mIXI1_5NwCHebdDR_QM2DVh5JdGfr9x_XNMQPLBAAHABG18,2,0,0,Birthday Treat,ediblearrangements.com,https://www.ediblearrangements.com/fruit-gifts/birthday-treat-extravaganza-board-8590,https://i.pinimg.com/originals/b5/6b/88/b56b88e5bd546cd51360cbe314cd2da2.png,1200,1800,0,2026-08-07
2026-10-05,lanche saudavel,AVOM6PXKRM4B9na4byoeSgIgHBz5UEZBMU-S-lAlQfO5nadpAOb4N5PAY8xb3FoS9N8Dh1NXUGg3Q_pXDqCqYso,3,2,0,​Campbell’s® No-Boil,campbells.com,https://www.campbells.com/recipes/no-boil-cheddar-mac-cheese/?utm_medium=paid%20social&utm_source=Pinterest&utm_campaign=R&W_Mac_and_Cheese_Feed&utm_term=Level%20Up%20Labor%20Day&utm_content=Level%20Up%20Labor%20Day,https://i.pinimg.com/originals/2c/d0/45/2cd045cc0ff2c41485bb827cb0a37d16.jpg,1080,1620,1,2026-09-10
2026-10-05,lanche saudavel,AeLicLNJk81Cdwvrsmg-f6M6eoxrM68Kh22S1DpU_NA7tOqCyMowKQrlA07bttIvhvbgpUuzgZCcYuF1R741sos,4,1,0,"Breakfast Goals, Sorted.",honeybunchesofoats.com,https://www.honeybunchesofoats.com/,https://i.pinimg.com/originals/eb/d9/7f/ebd97f81c1768334be3ec38f2758d7d9.png,1080,1620,0,2026-09-24
2026-10-05,lanche saudavel,10485011664254486,5,243,0,Wraps de Frango com Abacate e Iogurte Grego 🌯🥑,,,https://i.pinimg.com/originals/10/2d/e6/102de6379f228ee8e20b434f8b3f39a8.png,1024,1820,0,2025-01-15
2026-10-05,lanche saudavel,5559199538494243,6,7620,0,,,,https://i.pinimg.com/originals/00/0d/5c/000d5cb936b23306d9d7a35e6679ca2a.jpg,1080,1920,0,2026-07-02
2026-10-05,lanche saudavel,914862422487564,7,2659,0,,,,https://i.pinimg.com/originals/9e/b1/99/9eb199db5e3817adcfb4653eb2f33f53.jpg,736,1279,0,2026-08-24
2026-10-05,lanche saudavel,AXsN2_8FjUTQGExNiiZOSb9uHaHmUoAfj3ha3LebCExOer8ydANvRj4sHk2FwqGoehh_EAUgqSaTIQLG__IuwZc,8,1,0,"Spaghetti & Meatballs,",shop.mikmak.ai,"https://shop.mikmak.ai/social/6a62e2b907d1f66a5d2c4880?utm_source=pinterest&utm_medium=paid_social&utm_campaign=f27_rao's_back_to_routine_search&utm_term=a25+&utm_content=marinara_recipe,_spaghetti_&_meatballs&utm_placement=pinterest_search&utm_marketing_tactic=awareness&utm_format=static",https://i.pinimg.com/originals/17/ca/b5/17cab56e6e5f62f92c54a7f294c4f74c.jpg,1080,1620,0,2026-09-04
2026-10-05,lanche saudavel,AY88sYhbFDPPpLp6U5B6bvOFFKMUAeu9fMPKqAfBWPTryRvESNIhb5K2f-Cs7FlrlEexh14D_zxU-c3MSKWYUgI,9,1,0,Serving up soup season,shop.mikmak.ai,https://shop.mikmak.ai/social/695febabef41118932e588b1?utm_source=pinterest&utm_medium=paid_social&utm_campaign=phg_btb_soup_growth_awareness_pinterest_2026&utm_content=pinterest_awareness_brand_spot_growth_soup_static_carousel&utm_marketing_tactic=Awareness,https://i.pinimg.com/originals/f1/23/65/f12365f8c3b1db5783079de0e4a4e7b6.jpg,1080,1080,0,2026-10-01
2026-10-05,lanche saudavel,507006870559038309,10,3318,0,Comidas Saudáveis,100receitasveganas.com.br,https://100receitasveganas.com.br/?ref=Y49378665K,https://i.pinimg.com/originals/8f/f6/7a/8ff67a0ff145e8c71d1bd89f05201222.jpg,736,920,0,2021-08-08
2026-10-05,lanche saudavel,ARMUgKngBPVCZ_u6NxHqCZAd2nTCeh0wCpmLPv8dYb5EDE1Wvi72jJs3AkmENCIpMIYiSQVDMzHqs19Mn1_cAew,11,2,0,Shop Del Monte®,shop.mikmak.ai,https://shop.mikmak.ai/social/6a98b691787b3e723a3b1635,https://i.pinimg.com/originals/ab/f0/64/abf064dcc70b4c69f3e8d543d0701224.jpg,1000,1500,0,2026-09-28
2026-10-05,lanche saudavel,2674081026869915,12,10,0,Breakfast 🥪,,,https://i.pinimg.com/originals/d7/ae/b4/d7aeb4882fd18c9f14f42f651064d337.jpg,1080,1920,0,2026-09-30
2026-10-05,lanche saudavel,AclFNpV22HcZfcHqilMFhWKgweSWaWwv09siFB0NuVNJvMFyT6jJcjrqoGMyeVQgesst5GTyv6r9mXVxRdkuf28,13,1,0,Bake with King Arthur,kingarthurbaking.com,https://www.kingarthurbaking.com/recipes/the-most-pumpkin-pumpkin-chocolate-chip-bread-recipe?utm_source=social&utm_medium=pinterest&utm_campaign=fy27fallap,https://i.pinimg.com/originals/1c/da/43/1cda43f809aaf4fcd134c215e6901cf2.jpg,1080,1080,0,2026-09-17
2026-10-05,lanche saudavel,12877548932448645,14,8597,0,Fuel up,,,https://i.pinimg.com/originals/07/45/1c/07451cf4563f6aab7e1aa89795a1065d.jpg,676,1200,0,2025-08-02
2026-10-05,lanche saudavel,15903404931240033,15,1604,0,,,,https://i.pinimg.com/originals/de/02/cb/de02cb829470a2a5ab3968d9dba7cfcd.jpg,674,1200,0,2026-08-24
2026-10-05,lanche saudavel,ATIZumZho9NFEC7JHbeuBjcIR1DE0M5WCMD5WjDHEdDM_C6LFIxnylLIUBLKMHKQNRUJkxI25_xRtYPaFmIFIvA,16,0,0,Soleil et Jardin,expedia.com,https://www.expedia.com/Hotel-Search?destination=Solaize&selected=574836&startDate=2026-10-08&endDate=2026-10-09,https://i.pinimg.com/originals/d1/e4/31/d1e431926a618b41150a8090b9eedd49.jpg,1000,1500,0,2026-09-18
2026-10-05,lanche saudavel,503840277085909494,17,55,0,,,,https://i.pinimg.com/originals/18/1f/d2/181fd234d2bc0586e24fbc2030ad0a21.jpg,736,1308,0,2026-06-21
2026-10-05,lanche saudavel,AbFM9wJlvRTZxNpAtkirOUEMU-2UX7D9MPpFmm3Q_B4epGIX7clHm6_ckNlYT4yUWKr4mFQqGwOTLvSfoW7aw8k,18,1,0,Your next discovery is,tiktok.com,http://tiktok.com/discovermore,https://i.pinimg.com/originals/f4/3e/3c/f43e3c3327aaec61e136aff8e87b6793.jpg,1080,1620,1,2026-09-21
2026-10-05,lanche saudavel,AbAKfLFQBju03EHxUGYlQS5SGInzjHLwW8Nu08_m3UqB8UiDwunT2o0QhV6FTuu011-ZV2BuhXdsQpLZwLfRCfk,19,1,0,Shop Contadina®,contadina.com,https://www.contadina.com/recipes/collections/everyday-italian/lasagna-soup,https://i.pinimg.com/originals/ee/37/00/ee3700b2a6f9acf319a61a00fd6e3f87.jpg,1200,1800,0,2026-08-20
2026-10-05,lanche saudavel,351912467529017,20,17553,0,,,,https://i.pinimg.com/originals/de/9d/59/de9d594e4f25594785223bb6f91f78fe.jpg,736,1308,0,2026-07-24
2026-10-05,lanche saudavel,654992339619608479,21,11,0,,,,https://i.pinimg.com/originals/e5/f6/3e/e5f63e3c4b51f7e56923868e472f590b.jpg,1080,1920,0,2026-09-25
2026-10-05,lanche saudavel,AekoX49Pd8DcQC-E6vzVrqrAEWjNhV_W2ibcoPcpAShWfeQAxY3ba9Q3UUsn1OPIoZAgg2rMoVvGbgECXuLlN5o,22,0,0,3 Compartment Wheat Fiber,homedepot.com,https://www.homedepot.com/p/LAIFUCAM-3-Compartment-Wheat-Fiber-Bento-Box-with-Lids-Microwave-Safe-Lunch-Box-BPA-Free-Meal-Prep-Container-3-Pack-11AS29G361/343052891?cm_mmc=psoc-pinprg-%7Bcampaignid%7D-%7Badgroupid%7D,https://i.pinimg.com/originals/4e/5d/77/4e5d77ff39553f29a5f6e809f933fb0a.jpg,1000,1000,0,2026-09-25
2026-10-05,lanche saudavel,479070479134722375,23,1,0,#افكار #افكار_لانش_بوكس #لانش_بوكس #لانش_بوكس_اطفال #لانش_بوكس_للمدرسه #لانش_بوكس_صحي #فطور #افطار #فطور_صحي #افطار_صحي,,,https://i.pinimg.com/originals/72/11/cd/7211cd45f2293005e3bfcfcb3b236cc4.jpg,1080,1920,0,2026-09-22
2026-10-05,lanche saudavel,AakpHKqtK80-uRw3pcy5VgxPoYXT7wUS595azJCLw42QqFY4XIegCy6d9366HrEIuphsEcvhDzCy4VCxknsBjws,24,1,0,Is REESE'S why so many,amazon.com,https://www.amazon.com/stores/page/C742F08D-F14A-4B88-8C82-09911045292F?channel=pinterest-paidsocial,https://i.pinimg.com/originals/cc/8b/94/cc8b94a80d8d4d7b30115e5e17b68b4e.jpg,1000,1500,0,2026-07-31
2026-10-05,lanche saudavel,17381148557006993,25,25998,0,,,,https://i.pinimg.com/originals/71/33/b5/7133b56cb67f8da3d91612b8a9f20a9c.jpg,736,965,0,2025-02-24
2026-10-05,lanche saudavel,1477812373586782,26,10239,0,,,,https://i.pinimg.com/originals/db/52/2f/db522ffce41a91deb7624a021d1a874d.jpg,736,913,0,2024-12-26
2026-10-05,lanche saudavel,1548181186522027,27,1829,0,,,,https://i.pinimg.com/originals/84/bf/20/84bf2032b80b7945135b1c58946013ed.jpg,2268,4032,0,2026-02-11
2026-10-05,lanche saudavel,422281212444317,28,6896,0,,,,https://i.pinimg.com/originals/6f/0c/19/6f0c195998ed4afb0dd13a6759ec6208.jpg,1284,2282,0,2026-01-27
2026-10-05,lanche saudavel,442549100906387076,29,6,0,Breakfast Sandwich Recipes: 15 Healthy & Easy Ideas for Busy Mornings,bestosmosisexperts.com,https://www.bestosmosisexperts.com/healthy-breakfast-sandwiches-ideas/?utm_source=Pinterest&utm_medium=organic,https://i.pinimg.com/originals/ae/da/58/aeda585a3a69942ddeeb89d57ce8fb4d.webp,683,1024,0,2026-09-08
2026-10-05,lanche saudavel,771874823684219457,30,5,0,,,,https://i.pinimg.com/originals/56/44/03/564403a53d4ee45f94c769db51c0a326.webp,1080,1920,0,2026-08-24
2026-10-05,lanche saudavel,7248049396169928,31,6438,0,,,,https://i.pinimg.com/originals/26/3b/30/263b30c5c9b2bd131b63f8f1d43a51cf.jpg,675,1200,0,2025-09-17
2026-10-05,lanche saudavel,56717276553381704,32,1827,0,🥬 Salada mix!,,,https://i.pinimg.com/originals/4d/f4/24/4df424b2ce3914580a6444d61143552c.jpg,1199,1599,0,2026-04-14
2026-10-05,lanche saudavel,81838918227791803,33,99,0,Café da manhã saudável ☕️✨,,,https://i.pinimg.com/originals/ce/aa/fa/ceaafa562a438fca68dcd9dc1bf1bcfe.jpg,1080,1920,0,2026-09-06
2026-10-05,lanche saudavel,Ab1VxFIfo7_0C4hUoguQPv-6yR3qxldrsj1Q3hFelazHrAwVXOjCHVpAUqy2XaGrGMR4UVR20hrnwnxOfoOkwSA,34,0,0,Who Knew Veggies Could,bobevansgrocery.com,https://www.bobevansgrocery.com/products/bob-evans-broccoli-cheese/?utm_source=pn&utm_medium=feed-stor&utm_campaign=fy27brand&utm_content=brocheesevid,https://i.pinimg.com/originals/df/62/ce/df62ce0a806ba01c7b5e19b5df84a12c.jpg,1080,1920,1,2026-09-30
2026-10-05,lanche saudavel,127860076917876290,35,201,0,almoço saudável,,,https://i.pinimg.com/originals/20/ca/25/20ca25f241aaf56eda8819080ab345c4.jpg,1080,1920,0,2026-09-28
2026-10-05,lanche saudavel,ARAaqhLopqSrEBUSsP8RKFtm1GgdmQM24eWBj3dXgmQpp344zda2YRzogDma4n9Sv3ybokBGu4CzlTbI0WMCkdk,36,3,0,MorningStar Farms,webstaurantstore.com,https://www.webstaurantstore.com/morningstar-farms-grillers-2-5-oz-prime-plant-based-vegetarian-burger-patty-case/871KEL104090.html,https://i.pinimg.com/originals/97/80/58/978058dbdf7170903f72c25a70a80847.jpg,1000,1000,0,2025-09-30
2026-10-05,lanche saudavel,ATTrAYb4o2xOTwRMNHDdnI5MH_9UjXhc-VL4ATaMembCbNgUmPnOOnpkzv1MHcp8cRT68Sv0c-Z_Whe-7kdfZHM,37,34449,0,"This tortellini pasta salad will be the hit of any party! With cheesy tortellini and a tangy Italian dressing, everyone will devour it.",insanelygoodrecipes.com,https://insanelygoodrecipes.com/tortellini-pasta-salad/,https://i.pinimg.com/originals/1f/ed/30/1fed30d140a69150f24e4de894529a14.jpg,1200,1800,0,2025-11-12
2026-10-05,lanche saudavel,34058540927847195,38,256,0,"Clean eating is all about enjoying whole, natural foods that nourish your body, and a buffalo chicken wrap can fit right into this lifestyle with a few simple tweaks. Imagine a wrap filled with spicy,",,,https://i.pinimg.com/originals/c4/02/bd/c402bdf02b68bcb882b9f30bb5a6da5c.jpg,736,920,0,2026-08-25
2026-10-05,lanche saudavel,14003448838506589,39,2029,0,,,,https://i.pinimg.com/originals/f5/17/b0/f517b0e4cde2c5869475ec455f216553.jpg,1080,1920,0,2026-06-04
2026-10-05,lanche saudavel,362750945007700549,40,90,0,,,,https://i.pinimg.com/originals/a8/e6/80/a8e68097f6849e61602f06a99b651c25.png,683,1024,0,2026-06-22
2026-10-05,lanche saudavel,92534967361686091,41,1473,0,,,,https://i.pinimg.com/originals/02/1a/bd/021abd27dadd6b6a166fc4fafc5f330a.jpg,675,1200,0,2025-12-28
2026-10-05,lanche saudavel,914862422414339,42,13312,0,,,,https://i.pinimg.com/originals/04/39/47/04394754d461573412134b960a6130fe.jpg,736,724,0,2026-07-30
2026-10-05,lanche saudavel,1125968743653023,43,5435,0,,,,https://i.pinimg.com/originals/3e/65/06/3e65064b7eca6f87f42922b6d328d28b.png,1320,2322,0,2026-05-16
2026-10-05,lanche saudavel,3588874698239061,44,3899,0,,,,https://i.pinimg.com/originals/bf/2d/aa/bf2daac42989620f73adfb82d68a96f7.jpg,736,1308,0,2026-02-09
2026-10-05,lanche saudavel,AWSlyMbK61cDFyXxtJn4WasnFaC-ffElZx7wsi7rPAVt5iZjfiZXDAGi2FtFSbN3xZW4HWDmM0TWCzwNuAmLC9M,45,229,0,Minced Chicken and Quinoa,stroller-envy.com,https://stroller-envy.com/minced-chicken-recipes/#wprm-recipe-container-64147,https://i.pinimg.com/originals/8d/c7/4e/8dc74e457aedd7254d778d7546250466.png,2000,3556,0,2026-05-27
2026-10-05,lanche saudavel,AVn9rPkWKcMVxebPxQMVoRtDrQaGHrQT4hFKy6-POkFLQz7H00YSgnShy2biio-t2J0GMaQTvA4bo2IGJw_LBEM,46,0,0,Temu | Healthy Recipes,temu.com,https://www.temu.com/ul/kuiper/un3.html?subj=dpa-un&_bg_fs=1&_p_jump_id=1082&_x_vst_scene=adg&goods_id=606965765896272&adg_ctx=a-88b06733~c-feb00ce3&_p_rfs=1&_x_ads_channel=pinterest&_x_ads_creative_id=%7Bproduct_partition_id%7D&_x_ads_id=%7Badgroupid%7D&_x_ads_set=%7Bcampaignid%7D&_x_ads_sub_channel=shopping&_x_ns_catalog_id=1567707391772&_x_ns_creative=%7Badid%7D&_x_ns_gid=606965765896272&_x_ns_,https://i.pinimg.com/originals/d9/f1/56/d9f156040e1af060a2e590ab8e3fab96.jpg,2000,3000,0,2026-08-20
2026-10-05,lanche saudavel,7388786884760727,47,498,0,Panqueca fit 🥞,,,https://i.pinimg.com/originals/c5/e8/1e/c5e81ed4812594bef884ea6d1927c0de.jpg,1080,1920,0,2025-10-07
2026-10-05,lanche saudavel,7740630607035307,48,955,0,Café da manhã,,,https://i.pinimg.com/originals/d0/54/00/d05400bfab0265aaddfa8c4d86cede1b.jpg,2250,4000,0,2026-07-23
2026-10-05,lanche saudavel,24910604184367497,49,1981,0,,,,https://i.pinimg.com/originals/9f/c1/fb/9fc1fbbc757c0ffe00c4ed8af4890716.jpg,564,1002,0,2024-07-29
2026-10-05,lanche saudavel,800655640040803388,51,25364,0,Story Instagram inspiração ✨️🤍,,,https://i.pinimg.com/originals/89/53/05/89530595ddb93a89ae5dc30a5758d7d0.jpg,736,1308,0,2024-07-07
2026-10-05,lanche saudavel,68609594318997151,52,481,0,Like🪁🃏💎,,,https://i.pinimg.com/originals/dd/e6/48/dde648a2058fd5705c65e5bfc427bfd6.jpg,736,1104,0,2026-05-04
2026-10-05,lanche saudavel,8514686792362226,53,2905,0,,,,https://i.pinimg.com/originals/7b/4e/1b/7b4e1b75279632490794d5bb6897f2d9.jpg,736,1308,0,2026-09-10
2026-10-05,lanche saudavel,1127448087984989601,54,1,0,,,,https://i.pinimg.com/originals/1d/15/62/1d1562ae821733b634661256430af84f.jpg,736,1104,0,2026-02-26
2026-10-05,lanche saudavel,1125968717026900,55,133018,0,𝜗𝜚,,,https://i.pinimg.com/originals/a2/7e/59/a27e59cbbf7c871ad1daec2c992f8978.png,564,740,0,2025-05-04
2026-10-05,lanche saudavel,7248049396006183,56,733,0,Lanche saudável prático e rápido || iogurte com granola,,,https://i.pinimg.com/originals/96/79/d2/9679d29363dd3dd3b01386cae0912808.jpg,1080,1920,0,2025-07-30
2026-10-05,lanche saudavel,ATBzZlzI2t75yM4YXoEcBLRMaJ4lUpQtNB9TmIcLVws-yOHrSD8Sxvegx1KSLZPusmW0Cy2RBWZcl5nxabnPgXM,57,1,0,Kroger Delivery keeps,kroger.com,https://www.kroger.com/pr/pickup-delivery-savings-4?cid=soc.pai.pint_convecommdependbluetruckdel_20260422_b:all,https://i.pinimg.com/originals/53/6f/52/536f5258f8c5b83b504df86662ea1e4d.png,1080,1920,0,2026-04-20
2026-10-05,lanche saudavel,9640586697545382,58,5566,0,,,,https://i.pinimg.com/originals/ff/3a/a4/ff3aa4e5358818d8289a443665357d5b.jpg,736,1308,0,2025-04-30
2026-10-05,lanche saudavel,Afj0-fPuIF0AmLW-_Rreml_69eyntqBCXeb190H9cyq7CE7q1xCexxqWkbGhsDrV1y_DXlm3cVaacDvctHNUrio,59,34,0,Shop Contadina®,contadina.com,https://www.contadina.com/recipes/collections/everyday-italian/tomato-feta-pasta-bake,https://i.pinimg.com/originals/b3/96/16/b396166fd64f24c75df1dce51a8ee0fb.jpg,1440,2560,0,2026-08-27
2026-10-05,lanche saudavel,134615476357454362,60,144,0,#breakfast#americano,,,https://i.pinimg.com/originals/bd/29/57/bd2957f2031bc3f5e6c58485633bc15c.jpg,1080,1920,0,2026-09-29
2026-10-05,lanche saudavel,AbFlmLNs_YK3UOsw2iIiNCjMJWsYpZgnTWurD7bZanF-90ACavL36jqveBwflYbZ-Iq0zohTX-KHjwNJmVz2j4c,62,1,0,Sesame Wheat Bread made,kingarthurbaking.com,https://www.kingarthurbaking.com/recipes/sesame-wheat-recipe?utm_source=social&utm_medium=pinterest&utm_campaign=fy27fallwholegrains,https://i.pinimg.com/originals/d4/53/5f/d4535f4c2b3374a924f9747aafcd5657.jpg,1080,1080,0,2026-08-20
2026-10-05,lanche saudavel,11681280281093909,63,3389,0,,,,https://i.pinimg.com/originals/d8/cd/02/d8cd02f8c4b7145b1b38192076b981f5.jpg,563,857,0,2026-09-22
2026-10-05,lanche saudavel,4925880836942922,64,751,0,Café da manhã saudável com suco de acerola e wrap recheado com queijo mussarela,,,https://i.pinimg.com/originals/86/ac/83/86ac83241e150eb5f458bff734c1fcb7.jpg,1080,1920,0,2024-11-19
2026-10-05,lanche saudavel,ARWV76CJoCrbGHxFMjd3a-Mz2RC_D7OL-KHH9pyZ18akgXhLxzlqHRKLZiSvP1-l-LfJzbD4ZnEqEmg8eV8q9uQ,65,1,0,More Almonds in Every Bar,instacart.com,https://www.instacart.com/store/brands/cadbury/fruit-and-nut?ic_source=pinterest&ic_medium=paidsocial,https://i.pinimg.com/originals/41/0f/a9/410fa91ac84fc4f3f900ffbb43f31866.jpg,1000,1500,1,2026-09-15
2026-10-05,lanche saudavel,Ac76XoIW7ah57yuNqT_eAeouYcFKfJycmJgvRIWO1_Wkb9Nu6uNVnq1JTq0fSP3r2rUcTSb2QZaj50lxOBERjp4,66,0,0,Blue Tree Premium,hotels.com,https://www.hotels.com/Hotel-Search?destination=Barueri&selected=11803156&startDate=2026-10-11&endDate=2026-10-12&catalogRunId=42624,https://i.pinimg.com/originals/0a/b7/f8/0ab7f88f6d2f7a7eb09d1a70a3f1b195.jpg,1000,1500,0,2026-09-19
2026-10-05,lanche saudavel,AfzGT6m24rvVE-HKOmYMIVtX6KbkiRzwPiOkHCZHaWK5TUvKwZgXpEla4TZImBmG8urX4c91dHIVgRhsRwZTkuk,67,0,0,Forest,expedia.com,https://www.expedia.com/Hotel-Search?destination=Burnley&selected=19818333&startDate=2026-11-04&endDate=2026-11-05,https://i.pinimg.com/originals/ce/7a/94/ce7a94f04a0f7cc1989b62af04fe7dc4.jpg,1000,1500,0,2026-08-15
2026-10-05,lanche saudavel,8373949304136285,68,6551,0,,,,https://i.pinimg.com/originals/c9/73/81/c973817e0717088af8c86251084114cc.jpg,1080,1920,0,2026-05-01
2026-10-05,lanche saudavel,218283913186796260,69,135,0,Salada de atum nutritiva,panelinhadesabores.blogspot.com,https://panelinhadesabores.blogspot.com/2023/07/salada-de-atum-nutritiva.html?m=1,https://i.pinimg.com/originals/3f/db/1e/3fdb1eedb56f7e8f5bfc10c17b8e8ecc.jpg,3024,4032,0,2026-09-27
2026-10-05,lanche saudavel,824581013075292939,70,2,0,,,,https://i.pinimg.com/originals/73/6e/cc/736ecc099f8905c18ba934100be930f5.jpg,1080,1920,0,2026-09-09
2026-10-05,lanche saudavel,914862422502501,71,4882,0,💜,,,https://i.pinimg.com/originals/8c/ef/4a/8cef4a32e3893d79c9b4b574fa4f13d0.jpg,640,849,0,2026-08-30
2026-10-05,lanche saudavel,3025924746418339,72,4790,0,Mais um dia n vida fitness ✨,,,https://i.pinimg.com/originals/89/a4/76/89a476a849ca3019547ac0172b25bc98.jpg,1290,2255,0,2025-11-11
2026-10-05,lanche saudavel,21392166975036062,73,600,0,"Querem mais receitas como essa? Garanta meu ebook com 150 receitas saudáveis + lista de compras + 10 receitas de chás para desinflamar e desinchar+ 10 receitas de sucos detox só R$29,99 , mais barato ",,,https://i.pinimg.com/originals/bb/99/25/bb99250a6bd7b42b7e7d0ef133d97927.jpg,375,666,0,2026-09-09
2026-10-05,lanche saudavel,13159023906889883,74,55,0,✨,,,https://i.pinimg.com/originals/a4/15/99/a41599bfc0340d9594036498df57b63a.jpg,1776,2364,0,2026-09-09
2026-10-05,lanche saudavel,22869910605397498,75,579,0,,,,https://i.pinimg.com/originals/8c/f1/e2/8cf1e235e9cca2987f39dc009882bd78.jpg,736,1308,0,2026-09-26
2026-10-05,bolo caseiro simples,25473554138503031,2,451,0,,instagram.com,https://www.instagram.com/p/DL2i6Fix7C4/,https://i.pinimg.com/originals/08/c2/12/08c212e81507f92696885e8f8bfcc11b.jpg,1080,1350,0,2026-05-28
2026-10-05,bolo caseiro simples,AWSERBTiKTDSiWoktMEL4n3MlViadvT244fUARspiBfKf-HxK6gjDutx_6c9rgHhQmGJDWAKI8OHaQnmAiABYAE,3,0,0,Full of Fun Vanilla Cake,ediblearrangements.com,https://www.ediblearrangements.com/fruit-gifts/full-of-fun-vanilla-cake-9810,https://i.pinimg.com/originals/64/ad/ad/64adadc78729d74ae042069e6272eeb8.jpg,1248,1824,0,2026-08-07
2026-10-05,bolo caseiro simples,25473554137692391,4,508,0,Bolo Mesclado PERFEITO,youtu.be,https://youtu.be/Sacehl-WIf4,https://i.pinimg.com/originals/01/89/33/0189334e9f877711dba573800c85daf4.jpg,800,1200,0,2025-08-30
2026-10-05,bolo caseiro simples,AYszmeh7oTwE8TZONEb6Pepww2T9IvG2mZcM03p7nGfgBqzCZC3BnKAU51kJ8ySfpd_ijBz1gEtigPkZyGieRgw,5,0,0,1-800-Flowers Birthday,1800flowers.com,https://1800flowers.com/lemon-cake-186550,https://i.pinimg.com/originals/9c/85/19/9c8519754f6a8d77cf40d34c73f0f4de.jpg,1248,1824,0,2026-07-18
2026-10-05,bolo caseiro simples,429249408274362345,6,11,0,Easy and Elegant Lemon Rose Cake Everyone's Making,,,https://i.pinimg.com/originals/8d/2e/31/8d2e31a47666b406d7f89376e37e9ab5.webp,810,1440,0,2026-09-10
2026-10-05,bolo caseiro simples,1010635972648039497,7,2,0,RECEITA_DOCE_BOLO Exclusivo | Estilo e Praticidade,s.shopee.com.br,https://s.shopee.com.br/2LTtcXMipn?channel_type=pinterest,https://i.pinimg.com/originals/38/45/33/384533c92774e4ca754bbc6c07e605c2.jpg,736,1103,0,2026-03-27
2026-10-05,bolo caseiro simples,Abgpk9T7NxBxntYxx8H9M4sdvAiNFiDcvV5ptnTQGz0eW14NzhvWalZ7qvikRzgS7jaRVoypmbFgmGSxVF2Y84Q,8,1,0,Pumpkin Espresso Bundt,kingarthurbaking.com,https://www.kingarthurbaking.com/recipes/pumpkin-espresso-bundt-cake-recipe?utm_source=social&utm_medium=pinterest&utm_campaign=fy27fallwholegrains,https://i.pinimg.com/originals/04/1c/78/041c783df8e8d9a75e7fe52be6cd2ca8.jpg,1080,1080,0,2026-08-20
2026-10-05,bolo caseiro simples,AX4pLEuSvaV9bAlSljcd3OUM9GzFmHb9D0QFpJomhRYUo-_PWo5LDYzaynvXtijgVAQJ7MfOtTFFP9QNOdBNquo,9,221,0,An Easy Cake Recipe for,thismessisours.com,https://thismessisours.com/easy-cake-recipe/?referrer=slick-on-page,https://i.pinimg.com/originals/6f/4c/32/6f4c320d50dc345e5075724ab6101f42.jpg,1200,1800,0,2026-08-17
2026-10-05,bolo caseiro simples,AfstArhGzZizj_ndmfo7lPJvAeJQ2TCmZa48CO4iZWwaswJk8p8uCwGHp7R3YnJSaT8iOVoMTWRJtGaJFybwkvE,10,2,0,Loaf Cake Recipes: Easy,amazon.com,https://www.amazon.com/Loaf-Cake-Recipes-Easy/dp/B0DRT7KK4B?ref_=pinterest_fplfs,https://i.pinimg.com/originals/fe/b4/33/feb43370f08657f74b3e61647a8527d1.jpg,1000,1422,0,2026-04-17
2026-10-05,bolo caseiro simples,12525705209393449,11,1149,0,,,,https://i.pinimg.com/originals/13/c2/65/13c265c9b48fced6f8b27f7564ad45d3.jpg,736,1308,0,2026-03-18
2026-10-05,bolo caseiro simples,110619734593952077,12,25,0,Bolo Formigueiro Fofinho — Receita Fácil,m.youtube.com,https://m.youtube.com/shorts/OoZTpSiDo8Y,https://i.pinimg.com/originals/83/d4/5d/83d45d1fc0d341b1a592fa31db03d795.jpg,405,720,0,2026-02-15
2026-10-05,bolo caseiro simples,AaZhppfE92kGq4kyP7sHqy3q5L0pH_1G9428SwLQV4Y7mP9LcAaEPEEqQDwoewsdkb_FbijY8UvIn4gemXVemAA,13,1412,0,15 Small-Batch Cakes &,stroller-envy.com,https://stroller-envy.com/15-mini-cake-recipes-for-the-weeks-you-want-dessert-without-a-9x13/,https://i.pinimg.com/originals/b7/27/bc/b727bc149379432985296997fa9227bd.png,1728,3072,0,2026-06-15
2026-10-05,bolo caseiro simples,AZs7WZMmJja0fcnXed781MWi3BTiciMcfkhFj29D68mv8SXuutFyKlJcyluJDtFhIlKApbLdnrhf_MZmvPe_y3M,14,31,0,Apple Sauce Chocolate,northcoast.organic,https://www.northcoast.organic/north-coast-chocolate-apple-sauce-cake/,https://i.pinimg.com/originals/e4/4a/d4/e44ad41e96c8aeb8b2987a98218b3f13.png,1000,1500,0,2025-01-29
2026-10-05,bolo caseiro simples,32932641020560306,15,238,0,Bolinho Fofinho de Trigo 🎂😋 📝 Ingredientes 3 ovos (gemas e claras separadas) 1 xícara (chá) de leite 1 xícara (chá) de açúcar (240 ml) 2 xícaras (chá) de farinha de trigo peneirada 4 colheres (sopa) d,instagram.com,https://www.instagram.com/p/DL3Qhxppn69/,https://i.pinimg.com/originals/d3/5b/79/d35b795d5a45a20d59106eddd26645fe.jpg,1080,1350,0,2026-01-16
2026-10-05,bolo caseiro simples,766808274035635091,16,216,0,Bolo de cenoura de liquidificador: aprenda a receita em 3 passos,gazetadopovo.com.br,https://www.gazetadopovo.com.br/bomgourmet/bolo-de-cenoura-de-liquidificador/,https://i.pinimg.com/originals/5c/57/55/5c57556c735d58a6fa2c31a8e2618f4e.jpg,670,991,0,2019-06-19
2026-10-05,bolo caseiro simples,AedytRq14MirimdVU43B8cRHVVFwiqDMyV_kQr2L_upKFPA8oIaAuPUgJnSMHrXOmSw1i2xFIbE0z37_ozcy7lw,17,13,0,Looking for something Zesty? This Blueberry & Lemon Olive Oil Cake is perfect for any occasion 🫐🍋 Enjoy with a triple berry breez'r! Find the full recipe on our website!,instagram.com,https://www.instagram.com/reel/DMvzxvJ1Kdd/,https://i.pinimg.com/originals/57/30/49/5730494214a71df9a84506fe5bd66a0c.jpg,1080,1919,1,2025-07-31
2026-10-05,bolo caseiro simples,673499319321355201,18,4,0,,minhasreceitinhas.com.br,https://minhasreceitinhas.com.br/receita/bolo-de-laranja-de-liquidificador-receita-fofinha-sem-acucar-oleo-ou-gluten/,https://i.pinimg.com/originals/56/1f/b5/561fb568f0e1bdce6fbefc10a69d1145.webp,1024,1536,0,2026-04-13
2026-10-05,bolo caseiro simples,23292123068718118,19,9,0,Bolo Formigueiro,go.hotmart.com,https://go.hotmart.com/G106901957S?dp=1,https://i.pinimg.com/originals/e4/e8/00/e4e800aacb19daf2f72cd4b6762bf742.webp,1632,2176,0,2026-09-30
2026-10-05,bolo caseiro simples,481111172722339010,20,19,0,"postres.bz - Bizcocho fácil y muy rápido, recuerda guardarlo 😋...Ver más",facebook.com,https://www.facebook.com/photo/?fbid=1371848257641236&set=a.756225712536830,https://i.pinimg.com/originals/6f/a2/49/6fa2497846cdde12b9117a80bb9c6dc0.jpg,1024,1536,0,2026-09-11
2026-10-05,bolo caseiro simples,AbNgXyk_VnEslaVZH-dxDyrILuCDcJYWOd8j8NlbqksFbA_a1eKFZXE2YxMruiZgzZ9eCfNTvxm9WgjUyzKwlcU,21,0,0,Pound Cake Perfection: 98,amazon.com,https://www.amazon.com/Pound-Cake-Perfection-Simple-Recipes/dp/B0CM31X3HH?ref_=pinterest_fplfs,https://i.pinimg.com/originals/b7/3d/59/b73d59d91b72a80960020bf8283435f6.png,1000,1499,0,2026-05-13
2026-10-05,bolo caseiro simples,AfsAYmrXojR71KdwNi2BZB-UijX3ulMTZU9faRN2OwQ-8wb51-Di9UZ-KPmby7fLYdO0H3qdVOeHMoznRekXk-E,22,1,0,Gluten Free Birthday,shop.gfjules.com,https://shop.gfjules.com/collections/mixes/products/gfjules-gluten-free-cake-mix,https://i.pinimg.com/originals/8e/0c/cf/8e0ccfb8fbab50c4b01d4043184ee95f.png,1000,1500,0,2026-02-18
2026-10-05,bolo caseiro simples,1093037772096737171,23,1,0,bolo caseiro,pay.kiwify.com.br,https://pay.kiwify.com.br/iBtf0mg?afid=KI6OOy1D,https://i.pinimg.com/originals/ef/c5/24/efc524291b064a6cc6458cea24f6fe00.jpg,736,1307,0,2026-09-24
2026-10-05,bolo caseiro simples,45036065015791328,24,777,0,Bolo de fubá fofinho,guiadacozinha.com.br,https://guiadacozinha.com.br/tag/bolos-para-o-cafe-da-tarde/,https://i.pinimg.com/originals/d1/04/d9/d104d9d85456f03652cdbd34747eafd7.jpg,768,1024,0,2023-03-21
2026-10-05,bolo caseiro simples,AXeHv1J2vK8CbwEwT5wkEp_rrEbIJOhDY9s2Xl0yn4TB32L3wxlCxhu01C4ydEE7P3NN7rsLGB__Ukiw446l7nE,25,6,0,Four Beautiful Cakes. One,everythingkitchens.com,https://www.everythingkitchens.com/nordic-ware-bundt-quartet-pan-premier-gold-collection-91377.html,https://i.pinimg.com/originals/67/ab/67/67ab679eef6dd3925b5d30f4122aae19.jpg,1000,1500,0,2026-07-07
2026-10-05,bolo caseiro simples,AROltwp38CgXgWOziKlQEnoSCxwrDgZlU-OprJfxBun5TDVJIZI1EtXCUYZaJwQFpWrrFzjDILy_WU4f8Uv6v5Q,26,1,0,Hahn's Bakery 20-Slice,webstaurantstore.com,https://www.webstaurantstore.com/hahns-bakery-20-cut-caramel-apple-german-crumb-cake-half-sheet-11-lb-case/108HAHAPH20.html,https://i.pinimg.com/originals/24/05/6d/24056db0b01c10777b1d2bc17b5f5176.jpg,1000,1000,0,2025-09-30
2026-10-05,bolo caseiro simples,914862419125470,27,1698,0,Bolo verde de limão,ricotaemaricota.com,https://ricotaemaricota.com/bolo-verde-de-limao/,https://i.pinimg.com/originals/c1/08/6c/c1086cf4bcb7392a3c6558e1cb564bdc.jpg,736,1104,0,2023-10-06
2026-10-05,bolo caseiro simples,27795722695975705,28,709,0,"Bolo de Cenoura com Chocolate 🍫🥕 Clássico, fofinho e com aquela calda de chocolate que escorre conquistando corações! 💛 Esse é o tipo de bolo que abraça a alma e faz qualquer tarde ficar mais doce! 📲 ",instagram.com,https://www.instagram.com/p/DNA-NvjOC9Y/,https://i.pinimg.com/originals/72/54/f8/7254f897523545557f1b78c643b12cfe.jpg,1199,1199,0,2025-11-16
2026-10-05,bolo caseiro simples,507429083038299043,29,42,0,Bolo Caseiro | passo a passo,pin.it,https://pin.it/3cN3MxTwS,https://i.pinimg.com/originals/38/21/04/38210497e4dddbb78b73b2049081729d.jpg,1080,1356,0,2026-08-04
2026-10-05,bolo caseiro simples,97108935747596738,30,21,0,De Principiante a Repostera Profesional,hotm.io,https://hotm.io/Curso_Reposterias,https://i.pinimg.com/originals/48/06/34/48063480e9cf53ed342eaf90abe8d8e5.jpg,600,900,0,2026-09-08
2026-10-05,bolo caseiro simples,425660602304244432,31,11,0,,,,https://i.pinimg.com/originals/58/8c/0a/588c0a72e8b86b30a39c650ade4b7975.jpg,526,789,0,2026-07-05
2026-10-05,bolo caseiro simples,778770960624961146,32,1,0,🍊 Bolo de Laranja fofinho e super fácil de fazer! Ingredientes: • 3 ovos • 2 laranjas sem casca e sem a parte branca • 1½ xícara de açúcar • 1 xícara de óleo • 2 xícaras de farinha de trigo • 1 colher,instagram.com,https://www.instagram.com/reel/DbbYGZsPWZW/,https://i.pinimg.com/originals/66/e5/d6/66e5d62de37877cf338b8bf01206a90e.jpg,720,1280,0,2026-09-10
2026-10-05,bolo caseiro simples,753719687657350090,33,729,0,Caseiro chocolate,linkme.bio,https://linkme.bio/cupcakesclarisse?fbclid=PAAabTaW16Ek6SAs_k3XN5ALzJsFdJclehfM_XrqZCsBuWpKoSrybgRnKZ92k,https://i.pinimg.com/originals/d4/80/c0/d480c0da9e8560ef3c9d80e87e6b0a1a.jpg,900,1200,0,2023-02-12
2026-10-05,bolo caseiro simples,15903404931109659,34,265,0,Bolo de Fubá + Versões Mega Tradicionais Para Se Deliciar,sabornamesa.com.br,https://www.sabornamesa.com.br/bolos/bolo-de-fuba-simples-e-rapido,https://i.pinimg.com/originals/90/94/e7/9094e77c66b0886ba54c06bb9828443b.jpg,1000,1500,0,2026-07-08
2026-10-05,bolo caseiro simples,14144186324893309,35,609,0,12 receitas de bolo simples para o lanche da tarde • Cozinha Legal,cozinhalegal.com.br,https://cozinhalegal.com.br/receita/782/12-receitas-de-bolo-simples-para-o-lanche-da-tarde,https://i.pinimg.com/originals/bb/6d/b0/bb6db02262e33121407e968b6c611920.jpg,600,900,0,2024-09-24
2026-10-05,bolo caseiro simples,26599454046783642,36,21,0,"Conhecido por sua aparência encantadora e pelo sabor irresistível, nosso Bolo Formigueiro (R$26) é a pedida certa para o cafezinho da tarde ☕ Ah, também disponível na versão Baby (R$18). Garanta que s",instagram.com,https://www.instagram.com/p/DVJq-v4EV2g/,https://i.pinimg.com/originals/56/2e/33/562e3398c0ff4453076f19cb64486630.jpg,1350,1687,0,2026-09-06
2026-10-05,bolo caseiro simples,12525705209393855,37,176,0,,,,https://i.pinimg.com/originals/26/66/f1/2666f1c3567e7cf436d86ad6bf2617b5.jpg,1284,2282,0,2026-03-18
2026-10-05,bolo caseiro simples,116952921569956720,38,22,0,BOLO 6 INGREDIENTES DE LIQUIDIFICADOR 🍰,,,https://i.pinimg.com/originals/6d/f0/59/6df0593baee9f300672f52a3345fd769.jpg,1536,1920,0,2026-09-12
2026-10-05,bolo caseiro simples,AZROW8f-pThL6dvSX5dbsMJjGCuE1pU91Ej5iF9yYlUedWd20OpWHqFjWNtNCuhJ9e5dtdza1V1N-xMDaW-i3pw,39,0,0,Large Traditional Apple,walmart.com,https://www.walmart.com/ip/Large-Traditional-Apple-Walnut-Coffee-Cake-3-1-lb-Fresh-Moist-Apple-Cake-with-Cinnamon-Streusel/5078225049?wmlspartner=wlpa&selectedSellerId=101022768,https://i.pinimg.com/originals/a5/6c/20/a56c20ca52a3c027fd4d2fcfc7128a0a.jpg,1244,1244,0,2026-09-25
2026-10-05,bolo caseiro simples,37084396928227416,40,548,0,Bolo de churros,,,https://i.pinimg.com/originals/f4/f2/64/f4f264e6a306b55492d42c062d276072.jpg,675,1200,0,2025-02-17
2026-10-05,bolo caseiro simples,AcLK5N25fp7m3T1j9g4EdHPgYne38xdyzR31djVqlRp8KuNItcoYuGYkgcxOLmQMbQb9Gmhba7BS__dyBvbyzbs,41,1,0,Cocina Pastelería y,amazon.com,https://www.amazon.com/Cocina-Pasteler%C3%ADa-Reposter%C3%ADa-Recetas-Cupcakes/dp/B08NWQZR1Z?ref_=pinterest_fplfs,https://i.pinimg.com/originals/37/dd/93/37dd9328242a0121d1952b66165a7036.jpg,1000,1500,0,2025-10-20
2026-10-05,bolo caseiro simples,AXEn-PuMalRf0GlHODhRseYNYLBx919Esaq4F20rVFI5L4ko7YUCQy_xj8vwJKa7gcTRQ4LacVK4g9JsE09Tv3k,42,1548,0,❤️ Ding Dong Cake Recipe,insanelygoodrecipes.com,https://insanelygoodrecipes.com/ding-dong-cake/,https://i.pinimg.com/originals/5c/1f/36/5c1f36f3b6f1b0ecaf13b77b2f17d007.jpg,1200,1800,0,2025-11-19
2026-10-05,bolo caseiro simples,164240717652916070,43,164,0,patricia_reis_na_roca on Instagram: __ Bolo de arroz !!! Uma receita simples que me surpreendeu pelo sabor delicado e sua massa super fofinha e leve ...👇😋 INGREDIENTES 1…,instagram.com,https://www.instagram.com/reel/CeJou9eFWXk/?igshid=MDJmNzVkMjY=,https://i.pinimg.com/originals/48/63/87/486387e3336293a2a8bcf6d4e4c3267a.jpg,540,960,0,2022-06-24
2026-10-05,bolo caseiro simples,26599454046130578,44,246,0,Por que o bolo fica solado? Aprenda 4 truques para fazer bolos fofinhos,search.app,https://search.app/dWsrn8ZFZmnhgzx5A,https://i.pinimg.com/originals/ab/83/27/ab8327b93eeb4eb939ac46e400270d59.jpg,600,921,0,2026-02-08
2026-10-05,bolo caseiro simples,582301426881648133,45,999,0,Curso de Bolo Caseiro Para Vender - Marrara Bortoloti,doceriagourmetdesucesso.com,https://doceriagourmetdesucesso.com/curso-de-bolo-caseiro-para-vender/,https://i.pinimg.com/originals/54/dd/98/54dd98082ad2c0a38c45356d2ad143f2.jpg,768,1024,0,2026-08-05
2026-10-05,bolo caseiro simples,8725793025416027,46,4725,0,,,,https://i.pinimg.com/originals/fe/37/c4/fe37c45a699150c941c3815115343c34.jpg,2268,4032,0,2025-11-25
2026-10-05,bolo caseiro simples,AX8hwpzKLoBpBJfJkSBvh4aEGWmxfpfHlfjMr4_HqEH3-1dqwQFlet0,47,55,0,Simple cake Recipe | Food From Portugal,foodfromportugal.com,http://www.foodfromportugal.com/recipe/simple-cake/,https://i.pinimg.com/originals/36/01/85/360185b810966407e8a0d88d3127cc39.jpg,735,811,0,2017-11-04
2026-10-05,bolo caseiro simples,546413367309713231,48,187,0,Receitas de Arrasar e Confeitar,facebook.com,https://www.facebook.com/share/12LUMaVXbRi/,https://i.pinimg.com/originals/3d/41/15/3d41157ae00b2aa96bf0816f33683326.jpg,1080,1350,0,2025-05-21
2026-10-05,bolo caseiro simples,6051780744908715,49,331,0,Bolo de iogurte,receiteria.com.br,https://www.receiteria.com.br/receita/bolo-de-iogurte/,https://i.pinimg.com/originals/48/f7/46/48f746836f67a2660a999894d80dc8c8.jpg,730,913,0,2025-04-07
2026-10-05,bolo caseiro simples,4362930885067521,50,1724,0,,,,https://i.pinimg.com/originals/c2/f6/f8/c2f6f8536589ac57d18f9aa3346acfbc.jpg,360,640,0,2026-07-19
2026-10-05,bolo caseiro simples,190980840444253337,51,31,0,BOLO FORMIGUEIRO SIMPLES,cozinhalegal.com.br,https://cozinhalegal.com.br/receita/626/Bolo-formigueiro-simples,https://i.pinimg.com/originals/1b/cf/38/1bcf388e2720a4d8a1b5faa994212668.jpg,600,900,0,2025-03-11
2026-10-05,bolo caseiro simples,AYSKuKDmWIHHOaegGrbpemI_snp3V7MhSesoqOj5emw8hQTyT5HtS6E1XOOf96O6fEALWugCKWSVqv1n0qxoHQc,51,0,0,Need dessert ideas? Find,tiktok.com,http://tiktok.com/discovermore,https://i.pinimg.com/originals/12/3b/25/123b2597d56c344c116cd6cd75703e54.jpg,1000,1500,1,2026-09-21
2026-10-05,bolo caseiro simples,Ac0s7gdBV3-Q59oPNK2y9oFzfzkmR1R8dpyE0MVlC21zQwYBUZ6bKb5Ef6YiklLV9sDMn5CwjHzdNimuUs9vU9U,52,1,0,Easy Gluten-Free Lava,amazon.com,https://www.amazon.com/dp/B00OZENTBE,https://i.pinimg.com/originals/9b/45/3a/9b453a151f21fb67ea54d16b7b034dc3.jpg,1000,1501,0,2026-08-28
2026-10-05,bolo caseiro simples,ARbF29oNPlFI4Sd59DGGVQNQzLHkfV8DqSZDA3w5rFuO3yDfui2ScPAKIQhdhPK9fEZpmNEX6WHlUoeA2hSaQRk,53,6,0,Nordic Ware Naturals® 2,wayfair.com,https://www.wayfair.com/Nordic-Ware--Nordic-Ware-Naturals%C2%AE-2-Piece-Angel-Food-Cake-Pan-54901-L610-K~NWR1221.html?refid=PSO49-NWR1221,https://i.pinimg.com/originals/e3/98/0a/e3980a3cf11bbc6392f6122b51f2d587.jpg,400,400,0,2026-07-02
2026-10-05,bolo caseiro simples,AczzzotrhHDpsSvAVwCKTjegBTSF_K9ClzTNqA7mDZrnS8uqZ96ffCJOjUigbbE8_q67Sv9vfxCsZuhHLmsDDuE,54,0,0,Brilliant 9 in. Square,homedepot.com,https://www.homedepot.com/p/Nordic-Ware-Brilliant-9-in-Square-Pan-13280M/336546422?cm_mmc=psoc-pinprg-%7Bcampaignid%7D-%7Badgroupid%7D,https://i.pinimg.com/originals/a7/05/3a/a7053aed6c86bcbf0da2d870548e10e7.jpg,1000,1000,0,2026-08-08
2026-10-05,bolo caseiro simples,671177150744516787,55,50,0,Bolo de fubá: veja o passo a passo pra fazer bonito neste básico da cozinha,uol.com.br,https://www.uol.com.br/nossa/noticias/redacao/2024/04/30/bolo-de-fuba-aprenda-o-passo-a-passo-do-tradicional-doce-e-surpreenda.htm,https://i.pinimg.com/originals/fd/a0/42/fda0429dd2332bbce930e6741bbebc95.jpg,624,833,0,2024-04-30
2026-10-05,bolo caseiro simples,69805862969741205,56,146,0,129K views · 28K reactions | 🤎🤍 Delícia de bolo!!! Amo demais o que faço.😍😍😍 #boloscaseiros #feitocomamor #bolosvulcões #viralreels #viral | Ebook de receitas | Facebook,facebook.com,https://www.facebook.com/reel/1951545735474730?fs=e&fs=e,https://i.pinimg.com/originals/ba/71/4a/ba714a3c555304e59d0ec51c358c8259.jpg,640,1136,0,2026-04-17
2026-10-05,bolo caseiro simples,AZG_aXmyCDnNHJgpMxB1Sp0PJ2nSIc0CNsu1RVZba9hJsMJzlaVC7cd8gnJ6wjzxSMqa_c3TDGEsUAM4OjBgyMo,57,0,0,48/96pcs Butterfly Cake,us.shein.com,https://us.shein.com/ark/default?scene=1&test=5051&ad_type=DPA&goods_id=78675685&pf=PINTEREST&url_from=PINADSDPA&ismg=239f4cf0e3cc8ac481c9449fd6a2db739547ff93725e47d54e4db6ccc2800e71_01_1791128130,https://i.pinimg.com/originals/df/62/d4/df62d4144280a5ebc035bffcf71d4c63.jpg,1000,1500,0,2026-04-23
2026-10-05,bolo caseiro simples,664281013833123913,58,2,0,Pão de ló simples e fofinho ❤️ Ingredientes 4 ovos 2 copos de farinha de trigo 2 copos de açúcar 1 copo de leite quente 1 colher (sopa) de fermento em pó Manteiga ou margarina e farinha de trigo para ,instagram.com,https://www.instagram.com/p/DdW05i-iCHl/,https://i.pinimg.com/originals/70/18/36/701836bd7a184d4858a72a059bd36364.jpg,1254,1254,0,2026-09-17
2026-10-05,bolo caseiro simples,30962316183259860,59,318,0,🎂 Bolo de Chocolate Fácil no Liquidificador Perfeito pra quem ama praticidade e sabor!😋😍 📝 Ingredientes Para o bolo: 3 ovos 1 xícara de leite 1/2 xícara de óleo 2 xícaras de açúcar 1 xícara de chocola,instagram.com,https://www.instagram.com/p/DLczkIgRGFl/,https://i.pinimg.com/originals/b6/37/6f/b6376f1407bdc841addc3fa691106e69.jpg,1080,1350,0,2025-11-12
2026-10-05,bolo caseiro simples,65654107064909633,60,505,0,,,,https://i.pinimg.com/originals/be/72/14/be72144f735929ece05b9db7f7294a2a.jpg,528,960,0,2026-08-21
2026-10-05,bolo caseiro simples,598415869282497874,62,5,0,Bolo de Cenoura,,,https://i.pinimg.com/originals/9d/9c/11/9d9c11a58f4c39434cb4ed7ff271bfad.webp,1280,1920,0,2026-08-05
2026-10-05,bolo caseiro simples,275071489739841813,63,13,0,Um bolo simples que é um afago! Porque tem dias em que é exatamente disso que a gente precisa. ▫️ INGREDIENTES ▫️ Medida da xícara: 240 ml ▫️ 2 xícaras de açúcar ▫️ 2 e 1/2 xícaras de farinha de trigo,instagram.com,https://www.instagram.com/reel/Dc8xsoNPvWQ/,https://i.pinimg.com/originals/80/a8/7d/80a87d1114b623295b97c325265c0be3.jpg,720,1280,0,2026-09-06
2026-10-05,bolo caseiro simples,550494754477332684,64,1,0,"Bolo Simples de Liquidificador – Rápido, Fofinho e Delicioso! 🍰✨ Perfeito para aquele cafezinho da tarde, esse bolo é feito com ingredientes básicos e fica super macio. Tudo batido no liquidificador! ",instagram.com,https://www.instagram.com/p/DIAyTXFO22u/,https://i.pinimg.com/originals/d0/2f/4e/d02f4e4fbe508b831adda0d8d380ba0e.jpg,1080,1350,0,2026-04-26
2026-10-05,bolo caseiro simples,550635491965461755,65,10,0,Ganhe 5 Mil Reais com Doces! 😱,go.hotmart.com,https://go.hotmart.com/K94266275M,https://i.pinimg.com/originals/cb/ea/0a/cbea0a30d99d524e99b79a59624ebd66.jpg,1080,1920,0,2026-08-23
2026-10-05,bolo caseiro simples,800303796341006714,66,4,0,Recetario de Cocina,m.facebook.com,https://m.facebook.com/story.php?story_fbid=pfbid0c6y9EpAtfBYfv6L3hc8LHa6u1acoJWbqQhFHYGXd4HZQnBVUxMyAMV2oVevY3KyHl&id=100064926152685,https://i.pinimg.com/originals/1b/15/ed/1b15ed3b28e568c35a7413e55c2df6d1.jpg,600,1066,0,2026-09-17
2026-10-05,bolo caseiro simples,AXBOCHev0gy8Xb3lKITJUub4pwB2lByoc_mQYHM-9OzqCXRrlDp8Nzs5U22yo4-n5o6-nsuoW8eLp0sB7HBR9bI,67,0,0,Cinnamon Roll Hack,ad.doubleclick.net,https://ad.doubleclick.net/ddm/trackclk/N7676.4653910BUZZFEEDMEDIAENTERP/B36540998.455821409;dc_trk_aid=649835696;dc_trk_cid=263281492;dc_lat=;dc_rdid=;tag_for_child_directed_treatment=;tfua=;gdpr=$%7BGDPR%7D;gdpr_consent=$%7BGDPR_CONSENT_755%7D;ltd=;dc_tdv=1,https://i.pinimg.com/originals/d6/08/65/d60865d074019547fc0b6fe01d748cd5.jpg,2160,3840,1,2026-09-02
2026-10-05,bolo caseiro simples,5559199536158687,68,2350,0,,,,https://i.pinimg.com/originals/48/2c/b6/482cb622914f07a2926cf30bbbdafe79.jpg,736,736,0,2024-08-25
2026-10-05,bolo caseiro simples,967218457448906459,69,83,0,Nunca Mais Compre Bolo Pronto. Faça Bolo de Limão Simples em Poucos Minutos,cozinhalegal.com.br,https://cozinhalegal.com.br/receita/693/Bolo-de-limao-simples,https://i.pinimg.com/originals/19/d5/8e/19d58e7f0fac6524ff085931954807ce.jpg,600,900,0,2022-11-09
2026-10-05,bolo caseiro simples,23292123068718119,70,138,0,,,,https://i.pinimg.com/originals/23/2b/2d/232b2d9996a0889aa3c24b4cda42ac2e.jpg,1080,1920,0,2026-09-30
2026-10-05,bolo caseiro simples,131519251613106658,71,55,0,Bolo de Fuba: The Secrets to Brazil’s Favorite Cornmeal Cake,blog.amigofoods.com,https://blog.amigofoods.com/index.php/brazilian-foods/bolo-de-fuba/,https://i.pinimg.com/originals/5b/7b/45/5b7b458b00b74e480b39bfe0d83391e5.jpg,1200,1800,0,2025-01-26
2026-10-05,bolo caseiro simples,707135579015975298,72,33,0,"Fatia de Bolo de Chiffon de Baunilha Fofo ou Bolo de Esponja em Prato de Pedra Preta, Servido com Chá e Mel. Conceito de fotografia de alimentos brilhantes para padaria | Foto Premium",br.freepik.com,https://br.freepik.com/fotos-premium/fatia-de-bolo-de-chiffon-de-baunilha-fofo-ou-bolo-de-esponja-em-prato-de-pedra-preta-servido-com-cha-e-mel-conceito-de-fotografia-de-alimentos-brilhantes-para-padaria_17882018.htm,https://i.pinimg.com/originals/fe/2b/05/fe2b05b287a064f37475763d1293a054.jpg,417,626,0,2023-08-25
2026-10-05,bolo caseiro simples,372813675427642153,73,12,0,"128K views · 1.9K reactions | Classic vanilla cake made with simple ingredients. 🎂✨ Soft, light, and perfectly fluffy. A timeless homemade dessert that’s perfect for any occasion. #VanillaCake #Homema",facebook.com,https://www.facebook.com/reel/2584256835323657/?fs=e&fs=e,https://i.pinimg.com/originals/d2/f9/38/d2f9385abbe27c8646ff2949cb053896.jpg,675,1200,0,2026-08-22
2026-10-05,bolo caseiro simples,45036065014472635,74,230,0,,,,https://i.pinimg.com/originals/c1/9d/74/c19d74e21227fa907ef11d60d08f3ef1.jpg,1128,1505,0,2022-02-03
2026-10-05,bolo caseiro simples,5207355815160031,75,2410,0,Receita Com Farinha de Maracujá E uma Série de Opções Inesquecíveis para Toda A Família,sabornamesa.com.br,https://www.sabornamesa.com.br/outras-receitas/farinha-de-maracuja,https://i.pinimg.com/originals/47/f9/01/47f9013aeb21290f9a81a21ee6d79f68.jpg,1000,1500,0,2025-07-28
2026-10-05,bolo caseiro simples,827043919054153052,76,25,0,bolo de laranja jpg,sosimplesassim.com.br,https://www.sosimplesassim.com.br/2017/08/o-melhor-bolo-de-laranja-do-mundo.html,https://i.pinimg.com/originals/4f/49/c0/4f49c070b0534a65bdde4c52c588f427.jpg,651,1024,0,2019-08-01
2026-10-05,unhas decoradas,1105774514791991106,1,69,0,,,,https://i.pinimg.com/originals/f3/04/ad/f304ad7df4145be8ec1df90d368b7675.png,1024,1536,0,2026-09-21
2026-10-05,unhas decoradas,Abo23PfCpSoI8XzOPO3lO6InG8VLLPm16cU4cdDy9_krKB-rkMJLsB2hqY4EewD_IsY6DaeBn16Q2T1Uh-ojDlI,2,1,0,Temu | Cat-eye Blue,temu.com,https://www.temu.com/ul/kuiper/un3.html?subj=dpa-un&_bg_fs=1&_p_jump_id=1082&_x_vst_scene=adg&goods_id=601105786810981&adg_ctx=a-4c9e5440~c-b3c8769a&_p_rfs=1&_x_ads_channel=pinterest&_x_ads_creative_id=%7Bproduct_partition_id%7D&_x_ads_id=%7Badgroupid%7D&_x_ads_set=%7Bcampaignid%7D&_x_ads_sub_channel=shopping&_x_ns_catalog_id=1567707391772&_x_ns_creative=%7Badid%7D&_x_ns_gid=601105786810981&_x_ns_,https://i.pinimg.com/originals/be/16/49/be164972750b140d20946047c9659f3c.jpg,2000,3000,0,2026-06-08
2026-10-05,unhas decoradas,2744449770430112,3,5355,0,,facebook.com,https://www.facebook.com/share/p/1HDEV4xgv6/,https://i.pinimg.com/originals/c4/d8/a5/c4d8a5fdf60811ccced45dc2fff20236.jpg,600,1066,0,2026-09-21
2026-10-05,unhas decoradas,218846863143251707,4,5,0,,,,https://i.pinimg.com/originals/c0/1e/3d/c01e3d98250e893950ea489211c00243.png,1023,1537,0,2026-09-30
2026-10-05,unhas decoradas,ASQ7yxZ-mv6ahaY_tySn5suHlcZkewv5omOBvI-ZFPY7SYoyLk2hxFG4oTo42YzYEg4oDmskxscisUBahEjXGpY,5,18,0,Temu | 24pcs Leopard,temu.com,https://www.temu.com/ul/kuiper/un3.html?subj=dpa-un&_bg_fs=1&_p_jump_id=1082&_x_vst_scene=adg&goods_id=601105530321272&adg_ctx=a-5267868b~c-17324f1a&_p_rfs=1&_x_ads_channel=pinterest&_x_ads_creative_id=%7Bproduct_partition_id%7D&_x_ads_id=%7Badgroupid%7D&_x_ads_set=%7Bcampaignid%7D&_x_ads_sub_channel=shopping&_x_ns_catalog_id=1567707391772&_x_ns_creative=%7Badid%7D&_x_ns_product_id=17619938212309&,https://i.pinimg.com/originals/fb/72/c7/fb72c7fc575cf5aa633d0e88da015fa5.jpg,2000,3000,0,2026-09-01
2026-10-05,unhas decoradas,66287425762771775,6,1012,0,Rote & Grüne Kirsch-Nails: Süße Mandel-Nägel Trends 🍒💚,,,https://i.pinimg.com/originals/52/24/7e/52247ea291a8481fcd0f1f2e5d846d1f.png,1024,1536,0,2026-09-29
2026-10-05,unhas decoradas,1004584260655717647,7,50,0,,,,https://i.pinimg.com/originals/43/b8/79/43b8793d3aa9861cb116fb186c5696bf.jpg,1080,1920,0,2026-09-25
2026-10-05,unhas decoradas,ATnUUKQ6FGLgs7K3AxpCnBAbtnOHm1X4DDzNsSyj42r_OyygzGA0jQXzEEQQ7p08CoXuOox6fvYob-2p6nbBADE,8,1,0,Temu | 24pcs Burgundy,temu.com,https://www.temu.com/ul/kuiper/un3.html?subj=dpa-un&_bg_fs=1&_p_jump_id=1082&_x_vst_scene=adg&goods_id=601104806583295&adg_ctx=a-35c9ae50~c-9a5ba9f7&_p_rfs=1&_x_ads_channel=pinterest&_x_ads_creative_id=%7Bproduct_partition_id%7D&_x_ads_id=%7Badgroupid%7D&_x_ads_set=%7Bcampaignid%7D&_x_ads_sub_channel=shopping&_x_ns_catalog_id=1567707391772&_x_ns_creative=%7Badid%7D&_x_ns_gid=601104806583295&_x_ns_,https://i.pinimg.com/originals/11/f8/ed/11f8ed2110c5c01591fa6f21d2dc0cd8.jpg,2000,3000,0,2026-06-14
2026-10-05,unhas decoradas,589408670036901485,9,18,0,Inspiration for Lavender Butterfly Nail Art 💜 Beautiful Pastel Purple Almond Nails,,,https://i.pinimg.com/originals/fe/3f/40/fe3f403d0fb722e5d018c73099a6edbc.png,1000,1500,0,2026-09-29
2026-10-05,unhas decoradas,74239093854535564,10,134,0,Beautiful Sage & Gold Almond Nails 🌿 Inspired by Olive Green Floral Nail Art,,,https://i.pinimg.com/originals/f7/87/96/f787969b53bb3f8124945702e5e55eec.png,1000,1500,0,2026-09-30
2026-10-05,unhas decoradas,1113092864257368081,11,1,0,,,,https://i.pinimg.com/originals/c3/fe/39/c3fe394164bf0cfd1be1eb746aa6ba10.jpg,940,1671,0,2026-09-24
2026-10-05,unhas decoradas,AapTv2-bAmXTzXtOt6n3p02pEqfzA0x8iJrtvx-p-0aqXF3NniaNqUe_aK-vMonT6wj3KvaHSLAeq8uIO29eTsU,12,1,0,Temu | Retro Fine Glitter,temu.com,https://www.temu.com/ul/kuiper/un3.html?subj=dpa-un&_bg_fs=1&_p_jump_id=1082&_x_vst_scene=adg&goods_id=601100293865530&adg_ctx=a-c9ccb58e~c-b63a51d2&_p_rfs=1&_x_ads_channel=pinterest&_x_ads_creative_id=%7Bproduct_partition_id%7D&_x_ads_id=%7Badgroupid%7D&_x_ads_set=%7Bcampaignid%7D&_x_ads_sub_channel=shopping&_x_ns_catalog_id=1567707391772&_x_ns_creative=%7Badid%7D&_x_ns_gid=601100293865530&_x_ns_,https://i.pinimg.com/originals/4f/2f/46/4f2f46bf0e2f11ca29cd22ee58b45560.jpg,2000,3000,0,2026-03-31
2026-10-05,unhas decoradas,AY8vlb7LkUIDC4ntBNPiYShA8Sajva7p7rvNKxsQ54bEw3kzbImXTKk8oxRLSDOmq2Fd13n8QYwjH0uYJsI2Zm0,13,0,0,Mocha Luxe - S / Medium,lamianails.com,https://lamianails.com/products/mocha-luxe?variant=48381762011394,https://i.pinimg.com/originals/34/31/b5/3431b5a6a590a160ec7bd778bf5da47c.jpg,2814,2814,0,2026-08-26
2026-10-05,unhas decoradas,Afs7IsfT2qDiazX4zZHrtwzpeTCs5LigPmOu7xxV_uuSywcTmDPRS7Pnnq9SdlEJn8lSnH_uLhrK3flX3r33UZM,14,1,0,Temu | 24pcs,temu.com,https://www.temu.com/ul/kuiper/un3.html?subj=dpa-un&_bg_fs=1&_p_jump_id=1082&_x_vst_scene=adg&goods_id=606229816525725&adg_ctx=a-a9088d4f~c-7cd78d27&_p_rfs=1&_x_ads_channel=pinterest&_x_ads_creative_id=%7Bproduct_partition_id%7D&_x_ads_id=%7Badgroupid%7D&_x_ads_set=%7Bcampaignid%7D&_x_ads_sub_channel=shopping&_x_ns_catalog_id=1567707391772&_x_ns_creative=%7Badid%7D&_x_ns_gid=606229816525725&_x_ns_,https://i.pinimg.com/originals/e3/13/53/e313537653776bcf0eaa83ece53e91e7.jpg,2000,3000,0,2026-06-14
2026-10-05,unhas decoradas,AU2W20QnL-OOcR4fw3RyGO0XliccZGOJaso1nQq9IyJG69sqj_1bk8dGxEqtFkjxFKfNrdibdE2XWxHg7hrsp5o,15,147,0,Handmade Medium Almond,amazon.com,https://www.amazon.com/Medium-Almond-MABKJLF-Leopard-Designs/dp/B0F9VZPJKQ?ref_=pinterest_fplfs,https://i.pinimg.com/originals/77/6d/e2/776de261a011a8d39f373f1fbebcabcb.jpg,800,800,0,2026-01-23
2026-10-05,unhas decoradas,1115837245211965292,17,2,0,,,,https://i.pinimg.com/originals/df/9c/08/df9c08b705fa86c1744ec1793f319499.jpg,1080,1920,0,2026-09-21
2026-10-05,unhas decoradas,1130122100275915944,18,2,0,25 Effortless Clean Girl Manicures in Milky Neutrals 🥛💅,,,https://i.pinimg.com/originals/f2/59/4e/f2594eaf58bb909736b5d558d9b16ae3.png,941,1672,0,2026-09-25
2026-10-05,unhas decoradas,ASkdenSK1PEPEtQg_7y5fXIitYy0sU5bHqF2LxGvr3_QbxYRcJL8UdeIMN2mmJcpLe49zBH5W6WBOr0tO21U54E,19,0,0,Temu | 24pcs Medium,temu.com,https://www.temu.com/ul/kuiper/un3.html?subj=dpa-un&_bg_fs=1&_p_jump_id=1082&_x_vst_scene=adg&goods_id=607119847823416&adg_ctx=a-de400879~c-d5a3f12e&_p_rfs=1&_x_ads_channel=pinterest&_x_ads_creative_id=%7Bproduct_partition_id%7D&_x_ads_id=%7Badgroupid%7D&_x_ads_set=%7Bcampaignid%7D&_x_ads_sub_channel=shopping&_x_ns_catalog_id=1567707391772&_x_ns_creative=%7Badid%7D&_x_ns_gid=607119847823416&_x_ns_,https://i.pinimg.com/originals/ae/4f/76/ae4f76cdf31d48465c7f38d3ced33db7.jpg,2000,3000,0,2026-09-27
2026-10-05,unhas decoradas,Abg2rVUdJiRM3OG0HjhhfojQ7FNuQaCbKvrHluyzFu9o5XlrU3jXgUymcTCFVQ3lr3r1KSKzdmHt4EDNBR3g5dE,20,0,0,Yttal Women's Short,walmart.com,https://www.walmart.com/ip/YTTAL-Impress-Press-On-Nails-Short-Christmas-Almond-Green-Fake-False-Designs-White-Snowflake-Full-Cover-Matte-Glue-Acrylic-Women-24-Pcs/18787262086?wmlspartner=wlpa&selectedSellerId=101659106,https://i.pinimg.com/originals/76/aa/64/76aa6416ec19d0ff6fb84e6c52867daf.jpg,992,1205,0,2026-09-11
2026-10-05,unhas decoradas,3025924747340595,21,207,0,nail art,,,https://i.pinimg.com/originals/f7/1d/b1/f71db102ed86543262d2ab08b280eb3d.png,1145,1374,0,2026-09-30
2026-10-05,unhas decoradas,AWi27pzGU7afEBKgsjuY6ergSKd_hw9Nlhsk9eux845xuyTEbVhJ7HsTGxvA3WOjSDR2vs8EShePAZcwRVW3vJ8,22,1,0,Temu | 24pcs 3d Gilded,temu.com,https://www.temu.com/ul/kuiper/un3.html?subj=dpa-un&_bg_fs=1&_p_jump_id=1082&_x_vst_scene=adg&goods_id=601105024208214&adg_ctx=a-50be7c75~c-ec96ebbd&_p_rfs=1&_x_ads_channel=pinterest&_x_ads_creative_id=%7Bproduct_partition_id%7D&_x_ads_id=%7Badgroupid%7D&_x_ads_set=%7Bcampaignid%7D&_x_ads_sub_channel=shopping&_x_ns_catalog_id=1567707391772&_x_ns_creative=%7Badid%7D&_x_ns_gid=601105024208214&_x_ns_,https://i.pinimg.com/originals/f9/80/45/f9804572741d1c0c1c1eecd478609948.jpg,2000,3000,0,2026-08-09
2026-10-05,unhas decoradas,ASofzWNCKG2pV777UzeEBMOHar9l-zXonEDqH6-EyLM1AloORhZ4Ahclei4lcdu4xbB9OlBYaj252vW0w7FTiFY,23,272,0,3D Handmade Press on,amazon.com,https://www.amazon.com/Handmade-Medium-Almond-Designer-Wedding/dp/B0FBRNXK3P?ref_=pinterest_fplfs,https://i.pinimg.com/originals/e3/5c/47/e35c4714f1e4970c3357bce38f91772f.jpg,1500,1500,0,2026-03-03
2026-10-05,unhas decoradas,108438303524680914,24,189,0,,,,https://i.pinimg.com/originals/f7/57/2b/f7572ba93b8106c7065e8e133f78239b.jpg,675,1200,0,2026-09-24
2026-10-05,unhas decoradas,AaguF-8DeIiJnGuLauVAfaU5E3XQroS3LN2dBbXy826MmryfXGX68JATpPhZbV2s3AlKh_v1RvS7bRkGR7f7SOU,25,0,0,Temu | 30 uñas postizas,temu.com,https://www.temu.com/ul/kuiper/un3.html?subj=dpa-un&_bg_fs=1&_p_jump_id=1082&_x_vst_scene=adg&goods_id=606858123266459&adg_ctx=a-9c9ab2b1~c-bfba4096&_p_rfs=1&_x_ads_channel=pinterest&_x_ads_creative_id=%7Bproduct_partition_id%7D&_x_ads_id=%7Badgroupid%7D&_x_ads_set=%7Bcampaignid%7D&_x_ads_sub_channel=shopping&_x_ns_catalog_id=1580405374697&_x_ns_creative=%7Badid%7D&_x_ns_gid=606858123266459&_x_ns_,https://i.pinimg.com/originals/f3/c4/15/f3c41520eba16c7a35c3fbdcf826ce2d.jpg,2000,3000,0,2026-09-27
2026-10-05,unhas decoradas,AaWlB2zx20CTgEkk-5SvsOKSFev6VSgU7clMmL26CI65BieA0EbgpEmz7g4i00q1Bov-KMNyx--poiocNQX2sLA,26,289,0,Handmade Press on Nails,amazon.com,https://www.amazon.com/Handmade-Medium-Rhinestones-Artificial-Coquette/dp/B0DR95NHJ3?ref_=pinterest_fplfs,https://i.pinimg.com/originals/04/88/d8/0488d8937d2f9c256882272aca4c3545.jpg,1600,1600,0,2026-05-29
2026-10-05,unhas decoradas,673991900531168124,27,469,0,classy nails ✨,amazon.com,https://www.amazon.com/KISS-Classy-Nails-Ready-Manicure/dp/B0BWYYN9QV?crid=14V6DDY7RLLFX&dib=eyJ2IjoiMSJ9.RJdtt_SF7p8Cd1aSiz6ov8VKdGTFi1C2_OlInm8B-7sIm4mMCF-lrzUhIi28JctKzNS2oKDb0-LTVPwoMCGGxVyix-hlEYTJU4aNp-ZgeCI6Fa0aL__YinUV_XJ2KOcQvVs9qmXPLJPdtkEpTQneUNFvoemyRXFOqXvGBzjbgx7C6CxKWYivdzaNtorqx9Ed1EAfP8lv-ryuIXn3drx-V7_1RpAp0DwRRvEBNuT25xHOmS7WqR1EyIHoZiXswPzOw1jf8aPI_kigLmFBFLR_vcL0U8AmoppzcIZ4WG,https://i.pinimg.com/originals/7e/a6/41/7ea6413ad098b6337a2704c9f8112517.jpg,1080,1920,0,2026-09-21
2026-10-05,unhas decoradas,AZ3ZDWaUpW68ScNFkSbnYgnRD6RZMHFU8h0B22yWqT_2PiFfOUsey5A5uy9NsbYh8MRn4x_l9U7xM8QK5YNWg2w,28,1,0,Temu | New Almond-shaped,temu.com,https://www.temu.com/ul/kuiper/un3.html?subj=dpa-un&_bg_fs=1&_p_jump_id=1082&_x_vst_scene=adg&goods_id=606545077233465&adg_ctx=a-1d57bc27~c-b5eab626&_p_rfs=1&_x_ads_channel=pinterest&_x_ads_creative_id=%7Bproduct_partition_id%7D&_x_ads_id=%7Badgroupid%7D&_x_ads_set=%7Bcampaignid%7D&_x_ads_sub_channel=shopping&_x_ns_catalog_id=1567707391772&_x_ns_creative=%7Badid%7D&_x_ns_gid=606545077233465&_x_ns_,https://i.pinimg.com/originals/7c/92/9e/7c929e335c0da7ba4378c2d69bc65f34.jpg,2000,3000,0,2026-08-07
2026-10-05,unhas decoradas,AcphJmdyYWKxGWpxq23_tQTIBEBYZUEP-e0EOdB9jve-c6QawM_nSMr8WHwh-kjolK_uSotKoaYTURPuzIvbk1I,29,128,0,Summer Glue on Nails,amazon.com,https://www.amazon.com/Summer-Almond-French-Acrylic-Rhinestones/dp/B0DZXC4ZM1?ref_=pinterest_fplfs,https://i.pinimg.com/originals/e6/a7/81/e6a7813be79643435f79504bb8b4310a.jpg,1600,1600,0,2026-04-17
2026-10-05,unhas decoradas,23714335537270857,30,600,0,❤️nail,,,https://i.pinimg.com/originals/17/09/e1/1709e10c186b7f267920e908355c90d3.jpg,1086,1448,0,2026-09-30
2026-10-05,unhas decoradas,815644182559567520,31,3,0,These Almond Nails Are TOO Pretty to Ignore! 💅,,,https://i.pinimg.com/originals/53/54/49/5354495d0f59d76986f84a5f5a5d17db.png,1024,1536,0,2026-09-30
2026-10-05,unhas decoradas,1010917447626875953,32,57,0,,,,https://i.pinimg.com/originals/2a/0e/9e/2a0e9ea6bddca0939ccc2a4e0b1722ac.jpg,2160,2880,0,2026-09-30
2026-10-05,unhas decoradas,729231364720533233,33,1,0,,s.shopee.com.br,https://s.shopee.com.br/2gBNwZeg6x?channel_type=pinterest,https://i.pinimg.com/originals/31/f3/d3/31f3d3f537266c591497247b421dfb3b.jpg,736,1307,0,2026-09-24
2026-10-05,unhas decoradas,AfmAtiK84wv6bkBZl_0MpSOqmMtneqhtS0zUwRS1MqRwKK6e5HdgybIwqc504G5VKMxh76e1CMLTndmLZYzzA4A,34,12,0,Temu | 24pcs Leopard,temu.com,https://www.temu.com/ul/kuiper/un3.html?subj=dpa-un&_bg_fs=1&_p_jump_id=1082&_x_vst_scene=adg&goods_id=601105415865735&adg_ctx=a-5f6a4484~c-ab43f434&_p_rfs=1&_x_ads_channel=pinterest&_x_ads_creative_id=%7Bproduct_partition_id%7D&_x_ads_id=%7Badgroupid%7D&_x_ads_set=%7Bcampaignid%7D&_x_ads_sub_channel=shopping&_x_ns_catalog_id=1567707391772&_x_ns_creative=%7Badid%7D&_x_ns_product_id=17619404568441&,https://i.pinimg.com/originals/13/d8/db/13d8db4aee61b60e1ecda9654ff81be3.jpg,2000,3000,0,2026-09-01
2026-10-05,unhas decoradas,AXphZt-UXhbewaJaTkzLBOYYzo3rZ4yk-4Y1nVdVQsbvEil7rLXK1MHpn69WHSsFlSbw7cRSgZpOJRY4162Qq88,35,61,0,Temu | 24pcs Leopard,temu.com,https://www.temu.com/ul/kuiper/un3.html?subj=dpa-un&_bg_fs=1&_p_jump_id=1082&_x_vst_scene=adg&goods_id=601105777457211&adg_ctx=a-b5087967~c-7a292fbc&_p_rfs=1&_x_ads_channel=pinterest&_x_ads_creative_id=%7Bproduct_partition_id%7D&_x_ads_id=%7Badgroupid%7D&_x_ads_set=%7Bcampaignid%7D&_x_ads_sub_channel=shopping&_x_ns_catalog_id=1567707391772&_x_ns_creative=%7Badid%7D&_x_ns_product_id=17621116834480&,https://i.pinimg.com/originals/a3/f7/3f/a3f73f865af723ff18da725f2b5a0f09.jpg,2000,3000,0,2026-06-14
2026-10-05,unhas decoradas,1100285752847356103,36,3,0,,,,https://i.pinimg.com/originals/cc/2e/4c/cc2e4c31897e87877f71bdcada110610.jpg,735,919,0,2026-09-20
2026-10-05,unhas decoradas,Ac1kUvKtvtddV2oObC0T55c59DOCfYL5hm9hqK600IxUM5MhDEM56_U9BsHJgaxkVYoAzJPYZAoU7j5B6PGipJc,37,448,0,Long Stiletto Press on,amazon.com,https://www.amazon.com/Stiletto-Designs-Embossed-Sparkly-Artificial/dp/B0FJDXT9GN?ref_=pinterest_fplfs,https://i.pinimg.com/originals/a9/d4/9a/a9d49a42055d24df7a2b9e8889c86d0d.jpg,1000,1000,0,2026-01-23
2026-10-05,unhas decoradas,211174979718194,38,1166,0,Nail Designs That Instantly Elevate Your Look,,,https://i.pinimg.com/originals/e7/dd/24/e7dd242498875e4fc33977bd6dc8ef46.png,1024,1536,0,2026-09-22
2026-10-05,unhas decoradas,Ac0BBODtTM26WDc_eim5ZQw_-p2RoAgBCGMCIvePJ9AM20ubS-JTNB61uU4kIqR1Qig0dlgLqZNkXpMtnjnH6Es,39,40,0,EYZOTSF Press on Almond,amazon.com,https://www.amazon.com/EYZOTSF-Acrylic-Designs-Artificial-Fingernails/dp/B0F66SHFB7?ref_=pinterest_fplfs,https://i.pinimg.com/originals/8d/f5/fc/8df5fc1836496d97bb03ca6acc8b696c.jpg,1500,1500,0,2026-03-03
2026-10-05,unhas decoradas,1128222144185121421,40,79,0,Beautiful Fall Nail Art Idea | Cozy,,,https://i.pinimg.com/originals/59/a0/46/59a0468553559dadbd04a1159dc8c751.jpg,736,1308,0,2026-09-19
2026-10-05,unhas decoradas,AWPsNRL_FIuuH-QZXfRtnMqTKKhKPMoxbGMCbPM1rLeZzlGfOISzv1Ct8JtjWDgzsRSksCpmw1cqBcxEfmF8ViA,41,0,0,Temu | 24 uñas postizas,temu.com,https://www.temu.com/ul/kuiper/un3.html?subj=dpa-un&_bg_fs=1&_p_jump_id=1082&_x_vst_scene=adg&goods_id=601100615243268&adg_ctx=a-9221eaef~c-d9487697&_p_rfs=1&_x_ads_channel=pinterest&_x_ads_creative_id=%7Bproduct_partition_id%7D&_x_ads_id=%7Badgroupid%7D&_x_ads_set=%7Bcampaignid%7D&_x_ads_sub_channel=shopping&_x_ns_catalog_id=1580405374697&_x_ns_creative=%7Badid%7D&_x_ns_gid=601100615243268&_x_ns_,https://i.pinimg.com/originals/14/47/7f/14477f03f7132ed7af2072ef01b893aa.jpg,2000,3000,0,2026-09-11
2026-10-05,unhas decoradas,332633122507713106,42,72,0,Elegant Navy Blue Heart Nails 💙🎀 | Girly Acrylic Nail Ideas,,,https://i.pinimg.com/originals/99/db/86/99db8682cc9f69e32e47b32beac3c747.png,1024,1536,0,2026-09-30
2026-10-05,unhas decoradas,502432902201970982,43,196,0,,,,https://i.pinimg.com/originals/b7/07/86/b7078654744bb62723feea594ecda753.jpg,736,900,0,2026-09-20
2026-10-05,unhas decoradas,AXR-7uRrif4qY9wmtxZgPRcPq82jSUZlVTWxs7gaM0wduyCxWO2ZObl9NVsU5hNIMev_gYY--wuYzaojOfXC9gI,44,0,0,Temu | Uñas postizas 3D,temu.com,https://www.temu.com/ul/kuiper/un3.html?subj=dpa-un&_bg_fs=1&_p_jump_id=1082&_x_vst_scene=adg&goods_id=606097142334112&adg_ctx=a-0e2fa3fa~c-b34a1e5a&_p_rfs=1&_x_ads_channel=pinterest&_x_ads_creative_id=%7Bproduct_partition_id%7D&_x_ads_id=%7Badgroupid%7D&_x_ads_set=%7Bcampaignid%7D&_x_ads_sub_channel=shopping&_x_ns_catalog_id=1580405374697&_x_ns_creative=%7Badid%7D&_x_ns_gid=606097142334112&_x_ns_,https://i.pinimg.com/originals/a2/eb/82/a2eb825092a8815471f0182dabfd708e.jpg,2000,3000,0,2026-07-30
2026-10-05,unhas decoradas,AcwhwLckeYRrSAP2YNt08fQYBwfJYhFI7m_w5bRVe4v476U6z0N5x9RxvkOF4rrH2hRGc8u0ePyjUVvr-BVoMmk,45,202,0,French Tip Press on Nails,amazon.com,https://www.amazon.com/French-Rhinestone-Acrylic-Valentines-Manicure/dp/B0DNQBB9MD?ref_=pinterest_fplfs,https://i.pinimg.com/originals/42/f0/89/42f0897482ed15c97fcb97a6a533874b.jpg,800,800,0,2025-11-11
2026-10-05,unhas decoradas,269723465178615113,46,75,0,Elegant Deep Plum Purple & Celestial Marble Almond Nails Ideas,,,https://i.pinimg.com/originals/29/92/e6/2992e61487015462e5c92702e4a454d1.png,1023,1537,0,2026-09-30
2026-10-05,unhas decoradas,35114072092550665,47,282,0,Inspired by Burgundy Fall Nail Art 🍂 Expert Manicure & Styling Services,fiverr.com,https://www.fiverr.com/s/od8zxVx,https://i.pinimg.com/originals/b9/d0/6c/b9d06c219400e91c37a17a4510503db0.png,1000,1500,0,2026-09-30
2026-10-05,unhas decoradas,1093459984558668717,48,2,0,,,,https://i.pinimg.com/originals/8a/df/34/8adf346a2845b25bfb42deb20abf746c.png,1145,1374,0,2026-09-25
2026-10-05,unhas decoradas,356910339245350253,49,138,0,,,,https://i.pinimg.com/originals/23/9e/6e/239e6e86c404bbbb8b083092fd8f1773.jpg,959,1639,0,2026-09-30
2026-10-05,unhas decoradas,1618549865579004,50,795,0,fall nail inspo ideas simple🍂🤎,benable.com,https://benable.com/negamy/fall-nails,https://i.pinimg.com/originals/58/fd/07/58fd07502bc7397c74d5bf337e4a4f14.jpg,736,1104,0,2026-09-23
2026-10-05,unhas decoradas,474285404533056583,51,14,0,FPVARIEDADES | Linktree,linktr.ee,https://linktr.ee/FPVARIEDADES,https://i.pinimg.com/originals/49/75/6e/49756ef6fbd02f8701544eb92288c53c.jpg,2158,2877,0,2026-09-30
2026-10-05,unhas decoradas,AVlL7cE4hsZ-ViIxoxgd6CeovmCJgvRQV--CHsJwvpJi9yahyyyeyCo-wF7SMUVIWODgI3qG-L4Xjs52HJaHUMA,51,17,0,How the Mall Nail Salon,beautyempties.com,https://beautyempties.com/1980s-nail-designs/,https://i.pinimg.com/originals/02/a7/ee/02a7ee826602bce509ac7af3d9735074.png,887,1774,0,2026-08-08
2026-10-05,unhas decoradas,1118581626231001765,52,59,0,,,,https://i.pinimg.com/originals/b6/47/75/b647756064fae9b0bd309ba2246a4f68.jpg,1080,1920,0,2026-09-25
2026-10-05,unhas decoradas,AQbALJA0uNVnbmq_O1oyGIMvsvfEs9aqh8g0OmCJstKUdUO3XsPGKLcHa84nHu4Ry5qwRbm9P4qEnX92_tBTjhs,53,0,0,see for yourself what all,mooncat.com,https://mooncat.com/,https://i.pinimg.com/originals/a0/b6/54/a0b65480e9bd76fac9a25e2e5bdc9e76.jpg,1080,1350,1,2026-02-16
2026-10-05,unhas decoradas,8725793026339227,54,202,0,🌊 Ocean Breeze Beach Nail Art 🐚,,,https://i.pinimg.com/originals/78/df/7c/78df7c52bb7f19e09d59671e5d5b5af3.jpg,1080,1920,0,2026-09-26
2026-10-05,unhas decoradas,676173331601400904,55,11,0,,,,https://i.pinimg.com/originals/7d/e6/e2/7de6e2cadd6bb842a09a85da28ec8c82.png,1000,1500,0,2026-09-30
2026-10-05,unhas decoradas,62698619809005951,56,281,0,Elegant Blue & Gold Nail Ideas for a Chic Manicure,,,https://i.pinimg.com/originals/23/be/c1/23bec1a293c9ba8adf83715d1c751a03.png,1024,1536,0,2026-09-28
2026-10-05,unhas decoradas,347621665012684968,57,39,0,Nail Ideas,,,https://i.pinimg.com/originals/6f/bb/9d/6fbb9d9f5052e1b545ffb2ba1b0b3f7d.jpg,736,1104,0,2026-09-26
2026-10-05,unhas decoradas,28851253860028369,58,86,0,Silver Celestial French Tip Press On Nails Style-37 | Star & Moon Almond Nails,link.amazon,https://link.amazon/B0ijoMv1r,https://i.pinimg.com/originals/ee/20/3d/ee203d5809459936a8ee520f7e909d27.png,1024,1536,0,2026-09-30
2026-10-05,unhas decoradas,351912467675588,59,6164,0,,,,https://i.pinimg.com/originals/bb/a6/f4/bba6f458b90ed907fb442d9e73ef07d6.jpg,1080,1920,0,2026-09-23
2026-10-05,unhas decoradas,492649955333786,60,3538,0,ManicurasMisticas added a new photo. - ManicurasMisticas,facebook.com,https://www.facebook.com/share/1Cgsh1AuUv/?mibextid=wwXIfr,https://i.pinimg.com/originals/67/c6/16/67c616827f600378688acc8daaddf235.jpg,720,1280,0,2026-09-24
2026-10-05,unhas decoradas,34973334602346984,61,1469,0,Classy French Tip Nails: Elegant 3D Flower & Heart Charm Ideas,,,https://i.pinimg.com/originals/1c/81/cc/1c81cc74218d689834549e1680881308.png,1000,1500,0,2026-09-24
2026-10-05,unhas decoradas,8373949304477144,62,3006,0,Sunny Summer Nails ☀️💅,,,https://i.pinimg.com/originals/78/ae/cf/78aecf44b9c6194c83901f0eedca53d6.png,1086,1448,0,2026-09-05
2026-10-05,unhas decoradas,1125407394441491038,63,4,0,Pink and Red Nails with Gold Floral French Tips | Elegant Nail Design,fktr.in,https://fktr.in/MwWshnD,https://i.pinimg.com/originals/60/2c/91/602c913c68b523e811cfbfdc0b049d9a.png,1024,1536,0,2026-09-23
2026-10-05,unhas decoradas,29695678789507760,64,638,0,,,,https://i.pinimg.com/originals/ce/26/4d/ce264daa3e7f1ed11bf0921317600b36.jpg,1000,1500,0,2026-09-29
2026-10-05,unhas decoradas,62698619809005922,65,523,0,Elegant Navy Blue Nail Design with Gold Foil French Tips,,,https://i.pinimg.com/originals/95/13/73/951373b44f702fd2c53b033feb69003a.png,1000,1500,0,2026-09-28
2026-10-05,unhas decoradas,28851253860023169,66,271,0,,,,https://i.pinimg.com/originals/6a/8e/97/6a8e97d57411eb1be203da5715daf47c.jpg,941,1672,0,2026-09-29
2026-10-05,unhas decoradas,374150681566952125,67,30,0,nail art,,,https://i.pinimg.com/originals/4b/34/6d/4b346db90a4581afaa6ae9a9b73afe9f.png,1148,1371,0,2026-09-30
2026-10-05,unhas decoradas,1132303531354036892,68,1,0,,boredpanda.com,https://www.boredpanda.com/nails-art-ideas/?utm_source=pinterestsobia1&utm_medium=link&utm_campaign=bilalmentor,https://i.pinimg.com/originals/44/a3/5a/44a35aa255bfec8c645fe625787406b0.jpg,736,1104,0,2026-09-24
2026-10-05,unhas decoradas,281545414201362928,69,1091,0,acrylic nail design,,,https://i.pinimg.com/originals/07/92/85/0792852a5329b27acbee4468af9afbf2.png,1145,1374,0,2026-09-30
2026-10-05,unhas decoradas,1115626138978220035,70,36,0,,,,https://i.pinimg.com/originals/bc/fe/8c/bcfe8c5ab454f69beaa570ec6d0fc632.png,1122,1402,0,2026-09-21
2026-10-05,unhas decoradas,768567492705934277,71,5,0,Mauve & Blush Gold Luxury Nail Paint ✨💜🌸,,,https://i.pinimg.com/originals/81/68/06/81680674d5dd05a2a42194b925302c2b.png,1024,1536,0,2026-09-30
2026-10-05,unhas decoradas,9922061675782120,72,525,0,,,,https://i.pinimg.com/originals/9f/0f/9c/9f0f9ce936dae86c5028bddd83b2b859.jpg,1000,1500,0,2026-09-29
2026-10-05,unhas decoradas,623818985931410302,73,116,0,,,,https://i.pinimg.com/originals/1f/e8/e0/1fe8e0f2adc1ac860669dfc6458d4c5a.jpg,727,874,0,2026-09-22
2026-10-05,cabelo cacheado cuidados,ATpy2E0B5D37ZaXnu2DFk0VPNxBlZ0EGIAx2Sl28OUbn1feSlTdOyifo9ZkAXufpAePOUrFO6IUT-gUOzTK2gzA,1,1,0,Kérastase's Bestselling,kerastase-usa.com,https://www.kerastase-usa.com/collections/elixir-ultime/lhuile-original-hair-oil-refillable-for-hair-shine.html?utm_source=pinterest&utm_medium=traffic&utm_campaign=serums,https://i.pinimg.com/originals/df/db/0e/dfdb0ea9772714fb7ca306a19665cb6e.jpg,1080,1350,1,2026-08-10
2026-10-05,cabelo cacheado cuidados,AcioBoAUPclJW_PngE237LC-G0bTxHH3f7pP5aJVCvT056mBNF-ZgkIZnpgIidrj4C72VHOFiVv2cIpwugu4eoc,2,1,0,Dyson Airwrap Co-anda2x™,dyson.com,https://www.dyson.com/hair-care/hair-stylers/airwrap-co-anda2x/curly-coily-ceramic-pink-rose-gold-new,https://i.pinimg.com/originals/58/2b/b5/582bb53ff4c3078856d479b4ec755346.jpg,1819,3232,0,2026-08-20
2026-10-05,cabelo cacheado cuidados,AR8CcDnRLuoDOR4JcYawk9Fy4D9nuEnn_BZOEe9P98UeXDm8boz7mqc_PwrA0lug1zvu39gIg6_ZlgVZiAATxxU,3,142,0,Best Hair Oil for Damaged,amzlink.to,https://amzlink.to/az0WRCqEOPrZR,https://i.pinimg.com/originals/ef/69/a7/ef69a70f215bf22f558c643685804571.jpg,1320,2346,0,2026-02-21
2026-10-05,cabelo cacheado cuidados,313774299062348836,4,94,0,🤎 Rotina de cuidados para cabelos cacheados,,,https://i.pinimg.com/originals/b9/4d/b8/b94db88ae470addaae4d9da69e643352.png,1086,1448,0,2026-09-02
2026-10-05,cabelo cacheado cuidados,ARvtBvvoNvboDej-Pd73j8z1J0r3o0EhFCQX3xg12zVdrCkt5Kpl0NdwxWHu5JLxn_l69Mcusq4-1Et521DfevM,5,1,0,Universal Hair Diffuser,homedepot.com,https://www.homedepot.com/p/Wudkey-Universal-Hair-Diffuser-Adaptable-for-1-7-in-to-2-6-in-Dia-Blow-Dryers-for-Natural-Curly-and-Wavy-Hair-Lavender-KA1H74-1/343500731?cm_mmc=psoc-pinprg-%7Bcampaignid%7D-%7Badgroupid%7D,https://i.pinimg.com/originals/8d/b6/7b/8db67b357eabc4c099ede2f3ece02c55.jpg,1000,1000,0,2026-06-27
2026-10-05,cabelo cacheado cuidados,1089941547354975940,6,1,0,O que mudou? A finalização pode transformar a aparência dos cachos,,,https://i.pinimg.com/originals/13/00/b7/1300b761b9aaa2d4bbffec49441d47bf.png,1024,1536,0,2026-09-24
2026-10-05,cabelo cacheado cuidados,ASwB1mCE7rXx4C8-z4cZOwQVP-SDw_9AZ0YRCZL3L-3EcNmXRe7MbB4ujyQASEl9rXZzAKOj7mxUytOemFobAN4,7,23,0,Our top stylers - find,devacurl.com,https://www.devacurl.com/us/products/stylers,https://i.pinimg.com/originals/0e/02/a7/0e02a7d6ae384223a4c664f3d30f3e0d.png,1440,2560,0,2026-06-03
2026-10-05,cabelo cacheado cuidados,Aak2tgMySfZGcbECZstwN8PD-3h2m0S0ydoY3MoCnOBDh_NHD2tnSvg1aH2VTnmYlIz0HJU-_CwUJ5YaAuwtTRg,8,1,0,Find Your Best Curly Shag,quiz2.color-analysis.pro,https://quiz2.color-analysis.pro/quiz/hairstyle-analysis/loading?ab=true,https://i.pinimg.com/originals/68/04/97/680497e1558808375f9c60283b9bf877.jpg,1152,2048,0,2026-08-19
2026-10-05,cabelo cacheado cuidados,ARHbHsYtzpV5EQ6Nv8kxEU5wHfrQKY1cqH4eJ0TdBht3FVwiYSbMlRKtBwgzj_WlXMuaZQx0xWk7Mf1c5n2H5jY,9,0,0,6 Steps to Healthy Hair:,amazon.com,https://www.amazon.com/Steps-Healthy-Hair-natural-healthy/dp/B0D469SNX8?ref_=pinterest_fplfs,https://i.pinimg.com/originals/01/80/2f/01802f2cea4d1f9452d14029b408185f.jpg,1000,1499,0,2026-09-04
2026-10-05,cabelo cacheado cuidados,225039312633787560,10,4,0,5 hábitos que podem estar acabando com seus cachos 😱,,,https://i.pinimg.com/originals/9f/48/3c/9f483cbea70f3110cd078678d2e435f0.png,1024,1536,0,2026-09-20
2026-10-05,cabelo cacheado cuidados,698902435947072791,11,70,0,"Se torne agora um especialista em cabelos cacheados,crespos e ondulados",rodrigovizu.com.br,https://rodrigovizu.com.br/metodo-rv/?ref=T84895611D,https://i.pinimg.com/originals/ae/31/e5/ae31e5c67115b33ecefcee86d81820b9.jpg,736,983,0,2023-07-17
2026-10-05,cabelo cacheado cuidados,AZ7bOUIwxvK8y3zWUziXRh7VTiW0o1KXpT3CNN7ITrhc802D7rAEbiZR8ExPoGY0b3c9zn8gBF0c9a0wQTtQlW8,12,0,0,Temu | Moisturizing,temu.com,https://www.temu.com/ul/kuiper/un3.html?subj=dpa-un&_bg_fs=1&_p_jump_id=1082&_x_vst_scene=adg&goods_id=601101150952488&adg_ctx=a-fed50f39~c-d15eb8b9&_p_rfs=1&_x_ads_channel=pinterest&_x_ads_creative_id=%7Bproduct_partition_id%7D&_x_ads_id=%7Badgroupid%7D&_x_ads_set=%7Bcampaignid%7D&_x_ads_sub_channel=shopping&_x_ns_catalog_id=1567707391772&_x_ns_creative=%7Badid%7D&_x_ns_gid=601101150952488&_x_ns_,https://i.pinimg.com/originals/cb/71/5d/cb715dbb145e27691672964e1123e068.jpg,2000,2000,0,2026-09-11
2026-10-05,cabelo cacheado cuidados,ATABbQ43s1V_SS7NKZGmWPJmpJSerNjw0t8f1gS5wTxBybRCiW1LV4ece_xyA8TJfNtA1sL_4qpm-Ytf6d1llsg,13,1,0,Temu | [upgraded With,temu.com,https://www.temu.com/ul/kuiper/un3.html?subj=dpa-un&_bg_fs=1&_p_jump_id=1082&_x_vst_scene=adg&goods_id=605502759099463&adg_ctx=a-53d3983a~c-c899a8e9&_p_rfs=1&_x_ads_channel=pinterest&_x_ads_creative_id=%7Bproduct_partition_id%7D&_x_ads_id=%7Badgroupid%7D&_x_ads_set=%7Bcampaignid%7D&_x_ads_sub_channel=shopping&_x_ns_catalog_id=1567707391772&_x_ns_creative=%7Badid%7D&_x_ns_gid=605502759099463&_x_ns_,https://i.pinimg.com/originals/26/fc/36/26fc36f934eb276e1d45e98589734a92.jpg,1024,1024,0,2026-06-14
2026-10-05,cabelo cacheado cuidados,AX8ic1buHiesrl12IyA0yhnRKFrZihBayjfGVJoWzMkk_VMnRLQgAUBbYaE4rgLB6QoZyu1BJl4IM28dMeEsWgI,14,2,0,Crema Definidora De Rizos,us.shein.com,https://us.shein.com/ark/default?scene=1&test=5051&ad_type=DPA&goods_id=372405763&pf=PINTEREST&link_type=link&url_from=PINADSDPA&ismg=9d0cd8b32768143730c814f727c50d94001b36edb4d17db518b9b96d66eabbde_01_1791128050,https://i.pinimg.com/originals/73/12/9c/73129c3e0062fd4c7a17e5110271e1c0.jpg,1000,1000,0,2026-08-09
2026-10-05,cabelo cacheado cuidados,890305420115701893,15,10,0,"10 DICAS PARA CUIDAR DO CABELO CACHEADO que eu queria ter aprendido antes 🌀🎀 Se você quer cachos mais definidos, saudáveis e um day after melhor, salva essas dicas porque elas podem mudar a sua rotina",instagram.com,https://www.instagram.com/p/DdAYD5pDddG/?img_index=2,https://i.pinimg.com/originals/a6/5c/b1/a65cb18e0fc2235e1222a91a4c70f0b7.jpg,1080,1439,0,2026-09-30
2026-10-05,cabelo cacheado cuidados,AXdO7iLJraVYMPmm0Wna-jOHA73utcEgpf4UGJg3HioGYdxrtEdWcBSnDWwQdnIUumavF8_e0aiQ97DgZmaD5Ro,17,30,0,Clinically Proven & Oil,platedskinscience.com,https://platedskinscience.com/collections/all/products/hair-serum,https://i.pinimg.com/originals/69/4f/13/694f1352a985698ea6477025ae1590dd.jpg,464,848,1,2026-02-18
2026-10-05,cabelo cacheado cuidados,1114500239070824015,18,1,0,"Dicas Naturais, Cuidados e Tratamentos ✨",,,https://i.pinimg.com/originals/c4/d7/bc/c4d7bc8d912fe611a2eeece233ab28a8.png,1024,1536,0,2026-09-18
2026-10-05,cabelo cacheado cuidados,AdwZY_TMtaB56yF0imZY6jRIU_o9RQDFA_WZ4ROqjWruRIOeSE7QPS0RPz30BroDZFhD_hJw8GtPWl2Oxq_TXdg,19,0,0,Temu | 7-in-1 Adult Curly,temu.com,https://www.temu.com/ul/kuiper/un3.html?subj=dpa-un&_bg_fs=1&_p_jump_id=1082&_x_vst_scene=adg&goods_id=607519816689432&adg_ctx=a-7fb82c62~c-8f0819a8&_p_rfs=1&_x_ads_channel=pinterest&_x_ads_creative_id=%7Bproduct_partition_id%7D&_x_ads_id=%7Badgroupid%7D&_x_ads_set=%7Bcampaignid%7D&_x_ads_sub_channel=shopping&_x_ns_catalog_id=1567707391772&_x_ns_creative=%7Badid%7D&_x_ns_gid=607519816689432&_x_ns_,https://i.pinimg.com/originals/e8/b4/7f/e8b47ff252ce20dbb447cab35dc6ba3c.jpg,1254,1254,0,2026-09-25
2026-10-05,cabelo cacheado cuidados,1100919071897843017,20,1,0,Escova Finalizadora para Cabelos Crespos | Cabelos Cacheados | Definição de Cachos,meli.la,https://meli.la/2Fo91u2,https://i.pinimg.com/originals/de/55/5e/de555e7fa7af89e04a16961360870b50.png,1024,1536,0,2026-09-16
2026-10-05,cabelo cacheado cuidados,AbLsbXlbK2wycquCLX225EgiCS-iC4vlguwHdhZF7DztUAeFt1TeQFVGTFPoFhxIzM-Z7wP3FWxoFjEfKHcEq9E,21,0,0,Bounce Curl Chia Seed,sephora.com,https://www.sephora.com/product/chia-seed-clumping-gel-P525628?skuId=3013398&om_mmc=paid_social_Pinterest_DPA,https://i.pinimg.com/originals/b8/3c/d0/b83cd08863356d0c5722e82f3f6b77b8.jpg,1001,1323,0,2026-09-01
2026-10-05,cabelo cacheado cuidados,281543726536133,22,1353,0,,,,https://i.pinimg.com/originals/dc/19/96/dc199687612678c53808c2a81593ef4d.jpg,1080,1920,0,2026-01-05
2026-10-05,cabelo cacheado cuidados,585749495333839857,23,34,0,cuidado com cabelo cacheado ✨✨,,,https://i.pinimg.com/originals/8a/36/68/8a36686ab5163c5ba597e9870f3c063d.png,1024,1536,0,2026-09-30
2026-10-05,cabelo cacheado cuidados,AdrdY3h2mKV8fELOZl06oSPSuoHSaiFQSj4K0Y5BZYSrTebxjYc6pvSCOSIHPnXicd_VRJGCfaQPjn8sMb5TL0I,24,0,0,Black Castor Oil Curly,inspireuplift.com,https://www.inspireuplift.com/black-castor-oil-curly-hair-styling-cream-for-moisturizing/iu/21674777?variant=474495126,https://i.pinimg.com/originals/dd/2c/f3/dd2cf3a444e1d85ed01d4d5df438015a.jpg,800,820,0,2026-07-09
2026-10-05,cabelo cacheado cuidados,AcH73XHGN_BHBMBx6cGJwCnjBO8EBBf1QohSXoi6gvjeBFSnAk5V92sYlHh9Tt8Ox4ABO0YXQwXv5KfXh7T89Wo,25,0,0,Beautiful Hair with Tea:,amazon.com,https://www.amazon.com/Beautiful-Hair-Tea-Protocols-Healthier/dp/B0H32STZWP?ref_=pinterest_fplfs,https://i.pinimg.com/originals/8b/16/81/8b1681d95cf98f5e997ce6d042ef83e2.jpg,1000,1499,0,2026-08-09
2026-10-05,cabelo cacheado cuidados,225039312633797648,26,2,0,Sinais de que Seu Cabelo Cacheado Está Ressecado,s.shopee.com.br,https://s.shopee.com.br/qjizaH3jE?channel_type=pinterest,https://i.pinimg.com/originals/7c/e5/b5/7ce5b5f94c96cb8126ec339ab236af33.png,1024,1536,0,2026-09-23
2026-10-05,cabelo cacheado cuidados,AQ6K6thD6HKhww3Ba6mvBVlLCWT6ybxqWWfBPAStO5LxhGDWRsE2WkJMz9RSEL3M7Lyzvk3nASeUf5WRWpAD8Sg,27,0,0,CurlsDefineHer Hair Cream,gkhair.com,https://www.gkhair.com/products/curlsdefineher-pro?variant=40161266860134&utm_medium=cpc&utm_source=pinterest&utm_campaign=Pinterest%20Shopping&country=US,https://i.pinimg.com/originals/e8/5a/35/e85a35bab7f6b5038f25dcea1095cd67.jpg,1087,1209,0,2025-05-19
2026-10-05,cabelo cacheado cuidados,AVk-GgqmkxN8vGzmT4zJvuLE8p1wtBx7DlTqGd2U8DsYfszkUCpfuLisWxU8W5IJ7sddTOAvu-dGYywDn1rYKRs,28,2,0,Temu | Moisturizing,temu.com,https://www.temu.com/ul/kuiper/un3.html?subj=dpa-un&_bg_fs=1&_p_jump_id=1082&_x_vst_scene=adg&goods_id=601101784645682&adg_ctx=a-a3697aaa~c-fe53b8cc&_p_rfs=1&_x_ads_channel=pinterest&_x_ads_creative_id=%7Bproduct_partition_id%7D&_x_ads_id=%7Badgroupid%7D&_x_ads_set=%7Bcampaignid%7D&_x_ads_sub_channel=shopping&_x_ns_catalog_id=1567707391772&_x_ns_creative=%7Badid%7D&_x_ns_gid=601101784645682&_x_ns_,https://i.pinimg.com/originals/14/8e/61/148e61a941eb5ac711ccacf013cf2430.jpg,800,800,0,2026-08-03
2026-10-05,cabelo cacheado cuidados,225039312633796985,29,1,0,Cabelos Cacheados: 4 Problemas Comuns e Como Cuidar,,,https://i.pinimg.com/originals/80/8b/f8/808bf8e7e7111134b25e6b33dfe1477d.png,1024,1536,0,2026-09-23
2026-10-05,cabelo cacheado cuidados,36380709484793931,30,704,0,,,,https://i.pinimg.com/originals/0f/d3/37/0fd33752919c457fdcd5927e4b3c4577.jpg,735,1368,0,2026-02-10
2026-10-05,cabelo cacheado cuidados,AfBM2XCqnERJLst5Ov4Zazw1w4ON-VZ8Ju5KV3dsq9bUclYzgIR2IDZUgra4fwb5nPozaTzVXEB1f60eKOMkTDw,31,1,0,Temu | Crema para peinar,temu.com,https://www.temu.com/ul/kuiper/un3.html?subj=dpa-un&_bg_fs=1&_p_jump_id=1082&_x_vst_scene=adg&goods_id=601105572586089&adg_ctx=a-4b117e50~c-f7e0c458&_p_rfs=1&_x_ads_channel=pinterest&_x_ads_creative_id=%7Bproduct_partition_id%7D&_x_ads_id=%7Badgroupid%7D&_x_ads_set=%7Bcampaignid%7D&_x_ads_sub_channel=shopping&_x_ns_catalog_id=1580405374697&_x_ns_creative=%7Badid%7D&_x_ns_gid=601105572586089&_x_ns_,https://i.pinimg.com/originals/de/06/27/de062715250324b3ea8946e5adf37d71.jpg,800,800,0,2026-06-12
2026-10-05,cabelo cacheado cuidados,4785143352422537,32,1247,0,Como acordar com o cabelo cacheado perfeito.,,,https://i.pinimg.com/originals/74/07/82/740782e1a0155b677f3fc0b361aaeb30.png,1024,1536,0,2026-06-30
2026-10-05,cabelo cacheado cuidados,972214638328740824,33,1,0,,,,https://i.pinimg.com/originals/b7/4b/65/b74b6536cf2a5b99828b8d4a1aa629cf.jpg,736,1104,0,2026-07-16
2026-10-05,cabelo cacheado cuidados,173951604352515127,34,9068,0,@beabeloti 🩷,,,https://i.pinimg.com/originals/94/82/ae/9482ae2202602968b45b1c55334b908f.jpg,1080,1898,0,2026-01-26
2026-10-05,cabelo cacheado cuidados,1146306911439338749,35,4,0,Dicas de Cabelo Cacheado: Guia de Cuidados e Rotina,pinterest.com,https://www.pinterest.com/?show_error=true,https://i.pinimg.com/originals/24/d1/96/24d1965e110c4ac6f130c7077492c289.png,1024,1536,0,2026-09-25
2026-10-05,cabelo cacheado cuidados,AY1n19IN80_Qu0dxADHo3Hl30CEjTE6mSpg-5h8S5eA74KwFjeIfursnEgFviw-q3syXB9CMyuSn5GpG2J0QkPI,36,1102,0,Curly Hair Regimen,jbeverlyhills.com,https://jbeverlyhills.com/collections/bundles/products/curly-girl-kit?variant=39829794226281,https://i.pinimg.com/originals/cc/84/60/cc846067cd6d2415db6436062fccd1ec.jpg,736,1255,1,2022-09-28
2026-10-05,cabelo cacheado cuidados,AbXmll0X3gk0oa4ukdRierl-R5o9NDDghxOjQA3ypUkIYLaXn3dV5OK1DHQKXGpHBxvgojxTW26O9689618onjA,37,1,0,Better Shower Water for,siapure.com,https://siapure.com/products/filtered-showerhead,https://i.pinimg.com/originals/04/42/30/0442307dcf5bee59f6dda69913de7cad.png,1024,1536,0,2026-09-28
2026-10-05,cabelo cacheado cuidados,ARi9YL98gF6jmIEYO4gyURBTmu0dv-00nMjtQ1_CvBu3HF4cTh8Pgk-hR6JQy_F7-e3ioecsITv3mYfjejsoo2M,38,1,0,Temu | 100g Black,temu.com,https://www.temu.com/ul/kuiper/un3.html?subj=dpa-un&_bg_fs=1&_p_jump_id=1082&_x_vst_scene=adg&goods_id=605821844949975&adg_ctx=a-13efb09a~c-46b290ea&_p_rfs=1&_x_ads_channel=pinterest&_x_ads_creative_id=%7Bproduct_partition_id%7D&_x_ads_id=%7Badgroupid%7D&_x_ads_set=%7Bcampaignid%7D&_x_ads_sub_channel=shopping&_x_ns_catalog_id=1567707391772&_x_ns_creative=%7Badid%7D&_x_ns_gid=605821844949975&_x_ns_,https://i.pinimg.com/originals/de/31/af/de31af0155587d226c544b9d2a78c664.jpg,2000,2000,0,2026-08-22
2026-10-05,cabelo cacheado cuidados,AaSt7sAjKtpc3LIilqhGxRTG8KJhjJEzKzrx61WEKbWxToETfj1amI5qzGKyx48Syqstt0HXZhoAfdgkSzRvOvo,39,1,0,Temu | Crema Rizadora de,temu.com,https://www.temu.com/ul/kuiper/un3.html?subj=dpa-un&_bg_fs=1&_p_jump_id=1082&_x_vst_scene=adg&goods_id=605564834816896&adg_ctx=a-0873f175~c-eae727f4&_p_rfs=1&_x_ads_channel=pinterest&_x_ads_creative_id=%7Bproduct_partition_id%7D&_x_ads_id=%7Badgroupid%7D&_x_ads_set=%7Bcampaignid%7D&_x_ads_sub_channel=shopping&_x_ns_catalog_id=1580405374697&_x_ns_creative=%7Badid%7D&_x_ns_gid=605564834816896&_x_ns_,https://i.pinimg.com/originals/47/60/f8/4760f8f4edbab3060f0cb3017aee31cb.jpg,2048,2048,0,2026-06-26
2026-10-05,cabelo cacheado cuidados,65302263344224850,40,337,0,Voluminous Curly Hair | Beautiful Hairstyle Ideas,,,https://i.pinimg.com/originals/9e/db/a3/9edba31c339185f9245cf4feafa2d750.png,1024,1536,0,2026-09-16
2026-10-05,cabelo cacheado cuidados,225039312633802278,41,5,0,Finalização dos Cachos: 6 Erros que Podem Acabar com a Definição,,,https://i.pinimg.com/originals/06/a9/30/06a930e00a506dee6bafef04d16e5035.png,1024,1536,0,2026-09-25
2026-10-05,cabelo cacheado cuidados,1136947868464416161,42,1,0,Explosão de Óleos Africanos: Nutrição e Definição para Cachos,meli.la,https://meli.la/1EwksSo,https://i.pinimg.com/originals/a4/bb/32/a4bb3202aa9de18781e23442fac9c62d.jpg,1024,1536,0,2026-09-19
2026-10-05,cabelo cacheado cuidados,1108307789627722766,43,1,0,Cabelo cacheado: o método para cuidar e valorizar seus cachos,pay.kiwify.com.br,https://pay.kiwify.com.br/IdDP5Bk?afid=cYFCzMYD&utm_source=pinterest&utm_medium=affiliate&utm_campaign=a3_praticabeleza&s1=a3&s2=cacheado,https://i.pinimg.com/originals/78/a0/c1/78a0c1cf38ea024b652b4586bbb7b2a7.png,1000,1500,0,2026-09-21
2026-10-05,cabelo cacheado cuidados,ATQbV-26bXf_-qv70Ds9PLLyXa8KT6eUagQoXKqVgDn8uWszQN4sVaA0aTq1h1czHXxdFG8TNmYDWN9hd9YSDlg,44,1,0,Temu | 300g Curly Hair,temu.com,https://www.temu.com/ul/kuiper/un3.html?subj=dpa-un&_bg_fs=1&_p_jump_id=1082&_x_vst_scene=adg&goods_id=601101782596411&adg_ctx=a-3602d526~c-05cfdac9&_p_rfs=1&_x_ads_channel=pinterest&_x_ads_creative_id=%7Bproduct_partition_id%7D&_x_ads_id=%7Badgroupid%7D&_x_ads_set=%7Bcampaignid%7D&_x_ads_sub_channel=shopping&_x_ns_catalog_id=1567707391772&_x_ns_creative=%7Badid%7D&_x_ns_gid=601101782596411&_x_ns_,https://i.pinimg.com/originals/a5/5e/c2/a55ec2e3d889fc014f60d5f7f6bfb769.jpg,800,800,0,2026-07-07
2026-10-05,cabelo cacheado cuidados,81487074498947876,45,320,0,,kahchear.blogspot.com,https://kahchear.blogspot.com/2018/12/adeus-cabelo-ressecado-para-cabelos.html,https://i.pinimg.com/originals/c0/ba/8c/c0ba8c41aea60cbd3c582eb250abb6ef.jpg,564,1041,0,2022-08-16
2026-10-05,cabelo cacheado cuidados,1119214944932201353,46,2,0,Babosa nos Cabelos Cacheados,peleiluminadaeradiante.my.canva.site,https://peleiluminadaeradiante.my.canva.site/lizzante-promo,https://i.pinimg.com/originals/67/a6/5b/67a65ba654653d2f2f30795cab11e29d.png,1000,1500,0,2026-09-10
2026-10-05,cabelo cacheado cuidados,678073287692945656,47,7,0,Dicas preciosas para os seus cachos 🥰⭐,,,https://i.pinimg.com/originals/de/dc/b3/dedcb3a41d59f11eb96d31a5cd5c331d.png,1024,1536,0,2026-07-15
2026-10-05,cabelo cacheado cuidados,971862794621975833,48,4,0,"Rotina para cachos 2A, 2B, 2C",s.shopee.com.br,https://s.shopee.com.br/905645Vzla?channel_type=pinterest,https://i.pinimg.com/originals/0a/4a/53/0a4a5313331d64826d3cb9337bccbd22.png,1086,1448,0,2026-09-20
2026-10-05,cabelo cacheado cuidados,221028294207243825,49,33,0,,,,https://i.pinimg.com/originals/73/63/f6/7363f64d55dfb9446782bd17fa8a954d.jpg,736,1307,0,2026-09-03
2026-10-05,cabelo cacheado cuidados,81346337015430474,50,232,0,"10 DICAS PARA CUIDAR DO CABELO CACHEADO que eu queria ter aprendido antes 🌀🎀 Se você quer cachos mais definidos, saudáveis e um day after melhor, salva essas dicas porque elas podem mudar a sua rotina",instagram.com,https://www.instagram.com/p/DdAYD5pDddG/,https://i.pinimg.com/originals/76/e4/96/76e496747f2347fc25cea7d769c2c2c9.jpg,1080,1439,0,2026-09-29
2026-10-05,cabelo cacheado cuidados,797981627774208381,51,6,0,,,,https://i.pinimg.com/originals/6a/6a/11/6a6a11e35b4aa5c814f829aacecf68ce.png,1024,1536,0,2026-09-25
2026-10-05,cabelo cacheado cuidados,AfGLM4Db5qjt48pw3xXpaqjL7DaA06ezcqcECHZlrsNiEDuXN2vYu4AghGsFU5h9Pt5VnJJN2VjtJSoG7tOghPE,51,1,0,A Silk Press That Gives,servedby.flashtalking.com,https://servedby.flashtalking.com/click/8/328767;11105694;6414518;211;0/?gdpr=$%7BGDPR%7D&gdpr_consent=$%7BGDPR_CONSENT_78%7D&us_privacy=$%7BUS_PRIVACY%7D&url=45802328,https://i.pinimg.com/originals/1d/90/0c/1d900c38565b11fb747b218efb0bac22.jpg,1080,1920,0,2026-09-22
2026-10-05,cabelo cacheado cuidados,225039312633766249,52,8,0,5 hábitos que ajudam a diminuir o frizz dos cachos! 🌀✨,,,https://i.pinimg.com/originals/fe/38/76/fe38768ea9a947a6b01cf61913cb8702.png,1024,1536,0,2026-09-11
2026-10-05,cabelo cacheado cuidados,AQhbmkuj0qqK059FG0QMveOxLTrokjgDhAlxzq2FJizZEgpbV3_1meyBhmW115ekka5hs2usCE-qjUf2WkfaMmQ,53,0,0,MATRIX Miracle Creator,us.oliveyoung.com,https://us.oliveyoung.com/products/UA90694655,https://i.pinimg.com/originals/3c/56/20/3c5620366b781fe160d3ea1c465a4e6e.png,1000,1000,0,2026-09-23
2026-10-05,cabelo cacheado cuidados,590604938677889294,54,34,0,cheuveux châtain bouclé,,,https://i.pinimg.com/originals/27/51/e9/2751e9c15b089896c93331a7409336dc.jpg,736,1217,0,2026-06-02
2026-10-05,cabelo cacheado cuidados,1104930089863257217,55,2,0,Cuidados certos para cachos bonitos,,,https://i.pinimg.com/originals/ef/8e/44/ef8e4475e2292b6b2291cf2d32643e9b.jpg,800,1200,0,2026-01-24
2026-10-05,cabelo cacheado cuidados,Afk3m8sCyWmxEozQlKMgOqnksjFYp599Jb_1qv-4CUBWpyRHYjwST7vMbBDI7wXZM8y49pPftBkeLus55ekC03U,56,234,0,Hair Growth Oil,baskandlatherco.com,https://baskandlatherco.com/products/scalp-stimulator?_pos=8&_psq=hair+&_ss=e&_v=1.0,https://i.pinimg.com/originals/84/c2/5c/84c25cbbb909e65445b6842e2df05c7f.jpg,576,1024,1,2025-08-16
2026-10-05,cabelo cacheado cuidados,AdGWfGmCC6F7fdvevi5mp8jkGCV1fxp6EoJ6ASK7c-gXZVu-j-EAsdVgatUArXi5HBGIKBYaZtwkjw1x_6LDnF4,57,15,0,Exosome Scalp Care,platedskinscience.com,https://platedskinscience.com/products/hair-serum,https://i.pinimg.com/originals/0a/5c/a8/0a5ca8b150237913e94458bda5cbe5ef.png,1080,1920,0,2026-04-13
2026-10-05,cabelo cacheado cuidados,422281211585068,58,2388,0,Cuidados com Cabelo Cacheado! Como evitar Frizz no cabelo!,,,https://i.pinimg.com/originals/6a/6f/99/6a6f99c597e8c076b2e5ddb2fa2385a3.jpg,676,1201,0,2025-04-17
2026-10-05,cabelo cacheado cuidados,ASW54YzYOMLjzGLc563gHD33YlwLNS25BpDviLtwMCksGFr7JfBV3LjSTfw4ImGScZ16kXsIp4u5c4zE8oUn0BQ,59,2,0,Curl Foaming Gel - 6.7 fl,verbproducts.com,https://www.verbproducts.com/products/curl-foaming-gel?variant=41866165780569,https://i.pinimg.com/originals/a6/20/4b/a6204b5004068a9fca283dfb3af3f804.jpg,2000,2000,0,2026-04-29
2026-10-05,cabelo cacheado cuidados,AXCvWbHSLNOFXOWxTwDfiXceGOB7cdNWsIoxyX_FOyt0HfRlzRIQ0GyP3RHTaiJR0OlsSxdkxqL2mJqNAlGHf-Y,60,0,0,Quince | Women's Hair,quince.com,https://www.quince.com/health-&-wellness/vitamins-&-supplements/womens-hair-support?color=no-color&size=30-servings,https://i.pinimg.com/originals/43/ef/f0/43eff0bb4f1849c1af3d8dcabf67a1fe.jpg,964,1446,0,2026-07-15
2026-10-05,cabelo cacheado cuidados,225039312633795041,61,2,0,5 dicas simples para evitar a caspa e cuidar melhor do couro cabeludo ✨,meli.la,https://meli.la/24kzxjG,https://i.pinimg.com/originals/fb/19/9c/fb199cdd56df0e11e9c8faf12e757ac1.png,1024,1536,0,2026-09-22
2026-10-05,cabelo cacheado cuidados,AQQqfjTnPFCheH4tzEh64ukA11q7QQq3WJjjf4cBsbHHNqQgs4X4Gr5ddioWqpD9wNpBnaOgfqJ7OiddYSL8CTk,62,2,0,Why do women oil their,justnutritive.com,https://justnutritive.com/collections/best-sellers/products/onion-rosemary-shampoo,https://i.pinimg.com/originals/22/04/10/220410fb983f932d1a028bb41653da4a.jpg,736,1308,0,2026-03-27
2026-10-05,cabelo cacheado cuidados,AWYo_JEecS-XYYoK8YYQSb8jLTXiA_rLADwp4tbfhb3j-oBcTIPHpdghMrUV_cepiJv3Qcp3VqMz8tzLf8GZxjI,63,3,0,"Cabelos cacheados, cachos definidos, cachos perfeitos, hidratação, nutrição, reconstrução,",s.shopee.com.br,https://s.shopee.com.br/5VVPRiLTU3?pp=1&channel_type=pinterest,https://i.pinimg.com/originals/f8/ce/ab/f8ceab1aeeeae306d1599e412a8f90ec.jpg,736,1308,0,2026-09-24
2026-10-05,cabelo cacheado cuidados,AfpdAinpYzK6KjfPVBYKziSWLXYLVCg0Ur_MCzqMW94H-jIcFgK4q0n4SxFT-W17_58CPtsqDcmrzfJa_U0KwA8,64,23,0,Best Hair Dryer of 2025,shopperadvocate.com,https://www.shopperadvocate.com/sri-pnt-which-hair-dryer-works-best-for-frizz-free-styling/?nbt=nb:pinterest::%7Bcampaignid%7D:%7Badgroupid%7D:%7Badid%7D&nb_kwd=%7Bkeyword%7D&nb_device=%7Bdevice%7D&nb_platform=pinterest&nb_pn=%7Bproduct_name%7D&nb_ppgid=%7Bpromoted_product_group_id%7D&nb_pid=%7Bproduct_id%7D&nb_ppid=%7Bproduct_partition_id%7D&utm_medium=paid&utm_source=pinterest&utm_campaign=%7Bca,https://i.pinimg.com/originals/20/e9/7e/20e97e8f4d3fc85e5e689975af0bc608.png,2160,3840,0,2025-11-24
2026-10-05,cabelo cacheado cuidados,AUUIxcdo7vd6tTfS_2xs19koPRqqJ1V-SLIGdGyt1l98QLgxjqu5_5Jf8WP1mFhI6RUbgs7TYKpPPgZKbsF_tns,65,1,0,Save $130 on the Dyson,dyson.com,https://www.dyson.com/hair-care/hair-stylers/airwrap-id/straight-wavy-prussian-blue-bright-copper?utm_id=pin_%7Bcampaignid%7D_%7Badgroupid%7D_%7Badid%7D&utm_source=pinterest&utm_medium=p_social&utm_campaign=%7Bcampaignname%7D&utm_content=%7Badid%7D&utm_term=%7Badgroupid%7D,https://i.pinimg.com/originals/aa/54/a0/aa54a00924eb7326653e6e5910562fe2.jpg,1080,1920,0,2026-10-02
2026-10-05,cabelo cacheado cuidados,AfjaKeBZID5DN-yrR4PcpSO3RNVDX9v3jRvZfTFr7_7Nrc2sy5pjAUlZA9NfZj3IJIJFC5pQxvOo4bvHWeoRt1g,66,1,0,Bedsure Pillowcase With,wayfair.com,https://www.wayfair.com/Bedsure--Bedsure-Pillowcase-With-Zipper-Closure-US000BP-L1224-K~BDUR1364.html?refid=PSO49-BDUR1364_111077170_114394745&PiID[]=111077170&PiID[]=114394745,https://i.pinimg.com/originals/13/94/f5/1394f5933f6553382f4921413371c7e9.jpg,400,400,0,2026-08-12
2026-10-05,cabelo cacheado cuidados,1116189088938565768,67,9,0,"Cachos definidos, creme para pentear, gel ativador de cachos, mousse capilar, finalização p",s.shopee.com.br,https://s.shopee.com.br/3g3iITjvRk?channel_type=pinterest,https://i.pinimg.com/originals/da/4f/6b/da4f6bab257b0d9011c34e93eb87dcb8.jpg,909,1136,0,2026-09-15
2026-10-05,cabelo cacheado cuidados,80994493295354870,68,154,0,"Cronograma Capilar para Cachos Porosos | Hidrate, Nutra e Reconstrua seus Cachos",,,https://i.pinimg.com/originals/f0/c9/59/f0c95972875ec5c8aee7fd74722746fb.png,1024,1536,0,2026-09-25
2026-10-05,cabelo cacheado cuidados,1067705024178679073,69,40,0,5 dicas para definir seus cachos,,,https://i.pinimg.com/originals/ab/e0/c1/abe0c1494361a9b28013748424e44670.png,1024,1536,0,2026-08-06
2026-10-05,cabelo cacheado cuidados,200973202116613961,70,216,0,Cuidados para ter um cabelo cacheado bonito e saudável | por Cintia Araujo,,,https://i.pinimg.com/originals/49/d9/ba/49d9bab49bd0b08cb559570d7dfc55a7.jpg,1080,1920,0,2025-08-20
2026-10-05,cabelo cacheado cuidados,281543726982678,71,4218,0,,,,https://i.pinimg.com/originals/8b/c0/96/8bc0968dd712c7ba2d3a266a3ce37d6c.jpg,2160,2688,0,2026-06-13
2026-10-05,cabelo cacheado cuidados,AZ5PyJJuhlxztPKk67fIvuOIPNNnPKn4MiB5H7LQ_neoOO2X5oIZI3NDbUmNAjjwbYAIdGMUzu1UfLvJ6BXWmrE,72,1,0,Kérastase's bestselling,kerastase-usa.com,https://www.kerastase-usa.com/collections/top-10-best-sellers?utm_source=pinterest&utm_medium=awareness&utm_campaign=serums,https://i.pinimg.com/originals/5a/c7/18/5ac718c90347824275494d68ce5c9d6f.jpg,1080,1350,1,2026-08-10
2026-10-05,cabelo cacheado cuidados,225039312633764973,73,1,0,"Cachos e Ondas: mais brilho, definição e movimento! 💕",,,https://i.pinimg.com/originals/2e/77/e8/2e77e8f369f22fb44cb8fdd92f1b0b21.png,1024,1536,0,2026-09-11
2026-10-05,cabelo cacheado cuidados,225039312633764842,74,20,0,Qual é o seu tipo de cacho? 💕 Descubra e cuide melhor dos seus fios!,,,https://i.pinimg.com/originals/71/6d/a2/716da21a2634115d504242181adb58b1.png,1024,1536,0,2026-09-10
2026-10-05,cabelo cacheado cuidados,985231165747296,75,996,0,💚 6 Erros na Umectação que Estão Acabando com Seu Cabelo!,,,https://i.pinimg.com/originals/c0/8a/0d/c08a0d413a45bc8fdc6f316667b0a6f7.png,1024,1536,0,2026-07-20
2026-10-05,maquiagem natural dia a dia,26669822789170893,1,727,0,makeup look,,,https://i.pinimg.com/originals/b5/e0/ef/b5e0ef27405a38ad377e690bbddc38da.webp,1184,2096,0,2026-09-05
2026-10-05,maquiagem natural dia a dia,AXuR4-pRKEnk_1IpQE2okC5zF-gbEx6KYTkeBex0MWNUOgK9mL-GA8MqIzmkIOvBZlL6S9uTqDsf295Q8GJI9hI,2,1,0,soft glam cream blush +,elfcosmetics.com,https://www.elfcosmetics.com/collections/soft-glam-collection?utm_source=Paid_Social_Pinterest&utm_medium=paidsocial&utm_campaign=%7Bcampaignid%7D&utm_content=%7Badgroupid%7D&utm_term=%7Bproduct_name%7D,https://i.pinimg.com/originals/12/3e/52/123e52fbb6e3e74823335ef50cc8cb9a.png,1000,1500,0,2026-09-22
2026-10-05,maquiagem natural dia a dia,Afeh3aMpHsO_esy0DbCoUWcEcifsVmE8aREUBgChveRloQCEcGSO2HBejHeNJD_FcLYIfQDKJjwZ9oCTO8y_Vm4,3,0,0,Makeup Minimalist Duo -,drmtlgy.com,https://www.drmtlgy.com/products/makeup-minimalist-duo-tan?variant=40718546501687,https://i.pinimg.com/originals/86/de/ee/86deee580e14aca672d921b23752c56d.jpg,1080,1080,1,2026-08-14
2026-10-05,maquiagem natural dia a dia,3377768468504825,4,10128,0,,,,https://i.pinimg.com/originals/a8/cf/8e/a8cf8e73faefb72beeb51bafabd7d85c.jpg,736,1104,0,2025-10-26
2026-10-05,maquiagem natural dia a dia,AcC7EJpiwRDu5FOzS0bx8cAFbElVK5V21aNTDBYNGD7_1lgklrM6pbwUJRgQcopa0fo4InS8VZBj_lHlcQPPrms,5,402,0,Find lip combos from,kohls.com,https://www.kohls.com/catalog/sephora-lip-makeup.jsp?CN=Partnership:Sephora+Product:Lip+Category:Makeup&BST=8052649:8052687:8052669:7083604:7097437:5078497:7954167:6602960:8061222&icid=social-paid-pnstat-sephoralipcombos-np-2608wk2&cid=SO26PDPIN0620&utm_campaign=paid_social&utm_medium=paid_social&utm_source=pinterest&utm_content=2026pdpin620,https://i.pinimg.com/originals/f6/69/d5/f669d5e6ff0c44f9075a1b531434553c.jpg,1000,1500,0,2026-08-14
2026-10-05,maquiagem natural dia a dia,8444318048210524,6,185,0,,,,https://i.pinimg.com/originals/fd/bd/4c/fdbd4c02e004f96bca9ce5a2d823c60c.jpg,736,1104,0,2026-09-03
2026-10-05,maquiagem natural dia a dia,AYmJxQjvPfwaiCTRLK_IJ2BYc53VLZ1-D8NOdG7pSTVL62RGiyP-mBux0dO4bqdvdc2q0Zj1o1RG4fkzUeKOGSE,7,2,0,11 Small Habits That,beautyempties.com,https://beautyempties.com/how-to-make-makeup-look-natural/,https://i.pinimg.com/originals/49/f2/f2/49f2f21688771f256a7bc9f259b9f17b.png,1024,2048,0,2026-09-22
2026-10-05,maquiagem natural dia a dia,AbLdoYZsm29E2KR5rAh45aVUd2NIL_wDmfkZr6j_XCs7gIb2eIb5JaeYUafHiEGi1NI4uFBBndaeXwEvfsC94lE,8,1,0,Temu | 1pc Brown,temu.com,https://www.temu.com/ul/kuiper/un3.html?subj=dpa-un&_bg_fs=1&_p_jump_id=1082&_x_vst_scene=adg&goods_id=601099686043838&adg_ctx=a-c5ad474a~c-835646a4&_p_rfs=1&_x_ads_channel=pinterest&_x_ads_creative_id=%7Bproduct_partition_id%7D&_x_ads_id=%7Badgroupid%7D&_x_ads_set=%7Bcampaignid%7D&_x_ads_sub_channel=shopping&_x_ns_catalog_id=1567707391772&_x_ns_creative=%7Badid%7D&_x_ns_gid=601099686043838&_x_ns_,https://i.pinimg.com/originals/1f/c6/06/1fc6061559e83819b1d5d7a69981eea9.jpg,2000,3000,0,2026-06-28
2026-10-05,maquiagem natural dia a dia,351912467330746,9,25633,0,bridesmaid makeup inspo ✨natural vibe,,,https://i.pinimg.com/originals/f2/50/1a/f2501a79e1207b04a386341849e748f2.png,1024,1536,0,2026-05-01
2026-10-05,maquiagem natural dia a dia,AQAmIIpPqpi0v4ip4CFFJPtW2nUpZc71jDKMaCRW6LLwQRCMjd831TxUNV5Q_kHLDaWpxiC5Fs7a9XZEP29twl4,10,3516,0,LEAVE YOU ON READ,staticnails.com,https://staticnails.com/products/maglashleaveyouonreadblk?variant=39817850552403,https://i.pinimg.com/originals/80/b4/16/80b416b87c43ebd1797be9acefc393c9.jpg,1050,1400,0,2023-03-01
2026-10-05,maquiagem natural dia a dia,211174979688878,11,6587,0,,,,https://i.pinimg.com/originals/fc/12/54/fc12544c00cc7860b6392a6b3ae074b9.jpg,736,1227,0,2026-09-11
2026-10-05,maquiagem natural dia a dia,AeBuUwJ28sp4kUVIR0j6rdSUWOOk05M9E9XXx73W9hQdpAJ7adPBn2ZtxXvcH8r_OZt8Glc3V6GT5eOmXzfSP1w,12,0,0,Temu | Free! 2pcs,temu.com,https://www.temu.com/ul/kuiper/un3.html?subj=dpa-un&_bg_fs=1&_p_jump_id=1082&_x_vst_scene=adg&goods_id=606562055751680&adg_ctx=a-02ada569~c-66f3c759&_p_rfs=1&_x_ads_channel=pinterest&_x_ads_creative_id=%7Bproduct_partition_id%7D&_x_ads_id=%7Badgroupid%7D&_x_ads_set=%7Bcampaignid%7D&_x_ads_sub_channel=shopping&_x_ns_catalog_id=1567707391772&_x_ns_creative=%7Badid%7D&_x_ns_gid=606562055751680&_x_ns_,https://i.pinimg.com/originals/03/24/c2/0324c2a7a56641a34a4dcaaa2730e9fa.jpg,2000,3000,0,2026-08-13
2026-10-05,maquiagem natural dia a dia,Ac2G8ISHULFmMfndFoBdU983drhPW2v5_86qigUgXLAbRv6y-it8N5WQM7HYHDO4o1S88Dfvm8a8nb_VcWtf0dc,13,11,0,RMS Beauty Magic,freepeople.com,https://www.freepeople.com/shop/rms-beauty-magic-luminizer/?color=001&size=One+Size&type=STANDARD,https://i.pinimg.com/originals/7c/54/84/7c5484ca00011316f5f47612e81beb17.jpg,975,1463,0,2026-04-22
2026-10-05,maquiagem natural dia a dia,1196337405657140,14,2019,0,15 Clean Girl Makeup Looks For Black Women |...,thrivenaija.com,https://www.thrivenaija.com/clean-girl-makeup-looks-for-black-women/,https://i.pinimg.com/originals/e6/23/2a/e6232a2cd615b1b900b07499fe705742.jpg,1024,1536,0,2026-06-04
2026-10-05,maquiagem natural dia a dia,ARQ7hlMRU2_jKyWUvoUuvpoQ3s5tu9AGgkJaUIhv3HSOFWFEH6_xV49_5hbKvb1VrTLnwc-JJF9TB58YvMm06Is,15,9,0,Heart Shaped Color Pink,inspireuplift.com,https://www.inspireuplift.com/heart-shaped-color-pink-orange-eyeshadow-palette-with-facial-blusher/iu/21622946?variant=473361372,https://i.pinimg.com/originals/a7/6a/c5/a76ac50c9a5ef5caca7bda93e5c7434a.jpg,800,800,0,2026-07-08
2026-10-05,maquiagem natural dia a dia,AS-4tZ7jG_clvHz08OVlU--RORaaRJjoyWzZQZA95kHBisi7omKjYgS5wZis4Nh62PeYQvwAxtdrNbBM8FysGco,17,7,0,Glam Makeup Guide,glizm.com,https://glizm.com/products/glam-makeup-guide?variant=54092243730700,https://i.pinimg.com/originals/33/e8/06/33e8068abe8e6ab59b9c0051c866012b.jpg,800,928,0,2026-06-30
2026-10-05,maquiagem natural dia a dia,13229392654535196,18,2121,0,,,,https://i.pinimg.com/originals/c3/f7/d5/c3f7d50af40319c36359f66c38d027e9.jpg,736,1104,0,2026-08-17
2026-10-05,maquiagem natural dia a dia,AUIZAH-Z8UclAEkli1cqOgqxPIOfdO58UGynq0Y8atRhTjmzTaL-c5ghMIvYdonZaj6zS9fxWUviAQd3Lhyyh_Y,19,5,0,The Secret to Prettier,ninetyninedreams.com,https://ninetyninedreams.com/products/no-glue-rosea-lower-lashes,https://i.pinimg.com/originals/d2/4e/78/d24e785eaf378cf66529aebb7e9696c9.jpg,1080,1920,1,2026-07-03
2026-10-05,maquiagem natural dia a dia,774124932001366,20,1809,0,Vanilla Girl Makeup for the Softest Everyday Glow 🍦,,,https://i.pinimg.com/originals/6e/2d/8f/6e2d8fb5a702208267588e29ce700de3.png,1122,1402,0,2026-08-31
2026-10-05,maquiagem natural dia a dia,AfKIWpQc9F0rAqWxMsJA6MuRlxS2eF1qz8ETgeHK8oOQmJBOU7cJw_EaIrmZ8WZmG4AeNpl2VptQyNQlMf8SreU,21,0,0,Temu | 1 pieza de,temu.com,https://www.temu.com/ul/kuiper/un3.html?subj=dpa-un&_bg_fs=1&_p_jump_id=1082&_x_vst_scene=adg&goods_id=607293257149209&adg_ctx=a-e4f4cbf8~c-75e74a31&_p_rfs=1&_x_ads_channel=pinterest&_x_ads_creative_id=%7Bproduct_partition_id%7D&_x_ads_id=%7Badgroupid%7D&_x_ads_set=%7Bcampaignid%7D&_x_ads_sub_channel=shopping&_x_ns_catalog_id=1580405374697&_x_ns_creative=%7Badid%7D&_x_ns_gid=607293257149209&_x_ns_,https://i.pinimg.com/originals/89/6f/c5/896fc59dc9be5afa52d7a6963d05b618.jpg,800,800,0,2026-09-24
2026-10-05,maquiagem natural dia a dia,140806235060206,22,38496,0,,,,https://i.pinimg.com/originals/27/8f/49/278f4919b051f83d3cf7b346814b9a33.jpg,736,1313,0,2026-04-19
2026-10-05,maquiagem natural dia a dia,AWDH1kYGNwsgddV-5LcAWDHrOPplQE9EACzh2HDqqWt8uXE5WkIc_sorG_gMCb55sLCshOp0mheu81Lpwg1l2HM,23,0,0,Temu | J.w. Hydrating Lip,temu.com,https://www.temu.com/ul/kuiper/un3.html?subj=dpa-un&_bg_fs=1&_p_jump_id=1082&_x_vst_scene=adg&goods_id=606163563289147&adg_ctx=a-84492d36~c-1c6bf275&_p_rfs=1&_x_ads_channel=pinterest&_x_ads_creative_id=%7Bproduct_partition_id%7D&_x_ads_id=%7Badgroupid%7D&_x_ads_set=%7Bcampaignid%7D&_x_ads_sub_channel=shopping&_x_ns_catalog_id=1567707391772&_x_ns_creative=%7Badid%7D&_x_ns_gid=606163563289147&_x_ns_,https://i.pinimg.com/originals/32/fe/9a/32fe9a4f76796bf47b487ca474e2dcb9.jpg,2000,3000,0,2026-09-14
2026-10-05,maquiagem natural dia a dia,10485011674738441,24,671,0,,,,https://i.pinimg.com/originals/79/7e/78/797e78168a72a972a30e4c1c2c0d98e5.jpg,1024,1536,0,2026-09-16
2026-10-05,maquiagem natural dia a dia,2885187258882088,25,1025,0,,,,https://i.pinimg.com/originals/67/35/ec/6735ec729f4ad6bed19df93055557000.jpg,744,1519,0,2026-09-30
2026-10-05,maquiagem natural dia a dia,AcXWIaRG87B5Uk5RnafMclhwDle7sZ0HE_U2BoxNOA3Ckkj3DQzN0uM6UcJNJ3dbL2GTwKLc7g2uISYf3Fchv08,26,0,0,"Eyeshadow Palette,",us.shein.com,https://us.shein.com/ark/default?scene=1&test=5051&ad_type=DPA&goods_id=106331359&pf=PINTEREST&url_from=PINADSDPA&ismg=7f2ce1a02589c94a36d3e6a2568b6034ab8b1cdb47b9c4cf5f178946e70db5ba_01_1791128271,https://i.pinimg.com/originals/2e/fb/00/2efb000a9db968da1e54612215fe17a7.jpg,1340,1785,0,2026-01-21
2026-10-05,maquiagem natural dia a dia,4925880839772511,27,453,0,,,,https://i.pinimg.com/originals/80/d8/11/80d811bd4990de66e83c739dd5c6a705.jpg,703,1210,0,2026-08-26
2026-10-05,maquiagem natural dia a dia,2885187258688662,28,2723,0,,,,https://i.pinimg.com/originals/db/3b/96/db3b963fa04d5db15cbcc00476b848d5.jpg,736,1104,0,2026-07-27
2026-10-05,maquiagem natural dia a dia,633387444823893,29,6418,0,,,,https://i.pinimg.com/originals/fa/58/1c/fa581c1f0fa6d9c9406f84e9317d656b.jpg,1129,1882,0,2026-09-01
2026-10-05,maquiagem natural dia a dia,3237030979185869,30,252,0,15 Effortless Glow Makeup Looks You’ll Love,herbeautyhacks.com,https://herbeautyhacks.com/10-natural-makeup,https://i.pinimg.com/originals/a4/87/bb/a487bbc98f7040ab5d69f392e697efb4.jpg,1024,1536,0,2026-07-11
2026-10-05,maquiagem natural dia a dia,20266267069747651,31,428,0,Warm makeup look,,,https://i.pinimg.com/originals/bf/ed/ef/bfedef37c63722fe7e58b42623a37a2b.jpg,1080,1920,0,2026-09-02
2026-10-05,maquiagem natural dia a dia,1337074890681967,32,10640,0,,instagram.com,https://www.instagram.com/p/DbasVZjIFQO/,https://i.pinimg.com/originals/be/f6/eb/bef6eb6e08afccb4a6baedf176762259.jpg,1153,1441,0,2026-09-03
2026-10-05,maquiagem natural dia a dia,3940718421059892,33,8591,0,UMA,,,https://i.pinimg.com/originals/6f/d7/15/6fd715bcdd486a01d6ef90e159cd654e.jpg,1064,1892,0,2026-03-18
2026-10-05,maquiagem natural dia a dia,112308584465193763,34,112,0,✨ Make Leve para o Dia a Dia,glowtrends26.blogspot.com,https://glowtrends26.blogspot.com/2026/07/maquiagem-basica-ou-elaborada-produtos.html,https://i.pinimg.com/originals/ae/b0/92/aeb092fd0f7ac74e2cab6fc3b70a62e4.png,1086,1448,0,2026-09-12
2026-10-05,maquiagem natural dia a dia,7810999350494684,35,231,0,,,,https://i.pinimg.com/originals/23/93/a3/2393a32e462bcf53559764eee8c8d08e.jpg,736,1288,0,2026-09-14
2026-10-05,maquiagem natural dia a dia,4011087181785497,36,351,0,,,,https://i.pinimg.com/originals/64/62/96/646296a3da2c6b9c812a9013c6ab22c9.jpg,736,1313,0,2026-04-30
2026-10-05,maquiagem natural dia a dia,AVxJmkMvPYPIe44VWi85BpbBLBhcDvkvvMxUcnLmcYMniSoG_OUpes2x1aCvCPj4NE_E1-2obbg0Dq0b8sE2af8,37,22,0,Ice Queen | An Icy Rose,runwayroguebeauty.com,https://runwayroguebeauty.com/products/ice-queen?variant=55168341377393,https://i.pinimg.com/originals/65/2c/32/652c32ea7c3b7bfdcc119bf0adfaee81.jpg,1080,1080,1,2025-08-24
2026-10-05,maquiagem natural dia a dia,8092474323511063,38,416,0,,,,https://i.pinimg.com/originals/d5/80/0d/d5800d93a8f198016d43aa27492311cd.jpg,750,1211,0,2023-01-01
2026-10-05,maquiagem natural dia a dia,8514686792373970,39,675,0,,instagram.com,https://www.instagram.com/reel/DafhhWxs535/,https://i.pinimg.com/originals/8b/71/b5/8b71b56a123ded3999ce21092228d194.jpg,840,1490,0,2026-09-15
2026-10-05,maquiagem natural dia a dia,4925880839734668,40,106,0,Effortless Clean Girl Soft Glam Your Everyday Natural Makeup Inspo,amzn.to,https://amzn.to/3PWg6xM,https://i.pinimg.com/originals/db/39/10/db3910f26362767d0896e433c79f8c20.jpg,768,1376,0,2026-08-13
2026-10-05,maquiagem natural dia a dia,85849936644292457,41,136,0,✨ Fresh Face Makeup Look,,,https://i.pinimg.com/originals/68/3a/9a/683a9ababcc446cdf869ea6fd28a77e8.png,1000,1500,0,2026-09-16
2026-10-05,maquiagem natural dia a dia,844493676982853,42,231,0,Brown Eyes Makeup And Glowy Skin Soft Glam Look,beautyinspo.netlify.app,https://beautyinspo.netlify.app/#/brown-eyes-makeup-and-glowy-skin-soft-glam-look,https://i.pinimg.com/originals/3d/0a/0a/3d0a0a05bc09b3e80bcefb2efea77a9c.jpg,1009,1402,0,2026-08-21
2026-10-05,maquiagem natural dia a dia,4714774605555170,43,10247,0,no makeup makeup look ✨️,,,https://i.pinimg.com/originals/7e/6f/82/7e6f824fc84569ede2e6aac4720dc630.jpg,704,1252,0,2026-03-14
2026-10-05,maquiagem natural dia a dia,61009769946590851,44,944,0,,,,https://i.pinimg.com/originals/cc/96/6b/cc966b6273bb13e2bb562bcb06656792.jpg,736,1237,0,2025-03-26
2026-10-05,maquiagem natural dia a dia,2955556001630004,45,3189,0,,,,https://i.pinimg.com/originals/c5/b7/20/c5b720f88c40f4417ea7176038c97dee.jpg,781,1200,0,2024-11-08
2026-10-05,maquiagem natural dia a dia,2111131074141070,46,1895,0,,,,https://i.pinimg.com/originals/9a/ac/e4/9aace4ec9cafdd4b4c1634643fec428b.jpg,1080,1920,0,2026-09-25
2026-10-05,maquiagem natural dia a dia,422281213076841,47,9509,0,Natural Soft Glam Makeup | Glowing Skin & Elegant Beauty Aesthetic,,,https://i.pinimg.com/originals/50/05/61/5005619ed375856f54a5613dc141b1ee.png,941,1672,0,2026-09-07
2026-10-05,maquiagem natural dia a dia,422281212551516,48,1789,0,Clean Girl Minimal Makeup Look,,,https://i.pinimg.com/originals/7d/a2/b2/7da2b2d191559017020cb8c604740cef.png,756,1344,0,2026-03-03
2026-10-05,maquiagem natural dia a dia,2814818513205418,49,1164,0,Clean Girl Slick Bun Looks So Expensive With Minimal Makeup || That Clean Girl Look,,,https://i.pinimg.com/originals/ab/4d/33/ab4d33e40ef8e70fb9c3dcfd82e3526b.png,1023,1537,0,2026-06-19
2026-10-05,maquiagem natural dia a dia,3237030979368999,50,26370,0,soft glam makeup eyes,,,https://i.pinimg.com/originals/d6/ab/f0/d6abf04239730ba472e0eb91c0852c6b.jpg,1080,1920,0,2026-09-17
2026-10-05,maquiagem natural dia a dia,703756189502463,51,2191,0,,,,https://i.pinimg.com/originals/de/03/23/de0323b0fb96d11743b9404739babd34.jpg,600,900,0,2026-07-11
2026-10-05,maquiagem natural dia a dia,AX4gLmRqAvm4hQhwqt9MZ3-M8JjuIhR_QzrM2MUFuCUtXYHq4f50ZpWOVU-iaMQ94RY5qXnjV5lpsLpQNOuxNfE,51,1,0,soft glam cream blush +,elfcosmetics.com,https://www.elfcosmetics.com/collections/soft-glam-collection?utm_source=Paid_Social_Pinterest&utm_medium=paidsocial&utm_campaign=%7Bcampaignid%7D&utm_content=%7Badgroupid%7D&utm_term=%7Bproduct_name%7D,https://i.pinimg.com/originals/b8/0c/e7/b80ce753c1d61110f897e6c896cc7441.png,1000,1500,0,2026-09-22
2026-10-05,maquiagem natural dia a dia,AVFuGSIUBWasTztHLjqXjazuOtMSM03rJXNjdcaNpu_jpflXkg9MgG4wXbiiGASpvlt85sb5vM4jgOuNtKSnk6E,52,0,0,Crystal Jelly Glaze,us.shein.com,https://us.shein.com/ark/default?scene=1&test=5051&ad_type=DPA&goods_id=240409162&pf=PINTEREST&url_from=PINADSDPA&ismg=065d77741228de69c50fc87796d92fcca3dc9707e1222ce127fd5a34e13cec36_01_1791128057,https://i.pinimg.com/originals/a7/c7/be/a7c7be8a8c15d7376f1dee6839af7d96.jpg,1340,1785,0,2026-07-10
2026-10-05,maquiagem natural dia a dia,ARaD_W2s3oda3MWupUNNDrWkQv3hY0-rDsjIqlxepq5B04LsRhMAf7R5jqsJV1eeROcjDMRgobAhEirpe7m6U4w,53,1,0,Armani Eye Tint Liquid,sephora.com,https://www.sephora.com/product/eye-tint-P393434,https://i.pinimg.com/originals/b2/a8/2c/b2a82c1698c7548ec96e976554a25cc0.jpg,1080,1620,1,2026-08-28
2026-10-05,maquiagem natural dia a dia,591519732353544248,54,5,0,,,,https://i.pinimg.com/originals/40/d8/d3/40d8d37f333220b7d1a12d849ecb1540.jpg,816,1456,0,2026-09-22
2026-10-05,maquiagem natural dia a dia,786933734934001712,55,12,0,,,,https://i.pinimg.com/originals/23/9e/c6/239ec6c3eb00a598e3042e7f4533d89a.jpg,1170,1821,0,2026-02-01
2026-10-05,maquiagem natural dia a dia,6473993213086605,56,727,0,,,,https://i.pinimg.com/originals/cd/29/88/cd2988267870f3b52cbe6cf1e3bfe0ca.jpg,736,1308,0,2026-09-27
2026-10-05,maquiagem natural dia a dia,28429041394640009,57,308,0,Natural Everyday Makeup Look ✨ Simple & Fresh,linktr.ee,https://linktr.ee/Glowoutine99,https://i.pinimg.com/originals/27/80/cf/2780cf70e4f524b4355466b0fa48a8d1.jpg,768,1408,0,2026-05-28
2026-10-05,maquiagem natural dia a dia,45810121244099345,58,497,0,Natural Glowing Skin Makeup Look ✨,,,https://i.pinimg.com/originals/01/88/8e/01888e944190f6c4ad195061dfcb0032.jpg,736,1308,0,2026-09-16
2026-10-05,maquiagem natural dia a dia,2462974792127589,59,18391,0,Amanda Khamkaew,,,https://i.pinimg.com/originals/36/13/98/3613983f166ceecfd01673ab216389e4.jpg,1230,1686,0,2025-02-15
2026-10-05,maquiagem natural dia a dia,8936899258856147,60,9436,0,,,,https://i.pinimg.com/originals/3f/b9/ed/3fb9ed42538b9f919b2e14e39fc21bce.jpg,675,1200,0,2026-09-13
2026-10-05,maquiagem natural dia a dia,669980882113342322,62,5,0,Natural Makeup Ideas for a Fresh Everyday Glow,,,https://i.pinimg.com/originals/70/47/6f/70476f3164ac374de4713e3f7d6a9e82.jpg,768,1376,0,2026-09-23
2026-10-05,maquiagem natural dia a dia,12666442698475204,63,2291,0,Maquillaje,,,https://i.pinimg.com/originals/40/05/fa/4005fabb0a1a986d76376a5dcc09c509.jpg,675,1200,0,2026-07-26
2026-10-05,maquiagem natural dia a dia,1900024839422968,64,6679,0,,,,https://i.pinimg.com/originals/d9/da/e2/d9dae21899a5ba7d68b2ece836e63abb.jpg,1014,1709,0,2025-09-30
2026-10-05,maquiagem natural dia a dia,804455552241005707,65,8,0,🌹 Rosy Makeup Look,,,https://i.pinimg.com/originals/75/ca/7f/75ca7fa160ae6f7f000c35a7ae65a630.png,1000,1500,0,2026-09-12
2026-10-05,maquiagem natural dia a dia,52987733114643100,66,357,0,,i.pinimg.com,https://i.pinimg.com/736x/cc/bb/d9/ccbbd9d28a4ce0e7372b28d5c2179a67.jpg,https://i.pinimg.com/originals/13/1a/95/131a957ed7a40f12c134f28f00d2e9eb.jpg,736,1260,0,2026-09-24
2026-10-05,maquiagem natural dia a dia,492649955337870,67,2897,0,Makeup Inspiration,,,https://i.pinimg.com/originals/84/8e/5c/848e5c7f5ffb7aabbaa8bb0f2219a3e2.jpg,1122,1402,0,2026-09-26
2026-10-05,maquiagem natural dia a dia,13581236385650803,68,225,0,inspiração maquiagem,,,https://i.pinimg.com/originals/5b/d7/cf/5bd7cf8817ec2591f86e5b8591ca5591.jpg,768,1262,0,2026-05-27
2026-10-05,maquiagem natural dia a dia,Aas27TzAYPFlbFhDRJbefmdsp_3dN3LUV9U51teZJgoxYvCppo2Jp-F_Cvbq_rwzR9PP5rFr60wecXUbCk-7TSQ,69,1109,0,Perfect Shade Match Every,hestiacosmetics.com,https://hestiacosmetics.com/products/color-changing-foundation,https://i.pinimg.com/originals/51/ff/06/51ff06c92cfce8384c002c544603aee4.jpg,1080,1920,1,2025-11-10
2026-10-05,maquiagem natural dia a dia,68750446305,70,4996,0,,,,https://i.pinimg.com/originals/0e/6b/96/0e6b96023421b5c2cc430abfa5033565.jpg,1080,1920,0,2026-09-27
2026-10-05,maquiagem natural dia a dia,10485011674523737,71,1415,0,Fresh Glow Makeup Trends,,,https://i.pinimg.com/originals/ae/a9/1b/aea91ba87e187aac77a81cd1d124247c.png,1000,1500,0,2026-07-02
2026-10-05,maquiagem natural dia a dia,492649954248350,72,4084,0,Effortless Beauty: Simple Makeup Looks for Every Day!,,,https://i.pinimg.com/originals/9a/08/91/9a0891f6c03e18598c7bd619abd8980b.jpg,1000,1500,0,2025-07-27
2026-10-05,maquiagem natural dia a dia,590886413661815939,73,18,0,Women Makeup Ideas & Beauty Inspiration | Natural & Trendy Makeup Looks for Every Occasion,,,https://i.pinimg.com/originals/88/6c/1e/886c1e8b0b147edf1bfa88f83cfa6473.jpg,896,1200,0,2026-09-11
2026-10-05,maquiagem natural dia a dia,467459636345353874,74,31,0,pretty girl,,,https://i.pinimg.com/originals/5b/c9/b8/5bc9b80c39cb99d78257ea3038eaf8bf.jpg,675,1200,0,2026-01-30
2026-10-05,maquiagem natural dia a dia,422281212325801,75,9979,0,,,,https://i.pinimg.com/originals/8e/33/af/8e33af451d6a64b375e44a3c442a69af.jpg,675,1200,0,2025-12-20
2026-10-05,maquiagem natural dia a dia,35677022044472638,76,634,0,♡,,,https://i.pinimg.com/originals/1e/84/60/1e846048d631b49c657f5514fb426f17.jpg,736,1308,0,2025-04-28
2026-10-05,skincare pele oleosa,AU2Bh2v_GqvlThiR_Wm2UCXrDx-C-u4wvlRcG8rExmB6PhEqVjRNIgg4Bq6sujwFyqsXfDnHuYlBAGEOnzb79KU,1,0,0,Less in. More out.,gladskin.com,https://gladskin.com/,https://i.pinimg.com/originals/98/a2/ad/98a2adff72849e50847c0655a15c8f69.jpg,1080,1920,1,2026-09-24
2026-10-05,skincare pele oleosa,1096204365584377520,2,1,0,Skincare para Pele Oleosa: Rotina Completa em 4 Passos para Controlar o Brilho,s.shopee.com.br,https://s.shopee.com.br/8AWLsnWKfD?channel_type=pinterest,https://i.pinimg.com/originals/83/08/1a/83081ad3e58ed912b0c57f2d5ef666e4.png,941,1672,0,2026-09-24
2026-10-05,skincare pele oleosa,ASvHovPmplzeNLKMPMl7fR_vjzrPyInWlwu5TYM11mSNm_3HBHzkoSQa1IG2yN0bw59HTvl0SY7xaZld8rsFaYw,3,4,0,60-day money-back,norseorganics.co,https://norseorganics.co/pages/quiz-for-scars,https://i.pinimg.com/originals/04/08/f7/0408f7dab4abe0dce86756074d292d54.png,1080,1920,0,2026-10-01
2026-10-05,skincare pele oleosa,AS4P5fQUx68SvKY0EJeh-9B7TaVxtDW2vtESDdbMRnKaKhDZ_H2k9oAUM3Hd47sAx7YhFSP4oKSxl8Ob7l_hDO4,4,34,0,Vitamin C Serum,madhippie.com,https://madhippie.com/products/vitamin-c-serum?_pos=1&_sid=d4aedd6a8&_ss=r,https://i.pinimg.com/originals/ff/82/cd/ff82cd434e8f09610f46a977103fdcc4.jpg,2160,3840,0,2024-05-16
2026-10-05,skincare pele oleosa,39899146694499074,5,72,0,After 25 your collagen production drops by one percent every year.,skinsobeautifulofficial.com,https://skinsobeautifulofficial.com/what-i-drink-every-morning-for-clear-glowing-brown-skin,https://i.pinimg.com/originals/75/d9/30/75d930a5265f4e615b1f93e1b3bb83b4.jpg,1080,1920,0,2026-09-07
2026-10-05,skincare pele oleosa,AdBrjeux4ENYyb_wstD8px2yl0Rv5ao6ETJjiHqEtdt3kDpMXsACUS_gyp67r57OOuHflCBiOfaGH1Efa1yQY4I,6,148,0,Anti-Aging Skincare Trio,beautyfrombees.us,https://beautyfrombees.us/products/special-skincare-trio,https://i.pinimg.com/originals/d7/87/fc/d787fcca0200a6600151a61a80a41eb4.png,1080,1920,0,2025-04-21
2026-10-05,skincare pele oleosa,275634439690781994,7,19,0,Óleo de Limpeza Hidratante CeraVe para Pele Seca e Atópica – Limpeza Suave e Hidratação Profunda,meli.la,https://meli.la/1s3SUPF,https://i.pinimg.com/originals/38/56/38/3856388fbe37d17f555b62e853c4b2a2.png,941,1672,0,2026-08-27
2026-10-05,skincare pele oleosa,634233560072579928,8,46,0,Simple Skincare Routine for Glowing Skin ✨,,,https://i.pinimg.com/originals/f1/75/36/f1753692123de02db08b0a978b661358.jpg,736,1104,0,2026-09-27
2026-10-05,skincare pele oleosa,1136807130980085581,9,1,0,Pele oleosa: por onde começar uma rotina de skincare,morning-plane-38b.notion.site,https://morning-plane-38b.notion.site/Rotina-de-skincare-simples-ordem-dos-produtos-e-como-come-ar-3e06fcbdd704807ea9a0e40d6bfecf84,https://i.pinimg.com/originals/ec/22/2e/ec222e8c612eec8cb5390c1ef52e72ee.png,1024,1536,0,2026-09-25
2026-10-05,skincare pele oleosa,AY-ummdz6au9vebJTvsEXxaWdMQzog_tKnD_SiqcYa2Vald1dlBqnJTWTa9kCCftmkijdmIHao4KhDMitZG4vYk,10,1,0,Korean Skincare for,sephora.com,https://www.sephora.com/beauty/korean-skin-care?_branch_match_id=1225553987457279201&_branch_referrer=H4sIAAAAAAAAA8soKSkottLXL04tyMgvStRLLCjQy8nMy9Z38neMLE4Nj/AzSbKvK0pNSy0qysxLj08qyi8vTi2ydc4oys9NBQC2isanPgAAAA%3D%3D,https://i.pinimg.com/originals/87/b0/4a/87b04a8cf4eaf78e8fbac4b88347a1ce.jpg,1080,1920,0,2026-06-19
2026-10-05,skincare pele oleosa,AeLdXTUqDgcivBKls0Moi3klCcCqNSzUKbtnhlCFyEcEr-Arf5LDEEZvlYTGYpOBOd8Pp4gJ3fBK1KdZYgFGBJw,11,0,0,Skin SPA Facial Cleanser,walmart.com,https://www.walmart.com/ip/SKIN-SPA-Skin-Care-Facial-Cleanser-Set-Daily-Routine-Kit-System-Infused-Aloe-Vera-8-Oz-Face-Wash-Scrub-Cleanser-Toner-Makeup-Remover-Clay-Mask-Moistu/3312408979?wmlspartner=wlpa&selectedSellerId=101406578,https://i.pinimg.com/originals/d6/e8/66/d6e866a364ed47d8f32244e8f8ccac8b.jpg,1058,1121,0,2026-08-15
2026-10-05,skincare pele oleosa,AVfT7l6pCNlmkuIljVLszJh9B6O5W5R9eF1Vj0Yie5fX5XgQNA5-g6gsRqx4RrsIWD89QLqi8ujrHN_qXoJVJTQ,12,37,0,The Ordinary Salicylic,kohls.com,https://www.kohls.com/product/prd-5806172/the-ordinary-salicylic-acid-2-solution-exfoliating-serum-for-acne.jsp?skuid=70993167&ci_mcc=ci&utm_campaign=EC%20TEAM%20APPAREL&utm_medium=CSE&utm_source=pinterest&utm_product=93668431&CID=shopping29,https://i.pinimg.com/originals/e9/29/08/e929085d7464cf3de5f0a69e40c0f607.jpg,800,800,0,2026-08-05
2026-10-05,skincare pele oleosa,Acl6OEjiN91xw1mulD8cyDmiRrKOYxweUGk1U6gvG7oBorvVob_lo5mfPUvsVLuVI9HvRtd0XfdcwFyPvKmLeco,13,4,0,Hydration Superstars Kit,drmtlgy.com,https://www.drmtlgy.com/products/hydration-superstars-kit?variant=32361136193591,https://i.pinimg.com/originals/77/24/37/7724375f0f919180eb1d48d527f6ff79.jpg,1200,1200,0,2026-04-23
2026-10-05,skincare pele oleosa,811703532887442012,14,3,0,Kit Creamy Skincare 3 Passos - Limpador Antioleosidade + Calming Cream + Protetor Solar FPS 60,s.shopee.com.br,https://s.shopee.com.br/9zxkaaNFHc?channel_type=pinterest,https://i.pinimg.com/originals/51/4c/ef/514cef3b0e11545e11b5d748f7a48d7d.png,1024,1536,0,2026-09-21
2026-10-05,skincare pele oleosa,271623421271961881,15,94,0,Natural Glowing Skin on Melanin-Rich Complexions | Skincare Results & Healthy Skin Tips,mavely.app.link,https://mavely.app.link/WGRbNHXqA3b,https://i.pinimg.com/originals/62/5a/c0/625ac0e1e681af26d44c4065780353b8.png,1024,1536,0,2026-08-03
2026-10-05,skincare pele oleosa,977070081695019199,17,12,0,Creamy Skincare Ácido Tranexâmico 90ml,meli.la,https://meli.la/2Df6p9G,https://i.pinimg.com/originals/14/1a/a1/141aa14d84c968ccc779136c3fba4c8a.png,1024,1536,0,2026-09-30
2026-10-05,skincare pele oleosa,1138566349579003761,18,1,0,Gel de Limpeza Principia GL-02 para Pele Oleosa 🫧✨,s.shopee.com.br,https://s.shopee.com.br/6q0jkEHDJf?channel_type=pinterest,https://i.pinimg.com/originals/08/b6/76/08b676b97c9df8b09d6a632293d84c4b.png,941,1672,0,2026-09-15
2026-10-05,skincare pele oleosa,AWpaEOAV001QGkVbGAgkC7yzlUY9uU6Yy9cMjiOHGx9WP_VvMlKGMMZZOQJ099BnpTCu4YFc0JcInkd7_gMCaao,19,1,0,The new generation of,platedskinscience.com,https://platedskinscience.com/products/intense-serum,https://i.pinimg.com/originals/fd/06/e3/fd06e3557c3e467d9739e27de360e124.jpg,720,1280,1,2026-04-16
2026-10-05,skincare pele oleosa,ATdS7Y3Kg1EJXCVCXqz6xYkCG4TPhAX42TTDbVU75aNmbqGYnaf4zgtP9doJ1Zuk9SImpgMBUo4LDRhRhZBmdok,20,3,0,Hard Water's Hidden,justnutritive.com,https://justnutritive.com/collections/anti-aging-fine-lines/products/anti-aging-facial-lotion,https://i.pinimg.com/originals/06/45/ca/0645cad93ab6ea32111206301f909a53.png,1080,1920,0,2026-04-06
2026-10-05,skincare pele oleosa,220887556720267320,21,101,0,,,,https://i.pinimg.com/originals/79/a7/dc/79a7dc256d28b3ff45fb9a4e85b56121.jpg,736,919,0,2026-09-20
2026-10-05,skincare pele oleosa,AWWlA79cFCO8Ou8owyxa06Qy9LHU-eTtxJLCE4AhBIo86UZzhvY9w_VJD-elvT3IePDr5cepCbfyQ7lJQMVkzR4,22,1,0,Temu | Barubt Egf Nad+,temu.com,https://www.temu.com/ul/kuiper/un3.html?subj=dpa-un&_bg_fs=1&_p_jump_id=1082&_x_vst_scene=adg&goods_id=606354756440590&adg_ctx=a-386c1cd8~c-ceb8d05a&_p_rfs=1&_x_ads_channel=pinterest&_x_ads_creative_id=%7Bproduct_partition_id%7D&_x_ads_id=%7Badgroupid%7D&_x_ads_set=%7Bcampaignid%7D&_x_ads_sub_channel=shopping&_x_ns_catalog_id=1567707391772&_x_ns_creative=%7Badid%7D&_x_ns_gid=606354756440590&_x_ns_,https://i.pinimg.com/originals/bf/2e/5c/bf2e5c350b19ec9621cfcacddf1f92ac.jpg,1024,1024,0,2026-09-03
2026-10-05,skincare pele oleosa,290693350972693253,23,15,0,Korean Skincare Routine for Oily Skin | K-Beauty Favorites,shopmy.us,https://shopmy.us/shop/collections/7432659,https://i.pinimg.com/originals/93/e9/fb/93e9fbc93a0db01e6bd31754bb6958a0.png,764,1360,0,2026-09-29
2026-10-05,skincare pele oleosa,172966441932597843,24,46,0,Rotina de skincare para pele oleosa e com imperfeições.,amzn.to,https://amzn.to/4ddodg9,https://i.pinimg.com/originals/49/2a/8b/492a8bf0580c8fe12e5838edea856b2e.jpg,564,1002,0,2024-05-16
2026-10-05,skincare pele oleosa,AUCPEqmnL5l97sX-2fD12R9v8e6PK5FzZ3h5NH4_B3y2P1FFQMG9pGpE1ofCdThO-Lyvam5-BlnYa_4OBZITWAQ,25,6,0,5 Cleansers That Can Be,beautyempties.com,https://beautyempties.com/worst-cleansers-sensitive-skin-over-50/,https://i.pinimg.com/originals/e1/89/83/e189831ce9efa38ecfa35344895d4f6c.png,887,1774,0,2026-07-29
2026-10-05,skincare pele oleosa,20125529581330433,26,251,0,Your Glowing Skin Era,,,https://i.pinimg.com/originals/5e/08/33/5e08336846c62c3a83b5df214d35f56f.jpg,1024,1536,0,2026-03-26
2026-10-05,skincare pele oleosa,AZ13hHUHPq3LDDVS1LYJwsHuvhsVKBVfkurRYbdnEgDL4wEUxQS0xWTZ4nJjx_OGbILMs4f7G_IOw2I9r87eyLI,27,0,0,Sakura Exfoliating Gel,inspireuplift.com,https://www.inspireuplift.com/sakura-exfoliating-gel-60g-skin-care-whitening-moisturizer-facial/iu/21698026?variant=474700953,https://i.pinimg.com/originals/42/87/a9/4287a9808e3408643a1670d5f6faf867.jpg,1149,1200,0,2026-07-08
2026-10-05,skincare pele oleosa,619807967523679148,28,49,0,Wow: The anti-aging hack no one ever tells you about 💖 [#oxvb],youtube.com,https://www.youtube.com/watch?app=mobile&v=53qGukpAU4E&feature=youtu.be&index%Inspiration45379295ehnnxjFpersist_app=Inspiration45379295ehnnxj,https://i.pinimg.com/originals/9e/3b/b2/9e3bb2661315a9235ba6f90a0f6db2cf.jpg,1000,1777,0,2026-07-09
2026-10-05,skincare pele oleosa,1145321749016824783,29,1,0,Hidratante para Pele Oleosa: 5 Escolhas que Valem Cada Centavo,dermaguia.com.br,https://dermaguia.com.br/,https://i.pinimg.com/originals/19/24/59/192459f73777596c2cfcf647d41ff628.png,848,1264,0,2026-08-10
2026-10-05,skincare pele oleosa,601863937747795458,30,100,0,,,,https://i.pinimg.com/originals/18/f0/14/18f01447def75db1b241f1ccaa2fb723.jpg,1184,2096,0,2026-09-01
2026-10-05,skincare pele oleosa,AfXw0c6rQrmm1HpdKBev3eouaIPC_R-CKSmXxYfsI5KzSig8ZMce2DQUT92S0t8UAl8BZltF-RigusKhsW5kuOc,31,1,0,Temu | 2 piezas Gel de –,temu.com,https://www.temu.com/ul/kuiper/un3.html?subj=dpa-un&_bg_fs=1&_p_jump_id=1082&_x_vst_scene=adg&goods_id=601103197338056&adg_ctx=a-4e00107e~c-2b51cea7&_p_rfs=1&_x_ads_channel=pinterest&_x_ads_creative_id=%7Bproduct_partition_id%7D&_x_ads_id=%7Badgroupid%7D&_x_ads_set=%7Bcampaignid%7D&_x_ads_sub_channel=shopping&_x_ns_catalog_id=1580405374697&_x_ns_creative=%7Badid%7D&_x_ns_product_id=17608525478068&,https://i.pinimg.com/originals/5f/fb/63/5ffb63d838af72b8f8e3520aad5d1989.jpg,2000,2000,0,2026-07-15
2026-10-05,skincare pele oleosa,783344928982520396,32,4,0,What Oily Skin Actually Looks and Feels Like,yourhealthmagazine.net,https://yourhealthmagazine.net/article/beauty-skin-care-gorgeous-smiles/what-oily-skin-actually-looks-and-feels-like/?utm_source=rss&utm_medium=rss&utm_campaign=what-oily-skin-actually-looks-and-feels-like,https://i.pinimg.com/originals/fd/46/1c/fd461cf2ae1e3209aaf5681991455e17.png,320,480,0,2026-08-29
2026-10-05,skincare pele oleosa,43910165112916290,33,205,0,Femme peau lisse et lumineuse,,,https://i.pinimg.com/originals/3c/82/b9/3c82b9eacc309f907e12005918ce64c7.png,1024,1536,0,2026-02-17
2026-10-05,skincare pele oleosa,293367363250882885,34,58,0,How to Get Glass Skin at Home Without a 12 Step Routine,,,https://i.pinimg.com/originals/3e/b3/2c/3eb32c2737b3c41579f6cd9d05ffcb7d.jpg,1536,2752,0,2026-09-23
2026-10-05,skincare pele oleosa,AVX4Ruh8T23rfCU3p-YHlQyxkDYKSyceJx6so6ae-6eTTnf6L0_9I2xuhYQecRxBw9aXvqnBljMStya3n0zkjT8,35,0,0,fall calls for more,elfcosmetics.com,https://www.elfcosmetics.com/products/holy-hydration-daily-hydration-moisturizer?utm_source=Paid_Social_Pinterest&utm_medium=paidsocial&utm_campaign=%7Bcampaignid%7D&utm_content=%7Badgroupid%7D&utm_term=%7Bproduct_name%7D,https://i.pinimg.com/originals/4d/2c/98/4d2c98c09b4115eb0b6b01873b6ee182.jpg,1080,1920,1,2026-09-18
2026-10-05,skincare pele oleosa,21462535723028268,36,28,0,,instagram.com,https://www.instagram.com/p/DdFW-N_qY4W/,https://i.pinimg.com/originals/b6/55/a7/b655a770271f98620eebf7347720d8dc.jpg,1440,1528,0,2026-09-25
2026-10-05,skincare pele oleosa,1074390054877191026,37,3,0,Pele Oleosa | Skincare Routine | Rotina Skincare Simples,,,https://i.pinimg.com/originals/4a/86/5e/4a865ed05f7e2313c8dd9e1c1648904b.png,1000,1500,0,2026-07-28
2026-10-05,skincare pele oleosa,603552787609088743,38,4,0,kit Principia,,,https://i.pinimg.com/originals/29/e8/fd/29e8fd6d47d19f06a863716b3427a5db.png,941,1672,0,2026-09-11
2026-10-05,skincare pele oleosa,1149825348646327847,39,1,0,"Oleosa, Seca ou Mista? Descubra Seu Tipo de Pele em 1 Minuto!",,,https://i.pinimg.com/originals/34/02/29/340229a3dafbd89c0a65164f290c8970.png,1024,1536,0,2026-09-13
2026-10-05,skincare pele oleosa,AYTJfhAG3cbNNUFzR3Xl2Qfc6JxwvgO8kCdHKZcEJzC9_-faesOkcUcQwsDQrLJI2USn9B3Bm7Keup58oSOHHMQ,40,1,0,MARA 1.2% Clean Algae,freepeople.com,https://www.freepeople.com/shop/mara-12-clean-algae-retinol-face-oil-for-anti-aging-and-wrinkles-with-green-tea/?color=000&size=One+Size&type=STANDARD,https://i.pinimg.com/originals/51/7c/b8/517cb83a331a4ced6d26eefe5402dd73.jpg,975,1463,0,2026-08-23
2026-10-05,skincare pele oleosa,14636767537224891,41,954,0,,,,https://i.pinimg.com/originals/e6/f4/03/e6f4035dd25bcb95eb66ac4381934145.jpg,816,1456,0,2026-07-25
2026-10-05,skincare pele oleosa,563018699622790,42,81,0,The secret to better skin 👀,amazon.com,https://www.amazon.com/dp/B01MSSDEPK?tag=glowdiariomx2-20,https://i.pinimg.com/originals/2b/ff/5d/2bff5d52b753bda33c025f7de1a1c0cb.jpg,1080,1920,0,2026-04-09
2026-10-05,skincare pele oleosa,507499451777853714,43,19,0,Skincare pele oleosa | Rotina de skincare | Cuidados com a pele oleosa e acneica,,,https://i.pinimg.com/originals/49/88/f7/4988f76ab1f9b71332ccf6ad3f14a0c3.jpg,1080,1920,0,2022-07-10
2026-10-05,skincare pele oleosa,1098385796650759111,44,2,0,Rotina de skincare para pele oleosa no verão,,,https://i.pinimg.com/originals/e1/95/ad/e195ad0135dd2d6bfc5a00116416d421.png,1024,1536,0,2026-09-17
2026-10-05,skincare pele oleosa,861946816229389004,45,9,0,Gel de limpeza facial,meli.la,https://meli.la/2ffuSwz,https://i.pinimg.com/originals/64/75/05/6475050c77641c30bd95015535997125.jpg,1200,1600,0,2026-09-11
2026-10-05,skincare pele oleosa,1144547692835742216,46,1,0,✨ Hydragel Oil Control Creamy,meli.la,https://meli.la/2uN1VXi,https://i.pinimg.com/originals/45/a7/a7/45a7a76f9292e562b6aa6d762ba99980.png,1080,1350,0,2026-09-24
2026-10-05,skincare pele oleosa,21603273203512850,47,338,0,,,,https://i.pinimg.com/originals/9b/f3/a8/9bf3a8ec64b885bbb95c5dbbf823a668.jpg,736,920,0,2022-06-27
2026-10-05,skincare pele oleosa,6473993213038734,48,177,0,Glass Skin Look for a Natural Glow,,,https://i.pinimg.com/originals/1e/43/de/1e43dee1e057c45a7b407a7cb67e69e1.png,1122,1402,0,2026-09-09
2026-10-05,skincare pele oleosa,38280665576703811,49,39,0,MOOD - @RAIEEYEWEAR,raieeyewear.co,http://www.raieeyewear.co/,https://i.pinimg.com/originals/25/80/e6/2580e62108e444ba48dc0a6560404679.jpg,564,845,0,2023-10-03
2026-10-05,skincare pele oleosa,492649953657772,50,18964,0,,,,https://i.pinimg.com/originals/53/c9/24/53c9244c3f275c3c70fd558d7f063e8f.jpg,736,1308,0,2025-01-29
2026-10-05,skincare pele oleosa,108579041013421547,51,716,0,,,,https://i.pinimg.com/originals/e0/e5/4a/e0e54a0df591434f7d705cc41c0b9798.jpg,1024,1536,0,2026-09-25
2026-10-05,skincare pele oleosa,1105281933581313506,52,4,0,anti marcas rosto,s.shopee.com.br,https://s.shopee.com.br/qjbCu6ITf?channel_type=pinterest,https://i.pinimg.com/originals/b1/09/29/b10929b0e1267c35ccff659de9632978.jpg,736,1104,0,2026-09-18
2026-10-05,skincare pele oleosa,Afi_iQ0-qvzK_zSAGYYWnBB6zc9j1k9ccaaMD3pcrBI0zuwsQb-GNDjkRcLB6SIuSAkQSAgU-KtyZ5hRAovP27E,53,1,0,Try Our NAD+,cymbiotika.com,https://cymbiotika.com/products/nad,https://i.pinimg.com/originals/5c/72/5e/5c725ec0b526345906825630e9382de8.jpg,2083,2812,0,2026-03-25
2026-10-05,skincare pele oleosa,234750199322308495,54,110,0,,,,https://i.pinimg.com/originals/28/02/2a/28022ad592f13e7d5189f0418dbf772c.jpg,1080,1920,0,2026-02-01
2026-10-05,skincare pele oleosa,1145321749020241515,55,1,0,Os melhores protetores solares para pele oleosa que recomendo como dermatologista,dermaguia.com.br,https://dermaguia.com.br/melhores-protetores-solares-para-pele-oleosa/,https://i.pinimg.com/originals/79/cf/dc/79cfdced16b39ebf74bb742715f1f258.jpg,1080,1920,0,2026-09-20
2026-10-05,skincare pele oleosa,1127236981797941536,56,2,0,PELE OLEOSA? MITO × VERDADE: O QUE REALMENTE FAZ SENTIDO NA ROTINA,s.shopee.com.br,https://s.shopee.com.br/6AlBOv3i6Y?channel_type=pinterest,https://i.pinimg.com/originals/39/fd/f5/39fdf598d0c6f4cabc073b6a29b18327.png,1024,1536,0,2026-09-21
2026-10-05,skincare pele oleosa,442830575883717110,57,8,0,Kit Shincare - Principia,meli.la,https://meli.la/2vnJCwL,https://i.pinimg.com/originals/bf/4e/66/bf4e66a709e998e809fff74954d4bc68.jpg,572,1024,0,2026-09-05
2026-10-05,skincare pele oleosa,AZRubGqtDCwHZYot7DYhKIotoncIj69iPFn3aYBTTYxnj49JZY1aldNNKjliCgqzOqFfLeqQV-DRga52vUh7EMk,58,3,0,SKINCARE,s.shopee.com.br,https://s.shopee.com.br/7KpHX0ZzFL?pp=1&channel_type=pinterest,https://i.pinimg.com/originals/e4/15/f5/e415f5dd89f8fcb6dfdb1d5565d96141.jpg,736,1104,0,2026-01-06
2026-10-05,skincare pele oleosa,1094163672014434656,59,41,0,Skincare para Pele Oleosa: 3 Passos Básicos que Funcionam de Verdade,creamy.com.br,https://www.creamy.com.br/kit-essencial/p,https://i.pinimg.com/originals/d6/54/1d/d6541d9c82e8accc85f2b3cb933026ab.png,1000,1500,0,2025-07-17
2026-10-05,skincare pele oleosa,69031806786559688,60,55,0,,,,https://i.pinimg.com/originals/91/07/95/9107957926f2ceb280c3c19b6a757b62.jpg,1080,1288,0,2026-09-13
2026-10-05,skincare pele oleosa,637751997298363583,61,12,0,Avène Cleanance Intense: Limpeza Profunda Antiacne 💙,meli.la,https://meli.la/1QeYapM,https://i.pinimg.com/originals/5c/fb/67/5cfb671bcc3508c5d29417ed6a1b91eb.png,1024,1536,0,2026-08-25
2026-10-05,skincare pele oleosa,799248265166406157,63,70,0,,amzn.to,https://amzn.to/4nw48al,https://i.pinimg.com/originals/58/99/9c/58999c7f5016786b78fcfbcd9651596d.png,1000,1500,0,2026-05-15
2026-10-05,skincare pele oleosa,2603712281991372,64,8556,0,skincare 🫧,,,https://i.pinimg.com/originals/20/0b/d2/200bd2d637ea4d643fd8e6ebcde2c39c.jpg,1080,1920,0,2025-08-28
2026-10-05,skincare pele oleosa,313915036551187969,65,14,0,Instagram,instagram.com,https://www.instagram.com/align.skincare/,https://i.pinimg.com/originals/3b/db/3e/3bdb3e38a821c0496100f34b87911f2b.jpg,1080,1440,0,2026-09-17
2026-10-05,skincare pele oleosa,AcK6nAVebrEkF3-miNMTbos1DLq4kpFi7GW1zXvwy8sKccyXmCFtMktOXbn55DLjNKewun62TnfZ3UIFpaM33Ys,66,0,0,"smooth skin, no filter",dermalogica.com,https://www.dermalogica.com/products/daily-microfoliant,https://i.pinimg.com/originals/e5/b6/b2/e5b6b22d0bd657dd6b8c107ab482c7b5.jpg,1080,1920,1,2025-07-31
2026-10-05,skincare pele oleosa,1073193786225766139,67,1,0,Limpador facial | Pele oleosa | Creamy,s.shopee.com.br,https://s.shopee.com.br/30oC4WG3yR?channel_type=pinterest,https://i.pinimg.com/originals/a6/37/03/a637034150166720639573bc4ae732ff.png,1024,1536,0,2026-09-22
2026-10-05,skincare pele oleosa,76561262412003420,68,218,0,Korean Skincare Products for Glowing Glass Skin,,,https://i.pinimg.com/originals/37/f6/82/37f6825fa7ade2f02df0513b2d35d327.png,1086,1448,0,2026-09-28
2026-10-05,skincare pele oleosa,18647785952203364,69,130,0,,,,https://i.pinimg.com/originals/01/fa/54/01fa54e9511875c3c2a0bc650795febb.png,1024,1536,0,2026-08-20
2026-10-05,skincare pele oleosa,1112037333031322999,70,2,0,principia skin care lista de cuidados cabelos pele dia noite,s.shopee.com.br,https://s.shopee.com.br/9peKBE7MEm?channel_type=pinterest,https://i.pinimg.com/originals/c4/27/f8/c427f84085d46f4f826a24c9f355cb4b.jpg,941,1672,0,2026-09-15
2026-10-05,skincare pele oleosa,911556780895803882,71,1,0,Não cometa mais erros na ordem da sua skincare! Pele oleosa!,,,https://i.pinimg.com/originals/fa/0d/72/fa0d72e7716739d35e9620b28c61d75a.png,1080,1920,0,2026-09-24
2026-10-05,skincare pele oleosa,166914729934268936,72,32,0,Meus cuidados,,,https://i.pinimg.com/originals/4f/8d/1c/4f8d1c1985950b64fd530d0da20180ab.jpg,1080,1920,0,2024-12-26
2026-10-05,skincare pele oleosa,484348134949720288,73,52,0,Rotina de skincare para pele oleosa ✨,,,https://i.pinimg.com/originals/05/1f/24/051f24b22acc7ff26353d3819ade9e89.jpg,736,1104,0,2026-06-12
2026-10-05,skincare pele oleosa,468374430023521247,74,6,0,Pele oleosa mesmo com bons produtos? Veja os erros mais comuns na rotina de skincare 👇 1. Limpeza agressiva demais: Sabonetes muito fortes ou uso excessivo de ácidos removem a proteção natural da pele,instagram.com,https://www.instagram.com/p/DW5CVJOEeo5/,https://i.pinimg.com/originals/b8/a3/13/b8a3132bd7a01337359ffc8b233135ab.jpg,1080,1350,0,2026-08-18
2026-10-05,skincare pele oleosa,77968637295847528,75,471,0,,,,https://i.pinimg.com/originals/07/61/59/0761591c1fed32955bc24bede1981117.jpg,736,1080,0,2026-05-17
2026-10-05,skincare pele oleosa,639651953370893121,76,5,0,korean skin care routine,,,https://i.pinimg.com/originals/4f/d1/8b/4fd18b8960341518eb2caea495d3cc01.jpg,810,1440,0,2026-09-14
2026-10-05,economia domestica,426434658477070310,1,146,0,Economia doméstica O que é a economia doméstica? A economia doméstica é uma ferramenta de controle e administração das reservas financeiras do lar e da família. É também o modo mais eficaz de gerencia,,,https://i.pinimg.com/originals/9f/0b/f6/9f0bf65a439c9e19c23428b939fab107.jpg,746,644,0,2022-03-23
2026-10-05,economia domestica,9077636745851207,2,154,0,cleaning,,,https://i.pinimg.com/originals/69/a9/d5/69a9d56e7f66e41aba6d060e52121bbc.png,1024,1536,0,2026-09-16
2026-10-05,economia domestica,1407443630713332,3,370,0,,,,https://i.pinimg.com/originals/25/69/66/25696657bd9b9d7ada8d22634b578678.jpg,1536,2752,0,2026-03-08
2026-10-05,economia domestica,826973550377434179,4,13,0,Smart Financial Planning for Busy Moms,ladybossincome.com,https://ladybossincome.com/money-management-for-moms/,https://i.pinimg.com/originals/1f/7d/ef/1f7defbe95f5b3dc4544c3af9782730d.jpg,1000,1500,0,2026-09-20
2026-10-05,economia domestica,ATHDJgDSVj_GChS4NZvUSNUuNkNjffElyInF42uc7Iq0sya01fsdk9zMRkqqurEAVo-At64NxlQCzhohw34itNo,5,1,0,Make your website look,squarespace.com,https://www.squarespace.com/go/create-a-website?channel=ps&subchannel=pinterest&campaign=%7Bcampaignid%7D&subcampaign=%7Badgroupid%7D&source=%7Badid%7D&utm_medium=ps&utm_source=pinterest&utm_content=,https://i.pinimg.com/originals/99/16/7d/99167d60dfd4f88b8337a3e693f97103.jpg,1080,1920,1,2026-09-25
2026-10-05,economia domestica,ATit6ozc8Jwou3RTRsVyVqvE9PnFlxLQHZ8zZqyAyusHH3LRrLSl_GTANcy546rklNIHmTmZgJGyQr3CRLGAc4U,6,4831,0,Living On Less Than $2000,financebuzz.com,https://financebuzz.com/senior-money-tips-yaez?adheadline=Living+On+Less+Than+$2000+A+Month%3F+These+16+Things+Could+Help&utm_source=pinterest&utm_medium=paid-social&utm_campaign=%7Bcampaign_name%7D-%7Badgroupname%7D&adgroupid=%7Badgroupid%7D&adid=%7Badid%7D,https://i.pinimg.com/originals/31/ab/07/31ab078623eb07fbcda2c9326fb5350c.png,1000,1500,0,2026-07-31
2026-10-05,economia domestica,Adwy3xWZk2NJjJhz890IH2181DL2MMnzl-XwP7umJZp2vd3M6APfz-EO5aaDKqT0NQ85BI4TPI1vhM11wf1hHOk,7,1,0,Lapa 32,expedia.com,https://www.expedia.com/Hotel-Search?destination=Porto&selected=22407666&startDate=2026-10-16&endDate=2026-10-17,https://i.pinimg.com/originals/91/6c/24/916c242d6c80bd09ff53737cf239bedc.jpg,1000,1500,0,2026-07-07
2026-10-05,economia domestica,ARm9dyiVET_njlIgGnc-10lGpmeyK2k0p_jHNdmYW71uGQwBWFHBIn0lak-u5xwQbIIx6Nnvc7EaB_5Qp_4wpT4,8,0,0,Canva Illustrated,canva.com,https://www.canva.com/p/templates/EAG81xeAXOA,https://i.pinimg.com/originals/60/08/18/600818e4aea0654416b54fa7ab0f17ef.jpg,570,855,0,2026-09-07
2026-10-05,economia domestica,140806235256627,9,101,0,10 Ultimate Budget Planner Tricks to Transform Your Money,xn--sprche-zitate-yob.de,https://xn--sprche-zitate-yob.de/budget-planner-tricks-8243/,https://i.pinimg.com/originals/aa/bf/3c/aabf3cf040694fb3cc312b05d8b218f9.jpg,1024,1536,0,2026-06-29
2026-10-05,economia domestica,318489004920894105,10,9,0,"How I Saved $10,000 in 12 Months on an Average Salary (Step-by-Step)a",sunburstprintco.etsy.com,https://sunburstprintco.etsy.com/,https://i.pinimg.com/originals/bf/6c/7b/bf6c7b82afdca3222b5357a3d6873da1.png,848,1264,0,2026-08-21
2026-10-05,economia domestica,13370130137075246,11,4,0,Economia doméstica: 43 dicas para economizar dentro de casa,tuacasa.com.br,https://www.tuacasa.com.br/economia-domestica/,https://i.pinimg.com/originals/38/72/67/387267ee6fd4064ffb6fb6f2e6368519.png,1000,1500,0,2023-11-08
2026-10-05,economia domestica,AWp_eTrgwMExfJ_xYxa4rNGv0XRrWO_-xI9o_oqrsJxXxe94Zw-6wU-T8wXXy5ILN8KJjsoJnRGzth0p4Y6UiCc,12,1,0,Laundry Stain Removal,homedepot.com,https://www.homedepot.com/p/Stupell-Industries-Laundry-Stain-Removal-Helpful-Symbols-Chart-by-Lettered-and-Lined-Unframed-Graphic-Art-Print-Typography-30-in-x-24-in-an-109-cn-24x30/337277123?cm_mmc=psoc-pinprg-%7Bcampaignid%7D-%7Badgroupid%7D,https://i.pinimg.com/originals/a9/e0/e3/a9e0e337c22d7555ede555c5a7039668.jpg,1000,1000,0,2026-04-30
2026-10-05,economia domestica,AVVVN72d-4O5sWQ0S5FonlRTLGFblv_h8o6N-0RJvVWqzfsTS7Y5BInAF260BrijZwfuqEEGcZlAf1nwBCqbHoI,13,0,0,24Pcs Budget Binder,us.shein.com,https://us.shein.com/ark/default?scene=1&test=5051&ad_type=DPA&goods_id=60746273&pf=PINTEREST&url_from=PINADSDPA&ismg=3a833e06c37d7f9650a158b6a868b79f45bd4e0e8bc77b542856ac1ed7176607_01_1791128285,https://i.pinimg.com/originals/9e/93/db/9e93db425cd07b7b6a69a1b763d7bc9e.jpg,1340,1785,0,2026-09-30
2026-10-05,economia domestica,84653668203485766,14,192,0,Arte por IA by Aline,,,https://i.pinimg.com/originals/13/ac/0d/13ac0d11c5ea518d39b0c968d3f666b8.jpg,1024,1024,0,2025-11-23
2026-10-05,economia domestica,47921183531208055,15,8,0,Smart Ways To Save Money When Prices Keep Rising,advantageccs.org,https://www.advantageccs.org/blog/smart-ways-to-save-money-when-prices-keep-rising/,https://i.pinimg.com/originals/24/f1/af/24f1afc23f5b72027230d7b46aa60de5.png,1402,1122,0,2026-04-10
2026-10-05,economia domestica,211174979655252,16,1687,0,,,,https://i.pinimg.com/originals/aa/02/a0/aa02a06f8aa3e15cedb8fb697d929542.jpg,1024,1536,0,2026-08-31
2026-10-05,economia domestica,184366178491801401,17,41,0,Rebuilding My Credit Era,soulfulwealthsis.com,https://soulfulwealthsis.com/rebuilding-credit-in-your-20s-financial-healing/,https://i.pinimg.com/originals/c7/15/d4/c715d4102f8cc9a8ce7c659ee197277d.png,1024,1536,0,2026-03-08
2026-10-05,economia domestica,89860955060261887,18,169,0,"𝐃𝐞𝐚𝐫 𝐛𝐫𝐞𝐚𝐝𝐰𝐢𝐧𝐧𝐞𝐫𝐬/𝐩𝐚𝐫𝐞𝐧𝐭𝐬, 𝘋𝘰𝘯’𝘵 𝘭𝘦𝘵 𝘺𝘰𝘶𝘳 𝘩𝘶𝘴𝘵𝘭𝘦 𝘢𝘯𝘥 𝘴𝘢𝘷𝘪𝘯𝘨𝘴 𝘨𝘰 𝘵𝘰 𝘸𝘢𝘴𝘵𝘦. 𝘐𝘮𝘢𝘨𝘪𝘯𝘦, 𝘺𝘰𝘶 𝘢𝘳𝘦 𝘸𝘰𝘳𝘬𝘪𝘯𝘨 𝘴𝘰 𝘩𝘢𝘳𝘥 𝘵𝘰 𝘣𝘶𝘪𝘭𝘥 𝘵𝘩𝘦 𝘧𝘶𝘵𝘶𝘳𝘦 𝘺𝘰𝘶 𝘸𝘢𝘯𝘵 𝘧𝘰𝘳 𝘺𝘰𝘶𝘳 𝘧𝘢𝘮𝘪𝘭𝘺… -𝘢 𝘣𝘪𝘨𝘨𝘦𝘳 𝘩𝘰𝘶𝘴𝘦 -𝘢 𝘯𝘪𝘤𝘦 𝘤𝘢𝘳 -𝘢 𝘲𝘶𝘢𝘭𝘪𝘵𝘺 𝘦𝘥𝘶𝘤𝘢𝘵𝘪𝘰",instagram.com,https://www.instagram.com/p/DLJaF6MPZeb/,https://i.pinimg.com/originals/ac/e4/60/ace460d9541f0ac9e88555de33ef9744.jpg,1024,1536,0,2026-07-10
2026-10-05,economia domestica,1090152653583116009,19,1,0,“7 DICAS DE ECONOMIA DOMÉSTICA 💰🏠”,,,https://i.pinimg.com/originals/98/6f/70/986f70fa377fc55e657d5819e1a9580b.jpg,1080,1920,0,2026-09-15
2026-10-05,economia domestica,ASNiwFuhFsuJA9tviao9u_--3zNHgA1ZMohk_k6TmOA83u1bZF5Ff9sZbC6nN28PGJ3XecwBHx8hAhTpHv8UIPs,20,13,0,Students save 70%.,adobe.com,https://www.adobe.com/education/students/creativecloud.html?sdid=VG52K6RS&mv=social&mv2=paidsoc,https://i.pinimg.com/originals/e0/7b/55/e07b55f8eda7793b9b7e1192f38a000f.jpg,2160,3840,1,2026-08-28
2026-10-05,economia domestica,88805423898663685,21,64,0,,,,https://i.pinimg.com/originals/c7/08/9c/c7089cbce71f47bdc0d5fe8258061c23.jpg,736,1308,0,2026-07-29
2026-10-05,economia domestica,79235274681685374,22,7,0,Áreas de la Economía Doméstica o familiar | ▶ Economía Simple,economiasimple.net,https://www.economiasimple.net/economia-domestica,https://i.pinimg.com/originals/8d/65/16/8d651672c7bbafbd8aeda11ba303943a.jpg,500,340,0,2019-05-21
2026-10-05,economia domestica,40250990416061251,23,246,0,Best Budget Planner For Beginners (2026),,,https://i.pinimg.com/originals/6e/72/96/6e7296847233a308ebffa24628926e61.jpg,736,1104,0,2026-05-03
2026-10-05,economia domestica,211739619978044919,24,143,0,Finanzas,,,https://i.pinimg.com/originals/f3/8a/18/f38a18f3a9cda18df59f2b01af407f99.png,1672,2508,0,2026-09-24
2026-10-05,economia domestica,4608167697949710400,25,1,0,Budget Archives - Page 6 of 18 - Just Start Investing,juststartinvesting.com,https://www.juststartinvesting.com/category/budget-blog/page/6/,https://i.pinimg.com/originals/b9/4c/85/b94c85a71ea69aeb3f06c2d33f526fb6.jpg,1664,2496,0,2026-08-27
2026-10-05,economia domestica,507780926759134035,26,80,0,10 Surefire Ways How To Budget Paychecks Effectively,xn--sprche-zitate-yob.de,https://xn--sprche-zitate-yob.de/ways-how-to-budget-paychecks-6713/,https://i.pinimg.com/originals/0e/be/ba/0ebebafe37bed398cde4a5c537d451ac.jpg,1024,1536,0,2026-08-23
2026-10-05,economia domestica,8373949304250610,27,460,0,,,,https://i.pinimg.com/originals/c2/69/ef/c269ef53e3126f5ace8b6951e5fdf1ad.jpg,675,1200,0,2026-06-12
2026-10-05,economia domestica,304978206040388303,28,1,0,Eletrodomésticos baratos: 7 compras inteligentes que vão reduzir as suas despesas em casa (sem co...,poupaeganha.pt,https://poupaeganha.pt/eletrodomesticos-baratos/,https://i.pinimg.com/originals/9b/e6/bd/9be6bd66706a93aa70e89b46ca0fe8a8.jpg,1350,900,0,2026-04-24
2026-10-05,economia domestica,612278511881034369,29,131,0,,,,https://i.pinimg.com/originals/97/cd/d5/97cdd57dfdc482e85d8904dde2bd65bb.jpg,320,320,0,2025-07-05
2026-10-05,economia domestica,391883605097171332,30,10,0,,,,https://i.pinimg.com/originals/b5/37/d2/b537d24a91c38fc0e9b96d3da4a1b805.jpg,360,642,0,2026-01-27
2026-10-05,economia domestica,619667230026450838,31,10,0,"Semana do Consumo Inteligente: Dia 14/40 - planejar as compras da semana. Quando planejamos as compras da semana, evitamos desperdícios, economizamos dinheiro e ainda facilitamos muito a rotina da cas",instagram.com,https://www.instagram.com/p/DVzjF6BDUJN/,https://i.pinimg.com/originals/5e/63/c7/5e63c741873ce471bc8f70944ba0337d.jpg,1365,1820,0,2026-09-27
2026-10-05,economia domestica,276408495875672451,32,66,0,,,,https://i.pinimg.com/originals/5d/07/95/5d079517efcc937162027d4450c2083f.jpg,1024,1024,0,2026-03-16
2026-10-05,economia domestica,343962490314545809,33,24,0,,,,https://i.pinimg.com/originals/66/03/74/660374a7de6ed746f82a2487812231a8.png,848,1264,0,2026-09-29
2026-10-05,economia domestica,598697344267834928,34,11,0,Migliori investimenti immobiliari oggi,opisas.com,https://www.opisas.com/it/investimenti-immobiliari/,https://i.pinimg.com/originals/4e/bb/fe/4ebbfef57ab9c6542136de2a036ddcc4.png,1024,1024,0,2026-08-30
2026-10-05,economia domestica,494129390390918119,35,69,0,Saving money for a new home is illustrated by a hand and coin Stock Vector,stock.adobe.com,https://stock.adobe.com/uk/stock-photo/id/1554101159,https://i.pinimg.com/originals/5c/f2/ab/5cf2ab2bf29c1d7633458df419eb35a3.jpg,1000,1000,0,2026-09-06
2026-10-05,economia domestica,ARGuw87pQNrX6Yk8aDEFVyfwYRUDcfdj404J8i37PodMbjpTu5Wq64xwVAOBxpVI9LORRzaSEQu6r1qCIVIHF6M,36,0,0,We know homes. Hire the,thumbtack.com,http://www.thumbtack.com/,https://i.pinimg.com/originals/13/00/6b/13006bf26b60d25ca3770a5ec375a45c.jpg,1080,1920,1,2025-09-13
2026-10-05,economia domestica,807973989395005389,37,26,0,Como economizar energia: 12 dicas para diminuir a conta,tuacasa.com.br,https://www.tuacasa.com.br/como-economizar-energia/amp/,https://i.pinimg.com/originals/72/67/08/72670841057d3f4b416e0d2cdfc308bc.jpg,730,548,0,2020-12-05
2026-10-05,economia domestica,188869778107778606,38,9,0,"Mãos que prestam, manual de Economia doméstica.",i.pinimg.com,https://i.pinimg.com/736x/64/6b/57/646b5713ac29c5c0a950091283a4df83.jpg,https://i.pinimg.com/originals/64/6b/57/646b5713ac29c5c0a950091283a4df83.jpg,641,768,0,2018-04-02
2026-10-05,economia domestica,139822763427460012,39,74,0,,,,https://i.pinimg.com/originals/85/e3/63/85e3630b2704c39098df128c6ab0cdfc.jpg,736,1104,0,2026-09-28
2026-10-05,economia domestica,18014467259079145,40,160,0,Tratado de economia doméstica - Aristóteles,,,https://i.pinimg.com/originals/71/4d/99/714d991e3120150d3ea8f4b0341b581f.jpg,1168,1752,0,2026-08-14
2026-10-05,economia domestica,46654546135986624,41,168,0,,cdn.builder.io,https://cdn.builder.io/api/v1/image/assets%2F58e9d3cf0a1a474bb14df9285f98241d%2F407de694dd8643b4916d7322beba559b?format=webp&width=1200,https://i.pinimg.com/originals/94/90/0e/94900e76111187aec16ce7a9b8c73c4e.webp,1112,1500,0,2025-03-20
2026-10-05,economia domestica,121104677476898235,42,409,0,Aleksei Morozov Stock Image and Video Portfolio,istockphoto.com,https://www.istockphoto.com/id/portfolio/alekseimorozov,https://i.pinimg.com/originals/2f/a3/38/2fa3383234009755861cbdedba666027.jpg,612,459,0,2026-01-02
2026-10-05,economia domestica,4362930884429408,43,28182,0,,,,https://i.pinimg.com/originals/9d/af/ae/9dafae1faa1533569414e5d34f3eec80.jpg,711,789,0,2025-12-11
2026-10-05,economia domestica,305259681018590367,44,54,0,,,,https://i.pinimg.com/originals/77/a6/88/77a68871d98d635dea186e9cfcf754b3.jpg,1024,1024,0,2026-08-31
2026-10-05,economia domestica,75153887529816015,45,58,0,Faxina simples para começar a semana em paz,,,https://i.pinimg.com/originals/8b/2e/4d/8b2e4d04c199f483a68d5924f155e8fd.png,1024,1536,0,2026-03-07
2026-10-05,economia domestica,656399714488533449,46,1,0,Planejamento financeiro doméstico: como organizar as contas da casa,rakinews.com,https://rakinews.com/planejamento-financeiro-domestico/,https://i.pinimg.com/originals/dd/08/bb/dd08bb5d63fc301635050895a8874d68.png,1024,1536,0,2026-09-21
2026-10-05,economia domestica,182818066119215507,47,4,0,5 hábitos que ajudam a economizar dinheiro,,,https://i.pinimg.com/originals/e8/9e/bc/e89ebc9fc30ef2133657831e517a9c55.png,1024,1536,0,2026-06-30
2026-10-05,economia domestica,243124079882020139,48,97,0,Pekerjaan IBu Rumah Tangga,,,https://i.pinimg.com/originals/4f/be/61/4fbe61f9d4e09fcd8cd9b32e2524e25e.png,941,1672,0,2026-09-29
2026-10-05,economia domestica,1086423110136059820,49,3,0,portadas faciles estudio economia domestica,,,https://i.pinimg.com/originals/d0/c1/94/d0c19441af4df802e7e30d073566662f.png,832,1248,0,2026-04-18
2026-10-05,economia domestica,1091982240930256236,50,1,0,Professional chef sharing tips buying food,boredpanda.com,https://www.boredpanda.com/professional-chef-sharing-tips-buying-food/?utm_campaign=bilalmentor&utm_source=pinterestaqsaj&utm_medium=ref,https://i.pinimg.com/originals/2f/45/49/2f45496889b84a677badff3b7e170f94.jpg,735,1105,0,2026-09-21
2026-10-05,economia domestica,AWx3jYfZwNrD6zNDbblfgIlN88oGKjkOL7hIEMoPOuRHdIvuZ9jl3aiZJJ06TaJKSL5FJ_DajlI19DKFxZ9TB2I,51,0,0,Hotel Yllen Eiffel,hotels.com,https://www.hotels.com/Hotel-Search?destination=Paris&selected=10361&startDate=2026-10-31&endDate=2026-11-01&catalogRunId=42624,https://i.pinimg.com/originals/4b/2c/d2/4b2cd2a0de6ef57192daca654bcf4351.jpg,1000,1500,0,2026-09-07
2026-10-05,economia domestica,16818198602351495,52,474,0,"""I'm Tired Of Financially Supporting My Husband!"" - 7 Things To Do",olubunmimabel.com,https://olubunmimabel.com/im-tired-of-financially-supporting-my-husband/,https://i.pinimg.com/originals/af/fc/43/affc43c881371f869564cecee824daa2.jpg,1000,1500,0,2025-07-07
2026-10-05,economia domestica,Adb48Kf8VRqd-mTWAkhdxZtP0Sr-AeDhFCgmq_z6uV0jaiq9-aumfzChMbTXw3bqzk-dgZQH_tNcQ8mUevZoqQA,53,0,0,Custom Linen No-Drill,twopagescurtains.com,https://twopagescurtains.com/products/custom-linen-no-drill-flat-fold-roman-shade-cordless?variant=52017641652535,https://i.pinimg.com/originals/90/c9/f0/90c9f069302019e0643fcdc74b847270.jpg,800,1200,0,2026-04-22
2026-10-05,economia domestica,ATkKOMbRJnHj58rQpP1JuWGGaq0uUu3fcq7gdVpLXn4KsM3uK_1V-_Q6zzrMPRw6PiSRxFddv0zUBL3Mv7mI6mg,55,401,0,8 Ways to Make Money If,financebuzz.com,https://financebuzz.com/supplement-income-yaez?&utm_source=pinterest&utm_medium=paid-social&utm_campaign=%7Bcampaign_name%7D-%7Badgroupname%7D&adgroupid=%7Badgroupid%7D&utm_content=%7Badid%7D&utm_term=ad1,https://i.pinimg.com/originals/9e/8b/fa/9e8bfa9c711f01c40a1f42799a7c6635.png,1000,1500,0,2025-12-04
2026-10-05,economia domestica,Ab8HipVo-Rn9ytX_bLGf5a90PZuAP8-77PEb7706lSnAKWcRNU9k7pLYfbFAr3Tm0MihEPMELzYA-AKI9m5iOeU,56,0,0,21.1 Gallon Motion Sensor,wayfair.com,https://www.wayfair.com/Pirecart--Motion-Sensor-Stainless-Steel-Trash-Can-Automatic-Garbage-Bin-USATCN105730-L500-K~IREC1614.html,https://i.pinimg.com/originals/6e/db/76/6edb7675cd015fe545fba42dba4098e5.jpg,400,400,0,2026-08-25
2026-10-05,economia domestica,310537336830965039,57,4,0,Come Risparmiare 500 Euro in 3 Mesi (Senza Stress e con Soddisfazione!) - L'officina del risparmio,lofficinadelrisparmio.it,https://www.lofficinadelrisparmio.it/risparmiare-500-euro-in-3-mesi/,https://i.pinimg.com/originals/b9/e2/53/b9e2539c462c057c1c43018e0e2c973b.jpg,533,800,0,2025-11-07
2026-10-05,economia domestica,629729960439400099,58,7,0,Economia Pessoal e Sustentabilidade,,,https://i.pinimg.com/originals/88/e8/26/88e826ae24bbbf62e1d5a4bc6bf4fa14.jpg,1000,1496,0,2026-04-15
2026-10-05,economia domestica,ASBCxVCXytYEpw4QkPBE3o8IEk2hBCgk7La5P17o1xjY7KmN-4I0gjQtKGX9rpk3CIIlNon0MLCuHw-QDG1TEHc,59,38,0,9'x12' Sarrah Sage Area,shop.ruggable.com,https://shop.ruggable.com/products/sarrah-sage-rug?variant=39476613349431&utm_source=pinterest_us_cat&utm_medium=social_paid&utm_campaign=%7Bcampaignid%7D&utm_term=%7Badgroupid%7D,https://i.pinimg.com/originals/95/f4/c5/95f4c55d6977a63115f6ddbf39e60139.jpg,2400,3000,0,2025-11-14
2026-10-05,economia domestica,ARajqhICBlUsyRafDnytK3gupCttJJOq-kEJ6KIBEk-g2slwbWR-8uho1JtpYDRRTqpw60kb7Vi8G36vEt8Ox5s,60,0,0,Moima Plaza Guesthouse,expedia.com,https://www.expedia.com/Hotel-Search?destination=Monrovia&selected=128545341&startDate=2026-10-07&endDate=2026-10-08,https://i.pinimg.com/originals/bb/e3/97/bbe39797ca23cde5364658dfb3ce9291.jpg,1000,1500,0,2026-09-21
2026-10-05,economia domestica,182255116165481284,61,11,0,Consejos para ahorrar dinero en septiembre,hablemosdebelleza.es,https://hablemosdebelleza.es/dinero-en-casa/consejos-para-ahorrar-dinero-en-septiembre/,https://i.pinimg.com/originals/0e/11/fc/0e11fc0b32ff14ea3ef7292f9301920d.webp,683,1024,0,2025-07-05
2026-10-05,economia domestica,53198839343331145,62,129,0,Aprenda a organizar suas finanças,,,https://i.pinimg.com/originals/20/c5/ed/20c5ed5ba31e0b19eea2c00769db2c3c.png,1024,1024,0,2026-01-24
2026-10-05,economia domestica,418201515421153125,63,27,0,,,,https://i.pinimg.com/originals/25/3e/1f/253e1f859feab33da069594ea5fb4ca0.jpg,1512,2688,0,2026-08-16
2026-10-05,economia domestica,814447913932267876,64,2,0,Side Hustle Ideas at Home for Women: 30 Ranked by...,moneybliss.org,https://moneybliss.org/aldi-grocery-list-i-build-every-week-stay/,https://i.pinimg.com/originals/85/e9/3b/85e93bcb02ad0f271b0a91f273639aa9.jpg,1024,1536,0,2026-09-21
2026-10-05,economia domestica,663014376441158457,65,7,0,Erros comuns ao organizar a despensa,,,https://i.pinimg.com/originals/eb/3f/82/eb3f82aebebb80f2e338af1e63e5cd44.jpg,687,1024,0,2026-09-23
2026-10-05,economia domestica,78953799714070780,66,37,0,girl cleaning,,,https://i.pinimg.com/originals/8b/bd/77/8bbd7796a5272a2340b684dda1ecf1c3.png,1024,1536,0,2026-08-25
2026-10-05,economia domestica,872150284112772505,67,3,0,FINANÇAS COMO USAR SALÁRIO MÍNIMO - ORGANIZAÇÃO FINANCEIRA,s.shopee.com.br,https://s.shopee.com.br/3LKlPf9v5L?channel_type=pinterest,https://i.pinimg.com/originals/d0/10/87/d01087394cb3b2f015477077b2d1f86e.jpg,736,920,0,2026-01-21
2026-10-05,economia domestica,57561701486131430,68,49,0,✨ Truques que Facilitam a Rotina: 7 Ideias Simples que Fazem a Diferença,,,https://i.pinimg.com/originals/e1/f8/42/e1f842d391613ce1884dcab654a73e28.jpg,768,1365,0,2026-09-20
2026-10-05,economia domestica,5629568280757959,69,1612,0,Aprenda a organizar suas finanças,,,https://i.pinimg.com/originals/ba/83/5d/ba835dbbc7d85bb2442d31dd250b76e2.png,1024,1024,0,2026-08-19
2026-10-05,economia domestica,433612270395109301,70,13,0,"Vida Simples, Conta Organizada: O Jeito Inteligente de Lidar com o Dinheiro",,,https://i.pinimg.com/originals/aa/35/4b/aa354b14170df0fda5725c5123a55a74.jpg,640,640,0,2025-04-20
2026-10-05,economia domestica,33917803438857703,71,128,0,10 Maneiras Criativas de Ganhar Dinheiro Extra,,,https://i.pinimg.com/originals/1b/09/16/1b091652698d18210ef689afb0bbd4a3.jpg,1024,1024,0,2024-12-16
2026-10-05,economia domestica,6333255725087223,72,117,0,,,,https://i.pinimg.com/originals/35/f9/e2/35f9e25889200f1cc39de68a337f7acc.jpg,1024,1536,0,2026-05-18
2026-10-05,economia domestica,707346685271325592,73,9,0,,,,https://i.pinimg.com/originals/15/ba/8e/15ba8ebdf6edb3d25474f72f1f7dba77.jpg,675,1200,0,2026-09-26
2026-10-05,economia domestica,200058408424556280,74,12,0,"In Italia l'economia domestica, a partire dalla riforma Gentile, fu materia di insegnamento della scuola media inferiore; nella nuova scuola media unificata, istituita dal 1963, la denominazione muta ",catalogo.tumblr.com,http://catalogo.tumblr.com/post/119205932810/economia-domestica,https://i.pinimg.com/originals/fc/b7/04/fcb704b4b0151fe11a9742a3d6e129e4.jpg,500,731,0,2015-07-15
2026-10-05,economia domestica,163255555234580637,75,4,0,14 atitudes simples que ajudam você a economizar em casa,casinhaarrumada.com,https://www.casinhaarrumada.com/2015/11/14-atitudes-simples-que-ajudam-voce-a-economizar-em-casa.html,https://i.pinimg.com/originals/03/eb/aa/03ebaa70d150e92f7cb46c7629fccdbb.png,1000,1500,0,2023-04-19
2026-10-05,economia domestica,122582421104479272,76,34,0,5 passos simples para organizar sua vida financeira,go.hotmart.com,https://go.hotmart.com/L107468641N,https://i.pinimg.com/originals/94/d4/3c/94d43cad9473e87a1fce598f1b514742.png,1024,1536,0,2026-09-27
2026-10-05,planilha financeira,AY3RlwdBsqa65yZCVvQDx89PnczaNHIM-bMCk1mFWHh4HQZeiKhdfKNEWjlWujLkRkgW7tLAfJyXusAeUaCSBFQ,2,1,0,Avery Budgeting Planner,avery.com,https://www.avery.com/products/labels/6788,https://i.pinimg.com/originals/77/2c/fa/772cfab4f0c2f8ee86be7677a5621707.jpg,1424,1424,0,2026-08-05
2026-10-05,planilha financeira,5066618330454010,3,703,0,Planilha Financeira para Controle de Gastos Pessoais,digitalartscanva.com.br,https://www.digitalartscanva.com.br/2025/04/planilha-financeira-para-controle-de.html?m=1,https://i.pinimg.com/originals/54/2b/13/542b1363572663130255142f77c9f47e.png,1000,1500,0,2025-07-02
2026-10-05,planilha financeira,180636635048952877,4,60,0,Travel Budget Planner Bullet Journal Template for Yearly Savings 2026,payhip.com,https://payhip.com/travelbudgetplannertemplate/blog/news/explore-the-magic-top-27-free-travel-planners/?travel-budget-planner-bullet-journal-template-for-yearly-savings-2026,https://i.pinimg.com/originals/1e/d0/8f/1ed08f3b63ad251eb8f681e405fa4b8b.jpg,1536,2048,0,2026-09-09
2026-10-05,planilha financeira,27232772742674275,5,191,0,,,,https://i.pinimg.com/originals/69/3c/2a/693c2a1b339b94239a30363d1e7c685a.png,1024,1536,0,2026-09-26
2026-10-05,planilha financeira,Afp_fqOBcz66TwHiMnQhRcaFHETkBjy2sjfDl4cRxyfHqAzIhySGCF3Sh50m5-IO1wF8wBe7I_OciSWeWgSqN9s,6,1,0,Make your website look,squarespace.com,https://www.squarespace.com/go/create-a-website?channel=ps&subchannel=pinterest&campaign=%7Bcampaignid%7D&subcampaign=%7Badgroupid%7D&source=%7Badid%7D&utm_medium=ps&utm_source=pinterest&utm_content=,https://i.pinimg.com/originals/99/16/7d/99167d60dfd4f88b8337a3e693f97103.jpg,1080,1920,1,2026-09-25
2026-10-05,planilha financeira,103371753948527408,7,65,0,Planilha financeira gratuita,rosaurearosadeouroo.blogspot.com,https://rosaurearosadeouroo.blogspot.com/2026/05/planilha-financeira-gratuita.html,https://i.pinimg.com/originals/85/67/9e/85679ef0adbbaaed83ee2433755207f4.png,1080,1920,0,2026-09-10
2026-10-05,planilha financeira,318489004920640584,8,18,0,"Minha vida financeira é estável, leve e próspera.",,,https://i.pinimg.com/originals/3a/11/06/3a11069a4bc83814b2515c15bef69627.jpg,736,1308,0,2026-07-15
2026-10-05,planilha financeira,334040497385544188,9,4,0,Controle Financeiro,kiwify.app,https://kiwify.app/DTgH1kk?afid=5CRuqwvK,https://i.pinimg.com/originals/06/f0/00/06f0003486ad29f95e392aada6be2044.jpg,736,1108,0,2026-09-30
2026-10-05,planilha financeira,6966574422093140,10,1515,0,orçamento mensal. para você se organizar mensalmente. é não deixar o dinheiro fugir da sua mão,,,https://i.pinimg.com/originals/44/d7/69/44d769dc92ff92b0cc24775f671b3b40.png,1024,1536,0,2026-09-07
2026-10-05,planilha financeira,AWXJSCoG19Wd3xkcezxpu-Zkv3WRhOAd7w0UIaJ6KzSjKn169TEqh-kEbrxgwvuIkKyZzRkZ8sC_gGxKlQdcNtc,11,19,0,Money Journal - Printable,commit30.com,https://commit30.com/products/money-journal-printable-pdf?variant=52183016931626,https://i.pinimg.com/originals/33/13/0b/33130bc70618951a2d48775b5aff7352.jpg,1712,2480,0,2026-08-06
2026-10-05,planilha financeira,ARo9kzsHbUq9tfP4IcPqHcxOCwSF1S4VyZo07CzYTRs4om2jc7YERBZ-mes5jRDxI-syT4xw5qUq4HUCPAT3vR8,12,2,0,The Money Planner for,everythingyouneverneeded.com,https://everythingyouneverneeded.com/products/the-money-planner,https://i.pinimg.com/originals/9f/39/b7/9f39b7ca016bd8a0544f2a85c034c255.png,1000,1500,0,2026-09-21
2026-10-05,planilha financeira,306455949667031065,13,26,0,The 1-Page Google Sheets Budget Planner You Need in 2026,substack.com,https://substack.com/@sortedmoney/note/p-211128583?r=8sjy4i,https://i.pinimg.com/originals/97/84/ea/9784ead54a20d37b5a23287bbdf1be19.png,1024,1536,0,2026-09-06
2026-10-05,planilha financeira,AVap34iXTL7e67rmJfLYpz-6e4aUmdh7PoT3UfpGp4PvoxEsehg3UYpEZ1NLdjrPT-gRY3flGOQjnbJCy0jKsPo,14,0,0,Budget & Expense Tracker,laureldenise.com,https://laureldenise.com/products/budget-planner-expense-tracker-booster-pack?variant=48105683616002,https://i.pinimg.com/originals/46/57/63/465763b8e8feae00a08b0c4c2ea5907e.jpg,809,1213,0,2026-09-10
2026-10-05,planilha financeira,4855512095723979,15,64,0,Planilha Financeira Pronta para Usar – Organize Seu Dinheiro em Minutos! GRÁTIS,digitalartscanva.com.br,https://www.digitalartscanva.com.br/2025/06/a-planilha-financeira-que-vai-mudar-sua.html,https://i.pinimg.com/originals/fc/40/24/fc402483b345ab387ed7a0cbf3485e84.png,1000,1500,0,2026-05-27
2026-10-05,planilha financeira,ASOj3DpmynnmuG70e8wy5S4mJzoKg0pH3OvHXslwZyXsQCBR3IYe0w5MyzWTIxf85PZBcOvLdgqCIUz0dxft-0Q,16,12,0,Living On Less Than $5000,financebuzz.com,https://financebuzz.com/senior-money-tips-yaez?adheadline=Living+On+Less+Than+$5000+A+Month%3F+These+16+Things+Could+Help&utm_source=pinterest&utm_medium=paid-social&utm_campaign=%7Bcampaign_name%7D-%7Badgroupname%7D&adgroupid=%7Badgroupid%7D&adid=%7Badid%7D,https://i.pinimg.com/originals/c1/44/d3/c144d3a2c444d14f35083c57ba7de8eb.png,1000,1500,0,2026-08-14
2026-10-05,planilha financeira,572168327696325761,17,5,0,POV: Você prometeu que esse mês vai se organizar financeiramente 3188,behance.net,https://www.behance.net/gallery/243402851/-Digital-Planner-Templates/?pov-voce-prometeu-que-esse-mes,https://i.pinimg.com/originals/bb/a6/ee/bba6ee2bc88a2ece03b68a586d51ad66.jpg,576,1024,0,2026-09-23
2026-10-05,planilha financeira,AZ8wg8OjGePYKxcQFXkn7Uv2dzWSrCN17eSI1sUS-lnlSFpUX0Ir3h7uSBeKrOtcSTRtmsvSu8e3w-l_dEjNkWY,18,1,0,How to Track Cash Sales,genivie12.gumroad.com,https://genivie12.gumroad.com/l/TillBook,https://i.pinimg.com/originals/f1/a4/38/f1a438624e0ea1da7afa5a6e1acc40af.png,1024,1536,0,2026-09-18
2026-10-05,planilha financeira,501588477275765340,19,1,0,Organização financeira : Kit de desafios e tabelas práticas para imprimir,kiwify.app,https://kiwify.app/370jfAj,https://i.pinimg.com/originals/00/92/29/009229fcdd5657390e28a3d30ee4d71b.jpg,768,1365,0,2026-09-28
2026-10-05,planilha financeira,ARFFaWDXMAbODw-mFvJ7lr1BeVMK_5ZaX8TRknjBngPd1CAfNqsyyOZY37ID5GafFJtuOmfWkFheV1c-Vw4YqPw,20,84,0,Planner Spread Ideas,clothpaper.co,https://clothpaper.co/monthlysundaystart,https://i.pinimg.com/originals/c2/f3/ab/c2f3ab6a824d0c6bd0dd3e5def0ee10b.jpg,736,920,0,2026-01-31
2026-10-05,planilha financeira,Aasv1f401V-irQjSoSmkuRyeWlilsVKX4yOtZxiLt2qKCnZEUciExaWs4VFnl847mnVFBvKuKYY6kzJsLpO6hdo,21,0,0,Let’s plan for more rich,edwardjones.com,http://www.edwardjones.com/,https://i.pinimg.com/originals/0b/cf/f8/0bcff8dddc63bf612183cc5d345cd619.jpg,1000,1500,1,2025-10-06
2026-10-05,planilha financeira,AaFrDCAQtlnf2om3f06HRFzFmzI3wjjZIGShE9BhQFouyseqg38EWlpwROO8OO2yv4aD1otAcxAj5jW9zSwycvk,22,2,0,Sheffield Home Set of 2,kohls.com,https://www.kohls.com/product/prd-7663055/sheffield-home-set-of-2-family-planner-dry-erase-boards-with-chore-chart-meal-planner.jsp?skuid=76463963&ci_mcc=ci&utm_campaign=EC%20TEAM%20APPAREL&utm_medium=CSE&utm_source=pinterest&utm_product=93668431&CID=shopping29,https://i.pinimg.com/originals/00/d4/04/00d404ad9c24df0bfc5a73ac7f8f84ce.jpg,800,800,0,2026-09-01
2026-10-05,planilha financeira,377176537566967252,23,145,0,Dia de organizar as despesas do mês,,,https://i.pinimg.com/originals/0a/e5/1d/0ae51d2361bfda62927aea4c61b6437a.jpg,3072,4080,0,2026-08-29
2026-10-05,planilha financeira,3237030979270082,24,493,0,,,,https://i.pinimg.com/originals/5e/fb/c7/5efbc7b065f857cb3377c7b5b6762a79.png,1024,1536,0,2026-08-11
2026-10-05,planilha financeira,16607092373349820,25,497,0,Create Your Perfect Monthly Budget with Our Easy Excel Spreadsheet Template,payhip.com,https://payhip.com/FreeBudgetPrintables1/blog/news/10-must-have-budget-planners-to-master-your-finances-effortlessly/?ultimate-monthly-budget-spreadsheet-template-for-excel,https://i.pinimg.com/originals/f0/e5/bc/f0e5bc352a4f61fedf2e4bfa8565c573.jpg,2880,1800,0,2026-08-26
2026-10-05,planilha financeira,5066618331712104,26,1505,0,,,,https://i.pinimg.com/originals/60/45/2a/60452a70fe4098211dfb4973362d56ec.png,1414,2000,0,2026-07-19
2026-10-05,planilha financeira,365636063519403571,27,33,0,2025 Budget Excel Template: Simplify Your Finances with Free Templates 824,behance.net,https://www.behance.net/gallery/243387841/-Modern-Notion-Templates/?2025-budget-excel-template-simp,https://i.pinimg.com/originals/7e/0a/05/7e0a05fc7efa511b38729a15194af413.png,1187,777,0,2026-05-24
2026-10-05,planilha financeira,370421138126443449,28,3,0,Controle financeiro para empreendedoras | Organização financeira,pay.kiwify.com.br,https://pay.kiwify.com.br/LS1OpJ9,https://i.pinimg.com/originals/74/01/8d/74018d6bf8990e1ae4707b698f631790.png,1024,1536,0,2026-09-20
2026-10-05,planilha financeira,750693831687348994,29,1,0,Planner budget familial à imprimer – gérer son argent simplement,shop.beacons.ai,https://shop.beacons.ai/lauraturcius/288a2aa0-813e-4a40-b063-d04762460534,https://i.pinimg.com/originals/94/41/c7/9441c7eb8ed5082dd9f3d31aebb8362c.jpg,1036,1518,0,2026-09-26
2026-10-05,planilha financeira,99079260548369109,30,303,0,PARA ONDE ESTÁ INDO SEU DINHEIRO? 😳,s.shopee.com.br,https://s.shopee.com.br/AUtGmMJzNy?channel_type=pinterest,https://i.pinimg.com/originals/a4/c2/ab/a4c2ab2ff1b4258c7f2636897a9d44e0.jpg,848,1200,0,2026-09-01
2026-10-05,planilha financeira,8725793026342056,31,592,0,Planilha de orçamento mensal.,,,https://i.pinimg.com/originals/af/44/44/af4444444e537d305099f0fc067a1734.png,1024,1536,0,2026-09-27
2026-10-05,planilha financeira,914862422071177,32,1589,0,Monthly Budget Planner Google Sheets Template,payhip.com,https://payhip.com/OrganizeThrive/blog/news/budget-planners-your-step-by-step-guide-to-financial-freedom/?monatliche-budget-tabelle-google-sheets-budget-vorlage-monatlicher-budgetplaner-monatliches-budget-bundle,https://i.pinimg.com/originals/c5/a7/81/c5a7812b0a69c344e5b4f941305e9160.jpg,2000,2000,0,2026-03-26
2026-10-05,planilha financeira,473933560787815836,33,1799,0,"15. Após lançar as despesas, o campo ''Quanto Sobrou?'' ficou atualizado com o saldo total do mês de janeiro. Neste caso, o saldo da planilha ficou positivo na conta em R$ 87,74, supondo que ele tenha",tecnologia.uol.com.br,http://tecnologia.uol.com.br/album/planilha_de_gastos_excel_album.htm#fotoNav=15,https://i.pinimg.com/originals/61/c4/cc/61c4ccbd437cc5904ae1abaf9ec5e6c0.jpg,600,500,0,2019-10-29
2026-10-05,planilha financeira,1548181169897028,34,15198,0,Planner Financeiro,,,https://i.pinimg.com/originals/54/e5/db/54e5db3238d99a1deb1fbf931eb95418.png,794,1123,0,2024-06-14
2026-10-05,planilha financeira,1140184830696258087,35,1,0,Planilha financeira: o que você precisa controlar todo mês,pay.kiwify.com.br,https://pay.kiwify.com.br/r2T4MQ2,https://i.pinimg.com/originals/0e/d0/fb/0ed0fb8b8f11a5a33d5e8994e709c37c.png,1024,1536,0,2026-09-25
2026-10-05,planilha financeira,27232772742643319,36,142,0,Planner Financeiro.!,,,https://i.pinimg.com/originals/9e/5a/84/9e5a843a1d58e75e4933cbec33e6fd20.png,1024,1536,0,2026-09-15
2026-10-05,planilha financeira,AUq36JyWYM_Cz3_DL2pRqNA6ziRopZgdnDBfkGrogngW02BlxPI85mBLp5Bv4tqZHTX02fA58vTw_6wPD5nS07Q,37,1,0,Start Your Online,sellvia.com,https://sellvia.com/get-your-store-free/?utm_source=pinterest&utm_medium=cpc&utm_campaign=c4&utm_content=cartoon3,https://i.pinimg.com/originals/70/aa/34/70aa344b94cf6ab1cb2273c212083ba8.jpg,1080,1920,1,2026-06-24
2026-10-05,planilha financeira,1093108140841458561,38,7,0,"Homemade Budget Template, 🍰 💌 Pink Monthly Budget Planner | Income &amp; Paycheck Tracker | no-st...",behance.net,https://www.behance.net/gallery/252656839/Transform-Your-Routine/?homemade-budget-template-pink-monthly-budget-planner-income-amp-paycheck-tracker-no-st,https://i.pinimg.com/originals/7f/28/4c/7f284c88c40f3a075d010d8d208e7ac8.png,952,1428,0,2026-09-18
2026-10-05,planilha financeira,77687162325680779,39,266,0,gastos do mês,,,https://i.pinimg.com/originals/44/ea/c8/44eac8f7ebe0b9da208c3a636e3573dc.heic,3024,4032,0,2026-06-19
2026-10-05,planilha financeira,633387443970560,40,7308,0,planilha de gastos,,,https://i.pinimg.com/originals/79/fc/1a/79fc1afa1ce4859192aa2bd837f15ebe.jpg,1080,1620,0,2025-10-08
2026-10-05,planilha financeira,42713896465852346,41,185,0,Budget tracker,,,https://i.pinimg.com/originals/fa/7d/6d/fa7d6d1b6ca49d5eaf33642873aeffde.png,1024,1536,0,2026-08-31
2026-10-05,planilha financeira,80572280836098800,42,14,0,Planilha Financeira Grátis pra fechar 2025 e começar 2026 com as finanças organizadas? Temos! O link pra garantir a sua tá na bio 😉,instagram.com,https://www.instagram.com/reel/DQsga-LDYBR/,https://i.pinimg.com/originals/02/67/2d/02672d63778f8163f715b9c372c7d919.jpg,610,1084,1,2025-11-06
2026-10-05,planilha financeira,65583738318985861,43,211,0,Plano financeiro,a.co,https://a.co/d/07TbuTfq,https://i.pinimg.com/originals/eb/ca/2a/ebca2acaf6f7edd6bfb0cf7fa207c322.png,1024,1536,0,2026-09-21
2026-10-05,planilha financeira,238550111507091166,44,65,0,Planilha financeira,go.hotmart.com,https://go.hotmart.com/C97159969A,https://i.pinimg.com/originals/98/12/65/98126595489e2dffd8648ed8c5b8b8d7.jpg,2268,4032,0,2025-09-04
2026-10-05,planilha financeira,948148527827944341,45,1,0,Planilha de controle financeiro: organize suas contas em 21 dias,kiwify.app,https://kiwify.app/RARXvZv?afid=U37c0JC4,https://i.pinimg.com/originals/72/47/73/72477396f820261036482641c0aa3f6f.png,1024,1536,0,2026-09-28
2026-10-05,planilha financeira,4081455907326211,46,287,0,Essa Planilha Financeira me ajuda muito no controle de gastos!,,,https://i.pinimg.com/originals/49/37/f8/4937f84a9a52047718d3a3f33e54a6e5.jpg,1080,1920,0,2025-09-11
2026-10-05,planilha financeira,5066618331712107,47,643,0,Planner financeiro,,,https://i.pinimg.com/originals/bf/b4/77/bfb477fd3108f57a461025168e5e7357.png,1024,1536,0,2026-07-19
2026-10-05,planilha financeira,48273027253875859,48,305,0,Create Your Budget Report Excel with Our Google Sheet Tracker | Free Download,payhip.com,https://payhip.com/PersonalBudgetExcel/blog/news/top-25-money-dashboards-you-can-download-free-today/?create-your-budget-report-excel-with-our-google-sheet-tracker-free-dow,https://i.pinimg.com/originals/51/2d/15/512d1530e9db5754ab1a227d51a9b79a.heic,4284,5712,0,2026-08-01
2026-10-05,planilha financeira,24418022976913211,49,404,0,,,,https://i.pinimg.com/originals/da/33/2c/da332c8db9cfecaaea4dd8471d30111e.png,1536,1024,0,2026-07-15
2026-10-05,planilha financeira,5840674512232910,50,59,0,Medium,medium.com,https://medium.com/@campbell.tamara499632/monthly-budget-spreadsheets-d3acfb234fcc/?ultimate-monthly-budget-spreadsheet-template-for-excel-sinking-funds-tracker-monthly-budget,https://i.pinimg.com/originals/f4/f5/14/f4f51492d544c9cc759fa56659afbf5f.jpg,474,296,0,2026-05-17
2026-10-05,planilha financeira,193373377745741978,51,78,0,Budget Planner Template 2025 Digital Download for Personal Finances travelbudget,behance.net,https://www.behance.net/gallery/231144407/Smart-Notion-Finance-System-for-Small-Business/?budget-planner-template-2025-digital-download-for-personal,https://i.pinimg.com/originals/a1/86/95/a1869564cb37480c87b8c0be752b5845.png,768,1344,0,2026-09-20
2026-10-05,planilha financeira,Ad509kKm8JRFuhUIfS6fMOURPJCU29LobespJu2xY0yW1kpDJoXOpRyF4j3l96iDjGbWefuEQjPW7HQ_IIGlw2c,51,0,0,Canva Minimalist,canva.com,https://www.canva.com/p/templates/EAFWBCq6Z14,https://i.pinimg.com/originals/65/37/26/653726d185b68d3399984e74cd4ff04d.jpg,533,800,0,2026-07-25
2026-10-05,planilha financeira,AcanLqTcv5HGdlt6QMMrc7wXYyPGlzp5DIY56GHo84YS2iqIVzOJYF9eohYFCBCS2bDrrCMuozWZ2DUn41sQJEA,52,0,0,A6 Size Budget Binder,us.shein.com,https://us.shein.com/ark/default?scene=1&test=5051&ad_type=DPA&goods_id=66514404&pf=PINTEREST&url_from=PINADSDPA&ismg=b66792798ef339bb56ffdf832223f8b92be5deca325b706eb2c5fea015aa1339_01_1791128085,https://i.pinimg.com/originals/14/38/eb/1438eb30fd4c9e1002086f75c05f74a3.jpg,1195,1792,0,2026-10-01
2026-10-05,planilha financeira,AbzmFljzXBqB0soGTNuDveAY4zlo1kt4DKTS8ji6ZZ1GqSlZQY6aOUN0AFW1f2rDH_cAkrVaFfeqZcBdZ_RRaj8,53,1,0,ADHD-Friendly Money,etsy.com,https://www.etsy.com/listing/4580171209/adhd-budget-planner-google-sheets?ref=listings_manager_grid,https://i.pinimg.com/originals/b9/06/6a/b9066a9b8b6c06493d785df8a07464e9.jpg,768,1376,0,2026-09-24
2026-10-05,planilha financeira,ATpPpNQCfxVMSshLOcF5yr3eZe7dJIfvl3eF-vm1iOGlj98dFvrDydf4qnehQgrpC7bgsiZU5-KCtdfuch671V8,54,351,0,19 Bills to Cut if Money,financebuzz.com,https://financebuzz.com/money-moves-tight-budget-yaez?adheadline=19+Bills+to+Cut+if+Money+Feels+Tight+(Many+Wealthy+Families+Already+Did)&utm_source=pinterest&utm_medium=paid-social&utm_campaign=%7Bcampaign_name%7D-%7Badgroupname%7D&adgroupid=%7Badgroupid%7D&adid=%7Badid%7D,https://i.pinimg.com/originals/42/7a/fc/427afc75e82172375b4d3e615e5eb17b.png,1000,1500,0,2026-05-21
2026-10-05,planilha financeira,34410384649780346,55,378,0,,,,https://i.pinimg.com/originals/c9/20/b3/c920b336ffa56a164de86a848d632770.png,1024,1536,0,2026-09-09
2026-10-05,planilha financeira,621778292358645530,56,14,0,Planilha para controlar dinheiro emprestado 💸🩷 | Controle financeiro,,,https://i.pinimg.com/originals/0e/e2/18/0ee2185c45d23b767a0458bca91459e7.png,1024,1536,0,2026-09-29
2026-10-05,planilha financeira,27232772742686036,58,80,0,💗 Controle de Despesas | Planner Financeiro para Organizar seus Gastos,,,https://i.pinimg.com/originals/a0/d4/c0/a0d4c0d4185f78b9b9282ba3c662e7a8.png,1024,1536,0,2026-09-30
2026-10-05,planilha financeira,224546731418137169,59,2,0,Organiza as tuas finanças | Planner Financeiro 2026,go.hotmart.com,https://go.hotmart.com/C106988463W,https://i.pinimg.com/originals/6c/e6/8f/6ce68fec81ec4a51c68f4bfb8d9be2f7.png,1024,1536,0,2026-09-23
2026-10-05,planilha financeira,305963368461077427,60,87,0,2025 Personal Budget Planner Template for Savings & Finance Tracking,payhip.com,https://payhip.com/CreativeWeb/blog/news/top-budget-planners-creative-digital-resources/?2025-personal-budget-planner-template-for-savings-finance,https://i.pinimg.com/originals/25/26/84/25268474637db1a18bc662a5c8146a8f.png,1428,1147,0,2026-08-05
2026-10-05,planilha financeira,68679963063293468,61,44,0,Budget Planner Excel Template For Easy Finances Management,t.me,https://t.me/plannerfind,https://i.pinimg.com/originals/78/41/be/7841be6e8a15a488ad09fb0e3f840bf6.png,1080,1920,0,2026-09-30
2026-10-05,planilha financeira,1120059369859969829,62,1,0,Planner financeiro pessoal simples e organizado,minha-planilha-financeira.lovable.app,https://minha-planilha-financeira.lovable.app/,https://i.pinimg.com/originals/26/8d/77/268d77249310f9e5dd379d3cc2fc5ff3.png,1024,1536,0,2026-09-22
2026-10-05,planilha financeira,184295809751351067,63,157,0,,,,https://i.pinimg.com/originals/6a/a4/bf/6aa4bf992d113b0d66e2cd959cd9bd85.jpg,1200,1599,0,2026-08-18
2026-10-05,planilha financeira,552746554291085140,64,5,0,Nova Planilha para organizar finanças (Grátis),pausapracriatividade.com,https://www.pausapracriatividade.com/2025/08/nova-planilha-de-controle-de-gastos-e-investimentos.html,https://i.pinimg.com/originals/3c/7b/19/3c7b198ea5edf54d525b3262db90ee89.png,640,960,0,2025-08-15
2026-10-05,planilha financeira,1127236981797842842,65,11,0,💖 Calming Financial Abundance Journal Printable PDF for Stress-Free Money Mindset Transformation ...,behance.net,https://www.behance.net/gallery/252197111/24-Notion-Templates-for-HabitsCalming-Financial-Abundance-Journal-Printable-Pdf-For-Stress-Free-Money-Mindset-Transformation,https://i.pinimg.com/originals/7a/29/f8/7a29f8438d2a5db8aab83f8b2a99bd5d.png,768,1344,0,2026-09-20
2026-10-05,planilha financeira,27232772741326371,66,117,0,Planner Financeiro Gratuito para Impressão 2025 🩷,digitalartscanva.com.br,https://www.digitalartscanva.com.br/2024/11/planeje-suas-financas-e-alcance-suas.html,https://i.pinimg.com/originals/bc/98/85/bc9885e47da0322b77cbf7b5f7009cc5.jpg,1168,1752,0,2025-06-13
2026-10-05,planilha financeira,633387444005212,67,4008,0,,,,https://i.pinimg.com/originals/b2/1c/eb/b21ceb3c5cdc88015e75edf5e87ee084.jpg,3024,4032,0,2025-10-21
2026-10-05,planilha financeira,7529524373275261,68,308,0,planilha financeira pessoal excel grátis download,excelcoaching.com.br,https://excelcoaching.com.br/planilha-financeira-pessoal-excel-gratis-download/,https://i.pinimg.com/originals/5e/8f/b6/5e8fb620755f5e5d52cc818792b8ba55.png,1080,1080,0,2026-01-01
2026-10-05,planilha financeira,180988478772531770,69,15,0,Budget Planner Printable | Monthly Budget Worksheet & Expense Tracker,,,https://i.pinimg.com/originals/8b/b4/4a/8bb44ae9b29109d64c0050974021e9d3.png,1024,1536,0,2026-09-29
2026-10-05,planilha financeira,7036943164048998,70,782,0,Controle financeiro,,,https://i.pinimg.com/originals/fb/0c/10/fb0c1010c37c03beaa88d66d7db30283.png,1023,1537,0,2026-09-29
2026-10-05,planilha financeira,51509989483143028,71,68,0,"Budgeting For Household - Pink Monthly Budget Spreadsheet | Tracker and Planner for Paycheck, Inc...",payhip.com,https://payhip.com/JohannaHoward/blog/news/family-budget-templates-your-compass-to-financial-calm/?budgeting-for-household-pink-monthly-budget-spreadsheet-tracker-and-planner-for-paycheck-income-debt-and-savings,https://i.pinimg.com/originals/18/ab/23/18ab230cc8fe9eaba4fd7acab2ce1d7b.png,1000,1500,0,2026-09-20
2026-10-05,planilha financeira,59391288834107115,72,35,0,Free Budget Planner Template Google Sheets,behance.net,https://www.behance.net/gallery/223353413/Budget-Planner-Printable-Free/?free-budget-planner-template-google-sheets,https://i.pinimg.com/originals/93/0c/8f/930c8f853a34b6f9136f0f668da7d5af.png,768,1738,0,2026-06-09
2026-10-05,planilha financeira,373798837845991557,73,19,0,Planilha Financeira Completa para Massoterapeutas,go.hotmart.com,https://go.hotmart.com/E106465291A,https://i.pinimg.com/originals/a3/f4/53/a3f4531ffcf14b8bb71777edbefc91dc.heic,3024,4032,0,2026-07-22
2026-10-05,planilha financeira,50595195809712944,74,220,0,Organização Financeira,linktr.ee,https://linktr.ee/euthaynasantoss,https://i.pinimg.com/originals/91/33/78/913378caeb96e55a04b1eaeb708d4057.jpg,1080,1920,0,2026-01-10
2026-10-05,planilha financeira,27092035256649276,75,1074,0,Planner de finanças no Notion,coreseflores.studio,https://coreseflores.studio/notion-planners/planner-financeiro,https://i.pinimg.com/originals/d6/7d/c4/d67dc4164034da71b37ef1c57977833c.jpg,1080,1920,0,2025-01-10
2026-10-05,renda extra em casa,668854982205792613,2,1,0,Renda extra em casa,pay.kiwify.com.br,https://pay.kiwify.com.br/YMcV2OM,https://i.pinimg.com/originals/bd/bb/fe/bdbbfe111c7b173abe1e630e1cea9804.jpg,736,1104,0,2026-09-25
2026-10-05,renda extra em casa,970596157213594453,3,1,0,Renda extra em casa: 4 ideias para começar,go.hotmart.com,https://go.hotmart.com/E107772194Y,https://i.pinimg.com/originals/db/d3/1e/dbd31e1f20e9954ac93bbf4d344959c3.png,1024,1536,0,2026-09-26
2026-10-05,renda extra em casa,801922277452077450,4,4,0,Ideias para ganhar dinheiro/renda extra em casa!,7-ideias-geniais-de-rendas-extras-online.my.canva.site,https://7-ideias-geniais-de-rendas-extras-online.my.canva.site/,https://i.pinimg.com/originals/df/8c/c9/df8cc962a66f4e152b2f17ae1e191aeb.jpg,800,1200,0,2026-08-05
2026-10-05,renda extra em casa,640566747045735512,5,3,0,7 Formas de Fazer Renda Extra em Casa 💰 | Ideias Simples e Lucrativas,mundomaterrno.blogspot.com,https://mundomaterrno.blogspot.com/2026/08/7-formas-de-fazer-uma-renda-extra-em.html,https://i.pinimg.com/originals/de/c2/9b/dec29b11a374c3b1fb64ec60743f84ae.png,1024,1536,0,2026-09-06
2026-10-05,renda extra em casa,740068151312805500,6,1,0,Renda extra,go.hotmart.com,https://go.hotmart.com/W106201117O?ap=cefd,https://i.pinimg.com/originals/37/72/42/377242211fdff22f442002dabae0555d.png,1024,1536,0,2026-09-24
2026-10-05,renda extra em casa,AS42SK8XVCDk4lLVuL5YZGN4mGYZyV_r6XjjWI2n0ryxPWS-chdzHCO8i43HXsVE9WYsj5sO2rPE4BEG5xfwblU,7,10,0,How to Start an Auto,shopify.com,https://www.shopify.com/blog/auto-parts-dropshipping,https://i.pinimg.com/originals/d0/26/87/d026877c220bd6484e54d923b52c55a6.jpg,474,711,0,2025-04-24
2026-10-05,renda extra em casa,AZQII5gm9aA4IVRlcNuFBpgQ5na9a8tkvKU0_1ysmjryWFZJZmaorUcKO3whqHFxNM8nJQ_akDRI621ASHOkQHo,8,1,0,Get 30 days free.,stock.adobe.com,https://stock.adobe.com/ai-studio/free-trial?sdid=29NMCDL3&mv=social&mv2=paidsoc&as_channel=social_ads&as_campclass=nonbrand&as_campaign=WMAdobe_Stock_PRO_Web_AMERxNA_EvergreenxPerformancePlus_Stock_Conversion_ROI_25_APF_STK_NA_Social&as_source=Pinterest&as_camptype=acquisition&as_content=video_FY26Q2SpringLaunch,https://i.pinimg.com/originals/73/68/c5/7368c5e9f4fcd5d4c0d188cf363a77fd.png,1000,1500,0,2026-08-25
2026-10-05,renda extra em casa,386254105568008591,9,24,0,Como Ganhar Dinheiro em casa com 7 ideias de Renda Extra lucrativas para Mulheres,rendaextrainfinitas.com.br,https://www.rendaextrainfinitas.com.br/2026/04/ideias-renda-extra-para-mulheres-em-casa.html,https://i.pinimg.com/originals/c8/ca/82/c8ca8290416e2751694e08148bf50a42.png,1080,1920,0,2026-08-23
2026-10-05,renda extra em casa,140806235341668,10,3534,0,Pra ganhar din din,,,https://i.pinimg.com/originals/02/8d/5a/028d5a5e3f5645ee069f1574d13dfd82.png,1024,1536,0,2026-08-01
2026-10-05,renda extra em casa,1141873680549775346,11,2,0,Renda Extra em Casa: Descubra uma forma de ganhar dinheiro sem sair do conforto da sua casa,docs.google.com,https://docs.google.com/document/d/1Q070gPdzJClnq0srXLeiBZupPiRPPMOY/edit?usp=sharing&ouid=116208897982711891593&rtpof=true&sd=true,https://i.pinimg.com/originals/20/84/c6/2084c608299927c377f5a19d952b2684.png,1122,1402,0,2026-07-13
2026-10-05,renda extra em casa,306244843433514101,12,10,0,6 Ideias de renda extra em casa para ter mais liberdade financeira,rendaextrainfinitas.com.br,https://www.rendaextrainfinitas.com.br/2026/06/ideias-de-renda-extra-para-mulheres-em-casa.html,https://i.pinimg.com/originals/50/1f/fa/501ffa7a104ad766b3b37b11abfce925.png,1080,1920,0,2026-07-21
2026-10-05,renda extra em casa,640355640832742462,13,16,0,renda extra apenas com o celular e Internet.,,,https://i.pinimg.com/originals/f0/fe/6c/f0fe6c6f36de8b24f39a70048de006b6.png,1024,1536,0,2026-09-15
2026-10-05,renda extra em casa,1134977543666793589,14,1,0,25 Formas de Renda Extra para Ganhar Dinheiro em Casa,kiwify.app,https://kiwify.app/pE6sZzV?afid=FE3OlQdu,https://i.pinimg.com/originals/06/07/f2/0607f270bd61a0f4610ae4b842581aa5.png,1024,1536,0,2026-09-19
2026-10-05,renda extra em casa,595952963235198297,15,8,0,15 Ideias de Renda Extra em Casa para Começar com Pouco Dinheiro,mundomaterrno.blogspot.com,https://mundomaterrno.blogspot.com/2026/08/15-ideias-de-renda-extra-em-casa-para.html,https://i.pinimg.com/originals/7d/25/fb/7d25fbb3796c24afe3798262cfc5b4d5.png,1024,1536,0,2026-09-19
2026-10-05,renda extra em casa,AU_-DetsZ41Ke3rZxbrnZXsm8DDNopMMNiS6KFZCRteqpHSXVlnvUY_YtsSFh6aOnB-O6iIPbIl-TB_WxtUK7Xg,16,0,0,Your career inspiration.,ad.doubleclick.net,https://ad.doubleclick.net/ddm/trackclk/N1079725.2293319PINTEREST/B36142937.454020455;dc_trk_aid=647993659;dc_trk_cid=261546073;dc_lat=;dc_rdid=;tag_for_child_directed_treatment=;tfua=;gdpr=$%7BGDPR%7D;gdpr_consent=$%7BGDPR_CONSENT_755%7D;ltd=;dc_tdv=1,https://i.pinimg.com/originals/78/18/18/781818e22bdd41b62e84acfea20bf9d6.jpg,1080,1920,1,2026-08-07
2026-10-05,renda extra em casa,41447259076440739,17,244,0,12 Ideias Para Ganhar Dinheiro Extra em 2026,helloamazinglife.com.br,https://helloamazinglife.com.br/12-ideias-para-fazer-renda-extra/,https://i.pinimg.com/originals/5e/23/01/5e23012c86de063030e2e902039e7172.jpg,1000,1500,0,2026-04-28
2026-10-05,renda extra em casa,297378381665755780,18,86,0,Renda extra/Trabalhando em casa 💸,,,https://i.pinimg.com/originals/55/1f/79/551f79b8139a24055cf559863221b3ef.jpg,1080,1739,0,2024-09-26
2026-10-05,renda extra em casa,1135681231077549580,19,5,0,85 Ideias de Renda Extra para Profissionais de TI: Projetos do Básico ao Avançado,pay.kiwify.com.br,https://pay.kiwify.com.br/d1njTyZ?afid=sT7i8eFT,https://i.pinimg.com/originals/91/ab/1a/91ab1a8f46b698649520aa1493712ba0.png,1024,1536,0,2026-09-26
2026-10-05,renda extra em casa,AepugiKc3_jlC-B0n9YBdRCUnLRkkQ82tmmLyvHCF2xJa3-xdvueTvtd6LL8yg3tkqA0q32o4aVXsQzsraLmSdI,20,1,0,Here’s the stitch: It’s,progressive.com,https://www.progressive.com/lp/auto-name-your-price/?code=9903622000,https://i.pinimg.com/originals/26/ec/3f/26ec3ffa8f1886f745ee7268a26a22a7.png,1000,1500,0,2026-03-26
2026-10-05,renda extra em casa,1045116657289444073,21,1,0,Ganhe renda extra em casa,pt.pinterest.com,https://pt.pinterest.com/business/hub,https://i.pinimg.com/originals/c9/95/6a/c9956a4fb360d2d7126b6f86dff55aa8.png,1024,1536,0,2026-01-08
2026-10-05,renda extra em casa,605452743701748952,22,5,0,Renda Extra Online Para Iniciantes (Guia Completo),linktr.ee,https://linktr.ee/comoganharemdolaronline?utm_source=linktree_profile_share&ltsid=7649eb8f-882e-4bdb-a37d-cda847bccec7,https://i.pinimg.com/originals/f8/c7/11/f8c711640e2b6f14807c60320eb621e8.jpg,1024,1536,0,2026-08-15
2026-10-05,renda extra em casa,915497430500238702,23,304,0,Renda extra em casa!!,,,https://i.pinimg.com/originals/16/b5/39/16b539693304ebb308f69b338fd46875.jpg,350,436,0,2024-11-14
2026-10-05,renda extra em casa,605945324904378391,24,4,0,Como ganhar dinheiro!,,,https://i.pinimg.com/originals/c0/51/44/c051441a0f9e3c4e5552929d6e1dbafd.jpg,675,1200,0,2026-03-13
2026-10-05,renda extra em casa,740208888795882941,25,43,0,Sua renda em casa,,,https://i.pinimg.com/originals/15/c3/d5/15c3d5affd70cff085057ed60ede34e2.png,1080,1920,0,2025-09-06
2026-10-05,renda extra em casa,616852480260205814,26,1,0,Renda Extra em Casa: Como Começar um Negócio Digital,miriamfonseca.com,https://miriamfonseca.com/como-fazer-renda-extra-pela-internet/,https://i.pinimg.com/originals/fe/84/be/fe84be43446534d2c76f2fe96e0a43f5.jpg,1080,1920,0,2026-09-16
2026-10-05,renda extra em casa,AcP4WORHzQ_Kpvv4XsjYhO_YqFaYIdCER2Y2PGiXf4eDG-lLSo1Ig9A64AQQY04nig1Ayrvk1MK8t_UP9dKBkvA,27,1,0,U.S. Bank Checking. Up to,usbank.com,https://www.usbank.com/splash/checking/2026-all-market-checking-offer.html?ecid=SM_634979,https://i.pinimg.com/originals/73/02/95/730295217a82c681b3363924a1d2bbe6.jpg,1000,1500,0,2026-08-29
2026-10-05,renda extra em casa,1138355243344326110,28,2,0,Venda de e-books,,,https://i.pinimg.com/originals/df/c1/61/dfc161927472fa154a00fd8088f1b2e8.jpg,720,1280,0,2026-09-09
2026-10-05,renda extra em casa,ARe_8QwU4TK-3OGnhGc7IQWWXxn8jlwlG7SSHzNs5scaFC7vNx1emc8axpHbFnDVwkki2gLgMmcYCkQQHk0JCio,29,2,0,Domo Boutique Hotel,expedia.com,https://www.expedia.com/Hotel-Search?destination=Oldbury&selected=84350837&startDate=2026-10-18&endDate=2026-10-19,https://i.pinimg.com/originals/2b/a2/fa/2ba2fafab0a52879275c8856222f2776.jpg,1000,1500,0,2026-06-10
2026-10-05,renda extra em casa,Aah8G1TVzMJYAk5s2zF-l7Kdyor_Ij_uBYC6Ed2wYeZu2DfFmPqIfksciiIv6SV2sntLP69-DPe6TSCAA0pHG3Y,30,354,0,6 Dumb Ways To Make Money,financebuzz.com,https://financebuzz.com/supplement-income-yaez?&utm_source=pinterest&utm_medium=paid-social&utm_campaign=%7Bcampaign_name%7D-%7Badgroupname%7D&adgroupid=%7Badgroupid%7D&adid=%7Badid%7D,https://i.pinimg.com/originals/ad/71/24/ad7124ccc88b83757989bb04553c5075.png,1000,1500,0,2026-04-16
2026-10-05,renda extra em casa,888686938980165188,31,166,0,comece hoje a ganhar dinheiro,,,https://i.pinimg.com/originals/48/5d/fe/485dfe975a24db2a3a00a40e98a6b389.png,1080,1920,0,2025-09-29
2026-10-05,renda extra em casa,469289223696941012,32,11,0,Como Ganhar Dinheiro Sem Aparecer,,,https://i.pinimg.com/originals/47/88/3b/47883b8442c63f31fd88093dcaef69c6.jpg,736,1104,0,2026-05-19
2026-10-05,renda extra em casa,306244843433514100,33,4,0,Descubra 7 ideias de renda extra em casa para mulheres ganhar dinheiro online,,,https://i.pinimg.com/originals/b5/f8/f1/b5f8f18c7283d328602d234c6dcfe413.png,1080,1920,0,2026-07-21
2026-10-05,renda extra em casa,AWZBQKNVDx0BFi_-duSeyJmi0p2sfnJY4ppg_hBslotSuGBYcgwQiju8PXbVbS0LCeGN6jfeLWCwFdd9GRgwmlw,34,1,0,Get a quote,purchase.allstate.com,https://purchase.allstate.com/onlineshopping/welcome?cid=SMP-MF-V-STC-130-BRR-SCB-NAT-NAT-250401:pinterestmf&CAMPAIGN=444490000099235,https://i.pinimg.com/originals/53/da/56/53da561dad3ac9aa645755e47cd006a0.jpg,1080,1920,1,2026-09-29
2026-10-05,renda extra em casa,389772542774017301,35,28,0,27 ideias de Renda Extra para Mulheres lucrarem em casa e terem liberdade,rendaextrainfinitas.com.br,https://www.rendaextrainfinitas.com.br/2026/03/ideias-de-renda-extra-em-2026-mulheres.html,https://i.pinimg.com/originals/cf/e4/52/cfe45211750d5be5bb1e9e7eaf58bc6b.png,1080,1920,0,2026-07-17
2026-10-05,renda extra em casa,760756562099991359,36,1,0,Renda Extra em Casa 2026,,,https://i.pinimg.com/originals/27/4e/da/274eda3ae1bf17b6ee63d52c68378d54.png,1254,1254,0,2026-08-23
2026-10-05,renda extra em casa,762586149453203185,37,3,0,Como Ganhar Dinheiro Com Pinterest em 2026 Mesmo Começando do Zero,edeniaborges.com,https://edeniaborges.com/como-ganhar-dinheiro-no-pinterest/,https://i.pinimg.com/originals/38/9e/71/389e71564ac6b40c5d2b1ff47a5bce41.png,1000,1500,0,2026-06-10
2026-10-05,renda extra em casa,306244843433708211,38,21,0,10 ideias de renda extra sem gastar nada para começar do zero,avitrinedeofertas.com,https://avitrinedeofertas.com/renda-extra-sem-gastar-nada/,https://i.pinimg.com/originals/c9/d7/84/c9d7848dc8de0694a4b040afc4e36715.png,1000,1500,0,2026-08-20
2026-10-05,renda extra em casa,1060738518506172762,39,3,0,25 ideias para fazer renda extra,instagram.com,https://www.instagram.com/caminhandoparaosucessoja?igsh=ZThuOHNnM3hsYm9x,https://i.pinimg.com/originals/7c/a3/5a/7ca35af51ba5bb28f9aef7c960d7b479.png,1024,1536,0,2026-07-09
2026-10-05,renda extra em casa,AT2YR4Jt-86SNRKok8xJ6guNzIeBS7cEeSY9gG4nScWZ9ECXwWE9el1VOU4McUIOg-RCw7uqGwavUmVdOcxlfCw,40,796,0,How to Create and Sell,free-the-mama.kit.com,https://free-the-mama.kit.com/,https://i.pinimg.com/originals/f5/f5/ac/f5f5acbfcdedfc8642b37411ecc43d6b.png,1000,1500,0,2026-03-19
2026-10-05,renda extra em casa,306244843433341021,41,25,0,6 ideias de renda extra para mulheres começarem a ganhar dinheiro em casa,rendaextrainfinitas.com.br,https://www.rendaextrainfinitas.com.br/2026/04/ideias-de-renda-extra-para-mulheres-para-sair-zero.html,https://i.pinimg.com/originals/df/0d/7a/df0d7a79098eb2c529f278971209e501.png,1080,1920,0,2026-06-25
2026-10-05,renda extra em casa,1147714286311873239,42,2,0,Como Fazer Sua Primeira Renda Com a Temu,drive.google.com,https://drive.google.com/file/d/1jekzNUK9ki-UaPtvL4gkzmon7dvcMvn3/view?usp=sharing,https://i.pinimg.com/originals/af/05/13/af051355a6d194d07a61f4d2aef3618f.png,941,1672,0,2026-06-12
2026-10-05,renda extra em casa,AbrC28BX0HzJqammC7tgOp-gK_BNJcbNSiFA54Ee30euyw_UzJ5afxkahq15JnsJ6fpJUr7ouM57bwrb_lmdXZ4,43,41,0,The Content Club for,theaestheticvault.com,https://theaestheticvault.com/the-aesthetic-vault-injectors-estheticians,https://i.pinimg.com/originals/38/fc/37/38fc370fe9e34894de42124a71336ef8.jpg,736,1104,0,2026-07-23
2026-10-05,renda extra em casa,1055599909748062,44,248,0,💻 TRABALHE EM CASA E TRANSFORME SUA RENDA!,go.hotmart.com,https://go.hotmart.com/V106856412L?dp=1,https://i.pinimg.com/originals/35/78/7f/35787fed98c3b7dd40515d077faebf26.png,1024,1536,0,2026-09-23
2026-10-05,renda extra em casa,339599628177766749,45,10,0,Renda Extra para Mulheres,instagram.com,https://www.instagram.com/m.f_agencia?igsh=MTBuMjRvMjQ1cXVnNA==,https://i.pinimg.com/originals/7c/76/99/7c7699b6538cf0cb37d16e492c361956.png,1024,1536,0,2026-08-16
2026-10-05,renda extra em casa,2885187257253094,46,252,0,Como ganhar dinheiro com o Pinterest em 2024,simplesbellablog.com,https://www.simplesbellablog.com/2024/06/como-ganhar-dinheiro-com-pinterest.html,https://i.pinimg.com/originals/67/17/ee/6717eed8384f7ab4236f40e1142e5886.jpg,474,829,0,2025-05-04
2026-10-05,renda extra em casa,AcWafNEYPtvhE0DadHiNVlYo_SK-Z0RSoYbN0iv_x15nQKHzEqEnvRxOTXFQf2RbsHCn4iwSH25unT-puV4YENM,47,66,0,How to Build Passive,stan.store,https://stan.store/TheIntentionalCollective,https://i.pinimg.com/originals/5b/0e/7f/5b0e7fb34e81a76e96fe369ba11d5af5.png,1024,1536,0,2026-07-19
2026-10-05,renda extra em casa,1029776271068777333,48,4,0,Veja como é Possível ter Renda Extra a partir do Celular ou Computador,docs.google.com,https://docs.google.com/document/d/1YsHjSewqm91vPosNqo52OOftFgwlEcl0o9UGSg2_tJ0/edit?usp=sharing,https://i.pinimg.com/originals/d1/f6/26/d1f6263db2bcf8562225d787ac24941f.jpg,800,1200,0,2026-08-14
2026-10-05,renda extra em casa,29766047532125065,49,1579,0,"""Descubra o Segredo: Ganhe Dinheiro em Casa com o Pinterest!""",,,https://i.pinimg.com/originals/28/86/dd/2886dd4b4e6459485031bd8d635716b0.png,375,666,0,2024-11-21
2026-10-05,renda extra em casa,29062360088899621,50,443,0,62 Ideias para GANHAR DINHEIRO em Casa!!! Com Pouco Investimento #RENDAEXTRA,lucrandocomigo.com.br,https://lucrandocomigo.com.br/ganhar-dinheiro-com-pouco-investimento/,https://i.pinimg.com/originals/7e/53/3e/7e533eebe794030484e5107a079cf49e.jpg,600,1200,0,2024-04-03
2026-10-05,renda extra em casa,729653577151058033,51,14,0,Renda extra urgente 💰💵💸,,,https://i.pinimg.com/originals/39/72/13/3972135c1c3f462c63b02b2de7721127.jpg,1080,1769,0,2023-08-03
2026-10-05,renda extra em casa,1106618939719333897,51,1,0,Faço dinheiro com o IFood,pesquisadelivery.online,https://pesquisadelivery.online/?ref=CUZ3,https://i.pinimg.com/originals/78/de/58/78de5800b340c66ad7e5d5549cd20a25.png,1024,1536,0,2026-09-21
2026-10-05,renda extra em casa,206180489185250723,52,177,0,A Internet é Incrível para Criar uma Renda Extra - Clique Agora!,linkbio.co,https://linkbio.co/Metodoshopee,https://i.pinimg.com/originals/11/54/92/11549279b57cc55568105abf23cef661.jpg,375,666,0,2024-12-25
2026-10-05,renda extra em casa,AZDcj9sy4zWaKGckgp3SNTaL9odR0ObQz84O0aK98XTBS86QiXhxWoFmg6Ua0wSeK4dnaugP-TU4TUQ2qXMpJ6I,53,1,0,Everything you need to,squarespace.com,https://www.squarespace.com/go/create-a-website?channel=ps&subchannel=pinterest&campaign=%7Bcampaignid%7D&subcampaign=%7Badgroupid%7D&source=%7Badid%7D&utm_medium=ps&utm_source=pinterest&utm_content=,https://i.pinimg.com/originals/e8/ce/3d/e8ce3d55cae978b1fac8180ccdcba026.jpg,1080,1920,1,2026-09-25
2026-10-05,renda extra em casa,824229169352009641,54,5,0,Trabalhe em casa com 9 ideias de renda extra para mulheres,,,https://i.pinimg.com/originals/1d/93/51/1d93510743d8ad86cce741d76a75b308.png,1080,1920,0,2026-09-13
2026-10-05,renda extra em casa,ARu93Filf-e9yxILKAbJNpnWyomGjLimU5zy-bhkt7yA3AiyS2gShbm6TG2oVUQVIIBRWj5Sq5Cdbpnj6COb8KE,55,9,0,1 lb. Burgundy Crinkle,homedepot.com,https://www.homedepot.com/p/N-A-1-lb-Burgundy-Crinkle-Cut-Paper-Shred-Filler-for-Gift-Wrapping-Party-Decor-Eco-Friendly-Recyclable-Material-PH00522C270/336621695?cm_mmc=psoc-pinprg-%7Bcampaignid%7D-%7Badgroupid%7D,https://i.pinimg.com/originals/62/dd/f2/62ddf25a0c668aa04b03e351afa9a728.jpg,1000,1000,0,2025-07-19
2026-10-05,renda extra em casa,23855073023525649,56,644,0,💸 7 Sites para fazer RENDA EXTRA e GANHAR DINHEIRO em DÓLAR,lucrandocomigo.com.br,https://lucrandocomigo.com.br/7-sites-para-ganhar-dinheiro-em-dolar/,https://i.pinimg.com/originals/f1/95/d0/f195d02638c5ac13c04e845fd58f6877.jpg,600,1200,0,2026-09-07
2026-10-05,renda extra em casa,240450067604377956,57,17,0,Como fazer renda extra trabalhando de casa para Mulheres com essas 5 Dicas,docs.google.com,https://docs.google.com/document/d/e/2PACX-1vQWrmVdhCIwNVWREihZ_3Bpa16gnhlB7HMNjvtn0yYWhVhYa68ORi6nnmorz8y6nBHaCqgYHRGjmO6B/pub,https://i.pinimg.com/originals/d1/a7/43/d1a7438bc22983f36a981e2ce881db53.jpg,736,1104,0,2026-09-22
2026-10-05,renda extra em casa,28358672652311446,58,872,0,TRABALHE NO CONFORTO DE CASA,youtu.be,https://youtu.be/gtsl7wiUapM,https://i.pinimg.com/originals/e5/fe/2f/e5fe2f29ebf80ed438401e832c518cec.jpg,213,320,0,2025-07-28
2026-10-05,renda extra em casa,AeUAzXQXN8nWd9PrDxRL5Y_1n6aqZGADRvPE1JF6dYgjHmanzcZUm_wFzci6szdkTBqnWH1_vGOSK2rkFhbm8xI,59,9,0,6 Dumb Ways To Make Money,financebuzz.com,https://financebuzz.com/supplement-income-yaez?&utm_source=pinterest&utm_medium=paid-social&utm_campaign=%7Bcampaign_name%7D-%7Badgroupname%7D&adgroupid=%7Badgroupid%7D&adid=%7Badid%7D,https://i.pinimg.com/originals/8c/e5/74/8ce57407d744d5d612c8e4aba3e45be6.jpg,800,800,0,2026-07-06
2026-10-05,renda extra em casa,304626362319166310,60,49,0,10 formas de ganhar dinheiro extra,,,https://i.pinimg.com/originals/8d/f0/47/8df047c8ab98830bc8c2a8b733ebc322.png,1024,1536,0,2026-09-30
2026-10-05,renda extra em casa,ARxCLSGJ6awCcdHDuhRFyeifUtRQxHmAHagvHpkfoUKxqVitzshM6G5Tez6ninmKfiih_e1XllrnrKunNxjJYUM,61,0,0,Multi-Functional,maoters.com,https://www.maoters.com/product/multi-functional-glossy-display-cabinet?variant=MTZ69735,https://i.pinimg.com/originals/69/64/95/696495c49550ab9460d1a55ca46a219f.jpg,1248,1824,0,2026-08-07
2026-10-05,renda extra em casa,1098456165387753252,62,4,0,Ninguém te conta isto sobre ganhar dinheiro online,,,https://i.pinimg.com/originals/ba/06/9b/ba069b748e285be157316bbabeb38371.jpg,1080,1920,0,2026-04-29
2026-10-05,renda extra em casa,ARE3g1t24_dkOdtHHQpwV6AZmvq0ZW9uzW_I3gyEu068mA-ooIo68hygt8bhdjYAnQUk97Rf5MzsQKk_gIr0d5E,63,0,0,Jetwing Oatlands Bungalow,hotels.com,https://www.hotels.com/Hotel-Search?destination=Nuwara+Eliya&selected=17364859&startDate=2026-11-04&endDate=2026-11-05&catalogRunId=42624,https://i.pinimg.com/originals/73/dd/09/73dd09e2826ef35c9aa3b69488b628ca.jpg,1000,1500,0,2026-09-15
2026-10-05,renda extra em casa,AaLDbGuVdk7TC52uPpeEFH4M6Ll2wpRVE-C6UvRyOu8d9w7CU3-WW5PmcCkW5l8EisfkHNC8eFIH0OKKv4cZ3O4,64,39,0,Your AI Creative Studio,app.tapnow.ai,https://app.tapnow.ai/home,https://i.pinimg.com/originals/2d/d3/0e/2dd30e6a5dd56efc0efd80f2e64497a9.png,1000,1500,0,2026-08-18
2026-10-05,renda extra em casa,1102467183808842178,65,2,0,12 Ideias de renda extra para mulheres que querem começar um negócio lucrativo do zero,,,https://i.pinimg.com/originals/84/89/f1/8489f143e48723fee0a47a00c1734582.png,1080,1920,0,2026-07-16
2026-10-05,renda extra em casa,Ab-XM3m9fVWIdyK8a90OxsMSIqgCD00Muc7e4j0WkivwRs967944Kiq9fB7LidM9LuAiIeXg6B-4VOc7XGTzglU,66,0,0,54.3'' W Black L-Shaped,wayfair.com,https://www.wayfair.com/17-Stories--54.3-W-LShaped-Computer-Desk-With-40-W-Little-Bookcase-X222968546-L32-K~W111857435.html,https://i.pinimg.com/originals/04/62/a5/0462a55b3460920cebac3befdee75690.jpg,400,400,0,2026-09-19
2026-10-05,renda extra em casa,640355640831816649,67,6,0,Conheça 50 formas de fazer renda extra em 2026 usando apenas o seu celular.,,,https://i.pinimg.com/originals/b9/9e/04/b99e04a4c57f95c69e50ca782746270c.png,1080,1920,0,2026-07-24
2026-10-05,renda extra em casa,1131318368925110317,68,1,0,Descubra Como Ganhar Dinheiro no Pinterest,,,https://i.pinimg.com/originals/6b/f4/5e/6bf45e3cdafa69aa70f677cd9aed8c18.png,848,1264,0,2026-08-05
2026-10-05,renda extra em casa,AZKCrmdZik-kTeZJLk2hVhF10U1eVJApW4YAlgtGjuhmaZteJs4x577vYMwQKRB--rb9q2RsXgj2uEV_JA0mRu8,69,13,0,Students save 70%.,adobe.com,https://www.adobe.com/education/students/creativecloud.html?sdid=VG52K6RS&mv=social&mv2=paidsoc,https://i.pinimg.com/originals/e0/7b/55/e07b55f8eda7793b9b7e1192f38a000f.jpg,2160,3840,1,2026-08-28
2026-10-05,renda extra em casa,AcGkBF2PrIXRhw3NcDlJg1iE59PH3_XwhPnakmwDmbXhvFE-xKW05rZv2erKsBxzGJqZMD3NlDh86GSr-xO_u2s,70,95,0,Consistent Pinterest,skool.com,https://www.skool.com/pinterest/about?ref=9cd060c825714532be8d3b5dffeda3a4,https://i.pinimg.com/originals/82/72/75/827275cd9cef470724be7dd2e961bc50.png,1024,1536,0,2026-07-02
2026-10-05,renda extra em casa,981151468830450219,71,1,0,Renda extra online sem aparecer – método simples para iniciantes,,,https://i.pinimg.com/originals/2d/ac/f1/2dacf197aa32507e4ea34339ff3521a3.png,1000,1500,0,2026-01-01
2026-10-05,renda extra em casa,371617406776607895,72,23,0,40 Formas reais de Ganhar Dinheiro em casa para você começar seu Negócio Digital do Zero,rendaextrainfinitas.com.br,https://www.rendaextrainfinitas.com.br/2026/03/40-ideias-de-renda-extra-para-mulheres.html,https://i.pinimg.com/originals/d5/73/45/d573457fb1e136cba139cb6292db2268.png,1080,1920,0,2026-05-07
2026-10-05,renda extra em casa,AdkjqYVi7e0t1gwgvvp9JQNBftHIWUO5clOeXXbvR2HDNhOmvz21Gn_sCOpmumcDl06WuNS9Inogdx-kLUMymic,73,0,0,Kyla Extra Long Linen,twopagescurtains.com,https://twopagescurtains.com/products/kyla-linen-extra-long-pleated-curtains?variant=52011744592183,https://i.pinimg.com/originals/00/79/0d/00790d1e6b7a5febba70cddacd653b78.jpg,858,1288,0,2026-04-25
2026-10-05,renda extra em casa,AeC7NJlKR_Rodbzri0eyCFxp-aq4rzqfxYjjfogdaesSH6ElXhDcU1SfZUO02umK-21OnDw2wM4v50QOAhKxdp4,74,9,0,30-Day Business Growth,digitalpriestess.co.uk,https://www.digitalpriestess.co.uk/search-sell-self-challenge,https://i.pinimg.com/originals/af/53/df/af53dfa02a40cfa099a91f97292be632.png,1024,1536,0,2026-09-22
2026-10-05,renda extra em casa,AcBchVOT3QB8YMZTrN3SGGRIBioOL925NXZO8LvoVixU4w9UarlTmrjd4m_23A-qAXTBly90tEYlaRXBw3aImIo,75,0,0,riad el barodienne,expedia.com,https://www.expedia.com/Hotel-Search?destination=Marrakech&selected=134311292&startDate=2026-09-27&endDate=2026-09-28,https://i.pinimg.com/originals/c0/66/3c/c0663c405df3ef9859d4157414cbc240.jpg,1000,1501,0,2026-09-19
2026-10-05,planejamento semanal,669347563418293058,1,1,0,Planner Semanal: Caderno de anotações,meli.la,https://meli.la/1EvJCnc,https://i.pinimg.com/originals/c2/0c/66/c20c664c6b352b66da500c9a0e0409de.png,704,1140,0,2026-09-24
2026-10-05,planejamento semanal,Af5hhZkWDrkOBLA2gsQ496yJuzMXVcI8sXNEwugtpQXfw5VsMnEgDs6qexI88kjP0ot4NvwSqOoTA9nB-YxWd6Q,2,1,0,"Show up sharper, faster",adobe.com,https://www.adobe.com/acrobat/free-trial-download.html?sdid=DHWC126C&mv=social&mv2=paidsoc,https://i.pinimg.com/originals/b7/d8/6d/b7d86d8de9a615c9c5c8e27c68b85d11.png,1080,1920,0,2026-09-28
2026-10-05,planejamento semanal,6403624466410756,3,1660,0,Que a sua semana seja tão linda quanto esse Planner preenchidinho 😍 Aproveita o fim do domingo e vai planejar sua semana 😉,instagram.com,https://www.instagram.com/p/DNMRf9iRMTz/,https://i.pinimg.com/originals/50/f0/fc/50f0fc0b02c8934bc62e32c22fc434da.jpg,1440,1920,0,2026-02-17
2026-10-05,planejamento semanal,20477373300473078,4,1164,0,Planejamento semanal,,,https://i.pinimg.com/originals/63/a3/2a/63a32af115274cbd9ab52730f3cff48d.jpg,1414,2000,0,2025-07-09
2026-10-05,planejamento semanal,AZK2tWgr0fodaLO10ahUhrKjsUGzDGQ1C_-0_I3lgt0KXbIBwMH5isImdlLtK9HRB-1JNwYHEmXlfXEHX7q0lxA,5,1,0,Where Work Hours Meet,ad.doubleclick.net,https://ad.doubleclick.net/ddm/trackclk/N4406.781595.PINTEREST.COM/B34794287.446417756;dc_trk_aid=640009200;dc_trk_cid=255798327;dc_lat=;dc_rdid=;tag_for_child_directed_treatment=;tfua=;ltd=;dc_tdv=1,https://i.pinimg.com/originals/bf/c2/fd/bfc2fd3f3cc29ad630a6b82dc247c8e7.jpg,1000,1500,0,2026-09-30
2026-10-05,planejamento semanal,876020565039170805,6,2,0,"✨ Organize sua Semana, Transforme seus Dias",,,https://i.pinimg.com/originals/41/4d/87/414d879f2c46dd297dc4e1563a21f3a5.png,1080,1596,0,2026-09-21
2026-10-05,planejamento semanal,25262447905613229,7,482,0,PLANNER SEMANAL,,,https://i.pinimg.com/originals/d3/09/cd/d309cd25025a41a8ce7a85229e839f9f.png,1536,1024,0,2026-06-26
2026-10-05,planejamento semanal,AX9xVHKNFUavuuMllk4C5Af6cCdoqBg-fCkjJsrKCp3Gf8e-EXv7QyowBp4ORji-kiEAVRezOQzzqD-S3Oje56c,8,1,0,Everything you need to,squarespace.com,https://www.squarespace.com/go/create-a-website?channel=ps&subchannel=pinterest&campaign=%7Bcampaignid%7D&subcampaign=%7Badgroupid%7D&source=%7Badid%7D&utm_medium=ps&utm_source=pinterest&utm_content=,https://i.pinimg.com/originals/e8/ce/3d/e8ce3d55cae978b1fac8180ccdcba026.jpg,1080,1920,1,2026-09-25
2026-10-05,planejamento semanal,8725793026327257,9,551,0,Aesthetic Weekly Planner & Organization Ideas✨❣️,,,https://i.pinimg.com/originals/9a/de/c0/9adec0da90884ce2ff2b1372c2de6f60.jpg,1122,1402,0,2026-09-22
2026-10-05,planejamento semanal,28217935162404935,10,676,0,Plenjamento Semanal,,,https://i.pinimg.com/originals/4b/e5/0a/4be50a9e55d9f5da8bd812a65a7f79ea.jpg,1217,1703,0,2026-07-07
2026-10-05,planejamento semanal,261631059597668313,11,157,0,Planejamento Semanal 💌,,,https://i.pinimg.com/originals/c2/f2/eb/c2f2eb4f936c3390fbfc59479b21ec79.jpg,3000,4000,0,2026-01-08
2026-10-05,planejamento semanal,AeI-hIXq5_obcPtck1g277wDkGBxTw6C5JhzuTcUEBEz3YlDWRSlRP273ROUCglu_WUC_twIemUiqS9T7Gl7Tlg,12,1,0,Avery Budgeting Planner,avery.com,https://www.avery.com/products/labels/6788,https://i.pinimg.com/originals/77/2c/fa/772cfab4f0c2f8ee86be7677a5621707.jpg,1424,1424,0,2026-08-05
2026-10-05,planejamento semanal,ATpz61e7-8JXPF6A-o3YUlboWuPvDCrTcOYbHXvF7DTr9dSWGc5gIoGne0TpITwHWkcMRzFv_V_Qq7KsjKnBaTo,13,164,0,The Best Planner,laureldenise.com,https://laureldenise.com/,https://i.pinimg.com/originals/4f/f3/dc/4ff3dcf5cae89164c955ab81426d261e.jpg,1081,1921,0,2025-05-08
2026-10-05,planejamento semanal,AZ7SBe7byayOYcUBciFymgovPFwEFfhvUhSzsd7W-V_cc6P5hy2Uou06d05jSMkSljLskAySellzdWBf5zNYt9s,14,160,0,Planner Spread Ideas,clothpaper.co,https://clothpaper.co/2026TaskNotebookA5Spiral,https://i.pinimg.com/originals/72/0b/0e/720b0ec34314d8f9e30c29d978156337.png,1080,1350,0,2026-01-29
2026-10-05,planejamento semanal,AVT3xZAKyzN3bDORnTyYBsBgkZ5R9AEWECrjylOjG-u1Xnif1FgjEyGl-VBMzBiSEIAAVNH02vL7zN_23nS5170,15,1,0,2027 Planners 15% Off +,commit30.com,https://commit30.com/products/2027-weekly-goal-planner,https://i.pinimg.com/originals/85/01/99/85019953ea31fe8760ce2d36f4918a8e.png,1000,1500,0,2026-09-16
2026-10-05,planejamento semanal,1133077587531298084,16,17,0,🎯 PLANNER DE OBJETIVOS PESSOAIS ✨,,,https://i.pinimg.com/originals/80/46/c6/8046c6b0278a1c3694127231d6da422c.jpg,1080,1920,0,2026-09-21
2026-10-05,planejamento semanal,211174975815952,17,3416,0,Planner semanal para imprimir [Modelo 2022] - Artesanato Passo a Passo!,artesanatopassoapassoja.com.br,https://www.artesanatopassoapassoja.com.br/planner-semanal-para-imprimir/,https://i.pinimg.com/originals/20/c1/b3/20c1b3611e31582937fc839aceda9867.png,770,1089,0,2023-05-03
2026-10-05,planejamento semanal,AQuJ4L5fQCZC36SMcQ8IPtd4Ti5fKW0nwrHjvkfF8vuKohX5QPW0kGzZyxbTgn3RJmD06ZDU6-6ggMqubGcZDjs,18,2,0,Ultimate Weekly Cleaning,etsy.com,https://www.etsy.com/listing/4580178964/home-cleaning-schedule-routine-tracker?ref=listings_manager_grid,https://i.pinimg.com/originals/1f/99/2b/1f992b14d8d0d4a860d5280874094250.jpg,768,1376,0,2026-09-26
2026-10-05,planejamento semanal,Aaf8CjztEPwWh2DrGqexFmAK7RhngUSgwo5rrfLWbhlfCPUTDZrXGsyG1oUyqv16CZypex-NpsGA6pIwBXZwlEQ,19,2,0,The Money Planner for,everythingyouneverneeded.com,https://everythingyouneverneeded.com/products/the-money-planner,https://i.pinimg.com/originals/9f/39/b7/9f39b7ca016bd8a0544f2a85c034c255.png,1000,1500,0,2026-09-21
2026-10-05,planejamento semanal,154389093483524411,20,68,0,Planner semanal atemporal,,,https://i.pinimg.com/originals/14/f4/7c/14f47c3e25bc3722c4ef614a702aa0d0.jpg,1080,1920,0,2025-08-24
2026-10-05,planejamento semanal,AfyvlMfKJrvbRbOtByLeDjAGAi4H5ynP2XjU80qygc80_MdQe01IcBcp6a_NTO-uBp89ExTsVVCvGk1PL8h7yxg,21,2,0,Sheffield Home Set of 2,kohls.com,https://www.kohls.com/product/prd-7663055/sheffield-home-set-of-2-family-planner-dry-erase-boards-with-chore-chart-meal-planner.jsp?skuid=76463963&ci_mcc=ci&utm_campaign=EC%20TEAM%20APPAREL&utm_medium=CSE&utm_source=pinterest&utm_product=93668431&CID=shopping29,https://i.pinimg.com/originals/00/d4/04/00d404ad9c24df0bfc5a73ac7f8f84ce.jpg,800,800,0,2026-09-01
2026-10-05,planejamento semanal,AU1wsen8AixPV1FkMYrFa8N0gStng8teiuH4v1Pkkjz7E6SU_-wkGBotDglffw6pt9q40jBMD3PurRY0JtwJXac,22,0,0,1pc Weekly Planner,us.shein.com,https://us.shein.com/ark/default?scene=1&test=5051&ad_type=DPA&goods_id=59353706&pf=PINTEREST&url_from=PINADSDPA&ismg=f54e29cbf9817cd5927be93d78da6662bfbb1ded0f2779276630be244b83fa9d_01_1791128131,https://i.pinimg.com/originals/d7/7e/24/d77e2487621f557bfecc4996afb17ed2.jpg,1340,1785,0,2026-07-10
2026-10-05,planejamento semanal,39617671719906695,23,279,0,"Printable Planner Pages, Weekly planner ✅",payhip.com,https://payhip.com/FionaPerks/blog/news/aesthetic-digital-weekly-planners/?1987-6a14a074d0aa0,https://i.pinimg.com/originals/f7/d3/fc/f7d3fc9b174b1e3dde7b652575ff815c.png,1024,1536,0,2026-08-14
2026-10-05,planejamento semanal,AU-gSVL_Ft9VkO94tnk9f0jKkA3KmEOkcKP07r0fQxJTssNRs2q9XunVggRODkCNyR5kaMbLCC5M2fUzv49xFPM,24,0,0,20% off until Oct 25,canva.com,https://www.canva.com/print/marketing-materials/?utm_campaign=retail2026,https://i.pinimg.com/originals/bd/12/d0/bd12d080a4a8b97cd1e1741f0866ec07.jpg,1080,1920,1,2026-09-28
2026-10-05,planejamento semanal,AVX2tw2mn2vi8feWobDLG_54i0GBo7z9IayC4wSzBr2AHSPncF0nv9oC5SxXbKotcHY4ztoURujK1_WUyZs8IUc,25,0,0,Papier Weekly Meal,containerstore.com,https://www.containerstore.com/s/office/notebooks-planners-calendars/weekly-meal-planner/12d?productId=11033689&country=US&currency=USD&cid=sm%7Cpinterest%7C%7Cshopping,https://i.pinimg.com/originals/80/44/39/8044397e8a8872c1bd8bb1947bccc0cc.jpg,1012,1518,0,2026-08-06
2026-10-05,planejamento semanal,1477812373184661,26,13246,0,cronograma semanal com horário - Cronograma,passeidireto.com,https://www.passeidireto.com/arquivo/103899440?utm_medium=mobile&utm_campaign=ios,https://i.pinimg.com/originals/79/74/1d/79741dea02876b28fcab2a4af86acea2.jpg,1414,1000,0,2024-09-03
2026-10-05,planejamento semanal,1146658755154167969,27,1,0,PLANLY | Planejamento semanal para estudos,largest-operator-562725.framer.app,https://largest-operator-562725.framer.app/,https://i.pinimg.com/originals/bc/09/d1/bc09d1cb6ef1f37d57c29da2ef30839f.png,768,1365,0,2026-08-13
2026-10-05,planejamento semanal,2462974792895025,28,2985,0,planejamento semanal,,,https://i.pinimg.com/originals/13/d7/cd/13d7cd3d5da88154e8edb9a19b69fea3.jpg,902,1280,0,2025-09-30
2026-10-05,planejamento semanal,422281212355912,29,4476,0,google agenda 🎀,,,https://i.pinimg.com/originals/1f/de/89/1fde896e0df090175aa94f1d931d5249.heic,3024,4032,0,2025-12-31
2026-10-05,planejamento semanal,1139129299549356097,30,1,0,,,,https://i.pinimg.com/originals/6a/d8/d7/6ad8d7a3173211c417e577a5ecaab698.jpg,1080,1920,0,2026-09-22
2026-10-05,planejamento semanal,1112178070513396280,31,1,0,"Como organizar minha semana quando tudo parece ""URGENTE""",blogella20.blogspot.com,https://blogella20.blogspot.com/2026/09/como-organizar-minha-semana-quando-tudo.html,https://i.pinimg.com/originals/46/e2/87/46e287095e89e1e5bd70fd6d01adc3ac.png,1024,1536,0,2026-09-24
2026-10-05,planejamento semanal,10977592838029922,32,113,0,,,,https://i.pinimg.com/originals/1c/cb/cd/1ccbcdd18e832225e09d965cc6db5974.jpg,1080,1920,0,2026-09-12
2026-10-05,planejamento semanal,6262886978542988,33,1376,0,,,,https://i.pinimg.com/originals/39/38/37/39383781ea8892dbd2420b9010bb71ff.jpg,675,1200,0,2026-09-02
2026-10-05,planejamento semanal,20266267069673269,34,293,0,"Segunda-feira boa é aquela que traz clareza para a sua vida real: tarefas e compromissos organizados, uma dose de autocuidado, bons hábitos, tempo de qualidade com quem importa e um espacinho para imp",instagram.com,https://www.instagram.com/p/DavxxGEjRjP/,https://i.pinimg.com/originals/d8/bf/33/d8bf337767101467d609402f8778ba32.jpg,1536,2048,0,2026-08-05
2026-10-05,planejamento semanal,301178293852981503,35,2,0,,,,https://i.pinimg.com/originals/d6/1c/24/d61c24c0ea69e5b36df0d1722c3eea94.jpg,736,1104,0,2026-08-04
2026-10-05,planejamento semanal,583919907983767801,36,4,0,Organize compromissos em uma única visão | Planner Semanal,go.hotmart.com,https://go.hotmart.com/J106084961Y,https://i.pinimg.com/originals/58/1d/fe/581dfebbb44f546fe868416d263a5e46.png,1024,1536,0,2026-09-01
2026-10-05,planejamento semanal,129900770500962657,37,182,0,Planejamento Semanal para Imprimir A4 Retrato - Sua Semana na Vertical!,000dlx.com.br,https://www.000dlx.com.br/planejamento-semanal-para-imprimir-em-a4.php,https://i.pinimg.com/originals/7f/81/ab/7f81abfd87b49b22cae5e64b3612ab5d.jpg,795,1124,0,2026-07-09
2026-10-05,planejamento semanal,5348093304258978,38,630,0,,,,https://i.pinimg.com/originals/8a/5a/9b/8a5a9b2b21376cd41351e0e61269969c.jpg,736,1040,0,2025-12-26
2026-10-05,planejamento semanal,15621929952167189,39,355,0,Agenda da semana,,,https://i.pinimg.com/originals/41/7d/72/417d724526cfd47892833802035004ee.png,1000,1500,0,2025-10-17
2026-10-05,planejamento semanal,AdRkBqd2kRbOc_gRT7miTJgjRDBMHT-oC5ZyPziIRpgY5TOVAjHrTRfriN0dxv6uk0PDLahNtJ9SWlCilBzzqGo,40,0,0,We know homes. Hire the,thumbtack.com,http://www.thumbtack.com/,https://i.pinimg.com/originals/13/00/6b/13006bf26b60d25ca3770a5ec375a45c.jpg,1080,1920,1,2025-09-13
2026-10-05,planejamento semanal,118078821477089691,41,16,0,,,,https://i.pinimg.com/originals/0b/e4/10/0be4107c7c3325ac887bcd90e715964d.jpg,675,1200,0,2026-09-28
2026-10-05,planejamento semanal,28640147626270646,42,366,0,Planner semanal,,,https://i.pinimg.com/originals/d7/4f/46/d74f46617f675997ca06406d75d79d3b.png,1086,1448,0,2026-09-24
2026-10-05,planejamento semanal,13721973862266368,43,82,0,,,,https://i.pinimg.com/originals/d1/17/7e/d1177e26a9a448c44b1e1c8d2226c3b8.jpg,1200,1699,0,2026-08-10
2026-10-05,planejamento semanal,12103492744166236,44,1458,0,Planejamento semanal,,,https://i.pinimg.com/originals/5c/e1/71/5ce171f58314db2736547403038a937f.jpg,1080,1920,0,2026-05-23
2026-10-05,planejamento semanal,62557882320117111,45,149,0,"Domingo bom é aquele que traz clareza para a sua vida real: tarefas e compromissos da semana organizados, uma dose de autocuidado, bons hábitos, tempo de qualidade com quem importa e um espacinho para",instagram.com,https://www.instagram.com/p/Db0tfxojB_n/,https://i.pinimg.com/originals/96/3d/72/963d728aa9c7223cd190fdb9b9b178cd.jpg,1536,2048,0,2026-08-29
2026-10-05,planejamento semanal,82964818137762011,46,305,0,,,,https://i.pinimg.com/originals/89/4f/7a/894f7a55a8111608431f05844479ebeb.png,2000,1415,0,2026-03-20
2026-10-05,planejamento semanal,1130896156506962556,47,1,0,Como organizo minha rotina para uma semana produtiva e leve! 🎯,,,https://i.pinimg.com/originals/9e/6b/0e/9e6b0ec8baf34000a3880b1ada018649.jpg,1920,3412,0,2026-07-13
2026-10-05,planejamento semanal,31173422419489861,48,48,0,🌸 Planejador Semanal Fofo e Estético para Imprimir,,,https://i.pinimg.com/originals/46/b7/7d/46b77d9c57f6c00ac81c8ecff66faea0.jpg,1000,1500,0,2026-09-24
2026-10-05,planejamento semanal,849702654740302942,49,1,0,Checklist de Planejamento Semanal para uma Rotina Mais Organizada,,,https://i.pinimg.com/originals/05/27/82/0527826ccc10dfba5e2acef91b8af861.png,1024,1536,0,2026-09-09
2026-10-05,planejamento semanal,22236591906518175,50,208,0,Planner 2023 para Imprimir: Modelos Semanais e Mensais em PDF,atividadesprofessores.com.br,https://atividadesprofessores.com.br/planner2023paraimprimir/amp/,https://i.pinimg.com/originals/b8/62/1a/b8621a8dbc499fbe42923023ed81637e.png,1500,2067,0,2024-09-08
2026-10-05,planejamento semanal,AcX-sWF671-D0TugvIGBZmo67_l5GwV0ct032W_eRbruikHvVynPkEfuOlvpd-OwlY961A_BThiaeSUbLBR44_Q,51,0,0,House of Doolittle™,michaels.com,https://www.michaels.com/product/house-of-doolittle-teachers-planner-blue-2-ct-D709881S?cm_mmc=PaidSocial-_-Pinterest-_-Oct-_-Traffic_teachersuppliesProduct_Link&utm_campaign=Oct&utm_medium=PaidSocial&utm_source=Pinterest&utm_content=Traffic_teachersupplies_Product_Photo,https://i.pinimg.com/originals/3b/86/f8/3b86f888f8f7599fad399cb5b480287c.jpg,1600,1600,0,2026-01-29
2026-10-05,planejamento semanal,20477373300530732,52,1065,0,Planner Semanal ROSA Grátis para baixar e imprimir,suburbanodigital.blogspot.com,https://suburbanodigital.blogspot.com/2024/12/planner-semanal-rosa-gratis-para-baixar-e-imprimir.html,https://i.pinimg.com/originals/e0/7d/75/e07d75c35541979a9c6d6df145069da6.png,1414,2000,0,2025-07-27
2026-10-05,planejamento semanal,810788739191064406,53,107,0,bloco para planejamento semanal,3oitavos.com,https://www.3oitavos.com/produtos/bloco-semanal-3-0-home-office/,https://i.pinimg.com/originals/73/da/24/73da245a017cbad3a63161949178cfc1.png,375,500,0,2023-10-25
2026-10-05,planejamento semanal,95420085853216062,54,101,0,"Planner Diário, Semanal, Mensal 2025 2026 para se organizar",s.shopee.com.br,https://s.shopee.com.br/50RcvwbOUJ?channel_type=pinterest,https://i.pinimg.com/originals/fe/e2/e6/fee2e620a0b617c75f36b363116f4bbf.jpg,735,1040,0,2026-03-07
2026-10-05,planejamento semanal,56858014038110002,55,176,0,Planner semanal,,,https://i.pinimg.com/originals/1e/83/c3/1e83c3ec353155d75436a672634d18e2.jpg,736,1104,0,2023-12-29
2026-10-05,planejamento semanal,585468020352099668,56,3,0,Planner Caderno Agenda Bloco,meli.la,https://meli.la/1qou1Bs,https://i.pinimg.com/originals/e6/a0/8e/e6a08e1b093e8138e832a2ad4fca3eb4.png,941,1672,0,2026-06-21
2026-10-05,planejamento semanal,15903404930230706,57,545,0,Planner semanal,,,https://i.pinimg.com/originals/2f/bc/e7/2fbce7afc7a3c5ec92f8414b8f064def.jpg,1413,1999,0,2025-09-10
2026-10-05,planejamento semanal,932948879071319437,58,1,0,Planner Semanal 2026 que Vai Organizar Suas Metas e Rotina Sem Estresse,shopee.com.br,https://shopee.com.br/product/653991379/22898942065/?channel_type=pinterest,https://i.pinimg.com/originals/a5/43/5f/a5435f8c53451dd2c3f2a5bf76033f34.jpg,1536,2048,0,2025-09-27
2026-10-05,planejamento semanal,81064862037363333,59,199,0,,,,https://i.pinimg.com/originals/f4/3c/fd/f43cfd7b52fed7f398fea937d9a7f7a9.png,1414,2000,0,2026-05-14
2026-10-05,planejamento semanal,4594445810682851200,61,0,0,Lousa Quadro Aviso Planejamento Semanal 90x60 3 Canetas,mercadolivre.com.br,https://www.mercadolivre.com.br/home/recommendations/pom?forceInApp=true&item_id=MLB2801146177&category_id=MLB270519&user_product_id=MLBU759485470,https://i.pinimg.com/originals/f2/80/49/f2804978e836e200adf032384b4fd802.jpg,877,877,0,2026-09-25
2026-10-05,planejamento semanal,8585055536718775,62,1251,0,Planner semanal,,,https://i.pinimg.com/originals/6d/dd/6f/6ddd6f97691785eb00f944ce029f0d12.jpg,1200,1680,0,2026-05-20
2026-10-05,planejamento semanal,14918242509638341,63,2116,0,Planejamento Semanal Gratuito,,,https://i.pinimg.com/originals/45/de/c6/45dec69f67665858d93586b9cde30322.jpg,1414,2000,0,2023-12-08
2026-10-05,planejamento semanal,140806234642770,64,1652,0,PLANNER 2026 grátis para baixar e imprimir - em pdf,apenasdetalhes.com,https://apenasdetalhes.com/planner-2026-pdf-gratis-para-baixar-imprimir/,https://i.pinimg.com/originals/0c/c0/1f/0cc01f8b947364224da184cfd0a68f6e.jpg,1000,2000,0,2025-11-30
2026-10-05,planejamento semanal,288371182415731709,65,153,0,Planner Semanal,,,https://i.pinimg.com/originals/01/b5/6f/01b56f85cac2fc3e05ffbce3ab6890e4.png,1414,2000,0,2026-08-24
2026-10-05,planejamento semanal,4600145638188328832,66,1,0,Quadro Planejamento Semanal / Planner Mensal / Planejador Branco,mercadolivre.com.br,https://www.mercadolivre.com.br/home/recommendations/pom?forceInApp=true&item_id=MLB3989886949&category_id=MLB270519&user_product_id=MLBU3711264120,https://i.pinimg.com/originals/61/af/98/61af98bab4d1cff1cdfb0b0fa4a2fc49.jpg,531,531,0,2026-09-09
2026-10-05,planejamento semanal,506866133069641420,67,114,0,6 modelos de planner semanal grátis para imprimir,quasemineira.com.br,https://quasemineira.com.br/planner-semanal-gratis-para-imprimir/,https://i.pinimg.com/originals/ba/aa/6f/baaa6f4ee73fcf125ac56d9779a96e35.png,1000,1500,0,2021-03-29
2026-10-05,planejamento semanal,76490893661921269,68,2171,0,Planejamento Semanal,,,https://i.pinimg.com/originals/10/84/fb/1084fbc447b521ab40ec32adf9dfeaa6.png,1748,2480,0,2022-01-07
2026-10-05,planejamento semanal,369013763242635038,69,7,0,Weekly planner 🍂,,,https://i.pinimg.com/originals/1e/0d/d2/1e0dd2ee73448dbcd7d3d38149478710.png,1086,1448,0,2026-09-26
2026-10-05,planejamento semanal,142356038220499995,70,14,0,Weekly Planner Printable | Minimalist & Simple,,,https://i.pinimg.com/originals/84/f3/fd/84f3fde32c2ec335dd7da08d8ead2d38.png,1024,1536,0,2026-09-28
2026-10-05,planejamento semanal,947304102887247049,71,1,0,Planner Semanal Grátis para Organização e Controle Financeiro,linktr.ee,https://linktr.ee/Planejeenriqueca?utm_source=linktree_profile_share&ltsid=a2c25027-7f16-457c-9a4d-e6e2a6c29a04,https://i.pinimg.com/originals/9b/9a/0d/9b9a0dddea692666c755723847eb61cb.jpg,813,1236,0,2026-03-26
2026-10-05,planejamento semanal,52143308181872473,72,76,0,Cute Weekly Planner Printable ♡ Aesthetic Weekly Planner,,,https://i.pinimg.com/originals/35/f2/cd/35f2cd4abe96c0885cfd5a0d61879642.png,1024,1536,0,2026-09-27
2026-10-05,planejamento semanal,708965166339808925,73,242,0,Começando o dia com planejamento semanal,,,https://i.pinimg.com/originals/a1/91/be/a191be804c6bdec23557cff9a7e0e4a4.jpg,750,1000,0,2021-02-23
