data,palavra,pin_id,posicao,saves,comentarios,titulo,dominio,link,imagem,largura,altura,video,criado_em
2026-09-05,look feminino verao,AYHM4BZ3lDlkFvnesG551FGs4feItj2vETyuxdK2-UPZeAOx7W9J7Y2npcN8W9lfcyRdnznfqMlLtj9w8BM6weQ,1,858,0,Amazon Vacation Pieces,amzlink.to,https://amzlink.to/az0pLC35b6FjT,https://i.pinimg.com/originals/33/da/2a/33da2a48e16a2100791617b8977b52d8.jpg,3125,4688,0,2026-02-06
2026-09-05,look feminino verao,563018699946328,2,4927,0,Old Money Summer Outfit Ideas for Women 2026 | Chic White Linen Outfit Inspiration | Elegant Minimal,,,https://i.pinimg.com/originals/d0/df/c9/d0dfc9d61057be105a8eefb3e499d3fa.png,1024,1536,0,2026-08-15
2026-09-05,look feminino verao,AYgDgDQWezoy4IsxG8yYMeekXY9PLXZFvxgc_HrSS6RWoRUHPaRyMrse3b9ol1BAF05LFWqSNhPX7AXYFo_F72M,3,207,0,Amazon Vacation Outfit,amzlink.to,https://amzlink.to/az0o5MsP3zKuV,https://i.pinimg.com/originals/d8/8a/96/d88a9671a3017d18787c73ab3de51be8.png,1000,1500,0,2026-05-22
2026-09-05,look feminino verao,1129136937857624838,4,2,0,Look de Verão Elegante e Chic ☀️🤍,s.shopee.com.br,https://s.shopee.com.br/AUtIAHfpPD?channel_type=pinterest,https://i.pinimg.com/originals/cc/b3/1e/ccb31e894c2af1f7ad1d7830cc87d487.png,1024,1536,0,2026-08-17
2026-09-05,look feminino verao,AZEHPbf3bX97eCMv1z-tgOBnspp_5LcTjjVxdv9s0qeJhLnpVqiDsCibwSODZdWQpFPfe_7EDGzkHtp9zGnin7s,5,437,0,Luxury-Inspired Amazon,amzlink.to,https://amzlink.to/az0KozhwDROKZ,https://i.pinimg.com/originals/ba/f7/13/baf7133b4344967c8b2af6a99c7ddda8.png,1000,1500,0,2026-05-14
2026-09-05,look feminino verao,AVdw9pqL78cvVs2DpigfIlEl7rooV0lnLiTVb06gApxH-qt0VMRd_6NJG-nlx-ysekHVRRvVV1LqGSlmRSDh0KY,6,198,0,Comfy Pool Side Outfit,amzn.markable.ai,https://amzn.markable.ai/GbyFgBmD,https://i.pinimg.com/originals/61/52/9e/61529e037d231f223e5dc8d2aad5dc01.png,1000,1500,0,2026-03-04
2026-09-05,look feminino verao,AcoARkbEGwWwIsp-4Uxfmabd5eCqpcO3uhRufaFTMT9hT4wpkDup737wtOHgBp2UWU2SXANJtP8m0xu77MQizw4,7,2,0,Temu | Spring Summer,temu.com,https://www.temu.com/ul/kuiper/un3.html?subj=dpa-un&_bg_fs=1&_p_jump_id=1082&_x_vst_scene=adg&goods_id=601105692653621&adg_ctx=a-55d8ed48~c-d2012bf3&_p_rfs=1&_x_ads_channel=pinterest&_x_ads_creative_id=%7Bproduct_partition_id%7D&_x_ads_id=%7Badgroupid%7D&_x_ads_set=%7Bcampaignid%7D&_x_ads_sub_channel=shopping&_x_ns_catalog_id=1567707391772&_x_ns_creative=%7Badid%7D&_x_ns_product_id=17620708728154&,https://i.pinimg.com/originals/69/e2/47/69e2476b57d0436d4936a327fb5023b3.jpg,2000,3000,0,2026-08-01
2026-09-05,look feminino verao,358951032825512686,8,82,0,Summer Outfit Ideas | Chic White Lace Top & Shorts Vacation Look,,,https://i.pinimg.com/originals/71/df/12/71df121162bccea05c5a4bec10df6a2e.png,1024,2048,0,2026-08-26
2026-09-05,look feminino verao,AarJcbYg84REyuSHvXfFDy8r3z6sNcFG4zLi284HHTtBgcU1Ttq0xHi-H4kNNXr1uqIATNERaLuEJhV7AH0nsLM,9,221,0,Amazon Vacay Vibes,urlgeni.us,https://urlgeni.us/amzn/PrS24g,https://i.pinimg.com/originals/b5/d9/5e/b5d95e5c167b74d029172eede5f1276a.png,1000,1500,0,2026-02-03
2026-09-05,look feminino verao,42713896465837453,10,588,0,Yellow Floral Summer Outfit Ideas | Chic Vacation & Café Style,,,https://i.pinimg.com/originals/48/8e/3c/488e3ccab622bf7f33fbd2986ef849bb.png,1024,1536,0,2026-08-25
2026-09-05,look feminino verao,Adw56z2datd2EuJE25nFA5OXz_4uIJ4ltwf2iNsGGMzKZNHYXsTcPNCQFqg1iYGaq4tzP2PytRUXm8N03h265Oo,11,10,0,Temu | /summer Elegant,temu.com,https://www.temu.com/ul/kuiper/un3.html?subj=dpa-un&_bg_fs=1&_p_jump_id=1082&_x_vst_scene=adg&goods_id=605652143468107&adg_ctx=a-160937b1~c-bdb9421d&_p_rfs=1&_x_ads_channel=pinterest&_x_ads_creative_id=%7Bproduct_partition_id%7D&_x_ads_id=%7Badgroupid%7D&_x_ads_set=%7Bcampaignid%7D&_x_ads_sub_channel=shopping&_x_ns_catalog_id=1567707391772&_x_ns_creative=%7Badid%7D&_x_ns_product_id=101878100718328,https://i.pinimg.com/originals/77/54/d6/7754d621b3dff49a1854c563cc8aee59.jpg,2000,3000,0,2026-07-07
2026-09-05,look feminino verao,Ac5q9yCAxhcZof1gIlByjaZ6dMUdQTS0vvXWxjGLGjjgTEINH0BwrafN2aZuaMAgtNH2Vb9mtMwYq-_VdWQ0OXQ,12,68,0,Matching Sets You'll Wear,amzlink.to,https://amzlink.to/az0TpxsAVRAWX,https://i.pinimg.com/originals/58/4e/8d/584e8d3ebc4abb6f4989a3a53e09559b.jpg,1200,1807,0,2026-07-16
2026-09-05,look feminino verao,2181499817683800,13,1203,0,Effortless Street Style: Shorts Then and Now,,,https://i.pinimg.com/originals/cb/61/e2/cb61e2b1b1fbfde098a9d197af09175d.png,799,1421,0,2026-08-18
2026-09-05,look feminino verao,AaMFkUDy2q1YHBAcC30Py5HN-mdn_gBi7EYeKFhZVNUTSXLcytODXJ88yeG4816suUAdfKfLMsd1jRZYseORZ70,14,1,0,Resort Wear from Amazon,urlgeni.us,https://urlgeni.us/amazon/greenresortcollage,https://i.pinimg.com/originals/85/9a/87/859a87e87b985a0128e61d4720a43bf0.png,2160,3840,0,2026-02-03
2026-09-05,look feminino verao,Aa13vQIcDV1kOiS4LGKN6bEcRptkpGA054aoKLiDfBut-Z6cNbiRpVVsHiwEHY0b-s8glX2j2FF9r4QBDydVvOU,15,0,0,Women's Lapel Front,us.shein.com,https://us.shein.com/ark/default?scene=1&test=5051&ad_type=DPA&goods_id=391914257&pf=PINTEREST&url_from=PINADSDPA&ismg=919671531359177c2212248236dc468e095267ef10147b3a920f8e893043744c_01_1788542206,https://i.pinimg.com/originals/0a/9f/26/0a9f2600eb9de08276dd87c647fb7091.jpg,1065,1598,0,2026-08-07
2026-09-05,look feminino verao,3096293489931736,16,2699,0,,,,https://i.pinimg.com/originals/19/99/27/199927b547439043324d044ec06958ae.jpg,736,1227,0,2025-01-03
2026-09-05,look feminino verao,901705156665810492,17,1,0,,,,https://i.pinimg.com/originals/7b/b3/91/7bb391e0dfb3b939cf45557b4b6024ed.jpg,1080,1920,0,2026-08-18
2026-09-05,look feminino verao,1337074890568893,18,3400,0,,,,https://i.pinimg.com/originals/8b/42/57/8b4257062a007f96a9df572c419ba4d0.jpg,768,1408,0,2026-07-20
2026-09-05,look feminino verao,AV8Za9j0DGw6XfVbQyyoxOnwAXDklL1gYcri53M_Eew_ivsKlEppHL49GVFacYokwAoUjSCKwJJfRSXzQrJh81c,19,0,0,Shop Viral Amazon Outfits,amzlink.to,https://amzlink.to/az09zMXgCtCdQ,https://i.pinimg.com/originals/b4/1b/3d/b41b3db96b2d944e3711a511877acf1b.jpg,1440,2560,1,2026-08-21
2026-09-05,look feminino verao,864761565979339631,20,18,0,Conjunto Feminino de Linho Camisa + Short Casual Chic,meli.la,https://meli.la/2pMw6aE,https://i.pinimg.com/originals/92/6d/bd/926dbd2d0ce84945f600e1d36335d3da.png,941,1672,0,2026-08-19
2026-09-05,look feminino verao,AYGXZJ7uM4vWNXXmvSixsRCo53VxiYXoOlzV1Sq1gJKcgscxWr3XmNm6kEYy205KqKrPl99eNm6LjilDwCb31EY,21,7,0,Temu | Solid Color,temu.com,https://www.temu.com/ul/kuiper/un3.html?subj=dpa-un&_bg_fs=1&_p_jump_id=1082&_x_vst_scene=adg&goods_id=601102557137650&adg_ctx=a-a3d22d9c~c-2d1e65a5&_p_rfs=1&_x_ads_channel=pinterest&_x_ads_creative_id=%7Bproduct_partition_id%7D&_x_ads_id=%7Badgroupid%7D&_x_ads_set=%7Bcampaignid%7D&_x_ads_sub_channel=shopping&_x_cid=dqm_uba3isoyR&_x_ns_catalog_id=1567707391772&_x_ns_content_id=100000001700026489&_,https://i.pinimg.com/originals/34/b2/3b/34b23baaf1cd25bca5df68c342629f11.jpg,2000,3000,0,2026-07-03
2026-09-05,look feminino verao,AU9yORtB05v66AUcQv4PazAqhLZvhirfXr-Y8T01groL1HdQBRR-KH1nuZkQOaw15WtBlRRub9KWV8MB9kCAUuw,22,10,0,Stunning Loose Yellow,wynflare.com,http://wynflare.com/products/flowy-balloon-sleeve-mini-dress,https://i.pinimg.com/originals/cc/9b/8b/cc9b8b2ada0bab565d493fc80d92f05a.png,832,1248,0,2026-08-13
2026-09-05,look feminino verao,AfxoWEh0mnJnTF9o46sOVW_wIqzxeX_yl-xLudPapDM1K5WAV094PjiWh4TBge9TDS9-i0StjcWC8gSxx9e5eIw,23,1,0,Temu | Mono único y,temu.com,https://www.temu.com/ul/kuiper/un3.html?subj=dpa-un&_bg_fs=1&_p_jump_id=1082&_x_vst_scene=adg&goods_id=601102556103827&adg_ctx=a-1f56829f~c-aeec0ea2&_p_rfs=1&_x_ads_channel=pinterest&_x_ads_creative_id=%7Bproduct_partition_id%7D&_x_ads_id=%7Badgroupid%7D&_x_ads_set=%7Bcampaignid%7D&_x_ads_sub_channel=shopping&_x_ns_catalog_id=1580405374697&_x_ns_creative=%7Badid%7D&_x_ns_product_id=17605274243376&,https://i.pinimg.com/originals/17/1b/52/171b52bce5f9e56d9ab252fa93383541.jpg,2000,3000,0,2026-07-22
2026-09-05,look feminino verao,710794753734719917,24,7,0,Montana West Women’s Tote Purse | Chic Work & Everyday Handbag,amazon.com,https://www.amazon.com/Montana-West-Oversized-Shoulder-MWC-118BR/dp/B0C7Z9C8ZR?th=1&linkCode=ll2&tag=saneela-20&linkId=5842a91c7edba110e5b6650082e877c7&language=en_US&gaOptInStatus=true&ref_=as_li_ss_tl,https://i.pinimg.com/originals/e0/7d/44/e07d44890dde8f124ded48d7495df34c.png,941,1672,0,2026-08-25
2026-09-05,look feminino verao,1140677411907706513,25,18,0,compre aqui👇,onelink.shein.com,https://onelink.shein.com/48/5zhcldcwncqh?ismg_ol=G21FxbDFSD0_01_KOC-C,https://i.pinimg.com/originals/89/f5/0e/89f50e684d87cb05e939f81916b547f6.png,941,1672,0,2026-08-20
2026-09-05,look feminino verao,6122149488972528,26,898,0,,,,https://i.pinimg.com/originals/4b/51/05/4b5105c47dfbfd17cc7dbd9194f87913.jpg,1079,1919,0,2026-04-11
2026-09-05,look feminino verao,1142718105493004429,27,34,0,Kimono para Praia de Verão e Férias🏝 😍,onelink.shein.com,https://onelink.shein.com/48/5z32oq38btwo,https://i.pinimg.com/originals/88/40/e8/8840e8808b32e9b78046b11b99e2ebb8.png,941,1672,0,2026-08-16
2026-09-05,look feminino verao,1017109897131056199,28,2,0,Estilo casual,s.shopee.com.br,https://s.shopee.com.br/30nI986pVC?channel_type=pinterest,https://i.pinimg.com/originals/8d/94/93/8d9493a9e565a63bfbe0f4f4702effd9.jpg,1080,1920,0,2026-08-18
2026-09-05,look feminino verao,22377329394995960,29,256,0,blusinha estilo bata - shopee,,,https://i.pinimg.com/originals/fc/c7/af/fcc7afcaa2fc88c420da3df2905d38b0.png,941,1672,0,2026-08-26
2026-09-05,look feminino verao,ASm0wqD2pZuGzxK1AfOWjUAGAFVgMyNKnuGg6lhX8yHq8YoEsDffMWXNR7-VC1CEITnBfe_VdzzA3ZN9evWPVxM,30,0,0,THLAI Summer Women 2,amazon.com,https://www.amazon.com/THLAI-Summer-Outfits-Smocked-Vacation/dp/B0F83WSVMR/ref=asc_df_B0F83WSVMR?hvdev=%7Bdevice%7D&hvcampaign=%7Bcampaignid%7D&hvadgroupid=%7Badgroupid%7D&hvprdptid=%7Bproduct_partition_id%7D&hvprdgrpid=%7Bpromoted_product_group_id%7D&hvcr=%7Bcreative_id%7D&hvadid=%7Badid%7D&hvprdid=%7Bproduct_id%7D&hvplc=%7Bplacement%7D&psc=1&tag=%7Bifnotmobile:ushpadpinde-20%7D%7Bifmobile:ushpad,https://i.pinimg.com/originals/fc/05/75/fc057562b8c89f6e8a07bc06a05b5ca5.jpg,682,1023,0,2026-06-05
2026-09-05,look feminino verao,142918988171585793,31,9,0,Amalfi Coast Getaway: Floral Maxi Skirt & Crop Top,,,https://i.pinimg.com/originals/b7/c1/9d/b7c19dff62df3163f56931b64077e2bc.png,1023,1537,0,2026-08-26
2026-09-05,look feminino verao,AWGBaxUipZHSrqFI9IQfq_iFY8W7uo5lpLMCesAZcsOGen3jgkAB2hVwL-f3B5wseadA5T242Kma-nV2UmVk4Vk,32,67,0,JYAOVO Women's 2 Piece,amazon.com,https://www.amazon.com/JYAOVO-Shoulder-Irregular-Matching-White/dp/B0FD8DFGS3/ref=asc_df_B0FD8DFGS3?hvdev=%7Bdevice%7D&hvcampaign=%7Bcampaignid%7D&hvadgroupid=%7Badgroupid%7D&hvprdptid=%7Bproduct_partition_id%7D&hvprdgrpid=%7Bpromoted_product_group_id%7D&hvcr=%7Bcreative_id%7D&hvadid=%7Badid%7D&hvprdid=%7Bproduct_id%7D&hvplc=%7Bplacement%7D&psc=1&tag=%7Bifnotmobile:ushpadpinde-20%7D%7Bifmobile:ush,https://i.pinimg.com/originals/70/2d/f3/702df36e7603b774d5ec0d6754622a40.jpg,1290,1690,0,2025-11-12
2026-09-05,look feminino verao,1337074890622229,33,288,0,,,,https://i.pinimg.com/originals/8f/5e/7e/8f5e7ea4df1ea97cfd36b1b438c38091.png,1024,1536,0,2026-08-11
2026-09-05,look feminino verao,1034702083160338992,34,1,0,Chic Summer Anniversary Look You’ll Love,,,https://i.pinimg.com/originals/17/a2/d5/17a2d535574e494c2c45ab6f36e0307a.jpg,1000,1500,0,2026-08-26
2026-09-05,look feminino verao,60306082507519416,35,250,0,,,,https://i.pinimg.com/originals/90/a1/1a/90a11a8ece629b2b3297cc5a8803c0ea.jpg,1080,1920,0,2026-08-26
2026-09-05,look feminino verao,AU0MBtlTmpCwJ8M2gVVD7fWzcfkxZDKTRXZ2PS7NLCkQDR5oximbWY_J-LP_bTPXHrItAZS3L97NS48YmfPMJ6o,36,0,0,Shop Viral Amazon,amzlink.to,https://amzlink.to/az0I7GnnQBfda,https://i.pinimg.com/originals/25/47/fc/2547fccb521e9e231453b60e8ef49ee4.jpg,2160,3840,1,2026-08-05
2026-09-05,look feminino verao,353251164547432329,37,27,0,Elegant White Linen Pants Outfit | Chic Summer Vacation Style,,,https://i.pinimg.com/originals/0a/5c/84/0a5c84993de8bb10a20d19f44be7c1eb.png,1024,1536,0,2026-08-17
2026-09-05,look feminino verao,1064890274428791045,38,18,0,look de praia chique,clubgirls.lovable.app,https://clubgirls.lovable.app/blog/maio-preto-a-peca-que-voce-vai-querer-usar-alem-da-praia,https://i.pinimg.com/originals/08/4e/12/084e126a1f5a9fa4414c2665bd4baeed.png,941,1672,0,2026-08-12
2026-09-05,look feminino verao,454371049930506498,39,49,0,,,,https://i.pinimg.com/originals/a9/b3/20/a9b320327d95898efb181763e4526148.jpg,736,1308,0,2026-08-26
2026-09-05,look feminino verao,4603875220814995840,40,1641,0,35 Birthday Brunch Outfits to Celebrate in Style,sewmamasew.com,https://www.sewmamasew.com/35-birthday-brunch-outfits/,https://i.pinimg.com/originals/0d/93/53/0d935365b230d69f7fb1a163581b1f15.jpg,720,1280,0,2026-05-15
2026-09-05,look feminino verao,Af320hz5dYqxPvbwkOzwML-AF2pdM42Cb_h3g8fWk4l8NOa515bfUkSUO22AdhO0og9qywnxVt52n4aLCzHEsUo,41,5,0,LYANER Women's 2 Piece,amazon.com,https://www.amazon.com/LYANER-Outfits-Sleeveless-Shirred-Bandeau/dp/B0DY456N8L/ref=asc_df_B0DY456N8L?hvdev=%7Bdevice%7D&hvcampaign=%7Bcampaignid%7D&hvadgroupid=%7Badgroupid%7D&hvprdptid=%7Bproduct_partition_id%7D&hvprdgrpid=%7Bpromoted_product_group_id%7D&hvcr=%7Bcreative_id%7D&hvadid=%7Badid%7D&hvprdid=%7Bproduct_id%7D&hvplc=%7Bplacement%7D&psc=1&tag=%7Bifnotmobile:ushpadpinde-20%7D%7Bifmobile:us,https://i.pinimg.com/originals/e9/75/61/e97561241b1c71255d5473457a914fc8.jpg,1340,2010,0,2026-04-24
2026-09-05,look feminino verao,68749973860,42,5259,0,,,,https://i.pinimg.com/originals/0a/ab/ab/0aababa0a326c8837983811c33d4fed4.jpg,736,1592,0,2026-04-11
2026-09-05,look feminino verao,ARbFopsalD7ZWrZnGfTgqrkRhjeKv1re9quKdYqauabwVXJ7N2o3dJMwDLrnvngcUhhzRzLer36O0fpx6l5U3Cc,43,1,0,Temu | Women's Summer,temu.com,https://www.temu.com/ul/kuiper/un3.html?subj=dpa-un&_bg_fs=1&_p_jump_id=1082&_x_vst_scene=adg&goods_id=606364436941364&adg_ctx=a-5c45b893~c-b054a68e&_p_rfs=1&_x_ads_channel=pinterest&_x_ads_creative_id=%7Bproduct_partition_id%7D&_x_ads_id=%7Badgroupid%7D&_x_ads_set=%7Bcampaignid%7D&_x_ads_sub_channel=shopping&_x_ns_catalog_id=1567707391772&_x_ns_creative=%7Badid%7D&_x_ns_gid=606364436941364&_x_ns_,https://i.pinimg.com/originals/f4/3a/e5/f43ae56feb2e4d0def3c7b7a10fac73b.jpg,2000,3000,0,2026-06-15
2026-09-05,look feminino verao,AfeGcYncv3AU4l5wesItG8GZ5G1jPcuEZolUVxwhhBpgFJgXOkIg431OwMYxC0yCasvaPVupaR3qyLL747g6BBY,44,1,0,Temu | For Vacation For,temu.com,https://www.temu.com/ul/kuiper/un3.html?subj=dpa-un&_bg_fs=1&_p_jump_id=1082&_x_vst_scene=adg&goods_id=601100313912776&adg_ctx=a-708fdfe8~c-8596a3b7&_p_rfs=1&_x_ads_channel=pinterest&_x_ads_creative_id=%7Bproduct_partition_id%7D&_x_ads_id=%7Badgroupid%7D&_x_ads_set=%7Bcampaignid%7D&_x_ads_sub_channel=shopping&_x_ns_catalog_id=1567707391772&_x_ns_creative=%7Badid%7D&_x_ns_gid=601100313912776&_x_ns_,https://i.pinimg.com/originals/a9/cd/0c/a9cd0c078f0b70111e63ccea37a3b379.jpg,2000,3000,0,2026-07-11
2026-09-05,look feminino verao,1054827544028414280,45,22,0,,,,https://i.pinimg.com/originals/2e/ce/87/2ece87ba09f4958364bdab9edf8dc030.jpg,675,1200,0,2026-07-19
2026-09-05,look feminino verao,AVRFfWr8GrBWuUdUlQSlheTzXstjv3QPac5WMqIawk6n9_Z8I3eeQzrTmniig-BWXKc4Z6uFgYRzma1VSwyUMRI,46,31,0,SeNight Womens Tracksuit,amazon.com,https://www.amazon.com/SeNight-Swimwear-Jumpsuits-Swimsuit-Straight/dp/B0B2PF6452/ref=asc_df_B0B2PF6452?hvdev=%7Bdevice%7D&hvcampaign=%7Bcampaignid%7D&hvadgroupid=%7Badgroupid%7D&hvprdptid=%7Bproduct_partition_id%7D&hvprdgrpid=%7Bpromoted_product_group_id%7D&hvcr=%7Bcreative_id%7D&hvadid=%7Badid%7D&hvprdid=%7Bproduct_id%7D&hvplc=%7Bplacement%7D&psc=1&tag=%7Bifnotmobile:ushpadpinde-20%7D%7Bifmobile,https://i.pinimg.com/originals/55/7e/80/557e80ed149cb4197aac35fa9eaac85f.jpg,734,1600,0,2026-05-18
2026-09-05,look feminino verao,AW8U1wkcklGqR-FiOoWUgeDnBpFevgfM0Kbvu_JnfUbm0UF4TxPZq2_H4ZKnRqgBApfu0WdJjKTUIJW_mpxdliw,47,7,0,Valphsio Womens Smocked,amazon.com,https://www.amazon.com/Valphsio-Womens-Smocked-Dresses-Burgundy/dp/B07TG97W18/ref=asc_df_B07TG97W18?hvdev=%7Bdevice%7D&hvcampaign=%7Bcampaignid%7D&hvadgroupid=%7Badgroupid%7D&hvprdptid=%7Bproduct_partition_id%7D&hvprdgrpid=%7Bpromoted_product_group_id%7D&hvcr=%7Bcreative_id%7D&hvadid=%7Badid%7D&hvprdid=%7Bproduct_id%7D&hvplc=%7Bplacement%7D&psc=1&tag=%7Bifnotmobile:ushpadpinde-20%7D%7Bifmobile:ush,https://i.pinimg.com/originals/b9/b9/42/b9b942689d3296deee77fe6d1603668b.jpg,508,1000,0,2026-02-11
2026-09-05,look feminino verao,620582023682152453,48,5608,0,,,,https://i.pinimg.com/originals/bd/bc/94/bdbc94a38d11b587233acb7462bebab5.jpg,736,1211,0,2024-04-21
2026-09-05,look feminino verao,29625310047795771,49,333,0,,,,https://i.pinimg.com/originals/d1/17/e0/d117e07e68bd2d27d40364de8cef812d.jpg,675,1200,0,2026-08-11
2026-09-05,look feminino verao,1105774514788618429,50,102,0,Vestido perfeito 😻,onelink.shein.com,https://onelink.shein.com/47/5ydtuhw4z09o?ismg_ol=877fdde3234d841047c4920be555199967a1097f8c34fff6645a135e5b9c73be_01_KOC-C,https://i.pinimg.com/originals/71/63/08/7163086dd9fa3b7d8066d68d87e1e1f8.png,941,1672,0,2026-08-09
2026-09-05,look feminino verao,Ad3E_d2whNKmX5nM_ZLyibo0Zj2UmcUtsJYAYp9bS4AnH4Edu29_s01-ab9CVoKRiqdXZBbJa89uoANa-4CxR1Q,51,8162,0,Looks Expensive But It's,amzlink.to,https://amzlink.to/az0u2a9l3C7cj,https://i.pinimg.com/originals/25/77/be/2577befbd11f92940b084e862b4080eb.png,1000,1500,0,2026-02-04
2026-09-05,look feminino verao,350717889754973775,52,124,0,,,,https://i.pinimg.com/originals/c6/03/e3/c603e375b9c04e3e67ebaf096a4526b7.jpg,736,1308,0,2026-08-26
2026-09-05,look feminino verao,AWWlDIQA7vbVo4V_ngjvs3BrlAR5oQsxpx3WrPtVrkVqO9xpLqqlH7rklrCHGe-4dlD9pq6HPDDtZgOTwaPv-Q4,53,327,0,Amazon Summer Basics,amzlink.to,https://amzlink.to/az0WTX5RSu9XV,https://i.pinimg.com/originals/76/8d/5f/768d5ff99e128698dcc8c600a5162e0c.png,1000,1500,0,2026-05-20
2026-09-05,look feminino verao,AR2T4TSkPxiyZbUJSfpciISncUhuCgDQtEVXWIxZf99PfwHgxZ4X0r_yNz9883AwyBxeOIV4hIR0ldVEEtiWh8o,54,1,0,Your passport to summer,poshmark.com,https://poshmark.com/?utm_source=pinterest&utm_medium=paidsocial&utm_campaign=%7Bcampaignid%7D&utm_content=%7Badgroupid%7D_%7Badid%7D_%7Bdevice%7D,https://i.pinimg.com/originals/2a/af/9f/2aaf9ffdd2687157ba4d9bb96b8b595e.png,1000,1500,0,2026-05-19
2026-09-05,look feminino verao,AcOlpUUqqPhhUUu7HndmNQXh8Zd3EHoyx86DjXYRiQ63CesiVEAYkd1w8EW1htzPd4buPCNQm9XvoBurlhW4TBA,55,1250,0,Vacation Ready Summer,amzlink.to,https://amzlink.to/az0oAuRbbp6jQ,https://i.pinimg.com/originals/a5/8e/96/a58e963860e9c6b41e1c091edf9a2b1a.png,1000,1500,0,2026-04-24
2026-09-05,look feminino verao,36310340745451943,56,194,0,,,,https://i.pinimg.com/originals/a8/eb/02/a8eb02cbd2a44170d14aac2d7e6c4970.jpg,736,1349,0,2026-08-01
2026-09-05,look feminino verao,688558230576984055,57,42,0,Black One-Shoulder Top Outfit | Chic Summer Style 🌸,,,https://i.pinimg.com/originals/f9/05/d2/f905d21e434d0b58bf05dc1b3775d88a.png,1023,1537,0,2026-08-21
2026-09-05,look feminino verao,Ac9N3b3ZmNFCGAtjFPqcUDW-9vObq9xQCaemfQeJyLfTn9oTJeOMBiS7dZO2NmQ5SKD-OKqNSP-DpLy2Ee9BSvo,58,337,0,Shop BDG at Urban,urbanoutfitters.com,https://www.urbanoutfitters.com/shop-bdg?utm_source=pinterest&utm_medium=paid_social&utm_campaign=%7Bcampaignid%7D&utm_term=%7Badgroupid%7D&utm_content=%7Badid%7D&p_campaign=%7Bcampaignname%7D&p_campaignid=%7Bcampaignid%7D&p_adgroup=%7Badgroupname%7D&p_adgroupid=%7Badgroupid%7D&p_adid=%7Badgroupid%7D,https://i.pinimg.com/originals/a5/f8/33/a5f833653b480e771d1f7583a9c236f6.jpg,360,640,0,2026-08-07
2026-09-05,look feminino verao,AcpXtm6DgABZXA_TSFyJ8Nf1WVXU9FYBl6iA3DwP_QAVv6PP0uktS4__eCp2307VphVq7xFSkXdpvDNkUpNLfno,59,3037,0,Amazon Vacation Edit for,urlgeni.us,https://urlgeni.us/amzn/jzDYGv,https://i.pinimg.com/originals/69/ed/61/69ed610b7a037c5cc0c97be59e825aef.png,1000,1500,0,2026-01-15
2026-09-05,look feminino verao,ATO6c6rzITYO7YIYm_c1kTxUGrj5uOMuBTq05byxC4TcD2ONLOH161N_sfG4rVMUIuJqKqIfuabxrulXeWtdsxs,60,1,0,RIA MAXI DRESS CAMARA(S),peppamayo.com,https://peppamayo.com/products/ria-maxi-dress-camara?currency=USD&variant_sku_code=15196436-11276619-55070984-0-0-0-0,https://i.pinimg.com/originals/60/a9/dc/60a9dc12d80ec1c0601616f5f06d7364.jpg,1066,1600,0,2026-07-23
2026-09-05,look feminino verao,584131014216206944,61,1,0,,cdn.sewmamasew.com,https://cdn.sewmamasew.com/wp-content/uploads/2026/07/Tube-Top-With-Maxi-Skirt-Outfit.jpg?width=500&quality=75,https://i.pinimg.com/originals/22/09/6e/22096e0268efc383fc654e6c046d243d.jpg,500,889,0,2026-08-24
2026-09-05,look feminino verao,1084452785294585090,62,1164,0,,,,https://i.pinimg.com/originals/24/c8/ff/24c8ff90a38c6af18972b061411f53dc.jpg,736,1311,0,2026-05-05
2026-09-05,look feminino verao,AcHG8A_roxb5nHc2C2prENmujFPEHLpD_vmVkZTefNWZnQJNYz57LMA555ByUctQvE4YG4WrQUgVgFKBflyw-9Q,63,171,0,Cute and Comfy Beach,amzn.markable.ai,https://amzn.markable.ai/GbyGpQ2j,https://i.pinimg.com/originals/73/a0/a2/73a0a2e4506e0be5a22c4e7050154cc4.png,1000,1500,0,2026-03-06
2026-09-05,look feminino verao,AafrxsH-zo1bM_rtYwB823TDlT_RFq8jRNi87IWQK_8pNIMFtZF_PVEs5dmy3dUzhgewFtwl1VbZpP8-zPg2M2I,64,68,0,"The Tolmer blazer set. Wrapped proportions, paired with matching shorts. Worn your way. Styled by @jodielapetitefrenchie @nizinanjjang @criscojocaru and @naumenkolilyana",instagram.com,https://www.instagram.com/p/DYMyDiKjPB7/,https://i.pinimg.com/originals/de/68/fd/de68fd0c3289573d317a01214ece8922.jpg,1212,1515,0,2026-05-11
2026-09-05,look feminino verao,AWwmsKToDZ5soNtJKJQDDL8fzM0S7xLh8chJ0M1G_l_FRSvP-keBCP5rqUhfeq7qx8HAQqLwmQMVCz4W5r6rx5U,65,1,0,Shop Resort Nights,us.ohpolly.com,https://us.ohpolly.com/collections/resort-nights?smartly-hash=carousel_pin_reference:v1:f7547e6fc1f3d57f77c225f22ba44dffe7d009fa725ec23b65891e01ce68bec6,https://i.pinimg.com/originals/b2/e1/14/b2e114b6432327aab2383349bc52713e.jpg,1080,1620,0,2026-07-15
2026-09-05,look feminino verao,1139903355732447288,66,1,0,Cute Linen Skirt Outfits for Warm Days,dailystyleafter40.com,https://dailystyleafter40.com/chic-linen-skirt-outfit-ideas/?utm_campaign=chic_linen_skirt_outfit_ideas_g2&utm_medium=pinterest_f2h4j6&utm_source=yhn456_g2,https://i.pinimg.com/originals/b3/83/27/b38327c69b2a5fedd79dcc3f59c88aa7.jpg,236,419,0,2026-08-17
2026-09-05,look feminino verao,594193744631234711,67,106,0,Conjunto florido,onelink.shein.com,https://onelink.shein.com/47/5ydht6psf3me?ismg_ol=d7cdfa04f296b0dd1816522e799b1c0a4a719c094cad4118651441a3b7fdc381_01_KOC-C,https://i.pinimg.com/originals/5a/1b/64/5a1b640c055677664980aa6d79828f09.jpg,1080,1920,0,2026-08-23
2026-09-05,look feminino verao,AQ8VVx1lJ9bT0w-a1UnGz4clbZe_HsYSVtIl5vP_Z0fTpoKvLHqsJTJdbouQoi-tL_Ndg_n2EaXjHOEpcRSqAwc,68,1,0,The Pants of the Season,freepeople.com,https://www.freepeople.com/fpmovement/shop/quick-step-bubble-pants/,https://i.pinimg.com/originals/c9/48/ca/c948cabb9a9acbdfc7dc52e0002b930a.jpg,2268,3402,0,2026-08-10
2026-09-05,look feminino verao,19210735906280003,69,55,0,,,,https://i.pinimg.com/originals/b7/cf/6a/b7cf6a09ce8474e26265b29c483cbbc8.jpg,736,1307,0,2026-08-26
2026-09-05,look feminino verao,1759287349045276,70,5757,0,,,,https://i.pinimg.com/originals/08/e1/71/08e171a9d651de9bd549639c447badb1.jpg,736,1104,0,2026-01-25
2026-09-05,look feminino verao,AWNxlKUBACAUxmj7lCJUHAeMijtW9izAc0SXWeA9aT0z_05bmgQE4OY1EnoHKhV27Rv5sRfaupXBSsNhnEkh2d8,71,5,0,Bridesmaid Dress -,azazie.com,https://www.azazie.com/products/azazie-davis-pink-fern-floral-a-line-v-neck-chiffon-floor-length-bridesmaid-dress/537297?utm_content=AZcUSleng1006408c321471&utm_source=prmpin&utm_medium=cpc,https://i.pinimg.com/originals/cb/45/b4/cb45b465d92e4172412c25605dd683b2.jpg,1052,1578,0,2026-01-17
2026-09-05,look feminino verao,26810560282179139,72,301,0,Camisa De Manga Comprida Listrada Feminina Camisas Listradas Com Botões Para Baixo Casuais De Ajuste,s.shopee.com.br,https://s.shopee.com.br/4q9OBisgyA?channel_type=pinterest,https://i.pinimg.com/originals/bc/2c/41/bc2c4149905061b0fb2c0f10b77eecf4.jpg,576,1024,0,2026-02-10
2026-09-05,look feminino verao,385902261842451852,73,74,0,Elegant Summer Outfit Ideas For Women | Chic Vacation Dresses & Trendy Resort Wear,,,https://i.pinimg.com/originals/66/aa/44/66aa446608f11aac3942da7507c52513.jpg,1200,2133,0,2026-08-24
2026-09-05,look feminino verao,1105422671068579877,74,413,0,18 Outfit Inspirationen Damen für den Sommer,vstylediary.de,https://vstylediary.de/capsule-wardrobe-alltagslooks/,https://i.pinimg.com/originals/05/54/fd/0554fdc0ce50ef82dfc359a553691847.png,941,1672,0,2026-07-19
2026-09-05,look feminino verao,1141732943083498534,75,16,0,Id Shein Outfit: LXATAF5 | Link 👇🏼,onelink.shein.com,https://onelink.shein.com/48/5zdph3r4hwsy?ismg_ol=25ifq2i3z1W_01_KOC-C,https://i.pinimg.com/originals/33/ef/91/33ef91be4d26fe8af554b5c4769d3adc.jpg,1080,1920,0,2026-06-24
2026-09-05,calca legging canelada,AVEOVPrTHCUuA8N8y2nZndkUO_Cc_5ErdqibOvm-vnqbI2hh-maGAqA06id8XQWlaPantd56lyA0IRHsiIHVRlo,2,65,0,OQQ Women's Flared Pants,amazon.com,https://www.amazon.com/OQQ-Pants-Waisted-Leggings-Stretchy/dp/B0DBT1MG2L/ref=asc_df_B0DBT1MG2L?hvdev=%7Bdevice%7D&hvcampaign=%7Bcampaignid%7D&hvadgroupid=%7Badgroupid%7D&hvprdptid=%7Bproduct_partition_id%7D&hvprdgrpid=%7Bpromoted_product_group_id%7D&hvcr=%7Bcreative_id%7D&hvadid=%7Badid%7D&hvprdid=%7Bproduct_id%7D&hvplc=%7Bplacement%7D&psc=1&tag=%7Bifnotmobile:ushpadpinde-20%7D%7Bifmobile:ushpadpi,https://i.pinimg.com/originals/51/7a/86/517a86307dfa714168a8cc070551c282.jpg,1064,1596,0,2026-07-19
2026-09-05,calca legging canelada,746542075782588253,3,1,0,Calça Legging Canelada de Cintura Alta ✨️,s.shopee.com.br,https://s.shopee.com.br/6L3kdmxj19?channel_type=pinterest,https://i.pinimg.com/originals/36/9c/9d/369c9d21c130ce262c4cbe9eeeb66ec1.jpg,736,1104,0,2026-08-18
2026-09-05,calca legging canelada,442408363419155078,4,1,0,🔍 Calça legging canelada sem costura,meli.la,https://meli.la/2XNrQqS,https://i.pinimg.com/originals/24/4b/68/244b68e8271c49631daa699a6487fb99.png,941,1672,0,2026-08-17
2026-09-05,calca legging canelada,967007351249567720,5,18,0,"👋 Oii Galera 🏋️ Calça Legging Canelada de Cintura Alta Conforto, estilo e performance para seus treinos! ✨ ✔️ Modelo sem costura para mais liberdade de movimento ✔️ Cintura alta que valoriza a silhuet",instagram.com,https://www.instagram.com/p/DNvpBjGWjqs/?img_index=3,https://i.pinimg.com/originals/e9/03/f7/e903f705e359144b911f5f1eec9cbdfc.jpg,800,1060,0,2025-08-25
2026-09-05,calca legging canelada,AQsfm6PPiIojTpVtmYkO5G_N8Ybd2wksq1RkhVdza8MPmNXClqgYCsXTfLrb6X_3-QRDqcxjT_Wl-DqKHkYC4WM,6,5,0,3pcs Women's Sports Suit,us.shein.com,https://us.shein.com/ark/default?scene=1&test=5051&ad_type=DPA&goods_id=448838924&pf=PINTEREST&url_from=PINADSDPA&ismg=577a7f01739c93fddacc8cc7bc64a899fc0e854a453a6b3265d7d2af0dbbb482_01_1788542387,https://i.pinimg.com/originals/18/5b/a1/185ba17429b7dd990bbf12cab2d170b9.jpg,1065,1598,0,2026-06-05
2026-09-05,calca legging canelada,1124562969489820298,7,1,0,Calça legging canelada,s.shopee.com.br,https://s.shopee.com.br/7VFdebvK9d?channel_type=pinterest,https://i.pinimg.com/originals/fc/fd/67/fcfd675146b26a69670ae5d7e27da007.jpg,982,1300,0,2026-08-16
2026-09-05,calca legging canelada,AWfckmAiOmQZpakrPIZzQ5fO5fDRvYKaxAZGtLZ-nAMTODcvCN9AY-Ugre5KNcPtEnAKKGqkLjWXqcpBdhBwE6o,8,2,0,SUUKSESS Women Ribbed,amazon.com,https://www.amazon.com/SUUKSESS-Seamless-Leggings-Waisted-Control/dp/B0CQY81881/ref=asc_df_B0CQY81881?hvdev=%7Bdevice%7D&hvcampaign=%7Bcampaignid%7D&hvadgroupid=%7Badgroupid%7D&hvprdptid=%7Bproduct_partition_id%7D&hvprdgrpid=%7Bpromoted_product_group_id%7D&hvcr=%7Bcreative_id%7D&hvadid=%7Badid%7D&hvprdid=%7Bproduct_id%7D&hvplc=%7Bplacement%7D&psc=1&tag=%7Bifnotmobile:ushpadpinde-20%7D%7Bifmobile:u,https://i.pinimg.com/originals/20/82/93/208293e0b22cec404463d4458e2b2be0.jpg,1000,1500,0,2026-06-05
2026-09-05,calca legging canelada,AcBxbc1ZGZXeV0cOS6_pRrz1Z_Mg31900ehuVrMkGLtLfnKK-9geypvpgjBGuGKZLZWw5wHfIg10TaXLXIJ9yqw,9,9,0,OQQ Women's 2 Piece Yoga,amazon.com,https://www.amazon.com/OQQ-Leggings-Seamless-Athletic-Exercise/dp/B0CN8XFPPH/ref=asc_df_B0CN8XFPPH?hvdev=%7Bdevice%7D&hvcampaign=%7Bcampaignid%7D&hvadgroupid=%7Badgroupid%7D&hvprdptid=%7Bproduct_partition_id%7D&hvprdgrpid=%7Bpromoted_product_group_id%7D&hvcr=%7Bcreative_id%7D&hvadid=%7Badid%7D&hvprdid=%7Bproduct_id%7D&hvplc=%7Bplacement%7D&psc=1&tag=%7Bifnotmobile:ushpadpinde-20%7D%7Bifmobile:ushp,https://i.pinimg.com/originals/b3/9c/96/b39c960b46593fc85fce9fb1743cfe73.jpg,1064,1596,0,2026-05-30
2026-09-05,calca legging canelada,4592897644372566912,10,0,0,Calça Legging Fitness Canelada Cintura Alta Poliamida Sem Transparência Confortável Que Não Marca,br.shein.com,https://br.shein.com/ark/default?scene=1&test=5051&ad_type=DPA&goods_id=541721282&pf=PINTEREST&link_type=link&url_from=PINADSDPA&ismg=2c89e6133e7a146a11907afdd2519f3b6bc73484e22739c755135f93728f5c91_01_1788544230,https://i.pinimg.com/originals/f5/5a/dd/f55add2c37548da5cb88bb1a981b572f.jpg,1200,1540,0,2026-08-18
2026-09-05,calca legging canelada,AXbLHt1LS1k4XDb84sSxUWqiLl1ZsKKANJWuQxy0fh3gdyY0UjowwdxpcCBZQWLg3-AKPcUWYUQA1-O91jLPPtg,11,2,0,Vuori AllTheFeels™,vuoriclothing.com,https://vuoriclothing.com/products/womens-vuori-allthefeels-legging-black?variant=40095644975207&utm_source=Pinterest&utm_medium=paidsocial&utm_campaign=dpa,https://i.pinimg.com/originals/89/9d/7a/899d7a74fd007668ec1c6f8757f19558.jpg,2048,2560,0,2025-12-05
2026-09-05,calca legging canelada,AYgJDeZpI4475Y4nDawDq-yQUCD0EvjP55FPXxcDmjX54VcNB2K4D7vrSa9q8GsXz0AeFkcFk8fBiMyZ132FrRA,12,1,0,Temu | 2pcs Solid Color,temu.com,https://www.temu.com/ul/kuiper/un3.html?subj=dpa-un&_bg_fs=1&_p_jump_id=1082&_x_vst_scene=adg&goods_id=606565864190733&adg_ctx=a-c6e016fa~c-b64f3e18&_p_rfs=1&_x_ads_channel=pinterest&_x_ads_creative_id=%7Bproduct_partition_id%7D&_x_ads_id=%7Badgroupid%7D&_x_ads_set=%7Bcampaignid%7D&_x_ads_sub_channel=shopping&_x_ns_catalog_id=1567707391772&_x_ns_creative=%7Badid%7D&_x_ns_gid=606565864190733&_x_ns_,https://i.pinimg.com/originals/fc/1c/7a/fc1c7af5aa92e99061c5c13266d1c486.jpg,2000,3000,0,2026-06-24
2026-09-05,calca legging canelada,4601693787482143360,13,5,0,Calça Legging Feminina Canelada em Poliamida Premium Sem Transparência Cintura Alta para Academia e Moda Fitness,br.shein.com,https://br.shein.com/ark/default?scene=1&test=5051&ad_type=DPA&goods_id=142655626&pf=PINTEREST&link_type=link&url_from=PINADSDPA&ismg=f4d2e2da528c03879d26acb21ad1009f963105c5b755a1c195c34d0ca9f4aba5_01_1788544247,https://i.pinimg.com/originals/b7/23/d0/b723d008b4668d70085b6b63c38ad4ed.jpg,1340,1785,0,2026-04-14
2026-09-05,calca legging canelada,663788432617796100,14,2,0,"Novas cores 😍🩵 A mais pedida!! A canelada Importada que modela o corpo, sem costura e zero transparência 💪🏼 Disponível do P ao GG 📲 Link para compra na bio ✅ WhatsApp (11) 99217-1284 📍 Academia H & D ",instagram.com,https://www.instagram.com/p/DMdnZ3JpgHh/?img_index=4,https://i.pinimg.com/originals/37/f3/44/37f344b46352f5313749bd153cfef4ea.jpg,1242,1553,0,2025-08-22
2026-09-05,calca legging canelada,ASt5V7hrRjUK9jSPl0uFQ24JhlDh7eY4UaCTSXI7CHH-OxPY3Fv3vAIsz2Kqtm9KVDuRSdqfIgni0-lOX4C53XA,15,0,0,YEOREO Women's Mini,amazon.com,https://www.amazon.com/YEOREO-Flared-Leggings-Scrunch-Workout/dp/B0DTK2PL2G/ref=asc_df_B0DTK2PL2G?hvdev=%7Bdevice%7D&hvcampaign=%7Bcampaignid%7D&hvadgroupid=%7Badgroupid%7D&hvprdptid=%7Bproduct_partition_id%7D&hvprdgrpid=%7Bpromoted_product_group_id%7D&hvcr=%7Bcreative_id%7D&hvadid=%7Badid%7D&hvprdid=%7Bproduct_id%7D&hvplc=%7Bplacement%7D&psc=1&tag=%7Bifnotmobile:ushpadpinde-20%7D%7Bifmobile:ushpa,https://i.pinimg.com/originals/93/85/77/93857779352357065ee064dfadd654f9.jpg,1043,1565,0,2026-04-14
2026-09-05,calca legging canelada,AQ137GgeXQOXZIRIAuhXHx114OW0AI4d9-Cuewye7DeVPmZ_bIvC1YDUpe4nCvmwbbUUkklGb0K14e9F1XNBmWE,16,4,0,YEOREO Boost Amplify,amazon.com,https://www.amazon.com/YEOREO-Amplify-Leggings-Seamless-Athletic/dp/B0CMQJJYJL/ref=asc_df_B0CMQJJYJL?hvdev=%7Bdevice%7D&hvcampaign=%7Bcampaignid%7D&hvadgroupid=%7Badgroupid%7D&hvprdptid=%7Bproduct_partition_id%7D&hvprdgrpid=%7Bpromoted_product_group_id%7D&hvcr=%7Bcreative_id%7D&hvadid=%7Badid%7D&hvprdid=%7Bproduct_id%7D&hvplc=%7Bplacement%7D&psc=1&tag=%7Bifnotmobile:ushpadpinde-20%7D%7Bifmobile:us,https://i.pinimg.com/originals/7a/90/55/7a9055f48ab3ad2c5772c69c0a11c4bf.jpg,1075,1613,0,2025-11-12
2026-09-05,calca legging canelada,ATWwEcuB0yrdjNjjd_gzc6A269yNLRJf3iLbTuC7l1VfsXJdMMbUtkBZcdC0PrQDuSf4f4dCAwRB0uyd310ZHDA,17,0,0,Quince | Women's,quince.com,https://www.quince.com/women/leggings-recycled?color=heather-shell-pink&size=m&utm_source=pinterest&utm_medium=paid_social&utm_campaign=%7Bcampaign_name%7D&utm_adgroup=%20%7Badgroup_name%7D&utm_campaignid=%7Bcampaignid%7D&utm_adgroupid=%7Badgroupid%7D&utm_adid=%7Badid%7D&utm_creative=%20%7Bcreative_id%7D&utm_content=%7Badid%7D&utm_term=%7Badgroupid%7D&productid=%7Bproduct_id%7D,https://i.pinimg.com/originals/84/ba/7b/84ba7bcb3ee6fae18b0965d5a8cc6ba7.jpg,1000,1500,0,2026-08-21
2026-09-05,calca legging canelada,AU30XQnCAzzOEFPxY49if0JKXbSvlMzOLNGfx-dxwfLy5cXkydXF-iIUsVuANMJ00159P3xshtRPhM4vQfjpoVo,18,2,0,Temu | High-waisted,temu.com,https://www.temu.com/ul/kuiper/un3.html?subj=dpa-un&_bg_fs=1&_p_jump_id=1082&_x_vst_scene=adg&goods_id=605998962041944&adg_ctx=a-a439cc25~c-63d3630f&_p_rfs=1&_x_ads_channel=pinterest&_x_ads_creative_id=%7Bproduct_partition_id%7D&_x_ads_id=%7Badgroupid%7D&_x_ads_set=%7Bcampaignid%7D&_x_ads_sub_channel=shopping&_x_ns_catalog_id=1567707391772&_x_ns_creative=%7Badid%7D&_x_ns_gid=605998962041944&_x_ns_,https://i.pinimg.com/originals/08/56/25/0856254830b00dc907f162dbbbf91525.jpg,2000,3000,0,2026-08-03
2026-09-05,calca legging canelada,808888783114854887,19,57,0,"Calça Legging Canelada de Cintura Alta Sem Costura para Academia Feminina, Elástica, Esportiva e Fitness por R$39,99. Compre na Shopee agora! https://s.shopee.com.br/2LQ38MVxb4",instagram.com,https://www.instagram.com/reel/DQX0SIdD9JA/,https://i.pinimg.com/originals/05/97/30/059730b8eb03f5e97a8adfc816e7e1c3.jpg,564,1000,1,2025-10-29
2026-09-05,calca legging canelada,4591701421070990976,20,4,0,Legging Fitness Feminina Preto Canelada Com Cós Alto Seamless+ Dlk - PRETO / M,dlk.com.br,https://dlk.com.br/products/legging-fitness-feminina-preto-canelada-com-cos-alto-seamless-dlk?variant=47689374761172,https://i.pinimg.com/originals/50/32/fe/5032febf641389f0a9d3f0966ceb473f.jpg,1000,1428,0,2026-06-18
2026-09-05,calca legging canelada,1108026314594581927,21,2,0,Calça Legging Feminina Canelada de Cintura Alta Sem Costura Look Casual Academia Fitness - Marrom,s.shopee.com.br,https://s.shopee.com.br/gKIkvLDo8?channel_type=pinterest,https://i.pinimg.com/originals/6a/d8/e0/6ad8e0b8b57c973e69d6330421a0202b.jpg,800,1066,0,2026-02-02
2026-09-05,calca legging canelada,AfCYqJ-6Ie_1vrf0fYYZtmFhx18M5Qx3iXdo1oqpnNGvpbZtyOS0FWyDuyx88Q2FkB2dtwS5TJr1nz4prNO46y8,22,1,0,3 Pack Leggings for,amazon.com,https://www.amazon.com/Leggings-Women-No-See-Through-Waisted-Control/dp/B0DDTH5NB1/ref=asc_df_B0DDTH5NB1?hvdev=%7Bdevice%7D&hvcampaign=%7Bcampaignid%7D&hvadgroupid=%7Badgroupid%7D&hvprdptid=%7Bproduct_partition_id%7D&hvprdgrpid=%7Bpromoted_product_group_id%7D&hvcr=%7Bcreative_id%7D&hvadid=%7Badid%7D&hvprdid=%7Bproduct_id%7D&hvplc=%7Bplacement%7D&psc=1&tag=%7Bifnotmobile:ushpadpinde-20%7D%7Bifmobil,https://i.pinimg.com/originals/03/72/42/037242900b00071abf16b8334523510d.jpg,1680,2100,0,2025-11-13
2026-09-05,calca legging canelada,632052129002671901,23,1,0,Calça Legging Flare,meli.la,https://meli.la/1ni6hZA,https://i.pinimg.com/originals/56/8a/59/568a5958d1da2d32b8277309ed8b081b.jpg,750,950,0,2026-08-20
2026-09-05,calca legging canelada,4606760300163559296,24,0,0,Calça Legging fitness Canelada alto relevo Poliamida Ultra Premium Chill Cor:;Tamanho:GG - Off White | Netshoes,netshoes.com.br,https://www.netshoes.com.br/p/calca-legging-fitness-canelada-alto-relevo-poliamida-ultra-premium-chill-cortamanhogg-off+white-GH6-0051-205,https://i.pinimg.com/originals/19/4f/e4/194fe419fdfd652b2862910f8721a67b.jpg,1088,1088,0,2026-08-17
2026-09-05,calca legging canelada,AVdXHmeqSq9Wk1OMiWbqqVsYmCD4dFfoV4AogNVl6Yn-gbuQ-DRsHeMq2k3Oi6Jv0YUrZ_qu5KEM7zDB4kWe5rk,25,6,0,FULLSOFT Buttery Soft,amazon.com,https://www.amazon.com/Waisted-Leggings-See-Through-Leggings-Reg-Large-X-Large/dp/B08K987KMM/ref=asc_df_B08K987KMM?hvdev=%7Bdevice%7D&hvcampaign=%7Bcampaignid%7D&hvadgroupid=%7Badgroupid%7D&hvprdptid=%7Bproduct_partition_id%7D&hvprdgrpid=%7Bpromoted_product_group_id%7D&hvcr=%7Bcreative_id%7D&hvadid=%7Badid%7D&hvprdid=%7Bproduct_id%7D&hvplc=%7Bplacement%7D&psc=1&tag=%7Bifnotmobile:ushpadpinde-20%7D,https://i.pinimg.com/originals/ff/c9/93/ffc9934a78b25a9b0ea7ba7679b468f6.jpg,1600,2560,0,2026-03-20
2026-09-05,calca legging canelada,Aa_QzDefZpViSLw6iWHsyO31ZVoPwvqAN6sMDcuSojcljJwRkBPlC_MR7JystNv_QT4gPs07Nbccsg-JOdMFk0s,26,0,0,Temu | Pantalones de yoga,temu.com,https://www.temu.com/ul/kuiper/un3.html?subj=dpa-un&_bg_fs=1&_p_jump_id=1082&_x_vst_scene=adg&goods_id=605756430621593&adg_ctx=a-d7481a12~c-f5dee1bd&_p_rfs=1&_x_ads_channel=pinterest&_x_ads_creative_id=%7Bproduct_partition_id%7D&_x_ads_id=%7Badgroupid%7D&_x_ads_set=%7Bcampaignid%7D&_x_ads_sub_channel=shopping&_x_ns_catalog_id=1580405374697&_x_ns_creative=%7Badid%7D&_x_ns_gid=605756430621593&_x_ns_,https://i.pinimg.com/originals/52/d4/7c/52d47cb84a54834e49c293021bacec33.jpg,2000,3000,0,2026-08-10
2026-09-05,calca legging canelada,4599090147285672832,27,0,0,Calça Legging Feminina Canelada Poliamida Sem Transparência Fitness Cintura Alta Modela o Corpo,br.shein.com,https://br.shein.com/ark/default?scene=1&test=5051&ad_type=DPA&goods_id=541893498&pf=PINTEREST&link_type=link&url_from=PINADSDPA&ismg=9524f70d55a6d431a9d09ba5a5a6ce785f7222da7a67dc6e7f1e6d9e0201f6b1_01_1788544242,https://i.pinimg.com/originals/cf/e6/91/cfe69149b2e1bbb72f379b5cfbb6cfc6.jpg,1200,1540,0,2026-08-14
2026-09-05,calca legging canelada,217439488255696297,28,36,0,"A calça perfeita existe e eu posso provar! Seu toque é aveludado proporcionando conforto, qualidade e zero transparência! Treine com segurança e estilo ✨ #canelado #legging #gym #academia #roupafitnes",instagram.com,https://www.instagram.com/p/DQaUHUCibQy/,https://i.pinimg.com/originals/d2/cf/ea/d2cfeaa7a17476040cc60ebcaec1bfe4.jpg,1242,1650,0,2025-12-10
2026-09-05,calca legging canelada,AWftsm3yC-1hnj2l7dXuGmKXWViY7umDhGi9IyGeeD_wJldSVrQFllc6jQ1cEMarnGfW10PC4sN3yH3Yx8jJw2Q,29,2,0,YEOREO SoftHue Workout,amazon.com,https://www.amazon.com/YEOREO-Workout-Leggings-Scrunch-Control/dp/B0DRNSF711/ref=asc_df_B0DRNSF711?hvdev=%7Bdevice%7D&hvcampaign=%7Bcampaignid%7D&hvadgroupid=%7Badgroupid%7D&hvprdptid=%7Bproduct_partition_id%7D&hvprdgrpid=%7Bpromoted_product_group_id%7D&hvcr=%7Bcreative_id%7D&hvadid=%7Badid%7D&hvprdid=%7Bproduct_id%7D&hvplc=%7Bplacement%7D&psc=1&tag=%7Bifnotmobile:ushpadpinde-20%7D%7Bifmobile:ushp,https://i.pinimg.com/originals/3c/21/0a/3c210a479f66bf9e6b3bbedd87e9a8a1.jpg,1380,1800,0,2026-05-21
2026-09-05,calca legging canelada,1091982240928056862,30,1,0,ARARA SPORT KIT 2 Calça Legging Canelada Poliamida Sem Costura Sem Empina Cintura Alta Zero Transpar,vt.tiktok.com,https://vt.tiktok.com/ZS9BY4KBdWWjy-MFbTY/,https://i.pinimg.com/originals/d5/29/db/d529db8fc4522c3a6e50e0e38bbcaecb.jpg,1220,1273,0,2026-08-25
2026-09-05,calca legging canelada,AUjjBmdT0h-ZZvX12UeK9DATN--JSjiTgIOhp4Wrr7O01_GP3e-d34BWWmj7zXWJzFpa0CDoy4lAIJeBswAdaQ8,31,3,0,SUUKSESS Women 2 Piece,amazon.com,https://www.amazon.com/SUUKSESS-Workout-Scrunch-Seamless-Leggings/dp/B0DHRKHDV1/ref=asc_df_B0DHRKHDV1?hvdev=%7Bdevice%7D&hvcampaign=%7Bcampaignid%7D&hvadgroupid=%7Badgroupid%7D&hvprdptid=%7Bproduct_partition_id%7D&hvprdgrpid=%7Bpromoted_product_group_id%7D&hvcr=%7Bcreative_id%7D&hvadid=%7Badid%7D&hvprdid=%7Bproduct_id%7D&hvplc=%7Bplacement%7D&psc=1&tag=%7Bifnotmobile:ushpadpinde-20%7D%7Bifmobile:u,https://i.pinimg.com/originals/e8/45/8f/e8458f2609163a3990ee0bf6e35c1082.jpg,1000,1500,0,2026-03-20
2026-09-05,calca legging canelada,1083749098181768095,32,1,0,Calça legging,meli.la,https://meli.la/1annA2F,https://i.pinimg.com/originals/f2/49/4a/f2494a722881092c307a2c76f3e808b7.jpg,720,806,0,2026-08-13
2026-09-05,calca legging canelada,1123085225860579614,33,3,0,Calça Legging Canelada Preta - Cintura Alta Com Costura Realça Bumbum,s.shopee.com.br,https://s.shopee.com.br/4LB2EXyYTA?channel_type=pinterest,https://i.pinimg.com/originals/73/57/2a/73572a7455908c8bbac3055c68088036.jpg,750,750,0,2026-02-06
2026-09-05,calca legging canelada,AZjmvaUGZI8FvGxYOXQNlxKu2LQOnblR2SDSnRTn8K1TJgNBaq30_BukehtOV-P2S1NL-s0vrb-_X5nWpUnOcZc,34,5,0,SculptMove™ High-Waist,www2.hm.com,https://www2.hm.com/en_us/productpage.1315513012.html?utm_medium=unpl&utm_source=pinterest&utm_campaign=Global%20Performance_Dynamic%20Shopping&utm_content=performance&utm_term=us,https://i.pinimg.com/originals/6f/e6/f1/6fe6f191623bea14b46d198455216122.jpg,2333,3500,0,2026-03-10
2026-09-05,calca legging canelada,784611566398053036,35,1,0,Calça Flare,s.shopee.com.br,https://s.shopee.com.br/8pl77xggad?channel_type=pinterest,https://i.pinimg.com/originals/66/88/1f/66881f7dcd4b670d3090bff870cef521.jpg,853,1280,0,2026-08-19
2026-09-05,calca legging canelada,ATQjICs0oudBSrptfllN5-4ym0SkI29Uk1irxlQmpwaQGmFkHkAOItGgtpFactteeCB6dZCT4wcdZp5qh09gMRc,36,1,0,"Sunzel Flare Leggings,",amazon.com,https://www.amazon.com/Sunzel-Leggings-Crossover-Control-High-Waisted/dp/B0BYRL8XVB/ref=asc_df_B0BYRL8XVB?hvdev=%7Bdevice%7D&hvcampaign=%7Bcampaignid%7D&hvadgroupid=%7Badgroupid%7D&hvprdptid=%7Bproduct_partition_id%7D&hvprdgrpid=%7Bpromoted_product_group_id%7D&hvcr=%7Bcreative_id%7D&hvadid=%7Badid%7D&hvprdid=%7Bproduct_id%7D&hvplc=%7Bplacement%7D&psc=1&tag=%7Bifnotmobile:ushpadpinde-20%7D%7Bifmobi,https://i.pinimg.com/originals/1e/22/03/1e2203a6c13cdb98954516046ec28b09.jpg,1121,2560,0,2026-04-17
2026-09-05,calca legging canelada,1109715164490607638,37,20,0,"🔥 Conforto e estilo que modelam seu corpo! Essa legging canelada é perfeita para seus treinos ou looks casuais. Cintura alta, tecido que valoriza e super confortável. Disponíveis nas Cores: ❤️💙🖤 Garan",instagram.com,https://www.instagram.com/p/DFc6c6tOHe3/,https://i.pinimg.com/originals/f6/83/a2/f683a2783e460bfd9fdb01bf906d47bb.jpg,1440,1800,0,2025-05-07
2026-09-05,calca legging canelada,AQwe-3VjqYbs52EU2y5v8vx3Alcizu0n1F27qyS93_C2Mv4FGf3MYc5l1Xs9voMx5s-7sA0r03g6ATHHxjGCDzg,38,0,0,Hi Clasmix 3 Pack,amazon.com,https://www.amazon.com/Leggings-High-Waisted-Leggings-Women-Premium-Jeggings/dp/B088PN11QF/ref=asc_df_B088PN11QF?hvdev=%7Bdevice%7D&hvcampaign=%7Bcampaignid%7D&hvadgroupid=%7Badgroupid%7D&hvprdptid=%7Bproduct_partition_id%7D&hvprdgrpid=%7Bpromoted_product_group_id%7D&hvcr=%7Bcreative_id%7D&hvadid=%7Badid%7D&hvprdid=%7Bproduct_id%7D&hvplc=%7Bplacement%7D&psc=1&tag=%7Bifnotmobile:ushpadpinde-20%7D%7,https://i.pinimg.com/originals/59/7e/0f/597e0fe7245fb08f87b311f43c8fe9ee.jpg,1195,1262,0,2026-07-31
2026-09-05,calca legging canelada,AYO_X_i9r-ZSykQm1dqqJg0Oa1A9U76zlplgE1Zd6E6HA9p0ghpXMDd7GuCpOSmLkpJo1KIEl7vPDA9oEFW_NqY,39,1,0,W233 - Curve Seamless,youngla.com,https://www.youngla.com/products/w233?variant=42754444558524,https://i.pinimg.com/originals/12/66/b6/1266b6111f5d28933f7941db24107ebf.jpg,1365,2048,0,2024-11-27
2026-09-05,calca legging canelada,AQTSMG0zBisf2gnSdIFZDslKdRXwggd-YDGkJXVjlsyGBAFfnlLQKwwWN99h3gPOCK_wG3MUDoqZIBE4hvSYYpE,40,0,0,NW Sculpt Legging -,nakedwardrobe.com,https://nakedwardrobe.com/products/the-nw-sculpt-legging?variant=45959869530341,https://i.pinimg.com/originals/ab/98/9a/ab989ad2d62cdb0e8e7feea1d26f0dda.jpg,750,1000,0,2026-09-02
2026-09-05,calca legging canelada,215046950953344487,41,90,0,"Calça Legging Flanelada Disponível P M G GG R$ 60,00 Garanta já a sua ! #calça #calcalegging #leggings #outono #lançamento",instagram.com,https://www.instagram.com/p/DYSj8XNBWTr/,https://i.pinimg.com/originals/2c/23/73/2c23734f171234657b9b4c3f3090f6ab.jpg,1440,1920,0,2026-06-25
2026-09-05,calca legging canelada,376895062587712077,42,1,0,Shopee Brasil | Ofertas incríveis. Melhores preços do mercado,shopee.com.br,https://shopee.com.br/Cal%C3%A7a-Legging-Canelada-Premium-de-Cintura-Alta-Sem-Costura-Academia-Feminina-El%C3%A1stica-e-Fitness-i.790634216.22699042632?channel_type=pinterest,https://i.pinimg.com/originals/e3/3a/81/e33a814acf627c48424bb3269efce7d2.webp,828,828,0,2026-03-04
2026-09-05,calca legging canelada,1076149273482351062,43,33,0,Calça legging canelada premium,s.shopee.com.br,https://s.shopee.com.br/4fsnJo1K7H?channel_type=pinterest,https://i.pinimg.com/originals/b0/01/22/b0012261cdc4deeedf41b69b3db3e243.jpg,1056,1892,1,2026-05-04
2026-09-05,calca legging canelada,AVKcgDqgz94qGbwjNsmfecO7m8sqYgT2xA5yCnn5PVFwJOuYacaNuSx6mGBcabwynQpic8HJpm0DLSzAvwzDvJk,44,1,0,YEOREO CoreFlex Flare,amazon.com,https://www.amazon.com/YEOREO-Leggings-Pockets-Brittany-Workout/dp/B0CYBGFG22/ref=asc_df_B0CYBGFG22?hvdev=%7Bdevice%7D&hvcampaign=%7Bcampaignid%7D&hvadgroupid=%7Badgroupid%7D&hvprdptid=%7Bproduct_partition_id%7D&hvprdgrpid=%7Bpromoted_product_group_id%7D&hvcr=%7Bcreative_id%7D&hvadid=%7Badid%7D&hvprdid=%7Bproduct_id%7D&hvplc=%7Bplacement%7D&psc=1&tag=%7Bifnotmobile:ushpadpinde-20%7D%7Bifmobile:ush,https://i.pinimg.com/originals/e8/32/7e/e8327ece437560f3e75da72679cfa699.jpg,1500,1950,0,2026-03-15
2026-09-05,calca legging canelada,AdmVsXNGg0VAWKCZA3S3Ks5pjOKpbChStCFeqqYvaDYGRuImxWcdFxznR8e49mPu1m9ZZ8tQiCjn4KEtewV5-Og,45,0,0,Spacedye™ Caught In The,beyondyoga.com,https://beyondyoga.com/products/spacedye-caught-in-the-midi-high-waisted-legging-desert-sand-heather-sd3243?variant=43126428958819,https://i.pinimg.com/originals/d0/b8/64/d0b8643dfa030bb68940f7d05e4c0ab9.jpg,1159,1554,0,2025-07-04
2026-09-05,calca legging canelada,4595430912287625600,46,1,0,Legging Seamless Canelada | Tecido Encorpado,br.shein.com,https://br.shein.com/ark/default?scene=1&test=5051&ad_type=DPA&goods_id=509294651&pf=PINTEREST&link_type=link&url_from=PINADSDPA&ismg=4cf10359979209e0c0224f19f63902e850fb8dbb1c7cb2f0c60603108f597b04_01_1783532243,https://i.pinimg.com/originals/bd/98/fc/bd98fc62d3284f504603a7b2b5e53787.jpg,1340,1785,0,2026-07-02
2026-09-05,calca legging canelada,Aej81oRTz4uVzll98lG8KJelYcvPh86Xz0GbU_VTndq-PzYdP-y94tQzUt5uU29JfVcy_aI2Qtg58rCuXUYH-6E,47,10,0,YEOREO Hoida Women's High,amazon.com,https://www.amazon.com/YEOREO-Waisted-Lifting-Leggings-Contour/dp/B0DGT6W78H/ref=asc_df_B0DGT6W78H?hvdev=%7Bdevice%7D&hvcampaign=%7Bcampaignid%7D&hvadgroupid=%7Badgroupid%7D&hvprdptid=%7Bproduct_partition_id%7D&hvprdgrpid=%7Bpromoted_product_group_id%7D&hvcr=%7Bcreative_id%7D&hvadid=%7Badid%7D&hvprdid=%7Bproduct_id%7D&hvplc=%7Bplacement%7D&psc=1&tag=%7Bifnotmobile:ushpadpinde-20%7D%7Bifmobile:ushp,https://i.pinimg.com/originals/86/96/67/869667a09c4fbe476e0802c334297349.jpg,1066,1600,0,2025-11-11
2026-09-05,calca legging canelada,ARn81LztkUHp2W46xctBNi4p_eo-qyxP-hM-udlI8LEKEM124XiUFurCpC3RpY3yEh0TCyGqhHHIuywNuD7c83k,48,167,0,"Acadia Legging 27"" -",mondayswimwear.com,https://mondayswimwear.com/products/acadia-legging-black?variant=40745654550564,https://i.pinimg.com/originals/ed/64/44/ed6444366c05812550f1633989a54825.jpg,1366,2048,0,2026-02-04
2026-09-05,calca legging canelada,833025262367874887,51,2,0,jelik fashions Calça Legging Tecido Poliamida Canelado Premium Sem Transparência Academia Fitness,onelink.shein.com,https://onelink.shein.com/17/52u7bdctia02,https://i.pinimg.com/originals/72/a9/09/72a909bad750e403f26cb6365fb13330.jpg,1340,1785,0,2025-10-03
2026-09-05,calca legging canelada,1076149273475976140,52,2,0,Calça Legging Sem Costura Canelada Feminina Fitness,mercadolivre.com,https://mercadolivre.com/sec/2CkthAG,https://i.pinimg.com/originals/f7/da/fe/f7dafe07bc0ff66925e056192de292f7.webp,389,500,0,2025-11-16
2026-09-05,calca legging canelada,AfltlxZkKV7brnMzaAUfQnqbnarte3qTvhAmZqPdPspELd3egIuNAgqaAcgydFK5UqHBNXj7iMN2FmgDmNL0xQE,53,62,0,Yoga set check🧘‍♀️✅ Look,target.com,https://www.target.com/c/from-your-feed/-/N-qofd7?marketing_group_id=80mca&type=products,https://i.pinimg.com/originals/8e/f2/6a/8ef26a4dabe0a019bcc7c93698f6092f.jpg,1080,1920,1,2026-08-14
2026-09-05,calca legging canelada,AYqKi-_FekOC22uEM5FxVrgAboazZTSU3n4W5PTq5orJD90zQyNftT08f2FUnmVtiASF-TFxTyM9emU9Od0AUds,54,1,0,BlissBlend™ Collection by,vuoriclothing.com,https://vuoriclothing.com/collections/vuori-blissblend,https://i.pinimg.com/originals/48/f2/b7/48f2b72dfdc07230c9274e3c08063fa0.jpg,1200,1500,0,2026-06-22
2026-09-05,calca legging canelada,AU0_dWizRHSJ8ur2K8kSsqCH0-HUKn0A6v90FoWqhEKSZLSNIU_8Zw8om_B1U1WmuWb_snEh902S93ZjyTSd_dA,55,281,0,Neutral Outfit Staples I,amzlink.to,https://amzlink.to/az0I6ThhgFMCl,https://i.pinimg.com/originals/20/cb/8c/20cb8c815ba1d6f7aa7e9b1f787ebaa6.png,1000,1500,0,2026-03-15
2026-09-05,calca legging canelada,218846863143040218,56,5,0,Legging Canelada de Cintura Alta Sem Costura,s.shopee.com.br,https://s.shopee.com.br/801wLXerGS?channel_type=pinterest,https://i.pinimg.com/originals/f5/1a/96/f51a9665be3b6a1de3017cba28321f6f.jpg,1000,1500,0,2026-07-22
2026-09-05,calca legging canelada,33565959718606801,57,31,0,"Restock Alert ⚡️ Nuestro legging en rib americano grueso está de vuelta — ahora en gris, chocolate y negro. Una prenda versátil, de textura firme que no mota, no transparenta y se adapta a todo: desde",instagram.com,https://www.instagram.com/p/DPjcVnyjgz9/,https://i.pinimg.com/originals/bd/60/02/bd6002a594030c95dec4127d6e3bd436.jpg,1067,1422,0,2025-10-08
2026-09-05,calca legging canelada,AenGr_lcmvU9FxSt-7tgeJyNJSiQckaEDFyz7C3GaaDL7713cZK0-vhLThkSugADuKqWJ4Ay_FMTBGCjl0GFJJg,58,461,0,Amazon Workout Essentials,amzlink.to,https://amzlink.to/az0hQHzBlmvL4,https://i.pinimg.com/originals/30/c2/11/30c211934f5128660b642a9ceeeaa06e.png,1000,1500,0,2026-06-16
2026-09-05,calca legging canelada,Af14lZpBrpyjOWJodW1vGfJJZ2CDmowoP65s7v-chz9bgQhNlO7KZ_ijuzUP2o2qsn8h3gdzUz7P7nqh3yVjdUU,59,1,0,The Pants of the Season,freepeople.com,https://www.freepeople.com/fpmovement/shop/quick-step-bubble-pants/,https://i.pinimg.com/originals/c9/48/ca/c948cabb9a9acbdfc7dc52e0002b930a.jpg,2268,3402,0,2026-08-10
2026-09-05,calca legging canelada,AWl1tWNSTEMLsYNA0F5QggeJ0aRYWjSVe-U3F_ewBd2M7oAVoCqFAfnmfRq92Rt7Qy2ElR2nnMlHglPbwSP7xOk,60,83,0,Pink and White Spring,amzn.markable.ai,https://amzn.markable.ai/GcGug1Qo,https://i.pinimg.com/originals/ab/06/bd/ab06bd529350946cbdcfaf0de6d34dfd.png,1000,1500,0,2026-04-16
2026-09-05,calca legging canelada,708613322668894443,61,10,0,🤌🏻🤌🏻🤌🏻Comprei sem expectativa e me surpreendeu muitoooo,br.shp.ee,https://br.shp.ee/07bwjgzt?smtt=0.0.9,https://i.pinimg.com/originals/26/13/c4/2613c4e3089a6abc2a747e4c4b1f5e48.jpg,1200,1200,0,2026-06-09
2026-09-05,calca legging canelada,4609223186575566208,62,0,0,Calça Legging Canelada Feminina Cintura Alta,br.shein.com,https://br.shein.com/ark/default?scene=1&test=5051&ad_type=DPA&goods_id=406584300&pf=PINTEREST&link_type=link&url_from=PINADSDPA&ismg=dd09743f46c8a06b35998a6aee2e95bdab9bdc5668e27a748d439726f3234376_01_1788544239,https://i.pinimg.com/originals/cb/5d/5d/cb5d5db664e96c2eac7e3381caedd603.jpg,1340,1785,0,2026-05-22
2026-09-05,calca legging canelada,AeX3fiV2-G6d2pi4Sr5CCcMb4O9IsfBC5UgMTDhTHHLhHp5I9k1zoixDOu83UUL6JXDTgIGV1wIXQBU3B7-2PzQ,63,1148,0,Stylish Going Out Outfits,amzlink.to,https://amzlink.to/az0sMRyAHOgsO,https://i.pinimg.com/originals/43/c3/e5/43c3e5d130a09b724c15fe5ea135d51e.png,1000,1500,0,2025-08-05
2026-09-05,calca legging canelada,AUd-vDezotfq4dTrfqz50umMRrSHSZmE_12m6mbkBQojNSnawnmtbiwMqeuR7vfOXkyHV_Hbot4jEFwHVBuSC38,64,1,0,New Summer Drops!,fabletics.com,https://www.fabletics.com/dmg/A39B3F?utm_medium=paid_social_media&utm_source=pinterest&utm_campaign=pin_campaign_id_%7Bcampaignid%7D&utm_content=pin_adgroup_id_%7Badgroupid%7D&utm_term=pin_id_%7Badid%7D&nbt=nb:pinterest::%7Bcampaignid%7D:%7Badgroupid%7D:%7Badid%7D&nb_kwd=%7Bkeyword%7D&nb_device=%7Bdevice%7D&nb_platform=pinterest&nb_pn=%7Bproduct_name%7D&nb_ppgid=%7Bpromoted_product_group_id%7D&nb_,https://i.pinimg.com/originals/0e/37/0d/0e370d0ecd221b83cc118747814c201c.png,1000,1500,0,2026-08-06
2026-09-05,calca legging canelada,4598245689251136384,65,0,0,LEGGING CANELADA ADRIANA,dluastore.com.br,https://dluastore.com.br/produtos/legging-canelada-adriana-yru27/,https://i.pinimg.com/originals/5a/68/1e/5a681ed24cb9edb55ccc6229e6d66950.jpg,1024,1365,0,2026-08-11
2026-09-05,calca legging canelada,603271312648151236,66,1,0,Shopee Brasil | Ofertas incríveis. Melhores preços do mercado,shopee.com.br,https://shopee.com.br/Cal%C3%A7a-Legging-Canelada-de-Cintura-Alta-Sem-Costura-para-Academia-Feminina-El%C3%A1stica-Esportiva-e-Fitness-i.614376574.23898303906?channel_type=pinterest,https://i.pinimg.com/originals/c9/a0/7e/c9a07ebec0bc76f65fefe2eb447f35d4.webp,1000,1000,0,2026-06-12
2026-09-05,calca legging canelada,488710997085682924,67,6,0,Calça Fuseau Feminina de Tricô Canelada Preto,anselmi.com.br,https://www.anselmi.com.br/loja/calca-fuseau-canelada-46667-preto-046667010/p,https://i.pinimg.com/originals/ad/5c/01/ad5c012add8e8af4007123fd14f4a267.jpg,800,1067,0,2026-01-11
2026-09-05,calca legging canelada,650910952432760285,68,27,0,"✨ Conforto que abraça, estilo que eleva. Tricot em ponto clássico Biamar, no tom rosé mais delicado da estação + legging fuseau canelada com cintura média e toque macio. Look pensado pra quem quer se ",instagram.com,https://www.instagram.com/p/DMGBoCksKlu/?img_index=4,https://i.pinimg.com/originals/04/3d/95/043d95a0cfb631db932e5b0d5c635303.jpg,1440,1920,0,2025-07-15
2026-09-05,calca legging canelada,AYo0Z1NYv0EMe9qpfufZ5S6bMmD9eQ4qCL2cfUYkwppKtrGV_9Gk4Cy21OrDgjfc07sslG0ypEDT2eO36pjL_cQ,69,3,0,Find Your Store.,nike.com,http://www.nike.com/retail,https://i.pinimg.com/originals/67/b3/c9/67b3c943c07a59479552f8f09ca35064.jpg,1080,1920,1,2026-08-24
2026-09-05,calca legging canelada,4605071428531277184,70,0,0,Legging Fitness Feminina Nude Canelada Action Dlk - NUDE / P,dlk.com.br,https://dlk.com.br/products/legging-fitness-feminina-nude-canelada-action-dlk?variant=47670608462036,https://i.pinimg.com/originals/22/b2/0e/22b20e57eb0e8c6e1d09bb03d964f59d.jpg,1000,1428,0,2026-06-18
2026-09-05,calca legging canelada,660621839134705392,71,1,0,Calça Legging Push Up Canelada de Cintura Alta Sem Costura para Academia Feminina Esportiva sem Costura | Shopee Brasil,shopee.com.br,https://shopee.com.br/Cal%C3%A7a-Legging-Push-Up-Canelada-de-Cintura-Alta-Sem-Costura-para-Academia-Feminina-Esportiva-sem-Costura-i.1161899944.21298073937?extraParams=%7B%22display_model_id%22%3A219176822528%7D&channel_type=pinterest,https://i.pinimg.com/originals/d8/04/e8/d804e861f54fcc8677b99cceac234555.jpg,1024,1024,0,2026-06-25
2026-09-05,calca legging canelada,663788432619090716,72,10,0,"A calça perfeita existe e eu posso provar! Seu toque é aveludado proporcionando conforto, qualidade e zero transparência! Treine com segurança e estilo ✨ #canelado #legging #gym #academia #roupafitnes",instagram.com,https://www.instagram.com/p/DQaUHUCibQy/?img_index=7,https://i.pinimg.com/originals/ed/05/14/ed0514da6bed77c28f3335461f60b97c.jpg,1242,1650,0,2025-10-30
2026-09-05,calca legging canelada,967007351249567729,73,11,0,"👋 Oii Galera 🏋️ Calça Legging Canelada de Cintura Alta Conforto, estilo e performance para seus treinos! ✨ ✔️ Modelo sem costura para mais liberdade de movimento ✔️ Cintura alta que valoriza a silhuet",instagram.com,https://www.instagram.com/p/DNvpBjGWjqs/?img_index=10,https://i.pinimg.com/originals/2b/8e/96/2b8e96056a47ff97288ffd66e7f2c827.jpg,800,1060,0,2025-08-25
2026-09-05,conjunto fitness feminino,957437202054832146,2,7,0,,,,https://i.pinimg.com/originals/76/f4/59/76f45990e55c34ebbc25a5b037a17731.jpg,1024,1536,0,2026-08-20
2026-09-05,conjunto fitness feminino,224124518954166897,3,53,0,Conjunto esportivo estiloso,onelink.shein.com,https://onelink.shein.com/47/5ywq0pb4pt74,https://i.pinimg.com/originals/81/ae/ca/81aeca23a363c9b31b969c87e83ad9ba.png,1042,1508,0,2026-08-21
2026-09-05,conjunto fitness feminino,ATZ0ghnWEXsRdXrUqMLFLQnWQzS1jZCHuCM7Vw_VntK24DK1gRnAYp5rZMSMWSyS0lpeSKeHxWg5QX2_SJAWnzA,4,1,0,BlissBlend™ Collection by,vuoriclothing.com,https://vuoriclothing.com/collections/vuori-blissblend,https://i.pinimg.com/originals/48/f2/b7/48f2b72dfdc07230c9274e3c08063fa0.jpg,1200,1500,0,2026-06-22
2026-09-05,conjunto fitness feminino,120471358777813712,5,57,0,,,,https://i.pinimg.com/originals/98/84/88/988488c5b81152e9e69db7a8ce3ee2c4.png,1024,1536,0,2026-08-04
2026-09-05,conjunto fitness feminino,AWmlVsCWksPdKlKfY8EdGLLbK4rIphnWKJnP_-4N9Le6PRZur-FzIf-WlCcBUDydQogwSvsiYHClekwjfuMZjFs,6,461,0,Amazon Workout Essentials,amzlink.to,https://amzlink.to/az0hQHzBlmvL4,https://i.pinimg.com/originals/30/c2/11/30c211934f5128660b642a9ceeeaa06e.png,1000,1500,0,2026-06-16
2026-09-05,conjunto fitness feminino,AScQ865A7guVDTK2bof91m1wShp59egPY08qw1gGpBeXHpGDuZwe5IkvaZKO33v0tRIkPKMIIsl_3UjRGaA16oM,7,324,0,Amazon Workout Pieces,amzlink.to,https://amzlink.to/az0Vd3bXPYd4E,https://i.pinimg.com/originals/7a/f5/88/7af588c46af4fc8bcc6f38f0d4498fb6.png,1000,1500,0,2026-04-15
2026-09-05,conjunto fitness feminino,AcUypnGrcTadjBMX1bPICBZECUV_R-zECzIqsM9NHSq-8ZaES-M19ZRIIokwC6AOLkWVP5bCXP5Kl8yDVRyV1kw,8,1,0,"Everyday Seamless,",gymshark.com,https://www.gymshark.com/?utm_medium=paid_social&utm_source=pinterest&utm_campaign=%7Bcampaignname%7D&utm_content=%7Badgroupid%7D&utm_term=%7Badid%7D&utm_ID=%7Badgroupname%7D,https://i.pinimg.com/originals/b5/b6/2c/b5b62ce6fe6a108f7da0ae4fbf4e72ec.jpg,1080,1920,0,2026-07-01
2026-09-05,conjunto fitness feminino,2392606049430696,9,956,0,Maroon Gym Girl Essentials 🤎🍂,,,https://i.pinimg.com/originals/a4/4e/a5/a44ea549f2d92673a77034f02518308c.png,1024,1536,0,2026-08-23
2026-09-05,conjunto fitness feminino,59250551351893971,10,7676,0,Lulu,,,https://i.pinimg.com/originals/55/ff/cc/55ffccdfce52ce9c33ca983b5c2db24b.png,1024,1536,0,2026-06-07
2026-09-05,conjunto fitness feminino,1087056428846005526,11,3,0,"Conjunto alo para malhar e yoga, com Top e calça flare",s.shopee.com.br,https://s.shopee.com.br/80C7nySJ9o?channel_type=pinterest,https://i.pinimg.com/originals/b2/69/44/b269449f76089252b7a800f82de23e57.jpg,937,1666,0,2026-08-24
2026-09-05,conjunto fitness feminino,AdvjUI71WeWOqW0k4g2UqiKBhImmC5FcxWXYAP-x-rGOEjObdJrecVduNKYRBD-aIJqGKYfRtLcX6Icj-mIW9Sc,12,62,0,Yoga set check🧘‍♀️✅ Look,target.com,https://www.target.com/c/from-your-feed/-/N-qofd7?marketing_group_id=80mca&type=products,https://i.pinimg.com/originals/8e/f2/6a/8ef26a4dabe0a019bcc7c93698f6092f.jpg,1080,1920,1,2026-08-14
2026-09-05,conjunto fitness feminino,ARp1Djo2fkVR68b5fgMlH_bTKrx8ZHgIfzW6DOKAXXZX67W36GTgbU4DU73-E-qkU1pTI2zG0sui-W6QtRV0iPY,13,83,0,Pink and White Spring,amzn.markable.ai,https://amzn.markable.ai/GcGug1Qo,https://i.pinimg.com/originals/ab/06/bd/ab06bd529350946cbdcfaf0de6d34dfd.png,1000,1500,0,2026-04-16
2026-09-05,conjunto fitness feminino,AUNkpZU3rnqQEYnNac_DZra54tcCXgxa0PCBSjabzmj_gLKBVMUZLIxvg8jAIRu_7mh18efKAtMXbH3nC2H1bRs,14,1,0,New Color Drop!,fabletics.com,https://www.fabletics.com/dmg/A39B3F?utm_medium=paid_social_media&utm_source=pinterest&utm_campaign=pin_campaign_id_%7Bcampaignid%7D&utm_content=pin_adgroup_id_%7Badgroupid%7D&utm_term=pin_id_%7Badid%7D&nbt=nb:pinterest::%7Bcampaignid%7D:%7Badgroupid%7D:%7Badid%7D&nb_kwd=%7Bkeyword%7D&nb_device=%7Bdevice%7D&nb_platform=pinterest&nb_pn=%7Bproduct_name%7D&nb_ppgid=%7Bpromoted_product_group_id%7D&nb_,https://i.pinimg.com/originals/95/cb/7c/95cb7c21a3889f5b23f0c9486196fc49.jpg,1000,1500,0,2026-08-19
2026-09-05,conjunto fitness feminino,572449802659412690,15,74,0,Conjunto fitness rosa e branco,onelink.shein.com,https://onelink.shein.com/46/5yacl8nbzygb?ismg_ol=56b1126c260f60d01dd03698752a0c28651dcb49e073bd32e11a81889540bced_01_KOC-C,https://i.pinimg.com/originals/74/04/bb/7404bbdb5a3b9af16d5579c880a04bc2.jpg,1080,1920,0,2026-08-18
2026-09-05,conjunto fitness feminino,AUIGQzFj9ouf2NtWEwpnW-DNu1liYV9rEaamjE8aMGc1dxMPKMXaspPP3T8F8hMX8aFWrj4rgKMzSDtFQl09JUs,16,5,0,3pcs Women's Sports Suit,us.shein.com,https://us.shein.com/ark/default?scene=1&test=5051&ad_type=DPA&goods_id=448838924&pf=PINTEREST&url_from=PINADSDPA&ismg=577a7f01739c93fddacc8cc7bc64a899fc0e854a453a6b3265d7d2af0dbbb482_01_1788542387,https://i.pinimg.com/originals/18/5b/a1/185ba17429b7dd990bbf12cab2d170b9.jpg,1065,1598,0,2026-06-05
2026-09-05,conjunto fitness feminino,644929609185357846,17,1,0,looks de academia shein,,,https://i.pinimg.com/originals/b4/97/06/b49706c4a563f73ecac1ee95bbf42d68.png,1023,1537,0,2026-08-20
2026-09-05,conjunto fitness feminino,157555686962424799,18,111,0,,,,https://i.pinimg.com/originals/3b/09/95/3b0995d7e460202281255ee9884dbf93.jpg,736,1338,0,2026-07-12
2026-09-05,conjunto fitness feminino,Ac9RCu5jYbSgthWaIFnjajDSmyteGv4T2VBu-Hyi-NAAhSW7dw9zTmHjgkoYbo5YTrmuszC7nhuVxHDq7I1CWUw,19,1,0,Temu | Conjunto deportivo,temu.com,https://www.temu.com/ul/kuiper/un3.html?subj=dpa-un&_bg_fs=1&_p_jump_id=1082&_x_vst_scene=adg&goods_id=605982855895656&adg_ctx=a-dcf11b8e~c-ecfdb6b7&_p_rfs=1&_x_ads_channel=pinterest&_x_ads_creative_id=%7Bproduct_partition_id%7D&_x_ads_id=%7Badgroupid%7D&_x_ads_set=%7Bcampaignid%7D&_x_ads_sub_channel=shopping&_x_ns_catalog_id=1580405374697&_x_ns_creative=%7Badid%7D&_x_ns_gid=605982855895656&_x_ns_,https://i.pinimg.com/originals/a3/2e/4e/a32e4eecf9731ce56a6617ffe491bc3c.jpg,2000,3000,0,2026-07-17
2026-09-05,conjunto fitness feminino,AbRJTaHgM9KZ5uHV6cCLazn2uBYaXPHSiTiZgGTDDSjQe_C6kFfCq55vapTQQJlFkXiq1pk3r1SduJep3aC4wGQ,20,736,0,Amazon Workout Outfit,urlgeni.us,https://urlgeni.us/amzn/dEfjJ2,https://i.pinimg.com/originals/15/5c/48/155c48e1f8e50621a814310d09b8ad2d.png,1000,1500,0,2026-02-03
2026-09-05,conjunto fitness feminino,AQHpbxCp6zVxJKtmV2CJO4HYRvEHoCiNIFvjZjEZbKxI_wB9ECj8YEhekSBTyOAwKEsrtl-z8RsxfObD5-PHimE,21,1,0,3 Piece Workout Sets for,homebody-hustle.com,https://homebody-hustle.com/product/3-piece-workout-sets-for-women-butt-lifting-leggings-with-high-impact-sports-bra-gym-shorts/,https://i.pinimg.com/originals/82/93/86/829386f6b1b46724b5b07c44a49a0d08.webp,967,1500,0,2025-12-24
2026-09-05,conjunto fitness feminino,112308584465140938,22,65,0,Kit 2 Conjuntos Fitness Feminino – Short e Top de Academia Cintura Alta,s.shopee.com.br,https://s.shopee.com.br/2gACRYgbdv?channel_type=pinterest,https://i.pinimg.com/originals/8e/76/79/8e76794ff67ddff9a28f0bca6e2e3f71.png,941,1672,0,2026-08-25
2026-09-05,conjunto fitness feminino,AZMZeFkILdkgJL0Pd6SLjrdwxB9YArrvcqy8hP0FbfqmRWsDC7o7PNz5qEub3M_Vp_PJctATUjdaeKPegAv4puo,23,0,0,Temu | Conjunto de,temu.com,https://www.temu.com/ul/kuiper/un3.html?subj=dpa-un&_bg_fs=1&_p_jump_id=1082&_x_vst_scene=adg&goods_id=601105274419407&adg_ctx=a-a3944c57~c-43884004&_p_rfs=1&_x_ads_channel=pinterest&_x_ads_creative_id=%7Bproduct_partition_id%7D&_x_ads_id=%7Badgroupid%7D&_x_ads_set=%7Bcampaignid%7D&_x_ads_sub_channel=shopping&_x_ns_catalog_id=1580405374697&_x_ns_creative=%7Badid%7D&_x_ns_gid=601105274419407&_x_ns_,https://i.pinimg.com/originals/6f/1e/09/6f1e0908167338da6e4c4184d159f8f9.jpg,2000,3000,0,2026-08-22
2026-09-05,conjunto fitness feminino,538250592987544062,24,174,0,Conjunto fitness 🤎,onelink.shein.com,https://onelink.shein.com/46/5xv5erp6vn0r,https://i.pinimg.com/originals/1d/5a/50/1d5a50bac0f61b4b3a3e0589f982732c.jpg,1536,2752,0,2026-08-25
2026-09-05,conjunto fitness feminino,233694668162226564,25,14,0,Conjunto Cropped e Legging Flare Pantalona Inverno Fitness,s.shopee.com.br,https://s.shopee.com.br/30nB7ji1Hn?channel_type=pinterest,https://i.pinimg.com/originals/1d/be/ec/1dbeeca0c1132619d27670fb04278402.jpg,1536,2752,0,2026-08-19
2026-09-05,conjunto fitness feminino,129408189289861641,26,110,0,Corpo tonificado,,,https://i.pinimg.com/originals/93/29/e6/9329e66cd6d917d5d2a3b157937dc55d.png,941,1672,0,2026-08-09
2026-09-05,conjunto fitness feminino,171981279523158814,27,88,0,Neutral Gym Outfit Ideas 🤎,,,https://i.pinimg.com/originals/67/a9/8b/67a98b05f93ee18caac6c7af8e86e6a4.png,1024,1536,0,2026-08-24
2026-09-05,conjunto fitness feminino,AeThQlPZtWO6n7dpQceD6M0yMpt4HW_aF7HBvVM5pbKPNgUSXKfkKmQkP7jBx8UWWypPG0QlLA8cVfqLlWeL5oM,28,4003,0,WISKII Season's Must -,wiskiiactive.com,https://wiskiiactive.com/collections/2024-winter-essentials,https://i.pinimg.com/originals/bd/20/08/bd2008f4a93cc18aad384f1c8247909d.jpg,720,1280,1,2024-12-11
2026-09-05,conjunto fitness feminino,93801604735602760,29,136,0,,,,https://i.pinimg.com/originals/0d/a7/66/0da76689a0a2b812090eb91d5e531d62.png,971,1619,0,2026-07-30
2026-09-05,conjunto fitness feminino,66991113213135144,30,151,0,20 Stylish Barry's Bootcamp Outfit Ideas to Sweat,sewmamasew.com,https://www.sewmamasew.com/20-barrys-bootcamp-outfit-ideas/,https://i.pinimg.com/originals/dd/bf/cf/ddbfcfd20ad7db887768a1bac9e507e9.jpg,720,1279,0,2026-08-04
2026-09-05,conjunto fitness feminino,ARKIj2Xyjht5fZNkRGcmTU7OZnde0uoWACHEGoEKDgWRcb7Yv-yqBR0i5vxvr9DNQQAdfSFcg_AVBEvfET2brd8,31,1,0,Temu | Mono deportivo sin,temu.com,https://www.temu.com/ul/kuiper/un3.html?subj=dpa-un&_bg_fs=1&_p_jump_id=1082&_x_vst_scene=adg&goods_id=606465418974473&adg_ctx=a-46d11e63~c-5f480872&_p_rfs=1&_x_ads_channel=pinterest&_x_ads_creative_id=%7Bproduct_partition_id%7D&_x_ads_id=%7Badgroupid%7D&_x_ads_set=%7Bcampaignid%7D&_x_ads_sub_channel=shopping&_x_ns_catalog_id=1580405374697&_x_ns_creative=%7Badid%7D&_x_ns_gid=606465418974473&_x_ns_,https://i.pinimg.com/originals/82/01/f6/8201f632621a28b4eff50ee01aac2f13.jpg,2000,3000,0,2026-07-25
2026-09-05,conjunto fitness feminino,187180928260829625,32,66,0,"Moda fitness que une conforto, modelagem impecável e um tom que combina com qualquer momento. ✨💚 Enviamos para todo o Brasil 🚚 Garanta o seu antes que esgote! 🛍️ Acesse o site pelo link da bio. #BEFIT",instagram.com,https://www.instagram.com/p/Da09NYrlqVG/,https://i.pinimg.com/originals/bc/f1/8e/bcf18e97917be6f09fb18f2c54dc0ba2.jpg,1440,1920,0,2026-08-05
2026-09-05,conjunto fitness feminino,ARW3qwN-y72T09LkYV-8Ui-Mm4xwZ0LHIFO2pvC15VKDcoEUwaLBv85897dVQtoSgQtWYy1Anchmc9iZqVunBTo,33,1,0,Chic Fall Athleisure,amzlink.to,https://amzlink.to/az0YY8fy6517X,https://i.pinimg.com/originals/74/8d/c1/748dc1bf14ffc6de92278cf57c2d032b.png,1000,1500,0,2026-08-07
2026-09-05,conjunto fitness feminino,342555115431036021,34,41,0,Pink Pilates Set Aesthetic | Zip-Up Jacket & High Waist Leggings | Soft Girl Activewear,faith-shop.fr,https://faith-shop.fr/products/lot-de-2-ensembles-pilates-yoga-bleu-ciel-taupe,https://i.pinimg.com/originals/b8/85/f8/b885f8e11514b8e058e7bd5cb7552395.png,1086,1448,0,2026-08-02
2026-09-05,conjunto fitness feminino,1119918632369201646,35,29,0,,,,https://i.pinimg.com/originals/b7/04/04/b704043b4994a3f7e3a1f2cfd6ec8528.jpg,735,1105,0,2026-08-19
2026-09-05,conjunto fitness feminino,14707136282189088,36,945,0,Pearl's Amazon Page,amazon.com,https://www.amazon.com/shop/moodmade?ref_=cm_sw_r_apann_aipsfshop_5P24BPHGA1H957ZY2SSH&language=en-US&ccs_id=357f6e80-b65a-403f-bcf8-c0b9e69d3e40,https://i.pinimg.com/originals/21/99/14/21991452025fbc0407f1e67984831eca.jpg,736,1104,0,2026-02-18
2026-09-05,conjunto fitness feminino,ARf1i5BLh0V8ONOJAVsZLJhWhHUsBsu2W_on-0YtWmat8EgbxlRc8fWThszbk0VRrf4pIZJoJdyOEgQscrCXjV4,37,140,0,The ultimate glow up for,upliftbylindseyharrod.com,https://upliftbylindseyharrod.com/pages/shred-for-the-wed-2-0,https://i.pinimg.com/originals/8d/bd/a0/8dbda0c2896c113903ee4f478bac6ad9.png,1080,1920,0,2026-02-24
2026-09-05,conjunto fitness feminino,AfNnNgF7aHhUT1KEG9UK_i0JNKdymjQP6g4lTXN6fBZDBUwP6wKUKOUHTSJbvXxAJRzmJKIi1J74mxq4F0_Ornc,38,0,0,Old Navy Women's Light,oldnavy.gap.com,https://oldnavy.gap.com/browse/product.do?pid=861282062&vid=1,https://i.pinimg.com/originals/16/c4/70/16c4700d51d727003a1109ccaadaacd5.jpg,1500,2000,0,2026-08-08
2026-09-05,conjunto fitness feminino,16395986141551245,39,209,0,Red Pilates Outfit Set for Women | Halter Top & Flared Leggings,,,https://i.pinimg.com/originals/ae/4d/05/ae4d05da3e3cfeeb5e57a2207b47ea12.png,941,1672,0,2026-08-12
2026-09-05,conjunto fitness feminino,652881277276642712,40,6,0,Conjunto fitness feminino,vt.tiktok.com,https://vt.tiktok.com/ZS9kXbVxPAhEr-wqq7m/,https://i.pinimg.com/originals/3e/4e/11/3e4e11352951a02a7802408425e0babc.jpg,940,1671,0,2026-08-18
2026-09-05,conjunto fitness feminino,ARMZTyyHTIZdVBIp6ZSZZuOg1aFSv-feXXDyNLneDMe8K-DA_lsYibxeTnyRnYtD-Dkl2L13e-lLJ48C6Nk44F4,41,49,0,Baby Pink Balletcore,ancosti.com,https://ancosti.com/collections/active-chic/products/balletcore-stretchy-active-set,https://i.pinimg.com/originals/b6/a7/ca/b6a7ca1cb5749c2b65c9bcd182b5f800.jpg,1000,1500,0,2026-05-27
2026-09-05,conjunto fitness feminino,1094022934507075644,42,39,0,healthy lifestyle vision board | Descubre las,,,https://i.pinimg.com/originals/55/89/40/55894089170a963e81a7a0bc599673ab.jpg,736,1300,0,2026-06-23
2026-09-05,conjunto fitness feminino,40743571625860315,43,32,0,"25 Yoga Outfit Ideas 2026 for Comfy, Trendy Studio...",sewmamasew.com,https://www.sewmamasew.com/25-yoga-outfit-ideas-2026/,https://i.pinimg.com/originals/1f/d6/36/1fd6362917882ad9beb642cb78d6ef70.jpg,720,1279,0,2026-08-23
2026-09-05,conjunto fitness feminino,AbvziGUKdOMwTnldX8eA0ovHE-dolj3tZyFNh-WXMgaEIapBGgPU_ohF3my2ByBrb0CXnZqDrgG3vdu0cc592KM,44,3,0,Find Your Store.,nike.com,http://www.nike.com/retail,https://i.pinimg.com/originals/67/b3/c9/67b3c943c07a59479552f8f09ca35064.jpg,1080,1920,1,2026-08-24
2026-09-05,conjunto fitness feminino,434808539045550511,45,709,0,,,,https://i.pinimg.com/originals/0a/3f/e0/0a3fe0fd38219f023524b4323a5bdcf1.jpg,736,1308,0,2025-12-27
2026-09-05,conjunto fitness feminino,224124518954173868,46,100,0,Continue,b.buzzfeed.workers.dev,https://b.buzzfeed.workers.dev/?u=https://dijbi.com/workout-guide-hourglass-figure/%3Futm_campaign%3Dengineer%26utm_source%3Dmomo%26utm_medium%3Dsocial,https://i.pinimg.com/originals/bc/82/17/bc82174255c87fd9272e731292326927.jpg,736,1006,0,2026-08-24
2026-09-05,conjunto fitness feminino,1108941108278182939,47,1,0,Conjunto Bermuda Feminino Academia Blackout Zero Transparenc,meli.la,https://meli.la/1wcxhSc,https://i.pinimg.com/originals/b5/22/d2/b522d2b9c7f8218e8dc7de315321de3b.jpg,720,1280,0,2026-08-19
2026-09-05,conjunto fitness feminino,1128573987894167727,48,14,0,roupa_academia | Corra Antes que Acabe,s.shopee.com.br,https://s.shopee.com.br/4fsg7DkgpZ?channel_type=pinterest,https://i.pinimg.com/originals/ee/66/ca/ee66ca3f3182a4918772f591a5cb7f4c.jpg,736,1104,0,2026-04-30
2026-09-05,conjunto fitness feminino,1135399756075876217,49,439,0,Instagram,instagram.com,https://www.instagram.com/p/DQUf9WtjGhw/?img_index=5,https://i.pinimg.com/originals/19/c2/9f/19c29fd0248c06506ca7f31bda1b3c29.jpg,1080,1350,0,2025-11-11
2026-09-05,conjunto fitness feminino,355854808090249458,50,188,0,Matching Workout Set | Wide Leg Workout Set,amazon.com,https://www.amazon.com/dp/B0FYDT38T1/ref=cm_sw_r_as_gl_api_gl_i_H9B111Y0EQ1Y91THYDQY?linkCode=ml1&tag=alexaacosta-20&linkId=475bd1350c164e799b6357bf008b7ba1,https://i.pinimg.com/originals/d0/1b/dd/d01bdd1d84ffde69c7d06938444cd044.jpg,1080,1920,0,2026-07-20
2026-09-05,conjunto fitness feminino,170925748355781849,51,115,0,Purplebury Outfit ✨,,,https://i.pinimg.com/originals/b8/b3/d6/b8b3d61c74d6bc78b52699030ef6eaa3.jpg,887,1577,0,2026-08-06
2026-09-05,conjunto fitness feminino,AdZ-ixurvcGXTx1wDDKP7A5aQ_ZKSObjIKwG4BUVGz1anilw7ug-LFZB95PbFFG37MY7tsZNTz07BfQxNW_bhe4,51,1036,0,Title: Amazon Activewear,amzlink.to,https://amzlink.to/az0K3VqzW7hMp,https://i.pinimg.com/originals/a9/da/16/a9da16ef0047e7f67a035dd56cd4ffa9.png,1000,1500,0,2026-04-15
2026-09-05,conjunto fitness feminino,10766486607624691,52,585,0,,,,https://i.pinimg.com/originals/30/08/ce/3008cea5933588b59c0d49a926c1e4ec.jpg,1024,1536,0,2026-07-25
2026-09-05,conjunto fitness feminino,AagI_vmOymYXod9p5ZgWqOLy10FC6CASr65GBbSFtOwghhFRoJIEDJHQ_k7nG3W3xmASXoKzw0AYeljp9ZENLLo,53,11,0,Amazon Activewear That,amzlink.to,https://amzlink.to/az0aKL5louKsO,https://i.pinimg.com/originals/a8/8d/5d/a88d5dbf131da96527fdee35eaf1e40d.jpg,1000,1500,0,2026-08-22
2026-09-05,conjunto fitness feminino,4594727279185496960,54,0,0,"Conjunto de Camiseta Regata e Shorts Esportivos com Acabamento Decorado Feminino, Uso Casual Chique e Minimalista para o Dia a Dia",br.shein.com,https://br.shein.com/ark/default?scene=1&test=5051&ad_type=DPA&goods_id=49723454&pf=PINTEREST&link_type=link&url_from=PINADSDPA&ismg=9e5f77ded630977dfbefeb2df6d2761d9e5e43cf4c4058716e650964f01f9213_01_1788544261,https://i.pinimg.com/originals/91/96/4e/91964ea04dbeb21311a44e6112bb5ab3.jpg,1340,1785,0,2026-08-29
2026-09-05,conjunto fitness feminino,503206958389660273,55,6,0,,,,https://i.pinimg.com/originals/37/eb/dd/37ebdd41ac3542d85966220f79767f3a.jpg,1080,1920,0,2026-08-15
2026-09-05,conjunto fitness feminino,ARiADmGGPHEYQL8VTksuxFOFm7I8nQwMpFJYcEE22zhucuatMCECpQRvZFDGVtq61fzg9zuvLUkmKNjdMo0jSpg,56,1,0,New Summer Drops!,fabletics.com,https://www.fabletics.com/dmg/A39B3F?utm_medium=paid_social_media&utm_source=pinterest&utm_campaign=pin_campaign_id_%7Bcampaignid%7D&utm_content=pin_adgroup_id_%7Badgroupid%7D&utm_term=pin_id_%7Badid%7D&nbt=nb:pinterest::%7Bcampaignid%7D:%7Badgroupid%7D:%7Badid%7D&nb_kwd=%7Bkeyword%7D&nb_device=%7Bdevice%7D&nb_platform=pinterest&nb_pn=%7Bproduct_name%7D&nb_ppgid=%7Bpromoted_product_group_id%7D&nb_,https://i.pinimg.com/originals/0e/37/0d/0e370d0ecd221b83cc118747814c201c.png,1000,1500,0,2026-08-06
2026-09-05,conjunto fitness feminino,465841155227509693,57,276,0,"Gym Outfit Ideas 2026 — Cute, Aesthetic & Classy Gym Outfits for Women | Pinterest Inspo",women-club.online,https://women-club.online/fashion/gym-outfit-ideas-2026-cute-aesthetic-inspo/,https://i.pinimg.com/originals/a9/1c/e4/a91ce48aaf9e793ec7b12bb6344a65df.webp,736,1312,0,2026-01-25
2026-09-05,conjunto fitness feminino,AbGcAGtNDeo47yAT3zE908TbSdzYlrjmMI5oaq-5l99o7ZYYc_Rk-MS3B8O0SmZWkXwHO9pGq450Puwh8txcRws,58,0,0,New Vuori BlissBlend™ Is,vuoriclothing.com,https://vuoriclothing.com/collections/vuori-blissblend,https://i.pinimg.com/originals/cd/f0/95/cdf0951947039fdb703541c4e1c32961.jpg,1080,1920,1,2026-08-03
2026-09-05,conjunto fitness feminino,AZH1dlgu_OcbauLOrRkqfBKMnE9VSvxQl9-Q5sc-23b7BbAKzNbRndx62DYumHVeWfxJMHHrAVSWrv8u1-1tAJg,59,2,0,Fall Athleisure You’ll,amzlink.to,https://amzlink.to/az0YY8fy6517X,https://i.pinimg.com/originals/60/57/de/6057de7b13feb39c11fd41ef1086d2c9.png,1000,1500,0,2026-08-07
2026-09-05,conjunto fitness feminino,723250021456201819,60,37,0,Roupa de Academia Feminina | Roupas Bonitas de Academia | Conjunto de Academia,meli.la,https://meli.la/1JJdA6M,https://i.pinimg.com/originals/c4/eb/98/c4eb9885d2640deec9ca70a22dceca50.png,941,1672,0,2026-08-22
2026-09-05,conjunto fitness feminino,Afc2osH_clYqu4wg6QLFy3OBBqCJ0lA7Pq-xRbig0SFTYGFT1eBiK1jz7xTHSjFmzDCK4fMw5rD-L5URwjdysMo,61,61,0,Amazon Athleisure Outfit,urlgeni.us,https://urlgeni.us/amzn/3_SRRv,https://i.pinimg.com/originals/87/52/f7/8752f74030cd77eb9f131eb0fc401426.png,1000,1500,0,2026-02-04
2026-09-05,conjunto fitness feminino,926686061545512786,62,15,0,Conjunto Rosa Academia 4 Peças SHEIN,onelink.shein.com,https://onelink.shein.com/46/5xxz45dw8rez?ismg_ol=5fa9f49d9d84709990438f9ea2b9c3782a2969212b9ee4fe294ecf2f0be6d204_01_KOC-C,https://i.pinimg.com/originals/a5/2d/4a/a52d4a294aefb214c7983e8aa8f7d23c.jpg,941,1672,0,2026-08-18
2026-09-05,conjunto fitness feminino,1149895717413175996,63,17,0,Conjunto esportivo Feminino,onelink.shein.com,https://onelink.shein.com/47/5yux8sn5f9qv,https://i.pinimg.com/originals/3f/85/ae/3f85ae934768880b817aa306d80887f6.jpg,1080,1920,0,2026-08-14
2026-09-05,conjunto fitness feminino,725783296251001827,64,3,0,Conjunto Fitnes Sem Costura,vt.tiktok.com,https://vt.tiktok.com/ZSVm4jaQS/,https://i.pinimg.com/originals/27/e9/7f/27e97f7db7af0d5802bd947f4255d92a.jpg,768,1365,0,2026-08-23
2026-09-05,conjunto fitness feminino,136796907428148622,66,12,0,"30 Mat Pilates Outfit Ideas for Chic, Comfy...",sewmamasew.com,https://www.sewmamasew.com/30-mat-pilates-outfit-ideas/,https://i.pinimg.com/originals/3f/3f/b0/3f3fb0c009087efed96b43aa50d5e177.jpg,720,1280,0,2026-08-13
2026-09-05,conjunto fitness feminino,683139837272244460,67,538,0,Todos os posts • Instagram,instagram.com,https://www.instagram.com/p/DYqAPBAmYn2/?img_index=1,https://i.pinimg.com/originals/ae/f7/7d/aef77d84b04d09e3021f3877f12b5a0a.jpg,640,853,0,2026-06-30
2026-09-05,conjunto fitness feminino,4503668374551022,68,128,0,conjunto de academia 😍👇🏻,onelink.shein.com,https://onelink.shein.com/45/5x6aiiy7a3o5,https://i.pinimg.com/originals/90/8e/2b/908e2b0e9940d60c4fefcff6ecb1835b.png,941,1672,0,2026-08-11
2026-09-05,conjunto fitness feminino,301248662607735033,69,18,0,,,,https://i.pinimg.com/originals/b7/1d/ec/b71dec913008c8d12e5b55d7b3d041d5.jpg,736,1288,0,2026-07-10
2026-09-05,conjunto fitness feminino,909586456005571924,70,789,0,Workout Outfits for Women 2026: Court Revival,women-club.online,https://women-club.online/fashion/workout-outfits-for-women-2026-aesthetic-gym/,https://i.pinimg.com/originals/38/ad/aa/38adaa096f1633c60168fe0178e07676.jpg,737,1313,0,2025-11-12
2026-09-05,conjunto fitness feminino,917678861576976965,71,9403,0,,,,https://i.pinimg.com/originals/c2/a3/a5/c2a3a505075ece3b633215074f6c80b6.jpg,1080,1920,0,2025-01-17
2026-09-05,conjunto fitness feminino,1087056428844524031,72,18,0,Conjunto rosa claro para academia com short e top,s.shopee.com.br,https://s.shopee.com.br/5ArSg7InDs?channel_type=pinterest,https://i.pinimg.com/originals/89/ee/e6/89eee6ba8627998ef6debedde01816ae.png,941,1672,0,2026-08-05
2026-09-05,conjunto fitness feminino,442408363419155060,73,1,0,Conjunto sem costura academia,meli.la,https://meli.la/1m3k1gb,https://i.pinimg.com/originals/bd/e0/8a/bde08a745f3189b80b85c338376abad2.png,941,1672,0,2026-08-17
2026-09-05,conjunto fitness feminino,AehP4RpY2JlLJ2TuKZeHY70EuvVUjx6YZLk5v1GvJlq30BQMiCLmROBeecRAf4w_dRatZEnjfpx-vH7bnrOMH_I,74,2,0,Find Your Store,nike.com,https://www.nike.com/retail,https://i.pinimg.com/originals/7e/39/bf/7e39bf4866cb4f7de59dea96a2fca3b3.jpg,2160,3840,1,2026-08-19
2026-09-05,conjunto fitness feminino,665618019974824011,75,6,0,Conjunto Fitness Academia Feminino com Top Preto,onelink.shein.com,https://onelink.shein.com/48/5zetxmdg6atf?ismg_ol=5J3vOjqGBh6_01_KOC-C,https://i.pinimg.com/originals/c4/07/d3/c407d3ede44c3adc3c71da7ed7a1a21e.jpg,1080,1920,0,2026-08-20
2026-09-05,conjunto fitness feminino,331225747614781872,76,16,0,25 Solidcore Outfit Ideas That Feel Sleek and...,sewmamasew.com,https://www.sewmamasew.com/25-solidcore-outfit-ideas/,https://i.pinimg.com/originals/89/e1/95/89e19506cdf245af6ea0db35c8efa79a.jpg,720,1260,0,2026-08-15
2026-09-05,vestido midi,AWkfPrn7JKNS2L4ayN1fOkEJ6nybbt5suZesWYKL5JUIGQMR8M6SquDnOZvH87Pm60kDpsFP-FwjAgkhrWadsJE,2,279,0,Amazon Summer Dress,amzlink.to,https://amzlink.to/az00G2430IHpi,https://i.pinimg.com/originals/1a/17/b6/1a17b6b5055bb4c2fdca0ef1cb47e6ba.png,1000,1500,0,2026-04-12
2026-09-05,vestido midi,1090574866044611300,3,837,0,vestido MIDI shopeee,,,https://i.pinimg.com/originals/28/5b/bd/285bbda411ab24058484a84ff2b698fb.png,941,1672,0,2026-08-10
2026-09-05,vestido midi,Abc4zq5X2cp1jm8X5gzZbGLp37SbcEKWucqN2xv56bpYS2NOyJzwnaIfcK5fT0Bw7h5J58sQb-mOuzJcb_8gMu8,4,1,0,L'AGENCE Cori Mini Dress,lagence.com,https://www.lagence.com/products/cori-mini-dress-white?variant=53866011328884,https://i.pinimg.com/originals/68/30/6b/68306bc189b45b1e2671ee1f7e6e829e.jpg,2500,3334,0,2026-02-26
2026-09-05,vestido midi,AWnLvLrxQkN6WnprCJQYNeRR1IVJeUgUiF7fPxJXunTKIwEh3VFFugN1rkYgCq_t_Dqy-lWBiRPULrpBtgzU75g,5,7,0,L'AGENCE Jennifer Lace,lagence.com,https://www.lagence.com/products/jennifer-lace-midi-dress-black?variant=53359972745588,https://i.pinimg.com/originals/b9/77/48/b97748002c4d686facbf15d6cb13a6b4.jpg,2500,3333,0,2026-08-12
2026-09-05,vestido midi,74239093854434333,6,751,0,vestido lindo amarelo,,,https://i.pinimg.com/originals/b1/4b/40/b14b40b09c3b13a96ebd679e2041560d.png,941,1672,0,2026-08-24
2026-09-05,vestido midi,783556035220889019,7,22,0,Summer Corset Midi Flowy Floral Wedding Guest Dress for Women Lace Up Back,amzn.to,https://amzn.to/460ERgw,https://i.pinimg.com/originals/e0/d0/6e/e0d06e3e7af9332eaf7200bea1fcb3c6.png,1023,1537,0,2026-08-22
2026-09-05,vestido midi,AYnWk5sxjz7ycJiZknn0qTofMtibB8Y2J_nguwUY98QJJ_5ncd8QWSpocx9eAKzVcYtzceKErvsnw5Ns1VLMSVI,8,5,0,Effortless Amazon Summer,amzlink.to,https://amzlink.to/az0Mcf6gEKfKn,https://i.pinimg.com/originals/9d/23/56/9d2356adb4e27f822e4fddd226c53ba1.png,1000,1500,0,2026-07-28
2026-09-05,vestido midi,AQxC9WzJawgM4CNNERTvVYE50qKDRUHWtK28_2WwiJY2Ak-mkZm8stt6kCqSfuMGV_mqqO4vJBudWV3hYTr6m0g,9,0,0,Women's Solid Woven,us.shein.com,https://us.shein.com/ark/default?scene=1&test=5051&ad_type=DPA&goods_id=557963073&pf=PINTEREST&url_from=PINADSDPA&ismg=2d991a34ee4ee0661ad4e6ac16a8cfed5095536bfc09181f38b31c2262c999c2_01_1788542242,https://i.pinimg.com/originals/3e/bb/54/3ebb54453f4bb6c999b3c347eff8cab9.jpg,1065,1598,0,2026-08-26
2026-09-05,vestido midi,AWTGbzBR_Q1oyKZIJSul6ev_B4iK3gnID7s5x1Jbkck76ioxlXg-UPI7x2LkcH7fCSFRVGMfNtlbgc15jgcvWXs,10,1,0,L'AGENCE Rima Maxi Dress,lagence.com,https://www.lagence.com/products/rima-maxi-dress-pale-mist-blue?variant=53940510327156,https://i.pinimg.com/originals/48/4a/8d/484a8dc9eceb47b2d68f06e7178140ff.jpg,2500,3334,0,2026-03-24
2026-09-05,vestido midi,43487952650296612,11,484,0,Vestido midi amarelo-claro,onelink.shein.com,https://onelink.shein.com/46/5y5xcq7q49qd?ismg_ol=802ef9a0e5c1dc2129f6c1480c1f7c3f736820620a25de20088ac8e30cc62dea_01_KOC-C,https://i.pinimg.com/originals/c8/e4/48/c8e448a9fd99f6503f57afbfff3916b4.jpg,1080,1920,0,2026-08-24
2026-09-05,vestido midi,AYfQnUNTCDTjp7ahg-goug3eSZHMR9XAOgeR_P1W4Fa6AI4U5y5DD1l4w8aAEL-DN8-zYxhTcJdZViC5aYnM7O8,12,1,0,"Temu | Plus Size, Plus",temu.com,https://www.temu.com/ul/kuiper/un3.html?subj=dpa-un&_bg_fs=1&_p_jump_id=1082&_x_vst_scene=adg&goods_id=601105369817515&adg_ctx=a-bdb2508c~c-2075bb8e&_p_rfs=1&_x_ads_channel=pinterest&_x_ads_creative_id=%7Bproduct_partition_id%7D&_x_ads_id=%7Badgroupid%7D&_x_ads_set=%7Bcampaignid%7D&_x_ads_sub_channel=shopping&_x_ns_catalog_id=1567707391772&_x_ns_creative=%7Badid%7D&_x_ns_gid=601105369817515&_x_ns_,https://i.pinimg.com/originals/b6/73/2e/b6732e2e68f43c24a1787489b6015b92.jpg,2000,3000,0,2026-03-31
2026-09-05,vestido midi,843439836525137901,13,28,0,"Vestido Midi Feminino Elegante Estilo Francês para Férias de Verão, Verde Menta, Sem Mangas, Plissad",onelink.shein.com,https://onelink.shein.com/47/5ysfr30ejbs4,https://i.pinimg.com/originals/1c/b8/e5/1cb8e5addd23fb42c4ce254c0b9f66b8.jpg,768,1365,0,2026-08-16
2026-09-05,vestido midi,69524387998086208,14,489,0,Linen Midi Dress With Block Heels - 35 Summer Garden Party Outfit Ideas to Try Now - Sew Mama Sew,sewmamasew.com,https://www.sewmamasew.com/35-summer-garden-party-outfit-ideas/,https://i.pinimg.com/originals/88/e9/6e/88e96ebf797661acf243c050e8342268.jpg,1080,1920,0,2026-06-20
2026-09-05,vestido midi,AXSw7lkTpIaqr35-uTcGe6vbBHc-h476AuBjV4DUG081h11GPZ0BQrHkYbgWMC396cTqUtN4SJUbZD9TQ0PykKY,15,50,0,The crossed bodice that,clarendale.co,https://clarendale.co/products/vellora-ruched-sweetheart-midi-dress-with-pockets,https://i.pinimg.com/originals/eb/8d/4b/eb8d4b7172dc0186d377319a30a05354.jpg,1080,1920,1,2026-07-23
2026-09-05,vestido midi,15129348745740943,16,497,0,,,,https://i.pinimg.com/originals/d3/e5/ec/d3e5ecf0f2def8cf7830c6804c980f88.png,1536,2752,0,2026-08-11
2026-09-05,vestido midi,AXxlGuRo2JtXh5aCEanaZ8dN6X7E7CazcOSbIykE-CBAjb4h6OABBTMa0E10_XR6u4Cfn8JQHMZPJ1X5a-mRWnY,17,1,0,CIDER Floral Dress for,amazon.com,https://www.amazon.com/CIDER-Summer-Shoulder-Dresses-Sundress/dp/B0F5BKGLQ6/ref=asc_df_B0F5BKGLQ6?hvdev=%7Bdevice%7D&hvcampaign=%7Bcampaignid%7D&hvadgroupid=%7Badgroupid%7D&hvprdptid=%7Bproduct_partition_id%7D&hvprdgrpid=%7Bpromoted_product_group_id%7D&hvcr=%7Bcreative_id%7D&hvadid=%7Badid%7D&hvprdid=%7Bproduct_id%7D&hvplc=%7Bplacement%7D&psc=1&tag=%7Bifnotmobile:ushpadpinde-20%7D%7Bifmobile:ushpa,https://i.pinimg.com/originals/90/04/17/90041784146794d102118c5eee763e29.jpg,1066,1599,0,2026-06-15
2026-09-05,vestido midi,14847873768272156,18,505,0,Rich Burgundy Ruched Midi Dress with Slit | Pari.Luxe Bold Elegant Look 2026,,,https://i.pinimg.com/originals/af/b2/13/afb213249e6ddb02c29b60d67189f4b8.png,1023,1537,0,2026-08-23
2026-09-05,vestido midi,69524387998053852,19,301,0,White midi dress with espadrilles - 40 Italy Outfits for the Chicest Vacation Looks - Sew Mama Sew,sewmamasew.com,https://www.sewmamasew.com/40-italy-outfits/,https://i.pinimg.com/originals/97/68/4f/97684f36d30d30d907fdd1ef02e843f3.jpg,941,1672,0,2026-06-10
2026-09-05,vestido midi,74239093854378435,20,174,0,,,,https://i.pinimg.com/originals/8e/96/a0/8e96a0f6c50e012cb4ad2418426cb710.png,1023,1537,0,2026-08-03
2026-09-05,vestido midi,Acd_24dBK5XHLZFyODdpVjvNO9xyE68XC_-6y159HfIshdKawYrcPin-z07gvzG3_TgBTStRx480-DW76SlYPQc,21,0,0,Scarlet Darkness Corset,amazon.com,https://www.amazon.com/Scarlet-Darkness-Graduation-Homecoming-Chocolate/dp/B0FHCWSKPX/ref=asc_df_B0FHCWSKPX?hvdev=%7Bdevice%7D&hvcampaign=%7Bcampaignid%7D&hvadgroupid=%7Badgroupid%7D&hvprdptid=%7Bproduct_partition_id%7D&hvprdgrpid=%7Bpromoted_product_group_id%7D&hvcr=%7Bcreative_id%7D&hvadid=%7Badid%7D&hvprdid=%7Bproduct_id%7D&hvplc=%7Bplacement%7D&psc=1&tag=%7Bifnotmobile:ushpadpinde-20%7D%7Bifmo,https://i.pinimg.com/originals/8e/53/23/8e5323992df83c9f461366ec6be578ec.jpg,1032,1549,0,2026-06-12
2026-09-05,vestido midi,AWZR5WXbTaQcn6eOSTomFaUC3hlujBSkKQNR0h0qxEWUNS0drD52Kjl7vz7Y8kLWSDFR0iBfcl9ieHvKdhVc1gk,22,0,0,Temu | Vestido Elegante y,temu.com,https://www.temu.com/ul/kuiper/un3.html?subj=dpa-un&_bg_fs=1&_p_jump_id=1082&_x_vst_scene=adg&goods_id=601102147045110&adg_ctx=a-f4b8d4e9~c-b4bdaa59&_p_rfs=1&_x_ads_channel=pinterest&_x_ads_creative_id=%7Bproduct_partition_id%7D&_x_ads_id=%7Badgroupid%7D&_x_ads_set=%7Bcampaignid%7D&_x_ads_sub_channel=shopping&_x_ns_catalog_id=1580405374697&_x_ns_creative=%7Badid%7D&_x_ns_gid=601102147045110&_x_ns_,https://i.pinimg.com/originals/96/aa/fc/96aafc14088cb9616cb342267251568f.jpg,3413,5120,0,2026-07-26
2026-09-05,vestido midi,ARIop0tl7SR-B1GNqQthR2aiAAuzQH3ryyhsl1ewxeh98QMNPgh70lKQGb88ytWmMsCjRsz1egfb0Y29VfsiKm8,23,12,0,WDIRARA Women's Cheery,amazon.com,https://www.amazon.com/WDIRARA-Womens-Cheery-Embroidered-Dresses/dp/B0DYDCZ2Y3/ref=asc_df_B0DYDCZ2Y3?hvdev=%7Bdevice%7D&hvcampaign=%7Bcampaignid%7D&hvadgroupid=%7Badgroupid%7D&hvprdptid=%7Bproduct_partition_id%7D&hvprdgrpid=%7Bpromoted_product_group_id%7D&hvcr=%7Bcreative_id%7D&hvadid=%7Badid%7D&hvprdid=%7Bproduct_id%7D&hvplc=%7Bplacement%7D&psc=1&tag=%7Bifnotmobile:ushpadpinde-20%7D%7Bifmobile:us,https://i.pinimg.com/originals/47/8f/40/478f406e062f54ed36b1d96366ec4114.jpg,1248,1824,0,2026-05-19
2026-09-05,vestido midi,AXtv6sxwyUSG7431UTWaXNKWdOYYKcBJMUU_BJCrNniQYGbWOLCt3y5RzOzNWccAznuGg5SAp9sRbgFwY_JI_rg,24,1,0,Temu | Women's Summer,temu.com,https://www.temu.com/ul/kuiper/un3.html?subj=dpa-un&_bg_fs=1&_p_jump_id=1082&_x_vst_scene=adg&goods_id=605648569886760&adg_ctx=a-8aca7c6f~c-83b4dede&_p_rfs=1&_x_ads_channel=pinterest&_x_ads_creative_id=%7Bproduct_partition_id%7D&_x_ads_id=%7Badgroupid%7D&_x_ads_set=%7Bcampaignid%7D&_x_ads_sub_channel=shopping&_x_ns_catalog_id=1567707391772&_x_ns_creative=%7Badid%7D&_x_ns_gid=605648569886760&_x_ns_,https://i.pinimg.com/originals/53/88/32/538832235ba0743b610bfc4dc8b59545.jpg,2000,3000,0,2026-07-08
2026-09-05,vestido midi,1102748658790668461,25,562,0,,,,https://i.pinimg.com/originals/06/ed/b7/06edb798993bedeb285db0c8d26dc338.png,1023,1537,0,2026-06-20
2026-09-05,vestido midi,468655904994418619,26,82,0,,bymayberry.com,https://www.bymayberry.com/cdn/shop/files/1c9d9388bc032b45522305c1851ba838.png?v=1759207010&width=1080,https://i.pinimg.com/originals/6e/b9/b8/6eb9b812f17ada4834ce4be31564170f.png,633,844,0,2026-03-13
2026-09-05,vestido midi,AaVNdDivuWFd61w4rS2ttrftrrRUDPCSGVlSxObjnE5PRcmAb1KdbXmEX-KKgWf-I88scWmiVXBhaXyyuINoLC4,27,6,0,SHENHE Girl's Floral,amazon.com,https://www.amazon.com/SHENHE-Floral-Sundress-Spaghetti-Smocked/dp/B0DTK644DB/ref=asc_df_B0DTK644DB?hvdev=%7Bdevice%7D&hvcampaign=%7Bcampaignid%7D&hvadgroupid=%7Badgroupid%7D&hvprdptid=%7Bproduct_partition_id%7D&hvprdgrpid=%7Bpromoted_product_group_id%7D&hvcr=%7Bcreative_id%7D&hvadid=%7Badid%7D&hvprdid=%7Bproduct_id%7D&hvplc=%7Bplacement%7D&psc=1&tag=%7Bifnotmobile:ushpadpinde-20%7D%7Bifmobile:ush,https://i.pinimg.com/originals/90/f0/97/90f0975b8d8eb14974fce0afcba376a3.jpg,1065,1598,0,2026-06-10
2026-09-05,vestido midi,AfbJU9SRDWKylDQwWQyBlsO66WOFozdM-77Aua8Xq4IzJjoRY_rn-bYCrmLuocTcvn7ie7GFwk-0w-M63zWSbvA,28,1,0,Temu | Women's Strapless,temu.com,https://www.temu.com/ul/kuiper/un3.html?subj=dpa-un&_bg_fs=1&_p_jump_id=1082&_x_vst_scene=adg&goods_id=605829277297735&adg_ctx=a-434d3bee~c-e475a6ed&_p_rfs=1&_x_ads_channel=pinterest&_x_ads_creative_id=%7Bproduct_partition_id%7D&_x_ads_id=%7Badgroupid%7D&_x_ads_set=%7Bcampaignid%7D&_x_ads_sub_channel=shopping&_x_ns_catalog_id=1567707391772&_x_ns_creative=%7Badid%7D&_x_ns_gid=605829277297735&_x_ns_,https://i.pinimg.com/originals/00/ce/ed/00ceedbc7f77da041ee28f97290a59b1.jpg,2000,3000,0,2026-06-22
2026-09-05,vestido midi,138556126033297808,29,36,0,Pink floral midi dress,,,https://i.pinimg.com/originals/c3/8c/f4/c38cf4c3b706638fa45745d495027c8d.png,1023,1537,0,2026-08-26
2026-09-05,vestido midi,AVvPVBNK-Exlce1gR8hwe9KHYZdYKdawq7gvR8M2swLWuN-bybknH7mIMnN-MgWEd9WZJVxLGz1s38eR8g5grdA,30,33,0,GORGLITTER Women's Floral,amazon.com,https://www.amazon.com/GORGLITTER-Shoulder-Sleeveless-Smocked-X-Large/dp/B0FHKJ1FK1/ref=asc_df_B0FHKJ1FK1?hvdev=%7Bdevice%7D&hvcampaign=%7Bcampaignid%7D&hvadgroupid=%7Badgroupid%7D&hvprdptid=%7Bproduct_partition_id%7D&hvprdgrpid=%7Bpromoted_product_group_id%7D&hvcr=%7Bcreative_id%7D&hvadid=%7Badid%7D&hvprdid=%7Bproduct_id%7D&hvplc=%7Bplacement%7D&psc=1&tag=%7Bifnotmobile:ushpadpinde-20%7D%7Bifmobi,https://i.pinimg.com/originals/c6/14/29/c614298c28cd87744646add169ed367c.jpg,1065,1598,0,2026-05-18
2026-09-05,vestido midi,AYh9FC5iKJBIY4atf4_qZ6J7kJHNeo4ATo1Y22_aeTyf7gA_TSZYd3KXs1DQSC07dfS76ZQpd_7DXnxEcCTOuUI,31,1,0,Temu | Spaghetti Strap,temu.com,https://www.temu.com/ul/kuiper/un3.html?subj=dpa-un&_bg_fs=1&_p_jump_id=1082&_x_vst_scene=adg&goods_id=606329540306389&adg_ctx=a-dc750c0b~c-25fc09d4&_p_rfs=1&_x_ads_channel=pinterest&_x_ads_creative_id=%7Bproduct_partition_id%7D&_x_ads_id=%7Badgroupid%7D&_x_ads_set=%7Bcampaignid%7D&_x_ads_sub_channel=shopping&_x_ns_catalog_id=1567707391772&_x_ns_creative=%7Badid%7D&_x_ns_gid=606329540306389&_x_ns_,https://i.pinimg.com/originals/11/c7/7e/11c77e8ffb05e25bb95917f2f1ac1953.jpg,2000,3000,0,2026-08-02
2026-09-05,vestido midi,858217272783827278,32,556,0,Evelina Midi Dress,,,https://i.pinimg.com/originals/6a/b9/10/6ab910a46847ae262566aa8384a216a8.jpg,720,1080,0,2025-05-24
2026-09-05,vestido midi,AbeU9VtUYquygNVXyOxAuIV8bLrWMxRQNTxI5UkFajlGJDimCAmfJuln7s3I9rp0pwXvk8zbNKcar74uL9492cA,33,9,0,KUTUMAI Floral Corset,amazon.com,https://www.amazon.com/KUTUMAI-Wedding-Dresses-Sundress-BlueFloral/dp/B0DY3NHWQG/ref=asc_df_B0DY3NHWQG?hvdev=%7Bdevice%7D&hvcampaign=%7Bcampaignid%7D&hvadgroupid=%7Badgroupid%7D&hvprdptid=%7Bproduct_partition_id%7D&hvprdgrpid=%7Bpromoted_product_group_id%7D&hvcr=%7Bcreative_id%7D&hvadid=%7Badid%7D&hvprdid=%7Bproduct_id%7D&hvplc=%7Bplacement%7D&psc=1&tag=%7Bifnotmobile:ushpadpinde-20%7D%7Bifmobile:,https://i.pinimg.com/originals/6e/64/99/6e64999a601c2f8e7b67de281e043414.jpg,1065,1598,0,2026-03-20
2026-09-05,vestido midi,887631407832448126,34,10,0,Vestido Midi Elegante com Alça Grossa | Look para Festa e Ocasiões Especiais ❤️,meli.la,https://meli.la/24gbEEp,https://i.pinimg.com/originals/a1/11/25/a111251e42a4b39a010681187767d843.jpg,926,1646,0,2026-08-11
2026-09-05,vestido midi,2744449770253143,35,2816,0,,,,https://i.pinimg.com/originals/68/91/40/689140af89f50a93d8770aa081d13c9f.jpg,605,1090,0,2026-07-10
2026-09-05,vestido midi,AQlm_MPRGEIYS--3hanV4mnAeY1FqGb2rJkpSPgpmMsiyWaWo95_ZjN7ubsqG_J8U7co_x9KYkFyfsA_HdZmInk,36,4,0,Memoriesea Women's,amazon.com,https://www.amazon.com/Memoriesea-Womens-Elegant-Wedding-Evening/dp/B0FRRVCWW6/ref=asc_df_B0FRRVCWW6?hvdev=%7Bdevice%7D&hvcampaign=%7Bcampaignid%7D&hvadgroupid=%7Badgroupid%7D&hvprdptid=%7Bproduct_partition_id%7D&hvprdgrpid=%7Bpromoted_product_group_id%7D&hvcr=%7Bcreative_id%7D&hvadid=%7Badid%7D&hvprdid=%7Bproduct_id%7D&hvplc=%7Bplacement%7D&psc=1&tag=%7Bifnotmobile:ushpadpinde-20%7D%7Bifmobile:us,https://i.pinimg.com/originals/89/7b/aa/897baa2cc49e6f83d3b9c629098bf681.jpg,1200,1838,0,2026-05-21
2026-09-05,vestido midi,5840674512462523,37,388,0,Vestido midi listrado azul e branco,onelink.shein.com,https://onelink.shein.com/46/5ya5j7f2wxng?ismg_ol=5804800c2aef51d9ce9ac0362075d49b979788a8605827cc9a11def7ac58dd98_01_KOC-C,https://i.pinimg.com/originals/6c/94/3c/6c943c65815b10dc3f0741a8af72d2e1.jpg,1080,1920,0,2026-08-18
2026-09-05,vestido midi,9499849211193562,38,1135,0,Vestido rosa midi,onelink.shein.com,https://onelink.shein.com/46/5ya4wwdi1wdm?ismg_ol=776ca081178d4829965bca47ccab00b3d427b0f87791bc4c0e6f4676b37ab8f3_01_KOC-C,https://i.pinimg.com/originals/cd/49/07/cd490738441f6def4fa8d2992b2a56b6.jpg,1080,1920,0,2026-08-23
2026-09-05,vestido midi,AVbiV1ADbWQt_ETlDk0hgsbLh7DuRbq6BM7CRb86A6QlphICXCb0OeqZAb1JA9K9f1JHMmuhMDmbd28BVBcvbIk,39,1,0,Ninimour Women Bodycon,amazon.com,https://www.amazon.com/Ninimour-Hollow-Out-Adjustable-Spaghetti-Dresses-co-M/dp/B0FK538WR5/ref=asc_df_B0FK538WR5?hvdev=%7Bdevice%7D&hvcampaign=%7Bcampaignid%7D&hvadgroupid=%7Badgroupid%7D&hvprdptid=%7Bproduct_partition_id%7D&hvprdgrpid=%7Bpromoted_product_group_id%7D&hvcr=%7Bcreative_id%7D&hvadid=%7Badid%7D&hvprdid=%7Bproduct_id%7D&hvplc=%7Bplacement%7D&psc=1&tag=%7Bifnotmobile:ushpadpinde-20%7D%7,https://i.pinimg.com/originals/8f/0b/6d/8f0b6de830dc06dbbefb553cc2bcc7bb.jpg,1066,1600,0,2026-06-12
2026-09-05,vestido midi,AbigmdUj8r0LjBBOS8oPHeO8pUOENpwNBS8Y1MbDDN0S1c5xc_1JYdN4KI27NuAA-2ESLTbNicU1zDFBnsEH-5A,40,1,0,Lynn | Soft Corset Style,fashionnicole.com,https://www.fashionnicole.com/products/lynn-soft-corset-style-structured-bodice-midi-dress?variant=53968756244813&utm_source=multifeeds&utm_medium=organic&utm_campaign=ALL%20PRODUCTS%20US%20P%2B%20(NEW%20METHOD)&utm_content=Lynn%20%7C%20Soft%20Corset%20Style%20Structured%20Bodice%20Midi%20Dress,https://i.pinimg.com/originals/c4/85/8e/c4858edcb81fe6c35af119ba8632c2c3.jpg,720,1080,0,2026-05-25
2026-09-05,vestido midi,ASylh7UskExLd_Olsb8ePszpeEYzjNF-Ed0AwD5JIUa3CyDv85Dm8YjKHkOOaZqc7qNoktgz8pwUXaD3562HjTI,41,1,0,Temu | Elegant Elegant,temu.com,https://www.temu.com/ul/kuiper/un3.html?subj=dpa-un&_bg_fs=1&_p_jump_id=1082&_x_vst_scene=adg&goods_id=601101739232912&adg_ctx=a-18111cf7~c-1059371f&_p_rfs=1&_x_ads_channel=pinterest&_x_ads_creative_id=%7Bproduct_partition_id%7D&_x_ads_id=%7Badgroupid%7D&_x_ads_set=%7Bcampaignid%7D&_x_ads_sub_channel=shopping&_x_ns_catalog_id=1567707391772&_x_ns_creative=%7Badid%7D&_x_ns_gid=601101739232912&_x_ns_,https://i.pinimg.com/originals/ea/3a/09/ea3a09e352549fe3a7b7248b5d470fe6.jpg,2000,3000,0,2026-06-06
2026-09-05,vestido midi,AYdv4mTnDxVGJJ0S0nQkJmxz0lqKw50J7yQjevWA_-8yBOv48UjLrjJimn5XgGyN_ITaEz37oDOORMn6JbSwAcY,42,3,0,GORGLITTER Women's Floral,amazon.com,https://www.amazon.com/GORGLITTER-Womens-Floral-Wedding-Cocktail/dp/B0GF7HCY3T/ref=asc_df_B0GF7HCY3T?hvdev=%7Bdevice%7D&hvcampaign=%7Bcampaignid%7D&hvadgroupid=%7Badgroupid%7D&hvprdptid=%7Bproduct_partition_id%7D&hvprdgrpid=%7Bpromoted_product_group_id%7D&hvcr=%7Bcreative_id%7D&hvadid=%7Badid%7D&hvprdid=%7Bproduct_id%7D&hvplc=%7Bplacement%7D&psc=1&tag=%7Bifnotmobile:ushpadpinde-20%7D%7Bifmobile:us,https://i.pinimg.com/originals/fe/7d/5c/fe7d5c164206385fb99da909f5488c56.jpg,1065,1598,0,2026-06-12
2026-09-05,vestido midi,748160556898091332,43,22,0,Vestido Shein,onelink.shein.com,https://onelink.shein.com/47/5ymzb4ggyofr,https://i.pinimg.com/originals/87/0a/25/870a25aee3ab324eba507d95283a194b.jpg,1200,2133,0,2026-08-24
2026-09-05,vestido midi,15270086239315785,44,1795,0,Butter Color Dress: Elegant Spring Formal Look,,,https://i.pinimg.com/originals/d5/20/98/d52098a554b8fb946884f14bd2e1bd12.png,768,1358,0,2026-06-15
2026-09-05,vestido midi,AdqADmdZykrwCL19Sn6AZqYD74CmAFpuZCDmUof7EtgglHmX92cxH0JyZFmaODnr_AtAl91E-H1Ptg8MTIJRJzQ,45,1,0,20TH ANNIVERSARY SALE! –,barbaradever.com,https://barbaradever.com/products/kiana-tailored-dress?variant=56672916963703&utm_source=multifeeds&utm_medium=organic&utm_campaign=WOMENS%20DRESSES&utm_content=Kiana%20%7C%20Tailored%20Dress,https://i.pinimg.com/originals/39/29/3f/39293fe37b32f1639b60e960516ad5bd.jpg,1088,1936,0,2026-02-19
2026-09-05,vestido midi,Ae7TRU9sETkT5GFudPu7GqUUQKMutuFq2LNsbPQaioyWbOuBDaC_2oU8BGovloLxk3q21V5uq1gAQdoDZsdwO34,46,32,0,Women's Floral Strapless,lenovotv.com,https://www.lenovotv.com/products/womens-floral-strapless-dress?st=&variant=736c321f-d828-40a7-9ca8-2fd917fc3501,https://i.pinimg.com/originals/8e/e3/d8/8ee3d86071fbaf385895e35c6ad5b271.jpg,720,1280,1,2026-07-03
2026-09-05,vestido midi,390335492727512634,47,81,0,vestido elegante para festa midi,onelink.shein.com,https://onelink.shein.com/44/5wqmuxbm8ia6,https://i.pinimg.com/originals/f3/63/d2/f363d2fb9667576717323bf0ed7cf2c9.png,941,1672,0,2026-08-17
2026-09-05,vestido midi,1107955945854052214,48,2957,0,🤌🥰,,,https://i.pinimg.com/originals/4a/fa/d4/4afad424bffe92ab381fd9554e48b565.jpg,736,1104,0,2026-03-30
2026-09-05,vestido midi,ARI0u0D9Vs0q_P9X_AO3n8RLVvVfKV7nLqsdX3O5Hlx3_wPOohzjbm2bWwQYJgwRYwvpsfhUv82GKTGAaKqBJ9U,49,12,0,Off-Shoulder Asymmetric,mooyius.com,https://mooyius.com/products/off-shoulder-asymmetric-ruffle-hem-midi-dress?variant=53351323763002,https://i.pinimg.com/originals/10/f7/19/10f71918f1e00139f2991faa2aca703b.jpg,800,1200,0,2026-04-23
2026-09-05,vestido midi,43487952650296625,50,62,0,Vestido de Bolinha da Shein,onelink.shein.com,https://onelink.shein.com/46/5y971v42u6vf?ismg_ol=c26bf38e28b2e028fdbdf06440e762ec3bbb038f6436f5f5c614880c472fcc05_01_KOC-C,https://i.pinimg.com/originals/72/1f/bb/721fbbbce893e56ea7698f390779bdc7.png,960,1638,0,2026-08-24
2026-09-05,vestido midi,1091208184873739796,51,1,0,Vestido Feminino Elegante,onelink.shein.com,https://onelink.shein.com/48/5z7k8xf1qyvq?shc=2_RpiTdmf1cku,https://i.pinimg.com/originals/03/89/76/038976d2faba8a149e7979da98c110f0.jpg,1080,1920,0,2026-08-18
2026-09-05,vestido midi,AV1vjGTHS9pb__tya6EIWvjUh70TWibegf7yn1tRyQhJXoc8JueJ6wT72riQRgKXNrIoQZM7CnGbQZzSlvl6hZM,51,6,0,Amazon Dresses You'll,amzlink.to,https://amzlink.to/az0j7xjAAzedk,https://i.pinimg.com/originals/b1/a9/a9/b1a9a97cdb0745b6946a9cb2bf839f69.png,1000,1500,0,2026-08-04
2026-09-05,vestido midi,AY1fBpQinanEZX6FcjzNAxU1AFMQ8arGyV70mbBn2qKZ1PHM2vVe-NxXySbD7M7WgVfrFHOYa3UX9cMoK5IbwiE,52,51,0,What to Wear to a Wedding,balticborn.com,https://balticborn.com/collections/style-guest?utm_source=pinterest&utm_medium=paidsocial&utm_campaign=ConversionPerformancePlus&utm_content=Static_Occasion_ProductOnly_CLP_7.24.26,https://i.pinimg.com/originals/b2/05/64/b2056456e0fc6f26fe8cdb9e7a9fe944.jpg,2160,3840,0,2026-07-24
2026-09-05,vestido midi,AWhI5DN96XdiRF9rmEYRatJuxG0QWwcqQhVNMmxcCa9VjnYF5-asrfUNfnLTrPQH4Os7U3ixaVcAqV2tDJAnHTM,53,38,0,Pinstripe Satin Dress in,ancosti.com,https://ancosti.com/collections/dresses/products/pinstripe-ostrich-feather-asymmetric-dress,https://i.pinimg.com/originals/ca/63/08/ca6308c323cb377da2cb3876681797ac.jpg,1000,1500,0,2026-08-13
2026-09-05,vestido midi,1116118720188831005,54,1,0,Vestido Midi Feminino com Fenda Lateral e Detalhe Dourado Elegante,s.shopee.com.br,https://s.shopee.com.br/4LIeVQuqLq?channel_type=pinterest,https://i.pinimg.com/originals/b4/2f/cb/b42fcb57e9bdb652cb21fee7e3ff186e.webp,1120,2240,0,2026-08-17
2026-09-05,vestido midi,532761830941627960,55,228,0,35 Transitional Old Money Outfit Ideas to Try Now,sewmamasew.com,https://www.sewmamasew.com/35-transitional-old-money-outfit-ideas/,https://i.pinimg.com/originals/0d/1d/0d/0d1d0dc5753e99d79cf51e80fe756e77.jpg,720,1280,0,2026-05-16
2026-09-05,vestido midi,AeOEigzbgvtaE9JR_N685Vzi9UbGL1P0C0Wa-eOcjRLvWWulE3t5YlDPEilNB9mKNauozDinrrOUqKIxUn4I_lg,56,10,0,Stunning Loose Yellow,wynflare.com,http://wynflare.com/products/flowy-balloon-sleeve-mini-dress,https://i.pinimg.com/originals/cc/9b/8b/cc9b8b2ada0bab565d493fc80d92f05a.png,832,1248,0,2026-08-13
2026-09-05,vestido midi,Adu8gj0tKR2CewkPPHXOQKA2MQysUVU-c_NtHrDZ_wfGhSpwT4nHe4EhWbzNwO-DDzjY9k3w4g7l_hQi6SyJUDk,57,276,0,A Gown Designed to,essensedesigns.com,https://www.essensedesigns.com/martina-liana/wedding-dresses/ml2040/?utm_source=pinterest.com&utm_medium=cpc&utm_campaign=martina%20liana_us_bau&utm_term=martinaliana_july26&utm_content=details_v2,https://i.pinimg.com/originals/e3/0a/73/e30a73eaf1a44383a79e879750335aa0.jpg,4672,6229,0,2026-08-04
2026-09-05,vestido midi,1618549865348785,58,6634,0,Inspiração,,,https://i.pinimg.com/originals/3b/6d/94/3b6d94b0d6a7298c92c3691354ab9ca2.jpg,600,1200,0,2026-06-28
2026-09-05,vestido midi,535998793192452531,59,883,0,30 What to Wear to a Summer Wedding: Stunning Outfits,sewmamasew.com,https://www.sewmamasew.com/30-what-to-wear-to-a-summer-wedding/?utm_source=Pinterest&utm_medium=organic,https://i.pinimg.com/originals/2c/ce/2a/2cce2a3218984d5e77214592682a346f.jpg,720,1279,0,2026-06-14
2026-09-05,vestido midi,AdFjKILU39YKTxvl3k1ic4zm3F1sEbQtPQPRAWMElun5hZUf1X_SoDE5bdVYlcxmmYKxZANw8eLniU1TMnbQsUQ,60,1,0,Shop Resort Nights,us.ohpolly.com,https://us.ohpolly.com/collections/resort-nights?smartly-hash=carousel_pin_reference:v1:f7547e6fc1f3d57f77c225f22ba44dffe7d009fa725ec23b65891e01ce68bec6,https://i.pinimg.com/originals/b2/e1/14/b2e114b6432327aab2383349bc52713e.jpg,1080,1620,0,2026-07-15
2026-09-05,vestido midi,422281212799682,61,1541,0,!! Follow for more !! Elegant Dark Blue Midi Dress Outfit | Minimal Chic Aesthetic Look,,,https://i.pinimg.com/originals/65/0d/9b/650d9ba1501652151547957af67477a4.png,1086,1448,0,2026-05-30
2026-09-05,vestido midi,1131951687623317980,62,20,0,,,,https://i.pinimg.com/originals/ed/51/14/ed5114b84afa5d5db335df907129be14.jpg,1080,1920,0,2026-08-21
2026-09-05,vestido midi,1618549862999407,63,1136,0,Dusty-Pink Backless Puff Sleeve Midi Dress - ELAGIA,l8r.it,https://l8r.it/rDxZ,https://i.pinimg.com/originals/3f/b8/9b/3fb89b448f19294e49d13bbd7aaa15f4.jpg,1281,1920,0,2024-06-18
2026-09-05,vestido midi,290552613482826970,64,340,0,"Firerie Vestido Feminino Branco Elegante de Verão para Férias, Uso Diário e Casamento, com Estampa Floral, Plissado e Silhueta A, Alças Finas, Estilo Havaiano, para Chá da Tarde e Formatura",onelink.shein.com,https://onelink.shein.com/46/5xr197bjw1vp,https://i.pinimg.com/originals/e6/a8/ff/e6a8ff7cbf272925fb1219ec2dc4aefc.jpg,1080,1920,0,2026-08-25
2026-09-05,vestido midi,1139199668285044796,65,8,0,Vestido Midi Elegante com Estampa Floral e Alças Finas.,onelink.shein.com,https://onelink.shein.com/47/5yoaqrqfc977,https://i.pinimg.com/originals/78/e6/6f/78e66fb32b26db6977348ca0572a89e0.jpg,1080,1920,0,2026-08-12
2026-09-05,vestido midi,35888128286425039,66,79,0,vestido 👉🏻🆔Y64WH63,onelink.shein.com,https://onelink.shein.com/46/5yc5fk4o87iz?ismg_ol=d150d7cce8726132a39ff8e7ad0e88c237d83d5f8c46c2feb76103c96ab4660d_01_KOC-C,https://i.pinimg.com/originals/e3/7d/43/e37d43ad2acafd2b4c9c31eed991ed53.png,941,1672,0,2026-08-19
2026-09-05,vestido midi,69524387998096004,67,166,0,"Terracotta Midi Slip Dress With Gold Accessories - 35 Terracotta Outfit Ideas for a Warm, Earthy",sewmamasew.com,https://www.sewmamasew.com/35-terracotta-outfit-ideas/,https://i.pinimg.com/originals/20/bb/53/20bb534d218927272f20181252c5ce1e.jpg,1080,1920,0,2026-06-24
2026-09-05,vestido midi,5981412002760919,68,116,0,vestido midi elegante,onelink.shein.com,https://onelink.shein.com/44/5wqp75y4cuaq,https://i.pinimg.com/originals/27/54/f8/2754f82422e83f96f5a3edcddee25c3d.png,941,1672,0,2026-08-21
2026-09-05,vestido midi,69524387998148196,69,50,0,A Line Midi Dress Wedding Guest With Wide Hips - 25 Wedding Guest Outfits For Women With Wide Hips,sewmamasew.com,https://www.sewmamasew.com/25-wedding-guest-outfits-for-women-with-wide-hips/,https://i.pinimg.com/originals/60/91/b2/6091b27480c663cd33a28e629bd0a11a.jpg,941,1672,0,2026-07-12
2026-09-05,vestido midi,523332419224278684,70,21,0,Vestido Midi,onelink.shein.com,https://onelink.shein.com/44/5wrpi2230ahv,https://i.pinimg.com/originals/69/d7/6f/69d76fa45e6e66f5f07453134c0d5d4a.png,1024,1536,0,2026-08-22
2026-09-05,vestido midi,676665912789574009,71,1224,0,"Dresses | Midi, Mini & Evening Styles — Post Meridiem",postmeridiem.shop,https://postmeridiem.shop/collections/dresses,https://i.pinimg.com/originals/e3/de/ac/e3deac17019efa8924b392c5bc364a74.jpg,720,1080,0,2024-02-13
2026-09-05,vestido midi,1098667271650601008,72,2,0,Vestido Midi Estampado,onelink.shein.com,https://onelink.shein.com/48/5zddy5k42m2e?ismg_ol=3L1zrWfNjR3_01_KOC-C,https://i.pinimg.com/originals/10/93/67/1093676d174dfc824bfea5d059bb4cf2.png,1086,1448,0,2026-08-19
2026-09-05,vestido midi,254312710205155744,73,1418,0,"23 Cute Italy Outfits for Spring 2026 - Street Style Inspiration for Rome, Milan & Amalfi Coast",vexorna.com,https://vexorna.com/cute-italy-outfits-for-spring-2026-street-style/,https://i.pinimg.com/originals/1a/df/a4/1adfa40b57131b3428f3d295f03b1abf.webp,768,1280,0,2026-01-18
2026-09-05,vestido midi,1120200107345634113,74,3,0,Vestido Midi Preto com Fenda,s.shopee.com.br,https://s.shopee.com.br/LmVIk3rwO?channel_type=pinterest,https://i.pinimg.com/originals/ae/c1/de/aec1dec4f1e86a4be24b47f9208fe9ab.png,1023,1537,0,2026-08-17
2026-09-05,saia longa fluida,ATqIPjtdl0zXv4S4qy51HqkY0aEMspD-JSrHSAfhgGXf_ERrgffRFwpPUBDrw2TRGjMNnQGTtJxZrEbidogt_GE,2,3,0,Inspire Chic Women's A,walmart.com,https://www.walmart.com/ip/Allegra-K-Women-s-A-Line-Maxi-Skirt-High-Waist-Ruffle-Tiered-Belt-Lattice-Texture-Casual-Long-Skirts/13180517011?wmlspartner=wlpa&selectedSellerId=571,https://i.pinimg.com/originals/23/80/58/23805804d23bc2a56d96231a4d2d95da.jpg,301,450,0,2026-07-30
2026-09-05,saia longa fluida,AXSUg7A6QF5Fyst4b7csX5PtRBYap-y7byBgUhwgWcdx8S4zbiNiGNpB0bUdijpsdej4D2cmHq0ou0_0_Da2rhI,3,3,0,Women's Spring Summer,amazon.com,https://www.amazon.com/Womens-Evening-Reception-Holiday-Apricot/dp/B0CSSKQ545/ref=asc_df_B0CSSKQ545?hvdev=%7Bdevice%7D&hvcampaign=%7Bcampaignid%7D&hvadgroupid=%7Badgroupid%7D&hvprdptid=%7Bproduct_partition_id%7D&hvprdgrpid=%7Bpromoted_product_group_id%7D&hvcr=%7Bcreative_id%7D&hvadid=%7Badid%7D&hvprdid=%7Bproduct_id%7D&hvplc=%7Bplacement%7D&psc=1&tag=%7Bifnotmobile:ushpadpinde-20%7D%7Bifmobile:ush,https://i.pinimg.com/originals/72/f2/06/72f206af99fb6da2e75246aeae4bd447.jpg,1248,1824,0,2026-04-01
2026-09-05,saia longa fluida,Abxkt55xj0a1GyYUjP6GtK-Ret2hSPB1EgyeAWRDNd9sM1JT_MaIajqFuBarflsu6gvFy0gMklC1YBufYs7wed0,4,11,0,Women's Casual Vacation,us.shein.com,https://us.shein.com/ark/default?scene=1&test=5051&ad_type=DPA&goods_id=469362380&pf=PINTEREST&url_from=PINADSDPA&ismg=bca882c330bb53b337ec767212a797f22ad969b75f83cde096321f3291a5c29a_01_1788542220,https://i.pinimg.com/originals/48/d1/87/48d18735255a6519446acbc10982ebdd.jpg,1065,1598,0,2026-05-22
2026-09-05,saia longa fluida,855332154282224284,5,23,0,Saia Longa Listrada SHEIN | Look Elegante 🤎,,,https://i.pinimg.com/originals/75/73/bc/7573bc730884a99149710101992caef9.jpg,960,1280,0,2026-08-14
2026-09-05,saia longa fluida,AYwA_j6INtefgc_Q7Dz61UzalsP3wJcrEY6PYUU6MdwgT2z2NfUyZbu2Ipl0dKaxPNg9WQ-0VYiCSa0995TcQ50,6,25,0,ElayuBeimu Women's Maxi,amazon.com,https://www.amazon.com/ElayuBeimu-Womens-Skirt-Casual-Elastic/dp/B0DSTSTHYF/ref=asc_df_B0DSTSTHYF?hvdev=%7Bdevice%7D&hvcampaign=%7Bcampaignid%7D&hvadgroupid=%7Badgroupid%7D&hvprdptid=%7Bproduct_partition_id%7D&hvprdgrpid=%7Bpromoted_product_group_id%7D&hvcr=%7Bcreative_id%7D&hvadid=%7Badid%7D&hvprdid=%7Bproduct_id%7D&hvplc=%7Bplacement%7D&psc=1&tag=%7Bifnotmobile:ushpadpinde-20%7D%7Bifmobile:ushpa,https://i.pinimg.com/originals/ed/cc/30/edcc304f5a44ea671630062295271be2.jpg,922,1383,0,2026-04-07
2026-09-05,saia longa fluida,1122803750881975115,7,26,0,shein,onelink.shein.com,https://onelink.shein.com/47/5ykszn9jo0m2,https://i.pinimg.com/originals/d5/9c/cf/d59ccfca7e26adeec360a56dc9a3ae68.jpg,941,1672,0,2026-08-11
2026-09-05,saia longa fluida,AXwERnJF6DxjwaxZZNb9q9TUAI6h17LDOqcEUqXnoNBCkryw1iCPsA6FTQlFF2HEsL-R884607U8q1apRLDmsHk,8,48,0,Temu | Retro High-end,temu.com,https://www.temu.com/ul/kuiper/un3.html?subj=dpa-un&_bg_fs=1&_p_jump_id=1082&_x_vst_scene=adg&goods_id=601102741442079&adg_ctx=a-012aff46~c-0347bf08&_p_rfs=1&_x_ads_channel=pinterest&_x_ads_creative_id=%7Bproduct_partition_id%7D&_x_ads_id=%7Badgroupid%7D&_x_ads_set=%7Bcampaignid%7D&_x_ads_sub_channel=shopping&_x_ns_catalog_id=1567707391772&_x_ns_creative=%7Badid%7D&_x_ns_gid=601102741442079&_x_ns_,https://i.pinimg.com/originals/a0/94/e1/a094e1a8cd80ff428b05db9a26a57179.jpg,2000,3000,0,2026-08-19
2026-09-05,saia longa fluida,ATpdABSMuRwNc-GeGVcIjuEec1LkgKglGbUgZbD8eiZTNTDmiRTZPDUNAH2cRqnTXfhmV9Wm003m6Bk1M5gCn64,9,15,0,Scarlet Darkness Maxi,amazon.com,https://www.amazon.com/Scarlet-Darkness-Casual-Bohemian-Renaissance/dp/B0D5YZRX8H/ref=asc_df_B0D5YZRX8H?hvdev=%7Bdevice%7D&hvcampaign=%7Bcampaignid%7D&hvadgroupid=%7Badgroupid%7D&hvprdptid=%7Bproduct_partition_id%7D&hvprdgrpid=%7Bpromoted_product_group_id%7D&hvcr=%7Bcreative_id%7D&hvadid=%7Badid%7D&hvprdid=%7Bproduct_id%7D&hvplc=%7Bplacement%7D&psc=1&tag=%7Bifnotmobile:ushpadpinde-20%7D%7Bifmobile,https://i.pinimg.com/originals/d6/29/c1/d629c10a3e252b02a92d090379ecd500.jpg,1248,1824,0,2026-05-20
2026-09-05,saia longa fluida,Aa4opfYsWLfVKLbSCBLwBItNiFLKa5Ajgpoe13J7vFs5Bnqq7p4PH-v9eOUZqfjmNSdI87FA2dnEVAhAOYluL6I,10,1,0,Temu | Elegant Women's,temu.com,https://www.temu.com/ul/kuiper/un3.html?subj=dpa-un&_bg_fs=1&_p_jump_id=1082&_x_vst_scene=adg&goods_id=601105821237210&adg_ctx=a-4c266d1a~c-01a2093b&_p_rfs=1&_x_ads_channel=pinterest&_x_ads_creative_id=%7Bproduct_partition_id%7D&_x_ads_id=%7Badgroupid%7D&_x_ads_set=%7Bcampaignid%7D&_x_ads_sub_channel=shopping&_x_ns_catalog_id=1567707391772&_x_ns_creative=%7Badid%7D&_x_ns_gid=601105821237210&_x_ns_,https://i.pinimg.com/originals/15/c6/f2/15c6f21c9c4a5121f76cfef31ab53175.jpg,2000,3000,0,2026-06-14
2026-09-05,saia longa fluida,410812797286854949,11,26,0,Saia Plissada de Inverno,onelink.shein.com,https://onelink.shein.com/47/5yshp4lwi5hn,https://i.pinimg.com/originals/2c/5f/bd/2c5fbdde675892899cf09d9615709e69.jpg,1080,1920,0,2026-08-26
2026-09-05,saia longa fluida,1128433250417822833,12,1,0,,,,https://i.pinimg.com/originals/47/2e/7e/472e7ed8f5a79079ac817e45497e86f2.png,1023,1537,0,2026-08-21
2026-09-05,saia longa fluida,AachttUXBSRVGb_v2BZg_5lBWqIkaQvMZLtVx4QmGTuRgVOhXMIBdfVyCWzb_RbSgE0n_20K-tzvoDs1_WW_Me8,13,16,0,Women's Stretchy Elastic,amazon.com,https://www.amazon.com/Womens-Stretchy-Elastic-Breathable-Outfits/dp/B0FH28D51X/ref=asc_df_B0FH28D51X?hvdev=%7Bdevice%7D&hvcampaign=%7Bcampaignid%7D&hvadgroupid=%7Badgroupid%7D&hvprdptid=%7Bproduct_partition_id%7D&hvprdgrpid=%7Bpromoted_product_group_id%7D&hvcr=%7Bcreative_id%7D&hvadid=%7Badid%7D&hvprdid=%7Bproduct_id%7D&hvplc=%7Bplacement%7D&psc=1&tag=%7Bifnotmobile:ushpadpinde-20%7D%7Bifmobile:u,https://i.pinimg.com/originals/a8/51/40/a85140f0b2e8dbd75d8e2a450a17bd2e.jpg,800,1200,0,2026-04-17
2026-09-05,saia longa fluida,ARtre5xfuKVWA3ROb1vaI07PzkWwtZmcAcu6fawpYSn-CzTnDCf0ezEQlXaD5U0wIc38dN0HV6osHJWeYVv-57Q,14,0,0,Temu | Falda Maxi Boho,temu.com,https://www.temu.com/ul/kuiper/un3.html?subj=dpa-un&_bg_fs=1&_p_jump_id=1082&_x_vst_scene=adg&goods_id=606489846620935&adg_ctx=a-69edc358~c-eda6f9d9&_p_rfs=1&_x_ads_channel=pinterest&_x_ads_creative_id=%7Bproduct_partition_id%7D&_x_ads_id=%7Badgroupid%7D&_x_ads_set=%7Bcampaignid%7D&_x_ads_sub_channel=shopping&_x_ns_catalog_id=1580405374697&_x_ns_creative=%7Badid%7D&_x_ns_gid=606489846620935&_x_ns_,https://i.pinimg.com/originals/fb/d3/28/fbd328f79ec2c3f024bb9b4787eb2a1c.jpg,2000,3000,0,2026-08-08
2026-09-05,saia longa fluida,AZRh_fCrS5MJEsAw1h8GIQJkPwOkDb3DbdCvLnXWzl4V1b9AB0S0vblBEIwN4D73_s64rVa0n96FbkfAhs6UmjA,15,5,0,Avanova Women Boho Floral,amazon.com,https://www.amazon.com/Avanova-Floral-Waisted-Apricot-X-Large/dp/B0DBZ7TX2Y/ref=asc_df_B0DBZ7TX2Y?hvdev=%7Bdevice%7D&hvcampaign=%7Bcampaignid%7D&hvadgroupid=%7Badgroupid%7D&hvprdptid=%7Bproduct_partition_id%7D&hvprdgrpid=%7Bpromoted_product_group_id%7D&hvcr=%7Bcreative_id%7D&hvadid=%7Badid%7D&hvprdid=%7Bproduct_id%7D&hvplc=%7Bplacement%7D&psc=1&tag=%7Bifnotmobile:ushpadpinde-20%7D%7Bifmobile:ushpa,https://i.pinimg.com/originals/f1/cd/6d/f1cd6d6f1a20f2a7d609ff2d5b41db32.jpg,1074,1612,0,2026-05-25
2026-09-05,saia longa fluida,2040762328731854,16,194,0,Saia looks,instagram.com,https://www.instagram.com/reel/DGN9YHGR1F8/?igsh=MW5mcTZtNXQ1b2Jsbg==,https://i.pinimg.com/originals/f9/77/3a/f9773a38257f1b8f50f6a338f01c39ed.jpg,679,1115,0,2025-08-23
2026-09-05,saia longa fluida,AZiEByO4mjgD6lvloDIlLL2q0m_R0Kg53IfQCmIGuDO7KC_2PePYbPVS7zNoSl9AUt3yWKSLUDFijhBg3gwm9qE,17,1,0,Temu | Women's Summer,temu.com,https://www.temu.com/ul/kuiper/un3.html?subj=dpa-un&_bg_fs=1&_p_jump_id=1082&_x_vst_scene=adg&goods_id=605812047090474&adg_ctx=a-728cb101~c-7b184eb6&_p_rfs=1&_x_ads_channel=pinterest&_x_ads_creative_id=%7Bproduct_partition_id%7D&_x_ads_id=%7Badgroupid%7D&_x_ads_set=%7Bcampaignid%7D&_x_ads_sub_channel=shopping&_x_ns_catalog_id=1567707391772&_x_ns_creative=%7Badid%7D&_x_ns_gid=605812047090474&_x_ns_,https://i.pinimg.com/originals/f4/79/a5/f479a5fb3e735f1dfc161bd472d807b5.jpg,2000,3000,0,2026-07-19
2026-09-05,saia longa fluida,4607252857960030272,18,0,0,Women's A-Line Pleated Maxi Skirt High-Waisted Chiffon Fabric Plus Size,oliviamark.com,https://oliviamark.com/products/hp-ufr54o3i?Size=L%20Dress%20Length%20100cm&Color=White,https://i.pinimg.com/originals/c7/50/db/c750db00dd3fe8dcc943dbc4bf7279f8.webp,1024,1536,0,2026-08-29
2026-09-05,saia longa fluida,AT9gsc07Wd4NGq0q5s8aAvp-0e10hK63-AQAS1KSpNVV3oBof4T0lyJc45v05Dd79YrcHlU4WU9MZiL9Fp7WE3s,19,24,0,Timormode Women Flowy,amazon.com,https://www.amazon.com/Timormode-Summer-Elastic-Chiffon-TMS8006/dp/B0F2H8DFLB/ref=asc_df_B0F2H8DFLB?hvdev=%7Bdevice%7D&hvcampaign=%7Bcampaignid%7D&hvadgroupid=%7Badgroupid%7D&hvprdptid=%7Bproduct_partition_id%7D&hvprdgrpid=%7Bpromoted_product_group_id%7D&hvcr=%7Bcreative_id%7D&hvadid=%7Badid%7D&hvprdid=%7Bproduct_id%7D&hvplc=%7Bplacement%7D&psc=1&tag=%7Bifnotmobile:ushpadpinde-20%7D%7Bifmobile:ush,https://i.pinimg.com/originals/7f/17/09/7f1709aca5d608dc63f89927ce639e71.jpg,1248,1824,0,2026-04-17
2026-09-05,saia longa fluida,961870432940750757,20,2693,0,Look com saia Compre aqui!👇🏼,onelink.shein.com,https://onelink.shein.com/44/5ws52eu26j4v,https://i.pinimg.com/originals/3d/73/b4/3d73b42ce82ca7a72f25a25d23e53224.jpg,1080,1920,0,2026-07-30
2026-09-05,saia longa fluida,AUu5eVrlml3wPBVC2T4AFak_Fi-zOOOCIJhTpg7D9Cv3LhFZ0u3MdnkvOampUjfij4_rNCt-w-_cm7Pob4dFwM4,21,2,0,Arolina Women's Summer,amazon.com,https://www.amazon.com/Arolina-Womens-Skirts-Spring-Waisted/dp/B0F9Y2BNHV/ref=asc_df_B0F9Y2BNHV?hvdev=%7Bdevice%7D&hvcampaign=%7Bcampaignid%7D&hvadgroupid=%7Badgroupid%7D&hvprdptid=%7Bproduct_partition_id%7D&hvprdgrpid=%7Bpromoted_product_group_id%7D&hvcr=%7Bcreative_id%7D&hvadid=%7Badid%7D&hvprdid=%7Bproduct_id%7D&hvplc=%7Bplacement%7D&psc=1&tag=%7Bifnotmobile:ushpadpinde-20%7D%7Bifmobile:ushpadp,https://i.pinimg.com/originals/55/46/66/554666b89123869e08f233e2d39ccfef.jpg,1248,1824,0,2026-03-20
2026-09-05,saia longa fluida,8585055536822402,22,1019,0,,,,https://i.pinimg.com/originals/11/1d/81/111d81b494f32fb9818deb03fcec656e.jpg,798,1469,0,2026-07-05
2026-09-05,saia longa fluida,59813501298084307,23,225,0,✨️,,,https://i.pinimg.com/originals/4a/37/38/4a37382e06061414d73ede2d313040c8.png,1023,1537,0,2026-08-25
2026-09-05,saia longa fluida,AaZs1M2LFDQWlP5m-8JoYtZ_KcCJmj6sqGAUjcIcFJZZEEthnS4zTZoLuwlrkrTnIx5egMziv2fkTbnfpF9iQ9g,24,0,0,Temu | Falda Nueva de,temu.com,https://www.temu.com/ul/kuiper/un3.html?subj=dpa-un&_bg_fs=1&_p_jump_id=1082&_x_vst_scene=adg&goods_id=601099920943746&adg_ctx=a-4ddfee79~c-0b52ca31&_p_rfs=1&_x_ads_channel=pinterest&_x_ads_creative_id=%7Bproduct_partition_id%7D&_x_ads_id=%7Badgroupid%7D&_x_ads_set=%7Bcampaignid%7D&_x_ads_sub_channel=shopping&_x_ns_catalog_id=1580405374697&_x_ns_creative=%7Badid%7D&_x_ns_gid=601099920943746&_x_ns_,https://i.pinimg.com/originals/3f/a5/20/3fa5207baed4420efd1980691f129aa6.jpg,2000,3000,0,2026-08-11
2026-09-05,saia longa fluida,AbbtYe3pegdCG1R2_DB1waxprEgELyBsJjg4TQU0-B2qXmTmk7toGqfhDgsHYd1Q-feojzgXZiE1RnM7AQTke_8,25,42,0,SCARLET DARKNESS Long,amazon.com,https://www.amazon.com/Scarlet-Darkness-Casual-Elastic-Ruffled/dp/B0DTT85M4X/ref=asc_df_B0DTT85M4X?hvdev=%7Bdevice%7D&hvcampaign=%7Bcampaignid%7D&hvadgroupid=%7Badgroupid%7D&hvprdptid=%7Bproduct_partition_id%7D&hvprdgrpid=%7Bpromoted_product_group_id%7D&hvcr=%7Bcreative_id%7D&hvadid=%7Badid%7D&hvprdid=%7Bproduct_id%7D&hvplc=%7Bplacement%7D&psc=1&tag=%7Bifnotmobile:ushpadpinde-20%7D%7Bifmobile:ushp,https://i.pinimg.com/originals/95/a2/97/95a2975b08b33b42cbf5549d641cdb89.jpg,1248,1824,0,2026-01-23
2026-09-05,saia longa fluida,910923462148152149,26,8,0,Saia Elegante com babado,s.shopee.com.br,https://s.shopee.com.br/6AiIniKYb8?channel_type=pinterest,https://i.pinimg.com/originals/61/44/1e/61441e3fee160722aaa533b2fb558b94.png,941,1672,0,2026-06-01
2026-09-05,saia longa fluida,AWbi8D44PHF_qY592swg9yYnT7W9fmvDuU_vHfbgxfG59XeGv_5xRBo6pXze-zoiRl0OCVweib0Z7G6K3W9llsc,27,8,0,OSTOO Women's Summer Long,amazon.com,https://www.amazon.com/OSTOO-Womens-Summer-Renaissance-Pockets/dp/B0DZBKX833/ref=asc_df_B0DZBKX833?hvdev=%7Bdevice%7D&hvcampaign=%7Bcampaignid%7D&hvadgroupid=%7Badgroupid%7D&hvprdptid=%7Bproduct_partition_id%7D&hvprdgrpid=%7Bpromoted_product_group_id%7D&hvcr=%7Bcreative_id%7D&hvadid=%7Badid%7D&hvprdid=%7Bproduct_id%7D&hvplc=%7Bplacement%7D&psc=1&tag=%7Bifnotmobile:ushpadpinde-20%7D%7Bifmobile:ushp,https://i.pinimg.com/originals/44/1d/f7/441df7b0e01721f276acc9a02417dd0e.jpg,1036,1555,0,2026-05-19
2026-09-05,saia longa fluida,AcQNdjyOBl4Lcp41ddWp7bx2lgdxnMXtLasa92zuZnqsyNL2zSF34EI7tx0xd-qh0qSO4L4ZzHz9Wld9P3LDXwo,28,1,0,Temu | For Vacation A,temu.com,https://www.temu.com/ul/kuiper/un3.html?subj=dpa-un&_bg_fs=1&_p_jump_id=1082&_x_vst_scene=adg&goods_id=606448591425598&adg_ctx=a-ef70449d~c-95c32279&_p_rfs=1&_x_ads_channel=pinterest&_x_ads_creative_id=%7Bproduct_partition_id%7D&_x_ads_id=%7Badgroupid%7D&_x_ads_set=%7Bcampaignid%7D&_x_ads_sub_channel=shopping&_x_ns_catalog_id=1567707391772&_x_ns_creative=%7Badid%7D&_x_ns_gid=606448591425598&_x_ns_,https://i.pinimg.com/originals/a6/a3/be/a6a3bebfed6e7762e6a4f6a05fcca202.jpg,2000,3000,0,2026-07-17
2026-09-05,saia longa fluida,1064397693204075597,29,10521,0,,,,https://i.pinimg.com/originals/c7/1b/31/c71b317283a572580ac513fd39209690.jpg,1170,2181,0,2026-03-23
2026-09-05,saia longa fluida,485333297370994075,30,749,0,,,,https://i.pinimg.com/originals/76/77/c1/7677c174cde1f04ced3844158a8fc7d0.jpg,591,884,0,2026-05-03
2026-09-05,saia longa fluida,AbhJA1PGYWJwAhajg0AnvSnO7BVuTydIbjN5nfcT5gpTdLseAVUq5xNsyJEA9R5K0zivGq2c2jbzwbLOnD-zb0o,31,2,0,Summer Skirts for Women,amazon.com,https://www.amazon.com/Waisted-Bohemian-Tropical-Holiday-Outfits/dp/B0DZXQQ3PJ/ref=asc_df_B0DZXQQ3PJ?hvdev=%7Bdevice%7D&hvcampaign=%7Bcampaignid%7D&hvadgroupid=%7Badgroupid%7D&hvprdptid=%7Bproduct_partition_id%7D&hvprdgrpid=%7Bpromoted_product_group_id%7D&hvcr=%7Bcreative_id%7D&hvadid=%7Badid%7D&hvprdid=%7Bproduct_id%7D&hvplc=%7Bplacement%7D&psc=1&tag=%7Bifnotmobile:ushpadpinde-20%7D%7Bifmobile:us,https://i.pinimg.com/originals/e1/53/eb/e153eb95f5e2dc8d8fe935f8b600d4ac.jpg,800,1200,0,2026-04-02
2026-09-05,saia longa fluida,7670261862839700,32,2799,0,,,,https://i.pinimg.com/originals/b1/51/38/b15138b8ec163ac00ee71f42ab190f8b.jpg,719,1278,0,2026-06-15
2026-09-05,saia longa fluida,651544271136590256,33,9,0,10 Things Graceful Women Never Do (Elegant Lifestyle & Confidence Guide) - Diibiz,diibiz.com,https://diibiz.com/things-graceful-women-avoid/?utm_source=star&utm_medium=link&utm_campaign=mishal,https://i.pinimg.com/originals/b0/a2/e0/b0a2e07b9aa4cb00e66933d0ee7af32a.jpg,736,1307,0,2026-08-24
2026-09-05,saia longa fluida,4596205012020967040,34,0,0,"Saia Plissada com Zíper, Design Fluido em Linha A, em Chiffon Apricot e Amarelo Pálido, Elegante, Minimalista, Romântica, para Passeio, Praia, Uso Diário e Trabalho, Primavera/Verão",br.shein.com,https://br.shein.com/ark/default?scene=1&test=5051&ad_type=DPA&goods_id=475655126&pf=PINTEREST&link_type=link&url_from=PINADSDPA&ismg=2e8ba8652fcfce66a7061d1b36dcfc30fbc5a9b720c600cb89500cb136d39ce0_01_1788544216,https://i.pinimg.com/originals/19/30/bc/1930bc9e150aed61a9a1d2039e0c9275.jpg,1340,1785,0,2026-06-06
2026-09-05,saia longa fluida,422281213039296,35,262,0,✨ Summer Skirt Look,,,https://i.pinimg.com/originals/78/e1/3f/78e13f9d5f5ef13950dac1889afa2a78.png,951,1653,0,2026-08-25
2026-09-05,saia longa fluida,AaImVTtBt4DC3eJDCrMPIQIkDZUvAk-gy3dAeGo-SV5D5jay_kqrszgAfQ5336DL79kG1UJ-1YbN6cbYRASYfwA,36,7,0,ZAFUL Women's Boho Skirt,amazon.com,https://www.amazon.com/ZAFUL-Bodycon-Asymmetrical-Drawstring-BA-Dark/dp/B0B6161FDD/ref=asc_df_B0B6161FDD?hvdev=%7Bdevice%7D&hvcampaign=%7Bcampaignid%7D&hvadgroupid=%7Badgroupid%7D&hvprdptid=%7Bproduct_partition_id%7D&hvprdgrpid=%7Bpromoted_product_group_id%7D&hvcr=%7Bcreative_id%7D&hvadid=%7Badid%7D&hvprdid=%7Bproduct_id%7D&hvplc=%7Bplacement%7D&psc=1&tag=%7Bifnotmobile:ushpadpinde-20%7D%7Bifmobil,https://i.pinimg.com/originals/3c/0f/d3/3c0fd372c33f79c04de2c275033340be.jpg,1066,1600,0,2026-04-17
2026-09-05,saia longa fluida,AZ5lE4Lou2tOlAtkiDFiltrtt9w5_hEO5ZESRMq03qXsyt8zDaY6jny0PtDUXLisLS8b8NEP-I2fJQwIZ7IQGac,37,2,0,Scarlet Darkness Women,amazon.com,https://www.amazon.com/Women-Floral-Elastic-Skirts-Pockets/dp/B0F6LHCG53/ref=asc_df_B0F6LHCG53?hvdev=%7Bdevice%7D&hvcampaign=%7Bcampaignid%7D&hvadgroupid=%7Badgroupid%7D&hvprdptid=%7Bproduct_partition_id%7D&hvprdgrpid=%7Bpromoted_product_group_id%7D&hvcr=%7Bcreative_id%7D&hvadid=%7Badid%7D&hvprdid=%7Bproduct_id%7D&hvplc=%7Bplacement%7D&psc=1&tag=%7Bifnotmobile:ushpadpinde-20%7D%7Bifmobile:ushpadpi,https://i.pinimg.com/originals/ce/8c/80/ce8c8057a44a9c276463e97c75919682.jpg,1248,1824,0,2026-05-24
2026-09-05,saia longa fluida,AUfk7ZtAm5M3fI07oogNA31QaB-3qdYZaqI-Gjaw93wibRtZN5TUfy6YbrHORrBb2GeznAcUnm93ZNDV2cSFU4g,38,4,0,Satin Maxi Skirt,www2.hm.com,https://www2.hm.com/en_us/productpage.1334576001.html?utm_source=pinterest&utm_medium=social,https://i.pinimg.com/originals/60/ea/cb/60eacb88f89d67b8c7ceba511a8ae915.jpg,2333,3500,0,2026-04-03
2026-09-05,saia longa fluida,Ac0MDX-IlqKWRRjfWEIaO4C0m2jRlI9wbU9MQVJmOQ8Ycb7lfonVM0takq5AQgigZhrYfVGLt8rJqmXkjLO9nwE,39,1,0,Temu | For Summer,temu.com,https://www.temu.com/ul/kuiper/un3.html?subj=dpa-un&_bg_fs=1&_p_jump_id=1082&_x_vst_scene=adg&goods_id=601099748445557&adg_ctx=a-87e412c6~c-f0ee6d91&_p_rfs=1&_x_ads_channel=pinterest&_x_ads_creative_id=%7Bproduct_partition_id%7D&_x_ads_id=%7Badgroupid%7D&_x_ads_set=%7Bcampaignid%7D&_x_ads_sub_channel=shopping&_x_ns_catalog_id=1567707391772&_x_ns_creative=%7Badid%7D&_x_ns_gid=601099748445557&_x_ns_,https://i.pinimg.com/originals/e6/3f/1f/e63f1fde9f9890bf0dece80c995ae570.jpg,2000,3000,0,2026-08-01
2026-09-05,saia longa fluida,630644754117335482,40,2275,0,,,,https://i.pinimg.com/originals/00/0a/06/000a06295781fa4de08b08d58b375e46.jpg,579,1278,0,2026-04-18
2026-09-05,saia longa fluida,396668679707271339,41,11,0,"20 Feminine Top Outfit Ideas for a Soft, Modern Wardrobe",sewmamasew.com,https://www.sewmamasew.com/20-feminine-top-outfit-ideas/,https://i.pinimg.com/originals/b2/59/a7/b259a78fc53882349120f48527bf123e.jpg,720,1280,0,2026-08-22
2026-09-05,saia longa fluida,351914158407929739,42,76,0,vacy look,,,https://i.pinimg.com/originals/76/4a/7b/764a7b28f6faef0cb7eb636037a6f9cb.jpg,1080,1920,0,2026-08-04
2026-09-05,saia longa fluida,793900240610362683,43,272,0,Saia de pó,onelink.shein.com,https://onelink.shein.com/40/5txraz9m6ma2,https://i.pinimg.com/originals/58/65/4e/58654eae53a58577eac0ff8d4c5061f3.jpg,1080,1920,0,2026-06-27
2026-09-05,saia longa fluida,AbfZtAXC5mix4GK1kENUQ_Dron1iZXt0Y8oD6P79J-6rBLfF1EIFXGB9AdxTMQITCjTHyk9GRmu-A-CgyBebMCk,44,19,0,BTFBM Skirts for Women,amazon.com,https://www.amazon.com/BTFBM-Elegant-Cocktail-Wedding-Mermaid/dp/B0D7RL5NVX/ref=asc_df_B0D7RL5NVX?hvdev=%7Bdevice%7D&hvcampaign=%7Bcampaignid%7D&hvadgroupid=%7Badgroupid%7D&hvprdptid=%7Bproduct_partition_id%7D&hvprdgrpid=%7Bpromoted_product_group_id%7D&hvcr=%7Bcreative_id%7D&hvadid=%7Badid%7D&hvprdid=%7Bproduct_id%7D&hvplc=%7Bplacement%7D&psc=1&tag=%7Bifnotmobile:ushpadpinde-20%7D%7Bifmobile:ushpa,https://i.pinimg.com/originals/f9/63/bf/f963bf1432ed53a3205100edb7375c4c.jpg,1000,1500,0,2026-03-20
2026-09-05,saia longa fluida,589338301284497926,45,4,0,"Saia Longa Plissada de Cintura Alta, Férias Primavera/Verão",onelink.shein.com,https://onelink.shein.com/46/5yab3wu9d5x0?ismg_ol=5eb66e458701928121f8163da1093ea82727ff10219add2365055d12bfc674e5_01_KOC-C,https://i.pinimg.com/originals/2f/22/96/2f2296f4d34b4921e82c794d7ad5f0bc.png,1023,1537,0,2026-08-17
2026-09-05,saia longa fluida,589338301284497918,46,3,0,REGATA COM PÉROLAS + SAIA LONGA PLISSADA (LINKS NA DESCRIÇÃO),onelink.shein.com,https://onelink.shein.com/46/5yabk2wdm1xp?ismg_ol=6c55ee9bdce486fc17d62bb2abf6069172d2b4d62bbb79aea99ecb14162151d7_01_KOC-C,https://i.pinimg.com/originals/8f/4b/fd/8f4bfd404c6f7e85e30a424c8925b2a2.png,1023,1537,0,2026-08-17
2026-09-05,saia longa fluida,609815605843192952,47,345,0,White Sheer Poncho Top & Maxi Skirt Outfit | Elegant Summer Evening Look,amzn.to,https://amzn.to/3RVT8rz,https://i.pinimg.com/originals/e2/a7/f8/e2a7f8a2365ee2e84a9ce679518b95a9.png,1086,1448,0,2026-08-26
2026-09-05,saia longa fluida,1052505375439689419,48,1,0,"Saia Longa Plissada de Chiffon Cintura Alta Vintage Feminina, Saia Longa Fluida Azul Suave em Linha A para Resort, Uso Diário Elegante & Estilo de Volta às Aulas",onelink.shein.com,https://onelink.shein.com/48/5za1vephmpnv?ismg_ol=Br6t1XJZZbJ_01_KOC-C,https://i.pinimg.com/originals/4e/00/b1/4e00b119483507976257734309e07107.jpg,1086,1448,0,2026-08-18
2026-09-05,saia longa fluida,103090278966673307,49,159,0,shein,onelink.shein.com,https://onelink.shein.com/46/5xuko2g476g8,https://i.pinimg.com/originals/40/a1/23/40a123a01d5cbe933db846e5a8f2ee10.png,941,1672,0,2026-08-23
2026-09-05,saia longa fluida,AYUPnrCIDK29MLeknX6VgNp8roDOpl9tsp4dgri5arNAJui0pLOCikrod3eBSd819ZsAOYDCZKTD8uxLRymvpV0,51,1,0,Temu | For Summer A-Line,temu.com,https://www.temu.com/ul/kuiper/un3.html?subj=dpa-un&_bg_fs=1&_p_jump_id=1082&_x_vst_scene=adg&goods_id=606297730703226&adg_ctx=a-a836c2ef~c-e091b56e&_p_rfs=1&_x_ads_channel=pinterest&_x_ads_creative_id=%7Bproduct_partition_id%7D&_x_ads_id=%7Badgroupid%7D&_x_ads_set=%7Bcampaignid%7D&_x_ads_sub_channel=shopping&_x_ns_catalog_id=1567707391772&_x_ns_creative=%7Badid%7D&_x_ns_gid=606297730703226&_x_ns_,https://i.pinimg.com/originals/11/41/dd/1141ddca82a743e323e2d2c9cca67d7d.jpg,2000,3000,0,2026-06-12
2026-09-05,saia longa fluida,AQekhR7t12BQm9FxFPVBq63Z5OnFVqIXl3QPIFUyNr4iaO-94Y7biJJtNsNmPUuf8_xFH2sdWghL07QNEbimS3E,52,7,0,Quince | Women's Maxi,quince.com,https://www.quince.com/women/100-washable-silk-maxi-skirt?color=wine-tasting-red&size=l&utm_source=pinterest&utm_medium=paid_social&utm_campaign=%7Bcampaign_name%7D&utm_adgroup=%20%7Badgroup_name%7D&utm_campaignid=%7Bcampaignid%7D&utm_adgroupid=%7Badgroupid%7D&utm_adid=%7Badid%7D&utm_creative=%20%7Bcreative_id%7D&utm_content=%7Badid%7D&utm_term=%7Badgroupid%7D&productid=%7Bproduct_id%7D,https://i.pinimg.com/originals/68/69/62/686962506a5f0d597d2b70b323acde82.jpg,1000,1500,0,2026-01-06
2026-09-05,saia longa fluida,21321798232480300,53,499,0,Old Money Long Skirt Outfits,,,https://i.pinimg.com/originals/81/83/5b/81835ba9bda7a65cfd156f21e70fe43a.jpg,870,1307,0,2026-07-23
2026-09-05,saia longa fluida,AcH_P04yHK5j0n97J8aNQWMF2t4ePUm46IOr1sNvAV5Imp31ft6IvPTaMl2GDMOMhUna4AKQH8G7o_t1dFzWj6k,54,437,0,Luxury-Inspired Amazon,amzlink.to,https://amzlink.to/az0KozhwDROKZ,https://i.pinimg.com/originals/ba/f7/13/baf7133b4344967c8b2af6a99c7ddda8.png,1000,1500,0,2026-05-14
2026-09-05,saia longa fluida,486177722298549528,55,8,0,25 Wedding Guest Skirt Outfit Ideas For Romantic...,sewmamasew.com,https://www.sewmamasew.com/25-wedding-guest-skirt-outfit-ideas/,https://i.pinimg.com/originals/81/97/ae/8197ae54ec8e837f57a05fbbe790dceb.jpg,720,1279,0,2026-08-08
2026-09-05,saia longa fluida,AbOBhT9Y6Y3V_fIsRg0rOQayRg774rCNQkeCa5a1GHwJAM_ysPYIN3I61SX3zzuX_PywddMxctqHRyA7bUn8JFI,56,1,0,Temu | Women's,temu.com,https://www.temu.com/ul/kuiper/un3.html?subj=dpa-un&_bg_fs=1&_p_jump_id=1082&_x_vst_scene=adg&goods_id=606168260924598&adg_ctx=a-7f7d65de~c-b5e28fa5&_p_rfs=1&_x_ads_channel=pinterest&_x_ads_creative_id=%7Bproduct_partition_id%7D&_x_ads_id=%7Badgroupid%7D&_x_ads_set=%7Bcampaignid%7D&_x_ads_sub_channel=shopping&_x_ns_catalog_id=1567707391772&_x_ns_creative=%7Badid%7D&_x_ns_gid=606168260924598&_x_ns_,https://i.pinimg.com/originals/63/60/d8/6360d889e163eebbede40623ce3f23ae.jpg,2000,3000,0,2026-07-01
2026-09-05,saia longa fluida,1097119159268814868,57,203,0,✨ Poá Manteiga & Chocolate: O Look Elegante Que Une Sofisticação e Feminilidade Atemporal,,,https://i.pinimg.com/originals/84/b7/5b/84b75b0b219629bd350243b7f53ca6ac.jpg,1168,1752,0,2026-05-31
2026-09-05,saia longa fluida,643592603044889037,58,6,0,🌸 Conjunto Floral que Vai Transformar Seu Estilo,onelink.shein.com,https://onelink.shein.com/46/5xw1zlnjm4pu,https://i.pinimg.com/originals/25/3c/6a/253c6ae5627aeb933461ab741596a0d8.png,971,1620,0,2026-08-16
2026-09-05,saia longa fluida,AS3bbIbcfS5ipwjqlPgLG316LwSy08m9aE9nxWnzHEWb4ihgZn1Pq-zOiX6LCDsgomgc7spYv0kJmR4IFJZPsl4,59,0,0,Temu | A-Line Yellow,temu.com,https://www.temu.com/ul/kuiper/un3.html?subj=dpa-un&_bg_fs=1&_p_jump_id=1082&_x_vst_scene=adg&goods_id=601102214782114&adg_ctx=a-04d42e40~c-51550499&_p_rfs=1&_x_ads_channel=pinterest&_x_ads_creative_id=%7Bproduct_partition_id%7D&_x_ads_id=%7Badgroupid%7D&_x_ads_set=%7Bcampaignid%7D&_x_ads_sub_channel=shopping&_x_ns_catalog_id=1567707391772&_x_ns_creative=%7Badid%7D&_x_ns_gid=601102214782114&_x_ns_,https://i.pinimg.com/originals/30/49/2f/30492fb25e7eb2ab208ce98c963274c2.jpg,2000,3000,0,2026-08-24
2026-09-05,saia longa fluida,AfKZQnEVWmeKBkcdSPJH2btMs_yH_uC1M_vXTonxmV0mzae-UzsBBF3Tv6VKh36zqtYwZUTIILQqBm4XguApm7o,60,1,0,Gathered Midi Skirt,etsy.com,https://www.etsy.com/listing/4537113907/meriggio-skirt-sewing-pattern-gathering,https://i.pinimg.com/originals/16/3a/39/163a39105353486691f926b324fc07f2.webp,794,794,0,2026-07-18
2026-09-05,saia longa fluida,688558230576947594,61,48,0,Chic Old Money Outfit - Black Off Shoulder Top + Satin Maxi Skirt | Classy Summer Outfit Idea,,,https://i.pinimg.com/originals/4c/e1/36/4ce136e6519d698ee103ce496050d024.png,1023,1537,0,2026-08-19
2026-09-05,saia longa fluida,351912467356334,62,709,0,,,,https://i.pinimg.com/originals/ca/4a/a3/ca4aa34e35f04a993fac4e4a27cf2602.png,750,1334,0,2026-05-12
2026-09-05,saia longa fluida,AQKGFnGFKeO168Ls4rqwgzs8NS6zhI1AxEwSR5lrrgzy6pabD1PqwilWJOxm_VafwdEGCFij6bTx5564SieCp7Y,63,1,0,Temu | Nueva Falda Larga,temu.com,https://www.temu.com/ul/kuiper/un3.html?subj=dpa-un&_bg_fs=1&_p_jump_id=1082&_x_vst_scene=adg&goods_id=606379402227426&adg_ctx=a-a78eb51d~c-5b654ec1&_p_rfs=1&_x_ads_channel=pinterest&_x_ads_creative_id=%7Bproduct_partition_id%7D&_x_ads_id=%7Badgroupid%7D&_x_ads_set=%7Bcampaignid%7D&_x_ads_sub_channel=shopping&_x_ns_catalog_id=1580405374697&_x_ns_creative=%7Badid%7D&_x_ns_gid=606379402227426&_x_ns_,https://i.pinimg.com/originals/0d/01/fc/0d01fc5a56a72444989df90c681cdf60.jpg,2000,3000,0,2026-07-06
2026-09-05,saia longa fluida,4362930885074995,64,323,0,casual outfit,,,https://i.pinimg.com/originals/97/aa/06/97aa0697606e6c6b8717235e931e2a35.png,1023,1537,0,2026-07-22
2026-09-05,saia longa fluida,AbIX3VqBtXK_KsAEPvcQBb8gCEgONGlLijIFxuBrBA4BofOMYXyXE3WoLeRn7i4lxe7nM1flP-1SlmQElsW0_ls,65,0,0,Temu | Conjunto de dos,temu.com,https://www.temu.com/ul/kuiper/un3.html?subj=dpa-un&_bg_fs=1&_p_jump_id=1082&_x_vst_scene=adg&goods_id=605800521170797&adg_ctx=a-8000748f~c-62610a8f&_p_rfs=1&_x_ads_channel=pinterest&_x_ads_creative_id=%7Bproduct_partition_id%7D&_x_ads_id=%7Badgroupid%7D&_x_ads_set=%7Bcampaignid%7D&_x_ads_sub_channel=shopping&_x_ns_catalog_id=1580405374697&_x_ns_creative=%7Badid%7D&_x_ns_gid=605800521170797&_x_ns_,https://i.pinimg.com/originals/d0/2b/45/d02b456991729776ee29300462a44b29.jpg,2000,3000,0,2026-08-18
2026-09-05,saia longa fluida,857232110369198115,66,18,0,,,,https://i.pinimg.com/originals/1a/ce/d5/1aced55ea1e703029d2006f5f6c89e6d.png,1023,1537,0,2026-08-23
2026-09-05,saia longa fluida,371406300544363481,67,13,0,"Dê uma olhada em ZA Seaside Holiday Style Fungus Edge manga larga Top curto + saia 316788 por R$235,00. Compre na Shopee agora!",s.shopee.com.br,https://s.shopee.com.br/9pdLZjGM49?channel_type=pinterest,https://i.pinimg.com/originals/ea/b8/b2/eab8b2aba7b9817ba2e15df200be326c.jpg,1080,1920,0,2026-08-08
2026-09-05,saia longa fluida,28710516371380461,68,585,0,,,,https://i.pinimg.com/originals/fc/e4/62/fce4621429aa6a4c4cb33b453886b60d.jpg,1080,1920,0,2026-07-15
2026-09-05,saia longa fluida,373235887892866636,69,15,0,Elegant White Crop Top and Brown Ruffle Midi Skirt Outfit for Chic Summer Style,,,https://i.pinimg.com/originals/bd/eb/8a/bdeb8a3638878b40d7a2279452d62800.png,1023,1537,0,2026-07-12
2026-09-05,saia longa fluida,749849406751706693,70,687,0,,,,https://i.pinimg.com/originals/a2/24/98/a224983e9a851a8ec13470257dc605a3.jpg,1200,1626,0,2026-04-26
2026-09-05,saia longa fluida,524810162850116184,71,82,0,conjunto feminino elegante,onelink.shein.com,https://onelink.shein.com/44/5wv9k1tokqos,https://i.pinimg.com/originals/27/3d/20/273d207570f8f2ec686675557ce96eed.png,941,1672,0,2026-08-25
2026-09-05,saia longa fluida,616641374026924393,72,5,0,Saia Longa Feminina Plissada Cintura Alta Moda Evangélica,meli.la,https://meli.la/2DH6cKr,https://i.pinimg.com/originals/10/2f/b2/102fb2516919ccffe98d38e088502a86.png,768,1365,0,2026-08-07
2026-09-05,tricot feminino,ASnkXJ5wQpmaefDZx7TjUSafrRHhl93GV71BiaYFN9XGwqEQvgM1S0uYWHWgQjs8PYwjES0G_DDthsfRAr8FRKs,2,78,0,How to choose the right,shopify.com,https://www.shopify.com/blog/apparel-fulfillment,https://i.pinimg.com/originals/7e/0f/8d/7e0f8dd5bfa1293b63c36d02a8cd0377.jpg,736,1104,0,2024-12-14
2026-09-05,tricot feminino,1092193347144890789,3,6385,0,✨|Suéter em tricot!,onelink.shein.com,https://onelink.shein.com/21/58khe1y7a6td,https://i.pinimg.com/originals/a0/48/fa/a048fa94c6d4fa5017ce869079c1d9d2.jpg,736,1121,0,2025-11-28
2026-09-05,tricot feminino,15058980001057068,4,200,0,Inspiração look de tricô,,,https://i.pinimg.com/originals/03/27/dc/0327dc95e9cef104664d99152b31af23.jpg,863,1534,0,2026-07-27
2026-09-05,tricot feminino,Ae3E7kephpizft4CMQYDU3dp2IkZvOhQi-peXdNcRcNcHhnWhA_iul2I0vXzoGIMAqvDhaTQ_NmRSQNS442ZOK0,5,0,0,Inspire Chic Cable Knit,walmart.com,https://www.walmart.com/ip/INSPIRE-CHIC-Cable-Knit-Sweater-for-Women-s-Crewneck-Long-Sleeve-Casual-Oversized-Pullover-Sweater-Top-XS-Light-Brown/17099757476?wmlspartner=wlpa&selectedSellerId=571,https://i.pinimg.com/originals/7a/b8/eb/7ab8eb41efec2498c503b5cd9ffea3a5.jpg,300,450,0,2026-07-30
2026-09-05,tricot feminino,AbHWUmkhTSlJAfM8YXtF8E6haC2wTEiuY_VIyornuv8zwIOH_zBXeyOey58lRsP0Yi24KfhHQ7HtdAvUxRL5z0U,6,6,0,Easy Fall Outfit Ideas,amzlink.to,https://amzlink.to/az0vrTK76heyf,https://i.pinimg.com/originals/74/b7/9c/74b79c566ca5e18ac6c0ac28e22465d1.jpg,1000,1500,0,2026-08-24
2026-09-05,tricot feminino,Ad7aTHhpVtoEc1LZr_p_PeqzHxETnWnscECW66vuoOQ6oTswGVBGfBKGkh5uuZXnbmj4MEfBF0b6YZADdrX_ur0,7,11,0,100% Cashmere V-Neck,jmclaughlin.com,https://www.jmclaughlin.com/products/kerry-cashmere-sweater-solid-winter-navy,https://i.pinimg.com/originals/b2/d6/64/b2d66489f53e3c0f077bdc449baa85ff.jpg,1080,1920,1,2026-07-31
2026-09-05,tricot feminino,1106900414704318622,8,12,0,,,,https://i.pinimg.com/originals/a9/44/a5/a944a5b00d7211d179141bce16c605a9.jpg,736,1036,0,2026-08-21
2026-09-05,tricot feminino,82824080645137094,9,17,0,Cardigã feminino listras estilo criativo,onelink.shein.com,https://onelink.shein.com/46/5ybfdayl06wx?shc=2_RSWRp33Uqod,https://i.pinimg.com/originals/3d/48/7c/3d487c35a03f8c9e80d6ec7bdec06ffd.jpg,1340,1785,0,2026-08-24
2026-09-05,tricot feminino,463307880437228915,10,200,0,Cozy Sunday Sip: Rustic Warmth & Style,,,https://i.pinimg.com/originals/5e/fe/5d/5efe5d65221e4311fe89960c64242585.jpg,1080,1920,0,2026-03-21
2026-09-05,tricot feminino,AdtljAbmO_gAPGgvzckV04I1gQxeGU3Ol6KgpLgWFdM2M40QK1ccM15F7UL6Z4CYOQaIix5NK9CApxY_wmj12Y4,11,38,0,Easy Amazon Outfit That,amzlink.to,https://amzlink.to/az0AlAQzbXr2q,https://i.pinimg.com/originals/65/c8/27/65c827122d426e8ea82574b9d6ccb39b.png,1000,1500,0,2026-08-07
2026-09-05,tricot feminino,4604719589615559040,12,74,0,40 Casual Chunky Sweater Outfits for Cozy Winter Style,sewmamasew.com,https://www.sewmamasew.com/40-casual-chunky-sweater-outfits/,https://i.pinimg.com/originals/6c/c0/30/6cc030e55fca324980e9871f3d954e7a.jpg,720,1279,0,2026-05-16
2026-09-05,tricot feminino,AXJW11gVKvUeLOoDFTh_FtU6Zd2J8G0C9q2D6IHR5C4Wbb0jGLwxjfdYrIY4ABuGlLCeW9yksApnqnzpS02OW10,13,1,0,Temu | Hollow Out Fashion,temu.com,https://www.temu.com/ul/kuiper/un3.html?subj=dpa-un&_bg_fs=1&_p_jump_id=1082&_x_vst_scene=adg&goods_id=605999767323924&adg_ctx=a-4d47bc39~c-5d9628d0&_p_rfs=1&_x_ads_channel=pinterest&_x_ads_creative_id=%7Bproduct_partition_id%7D&_x_ads_id=%7Badgroupid%7D&_x_ads_set=%7Bcampaignid%7D&_x_ads_sub_channel=shopping&_x_ns_catalog_id=1567707391772&_x_ns_creative=%7Badid%7D&_x_ns_gid=605999767323924&_x_ns_,https://i.pinimg.com/originals/26/eb/7f/26eb7f8482e1294c5962e06cbe6f2816.jpg,3373,5060,0,2026-06-16
2026-09-05,tricot feminino,21884748186099842,14,224,0,40 Work From Home Outfit Ideas: Comfy & Chic,sewmamasew.com,https://www.sewmamasew.com/40-work-from-home-outfit-ideas/,https://i.pinimg.com/originals/d3/81/7f/d3817fe6fedd0d69425c2600f2d7503e.jpg,720,1279,0,2026-06-14
2026-09-05,tricot feminino,4593108798662223232,15,1448,0,25 Wide Leg Jeans Outfit Ideas With a Sweater for Cozy Days,sewmamasew.com,https://www.sewmamasew.com/25-wide-leg-jeans-outfit-ideas-with-a-sweater/,https://i.pinimg.com/originals/87/36/42/87364251d7884bf64365cf7094d94a45.jpg,720,1279,0,2026-07-24
2026-09-05,tricot feminino,1031465120927111990,16,721,0,,,,https://i.pinimg.com/originals/ab/d4/6f/abd46fe7dffb121e81ede47f9a3a59f4.jpg,736,1311,0,2025-10-21
2026-09-05,tricot feminino,4605141834284208000,17,0,0,Blusa Feminina Tricot Oversized Manga longa Bufante Tricô Sofisticado Elegante Crochê Inverno,br.shein.com,https://br.shein.com/ark/default?scene=1&test=5051&ad_type=DPA&goods_id=548800178&pf=PINTEREST&link_type=link&url_from=PINADSDPA&ismg=fa32485197018e24a740bbd3a0e5c9a17c0acb854719219d1f591c27289d16cb_01_1788544254,https://i.pinimg.com/originals/4e/fa/03/4efa0327faf2d80ec67fb0570a880d3d.jpg,1340,1785,0,2026-08-11
2026-09-05,tricot feminino,AWTyl7ASo1BDDyrV2oFjdEo4l1vZOOrg-qmsVOgwdnSrnPblnodV-gUDGJ_JnNRt-d_cA_XaIL1Jx64ja9Ofoj4,18,1,0,Temu | New Autumn Fashion,temu.com,https://www.temu.com/ul/kuiper/un3.html?subj=dpa-un&_bg_fs=1&_p_jump_id=1082&_x_vst_scene=adg&goods_id=601102621748329&adg_ctx=a-34f51dc2~c-120264ab&_p_rfs=1&_x_ads_channel=pinterest&_x_ads_creative_id=%7Bproduct_partition_id%7D&_x_ads_id=%7Badgroupid%7D&_x_ads_set=%7Bcampaignid%7D&_x_ads_sub_channel=shopping&_x_ns_catalog_id=1567707391772&_x_ns_creative=%7Badid%7D&_x_ns_gid=601102621748329&_x_ns_,https://i.pinimg.com/originals/f3/70/e3/f370e3f158e9835a9ba2dd90f494e688.jpg,2000,3000,0,2026-07-23
2026-09-05,tricot feminino,ASJsQVtW2OZ0thi1XSXB-z7SADR5r3Masid_qnll_Gfgy6EQYiZqyVhiaB9wydpr5hmb9m0o9DZ9RFedGA7rH1I,19,1,0,Temu | Talla Grande -,temu.com,https://www.temu.com/ul/kuiper/un3.html?subj=dpa-un&_bg_fs=1&_p_jump_id=1082&_x_vst_scene=adg&goods_id=601102142240087&adg_ctx=a-93d5bec8~c-efdda8a8&_p_rfs=1&_x_ads_channel=pinterest&_x_ads_creative_id=%7Bproduct_partition_id%7D&_x_ads_id=%7Badgroupid%7D&_x_ads_set=%7Bcampaignid%7D&_x_ads_sub_channel=shopping&_x_ns_catalog_id=1580405374697&_x_ns_creative=%7Badid%7D&_x_ns_gid=601102142240087&_x_ns_,https://i.pinimg.com/originals/4f/4d/af/4f4daf6f4631d5688384dc59ecf00c4e.jpg,2000,3000,0,2026-06-14
2026-09-05,tricot feminino,1069112399061248618,20,286,0,look de frio,,,https://i.pinimg.com/originals/0e/8b/bd/0e8bbd525bd71ad66d4310c12004dc10.jpg,736,981,0,2026-07-23
2026-09-05,tricot feminino,AXX48tcBG2SfBdBIP15pDJZfO4nNONGZuY-9GAShHEoqS3j_czW5stejg1oTKlJvz6dDXcwu1jfQZfPwgOtaxnM,21,0,0,Women's Round Neck Solid,us.shein.com,https://us.shein.com/ark/default?scene=1&test=5051&ad_type=DPA&goods_id=40793948&pf=PINTEREST&url_from=PINADSDPA&ismg=f1b3378088302b3a783ac4a60a87381abe8de90049363deb2aad857c2b20af06_01_1788542441,https://i.pinimg.com/originals/66/7c/dc/667cdccd98ae2e16a8478b9fe05abcbd.jpg,1340,1785,0,2026-07-26
2026-09-05,tricot feminino,4598034612957276800,22,56,0,35 Chic Outfit Ideas for Women to Elevate Your Style,sewmamasew.com,https://www.sewmamasew.com/35-chic-outfit-ideas-for-women/,https://i.pinimg.com/originals/e2/58/ef/e258ef62619444de7cafdfa9c7201663.jpg,720,1280,0,2026-05-16
2026-09-05,tricot feminino,AYWns3mKF0fdxjfSJK86TDnf0HfI6jBvYpRWsuJVky_jxyUevxfYaiwHFOfHWgFi0f4XsVgMG3cY2F9BXRWuQrg,23,3,0,Chunky Cotton Sweater,bananarepublic.gap.com,https://bananarepublic.gap.com/browse/product.do?pid=915604002&vid=1,https://i.pinimg.com/originals/be/97/23/be97231e6b6c917877c323faacd32c3b.jpg,1500,2000,0,2026-07-29
2026-09-05,tricot feminino,4714774605470830,24,112,0,Sweater Outfits for Women 2026 – Trendy & Cozy Knitwear Ideas,styles-4-you.com,https://styles-4-you.com/sweater-outfits-for-women-2026-knitwear-trends,https://i.pinimg.com/originals/ec/cb/5d/eccb5d497931087e09dd980eea492bea.webp,736,1312,0,2026-02-11
2026-09-05,tricot feminino,ATsxlFQZMBk6IJdnjK_OJYZUZHnM1rIlxNUlIiprf9VvXf9QIrjFHrJjwFPkgCVRt3J7YFbi14jsqOyB4k_OfZk,25,1,0,Pom-Pom Heart Braid Hand,chicwish.com,https://www.chicwish.com/pom-pom-heart-braid-hand-knit-sweater-in-cream.html,https://i.pinimg.com/originals/36/77/46/367746686f0b644e1dcee4a932b01d8a.jpg,809,1200,0,2026-02-24
2026-09-05,tricot feminino,1149192029945820955,26,359,0,,,,https://i.pinimg.com/originals/fc/4e/be/fc4ebe364cae70613bb7318eea05fc83.jpg,736,1252,0,2025-11-13
2026-09-05,tricot feminino,4598738244059177856,27,0,0,Casaco Feminino Tricot Cardigan Moda Inverno Manga Bufante Tricô CAGE,br.shein.com,https://br.shein.com/ark/default?scene=1&test=5051&ad_type=DPA&goods_id=425877240&pf=PINTEREST&link_type=link&url_from=PINADSDPA&ismg=23af045564ab91205336af5ff72be963faa51a63c41c25f2e8b5b7c755654222_01_1788544197,https://i.pinimg.com/originals/68/08/cf/6808cf5fb679c833220917108f785d67.jpg,1080,1440,0,2026-08-15
2026-09-05,tricot feminino,AcG1US2q1fmNiKKJqnjhGBT-C6pyEB75nLxvl8HJ9TdIZCMas_-lQP-EF4zqhI7J5JGBxsuXFysKRt5IbKmWfMo,28,1,0,Temu | This,temu.com,https://www.temu.com/ul/kuiper/un3.html?subj=dpa-un&_bg_fs=1&_p_jump_id=1082&_x_vst_scene=adg&goods_id=606518518891906&adg_ctx=a-dc583e40~c-c18dc1bc&_p_rfs=1&_x_ads_channel=pinterest&_x_ads_creative_id=%7Bproduct_partition_id%7D&_x_ads_id=%7Badgroupid%7D&_x_ads_set=%7Bcampaignid%7D&_x_ads_sub_channel=shopping&_x_ns_catalog_id=1567707391772&_x_ns_creative=%7Badid%7D&_x_ns_gid=606518518891906&_x_ns_,https://i.pinimg.com/originals/49/7a/a2/497aa24e591f0dbea725b7ab98e01a3c.jpg,2000,3000,0,2026-06-14
2026-09-05,tricot feminino,1618549864739431,29,3487,0,,,,https://i.pinimg.com/originals/c3/23/35/c32335a909280df93ed9f242868174e5.jpg,979,1163,0,2025-11-16
2026-09-05,tricot feminino,4600075300442866560,30,0,0,Blusa Feminina Tricot Oversized Manga longa Bufante Tricô Sofisticado Elegante Crochê Inverno,br.shein.com,https://br.shein.com/ark/default?scene=1&test=5051&ad_type=DPA&goods_id=547292574&pf=PINTEREST&link_type=link&url_from=PINADSDPA&ismg=099f9c18b75792955cdded1a3830a1d77f8d8250be2a6dc867f96800f426c44d_01_1788544357,https://i.pinimg.com/originals/a1/1a/e2/a11ae25f490f6f1d99e151fbd9ca49e2.jpg,1340,1785,0,2026-08-11
2026-09-05,tricot feminino,Aby51dXR2c6Ati3kRhnQpM0uxHcjweZuhwzdfEkYOl45btPIPiHqLBYiKW3sMZZfbtINnBMJaembyzsu62W4HV4,31,17,0,Women's Alpaca-Wool Blend,brooksbrothers.com,https://www.brooksbrothers.com/alpaca-wool-blend-pointelle-bell-sleeve-sweater/WY01186_____CREM_MED______.html,https://i.pinimg.com/originals/6a/0a/92/6a0a9233e0e24ac637e094acc29d672e.jpg,525,650,0,2025-09-24
2026-09-05,tricot feminino,10203536652247389,32,267,0,,,,https://i.pinimg.com/originals/36/86/33/368633136849246cdd516b25592fad39.jpg,786,1163,0,2026-03-30
2026-09-05,tricot feminino,4590786620829084800,33,84,0,20 Chic Cold Spring Outfit Ideas | BeautyWayMag,beautywaymag.com,https://beautywaymag.com/chic-cold-spring-outfit-ideas/,https://i.pinimg.com/originals/9b/25/fc/9b25fcfdbd52bbe0c5ad9facf260ea77.jpg,1024,1536,0,2026-04-21
2026-09-05,tricot feminino,1047649932088701499,34,2351,0,#Pretty😍,,,https://i.pinimg.com/originals/7d/49/5f/7d495fd9b6b5f40de1d947fbbaf68669.jpg,1080,1920,0,2026-05-06
2026-09-05,tricot feminino,136022851242964557,35,41,0,,,,https://i.pinimg.com/originals/b8/45/84/b84584da1a95cb98fceefea713c95049.jpg,750,999,0,2026-08-25
2026-09-05,tricot feminino,709176272599944851,36,150,0,SHEIN USA,us.shein.com,https://us.shein.com/Foldover-Off-Shoulder-Cable-Knit-Jumper-Dress-Without-Belt-p-11183288-cat-2209.html?utm_source=pinterest.com&utm_medium=cpc&utm_campaign=uspin_dpa_women_sw2207074800071449_Spanish&url_from=uspin_dpa_women_sw2207074800071449_Spanish,https://i.pinimg.com/originals/82/d0/88/82d088dd77f01120882d0c34e6023010.jpg,1340,1785,0,2024-01-12
2026-09-05,tricot feminino,888968413959253795,37,1191,0,Cream Cable Knit Sweater Outfit | NYC Winter Style,amzn.to,https://amzn.to/43ZFiashttps:/amzn.to/4ru2fwl,https://i.pinimg.com/originals/ff/15/5e/ff155e3d830216faba36c14b62b14fb4.png,596,894,0,2025-12-01
2026-09-05,tricot feminino,AYcpR8itrg5z4ItV0dwKcvl8r5hxWAG4lHaPp8zhky5VzjBMGN9KYjqbEIfHkIIExh_WecLRtz7ZkXL8s0GNSF0,38,2,0,GORGLITTER Women's,amazon.com,https://www.amazon.com/GORGLITTER-Cardigan-Sweaters-Coquette-Cardigans/dp/B0D9J8KR85/ref=asc_df_B0D9J8KR85?hvdev=%7Bdevice%7D&hvcampaign=%7Bcampaignid%7D&hvadgroupid=%7Badgroupid%7D&hvprdptid=%7Bproduct_partition_id%7D&hvprdgrpid=%7Bpromoted_product_group_id%7D&hvcr=%7Bcreative_id%7D&hvadid=%7Badid%7D&hvprdid=%7Bproduct_id%7D&hvplc=%7Bplacement%7D&psc=1&tag=%7Bifnotmobile:ushpadpinde-20%7D%7Bifmob,https://i.pinimg.com/originals/a5/ec/f5/a5ecf566fba7f9f1b710a74b5434edec.jpg,1248,1824,0,2026-05-13
2026-09-05,tricot feminino,Acv0DvRKveJjhb9wgQyB0aH56Qktsb2sQi9Ew-DGccWYy6E3A85B9KE5lFDB8fzB9OzQyDSZi7sDnuRMQ3HUgQs,39,6,0,Margovil Button Down,margovil.com,https://www.margovil.com/products/margovil-button-down-flower-applique-sweater-cardigan?variant=50281089925436,https://i.pinimg.com/originals/eb/a9/69/eba969c3229cbddc300b32581015f3da.jpg,500,750,0,2026-01-17
2026-09-05,tricot feminino,4597612385657705344,40,0,0,BLUSA FEMININA MANGA CURTA TRICOT MODAL CANELADO LARGO,br.shein.com,https://br.shein.com/ark/default?scene=1&test=5051&ad_type=DPA&goods_id=538822129&pf=PINTEREST&link_type=link&url_from=PINADSDPA&ismg=46c6984db4b7f4032bf0b4f074a93c4089ca34c130b81bf41f192e7372f95124_01_1788544188,https://i.pinimg.com/originals/15/ac/9c/15ac9c980b40aa5bdff334e5ac01a144.jpg,1340,1785,0,2026-08-19
2026-09-05,tricot feminino,4591912492517748096,41,0,0,Blusa Feminina Tricot Modal Detalhe Listra Gola Redonda Manga Curta Blusinha Tricô Moda Verão,br.shein.com,https://br.shein.com/ark/default?scene=1&test=5051&ad_type=DPA&goods_id=410094550&pf=PINTEREST&link_type=link&url_from=PINADSDPA&ismg=e4050943462872f4cd05e5084fd7cc26e2b00c7e0115c4bdd3f476173e7854ef_01_1788544349,https://i.pinimg.com/originals/7a/9c/44/7a9c443c1a6cd74d69f0b00f808f61ed.jpg,1340,1785,0,2026-08-07
2026-09-05,tricot feminino,1477812375323249,42,1157,0,Casual Style,,,https://i.pinimg.com/originals/48/ee/57/48ee5731a9f3cc2601df3c2846fc5d96.jpg,736,1104,0,2026-05-08
2026-09-05,tricot feminino,AUTC6K9P5GpVXnybsFoJYxVHwExnME9YRReLJG_AMFzALNNqxfuBbjul-5zXEoDMYA5L8-JsE0YD89vQb_zrE3g,43,1,0,Temu | For Winter For,temu.com,https://www.temu.com/ul/kuiper/un3.html?subj=dpa-un&_bg_fs=1&_p_jump_id=1082&_x_vst_scene=adg&goods_id=601102806488990&adg_ctx=a-ddd863e3~c-f62568ae&_p_rfs=1&_x_ads_channel=pinterest&_x_ads_creative_id=%7Bproduct_partition_id%7D&_x_ads_id=%7Badgroupid%7D&_x_ads_set=%7Bcampaignid%7D&_x_ads_sub_channel=shopping&_x_ns_catalog_id=1567707391772&_x_ns_creative=%7Badid%7D&_x_ns_gid=601102806488990&_x_ns_,https://i.pinimg.com/originals/b8/97/a9/b897a94c7a2380055abb968356e39912.jpg,2000,3000,0,2026-08-03
2026-09-05,tricot feminino,AXM2BkgNnkNiG5Kh-YG4HLdgWGodtss5YhNbxcb2ciU7yjnKHdQ2D5OlaQd4xJEDsuFdhGP_GkiiSYAjywTFFPw,44,8,0,Temu | For Winter For,temu.com,https://www.temu.com/ul/kuiper/un3.html?subj=dpa-un&_bg_fs=1&_p_jump_id=1082&_x_vst_scene=adg&goods_id=601103985734046&adg_ctx=a-76d751fa~c-92b203de&_p_rfs=1&_x_ads_channel=pinterest&_x_ads_creative_id=%7Bproduct_partition_id%7D&_x_ads_id=%7Badgroupid%7D&_x_ads_set=%7Bcampaignid%7D&_x_ads_sub_channel=shopping&_x_ns_catalog_id=1567707391772&_x_ns_creative=%7Badid%7D&_x_ns_product_id=17612572050035&,https://i.pinimg.com/originals/fd/a8/40/fda840d2f7577cb71ec5f6e850d1b735.jpg,2000,3000,0,2026-06-14
2026-09-05,tricot feminino,139330182217324998,45,66,0,,,,https://i.pinimg.com/originals/ed/b5/8e/edb58e896dbfabf32488d75f6ccec628.jpg,1200,1600,0,2026-02-13
2026-09-05,tricot feminino,61572719901723549,46,765,0,Cream Turtleneck Outfit with Brown Wide Leg Trousers and Sneakers,amazon.com,https://www.amazon.com/PRETTYGARDEN-Turtleneck-Sweater-Pullover-Sweaters/dp/B0FRF6447Q?content-id=amzn1.sym.1d0aedb8-c7f7-4036-83e5-3f0f7e9e24b0:amzn1.sym.1d0aedb8-c7f7-4036-83e5-3f0f7e9e24b0&crid=3S8PUSE9Q8LZU&cv_ct_cx=cream%2Bturtleneck%2Bwomen%2Boversized&keywords=cream%2Bturtleneck%2Bwomen%2Boversized&pd_rd_i=B0F9Y1M2G2&pd_rd_r=c70daa8e-aa71-4cf9-b68a-badf714f9004&pd_rd_w=gscae&pd_rd_wg=ZtzdQ&,https://i.pinimg.com/originals/9d/59/ce/9d59ce53f099690cc0cb456fe606ec23.png,986,1490,0,2026-03-14
2026-09-05,tricot feminino,1067705024179164881,47,1,0,,,,https://i.pinimg.com/originals/14/1f/fa/141ffa7d4c3df68ce76945970951fed0.jpg,768,1376,0,2026-08-22
2026-09-05,tricot feminino,AUXB8v3jAKC4hr-msWY5wxV6Kl3ZSaUp22TjF3MnUjCNZafNlJIiI6aRBZI7LAu_kwx15AcWvngSIax956lII_U,48,1,0,Temu | Cárdigan de talla,temu.com,https://www.temu.com/ul/kuiper/un3.html?subj=dpa-un&_bg_fs=1&_p_jump_id=1082&_x_vst_scene=adg&goods_id=601099586891519&adg_ctx=a-9d573d0d~c-abfc8b6c&_p_rfs=1&_x_ads_channel=pinterest&_x_ads_creative_id=%7Bproduct_partition_id%7D&_x_ads_id=%7Badgroupid%7D&_x_ads_set=%7Bcampaignid%7D&_x_ads_sub_channel=shopping&_x_ns_catalog_id=1580405374697&_x_ns_creative=%7Badid%7D&_x_ns_gid=601099586891519&_x_ns_,https://i.pinimg.com/originals/4a/1f/47/4a1f470a1d32a418927fc665585383ee.jpg,2000,3000,0,2026-07-24
2026-09-05,tricot feminino,ASgnUgKidXd0phR8LxfnZOFltVLsn99-561VdpUKCK9ZCaYavPSkxw5JhVzrYLJehBhpzR-ifz0s0LAS_wNAuvc,49,1,0,Lucky Brand Pointelle,luckybrand.com,https://www.luckybrand.com/pointelle-crew-sweater/198980075931.html,https://i.pinimg.com/originals/8c/fd/25/8cfd251f15e84d9f6714fc83baee886b.jpg,893,893,0,2025-11-07
2026-09-05,tricot feminino,AbtnDO9z6i55OQsw1cZjh7xyvEK-L-_9mEnKZXkBN1Dx006hrwzi7KTIWs5b3MxYPfJCTgbyRF-y3qG5aT0BUvs,51,1,0,Temu | New Cardigan,temu.com,https://www.temu.com/ul/kuiper/un3.html?subj=dpa-un&_bg_fs=1&_p_jump_id=1082&_x_vst_scene=adg&goods_id=606356182525626&adg_ctx=a-f5c80daf~c-575cdbf3&_p_rfs=1&_x_ads_channel=pinterest&_x_ads_creative_id=%7Bproduct_partition_id%7D&_x_ads_id=%7Badgroupid%7D&_x_ads_set=%7Bcampaignid%7D&_x_ads_sub_channel=shopping&_x_ns_catalog_id=1567707391772&_x_ns_creative=%7Badid%7D&_x_ns_gid=606356182525626&_x_ns_,https://i.pinimg.com/originals/87/37/55/8737553f439ed78340ecd719efa4b809.jpg,2000,3000,0,2026-07-02
2026-09-05,tricot feminino,AWhZqe8wGvDWX6R7qtegeCVALbCCXp58slOs92rSkyRSlMscl5cyy_V0DuDun9CU3yvrekdKP_KciZ5mFXBQbVc,52,51,0,Chic Business Casual,amzlink.to,https://amzlink.to/az0H7rRfKxwXO,https://i.pinimg.com/originals/0c/16/1e/0c161edac420de4803a086271c49aa7e.png,1000,1500,0,2026-07-28
2026-09-05,tricot feminino,25473554138102883,53,57,0,Casual Chic Date Night Outfit: Off-Shoulder Sweater & Jeans,,,https://i.pinimg.com/originals/51/db/33/51db33e486168a11e30c1bd314fe91f1.jpg,1000,1500,0,2026-01-07
2026-09-05,tricot feminino,AcmbuEU3eyvsNY4YpeFSFvvh1IqujDtrPQMKSkpROBqfUU-xZmEC6bmJYye4E8XJ-BdKR1oQJMBtXt9mNmpPqRQ,54,68,0,"The Tolmer blazer set. Wrapped proportions, paired with matching shorts. Worn your way. Styled by @jodielapetitefrenchie @nizinanjjang @criscojocaru and @naumenkolilyana",instagram.com,https://www.instagram.com/p/DYMyDiKjPB7/,https://i.pinimg.com/originals/de/68/fd/de68fd0c3289573d317a01214ece8922.jpg,1212,1515,0,2026-05-11
2026-09-05,tricot feminino,AV2lJPOvqIsbG5rVg7RZENjKdO79vr9KcLl2gthmAcPp_QR_YjGvGbi9gpAh0rN-QT7-sN3LJ9EjGTFTXksqZcs,55,2,0,Golden Hues for the,barefootdreams.com,https://www.barefootdreams.com/collections/women-new-arrivals,https://i.pinimg.com/originals/26/f0/84/26f0843b639550045c875f35cb6e9acf.png,1284,1718,0,2026-08-11
2026-09-05,tricot feminino,4602045598924633984,56,0,0,Blusa Básica trançada Gola Média tricô Modal Tricô Trançado Feriado Inverno,br.shein.com,https://br.shein.com/ark/default?scene=1&test=5051&ad_type=DPA&goods_id=548557979&pf=PINTEREST&link_type=link&url_from=PINADSDPA&ismg=a3718e7ccdf804095bedfe316b513a19e5243c4d279033431f505ffe6e13de03_01_1788544197,https://i.pinimg.com/originals/1e/08/25/1e082593995c6c54e8d86a0caabf12e2.jpg,1340,1785,0,2026-08-12
2026-09-05,tricot feminino,4608238051788044672,57,644,0,35 Trendy Pinterest Outfits to Inspire Your...,sewmamasew.com,https://www.sewmamasew.com/35-pinterest-outfits/,https://i.pinimg.com/originals/6d/10/2f/6d102f091d31e433cc190eac640b04c8.jpg,720,1260,0,2026-05-16
2026-09-05,tricot feminino,4601904889053323648,58,252,0,35 Work Outfits for Moms: Stylish & Practical Looks,sewmamasew.com,https://www.sewmamasew.com/35-work-outfits-for-moms/,https://i.pinimg.com/originals/cf/68/b1/cf68b13890e9117e7f2d7e7291ce2671.jpg,720,1280,0,2026-05-16
2026-09-05,tricot feminino,4600919712052068736,59,413,0,35 Sweater Weather Outfit Ideas for Cozy Chic...,sewmamasew.com,https://www.sewmamasew.com/35-sweater-weather-outfit-ideas/,https://i.pinimg.com/originals/93/47/a6/9347a6fb5fb7a0caed478915baad0bb4.jpg,720,1280,0,2026-05-16
2026-09-05,tricot feminino,54184001763137141,60,403,0,,,,https://i.pinimg.com/originals/2c/67/50/2c6750db4c41f5c0c9c437b0682cc85a.jpg,1284,2282,0,2025-12-28
2026-09-05,tricot feminino,4598738260443507328,61,1,0,Suéter de Tricô Casual de Gola Redonda Cinza para Mulheres Outono,br.shein.com,https://br.shein.com/ark/default?scene=1&test=5051&ad_type=DPA&goods_id=173172156&pf=PINTEREST&link_type=link&url_from=PINADSDPA&ismg=3bb7da70300e14d7640a8562448d7e1783d09e39236b2a79fb6e4e18260e538f_01_1788461099,https://i.pinimg.com/originals/f7/80/0e/f7800e2c675c12f7273a61894776d3cd.jpg,1340,1785,0,2026-05-15
2026-09-05,tricot feminino,90212798782585735,62,17,0,Look feminino elegante com cardigan de tricô off-white e calça pantalona bege,,,https://i.pinimg.com/originals/0a/3d/5e/0a3d5e96a2e32f7e426c929cd2cefeef.jpg,1023,1537,0,2026-08-20
2026-09-05,tricot feminino,3096293489889365,63,2081,0,,,,https://i.pinimg.com/originals/ac/cc/d3/acccd3de25889782f69420940301a25f.png,750,1334,0,2024-12-22
2026-09-05,tricot feminino,4595290180711254656,64,408,0,35 Modern Office Outfit Ideas for Stylish Professionals,sewmamasew.com,https://www.sewmamasew.com/35-modern-office-outfit-ideas/,https://i.pinimg.com/originals/2f/d1/d4/2fd1d4f3126d27efbb1b3a5e0a4547af.jpg,720,1280,0,2026-05-16
2026-09-05,tricot feminino,4606056608720683072,65,0,0,"Suéter Casual de Manga Longa com Gola Redonda de Cor Sólida para Ano Novo, Blusas de Manga Longa, Tricô Outono Inverno",br.shein.com,https://br.shein.com/ark/default?scene=1&test=5051&ad_type=DPA&goods_id=38355957&pf=PINTEREST&link_type=link&url_from=PINADSDPA&ismg=44cc5c720e67b2bf4b9f042f627315af7f3dadcaeed6a283aae38b06a42a6d29_01_1788544217,https://i.pinimg.com/originals/94/e1/3c/94e13ce4a6156194b789cff25d979e55.jpg,1340,1785,0,2026-08-25
2026-09-05,tricot feminino,554294666661246288,66,36,0,Cozy Outfits to Wear in November 2025 – November Aesthetic Cozy Outfit Ideas,,,https://i.pinimg.com/originals/9f/3b/33/9f3b33e0e79eadf41e0535ec58976afc.jpg,737,1313,0,2025-12-10
2026-09-05,tricot feminino,123637952267295905,67,16,0,40 Sweater Dress Outfit Ideas for Cozy Chic Style,sewmamasew.com,https://www.sewmamasew.com/40-sweater-dress-outfit-ideas/,https://i.pinimg.com/originals/4c/59/3a/4c593a2e058545c26714fb430428518e.jpg,720,1279,0,2026-07-25
2026-09-05,tricot feminino,872713234234812602,68,5,0,Achadinhos imperdíveis,t.me,https://t.me/achadinhosffc,https://i.pinimg.com/originals/a3/ca/5a/a3ca5a81b0238ce3a43d5fcfb0bb75dd.jpg,736,920,0,2026-02-19
2026-09-05,tricot feminino,902338475407649130,69,1,0,"blusa trico, quentinha e confortável",meli.la,https://meli.la/27vDRnG,https://i.pinimg.com/originals/ff/25/8b/ff258be38ab3bc122d69f2e2efc883e4.jpg,736,981,0,2026-08-17
2026-09-05,tricot feminino,41025046602984205,70,148,0,Heart Knit Sweater Outfit | Cozy Aesthetic Winter Outfit with High-Waisted Jeans,,,https://i.pinimg.com/originals/63/67/d0/6367d084547fe0d0cb9649153b24a56d.png,1024,1536,0,2026-07-10
2026-09-05,tricot feminino,1068901292823871584,71,5,0,minimal sweater that never goes out of style,onelink.shein.com,https://onelink.shein.com/26/5d8x0us4t1d3,https://i.pinimg.com/originals/ad/15/48/ad15484d5cd6697c01ed5b589873ad9a.jpg,1340,1785,0,2026-01-13
2026-09-05,tricot feminino,4598104932307967104,72,376,0,19 Fresh White Jeans Outfit Ideas for Spring |...,beautywaymag.com,https://beautywaymag.com/white-jeans-outfit-ideas-for-spring/,https://i.pinimg.com/originals/74/cd/31/74cd3196748707a96868f87fbac9e036.jpg,1024,1536,0,2026-04-21
2026-09-05,tricot feminino,1970393584626349,73,2285,0,25 Chic Cardigan Outfit Ideas for Cozy Polished...,sewmamasew.com,https://www.sewmamasew.com/25-chic-cardigan-outfit-ideas/,https://i.pinimg.com/originals/3e/83/ad/3e83ad83ba7a179a6bf2b1996a56c9e4.jpg,720,1280,0,2026-08-10
2026-09-05,look academia feminino,ARg_neGU7ZOtW5LHjkDbCeg9L8TfdGQDtBdtT4VazdX7sJG-9wLCZnlUdaz_jHEUHkJEsAPANDOuHcR5uWchGus,2,1,0,BlissBlend™ Collection by,vuoriclothing.com,https://vuoriclothing.com/collections/vuori-blissblend,https://i.pinimg.com/originals/48/f2/b7/48f2b72dfdc07230c9274e3c08063fa0.jpg,1200,1500,0,2026-06-22
2026-09-05,look academia feminino,AUW9xa874cwU-C5RXZDhqH2yqFSVBWbUAVnGKfEq8C4fMc9guWazMdKmyM-5Bre45_8xp3XRNz3lWK4KQW14h1A,3,461,0,Amazon Workout Essentials,amzlink.to,https://amzlink.to/az0hQHzBlmvL4,https://i.pinimg.com/originals/30/c2/11/30c211934f5128660b642a9ceeeaa06e.png,1000,1500,0,2026-06-16
2026-09-05,look academia feminino,AYO-ZL3kOIz_Zoa_KDGzExUuZjwVz80a1EDijh6L2mtJMxBH4Uaw6JB4jtZ3LKPbFpN-8XSPALdy2aznzrDVV6M,4,62,0,Yoga set check🧘‍♀️✅ Look,target.com,https://www.target.com/c/from-your-feed/-/N-qofd7?marketing_group_id=80mca&type=products,https://i.pinimg.com/originals/8e/f2/6a/8ef26a4dabe0a019bcc7c93698f6092f.jpg,1080,1920,1,2026-08-14
2026-09-05,look academia feminino,AZZjxFUFSXFcdyecUToVNb2cs1DeyLZdMNkEuRj79M6pj-duMmiFzvIPYKuCPj_eo0D5HZnURvu6Xt6cry0BOcQ,5,324,0,Amazon Workout Pieces,amzlink.to,https://amzlink.to/az0Vd3bXPYd4E,https://i.pinimg.com/originals/7a/f5/88/7af588c46af4fc8bcc6f38f0d4498fb6.png,1000,1500,0,2026-04-15
2026-09-05,look academia feminino,491877590576071137,6,4385,0,,,,https://i.pinimg.com/originals/f7/40/a8/f740a8e8b79c3ac39fac54017f455e76.jpg,752,1524,0,2026-04-20
2026-09-05,look academia feminino,120471358777813712,7,57,0,,,,https://i.pinimg.com/originals/98/84/88/988488c5b81152e9e69db7a8ce3ee2c4.png,1024,1536,0,2026-08-04
2026-09-05,look academia feminino,AU0Tt7dszOvuLXr1EHYiwHsYoEW3w3uHb8VST_GHQG1syVbJpNvF793dRuzw4RzkxkQoGibQNlSS92vXKNpKKmU,8,5,0,3pcs Women's Sports Suit,us.shein.com,https://us.shein.com/ark/default?scene=1&test=5051&ad_type=DPA&goods_id=448838924&pf=PINTEREST&url_from=PINADSDPA&ismg=577a7f01739c93fddacc8cc7bc64a899fc0e854a453a6b3265d7d2af0dbbb482_01_1788542387,https://i.pinimg.com/originals/18/5b/a1/185ba17429b7dd990bbf12cab2d170b9.jpg,1065,1598,0,2026-06-05
2026-09-05,look academia feminino,11188699074464960,9,5898,0,,,,https://i.pinimg.com/originals/2a/9f/c9/2a9fc9651b622595ecb4b2657082ca8c.jpg,675,1200,0,2025-06-29
2026-09-05,look academia feminino,AVMhvByN2yqt4ZE5t9dMaWANgCw7V-ndcgC80-xly2O5em8c9P-YT-CFkD4MfEdOnHEJM94dYafCJhRjW89dJDs,10,2255,0,Amazon Trendy Athleisure,urlgeni.us,https://urlgeni.us/amzn/jLz8i,https://i.pinimg.com/originals/aa/8f/2d/aa8f2d16a20ce82d72fa5334c3a910af.png,1000,1500,0,2026-01-15
2026-09-05,look academia feminino,723250021456201819,11,37,0,Roupa de Academia Feminina | Roupas Bonitas de Academia | Conjunto de Academia,meli.la,https://meli.la/1JJdA6M,https://i.pinimg.com/originals/c4/eb/98/c4eb9885d2640deec9ca70a22dceca50.png,941,1672,0,2026-08-22
2026-09-05,look academia feminino,603623156356355911,12,37,0,Corpo Escultural,,,https://i.pinimg.com/originals/ba/23/65/ba236548b146255bd07b000d0651584c.png,941,1672,0,2026-08-25
2026-09-05,look academia feminino,2392606049430696,13,956,0,Maroon Gym Girl Essentials 🤎🍂,,,https://i.pinimg.com/originals/a4/4e/a5/a44ea549f2d92673a77034f02518308c.png,1024,1536,0,2026-08-23
2026-09-05,look academia feminino,112308584464903173,14,198,0,Inspiração academia,,,https://i.pinimg.com/originals/d5/6a/2e/d56a2e5ae408a8d3310a806a2b4c4e33.jpg,698,1241,0,2026-06-13
2026-09-05,look academia feminino,AV8zcKnTYIUFGbIuAPg2DLu3Jw32ujVXH9iiJB_bU3RFT28lxWiTBclagtfEaVgETbCMWoYpZVDGLVHAYxvh_34,15,2,0,Fall Athleisure You’ll,amzlink.to,https://amzlink.to/az0YY8fy6517X,https://i.pinimg.com/originals/60/57/de/6057de7b13feb39c11fd41ef1086d2c9.png,1000,1500,0,2026-08-07
2026-09-05,look academia feminino,AaiWdCgiuiWJqF3atILlLjKCiww6wGXS8K4ZNj2wUMwa_9kXo6IPSTBi8M6en9vsWsXlEsR1ZFBfwQCrPYFnmr8,16,3,0,SUUKSESS Women 2 Piece,amazon.com,https://www.amazon.com/SUUKSESS-Workout-Scrunch-Seamless-Leggings/dp/B0DHRKHDV1/ref=asc_df_B0DHRKHDV1?hvdev=%7Bdevice%7D&hvcampaign=%7Bcampaignid%7D&hvadgroupid=%7Badgroupid%7D&hvprdptid=%7Bproduct_partition_id%7D&hvprdgrpid=%7Bpromoted_product_group_id%7D&hvcr=%7Bcreative_id%7D&hvadid=%7Badid%7D&hvprdid=%7Bproduct_id%7D&hvplc=%7Bplacement%7D&psc=1&tag=%7Bifnotmobile:ushpadpinde-20%7D%7Bifmobile:u,https://i.pinimg.com/originals/e8/45/8f/e8458f2609163a3990ee0bf6e35c1082.jpg,1000,1500,0,2026-03-20
2026-09-05,look academia feminino,AcJe47Vl4WUBC-T0jSf3kti08Tkl3uWMxvmx1KTlC7dA-N0pMWABXZ0W0wPxeNMQMveNPVGqzve14e0t2bim-wo,17,1,0,Temu | Conjunto de yoga,temu.com,https://www.temu.com/ul/kuiper/un3.html?subj=dpa-un&_bg_fs=1&_p_jump_id=1082&_x_vst_scene=adg&goods_id=601104439097219&adg_ctx=a-0822485c~c-80a15c06&_p_rfs=1&_x_ads_channel=pinterest&_x_ads_creative_id=%7Bproduct_partition_id%7D&_x_ads_id=%7Badgroupid%7D&_x_ads_set=%7Bcampaignid%7D&_x_ads_sub_channel=shopping&_x_ns_catalog_id=1580405374697&_x_ns_creative=%7Badid%7D&_x_ns_gid=601104439097219&_x_ns_,https://i.pinimg.com/originals/f6/d4/44/f6d4449f7255de9083fff148f290c5e4.jpg,2000,3000,0,2026-07-29
2026-09-05,look academia feminino,Aekc9Gs9gT6OXa4St15Fo0LKVpK1pcBoC1iDZJ9W0xJgASONVsxz4eXrcs2Q_sMkPoqxXqir1rHthVsNXX8QA4Y,18,48,0,ROUPA_ACADEMIA Contemporâneo | Saiba Mais,s.shopee.com.br,https://s.shopee.com.br/2Vn0RZvYCP?pp=1&channel_type=pinterest,https://i.pinimg.com/originals/b8/4a/56/b84a5624ff4287b686b4b8ca2f35d068.jpg,736,1308,0,2026-03-29
2026-09-05,look academia feminino,4503668374551022,19,128,0,conjunto de academia 😍👇🏻,onelink.shein.com,https://onelink.shein.com/45/5x6aiiy7a3o5,https://i.pinimg.com/originals/90/8e/2b/908e2b0e9940d60c4fefcff6ecb1835b.png,941,1672,0,2026-08-11
2026-09-05,look academia feminino,330381322687444685,20,945,0,Pearl's Amazon Page,amazon.com,https://www.amazon.com/shop/moodmade?ref_=cm_sw_r_apann_aipsfshop_5P24BPHGA1H957ZY2SSH&language=en-US&ccs_id=357f6e80-b65a-403f-bcf8-c0b9e69d3e40,https://i.pinimg.com/originals/21/99/14/21991452025fbc0407f1e67984831eca.jpg,736,1104,0,2025-12-21
2026-09-05,look academia feminino,205476801746040788,21,57,0,conjunto academia,onelink.shein.com,https://onelink.shein.com/46/5yajbhnxv6ko?ismg_ol=91bbbe1b95bf54650c6ab974354b77c485711bc69d2e440fd24ad9dce23e4bcb_01_KOC-C,https://i.pinimg.com/originals/35/d0/67/35d06720d32a029c8128760d63f3541c.webp,1184,2096,0,2026-08-21
2026-09-05,look academia feminino,129408189289861641,22,110,0,Corpo tonificado,,,https://i.pinimg.com/originals/93/29/e6/9329e66cd6d917d5d2a3b157937dc55d.png,941,1672,0,2026-08-09
2026-09-05,look academia feminino,ATL7Ic7vYtNhakEMg0yl6SyFBQ11q7raF0fge5EGy222JbuoK15hq3xNsOBT_myuk8bWwwRjTYJBbsh5RiSwAfk,23,3,0,Find Your Store.,nike.com,http://www.nike.com/retail,https://i.pinimg.com/originals/67/b3/c9/67b3c943c07a59479552f8f09ca35064.jpg,1080,1920,1,2026-08-24
2026-09-05,look academia feminino,964333338981565371,24,5,0,Conjunto Academia Top E Bermuda Com Bolso Zero Transparência,meli.la,https://meli.la/2EupLVm,https://i.pinimg.com/originals/e8/da/b5/e8dab52fa6df633419f161e010038ef9.jpg,1536,2728,0,2026-08-26
2026-09-05,look academia feminino,606930487329874094,25,9,0,Conjunto Tactel Poliamida ✨,,,https://i.pinimg.com/originals/17/a1/1e/17a11e1c9510a3fbad97ba720691441b.jpg,1200,2133,0,2026-08-13
2026-09-05,look academia feminino,AVhzJo6Dl0vR-OS6N0T18zivitf5qXohZftFb_zV1b3PsYJdASjOiX_9SqBxb7doz2-xoHA3FdydV9RGGsBzgaI,26,1,0,Women Seamless Yoga Set,inspireuplift.com,https://www.inspireuplift.com/women-seamless-yoga-set-gym-outfit-high-waist-leggings/iu/21866572?variant=476733106,https://i.pinimg.com/originals/91/78/e5/9178e5ff298d81046898cf3775db5e1d.png,1340,1785,0,2026-07-08
2026-09-05,look academia feminino,959196420659439614,27,1,0,Conjunto Fitness Calça Legging + Top Gota ✨💖,s.shopee.com.br,https://s.shopee.com.br/7KwPTCzBOi?channel_type=pinterest,https://i.pinimg.com/originals/23/39/a3/2339a3903f5c9ee2ba4fd3e633bd5b94.jpg,768,1365,0,2026-08-23
2026-09-05,look academia feminino,AbTnkmj6PCanPOTsUnyUEnMxbiDmBlMXWlEGQ6BNC-WwX3Vb4m-wx9qD3RapYzrgHXHJEidpCGxwBApEubadxOc,28,1,0,QINSEN Workout Sets for,amazon.com,https://www.amazon.com/QINSEN-Outfit-Ribbed-Seamless-Workout/dp/B0CQK7V7KR/ref=asc_df_B0CQK7V7KR?hvdev=%7Bdevice%7D&hvcampaign=%7Bcampaignid%7D&hvadgroupid=%7Badgroupid%7D&hvprdptid=%7Bproduct_partition_id%7D&hvprdgrpid=%7Bpromoted_product_group_id%7D&hvcr=%7Bcreative_id%7D&hvadid=%7Badid%7D&hvprdid=%7Bproduct_id%7D&hvplc=%7Bplacement%7D&psc=1&tag=%7Bifnotmobile:ushpadpinde-20%7D%7Bifmobile:ushpad,https://i.pinimg.com/originals/d9/f9/0c/d9f90c475c3b5b845713ffd64672ee47.jpg,1000,1500,0,2026-03-20
2026-09-05,look academia feminino,1094022934507075644,29,39,0,healthy lifestyle vision board | Descubre las,,,https://i.pinimg.com/originals/55/89/40/55894089170a963e81a7a0bc599673ab.jpg,736,1300,0,2026-06-23
2026-09-05,look academia feminino,ARr5Mk4zVliBya57dOWTvPm1ABaTGEYHotJRHwlKXPG5NVCO0He2OU9LmnEE-8lS8SctYILgv8USjBxfGoFRNOU,30,259,0,Throw On And Go Gym,amzn.markable.ai,https://amzn.markable.ai/HEuhhh91,https://i.pinimg.com/originals/cd/0f/08/cd0f08aa6f42f88b2713afd8331dafc6.png,1000,1500,0,2026-06-10
2026-09-05,look academia feminino,644929609185357846,31,1,0,looks de academia shein,,,https://i.pinimg.com/originals/b4/97/06/b49706c4a563f73ecac1ee95bbf42d68.png,1023,1537,0,2026-08-20
2026-09-05,look academia feminino,503206958389660273,32,6,0,,,,https://i.pinimg.com/originals/37/eb/dd/37ebdd41ac3542d85966220f79767f3a.jpg,1080,1920,0,2026-08-15
2026-09-05,look academia feminino,40813940370177490,33,363,0,,,,https://i.pinimg.com/originals/53/f8/f4/53f8f4a838caf1a0259fd553002d82f0.png,852,1846,0,2026-06-11
2026-09-05,look academia feminino,1108800370789707119,34,429,0,,,,https://i.pinimg.com/originals/5a/95/be/5a95be781f6d44d4dc9ce7596a551741.png,1024,1536,0,2026-06-16
2026-09-05,look academia feminino,ATZup1M48mxD3ixJBlFYyh-i2_3uQKYODe_8hLMZyd4Ual4L8YnZUpHKdVjLLqzI3-ZTt0ifQ5TcHX8LqDF5PMw,35,4,0,LASLULU Womens Sexy,amazon.com,https://www.amazon.com/LASLULU-Workout-Cropped-Fashion-Outfits/dp/B0FL72P81Q/ref=asc_df_B0FL72P81Q?hvdev=%7Bdevice%7D&hvcampaign=%7Bcampaignid%7D&hvadgroupid=%7Badgroupid%7D&hvprdptid=%7Bproduct_partition_id%7D&hvprdgrpid=%7Bpromoted_product_group_id%7D&hvcr=%7Bcreative_id%7D&hvadid=%7Badid%7D&hvprdid=%7Bproduct_id%7D&hvplc=%7Bplacement%7D&psc=1&tag=%7Bifnotmobile:ushpadpinde-20%7D%7Bifmobile:ushp,https://i.pinimg.com/originals/22/46/3c/22463ce008bf269cf61c7d0131bfc3ea.jpg,1066,1600,0,2026-04-18
2026-09-05,look academia feminino,AS8oFpvPrkdzamC-foJFHIxUqzhYeDsWE5AOYG3N7ByqCgbe59MLDT52j6H1wY3QLBeJthsLvF1njLHbeGjqwsA,36,0,0,Women's Sporty Jogging,natrosa.com,https://natrosa.com/products/womens-sporty-jogging-suit-two-piece-set?variant=61521697636682,https://i.pinimg.com/originals/11/fc/60/11fc60afde423d6160463b238e2dfeb9.jpg,800,1200,0,2026-04-05
2026-09-05,look academia feminino,ATeikaksb6iKqDJ8zhr97AT8ZGBX8r930yQbVICLDcbpXwyXdrUQUQ953b1TofQpuumiKjJK632ebL3alIo3mOI,37,1,0,3 Piece Workout Sets for,homebody-hustle.com,https://homebody-hustle.com/product/3-piece-workout-sets-for-women-butt-lifting-leggings-with-high-impact-sports-bra-gym-shorts/,https://i.pinimg.com/originals/82/93/86/829386f6b1b46724b5b07c44a49a0d08.webp,967,1500,0,2025-12-24
2026-09-05,look academia feminino,917749230396071925,38,3,0,Looks fitness que valorizam o visual,s.shopee.com.br,https://s.shopee.com.br/50YJvszBnl?channel_type=pinterest,https://i.pinimg.com/originals/5b/b7/00/5bb700963e5f05791e08f1b4986120b3.jpg,1852,3200,0,2026-08-19
2026-09-05,look academia feminino,383017143334564058,39,11,0,BLUSA ACADEMIA | REGATA ACADEMIA,onelink.shein.com,https://onelink.shein.com/47/5ytaur2skykm,https://i.pinimg.com/originals/ab/d9/0f/abd90fa329cb1d220a4cbe65c87f4858.jpg,1080,1920,0,2026-08-23
2026-09-05,look academia feminino,1126885138050705369,40,3,0,Conjunto Fitness Feminino Rosa | Look para Academia,onelink.shein.com,https://onelink.shein.com/48/5za2q1nrdnpy?ismg_ol=J1GPsZve5z0_01_KOC-C,https://i.pinimg.com/originals/72/f4/bf/72f4bf40fcc62f67e0f3906b9f014747.png,1023,1537,0,2026-08-18
2026-09-05,look academia feminino,AToGlTINq8VIX13_JIddnEUvIz5XUnhKqHnJFRHubl4nhNm8CzUcjTdbjgnp4_Jqyb8zZmEsnAh83RYYywm2FHU,41,8,0,Harssidanzar Yoga,amazon.com,https://www.amazon.com/Harssidanzar-Two-Piece-Athletic-Workout-CL306US/dp/B0F32J3L2M/ref=asc_df_B0F32J3L2M?hvdev=%7Bdevice%7D&hvcampaign=%7Bcampaignid%7D&hvadgroupid=%7Badgroupid%7D&hvprdptid=%7Bproduct_partition_id%7D&hvprdgrpid=%7Bpromoted_product_group_id%7D&hvcr=%7Bcreative_id%7D&hvadid=%7Badid%7D&hvprdid=%7Bproduct_id%7D&hvplc=%7Bplacement%7D&psc=1&tag=%7Bifnotmobile:ushpadpinde-20%7D%7Bifmob,https://i.pinimg.com/originals/cb/da/74/cbda74d9c3d20c33f37b519d2181b9c9.jpg,605,850,0,2026-06-15
2026-09-05,look academia feminino,4605001115539495808,42,301,0,20 Fitness Trainer Outfit Ideas for Confident...,sewmamasew.com,https://www.sewmamasew.com/20-fitness-trainer-outfit-ideas/,https://i.pinimg.com/originals/69/bb/38/69bb388ddbcf25a255162b0d9f82b339.jpg,720,1279,0,2026-07-24
2026-09-05,look academia feminino,ATwgjKhA7nXPy-htk-E-M1rvJIfi26cUMYUn9yMjsAe96uJM0V1Zv0Y3yIOB111HP2pRqlMVh7_MEMhfxPce4Uc,43,26,0,Seamless Slim Fit Quick,curvy-faja.com,https://curvy-faja.com/products/seamless-slim-fit-quick-dry-tank-top-high-waist-leggings-zip-up-jacket-3piece-set-cvy260311745-1?sku=18074575853627072033500455&utm_source=pinterest&utm_medium=shopline-feed,https://i.pinimg.com/originals/0f/4b/7f/0f4b7fa6e2ec6dac48580c06f38f76fd.png,800,1000,0,2026-03-30
2026-09-05,look academia feminino,8936899258724813,44,2533,0,,,,https://i.pinimg.com/originals/16/99/62/169962c9eef56c71dabf69c94d28987c.jpg,720,1269,0,2026-07-29
2026-09-05,look academia feminino,1059823724840242245,45,1,0,,,,https://i.pinimg.com/originals/f9/b8/7b/f9b87b1a40dce9070d840c75149fa6b8.jpg,1080,1920,0,2026-08-21
2026-09-05,look academia feminino,7740630604918495,46,923,0,,,,https://i.pinimg.com/originals/99/82/58/998258cc24fc121f6805d809f166d1f3.jpg,1080,1920,0,2024-10-23
2026-09-05,look academia feminino,AVidM-E-CHL_yuswOD4fA6q7tyl1qwwypDckokaVYfHBZHjPZqWZRgQ0Lxmrnyt23chNsMaHbiLMwlhGT0nliNQ,47,2,0,RXRXCOCO Seamless Workout,amazon.com,https://www.amazon.com/RXRXCOCO-Seamless-Workout-Strappy-Matching/dp/B0D76DWN2T/ref=asc_df_B0D76DWN2T?hvdev=%7Bdevice%7D&hvcampaign=%7Bcampaignid%7D&hvadgroupid=%7Badgroupid%7D&hvprdptid=%7Bproduct_partition_id%7D&hvprdgrpid=%7Bpromoted_product_group_id%7D&hvcr=%7Bcreative_id%7D&hvadid=%7Badid%7D&hvprdid=%7Bproduct_id%7D&hvplc=%7Bplacement%7D&psc=1&tag=%7Bifnotmobile:ushpadpinde-20%7D%7Bifmobile:u,https://i.pinimg.com/originals/93/4c/46/934c466f9c8aafb10a17fd3e6bfdc408.jpg,1000,1500,0,2026-03-20
2026-09-05,look academia feminino,102456960271439058,48,668,0,,,,https://i.pinimg.com/originals/ca/66/7c/ca667cd43285446084cb02a8b0ab2fc2.jpg,1080,1920,0,2026-08-17
2026-09-05,look academia feminino,AZmMNoDJZralTEfjJKVQ91i18WYtVWe3W2RFwEV7Rns13rMa-i7pcREE3MQxk6pPncMWfuU3g3ZpF2wJJAYS4AY,49,0,0,Styling Red Sports Bra,soodress.com,https://www.soodress.com/products/styling-red-sports-bra-and-leggings-set-suit-gym-shark-leggings?variant=18cf75f2-f8ee-4be7-b955-d3e14a9982f1,https://i.pinimg.com/originals/6d/29/33/6d29332c759c6952135103862b3c6958.jpg,513,719,0,2026-08-14
2026-09-05,look academia feminino,AfD-MeJ2OSA8dMw2mpH91R5EdUKZ7o9Ipy1brXyGdg2mKtYahojE6VwGne6jC4QWHHciUaT59dDzPsVvVeejwSc,50,1,0,The Pants of the Season,freepeople.com,https://www.freepeople.com/fpmovement/shop/quick-step-bubble-pants/,https://i.pinimg.com/originals/c9/48/ca/c948cabb9a9acbdfc7dc52e0002b930a.jpg,2268,3402,0,2026-08-10
2026-09-05,look academia feminino,233694668162233196,51,115,0,,,,https://i.pinimg.com/originals/78/c9/a9/78c9a97b88613d2149a0aabfc8bd6901.jpg,736,1306,0,2026-08-21
2026-09-05,look academia feminino,785455991312213433,51,15,0,,,,https://i.pinimg.com/originals/2b/3e/5a/2b3e5a481799a4d48987521f2227ef56.jpg,1080,1920,0,2026-08-18
2026-09-05,look academia feminino,AcW9i_wLnHqkULtQJkh0_cz5YdiJ3AqgZfxxSbdCmzxGEBcWzF1dnqjfjqd_qNOfOElb-R16QlICbS1jSbyAkNs,52,1036,0,Title: Amazon Activewear,amzlink.to,https://amzlink.to/az0K3VqzW7hMp,https://i.pinimg.com/originals/a9/da/16/a9da16ef0047e7f67a035dd56cd4ffa9.png,1000,1500,0,2026-04-15
2026-09-05,look academia feminino,1087056428844524031,53,18,0,Conjunto rosa claro para academia com short e top,s.shopee.com.br,https://s.shopee.com.br/5ArSg7InDs?channel_type=pinterest,https://i.pinimg.com/originals/89/ee/e6/89eee6ba8627998ef6debedde01816ae.png,941,1672,0,2026-08-05
2026-09-05,look academia feminino,AfBn_QY_NSXSq3rhGsgxKNPMLZfOrd2Lrq1NC_W_I3O_3QCWy7Q0GrpnTa6BnD9Iqzgp24jSXrfptWwytyVWoEU,54,0,0,New Vuori BlissBlend™ Is,vuoriclothing.com,https://vuoriclothing.com/collections/vuori-blissblend,https://i.pinimg.com/originals/cd/f0/95/cdf0951947039fdb703541c4e1c32961.jpg,1080,1920,1,2026-08-03
2026-09-05,look academia feminino,AebNG1OCc6GGUWnj7EKzH5J3cyjoMRD9-n8VER-I2rUISDBXVntjsI0mvOZ3Xmb50pCwMb0Cp7uh31CAuZ2Yu_k,55,11,0,Amazon Activewear That,amzlink.to,https://amzlink.to/az0aKL5louKsO,https://i.pinimg.com/originals/a8/8d/5d/a88d5dbf131da96527fdee35eaf1e40d.jpg,1000,1500,0,2026-08-22
2026-09-05,look academia feminino,665618019974824011,56,6,0,Conjunto Fitness Academia Feminino com Top Preto,onelink.shein.com,https://onelink.shein.com/48/5zetxmdg6atf?ismg_ol=5J3vOjqGBh6_01_KOC-C,https://i.pinimg.com/originals/c4/07/d3/c407d3ede44c3adc3c71da7ed7a1a21e.jpg,1080,1920,0,2026-08-20
2026-09-05,look academia feminino,211174979635076,57,112,0,💖,onelink.shein.com,https://onelink.shein.com/44/5wrwl4rxckko,https://i.pinimg.com/originals/2b/95/a2/2b95a2aa5b59b229d58640fc8d690dfa.jpg,1080,1920,0,2026-08-24
2026-09-05,look academia feminino,AXVg3Wl0O9oilh2H-3-l9MmE3a-piHCZED4Yuq7sWagVcV7nc6jbgcPGfFhHcE1aSGxkusKGWWzVk0L9QvzpXY8,58,0,0,Vitality Cloud II Pant in,nordstrom.com,https://www.nordstrom.com/s/vitality-cloud-ii-pant/8106141,https://i.pinimg.com/originals/96/e5/9e/96e59ec3d61164c3ffb48cca1b6549b7.jpg,350,525,0,2026-08-10
2026-09-05,look academia feminino,AXIv7-LDtFrzU2uOklzG0r9YWjpD6utx1J-iwZzdqWIiKw44xI5dKwWeJsE75ktQo4y90wZYYgUX83lxGALBMH8,59,0,0,Quince | Women's,quince.com,https://www.quince.com/women/ultra-form-high-rise-crossover-legging-25?color=smoked-thyme-green&size=xl&utm_source=pinterest&utm_medium=paid_social&utm_campaign=%7Bcampaign_name%7D&utm_adgroup=%20%7Badgroup_name%7D&utm_campaignid=%7Bcampaignid%7D&utm_adgroupid=%7Badgroupid%7D&utm_adid=%7Badid%7D&utm_creative=%20%7Bcreative_id%7D&utm_content=%7Badid%7D&utm_term=%7Badgroupid%7D&productid=%7Bproduct_,https://i.pinimg.com/originals/72/02/fd/7202fdc87a75738f14c10ccd081c545d.jpg,1000,1500,0,2026-03-12
2026-09-05,look academia feminino,AYSXnLCCUNpGVYNqvbq09DpO3_4YnM8Z-lXHaXvFiKxC3uIxdkT5HsTL37QPHzluceIjZXU6MItOHt151MeaYoM,60,0,0,Skechers Women's GO WALK,skechers.com,https://www.skechers.com/go-walk-evolution-zip-front-bra/BR64_BLK.html,https://i.pinimg.com/originals/24/09/ce/2409ce6f4fed338ed769f90a9d6f3027.jpg,708,1062,0,2025-12-19
2026-09-05,look academia feminino,47358233578706606,61,22,0,,,,https://i.pinimg.com/originals/b1/1c/63/b11c63e1197e627a98f6e5649974bc31.png,749,1316,0,2026-07-16
2026-09-05,look academia feminino,1119918632369201646,62,29,0,,,,https://i.pinimg.com/originals/b7/04/04/b704043b4994a3f7e3a1f2cfd6ec8528.jpg,735,1105,0,2026-08-19
2026-09-05,look academia feminino,AW7Xij9YbhA9spJ6jcEkByKYVeDvpkOTeo6lVQgIfDGXpD-xScZiwWOWUXt1Au_bXmsG8iyMfrMXoz8T3oz2ur4,63,49,0,Baby Pink Balletcore,ancosti.com,https://ancosti.com/collections/active-chic/products/balletcore-stretchy-active-set,https://i.pinimg.com/originals/b6/a7/ca/b6a7ca1cb5749c2b65c9bcd182b5f800.jpg,1000,1500,0,2026-05-27
2026-09-05,look academia feminino,Ac6au85-fdNt7Cz2akgSBq_eT41B-zHWl5ahDIx4PSdYtzTpk_U1I1rImrDbIoAVVo3cAMamyOeL94kvoFkpTlo,64,1,0,New Color Drop!,fabletics.com,https://www.fabletics.com/dmg/A39B3F?utm_medium=paid_social_media&utm_source=pinterest&utm_campaign=pin_campaign_id_%7Bcampaignid%7D&utm_content=pin_adgroup_id_%7Badgroupid%7D&utm_term=pin_id_%7Badid%7D&nbt=nb:pinterest::%7Bcampaignid%7D:%7Badgroupid%7D:%7Badid%7D&nb_kwd=%7Bkeyword%7D&nb_device=%7Bdevice%7D&nb_platform=pinterest&nb_pn=%7Bproduct_name%7D&nb_ppgid=%7Bpromoted_product_group_id%7D&nb_,https://i.pinimg.com/originals/95/cb/7c/95cb7c21a3889f5b23f0c9486196fc49.jpg,1000,1500,0,2026-08-19
2026-09-05,look academia feminino,1829656095332488,65,1945,0,,,,https://i.pinimg.com/originals/91/28/e5/9128e5eb46e9ed1efa4a1cadd0aab6d6.jpg,1283,2513,0,2026-01-01
2026-09-05,look academia feminino,AUIPO82p9uOXmZ1pHR_OP8GCwkJwMMnPj7eqPZxOcqcGkwPcQS6Wdli88irdX1ZKtDo5wZm7qnqe5fgLw05c1wk,66,1,0,Your Summer Uniform,kiffactive.com,https://kiffactive.com/,https://i.pinimg.com/originals/9e/4f/b6/9e4fb6763b23f9e6a74d959a02e92dd0.png,1000,1500,0,2026-08-17
2026-09-05,look academia feminino,1064538430690726222,67,1,0,Look shein academia,onelink.shein.com,https://onelink.shein.com/48/5z5rr7qtemxd,https://i.pinimg.com/originals/af/65/6c/af656c90ee8c3b60554aabd2ff2f04d5.heic,1080,1624,0,2026-08-18
2026-09-05,look academia feminino,Ab7Xc9D20E4jet6I-xmAfcpi-H2mHdBUONihx3oGpzMFxVHdwOOdKQ7aeS09eW9nnDskNV8JeO0o2BGQyK0UKQE,68,17,0,Amazon Outfits Made for,amzlink.to,https://amzlink.to/az0p1F7cOVqlH,https://i.pinimg.com/originals/2c/1b/97/2c1b9738f9b68ccc2b89d7fc82fc6377.png,1000,1500,0,2026-08-14
2026-09-05,look academia feminino,Ac05-RWmRd2h_s3DCtoyfQ3vQffF9LLV9hReNpHu--RwVUkW4l_eg486C967LV1V1PLr0RehqiqlnBsHlGW7p-A,69,4,0,Find Your Store.,nike.com,http://www.nike.com/retail,https://i.pinimg.com/originals/e0/52/75/e05275be86ea739b42532bf0ef07ae67.jpg,1080,1920,1,2026-08-24
2026-09-05,look academia feminino,1111966964270483249,70,210,0,"Gym Aesthetic: Confident, Fit, and Fearlessly You",,,https://i.pinimg.com/originals/d3/3e/f8/d33ef8dbaa1ffcb6268296352506da02.png,941,1672,0,2026-05-31
2026-09-05,look academia feminino,683139837272244460,71,538,0,Todos os posts • Instagram,instagram.com,https://www.instagram.com/p/DYqAPBAmYn2/?img_index=1,https://i.pinimg.com/originals/ae/f7/7d/aef77d84b04d09e3021f3877f12b5a0a.jpg,640,853,0,2026-06-30
2026-09-05,look academia feminino,931189660505226477,72,5,0,roupas gym,s.shopee.com.br,https://s.shopee.com.br/8pl2UGf9xZ?channel_type=pinterest,https://i.pinimg.com/originals/38/b4/f6/38b4f6b22ed482cf82c66540d2865b84.jpg,1080,1920,0,2026-08-16
2026-09-05,look academia feminino,296745062971038539,73,84,0,Roupa fitness ideias,onelink.shein.com,https://onelink.shein.com/46/5y2dh79reucc?ismg_ol=f4c52257576e9cb3e25d65750dcf0bb7c9dbf705467cc204dc9910f3fa03572e_01_KOC-C,https://i.pinimg.com/originals/5f/da/b7/5fdab72ad80e4f7cefdd516d1373b75c.jpg,1080,1920,0,2026-08-17
2026-09-05,look academia feminino,329185054037343728,74,72,0,,,,https://i.pinimg.com/originals/a6/71/ec/a671ec80735c9f690bbf2e6c681226f1.jpg,736,1307,0,2026-08-19
2026-09-05,calca jeans flare,Aad6SAXfj_FM7UZZRD7xdlTLM_oCUOqlL8yqtVm5MYw6yAkIttdNFIyhhWEW8OjK5Gjtifr13VFkHi646l9G2hA,2,0,0,Tecovas Women's Mid-Rise,tecovas.com,https://www.tecovas.com/products/womens-mid-rise-slim-flare?color=medium-wash-stretch-denim,https://i.pinimg.com/originals/70/33/0b/70330bb2551c04e6d727593eea310e4f.png,2000,2500,0,2026-08-27
2026-09-05,calca jeans flare,1064890274428755593,3,221,0,Calça flare jeans: look elegante e feminino para se inspirar ✨,clubgirls.lovable.app,https://clubgirls.lovable.app/blog/looks-com-calca-flare-jeans-3-ideias-para-usar-em-diferentes-ocasioes,https://i.pinimg.com/originals/4e/18/02/4e1802ce49273c3128cb0eec2e3d2992.jpg,900,1600,0,2026-08-10
2026-09-05,calca jeans flare,4601201201488587648,4,174,0,30 Flare Jeans Outfit Ideas With a Sweater for...,sewmamasew.com,https://www.sewmamasew.com/30-flare-jeans-outfit-ideas-with-a-sweater/,https://i.pinimg.com/originals/31/84/dd/3184ddc9ad781d77b2d2bd74161cc3d6.jpg,720,1280,0,2026-07-24
2026-09-05,calca jeans flare,AYiWsj9Y2oxYrSu4bZKXUH28xGQI-amI-ft2n6tntgAvmvulUNvVgNt2o5TLJztMpYNqblzbyHB_g95yHwtAdtw,5,723,0,Amazon Capsule Wardrobe,amzlink.to,https://amzlink.to/az0RlrZywll67,https://i.pinimg.com/originals/28/ad/d0/28add003079a701cb237c1be2d6ee3fb.png,1000,1500,0,2026-04-19
2026-09-05,calca jeans flare,151785449938030568,6,1013,0,,,,https://i.pinimg.com/originals/56/5a/12/565a12c6333f611af4e87dbf61387691.jpg,736,1104,0,2026-08-12
2026-09-05,calca jeans flare,4604156683953315712,7,2,0,CALÇA FEMININA FLARE,br.shein.com,https://br.shein.com/ark/default?scene=1&test=5051&ad_type=DPA&goods_id=542473071&pf=PINTEREST&link_type=link&url_from=PINADSDPA&ismg=369e6ab4b5118845d3d59773a73b4b6cc6f71957061b87d694ed4559a1a44561_01_1788544187,https://i.pinimg.com/originals/6f/f8/e2/6ff8e278107aefe7274aea2036a4b7bb.jpg,1340,1785,0,2026-08-18
2026-09-05,calca jeans flare,AfbdIrSdgqq7muLm3RpfyM5ri3IduOItAGbcwbFNgrPbve_bLZiC4Qum4vkDdVfY6mmTwWqk0QbGkOcr2B3zPAo,8,0,0,Women's Drawstring Waist,us.shein.com,https://us.shein.com/ark/default?scene=1&test=5051&ad_type=DPA&goods_id=529740826&pf=PINTEREST&url_from=PINADSDPA&ismg=a0a314c4c2b4ce4a9c5c7eab0650224290543bfb17753e5fdfc47de990581fca_01_1788542184,https://i.pinimg.com/originals/bc/d9/29/bcd929b280bd9c4ccc544c688338f2e6.jpg,1340,1785,0,2026-08-19
2026-09-05,calca jeans flare,AYJRKad8RZZI4iVxc9_i8iIcDVG4h47W4sZ8-skqxI630ijdN27YzA60GzMT2kuXe2Q-xVFrWu0_UjitEr34Aqw,9,5,0,Shyanne High Rise Super,ebay.com,https://www.ebay.com/itm/178187963609?norover=1&siteid=1&mkevt=1&mkcid=16&chn=psoc,https://i.pinimg.com/originals/80/4e/2c/804e2c409959bfb8baa41693dcf8971c.jpg,583,1099,0,2026-06-13
2026-09-05,calca jeans flare,816629344978905496,10,1,0,Calça Jeans Flare Feminina Cintura Alta | Look Elegante e Modelador,vt.tiktok.com,https://vt.tiktok.com/ZS9kddGRsQfKR-3W1hO/,https://i.pinimg.com/originals/7f/43/9b/7f439b449a0e9baaeafb9d8073e8707a.png,1023,1537,0,2026-08-11
2026-09-05,calca jeans flare,AVDArvZD6a-GOEZecUGBtMJ7R9ziz2N-cpf6waOP2V2mXCGSi_qCddNQZx6Aiph_ZTLAi2HGHLsFDXRmhI-FUPA,11,0,0,Fiona High Waisted Bell,etsy.com,https://www.etsy.com/listing/4319117286/fiona-high-waisted-bell-bottom-jeans,https://i.pinimg.com/originals/2b/5a/5e/2b5a5ee202979e6e314b4bdc302f233c.jpg,1066,1600,0,2026-07-24
2026-09-05,calca jeans flare,1083608360376672681,12,466,0,Boot cut jeans styling✨,,,https://i.pinimg.com/originals/1f/db/e6/1fdbe660aa979ebecc7ae0914db76eae.png,1024,1536,0,2026-07-28
2026-09-05,calca jeans flare,AWM15qQfNRz0ouCPEFzXzSLcadnyqp9KBR9j9s0NVhLJliptsbePrwhyC-MK6EDmKL0YVwACbmd9jOT3Xy19yVM,13,40,0,Bell Bottom Jeans for,amazon.com,https://www.amazon.com/Butterfly-Elastic-Classic-2229Light-Blue_X-Large/dp/B0D9HHDMKX/ref=asc_df_B0D9HHDMKX?hvdev=%7Bdevice%7D&hvcampaign=%7Bcampaignid%7D&hvadgroupid=%7Badgroupid%7D&hvprdptid=%7Bproduct_partition_id%7D&hvprdgrpid=%7Bpromoted_product_group_id%7D&hvcr=%7Bcreative_id%7D&hvadid=%7Badid%7D&hvprdid=%7Bproduct_id%7D&hvplc=%7Bplacement%7D&psc=1&tag=%7Bifnotmobile:ushpadpinde-20%7D%7Bifmo,https://i.pinimg.com/originals/d1/c8/59/d1c859007cb12ca7a1a493218d90bfeb.jpg,879,1600,0,2026-04-18
2026-09-05,calca jeans flare,229613280997178658,14,1014,0,,,,https://i.pinimg.com/originals/4d/e9/90/4de9903d13067736b3a1cc00d6ffa19b.png,1047,1501,0,2026-07-27
2026-09-05,calca jeans flare,AdEOCr-CUW7aLgoYfUQ07V61gKTqMDdy2FxwA3DX51ZyVTS0_9yeiWjDEz94MQ5qvSfGq2g-7gjySwEJhWCIg-U,15,16,0,Bell Bottom Jeans for,amazon.com,https://www.amazon.com/Bottom-Butterfly-Vintage-Waisted-Blue_XXX-Large/dp/B0DS5LJC9F/ref=asc_df_B0DS5LJC9F?hvdev=%7Bdevice%7D&hvcampaign=%7Bcampaignid%7D&hvadgroupid=%7Badgroupid%7D&hvprdptid=%7Bproduct_partition_id%7D&hvprdgrpid=%7Bpromoted_product_group_id%7D&hvcr=%7Bcreative_id%7D&hvadid=%7Badid%7D&hvprdid=%7Bproduct_id%7D&hvplc=%7Bplacement%7D&psc=1&tag=%7Bifnotmobile:ushpadpinde-20%7D%7Bifmob,https://i.pinimg.com/originals/af/48/f7/af48f7f0bd1a0e33b54c8f4c2220e844.jpg,687,1600,0,2026-04-18
2026-09-05,calca jeans flare,ASv9fGMN_wN_ce1M5aLRP0dSqg5gFQ7SsBTen1kBx27FF1YeAe3LDsHzywAWxk37kNDbKhRJI7PSN3ZEZeelNzA,16,0,0,Pattern Flare Bundle (1,willowboutique.com,https://willowboutique.com/products/all-american-flare-bundle-1-fiona-flares-1-graphic-tee-copy?variant=48452177953011,https://i.pinimg.com/originals/71/b2/0d/71b20d8280958d8c7b940d40273d91b4.jpg,2316,3088,0,2026-03-05
2026-09-05,calca jeans flare,4151824653636170,17,724,0,30 Flare Jeans Outfit Ideas With Flats for Easy...,sewmamasew.com,https://www.sewmamasew.com/30-flare-jeans-outfit-ideas-with-flats/,https://i.pinimg.com/originals/67/af/f3/67aff38c34bd1b4fdc7be0b2f289a3b4.jpg,720,1280,0,2026-08-26
2026-09-05,calca jeans flare,1086845322606701097,18,1,0,Calça perfeita 😍,br.shp.ee,https://br.shp.ee/99fn19je?smtt=0.0.9,https://i.pinimg.com/originals/52/cc/ca/52ccca32b795580e0b718fda7eea74bb.png,941,1672,0,2026-08-14
2026-09-05,calca jeans flare,AZ4Ib_jhctvmp1itCa-RMA3JX5m9dXczbDiVtKYyFidfBY4R0XChMVKcF-t7OU_4UWkYD1T18iHywSjjj3NtAMM,19,4,0,LINUMIN Women Lace-up,amazon.com,https://www.amazon.com/LINUMIN-Lace-up-Stretchy-Juniors-Bodyfriend/dp/B0F2N2B66D/ref=asc_df_B0F2N2B66D?hvdev=%7Bdevice%7D&hvcampaign=%7Bcampaignid%7D&hvadgroupid=%7Badgroupid%7D&hvprdptid=%7Bproduct_partition_id%7D&hvprdgrpid=%7Bpromoted_product_group_id%7D&hvcr=%7Bcreative_id%7D&hvadid=%7Badid%7D&hvprdid=%7Bproduct_id%7D&hvplc=%7Bplacement%7D&psc=1&tag=%7Bifnotmobile:ushpadpinde-20%7D%7Bifmobile:,https://i.pinimg.com/originals/cb/40/eb/cb40eb435daf9c89f82b8c788cc073cb.jpg,1000,1500,0,2025-10-20
2026-09-05,calca jeans flare,2603712281892956,20,25070,0,,,,https://i.pinimg.com/originals/c0/63/37/c06337d6156c8074ea6bacc9a1904001.jpg,857,1297,0,2025-07-28
2026-09-05,calca jeans flare,AZH_w0nR3QfqAjTtHU2H3dQ_NJdHp9fSxVz3Zq6m52KoVXpn4xHFQXJhEfXjtaeYpoXNc8av_IhrAo1gWFXb4w4,21,3,0,Women's Bell Bottom Jeans,amazon.com,https://www.amazon.com/Embroidery-Butterfly-Bottom-Distressed-BlueDenim/dp/B09PYKXBDK/ref=asc_df_B09PYKXBDK?hvdev=%7Bdevice%7D&hvcampaign=%7Bcampaignid%7D&hvadgroupid=%7Badgroupid%7D&hvprdptid=%7Bproduct_partition_id%7D&hvprdgrpid=%7Bpromoted_product_group_id%7D&hvcr=%7Bcreative_id%7D&hvadid=%7Badid%7D&hvprdid=%7Bproduct_id%7D&hvplc=%7Bplacement%7D&psc=1&tag=%7Bifnotmobile:ushpadpinde-20%7D%7Bifmo,https://i.pinimg.com/originals/cd/5e/4d/cd5e4d7342a0170a4bf3066ea9f01f92.jpg,1000,1950,0,2026-05-07
2026-09-05,calca jeans flare,1069816086508942122,22,12,0,Ben Martin Women’s High Waist Jeans || Flared Bell Bottom Bootcut Pants || Wide Leg Stretch Denim,link.amazon,https://link.amazon/B0fJKG1gl,https://i.pinimg.com/originals/f5/87/73/f587739a845daab175d819eda696f56b.jpg,979,1554,0,2026-08-21
2026-09-05,calca jeans flare,762163936988747114,23,1,0,calça jeans flores rasgada abertura lateral,s.shopee.com.br,https://s.shopee.com.br/7KwPew4YWr?channel_type=pinterest,https://i.pinimg.com/originals/9e/2b/53/9e2b531ba9a3ec96f9dbb44229934e84.jpg,736,980,0,2026-08-23
2026-09-05,calca jeans flare,AW6sjDMjVTGFNZsCRtnXaef3BilIwpRPFJmU8fX1xsZL4T4IYNHDH2s6fIgIKSq5d4kr3BJINczxJIjN_Jy5OMg,24,0,0,Street Retro Hip Flared,evael.com,https://evael.com/products/street-retro-hip-flared-pants?variant=47753364570459,https://i.pinimg.com/originals/d7/d9/48/d7d9489c829dd7b23ee13d78d8f3ddfa.jpg,900,1350,0,2026-04-02
2026-09-05,calca jeans flare,4602467825991626624,25,1,0,Calça Flare Feminina Jeans Escuro com Cintura Alta e Modelagem Ajustada,lojasbob.com.br,https://www.lojasbob.com.br/calca-jeans/calca-flare-feminina-jeans-escuro,https://i.pinimg.com/originals/ec/76/85/ec768583b6dc76725e8330a08704d67e.png,1023,1537,0,2026-08-16
2026-09-05,calca jeans flare,Ab5Q61mkEUWuhpZqXmRq676c-fcU00qLQJQRrzQv2OZReEMVu2D4T8cYNC5l6uxupMC09SvHcUNTB9UWIbX1Gck,26,22,0,CutieLove Women's Ripped,amazon.com,https://www.amazon.com/CutieLove-Womens-Bottom-Destroyed-Stretch/dp/B0DLWDBSS3/ref=asc_df_B0DLWDBSS3?hvdev=%7Bdevice%7D&hvcampaign=%7Bcampaignid%7D&hvadgroupid=%7Badgroupid%7D&hvprdptid=%7Bproduct_partition_id%7D&hvprdgrpid=%7Bpromoted_product_group_id%7D&hvcr=%7Bcreative_id%7D&hvadid=%7Badid%7D&hvprdid=%7Bproduct_id%7D&hvplc=%7Bplacement%7D&psc=1&tag=%7Bifnotmobile:ushpadpinde-20%7D%7Bifmobile:us,https://i.pinimg.com/originals/dd/83/92/dd83923e9b0d8f972d79be46b47057a6.jpg,1100,1600,0,2025-11-13
2026-09-05,calca jeans flare,42432421485013256,27,7083,0,,,,https://i.pinimg.com/originals/87/93/8a/87938a1fcb5f4288a256499b7b41859d.jpg,736,1308,0,2025-08-18
2026-09-05,calca jeans flare,ASGjMVWl4_iHZL40NMbzLWs8GrCI6ml9_U66Fli6jBhGMIvapfFapyEal93MverNrc3RU0kRIQpD8VyIBGtqgHg,28,17,0,Skinny Ripped Bell Bottom,amazon.com,https://www.amazon.com/LaiyiVic-Bottom-Waisted-Ripped-Frayed/dp/B0C5LJW9J2/ref=asc_df_B0C5LJW9J2?hvdev=%7Bdevice%7D&hvcampaign=%7Bcampaignid%7D&hvadgroupid=%7Badgroupid%7D&hvprdptid=%7Bproduct_partition_id%7D&hvprdgrpid=%7Bpromoted_product_group_id%7D&hvcr=%7Bcreative_id%7D&hvadid=%7Badid%7D&hvprdid=%7Bproduct_id%7D&hvplc=%7Bplacement%7D&psc=1&tag=%7Bifnotmobile:ushpadpinde-20%7D%7Bifmobile:ushpad,https://i.pinimg.com/originals/ef/ef/54/efef5478e751e7c0b79fcb7a195e2f93.jpg,561,1000,0,2026-01-23
2026-09-05,calca jeans flare,77546424830426397,29,39,0,Dark Blue Flare Jeans Outfit | Effortless Everyday Style,amzn.to,https://amzn.to/3TZ0ACJ,https://i.pinimg.com/originals/9b/bb/4b/9bbb4b1b28a1d05ddd94ba8d7f4cbdd6.png,1023,1537,0,2026-08-20
2026-09-05,calca jeans flare,4597119808352638336,30,418,0,30 Outfit Ideas for Long Legs to Elevate Your...,sewmamasew.com,https://www.sewmamasew.com/30-outfit-ideas-for-long-legs/,https://i.pinimg.com/originals/bd/da/08/bdda08de60c4e4a147056e493e269326.jpg,720,1279,0,2026-07-24
2026-09-05,calca jeans flare,ATz2WDNMg3xX4angOAlok2dB9enbm0ygQCiFSs1jfjuHFEKZg0raE36Rrnh6cml47UiDQHoBR1t4WlBI0Vtiq4U,31,0,0,High-Rise Novelty,whitehouseblackmarket.com,https://www.whitehouseblackmarket.com/store/product/High-Rise-Novelty-Waistband-Flare-Jean/570396953?inseam=regular&sizeType=regular&color=6657&size=4,https://i.pinimg.com/originals/60/84/dd/6084dd08de8b5c0fd631722c54df8469.jpg,1000,1500,0,2025-12-03
2026-09-05,calca jeans flare,4601130837091889024,32,0,0,Calça Flare Jeans feminina Infantil Juvenil 10 ao 16 Perna Larga,br.shein.com,https://br.shein.com/ark/default?scene=1&test=5051&ad_type=DPA&goods_id=538953931&pf=PINTEREST&link_type=link&url_from=PINADSDPA&ismg=e692e0f3d697deb183371ac63683a1de21a6898b375ba4459360e393343dfec4_01_1788544261,https://i.pinimg.com/originals/62/0a/03/620a031c31a780cb01ff41a20d40f092.jpg,1340,1785,0,2026-08-17
2026-09-05,calca jeans flare,AaaRUsG_g8EthiqWoHnTSbQ_1s8KeHxw0m9PoAJ56EFsKI9qKN65J0MPfqI7gsHNrOwlFKQtZeQdGhtQOVcjjM8,33,8,0,Women's Fashion Bell,amazon.com,https://www.amazon.com/Destoryed-Elastic-Ripped-Stretch-XX-Large/dp/B0B8G7WQZR/ref=asc_df_B0B8G7WQZR?hvdev=%7Bdevice%7D&hvcampaign=%7Bcampaignid%7D&hvadgroupid=%7Badgroupid%7D&hvprdptid=%7Bproduct_partition_id%7D&hvprdgrpid=%7Bpromoted_product_group_id%7D&hvcr=%7Bcreative_id%7D&hvadid=%7Badid%7D&hvprdid=%7Bproduct_id%7D&hvplc=%7Bplacement%7D&psc=1&tag=%7Bifnotmobile:ushpadpinde-20%7D%7Bifmobile:us,https://i.pinimg.com/originals/51/6d/1d/516d1d727fddb7a56d2b7b24f6aab7d4.jpg,1000,1500,0,2026-03-03
2026-09-05,calca jeans flare,612700724351273217,34,84,0,,,,https://i.pinimg.com/originals/0d/25/21/0d2521ae4a6e69f538a3f56169468490.jpg,736,1307,0,2026-07-20
2026-09-05,calca jeans flare,4362930884563651,35,446,0,Instagram,instagram.com,https://www.instagram.com/p/CyPIPWQtOQj/,https://i.pinimg.com/originals/9b/02/0d/9b020d4362f039a05ba0515b61eaa4c9.png,640,853,0,2026-01-21
2026-09-05,calca jeans flare,395613148537518997,36,915,0,Outfits Aesthetic for Winter 2025 – 2026 | Cute & Classy Cold Weather Idea,lemon-styles.com,https://lemon-styles.com/outfits-aesthetic-for-winter-2025-2026-cute/,https://i.pinimg.com/originals/0b/9f/1d/0b9f1d3796f6a17fd17355f56abd9bf1.webp,704,1152,0,2025-10-02
2026-09-05,calca jeans flare,1150880879805274478,37,2443,0,Off-Shoulder Top & Flare Jeans Outfit Inspiration | Main Character Energy ✨🤍👖,i.pinimg.com,https://i.pinimg.com/736x/65/7a/1a/657a1abbd8c5485c3c827a4d1ab530eb.jpg,https://i.pinimg.com/originals/65/7a/1a/657a1abbd8c5485c3c827a4d1ab530eb.jpg,1200,1800,0,2026-06-08
2026-09-05,calca jeans flare,755690012526063450,38,15,0,✨️Light Blue Flared Jeans Outfit | Aesthetic Denim Look,,,https://i.pinimg.com/originals/20/6c/68/206c68171d88510f75e1ab361917685a.png,1024,1536,0,2026-08-23
2026-09-05,calca jeans flare,577023771055738105,39,152,0,Calça flare - SHEIN,onelink.shein.com,https://onelink.shein.com/45/5x99t1ub4zns,https://i.pinimg.com/originals/f0/a5/87/f0a587f141c498ca9ed8cfb8f400be9a.jpg,736,1308,0,2026-08-20
2026-09-05,calca jeans flare,4605915911716625280,40,523,0,30 Summer Outfits With Flare Jeans: Chic Retro...,sewmamasew.com,https://www.sewmamasew.com/30-summer-outfits-with-flare-jeans/,https://i.pinimg.com/originals/df/e9/03/dfe903e6b2a74ca024527ec74720a6a4.jpg,720,1280,0,2026-07-24
2026-09-05,calca jeans flare,AdEHnKdDif7JlryCOszSD5afu7F8-z727xVUHcHyd-KgtVUtTO_VnV6egYt-0r9x78CXtOADIPuyizX46Ypio3c,41,2,0,Bell Bottom Jeans for,amazon.com,https://www.amazon.com/Elastic-Waisted-Vintage-Stretchy-B-3Blue/dp/B0D1DSRS31/ref=asc_df_B0D1DSRS31?hvdev=%7Bdevice%7D&hvcampaign=%7Bcampaignid%7D&hvadgroupid=%7Badgroupid%7D&hvprdptid=%7Bproduct_partition_id%7D&hvprdgrpid=%7Bpromoted_product_group_id%7D&hvcr=%7Bcreative_id%7D&hvadid=%7Badid%7D&hvprdid=%7Bproduct_id%7D&hvplc=%7Bplacement%7D&psc=1&tag=%7Bifnotmobile:ushpadpinde-20%7D%7Bifmobile:ush,https://i.pinimg.com/originals/88/71/c8/8871c8bcc99dcac82e8ca7d189f2c9c6.jpg,985,1600,0,2026-04-12
2026-09-05,calca jeans flare,900719994246746683,42,3629,0,2026 Outfit Ideas | Chic Casual Fashion for Women,amazon.com,https://www.amazon.com/shop/hairstyledhub/photo/amzn1.shoppablemedia.v1.19256971-f7b5-458e-9294-50388df87384?ref_=aipsfphoto,https://i.pinimg.com/originals/a1/09/04/a10904dd24623151f89893a4e10ea73e.png,941,1672,0,2026-07-18
2026-09-05,calca jeans flare,124904589661538658,43,92,0,,i.pinimg.com,https://i.pinimg.com/1200x/82/63/23/8263235ef377733c8dc738bcad8e681c.jpg,https://i.pinimg.com/originals/55/7e/0e/557e0e0222d8e8113cc189df6672116a.png,941,1672,0,2026-08-10
2026-09-05,calca jeans flare,AcOxWkJhasQgGv40-M98Dc-THglR1xH0efG1lTjsO2KAG3jAzne_GLkQJD2BmLKCkf6g7S2fixPQp4Zzhx137C4,44,2,0,Vibrant Women’s Flare,amazon.com,https://www.amazon.com/Vibrant-Womens-Juniors-Button-Flare/dp/B01MG219FJ/ref=asc_df_B01MG219FJ?hvdev=%7Bdevice%7D&hvcampaign=%7Bcampaignid%7D&hvadgroupid=%7Badgroupid%7D&hvprdptid=%7Bproduct_partition_id%7D&hvprdgrpid=%7Bpromoted_product_group_id%7D&hvcr=%7Bcreative_id%7D&hvadid=%7Badid%7D&hvprdid=%7Bproduct_id%7D&hvplc=%7Bplacement%7D&psc=1&tag=%7Bifnotmobile:ushpadpinde-20%7D%7Bifmobile:ushpadpi,https://i.pinimg.com/originals/c1/a6/04/c1a6049de0c8a473a7801cd138e9c9c9.jpg,1100,1650,0,2026-03-20
2026-09-05,calca jeans flare,36169603254402036,45,1030,0,,,,https://i.pinimg.com/originals/b6/a6/97/b6a697a2f43a56f5bba02804991452ef.jpg,1086,1448,0,2026-08-22
2026-09-05,calca jeans flare,4595008724430865280,46,0,0,Calça Jeans Flare Feminina Modeladora Cintura Alta Boca Larga Azul Escuro,br.shein.com,https://br.shein.com/ark/default?scene=1&test=5051&ad_type=DPA&goods_id=546281691&pf=PINTEREST&link_type=link&url_from=PINADSDPA&ismg=5cdec7d170fb46547f6a5595c9cfc4763740e671d3bd613277c541d76135f549_01_1788544228,https://i.pinimg.com/originals/a2/50/fc/a250fcade7db541b46bc90f84a9b2217.jpg,1340,1785,0,2026-08-18
2026-09-05,calca jeans flare,4593249476578413184,47,1933,0,35 Flattering Outfit Ideas for Hourglass Figure Women,sewmamasew.com,https://www.sewmamasew.com/35-outfit-ideas-for-hourglass-figure/,https://i.pinimg.com/originals/14/69/2d/14692da714a78779c742dbc6dd8df82b.jpg,720,1279,0,2026-05-16
2026-09-05,calca jeans flare,AYYy2nLOXpZTPD7M32g3R8_D5oW3xT1VA1YHTmWl6F866e82b9eFciy2rcKx0UYJw-t8XNhhRuBbMhZ0uKFH-B8,48,24,0,Womens Low Waisted,amazon.com,https://www.amazon.com/Womens-Waisted-Stretchy-Causal-Bootcut/dp/B0CZL6161B/ref=asc_df_B0CZL6161B?hvdev=%7Bdevice%7D&hvcampaign=%7Bcampaignid%7D&hvadgroupid=%7Badgroupid%7D&hvprdptid=%7Bproduct_partition_id%7D&hvprdgrpid=%7Bpromoted_product_group_id%7D&hvcr=%7Bcreative_id%7D&hvadid=%7Badid%7D&hvprdid=%7Bproduct_id%7D&hvplc=%7Bplacement%7D&psc=1&tag=%7Bifnotmobile:ushpadpinde-20%7D%7Bifmobile:ushpa,https://i.pinimg.com/originals/7e/98/df/7e98dfc944c1439334134cc105c7a5b4.jpg,1000,1500,0,2025-11-13
2026-09-05,calca jeans flare,4644405861611200,51,666,0,Flare Pants Chic: Spring Jeans Outfit Ideas,,,https://i.pinimg.com/originals/c3/63/ff/c363ff45cb052b81d52a32b63bef4cce.jpg,955,1650,0,2026-07-10
2026-09-05,calca jeans flare,AeSKWEVGwX9Bs4G7tkXeKqZcSGyV3AunfO6Qh2BrO2_jct9W4aJOrEO911BHJwMvZpUgJqKKC7akeLYNA7PW5cM,52,10,0,Fall denim is officially,target.com,https://www.target.com/c/jeans/-/N-4prff,https://i.pinimg.com/originals/b9/f0/22/b9f022822e3cbf78d654f3950715b81d.jpg,1080,1920,1,2026-08-31
2026-09-05,calca jeans flare,197243658676248815,53,71,0,30 School Outfit Ideas With Jeans for Daily Class...,sewmamasew.com,https://www.sewmamasew.com/30-school-outfit-ideas-with-jeans/,https://i.pinimg.com/originals/9b/0d/d0/9b0dd036cfd801fd7b3fb14ed0d7417c.jpg,720,1279,0,2026-08-12
2026-09-05,calca jeans flare,AZkzSxkdgAgLRO_SpP80--Ww22keUYZupUQ_rH0uCjFQWcxVHvrBui5HWL1HaBizbdPrtZQhh9YuPvLEWjlzws4,54,338,0,Cute Going Out Outfit,amzlink.to,https://amzlink.to/az0sMRyAHOgsO,https://i.pinimg.com/originals/f2/4b/88/f24b888564dfb748062ecc013128d11b.png,1000,1500,0,2025-08-05
2026-09-05,calca jeans flare,11822017768571139,55,45,0,"Women’s High Waisted Flare Jeans – Stretch Denim Bell Bottom Jeans, Slim Fit Wide Leg Bootcut Pants",,,https://i.pinimg.com/originals/b6/69/90/b66990f8cc6ddc1d0e16a1d99b30bd35.png,1023,1537,0,2026-08-12
2026-09-05,calca jeans flare,AVrjqn7Pt4lT7gaFOca9eVPT4BxzggCei8rnJmi_S90qWAQR6vbjdagbIKXP_U95DQ3lrz4NzkMZ3sohlHczbng,56,1,0,The Pants of the Season,freepeople.com,https://www.freepeople.com/fpmovement/shop/quick-step-bubble-pants/,https://i.pinimg.com/originals/c9/48/ca/c948cabb9a9acbdfc7dc52e0002b930a.jpg,2268,3402,0,2026-08-10
2026-09-05,calca jeans flare,ATaDNSYc4snbWqfRicFEHXq_rn58_2AXLoyC7h0URVQBxN3uzXod765LzS6AMgslT4-_jST1_O0SILk8PA4LNNo,57,1,0,The Halo Collection,vuoriclothing.com,https://vuoriclothing.com/collections/womens-dreamknit-collection,https://i.pinimg.com/originals/1d/e8/3c/1de83ccdafd02f1d364c8fccafc37d32.jpg,1000,1500,0,2026-07-15
2026-09-05,calca jeans flare,26247610324886033,58,1476,0,Chicago Flare Jeans Outfit Every Woman Needs,amazon.com,https://www.amazon.com/shop/influencer-9c142fbe?ref_=hype_hm_sf_e&ccs_id=e1b7cba4-a558-41d8-aeab-f2959bc481b8,https://i.pinimg.com/originals/a8/57/71/a8577120996460b9d4751720a7dc78ef.png,941,1672,0,2026-08-26
2026-09-05,calca jeans flare,4611545401196703808,59,283,0,40 Cute Jeans Outfits for Effortlessly Stylish...,sewmamasew.com,https://www.sewmamasew.com/40-cute-jeans-outfits/,https://i.pinimg.com/originals/2d/94/9a/2d949a03b37eabe927e1c45269abf183.jpg,720,1279,0,2026-05-16
2026-09-05,calca jeans flare,148829962682961683,60,1201,0,,,,https://i.pinimg.com/originals/1b/19/4e/1b194e902def695ab5be58a30cc3a645.jpg,704,1344,0,2025-09-04
2026-09-05,calca jeans flare,4591630997086250368,61,43,0,30 How to Style Flare Jeans: Retro Looks for...,sewmamasew.com,https://www.sewmamasew.com/30-how-to-style-flare-jeans/,https://i.pinimg.com/originals/63/69/f5/6369f5dbefd981fc73da959f326bef95.jpg,720,1279,0,2026-07-24
2026-09-05,calca jeans flare,1084663891532612208,62,2464,0,Jaket Kulit Wanita - Desain Elegan dan Nyaman Dipakai,s.shopee.co.id,https://s.shopee.co.id/LmN70Cmum?channel_type=pinterest,https://i.pinimg.com/originals/ed/52/8a/ed528ad1adf781e0808278ae6f17f4f4.png,941,1672,0,2026-07-24
2026-09-05,calca jeans flare,4605634384169382784,63,40,0,Calça Jeans Flare Denise - Trama Jeans,tramajeans.com.br,https://www.tramajeans.com.br/produto/calca-jeans-flare-denise-2481,https://i.pinimg.com/originals/9c/70/cf/9c70cf4bce8303a76617063505d799a3.png,900,1350,0,2026-07-13
2026-09-05,calca jeans flare,1005921266793110999,65,3,0,Girlism Denim Flare com Lavagem Retrô,onelink.shein.com,https://onelink.shein.com/47/5yl8knpwmd95,https://i.pinimg.com/originals/65/19/2a/65192a94781a442c0ae6db96ef5908d6.png,1122,1402,0,2026-08-11
2026-09-05,calca jeans flare,914019686902943329,66,14983,0,YouTube,youtube.com,https://www.youtube.com/redirect?event=comments&redir_token=QUFFLUhqbk5SLU5Jb29rOHJBWG51Y19reHhnMk1CZVlqQXxBQ3Jtc0tselcwSW5QcnI1SkdyU3gtdGtPVFJuUUFTaUFQTHVrYU1FNGxXYmxxWGZWZHpqYk9HVERJM3dDVlQ2N3NOTFp3SE0xYUdHR05JRUk2dHVXelZTZUpGc21zN2xYUmliTVJ5N0JURkZteXdaUXRVLWdjdw&q=https://tumblrnewquiz.blogspot.com/&stzid=Ugx2rFmHpZ5dqmiOx0V4AaABAg,https://i.pinimg.com/originals/0a/45/7d/0a457da7fc2fe5dadb2fe5c7b3ed24b4.jpg,704,1344,0,2025-11-12
2026-09-05,calca jeans flare,4597893861266383744,67,0,0,Calça Jeans Maxi Flare Feminina Blue Black Consciencia Jeans,br.shein.com,https://br.shein.com/ark/default?scene=1&test=5051&ad_type=DPA&goods_id=529226586&pf=PINTEREST&link_type=link&url_from=PINADSDPA&ismg=49172e29fab6c3683c6359beedfb09052a1c4078065916d4850019da26f616d6_01_1788544186,https://i.pinimg.com/originals/cf/35/30/cf353029dac89f69d92e4ad1e6f5a683.jpg,1170,1441,0,2026-08-16
2026-09-05,calca jeans flare,AeM4Eu2VoSnok7ewBbMKFh_0N_GlP0FcM_XnU91W1ukULoJWmAiBetDnUAawQM3voh0FhjbXjzMS8LYXhcglShU,68,0,0,The Back to School Shop,gap.com,https://www.gap.com/browse/girls/new-arrivals?cid=63895,https://i.pinimg.com/originals/ce/fa/ad/cefaad97fc5870fc28e4bafba723ceec.jpg,1000,1500,1,2026-08-18
2026-09-05,calca jeans flare,4605423325406441344,69,0,0,Calça Jeans Flare Feminina Azul Escuro Cintura Alta Modeladora Premium com Elastano Confortável,br.shein.com,https://br.shein.com/ark/default?scene=1&test=5051&ad_type=DPA&goods_id=521701413&pf=PINTEREST&link_type=link&url_from=PINADSDPA&ismg=c2854d15f4cd004c49fab9e277772596e1b754bfd7a5d02eb40230168d2c347c_01_1788544240,https://i.pinimg.com/originals/bc/3d/1b/bc3d1b405aac319fa99b61dc9b80780e.jpg,1345,1780,0,2026-08-14
2026-09-05,calca jeans flare,4599090107020354432,70,0,0,Calça Jeans bootcut Flare slim com elastano Cintura Alta,br.shein.com,https://br.shein.com/ark/default?scene=1&test=5051&ad_type=DPA&goods_id=537990180&pf=PINTEREST&link_type=link&url_from=PINADSDPA&ismg=48b658bc31a36f5c93dd805cc92e010d5f6d0cd983534fcaa008d88f76ec8ef0_01_1788544248,https://i.pinimg.com/originals/64/3d/55/643d555df3ee77804b50c1964977c027.jpg,1340,1785,0,2026-08-14
2026-09-05,calca jeans flare,104568022596790596,71,421,0,Instagram,instagram.com,https://www.instagram.com/p/DXm5v_ACQmX/,https://i.pinimg.com/originals/6e/6d/7b/6e6d7b1997667d695dddd4e1fe0eea10.jpg,1080,1440,0,2026-05-16
2026-09-05,calca jeans flare,626352260718425227,72,7879,0,,,,https://i.pinimg.com/originals/28/3a/a2/283aa29948c35ca982e71d93471514cd.jpg,736,1308,0,2025-12-07
2026-09-05,calca jeans flare,102949541479731111,73,52,0,,,,https://i.pinimg.com/originals/1c/2e/55/1c2e55334adcafb6e45983efaaf89483.jpg,1080,1920,0,2026-07-26
2026-09-05,calca jeans flare,141159769567402535,74,630,0,jeans,amzn.to,https://amzn.to/4cp3Zl2,https://i.pinimg.com/originals/31/83/de/3183de171663f5a8cb00164bc4616208.png,1024,1536,0,2026-07-09
2026-09-05,calca jeans flare,237424211601602720,75,228,0,,,,https://i.pinimg.com/originals/0b/bc/44/0bbc444f842fef435923164e3012cdd9.jpg,940,1671,0,2026-07-05
2026-09-05,calca jeans flare,4362930884812819,76,591,0,,scontent-lga3-3.xx.fbcdn.net,https://scontent-lga3-3.xx.fbcdn.net/v/t51.82787-15/515937585_18516843511022225_5266618338646866350_n.jpg?_nc_cat=108&ccb=1-7&_nc_sid=127cfc&_nc_ohc=B9nJBDtCq9UQ7kNvwF70n2M&_nc_oc=Adm2YCdkHZ35NGCY-xB9KOl_pZ2bfIM1hP_Dg6_8vtrdKzdAlqJ_d_HxdDvxbQhlzX19BfdT4uDb6ncjPj33uTfp&_nc_zt=23&_nc_ht=scontent-lga3-3.xx&_nc_gid=MMBrY1zyCZQB8gJiG0VjXQ&oh=00_AfQgO3PchWAMofThzLhKnNRjbWp-eCuWAmF1cqI875nHug&oe=68848BBA,https://i.pinimg.com/originals/cc/87/fc/cc87fc4bdb3bea5b608481d69a29eebf.png,1000,1333,0,2026-04-14
2026-09-05,blusa cropped,ATfhhFg6yoe4UJu-JsYejW9bHVUPRtYUGppeIBCQ4mSRy_6UcWxNIVJCSultoi679uq5e4SxbOzuAF17bJHqxp8,2,8162,0,Looks Expensive But It's,amzlink.to,https://amzlink.to/az0u2a9l3C7cj,https://i.pinimg.com/originals/25/77/be/2577befbd11f92940b084e862b4080eb.png,1000,1500,0,2026-02-04
2026-09-05,blusa cropped,279012139409798147,3,22,0,,,,https://i.pinimg.com/originals/54/fc/72/54fc722aabff88d795145661a4edcddd.jpg,675,1200,0,2025-09-05
2026-09-05,blusa cropped,1080652873100096249,4,17,0,Blusa/Cropped,tr.ee,https://tr.ee/1kMumK,https://i.pinimg.com/originals/11/18/0a/11180a08acca4d8011c6b8d482910edf.jpg,736,1308,0,2025-12-14
2026-09-05,blusa cropped,ARruEutOp9mRGtSgGZ6PClw9L4Cvaxu7KtLFV4G91njq2uRg0QblDKRjlK4cPIo4L9qZZGV0qKiaNq9xvmiMmpw,5,53,0,Verdusa Women's Floral,amazon.com,https://www.amazon.com/Verdusa-Womens-Floral-Ruched-Sweetheart/dp/B0CHVY7KCV/ref=asc_df_B0CHVY7KCV?hvdev=%7Bdevice%7D&hvcampaign=%7Bcampaignid%7D&hvadgroupid=%7Badgroupid%7D&hvprdptid=%7Bproduct_partition_id%7D&hvprdgrpid=%7Bpromoted_product_group_id%7D&hvcr=%7Bcreative_id%7D&hvadid=%7Badid%7D&hvprdid=%7Bproduct_id%7D&hvplc=%7Bplacement%7D&psc=1&tag=%7Bifnotmobile:ushpadpinde-20%7D%7Bifmobile:ushp,https://i.pinimg.com/originals/7d/9c/2b/7d9c2b5769c2e593169cc3fce8257f72.jpg,1065,1598,0,2026-04-19
2026-09-05,blusa cropped,AYKmV46A-doSBbNI8Vo0JRErWZLvAK_sis4ehLtilhdrPGIXU2hv5sgih1uX4c3xn7hQ2QuztyjsHpcrnW3kGhE,6,0,0,Women's Elegant,us.shein.com,https://us.shein.com/ark/default?scene=1&test=5051&ad_type=DPA&goods_id=369823926&pf=PINTEREST&url_from=PINADSDPA&ismg=399b62a8068f29184767dfb03d32632a83b8aee0fee634ed010eefc12977bb5e_01_1788542350,https://i.pinimg.com/originals/57/27/cb/5727cb543b948e1a857e31f0cb3a47ed.jpg,1065,1598,0,2026-08-14
2026-09-05,blusa cropped,19562579627057381,7,784,0,Cropped com amarração,,,https://i.pinimg.com/originals/39/7f/69/397f6976af04d8dfebff14457fe6a956.jpg,1200,1360,0,2026-07-10
2026-09-05,blusa cropped,1065382855651421414,8,3,0,Blusinha Cropped Borboleta 🩷,s.shopee.com.br,https://s.shopee.com.br/40foHGpXRO?channel_type=pinterest,https://i.pinimg.com/originals/11/6a/7c/116a7cbabaf6ad801fd0223a3bdf17e3.jpg,672,1195,0,2026-08-17
2026-09-05,blusa cropped,AVGmuxrlsjvFfQdwbxf4Qtf2Iey97GqzJUaj4iitgGk6ei1PLdxY5gvuQHsZgYDprixGHQIxouyqMjYzC7i5VsU,9,23,0,GORGLITTER Women's Floral,amazon.com,https://www.amazon.com/GORGLITTER-Womens-Strapless-Asymmetrical-Bandeau/dp/B0D1TX1C2N/ref=asc_df_B0D1TX1C2N?hvdev=%7Bdevice%7D&hvcampaign=%7Bcampaignid%7D&hvadgroupid=%7Badgroupid%7D&hvprdptid=%7Bproduct_partition_id%7D&hvprdgrpid=%7Bpromoted_product_group_id%7D&hvcr=%7Bcreative_id%7D&hvadid=%7Badid%7D&hvprdid=%7Bproduct_id%7D&hvplc=%7Bplacement%7D&psc=1&tag=%7Bifnotmobile:ushpadpinde-20%7D%7Bifmo,https://i.pinimg.com/originals/91/74/97/9174976443c5967f3fd9594ef227789e.jpg,1248,1824,0,2026-04-11
2026-09-05,blusa cropped,ASc9odBJ5WxBMXRSBSLbwd8H8gPgTOc8UPqJ0HJC33ZMPf1ZZ6V3yG0OUYdIRZ5X5Dy2himreJgA_wrVkPoo5UM,10,1,0,Temu | Women' Blazer,temu.com,https://www.temu.com/ul/kuiper/un3.html?subj=dpa-un&_bg_fs=1&_p_jump_id=1082&_x_vst_scene=adg&goods_id=605645969420123&adg_ctx=a-b66d5999~c-e999ee5d&_p_rfs=1&_x_ads_channel=pinterest&_x_ads_creative_id=%7Bproduct_partition_id%7D&_x_ads_id=%7Badgroupid%7D&_x_ads_set=%7Bcampaignid%7D&_x_ads_sub_channel=shopping&_x_ns_catalog_id=1567707391772&_x_ns_creative=%7Badid%7D&_x_ns_gid=605645969420123&_x_ns_,https://i.pinimg.com/originals/54/81/2c/54812c76f6ed038fc6024b13cffd1baf.jpg,2000,3000,0,2026-07-01
2026-09-05,blusa cropped,443252788351281742,11,164,0,,,,https://i.pinimg.com/originals/8a/86/a7/8a86a7d2e2bdfbb8f5ca4d4a73314cf3.jpg,675,1200,0,2026-08-13
2026-09-05,blusa cropped,AVeGKFVoegucgF7HNc8ljYkoEzbOptF64yylM-3A_ad9_WwPK4zAuTCG5Qbza1lgS4QZ35c2A-hdKHiLTQpsOC4,12,6,0,SOLY HUX Women's Halter,amazon.com,https://www.amazon.com/SOLY-HUX-Sleeveless-Backless-Outfits/dp/B0DSDMP382/ref=asc_df_B0DSDMP382?hvdev=%7Bdevice%7D&hvcampaign=%7Bcampaignid%7D&hvadgroupid=%7Badgroupid%7D&hvprdptid=%7Bproduct_partition_id%7D&hvprdgrpid=%7Bpromoted_product_group_id%7D&hvcr=%7Bcreative_id%7D&hvadid=%7Badid%7D&hvprdid=%7Bproduct_id%7D&hvplc=%7Bplacement%7D&psc=1&tag=%7Bifnotmobile:ushpadpinde-20%7D%7Bifmobile:ushpadp,https://i.pinimg.com/originals/35/02/7c/35027cc398c274e2c9cfad32931f6f85.jpg,1065,1598,0,2026-08-01
2026-09-05,blusa cropped,5911043262995431,13,750,0,,,,https://i.pinimg.com/originals/b1/e7/bf/b1e7bf763e3d36190ea2d032afb6c9a9.jpg,1179,1560,0,2026-08-18
2026-09-05,blusa cropped,67765169390192527,14,254,0,White Halter Neck Top Outfit | Minimal Aesthetic Summer Look for Women,,,https://i.pinimg.com/originals/40/61/3c/40613cc129f3cdef815657cdd1b60d7a.jpg,768,1344,0,2026-07-30
2026-09-05,blusa cropped,AfAV1IwYb4DZfU3MwEpHE76zMQBa1UqEP0NoyxEh4BbuD9Iq5cWKKjhzm_mklIsyZer_hftZt3iKr2gClOoTnxo,15,21,0,Verdusa Women's Going Out,amazon.com,https://www.amazon.com/Verdusa-Womens-Sleeveless-Halter-Maroon/dp/B0CQY8YXLJ/ref=asc_df_B0CQY8YXLJ?hvdev=%7Bdevice%7D&hvcampaign=%7Bcampaignid%7D&hvadgroupid=%7Badgroupid%7D&hvprdptid=%7Bproduct_partition_id%7D&hvprdgrpid=%7Bpromoted_product_group_id%7D&hvcr=%7Bcreative_id%7D&hvadid=%7Badid%7D&hvprdid=%7Bproduct_id%7D&hvplc=%7Bplacement%7D&psc=1&tag=%7Bifnotmobile:ushpadpinde-20%7D%7Bifmobile:ushp,https://i.pinimg.com/originals/78/75/b3/7875b3f4b77cb4197e06caf35dd830bf.jpg,1248,1824,0,2026-05-19
2026-09-05,blusa cropped,705235622946276368,16,1,0,Alerta de tendência! Blusa Batinha Cropped super fofa e feminina,vt.tiktok.com,https://vt.tiktok.com/ZS9km8A9WoJte-UDK3w/,https://i.pinimg.com/originals/1c/6d/f7/1c6df7ff02723412f5062a760f2504f2.jpg,1080,1920,0,2026-08-24
2026-09-05,blusa cropped,Ae7IgQX0zhkhcP-37ihcCfqGGoBbBPjKIXxgGYIc58FPeLe0ZUeezINr-vfiHxdKGeVrpYnIRpwufRH9rcz70pk,17,1,0,Temu | 's Women's Fashion,temu.com,https://www.temu.com/ul/kuiper/un3.html?subj=dpa-un&_bg_fs=1&_p_jump_id=1082&_x_vst_scene=adg&goods_id=601099705288856&adg_ctx=a-75b67671~c-c604f832&_p_rfs=1&_x_ads_channel=pinterest&_x_ads_creative_id=%7Bproduct_partition_id%7D&_x_ads_id=%7Badgroupid%7D&_x_ads_set=%7Bcampaignid%7D&_x_ads_sub_channel=shopping&_x_ns_catalog_id=1567707391772&_x_ns_creative=%7Badid%7D&_x_ns_gid=601099705288856&_x_ns_,https://i.pinimg.com/originals/86/f2/32/86f232d37cd3b0843b0d2edec8647564.jpg,2000,3000,0,2026-06-05
2026-09-05,blusa cropped,4599441980334371712,18,0,0,"Top Cropped Sexy Vermelha Y2K com Decote em Forma de U, Regata, Estilo Simples de Cor Sólida",br.shein.com,https://br.shein.com/ark/default?scene=1&test=5051&ad_type=DPA&goods_id=45182728&pf=PINTEREST&link_type=link&url_from=PINADSDPA&ismg=bb7c53cec22c47824cbb5cbe7d70811129e0594fad83fab1c6f4da8b1c2d8fa2_01_1788544227,https://i.pinimg.com/originals/a7/00/fc/a700fc0ae2e5ac0a080e3d2cf2d288e5.jpg,1340,1785,0,2026-08-23
2026-09-05,blusa cropped,AX9p8hZqM6uWa24CyaABovjtuBdnjYqbdLsOkUGPrZIJdQJG-ffDD5-2MNdosstAXJHoEaUu4yP3Jqw9gz_tTko,19,40,0,Milumia Women Cowl Neck,amazon.com,https://www.amazon.com/Milumia-Ruched-Halter-Backless-Sleeveless/dp/B0F16NDR21/ref=asc_df_B0F16NDR21?hvdev=%7Bdevice%7D&hvcampaign=%7Bcampaignid%7D&hvadgroupid=%7Badgroupid%7D&hvprdptid=%7Bproduct_partition_id%7D&hvprdgrpid=%7Bpromoted_product_group_id%7D&hvcr=%7Bcreative_id%7D&hvadid=%7Badid%7D&hvprdid=%7Bproduct_id%7D&hvplc=%7Bplacement%7D&psc=1&tag=%7Bifnotmobile:ushpadpinde-20%7D%7Bifmobile:us,https://i.pinimg.com/originals/63/27/23/632723d54ad665ffa18757d4a353ab7b.jpg,1065,1598,0,2026-03-25
2026-09-05,blusa cropped,437130707607901888,20,185,0,🖤 Black Off-Shoulder Crop Top | Gen Z Aesthetic Outfit,,,https://i.pinimg.com/originals/2d/8b/3c/2d8b3c63e60855d9fefa0049d32d9bf3.png,1198,1313,0,2026-08-04
2026-09-05,blusa cropped,993606736523931724,21,130,0,,br.shein.com,https://br.shein.com/SHEIN-MOD-Plants-Print-Crop-Blouse-p-10900999-cat-1733.html?mallCode=1,https://i.pinimg.com/originals/62/2e/df/622edfb54cdbac5b7bb5414422292955.jpg,1340,1785,0,2023-11-09
2026-09-05,blusa cropped,68328119342355349,22,315,0,,,,https://i.pinimg.com/originals/78/0d/68/780d68152e4feaa701326aea0a5c65ba.jpg,736,980,0,2026-02-08
2026-09-05,blusa cropped,AU8BCDqc5fgU6WJsOdox-zDkxVtuNLEnFPtU76vf6U2y_r_-vqDjygOAcj9h-Mq9gj8qoiBxj4GTHn8Qu_vVDMs,23,1,0,Mizoci Women's Sexy Low,amazon.com,https://www.amazon.com/Mizoci-Womens-Ruched-Sleeve-Medium/dp/B07VC3H2PT/ref=asc_df_B07VC3H2PT?hvdev=%7Bdevice%7D&hvcampaign=%7Bcampaignid%7D&hvadgroupid=%7Badgroupid%7D&hvprdptid=%7Bproduct_partition_id%7D&hvprdgrpid=%7Bpromoted_product_group_id%7D&hvcr=%7Bcreative_id%7D&hvadid=%7Badid%7D&hvprdid=%7Bproduct_id%7D&hvplc=%7Bplacement%7D&psc=1&tag=%7Bifnotmobile:ushpadpinde-20%7D%7Bifmobile:ushpadpin,https://i.pinimg.com/originals/0a/35/93/0a35932efff4e89584a1a7c1d3016ec4.jpg,1040,1560,0,2026-06-05
2026-09-05,blusa cropped,4598456792329225088,24,0,0,blusa cropped fk moda,br.shein.com,https://br.shein.com/ark/default?scene=1&test=5051&ad_type=DPA&goods_id=27535924&pf=PINTEREST&link_type=link&url_from=PINADSDPA&ismg=346e81f24a53482c7e8cc9ea47d4331e643e532a4a535b9948de05a3abdbf8a5_01_1788544247,https://i.pinimg.com/originals/a5/ce/7f/a5ce7fd887809094a30f35b7c6cdbfe4.jpg,2680,3568,0,2026-08-11
2026-09-05,blusa cropped,AS7Ag4Drh25rphbx3mD3ipMF7l2E9b8r9INkSAnFxINwF65VlaQS8DFN8ZB2hKIlouihWnX9GZelgHSszIIut7I,25,4,0,MIRACMODA Womens Elegant,amazon.com,https://www.amazon.com/MIRACMODA-Elegant-Shoulder-Blouses-Pleated/dp/B095JXZDN7/ref=asc_df_B095JXZDN7?hvdev=%7Bdevice%7D&hvcampaign=%7Bcampaignid%7D&hvadgroupid=%7Badgroupid%7D&hvprdptid=%7Bproduct_partition_id%7D&hvprdgrpid=%7Bpromoted_product_group_id%7D&hvcr=%7Bcreative_id%7D&hvadid=%7Badid%7D&hvprdid=%7Bproduct_id%7D&hvplc=%7Bplacement%7D&psc=1&tag=%7Bifnotmobile:ushpadpinde-20%7D%7Bifmobile:u,https://i.pinimg.com/originals/de/78/25/de7825fac1f0b8397bad3aeb43157915.jpg,1300,1600,0,2026-05-23
2026-09-05,blusa cropped,837036280788671784,26,7,0,Blusa Cropped Duna com Babados e Amarração nas Costas – Elegante e Feminina💫,aiboosterhub.com,https://aiboosterhub.com/ledssDvm73085repinter,https://i.pinimg.com/originals/04/73/cd/0473cd03fcb1c52ff60513bcec013bd0.jpg,1080,1925,0,2026-08-24
2026-09-05,blusa cropped,11822017768286516,27,264,0,,,,https://i.pinimg.com/originals/19/1f/51/191f517d528d96f25b18306956b2c1c3.jpg,1024,1024,0,2026-05-09
2026-09-05,blusa cropped,AfNGBbF3cGZD2XUvPh7YwoiZ3p7DxsJkWXWImtLRt33dBRGweXLeMYfg9Mm3cDLik66BEKfBwQv1Pp4U2L522co,28,1,0,Temu | Nueva Pajarita,temu.com,https://www.temu.com/ul/kuiper/un3.html?subj=dpa-un&_bg_fs=1&_p_jump_id=1082&_x_vst_scene=adg&goods_id=606236309309645&adg_ctx=a-86351b75~c-b523e3aa&_p_rfs=1&_x_ads_channel=pinterest&_x_ads_creative_id=%7Bproduct_partition_id%7D&_x_ads_id=%7Badgroupid%7D&_x_ads_set=%7Bcampaignid%7D&_x_ads_sub_channel=shopping&_x_ns_catalog_id=1580405374697&_x_ns_creative=%7Badid%7D&_x_ns_gid=606236309309645&_x_ns_,https://i.pinimg.com/originals/2b/20/76/2b2076115d9a6b395b1190f60034873b.jpg,2000,3000,0,2026-06-14
2026-09-05,blusa cropped,649081365066652053,29,4360,0,,,,https://i.pinimg.com/originals/77/0c/54/770c543fe1af2ae35c63434484bc5ab7.jpg,639,1200,0,2023-04-12
2026-09-05,blusa cropped,462181980533689940,30,31,0,,,,https://i.pinimg.com/originals/7b/ef/c9/7befc912ddd074ef11eb48e8820c36ec.jpg,736,980,0,2024-06-22
2026-09-05,blusa cropped,AbVC9oxBnE7bSj6pQ17l1sJ9KwG7kn-AWGFFzI8Z3dtvMBkMpTU2mtY0UNIAraINAfpGxU4GcrsvoVi1f961IAg,31,8,0,GORGLITTER Women's Bell,amazon.com,https://www.amazon.com/GORGLITTER-Womens-Shoulder-Sleeve-Ruched/dp/B0CXSDPC7G/ref=asc_df_B0CXSDPC7G?hvdev=%7Bdevice%7D&hvcampaign=%7Bcampaignid%7D&hvadgroupid=%7Badgroupid%7D&hvprdptid=%7Bproduct_partition_id%7D&hvprdgrpid=%7Bpromoted_product_group_id%7D&hvcr=%7Bcreative_id%7D&hvadid=%7Badid%7D&hvprdid=%7Bproduct_id%7D&hvplc=%7Bplacement%7D&psc=1&tag=%7Bifnotmobile:ushpadpinde-20%7D%7Bifmobile:ush,https://i.pinimg.com/originals/75/b3/23/75b32337e7106ec304ec9fec5c304927.jpg,1065,1598,0,2026-04-21
2026-09-05,blusa cropped,4597823485946915712,32,0,0,Cropped Feminino Top Blusinha Alça Grossa Decote Quadrado Recorte Barriga,br.shein.com,https://br.shein.com/ark/default?scene=1&test=5051&ad_type=DPA&goods_id=540911196&pf=PINTEREST&link_type=link&url_from=PINADSDPA&ismg=0d33a7457f8ee0d9de533d0202c42959e03e0eb26b6f10be4b9b0a0b965adc68_01_1788544228,https://i.pinimg.com/originals/76/27/fa/7627fa5cb5c9e50fbf53d2e688cead9d.jpg,1340,1785,0,2026-08-29
2026-09-05,blusa cropped,AfBzjJ1fHArAnbj0BwYgrU1o9Wftpy_CjtePU9--ad_Pnw_5_-bFnHqTRCHW8UlUAZkZz0dZAOJpS2cUEjvAz4s,33,2,0,SHENHE Women's Crochet,amazon.com,https://www.amazon.com/SHENHE-Knitted-Backless-Embroidered-X-Large/dp/B0F6T42GJW/ref=asc_df_B0F6T42GJW?hvdev=%7Bdevice%7D&hvcampaign=%7Bcampaignid%7D&hvadgroupid=%7Badgroupid%7D&hvprdptid=%7Bproduct_partition_id%7D&hvprdgrpid=%7Bpromoted_product_group_id%7D&hvcr=%7Bcreative_id%7D&hvadid=%7Badid%7D&hvprdid=%7Bproduct_id%7D&hvplc=%7Bplacement%7D&psc=1&tag=%7Bifnotmobile:ushpadpinde-20%7D%7Bifmobile:,https://i.pinimg.com/originals/9c/74/f9/9c74f924b1aaaf1d810eec1fb4101bf7.jpg,1248,1824,0,2026-04-11
2026-09-05,blusa cropped,24347654232299114,34,2029,0,,,,https://i.pinimg.com/originals/57/f3/b9/57f3b9464695de9d9f1dd5cc33c4095b.jpg,736,981,0,2026-06-01
2026-09-05,blusa cropped,4599230855644757376,35,0,0,BLUSA CROPPED FEMININA TRANSPASSADO MANGA BUFANTE LISTRADO ELEGANTE,br.shein.com,https://br.shein.com/ark/default?scene=1&test=5051&ad_type=DPA&goods_id=506481215&pf=PINTEREST&link_type=link&url_from=PINADSDPA&ismg=ce414f026c70a06b9ddd1faa16130feb36285942f2f736bf43217aef428f9d05_01_1788544357,https://i.pinimg.com/originals/91/0b/77/910b77240db0d6409d463215b1120158.jpg,1340,1785,0,2026-08-08
2026-09-05,blusa cropped,370350769381586778,36,524,0,,,,https://i.pinimg.com/originals/63/b6/86/63b686e63de14687cfbedc18a52e6eb7.jpg,1170,1517,0,2026-06-30
2026-09-05,blusa cropped,23010648089355701,37,521,0,,,,https://i.pinimg.com/originals/e8/ca/9c/e8ca9c5fb79ef3a5c45230756e27d233.jpg,736,980,0,2023-01-04
2026-09-05,blusa cropped,371124825567499687,38,171,0,,,,https://i.pinimg.com/originals/6e/81/ce/6e81ce53177ce3ea6073448d07442d5b.jpg,1080,1586,0,2026-08-24
2026-09-05,blusa cropped,ATfl6R2eLg-uknqmoYHsqaXfkuF0KHKdVjgoCz0HO2VyDf9cva1KlmlU11KlMskEC5DNWO7-rnCYicN5R-3HToc,39,1,0,Temu | Women's Ethnic,temu.com,https://www.temu.com/ul/kuiper/un3.html?subj=dpa-un&_bg_fs=1&_p_jump_id=1082&_x_vst_scene=adg&goods_id=601100407983691&adg_ctx=a-2feab413~c-9aef7eb2&_p_rfs=1&_x_ads_channel=pinterest&_x_ads_creative_id=%7Bproduct_partition_id%7D&_x_ads_id=%7Badgroupid%7D&_x_ads_set=%7Bcampaignid%7D&_x_ads_sub_channel=shopping&_x_ns_catalog_id=1567707391772&_x_ns_creative=%7Badid%7D&_x_ns_gid=601100407983691&_x_ns_,https://i.pinimg.com/originals/e0/53/43/e05343dfa935c671c3392e9e7a39b08b.jpg,2000,3000,0,2026-07-31
2026-09-05,blusa cropped,61854194877252501,40,1274,0,,,,https://i.pinimg.com/originals/31/dc/f8/31dcf8921240161e1d0edc703985e064.jpg,474,711,0,2025-10-15
2026-09-05,blusa cropped,4606267736262608768,41,1,0,Cropped Ciganinha Tomara Que Caia Moda Blogueirinha Lastex Franzido,br.shein.com,https://br.shein.com/ark/default?scene=1&test=5051&ad_type=DPA&goods_id=533387283&pf=PINTEREST&link_type=link&url_from=PINADSDPA&ismg=3ff424eed38eaa91f3b501fc51dba6fc9b42d7a5141f4fca18baa41f2b1bfe50_01_1788544183,https://i.pinimg.com/originals/67/3c/1e/673c1ece2d4bea23be3154fa08f254c3.jpg,1086,1448,0,2026-07-30
2026-09-05,blusa cropped,660551470394310240,42,855,0,Camiseta Cropped,onelink.shein.com,https://onelink.shein.com/38/5smjc9h6kr33,https://i.pinimg.com/originals/55/29/30/552930940723357de7e82a72ffd05012.jpg,1340,1785,0,2026-06-14
2026-09-05,blusa cropped,AQxs_mMFLpM3G0-6GYGuZI0Kp9JgH6_fpjvXAPG3_eSKC5QMx_iJyUD5JtnQDaHerTeVO8Pg8WbptjdcZlZ4M7M,43,1,0,WDIRARA Women's Leopard,amazon.com,https://www.amazon.com/WDIRARA-Leopard-Sleeveless-Multicolor-X-Large/dp/B0D7YTYC9L/ref=asc_df_B0D7YTYC9L?hvdev=%7Bdevice%7D&hvcampaign=%7Bcampaignid%7D&hvadgroupid=%7Badgroupid%7D&hvprdptid=%7Bproduct_partition_id%7D&hvprdgrpid=%7Bpromoted_product_group_id%7D&hvcr=%7Bcreative_id%7D&hvadid=%7Badid%7D&hvprdid=%7Bproduct_id%7D&hvplc=%7Bplacement%7D&psc=1&tag=%7Bifnotmobile:ushpadpinde-20%7D%7Bifmobil,https://i.pinimg.com/originals/ed/6d/0c/ed6d0c429478385d5292d4df0d65ab9e.jpg,1248,1824,0,2026-06-11
2026-09-05,blusa cropped,AT1ESRZ2tKl27ssq8Z3s4lEH517q_nqokzN3U-2Yfacw2y5qdbBx13UR3oN7ZQk1c_v1gs1Nzg1ovZq7DaX1_wY,44,0,0,Temu | Women's Soft,temu.com,https://www.temu.com/ul/kuiper/un3.html?subj=dpa-un&_bg_fs=1&_p_jump_id=1082&_x_vst_scene=adg&goods_id=606152892987803&adg_ctx=a-d4d7716c~c-db1197ba&_p_rfs=1&_x_ads_channel=pinterest&_x_ads_creative_id=%7Bproduct_partition_id%7D&_x_ads_id=%7Badgroupid%7D&_x_ads_set=%7Bcampaignid%7D&_x_ads_sub_channel=shopping&_x_ns_catalog_id=1567707391772&_x_ns_creative=%7Badid%7D&_x_ns_gid=606152892987803&_x_ns_,https://i.pinimg.com/originals/77/63/2d/77632d3bdc36254c1e87cfd1d7eed8a6.jpg,1350,1350,0,2026-08-18
2026-09-05,blusa cropped,4604719607118356544,45,2,0,Blusa Cropped My Favorite Things Mangas Bufantes Xadrez Bege,dafiti.com.br,https://www.dafiti.com.br/Blusa-Cropped-My-Favorite-Things-Mangas-Bufantes-Xadrez-Bege-10853889.html,https://i.pinimg.com/originals/10/62/a9/1062a96cf50149b8e6ac6534cbba8611.jpg,1104,1600,0,2026-08-29
2026-09-05,blusa cropped,4594164334969541504,46,0,0,CROPPED VEIGA,saraastore.com.br,https://www.saraastore.com.br/produtos/cropped-veiga/,https://i.pinimg.com/originals/ee/e6/9b/eee69bb751c44306954f6e60c62ea6f8.webp,974,1364,0,2026-08-25
2026-09-05,blusa cropped,3096293489984957,47,1534,0,,,,https://i.pinimg.com/originals/32/03/66/32036639f5f28244e4a9892edde32191.jpg,454,765,0,2025-01-18
2026-09-05,blusa cropped,96968198220394251,48,387,0,,,,https://i.pinimg.com/originals/8f/94/17/8f94179a98921181e514ac4d318955b7.jpg,736,980,0,2024-03-05
2026-09-05,blusa cropped,878483471114696706,49,48,0,🖤Black Off-Shoulder Bow Top 🖤,link.amazon,https://link.amazon/B07766dVF,https://i.pinimg.com/originals/71/a4/2f/71a42f9153b745b57d65a23b2d844248.jpg,1536,1920,0,2026-08-23
2026-09-05,blusa cropped,AYK0yL5qiB5IG4aBRSmPCkT5_RkRwAfCiihn2o1myrRDVT5LBVrzdGoMe68y635FBeTZfSQTLgEwDrYZgf91ltQ,50,1,0,Temu | Elegant Special,temu.com,https://www.temu.com/ul/kuiper/un3.html?subj=dpa-un&_bg_fs=1&_p_jump_id=1082&_x_vst_scene=adg&goods_id=606002233636463&adg_ctx=a-7e815341~c-f7f2a4c4&_p_rfs=1&_x_ads_channel=pinterest&_x_ads_creative_id=%7Bproduct_partition_id%7D&_x_ads_id=%7Badgroupid%7D&_x_ads_set=%7Bcampaignid%7D&_x_ads_sub_channel=shopping&_x_ns_catalog_id=1567707391772&_x_ns_creative=%7Badid%7D&_x_ns_gid=606002233636463&_x_ns_,https://i.pinimg.com/originals/18/ea/2c/18ea2ceccfe1fb9290f1e0e1f6f8d64e.jpg,2000,3000,0,2026-06-30
2026-09-05,blusa cropped,AUte965mpnV60ZPm3NVlDue9FHCIFZWefYx69aIguvJ83PnArtBa4SKfwFVrLzDqQtU0yZ94mXfinEl0UK2rpbM,51,1,0,Temu | Women's Elegant,temu.com,https://www.temu.com/ul/kuiper/un3.html?subj=dpa-un&_bg_fs=1&_p_jump_id=1082&_x_vst_scene=adg&goods_id=601100587345147&adg_ctx=a-92475eae~c-81866afc&_p_rfs=1&_x_ads_channel=pinterest&_x_ads_creative_id=%7Bproduct_partition_id%7D&_x_ads_id=%7Badgroupid%7D&_x_ads_set=%7Bcampaignid%7D&_x_ads_sub_channel=shopping&_x_ns_catalog_id=1567707391772&_x_ns_creative=%7Badid%7D&_x_ns_product_id=17596479144376&,https://i.pinimg.com/originals/53/b8/34/53b834ddca4d3238076d36eabf236873.jpg,2000,3000,0,2026-06-29
2026-09-05,blusa cropped,604749056247737344,52,159,0,off shoulders crop top5,,,https://i.pinimg.com/originals/b8/b4/1d/b8b41d5eba3417f6674129421063a4e0.jpg,736,980,0,2024-10-22
2026-09-05,blusa cropped,ATG9Ug8tXq2ijOkWiz4wBagsFN66Mgn3qKBGzI_Js79HmZRMtlNZ3jgfudFXW4RGAMvrKyxR17VaeMG19cbXX1A,53,3,0,Old Navy Women's The,oldnavy.gap.com,https://oldnavy.gap.com/browse/product.do?pid=897566002&vid=1,https://i.pinimg.com/originals/b2/4d/91/b24d91fe9e407a929f46b0ce59e2e482.jpg,1500,2000,0,2026-04-25
2026-09-05,blusa cropped,821344050819739439,54,3,0,yiang blusa cropped com bojo e atras com amarrar tecido duna,m.shein.com,https://m.shein.com/br/Women-Tops-p-21097724-cat-2214.html?utm_source=pinterest.com&utm_medium=cpc&utm_campaign=mbrpin_dpa_women_sz2308082966120747&url_from=mbrpin_dpa_women_sz2308082966120747,https://i.pinimg.com/originals/55/87/96/55879640d164f893d583be588c8b9d0b.jpg,564,751,0,2023-11-19
2026-09-05,blusa cropped,AdebDKzdf9iJ5aP38wL9hyHGcq7m5_0Kn5AWPuLhHxllByHrwlLa70sSClzImG5ZOxSmqv6ooZ1xp-EAsBcabxA,55,0,0,Temu | Top Corto con,temu.com,https://www.temu.com/ul/kuiper/un3.html?subj=dpa-un&_bg_fs=1&_p_jump_id=1082&_x_vst_scene=adg&goods_id=601103257235891&adg_ctx=a-ee6b689b~c-cdd9c04f&_p_rfs=1&_x_ads_channel=pinterest&_x_ads_creative_id=%7Bproduct_partition_id%7D&_x_ads_id=%7Badgroupid%7D&_x_ads_set=%7Bcampaignid%7D&_x_ads_sub_channel=shopping&_x_ns_catalog_id=1580405374697&_x_ns_creative=%7Badid%7D&_x_ns_gid=601103257235891&_x_ns_,https://i.pinimg.com/originals/0d/7e/28/0d7e2859f6addeadcaa60dd1dda1ae76.jpg,2000,3000,0,2026-08-10
2026-09-05,blusa cropped,4595008750478690944,56,0,0,"Top Casual Curta com Mangas Bufantes e Amarração Atrás, na Cor Sólida",br.shein.com,https://br.shein.com/ark/default?scene=1&test=5051&ad_type=DPA&goods_id=38982016&pf=PINTEREST&link_type=link&url_from=PINADSDPA&ismg=7f05e8f86e8fa021722ae0cb9d8c3a4d83c64c5f42cbefe15a5bba85ed4c571f_01_1788544254,https://i.pinimg.com/originals/f9/29/46/f92946661d462fddfaf3b6d3d3ab010e.jpg,1340,1785,0,2026-05-15
2026-09-05,blusa cropped,AcZh0pQwKqzNKvgcCL4K5kLo3-QNkEsP-kyqejZFmxd4HgncDtQi9PaoJkbn1aO7Sv8e7WfSNrikgaMUt0IYVXQ,57,1148,0,Stylish Going Out Outfits,amzlink.to,https://amzlink.to/az0sMRyAHOgsO,https://i.pinimg.com/originals/43/c3/e5/43c3e5d130a09b724c15fe5ea135d51e.png,1000,1500,0,2025-08-05
2026-09-05,blusa cropped,AcwxZoOdP5C3F1jM5CqFkR5bTi4x_qhkxvicQzN_dlp3MY6L2IJxv-G-mgDWGaOgxtlPeMptvMmP8tSLWG5qG0c,58,2,0,the only going out outfit i need ♥︎,instagram.com,https://www.instagram.com/reel/Db9G7HLs3sL/,https://i.pinimg.com/originals/8c/95/ea/8c95ea6c879325e6c2e890579b8c9338.jpg,720,1280,1,2026-08-13
2026-09-05,blusa cropped,625015254572731197,59,80,0,,,,https://i.pinimg.com/originals/c3/33/8b/c3338b9b71ad61289245e270b4eb953f.jpg,736,981,0,2025-05-04
2026-09-05,blusa cropped,921126930005137749,60,18,0,Outfit,,,https://i.pinimg.com/originals/18/ec/50/18ec5027aad97fbf4a98a879dc3f8ca9.jpg,564,705,0,2021-03-10
2026-09-05,blusa cropped,4600849316431873408,61,4,0,Cropped Feminino California Estampado Blusinha Top Manga Curta T-shirt Gola Redonda Lançamento,br.shein.com,https://br.shein.com/ark/default?scene=1&test=5051&ad_type=DPA&goods_id=480777943&pf=PINTEREST&link_type=link&url_from=PINADSDPA&ismg=0ecb95cd8751fcf05cff89853168c29fe799c07443d4233cc169de6e49b3844c_01_1788544254,https://i.pinimg.com/originals/af/80/d1/af80d15487c885e0fdc76e3837377585.jpg,1500,2000,0,2026-06-09
2026-09-05,blusa cropped,932456297874636503,62,38,0,Programa de afiliados SHEIN,onelink.shein.com,https://onelink.shein.com/3/3xx1avb8wzsk,https://i.pinimg.com/originals/0d/d5/65/0dd56535028b3e677821ee90dec33bbd.jpg,405,539,0,2026-06-15
2026-09-05,blusa cropped,106679084920497630,63,586,0,,,,https://i.pinimg.com/originals/96/fd/b4/96fdb4c290345946e414a5875655d5be.jpg,740,1180,0,2026-08-22
2026-09-05,blusa cropped,1092193347146203367,64,3,0,✨|Cropped ombro único!,onelink.shein.com,https://onelink.shein.com/24/5blvilava8f3,https://i.pinimg.com/originals/20/48/b5/2048b50f14fecb963bf622c065859f64.jpg,405,539,0,2025-12-28
2026-09-05,blusa cropped,571394271953477522,65,25,0,Top cropped feminina com bojo,br.shein.com,https://br.shein.com/ark/default?scene=1&test=5051&ad_type=DPA&goods_id=41347510&pf=PINTEREST&link_type=link&url_from=PINADSDPA&ismg=c84fc7c98334476e2058a009bba5d28144e1187c5009926e6b980af2088dd8ce_01_1788544242,https://i.pinimg.com/originals/f0/b8/41/f0b8411df5d40dd54a10bd801c23e333.jpg,1340,1785,0,2024-11-18
2026-09-05,blusa cropped,1152569729668617731,66,1,0,Blusa croped Multiformas,s.shopee.com.br,https://s.shopee.com.br/20umdvh3J4?channel_type=pinterest,https://i.pinimg.com/originals/00/8b/d3/008bd3f5df68bcaff5c6a651cfa96840.jpg,736,981,0,2026-08-19
2026-09-05,blusa cropped,4608800983209331840,67,2,0,"Top Feminina de Alça com Adorno de Flor 3D, Top Floral",br.shein.com,https://br.shein.com/ark/default?scene=1&test=5051&ad_type=DPA&goods_id=28152341&pf=PINTEREST&link_type=link&url_from=PINADSDPA&ismg=b5f68653431548b7ed2ba4757746a15fbbcbfad7618f38e9542f6a14ad22b6c0_01_1788544228,https://i.pinimg.com/originals/74/c0/66/74c066db0578da87e7b1dc48b75f76c7.jpg,1340,1785,0,2026-02-08
2026-09-05,blusa cropped,143833781847795703,68,763,0,,,,https://i.pinimg.com/originals/f6/b8/ca/f6b8ca69eba085fa4468c40a4c04a73b.jpg,1168,1752,0,2026-05-11
2026-09-05,blusa cropped,675328906654703879,69,591,0,WDIRARA Women's Floral Printed Wrap Blouses V Neck Tie Front Short Sleeve Casual Boho Crop Tops Orange Small at Amazon Women’s Clothing store,amazon.com,https://www.amazon.com/WDIRARA-Womens-Floral-Printed-Blouses/dp/B0CQ6VDCKP/ref=sr_1_192?crid=175895VPHN3ML&dib=eyJ2IjoiMSJ9.alWfNJnZvS7Ve1Rjyh3YETTZW3up_m-A-pnaLjB1Ew2FumPG3xnM0tdOb_yySnTMbU6jUkRS46wvMItcqCDUSiaMIdFY0DF8fL3AUpfHvHhCFp2ProBe7pzZDaIRABYYyx6nD431wcC2Ogs2cYiJhTVD3yPUvgLPGEFxPKtI7AKTymY5zaQ3dAs76Xv3yD9doZReAY8cwErZQsA-X2OjDTPRF_fdiRurkLG-vSGFVQJ8GF61_dP9MEPXjboW_MGVlS4x_ebw1T5aLYFpo27H,https://i.pinimg.com/originals/66/98/cf/6698cfc1354287dffcd603815d4aec77.jpg,474,631,0,2024-07-02
2026-09-05,blusa cropped,860961653804053509,70,6,0,Romântica e estilosa! 🌸 O cropped ciganinha é perfeito para criar looks leves e cheios de charme. Disponível em várias cores para você escolher e arrasar! Combine com seu jeans favorito e brilhe! ✨ #c,instagram.com,https://www.instagram.com/p/DJ7g_4DROtO/,https://i.pinimg.com/originals/63/21/f3/6321f3de99bae8cb1050af0bad23961a.jpg,1440,1799,0,2025-07-07
2026-09-05,blusa cropped,211174979226185,71,467,0,,shffls.com,https://www.shffls.com/shuffles/5428464691609400394,https://i.pinimg.com/originals/72/db/ce/72dbce2256b7594dc7f51a80072f318c.jpg,1080,1920,0,2026-03-25
2026-09-05,blusa cropped,993395630321622465,72,3,0,Top Corset,onelink.shein.com,https://onelink.shein.com/33/5k5rrz1wsidd,https://i.pinimg.com/originals/29/19/b7/2919b798035f96dd015421719dc601db.jpg,1340,1785,0,2026-03-23
2026-09-05,organizacao de geladeira,AVRylUoci9ZqiJLZwJaQydfNPpkE-cTbIdDMNEBB4-jlMKOMtlvKG3fvaFZSu4iSh3lPQW8XXlPMdPMVIg1g8oE,2,17,0,"I didn’t hate my fridge because it was messy. I hated it because it was inefficient. This setup fixed that. Clear zones. Easy access. No digging, no forgotten food in the back, and way less mental loa",instagram.com,https://www.instagram.com/reel/DTQF9BnEQ2a/,https://i.pinimg.com/originals/79/0e/8c/790e8ca3a435292800e288c2a0542035.jpg,1152,2048,1,2026-01-09
2026-09-05,organizacao de geladeira,ATHxTvmSS7vyNCI9Ap27EWS4Tl4l4IXLDjawOtorU8qowRa0iE0K9MWX1nApnJkb1P8_01ntuoiBywgDK8ioYmI,3,7,0,Refrigerator Organization,amzlink.to,https://amzlink.to/az0jpieIk2fBj,https://i.pinimg.com/originals/fd/93/da/fd93dadf1fddd987184d2de98ecb761a.png,1000,1500,0,2026-08-24
2026-09-05,organizacao de geladeira,Aa955oeWRgar4XLItpt5UIa2ezhzjXlh_F4c87mZMZAakF913VG6fQZf4485vUwz5XgKXzlR-jQ4uUqbuPKfvak,4,0,0,Zulay 4 Pack Clear,wayfair.com,https://www.wayfair.com/Zulay-Kitchen--Zulay-4-Pack-Clear-Refrigerator-Organizer-Bins-Xl-Fridge-Organizers-And-Storage-Clear-Ideal-Freezer-Organizer-Bins-Refrigerator-Storage-Containers-Kitchen-Cabinets-Pantry-Organization-ZRFTRB4PXL14.5N8.5N-L1223-K~IKSD1974.html,https://i.pinimg.com/originals/f3/4f/00/f34f00fb56d9d1eda9accaa217b1dba9.jpg,400,400,0,2026-08-04
2026-09-05,organizacao de geladeira,1009580441487974149,5,601,0,,,,https://i.pinimg.com/originals/34/b0/72/34b0725c4ca9bd92e99fa2422f4bb093.jpg,675,1200,0,2026-04-08
2026-09-05,organizacao de geladeira,1135610862317617946,6,2,0,Stylish Fridge Organization Ideas That Look Clean,,,https://i.pinimg.com/originals/bd/3b/e8/bd3be845029d4276ff9bbdbabf9df1bb.jpg,1024,1536,0,2026-08-24
2026-09-05,organizacao de geladeira,AfGe-WBV8iBmYR5swTxXNOQpRhpzE7WOY9p_xuhu_0pYv7arcFtSI8JXHOcatOuF0jfo9lNm7g8XSBO-aLZfs_o,7,2,0,Clear Plastic Pull-Out,homedepot.com,https://www.homedepot.com/p/Sorbus-Clear-Plastic-Pull-Out-Organizer-6-Pack-Stackable-Fridge-Drawers-Refrigerator-Organizer-Bins-Food-Storage-Containers-FR-PBME3-2PK/340115497?cm_mmc=psoc-pinprg-%7Bcampaignid%7D-%7Badgroupid%7D,https://i.pinimg.com/originals/b9/bc/ad/b9bcad6e5bdf39a31df6be763b105b35.jpg,1000,1000,0,2026-03-31
2026-09-05,organizacao de geladeira,AdFhz9bIByCk7JN9gPWwbR-6A8svKtF6UcPBdwCVOhHgr_TKk2p-9g2WFHcy2ZMR5cnuG-kfgZ5ZFdRmVOfzsms,8,0,0,KEMETHY 11 Pack,amazon.com,https://www.amazon.com/KEMETHY-Refrigerator-Organizers-Stackable-Containers/dp/B0DJR74QXF/ref=asc_df_B0DJR74QXF?hvdev=%7Bdevice%7D&hvcampaign=%7Bcampaignid%7D&hvadgroupid=%7Badgroupid%7D&hvprdptid=%7Bproduct_partition_id%7D&hvprdgrpid=%7Bpromoted_product_group_id%7D&hvcr=%7Bcreative_id%7D&hvadid=%7Badid%7D&hvprdid=%7Bproduct_id%7D&hvplc=%7Bplacement%7D&psc=1&tag=%7Bifnotmobile:ushpadpinde-20%7D%7B,https://i.pinimg.com/originals/fc/e3/ee/fce3eee73c06e6dc1ff8b3c254f23a5c.jpg,1200,1530,0,2026-06-04
2026-09-05,organizacao de geladeira,Ack0l2BTCuynlySZunqg0MWhAEMUSHaMcU3LoNxCMN3w0CotlmDVJ-PoYubMGHosDm8tvQjWksgy5NO6DBiHilM,9,2,0,1pc/2pcs/4pcs,us.shein.com,https://us.shein.com/ark/default?scene=1&test=5051&ad_type=DPA&goods_id=141129322&pf=PINTEREST&url_from=PINADSDPA&ismg=da708a17ae601738c8bf471dfd4c5bbf174217c44cadbab23f3c602741804003_01_1788542395,https://i.pinimg.com/originals/c7/37/c5/c737c5071889b73e3dede61b2300f11b.jpg,1340,1785,0,2026-07-10
2026-09-05,organizacao de geladeira,410320216076371510,10,3,0,Organização de geladeira com organizadores acrílicos para evitar bagunça,aiboosterhub.com,https://aiboosterhub.com/KzmXyyBz32096repinter,https://i.pinimg.com/originals/6c/19/7c/6c197ca0e5a8464485e1bf02ce63ee32.jpg,736,1310,0,2026-08-22
2026-09-05,organizacao de geladeira,24980972930537701,11,579,0,,,,https://i.pinimg.com/originals/a0/8d/ba/a08dba64e80c306d0a5d206925c50b55.jpg,1024,1536,0,2026-08-12
2026-09-05,organizacao de geladeira,AdAQ33mCtBa2HJLUHNUPet8GLBqBCPlL0EQEmAl81_PuhNGfEK007qw_GI6axXG5t0AVBg-PIhcZNdpwFzqpb6M,12,2,0,YekouMax Pantry,amazon.com,https://www.amazon.com/YekouMax-Organization-Refrigerator-Organizer-Containers/dp/B09XCNXM26/ref=asc_df_B09XCNXM26?hvdev=%7Bdevice%7D&hvcampaign=%7Bcampaignid%7D&hvadgroupid=%7Badgroupid%7D&hvprdptid=%7Bproduct_partition_id%7D&hvprdgrpid=%7Bpromoted_product_group_id%7D&hvcr=%7Bcreative_id%7D&hvadid=%7Badid%7D&hvprdid=%7Bproduct_id%7D&hvplc=%7Bplacement%7D&psc=1&tag=%7Bifnotmobile:ushpadpinde-20%7D,https://i.pinimg.com/originals/cc/00/31/cc003106e3cdded3d245dba3bc5a0fd2.jpg,500,500,0,2026-03-22
2026-09-05,organizacao de geladeira,1087689747523779165,13,2479,0,,,,https://i.pinimg.com/originals/25/57/f0/2557f00881c339cd15cd117033764936.jpg,736,1092,0,2026-02-10
2026-09-05,organizacao de geladeira,ARhTG6Ovqo5COQYjLGv1LzYY4vtGh1j6B_IXdGeBPVpkXsjUKLzb7VKl4F4hiuXMCIhh9PgSY3M88dCxny5ypI0,14,0,0,Greenby Refrigerator,amazon.com,https://www.amazon.com/Greenby-Refrigerator-Organizer-Bins-Pack/dp/B0FBFQNGGJ/ref=asc_df_B0FBFQNGGJ?hvdev=%7Bdevice%7D&hvcampaign=%7Bcampaignid%7D&hvadgroupid=%7Badgroupid%7D&hvprdptid=%7Bproduct_partition_id%7D&hvprdgrpid=%7Bpromoted_product_group_id%7D&hvcr=%7Bcreative_id%7D&hvadid=%7Badid%7D&hvprdid=%7Bproduct_id%7D&hvplc=%7Bplacement%7D&psc=1&tag=%7Bifnotmobile:ushpadpinde-20%7D%7Bifmobile:ush,https://i.pinimg.com/originals/b2/91/48/b2914839ac788886095278942b0f3e9a.jpg,1164,1200,0,2026-06-06
2026-09-05,organizacao de geladeira,2603712282988943,15,743,0,Healthy Fridge Reset Ideas for Weight Loss & Clean Eating 🫐🥣,,,https://i.pinimg.com/originals/5d/86/09/5d8609be3aa3a05e49a085ddfffd87aa.jpg,939,1678,0,2026-08-07
2026-09-05,organizacao de geladeira,32651166044981448,16,403,0,Refrigerator Organization Ideas 2026 | Fridge Organization & Storage,,,https://i.pinimg.com/originals/c2/37/ed/c237edb23575c61657ba8ae0dc57ac7a.jpg,935,1662,0,2026-08-26
2026-09-05,organizacao de geladeira,AW-JoFmr6SqsYZ73voKgHTKrk86n1ck4ch71h29U34NPXDluEE5QLX2_AdGiNlUzRodQ_fLPZDaq8hNFFsc1Lrw,17,38,0,Amazon Kitchen,amzlink.to,https://amzlink.to/az0qicnNPEmXi,https://i.pinimg.com/originals/b9/c2/1d/b9c21dee25d8f1f94aff46a72183e3ee.jpg,1080,1920,1,2026-07-19
2026-09-05,organizacao de geladeira,106679084920507691,18,292,0,Cajón de Verduras Organizado con Recipientes Transparentes,,,https://i.pinimg.com/originals/22/8a/58/228a584887d57ef894848cdc633cd5c3.jpg,1242,1869,0,2026-08-25
2026-09-05,organizacao de geladeira,5840674512338108,19,595,0,,,,https://i.pinimg.com/originals/b9/3c/98/b93c988c06ca1d4f2e88e6a2bf87beaa.jpg,736,1349,0,2026-06-29
2026-09-05,organizacao de geladeira,68750350718,20,2152,0,Fridge Organization Bins That Make Everything Easier to Find,amazon.com,https://www.amazon.com/dp/B0B9BDQTV9?tag=ordinly-20,https://i.pinimg.com/originals/d9/67/c2/d967c2ea97285f439a89c025d5f1d3e4.png,1000,1500,0,2026-08-24
2026-09-05,organizacao de geladeira,1077627017104024161,21,11319,0,,,,https://i.pinimg.com/originals/74/4b/c3/744bc314c461120898847f86355b698d.jpg,736,1104,0,2025-01-09
2026-09-05,organizacao de geladeira,AeId2IkR48_5yb2nrrrtCeR5YSZE0Pm_7I5SXIvF-bxo2WkQUn_f5IbRkaHkp-JmesfrTdPhgKOLnjPo99Tg6T4,22,1,0,3+3 FREE | FrigoBox –,maldaro.com,https://maldaro.com/products/frigobox?variant=52012826657096,https://i.pinimg.com/originals/a3/3c/85/a33c851a84caf37b62d55ad5f5aca6c4.png,800,800,0,2026-05-29
2026-09-05,organizacao de geladeira,ARGpR96jnsxjDpFbQGilKhjintjeJUftw5EtzK6bmnA7dFM-z24qr9F3bBW0OF06BLXq1lHmm2i1VtZXWd7dHoc,23,1,0,Expandable Fridge Storage,7catbox.com,https://7catbox.com/products/fridgex-expandable-fridge-storage-box?variant=52810942939454,https://i.pinimg.com/originals/50/16/9a/50169af12b35fcd231295de78142381f.jpg,800,800,0,2025-12-31
2026-09-05,organizacao de geladeira,642396334394127139,24,12,0,GELADEIRA ORGANIZADA,meli.la,https://meli.la/1ry4aid,https://i.pinimg.com/originals/55/59/78/555978ca37ff221dc50dabcbddd4a4f2.png,1024,1536,0,2026-06-19
2026-09-05,organizacao de geladeira,AXzqbxczQABgfAPplWqBecCx0Y-HK5VTae7s7qD1zLsgutl-E7tMphbu2Mq5RMPFpQH4Ttfl3Qemu-9Dxruc33g,25,1,0,Real Simple Green Produce,athome.com,https://www.athome.com/real-simple-green-produce-fridge-storage-with-date-marker-lid-5.1l/125025142.html,https://i.pinimg.com/originals/b5/68/cb/b568cbe8b958660982348acf68694d90.jpg,1000,1500,0,2026-07-22
2026-09-05,organizacao de geladeira,907405024949313523,26,27,0,Refrigerator Organization Ideas for a Clean & Organized Fridge,amzn.to,https://amzn.to/45jjEOH,https://i.pinimg.com/originals/32/e6/a2/32e6a2c92b355dd4dcb9d50aca950581.jpg,768,1365,0,2026-08-24
2026-09-05,organizacao de geladeira,AS3P88rGBR6C7A3z1y6lSbHSbw2RESbQnd4LjDATEMpmDPmmp9a88ZuKCVcpF-7GubyLCaxTXwXMAy86QwThKHo,27,1,0,Adjustable Snap-Close,temu.com,https://www.temu.com/ul/kuiper/un3.html?subj=dpa-un&_bg_fs=1&_p_jump_id=1082&_x_vst_scene=adg&goods_id=601101109313402&adg_ctx=a-058aa128~c-55d00e61&_p_rfs=1&_x_ads_channel=pinterest&_x_ads_creative_id=%7Bproduct_partition_id%7D&_x_ads_id=%7Badgroupid%7D&_x_ads_set=%7Bcampaignid%7D&_x_ads_sub_channel=shopping&_x_ns_catalog_id=1567707391772&_x_ns_creative=%7Badid%7D&_x_ns_gid=601101109313402&_x_ns_,https://i.pinimg.com/originals/9f/81/bd/9f81bd2efa5958041289e0edb0edcc9e.jpg,1600,1600,0,2026-01-15
2026-09-05,organizacao de geladeira,1140325568178915080,28,16,0,Vibrant Aesthetic Organized Fridge Restock,,,https://i.pinimg.com/originals/77/bd/79/77bd79d6271b45b0de9e90a257142261.jpg,736,1104,0,2026-08-20
2026-09-05,organizacao de geladeira,1116470563900189770,29,273,0,Fridge Organization Hack You Need,beacons.ai,https://beacons.ai/zee.effortlessliving,https://i.pinimg.com/originals/f7/c4/bb/f7c4bb213fcdd236f71130129d36de4b.png,715,1271,0,2026-04-03
2026-09-05,organizacao de geladeira,10133167907298271,30,839,0,,,,https://i.pinimg.com/originals/a8/7a/cf/a87acf4b751567695b2388819630953a.jpg,736,1104,0,2026-08-11
2026-09-05,organizacao de geladeira,596375175703506911,31,2,0,Ideia de organização de geladeira com potes herméticos transparentes,aiboosterhub.com,https://aiboosterhub.com/foxuseKT31060repinter,https://i.pinimg.com/originals/55/dc/19/55dc196e36163f2769eefa62d5f30d58.jpg,736,1106,0,2026-08-12
2026-09-05,organizacao de geladeira,AdNbieWAsTiRFq2_cnPCSITDLyTUSA0DdsC-4yhsX5Ze_JNejQjyVnij9tOxNr6L29fYZJ7Umt5G9i9qcBinEKc,32,0,0,"Get So Much More from your refrigerator with Zero Clearance™ Hinges that offer a sleek look, a Tall Ice & Water Dispenser for everyday ease and three types of ice—including LG’s exclusive Craft Ice™—f",lg.com,https://www.lg.com/us/zero-clearance-refrigerator?utm_source=pinterest&utm_medium=paid-social&utm_campaign=lg_2026_hs_xhs_awareness_views_paid-social_pinterest_kitchen&utm_content=hs_all_plp_04-01-26_12-31-26_awareness_lg-kitchen-smm-ref-6s_other_lifestyle_video_na_16x9_6s_mix_x&utm_term=hs_xhs_prospecting_us_interest_movers-remodelers_en_all_mix_x,https://i.pinimg.com/originals/31/6f/c6/316fc6c44d98576f7167c8c08215ed06.jpg,1080,1920,1,2026-03-30
2026-09-05,organizacao de geladeira,AanYs-DxfJktKL_oW4R9zXkGpqi-3gD1tsGkF3auAm9pdZPRdfucO1I9QcqOq9cHNhDFVBJL29zTo5EAB9rqYd4,33,0,0,Case of 8 T.H.E. Divided,containerstore.com,https://www.containerstore.com/s/kitchen/food-storage/the-home-edit-divided-fridge-drawer/12d?productId=11012909&country=US&currency=USD&skuId=10082478,https://i.pinimg.com/originals/4c/1c/20/4c1c2014154d33b1ecc029c8d1e2b50f.jpg,800,1200,0,2025-08-02
2026-09-05,organizacao de geladeira,AcpX7-kbpWrDg1Xw9qPwdfQ_kfF9W4iJOpcZTnZzvBW2aGtttWVRjC5IyPALKm1_-PrEwFJsD-d_KDsTKFjN21c,34,1,0,Evo Fridge Organizer |,glizm.com,https://glizm.com/products/evo-fridge-organizer-expandable-food-safe-storage-containers?variant=54655351750924,https://i.pinimg.com/originals/17/96/50/179650c0e5cbc477972b14dd26e1c9b0.jpg,800,800,0,2026-04-08
2026-09-05,organizacao de geladeira,1033435445762083024,35,1168,0,,,,https://i.pinimg.com/originals/77/6c/f4/776cf45d27b9360384e7d8d4a855adf1.jpg,735,1101,0,2026-03-08
2026-09-05,organizacao de geladeira,665125438766880317,36,126,0,Luxury Fridge Organization Ideas,,,https://i.pinimg.com/originals/25/53/51/255351f41b9995b39802dcfb7adc1371.png,1024,1536,0,2026-07-17
2026-09-05,organizacao de geladeira,714524297180951718,37,481,0,Fridge Organization Hacks for a Clean,,,https://i.pinimg.com/originals/7b/cf/e4/7bcfe4c3c947e01e438787ad36675473.png,887,1774,0,2026-08-26
2026-09-05,organizacao de geladeira,916412224212423538,38,3,0,✨ Geladeira organizada e prática! 🥝🍓 Pequenos detalhes fazem toda a diferença na organização,meli.la,https://meli.la/2TF5gu2,https://i.pinimg.com/originals/08/fc/e0/08fce015c556c0fc23ef7d778cea7b7a.png,1023,1537,0,2026-08-24
2026-09-05,organizacao de geladeira,14425661318884396,39,198,0,dream fridge and healthy ingredients,linktr.ee,https://linktr.ee/lila.bronner,https://i.pinimg.com/originals/78/81/98/7881985626bb77ab5e8e77ba4f98f7f9.jpg,1171,1766,0,2026-08-26
2026-09-05,organizacao de geladeira,840765824200477239,40,4260,0,Como organizar a casa: 50 dicas para todos os cômodos,dicasdemulher.com.br,https://www.dicasdemulher.com.br/como-organizar-a-casa/,https://i.pinimg.com/originals/aa/70/68/aa7068410c00cfd527426f5c27e2a7c4.jpg,750,938,0,2022-07-07
2026-09-05,organizacao de geladeira,766174955385021432,41,1642,0,Cozin 🤍🤎,,,https://i.pinimg.com/originals/6a/e7/2c/6ae72cafbe081226f54517e378dafe0b.jpg,736,1308,0,2024-04-23
2026-09-05,organizacao de geladeira,3729612269821046,42,1960,0,,,,https://i.pinimg.com/originals/00/f1/3b/00f13b2052130038940419881551a207.jpg,1080,1920,0,2026-08-02
2026-09-05,organizacao de geladeira,1078682548265080155,43,2984,0,Fridge Organization Hacks for a Clean & Efficient Kitchen 🥗❄️,amazon.com,https://www.amazon.com/shop/sixberfashiontrends/list/19TEJ88J7Y6Q5?ref_=aipsflist,https://i.pinimg.com/originals/5c/5c/69/5c5c697cdfc99572411510fc0f9541ae.jpg,747,1024,0,2026-01-15
2026-09-05,organizacao de geladeira,1133147956274410542,44,31,0,The Ultimate Organized Fridge Inspiration 🥬✨,,,https://i.pinimg.com/originals/4f/5a/7f/4f5a7fbb87243085ec543022c632b74e.png,916,1376,0,2026-08-24
2026-09-05,organizacao de geladeira,741686632405468077,45,9189,0,decor.snippets on LTK,shopltk.com,https://www.shopltk.com/explore/decor.snippets/posts/14fb52fd-4722-11ec-a352-0242ac110003,https://i.pinimg.com/originals/61/e5/af/61e5af4a66fa7680d1778e0939c21617.jpg,2160,3840,0,2023-06-19
2026-09-05,organizacao de geladeira,39195459254006648,46,1241,0,,,,https://i.pinimg.com/originals/69/4f/e7/694fe7db08afbe483d700d879e622ef0.png,1024,1536,0,2026-03-12
2026-09-05,organizacao de geladeira,425168021097468913,47,30,0,Fridge Organization Ideas,mydecorarea.com,https://www.mydecorarea.com/fridge-organization-ideas-on-a-budget/,https://i.pinimg.com/originals/45/8c/53/458c53f05c95147a14f90106258196f5.png,1000,1500,0,2026-08-26
2026-09-05,organizacao de geladeira,873839133969917064,48,1849,0,,,,https://i.pinimg.com/originals/a2/c9/1c/a2c91c809c4f5296e57d185d2926dceb.jpg,1024,1536,0,2026-04-03
2026-09-05,organizacao de geladeira,816277501256809679,49,1101,0,,,,https://i.pinimg.com/originals/a7/3f/d0/a73fd0d7298199c87f11720dafbfe26e.jpg,1080,1920,0,2026-07-13
2026-09-05,organizacao de geladeira,1077908492046832070,50,9018,0,Geladeira organizada,,,https://i.pinimg.com/originals/26/dd/db/26dddb0173bb747cb463e972bb87ef6b.jpg,1080,1920,0,2023-08-05
2026-09-05,organizacao de geladeira,709246641366035868,51,15,0,Geladeira cheia e organizada,meli.la,https://meli.la/2T1QJoC,https://i.pinimg.com/originals/73/0e/29/730e29841f755be42db377a397c29a9e.jpg,1086,1448,0,2026-08-22
2026-09-05,organizacao de geladeira,664351382573755575,51,5,0,Organize sua geladeira,s.shopee.com.br,https://s.shopee.com.br/60OgzyZcj2?channel_type=pinterest,https://i.pinimg.com/originals/95/58/23/95582352192fb95e559d97b64eba9c5b.jpg,736,981,0,2026-05-25
2026-09-05,organizacao de geladeira,1140325568178598931,52,3,0,Fridge Reset for a Productive Week,,,https://i.pinimg.com/originals/a0/0d/5b/a00d5bedc98aef02ae88c93af5ac6c75.jpg,735,1099,0,2026-08-16
2026-09-05,organizacao de geladeira,AZbwrMRW0QOTqKQ17paYsNSEczp8d0GGzVMPjveAlUzRBzmwhB8VlDPI5CygiPligCgfgN_uUbaFmzR2IeFhavM,53,1,0,"Get appliances that mix,",lowes.com,https://www.lowes.com/pl/Small-appliances-Appliances/4294857962,https://i.pinimg.com/originals/14/9b/c8/149bc82dea96222954d9101ba9ec312f.jpg,1000,1500,0,2026-01-12
2026-09-05,organizacao de geladeira,74309462597632080,54,294,0,Open Fridge Reset: Healthy Meal Prep & Wellness Organization Ideas,buymeacoffee.com,https://buymeacoffee.com/avocadobalance/e/545132,https://i.pinimg.com/originals/35/5a/63/355a6369a5b4caf34d814e1f84e7a407.png,1024,1536,0,2026-08-05
2026-09-05,organizacao de geladeira,AbHzqd5Ea-OHyNMM36YlJrPy44lqozKG6RTFH75YfpVp8WeHJmU32dLDIeJ3jxKquBGaSH4TRjT1pJNiRNFhSmo,55,1,0,Explore BEST Hoods at Abt,abt.com,https://www.abt.com/brand/Best?utm_source=Pinterest&utm_medium=social&utm_campaign=BESThoods_Aug26,https://i.pinimg.com/originals/85/b6/4e/85b64e4dcfcb9a4117e18dbe06518ee2.png,1000,1500,0,2026-08-14
2026-09-05,organizacao de geladeira,ASgXGR27-OGc6VoRjEv4INxbPk2KaESnUFAobgjBe9TcdkCCalQ_jrSJDj1TqD2TueKylNWsuNtccQw3QRzBpAQ,56,1,0,Liebherr SRB5290 24 Inch,fergusonhome.com,https://www.fergusonhome.com/product/summary/2053896,https://i.pinimg.com/originals/c1/ef/48/c1ef48e784f91b98ef36b00e175f57a2.jpg,947,2000,0,2025-11-23
2026-09-05,organizacao de geladeira,38210296835857820,57,177,0,Cómo organizar tus comidas semanales en el refrigerador,,,https://i.pinimg.com/originals/dd/36/94/dd369423f128002951a29e1919b81477.jpg,1242,1856,0,2026-07-04
2026-09-05,organizacao de geladeira,AT_MHBwbgRDOEBFpkQELhgkZZuIl862dR9LrAXbaEw0kGLvqR1_8DvjnTg_anKqQoQFWbw9uhfYkWanURuGNHRI,58,7647,0,Our best deals on ILVE,homeoutletdirect.com,https://homeoutletdirect.com/,https://i.pinimg.com/originals/15/b0/86/15b086b8f45fd142eb88aa24703eaf14.jpg,2000,3000,0,2023-09-03
2026-09-05,organizacao de geladeira,1147573548827148912,59,1,0,Kit 4 cestos para geladeira organizada,meli.la,https://meli.la/2deqCEh,https://i.pinimg.com/originals/2c/db/fc/2cdbfc5a927eed56e342f041233ae831.jpg,832,1248,0,2026-07-17
2026-09-05,organizacao de geladeira,AYgsXiZwXTBHeN1BwOhrhohz_7sua6UTc43F28T40i-bU8ojq6ux-D5-4sA0uuG5HqTcG4GDKDgu9MSlgyU-OFw,60,38,0,Organic Warm Cottagecore,twopagescurtains.com,https://twopagescurtains.com/collections/luxury-woven-bamboo-shades/products/natural-ramie-bamboo-woven-shade-beige?_pos=1&_fid=b276cb0d5&_ss=c,https://i.pinimg.com/originals/d0/3e/3e/d03e3e464c0a7bc9a3c53e7dacacc988.png,1000,1500,0,2026-08-04
2026-09-05,organizacao de geladeira,AVMALkEhZFjY-9BA3S20F7_DyyilHkSGxY5Wb19oH1BSB5tQAtxRyqdq2ESTx-Rrt06V1BP1G21wCGmfY4c9oZY,61,1,0,Indoor Barn Lights,steellightingco.com,https://steellightingco.com/product/venice-wall-mounted-light-indoor-outdoor-decor-sign-light/,https://i.pinimg.com/originals/41/63/c5/4163c52059c379efb6a8380b02e318e2.jpg,1080,1080,0,2026-08-06
2026-09-05,organizacao de geladeira,121386152452613084,63,284,0,Organizadores para sua geladeira!,,,https://i.pinimg.com/originals/fd/55/2c/fd552cc98cb0c01b1f3b2174eb23d4ae.jpg,1224,1632,0,2025-07-31
2026-09-05,organizacao de geladeira,740279257546076965,64,5,0,Organizador de geladeira,meli.la,https://meli.la/19yaaS2,https://i.pinimg.com/originals/1b/c2/33/1bc233aea28dcf81e80c423cd25b9ffa.png,989,1591,0,2026-04-28
2026-09-05,organizacao de geladeira,398005685840798838,65,6,0,Smart Ideas to Organize Your Refrigerator - Soft & Soulful,softandsoulful.com,https://softandsoulful.com/blog/ideas-for-refrigerator-organization/,https://i.pinimg.com/originals/a2/e7/76/a2e77624189e3c614884e173e0d9192a.webp,1024,1536,0,2026-01-12
2026-09-05,organizacao de geladeira,ATc7C0bBs2trGiSo5Wg4p9sHr60vIS-d_A9YV2ac_zfIV2kbTAemz_ohgV_OotOZnGUBUMMnBtIcKrhxby-6LdQ,66,159,0,Amazon Fridge,amzlink.to,https://amzlink.to/az0I6c1zcE0RB,https://i.pinimg.com/originals/d8/69/9e/d8699e35bfc7bdfe09cfb3d9e4a45966.jpg,1080,1920,1,2026-07-18
2026-09-05,organizacao de geladeira,1124281494496653828,67,2533,0,Cozy Fridge Organization Ideas 🧊 |Amazon Kitchen Finds,,,https://i.pinimg.com/originals/23/7d/06/237d06392b7192a5d921c49a0a05182e.png,1024,1536,0,2026-05-12
2026-09-05,organizacao de geladeira,132293307800972139,68,61,0,"Refrigerador Organizado para una Familia Ocupada | Desayunos, Snacks y Meal Prep",,,https://i.pinimg.com/originals/83/33/87/833387d62be14c8096d35ba2a4215eda.jpg,1242,1856,0,2026-08-12
2026-09-05,organizacao de geladeira,652318327320216521,69,6,0,Kit organizador de geladeira,onelink.shein.com,https://onelink.shein.com/34/5kd1rcrcv4hh,https://i.pinimg.com/originals/00/50/82/0050824ec9a458c8799fd7be6a611cb9.jpg,1024,1536,0,2026-03-24
2026-09-05,organizacao de geladeira,1100778333954222705,70,28,0,,,,https://i.pinimg.com/originals/5a/34/23/5a3423d104fe781a72bfce8d9a5eaa82.png,1086,1448,0,2026-08-18
2026-09-05,organizacao de geladeira,596727019413558063,71,14737,0,,,,https://i.pinimg.com/originals/73/ea/23/73ea23344aab7112ba115c3e64bad67f.png,691,957,0,2025-01-20
2026-09-05,organizacao de geladeira,690739661648172180,72,0,0,Organizador de geladeira Comente eu Quero que te envio o link https://br.shp.ee/qsnkf318?smtt=0.0.9,instagram.com,https://www.instagram.com/reel/Db_Fw2ohCXs/,https://i.pinimg.com/originals/8c/8b/10/8c8b1013d1783bc9c9590feb73e2546a.jpg,640,1136,1,2026-08-14
2026-09-05,organizacao de geladeira,1090152653580967107,73,5,0,Leak-Proof Meal Prep Containers That Keep Your Fridge Organized,homenestfinds0404.blogspot.com,https://homenestfinds0404.blogspot.com/2026/08/8-meal-prep-containers-that-made.html,https://i.pinimg.com/originals/9e/2e/f8/9e2ef83c1104f3b1ed0d9d5cc17df4fd.png,1024,1536,0,2026-08-20
2026-09-05,organizacao de geladeira,121737996173231612,74,311,0,,,,https://i.pinimg.com/originals/f3/9d/df/f39ddf21e5e2da6bd0da2d2d709171c9.jpg,1080,1920,0,2026-02-04
2026-09-05,organizacao de geladeira,805018502187498941,75,0,0,"✨ Uma geladeira organizada faz toda a diferença na rotina. Os organizadores de geladeira ajudam a aproveitar melhor o espaço, manter os alimentos bem armazenados e deixar tudo mais prático no dia a di",instagram.com,https://www.instagram.com/reel/Db6He6zRfmv/,https://i.pinimg.com/originals/ce/4f/67/ce4f67e28e20a4b34ee7b322d29a5914.jpg,640,1136,0,2026-08-12
2026-09-05,organizacao de geladeira,1477812375406450,76,3651,0,dream fridge,,,https://i.pinimg.com/originals/4f/d8/5a/4fd85a3e5826b72b0dbaa4fd90b1bc45.png,954,1648,0,2026-06-08
2026-09-05,organizacao de armario pequeno,6333255725320119,2,1729,0,Guarda roupa,,,https://i.pinimg.com/originals/5d/e3/e3/5de3e3ac70b29ce86fd9c77ab59b1a08.jpg,1080,1920,0,2026-08-25
2026-09-05,organizacao de armario pequeno,AX7hk5IEyhlITqtCO-1ExA6AI8vnQeyfIGVTQg-cfn_RSshfzeob-NgXnKY0r_kwyZabgBw5TtTdgzEn37Yefzo,3,35,0,Aesthetic Amazon,amzlink.to,https://amzlink.to/az0f11WQVn2Ig,https://i.pinimg.com/originals/aa/cd/ef/aacdef0b44f4d19c5d8f8aa940f8287c.png,1000,1500,0,2026-06-29
2026-09-05,organizacao de armario pequeno,AQeyidZ49lku2gigfrM7K0suThhziynlafFBeMM6svV2htr6z7LpyX5gxVrqdDSx6oJ7zpYgRJ8WjZ70WdJWq-Y,4,839,0,Amazon Closet,amzlink.to,https://amzlink.to/az0Zr8WhocscL,https://i.pinimg.com/originals/c9/67/bb/c967bbb6c8f53f14839643056568ef7c.png,1000,1500,0,2026-03-18
2026-09-05,organizacao de armario pequeno,AfFEyPYCIyMsRAxxt1qwit47uTzaK6joSyS8dRUGoHBuyQJoSjWyIQCYNlKEe6aHR2wZ4C2BtYF2xXTU4sgyoU4,5,0,0,Homieasy Adjustable,walmart.com,https://www.walmart.com/ip/Homieasy-Adjustable-Closet-Organizer-System-6-15Ft-8-Wooden-Drawers-Modular-Tower-Walk-In-Wardrobe-Storage-4-Hanging-Rods-Expandable-Garment-Rack-Whi/15929423555?wmlspartner=wlpa&selectedSellerId=101253865,https://i.pinimg.com/originals/35/7c/29/357c29e85a394fe4cd71498f7caf7060.jpg,450,457,0,2026-08-22
2026-09-05,organizacao de armario pequeno,31666003625918224,6,34,0,Smart Closet Organization Hacks for Small Bedrooms & Apartments 🧺💡,,,https://i.pinimg.com/originals/a4/82/62/a48262efa8a9f7574d5858a150b22be4.jpg,768,1376,0,2026-08-25
2026-09-05,organizacao de armario pequeno,AfFwR4lvtZLw9FlF_qke3eu7gzO_5sbMXtuKXR5mhAGZYhLyyEfn4NZ1BhvW9qJBBzBf82lYa4mmhQUnzt1juPA,7,1,0,"Isunirm 36"" Free Standing",walmart.com,https://www.walmart.com/ip/iSunirm-36-Free-Standing-Walk-in-Closet-System-3-Wooden-Drawers-Organizer-Hanging-Rods-Storage-Shelves-Heavy-Duty-Bedroom-36-L-80-H-16-W-White/14605267833?wmlspartner=wlpa&selectedSellerId=101656177,https://i.pinimg.com/originals/a6/ec/f6/a6ecf6efd9a5ea3dff334b0cc386dd9c.jpg,1600,1600,0,2026-09-01
2026-09-05,organizacao de armario pequeno,645211084160618080,8,8,0,Como Organizar o Guarda-Roupa e Ganhar Muito Mais Espaço,meli.la,https://meli.la/1aeutv5,https://i.pinimg.com/originals/e7/42/1d/e7421dad90e5816ad356838a8a850c5a.jpg,736,1104,0,2026-08-25
2026-09-05,organizacao de armario pequeno,939352434797328911,9,721,0,Cómo organizar un closet completo para sentir más calma visual,,,https://i.pinimg.com/originals/8b/e9/88/8be988400b06d4cbb0de675fa961f5bc.jpg,1242,1850,0,2026-05-26
2026-09-05,organizacao de armario pequeno,357543657942018386,10,29,0,,,,https://i.pinimg.com/originals/48/fa/4b/48fa4b85fb1a1874a0ce9ec7acc1e297.jpg,1086,1448,0,2026-06-23
2026-09-05,organizacao de armario pequeno,Ad02GE5QH2a_aS2bn6icJ7s_k6C2wD2-zAh0v1pMCR3Rz1_WWSJFxZmTN9UqJdlB0Th9TyIk-qcArcQ88M0TT1k,11,2,0,Homieasy 20.2'' - 96'' W,walmart.com,https://www.walmart.com/ip/Homieasy-96-Inches-Closet-System-8FT-Walk-In-Organizer-3-Shelving-Towers-Heavy-Duty-Clothes-Rack-Drawers-Built-In-Garment-Rack-96-L-x-16-W-75-H-Max-L/3508617616?wmlspartner=wlpa&selectedSellerId=101253865,https://i.pinimg.com/originals/28/ab/8d/28ab8d352a113764403a335b5b897107.jpg,1139,1253,0,2026-08-27
2026-09-05,organizacao de armario pequeno,ARFtiCTmwxYKb9gzy_mZduCLoLUAHk49lz4Msg8d2uhSYI7t7Zkd457NmRfcPdl3Nh1VxseRAcRfePWQp9NooV8,12,20,0,Amazon Organization Finds,amzlink.to,https://amzlink.to/az0ziQBlJYodk,https://i.pinimg.com/originals/db/4e/04/db4e0432168ed18549eb486a05f97c30.png,1000,1500,0,2026-07-07
2026-09-05,organizacao de armario pequeno,AUbMdDVz4Cb6sDoel_BpGavJO5rOD6Ze-44aObtTRtzgUsPWgYjJf0Li5ZNu8xf80pDPzb0HvN8M7Qgz_RXiezo,13,1,0,Taimasi 5 Pack Stackable,walmart.com,https://www.walmart.com/ip/TAIMASI-5-Pack-Stackable-Closet-Storage-Basket-Multifunctional-Foldable-Organizer-Kitchen-Bathroom-Laundry-Room-Wardrobe-Storage-Space-Saving-Clothes/18642057273?wmlspartner=wlpa&selectedSellerId=101203282,https://i.pinimg.com/originals/c6/63/43/c663437397d777415682c16b608b686e.jpg,1067,1200,0,2026-09-01
2026-09-05,organizacao de armario pequeno,AcyLXC8ts0tT5V80UkVFUxHXhot2wmSGd4jorD0yqrBkdUp-0iI8PLY42J8djSl8Mg6FUFS3Aoly2tMqDSY4BpU,14,1,0,Temu | 4/8pcs And Linen,temu.com,https://www.temu.com/ul/kuiper/un3.html?subj=dpa-un&_bg_fs=1&_p_jump_id=1082&_x_vst_scene=adg&goods_id=601099613266064&adg_ctx=a-27e0aa35~c-eeffcfff&_p_rfs=1&_x_ads_channel=pinterest&_x_ads_creative_id=%7Bproduct_partition_id%7D&_x_ads_id=%7Badgroupid%7D&_x_ads_set=%7Bcampaignid%7D&_x_ads_sub_channel=shopping&_x_ns_catalog_id=1567707391772&_x_ns_creative=%7Badid%7D&_x_ns_gid=601099613266064&_x_ns_,https://i.pinimg.com/originals/2d/cd/87/2dcd87ca50455c8c6cb07976f9949c14.jpg,2000,3000,0,2026-03-29
2026-09-05,organizacao de armario pequeno,351912467473287,15,2487,0,,,,https://i.pinimg.com/originals/39/e5/0f/39e50fde005063f06324c9a68d650ee7.jpg,1080,1441,0,2026-06-30
2026-09-05,organizacao de armario pequeno,11892386514372220,16,1408,0,Space-Saving Small Linen Closet Organization Hacks,,,https://i.pinimg.com/originals/e0/6e/b6/e06eb65604e6e44c938b59014bbd855c.png,1023,1537,0,2026-08-20
2026-09-05,organizacao de armario pequeno,ASzA1c11Ok3sjlocm3TAYgfiM-A5zUCCRY-X4-hsgBVsKF4viqTrrgVc89zQEj-JTgPoGCPw0BMGaNVB__tHIYU,17,0,0,Homieasy 8FT (96 Inch),walmart.com,https://www.walmart.com/ip/Homieasy-8FT-96-Inch-Closet-Organizer-System-Set-of-4-12-Wood-Drawers-4-Hanging-Rods-4-Shelves-Heavy-Duty-Walk-in-Closet-Storage-White/16255061981?wmlspartner=wlpa&selectedSellerId=101253865,https://i.pinimg.com/originals/b8/95/90/b895901fc8b6bf849402f8b19f993365.jpg,1124,1260,0,2026-08-13
2026-09-05,organizacao de armario pequeno,Af768x07Lkf__k1otR76Ylo5A0sJV_IYU7dkJMw_tHPegeflJc2wPiimhE4dPMPsAWgTacvmCFgUEuGwZJVJczM,18,0,0,Organized Living,dkhardware.com,https://www.dkhardware.com/organized-living-7313147211-freedomrail-6-ft-w-x-14-in-d-melamine-closet-shelf-white-product-8285763.html,https://i.pinimg.com/originals/38/a5/b4/38a5b4948d40e5a01a0ef493c41ad669.jpg,1063,1201,0,2026-06-30
2026-09-05,organizacao de armario pequeno,3940718421465045,19,3015,0,,,,https://i.pinimg.com/originals/80/bb/2d/80bb2d3850dbae031e81d9dde072371e.jpg,736,1104,0,2026-08-18
2026-09-05,organizacao de armario pequeno,AdLrp7y-OPUW0Y8ZLVmt2AUWfIntjOHVvqdlRlAWUYPIVEE5jlxWtAPrgPm-kCSvJAW2CrjG8cm4nwqqmGKYXJk,20,2,0,Homieasy 20.5 - 120'' W,walmart.com,https://www.walmart.com/ip/Homieasy-Closet-System-20-5-120-W-Organizer-System-5-Hanging-Rods-Shelving-Tower-Wooden-Walk-in-Wardrobe-Storage-White/19111624413?wmlspartner=wlpa&selectedSellerId=101253865,https://i.pinimg.com/originals/27/23/b6/2723b64241aa49eed3f390f9924a3173.jpg,450,450,0,2026-06-03
2026-09-05,organizacao de armario pequeno,939352434799072122,21,14207,0,Cleaning Closet: Clóset de Limpieza Organizado para Espacios Pequeños,,,https://i.pinimg.com/originals/37/f0/ad/37f0ad20a46d86876be14b06e30e3640.jpg,1242,1858,0,2026-07-20
2026-09-05,organizacao de armario pequeno,26740191533123859,22,498,0,Closet Organization Hacks That Actually Work,bloggingperspective.com,https://bloggingperspective.com/closet-organization-ideas-that-actually-make-a-huge-difference/,https://i.pinimg.com/originals/80/b0/4c/80b04cd28e2a0334fc96d851a9e9da3c.jpg,1000,1500,0,2026-08-16
2026-09-05,organizacao de armario pequeno,AfoAb6vvh0p-aurRltgFnbRuxTXfpAG9ImIp-Xu2RrB3aQBvdnlREihNvqwa5lFSFCKxePjLRd-aSvFNfJ5BP4M,23,28,0,21.39 in. W White Modular,homedepot.com,https://www.homedepot.com/p/ClosetMaid-21-39-in-W-White-Modular-Storage-Stackable-Unit-with-4-Drawers-Wood-Closet-System-456100/321829044?cm_mmc=psoc-pinprg-%7Bcampaignid%7D-%7Badgroupid%7D,https://i.pinimg.com/originals/a6/7b/c8/a67bc803a4daf3dc2c6779501cb92ceb.jpg,1000,1000,0,2025-08-22
2026-09-05,organizacao de armario pequeno,AS7HVB02dDTo46eEfn7Ho61PWdzJmJGBn3rNfSwybJMv1OWqH5KGBqOGeBXh8vu3hqAez1BGJFEPwYkC1hUIa2c,24,2,0,Closet System with,walmart.com,https://www.walmart.com/ip/Closet-System-Drawers-Organizer-Storage-Shelves-96-Walk-in-5-Hanging-Rods-Heavy-Duty-Wall-Mounted-Clothes-Wardrobe-Garment-Rack-Metal-Frame/13629753809?wmlspartner=wlpa&selectedSellerId=101253865,https://i.pinimg.com/originals/86/f7/dd/86f7ddcd30176325934a171ea95ee05e.jpg,1600,1600,0,2026-09-01
2026-09-05,organizacao de armario pequeno,42854633949816542,25,331,0,"Organized coffee bar kitchen shelf with glass jars, hanging mugs, and drawer storage",,,https://i.pinimg.com/originals/ce/d7/a0/ced7a010bf3f7d2abff6ce890e116c5c.jpg,1000,1500,0,2026-08-18
2026-09-05,organizacao de armario pequeno,AUbO3Mq8HFJ6Ov-SEoE-h3oVeQup8QAD_XxNJdNyiaBk67foYIkDdTN9Z1YIdLEIhQTFbhRAOwJyQ5Jf_N69gTE,26,2,0,Homieasy 31.5'' - 57.2'',walmart.com,https://www.walmart.com/ip/Homieasy-Closet-System-3-Wooden-Drawers-Hanging-Rods-Corner-Tower-Hanging-L-Shaped-Walk-In-Wardrobe-Organizer-White/17301812546?wmlspartner=wlpa&selectedSellerId=101253865,https://i.pinimg.com/originals/9b/10/ca/9b10ca146e6c388514d3eb68a536dc16.jpg,450,450,0,2026-06-03
2026-09-05,organizacao de armario pequeno,985303224762316068,27,2082,0,"Amazon closet organization that makes getting ready so much easier 🤍 Using smart, space-saving organizers to create a clean and functional closet. Everything now has its place and is easy to see and g",instagram.com,https://www.instagram.com/reel/DT9GbDvDKVA/,https://i.pinimg.com/originals/d5/ef/04/d5ef04b8241ef1fa231a0ebe2369e8a4.jpg,640,1136,1,2026-01-26
2026-09-05,organizacao de armario pequeno,AciAs76XE8hgWAiQ8wT8L3BUefE8n2heyUORpkrXFb3sv9BP73woDC-zvHRtNt24vspAUjoez7rnYZHJqoOS8GQ,28,3,0,Storage Ideas,target.com,https://www.target.com/b/brightroom/-/N-q643le5t6vk?TCID=SMO,https://i.pinimg.com/originals/28/94/87/28948780ab3f3d66dfacf47c19433be8.jpg,1000,1550,0,2023-08-03
2026-09-05,organizacao de armario pequeno,ARSqaN4FjJegKmGVBhtYcAw5wf--7J-eeiY7Fk_YCxPKy6umKpEO222FNSzMd4tvveFU2c3BNycrkq6crZeFEvs,29,1,0,Temu | Folding Closet,temu.com,https://www.temu.com/ul/kuiper/un3.html?subj=dpa-un&_bg_fs=1&_p_jump_id=1082&_x_vst_scene=adg&goods_id=601099618935086&adg_ctx=a-c64e9a7c~c-65d7f30f&_p_rfs=1&_x_ads_channel=pinterest&_x_ads_creative_id=%7Bproduct_partition_id%7D&_x_ads_id=%7Badgroupid%7D&_x_ads_set=%7Bcampaignid%7D&_x_ads_sub_channel=shopping&_x_ns_catalog_id=1567707391772&_x_ns_creative=%7Badid%7D&_x_ns_gid=601099618935086&_x_ns_,https://i.pinimg.com/originals/aa/7d/94/aa7d9441aaf7427d2fa0f30101e603c2.jpg,2000,3000,0,2026-07-31
2026-09-05,organizacao de armario pequeno,967359194988866589,30,13,0,Elegant Closet Organizers for a Tidy Home,,,https://i.pinimg.com/originals/2d/aa/2e/2daa2e3d1c8d97d32a992ed70a3cdeea.png,1024,1536,0,2026-08-25
2026-09-05,organizacao de armario pequeno,20477373301660602,31,35,0,Seasonal Clothes Storage That Saves So Much Space,,,https://i.pinimg.com/originals/52/ef/ce/52efcebdd9d2a6321dfe750687211e69.png,1023,1537,0,2026-08-12
2026-09-05,organizacao de armario pequeno,1970393584526484,32,4027,0,Perfect View for My Drawer,,,https://i.pinimg.com/originals/e1/1f/26/e11f2645b98b197896c3ed5a14a000a0.png,1024,1536,0,2026-06-29
2026-09-05,organizacao de armario pequeno,52002570695613797,33,7937,0,,,,https://i.pinimg.com/originals/3b/75/50/3b7550d49c74860ca5a305749d69865f.jpg,1080,1456,0,2026-08-26
2026-09-05,organizacao de armario pequeno,AXhBHbMKQji5AwSJz22Ti88IFNyVG2fLG5_ouZ-1Rk1LM7nW5YHpMgbcm3jl6WFmjAaGP7b_QwwLgIFPBW-D5lQ,34,0,0,Broview 480Qt Stackable,walmart.com,https://www.walmart.com/ip/480Qt-Stackable-Storage-Bins-Lid-Closet-Organizer-Drawer-Collapsible-Box-Wheels-Plastic-Clothes-Cabinet-Containers-Home-Organization-4Pack-White/16656561864?wmlspartner=wlpa&selectedSellerId=102811587,https://i.pinimg.com/originals/bb/52/c2/bb52c2264e4e3f5e569a98f04d1780e7.jpg,377,450,0,2026-06-03
2026-09-05,organizacao de armario pequeno,87186942780620777,35,63,0,Top 17 Small Apartment Closet Organization Tips...,soliaavenue.com,https://soliaavenue.com/small-apartment-closet-organization-tips/,https://i.pinimg.com/originals/a7/e4/8f/a7e48f3d48e254db0ef6789cd08a9c6c.jpg,1024,1536,0,2026-08-26
2026-09-05,organizacao de armario pequeno,AV2rufCa7nB-WOx198ohuY53ZyDa1LYZoImkjWHYEEf1bkPtNm0ohBLU9cu6Kx1kW6TjOBjoB3bkWjVk6oUzKyM,36,0,0,Broview V60 105Gal Extra,walmart.com,https://www.walmart.com/ip/Broview-V60-105Gal-Extra-Large-Stackable-Storage-Bins-Lid-420QT-Plastic-Containers-With-Drawers-Folding-Closets-6x-Wheels-Collapsible-Cabinets-Organi/17157154587?wmlspartner=wlpa&selectedSellerId=102811587,https://i.pinimg.com/originals/83/ac/f3/83acf363ee334050748e1ffd35d8eabc.jpg,424,450,0,2026-08-27
2026-09-05,organizacao de armario pequeno,AbcoeYeVz2bCtR2JWgckAvxzHE6RzmDJf12jShj28-DlaLqj0EUMoDMnmI7ZG3S5_aGOF-GNJVMbGM6jY7zNYpA,37,1130,0,No-reno closet upgrade,amzlink.to,https://amzlink.to/az0rlOJ1Woljm,https://i.pinimg.com/originals/f3/88/71/f38871c5a220bfea49d2351bb9a16e8f.jpg,720,1280,1,2026-06-23
2026-09-05,organizacao de armario pequeno,336925615898146639,38,22,0,Small Closet Organization Ideas You'll Love,amazon.com,https://www.amazon.com/shop/influencer-e6744de0/list/FIJS9541YKPT?ccs_id=56760ec6-f57a-45f9-89c5-c19b1749d166&linkCode=ll2&tag=aesthvine-20&linkId=70dfe7dedb2cfc089b8677496fde402c&language=en_US&ref_=as_li_ss_tl,https://i.pinimg.com/originals/e8/d6/ac/e8d6ac71b8cc705b3d31fcda0be95d59.jpg,1200,1800,0,2026-08-22
2026-09-05,organizacao de armario pequeno,812336851590855082,39,2,0,Small Closet Organization Ideas That Maximize Every Inch,amazon.com,https://www.amazon.com/shop/influencer-e6744de0/list/FIJS9541YKPT?ccs_id=ef34b9e6-5ad8-46df-b1d7-7bf01ef7612d&linkCode=ll2&tag=aesthvine-20&linkId=5170dd761ba54c125ec8e6de8d81d28b&language=en_US&ref_=as_li_ss_tl,https://i.pinimg.com/originals/45/82/32/45823257ef2a1efe0da9bb0ff4b05ca7.jpg,1200,2133,0,2026-08-15
2026-09-05,organizacao de armario pequeno,ASckDTX5fm3Had4FE5mZhRihrU8itd90wzsUjdVlU_-qyMtdHUTglCChbe32P6parSpsTzOLFepWfGpuH8pwH0Q,40,0,0,"Lazyspin Door Organizer,",walmart.com,https://www.walmart.com/ip/Yecaye-1-Pack-Over-Door-Hanging-Organizer-5-Pockets-Wall-Closet-Hanging-Storage-Shelves-for-Baby-Nursery-Bathroom-Gray/5022460055?wmlspartner=wlpa&selectedSellerId=101073679,https://i.pinimg.com/originals/c2/2d/e1/c22de16d9ec059d0f5408fe373172950.jpg,901,1200,0,2026-08-13
2026-09-05,organizacao de armario pequeno,AXlTgZRnx-zjLRQ31fQBGjkhIwGwPzdgk4ezUTpURGFJ9sGzKBh_RMkvVBCtoKVj2btTNJB2cPWXOiwqUiTkK6k,41,0,0,Temu | 2pcs Set Of,temu.com,https://www.temu.com/ul/kuiper/un3.html?subj=dpa-un&_bg_fs=1&_p_jump_id=1082&_x_vst_scene=adg&goods_id=605596761868802&adg_ctx=a-ab34b875~c-c8665636&_p_rfs=1&_x_ads_channel=pinterest&_x_ads_creative_id=%7Bproduct_partition_id%7D&_x_ads_id=%7Badgroupid%7D&_x_ads_set=%7Bcampaignid%7D&_x_ads_sub_channel=shopping&_x_ns_catalog_id=1567707391772&_x_ns_creative=%7Badid%7D&_x_ns_gid=605596761868802&_x_ns_,https://i.pinimg.com/originals/9e/ff/40/9eff4086663b491220505d7d912af889.jpg,800,800,0,2026-08-20
2026-09-05,organizacao de armario pequeno,AfZ12d523B9R2UAm3rI-C8cRCcVMgSFUtsaapPGtQ8j5WySPS2XcTq7gEqKnti40lLncD1_C9SVqoxSj1XCiIDw,42,0,0,Broview 800qt Stackable,walmart.com,https://www.walmart.com/ip/Broview-200Gal-Extra-Large-Stackable-Storage-Bins-Lid-Wheels-4Pack-Collapsible-Boxes-Dividers-Plastic-Closet-Organizers-Cabinet-Shelves-Home-Office-W/17250421527?wmlspartner=wlpa&selectedSellerId=102811587,https://i.pinimg.com/originals/a0/c0/35/a0c035d9c429dcb859daba4dddc594a0.jpg,349,450,0,2026-06-05
2026-09-05,organizacao de armario pequeno,1900024840023354,43,879,0,,,,https://i.pinimg.com/originals/75/dc/ed/75dced09371a964553c0ace8d5f44737.jpg,736,1308,0,2026-05-23
2026-09-05,organizacao de armario pequeno,AcVX0x0rAN44nOi9N9Xxe9noY0PrCqLQsWC38hUHqzOX9EaYTUEZK6Q1vTBUgLPPgPbipgw_3yZfqqHuaPxb3K4,44,245,0,Amazon Closet,urlgeni.us,https://urlgeni.us/amzn/3aqm0o,https://i.pinimg.com/originals/4a/36/ec/4a36ece65f02c0a4daaffe56e62be0c9.png,1000,1500,0,2026-02-07
2026-09-05,organizacao de armario pequeno,10485011627304973,45,6289,0,Organização de calças e roupas fitness,,,https://i.pinimg.com/originals/70/a4/31/70a43111bb5e3539be6ea46bee353cd6.jpg,1161,2064,0,2023-01-05
2026-09-05,organizacao de armario pequeno,29554941302332303,46,532,0,13 Closet Organization Ideas for a Neat and Functional Space,ruffledmom.com,https://ruffledmom.com/13-closet-organization-ideas/,https://i.pinimg.com/originals/47/10/e8/4710e893955ab90a7a36f49eaa3a3fac.png,1024,1536,0,2026-08-24
2026-09-05,organizacao de armario pequeno,AfisVN5pwp4v_smrhudqRRL16eqYof8q47Ib5Lc3ylXapsNK39PCT6xBphmViaEP8FLoNpayTq5DKx5psVYJfcA,47,1,0,"21""-95""Closet System With",wayfair.com,https://www.wayfair.com/Latitude-Run%C2%AE--2195Closet-System-With-4-Drawers-And-4-Rods-X227302558-L6289-K~W116291447.html,https://i.pinimg.com/originals/ad/79/19/ad791916780595fbd4497a43cd3cc478.jpg,400,400,0,2026-08-28
2026-09-05,organizacao de armario pequeno,AathDyMC9Bx-TUr2-hNFqP0sCivp20P-YEXTt2tawLDa1cdnM7mxCg2ywTTb2hOuqr2wYE3Bg2iuRb9PapOp2K4,48,2,0,Temu | Organizador,temu.com,https://www.temu.com/ul/kuiper/un3.html?subj=dpa-un&_bg_fs=1&_p_jump_id=1082&_x_vst_scene=adg&goods_id=601100493384387&adg_ctx=a-fc5cde60~c-8a6fe9fc&_p_rfs=1&_x_ads_channel=pinterest&_x_ads_creative_id=%7Bproduct_partition_id%7D&_x_ads_id=%7Badgroupid%7D&_x_ads_set=%7Bcampaignid%7D&_x_ads_sub_channel=shopping&_x_ns_catalog_id=1580405374697&_x_ns_creative=%7Badid%7D&_x_ns_gid=601100493384387&_x_ns_,https://i.pinimg.com/originals/96/3b/11/963b115f5a41e54c069ed9bb6de91939.jpg,2000,3000,0,2026-07-23
2026-09-05,organizacao de armario pequeno,709387378857202525,49,152,0,Ultimate Dorm Closet Set-Up,,,https://i.pinimg.com/originals/80/2c/4e/802c4e98a17fe62b4441bd203513c68c.png,1024,1536,0,2026-08-24
2026-09-05,organizacao de armario pequeno,928726754380242417,50,201,0,"Você não precisa de um guarda-roupas maior, você precisa disso:",,,https://i.pinimg.com/originals/f8/7c/40/f87c4009352b003c5ad1a48312aec78e.jpg,1080,1920,0,2022-06-03
2026-09-05,organizacao de armario pequeno,1477812375599582,51,447,0,Luxury Dresser Drawer Organization Ideas | Elegant Closet Storage Inspiration,,,https://i.pinimg.com/originals/15/d1/a6/15d1a611a1876be98c3b9e20efc2e897.png,1024,1536,0,2026-08-16
2026-09-05,organizacao de armario pequeno,774124931878820,51,2099,0,Drawer Organization,,,https://i.pinimg.com/originals/ae/c7/2e/aec72e2dd35c685fddf906957873cd29.png,1024,1536,0,2026-07-12
2026-09-05,organizacao de armario pequeno,AazxU4WkrQO9Yp77NJX90dQDn14XDVrxKFrHdaZsqR4P44gJmVoKmqy4tDoQV6RR-c7iBTniZMMSebR2oRmZ4gA,52,779,0,Best Amazon Organization,amzlink.to,https://amzlink.to/az0dXHe4oFRhg,https://i.pinimg.com/originals/11/27/1a/11271ac6aaf91a5fcc8ab8471e860af3.jpg,1000,1500,1,2026-06-23
2026-09-05,organizacao de armario pequeno,AdZ2QQaycDL4SoA1vROW2aUFaT9FhN25h9Ro8Aq04jpk87MRwAXFRppVxn1UhrpeoPzaEipHYli3L6b2WNL_62A,53,46,0,Closet & Home Updates for,amzlink.to,https://amzlink.to/az0IWUwsLA6iS,https://i.pinimg.com/originals/30/2e/ef/302eef30c9547b9c96aa0f8549dbe7d0.png,1000,1500,0,2026-01-20
2026-09-05,organizacao de armario pequeno,AVR2wqa8Zj12g_FcE2lTKUvA8jRFPYOswTgisYoYeUfdMV1LFzUPpLGL9Vi-0EKDCz9lIeOVmN7BIIzHua6ktH8,54,3,0,Foldable Storage Bins,homedepot.com,https://www.homedepot.com/p/Esepony-Linen-Closet-Organizer-Storage-Bins-with-Foldable-Clear-Window-for-Organization-Clothing-Jeans-Shelves-4-Pack-GJ168019/341259090?cm_mmc=psoc-pinprg-%7Bcampaignid%7D-%7Badgroupid%7D,https://i.pinimg.com/originals/de/59/33/de5933c561eeec964c876ef5d2bdef4e.jpg,1000,1000,0,2026-02-13
2026-09-05,organizacao de armario pequeno,837177018262273452,55,116,0,Closet pequeno: as melhores ideias para aproveitar seu espaço,quinzeprasnoveblog.com,https://www.quinzeprasnoveblog.com/2024/05/closet-pequeno.html,https://i.pinimg.com/originals/ea/ec/9b/eaec9b9036b7f9d34277a2ffc0e582ef.jpg,563,845,0,2024-05-04
2026-09-05,organizacao de armario pequeno,385761524362050451,56,9,0,Small Closet Organization Ideas to Maximize Storage in Any Space,,,https://i.pinimg.com/originals/ba/f2/dc/baf2dc603bbf3e677ef4fcea25da8d31.png,941,1672,0,2026-08-17
2026-09-05,organizacao de armario pequeno,AXTmvM-d8ZNCN5x7Jc64JSkw32BqwQL-0ozel4w1j-LefVuzdY8sYb59HfliyY_9Pd1rkdXzzJ8XgQmpxD8W_Ls,57,1,0,Homieasy Adjustable 5-8ft,walmart.com,https://www.walmart.com/ip/Homieasy-96-Closet-Organizer-System-3-Hanging-Rods-8FT-Systems-Wall-Mount-Bedroom-Wardrobe-Wood-Drawers-Adjustable-Garment-Rack-5-8FT-White/13137269009?wmlspartner=wlpa&selectedSellerId=101253865,https://i.pinimg.com/originals/26/28/81/2628816fb9b1ffc688830db4e9ed9227.jpg,2000,2000,0,2026-08-31
2026-09-05,organizacao de armario pequeno,116812184080903104,58,58,0,Wardrobe Organization Ideas | Aesthetic Closet & Clothing Storage Inspiration,,,https://i.pinimg.com/originals/5f/ca/15/5fca15fe91362e224f73661b5e23469f.png,1024,1536,0,2026-08-22
2026-09-05,organizacao de armario pequeno,AdeE2Rnm141UKK97ROYbzT8bTY7S0MZ0w7i0tgIHwRR7ekk3m-g4_5FZ_KC3-e88dm0yNZlTws_1c_2eMZZU-rE,59,62,0,Smart Storage Solutions,amzlink.to,https://amzlink.to/az0hEduyhhOje,https://i.pinimg.com/originals/31/19/e9/3119e9e7a46eb50fada1ad0538a58d00.png,1000,1500,0,2026-06-23
2026-09-05,organizacao de armario pequeno,308637380736726681,60,71,0,"Kleiderschrank Organisieren, Das Perfekte Ordnungssystem (Die Du Kennen Musst!)",,,https://i.pinimg.com/originals/ba/89/e6/ba89e63defe0c4874474524c1a5a79dd.png,1000,1500,0,2026-08-22
2026-09-05,organizacao de armario pequeno,AY_86oo1mlcqa0uYi7j-DoM4ZfJ3Tn7_SOEDzd2V9Gr0XnBcBTLMFED8R2aQ7hcAbJtxIkzAClh-pInNrD7ZGsQ,61,0,0,"63"" W Bedroom Wardrobe",wayfair.com,https://www.wayfair.com/Latitude-Run%C2%AE--Leadley-9Drawer-7Shelf-Wardrobe-X222953155-L16-K~W111842044.html,https://i.pinimg.com/originals/c2/ca/d1/c2cad10c4b613ff24ff54633a690546c.jpg,400,400,0,2026-08-28
2026-09-05,organizacao de armario pequeno,AdrILBbrUsHvqCFtuyOQO0uQ-Il2qWZehjI8ymksELtTaun6FDDS5oL0i5Dl6wEfbiT43wTxf6W-NiLc0iQNmLY,62,0,0,Simple Floor-Standing,maoters.com,https://www.maoters.com/product/simple-floor-standing-living-room?variant=MTW00393,https://i.pinimg.com/originals/11/f4/ee/11f4ee9bb7779a97d3735dc6ace5b586.jpg,775,1000,0,2026-08-07
2026-09-05,organizacao de armario pequeno,125537908358592956,63,52,0,Closet Organization Ideas: 8 Small Space Storage Solutions,,,https://i.pinimg.com/originals/64/49/e3/6449e39fdd24086b49e088ac97463d2d.jpg,572,1024,0,2026-08-19
2026-09-05,organizacao de armario pequeno,14425661318852066,64,344,0,Minimal Closet Makeover • Over-the-Door Closet Cascaders You'll Love,,,https://i.pinimg.com/originals/0e/62/35/0e6235bab65d0de235d87b66fd658ff8.jpg,768,1365,0,2026-08-13
2026-09-05,organizacao de armario pequeno,AWqRjXzungybwZGPh5WFqiuNYic6B4Isjy3i0Q8fjzvbAPQ84MfQ3XOf7uZk8j92HfziHS_FZV6o7p7JaxX40_U,65,12,0,"47"" Glass Top Walk-in",homary.com,https://www.homary.com/lditem/47-glass-top-walk-in-closet-island-8-drawer-dresser-with-light-52439.html?currency=usd&language=en&country_code=us,https://i.pinimg.com/originals/1a/bc/d9/1abcd94ffc5ac38f3811e636a380f81c.jpg,2500,2500,0,2025-04-28
2026-09-05,organizacao de armario pequeno,Ab8AWzOW1uICZxh0MLcE1hCGLX1zhGabYMhBSiidVJDniZZDMbLw_A7jAv2EUygcsoDnny9w6j2LSmwxl84x9AQ,66,1,0,Whitmor 28.38 in. H X 11,acehardware.com,https://www.acehardware.com/p/5040585?x429=true,https://i.pinimg.com/originals/8e/72/11/8e7211fe48f004e10317d30abcd71585.jpg,1500,1500,0,2025-10-18
2026-09-05,organizacao de armario pequeno,Aarim9ljx3rEBs_WtyB4n0t4aMjEy7Nx78FiWrpmZ_IIyFZQIKdRMS57_agJGcksmx_55_fBn3JoDQDjQP-yIRg,67,0,0,Shop dorm room,michaels.com,https://www.michaels.com/lp/blog/dorm-essentials?cm_mmc=PaidSocial-Pinterest-July-Awareness-none-video-07.22.26-10.17.26&utm_campaign=July&utm_medium=PaidSocial&utm_content=Awareness-none-video-07.22.26-10.17.26,https://i.pinimg.com/originals/b1/a7/dd/b1a7dd7225136ba7e56b6c62e7956c02.jpg,720,1280,1,2026-07-21
2026-09-05,organizacao de armario pequeno,AbTsF249J2F3cW6vqcgPO8lIcKC2tJd6Z5JapK3RuO5oXt7mfNB2Jv7l61EjChpG1Ur3XEPjplM3FKJwoHyM0go,68,1,0,Find Your Perfect Dresser,go.roomandboard.com,https://go.roomandboard.com/fUCNdW,https://i.pinimg.com/originals/15/e2/d9/15e2d9be299a34a0bb256035fddfd27a.png,1000,1500,0,2024-11-26
2026-09-05,organizacao de armario pequeno,52635889391532217,69,16,0,Small Closet Ideas | Double Your Storage Without Renovating,,,https://i.pinimg.com/originals/66/61/b7/6661b74cad8267f741bf5124b265387e.jpg,768,1365,0,2026-07-16
2026-09-05,organizacao de armario pequeno,868280003181504104,70,6,0,Small Closet Organization Ideas That Look Beautiful,,,https://i.pinimg.com/originals/4a/71/0b/4a710ba35e6b55cbd2f8689963db831d.png,1000,1500,0,2026-08-08
2026-09-05,organizacao de armario pequeno,AaVASwGWMhtnvQV9ZMlAmZIfyGrR0chZMS3X9dDdtjYeYU0ntqKfBR4LUw7BaDnr0-L3ddqNuIuKBBqqHLdQsWw,71,1,0,Temu 10-Pack Stackable,temu.com,https://www.temu.com/ul/kuiper/un3.html?subj=dpa-un&_bg_fs=1&_p_jump_id=1082&_x_vst_scene=adg&goods_id=601104500583341&adg_ctx=a-c34e6e21~c-579e0fc8&_p_rfs=1&_x_ads_channel=pinterest&_x_ads_creative_id=%7Bproduct_partition_id%7D&_x_ads_id=%7Badgroupid%7D&_x_ads_set=%7Bcampaignid%7D&_x_ads_sub_channel=shopping&_x_ns_catalog_id=1567707391772&_x_ns_creative=%7Badid%7D&_x_ns_gid=601104500583341&_x_ns_,https://i.pinimg.com/originals/a8/65/d2/a865d2506e63322a44d2ea059aa9e1cb.jpg,800,800,0,2026-06-15
2026-09-05,organizacao de armario pequeno,AePtcZ4J87PEiMZrhkoNCLXzBcNGAKQNkvtO8X7_RAi0xoqgj2RQjLJBGkAP9QIyCdsguO45Y8e0G2-g4Z_q7Cs,72,0,0,Classic 6-Drawer Dresser,plankandbeam.com,https://plankandbeam.com/products/classic-6-drawer-dresser?variant=44630824550562,https://i.pinimg.com/originals/a8/50/cb/a850cbe84dfc7edf5da6d4a7d3fefa9e.jpg,1063,1200,0,2026-03-06
2026-09-05,organizacao de armario pequeno,Ab29t6wBmMMbXVvw2pmB7DTdR1CSLYPXeEG4GllyW0cGB8iQQkxEM2P8r541UFtiz-vh8mHpTZi79NpQd5jREwc,73,4,0,6 Drawer Wood Dresser |,hernest.com,https://www.hernest.com/item/renata-65-inch-travertine-textured-6-drawer-dresser-p-8728.html,https://i.pinimg.com/originals/ab/19/ca/ab19cac9074cbe417f619cf145007ce6.jpg,2000,2000,0,2026-07-07
2026-09-05,organizacao de armario pequeno,563018699962635,74,621,0,Accessory Organization Ideas | Calm Closet Corner,,,https://i.pinimg.com/originals/aa/5b/b8/aa5bb8ec89168501be7910fe8e84d7d7.png,941,1672,0,2026-08-21
2026-09-05,organizacao de armario pequeno,5488830793311291,75,175,0,Cómo organizar un closet pequeño de forma funcional y bonita,,,https://i.pinimg.com/originals/a3/10/37/a31037e80bf97ed6a511b3742439e574.jpg,1242,1860,0,2026-06-07
2026-09-05,decoracao quarto pequeno,AasKIGm_ZwNq0oVrlSlEbMeunzIW-tdEyG3jcXYhWfA9vYEO3nDueyko7A865kYFun_BQhBVtXmnFTh18Tqj8Fw,2,50,0,Bundle auto and home,libertymutual.com,https://www.libertymutual.com/multi-online-quotes?selectedOpt=auto_home&cid=soc&cmpgncde=2405&keyCode=SMFCTC00&src=cm-dsoc-aut-pin,https://i.pinimg.com/originals/d2/ea/e2/d2eae2794ac9c7110ee749801c329255.jpg,1080,1620,1,2026-08-11
2026-09-05,decoracao quarto pequeno,18577417210057188,3,782,0,Small Bedroom With Vanity Ideas,,,https://i.pinimg.com/originals/03/c2/7d/03c27d4213a9c28ffde0b5382bc93f42.jpg,720,1072,0,2026-08-26
2026-09-05,decoracao quarto pequeno,3166662233772887,4,4743,0,Quarto pequeno com parede ripada e iluminação aconchegante estilo luxo,,,https://i.pinimg.com/originals/2b/63/d1/2b63d1411e97e2bd28bd9318bbbae076.jpg,843,1264,0,2026-04-20
2026-09-05,decoracao quarto pequeno,1090434128561152400,5,3,0,NEM PARECE UMA CASA PEQUENA 😱,s.shopee.com.br,https://s.shopee.com.br/50YNNoZghS?channel_type=pinterest,https://i.pinimg.com/originals/06/fb/85/06fb85946964b61e56659fbe4042e7b6.jpg,736,1307,0,2026-08-19
2026-09-05,decoracao quarto pequeno,AViw6bTuL-0LKq8j6Lok55xFXOMXzM9t8wKd2Tw3w6pyrOB2Zu3aouecc-u-EiZICfW_GYxK3S0nSzuDWeK5gMU,6,0,0,Better Homes & Gardens,walmart.com,https://www.walmart.com/ip/BHG3COMFTFLQNBLUSH/15451216361?wmlspartner=wlpa&selectedSellerId=0,https://i.pinimg.com/originals/9e/bd/2f/9ebd2f9e3f4b273513d396accf553958.jpg,1200,1336,0,2026-08-29
2026-09-05,decoracao quarto pequeno,8585055536943955,7,2729,0,,,,https://i.pinimg.com/originals/c0/35/b6/c035b64dc172e3a00f504a7288fc75e3.png,1102,1427,0,2026-08-26
2026-09-05,decoracao quarto pequeno,AZtIY-yJCKPsZeCQ9I722Vhga9xsUn6JC_G59KNw7ekUHHdD7t-FMmOTSu8GxoiJcQTjt04hqF9tpJO2uqlYEWo,8,1,0,My Texas House Flynn,walmart.com,https://www.walmart.com/ip/My-Texas-House-Flynn-Boucle-Platform-Bed-Queen-Cream/7703416814?wmlspartner=wlpa&selectedSellerId=0,https://i.pinimg.com/originals/53/74/07/537407b0a95a12f6c2fe333ab5de72ca.jpg,1149,1249,0,2026-08-27
2026-09-05,decoracao quarto pequeno,AYcNLL_rC5a9eg2RtXImrNIx7kXyYKWHmaCD6U4rt1VkK0pAUHDgXHP8GSSr_wYIMtgFWo2fsaNNOYsw3zJDqBg,9,2,0,Small Space Inspiration,joybird.com,https://joybird.com/beds/hughes-bed/?fabric=crave_irish_cream,https://i.pinimg.com/originals/fe/79/9c/fe799c73c1a0913c52d532702edf8ff0.png,1000,1500,0,2026-07-02
2026-09-05,decoracao quarto pequeno,1130122100273084679,10,2,0,Quartos e apartamentos pequenos,s.shopee.com.br,https://s.shopee.com.br/AUtOIvGFg3?channel_type=pinterest,https://i.pinimg.com/originals/54/75/e8/5475e8f1fd96ce844257286c88dd35bf.jpg,736,1104,0,2026-08-21
2026-09-05,decoracao quarto pequeno,AesndP459QjUN4gwbe5zN3NXNUS9a_Ssw662yqQWZMHbIfE2Cs_g-K1pQKAHjQl3CHnGz7qYOQi8r72JJToAMq8,11,19,0,Modern Bedroom | Lucerne,stickley.com,https://www.stickley.com/collections/lucerne,https://i.pinimg.com/originals/53/4e/b1/534eb15305d4e94a7fe54235352f1b44.jpg,1000,1500,0,2026-07-22
2026-09-05,decoracao quarto pequeno,AaVYO5qGPHQtCsdwVEKXsQC5KJ1sjqNZ6fvs3QhBBRipCIA4rAhjeHC1N7ImNhVIe7etjiZKMLaC-GU62HQl0SY,12,951,0,Cozy Bedroom Ideas With,amzlink.to,https://amzlink.to/az0rnCRJeRnph,https://i.pinimg.com/originals/ec/cc/61/eccc6188fd8ed958b531de2ec451a29b.png,1000,1500,0,2026-02-28
2026-09-05,decoracao quarto pequeno,395683517286785884,13,67,0,Small Bedroom Inspiration for a Modern Cozy Space✨,pinterest.com,https://www.pinterest.com/sofidecorhome/bedroom-organization/,https://i.pinimg.com/originals/85/b9/ad/85b9add340b06f8e19c098b8e78ac4cc.webp,1000,1500,0,2026-08-23
2026-09-05,decoracao quarto pequeno,142989356918593102,14,595,0,💫Simple and Aesthetic Bedroom Ideas💡🎀,,,https://i.pinimg.com/originals/15/9c/75/159c7525f04d22bfbf2acdf5b09592b9.png,1024,1536,0,2026-08-25
2026-09-05,decoracao quarto pequeno,AanXBYkU-nzlhc1mQ19I3IkWGEiQoDPiD61nIoQhRoUgeWv39naxL5sj3JYR1_iTDuSGTtzqYOAG3RT0_hCKlSA,15,0,0,Dan River Queen Fitted,walmart.com,https://www.walmart.com/ip/DAN-RIVER-100-Cotton-Jersey-Queen-Fitted-Sheet-Single-Sheet-Only-Heather-Wrinkle-Free-Snug-Fit-Queen-Bed-Sheets-16-Inches-Deep-Pocket-Light-Gray/2663673907?wmlspartner=wlpa&selectedSellerId=101107287,https://i.pinimg.com/originals/21/0e/5c/210e5c707223acac596c4eb6d0d89271.jpg,1073,1200,0,2026-08-27
2026-09-05,decoracao quarto pequeno,AQy3Ylc0u0l13voRhwdIha7IH2cLPusFJ4K4pTjJffHVkxKoK_rcdkvBTczr8wGK9ln6JqmrUN2wbAN0kgGjReg,16,18,0,Purple Plus™ Mattress -,purple.com,https://purple.com/mattresses/plus?size=Queen,https://i.pinimg.com/originals/58/96/25/5896257cb9bf757ec65d6f6990583d42.jpg,991,1200,0,2025-12-23
2026-09-05,decoracao quarto pequeno,AedzKccEpRWJG_najHOCfSf7_Q2g-S7ry96Sjt1qMosqIlEotQWvXSj5McpsP3Hk32qd-OzcQoJmzpW4JkF7zBE,17,1,0,Ditch the achy mornings &,mattressfirm.com,https://www.mattressfirm.com/mattresses/5637147600.c?uc_param=royale,https://i.pinimg.com/originals/d4/19/f7/d419f78807137a3079f002d775d27f4d.jpg,1000,1500,1,2026-08-12
2026-09-05,decoracao quarto pequeno,Af0MmC9Y57gFY_crm3khve1XNsQv8vhX3ZjT5j4glV2mz_mTHuQQsNqNEugEnk2oxrjVH0NWNp-Hqwypo9LfB0s,18,5,0,Bella Upholstered,wayfair.com,https://www.wayfair.com/beds/pdp/latitude-run-bella-bed-w120893943.html,https://i.pinimg.com/originals/1e/f3/5c/1ef35c5e3c9ac6f550378cec43ba6c6b.jpg,750,750,0,2026-07-27
2026-09-05,decoracao quarto pequeno,290834088458950198,19,482,0,,,,https://i.pinimg.com/originals/29/9f/b3/299fb3ec635f42f5dd09d9bf18b5e05d.jpg,2160,2700,0,2026-08-26
2026-09-05,decoracao quarto pequeno,1098315427906724327,20,222,0,,,,https://i.pinimg.com/originals/25/ee/7e/25ee7e497a287e7e3e6e0e16da436fea.jpg,736,1000,0,2026-08-20
2026-09-05,decoracao quarto pequeno,809170258093796779,21,14,0,Small Bedroom Ideas | Small Bedroom Decor & Bedroom Storage Ideas for a Modern Luxury Bedroom,smallbedroomideas05.blogspot.com,https://smallbedroomideas05.blogspot.com/2026/07/blog-post.html,https://i.pinimg.com/originals/f8/78/45/f87845401a709d346a57395b0578e51a.png,736,1096,0,2026-08-24
2026-09-05,decoracao quarto pequeno,AXYBmpAj3IRJSX8CMcyuM5YKjnjfm2B3RusIfBIBLnKjPC10VzRPcy_EOJ3PEP3bLsQlOwdNDviv1fbdkZKvonk,22,1,0,A Daybed Dream 🩷🧸,maxandlily.com,https://maxandlily.com/,https://i.pinimg.com/originals/75/1a/bd/751abd30e6913f05ef5f259a548c0d82.jpg,736,1097,0,2026-07-23
2026-09-05,decoracao quarto pequeno,1146588386416049224,23,116,0,Cozy Small Bedroom with Built-In Home Office,,,https://i.pinimg.com/originals/17/41/75/1741756c68bbb3d0fd1e6f961839cc06.jpg,1200,2133,0,2026-08-19
2026-09-05,decoracao quarto pequeno,92042386130825670,24,285,0,Cozy Sage Green Bedroom Ideas for a Cute & Relaxing Space,,,https://i.pinimg.com/originals/4e/05/dc/4e05dc4a009677701ad7872ac6f44500.png,1023,1537,0,2026-08-21
2026-09-05,decoracao quarto pequeno,AcihdrYl1sR4LXx_ulRemuR8AM-4zRgzb6ZK5O133YF7mLkP5zhZiGnordAQ-0eE5QcTLysTX5uDttjjb1AOJP0,25,1545,0,Girls Bedroom Wallpaper,wallblush.com,https://wallblush.com/products/cocos-cottage,https://i.pinimg.com/originals/60/d8/dd/60d8dd8c0902a22b17c68ae85eaeacee.png,1792,2400,0,2026-04-30
2026-09-05,decoracao quarto pequeno,AXS2ktqOHp3Vj8dhAzuRIBxcR5OLQahySnPk6mS0KuXB5wu9sLRtcYLbyaJFmsDnZWUGxH19A6n83k44iZaR444,26,4,0,Van Der Valk Hotel,expedia.com,https://www.expedia.com/Hotel-Search?destination=Brasschaat&selected=2755638&startDate=2026-09-10&endDate=2026-09-11,https://i.pinimg.com/originals/d8/be/24/d8be2486fbee03ffa564e1139b15b6f9.jpg,1000,1500,0,2026-07-08
2026-09-05,decoracao quarto pequeno,1101270915159365218,27,156,0,Kit Mesa Rosa Escrivaninha de Canto com 3 prateleiras para quarto e escritório em mdf 15mm,,,https://i.pinimg.com/originals/2b/18/f5/2b18f5951461c688a9b85874daee3bcc.png,1024,1536,0,2026-08-08
2026-09-05,decoracao quarto pequeno,1119496419896594809,28,1061,0,,,,https://i.pinimg.com/originals/3b/ca/d2/3bcad23fa698a2b527c97e4a47ab7d25.jpg,1023,1537,0,2026-07-06
2026-09-05,decoracao quarto pequeno,AWAcQC-9s91zCQPggi3QSTXzaRmTpnQqwEvwRi-Y1efSshewYCZ-qv951cxGAXY2zlaCzELFgKdZ2mFUaaE2QOA,29,1,0,Lila 100% Blackout Drape,twopagescurtains.com,https://twopagescurtains.com/products/lila-blackout-drape-grommet?variant=49895182762295,https://i.pinimg.com/originals/cf/4b/25/cf4b25eb10262abbf0298d0fc91dee0b.jpg,800,1200,0,2026-06-12
2026-09-05,decoracao quarto pequeno,605593481183278001,30,4123,0,Elegant Teen Bedroom in Misty Cream and Nude Accents,civiljungles.com,https://civiljungles.com/top-32-girls-bedroom-ideas/,https://i.pinimg.com/originals/d5/28/6f/d5286f1984135024275dff8bacf232df.png,736,1312,0,2025-07-14
2026-09-05,decoracao quarto pequeno,AU0k-oc4R8QXQpZSlDC7cecFprdPR-nFl2iFr39WFnDoax2Q3ZojBL3PEzZxSwXNDQXAfe-p_0WKl3Vt7USYPzM,31,132,0,Your Dream Home Starts,carolina-furniture.com,https://carolina-furniture.com/,https://i.pinimg.com/originals/19/32/f0/1932f0d6a6d93ed397b23d1d5dbe1e15.png,1000,1500,0,2025-08-26
2026-09-05,decoracao quarto pequeno,39054721769272388,32,830,0,Cozy Black & White Bedroom Ideas | Modern Minimalist Bedroom Decor,,,https://i.pinimg.com/originals/9c/77/c5/9c77c53716cd060819586a562a4666fb.png,1024,1536,0,2026-08-24
2026-09-05,decoracao quarto pequeno,36873290702714840,33,90,0,,,,https://i.pinimg.com/originals/6f/df/4d/6fdf4d4c5eafa43ec8519689dffc74b6.jpg,1170,1752,0,2026-08-05
2026-09-05,decoracao quarto pequeno,AVEMjXjU-DGu2sBLh9BJdOne_KYAFulkda1d98eo5r9Smv1eHg6RtvNQlgAgfpc3avrT_OdqY1qseHxSjLnFL44,34,1,0,Put Your Design Skills to,designwithfriends.com,https://designwithfriends.com/,https://i.pinimg.com/originals/8e/9c/6c/8e9c6ca4b13201d7f182c719564b8570.jpg,1080,1920,1,2026-05-28
2026-09-05,decoracao quarto pequeno,3729612269869560,35,2083,0,,,,https://i.pinimg.com/originals/10/a6/0b/10a60b1f1b6c20da3431aa394503a4a9.jpg,736,1104,0,2026-08-23
2026-09-05,decoracao quarto pequeno,AbtS0yulo61dGk0oIFr2tPRDa3wdq3ALzeMBX7IzcqT6ttUkgzOebSsi_41cfn3dXa_FxkpoTWeweGzfBJ8KWPg,36,358,0,Shop this room,wayfair.com,https://www.wayfair.com/discover/filters/idea/398731818?creative_id=197686,https://i.pinimg.com/originals/8d/f7/05/8df705698691303d0fcda61460b27fee.jpg,1000,1500,0,2026-03-11
2026-09-05,decoracao quarto pequeno,351912467551780,37,16692,0,Scandinavian Bedroom Ideas | Cozy Minimalist Bedroom Decor,,,https://i.pinimg.com/originals/96/71/d1/9671d1d946a751e7e665eb603b81fe0c.png,1024,1536,0,2026-08-03
2026-09-05,decoracao quarto pequeno,AbX_5GqZliBmu08sZWPuMfPJ9GPSUrIt6t_Jh0n4pr5EbXNBeadKkBrGO9NJCSRw_MaTyH2c2abVsntFSxEotu4,38,0,0,Davulos Pink Full,walmart.com,https://www.walmart.com/ip/Davulos-Pink-Full-Comforter-Set-7-Pieces-Bed-in-a-Bag-for-All-Seasons-Box-Stitched-Soft-Bedding-Sets-Luxury-Hotel-Bedding-Gifts-for-Women-Men/16007304448?wmlspartner=wlpa&selectedSellerId=102527481,https://i.pinimg.com/originals/b5/72/ea/b572ea9851d7a576906d5aa90ca92e05.jpg,1600,1600,0,2026-08-29
2026-09-05,decoracao quarto pequeno,Aew257TZDWbsHxbptd-8dT2KGtKsUCfrnLU3bFsmKTPZEY3OKvSArIARA-RTH2jdqp68PSYASMM_-IQ53tadQRw,39,1,0,Elegant Linen Pinch,amazon.com,https://www.amazon.com/dp/B0GFDBM53H,https://i.pinimg.com/originals/27/3b/4e/273b4e30d40fab57cc9fad16240332fc.png,1024,1536,0,2026-03-17
2026-09-05,decoracao quarto pequeno,AcIzpQ8M_jbk9SBg-34X_exyl-On-drREHe-mmQ1JtBtv60SRXOBvyPHGfPpFByZkh9-Vqa9aGk5umkymInLIx8,40,14,0,Find furniture and decor,homedepot.com,https://www.homedepot.com/b/Home-Decor/N-5yc1vZas6p,https://i.pinimg.com/originals/3f/d4/78/3fd478a0f5d7fdd93b5c3fd190ed844e.jpg,1000,1500,0,2026-08-10
2026-09-05,decoracao quarto pequeno,897060819547678733,41,2041,0,,,,https://i.pinimg.com/originals/18/8d/1c/188d1cbe4e2d140c3d4f77514032f33d.jpg,1080,1920,0,2026-08-20
2026-09-05,decoracao quarto pequeno,829717931397541025,42,48,0,,,,https://i.pinimg.com/originals/76/f4/09/76f409f6e99186da6abc8bc83b1247a2.jpg,1080,1920,0,2026-08-19
2026-09-05,decoracao quarto pequeno,1018306165765098949,43,50,0,"Small Bedroom Ideas | Cozy Bedroom Decor, Warm Lighting & Boho Botanical Wall Art",amazon.com,https://www.amazon.com/dp/B0H11CTBCM?ref=t_ac_view_request_product_image&campaignId=amzn1.campaign.IXLSK0WO754J&linkCode=tr1&tag=cozyhomef0318-20&linkId=amzn1.campaign.IXLSK0WO754J_1786952083900,https://i.pinimg.com/originals/62/09/87/620987ec5c4c432c2a38e8ccc1132928.png,1024,1536,0,2026-08-25
2026-09-05,decoracao quarto pequeno,ASZB97HnuEg997LTcRbo1w1kW38U3I_j530_STzvXhcraN5ru1xGYvhpnOX_VBgV3umkl4b2Xbtp2MtXI9hixVg,44,1,0,Floral Duvet Cover Queen,walmart.com,https://www.walmart.com/ip/Floral-Duvet-Cover-Queen-Size-100-Cotton-Reversible-Green-Botanical-Leaf-Printd-White-Comforter-3-Pieces-Soft-Breathable-Spring-Cottagecore-Bedding-S/5972059033?wmlspartner=wlpa&selectedSellerId=101120119,https://i.pinimg.com/originals/bc/ed/6a/bced6a08e8294f7f004a93b2d6f8886d.jpg,422,450,0,2026-08-22
2026-09-05,decoracao quarto pequeno,AeMDYDaITtLmN5cX9dzJ6vkevuSxWdRZ0rZYdspTe2lP_9qoEN2EkQs8_C3Ahtm_w92ImCEW6vYjNf1BoVSL6CQ,45,12,0,Ipormis Makeup Vanity,walmart.com,https://www.walmart.com/ip/iPormis-Makeup-Vanity-Desk-Round-Mirror-Lights-5x-Magnifying-Mirror-Dressing-Table-w-Power-Outlets-Doorshelves-Adjustable-Storage-Natural/19422870123?wmlspartner=wlpa&selectedSellerId=101526086,https://i.pinimg.com/originals/58/ef/32/58ef3215a64c786d08b46d5af4a1afd6.jpg,435,450,0,2026-06-03
2026-09-05,decoracao quarto pequeno,955466877224299407,46,2263,0,Cozy Minimalist Warm Beige Bedroom,amzn.to,https://amzn.to/4gGIuOM,https://i.pinimg.com/originals/66/c3/c0/66c3c0daf05d5e8965711b5a08f17bd8.png,896,1190,0,2026-07-13
2026-09-05,decoracao quarto pequeno,211174978770072,47,18340,0,,,,https://i.pinimg.com/originals/3c/b1/57/3cb15707bcefd78317fd34f57b250eb6.jpg,736,1308,0,2025-10-21
2026-09-05,decoracao quarto pequeno,1090926709829041427,48,19,0,Decoração Quarto ✨️,onelink.shein.com,https://onelink.shein.com/48/5z9n6oebvrk2?ismg_ol=7nPirHcNctI_01_KOC-C,https://i.pinimg.com/originals/a0/1e/81/a01e81699dd6306448b44ef6ce093310.png,941,1672,0,2026-08-18
2026-09-05,decoracao quarto pequeno,1094585884462861029,49,248,0,,,,https://i.pinimg.com/originals/98/c2/6e/98c26e5e65ba732aa5c30b6e79fadb7c.png,1024,1536,0,2026-08-13
2026-09-05,decoracao quarto pequeno,ARPwAeFqSrr72qyXv2mxwSETUKHKYpMgRXh5fVLa1fZ_4SQMHRJI5Ew42cNkfD-VYisLoynDqPYCkk9f9AAVNV0,51,422,0,Bundle auto and home,libertymutual.com,https://www.libertymutual.com/multi-online-quotes?selectedOpt=auto_home&cid=soc&cmpgncde=2405&keyCode=SMFCTC00&src=cm-dsoc-aut-pin,https://i.pinimg.com/originals/b4/86/02/b486029a82aefb00281e84e7a9889131.jpg,1000,1500,0,2024-02-14
2026-09-05,decoracao quarto pequeno,113715959338309593,52,55,0,Small Bedroom Ideas: Modern & Cozy Guest Room Inspiration,,,https://i.pinimg.com/originals/7e/75/61/7e7561434766d7d8579432048b785673.jpg,720,1280,0,2026-08-21
2026-09-05,decoracao quarto pequeno,398639004542191026,53,2935,0,,,,https://i.pinimg.com/originals/36/9c/79/369c7996f2bfdceb5e3653934c719f3f.png,941,1672,0,2026-07-09
2026-09-05,decoracao quarto pequeno,3237030979276226,54,1952,0,Modern Living Room Wall Decor Ideas for Indian Homes | Elegant Gallery Wall Design Inspiration Today,,,https://i.pinimg.com/originals/98/0c/46/980c469b94e8d73e2b82ccf175b35dae.png,1024,1536,0,2026-08-13
2026-09-05,decoracao quarto pequeno,AWC3aCAY5oYU4TYw98ibdo0pJElLqqr4HInU-hLzqiVshalYEmwsaTBO7EwPmzKL4YkglRm5jTbGQeRJMjgM4MU,55,1,0,A mattress that helps you,sleepnumber.com,https://www.sleepnumber.com/?acid=soc&ascid=%7Bcampaignname%7D&atid=%7Badgroupname%7D&platid=PIN&ogid=%7Bcampaignid%7D%7C%7Badgroupid%7D%7C%7Bcreative_id%7D,https://i.pinimg.com/originals/0b/aa/b7/0baab77b6a569579e1ecf4ec45437f97.png,1000,1500,0,2026-04-27
2026-09-05,decoracao quarto pequeno,Aaju7W2hqBDEy1NFnLT9gbj8fPfmZKIokob9EYndZv2nLKaAagCEIApav1NKQoEccbH98pQjxUOjgGKvVmBdEOo,56,1,0,Their Dream Room Come to,maxandlily.com,https://maxandlily.com/,https://i.pinimg.com/originals/1a/24/af/1a24afa7cee2578f388a429af7f76c45.jpg,735,1104,0,2026-07-23
2026-09-05,decoracao quarto pequeno,137922807336202212,57,271,0,,,,https://i.pinimg.com/originals/00/0b/61/000b61bce731c384d907d7298c4bb7ad.jpg,736,1307,0,2026-08-26
2026-09-05,decoracao quarto pequeno,1100919071895006480,58,16,0,Estante decorativa,s.shopee.com.br,https://s.shopee.com.br/5fntvxtbII?channel_type=pinterest,https://i.pinimg.com/originals/d7/1b/5f/d71b5f8970014e7e83f0ae2f0df64cf8.jpg,736,1307,0,2026-08-12
2026-09-05,decoracao quarto pequeno,AVVvnguqcNmaVy0dzaRdglkrNAz1EVWTIPrEtS83ZVF96l4y37G0tNTuT3cgRSpk_NMYTHvueB1cjUEb6xfkE48,59,25,0,Cozy Minimalist Dorm Room,zonlihome.com,https://www.zonlihome.com/products/futon-mattress,https://i.pinimg.com/originals/4e/25/92/4e259211dbeda0c1e70676e24d276221.png,1000,1500,0,2026-07-09
2026-09-05,decoracao quarto pequeno,AVImrnJwAKD2zflCJEshW6zwHZxOR9adgZHbJszBDSsQwelSaplbLIIoDII--64IXaHOjg_qw7lXyTrNPpiy8YA,60,404,0,Tell the group chat:,walmart.com,https://www.walmart.com/cp/dorm-room-essentials/1225229?sourceid=dsn_pin_fe6229ea-cd44-4854-9ab4-7cea85d8bf6f&veh=dsn&wmlspartner=dsn_pin_fe6229ea-cd44-4854-9ab4-7cea85d8bf6f&cn=01em_fy27_btc_btc_up_int_soc_static-video-pin,https://i.pinimg.com/originals/68/c6/1e/68c61e92469dac792f5e1aeec65c92b8.jpg,1000,1500,0,2026-06-10
2026-09-05,decoracao quarto pequeno,AWhFk-B1ZbuSDnGVIngQ3GbhSFhfkCWA0sYwoisiLuCR5trWjxZ88NahU9q_ujuWrl2-R4vFqwEsZMAIszwxlSg,61,1,0,The Room That Holds You,zgallerie.com,https://zgallerie.com/inspiration?room=bedroom&utm_source=pinterest&utm_medium=cpc&utm_campaign=evergreen+bedroom+pic1+260727+pin+click,https://i.pinimg.com/originals/0c/6f/9f/0c6f9fa4f908ec8fb8718427b823e172.jpg,1000,1500,0,2026-08-11
2026-09-05,decoracao quarto pequeno,134826582590131778,62,128,0,Interior de Quarto,,,https://i.pinimg.com/originals/c3/2b/fc/c32bfc9eb176364bc5c0d16f5d52e1d7.png,952,1687,0,2026-08-23
2026-09-05,decoracao quarto pequeno,1032802127101907474,63,25,0,Cantinho de estudos simples no quarto,,,https://i.pinimg.com/originals/f0/8f/8d/f08f8d0d4d20e6bebe15476010d64f2f.png,941,1672,0,2026-08-17
2026-09-05,decoracao quarto pequeno,AQjBDCAranF9JyXUJvR8vaYSh7nEC3Mghr48j_o-RqbhoqBDjrhhXyDPXRChRvC17BwZSAJY8fsfPKEpd8ySahA,64,4,0,Storage & Organization |,stickley.com,https://www.stickley.com/collections/lucerne/products/lucerne-8-drawer-dresser,https://i.pinimg.com/originals/6a/fc/a8/6afca8dcc92707d0a631cc7a6966cb8b.jpg,1000,1500,0,2026-07-22
2026-09-05,decoracao quarto pequeno,AcDoWVP1yabhSY0dnT1kw1iKaD8gmBPMS8FmlI5m4HYW5ynChmkPxFcKY8X4HgQ-0J6XcDj3YYDphFSbF2_oJn4,65,180,0,Home & Bedroom Decor,amzlink.to,https://amzlink.to/az0EPq7P0qLpI,https://i.pinimg.com/originals/f9/5d/61/f95d61026c2383623b2b0c1849cb7bc8.png,1000,1500,0,2025-08-04
2026-09-05,decoracao quarto pequeno,AaMJQG4m1XrmeXpFFYZdDGCTsoWber2fWxCBFEWEZbO_NZ6No25Y_vaX1Ru8hDw7oXB_vQeZLmShjKMXX50D8M4,66,1,0,Robbinsdale Gray,homedepot.com,https://www.homedepot.com/p/Signature-DESIGN-BY-ASHLEY-Robbinsdale-Gray-California-King-Panel-Headboard-B742-58/338000251?cm_mmc=psoc-pinprg-%7Bcampaignid%7D-%7Badgroupid%7D,https://i.pinimg.com/originals/e0/bc/52/e0bc5291228f6e6b652e51a90a3c58b9.jpg,1000,1000,0,2025-11-24
2026-09-05,decoracao quarto pequeno,1063342162048389061,67,633,0,Ejemplos para renovar la estancia de dormir,,,https://i.pinimg.com/originals/09/dc/7b/09dc7b9c38697ae9a8195cbcd85d1d38.jpg,736,1104,0,2026-06-22
2026-09-05,decoracao quarto pequeno,AU15swewRAsaCtsLMmhiU3ExeJ5E1IMNCP2t-9x3xoItQOsIEg0R-AUf4T3kKFOpy2YQEt2U4Yxx4xcGqAzpctM,68,3008,0,Bedroom Decor,liketk.it,https://liketk.it/4V2Q6,https://i.pinimg.com/originals/23/6f/ed/236fed3c78766868e8b0e1007825e1a1.jpg,837,1255,0,2025-01-23
2026-09-05,decoracao quarto pequeno,1477812375594501,69,2891,0,,,,https://i.pinimg.com/originals/b7/c0/2d/b7c02d192aa8fcb9e94c5d32f1815b9e.png,1122,1402,0,2026-08-15
2026-09-05,decoracao quarto pequeno,ARTKj1OwSQbpiWZR1gmiWFrfxSpw11Z0CkuT772jReHaCwVa13izF1nkBbXbvyCvuayUxcJb6u8tlh21hFj9WK8,70,0,0,Dorm Room Makeover Ideas,lahomedecor.com,https://lahomedecor.com/products/rosabel-washable-floral-bows-pink-rug?utm_source=pinterest&utm_medium=pinads&utm_campaign=newin&utm_content=Tindy,https://i.pinimg.com/originals/af/91/80/af91803bbded0e2c1f3c7d0cf100e66b.jpg,720,1280,1,2026-07-03
2026-09-05,decoracao quarto pequeno,4292562141617535,71,447,0,"Chic Bedroom: Cozy Bed, Desk, and chandelier Glow",,,https://i.pinimg.com/originals/1c/90/7d/1c907d5ac80e0062e5b4ad6747d2f064.png,1024,1536,0,2026-08-01
2026-09-05,decoracao quarto pequeno,1093389615811565148,72,70,0,decoração de quarto,s.shopee.com.br,https://s.shopee.com.br/4Az7zirAbQ?channel_type=pinterest,https://i.pinimg.com/originals/f3/a9/71/f3a971a5559bf7a1cfd219b725408de6.jpg,735,1105,0,2026-08-13
2026-09-05,decoracao quarto pequeno,AbGhX1aMyUeYVAw5hEbNXOF_WSR2z9b27VQPWdiiyb5hTnpEU2fsVEG7yPgizBYW7RtDxn1cpZhhoNpL3njh3Pg,73,10,0,Dreaming of a sleep,mattressfirm.com,https://www.mattressfirm.com/sale/5637147613.c?deals=Clearance,https://i.pinimg.com/originals/24/b4/ef/24b4ef8577c67b60ab56912cd94a30d2.png,1000,1500,0,2026-07-21
2026-09-05,decoracao quarto pequeno,829999406372423899,74,424,0,decoração quarto pequeno,s.shopee.com.br,https://s.shopee.com.br/7prw9rf38a?channel_type=pinterest,https://i.pinimg.com/originals/30/4b/ac/304bac5c79ddbb61474f822e8ebeb14f.png,1086,1448,0,2026-07-25
2026-09-05,decoracao quarto pequeno,817755244887794751,75,119,0,COMO COUBE TUDO NESSE QUARTO? 😱,s.shopee.com.br,https://s.shopee.com.br/3LQ6B8uXm0?channel_type=pinterest,https://i.pinimg.com/originals/ca/25/69/ca2569ccab716d77c4da0ec1419cccb2.jpg,736,1104,0,2026-08-25
2026-09-05,organizacao de cozinha,AYHkCB-7vGdwRvlEdkTA0nUNNGp5PHoyg2zPYDBi-y6-kV0etgyChJ9pJdcjLrhXQfNtCg-ebyKk4pkqFvlyrzE,2,55,0,"Comment PANTRY for links! 🍅 Pantry organization hacks you’ll either love… or hate. 🤭 I know this organization approach isn’t for everyone, but for me, having bins and containers that corral everything",instagram.com,https://www.instagram.com/reel/DOHXteQCQ2d/,https://i.pinimg.com/originals/a9/e8/49/a9e849d35f86fee95a26fc21f4c46e2d.jpg,1080,1920,1,2025-09-03
2026-09-05,organizacao de cozinha,AUnCzbN5eToJZz2jQGqsKDF8cf-dyYWfZ7u-ryzH_vD6Q8sGSYNKfw6K7-6QJrgtwyLWFFHBuFh43jU2aAXW4gw,3,97,0,Amazon Kitchen,amzlink.to,https://amzlink.to/az0lykUWEDQge,https://i.pinimg.com/originals/ef/a6/ad/efa6adcdde8408d9b4c0e345a96a446e.png,1000,1500,0,2026-04-23
2026-09-05,organizacao de cozinha,AfWnM0hbBd77a6cfqmCkN1YSSgbZHrmHqtIKlcXOoz1iZPqrrB7VkIXTrNUHSHH_3ztZ_FAh3WEC1C_WGdSacjE,4,15,0,The Amazon Kitchen,amzlink.to,https://amzlink.to/az0f8SUB9CVTs,https://i.pinimg.com/originals/17/01/d0/1701d04367b645f847fea97c12cbfdcd.png,1000,1500,0,2026-08-10
2026-09-05,organizacao de cozinha,729864683408340478,5,6,0,Cozinha Organizada,s.shopee.com.br,https://s.shopee.com.br/9V0el3Qlmq?channel_type=pinterest,https://i.pinimg.com/originals/5a/af/5e/5aaf5e758282074107f609511885c4f3.jpg,736,1104,0,2026-08-24
2026-09-05,organizacao de cozinha,AZUR4PdBSy1UmS_yIzEgRToPF5KdzEPwhEUGhQQHIztiUU3Q18MDbcy7TB2A2UHDsHh16D7k3ezWwF7EH4KajWs,6,1,0,Farmhouse Wooden,wayfair.com,https://www.wayfair.com/George-Oliver--6Hook-Vegetable-and-Fruit-Storage-Bin-With-Double-Doors-Farmhouse-Wooden-Pantry-Cabinet-For-Onions-And-Potatoes-Ventilated-Kitchen-Organizer-With-2-Drawers-And-1-Adjustable-Shelf-X220347260-L6382-K~W119236159.html,https://i.pinimg.com/originals/7d/49/d1/7d49d155b3877d750953467fe9f59595.jpg,400,400,0,2026-07-18
2026-09-05,organizacao de cozinha,1266706142302045,7,551,0,Pot Lid Organizer Ideas | Kitchen Organization,,,https://i.pinimg.com/originals/9a/90/9e/9a909e3d7c5b49415daea48411febb01.jpg,935,1662,0,2026-08-20
2026-09-05,organizacao de cozinha,Aab8G9GEMwRKkfeORXia814zKGZiG5Kv-5n1KwtxQFgkt7Wg1ujXKeN7-MP9huKyOg3mRJhAFvD7tXSl5FLH8uc,8,9,0,2-Piece Hanging Rack,homedepot.com,https://www.homedepot.com/p/Everyday-Home-60-in-x-19-in-x-5-in-6-Tier-Steel-Hanging-Rack-M050018/301034640?cm_mmc=psoc-pinprg-%7Bcampaignid%7D-%7Badgroupid%7D,https://i.pinimg.com/originals/c9/6b/5d/c96b5d6c15472356d1379a1da4630c68.jpg,1000,1000,0,2026-05-28
2026-09-05,organizacao de cozinha,AYol3yypAFvk3LTK53eXzqipvq6HPC1cpjyrztEv9p6bDPNStFmYK5v09vYlwGdSPdwoIzMhKyYk06Osg4R5_gY,9,2,0,Find the right range for,lowes.com,https://www.lowes.com/c/Ranges-Appliances?cm_mmc=psm-_-c-_-prd-_-app-_-pin-_-%7Bcampaignid%7D-_-%7Badid%7D-_-0-_-trf-_-mix,https://i.pinimg.com/originals/79/90/ed/7990ed36b46c2e5f654dfb33c02fbc6f.jpg,1000,1500,0,2026-01-12
2026-09-05,organizacao de cozinha,ASJ9pfLKwUkZUuQmVoNmXWwD00rbjGVIsJd0IrN7WMUnnzn4rNpCUAIZo4PtV_Xymsqs3ayq48IMR5P-fuz27z0,10,24,0,The Organized Kitchen,amazon.com,https://www.amazon.com/Organized-Kitchen-Cabinet-Handbook-Everything/dp/B0FBH12WNS/ref=asc_df_B0FBH12WNS?hvdev=%7Bdevice%7D&hvcampaign=%7Bcampaignid%7D&hvadgroupid=%7Badgroupid%7D&hvprdptid=%7Bproduct_partition_id%7D&hvprdgrpid=%7Bpromoted_product_group_id%7D&hvcr=%7Bcreative_id%7D&hvadid=%7Badid%7D&hvprdid=%7Bproduct_id%7D&hvplc=%7Bplacement%7D&psc=1&tag=%7Bifnotmobile:ushpadpinde-20%7D%7Bifmobil,https://i.pinimg.com/originals/eb/b2/ae/ebb2ae442a125c2bb97fab59b883050c.jpg,1000,1499,0,2026-05-17
2026-09-05,organizacao de cozinha,71353975343670323,11,421,0,Luxury Pantry Organization Ideas | Aesthetic Kitchen Storage,pinterest.com,https://www.pinterest.com/theorganizedcasapk/aesthetic-kitchen-organization/,https://i.pinimg.com/originals/cc/2a/e6/cc2ae6da738d259bda34e49440197698.jpg,1024,1500,0,2026-08-25
2026-09-05,organizacao de cozinha,1688918607598981,12,2236,0,Modern Kitchen Organization Ideas | Spice Rack & Pantry Storage,,,https://i.pinimg.com/originals/1b/90/dd/1b90ddaed4841b1aab56a0afe668e806.png,925,1701,0,2026-08-25
2026-09-05,organizacao de cozinha,AfKjWgGy06mKNe9BzklwtHRZ9LRQw5U2SQD1HyAX9IO_ndUoUbmKFB760zNZVTU49saubIUWAjddFJBlOGk8t30,13,35,0,Kitchen & Pantry Storage,target.com,https://www.target.com/c/hearth-hand-with-magnolia-kitchen-dining/household-food-or-beverage-storage-containers/-/N-jnzodZ8t1zgZ1kqbcgw6j4b?type=products&Nao=0,https://i.pinimg.com/originals/30/4b/3b/304b3b3f380c9dd0671698ac5957758e.jpg,600,900,0,2022-01-18
2026-09-05,organizacao de cozinha,AYE_jzncZXujIt_X2utmtjQMxTNOkD6O5AVjeFDmM4qtTzGVlOgzT42KwyyZpbdZPTxEBsJksbndoNfqfWlU3nw,14,16,0,Rae Natural Ramie Flax,twopagescurtains.com,https://twopagescurtains.com/products/rae-natural-ramie-flax-woven-wood-shade?variant=49413259821367,https://i.pinimg.com/originals/b2/0c/65/b20c65ac111baf1fea8dac2f3a5426d9.jpg,1175,1200,0,2025-11-07
2026-09-05,organizacao de cozinha,AZuowWUT265kk8QfoMBpb_bRaGYtn376enhW9N6djNGZgcjHGmiAssvKOBp0T0YKz16T-dvMxT3Y0Tx_Xql2IGI,15,1,0,Temu | Multifunctional,temu.com,https://www.temu.com/ul/kuiper/un3.html?subj=dpa-un&_bg_fs=1&_p_jump_id=1082&_x_vst_scene=adg&goods_id=607682220116634&adg_ctx=a-953c905f~c-abcb429a&_p_rfs=1&_x_ads_channel=pinterest&_x_ads_creative_id=%7Bproduct_partition_id%7D&_x_ads_id=%7Badgroupid%7D&_x_ads_set=%7Bcampaignid%7D&_x_ads_sub_channel=shopping&_x_ns_catalog_id=1567707391772&_x_ns_creative=%7Badid%7D&_x_ns_gid=607682220116634&_x_ns_,https://i.pinimg.com/originals/5a/cb/6d/5acb6d24d956290263a570868cb0b45e.jpg,2000,3000,0,2026-08-12
2026-09-05,organizacao de cozinha,1100285752842230825,16,6821,0,"Ultimate Home Organisation Guide: Practical Tips for a Calm, Clutter-Free Space",amazon.com,https://www.amazon.com/Amazing-Home-Organisation-20260711045134/s?k=home+organisation&low-price=&high-price=&tag=cathdge05-20,https://i.pinimg.com/originals/6b/3c/ef/6b3cef00b0f02e2caa2dd46b57cd4539.jpg,1000,1500,0,2026-07-19
2026-09-05,organizacao de cozinha,Ac7kpd46rBUZ-rt3KbQTxYrlzh9Xp0lMBdiDTXNJ08Gy2iCi7IzZc50r1heQokXG-Tu_qsudL0u6Uo1XGHlGtZo,17,0,0,So Much More Than a,lg.com,https://www.lg.com/us/?utm_source=pinterest&utm_medium=paid-social&utm_campaign=lg_2026_hs_xhs_awareness_views_paid-social_pinterest_kitchen&utm_content=hs_all_plp_04-01-26_12-31-26_awareness_lg-kitchen-suite-mfyk-6s_other_lifestyle_video_na_16x9_6s_mix_x&utm_term=hs_xhs_prospecting_us_interest_movers-remodelers_en_all_mix_x,https://i.pinimg.com/originals/fd/62/e5/fd62e54d0f41abc7241a67ce95a3094f.jpg,1080,1920,1,2026-03-30
2026-09-05,organizacao de cozinha,838302918179917690,18,3797,0,,,,https://i.pinimg.com/originals/52/f0/87/52f087a883a277eab30ad9216b508d71.jpg,736,1308,0,2024-12-20
2026-09-05,organizacao de cozinha,ATvt6MPvVoL9ZbScwYDd9vEEeXYiKFAQ40Yrfn008gTxN8zy3ysilHHPOQJpw13QK1H_SKbSH_ysum5rtfxmoxA,19,0,0,Real Simple Set Of 12,athome.com,https://www.athome.com/real-simple-set-of-12-spice-jars-with-tiered-acacia-wood-tiered-rack/125025202.html,https://i.pinimg.com/originals/ea/cd/10/eacd107d8e23829f7350641a4ece04bd.jpg,1000,1500,0,2026-08-29
2026-09-05,organizacao de cozinha,1548181186930902,20,9501,0,,,,https://i.pinimg.com/originals/75/08/92/750892b2ab9b5ff789aaa0d0dd9f6f0d.jpg,735,1104,0,2026-07-27
2026-09-05,organizacao de cozinha,AeNmhj4N75MMTJjZSotbfdMaEj2oHesbnIzqr8PbqalDVauSBrC_Im4hZwzT_Jqy0N3U2wmV532ifAatmmJe2xY,21,2,0,Tosca Wood-Accented Dish,allmodern.com,https://www.allmodern.com/Yamazaki-Home--Tosca-WoodAccented-Dish-Storage-Rack-2963-L7454-K~A001032624.html?refid=PSO81-A001032624,https://i.pinimg.com/originals/e2/65/5c/e2655cdefa870a080d9211485e23a042.jpg,400,498,0,2025-07-02
2026-09-05,organizacao de cozinha,5277724560676514,22,421,0,How to Organize Kitchen Cabinets,,,https://i.pinimg.com/originals/9c/21/ca/9c21ca8a5b80864d119467e26d267706.jpg,1024,1536,0,2026-08-18
2026-09-05,organizacao de cozinha,8725793026139867,23,895,0,Ultimate Kitchen Organization Ideas | Smart Storage Solutions for a Clutter-Free Home,,,https://i.pinimg.com/originals/53/93/46/5393467635c283a68e3deb4a2a4b95b5.png,1024,1536,0,2026-07-18
2026-09-05,organizacao de cozinha,ATByzfd33d-scV7yURCKfdvWF6cnM-KGXmXAYA1GiGx9vcdF3HaXcO1bhVmeIl6yBhKgJCIjwlDFltNmFBfrcQo,24,2,0,Temu | 7-tier Slim,temu.com,https://www.temu.com/ul/kuiper/un3.html?subj=dpa-un&_bg_fs=1&_p_jump_id=1082&_x_vst_scene=adg&goods_id=606396649192747&adg_ctx=a-ab85ec25~c-4968c282&_p_rfs=1&_x_ads_channel=pinterest&_x_ads_creative_id=%7Bproduct_partition_id%7D&_x_ads_id=%7Badgroupid%7D&_x_ads_set=%7Bcampaignid%7D&_x_ads_sub_channel=shopping&_x_ns_catalog_id=1567707391772&_x_ns_creative=%7Badid%7D&_x_ns_gid=606396649192747&_x_ns_,https://i.pinimg.com/originals/1c/71/59/1c715994f344bc91d625cb60a900f8c6.jpg,1254,1254,0,2026-08-03
2026-09-05,organizacao de cozinha,AWhpwjfjCA84k1FQ_ejsOF_4wPFjhFtfp92yep4DPXmnuRjNaH7EMQQLiaf7_vHcKcFun97qy7xH_Jnvt1yZA1Y,25,13,0,59.1'' Kitchen lsland,homary.com,https://www.homary.com/lditem/591-modern-natural-white-kitchen-lsland-with-wine-storage-50945.html?currency=usd&language=en&country_code=us,https://i.pinimg.com/originals/57/e6/9e/57e69e677f7386403a93dca5fb2df3d1.jpg,2500,2500,0,2026-07-07
2026-09-05,organizacao de cozinha,991988255436734860,26,3636,0,Kitchen Organizer 🪵 | Space‑Saving and Must‑Have Storage,amzn.to,https://amzn.to/3LQh2l3,https://i.pinimg.com/originals/42/3d/6c/423d6ca3809768fad159ec7fb8e33a45.png,735,1174,0,2026-01-22
2026-09-05,organizacao de cozinha,AYEH2HkUHNbBtt3h-1OFB92aPqXG235W0-waEU5ICU01RSVKbfVnzfDn9TzeQqaoBFx8hd-kmuoqi2iyaVFXDmw,27,1,0,"Gizoon 70"" Tall Kitchen",amazon.com,https://www.amazon.com/Gizoon-Kitchen-Cabinet-Cupboard-Bathroom/dp/B0DXV2KJBS/ref=asc_df_B0DXV2KJBS?hvdev=%7Bdevice%7D&hvcampaign=%7Bcampaignid%7D&hvadgroupid=%7Badgroupid%7D&hvprdptid=%7Bproduct_partition_id%7D&hvprdgrpid=%7Bpromoted_product_group_id%7D&hvcr=%7Bcreative_id%7D&hvadid=%7Badid%7D&hvprdid=%7Bproduct_id%7D&hvplc=%7Bplacement%7D&psc=1&tag=%7Bifnotmobile:ushpadpinde-20%7D%7Bifmobile:ush,https://i.pinimg.com/originals/2b/25/8b/2b258b723d05fbe8e8aca70afbe08873.jpg,2000,2000,0,2026-04-23
2026-09-05,organizacao de cozinha,AYZCMifAnlji0n57Je8E9AHeZCYT5zSQ_DkcfN94UvK6yjFDXR93Vb93w3_5TQqonSdoNw5VbiKWhciVFcinn2I,28,1,0,Moforoco Bronze 9-Tier,amazon.com,https://www.amazon.com/Moforoco-Organizer-Organization-Spice-Essentials/dp/B0CZ9FSY7Z/ref=asc_df_B0CZ9FSY7Z?hvdev=%7Bdevice%7D&hvcampaign=%7Bcampaignid%7D&hvadgroupid=%7Badgroupid%7D&hvprdptid=%7Bproduct_partition_id%7D&hvprdgrpid=%7Bpromoted_product_group_id%7D&hvcr=%7Bcreative_id%7D&hvadid=%7Badid%7D&hvprdid=%7Bproduct_id%7D&hvplc=%7Bplacement%7D&psc=1&tag=%7Bifnotmobile:ushpadpinde-20%7D%7Bifmo,https://i.pinimg.com/originals/5d/78/f8/5d78f8c4f30652927e69403a13d75433.jpg,1154,1500,0,2026-07-09
2026-09-05,organizacao de cozinha,2744449770338126,29,3613,0,Smart Kitchen Organization Ideas | Luxury Kitchen Storage & Drawer Organization,,,https://i.pinimg.com/originals/bf/6a/0c/bf6a0ccc0e7693c4eaaee050ddab4cd2.png,1024,1536,0,2026-08-14
2026-09-05,organizacao de cozinha,978618194047023656,30,400,0,Sleek Kitchen Organization: Wood Shelf Pantry,,,https://i.pinimg.com/originals/b3/65/16/b365164109822618229202044ef03211.jpg,1080,1920,0,2026-05-26
2026-09-05,organizacao de cozinha,AQLiNwqGUbYpkSRtXGE99idIoWvqQ77uOdbEWRcOwfC6Zc3vbvOxOavAUy14qMZjaQxi5k4gFJFWgkLP8abk2lo,31,1,0,Temu | Kitchen Seasoning,temu.com,https://www.temu.com/ul/kuiper/un3.html?subj=dpa-un&_bg_fs=1&_p_jump_id=1082&_x_vst_scene=adg&goods_id=601099591633061&adg_ctx=a-88260a25~c-c1e2b323&_p_rfs=1&_x_ads_channel=pinterest&_x_ads_creative_id=%7Bproduct_partition_id%7D&_x_ads_id=%7Badgroupid%7D&_x_ads_set=%7Bcampaignid%7D&_x_ads_sub_channel=shopping&_x_ns_catalog_id=1567707391772&_x_ns_creative=%7Badid%7D&_x_ns_gid=601099591633061&_x_ns_,https://i.pinimg.com/originals/6d/0d/0f/6d0d0f64d5cbb1622ed6eee09de1214c.jpg,800,800,0,2026-08-03
2026-09-05,organizacao de cozinha,30258628746282858,32,265,0,Amazon Kitchen Organization Finds | Cozy Coffee & Pantry Storage Ideas,,,https://i.pinimg.com/originals/09/86/79/098679ca9c1039f965af2f2f660d1fa2.png,1023,1537,0,2026-08-24
2026-09-05,organizacao de cozinha,5207355815952233,33,5836,0,,,,https://i.pinimg.com/originals/c9/7b/52/c97b52ce06a230e820016ecab860dfa4.png,1206,2036,0,2026-03-29
2026-09-05,organizacao de cozinha,13721973862283047,34,19,0,Inspiração para a organização de um armário 🌸 #superorganizada #casa #decoração #cozinha #inspiração,instagram.com,https://www.instagram.com/p/DcGTm3xjU0O/,https://i.pinimg.com/originals/0c/3b/60/0c3b60658ec0dec1a5754a6ef8797286.jpg,1024,1280,0,2026-08-16
2026-09-05,organizacao de cozinha,3659243442220554,35,5559,0,This Is What a Dish Cabinet Looks Like When You Actually Have Room,,,https://i.pinimg.com/originals/70/0d/a7/700da7cfceea73b61b13d843a5b45000.png,941,1672,0,2026-08-26
2026-09-05,organizacao de cozinha,Ab4GnXS4AjHFNekmSNgOgNVzcy3TqCEqmUJ_N0gz1I4d789LkfXhpzWlsgu3WhHT-htnL4SIOIKHyD5kj7Cs8U4,36,668,0,My Amazon organization,amzlink.to,https://amzlink.to/az0RMKmjRoQVe,https://i.pinimg.com/originals/eb/09/29/eb0929d2ad9f06e7763bb78c1d706388.jpg,720,1280,1,2026-04-23
2026-09-05,organizacao de cozinha,AXhpzd3yBFHFfjiHnIzSLZLyOraDRWm7RNQAp2qaHCPP6RWjJhfTuSoVt1h9nrJZSW9Y6YNKsXsRp54uTIyOVRM,37,0,0,1pc Desktop Kitchen,us.shein.com,https://us.shein.com/ark/default?scene=1&test=5051&ad_type=DPA&goods_id=104430527&pf=PINTEREST&url_from=PINADSDPA&ismg=45cf0c88bc0d23071275954806f99a1e20d8ace7abb510d98552f90299f77ac1_01_1788542215,https://i.pinimg.com/originals/25/ee/0a/25ee0ae1748a1831665c26f6e8421932.jpg,900,1200,0,2026-08-07
2026-09-05,organizacao de cozinha,AWmaY37-eem7YySGi4EgsjFtuozREnH6bSLyFE61xXZn6T_Qtm90w-knJJNAWvLN84bvUf2JjffEP6Ovq0sbkj4,38,1,0,Temu | Set Of 2,temu.com,https://www.temu.com/ul/kuiper/un3.html?subj=dpa-un&_bg_fs=1&_p_jump_id=1082&_x_vst_scene=adg&goods_id=601101853088017&adg_ctx=a-491db504~c-a4a9969b&_p_rfs=1&_x_ads_channel=pinterest&_x_ads_creative_id=%7Bproduct_partition_id%7D&_x_ads_id=%7Badgroupid%7D&_x_ads_set=%7Bcampaignid%7D&_x_ads_sub_channel=shopping&_x_ns_catalog_id=1567707391772&_x_ns_creative=%7Badid%7D&_x_ns_gid=601101853088017&_x_ns_,https://i.pinimg.com/originals/9c/e6/d7/9ce6d7bafe949994d52d76a65f0a0711.jpg,2000,2000,0,2026-08-10
2026-09-05,organizacao de cozinha,AS0gYARvMlsazn4EW10uB3y8wIHE4-2BeCuEgo5OiC0EWG5ZgYI-7G_OdnInYOITJ-ibrvRf3tLhfQwaddnBFVk,39,0,0,Pull-Out Kitchen Cabinet,vela-avenue.com,https://vela-avenue.com/products/pull-out-kitchen-cabinet-organizer-lina?variant=51962519617876&utm_source=multifeeds&utm_medium=organic&utm_campaign=Multifeeds&utm_content=Pull-Out%20Kitchen%20Cabinet%20Organizer%20-%20Lina,https://i.pinimg.com/originals/03/ad/28/03ad2816186b868b71e7bb9801e75f87.jpg,800,677,0,2026-01-21
2026-09-05,organizacao de cozinha,1111404014317460984,40,2000,0,Customer Favorite Kitchen Organization Aesthetic Products Discover Aesthetic Kitchen Organiz...,tr.ee,https://tr.ee/rU9Gdu?Cabinet+Storage+Aesthetic+Organizer,https://i.pinimg.com/originals/e9/71/c4/e971c47b8e748db9669f0e629a65f6ec.jpg,900,1600,0,2026-06-26
2026-09-05,organizacao de cozinha,14425661318865195,41,371,0,🌿 Elegant Kitchen Counter Styling for a Modern Home ✨,,,https://i.pinimg.com/originals/8a/48/c7/8a48c70f1a135e44ca355ccdd76e71d2.jpg,736,1307,0,2026-08-18
2026-09-05,organizacao de cozinha,2040762329580466,42,3328,0,#ppreal #aesthetic #rooms #home,,,https://i.pinimg.com/originals/c3/27/55/c3275502b19912400aa7f1be4ae8bce4.jpg,736,1104,0,2026-06-30
2026-09-05,organizacao de cozinha,9710955444204230,43,691,0,Modern Kitchen Organization Ideas | Stylish Storage & Decor,,,https://i.pinimg.com/originals/33/d6/2b/33d62b25d8573c6098663b2d0566a415.png,1024,1536,0,2026-08-22
2026-09-05,organizacao de cozinha,AZMYOZbuGDnMs_wsfgHfejg3TMHhL9hOD1coawwHboPdMZzpijn-P2r16_N0gNm-Yn7IjTax1yT2CaXUlLguq0c,44,6,0,Swiss Madison SM-KS245,fergusonhome.com,https://www.fergusonhome.com/product/summary/1685367,https://i.pinimg.com/originals/d8/a7/20/d8a720bc9e6274ae295d1ffadebaabff.jpg,800,800,0,2025-08-14
2026-09-05,organizacao de cozinha,303500462412959523,45,68,0,Small Kitchen Organisation Ideas to Create More Space,,,https://i.pinimg.com/originals/96/31/b9/9631b9ff5b6921045cf1a0f345b2a4c3.png,1024,1536,0,2026-08-23
2026-09-05,organizacao de cozinha,1618549865370318,46,6075,0,tidy 🤎,,,https://i.pinimg.com/originals/67/e0/e5/67e0e5838e29a2fe92af5699d0edd926.jpg,1168,1752,0,2026-07-07
2026-09-05,organizacao de cozinha,1089097122420177079,47,2,0,O Pequeno Truque Que Deixa Qualquer Despensa Mais Bonita,,,https://i.pinimg.com/originals/5d/23/71/5d2371d06de49769a29d7c2072a284ae.png,941,1672,0,2026-08-11
2026-09-05,organizacao de cozinha,844493676980320,48,4371,0,Modern Kitchen Counter Styling Ideas ✨,amazon.com,https://www.amazon.com/shop/influencer-9490fc14/list/J5BNET3Y62OT?ref_=aipsflist,https://i.pinimg.com/originals/4e/34/e7/4e34e7ff7024a492222a4ce5f1a3091a.jpg,687,1024,0,2026-08-20
2026-09-05,organizacao de cozinha,1084452785298978613,49,10586,0,Space-Saving Modern Modular Kitchen Organizer Rack 🍽️✨,smarthomeusfinds.com,https://www.smarthomeusfinds.com/2026/07/9-small-kitchen-ideas-that-make-every.html,https://i.pinimg.com/originals/39/bf/b0/39bfb040988d92a0b56dd88aabf44b40.jpg,1080,1920,0,2026-07-04
2026-09-05,organizacao de cozinha,1054827544029480929,50,79,0,,,,https://i.pinimg.com/originals/ac/6a/28/ac6a28d1827476d814ba006b4d60b0fe.jpg,675,1200,0,2026-08-22
2026-09-05,organizacao de cozinha,Ad4LRKXAywydjA9j8oI8xAKFk96G2-nG2mAnaS_jvRNL4PxLL93SxbsGxKdFEHEhwpRyNJlfWZojcRmh6L53yTg,51,6,0,Pin this Kips Bay Palm,kohler.com,https://www.kohler.com/en/products/kitchen-faucets/shop-kitchen-faucets/edalyn-by-studio-mcgee-semi-professional-kitchen-sink-faucet-with-two-function-sprayhead-28360?skuId=28360-2MB,https://i.pinimg.com/originals/9e/4a/37/9e4a37f08ceea0231b60edbfff901221.jpg,1000,1500,0,2026-08-20
2026-09-05,organizacao de cozinha,Ac5mUgs0fF4lGNZIFDsIbFBnd4zidYhdUdeM-8CqcnHa1SgPqL9ufeJQMsNNDKWXFsNFLEyKDIKLy6dIA2g3Fa4,52,165,0,Our Happy Customers🌟,homeoutletdirect.com,https://homeoutletdirect.com/,https://i.pinimg.com/originals/a1/01/7e/a1017e10caebe13e6c24fde387cc4d9b.jpg,2000,3000,0,2024-02-01
2026-09-05,organizacao de cozinha,AUGE9w4Zf1fq3A1XAWsPy8itFW8os-enKzpHyMweAiozksp9Vl8lLo-qpHqEWIYd1YRULC6ahZ11HnyDhhJTL3E,53,17,0,33 in. L x 19 in. W White,homedepot.com,https://www.homedepot.com/p/DEERVALLEY-33-in-L-x-19-in-W-White-Fireclay-Rectangular-Single-Bowl-Undermount-Workstation-Kitchen-Sink-with-Accessories-DV-1K0141/328305560?cm_mmc=psoc-pinprg-%7Bcampaignid%7D-%7Badgroupid%7D,https://i.pinimg.com/originals/6f/5e/99/6f5e998492a23f8ec4ea1cb1299ffb95.jpg,1000,1000,0,2025-07-24
2026-09-05,organizacao de cozinha,563018699860134,54,3363,0,mujhy is ka titel or description or alt text bhi bna do,,,https://i.pinimg.com/originals/c0/7b/3d/c07b3df31bba7ac722d4663407354a96.png,1120,1405,0,2026-07-13
2026-09-05,organizacao de cozinha,AZR9pEZuC2_nfYTV-0KAhiINfiSQcOR83oKbV5ghGQXTNB9GhW5GcacEGgHhLgMiYjDeu1TzAmcnXtjl9fT0Wuc,55,17,0,"I didn’t hate my fridge because it was messy. I hated it because it was inefficient. This setup fixed that. Clear zones. Easy access. No digging, no forgotten food in the back, and way less mental loa",instagram.com,https://www.instagram.com/reel/DTQF9BnEQ2a/,https://i.pinimg.com/originals/79/0e/8c/790e8ca3a435292800e288c2a0542035.jpg,1152,2048,1,2026-01-09
2026-09-05,organizacao de cozinha,68046644366156913,56,324,0,PORTA UTENSÍLIOS EXTENSIVEL DE BAMBU,,,https://i.pinimg.com/originals/af/d2/a2/afd2a269d4cc45e92922fd2029286265.jpg,720,1280,0,2025-05-22
2026-09-05,organizacao de cozinha,ARu0jqKrrqPu_NlDVEhbpQ9aDQQXYx6iszzmA6qHXLKACUQoVbctcXsitpFpIcCM7NVcpcCAS0HP9Im-LyUn6HA,57,1438,0,Luxe Looks for Less to,amzlink.to,https://amzlink.to/az0R1pvbaq2dE,https://i.pinimg.com/originals/14/09/18/1409180f35ebf9cdce002f695238c76e.png,1000,1500,0,2025-09-04
2026-09-05,organizacao de cozinha,AXBMNDkUEXhrVPZPGGU-QITeVP5bQdoEwYQl65_slLG7V0bti707778qWcZlymn7dzU2SBmAEKtoi505Da4GSSU,58,1907,0,Classic Modern Kitchen,visualcomfort.com,https://www.visualcomfort.com/reese-20-pendant-s5182/&utm_medium=organic_social&utm_campaign=post,https://i.pinimg.com/originals/5b/e8/58/5be85874ef05404458129be6df6942ef.jpg,4167,6250,0,2025-04-28
2026-09-05,organizacao de cozinha,825777281729606714,59,5586,0,"counter, detachable ceramic that keeps everything organized",amazon.com,https://www.amazon.com/dp/B0D65XSV57?tag=smartpinsho02-20,https://i.pinimg.com/originals/6f/79/40/6f7940dcafe62a8c95f1e83a60f8cbca.png,1014,1521,0,2026-05-11
2026-09-05,organizacao de cozinha,742531057359383162,60,1708,0,Small Kitchen Storage Ideas With Space Saving Storage Ideas and Kitchen Cabinet Food Organization,thedecorshaven.com,https://thedecorshaven.com/20-small-kitchen-storage-ideas-that-make-every-inch-count/,https://i.pinimg.com/originals/f5/a8/17/f5a81751f42a9d57ee86dab4680fb840.png,941,1672,0,2026-07-17
2026-09-05,organizacao de cozinha,299559812739262000,61,18,0,14 Clever Storage Hacks That Make Kitchens Feel Twice As Big,,,https://i.pinimg.com/originals/0d/59/e3/0d59e36dc2f02504a04c135419734786.webp,1080,1920,0,2026-08-23
2026-09-05,organizacao de cozinha,213709944814407340,62,32,0,Pantry Organization for a Small Walk-In Pantry,,,https://i.pinimg.com/originals/da/7c/0c/da7c0c02f3a74b11e1c7da78f1c7ca52.jpg,1024,1536,0,2026-08-18
2026-09-05,organizacao de cozinha,566679565638373934,63,43,0,Kitchen Cabinet Organization Hacks,,,https://i.pinimg.com/originals/ce/89/fe/ce89fecfaefd6de761e05b08afe8d1a8.png,1024,1536,0,2026-08-26
2026-09-05,organizacao de cozinha,ARMVmh5toCj01my7sQMcMbwLPAWtvLc3mry2tsFhZ_D2z_mfqWIZnSn_jC8Tnc-MDADwk0a0IRDWvJBSMDwNd0o,64,659,0,Chic Coffee Bar Finds,amzlink.to,https://amzlink.to/az0KEYfvVygqn,https://i.pinimg.com/originals/29/b7/3c/29b73cf32e6a37310d9a1e352d147a6a.jpg,2160,3840,0,2026-07-25
2026-09-05,organizacao de cozinha,175007135516862166,65,15,0,Luxury Pantry Organization Ideas | Beautiful Kitchen Storage with Glass Jars & Woven Baskets,,,https://i.pinimg.com/originals/e0/ca/cb/e0cacb3370a650d84413252c57180f98.png,1024,1536,0,2026-08-24
2026-09-05,organizacao de cozinha,AUI257MKh-xjGakGCIHrAmrPVXZjDU3V_H9MOi1KmusHr9Xqm8wqDmOYQqCrxDzs-gGvh8pBzGPWRWxoZZsd8J0,66,22,0,Slim Kitchen Cabinets in,buywholesalecabinets.com,http://www.buywholesalecabinets.com/,https://i.pinimg.com/originals/37/ac/61/37ac61b0c185947097825d27621ede66.jpg,1000,1500,0,2024-08-07
2026-09-05,organizacao de cozinha,325807354315645608,67,62,0,10 Kitchen Organization Hacks You'll Love,,,https://i.pinimg.com/originals/ad/78/11/ad78112d24e19b73ef4976cf65bbf1c5.png,1024,1536,0,2026-08-16
2026-09-05,organizacao de cozinha,AWe6FdHeFnQlKinkjwTYHPRPDvzrQC4wbWrnKFqUiZ3C_MyHgjiaLnXyjz0194zlA5U5gNKRxft0JQB2sQ3SAj0,68,1,0,Find the right appliance,lowes.com,https://www.lowes.com/c/Appliances,https://i.pinimg.com/originals/87/bf/d9/87bfd9f25cc13cd9dcf8a5e40acecc58.jpg,1000,1500,0,2026-01-16
2026-09-05,organizacao de cozinha,AZREgx5vhw6cyumrF7L2Xe6SBacVNwnZMikVFJ2hpGCJtJnAcHqHr-rNE2PFRLJfkuLvUdkoHPxcAejd-T2BoMc,69,1,0,Indoor Barn Lights,steellightingco.com,https://steellightingco.com/product/venice-wall-mounted-light-indoor-outdoor-decor-sign-light/,https://i.pinimg.com/originals/41/63/c5/4163c52059c379efb6a8380b02e318e2.jpg,1080,1080,0,2026-08-06
2026-09-05,organizacao de cozinha,AdkE_1_oO5dKq5dA4KgoFs4GTbv-4sQPI1iDSG-8uiPv9Gty2xQykImi-F5I0T7DDvaFNidWFCoLbX5hJ8Zvvz0,70,0,0,We know homes. Hire the,thumbtack.com,https://www.thumbtack.com/k/general-contractors/near-me/,https://i.pinimg.com/originals/c2/2b/4f/c22b4f77061de28c7cd87a4439d631d8.jpg,1080,1920,1,2025-12-12
2026-09-05,organizacao de cozinha,43839796371969354,71,32,0,Pantry Inspiration 🤎 | Beautiful & Organized Kitchen,,,https://i.pinimg.com/originals/46/15/34/461534c27d06b1dcbd506559cfaacea8.png,1024,1536,0,2026-08-25
2026-09-05,organizacao de cozinha,1139832987004223043,72,28,0,Must-Have Pantry Organization Tools to Simplify Your Life,,,https://i.pinimg.com/originals/38/1b/50/381b504575bcc1e937793b8d5e6b785e.jpg,1536,2752,0,2026-08-19
2026-09-05,organizacao de cozinha,AbeN58saEwj0Arc4Axov9xSye11fTYfhjEMXUVaafBavRG0Qw6as3U1lx2dinv56AoGs3gUW623mQrjUJLmbjFM,73,1408,0,British Classic Meets,twopagescurtains.com,https://twopagescurtains.com/collections/rebecca-hughes-x-twopages,https://i.pinimg.com/originals/f3/43/3d/f3433ddc468555940b0e1a38969e6b7c.png,1000,1500,0,2026-03-04
2026-09-05,organizacao de cozinha,219409813093068411,74,15,0,10 Genius Small Kitchen Pantry Organization Ideas,,,https://i.pinimg.com/originals/6f/ec/92/6fec9236fbfab545b46fb68a1547a394.jpg,1080,1920,0,2026-08-25
2026-09-05,organizacao de cozinha,647533252717031226,75,17350,0,Fridge Organization #BringMyPinterestToLifeContestEntry,amazon.com,https://www.amazon.com/shop/alexaanu2/photo/amzn1.shoppablemedia.v1.73aa6f9a-b6e5-41a5-910c-ab3f623793f8?ref_=cm_sw_r_apann_aipsfphoto_EG4GZ6JK5JK8HQJNXP26&language=en-US,https://i.pinimg.com/originals/34/a6/b8/34a6b81e7cae7f5b6637debd434ef474.jpg,611,995,0,2026-02-12
2026-09-05,home office pequeno,AUMr5GAY0Zq5Oo7ZJsBZEOewgy-njsEkOj25e3VTv66k9cPdqk1FbmtXqYjhyn0eG7_OqfR1ZS_D2eR3CiSfo1A,2,1,0,A Battle-Ready Setup,store.haworth.com,https://store.haworth.com/collections/gaming,https://i.pinimg.com/originals/7d/d4/1e/7dd41e3464470be2e93ae7c8ff43c629.jpg,1440,2160,0,2025-08-01
2026-09-05,home office pequeno,390687336482285787,3,241,0,O Home Office Integrado ao Quarto que Parece um Projeto Sob Medida ✨,,,https://i.pinimg.com/originals/b5/5b/c0/b55bc0432f59db8fdcd6bf3921c7bccc.png,1023,1537,0,2026-08-23
2026-09-05,home office pequeno,AXfLy3UMZQ100tXeRqkE5OQtoT9dSIjThx5apOsZVWcbOJKLmL4zICdWHV0umRFbrzGjICEIEGhYhN2DC8zCBVI,4,1,0,Cool Blue Aesthetic: Home,ruggable.com,https://ruggable.com/collections/office-rugs,https://i.pinimg.com/originals/cd/19/c8/cd19c863804504a5e1dbf647b338ed9c.png,1080,1620,0,2026-07-13
2026-09-05,home office pequeno,9640586698854311,5,208,0,Small Cozy Home Office Makeover | Warm & Modern Workspace Ideas,,,https://i.pinimg.com/originals/8f/d7/a1/8fd7a1305fc50ab0fffa71dcfa51ef3f.png,1024,1536,0,2026-08-25
2026-09-05,home office pequeno,103301385198554844,6,59,0,"Kleines Homeoffice einrichten – stilvoll, modern & platzsparend",,,https://i.pinimg.com/originals/a0/3b/74/a03b74a90b492e1e13656528a092fc70.png,1024,1536,0,2026-08-18
2026-09-05,home office pequeno,Ae9jg7x_g3qJk-buIKWP5Dw8za9L2Uaa--V9MiCSU9pGe0w8u4h7pe0gLpGz4nbz_3Pg4nuSEwHNA29TNmBJ43k,7,6,0,L-Shaped Standing Desk,eurekaergonomic.com,https://eurekaergonomic.com/collections/computer-desks/products/tx60r-wn-standing-desk?utm_source=pinterest&utm_medium=social&utm_campaign=pina,https://i.pinimg.com/originals/27/c5/47/27c547c06b49a1ccd458028ff3662c0a.jpg,736,1104,0,2026-08-13
2026-09-05,home office pequeno,912612311996001281,8,361,0,Transforme seu espaço de trabalho com essas dicas de decoração para home office pequeno,decoreorganize.com.br,https://decoreorganize.com.br/ideias-de-decoracao-para-home-office-pequeno/,https://i.pinimg.com/originals/c4/d9/b0/c4d9b09f512858920b8cda1273ced9e8.jpg,672,1024,0,2025-07-07
2026-09-05,home office pequeno,AfhuAuJgsPWsjmHAZqk-WvX-puH7cyqlaqH_EfYluvEBZWLEVRlA7OJyvTNeSQwa-buHAeQddqqdEobDoEgeaXk,9,174,0,Simple Home Office,amzlink.to,https://amzlink.to/az0GzNC3s91tx,https://i.pinimg.com/originals/5c/d6/84/5cd684701361beec9422225838f1d55b.png,1000,1500,0,2026-04-11
2026-09-05,home office pequeno,Aa-I2tpPVsy3FC7axwW7tunDr1TDDLOL_zcXZYDWo8cD0pGhhYlJL1jUuml6_XULwqPWOx3wtX2kNh1s5sMQGnI,10,0,0,Ergonomic Office Desk,maoters.com,https://www.maoters.com/product/executive-office-desk-simple?variant=MTL60939,https://i.pinimg.com/originals/f0/bc/26/f0bc26bfc7c52bf8a24e4a36340462ef.webp,1000,1000,0,2026-08-07
2026-09-05,home office pequeno,257549672436321431,11,29,0,,,,https://i.pinimg.com/originals/c6/f1/eb/c6f1ebe3d7239a4362fe28fc404ac726.jpg,1080,1914,0,2026-08-23
2026-09-05,home office pequeno,60939401205498187,12,407,0,Cozy White & Light Wood Home Desk Ideas for a Stylish Workspace,,,https://i.pinimg.com/originals/e3/07/96/e30796e52a08b913f26a7c5e69e04e93.png,1024,1536,0,2026-08-24
2026-09-05,home office pequeno,475411304436182263,13,602,0,Home Office Moderno,,,https://i.pinimg.com/originals/52/75/0c/52750c1460474efdd944722d0cd43e42.jpg,1387,2080,0,2026-05-27
2026-09-05,home office pequeno,AS2yaqV_8ITT5_SVoZVe1vaScl9JyRL8P3M6pw_q_BL0r5Wb22oe3UvX9XAmjKcYCh7GK9D0SFObmvDAxT0R_bM,14,1,0,Create a Home Office That,go.roomandboard.com,https://go.roomandboard.com/8E19DC,https://i.pinimg.com/originals/08/50/26/08502672d27858ffb0be0bce4a4c0143.jpg,1080,1920,1,2024-08-09
2026-09-05,home office pequeno,ATu1y2P9SDpoKCxH9eLT0c1inW-trysHm7BUWWwefoLH3pHZkepMCH8V56WGS8XVZX-zD3G7ApXGYf3oW7-6qg4,15,10,0,Shop this room,wayfair.com,https://www.wayfair.com/discover/filters/idea/398355589?creative_id=294485,https://i.pinimg.com/originals/9b/8a/ed/9b8aed196cc8730a94f90698219aa7bf.png,1000,1500,0,2026-03-11
2026-09-05,home office pequeno,397301998401298345,16,23,0,,,,https://i.pinimg.com/originals/ff/c9/83/ffc983dfa9abb775d36f5537b5aef187.png,941,1672,0,2026-08-05
2026-09-05,home office pequeno,AdS62Od0hVrLL97GMqi0jm0-vxvRRKBy7nXJ-uKMr5ACGCgKtfMZ8S_HGMo92s2OFgm7eXQJuNyGJ-N98vvq8w0,17,402,0,Amazon Office Idea,amzn.to,https://amzn.to/4fjwZew,https://i.pinimg.com/originals/45/7f/a8/457fa826c9f6b75e85349f0fb8d97575.jpg,1000,1500,0,2026-07-15
2026-09-05,home office pequeno,140806235326841,18,12140,0,,,,https://i.pinimg.com/originals/24/c0/18/24c018dd5d65e3aaae31646aed464bea.jpg,1024,1536,0,2026-07-26
2026-09-05,home office pequeno,AWvUmFVc7qJLDyM-7K43pMV_JWhu1puPxDQcCvXNjYEc56J3aWozBF-Tne3zxwpBYl94Gas8f_rtkzSEq5TpxmQ,19,0,0,Himmel 60 Inch I Shaped,hernest.com,https://www.hernest.com/item/himmel-60-inch-desk-p-8649.html,https://i.pinimg.com/originals/41/93/57/41935734c709fd334a990ba7ecc7323d.jpg,2000,2000,0,2026-08-27
2026-09-05,home office pequeno,660129257927094203,20,241,0,Small Study Table Ideas for a Cozy and Modern Home Office Setup,insaneglaciersun.github.io,https://insaneglaciersun.github.io/?id=/small-study-table-ideas-for-a-cozy-and-modern-home-office-setup/,https://i.pinimg.com/originals/9b/8e/ea/9b8eeaafe1cc75ba0494090d2f359e6a.png,941,1672,0,2026-08-14
2026-09-05,home office pequeno,726486983694775515,21,507,0,,,,https://i.pinimg.com/originals/ec/83/f9/ec83f9f4945856276ead9b9c30365329.jpg,1179,1584,0,2026-06-09
2026-09-05,home office pequeno,ATesFOQ4T9_Hz06d6a0Lt1vkmiqnybCM2GfPE_WR6Sv6QhgnKWeTSUVmYiNhkCggNEdy-eKlO2cIx0801EnmTiU,22,1,0,"Temu | 59"" W Modern",temu.com,https://www.temu.com/ul/kuiper/un3.html?subj=dpa-un&_bg_fs=1&_p_jump_id=1082&_x_vst_scene=adg&goods_id=606140612107111&adg_ctx=a-09ae69b0~c-4d1e64bc&_p_rfs=1&_x_ads_channel=pinterest&_x_ads_creative_id=%7Bproduct_partition_id%7D&_x_ads_id=%7Badgroupid%7D&_x_ads_set=%7Bcampaignid%7D&_x_ads_sub_channel=shopping&_x_ns_catalog_id=1567707391772&_x_ns_creative=%7Badid%7D&_x_ns_gid=606140612107111&_x_ns_,https://i.pinimg.com/originals/51/e7/11/51e7116da0eed318b2677ff9517dd203.jpg,2000,3000,0,2026-08-08
2026-09-05,home office pequeno,1090434128561536342,23,13,0,Escritório em Casa 😍 Ideias que Dão Vontade de Trabalhar,s.shopee.com.br,https://s.shopee.com.br/AKa1UvTc7r?channel_type=pinterest,https://i.pinimg.com/originals/c5/cf/96/c5cf968969767a9b06d4129c7796f099.jpg,736,1307,0,2026-08-23
2026-09-05,home office pequeno,ATBXM-nRuD0t8Lf75vt7YT06H0gmq80DBg9hTdf4kRBu3Pv2cH0ED_fCZvW-Vb5FBmaANj9HQHMIcY6D1mh6VGo,24,14,0,"LITTLE TREE 63"" Long",amazon.com,https://www.amazon.com/LITTLE-TREE-Farmhouse-Executive-Workstaticon/dp/B0GYRQ8ZYM/ref=asc_df_B0GYRQ8ZYM?hvdev=%7Bdevice%7D&hvcampaign=%7Bcampaignid%7D&hvadgroupid=%7Badgroupid%7D&hvprdptid=%7Bproduct_partition_id%7D&hvprdgrpid=%7Bpromoted_product_group_id%7D&hvcr=%7Bcreative_id%7D&hvadid=%7Badid%7D&hvprdid=%7Bproduct_id%7D&hvplc=%7Bplacement%7D&psc=1&tag=%7Bifnotmobile:ushpadpinde-20%7D%7Bifmobile,https://i.pinimg.com/originals/3d/46/8b/3d468bd6d42dbad2c222cccf805800a8.jpg,1001,1200,0,2026-05-26
2026-09-05,home office pequeno,129056345569350794,25,38,0,"Aménager un bureau à la maison : rangements, étagères et espace de travail optimisé",amzn.to,https://amzn.to/3TK3ivW,https://i.pinimg.com/originals/d9/44/d2/d944d28db6f041055a7a3d16a9a14c7d.png,1000,1500,0,2026-08-25
2026-09-05,home office pequeno,820851469635195210,26,60,0,Cozy Home Office Ideas | Modern Workspace Decor,,,https://i.pinimg.com/originals/68/46/9a/68469a1e49a16ce62d63735b8cc59d23.png,1024,1536,0,2026-08-22
2026-09-05,home office pequeno,556405728986225824,27,33,0,,,,https://i.pinimg.com/originals/c2/7b/87/c27b87dda9013f44187fc7cfbc4a2f70.png,1024,1536,0,2026-08-26
2026-09-05,home office pequeno,Adzq2w3-GYdhOnN16D5_at9PDpM9ulDqdEBLpG0h3YfdAgUacH5L3tNBdL0yo65ZYDbnZ7N9uFB6hB3PtyIgl4A,28,1,0,Temu | Escritorio pequeño,temu.com,https://www.temu.com/ul/kuiper/un3.html?subj=dpa-un&_bg_fs=1&_p_jump_id=1082&_x_vst_scene=adg&goods_id=605717910125281&adg_ctx=a-9dd35538~c-8ac2c7f2&_p_rfs=1&_x_ads_channel=pinterest&_x_ads_creative_id=%7Bproduct_partition_id%7D&_x_ads_id=%7Badgroupid%7D&_x_ads_set=%7Bcampaignid%7D&_x_ads_sub_channel=shopping&_x_ns_catalog_id=1580405374697&_x_ns_creative=%7Badid%7D&_x_ns_gid=605717910125281&_x_ns_,https://i.pinimg.com/originals/3f/df/8d/3fdf8d5be2791580d1ae782819aef6ad.jpg,2000,3000,0,2026-06-22
2026-09-05,home office pequeno,1091841503440688260,29,19,0,Cozy Minimal Home Office Inspiration,,,https://i.pinimg.com/originals/0c/1f/db/0c1fdb86f1461debe04c05885a6956ef.png,1122,1402,0,2026-08-14
2026-09-05,home office pequeno,413416440818405637,30,519,0,Modern Minimalist Study Corner Decor Ideas for a Cozy Home Office Space,insaneglaciersun.github.io,https://insaneglaciersun.github.io/?id=/modern-minimalist-study-corner-decor-ideas-for-a-cozy-home-office-space/,https://i.pinimg.com/originals/3e/4c/21/3e4c21ae94085c442fb8629bd4a47e3e.png,941,1672,0,2026-07-30
2026-09-05,home office pequeno,AQjOowsp3_vTh3Z6Iz43oG82ZMXbmHHn6jq4pt8HLIz3EFw3jlzTQmOjcvOLEWKgTepVh3_cXfvHiLPXqTTTSN4,31,24,0,White Computer Desk,homedepot.com,https://www.homedepot.com/p/BYBLIGHT-70-86-in-Rectangle-White-Wood-Conference-Table-Computer-Desk-Study-Writing-Desk-with-Metal-Base-for-Home-Office-BB-ZHY-073CD/342130517?cm_mmc=psoc-pinprg-%7Bcampaignid%7D-%7Badgroupid%7D,https://i.pinimg.com/originals/8e/8f/00/8e8f00b1f4d13f0b3c739fd3a9f99b64.jpg,1000,1000,0,2026-07-23
2026-09-05,home office pequeno,1114007657856198313,32,5619,0,Modern Japandi Home Office Ideas for a Cozy & Minimalist Workspace,,,https://i.pinimg.com/originals/27/8e/f4/278ef45d13545ecab88bd9f02eac8c5d.jpg,1023,1537,0,2026-07-11
2026-09-05,home office pequeno,AeqCnXmEr-nP47hmEPQYL-8R107c9MDdG_CKZoP5wd32EzXYPVz6mIAaM7AU8kCEL8vVbA_qzIH6Odde9Co0gEM,33,8,0,Humply Modern Minimalist,homary.com,https://www.homary.com/lditem/modern-minimalist-style-l-shaped-desk-solid-with-3-drawers-60-inch-executive-office-desk-47667.html?currency=usd&language=en&country_code=us,https://i.pinimg.com/originals/b8/ac/ed/b8acedabe9fd6b34607b8ff16e494939.jpg,1000,1000,0,2026-07-07
2026-09-05,home office pequeno,6473993211900544,34,969,0,,,,https://i.pinimg.com/originals/31/42/2f/31422fc61e4a58218f8b526fa0339a3c.jpg,1120,2048,0,2025-09-21
2026-09-05,home office pequeno,288230444925452712,35,115,0,"Home Office Organisieren, So Wird Dein Arbeitsplatz Produktiv (Inspo!)",,,https://i.pinimg.com/originals/9c/aa/d3/9caad3e3b63bf460bec19538f005956c.png,1000,1500,0,2026-08-19
2026-09-05,home office pequeno,385339311890325448,36,27,0,Student Productivity Corner Ideas for a Cozy Study Space,,,https://i.pinimg.com/originals/20/7f/b8/207fb8d1e2a4043e37407541fb62352a.jpg,768,1376,0,2026-08-25
2026-09-05,home office pequeno,39336196741932046,37,521,0,Small Balcony Office Ideas for a Productive Home Workspace,,,https://i.pinimg.com/originals/ea/3e/89/ea3e893f5363cd2763f0a3e52e0cbcca.jpg,1080,1920,0,2026-08-14
2026-09-05,home office pequeno,1110348483158108615,38,2971,0,Computer Desk Ideas | Floating Corner Desk Setup with LED Lighting,,,https://i.pinimg.com/originals/6d/cb/59/6dcb59a68cd5fcb5cb4540502fcfc44b.png,1792,2400,0,2026-07-18
2026-09-05,home office pequeno,1128714725389884553,39,4,0,asthetic study table setup,,,https://i.pinimg.com/originals/00/dc/4f/00dc4f7a5e68e5ef560cfa0060d2ae81.jpg,810,1440,0,2026-08-16
2026-09-05,home office pequeno,1144195849112258344,40,1,0,Inspiração aconchegante com estilo,aiboosterhub.com,https://aiboosterhub.com/nUjmTVUb86012repinter,https://i.pinimg.com/originals/d9/9c/dd/d99cdda46aecf5f64aa69e7e90515709.jpg,736,1109,0,2026-08-09
2026-09-05,home office pequeno,48976714692628638,41,519,0,"Home Office Moderno 3x2m | Pequeno, Funcional e Estiloso",,,https://i.pinimg.com/originals/98/e2/f9/98e2f98a9f7be82f36fd12329e2acac4.png,1024,1536,0,2026-04-28
2026-09-05,home office pequeno,120260252547031039,42,149,0,,,,https://i.pinimg.com/originals/73/c8/20/73c820c1cdd8d7fdccef51f0bc004d8c.jpg,1419,2156,0,2026-08-24
2026-09-05,home office pequeno,780178335491672191,43,9,0,Home Office | Prateleira | Prateleiras Suspensas,s.shopee.com.br,https://s.shopee.com.br/50YK6C5Bfc?channel_type=pinterest,https://i.pinimg.com/originals/44/0a/0c/440a0c3d60ce3d9bceefdc06bb0814c6.png,1024,1536,0,2026-08-25
2026-09-05,home office pequeno,AZ-q2qB0joPB0ReHPFm-uBnFA5kgHHBa7ynXd1s059YjmPLjhFJlazjEgT7Lm8-fWNu7l5EhcwjZE_LzSTPH2ew,44,0,0,Temu | L-shaped Office,temu.com,https://www.temu.com/ul/kuiper/un3.html?subj=dpa-un&_bg_fs=1&_p_jump_id=1082&_x_vst_scene=adg&goods_id=601101808600952&adg_ctx=a-f1d89e38~c-5ddf436c&_p_rfs=1&_x_ads_channel=pinterest&_x_ads_creative_id=%7Bproduct_partition_id%7D&_x_ads_id=%7Badgroupid%7D&_x_ads_set=%7Bcampaignid%7D&_x_ads_sub_channel=shopping&_x_ns_catalog_id=1567707391772&_x_ns_creative=%7Badid%7D&_x_ns_gid=601101808600952&_x_ns_,https://i.pinimg.com/originals/d0/d2/5b/d0d25badeef50aeda45a2d26ad672751.jpg,1800,1800,0,2026-08-23
2026-09-05,home office pequeno,1092756297111765342,45,885,0,Estilo de oficinas modernos,,,https://i.pinimg.com/originals/e8/79/b2/e879b253fe73c6541a8cdd5f86590612.jpg,736,1104,0,2026-06-29
2026-09-05,home office pequeno,3518505955857903,46,207,0,,,,https://i.pinimg.com/originals/65/b8/d7/65b8d7ad8a4977cce45f6fb7ba21c62b.jpg,1024,1536,0,2026-07-28
2026-09-05,home office pequeno,839780661814460179,47,54,0,Cozy Modern Study Corner 🤎✨ | Small Home Office Ideas,,,https://i.pinimg.com/originals/96/3a/bb/963abb591389ae02cc98ecdac63c7b62.png,1024,1536,0,2026-08-19
2026-09-05,home office pequeno,6544361955476295,48,154,0,Cozy Small Apartment Home Office Ideas for a Productive Workspace,,,https://i.pinimg.com/originals/fa/2a/ad/fa2aad5d91298685bd218b202a46e6a9.png,1024,1536,0,2026-08-18
2026-09-05,home office pequeno,596234438214977563,49,18,0,Escritorio,,,https://i.pinimg.com/originals/ab/03/33/ab03334c62caf95c9463a0b3fc4a186f.png,1086,1448,0,2026-08-25
2026-09-05,home office pequeno,757027018661662023,50,53,0,Cozy Modern Home Office Ideas with a Window Seat,,,https://i.pinimg.com/originals/17/a4/47/17a4477d495ea1d2de6b5dcfd032ca83.png,1023,1537,0,2026-08-24
2026-09-05,home office pequeno,1618549865413981,51,1631,0,,,,https://i.pinimg.com/originals/1a/92/6a/1a926ae8078b8baf148b4e3947d3290f.jpg,896,1344,0,2026-07-23
2026-09-05,home office pequeno,64035625948660371,51,592,0,,,,https://i.pinimg.com/originals/5e/46/54/5e4654254a60841d0929f743a4ff59e5.png,1024,1536,0,2026-08-23
2026-09-05,home office pequeno,AXlf0tR4ZOlYjSFM6pz4SqLbazgJX1xdt4EZmZrjoUwhKdJYc9h9pDAjfh-mPSLjz7oE7BJDPD6dKI5Bk1qJWaY,52,422,0,Bundle auto and home,libertymutual.com,https://www.libertymutual.com/multi-online-quotes?selectedOpt=auto_home&cid=soc&cmpgncde=2405&keyCode=SMFCTC00&src=cm-dsoc-aut-pin,https://i.pinimg.com/originals/b4/86/02/b486029a82aefb00281e84e7a9889131.jpg,1000,1500,0,2024-02-14
2026-09-05,home office pequeno,AQ4Q5WzXsc1hVpp8smb8kCOTDiej0EqfZ77GXmqxRVpnGLdgWjf0VHEOmUyZOQ78wMHOWQsggVspLWexwf7QdcI,53,81,0,From Empty Room to Dream,tribesigns.com,https://tribesigns.com/products/tribesigns-modern-executive-desk-63-inch-office-computer-desk-workstations#utm_source=YTB&utm_medium=F1993&utm_campaign=POST,https://i.pinimg.com/originals/a1/17/87/a1178705c6660579c0a59649d9aea873.jpg,720,1280,1,2026-03-13
2026-09-05,home office pequeno,63965257213225910,54,279,0,Vem Montar Comigo Esse Home Office Pronta Entrega,,,https://i.pinimg.com/originals/ad/20/91/ad209123397e5dd0fef0e0774c301068.png,1024,1536,0,2026-08-12
2026-09-05,home office pequeno,AaZVngafHVLoTDo-wcF7snPfJfNzGdsEJEMbRTxoxiEkLduKhfzQlnuopBYRl6Eu5Duyk3mqOY5-tkAwjVn6sgQ,55,2,0,Seen at Design Days:,teknion.com,https://www.teknion.com/tools/inspiration/blog/forms-that-elevate-your-daily-life,https://i.pinimg.com/originals/41/74/10/417410c02a3d1640d94fdea2e828c68f.png,1000,1500,0,2026-08-14
2026-09-05,home office pequeno,37436240650898184,56,727,0,,,,https://i.pinimg.com/originals/fe/38/2a/fe382a30830f3acf4acccae99ed0682c.jpg,1080,1920,0,2026-08-23
2026-09-05,home office pequeno,AWZwINkuRxBnK-DcqMwX2BqczmUxqyKUeCw6zwcCaJPmAd_0zqHBBidBVnS2o58kqOc49b6ErDW-3xS67rL5WZ0,57,4,0,,walmart.com,https://www.walmart.com/cp/dorm-room-essentials/1225229?sourceid=dsn_pin_fe6229ea-cd44-4854-9ab4-7cea85d8bf6f&veh=dsn&wmlspartner=dsn_pin_fe6229ea-cd44-4854-9ab4-7cea85d8bf6f&cn=01em_fy27_btc_btc_up_int_soc_static-video-pin,https://i.pinimg.com/originals/d9/31/b3/d931b348778da732c3c6aab0813b8c0c.png,1000,1500,0,2026-08-04
2026-09-05,home office pequeno,AbW4YV1UIAzFkvmXH1lq-7BS-lJ2Kj_eCisl_eX6NfoHItSl-ZtjESyPl3TksaswxUad1B2hX_yFq5ewhAcXrRU,58,14,0,Update your space for a,homedepot.com,https://www.homedepot.com/b/Home-Decor/N-5yc1vZas6p,https://i.pinimg.com/originals/52/39/86/52398623fcd1d0f7f8c8d4891122e033.jpg,1000,1500,0,2026-08-10
2026-09-05,home office pequeno,1151725304732944529,59,681,0,,,,https://i.pinimg.com/originals/ea/4f/12/ea4f1298d364e0c1cc237e312fa6e351.png,941,1672,0,2026-06-26
2026-09-05,home office pequeno,AQhgwy8fEND96z105JVN4J5gA-ZAuqAirtZSw5oD5S58rSdwq9QiKvi6Fs9Zgi6Y1b0PqTWWfBznJXOWWxIaPlE,60,1,0,See Our Top Tips for,go.roomandboard.com,https://go.roomandboard.com/oySf8Z,https://i.pinimg.com/originals/de/47/cc/de47cc14109c7c10547739fb5ba852eb.png,1001,1501,0,2026-03-17
2026-09-05,home office pequeno,Ab4HDW-2frLlaIwnMRagAQvVckS99GnSWhUSpA0HSBPFCyGwZS4Bapgx9W3RtXIJPXWh8s7uqfyEmwpLvym0Be0,62,83,0,Design Your Dream Home in,homedesigns.ai,https://homedesigns.ai/,https://i.pinimg.com/originals/a5/85/50/a58550d466b44889aaa59d600312b713.jpg,736,1308,0,2026-03-24
2026-09-05,home office pequeno,1147573548825187440,63,6309,0,How to Style an Aesthetic & Organized Desk 💻🌷,,,https://i.pinimg.com/originals/5c/43/dd/5c43dd68198002adc98ffdd6e83c2882.png,1023,1537,0,2026-06-20
2026-09-05,home office pequeno,AfGMUY53oPIAp_khZpbxDpcDxqEn2FJ1bZf7CL88tg2r70yzDW05WqjuZ1AX4aqrbBXkRT2WQascFp3zoNgLt4c,64,132,0,Cozy Dorm Style with Cool,zonlihome.com,https://www.zonlihome.com/products/futon-mattress,https://i.pinimg.com/originals/06/0f/60/060f607531f4a65bc4c479520d6a88ee.png,1000,1500,0,2026-07-10
2026-09-05,home office pequeno,914862422240316,65,1974,0,,,,https://i.pinimg.com/originals/52/34/29/523429e9c9fe67ad53e9fd03f7d5d768.jpg,896,1344,0,2026-05-24
2026-09-05,home office pequeno,351351208450847647,66,115,0,Most homeowners focus on buying the most feature-rich furniture. But that's rarely what makes a workspace feel calm and beautiful. What truly transforms a home office is restraint — knowing exactly wh,,,https://i.pinimg.com/originals/4b/50/f2/4b50f266837258868c03cbf84d636bb2.png,1080,1920,0,2026-08-26
2026-09-05,home office pequeno,21321798232562462,67,1430,0,Luxury Study Table Decor Ideas 2026 | Elegant Gold & Beige Desk Setup for a Premium Workspace,,,https://i.pinimg.com/originals/16/49/c7/1649c729569f615d824293f6d4e08cb0.jpg,1024,1536,0,2026-08-21
2026-09-05,home office pequeno,72550243993069373,68,14,0,Small Home Office Interior Ideas That Look Luxury on a Budget,,,https://i.pinimg.com/originals/31/21/99/312199df5ce8ff2f870f4eff85a86daf.jpg,768,1376,0,2026-08-20
2026-09-05,home office pequeno,AR8sZEEjDjS3xWHNfxnVYPvRyy4_hekH7qzNEZqm0W8RPu0QaE1IXtZAKmv9_kLHS2SO2Jk15gCQeG4zSZVEMfM,69,1,0,Put Your Design Skills to,designwithfriends.com,https://designwithfriends.com/,https://i.pinimg.com/originals/8e/9c/6c/8e9c6ca4b13201d7f182c719564b8570.jpg,1080,1920,1,2026-05-28
2026-09-05,home office pequeno,192599321560550844,70,2564,0,,,,https://i.pinimg.com/originals/8a/e2/b8/8ae2b82b73d9c10adc4a261e5b9272f3.png,1024,1364,0,2026-03-27
2026-09-05,home office pequeno,68750272936,71,11067,0,,,,https://i.pinimg.com/originals/b4/58/73/b458731f7a248e8eaae64d28188ddba4.jpg,1086,1448,0,2026-07-28
2026-09-05,home office pequeno,11610911542385477,72,129,0,Minimalist Home Office Desk Setup Ideas for Maximum Productivity,,,https://i.pinimg.com/originals/86/ba/44/86ba444e9a69ba345591cd1fb5215500.jpg,2747,4096,0,2026-08-24
2026-09-05,home office pequeno,632544710210327449,73,25,0,,,,https://i.pinimg.com/originals/bf/82/c9/bf82c91cd352278764aadc61ec16913b.png,1122,1402,0,2026-08-25
2026-09-05,home office pequeno,709809591310276426,74,1141,0,Girly Desk,amazon.com,https://www.amazon.com/shop/leine9471/photo/amzn1.shoppablemedia.v1.9a84dcf7-1c80-401f-8aab-0928c8944b6c?ref_=aipsfphoto,https://i.pinimg.com/originals/9e/19/8c/9e198c70ab7c5978314bf70dfe5b0455.jpg,736,1240,0,2026-01-25
2026-09-05,home office pequeno,9429480467875011,75,689,0,,,,https://i.pinimg.com/originals/f4/a7/77/f4a777d9ff3a9fad81ca79cea7691d35.jpg,736,1104,0,2026-08-25
2026-09-05,home office pequeno,1688918607553175,76,572,0,,,,https://i.pinimg.com/originals/5c/e1/a6/5ce1a6908c132a0dc79402e879fd6d55.png,941,1672,0,2026-08-08
2026-09-05,receitas fitness,ATSn8VXzMk4iGoeMNPyMOkrDbQNTBlV3AppfTcSxsMGwqapX5-rG1FzfKpH4eztT4r7Se1EyQit2demr1iw7Kss,2,1,0,Reach Your Healthy Weight,noom.com,https://www.noom.com/programs/health-weight/exsf01/?upv=3&sp=pinterest&utm_source=pinterest&utm_medium=paidsocial&utm_campaign=%7Bcampaignid%7D&utm_content=%7Badid%7D&gid=%7Badgroupid%7D&utm_term=%7Bkeyword_id%7D%7C%7Bkeyword%7D&step=pros&lang=en&device=%7Bdevice%7D,https://i.pinimg.com/originals/94/49/af/9449af45dee79199ecc36f58209f21b5.jpg,736,1104,0,2026-01-28
2026-09-05,receitas fitness,AfBQSTm7XbqRQ6In3B-7P6vQelp6QMn8W89hy7JYjJutyKA6GV-I87fmHA4nphJQGXPcM6EwfJcNmKTk9KFe-wQ,3,81,0,Make a healthy granola breakfast with fruit toppings or win over the kids with an easy yogurt parfait recipe.,target.com,https://www.target.com/items/-/ct-54483168Z78060729Z78362089Z54461559Z15013944Z54436252Z13208903Z13208899,https://i.pinimg.com/originals/be/84/1f/be841f33015c0490c385386530fed8df.jpg,600,900,0,2020-07-27
2026-09-05,receitas fitness,ASpu9swcnKuw17sUEckRgzg1Qn5VEWIpbfUsciORIorD2Uxv7wRB-eGFoV6QHTAYLCAiBOjWW6p7eetF5b1j5tI,4,2364,0,Lunch Time Recipes,chickenofthesea.com,"https://chickenofthesea.com/seafood-recipes/?_meal_types=sandwiches-and-wraps&_seafood=tuna,salmon,mackerel",https://i.pinimg.com/originals/1c/96/39/1c9639ea7140e20ddaa0c45dd626686f.png,4167,6250,0,2024-09-18
2026-09-05,receitas fitness,489625790762565582,5,91,0,"Quer comer bem sem passar horas na cozinha? 😍 Separei 4 receitas saudáveis, fáceis, econômicas e deliciosas que vão transformar sua alimentação: 🥪 Sanduíche Natural de Frango Cremoso 🥘 Jantar Rápido c",instagram.com,https://www.instagram.com/reel/DawHHLmgZxm/,https://i.pinimg.com/originals/7b/8b/fb/7b8bfb972b60a4304f76895b195d3430.jpg,640,1136,0,2026-08-23
2026-09-05,receitas fitness,ARqfNkBbK8surxpzgOHMZ3VdSTFPxiadBdi7JcA3FSuWwHw6KVmOqKhq7LGeYznO4lrDYvZSqWfAIbBP7Kavlu0,6,1,0,Grilled Shrimp Skewers,challengedairy.com,https://challengedairy.com/recipes/fish-and-seafood/grilled-shrimp-skewers-with-garlic-parmesan-butter/2026-challenge-pinterest-awareness-interests-1556&utm_source=pinterest&utm_medium=banner&utm_content=GrilledShrimpSkewerswithGarlicParmesanButter-NoProduct,https://i.pinimg.com/originals/b3/c7/03/b3c7037db33db1cad2d93083bebfae00.png,1080,1920,0,2026-07-30
2026-09-05,receitas fitness,422353271327202863,7,164,0,Brownie Fit de Frigideira 🍫💪 | Receita Proteica Fácil com Whey,,,https://i.pinimg.com/originals/40/85/de/4085de2306dd5b564e6c155526732bd5.jpg,1080,1920,0,2026-07-21
2026-09-05,receitas fitness,AdwY4_8vgD8uVnyJxblQui_VXzH8vp5S9XvjpEcpi1JZdF3jWZp3rjLqHaQ_4OgXEd1wMYh-sdJZhB2maxLGjTA,8,208,0,Frozen Kombucha Berry,vitamix.com,https://www.vitamix.com/us/en_us/recipes/frozen-kombucha-berry-smoothie,https://i.pinimg.com/originals/2b/46/70/2b4670d932e0de1705b2ad5053a064f2.jpg,1000,1500,0,2026-03-29
2026-09-05,receitas fitness,AVoXSbLvFGmy5PX6F93KvcuZ1ar2VvbH4_CFKlbZeSKtV-PFSbuKphFSeqPkfx-k5BGjwInCMop5md-ocSsFbi8,9,906,0,meal prep with siggi's,siggis.com,https://siggis.com/recipe/meal-prep-salad/,https://i.pinimg.com/originals/5d/a5/fc/5da5fcb5e0468afffe26665e90af3f7e.jpg,720,1280,1,2024-01-17
2026-09-05,receitas fitness,Abm-7j8QhBHpsal-cBqMCENSZoNZvu09AUB0qSekaOVr7H0s-a9k1HaXmi0W1EYsAeGLl2QnYklKleI9LBbnEss,10,1,0,The Easiest Way to Eat,eat.hungryroot.com,https://eat.hungryroot.com/oct-2025-different-30/?utm_source=pinads-sub&utm_medium=cpc&utm_campaign=ACQ-Pin-S114_P+&utm_content=PNEW1083&wm_source=pinterest&wm_medium=ads&wm_ad_id=%7Badid%7D,https://i.pinimg.com/originals/ad/e6/ca/ade6ca5bae13292fc58185f3e4962043.png,1000,1500,0,2026-08-21
2026-09-05,receitas fitness,1107955945863547853,11,26,0,"Pizza de Frigideira Proteica: Receita Fitness Fácil, Rápida e Rica em Proteína para Emagrecer",,,https://i.pinimg.com/originals/31/1f/69/311f694b044501299c84c03a138dd0be.png,1024,1536,0,2026-08-10
2026-09-05,receitas fitness,11751649024004830,12,3606,0,,,,https://i.pinimg.com/originals/37/0a/28/370a280deceebd888fb941042546e8c5.jpg,736,839,0,2026-08-07
2026-09-05,receitas fitness,AWed9PRQMJ7UshWYH3zytECPzjVbjzgRdTLcpUyloNji70cBzzre7m_1TkM1NNJEtef0w_mvfXOWkNpNpGzzTzw,13,1,0,Jamie Oliver's,uk.pinterest.com,https://uk.pinterest.com/jamieoliver/back-to-school-recipes/,https://i.pinimg.com/originals/8c/f5/68/8cf56820fa5d18a953add6ec8ea5d18b.jpg,969,1279,0,2026-08-13
2026-09-05,receitas fitness,AROwPGEsEJdbVQI4i0GZ_f00sSAoJcbkszAg92QV8UAfHg1GHNj0xDIxu83PpkMR8cBn4IrNauD1MeYlplgkP74,14,1,0,Protein Breakfasts Made,amazon.com,https://www.amazon.com/Protein-Breakfasts-Delicious-Recipes-Strong-ebook/dp/B0C2D425XZ/ref=asc_df_B0C2D425XZ?hvdev=%7Bdevice%7D&hvcampaign=%7Bcampaignid%7D&hvadgroupid=%7Badgroupid%7D&hvprdptid=%7Bproduct_partition_id%7D&hvprdgrpid=%7Bpromoted_product_group_id%7D&hvcr=%7Bcreative_id%7D&hvadid=%7Badid%7D&hvprdid=%7Bproduct_id%7D&hvplc=%7Bplacement%7D&psc=1&tag=%7Bifnotmobile:ushpadpinde-20%7D%7Bifm,https://i.pinimg.com/originals/e5/0e/50/e50e500161141655d03e756251edbe9b.jpg,1600,2560,0,2026-03-24
2026-09-05,receitas fitness,AU_Ep-4kLyo03pRrr88U3U3rPgBNDaVOCFNnzGYz_WVJtBBzu5oABApKZz1wyMnHfOEhfp9RdHoOa4PqPMsU49s,15,22,0,High Protein & Airfryer -,amazon.com,https://www.amazon.com/High-Protein-Airfryer-Lifestyle-Breakfasts/dp/B0DYYFP44B/ref=asc_df_B0DYYFP44B?hvdev=%7Bdevice%7D&hvcampaign=%7Bcampaignid%7D&hvadgroupid=%7Badgroupid%7D&hvprdptid=%7Bproduct_partition_id%7D&hvprdgrpid=%7Bpromoted_product_group_id%7D&hvcr=%7Bcreative_id%7D&hvadid=%7Badid%7D&hvprdid=%7Bproduct_id%7D&hvplc=%7Bplacement%7D&psc=1&tag=%7Bifnotmobile:ushpadpinde-20%7D%7Bifmobile:u,https://i.pinimg.com/originals/1a/d2/55/1ad2551d204a47aac77ad9a7c8855642.jpg,1000,1499,0,2025-10-20
2026-09-05,receitas fitness,41587996555902679,16,1126,0,,,,https://i.pinimg.com/originals/7d/c0/d5/7dc0d55b433e213ba2538b6f5c3a2b13.jpg,736,1104,0,2026-08-17
2026-09-05,receitas fitness,AeIQXmMuIbUxYFVohhlbbUhAo_ELdbCiJEdejNZb4QpuZZ7gdGUERippTdHQ8JHYekQG7uQswL-pRg_E6B9My8M,17,258,0,Citrus-Grilled Salmon,mychinet.com,https://www.mychinet.com/ideas/recipes/citrus-grilled-salmon-with-fresh-mango-salsa/?utm_campaign=mbb-2026-recipe&utm_medium=paid-social&utm_source=pinterest&utm_content=citrus-grilled-salmon&utm_term=6255_interest_all-buyer_planner_all-retailer_summer_infeed-static_1080x1920_mbb-2026-recipe_paid-social_pinterest_citrus-grilled-salmon,https://i.pinimg.com/originals/2d/0f/c8/2d0fc85f45a9a2646d85c18c9ba4a23d.jpg,1000,1500,0,2026-07-02
2026-09-05,receitas fitness,78179743527970546,18,248,0,"🥕🍰 Bolo de Cenoura Saudável: fofinho, saboroso e sem abrir mão da saúde!",,,https://i.pinimg.com/originals/00/5e/9e/005e9e1de2ee91aa7acdc011251b12a2.jpg,736,1104,0,2026-08-13
2026-09-05,receitas fitness,AQ-MGlVduw_JjWfbibS1XY3beHTELxFsTXMVHiITy8YjUvNLyY0cnUBVBC4Qm5UVOqsHqwECCIQ-Vz7b32Lt7zo,19,1,0,Green Dream Smoothie with,ediblearrangements.com,https://www.ediblearrangements.com/fruit-gifts/green-dream-smoothie-with-matcha-10407,https://i.pinimg.com/originals/1f/06/78/1f0678fe2e14606641425e096ded4ff6.jpg,1248,1824,0,2026-08-07
2026-09-05,receitas fitness,412220172164823478,20,16,0,"High Protein Chicken Buddha Bowl with Avocado, Sweet Potato & Fresh Veggies",perroneofficialguide.github.io,https://perroneofficialguide.github.io/?id=/high-protein-chicken-buddha-bowl-with-avocado-sweet-potato-fresh-veggies/,https://i.pinimg.com/originals/1a/95/06/1a95062f26a98e50e14c904d12995f49.png,941,1672,0,2026-08-25
2026-09-05,receitas fitness,AbUfMc9Y0qZCHClUryLg9K7Ag9pR9kkncn0cwb9bzShaA-KMSzLstm6MVkTMmQf4DidzMFXcmxLCLuNjpr4ue2E,21,8,0,High Protein & Airfryer -,amazon.com,https://www.amazon.com/High-Protein-Airfryer-Lifestyle-Breakfasts/dp/B0DYYGZ5BY/ref=asc_df_B0DYYGZ5BY?hvdev=%7Bdevice%7D&hvcampaign=%7Bcampaignid%7D&hvadgroupid=%7Badgroupid%7D&hvprdptid=%7Bproduct_partition_id%7D&hvprdgrpid=%7Bpromoted_product_group_id%7D&hvcr=%7Bcreative_id%7D&hvadid=%7Badid%7D&hvprdid=%7Bproduct_id%7D&hvplc=%7Bplacement%7D&psc=1&tag=%7Bifnotmobile:ushpadpinde-20%7D%7Bifmobile:u,https://i.pinimg.com/originals/99/7c/01/997c01fa379dc5ec86f2e2ef2278fb68.jpg,1000,1491,0,2026-03-03
2026-09-05,receitas fitness,112308584465134592,22,24,0,"Pizza fitness, com poucas calorias😋🍕",,,https://i.pinimg.com/originals/6b/71/40/6b7140cf8b5f4bcecca65b2042a0d166.jpg,1024,1536,0,2026-08-24
2026-09-05,receitas fitness,794463190540810510,23,2604,0,como emagrecer da forma correta!! forma para emagrecer da forma correta? 1=atente-se ao processo de mastigão dos alimentos. 2=consuma alimentos que ajudam a queimar 3=tenha disciplina alimentar 4=evit,,,https://i.pinimg.com/originals/51/2c/51/512c514c2ed7ef85101d4172bc522248.jpg,564,1002,0,2023-10-23
2026-09-05,receitas fitness,AdXkNn9KbhBdYULWXmuig8P4zjN9Q4CtdJ9NHOaL6rQktPBigf0B0enZgdZD7AKjKS4KJvKU5OUWsVyQWI_oIww,24,2002,0,Easy Refreshing Sweet,stonyfield.com,https://www.stonyfield.com/recipes/banana-pops/,https://i.pinimg.com/originals/49/90/2a/49902a171d8cfeb9b717e19337f07b6e.jpg,2160,3840,1,2026-04-06
2026-09-05,receitas fitness,AY6upfE4vKMm-U_Z6xIZqE7l_bHIquwSfNofhNAxxiVeAsizBCDxrBXnMsDvog3a-G0BElcSIq-tvH82_hU5-_o,25,450,0,Easy Post-Workout Meals,athleticlift.com,https://athleticlift.com/high-protein-post-workout-meals/,https://i.pinimg.com/originals/eb/8b/49/eb8b49bb66f168f9f58736db85d8688a.png,887,1774,0,2026-06-25
2026-09-05,receitas fitness,8022105581895433,26,1086,0,Gratinado de espinafres com cenoura (saudável e fit),panelinhadesabores.blogspot.com,https://panelinhadesabores.blogspot.com/2024/03/gratinado-de-espinafres-com-cenoura.html,https://i.pinimg.com/originals/4f/c3/a5/4fc3a52b4f611e4bbbc3bf5e3ff6a849.jpg,3024,4032,0,2025-05-07
2026-09-05,receitas fitness,AcOnB6vvZPZZTiZYRy1GLG_APO9d_ODRpeyWt4MzWmAbX4jSYbaAFlC2jlz2-zRjG5sOxPyrQ-t141iIQ8QnZ5Q,27,482,0,Start Transformation Now!,quiz.betterme.world,https://quiz.betterme.world/first-page-generated?flow=3068&utm_source=pinterest&utm_medium=organic&utm_content=27_2025-07-11_ira_H-FemaleCutting_K-Remake_CT-29985_Ver-1_pn.jpg,https://i.pinimg.com/originals/8b/a0/46/8ba046a20a7d73109e4eab2401947f90.jpg,1080,1920,0,2026-01-31
2026-09-05,receitas fitness,AYYfmMVYlivK3FSdTPb9R_d2gZt3taiEHicZEA0yWbw1yhW8DqBRyhStK_TWXLxwPQIzt0ybjV1rRPlSih52vYc,28,691,0,High Protein,organicvalley.coop,https://www.organicvalley.coop/recipes/high-protein-fluffy-pancakes/,https://i.pinimg.com/originals/52/14/5e/52145e534723c73e0e4dc6d0bb8fc6fb.jpg,1000,1500,0,2026-01-14
2026-09-05,receitas fitness,714242822186802662,29,6303,0,Wholesome Hawaiian Chicken Salad: Gluten-Free and Flexi-Plan Friendly,etsy.com,https://www.etsy.com/listing/1827275475/chocolate-seed-sticks-with-tahini?4579947618=,https://i.pinimg.com/originals/b5/77/a9/b577a9f82a2ecc6c93c72f69fdcc6ec3.jpg,2988,4536,0,2024-11-17
2026-09-05,receitas fitness,1107955945862893559,30,75,0,"Brownie Fit de Banana 🍫🍌 | Sem Açúcar, Fácil e Delicioso",,,https://i.pinimg.com/originals/59/8f/fd/598ffd8784d9ffc578d63a86cffee16b.png,1024,1536,0,2026-08-02
2026-09-05,receitas fitness,AZzVLqTaEHVsSwUo1tdF4pucOqHzHCkw6LMegORI8eyPGfCei8nCVLYpAbpUpNq1nSV_dvA1wUzFI7M-5meBgDs,31,47,0,50 COTTAGE CHEESE BOWL,amazon.com,https://www.amazon.com/COTTAGE-CHEESE-BOWL-RECIPES-BREAKFAST/dp/B0F8VHSPRR/ref=asc_df_B0F8VHSPRR?hvdev=%7Bdevice%7D&hvcampaign=%7Bcampaignid%7D&hvadgroupid=%7Badgroupid%7D&hvprdptid=%7Bproduct_partition_id%7D&hvprdgrpid=%7Bpromoted_product_group_id%7D&hvcr=%7Bcreative_id%7D&hvadid=%7Badid%7D&hvprdid=%7Bproduct_id%7D&hvplc=%7Bplacement%7D&psc=1&tag=%7Bifnotmobile:ushpadpinde-20%7D%7Bifmobile:ushpad,https://i.pinimg.com/originals/4d/00/c5/4d00c532ccf59773bdd7afc504151730.jpg,1000,1293,0,2025-10-25
2026-09-05,receitas fitness,1086493478877153555,32,1725,0,,,,https://i.pinimg.com/originals/75/cf/20/75cf20c3ef23b4ae1ce5c34e8ff59c00.png,1024,1536,0,2026-04-09
2026-09-05,receitas fitness,21181060744184259,33,2704,0,,,,https://i.pinimg.com/originals/d8/cd/02/d8cd02f8c4b7145b1b38192076b981f5.jpg,563,857,0,2026-04-22
2026-09-05,receitas fitness,465418942761379381,34,13633,0,Chickpea Feta Avocado Salad | Simple Tasty Recipes,strecipes.com,https://strecipes.com/chickpea-feta-avocado-salad/,https://i.pinimg.com/originals/f1/f1/f6/f1f1f6055075c0fe268455ba7f958b36.webp,816,1456,0,2025-06-03
2026-09-05,receitas fitness,836191855815074768,35,664044,0,,eatwell101.com,https://www.eatwell101.com/roasted-potatoes-carrots-zucchini-recipe,https://i.pinimg.com/originals/fb/bf/12/fbbf12bc47e4356fbd1487ee0c47dce7.jpg,1080,1620,0,2021-04-03
2026-09-05,receitas fitness,AUDJRDX9nhVf5v-QMODeSjXBDdvPyT8mkRJp3Dd8jZxUpeUVVIDKLb-qEcvgZa9SIMsZ_JgNj7VR3gGAygcNQQ0,36,60,0,Easy High-Protein Beef,beefitswhatsfordinner.com,https://www.beefitswhatsfordinner.com/recipes/collection/33358/protein-for-strength?utm_source=Pinterest&utm_medium=SocialMedia&utm_campaign=%23010526-05%20&%20%23122225-04%20-%20January%20Nutrition,https://i.pinimg.com/originals/72/bb/58/72bb58736112b6da22655eae1918717b.jpg,1000,1500,0,2026-01-07
2026-09-05,receitas fitness,AcDbmkJCnfpSdYesJG4w3m-J0WBf7QmTY7SYMjs-W3ADIR5vcm7W2HlKjgm-Eg7xYi31KtEvljnBC1FprtPEEas,37,1,0,50 Salades Repas Healthy:,amazon.com,https://www.amazon.com/Salades-Repas-Healthy-seulement-ingr%C3%A9dients/dp/B0H98ZQQ93/ref=asc_df_B0H98ZQQ93?hvdev=%7Bdevice%7D&hvcampaign=%7Bcampaignid%7D&hvadgroupid=%7Badgroupid%7D&hvprdptid=%7Bproduct_partition_id%7D&hvprdgrpid=%7Bpromoted_product_group_id%7D&hvcr=%7Bcreative_id%7D&hvadid=%7Badid%7D&hvprdid=%7Bproduct_id%7D&hvplc=%7Bplacement%7D&psc=1&tag=%7Bifnotmobile:ushpadpinde-20%7D%7Bifmo,https://i.pinimg.com/originals/9d/3e/45/9d3e45fbdef6f3e9c01194beff6dd67a.jpg,1000,1499,0,2026-07-22
2026-09-05,receitas fitness,ASGJwAEm28V5S9clS5WSstZOWEG0Bs6G2ry1485cAGArMhskArhx-GmWpfDOZOGggFK05Kt-OxQCm1g97bUfFR0,38,1,0,POWER MEALS: 100,amazon.com,https://www.amazon.com/POWER-MEALS-HIGH-PROTEIN-RECIPES-BODYBUILDING/dp/B0DP225B26/ref=asc_df_B0DP225B26?hvdev=%7Bdevice%7D&hvcampaign=%7Bcampaignid%7D&hvadgroupid=%7Badgroupid%7D&hvprdptid=%7Bproduct_partition_id%7D&hvprdgrpid=%7Bpromoted_product_group_id%7D&hvcr=%7Bcreative_id%7D&hvadid=%7Badid%7D&hvprdid=%7Bproduct_id%7D&hvplc=%7Bplacement%7D&psc=1&tag=%7Bifnotmobile:ushpadpinde-20%7D%7Bifmobil,https://i.pinimg.com/originals/65/0b/8f/650b8fb416b9ec7e2d750b180c577a63.jpg,1000,1293,0,2026-04-17
2026-09-05,receitas fitness,AaVHqpwJx8MqdMB5UnfwluJExmuFnjFrpXvAFuQ5Qf_RiOipethkoqR2XHkoTH_KWYON2OSNfK5kzGRdLatX8so,39,8,0,Easy Mediterranean Bowls,briannas.com,https://briannas.com/products/citrus-mediterranean-marinade,https://i.pinimg.com/originals/4b/e3/72/4be37287eb149b193e50d04462c2f241.jpg,720,1280,1,2026-06-05
2026-09-05,receitas fitness,68398488088276045,40,322,0,Healthy Weight Loss Meals,beacons.ai,https://beacons.ai/skr01,https://i.pinimg.com/originals/a8/70/fd/a870fdb24c1152022a244574ab6a00b3.png,3328,4864,0,2026-08-25
2026-09-05,receitas fitness,633387444713540,41,28817,0,,,,https://i.pinimg.com/originals/70/4c/1f/704c1ff69264a2a908672457503894ef.jpg,1137,1363,0,2026-07-16
2026-09-05,receitas fitness,6403624466201789,42,2761,0,,,,https://i.pinimg.com/originals/7d/19/0c/7d190cad9661bf61b5aa556c15dfe8ed.jpg,1080,1918,0,2025-12-10
2026-09-05,receitas fitness,709950328800225994,43,10,0,"Prato Fit Saudável: Equilíbrio, Sabor e Performance",s.shopee.com.br,https://s.shopee.com.br/2g61c3fP1E?channel_type=pinterest,https://i.pinimg.com/originals/0e/ce/11/0ece1135103cbf956e760356ed33387e.jpg,768,1408,0,2026-03-15
2026-09-05,receitas fitness,Aar_I0_NIQ6z0tFMJq2FGvgsd4PT-HGZVQwO2bjXv2q44UAY1FiMaOAEgXTVVthMXmvAEoeWjND1mgKGA3RQPW0,44,647,0,50 CHIA PUDDING RECIPES,amazon.com,https://www.amazon.com/CHIA-PUDDING-RECIPES-BREAKFAST-Nutrient-Packed/dp/B0F2ZD6WDW/ref=asc_df_B0F2ZD6WDW?hvdev=%7Bdevice%7D&hvcampaign=%7Bcampaignid%7D&hvadgroupid=%7Badgroupid%7D&hvprdptid=%7Bproduct_partition_id%7D&hvprdgrpid=%7Bpromoted_product_group_id%7D&hvcr=%7Bcreative_id%7D&hvadid=%7Badid%7D&hvprdid=%7Bproduct_id%7D&hvplc=%7Bplacement%7D&psc=1&tag=%7Bifnotmobile:ushpadpinde-20%7D%7Bifmobi,https://i.pinimg.com/originals/8d/cf/aa/8dcfaa32a49563eeed03b64c9ea39938.jpg,1000,1293,0,2026-03-20
2026-09-05,receitas fitness,1086704585113452879,45,243,0,"Sugestões de Pratos Saudáveis: 5 ideias simples e equilibradas para quem quer emagrecer, melhorar a alimentação saudável e manter a constância sem dietas restritivas 🍽️✨ SUGESTÕES DE PRATOS SAUDÁVEIS ",instagram.com,https://www.instagram.com/p/DZoE7mEmrJz/?img_index=3,https://i.pinimg.com/originals/82/0c/c1/820cc14fcca19d0b18ac6d2bbbd16b8b.jpg,1080,1350,0,2026-07-26
2026-09-05,receitas fitness,736479345369711470,46,172,0,"Sugestões de Pratos Saudáveis: 5 ideias simples e equilibradas para quem quer emagrecer, melhorar a alimentação saudável e manter a constância sem dietas restritivas 🍽️✨ SUGESTÕES DE PRATOS SAUDÁVEIS ",instagram.com,https://www.instagram.com/p/DZoE7mEmrJz/?img_index=2,https://i.pinimg.com/originals/ca/86/7a/ca867a43f714b63f03ac2f0879dc9072.jpg,1080,1350,0,2026-07-25
2026-09-05,receitas fitness,1407443630726494,47,6639,0,,,,https://i.pinimg.com/originals/fe/d5/35/fed53534ca193fad3215175dbce18179.jpg,736,1104,0,2026-03-12
2026-09-05,receitas fitness,1110629958132610024,48,40,0,YouTube,youtube.com,https://www.youtube.com/redirect?event=comments&redir_token=QUFFLUhqbUtqZ0dYOEdseUV0NW9HQ0hNeGdkVDltcm9HQXxBQ3Jtc0tuQUh3MUN6YzNvejhDb3M1V3A1YklKdGYtbGh0bDVvZ1V0Rl9UeDM0NVhMdDlkR0NWTjYzNjJoSUx0SXdETVNwWUpTTmRwbEF0bnZSU2pSdWxCdkhRajV2UFExZ2hQdXBpMHFzdHprSlRoeE4zeGJRVQ&q=https://tumblrthoughtss.blogspot.com/&stzid=UgwhkdXNMFqCpyMGyal4AaABAg,https://i.pinimg.com/originals/12/65/8f/12658f35c1463726f387ed46545f37d2.jpg,736,920,0,2026-03-21
2026-09-05,receitas fitness,1103733821212788367,49,256,0,Receita Fácil e Saudável 😋,,,https://i.pinimg.com/originals/75/15/c2/7515c2c822eb47566a8472e2e4282b94.jpg,736,1104,0,2026-04-12
2026-09-05,receitas fitness,676947387781084313,50,3782,0,Receitas fit,,,https://i.pinimg.com/originals/3f/1d/3b/3f1d3be38cb268bedd5d51b7d22d429d.jpg,1080,1920,0,2025-06-12
2026-09-05,receitas fitness,418553359142901565,51,12,0,Curso de Marmitas Fitness: Renda Extra Cozinhando em Casa 🍱,go.hotmart.com,https://go.hotmart.com/D106085027V,https://i.pinimg.com/originals/ee/62/47/ee6247ebaf03f7b18e8a6932da6a2b66.png,1000,1500,0,2026-08-25
2026-09-05,receitas fitness,ARbIcFtlCLu6qbPGBL1U7TFF6PHxBkwh8f8L2eqOoYLWwO5uE9djT9rKfLlOFP_akyQFO8rFvwhcri9FmDTGHlo,51,1,0,Hillshire Reserve™ Lunch,shop.mikmak.ai,https://shop.mikmak.ai/social/6a394a3a3b29ed6f193e389e?utm_campaign=hillshirefarm-premiumlunchmeat-plm-fy26-q4-us&utm_source=social-pi-na&utm_medium=reach&utm_term=nonb&utm_content=serve-static-dynamic,https://i.pinimg.com/originals/b3/f4/3c/b3f43cc0ef09c5868e1b50132151b25b.jpg,1000,1500,0,2026-08-25
2026-09-05,receitas fitness,AbMuHwWx_N7g_k0tNl8HZsWL33vIDPViqIp4Ps5rSDER-29sHdjuWUc1eAFhVhzN_yoMnKUaknnn-T5knLrAeZk,52,143,0,High Protein Banana Oat,instacart.com,https://www.instacart.com/store/recipes/15252182?utm_source=Pinterest&utm_medium=cpm&utm_campaign=flip,https://i.pinimg.com/originals/31/84/2b/31842b47d038d965e58e7d5187dfce80.png,1000,1500,0,2026-06-05
2026-09-05,receitas fitness,157555686958789554,53,407,0,,,,https://i.pinimg.com/originals/e0/75/fb/e075fb2d4ab4691c12c7958dd8b7c2d6.jpg,736,981,0,2023-09-21
2026-09-05,receitas fitness,AY39zt9F02irTwblUM7glF0mlQOrUQnNe6SjgxQiis9WyPrGePMqbczPWFrYb2SO43eE_JLlvXrdMUs8akqXN-E,54,1,0,"Quick, simple, delicious Butter Chicken is just two steps away with New Campbell’s® Sauces",shop.mikmak.ai,https://shop.mikmak.ai/social/6a2057793ef48977baef033b?utm_source=pinterest&utm_medium=paid_social&utm_campaign=sauce_innovation_foundational&utm_term=ad25+_meal_planning&utm_content=final_butter_chicken_dish&utm_placement=in_feed&utm_marketing_tactic=awareness&utm_format=static,https://i.pinimg.com/originals/e1/45/a6/e145a633edef8441accfb85ccc7fead7.png,1080,1620,0,2026-08-27
2026-09-05,receitas fitness,683913893458137647,55,42,0,,,,https://i.pinimg.com/originals/6b/38/de/6b38de88bd8ce9a76c0e3fadc4504181.jpg,1125,2000,0,2026-08-23
2026-09-05,receitas fitness,2533343539395475,56,9767,0,,,,https://i.pinimg.com/originals/2d/63/8b/2d638ba274b00b99068c37087cf277c2.jpg,736,1104,0,2026-08-25
2026-09-05,receitas fitness,AQ0GtgdkRbae_A-J1gTIPYpkbVcYcnlBDmkITPz1psNHYRwAy1Ot40XK-hJ8_W195slLUkdPjCFPvMkWje5Qhv4,57,1210,0,High Protein Greek Tuna,wildplanetfoods.com,https://wildplanetfoods.com/products/skipjack-tuna,https://i.pinimg.com/originals/f0/f0/8c/f0f08cd7632c115ecb10f508a3da224c.jpg,736,1308,1,2026-04-13
2026-09-05,receitas fitness,AUyLY7hBoXRwsPpAMfpITRIbAH32lyI6l-fiJKFJEqcVrnci5CUPirKVWaHsDjrA_NtFbH0bZDO-TxM5lcminhw,58,20,0,FixtureDisplays Snow Cone,wayfair.com,https://www.wayfair.com/FixtureDisplays--FixtureDisplays-Snow-Cone-Syrup-877PIT004253-L971-K~FXTU7662.html,https://i.pinimg.com/originals/f8/52/63/f852632a8806d3bbfa7915fcdbe42223.jpg,400,400,0,2026-03-25
2026-09-05,receitas fitness,AW5Pb_PdyUmKQnJnrRa-Oam01Cdo81eXtwfHySMHVtYWGZYS4wKzhwGoChKqvveUD1noLGDaS0pGmVAZPmkZoo4,59,27,0,Broom Hall Inn,expedia.com,https://www.expedia.com/Hotel-Search?destination=Alcester&selected=4054577&startDate=2026-09-09&endDate=2026-09-10,https://i.pinimg.com/originals/89/40/ff/8940ffb9f8735828afef4b8495315a51.jpg,1000,1500,0,2026-06-17
2026-09-05,receitas fitness,ATFv-LMTeQe9hcrhJM2Iyv9aPFwosMtaKia0F4r8puWM05tSHLUJ2slBnCIcUL0AXZJqCH1x82ZASwKkmDOJu8k,60,90,0,Receitas Fáceis\ receitas gostosas\ receitas fit\ lista de ingredientes\ culinária nutritiva,s.shopee.com.br,https://s.shopee.com.br/6fZT1pb4Hv?pp=1&channel_type=pinterest,https://i.pinimg.com/originals/ae/a1/7e/aea17e88b7da3372d927fd9540dc69a2.jpg,736,1104,0,2026-02-11
2026-09-05,receitas fitness,1108659633296336558,61,273,0,,,,https://i.pinimg.com/originals/b7/15/1e/b7151e6702ed312d3e8df89478bf7733.jpg,736,1104,0,2026-01-23
2026-09-05,receitas fitness,AanjODFMY14Hnz0jVKmTaWdVKh-BufbKjMHpwv03BAkqmSSfwaz0-a-b7XYvuLIeY0W7Y3hedRcr09WFz7xe7ZM,62,1,0,Check GoodRx,goodrx.com,https://www.goodrx.com/well-being/diet-nutrition/best-food-sources-protein,https://i.pinimg.com/originals/95/7d/aa/957daac28a1ae04bbe80050037f6f349.jpg,736,1308,0,2026-07-23
2026-09-05,receitas fitness,658158933055727096,63,18525,0,"Courgettes poêlées faciles, rapides et parfaites pour l'été",deavita.fr,https://deavita.fr/recettes/courgettes-poelees-recette-curry-tomate-champignons-391759/,https://i.pinimg.com/originals/4e/fc/f1/4efcf128420d24175df693111f0ae98b.jpg,750,1099,0,2021-07-24
2026-09-05,receitas fitness,AXm7uxw07opIpvpg4EBtrmf6KZa6RPBosiR8wFWorhwiwzRVb2C_hFVf9pOq5IPoypp0MrN_66hLcAuqYaPFiIw,64,109,0,Florida Orange Juice,floridacitrus.org,https://www.floridacitrus.org/recipes/florida-orange-juice-pumpkin-soup/?utm_source=pinterest&utm_medium=organic&utm_campaign=orange-juice&utm_content=recipe,https://i.pinimg.com/originals/28/a2/8f/28a28fc992b4224c4f9e37e6a2781d2a.jpg,1080,1920,0,2026-08-25
2026-09-05,receitas fitness,ATr3TJtkKQIsIuR0mEZkxzo0ghKlWEJM200_n8fMP0Gxaekos30esOROrpYNFiq0f8spC8y3UzVJ5O1kpruESyQ,65,1,0,The Easiest Way to Eat,eat.hungryroot.com,https://eat.hungryroot.com/oct-2025-different-30/?utm_source=pinads-sub&utm_medium=cpc&utm_campaign=ACQ-Pin-S114_P+&utm_content=PNEW1082&wm_source=pinterest&wm_medium=ads&wm_ad_id=%7Badid%7D,https://i.pinimg.com/originals/19/3b/81/193b81b28b2676864eef9da68a4df590.png,1000,1500,0,2026-08-21
2026-09-05,receitas fitness,836402962096694075,66,3,0,Receitas Seca Barriga,therapeuticass.blogspot.com,https://therapeuticass.blogspot.com/2026/07/receitas-para-secar-barriga-7-opcoes.html,https://i.pinimg.com/originals/e8/62/6f/e8626f426093b6e77947eaa908ab777d.png,1024,1536,0,2026-07-07
2026-09-05,receitas fitness,AYq8d5FsLPf9nXDCs7CsOn2_R_EUUHBsiFOBu0j51GIYC1KsQAXdesK4RB7fTg4-YZvI1T5WSsVbspSr0w98_nk,67,1,0,The worst missteak you,challengedairy.com,https://challengedairy.com/products/?utm_campaign=2026-seasonal-pinterest-awareness-all-na-1548&utm_source=pinterest&utm_medium=paid-social&utm_content=q3-GrilledRibeyeCharredScallionButter-video-v6of6,https://i.pinimg.com/originals/e2/31/ba/e231ba04eddcb4e5a512ce81e78eb430.png,6000,10667,0,2026-07-07
2026-09-05,receitas fitness,1124211125758686887,68,1293,0,High Protein Burger Bowl Recipe: Low Carb & Delicious Meal Idea,payhip.com,https://payhip.com/LiamAnderson/blog/news/high-protein-meals-for-people-who-hate-boring-food?high-protein-burger-bowl-recipe-low-carb-and-delicious-meal-idea,https://i.pinimg.com/originals/14/91/be/1491be20494ce9f202aaa5e9bb670fbe.png,928,1232,0,2026-02-21
2026-09-05,receitas fitness,AS9-6Zr76dPJT47NLIRO8D_TtDvirhRvIr9P8A_xpWav8ikhjEKGULGkD86-lzDQwYhIbLUCDCNNHdRW2HzWFmo,69,2,0,Pike Place Fish Market -,goldbelly.com,https://www.goldbelly.com/restaurants/pike-place-fish-market/salmon-burgers-4-pack,https://i.pinimg.com/originals/5c/32/74/5c327430500288841f89ab11b40b73f8.jpg,2500,2500,0,2025-04-30
2026-09-05,receitas fitness,872079915361621087,70,1735,0,,,,https://i.pinimg.com/originals/fa/44/63/fa44633891b28216f4c0fc5339cda7b9.jpg,1091,1281,0,2025-09-09
2026-09-05,receitas fitness,Ads-2NQUbtGRseHQ9Oq6o144ndw-vI7XmxzxGWuqRGvAJVQ1kinb24XOjUvN2q5H7dfO2JiLtIfnjJ8QK1tvqNY,71,1,0,Free Heart-Friendly,ubiquinol.org,https://ubiquinol.org/healthy-dinner-cookbook/?utm_source=pinterest&utm_medium=cpc&utm_campaign=cookbook,https://i.pinimg.com/originals/b4/39/98/b43998d82b60d285d3236bcc87161c3a.jpg,1440,1440,0,2026-02-09
2026-09-05,receitas fitness,AcP8r4k95qUpOipiX07EnE-DF2e3xoehrB040tsCdmE3FfRTeD5ijlrsXxhZKwTyE7vPfVZry61mqioNL0b9SRg,72,194,0,An Easy Recipe for Fig +,californiagrown.org,https://californiagrown.org/recipes/stuffed-sweet-potato/,https://i.pinimg.com/originals/57/89/2b/57892bac050b2189ac77a981d626a3b4.jpg,1000,1777,0,2026-07-30
2026-09-05,receitas fitness,Aetn0sS3j3EKlEiDeP8dcHLkNrydf2uYuJxOlzmc7NjuKuvbsy5788I5TDrnPRua_2BQcoOnPhM5AAm_jlcIvwE,73,24,0,Chopped Salmon Sandwich |,youtu.be,https://youtu.be/qclNksEVKyo?si=e2E6JqXn6L2yiZZx,https://i.pinimg.com/originals/f8/5e/c2/f85ec2c5e9d62ad39c62c736fbf5b170.jpg,1080,1920,1,2026-08-28
2026-09-05,receitas fitness,897060819544628337,74,8,0,Doces saudáveis que não estragam o teu progresso 🍫🍧,beacons.ai,http://beacons.ai/lineaslim,https://i.pinimg.com/originals/9c/33/46/9c334607e5323418c6fd988f42f4252b.jpg,1024,1536,0,2026-05-17
2026-09-05,receitas fitness,877287202418526020,75,6322,0,Receita fitness,gedielcardosonutri.com.br,https://www.gedielcardosonutri.com.br/,https://i.pinimg.com/originals/ec/3b/56/ec3b56102d12671e7253448123c67cec.jpg,640,1136,1,2025-05-06
2026-09-05,receita low carb,AavhkEdz8r7q11gWdwstNSEM2CnmuJ8aNR90jW7tIfyI4lCDAMFOXRJ2sEhkt1FmGbnCqg7vxKnso4EWE57HKFs,2,2364,0,Lunch Time Recipes,chickenofthesea.com,"https://chickenofthesea.com/seafood-recipes/?_meal_types=sandwiches-and-wraps&_seafood=tuna,salmon,mackerel",https://i.pinimg.com/originals/1c/96/39/1c9639ea7140e20ddaa0c45dd626686f.png,4167,6250,0,2024-09-18
2026-09-05,receita low carb,712835447281800733,3,7330,0,"Low Carb Abendessen: schnell, günstig und ohne Reue",archzine.net,https://archzine.net/lifestyle/kochen-und-geniessen/essen/low-carb-abendessen-2022-1/,https://i.pinimg.com/originals/81/5d/c8/815dc88ad53dba5c949ff781fcce9575.jpg,700,1048,0,2022-04-05
2026-09-05,receita low carb,84301824258533600,4,5606,0,Low carb: 14 receitas de jantar para quem quer emagrecer Opções para quem quer perder peso comendo,anamariabraga.globo.com,http://anamariabraga.globo.com/acorda-menina/comida-e-bebida/emagrecer-carboidrato-low-carb,https://i.pinimg.com/originals/04/23/fd/0423fd74d7c588d25b2afb3dee699d74.jpg,1140,2400,0,2017-11-16
2026-09-05,receita low carb,409264684907094078,5,3934,0,Low Carb Dieta e Receitas,facebook.com,https://www.facebook.com/story.php?story_fbid=pfbid0quLZc7aA9U24mVL5y96sWxyFPUuKRX9MAh9t1vJyaxMCbo791viCBNDJWvJMAVxnl&id=100065213631966&sfns=mo,https://i.pinimg.com/originals/c1/d3/22/c1d322bd1ce5a3b466b7a9b0ff12dd57.jpg,600,900,0,2025-06-30
2026-09-05,receita low carb,ASZSjvhWCMaiOjhgzf1nGqSZzgC78P5dfOWoUQG3X6U03Xv_gKBb9GaXBk8UOOk5JHsztbreJ76BEu6Y_Zrgi-4,6,1,0,The Easiest Way to Eat,eat.hungryroot.com,https://eat.hungryroot.com/oct-2025-different-30/?utm_source=pinads-sub&utm_medium=cpc&utm_campaign=ACQ-Pin-S114_P+&utm_content=PNEW1083&wm_source=pinterest&wm_medium=ads&wm_ad_id=%7Badid%7D,https://i.pinimg.com/originals/ad/e6/ca/ade6ca5bae13292fc58185f3e4962043.png,1000,1500,0,2026-08-21
2026-09-05,receita low carb,953918764797462566,7,10,0,RECEITA DE BROWNIE SUPER FÁCIL,,,https://i.pinimg.com/originals/40/6a/30/406a3060099c08b32eac8684f71c18b3.jpg,843,1500,0,2022-05-01
2026-09-05,receita low carb,AeLVD06VY5wdo5f8PPG-0TF79jHPqcO5XXP4vHz0N6tirnvXq73PuReHHDsXwxxrBHn7MgwQ8q-5WdKkw8Ys_i4,8,865,0,28 High-Protein Low-Carb,athleticlift.com,https://athleticlift.com/high-protein-keto-meals/,https://i.pinimg.com/originals/24/0d/2b/240d2b50746770bb54a30cc551bf3bce.png,887,1774,0,2026-06-13
2026-09-05,receita low carb,AbCh5laMMTfEnbX4URDjBuCoxTjQCYTnQFfoixq4SY4Kvx4KZmf4fXpY2jRv1OhAGkVjJmlGkDz_ll2w7Qd1Bq4,9,482,0,Start Transformation Now!,quiz.betterme.world,https://quiz.betterme.world/first-page-generated?flow=3068&utm_source=pinterest&utm_medium=organic&utm_content=27_2025-07-11_ira_H-FemaleCutting_K-Remake_CT-29985_Ver-1_pn.jpg,https://i.pinimg.com/originals/8b/a0/46/8ba046a20a7d73109e4eab2401947f90.jpg,1080,1920,0,2026-01-31
2026-09-05,receita low carb,649362840060113938,10,10013,0,"Jantar Low Carb! ""Aprenda a fazer um jantar Low Carb que fica uma delícia, e é muito fácil de fazer!"" 🍚🍲🍆 Segue e curte, para mais receitas como essa.... #emagrecer #emagrecimento #emagrecercomsaude #",instagram.com,https://www.instagram.com/reel/DH1q9LEpTV3/,https://i.pinimg.com/originals/2f/e1/8d/2fe18dac0c9dc16a0ed0f3620f3268c9.jpg,640,1136,1,2025-03-31
2026-09-05,receita low carb,AU__hEXZsToXeTH5CeSLANaQn6tk_emfxrvqREDM-0D0m1Oeh8OXP_ZXU1p8FJuDplDRoyKLFRKuwoZP3621i9k,11,1351,0,easy weeknight dinner,siggis.com,https://siggis.com/recipe/yogurt-marinated-chicken/,https://i.pinimg.com/originals/a0/d9/be/a0d9be99213846a7af729cbe11ab6239.jpg,660,1172,1,2022-10-07
2026-09-05,receita low carb,Ad2n7ywt6D61I-S7FQT-lC_jCu7_fTsJHEE97g3I_B6Urq0YJUFpeDppChGxMB7kYKdvhi2Ul9YqC4WOOAMtS_s,12,81,0,Make a healthy granola breakfast with fruit toppings or win over the kids with an easy yogurt parfait recipe.,target.com,https://www.target.com/items/-/ct-54483168Z78060729Z78362089Z54461559Z15013944Z54436252Z13208903Z13208899,https://i.pinimg.com/originals/be/84/1f/be841f33015c0490c385386530fed8df.jpg,600,900,0,2020-07-27
2026-09-05,receita low carb,1146025436447575523,13,176,0,,,,https://i.pinimg.com/originals/95/3a/9a/953a9a25b272823e60027695b3448c64.jpg,735,862,0,2026-02-20
2026-09-05,receita low carb,776519160794724798,14,1030,0,Low Carb Dieta e Receitas,facebook.com,https://www.facebook.com/share/p/182vqNGPHK/,https://i.pinimg.com/originals/27/8f/28/278f28706f1c3cb8561b77541b06e8ee.jpg,600,900,0,2026-02-15
2026-09-05,receita low carb,AegpII0c7oECixXc0MvLhTu4fYC1ILc-1SEu7d9qikMnZLZYb_s6RcZeMHBqNS5enj7UuDGFFYZDbKPrcqd-XHM,15,180,0,Minced Chicken and Quinoa,stroller-envy.com,https://stroller-envy.com/minced-chicken-recipes/#wprm-recipe-container-64147,https://i.pinimg.com/originals/8d/c7/4e/8dc74e457aedd7254d778d7546250466.png,2000,3556,0,2026-05-27
2026-09-05,receita low carb,AZJ8aEcLF2a7ISEncm_Vn55GYZoDFkM1QaaFIOvj0fHTvUvoFfuhebwY15NPedvoqseNOBM98j06xc8EOb0RIuA,16,258,0,Citrus-Grilled Salmon,mychinet.com,https://www.mychinet.com/ideas/recipes/citrus-grilled-salmon-with-fresh-mango-salsa/?utm_campaign=mbb-2026-recipe&utm_medium=paid-social&utm_source=pinterest&utm_content=citrus-grilled-salmon&utm_term=6255_interest_all-buyer_planner_all-retailer_summer_infeed-static_1080x1920_mbb-2026-recipe_paid-social_pinterest_citrus-grilled-salmon,https://i.pinimg.com/originals/2d/0f/c8/2d0fc85f45a9a2646d85c18c9ba4a23d.jpg,1000,1500,0,2026-07-02
2026-09-05,receita low carb,Af39qMDOXMIAU6zvVuFBE_2x-efS33dLFESglpOGNQNtJ7va4w5x27htGC49TtFnT18ucY6PCaBSc_mVwI2YUGk,17,1,0,Soy Sesame Meatball,jonesdairyfarm.com,https://www.jonesdairyfarm.com/blog/back-to-school-recipes-and-tips-that-actually-make-mornings-easier/?utm_source=pinterest&utm_medium=ad&utm_campaign=FY26_BackToSchool_Guide&utm_content=Brand&MM=panel2,https://i.pinimg.com/originals/95/6b/da/956bda24ae47d1d97776d77483beb412.png,1000,1500,0,2026-08-10
2026-09-05,receita low carb,AdjppcbHZQLn3qmVx9zGsRbEZq1lIo1EhJApAXKW4BKBpOOdxRJlFh6pJmiSb-5F2yobQmQ7OS04MlfZlhMvwaE,18,60,0,Easy High-Protein Beef,beefitswhatsfordinner.com,https://www.beefitswhatsfordinner.com/recipes/collection/33358/protein-for-strength?utm_source=Pinterest&utm_medium=SocialMedia&utm_campaign=%23010526-05%20&%20%23122225-04%20-%20January%20Nutrition,https://i.pinimg.com/originals/72/bb/58/72bb58736112b6da22655eae1918717b.jpg,1000,1500,0,2026-01-07
2026-09-05,receita low carb,907475393646209212,19,1503,0,Pizza Low Carb,,,https://i.pinimg.com/originals/9e/a4/42/9ea4429b69203864ebdb5dbb5fe295f5.jpg,965,1715,0,2023-05-17
2026-09-05,receita low carb,959618633109463926,20,11768,0,"Keto Breakfast Plate 🥑🍳 A low-carb, nutrient-packed breakfast with creamy scrambled eggs, buttery mushrooms, fresh avocado, and vibrant broccoli—a perfect way to start the day! Ingredients: 2 large eg",instagram.com,https://www.instagram.com/p/DG0f_c7olf_/,https://i.pinimg.com/originals/c4/a9/0d/c4a90d8790d2324d3cb6d019fecbe92b.jpg,928,1232,0,2025-06-14
2026-09-05,receita low carb,911275305870459509,21,3,0,5 Receitas Low Carb Para Emagrecer — GRÁTIS,,,https://i.pinimg.com/originals/88/b1/1d/88b11db6d73fda25294e1bba86a67e2e.png,4082,6123,0,2026-07-23
2026-09-05,receita low carb,AV_LOAHH0MBWvRu4Q29Z5VLWZWC9fXOFBjwwDLeDBR7VxQPQvyd9yNm059DGaSHDhSx_2FoHdekHxNlcXYP1r6o,22,1,0,Jamie Oliver's,uk.pinterest.com,https://uk.pinterest.com/jamieoliver/back-to-school-recipes/,https://i.pinimg.com/originals/8c/f5/68/8cf56820fa5d18a953add6ec8ea5d18b.jpg,969,1279,0,2026-08-13
2026-09-05,receita low carb,1124211125758686887,23,1293,0,High Protein Burger Bowl Recipe: Low Carb & Delicious Meal Idea,payhip.com,https://payhip.com/LiamAnderson/blog/news/high-protein-meals-for-people-who-hate-boring-food?high-protein-burger-bowl-recipe-low-carb-and-delicious-meal-idea,https://i.pinimg.com/originals/14/91/be/1491be20494ce9f202aaa5e9bb670fbe.png,928,1232,0,2026-02-21
2026-09-05,receita low carb,116038127895117867,24,1077,0,High Protein & Low Carb Recipes | High-Protein Chicken Burrito Bowl | Facebook,facebook.com,https://www.facebook.com/share/p/1Bc1qqfnoK/,https://i.pinimg.com/originals/e0/d2/4b/e0d24bade1d5efbeda3cb02b247bb515.jpg,526,698,0,2026-01-04
2026-09-05,receita low carb,Adiy8ksN5kBM9rdHOg5DtrEHsvzEOLkmGpygInTc2QJL7-RRcVrsNnCEpc-hXDIgCFjh-EL_hjDDkjZyijCUkYM,25,2,0,Low Carb Air Fryer,amazon.com,https://www.amazon.com/Low-Carb-Fryer-Cookbook-Keto-Friendly/dp/B0GZDY5HFX/ref=asc_df_B0GZDY5HFX?hvdev=%7Bdevice%7D&hvcampaign=%7Bcampaignid%7D&hvadgroupid=%7Badgroupid%7D&hvprdptid=%7Bproduct_partition_id%7D&hvprdgrpid=%7Bpromoted_product_group_id%7D&hvcr=%7Bcreative_id%7D&hvadid=%7Badid%7D&hvprdid=%7Bproduct_id%7D&hvplc=%7Bplacement%7D&psc=1&tag=%7Bifnotmobile:ushpadpinde-20%7D%7Bifmobile:ushpad,https://i.pinimg.com/originals/3c/77/36/3c7736fd689001f85693771c6f6c7988.jpg,1000,1499,0,2026-05-30
2026-09-05,receita low carb,AaKnoTninLjvGlzdNCEAYOfnw9jM2buFhqzuHEDCdXxGvqoKyLsjI9qdrAkNXusmNFnscLh9hqK_j3lqnpEYSfU,26,11,0,Easy Mediterranean Bowls,briannas.com,https://briannas.com/products/citrus-mediterranean-marinade,https://i.pinimg.com/originals/4b/e3/72/4be37287eb149b193e50d04462c2f241.jpg,720,1280,1,2026-06-05
2026-09-05,receita low carb,345229127701038103,27,12447,0,A melhor receita Fit Low Carb que você já viu,go.hotmart.com,https://go.hotmart.com/E71812802K?dp=1,https://i.pinimg.com/originals/6a/43/ce/6a43ce527ca3b2762b307e5810c8aefb.jpg,352,640,1,2023-09-28
2026-09-05,receita low carb,486036984805491811,28,889,0,,gimmedelicious.com,https://gimmedelicious.com/grilled-salmon-with-avocado-salsa-healthy-low-carb-paleo-whole30/,https://i.pinimg.com/originals/f1/75/86/f17586e2a48d2c1dda000579c85e4fbf.jpg,1365,1912,0,2025-06-30
2026-09-05,receita low carb,AbnFxCNeGzRMe6yd9_PCf48fPOZSijKFSfeAZluYafk4nzFcCwAUUHWompHNwBmi4gKjQ2SW6vYWfFFbZZocGok,29,1,0,Keto Air Fryer Cookbook:,amazon.com,https://www.amazon.com/Keto-Air-Fryer-Cookbook-Ketogenic/dp/B08LNLG3VL/ref=asc_df_B08LNLG3VL?hvdev=%7Bdevice%7D&hvcampaign=%7Bcampaignid%7D&hvadgroupid=%7Badgroupid%7D&hvprdptid=%7Bproduct_partition_id%7D&hvprdgrpid=%7Bpromoted_product_group_id%7D&hvcr=%7Bcreative_id%7D&hvadid=%7Badid%7D&hvprdid=%7Bproduct_id%7D&hvplc=%7Bplacement%7D&psc=1&tag=%7Bifnotmobile:ushpadpinde-20%7D%7Bifmobile:ushpadpins,https://i.pinimg.com/originals/26/2b/82/262b8298180eb8e06533f83bc420eba4.jpg,1000,1294,0,2025-12-13
2026-09-05,receita low carb,1104156033664930508,30,7,0,"Savory Spinach & Feta Egg Muffins: A Quick, Healthy Breakfast Delight!",,,https://i.pinimg.com/originals/a1/38/0a/a1380a9381e5964d02711685e53c38b2.jpg,564,1128,0,2026-02-08
2026-09-05,receita low carb,AQBNITnWCHxupUKaJ70pOQZronEz9AIPbA0K9dKCFAdyHUebw8yxluBgJMSZwj8G7_6k-RYtCedkROcSxlCV7R8,31,1516,0,Low Carb Keto Eggplant,momscravings.com,https://momscravings.com/low-carb-keto-eggplant-lasagna/,https://i.pinimg.com/originals/15/02/26/1502261d822ddebadaaa05034ecfe59d.jpg,704,1408,0,2026-04-27
2026-09-05,receita low carb,459578336999164843,32,70,0,Lasanha de Abobrinha Fit | Receita Low Carb Fácil e Cremosa,,,https://i.pinimg.com/originals/99/de/e1/99dee16f65d8382f3314ab9803a4f8b4.png,848,1264,0,2026-08-24
2026-09-05,receita low carb,1125968743878480,33,449,0,"🎃 Pão de Abóbora Low Carb Macio, nutritivo e delicioso! Uma opção perfeita para quem quer um pãozinho caseiro, saudável e cheio de sabor para o café da manhã ou lanche. 😍 Ingredientes: 4 ovos 1 xícara",instagram.com,https://www.instagram.com/p/DaYjLdpDBCu/,https://i.pinimg.com/originals/61/45/e3/6145e3f28ba17d463f0b25216e108887.jpg,1122,1402,0,2026-08-15
2026-09-05,receita low carb,AVNLAGJrerC-NHLpdelRYN2pPhnloIJgM8zZczXtM8Vh3AVIZyFtkzb_MrV-u5dvF3MOo-WRzLDQ9Knr-TWrc8Y,34,2,0,Keto Diet Cookbook For,amazon.com,https://www.amazon.com/Keto-Cookbook-Beginners-Easy-Cook/dp/B09RFNM3BZ/ref=asc_df_B09RFNM3BZ?hvdev=%7Bdevice%7D&hvcampaign=%7Bcampaignid%7D&hvadgroupid=%7Badgroupid%7D&hvprdptid=%7Bproduct_partition_id%7D&hvprdgrpid=%7Bpromoted_product_group_id%7D&hvcr=%7Bcreative_id%7D&hvadid=%7Badid%7D&hvprdid=%7Bproduct_id%7D&hvplc=%7Bplacement%7D&psc=1&tag=%7Bifnotmobile:ushpadpinde-20%7D%7Bifmobile:ushpadpins,https://i.pinimg.com/originals/b3/3c/df/b33cdfb8d051991951877ed2b9d448fa.jpg,1000,1294,0,2026-03-03
2026-09-05,receita low carb,251075747975165407,35,98,0,20 Easy High-Protein Low-Carb Dinner Ideas,thesavvymama.com,https://thesavvymama.com/high-protein-low-carb-dinner-ideas/?utm_source=Pinterest&utm_medium=organic,https://i.pinimg.com/originals/3f/db/c1/3fdbc12d3f236a238ccb77933c6d5807.jpg,1024,1280,0,2026-06-18
2026-09-05,receita low carb,AU6sGD9sbEzLNW5gIXhsWkTa-_Yzu1STDSnRW0gAA-XQd-A8qPt_TnKnPIM92wqYwYSHPAamTw3SSU_keyXiBTE,36,2,0,60 recetas KETO en la air,amazon.com,https://www.amazon.com/recetas-KETO-air-fryer-ingredientes/dp/B0DNYG27GY/ref=asc_df_B0DNYG27GY?hvdev=%7Bdevice%7D&hvcampaign=%7Bcampaignid%7D&hvadgroupid=%7Badgroupid%7D&hvprdptid=%7Bproduct_partition_id%7D&hvprdgrpid=%7Bpromoted_product_group_id%7D&hvcr=%7Bcreative_id%7D&hvadid=%7Badid%7D&hvprdid=%7Bproduct_id%7D&hvplc=%7Bplacement%7D&psc=1&tag=%7Bifnotmobile:ushpadpinde-20%7D%7Bifmobile:ushpadpi,https://i.pinimg.com/originals/ef/e8/36/efe836e46ae77a880936ebc5919f224d.jpg,1000,1499,0,2026-05-03
2026-09-05,receita low carb,1151584567291453662,37,2490,0,Simple low carb banana bread,,,https://i.pinimg.com/originals/cf/2c/d8/cf2cd8e426684168173fac0605ad200a.png,1000,1500,0,2026-05-14
2026-09-05,receita low carb,Aeubcix6KRDhSXwPC5a7VCVsUexTyIXPdmLBU4LYPXtm9bf5KjZkdvdf87cjjEOLNH5JYm4PljB7QtK1_7NCNPo,38,1,0,Free Heart-Friendly,ubiquinol.org,https://ubiquinol.org/healthy-dinner-cookbook/?utm_source=pinterest&utm_medium=cpc&utm_campaign=cookbook,https://i.pinimg.com/originals/b4/39/98/b43998d82b60d285d3236bcc87161c3a.jpg,1440,1440,0,2026-02-09
2026-09-05,receita low carb,Adfr8gL3Y4RGmp3lRvrj208b4R8mhDuiNnhMp09-2W2J4UxqnuJDNUpJB64DTHv_8qQQ1Agc4kkuDiiikbR0YqI,39,1,0,Temu | Keto Cookbook For,temu.com,https://www.temu.com/ul/kuiper/un3.html?subj=dpa-un&_bg_fs=1&_p_jump_id=1082&_x_vst_scene=adg&goods_id=606112426346089&adg_ctx=a-37b77c70~c-545fe509&_p_rfs=1&_x_ads_channel=pinterest&_x_ads_creative_id=%7Bproduct_partition_id%7D&_x_ads_id=%7Badgroupid%7D&_x_ads_set=%7Bcampaignid%7D&_x_ads_sub_channel=shopping&_x_ns_catalog_id=1567707391772&_x_ns_creative=%7Badid%7D&_x_ns_gid=606112426346089&_x_ns_,https://i.pinimg.com/originals/f8/c8/5f/f8c85fe8890b608ce13d9bd837b6c29d.jpg,2000,3000,0,2026-07-23
2026-09-05,receita low carb,AWxkQvZdbKfDo7YpiUm7AIHY26Pexmk9KHg8WEeBLa7tNR-WuwXyRjqsyxoR9Hm2MhQxBA7ND6Ri7_F1IXtmC-E,40,15,0,Effortless Low-Carb Meal,amazon.com,https://www.amazon.com/Effortless-Low-Carb-Meal-Prep-Recipes/dp/B0FBGSP7CK/ref=asc_df_B0FBGSP7CK?hvdev=%7Bdevice%7D&hvcampaign=%7Bcampaignid%7D&hvadgroupid=%7Badgroupid%7D&hvprdptid=%7Bproduct_partition_id%7D&hvprdgrpid=%7Bpromoted_product_group_id%7D&hvcr=%7Bcreative_id%7D&hvadid=%7Badid%7D&hvprdid=%7Bproduct_id%7D&hvplc=%7Bplacement%7D&psc=1&tag=%7Bifnotmobile:ushpadpinde-20%7D%7Bifmobile:ushpad,https://i.pinimg.com/originals/c4/c3/85/c4c3857aecf552495ab6a6b4de840242.jpg,1000,1499,0,2026-03-03
2026-09-05,receita low carb,40391727905562266,41,54,0,Low Carb Dieta e Receitas,facebook.com,https://www.facebook.com/share/p/16fdEiLkZY/,https://i.pinimg.com/originals/e9/b4/69/e9b46999e6a8833da8c97acf8614c01a.jpg,600,900,0,2026-08-14
2026-09-05,receita low carb,1103733821219870574,42,30,0,"🍝 Espaguete de Abobrinha: leve, saudável e cheio de sabor!",,,https://i.pinimg.com/originals/c5/f8/e1/c5f8e1f8408e37c0365622d2057b5da0.jpg,736,1104,0,2026-07-26
2026-09-05,receita low carb,1140747780624457673,43,1503,0,🥑 Keto Avocado Chicken Salad Wraps,medium.com,https://medium.com/@ketorecipes_01/keto-avocado-chicken-salad-wraps-14144a6c6767,https://i.pinimg.com/originals/df/d2/8c/dfd28ca3f36a522e6c2c654d45ba4bd4.jpg,720,900,0,2025-08-18
2026-09-05,receita low carb,Ab3bro8BkEImZX9apu9yWHjKKS3ISbiChpiBE9jEpCMvzmQ8lm4R7JCp6Z-lqPZylNt0f8h4wOTUlOu0eoy9YVc,44,472,0,Quick Street Corn,recipeshots.com,https://recipeshots.com/street-corn-cucumber-salad/,https://i.pinimg.com/originals/e0/72/1a/e0721a2342c5dfbac3ac8af0c535d902.png,1000,2000,0,2026-02-04
2026-09-05,receita low carb,AZKxbLAe65P-lGMB4DA3QiesOR7O88Dp7c9ks6KE4bHhc1Mouq8pG48RGD-jAs6z_TbL4Afrg081RoNlOSJzop8,45,1,0,The Protein & Carb,amazon.com,https://www.amazon.com/Protein-Carb-Balance-Delicious-Cookbook/dp/B0DCG3W3LL/ref=asc_df_B0DCG3W3LL?hvdev=%7Bdevice%7D&hvcampaign=%7Bcampaignid%7D&hvadgroupid=%7Badgroupid%7D&hvprdptid=%7Bproduct_partition_id%7D&hvprdgrpid=%7Bpromoted_product_group_id%7D&hvcr=%7Bcreative_id%7D&hvadid=%7Badid%7D&hvprdid=%7Bproduct_id%7D&hvplc=%7Bplacement%7D&psc=1&tag=%7Bifnotmobile:ushpadpinde-20%7D%7Bifmobile:ushp,https://i.pinimg.com/originals/77/d1/cc/77d1cc15272576d97d19ef52715c439a.jpg,1000,1499,0,2026-04-14
2026-09-05,receita low carb,1100989440177586707,46,835,0,Keto diet foods | Страница пина «Would you try,,,https://i.pinimg.com/originals/82/14/67/82146773fccbfa92ce6d218a515380e9.jpg,640,1136,0,2026-05-25
2026-09-05,receita low carb,658158933055727096,47,18525,0,"Courgettes poêlées faciles, rapides et parfaites pour l'été",deavita.fr,https://deavita.fr/recettes/courgettes-poelees-recette-curry-tomate-champignons-391759/,https://i.pinimg.com/originals/4e/fc/f1/4efcf128420d24175df693111f0ae98b.jpg,750,1099,0,2021-07-24
2026-09-05,receita low carb,14144186326178223,48,126,0,TORTA LOWCARB DE ESPINAFRE (receita fácil),m.youtube.com,https://m.youtube.com/shorts/gToZ6yom3Do,https://i.pinimg.com/originals/32/6f/c7/326fc7b45a6be23b7241bba64ca47b60.jpg,405,720,0,2025-09-27
2026-09-05,receita low carb,1086493478877153555,49,1725,0,,,,https://i.pinimg.com/originals/75/cf/20/75cf20c3ef23b4ae1ce5c34e8ff59c00.png,1024,1536,0,2026-04-09
2026-09-05,receita low carb,ASzJI5o5ef4JhiHuFRtWkpAZ2I9b09Hlfh4CXtI2zdvw7VFcbYcO5Wgoq8noF_yKBfSM-E0Gnk97qHRqHmGJ92w,51,71,0,Bundle auto and home,libertymutual.com,https://www.libertymutual.com/multi-online-quotes?selectedOpt=auto_home&cid=soc&cmpgncde=2405&keyCode=SMFCTC00&src=cm-dsoc-aut-pin,https://i.pinimg.com/originals/27/97/59/2797599ad5b61dfd273466c31dd68d5e.jpg,1000,1500,1,2026-06-11
2026-09-05,receita low carb,648307308846442654,52,1563,0,12 receitas de jantar low carb para você não sair da dieta,receiteria.com.br,https://www.receiteria.com.br/receitas-de-jantar-low-carb/,https://i.pinimg.com/originals/03/02/5f/03025f254a91dd3190b50fdb9963fa17.png,735,1102,0,2020-02-21
2026-09-05,receita low carb,422281212813673,53,1313,0,,,,https://i.pinimg.com/originals/8d/19/86/8d19860498c16df034c2420df0526bab.jpg,1024,1460,0,2026-06-05
2026-09-05,receita low carb,ATO7UnkrZZYdtU_RzQWCqz_-D7BeYRRGhFqiealK7-e55i9HzxLXu1iwWlEGgaJJfpV2LC88dOKCY3OzsjU_LvM,54,1,0,Reach Your Healthy Weight,noom.com,https://www.noom.com/programs/health-weight/exsf01/?upv=3&sp=pinterest&utm_source=pinterest&utm_medium=paidsocial&utm_campaign=%7Bcampaignid%7D&utm_content=%7Badid%7D&gid=%7Badgroupid%7D&utm_term=%7Bkeyword_id%7D%7C%7Bkeyword%7D&step=pros&lang=en&device=%7Bdevice%7D,https://i.pinimg.com/originals/94/49/af/9449af45dee79199ecc36f58209f21b5.jpg,736,1104,0,2026-01-28
2026-09-05,receita low carb,1030550327259482663,55,12428,0,Low carb and High protein Wrap,open.substack.com,https://open.substack.com/pub/reviveyourplate/p/the-lean-plate-low-carb-gyro-wrap?r=6yry0h&utm_medium=ios&shareImageVariant=overlay,https://i.pinimg.com/originals/48/76/04/4876044513b30c9f9ac20ee9c9a57383.jpg,1080,1920,0,2026-02-04
2026-09-05,receita low carb,AVsXVpIpBTcfNvBanLp5xXuYLx4mFp16GxfqgEiy8rBEXPvhSROGaEKnpjlXiwp9CSi0d9ne6gWgiB-0-LdFL6g,56,1,0,Is REESE'S why so many,amazon.com,https://www.amazon.com/stores/page/C742F08D-F14A-4B88-8C82-09911045292F?channel=pinterest-paidsocial,https://i.pinimg.com/originals/cc/8b/94/cc8b94a80d8d4d7b30115e5e17b68b4e.jpg,1000,1500,0,2026-07-31
2026-09-05,receita low carb,1109222583230302825,57,6128,0,Substitua o jantar com estilo e saúde! 🌿 Essa tortinha leve e nutritiva é perfeita pra quem quer emagrecer comendo bem e sem passar fome. Ingredientes: 3 ovos 150g de brócolis cozido 40g de cenoura ra,,,https://i.pinimg.com/originals/1e/6f/af/1e6fafd2694778668c5dce3f8a94afb8.jpg,720,1280,0,2024-11-25
2026-09-05,receita low carb,ARVErtVXWKOe__ty0ds2jDp5o1e3rnF6UU8OExo2l3JrGfY3_WwQEX44R5rmoNY4ricW9HowzLk2wVWASaJNtk4,58,1,0,Sesame Wheat Bread made,kingarthurbaking.com,https://www.kingarthurbaking.com/recipes/sesame-wheat-recipe?utm_source=social&utm_medium=pinterest&utm_campaign=fy27fallwholegrains,https://i.pinimg.com/originals/d4/53/5f/d4535f4c2b3374a924f9747aafcd5657.jpg,1080,1080,0,2026-08-20
2026-09-05,receita low carb,Ab8v_NShqC9Q82XvBGrm_4RdX2CRj_6jOkTQnjmKp9ke7Hauc3NzJq3-T0TBgYtLk3uv4B8NpqerMxLiteLT2HI,59,1,0,Fresh Fruit Salad Snack,ediblearrangements.com,https://www.ediblearrangements.com/fruit-gifts/fresh-fruit-salad-snack-pack-5850,https://i.pinimg.com/originals/e2/a1/0e/e2a10e6de65223e8a7798151779d9a87.png,1200,1800,0,2026-08-07
2026-09-05,receita low carb,717198309453741062,60,18,0,LOW CARB: Torta de Frango SEM FARINHA que ajuda emagrecer,youtube.com,https://www.youtube.com/watch?v=04ojgjzWxMw,https://i.pinimg.com/originals/74/c1/bd/74c1bdb78106f04accc8989568b9a8ce.jpg,1080,1920,0,2026-05-08
2026-09-05,receita low carb,ATr-T-2KKy0FwyZ40RHKozQQci02DPB0RY2HbkPpsji4T4WoGsSdlyYcPKgI-5KhqYCE5L30EcBIHFW6xXVFSZ4,61,1,0,The Easiest Way to Eat,eat.hungryroot.com,https://eat.hungryroot.com/oct-2025-different-30/?utm_source=pinads-sub&utm_medium=cpc&utm_campaign=ACQ-Pin-S114_P+&utm_content=PNEW1082&wm_source=pinterest&wm_medium=ads&wm_ad_id=%7Badid%7D,https://i.pinimg.com/originals/19/3b/81/193b81b28b2676864eef9da68a4df590.png,1000,1500,0,2026-08-21
2026-09-05,receita low carb,AexBqdiH-Hf0SA3kGordTlMs9UtbqLQIddpGYpAb3u_UsxJrcUEHow007Wa01vHGQ3K2AoYOr9fOTgnOJNmCqLU,62,1197,0,37 Summer Dinner Ideas,athleticlift.com,https://athleticlift.com/healthy-summer-dinner-ideas/,https://i.pinimg.com/originals/bc/8c/78/bc8c783079431a2017d96cfcb07bb667.png,887,1774,0,2026-06-04
2026-09-05,receita low carb,1133499799987798113,63,910,0,,,,https://i.pinimg.com/originals/db/52/83/db5283ff71a1da9d5d935c4e3030c7f8.jpg,1000,1000,0,2025-12-01
2026-09-05,receita low carb,6051780746487647,64,897,0,Low - 🥧🧀 Torta de Espinafre com Queijo Low Carb 🥬✨ ✅ INGREDIENTES ✅ 3 ovos ✅ 200 g de espinafre refogado ✅ 200 g de creme de leite ✅ 150 g de queijo ralado (muçarela ou outro de sua preferência) ✅ ½ c,facebook.com,https://www.facebook.com/share/16p4u8kMbq/?mibextid=wwXIfr,https://i.pinimg.com/originals/a7/2a/3a/a72a3a56d5f2014f33d851be743ee037.jpg,1024,1536,0,2026-07-13
2026-09-05,receita low carb,140806234570291,65,862,0,Low Carb Dieta e Receitas,facebook.com,https://www.facebook.com/100065213631966/posts/1142865374563906/?mibextid=rS40aB7S9Ucbxw6v,https://i.pinimg.com/originals/98/7f/88/987f88ac8a4d25fe7ed34206181e543f.jpg,600,900,0,2025-11-07
2026-09-05,receita low carb,308848486956226686,66,22275,0,BAKED TERIYAKI SALMON,healthyfitnessmeals.com,https://healthyfitnessmeals.com/baked-teriyaki-salmon/,https://i.pinimg.com/originals/53/34/56/53345681562920d810cd9c3526ddf42a.png,600,1200,0,2021-07-27
2026-09-05,receita low carb,Aa-MhrDq0B58pjdohS_I1eF4f897Uz5ZtuVh37vpSsoJjAHrPFKbtnbb-0KJFXoX8r8XmyFPLJJYbzHGug_EDp0,67,3496,0,Honey Garlic Sheet Pan,stroller-envy.com,https://stroller-envy.com/30-budget-friendly-family-dinners-under-10/#Sheet_Pan_Chicken_Family_Dinner-2,https://i.pinimg.com/originals/0f/5c/6e/0f5c6e06bda5dfcba8f9df0860207935.png,1696,2528,0,2026-03-05
2026-09-05,receita low carb,AT53vEjD8eJW9S8uH7T8SdVBV0MkydGvlaPVNhDClTIexWvMjiKXBIwtrJ5x7kEa3YRq4hSa0B_5zZiNuvcqUp0,68,43,0,Start Transformation Now!,quiz.betterme.world,https://quiz.betterme.world/first-page-generated?flow=3068&utm_source=pinterest&utm_medium=organic&utm_content=27_2025-07-11_ira_H-FemaleCutting_K-Remake_CT-29985_Ver-3_pn.jpg,https://i.pinimg.com/originals/d3/95/10/d395106263f85c91ed1a97121c12b0d4.jpg,1080,1920,0,2026-01-31
2026-09-05,receita low carb,68748914752,69,70071,0,Low Carb Zucchini Wrap,,,https://i.pinimg.com/originals/04/18/7e/04187e5cef6d79d71f56117fbec47dfe.jpg,1080,1920,0,2025-05-19
2026-09-05,receita low carb,AdFicgpl73QiKyJABUZGJKMN6S7U9jH0GKRMjDV6dis6eC-14HJC-VwB2HvVEH3IF9pXA7rWK1ro38HKaFJOsq8,70,1,0,"Try NEW Campbell's® Sauces in Butter Chicken, Smothered Chicken, Creamy Garlic, and Thai Curry",shop.mikmak.ai,https://shop.mikmak.ai/social/6a84a57a325bd9fee3075179?utm_source=pinterest&utm_medium=paid_social&utm_campaign=sauce_innovation_foundational&utm_term=ad25+_meal_planning&utm_content=how_to_smothered_chicken&utm_placement=in_feed&utm_marketing_tactic=awareness&utm_format=carousel,https://i.pinimg.com/originals/cf/a0/b9/cfa0b9ed61aa3aedd64c7a60d18a1cde.png,1080,1620,0,2026-08-27
2026-09-05,receita low carb,AfbtIX3amGol2ZCop34xPW3DKrQrnWPJK2kVw5uzMkD6yJfF9x21ryrPUkgBFvkmZtuOwHVOqhjc40MVqXyhR5k,71,1,0,The worst missteak you,challengedairy.com,https://challengedairy.com/products/?utm_campaign=2026-seasonal-pinterest-awareness-all-na-1548&utm_source=pinterest&utm_medium=paid-social&utm_content=q3-GrilledRibeyeCharredScallionButter-video-v6of6,https://i.pinimg.com/originals/e2/31/ba/e231ba04eddcb4e5a512ce81e78eb430.png,6000,10667,0,2026-07-07
2026-09-05,receita low carb,12033124000183943,72,248,0,Zesty Mediterranean Avocado Salad: Healthy Meat-Free Lunch Idea,payhip.com,https://payhip.com/HighProteinDinnerIdeasSimpleRecipesMarkIvanov/blog/news/12-healthy-dishes-for-people-who-hate-healthy-food?zesty-mediterranean-avocado-salad-healthy-meat-free-lunch-idea,https://i.pinimg.com/originals/1c/7a/48/1c7a4846a9a4c4702063e630b4936d56.webp,896,1344,0,2026-02-27
2026-09-05,receita low carb,Af04m_8V0eqSm6IrdqI-oIxwBd8osc-ciEvDT29Nhyl6_T7rPOrAcys-w7MX7i1qwJ9Q7ALduoSkQNoJCF9oaXQ,73,0,0,Cucumber Feta Salad,briannas.com,https://briannas.com/blogs/recipes/feta-cucumbers-briannas?utm_source=pinterest&utm_medium=paidsocial&utm_id=evergreen,https://i.pinimg.com/originals/e3/9d/95/e39d95f6b7487db82aef06bc34151fc8.jpg,720,1280,1,2026-05-28
2026-09-05,receita low carb,1019572803149882974,74,41,0,"Panqueca de Frango Low Carb – Leve, deliciosa e fácil de fazer! 🥞💪",,,https://i.pinimg.com/originals/46/82/00/46820095b5f76673f1b90d1a372ace8d.png,1024,1536,0,2025-06-09
2026-09-05,receita low carb,563935184605425090,75,11783,0,Cheesy Cauliflower Steaks,hungryhappens.net,https://hungryhappens.net/cheesy-cauliflower-steaks/,https://i.pinimg.com/originals/9c/43/2c/9c432ccde1e5fcf41d756463eadaf192.jpg,1080,1920,0,2023-06-20
2026-09-05,marmita fitness,ARp4HsbNKUSY25oKKiO_prKNldzeN1ZjeExNIFbwpcKwCbzQGBtxxDYlVZ-Ze2o6vjEeZBg77DO0qCMEMX2XG0w,1,450,0,Easy Post-Workout Meals,athleticlift.com,https://athleticlift.com/high-protein-post-workout-meals/,https://i.pinimg.com/originals/eb/8b/49/eb8b49bb66f168f9f58736db85d8688a.png,887,1774,0,2026-06-25
2026-09-05,marmita fitness,633387444391899,2,2342,0,,,,https://i.pinimg.com/originals/d8/c6/39/d8c6390e8188fba1de2a40fcd1557210.jpg,2976,3968,0,2026-03-11
2026-09-05,marmita fitness,498210777550836798,3,2,0,"Kit de marmitas fitness de 750 ml 🍱✨ Com travas laterais, reutilizáveis e BPA FREE — perfeito para organizar as refeições e deixar a rotina muito mais prática! ID: AMZ-AHH-YBH #Marmitas #MealPrep #Org",instagram.com,https://www.instagram.com/reel/DcMXwSJSP5o/,https://i.pinimg.com/originals/48/37/76/4837765a8cdf31f2944ca600809e83ad.jpg,941,1672,0,2026-08-19
2026-09-05,marmita fitness,64387469668529132,4,398,0,organização fitness,,,https://i.pinimg.com/originals/ea/45/d2/ea45d24124a059dc89c404d65d864fa3.jpg,675,1200,0,2026-01-21
2026-09-05,marmita fitness,AZUlpWGXfDgYLPVIonUR5qSbMB7oy65NwjXzrKzrFzxOpJ-l5Zmvy6jP6j4jlKpehDpzH8UbaQCtfYKNKPfgDQs,5,0,0,Temu | Recetas saludables,temu.com,https://www.temu.com/ul/kuiper/un3.html?subj=dpa-un&_bg_fs=1&_p_jump_id=1082&_x_vst_scene=adg&goods_id=606965765896272&adg_ctx=a-88b06733~c-feb00ce3&_p_rfs=1&_x_ads_channel=pinterest&_x_ads_creative_id=%7Bproduct_partition_id%7D&_x_ads_id=%7Badgroupid%7D&_x_ads_set=%7Bcampaignid%7D&_x_ads_sub_channel=shopping&_x_ns_catalog_id=1580405374697&_x_ns_creative=%7Badid%7D&_x_ns_gid=606965765896272&_x_ns_,https://i.pinimg.com/originals/d9/f1/56/d9f156040e1af060a2e590ab8e3fab96.jpg,2000,3000,0,2026-08-20
2026-09-05,marmita fitness,6966574419832888,6,702,0,Aprenda a fazer sua marmita fitness de forma fácil e rápida!!,,,https://i.pinimg.com/originals/38/15/69/3815698408d70b37703107d5a123c5a5.jpg,736,920,0,2024-11-03
2026-09-05,marmita fitness,ARKqB3AuxRI1qNSVDdWkpDPgBZ8kPkWXnJnlbLGwpL5cruXf1vDHG2BwmWSPGMGCsI9ozlLBayUoZqw1-5ZOtgY,7,4,0,50 Meal Prep for Athletes,amazon.com,https://www.amazon.com/Meal-Prep-Athletes-Recipes-Home/dp/B0D71PWZ2M/ref=asc_df_B0D71PWZ2M?hvdev=%7Bdevice%7D&hvcampaign=%7Bcampaignid%7D&hvadgroupid=%7Badgroupid%7D&hvprdptid=%7Bproduct_partition_id%7D&hvprdgrpid=%7Bpromoted_product_group_id%7D&hvcr=%7Bcreative_id%7D&hvadid=%7Badid%7D&hvprdid=%7Bproduct_id%7D&hvplc=%7Bplacement%7D&psc=1&tag=%7Bifnotmobile:ushpadpinde-20%7D%7Bifmobile:ushpadpinsp-,https://i.pinimg.com/originals/d5/a1/5d/d5a15deb035a86873e1fdd0d509ebc90.jpg,1051,1360,0,2026-03-06
2026-09-05,marmita fitness,Acgiq_5hkLAI5rAkHNqWoVucj-WR8rekIM1zLJNXZ55_fkyoPhNpCZlLVy9L3hpNxGFfFrWqdruVd4Adj5esb8M,8,1,0,The Easiest Way to Eat,eat.hungryroot.com,https://eat.hungryroot.com/oct-2025-different-30/?utm_source=pinads-sub&utm_medium=cpc&utm_campaign=ACQ-Pin-S114_P+&utm_content=PNEW1082&wm_source=pinterest&wm_medium=ads&wm_ad_id=%7Badid%7D,https://i.pinimg.com/originals/19/3b/81/193b81b28b2676864eef9da68a4df590.png,1000,1500,0,2026-08-21
2026-09-05,marmita fitness,418553359142901565,9,12,0,Curso de Marmitas Fitness: Renda Extra Cozinhando em Casa 🍱,go.hotmart.com,https://go.hotmart.com/D106085027V,https://i.pinimg.com/originals/ee/62/47/ee6247ebaf03f7b18e8a6932da6a2b66.png,1000,1500,0,2026-08-25
2026-09-05,marmita fitness,Aa4qCkuz1mCHd7z394oFHv907jODr7wprFR-JLokbkuHMdfKsUbh9oRxI64WhlGDVJeMuYauQuy9aknF5feqPLg,10,2,0,The Happy Lunch Box,amazon.com,https://www.amazon.com/Happy-Lunch-Box-Johnson-143/dp/B0GCM1W5CV/ref=asc_df_B0GCM1W5CV?hvdev=%7Bdevice%7D&hvcampaign=%7Bcampaignid%7D&hvadgroupid=%7Badgroupid%7D&hvprdptid=%7Bproduct_partition_id%7D&hvprdgrpid=%7Bpromoted_product_group_id%7D&hvcr=%7Bcreative_id%7D&hvadid=%7Badid%7D&hvprdid=%7Bproduct_id%7D&hvplc=%7Bplacement%7D&psc=1&tag=%7Bifnotmobile:ushpadpinde-20%7D%7Bifmobile:ushpadpinsp-20%7,https://i.pinimg.com/originals/d9/4b/ba/d94bba15b43be793344c32b58726aa81.jpg,1000,1499,0,2026-07-08
2026-09-05,marmita fitness,Af-Y08bEj0g9PDI8BVhWtX14uqjM8dmnZ6GTX_4IiqCQMC1puIzjwVhoHtnlQmizahOhoEn1y3eR_WfaoHvMP-w,11,2,0,Planificación de comidas,temu.com,https://www.temu.com/ul/kuiper/un3.html?subj=dpa-un&_bg_fs=1&_p_jump_id=1082&_x_vst_scene=adg&goods_id=602446990526503&adg_ctx=a-7309d301~c-d0e52bb9&_p_rfs=1&_x_ads_channel=pinterest&_x_ads_creative_id=%7Bproduct_partition_id%7D&_x_ads_id=%7Badgroupid%7D&_x_ads_set=%7Bcampaignid%7D&_x_ads_sub_channel=shopping&_x_ns_catalog_id=1580405374697&_x_ns_creative=%7Badid%7D&_x_ns_gid=602446990526503&_x_ns_,https://i.pinimg.com/originals/5b/56/63/5b5663b2d94b8fdc955def853931da46.jpg,1500,1500,0,2026-06-02
2026-09-05,marmita fitness,933511828991824510,12,7,0,Quer ter uma alimentação saudável? Invista em marmitas fitness!,shope.ee,https://shope.ee/1VTjJN5OnQ,https://i.pinimg.com/originals/d3/e7/2f/d3e72f4d75139767842e055214d60275.jpg,1000,1500,0,2023-05-10
2026-09-05,marmita fitness,5277724559921258,13,222,0,Como Fazer Marmita Fit Congelada para Vender - Veja como ganhar dinheiro com essa delicia!,empreendedorasquebrilham.blogspot.com,https://empreendedorasquebrilham.blogspot.com/2021/02/marmita-fit-congelada.html,https://i.pinimg.com/originals/82/9b/65/829b65b37d9e1eb56244600b8d535e2d.jpg,564,846,0,2025-11-05
2026-09-05,marmita fitness,AZY9lrUKv5ziSLmvb7gntbcPN78BB5UnnjiOgpBUt8iPwn5U3epWJaLqFPsIS2GBTOV0kRX11tcJcYzWyclNEzA,14,72,0,Easy Meal Prep: Save Time,amazon.com,https://www.amazon.com/Easy-Meal-Prep-Healthy-Recipes/dp/1577155068/ref=asc_df_1577155068?hvdev=%7Bdevice%7D&hvcampaign=%7Bcampaignid%7D&hvadgroupid=%7Badgroupid%7D&hvprdptid=%7Bproduct_partition_id%7D&hvprdgrpid=%7Bpromoted_product_group_id%7D&hvcr=%7Bcreative_id%7D&hvadid=%7Badid%7D&hvprdid=%7Bproduct_id%7D&hvplc=%7Bplacement%7D&psc=1&tag=%7Bifnotmobile:ushpadpinde-20%7D%7Bifmobile:ushpadpinsp-2,https://i.pinimg.com/originals/4c/9b/ee/4c9bee26382e6875e4d759b4899ec7fe.jpg,1940,2560,0,2026-04-13
2026-09-05,marmita fitness,ATAJGMHx-BfwI5XImCEV5atYSmuO4zRJM3a6UGxqnuvx9_KdT0ixiUA08EGwiG9_qkiyD8-XHhd_Z850fBNgDlU,15,0,0,Temu | High-protein Meal,temu.com,https://www.temu.com/ul/kuiper/un3.html?subj=dpa-un&_bg_fs=1&_p_jump_id=1082&_x_vst_scene=adg&goods_id=607168703070479&adg_ctx=a-3a86d90e~c-5e597b2a&_p_rfs=1&_x_ads_channel=pinterest&_x_ads_creative_id=%7Bproduct_partition_id%7D&_x_ads_id=%7Badgroupid%7D&_x_ads_set=%7Bcampaignid%7D&_x_ads_sub_channel=shopping&_x_ns_catalog_id=1567707391772&_x_ns_creative=%7Badid%7D&_x_ns_gid=607168703070479&_x_ns_,https://i.pinimg.com/originals/0f/59/56/0f59563771932786d883f74d87591c63.jpg,1254,1254,0,2026-08-17
2026-09-05,marmita fitness,Aciu20QTIxQQj-1Z_ctkiArsHcbUHH8yVrmNqhejvFG4kVJYYehPWyO8ZemQex-AcUj5DlO8ai7acZ2UaHpVS90,17,1,0,50 Salades Repas Healthy:,amazon.com,https://www.amazon.com/Salades-Repas-Healthy-seulement-ingr%C3%A9dients/dp/B0H98ZQQ93/ref=asc_df_B0H98ZQQ93?hvdev=%7Bdevice%7D&hvcampaign=%7Bcampaignid%7D&hvadgroupid=%7Badgroupid%7D&hvprdptid=%7Bproduct_partition_id%7D&hvprdgrpid=%7Bpromoted_product_group_id%7D&hvcr=%7Bcreative_id%7D&hvadid=%7Badid%7D&hvprdid=%7Bproduct_id%7D&hvplc=%7Bplacement%7D&psc=1&tag=%7Bifnotmobile:ushpadpinde-20%7D%7Bifmo,https://i.pinimg.com/originals/9d/3e/45/9d3e45fbdef6f3e9c01194beff6dd67a.jpg,1000,1499,0,2026-07-22
2026-09-05,marmita fitness,AbTFBp5L0mIb7f9SjI3zo3gOcVXOU96Od9iziCdSS99vzPMH2l5p1G1XaY_mL2YYsLHdKFEETZXN6Egw8Caa2ic,18,0,0,Temu | Libro de cocina,temu.com,https://www.temu.com/ul/kuiper/un3.html?subj=dpa-un&_bg_fs=1&_p_jump_id=1082&_x_vst_scene=adg&goods_id=605574750135859&adg_ctx=a-8ebb5775~c-2f84f857&_p_rfs=1&_x_ads_channel=pinterest&_x_ads_creative_id=%7Bproduct_partition_id%7D&_x_ads_id=%7Badgroupid%7D&_x_ads_set=%7Bcampaignid%7D&_x_ads_sub_channel=shopping&_x_ns_catalog_id=1580405374697&_x_ns_creative=%7Badid%7D&_x_ns_gid=605574750135859&_x_ns_,https://i.pinimg.com/originals/5f/fe/90/5ffe90896b8a522cd23e80cfff91357a.jpg,1200,1200,0,2026-08-15
2026-09-05,marmita fitness,AYhLDlKuhuOT4GtRS0zbOKIOrjK__0UOPW4PLgZwujaVOQ0ocXWYJ88aHMKEUsLNXf104EJC7A4s-yXhbX8g3no,19,7,0,Kit de Marmitas: Organização e Praticidade para Sua Rotina,s.shopee.com.br,https://s.shopee.com.br/9pXmbOWoKV?pp=1&channel_type=pinterest,https://i.pinimg.com/originals/07/ed/09/07ed0907ea918d9df414ff96e9215812.jpg,736,1288,0,2026-04-21
2026-09-05,marmita fitness,856598791628595589,20,322,0,,,,https://i.pinimg.com/originals/3d/84/02/3d8402055bc4fc9a085cb2510e86ac92.jpg,736,1103,0,2021-06-26
2026-09-05,marmita fitness,7177680652129765,21,2044,0,#marmitafit #marmitasaudavel #comida #comidasaudavel,,,https://i.pinimg.com/originals/02/d7/90/02d790ec1954117bad1986ec7ff6dcae.jpg,1080,1920,0,2025-08-09
2026-09-05,marmita fitness,AeEa-5CKeOspHT6X-wDnrbFWqF6qqu4EtRDk6K4IPIQe2D2MkfSGpuk7D7mJY_Uhdh4ErWMS6SXlbvVNZ7-_dZQ,22,2,0,The Effortless,amazon.com,https://www.amazon.com/Effortless-Mediterranean-Table-Everyday-Recipes/dp/B0H2Z5B4ZV/ref=asc_df_B0H2Z5B4ZV?hvdev=%7Bdevice%7D&hvcampaign=%7Bcampaignid%7D&hvadgroupid=%7Badgroupid%7D&hvprdptid=%7Bproduct_partition_id%7D&hvprdgrpid=%7Bpromoted_product_group_id%7D&hvcr=%7Bcreative_id%7D&hvadid=%7Badid%7D&hvprdid=%7Bproduct_id%7D&hvplc=%7Bplacement%7D&psc=1&tag=%7Bifnotmobile:ushpadpinde-20%7D%7Bifmob,https://i.pinimg.com/originals/6f/5c/2b/6f5c2b2b693abaee5db3443dc5ce4fa3.jpg,1000,1293,0,2026-06-13
2026-09-05,marmita fitness,2040762329718296,23,161,0,Aggressive Cut Meals | High Protein Recipes for Weight Loss,,,https://i.pinimg.com/originals/9d/04/e8/9d04e8644d0de0f70ceefac8b2f27b41.png,1024,1536,0,2026-08-25
2026-09-05,marmita fitness,354869645653708468,24,110,0,É de uma boa receita de Marmita Fitness - Fit Low Carb Saudáveis Para Cardápio Semanal que precisa? Agrade a família usando essa lista especialmente preparada para você conhecer todos os truques dessa,sabornamesa.com.br,https://www.sabornamesa.com.br/cardapios/marmita-fitness-fit-low-carb-saudaveis-para-cardapio-semanal,https://i.pinimg.com/originals/5a/16/38/5a163859273c60c3e54b0ceaa090e67f.jpg,1000,1500,0,2024-04-02
2026-09-05,marmita fitness,ARXHupFYA_Vy7c6h01yv4lDExqqMM8_35m3_a-ZDdRh0UAWbY5GsLbYPIpx2XHACIKIUViV-3eCoEfAmR2uIv8U,25,43,0,Start Transformation Now!,quiz.betterme.world,https://quiz.betterme.world/first-page-generated?flow=3068&utm_source=pinterest&utm_medium=organic&utm_content=27_2025-07-11_ira_H-FemaleCutting_K-Remake_CT-29985_Ver-3_pn.jpg,https://i.pinimg.com/originals/d3/95/10/d395106263f85c91ed1a97121c12b0d4.jpg,1080,1920,0,2026-01-31
2026-09-05,marmita fitness,AWizEJEaSefxHAWV8cTbJqPAGVnQpZ8YDdJ-aSA-C4D_m3qslY6J6S80YHuuiNndZlZppWTCpXC1XDp5i-WgcgY,26,2,0,High-Protein,amazon.com,https://www.amazon.com/High-Protein-Mediterranean-Meal-Prep-Macro-Friendly/dp/B0H83S2W2H/ref=asc_df_B0H83S2W2H?hvdev=%7Bdevice%7D&hvcampaign=%7Bcampaignid%7D&hvadgroupid=%7Badgroupid%7D&hvprdptid=%7Bproduct_partition_id%7D&hvprdgrpid=%7Bpromoted_product_group_id%7D&hvcr=%7Bcreative_id%7D&hvadid=%7Badid%7D&hvprdid=%7Bproduct_id%7D&hvplc=%7Bplacement%7D&psc=1&tag=%7Bifnotmobile:ushpadpinde-20%7D%7Bi,https://i.pinimg.com/originals/35/39/49/3539493f021b04a94fe62a9360d746c0.jpg,1000,1293,0,2026-07-21
2026-09-05,marmita fitness,798755683958761938,27,3728,0,Marmitas saudáveis para a semana,,,https://i.pinimg.com/originals/eb/1d/47/eb1d477926bc982464478c046e208623.png,864,1728,0,2026-05-10
2026-09-05,marmita fitness,89860955060154939,28,84,0,Marmitas fit,,,https://i.pinimg.com/originals/95/9d/35/959d354867679a03133d26415265916b.jpg,1080,1920,0,2026-05-26
2026-09-05,marmita fitness,AU78ks5YD7l8zYRw2kg5T4JSRugTKGWCquSpXlMRL78RtlogDiMMi7ZN3sWwRStT9DFNiVEl8mGgNaM5MfTJpsc,29,1,0,"Temu | High-protein,",temu.com,https://www.temu.com/ul/kuiper/un3.html?subj=dpa-un&_bg_fs=1&_p_jump_id=1082&_x_vst_scene=adg&goods_id=606004330744739&adg_ctx=a-784ac797~c-7a1f0e16&_p_rfs=1&_x_ads_channel=pinterest&_x_ads_creative_id=%7Bproduct_partition_id%7D&_x_ads_id=%7Badgroupid%7D&_x_ads_set=%7Bcampaignid%7D&_x_ads_sub_channel=shopping&_x_ns_catalog_id=1567707391772&_x_ns_creative=%7Badid%7D&_x_ns_gid=606004330744739&_x_ns_,https://i.pinimg.com/originals/7e/3c/27/7e3c27953a7e949af88a3e42bb9b6eb1.jpg,2000,3000,0,2026-06-10
2026-09-05,marmita fitness,609674868344295285,30,2410,0,,,,https://i.pinimg.com/originals/c1/72/66/c17266cfe2f7f3aee1b997e4336c6a4c.jpg,736,920,0,2023-12-25
2026-09-05,marmita fitness,AWXmtE4JW4J2XXu3MUgo_fyKEpI4rwTEkc6a7pbUuG_caLSko-mcdBUPpdHErw3aYcKzAXhiT7oq6c5SYIQWHy4,31,1,0,Temu | High Protein,temu.com,https://www.temu.com/ul/kuiper/un3.html?subj=dpa-un&_bg_fs=1&_p_jump_id=1082&_x_vst_scene=adg&goods_id=605867931982784&adg_ctx=a-eb2334af~c-718bd27b&_p_rfs=1&_x_ads_channel=pinterest&_x_ads_creative_id=%7Bproduct_partition_id%7D&_x_ads_id=%7Badgroupid%7D&_x_ads_set=%7Bcampaignid%7D&_x_ads_sub_channel=shopping&_x_ns_catalog_id=1567707391772&_x_ns_creative=%7Badid%7D&_x_ns_gid=605867931982784&_x_ns_,https://i.pinimg.com/originals/58/30/d6/5830d626eb0796a120227e8b301cbd2a.jpg,1500,1500,0,2026-08-03
2026-09-05,marmita fitness,705657835381429110,32,1744,0,"Vera Senerine/ marmitas saudáveis congeladas on Instagram: ""Uma obra de arte 🥰. Essa marmita ficou linda de bonita e muito saborosa 😋 Aqui temos cubos de frango cremoso, batata doce assada e mix de br",instagram.com,https://www.instagram.com/p/CoD48JipDaW/?igshid=NTU1Mzc3ZGM=,https://i.pinimg.com/originals/98/07/d0/9807d0ba2c6e6bca24f625273b2b0eb3.jpg,511,640,0,2023-02-16
2026-09-05,marmita fitness,AbKadQXLX7JWkv60gwUtNlTV3rvQ_Eq9_D2Fh2t7ku13PgKCo7dA5StO8zDaxJ-MxeAbqgRYMX0ytygcC_TXE1g,33,3,0,🍱✨ Marmita 1200ml com Divisória + Talheres – Praticidade Total!,s.shopee.com.br,https://s.shopee.com.br/4fs5wGDH5x?pp=1&channel_type=pinterest,https://i.pinimg.com/originals/d1/38/2b/d1382b475ebc8c7e0d89eb6ffcbbc5eb.jpg,768,1408,0,2026-08-16
2026-09-05,marmita fitness,AaJpvsmx3Qpp5Pg3FkOHltbn5JZk3ZiLNq0fToTmnr1nFUrrGGfYnO0aaCK5MpSJFEyP8KbuwhCIzopnzO-B_Co,34,2,0,100 Meal Prep Recipes in,amazon.com,https://www.amazon.com/100-Meal-Prep-Recipes-Minutes/dp/B0GPDCCF8Z/ref=asc_df_B0GPDCCF8Z?hvdev=%7Bdevice%7D&hvcampaign=%7Bcampaignid%7D&hvadgroupid=%7Badgroupid%7D&hvprdptid=%7Bproduct_partition_id%7D&hvprdgrpid=%7Bpromoted_product_group_id%7D&hvcr=%7Bcreative_id%7D&hvadid=%7Badid%7D&hvprdid=%7Bproduct_id%7D&hvplc=%7Bplacement%7D&psc=1&tag=%7Bifnotmobile:ushpadpinde-20%7D%7Bifmobile:ushpadpinsp-20,https://i.pinimg.com/originals/74/02/97/7402974c3f232b5f84ba4bb640075e48.jpg,1000,1499,0,2026-04-14
2026-09-05,marmita fitness,162974080261201567,35,11,0,Comida Fit,,,https://i.pinimg.com/originals/43/af/19/43af190ff25906b4138d249955163923.jpg,1080,1920,0,2026-03-23
2026-09-05,marmita fitness,ARNK8QeEmdQbPVs-Y9Zbl4djOMZocI1GbQhDaZ8A-rWWKKirHM4mkBLuzI2gHnuujYTStcNEUqpAzw6Sa5oS7Ck,36,1,0,Temu | Mediterranean Diet,temu.com,https://www.temu.com/ul/kuiper/un3.html?subj=dpa-un&_bg_fs=1&_p_jump_id=1082&_x_vst_scene=adg&goods_id=606017400184418&adg_ctx=a-84de1997~c-7eb5710a&_p_rfs=1&_x_ads_channel=pinterest&_x_ads_creative_id=%7Bproduct_partition_id%7D&_x_ads_id=%7Badgroupid%7D&_x_ads_set=%7Bcampaignid%7D&_x_ads_sub_channel=shopping&_x_ns_catalog_id=1567707391772&_x_ns_creative=%7Badid%7D&_x_ns_gid=606017400184418&_x_ns_,https://i.pinimg.com/originals/d0/2f/be/d02fbe95a2207c0f3660d6f6d34d8a1d.jpg,2000,3000,0,2026-07-10
2026-09-05,marmita fitness,900860731750059490,37,32,0,Marmitas Fit para Emagrecer: Cardápio Semanal Completo 🥗✨,carolcarlosfit.com.br,https://carolcarlosfit.com.br/curso-marmita-fit-congelada/,https://i.pinimg.com/originals/ad/73/58/ad73584ac1aaf0f2bb3d6a52894b3787.jpg,474,632,0,2026-03-05
2026-09-05,marmita fitness,AUvHC-UelPDUVP_Wdl2g2n-XhtvOt3OyZXZrkoDOh36dAWyKdnHbaSRoNNpi4r47LLqNQlyB0G8cvD_U1Q2lnbE,38,1,0,Temu | 100 High-protein,temu.com,https://www.temu.com/ul/kuiper/un3.html?subj=dpa-un&_bg_fs=1&_p_jump_id=1082&_x_vst_scene=adg&goods_id=606395223085891&adg_ctx=a-8733288f~c-74c56015&_p_rfs=1&_x_ads_channel=pinterest&_x_ads_creative_id=%7Bproduct_partition_id%7D&_x_ads_id=%7Badgroupid%7D&_x_ads_set=%7Bcampaignid%7D&_x_ads_sub_channel=shopping&_x_ns_catalog_id=1567707391772&_x_ns_creative=%7Badid%7D&_x_ns_gid=606395223085891&_x_ns_,https://i.pinimg.com/originals/59/02/d5/5902d556801894e3387a0cb75c99c70b.jpg,2000,3000,0,2026-06-21
2026-09-05,marmita fitness,ASWuWDh-OcFQz6VBF2i-fxdC3J4YVQOW_d6pkG9R-MYvxgPU9nopveEFzDCtOn_GFoMjRW9LBS5Ob3TSsG9ikH4,39,1,0,Fit Strong & Healthy 3,walmart.com,https://www.walmart.com/ip/3-Compartment-Bento-Lunch-Box-Meal-Prep-Containers-6-Pack-39-oz/224211538?wmlspartner=wlpa&selectedSellerId=14077,https://i.pinimg.com/originals/7f/cf/f9/7fcff99ae3691cf231145c5667bc869d.jpg,438,450,0,2026-07-22
2026-09-05,marmita fitness,AX829A6FTfIaE6HylwdclYW7L83bU5f14MOnkGc_h1bqDGkrG7jtIqvNqgUWcDcUJm8H5Z5213PYRzIiJLKkVCg,40,49,0,Menya Jiro Ramen - Rich,goldbelly.com,https://www.goldbelly.com/restaurants/menya-jiro-ramen/rich-tonkotsu-ramen-meal-kit-for-4,https://i.pinimg.com/originals/ca/db/f8/cadbf89d10c20845a914ef9e94ec3c73.jpg,1200,1200,0,2025-04-30
2026-09-05,marmita fitness,236368680439303434,41,22,0,Healthy Meal Prep Ideas & Divided Glass Food Storage Containers,,,https://i.pinimg.com/originals/de/10/53/de1053cdd1e641a95060a4ea88151123.jpg,828,1331,0,2026-08-18
2026-09-05,marmita fitness,12877548933151460,42,384,0,marmitas fit,,,https://i.pinimg.com/originals/60/cf/3e/60cf3e306eb5ce85f635c33bc6a41321.png,1024,1536,0,2026-04-13
2026-09-05,marmita fitness,ATT0OZaDdG4p7sv8qASU3wnunmrAkaBRgE-u7Bh_oo6AwkzJIFmMOLRKu1tdgZtTA4FHIUtL-yFbgp03pbPxTJQ,43,18,0,"marmita, dieta para emagrecer, refeição saudável, marmita fitness, potes de vidro, cozinha",s.shopee.com.br,https://s.shopee.com.br/5VKQ56Va95?pp=1&channel_type=pinterest,https://i.pinimg.com/originals/4d/2d/76/4d2d7637006a9659239a5d56194cad25.jpg,736,1288,0,2025-08-20
2026-09-05,marmita fitness,Aa1n0yR_1RrxeBz7aTLBtLNT4KjijAv3H7bYLm57pm9ihnlYtLkK93X-uhwipQd7iEXfK0Pt-Wc4Hfu_OT-mwMA,44,12,0,Temu | High Protein Wrap,temu.com,https://www.temu.com/ul/kuiper/un3.html?subj=dpa-un&_bg_fs=1&_p_jump_id=1082&_x_vst_scene=adg&goods_id=605989214508243&adg_ctx=a-ed3d8f97~c-168f3869&_p_rfs=1&_x_ads_channel=pinterest&_x_ads_creative_id=%7Bproduct_partition_id%7D&_x_ads_id=%7Badgroupid%7D&_x_ads_set=%7Bcampaignid%7D&_x_ads_sub_channel=shopping&_x_ns_catalog_id=1567707391772&_x_ns_creative=%7Badid%7D&_x_ns_gid=605989214508243&_x_ns_,https://i.pinimg.com/originals/07/61/9e/07619e20bd0f01737f68090738772779.jpg,2000,3000,0,2026-08-11
2026-09-05,marmita fitness,AVChNPPt05KFOQiwVC7KFcKt-UCyvk4_-bMj0zTLDmtrkviu4jg8vvGwpIJVHqQi4z_bRnKsIExKJko2BTj6A6Q,45,285,0,21 Powerful High Protein,panfetti.com,https://panfetti.com/cheap-high-protein-meal-prep-ideas/,https://i.pinimg.com/originals/2c/b1/b5/2cb1b5152d8a502f18de0c0ac74cd13c.jpg,736,1472,0,2026-05-13
2026-09-05,marmita fitness,765893480388375698,46,880,0,O que colocar na marmita fit?,deliway.com.br,https://www.deliway.com.br/blog/marmita-fitness?utm_source=pinterest&utm_medium=organico&utm_campaign=post,https://i.pinimg.com/originals/b6/5e/6d/b65e6d7f153bf2e475e00e6c74ad27d0.jpg,736,1166,0,2021-11-01
2026-09-05,marmita fitness,335447872266006499,47,1761,0,,,,https://i.pinimg.com/originals/c2/7c/10/c27c106f0e6f5c88d46811eca39a2f1a.jpg,675,1200,0,2024-01-28
2026-09-05,marmita fitness,77616793575710528,48,23,0,Aprenda a fazer Marmita Fit Congelada,vivabemavida.com,https://vivabemavida.com/marmita-fit-congelada/,https://i.pinimg.com/originals/2f/5e/38/2f5e3868cb6890e4f8773328e5873288.jpg,564,846,0,2026-04-19
2026-09-05,marmita fitness,ARUWarCuSXfzugCJgIQ8-yMym5hgDdKmY1-y01vUisrU6rYWmi8mVsdotZNjWn4I-ABkygpYD-yR-u3GipHVl5Q,49,0,0,1pc 304 Stainless Steel,us.shein.com,https://us.shein.com/ark/default?scene=1&test=5051&ad_type=DPA&goods_id=40667648&pf=PINTEREST&url_from=PINADSDPA&ismg=c76a2b839718af9e950b4f83590f2240116c51e10fb532a5bfe7422389130104_01_1788542197,https://i.pinimg.com/originals/ea/63/f6/ea63f676cfe227c6097d2ffe63c38723.jpg,1134,1598,0,2026-08-14
2026-09-05,marmita fitness,AcSTxqaEhvCNNPxqr2x3KqQgTdAVzhv6qHkd3SdAF2Dk-ot9NqrTNgv4-sz4n38rzT5-QnUogFrLl6KsgPPvaTc,50,1,0,Protein Breakfasts Made,amazon.com,https://www.amazon.com/Protein-Breakfasts-Delicious-Recipes-Strong-ebook/dp/B0C2D425XZ/ref=asc_df_B0C2D425XZ?hvdev=%7Bdevice%7D&hvcampaign=%7Bcampaignid%7D&hvadgroupid=%7Badgroupid%7D&hvprdptid=%7Bproduct_partition_id%7D&hvprdgrpid=%7Bpromoted_product_group_id%7D&hvcr=%7Bcreative_id%7D&hvadid=%7Badid%7D&hvprdid=%7Bproduct_id%7D&hvplc=%7Bplacement%7D&psc=1&tag=%7Bifnotmobile:ushpadpinde-20%7D%7Bifm,https://i.pinimg.com/originals/e5/0e/50/e50e500161141655d03e756251edbe9b.jpg,1600,2560,0,2026-03-24
2026-09-05,marmita fitness,722827808988385473,51,10,0,Frango Grelhado com Legumes para Marmita,receitas.falagalera.com.br,https://receitas.falagalera.com.br/frango-grelhado-legumes-marmita/,https://i.pinimg.com/originals/67/0e/16/670e164f39568f5f437eafc9fb8d5154.jpg,848,1264,0,2026-07-01
2026-09-05,marmita fitness,831688256205907617,51,1305,0,👩🏼‍🍳Vão ficar fora dessa?👩🏼‍🍳 Corra aprender a deixar sua marmita coloridinha assim😍,,,https://i.pinimg.com/originals/a8/3d/77/a83d77fbc0004f8ab215db3e6be4eda0.jpg,1080,1920,0,2023-02-07
2026-09-05,marmita fitness,Ac9yLHMhaJFWK1sKDsUQpbciReil6MHQ6yLFR1rt6rDnhNwBolf99Cg978w-fYLW_-pce79UeR0qiBs3CzeWCuI,52,1,0,Hillshire Reserve™ Lunch,shop.mikmak.ai,https://shop.mikmak.ai/social/6a394a3a3b29ed6f193e389e?utm_campaign=hillshirefarm-premiumlunchmeat-plm-fy26-q4-us&utm_source=social-pi-na&utm_medium=reach&utm_term=nonb&utm_content=serve-static-dynamic,https://i.pinimg.com/originals/b3/f4/3c/b3f43cc0ef09c5868e1b50132151b25b.jpg,1000,1500,0,2026-08-25
2026-09-05,marmita fitness,70437490372459,53,2881,0,Curso de Preparação de Marmita Fit 100% Online.,linktr.ee,https://linktr.ee/marmitasfit.mark,https://i.pinimg.com/originals/a0/a8/84/a0a8846515c6adfd7e49c88564823db3.jpg,800,1200,0,2025-07-07
2026-09-05,marmita fitness,AUomYtMfRjpiWhe1C6UkY-nZvSXxPxD5zgxZUTCNlt_xmrPDFw9a7EXgWY-IUdPXDQZ3PqXyXJb-jlP0F5yf03g,54,57,0,High Protein Banana,kodiakcakes.com,https://kodiakcakes.com/blogs/recipes/high-protein-banana-walnut-sheet-pan-pancakes?utm_source=Pinterest&utm_medium=Awareness+&utm_campaign=PancakeFALL,https://i.pinimg.com/originals/94/fd/79/94fd799ba6de8c76f6965516f7f5b68c.png,1000,1500,0,2026-07-29
2026-09-05,marmita fitness,AW2G2-bjPzzPY4TJ-EPilm_jj_T-WvBV9e2xCsEiGdcLgu5HJx702zma43kzbwlYUG7jLZM-K25hSd3K9E4VTPs,55,393,0,Crispy Pasta Salad with,wildplanetfoods.com,https://wildplanetfoods.com/products/skipjack-tuna,https://i.pinimg.com/originals/75/3b/72/753b727bd5bd310cb83f9e79b4db8c22.jpg,720,1280,1,2026-05-26
2026-09-05,marmita fitness,118712140174607824,56,34,0,🔴 40 Receitas de Marmita Fitness para uma Refeição Saudável e Prática,,,https://i.pinimg.com/originals/42/4a/17/424a17e6fd8ab964e160b08a2a7840f9.jpg,1080,1350,0,2025-07-11
2026-09-05,marmita fitness,54746951715059055,57,63,0,"Rotina corrida, mas com escolhas que fazem bem. 🤍 As marmitas da @marmitasmarmitay entraram no meu dia a dia pela praticidade, pelo equilíbrio e pelo sabor de comida feita com cuidado. É sobre se alim",instagram.com,https://www.instagram.com/p/DT2edkllaNa/,https://i.pinimg.com/originals/0c/83/0a/0c830a783d4ca67fd4aaddb5b006c9c2.jpg,1440,1920,0,2026-02-24
2026-09-05,marmita fitness,AdfgWaeKwaX4EtQpqxtKPV9oRlQXG-gLWTgaYWNYDcveGGb75InGH3KXBDXXUB3ZmY7VmFTQK9T42TP0xBzPMAo,58,20,0,FixtureDisplays Snow Cone,wayfair.com,https://www.wayfair.com/FixtureDisplays--FixtureDisplays-Snow-Cone-Syrup-877PIT004253-L971-K~FXTU7662.html,https://i.pinimg.com/originals/f8/52/63/f852632a8806d3bbfa7915fcdbe42223.jpg,400,400,0,2026-03-25
2026-09-05,marmita fitness,AW8ac_QN5gjC3U-GdVVaoq35CFicBeFNs9ef8pvFiLkm8a0rpswvAaDNLez032KRLlgv6awSY24n4x8AJYIURDY,59,759,0,Make This 30-Minute,sietefoods.com,https://sietefoods.com/recipes/chicken-fajitas/,https://i.pinimg.com/originals/36/82/b7/3682b7449fdd497b342de141d3aaecc9.png,1000,1501,0,2026-02-25
2026-09-05,marmita fitness,AVGOanBhvK1hwcAOFXjX6W981-4vrwxXEs93crwf9GSdakGxYL1fzeBrrc5dq6SqxOFD_ajgEQ-TozrpdXtCKAc,60,1,0,Grilled Shrimp Skewers,challengedairy.com,https://challengedairy.com/recipes/fish-and-seafood/grilled-shrimp-skewers-with-garlic-parmesan-butter/2026-challenge-pinterest-awareness-interests-1556&utm_source=pinterest&utm_medium=banner&utm_content=GrilledShrimpSkewerswithGarlicParmesanButter-NoProduct,https://i.pinimg.com/originals/b3/c7/03/b3c7037db33db1cad2d93083bebfae00.png,1080,1920,0,2026-07-30
2026-09-05,marmita fitness,AXUPKicAmcezzCYNNtaiaQQbBqEZ_uB4tVDolnuaLQiMwSbita_CNFGDQaYOZNhpIMMmMI48W6rK9p_G_9aWJRQ,61,1,0,Hotel BEK Tashkent,expedia.com,https://www.expedia.com/Hotel-Search?destination=Tashkent&selected=106114060&startDate=2026-09-05&endDate=2026-09-06,https://i.pinimg.com/originals/52/40/07/524007b13a1471cdc48b05a098b5be36.jpg,1001,1500,0,2026-07-28
2026-09-05,marmita fitness,588493876353224668,62,3,0,Marmita fit barata,go.hotmart.com,https://go.hotmart.com/D107274938C,https://i.pinimg.com/originals/73/fc/ca/73fccaeeb127a4dfe24587848f0ef36c.jpg,1280,1920,0,2026-08-24
2026-09-05,marmita fitness,971088738460624454,63,169,0,Kit 10 Potes de Vidro 640ml Hermético Marmita Fit com Tampa 4 Travas,s.shopee.com.br,https://s.shopee.com.br/2BARHNFgah?channel_type=pinterest,https://i.pinimg.com/originals/03/29/15/03291505cefb966f9640e1aedf2935a6.jpg,736,890,0,2026-03-26
2026-09-05,marmita fitness,AfUOasZ3Y90GRD8GWJ2bQ44WRAijYgwwl0uR6WaFKjdwZWpa8iGOaRw-_hP53Q5crlD1q7gDdBmVrt5djv8KSxg,64,1,0,The Easiest Way to Eat,eat.hungryroot.com,https://eat.hungryroot.com/oct-2025-different-30/?utm_source=pinads-sub&utm_medium=cpc&utm_campaign=ACQ-Pin-S114_P+&utm_content=PNEW1083&wm_source=pinterest&wm_medium=ads&wm_ad_id=%7Badid%7D,https://i.pinimg.com/originals/ad/e6/ca/ade6ca5bae13292fc58185f3e4962043.png,1000,1500,0,2026-08-21
2026-09-05,marmita fitness,AQtKJYHc00cSzDjLKBUoyKsmEdwntjXIOfswXolquAtoOZqovun0EJpUxP43_zoxRS_s5fL0z6qNyLNGGD6qW3A,65,482,0,Start Transformation Now!,quiz.betterme.world,https://quiz.betterme.world/first-page-generated?flow=3068&utm_source=pinterest&utm_medium=organic&utm_content=27_2025-07-11_ira_H-FemaleCutting_K-Remake_CT-29985_Ver-1_pn.jpg,https://i.pinimg.com/originals/8b/a0/46/8ba046a20a7d73109e4eab2401947f90.jpg,1080,1920,0,2026-01-31
2026-09-05,marmita fitness,437271445092540697,66,43,0,Comida Saudável! - Não é qualquer Marmita! - Ribeirão Preto - Delicias Saudáveis,photofood.com.br,https://www.photofood.com.br/portfolio/comida-saudavel/1042984-nao-e-qualquer-marmita,https://i.pinimg.com/originals/3d/98/0e/3d980eeec9fcbb8ba011ef31ed2d50fa.jpg,1024,1535,0,2026-02-05
2026-09-05,marmita fitness,AXsbegXMkw23PbtqmPi0ix3JNma-W5SJMshEKtIKQQMtyW5am8MCptUUo0cfpLbkDW_O3dx66ubR8Y2FixBCuXk,67,1,0,3 Compartment Food Grade,homedepot.com,https://www.homedepot.com/p/LAIFUCAM-3-Compartment-Food-Grade-PP-Bento-Lunch-Box-Containers-with-Utensils-and-Lids-BPA-Free-Microwave-Safe-3-Pack-11AS29G364/343052908?cm_mmc=psoc-pinprg-%7Bcampaignid%7D-%7Badgroupid%7D,https://i.pinimg.com/originals/6d/b2/d8/6db2d8f2001c474ee91bc0f102a69253.jpg,1000,1000,0,2026-05-29
2026-09-05,marmita fitness,AS6JzAk99odtYdpoG70A-AOacc_Ucl0mzu74zw4rZAUgtdmVFUROUBhNbsjMbWKxsWPHriopauFOUaHiccer9ME,68,15,0,"Trapani 8"" Salad Plate",allmodern.com,https://www.allmodern.com/Wrought-Studio%E2%84%A2--Trapani-8-Salad-Plate-X112069098-L6424-K~A001311420.html?refid=PSO81-A001311420_1211896248&PiID[]=1211896248,https://i.pinimg.com/originals/61/87/be/6187be5f1ba44e448269ac10532080df.jpg,375,400,0,2025-08-22
2026-09-05,marmita fitness,625015254581412752,69,231,0,"🍱 Marmitas Fitness: aprenda a montar marmitas saudáveis, baratas e fáceis para a semana inteira — perfeitas para quem quer praticidade, alimentação saudável e manter o foco no emagrecimento sem perder",instagram.com,https://www.instagram.com/p/DV4Cik0GpH6/?img_index=2,https://i.pinimg.com/originals/5f/51/16/5f5116168d573662dee8656db4597ff6.jpg,1080,1440,0,2026-08-05
2026-09-05,marmita fitness,70368812924964392,70,237,0,marmitas fitness 🫶🏻 #fitness,,,https://i.pinimg.com/originals/20/4e/65/204e6530364784c8a14ec1c04ab5fa81.jpg,1224,1632,0,2026-07-11
2026-09-05,marmita fitness,120823202499279675,71,74,0,Curso Fit lucrativo: como aprender a fazer marmitas fit - Sacada de mãe,sacadademae.com.br,https://sacadademae.com.br/como-aprender-a-fazer-marmitas-fit/,https://i.pinimg.com/originals/d5/7a/df/d57adfc52671e32bb75967bd5a98d030.jpg,960,1280,0,2025-07-28
2026-09-05,marmita fitness,41376890330554335,72,90,0,Clique na imagem AGORA,bio.site,https://bio.site/ProjetoMenosPesoMaisVida,https://i.pinimg.com/originals/5d/91/54/5d915429ecfe273901123317361bc98b.jpg,736,1104,0,2026-08-20
2026-09-05,marmita fitness,225320787611682885,73,10,0,,,,https://i.pinimg.com/originals/ac/0d/4d/ac0d4d7217cb2a9c88b98b383fe53d79.jpg,675,1200,0,2025-12-15
2026-09-05,marmita fitness,2040762329120348,74,479,0,,,,https://i.pinimg.com/originals/f1/6a/02/f16a02956ebb099ea55fd267466c0f24.jpg,736,919,0,2026-01-10
2026-09-05,marmita fitness,313774299051544637,75,1575,0,Marmitas Saudáveis fit 🔥🔥,vidasaudavelcomsaude.wordpress.com,https://vidasaudavelcomsaude.wordpress.com/2020/12/09/curso-online-marmitas-saudaveis-fitness/,https://i.pinimg.com/originals/52/68/07/52680707ab0ba289b1860f05a5668b6e.jpg,736,1103,0,2023-01-08
2026-09-05,receita barata para o mes,AeViKHJpFt-2A6XNLY1V5iirbAUGlYHEfL2Q6q5JtRM4wn7rX24cc6E8CgjXg74YliRXthSBrfdXMaKhjTuzjbI,2,81,0,Make a healthy granola breakfast with fruit toppings or win over the kids with an easy yogurt parfait recipe.,target.com,https://www.target.com/items/-/ct-54483168Z78060729Z78362089Z54461559Z15013944Z54436252Z13208903Z13208899,https://i.pinimg.com/originals/be/84/1f/be841f33015c0490c385386530fed8df.jpg,600,900,0,2020-07-27
2026-09-05,receita barata para o mes,4785143352512401,3,1245,0,30 IDEIAS DE ALMOÇO,,,https://i.pinimg.com/originals/66/6f/85/666f855c30d67498e0b8fd3b0065b03e.png,1024,1536,0,2026-08-01
2026-09-05,receita barata para o mes,573997915008391544,4,213,0,"17 receitas rápidas, fáceis e baratas para uma refeição | Receitas",anamariabraga.globo.com,https://anamariabraga.globo.com/materia/receitas-faceis-rapidas-e-baratas-para-quem-mora-sozinho/?utm_source=pinterest&utm_medium=social&utm_campaign=receita&utm_term=receitas-faceis-rapidas-e-baratas-para-quem-mora-sozinho&utm_content=ana-junho,https://i.pinimg.com/originals/7a/93/5f/7a935f355f355f9dbe0751b94a0df692.jpg,289,434,0,2019-06-27
2026-09-05,receita barata para o mes,AYefNIOg2pWhGSOL8TU1uBnirjufemoiagsm6vHnUoRtssWQGMcEBeZIHD-OlVsmuQBDUhXnQ4u-b5c35MYyRVQ,5,1197,0,37 Summer Dinner Ideas,athleticlift.com,https://athleticlift.com/healthy-summer-dinner-ideas/,https://i.pinimg.com/originals/bc/8c/78/bc8c783079431a2017d96cfcb07bb667.png,887,1774,0,2026-06-04
2026-09-05,receita barata para o mes,622130136014419331,6,62,0,20 Pratos Baratos e Nutritivos para Economizar! - Manga com Pimenta,mangacompimenta.com,https://mangacompimenta.com/2020/03/18/pratos-baratos-e-nutritivos/,https://i.pinimg.com/originals/0f/db/cb/0fdbcb954964350aa74f83a5ad21b102.jpg,236,542,0,2020-04-23
2026-09-05,receita barata para o mes,3940718421478056,7,1177,0,,,,https://i.pinimg.com/originals/c5/e3/e1/c5e3e1d262b8eb9b0c2fa1bf23cea05c.jpg,1080,1920,0,2026-08-23
2026-09-05,receita barata para o mes,AVRZuGPJ68eDcGxJUPVlD8A3JpMEYhKIwruUyvFRMrZ8H0DxPtp17TTgEF5ksi5d6UKsgRufcmlXq73hM_bbEq4,8,482,0,Start Transformation Now!,quiz.betterme.world,https://quiz.betterme.world/first-page-generated?flow=3068&utm_source=pinterest&utm_medium=organic&utm_content=27_2025-07-11_ira_H-FemaleCutting_K-Remake_CT-29985_Ver-1_pn.jpg,https://i.pinimg.com/originals/8b/a0/46/8ba046a20a7d73109e4eab2401947f90.jpg,1080,1920,0,2026-01-31
2026-09-05,receita barata para o mes,Afv1uOCbSHvm7EKQHpIRHNrw6881R4DQr0VR_Xgr2CU7iai_MOzqf2GRfIH8jtVlY6gVLFM-P_gN3cB7rr5z8ww,9,1,0,50 Salades Repas Healthy:,amazon.com,https://www.amazon.com/Salades-Repas-Healthy-seulement-ingr%C3%A9dients/dp/B0H98ZQQ93/ref=asc_df_B0H98ZQQ93?hvdev=%7Bdevice%7D&hvcampaign=%7Bcampaignid%7D&hvadgroupid=%7Badgroupid%7D&hvprdptid=%7Bproduct_partition_id%7D&hvprdgrpid=%7Bpromoted_product_group_id%7D&hvcr=%7Bcreative_id%7D&hvadid=%7Badid%7D&hvprdid=%7Bproduct_id%7D&hvplc=%7Bplacement%7D&psc=1&tag=%7Bifnotmobile:ushpadpinde-20%7D%7Bifmo,https://i.pinimg.com/originals/9d/3e/45/9d3e45fbdef6f3e9c01194beff6dd67a.jpg,1000,1499,0,2026-07-22
2026-09-05,receita barata para o mes,700380179593537515,10,1823,0,Emagreça de Vez com Esse Cardápio Simples e Barato 🥗🔥,,,https://i.pinimg.com/originals/0f/82/47/0f824799d960d00de730ad855aadb660.png,1024,1536,0,2026-04-22
2026-09-05,receita barata para o mes,Aca_hC4PbL7iK1GIdj5ufM0g_8ssYTJNC_-xRZKYqoH6DQ1Bi63U_fd7NDgk-hWcnlUjyH47LUAcsunHJO_aR4A,11,3,0,Salades en bocal haute,amazon.com,https://www.amazon.com/Salades-bocal-haute-prot%C3%A9ine-pour/dp/B0H4133Z64/ref=asc_df_B0H4133Z64?hvdev=%7Bdevice%7D&hvcampaign=%7Bcampaignid%7D&hvadgroupid=%7Badgroupid%7D&hvprdptid=%7Bproduct_partition_id%7D&hvprdgrpid=%7Bpromoted_product_group_id%7D&hvcr=%7Bcreative_id%7D&hvadid=%7Badid%7D&hvprdid=%7Bproduct_id%7D&hvplc=%7Bplacement%7D&psc=1&tag=%7Bifnotmobile:ushpadpinde-20%7D%7Bifmobile:ushpa,https://i.pinimg.com/originals/35/72/82/357282997613df5b00e4005d1818ff81.jpg,1000,1293,0,2026-06-27
2026-09-05,receita barata para o mes,1055599909453127,12,2467,0,bolinhos de arroz,,,https://i.pinimg.com/originals/5a/0e/61/5a0e61207f2c9c5e74b35e2ee12d58f5.jpg,720,1280,0,2026-05-25
2026-09-05,receita barata para o mes,AZuSB49ceSv0HTdFVx5oiN31telmt7OR_cmn7mYgRg-6Sh5OzD1UfqcbX4NnKWQWChtWCLI3p3RWVeGKf5Z7r4o,13,0,0,Cheesecake & Cookies,ediblearrangements.com,https://www.ediblearrangements.com/fruit-gifts/cheesecake-cookies-dessert-board-9293,https://i.pinimg.com/originals/5d/fd/b0/5dfdb0dc2f71ae5a06c319924665b73b.png,1200,1799,0,2026-08-07
2026-09-05,receita barata para o mes,1055599909530709,14,4555,0,Almoço Semanal,,,https://i.pinimg.com/originals/1f/54/d2/1f54d2dadc04c7c99b16c9c0e77b3914.png,1024,1536,0,2026-06-25
2026-09-05,receita barata para o mes,Ac-_EQYkvSPey8tJzP6kQWa9e-j0eyZl81mbUgoVT2p4PGLz9uwUzcx3kNNBskN5fpS0aigLh9qbYLzVXGHlnqU,15,1,0,Jones Dairy Farm Back to,jonesdairyfarm.com,https://www.jonesdairyfarm.com/blog/back-to-school-recipes-and-tips-that-actually-make-mornings-easier/?utm_source=pinterest&utm_medium=ad&utm_campaign=FY26_BackToSchool_Guide&utm_content=Brand&MM=panel2,https://i.pinimg.com/originals/55/90/4f/55904f24646bc9ae0d4d7063e3a0d110.png,1000,1500,0,2026-08-10
2026-09-05,receita barata para o mes,Ad9K4Bt26g6P4VLMdjmAchXCQuFq43VRwWNZfogQAR1UPc0MKMngEx8EOv-IQo5z7U-5_oKMSxn-NRvkNvmkolg,16,393,0,Crispy Pasta Salad with,wildplanetfoods.com,https://wildplanetfoods.com/products/skipjack-tuna,https://i.pinimg.com/originals/75/3b/72/753b727bd5bd310cb83f9e79b4db8c22.jpg,720,1280,1,2026-05-26
2026-09-05,receita barata para o mes,625015254581412752,17,231,0,"🍱 Marmitas Fitness: aprenda a montar marmitas saudáveis, baratas e fáceis para a semana inteira — perfeitas para quem quer praticidade, alimentação saudável e manter o foco no emagrecimento sem perder",instagram.com,https://www.instagram.com/p/DV4Cik0GpH6/?img_index=2,https://i.pinimg.com/originals/5f/51/16/5f5116168d573662dee8656db4597ff6.jpg,1080,1440,0,2026-08-05
2026-09-05,receita barata para o mes,813814595170573486,18,4,0,"20 Receitas De Comidas Rápidas, Fáceis e Baratas que facilitam o seu dia",sabornamesa.com.br,https://www.sabornamesa.com.br/cardapios/receitas-de-comidas-rapidas-faceis-baratas-e-simples,https://i.pinimg.com/originals/bd/e5/a0/bde5a0b2c882f8727c46c75710d31f05.jpg,1000,1500,0,2021-08-24
2026-09-05,receita barata para o mes,AWeTPcAOj9tJLkmJojP1r4NX1uqGnmQ-Al8hhRNS9We0QAqH3yxkOZQntrtyuwYaPVS0Yv6ivAz3tYlxaFPax0E,19,2074,0,Sheet Pan Roast Chicken,stroller-envy.com,https://stroller-envy.com/15-budget-sheet-pan-dinners-almost-no-cleanup/#1-sheet-pan-roast-chicken-thighs-with-potatoes-and-carrots,https://i.pinimg.com/originals/bc/63/27/bc6327474384f9219e79375f59689026.png,941,1672,0,2026-06-25
2026-09-05,receita barata para o mes,2533343539395475,20,9767,0,,,,https://i.pinimg.com/originals/2d/63/8b/2d638ba274b00b99068c37087cf277c2.jpg,736,1104,0,2026-08-25
2026-09-05,receita barata para o mes,AdvzkKnFRKbXbzBDO2AwVDEEedoyKLpuitABKR_E7zOWj3uFXAsrF-hH6wSSSxIL5_dwfp7eQ14KbjrBJbz6i0w,21,2,0,"28 Days 28 Meals: Quick,",amazon.com,https://www.amazon.com/28-Days-Meals-Quick-Delicious/dp/1092968377/ref=asc_df_1092968377?hvdev=%7Bdevice%7D&hvcampaign=%7Bcampaignid%7D&hvadgroupid=%7Badgroupid%7D&hvprdptid=%7Bproduct_partition_id%7D&hvprdgrpid=%7Bpromoted_product_group_id%7D&hvcr=%7Bcreative_id%7D&hvadid=%7Badid%7D&hvprdid=%7Bproduct_id%7D&hvplc=%7Bplacement%7D&psc=1&tag=%7Bifnotmobile:ushpadpinde-20%7D%7Bifmobile:ushpadpinsp-20,https://i.pinimg.com/originals/67/9e/07/679e07999767d498a2cca7eee51ad68d.jpg,1051,1360,0,2026-03-29
2026-09-05,receita barata para o mes,24699498006547163,22,135,0,"Durante 7 dias, faça essas refeições.",instagram.com,https://www.instagram.com/p/DaScca_FptI/?img_index=3,https://i.pinimg.com/originals/58/c2/c0/58c2c0fc5dfc6dbf38ccb067bf293b59.jpg,1080,1344,0,2026-08-20
2026-09-05,receita barata para o mes,1055599909530706,23,5651,0,,,,https://i.pinimg.com/originals/12/8e/88/128e88ebf9198067482caa5b39567bd1.jpg,1024,1536,0,2026-06-25
2026-09-05,receita barata para o mes,Aa4-jZ-q8jmCUtWImAyRgA9Lqm5gnve4AZ8hvNSm0HeVo18Y7S8YE4VMpse69C_Dz3lPrAYJb9djoaEXarsLWmc,24,285,0,21 Powerful High Protein,panfetti.com,https://panfetti.com/cheap-high-protein-meal-prep-ideas/,https://i.pinimg.com/originals/2c/b1/b5/2cb1b5152d8a502f18de0c0ac74cd13c.jpg,736,1472,0,2026-05-13
2026-09-05,receita barata para o mes,899242250610706999,25,5,0,10 Refeições Práticas para Dias corridos,cozinharesaborear.com,https://cozinharesaborear.com/10-receitas-rapidas-para-jantar-simples/,https://i.pinimg.com/originals/39/6e/32/396e328e31a3b92989e129978bee4b9c.png,1000,1500,0,2025-09-14
2026-09-05,receita barata para o mes,AUqacwdMBABVOrhLvnbNRRh6xpa-6fg6lTnnKEuNu8oW9gcDPnIHviDzIH8PFPgMrgE31K1diVBdFLpRnXZB0do,26,2,0,No Cook Jar Meals: Zero,amazon.com,https://www.amazon.com/No-Cook-Jar-Meals-Recipes/dp/B0GJ3K19N7/ref=asc_df_B0GJ3K19N7?hvdev=%7Bdevice%7D&hvcampaign=%7Bcampaignid%7D&hvadgroupid=%7Badgroupid%7D&hvprdptid=%7Bproduct_partition_id%7D&hvprdgrpid=%7Bpromoted_product_group_id%7D&hvcr=%7Bcreative_id%7D&hvadid=%7Badid%7D&hvprdid=%7Bproduct_id%7D&hvplc=%7Bplacement%7D&psc=1&tag=%7Bifnotmobile:ushpadpinde-20%7D%7Bifmobile:ushpadpinsp-20%7D,https://i.pinimg.com/originals/6d/b5/d0/6db5d0ab7931760f54b656df63fc5a53.jpg,1000,1499,0,2026-05-20
2026-09-05,receita barata para o mes,329044316536644697,27,10,0,80 receitas fáceis e baratas que permitem inovar em qualquer refeição,receiteria.com.br,https://www.receiteria.com.br/receitas-faceis-e-baratas/?utm_medium=busca&utm_campaign=listagem,https://i.pinimg.com/originals/f4/2b/f7/f42bf79552224ed44e2cdcd72d9e99ac.jpg,289,434,0,2021-12-27
2026-09-05,receita barata para o mes,Af6sSMgtynYNu5xfiXIjpMMeKzlVILx8YFM5mk4UMiOWFtp9VUpky9IAoQjyIZer_2HCGBCV1tfeXyY8yBJQpNg,28,2,0,50 The Instant Pot Dinner,amazon.com,https://www.amazon.com/Instant-Pot-Dinner-Collection-Recipes/dp/B0DPLJ6MS9/ref=asc_df_B0DPLJ6MS9?hvdev=%7Bdevice%7D&hvcampaign=%7Bcampaignid%7D&hvadgroupid=%7Badgroupid%7D&hvprdptid=%7Bproduct_partition_id%7D&hvprdgrpid=%7Bpromoted_product_group_id%7D&hvcr=%7Bcreative_id%7D&hvadid=%7Badid%7D&hvprdid=%7Bproduct_id%7D&hvplc=%7Bplacement%7D&psc=1&tag=%7Bifnotmobile:ushpadpinde-20%7D%7Bifmobile:ushpad,https://i.pinimg.com/originals/63/88/fd/6388fddb452eec75871d5044586ed80b.jpg,1051,1360,0,2026-05-16
2026-09-05,receita barata para o mes,68117013110051288,29,411,0,"🍚 Cardápio Alimentar Sem Arroz: ideias de refeições saudáveis, práticas e equilibradas para variar o dia a dia sem abrir mão do sabor e da alimentação saudável! 🥗✨ Procurando um cardápio alimentar sem",instagram.com,https://www.instagram.com/p/DbI5ctqlgM0/?img_index=6,https://i.pinimg.com/originals/0b/57/02/0b57022ba18baab56917e551d5ad7c3f.jpg,1080,1344,0,2026-08-15
2026-09-05,receita barata para o mes,3237030978470752,30,2945,0,Douane - Receitas & Dicas | SALADA NO POTE 🥗 Uma forma prática de comer salada todos os dias! JÁ SALVA PARA FAZER DEPOIS… Ingredientes: - brócolis - cenoura -... | Instagram,instagram.com,https://www.instagram.com/reel/CqT49Zrp99y/?igshid=MDJmNzVkMjY%3D,https://i.pinimg.com/originals/b5/89/5e/b5895ebc288fc3b9306f2f0b9fd1b4a8.jpg,1170,2080,0,2025-11-05
2026-09-05,receita barata para o mes,ARPDpAScYxX6sTBTVGzqxXobLFi6R45A2OTyIjjE_L7l-IxZz9HKMj1RC3lxSNfRGwkf1iukJd4PSZuciGhsjYI,31,1,0,The Easiest Way to Eat,eat.hungryroot.com,https://eat.hungryroot.com/oct-2025-different-30/?utm_source=pinads-sub&utm_medium=cpc&utm_campaign=ACQ-Pin-S114_P+&utm_content=PNEW1083&wm_source=pinterest&wm_medium=ads&wm_ad_id=%7Badid%7D,https://i.pinimg.com/originals/ad/e6/ca/ade6ca5bae13292fc58185f3e4962043.png,1000,1500,0,2026-08-21
2026-09-05,receita barata para o mes,61643088646416068,32,142,0,"🍚 Cardápio Alimentar Sem Arroz: ideias de refeições saudáveis, práticas e equilibradas para variar o dia a dia sem abrir mão do sabor e da alimentação saudável! 🥗✨ Procurando um cardápio alimentar sem",instagram.com,https://www.instagram.com/p/DbI5ctqlgM0/?img_index=4,https://i.pinimg.com/originals/25/5a/3c/255a3c69283d51dbf3b0d972fc810bcf.jpg,1080,1344,0,2026-08-22
2026-09-05,receita barata para o mes,AVZ7Za4EkGou0379tg6Y5zL25gCthlVHBfPT8gRKOmJhrolh87gFIrYnTLxM5Ic3NURdiDlkazjam9-PxSoBIw8,33,941,0,Cabbage Roll Creations:,amazon.com,https://www.amazon.com/Cabbage-Roll-Creations-Quick-Recipes/dp/B0DJTFZ1JW/ref=asc_df_B0DJTFZ1JW?hvdev=%7Bdevice%7D&hvcampaign=%7Bcampaignid%7D&hvadgroupid=%7Badgroupid%7D&hvprdptid=%7Bproduct_partition_id%7D&hvprdgrpid=%7Bpromoted_product_group_id%7D&hvcr=%7Bcreative_id%7D&hvadid=%7Badid%7D&hvprdid=%7Bproduct_id%7D&hvplc=%7Bplacement%7D&psc=1&tag=%7Bifnotmobile:ushpadpinde-20%7D%7Bifmobile:ushpadp,https://i.pinimg.com/originals/39/1b/ef/391bef2800bfed043eb28b3d718189c4.jpg,1000,1499,0,2026-04-18
2026-09-05,receita barata para o mes,1015702522216546577,34,2,0,REFEIÇÕES BARATAS E DELICIOSAS PARA ECONOMIZAR,terra.com.br,"https://www.terra.com.br/vida-e-estilo/degusta/7-receitas-faceis-e-baratas-para-o-almoco-de-domingo,cd7ea2a5497e5c7012f3acfb2078b3958kvu1rxw.html",https://i.pinimg.com/originals/06/2d/3a/062d3ac602ea2d647b1dc23e1dd6df3c.png,1000,1500,0,2025-02-22
2026-09-05,receita barata para o mes,703756189233448,35,1523,0,Instagram,instagram.com,https://www.instagram.com/corpo.emforma3/p/DUK8bMMAu8N/,https://i.pinimg.com/originals/7a/83/d7/7a83d744a5f97d28713e3cd2f187b615.webp,810,1080,0,2026-04-08
2026-09-05,receita barata para o mes,3096293491571505,36,8927,0,frango com creme de milho * INGREDIENTES: 1kg de peito de frango Sal e pimenta do reino 1 1/2 lata de milho 200g de creme de leite 1 xícara de leite 2 dentes de alho Queijo mussarela Batata Palha,,,https://i.pinimg.com/originals/3f/77/ac/3f77acbd2ab3bf351840f39980e45884.jpg,1080,1920,1,2026-02-13
2026-09-05,receita barata para o mes,89579480086215585,37,45,0,15 Receitas para Refeições Fáceis e Deliciosas,malasepanelas.com,https://malasepanelas.com/15-receitas-para-refeicoes-faceis-e-deliciosas/,https://i.pinimg.com/originals/53/4d/ef/534defa08b584f8216d7c75f0b13fed3.png,700,1500,0,2026-04-30
2026-09-05,receita barata para o mes,844493675789580,38,20630,0,,,,https://i.pinimg.com/originals/7f/6f/af/7f6fafe963809418677d36c2c830a7ce.jpg,576,1024,0,2025-07-23
2026-09-05,receita barata para o mes,21181060744184259,39,2704,0,,,,https://i.pinimg.com/originals/d8/cd/02/d8cd02f8c4b7145b1b38192076b981f5.jpg,563,857,0,2026-04-22
2026-09-05,receita barata para o mes,883057439475352515,40,121,0,"🍓 Salada de Frutas: A sobremesa que desincha, ajuda a emagrecer e mata a vontade de doce em 5 minutos! Organizar a alimentação faz toda a diferença! Créditos: @casinhaadama ----- 🍽️ Cardápio simples p",instagram.com,https://www.instagram.com/reel/DUGAT2cDsTw/,https://i.pinimg.com/originals/63/ce/91/63ce91419d1363eb5d5dd176abd14a62.jpg,540,960,1,2026-07-08
2026-09-05,receita barata para o mes,AYAxYC_p8JTvMBtWFTnWis7Urkf6-sNlF_OIywB4kFceV7dtTVnVVFQ89pBX0Oe24qGaI5fYuIPOtSYcduHQF1g,41,6,0,50 Healthy Dinner Recipes,amazon.com,https://www.amazon.com/50-Healthy-Dinner-Recipes-Home/dp/B0DG4KKTY4/ref=asc_df_B0DG4KKTY4?hvdev=%7Bdevice%7D&hvcampaign=%7Bcampaignid%7D&hvadgroupid=%7Badgroupid%7D&hvprdptid=%7Bproduct_partition_id%7D&hvprdgrpid=%7Bpromoted_product_group_id%7D&hvcr=%7Bcreative_id%7D&hvadid=%7Badid%7D&hvprdid=%7Bproduct_id%7D&hvplc=%7Bplacement%7D&psc=1&tag=%7Bifnotmobile:ushpadpinde-20%7D%7Bifmobile:ushpadpinsp-2,https://i.pinimg.com/originals/59/74/49/597449b4a65b20b40d2d330c53871cdf.jpg,1051,1360,0,2026-04-20
2026-09-05,receita barata para o mes,9007268002799864,42,799,0,Maionese protéica,,,https://i.pinimg.com/originals/a7/ca/38/a7ca38c6f656e4fa8a8f47211f5c41b1.jpg,1080,1920,0,2026-02-25
2026-09-05,receita barata para o mes,36662184462865732,43,10,0,#receitas #jantar #simples,receiteria.com.br,https://www.receiteria.com.br/receitas-de-jantar-simples/,https://i.pinimg.com/originals/73/34/26/733426dc6a8771d6b5416842bd7a0248.jpg,345,517,0,2026-07-20
2026-09-05,receita barata para o mes,AVG1H5CboGc1DjBJTqyeuYZ8_Qv2YKgPn9ageTEeWOoOT7Vh6tokLGY2v4Ofmmzxa_9NijPlV9uXYVr-lDULI5g,44,2,0,100 Recetas con Verduras,amazon.com,https://www.amazon.com/Recetas-Verduras-R%C3%A1pidas-F%C3%A1ciles-complicaciones/dp/B0GR4PH4KZ/ref=asc_df_B0GR4PH4KZ?hvdev=%7Bdevice%7D&hvcampaign=%7Bcampaignid%7D&hvadgroupid=%7Badgroupid%7D&hvprdptid=%7Bproduct_partition_id%7D&hvprdgrpid=%7Bpromoted_product_group_id%7D&hvcr=%7Bcreative_id%7D&hvadid=%7Badid%7D&hvprdid=%7Bproduct_id%7D&hvplc=%7Bplacement%7D&psc=1&tag=%7Bifnotmobile:ushpadpinde-20%,https://i.pinimg.com/originals/59/d4/f8/59d4f8d90a6267d879daeb3a63394a22.jpg,1000,1293,0,2026-05-08
2026-09-05,receita barata para o mes,692991461457216017,45,11308,0,,,,https://i.pinimg.com/originals/12/96/9b/12969be4f36363f5c52ae7bfc9abcb66.jpg,576,1024,0,2025-12-20
2026-09-05,receita barata para o mes,844493676988560,46,1577,0,"🍚 Cardápio Alimentar Sem Arroz: ideias de refeições saudáveis, práticas e equilibradas para variar o dia a dia sem abrir mão do sabor e da alimentação saudável! 🥗✨ Procurando um cardápio alimentar sem",instagram.com,https://www.instagram.com/p/DbI5ctqlgM0/,https://i.pinimg.com/originals/2b/3f/0c/2b3f0ca1d6b489ea073dfe94d361ec67.jpg,1080,1344,0,2026-08-23
2026-09-05,receita barata para o mes,5770305770026400,47,1146,0,Couscous marroquino com castanhas e legumes,,,https://i.pinimg.com/originals/b8/26/9e/b8269ef92dde18c37838dda38b6f844a.jpg,1080,1920,0,2026-06-07
2026-09-05,receita barata para o mes,Aaa_Bo7eL0NVupXQIQFlQ4OwSoWQdxXW0-STjGiQZ55vkabE3eU7Lzkfbfl6srP6hvFePIIUN3AA92BUUe5Gu9A,48,0,0,Cocinar para uno: Recetas,amazon.com,https://www.amazon.com/Cocinar-para-uno-Recetas-desperdicio/dp/B0H21T6526/ref=asc_df_B0H21T6526?hvdev=%7Bdevice%7D&hvcampaign=%7Bcampaignid%7D&hvadgroupid=%7Badgroupid%7D&hvprdptid=%7Bproduct_partition_id%7D&hvprdgrpid=%7Bpromoted_product_group_id%7D&hvcr=%7Bcreative_id%7D&hvadid=%7Badid%7D&hvprdid=%7Bproduct_id%7D&hvplc=%7Bplacement%7D&psc=1&tag=%7Bifnotmobile:ushpadpinde-20%7D%7Bifmobile:ushpadp,https://i.pinimg.com/originals/80/14/c9/8014c9d54377232104805e8b58da70fa.jpg,1000,1499,0,2026-08-27
2026-09-05,receita barata para o mes,70437491572625,49,4095,0,Batatas com calabresa,instagram.com,https://www.instagram.com/chefsnapratica/,https://i.pinimg.com/originals/5c/83/be/5c83be7ea74314a60bfea2486a6f8b3b.jpg,720,1280,0,2026-07-31
2026-09-05,receita barata para o mes,1151232723477899717,50,1004,0,Macarrão com creme de batata e bacon 🥓,,,https://i.pinimg.com/originals/fb/f3/c8/fbf3c8a2abd06f407c0c5df5f9c339d3.jpg,626,1112,0,2023-04-18
2026-09-05,receita barata para o mes,5488830792163813,51,988,0,"Sabia que temos vários eBooks de receitas incríveis? 📚 Desde massas, sobremesas até opções práticas para o dia a dia, tudo para facilitar sua vida na cozinha e deixar suas refeições ainda mais delicio",instagram.com,https://www.instagram.com/reel/DHCfZgiTl6e/,https://i.pinimg.com/originals/b4/a9/e6/b4a9e6aa7525496ef955d897ed001c78.jpg,720,1280,0,2025-05-11
2026-09-05,receita barata para o mes,AYxk1E4lp_TdlPLbHCJXIOZHymFac9RtVNWxiH9aYXV6KuyJ3Izitw5MXsz7mIST9R1lwV4kI1mpxlFoQJ8Q1qk,52,1,0,Hillshire Reserve™ Lunch,shop.mikmak.ai,https://shop.mikmak.ai/social/6a394a3a3b29ed6f193e389e?utm_campaign=hillshirefarm-premiumlunchmeat-plm-fy26-q4-us&utm_source=social-pi-na&utm_medium=reach&utm_term=psk&utm_content=serve-static-dynamic,https://i.pinimg.com/originals/b3/f4/3c/b3f43cc0ef09c5868e1b50132151b25b.jpg,1000,1500,0,2026-08-25
2026-09-05,receita barata para o mes,AY6ibn1RkITfD_VTLWl86EZlExH5yEdFWAFPjt3xwKsyHJpaR1guib9ba4Msvx3BE3FYI0KQ4LgK9a3CYI5_Jl0,53,1318,0,California Grape and,grapesfromcalifornia.com,https://www.grapesfromcalifornia.com/recipes/california-grape-and-chicken-salad-with-lemon-balsamic-vinaigrette/,https://i.pinimg.com/originals/6c/18/61/6c1861090b6630b5593a5b361cd8df03.jpg,989,1483,0,2025-09-05
2026-09-05,receita barata para o mes,108156828548423862,54,59,0,,,,https://i.pinimg.com/originals/e6/b1/2a/e6b12aa679cc86ccdbb7befe323d2d9c.jpg,736,1104,0,2026-08-13
2026-09-05,receita barata para o mes,AcoJpAn154YLY5ZUhkaeUXLbSOlfWawaPHh_6rDS26G-4EKJDLZxCkpyZk3UCCj3ggVuSE3fIVYzsIp1s2aA3ag,55,2,0,Russ & Daughters -,goldbelly.com,https://www.goldbelly.com/restaurants/russ-and-daughters/mushroom-barley-soup,https://i.pinimg.com/originals/f8/63/78/f86378e2916630f679d7f5a0bb8111f8.jpg,1200,1200,0,2025-04-30
2026-09-05,receita barata para o mes,475129829461479983,56,2,0,10 RECEITAS ECONÔMICAS PARA FAMÍLIAS GRANDES,receitas.globo.com,https://receitas.globo.com/blog/cardapios/10-receitas-faceis-e-praticas-de-comidas-para-as-ferias.ghtml,https://i.pinimg.com/originals/0b/63/a5/0b63a591082eab1729f033d8c1d87890.png,1000,1500,0,2025-12-30
2026-09-05,receita barata para o mes,Ad8RWqGX45uz6I8NZ-4bRgAkikAAnQivfMm3rVziAHm7ATjC9tV9kb094tzXXIBkwcFNEq1sJZwZ_U4W8i-Qe20,57,741,0,31 High-Protein Pasta,athleticlift.com,https://athleticlift.com/high-protein-pasta-dishes/,https://i.pinimg.com/originals/69/79/21/69792103d07a3f7993a55b5b8546e1be.png,887,1774,0,2026-05-08
2026-09-05,receita barata para o mes,AWufae-E7L8X4euGJquVUIqEs2nRxWDdr2whSAHHP_GjAX69kHFXf9Cih1rcIxP3S4f3S8K4iJ_qRAkxYG8c97s,58,1,0,The worst missteak you,challengedairy.com,https://challengedairy.com/products/?utm_campaign=2026-seasonal-pinterest-awareness-all-na-1548&utm_source=pinterest&utm_medium=paid-social&utm_content=q3-GrilledRibeyeCharredScallionButter-video-v6of6,https://i.pinimg.com/originals/e2/31/ba/e231ba04eddcb4e5a512ce81e78eb430.png,6000,10667,0,2026-07-07
2026-09-05,receita barata para o mes,1125968743589416,59,2383,0,Como economizar tempo e dinheiro na cozinha: Almoço Saudável 🥗,,,https://i.pinimg.com/originals/a8/b3/92/a8b392cef573b908cbcb3209e3c137d4.jpg,720,1280,0,2026-04-20
2026-09-05,receita barata para o mes,AbHtVtaVlxP0Mz-Rl4YXe1J_lNsGYrCXkIHvq0vRxv4v1RgBlRnvScVK-hslFeoEAXStbgLvh7yFDvF_nK1G9q0,60,1210,0,High Protein Greek Tuna,wildplanetfoods.com,https://wildplanetfoods.com/products/skipjack-tuna,https://i.pinimg.com/originals/f0/f0/8c/f0f08cd7632c115ecb10f508a3da224c.jpg,736,1308,1,2026-04-13
2026-09-05,receita barata para o mes,AYyWr8BRaDxbVjwmwL91oQYwzSzIwCGTOuzrRwlyQstCyWXESuc0dzwaZ21tPEVaaSDzbwHD7nqGqxYqn63wFuM,61,43,0,Start Transformation Now!,quiz.betterme.world,https://quiz.betterme.world/first-page-generated?flow=3068&utm_source=pinterest&utm_medium=organic&utm_content=27_2025-07-11_ira_H-FemaleCutting_K-Remake_CT-29985_Ver-3_pn.jpg,https://i.pinimg.com/originals/d3/95/10/d395106263f85c91ed1a97121c12b0d4.jpg,1080,1920,0,2026-01-31
2026-09-05,receita barata para o mes,633387444443802,62,2980,0,Receita de batata #comida #receita #receitafácil Remix @receitasaprenda,instagram.com,https://www.instagram.com/reel/DJAqrlJsDLZ/,https://i.pinimg.com/originals/fb/64/39/fb6439a411951c961a4e38240d243e2a.jpg,640,1136,1,2026-03-29
2026-09-05,receita barata para o mes,AWGBU0s1Lhu1VtKwWpGEcFordnc2JH79gU5Y59R5FGpjJKZtbABG2IS878MBDojUPktXb7ZuXogKjDdOrjcZQVI,63,13,0,Cheap Weekly Meal Plan,simplelivingmommy.com,https://www.simplelivingmommy.com/broke-week-meal-plan/,https://i.pinimg.com/originals/90/28/f3/9028f3329601fb7999d0773aa8367e73.png,750,1500,0,2026-08-25
2026-09-05,receita barata para o mes,AWgEGz-pBWDoYv2Hw-ugtST2Zh7Qcta8sQiFO2FUXgiz5vDupZbPkOMzWnu2js5JLYYIGVVi0aYiIGk-2QYLzdM,64,1,0,Free Heart-Friendly,ubiquinol.org,https://ubiquinol.org/healthy-dinner-cookbook/?utm_source=pinterest&utm_medium=cpc&utm_campaign=cookbook,https://i.pinimg.com/originals/b4/39/98/b43998d82b60d285d3236bcc87161c3a.jpg,1440,1440,0,2026-02-09
2026-09-05,receita barata para o mes,9992430419178351,65,1878,0,,,,https://i.pinimg.com/originals/a5/16/57/a5165748a6379861a84c1bbd88ec4f67.jpg,506,1251,0,2026-05-31
2026-09-05,receita barata para o mes,AWYXGP4hlUBxo3qzndawRh1JYWRqoPzfQYSbfjxLBng6NLHkY8y_4MolRMGxMBJepYfGwDHNt0EY2Gi8BKZYbxc,66,635,0,Brown Sugar Chicken,san-j.com,https://san-j.com/recipes/brown-sugar-soy-sauce-chicken-thighs/?utm_source=pinterest&utm_medium=paid-social&utm_campaign=traffic&utm_content=int-brown-sugar-chicken-thighs,https://i.pinimg.com/originals/7d/39/aa/7d39aacd7ce6f458b0098d3068ba032e.png,1000,1500,0,2026-01-13
2026-09-05,receita barata para o mes,1030057746006614346,67,4269,0,Quer perder mais de 8kg em menos de 1 mês?,,,https://i.pinimg.com/originals/4c/1e/62/4c1e62ba75822716351764d8b54bb341.jpg,288,512,1,2023-09-28
2026-09-05,receita barata para o mes,AbIl8JCY5M8bmL_q2gaLvfhLgJUdLM4xQASVSlxZXIs041-j30TMUnR_Ke0zeT4keAnCZDIJFdNTNPZwBEHUQZQ,68,1,0,The Easiest Way to Eat,eat.hungryroot.com,https://eat.hungryroot.com/oct-2025-different-30/?utm_source=pinads-sub&utm_medium=cpc&utm_campaign=ACQ-Pin-S114_P+&utm_content=PNEW1082&wm_source=pinterest&wm_medium=ads&wm_ad_id=%7Badid%7D,https://i.pinimg.com/originals/19/3b/81/193b81b28b2676864eef9da68a4df590.png,1000,1500,0,2026-08-21
2026-09-05,receita barata para o mes,AdZAEnghv5ida4Sy6yk8AKc_gcd1phBN29l2JJElUdpnAMjQdL1KWCjtXksKAWK3g_8dgFaXGZCU_F5hhRClwCE,69,1,0,Fresh Summer Fruit Board,ediblearrangements.com,https://www.ediblearrangements.com/fruit-gifts/fresh-summer-fruit-board-9131,https://i.pinimg.com/originals/34/b3/f5/34b3f5f92b823f64cbf8540f105610ab.png,1200,1800,0,2026-08-07
2026-09-05,receita barata para o mes,1147995761289739093,70,4,0,Seu corpo não muda por esforço… muda quando você faz do jeito certo. Treino e alimentação andam juntos.,,,https://i.pinimg.com/originals/d8/53/29/d853295bc1c3021fab0ff6a09555764a.jpg,736,920,0,2026-07-06
2026-09-05,receita barata para o mes,ATh81lnKovHefLZRJgGEXK6F-EeOsapk15h5JczIP81Go3cw4sz0JHpUmey1XmcS_3tvSNrDW3nMliFXCfQPZPU,71,27,0,Broom Hall Inn,expedia.com,https://www.expedia.com/Hotel-Search?destination=Alcester&selected=4054577&startDate=2026-09-09&endDate=2026-09-10,https://i.pinimg.com/originals/89/40/ff/8940ffb9f8735828afef4b8495315a51.jpg,1000,1500,0,2026-06-17
2026-09-05,receita barata para o mes,9077636745712027,72,869,0,ROTINA SEMANAL IDEIAS DE MARMITAS,s.shopee.com.br,https://s.shopee.com.br/1LdntviIC2?channel_type=pinterest,https://i.pinimg.com/originals/d1/e4/f6/d1e4f68f489ba5c92117d23ab7e7214a.jpg,736,1308,0,2026-08-01
2026-09-05,receita barata para o mes,48273027253532776,73,15,0,Arroz de ovo com legumes (saudável; fácil e rápido; vegetariano),youtu.be,https://youtu.be/NXFp2IvbeoE?si=_cdOIk5mf9rR89-L,https://i.pinimg.com/originals/0f/18/c6/0f18c6bb54a9e9605e75805286218a63.jpg,236,419,0,2026-03-30
2026-09-05,receita barata para o mes,8866530512654444,74,533,0,Power Salad,,,https://i.pinimg.com/originals/c2/53/c4/c253c48d53bd3a812f8f33613f8671e0.jpg,720,1280,0,2026-08-25
2026-09-05,receita barata para o mes,1009158228999032359,75,37695,0,🌿🍅🍳 Tortinha Proteica de Legumes: O segredo saboroso para emagrecer com prazer! Siga @vanessa_dutrag para as melhores receitas fit todos os dias. #saúde #bemestar #emagrecimentosaudável #autocuidado #,instagram.com,https://www.instagram.com/reel/DDNaFB5yXKJ/,https://i.pinimg.com/originals/c5/ad/36/c5ad3616a38e4dbd9ab9ecbe6af08ea5.jpg,640,1136,1,2024-12-06
2026-09-05,lanche saudavel,10485011664254486,2,236,0,Wraps de Frango com Abacate e Iogurte Grego 🌯🥑,,,https://i.pinimg.com/originals/10/2d/e6/102de6379f228ee8e20b434f8b3f39a8.png,1024,1820,0,2025-01-15
2026-09-05,lanche saudavel,AVHNalein2z8K1BsC1WGTINbSlL4xkmd8HBY1nBuk2IMITC_vm2uEpTgptZVM9-2iT6Ii8-3hVcFPRf5popRWsA,3,1,0,Reach Your Healthy Weight,noom.com,https://www.noom.com/programs/health-weight/exsf01/?upv=3&sp=pinterest&utm_source=pinterest&utm_medium=paidsocial&utm_campaign=%7Bcampaignid%7D&utm_content=%7Badid%7D&gid=%7Badgroupid%7D&utm_term=%7Bkeyword_id%7D%7C%7Bkeyword%7D&step=pros&lang=en&device=%7Bdevice%7D,https://i.pinimg.com/originals/94/49/af/9449af45dee79199ecc36f58209f21b5.jpg,736,1104,0,2026-01-28
2026-09-05,lanche saudavel,1900024840228372,4,6654,0,,,,https://i.pinimg.com/originals/00/0d/5c/000d5cb936b23306d9d7a35e6679ca2a.jpg,1080,1920,0,2026-08-21
2026-09-05,lanche saudavel,125537908358101075,5,49,0,Café da manhã saudável | lanche da tarde saudável | frutas e iogurte,,,https://i.pinimg.com/originals/b7/b9/bc/b7b9bc41a2bb7489220aef026ece67e4.jpg,1080,1920,0,2026-02-06
2026-09-05,lanche saudavel,ATsEEvioZUOl3eQwuBO-dl2Em74lZXC05Ll-8nzg_qOXaS0Bclbmx9-99LfViE_OToKYjPAzr0Q6d_nnzowINM4,6,20,0,FixtureDisplays Snow Cone,wayfair.com,https://www.wayfair.com/FixtureDisplays--FixtureDisplays-Snow-Cone-Syrup-877PIT004253-L971-K~FXTU7662.html,https://i.pinimg.com/originals/f8/52/63/f852632a8806d3bbfa7915fcdbe42223.jpg,400,400,0,2026-03-25
2026-09-05,lanche saudavel,AVJLMR3ojXaALCxwJ3OQLbbKq30jwHnX6gcBUPVHO1zmfKoMjBz14_Cz3YviZNd2dgi-Qbqa-DrZ4x20opobqxM,7,1,0,"Muffins, Your Way",amazon.com,https://www.amazon.com/dp/B00OZENVLC,https://i.pinimg.com/originals/14/d5/02/14d5023e71d3346280978ad734d8dbe3.jpg,1000,1501,0,2026-08-28
2026-09-05,lanche saudavel,AWVo9Im29NLouWrtP3AjCUW0-XUDvQy19oLCKz-25RROm-UpJMzVfoxqQK2CRQ7TP6jh5K_-ePlYE0qHirWacAg,8,81,0,Make a healthy granola breakfast with fruit toppings or win over the kids with an easy yogurt parfait recipe.,target.com,https://www.target.com/items/-/ct-54483168Z78060729Z78362089Z54461559Z15013944Z54436252Z13208903Z13208899,https://i.pinimg.com/originals/be/84/1f/be841f33015c0490c385386530fed8df.jpg,600,900,0,2020-07-27
2026-09-05,lanche saudavel,1000995454671671598,9,25743,0,,,,https://i.pinimg.com/originals/71/33/b5/7133b56cb67f8da3d91612b8a9f20a9c.jpg,736,965,0,2024-08-05
2026-09-05,lanche saudavel,211174979589598,10,3249,0,(⁠◍⁠•⁠ᴗ⁠•⁠◍⁠)⁠✧,,,https://i.pinimg.com/originals/be/97/55/be975553f84cb35b785d8896093ccc61.png,765,882,0,2026-08-08
2026-09-05,lanche saudavel,835769643357829973,11,10294,0,,,,https://i.pinimg.com/originals/db/52/2f/db522ffce41a91deb7624a021d1a874d.jpg,736,913,0,2022-01-18
2026-09-05,lanche saudavel,AbI9WvMyfpvTiX4kNH7eVqdGsOUdMm7RqkvUld5RHMcKviXm4QeVXcitJ1NYU1oa7OkSMHlVn1gg_Ie_0Ausm7I,12,240,0,Yummy Zero Grams of Added,stonyfield.com,https://www.stonyfield.com/products/?family=kids,https://i.pinimg.com/originals/c0/a1/63/c0a1631be60333a3b98ec8336e0bae89.jpg,1080,1920,1,2026-03-24
2026-09-05,lanche saudavel,1477812375324161,13,52170,0,,,,https://i.pinimg.com/originals/29/8a/47/298a47d5660e958bbe1f011153f2b8c1.png,1000,1500,0,2026-05-09
2026-09-05,lanche saudavel,790522540872266108,14,419,0,Café da manhã saudável,,,https://i.pinimg.com/originals/b0/26/8a/b0268aaaf8c7b2ca52ad1cd4eff65d32.jpg,1080,1920,0,2024-02-23
2026-09-05,lanche saudavel,AY7OG0Te03kENrWfOuvo-Mm_DrbV52dU3Zcg3bYBTaMIb3qv2qAH9d-075G0d3y-WFI9K46dv4GXCcV2QGpz-Ho,15,1,0,Jamie Oliver's,uk.pinterest.com,https://uk.pinterest.com/jamieoliver/back-to-school-recipes/,https://i.pinimg.com/originals/8c/f5/68/8cf56820fa5d18a953add6ec8ea5d18b.jpg,969,1279,0,2026-08-13
2026-09-05,lanche saudavel,AR3V0lcVZA4lVWsctgPsnQVnfrs39OvkJVE0k326XTiLPAg0MPk0B5hY1VUyYNlhsdw_RqYS5u6ktJQaRmGWuEQ,16,6881,0,26 No-Cook High-Protein,athleticlift.com,https://athleticlift.com/no-cook-high-protein-lunches/,https://i.pinimg.com/originals/b7/66/11/b76611c3e18227661c2846db06b66f26.png,887,1774,0,2026-06-20
2026-09-05,lanche saudavel,AROF-f2PgZQAeoxBOTkei84nhAt9AVsCoBAHsE9pS0CogMq1TPVg9eRzkBNOfCb9KYw3XjRBzeuVj9Hmn1gwDQQ,17,1,0,No-Cook Protein Snack Box,jonesdairyfarm.com,https://www.jonesdairyfarm.com/blog/back-to-school-recipes-and-tips-that-actually-make-mornings-easier/?utm_source=pinterest&utm_medium=ad&utm_campaign=FY26_BackToSchool_Guide&utm_content=Brand&MM=panel2,https://i.pinimg.com/originals/70/f3/2a/70f32aabfb19f060267b54eed8391dde.png,1000,1500,0,2026-08-10
2026-09-05,lanche saudavel,1043357438695319472,18,2,0,"Panqueca de ovo recheada com frango e tomate + salada de repolho, cenoura e couve refogada.",,,https://i.pinimg.com/originals/c3/cb/b5/c3cbb55cfc8b4ff1b9a98f79905eee30.jpg,1086,1448,0,2026-08-15
2026-09-05,lanche saudavel,24769866696782535,19,51,0,Sanduíche de Frango com Abacate 🥪,,,https://i.pinimg.com/originals/5c/6c/b5/5c6cb5557d95447b3a514b1dba211268.png,1080,1919,0,2026-03-20
2026-09-05,lanche saudavel,1548181186522027,20,1669,0,,,,https://i.pinimg.com/originals/84/bf/20/84bf2032b80b7945135b1c58946013ed.jpg,2268,4032,0,2026-02-11
2026-09-05,lanche saudavel,AR4FEozXWzPBmU6IKgLXjkD8VwDEqZYD8zfSO6kdW8ZkIUgPSrdh0qRRrztJF4vDXGsT0Q4aAcIE5Hegk4NBc9I,21,1,0,Grilled Shrimp Skewers,challengedairy.com,https://challengedairy.com/recipes/fish-and-seafood/grilled-shrimp-skewers-with-garlic-parmesan-butter/2026-challenge-pinterest-awareness-interests-1556&utm_source=pinterest&utm_medium=banner&utm_content=GrilledShrimpSkewerswithGarlicParmesanButter-NoProduct,https://i.pinimg.com/originals/b3/c7/03/b3c7037db33db1cad2d93083bebfae00.png,1080,1920,0,2026-07-30
2026-09-05,lanche saudavel,Af9rw8RKuuipLuralOqGDG06l38ds2sW1dZ0Gf7AiKMPlMEcWM9Ty_0FeWZ2yEnVsTTBLI42z9d5WkrbbDysnfw,22,97,0,14 Easy Lunch Ideas to,stroller-envy.com,https://stroller-envy.com/14-easy-lunch-ideas-that-arent-the-same-turkey-sandwich-again/,https://i.pinimg.com/originals/67/79/8a/67798a850c08a8e95d1f4c207123055d.png,1728,2592,0,2026-06-13
2026-09-05,lanche saudavel,AQiv6SzHuN7MuKmob-SOHCE65AUOlBCK9AUlCg7g_xyQv8za9rH_xg96ld828aQm8sdQFSLU88vzzO7Y4YxQJq4,23,1,0,50 Salades Repas Healthy:,amazon.com,https://www.amazon.com/Salades-Repas-Healthy-seulement-ingr%C3%A9dients/dp/B0H98ZQQ93/ref=asc_df_B0H98ZQQ93?hvdev=%7Bdevice%7D&hvcampaign=%7Bcampaignid%7D&hvadgroupid=%7Badgroupid%7D&hvprdptid=%7Bproduct_partition_id%7D&hvprdgrpid=%7Bpromoted_product_group_id%7D&hvcr=%7Bcreative_id%7D&hvadid=%7Badid%7D&hvprdid=%7Bproduct_id%7D&hvplc=%7Bplacement%7D&psc=1&tag=%7Bifnotmobile:ushpadpinde-20%7D%7Bifmo,https://i.pinimg.com/originals/9d/3e/45/9d3e45fbdef6f3e9c01194beff6dd67a.jpg,1000,1499,0,2026-07-22
2026-09-05,lanche saudavel,6262886974976918,24,3943,0,Café da manhã,instagram.com,https://instagram.com/bru.receitasfit?igshid=YmMyMTA2M2Y=,https://i.pinimg.com/originals/fc/aa/d0/fcaad0244c1e7144cdc53eaaede1f606.jpg,564,1002,0,2023-06-30
2026-09-05,lanche saudavel,315814992632801190,25,621,0,"Muffin de queijo, tomate e manjericão é fácil de fazer e ótima opção de lanche da tarde",guiadasemana.com.br,https://www.guiadasemana.com.br/stories/67871/receita-muffin-de-queijo-tomate-e-manjericao,https://i.pinimg.com/originals/0e/f7/76/0ef7766b3075742b8f30ff275fba26be.jpg,720,1280,0,2022-07-08
2026-09-05,lanche saudavel,593490057190851709,26,145,0,,,,https://i.pinimg.com/originals/02/7a/38/027a38ac011a8a93e551665dcb7fd69e.png,1086,1448,0,2026-08-26
2026-09-05,lanche saudavel,4855512093959374,27,1151,0,"Opção de lanche saudável com iogurte natural Danone, duas maçãs e granola",,,https://i.pinimg.com/originals/87/76/94/8776944dbd6a2d023a23a54beac3fb85.jpg,1080,1920,0,2024-10-05
2026-09-05,lanche saudavel,AatkHCKqAOZalmvmUdTJgT2-l2MqlwYaleIPEFp5-Ii88smkhu5ZEvMZtvfaU1stti5k8INXam3a81Gi5tVpJ7E,28,0,0,Summer Brunch,cabotcreamery.com,https://cabotcreamery.com/blogs/recipes/eggs-in-red-peppers,https://i.pinimg.com/originals/ec/4f/76/ec4f76e30cd58c81eeea7256ee649f8e.jpg,1080,1920,1,2026-07-20
2026-09-05,lanche saudavel,474074298299504519,29,47,0,,,,https://i.pinimg.com/originals/7d/5e/25/7d5e25bca094d1b8e185ae7754537f63.jpg,1200,2133,0,2026-08-26
2026-09-05,lanche saudavel,413627547052523160,30,73,0,,,,https://i.pinimg.com/originals/08/ff/fe/08fffe8ecf8fedb9dd54f1ff9792c589.webp,1080,1920,0,2026-08-21
2026-09-05,lanche saudavel,AVVdGtXEauPOVfK3TDGktlxGxXU3VlWBjPHiwGo5SytaXiPHqR_M2bD3GaqM_F8mg6mTYU9FxM-nwC7OSm9tueo,31,1,0,Check GoodRx,goodrx.com,https://www.goodrx.com/well-being/diet-nutrition/gluten-free-grains,https://i.pinimg.com/originals/71/00/4a/71004a36cdf0c58a0fd4ea331fcf9ba6.jpg,736,1308,0,2026-07-23
2026-09-05,lanche saudavel,924012048570849971,32,1337,0,,,,https://i.pinimg.com/originals/bc/9a/e6/bc9ae6293dd591f797f8f46b4b133b23.jpg,680,1024,0,2024-07-08
2026-09-05,lanche saudavel,1102185708796290022,33,53,0,8 recetas fáciles y ligeras para almorzar - Adelgazar en casa,inshape.blog,https://inshape.blog/category/healthy-food?fN4sR3vEz,https://i.pinimg.com/originals/ca/da/ee/cadaee91f8f0d2ee7bfbcf56550c8747.jpg,564,704,0,2024-04-01
2026-09-05,lanche saudavel,1144055111615257809,34,204,0,"Clean eating is all about enjoying whole, natural foods that nourish your body, and a buffalo chicken wrap can fit right into this lifestyle with a few simple tweaks. Imagine a wrap filled with spicy,",,,https://i.pinimg.com/originals/c4/02/bd/c402bdf02b68bcb882b9f30bb5a6da5c.jpg,736,920,0,2026-04-05
2026-09-05,lanche saudavel,1103522714946800860,35,4720,0,,,,https://i.pinimg.com/originals/0b/57/aa/0b57aa44bf44ca82197b8c9ec502c5a2.jpg,735,985,0,2025-03-18
2026-09-05,lanche saudavel,7740630607035307,36,925,0,Café da manhã,,,https://i.pinimg.com/originals/d0/54/00/d05400bfab0265aaddfa8c4d86cede1b.jpg,2250,4000,0,2026-07-23
2026-09-05,lanche saudavel,578923727123692264,37,239,0,,panelinhadesabores.blogspot.com,https://panelinhadesabores.blogspot.com/2023/07/salada-de-atum-nutritiva.html?m=1,https://i.pinimg.com/originals/71/c6/16/71c6168f206cf422f7a49838d7ef150e.jpg,3024,4032,0,2023-10-06
2026-09-05,lanche saudavel,AVqv0G3ILbI2HAlBD9aTvMQAOQAZm_jNcPxwmzUAKVOXOkfsn-0HqBGTCTy72VCt0zvsdn4fWS-3dtBWjlQZP8U,38,194,0,An Easy Recipe for Fig +,californiagrown.org,https://californiagrown.org/recipes/stuffed-sweet-potato/,https://i.pinimg.com/originals/57/89/2b/57892bac050b2189ac77a981d626a3b4.jpg,1000,1777,0,2026-07-30
2026-09-05,lanche saudavel,AeFa96FvjFxlf3ggw-0EE8Ceri7wtgei0KTkd3T9Y1K0pD8PX2Ss8925QneHI11XNnVJiFEmcGGKhtobZ6Ao_V0,39,2,0,Strawberries & Chocolate,hamiltonbeach.com,https://hamiltonbeach.com/strawberries-and-chocolate-hazelnut-stuffed-french-toast,https://i.pinimg.com/originals/b3/52/d4/b352d42af78aa5865bab9080c6d320d3.jpg,1000,1500,0,2026-01-21
2026-09-05,lanche saudavel,157555686958789554,40,407,0,,,,https://i.pinimg.com/originals/e0/75/fb/e075fb2d4ab4691c12c7958dd8b7c2d6.jpg,736,981,0,2023-09-21
2026-09-05,lanche saudavel,AWg2dh7OnWbmzJdzi2UKmpY0l1IUbwNUyjfYncFW9KHaeCXQGFOrmjiIlP7OVsipL4I5GXJ96PSArEHnq3NIZOI,41,2,0,The Happy Lunch Box,amazon.com,https://www.amazon.com/Happy-Lunch-Box-Johnson-143/dp/B0GCM1W5CV/ref=asc_df_B0GCM1W5CV?hvdev=%7Bdevice%7D&hvcampaign=%7Bcampaignid%7D&hvadgroupid=%7Badgroupid%7D&hvprdptid=%7Bproduct_partition_id%7D&hvprdgrpid=%7Bpromoted_product_group_id%7D&hvcr=%7Bcreative_id%7D&hvadid=%7Badid%7D&hvprdid=%7Bproduct_id%7D&hvplc=%7Bplacement%7D&psc=1&tag=%7Bifnotmobile:ushpadpinde-20%7D%7Bifmobile:ushpadpinsp-20%7,https://i.pinimg.com/originals/d9/4b/ba/d94bba15b43be793344c32b58726aa81.jpg,1000,1499,0,2026-07-08
2026-09-05,lanche saudavel,1063623637038183438,42,54,0,,,,https://i.pinimg.com/originals/4a/98/f1/4a98f14d4db67ad5cba178fbb71613aa.jpg,736,965,0,2025-07-31
2026-09-05,lanche saudavel,81275968272297876,43,658,0,,,,https://i.pinimg.com/originals/18/1f/d2/181fd234d2bc0586e24fbc2030ad0a21.jpg,736,1308,0,2026-06-14
2026-09-05,lanche saudavel,AUTjPXjW4Eer2CvaBEMpn2i0gBUu7_r3ACh58-hMpXFSodWDwCXPcSNH9K0VOFrtqK3MjxmBHwAQ8OTVKzXtxA4,44,1,0,The Easiest Way to Eat,eat.hungryroot.com,https://eat.hungryroot.com/oct-2025-different-30/?utm_source=pinads-sub&utm_medium=cpc&utm_campaign=ACQ-Pin-S114_P+&utm_content=PNEW1089&wm_source=pinterest&wm_medium=ads&wm_ad_id=%7Badid%7D,https://i.pinimg.com/originals/5f/3d/bf/5f3dbf58a190f31863e87de73a1ff997.jpg,1080,1920,1,2026-08-27
2026-09-05,lanche saudavel,AYDdIpccI-K1P-_UJ797NaPaQ1FIprgzPEqnPN1f7BZy141x1zi7J3aeCqn4YP7F7ce4bZjbIOGNB_tYD_AHQvY,45,205,0,Shrimp Ceviche Lettuce,purewesson.com,https://www.purewesson.com/recipe/spicy-shrimp-ceviche-lettuce-wraps/,https://i.pinimg.com/originals/1e/b0/9a/1eb09a533af5eea0c99e98c4822c2cf1.png,1000,1500,0,2026-07-30
2026-09-05,lanche saudavel,16395986140842324,46,4327,0,,,,https://i.pinimg.com/originals/09/4d/d1/094dd18bed4613fd7d29d19a3b723b37.jpg,676,1200,0,2025-12-09
2026-09-05,lanche saudavel,1050816525525157669,47,660,0,,,,https://i.pinimg.com/originals/8f/f6/7a/8ff67a0ff145e8c71d1bd89f05201222.jpg,736,920,0,2021-07-08
2026-09-05,lanche saudavel,1112178070510483493,48,9,0,Pancakes 🥞,,,https://i.pinimg.com/originals/43/77/ba/4377bac26f21f24ff550eef08173bb30.jpg,736,981,0,2026-08-20
2026-09-05,lanche saudavel,1118792732413579561,49,144,0,"𝓘𝓷𝓯𝓵𝓾𝓮𝓷𝓬𝓮𝓻 𝓕𝓲𝓽 on Instagram: “Boa tarde, gente! ⁣ ⁣ ✔️ Banana com canela e morangos. ⁣ ⁣ Lanche rápido e saudável para matar aquela fome da tarde. ⁣ ⁣ Se está sem ideia…”",instagram.com,https://www.instagram.com/p/CE99QxJnhhB/?igshid=af9wzijr6lum,https://i.pinimg.com/originals/32/95/cc/3295ccac24bc28c2ff819aa8dbbbb5c1.jpg,1080,1349,0,2023-07-07
2026-09-05,lanche saudavel,790522540878202771,50,718,0,Lanche saudável prático e rápido || iogurte com granola,,,https://i.pinimg.com/originals/96/79/d2/9679d29363dd3dd3b01386cae0912808.jpg,1080,1920,0,2024-11-25
2026-09-05,lanche saudavel,14003448838506589,51,1687,0,,,,https://i.pinimg.com/originals/f5/17/b0/f517b0e4cde2c5869475ec455f216553.jpg,1080,1920,0,2026-06-04
2026-09-05,lanche saudavel,AZMPA0UXFLZC5B0ZjfU7LPtqvHSJoAnKA63CCX-shvrBH1FNSMlNPL6SrTkrYJmUgq3SMWh6YFiBTTgT6BN-pUs,51,1,0,Hillshire Reserve™ Lunch,shop.mikmak.ai,https://shop.mikmak.ai/social/6a394a3a3b29ed6f193e389e?utm_campaign=hillshirefarm-premiumlunchmeat-plm-fy26-q4-us&utm_source=social-pi-na&utm_medium=reach&utm_term=nonb&utm_content=serve-static-dynamic,https://i.pinimg.com/originals/b3/f4/3c/b3f43cc0ef09c5868e1b50132151b25b.jpg,1000,1500,0,2026-08-25
2026-09-05,lanche saudavel,5911043262162509,52,474,0,"café da manhã , saudável.",,,https://i.pinimg.com/originals/1e/04/0c/1e040cba482d8e55d9d3fbe97c2dfbb4.jpg,2250,3075,0,2025-11-20
2026-09-05,lanche saudavel,AZrcJOREYR1r7oqEBbzQUto2ddPQ8x0j3f3xb1QckvUiJhKY4TblmqNfaZnege7Eetj-zZToP3FAyQBUam0gMBo,53,1,0,"Quick, simple, delicious Butter Chicken is just two steps away with New Campbell’s® Sauces",shop.mikmak.ai,https://shop.mikmak.ai/social/6a2057793ef48977baef033b?utm_source=pinterest&utm_medium=paid_social&utm_campaign=sauce_innovation_foundational&utm_term=ad25+_meal_planning&utm_content=final_butter_chicken_dish&utm_placement=in_feed&utm_marketing_tactic=awareness&utm_format=static,https://i.pinimg.com/originals/e1/45/a6/e145a633edef8441accfb85ccc7fead7.png,1080,1620,0,2026-08-27
2026-09-05,lanche saudavel,5488830792598554,54,1315,0,Lanche 🥝🍒,,,https://i.pinimg.com/originals/11/29/d2/1129d23a954889dae67159f1b90a4298.jpg,1080,1920,0,2025-10-05
2026-09-05,lanche saudavel,11047961583277699,55,1670,0,,,,https://i.pinimg.com/originals/8d/79/64/8d79644bbf4f0a74bfc3242b608c35d6.jpg,655,1200,0,2026-08-21
2026-09-05,lanche saudavel,405675878944258951,56,2474,0,,,,https://i.pinimg.com/originals/cc/95/ed/cc95ed98d8eedf01dde38a58af2a9805.jpg,750,1124,0,2021-08-19
2026-09-05,lanche saudavel,AQOlJtC14tf_JtnhJbCt123NdY5Xlo1hCwxErLJJEI5Rj6z8jxybg26SbzMJ7yGVS5dULE6gW_YhSXc9_YMGbgg,57,1,0,Is REESE'S why so many,amazon.com,https://www.amazon.com/stores/page/C742F08D-F14A-4B88-8C82-09911045292F?channel=pinterest-paidsocial,https://i.pinimg.com/originals/cc/8b/94/cc8b94a80d8d4d7b30115e5e17b68b4e.jpg,1000,1500,0,2026-07-31
2026-09-05,lanche saudavel,736479345369711470,58,172,0,"Sugestões de Pratos Saudáveis: 5 ideias simples e equilibradas para quem quer emagrecer, melhorar a alimentação saudável e manter a constância sem dietas restritivas 🍽️✨ SUGESTÕES DE PRATOS SAUDÁVEIS ",instagram.com,https://www.instagram.com/p/DZoE7mEmrJz/?img_index=2,https://i.pinimg.com/originals/ca/86/7a/ca867a43f714b63f03ac2f0879dc9072.jpg,1080,1350,0,2026-07-25
2026-09-05,lanche saudavel,AcI_8FQ-v0-2OHkfoq7TmWTbwvSNWgA4TzB-CqdRD7of7qmjdnN-oaVnXb7piHC1AjD5U3HUKxCUBAWjKSy8hgQ,59,0,0,The Snack That Smiles,goldfishsmiles.com,https://www.goldfishsmiles.com/crackers/cheddar-cheese-crackers?utm_medium=Paid%20Social&utm_source=Pinterest%20&utm_campaign=Equity&utm_term=Martha%20Dove%20BTS%20Influencer_9x16%20/%20mp4,https://i.pinimg.com/originals/a1/9b/42/a19b42799d97ce8d1a079bf3ff5c28cc.jpg,1080,1920,1,2026-07-23
2026-09-05,lanche saudavel,AehS6JH3TJJgO-kfBhLLelb4YGMGX69bkDtyiWxLWaxwxE6q_2e6J_KvkktYGR-xvQwB9NvpC-Su77X3-z6AXF0,60,52,0,Full on tasty breakfast,lets.shop,https://lets.shop/1E96/noosa_8oz_paidmedia/,https://i.pinimg.com/originals/d1/78/4f/d1784f2a93064f086865d699997cda3f.jpg,400,600,0,2024-04-26
2026-09-05,lanche saudavel,AfOFphjcLOUunLo36J-Kix638QDt90O_Vr7XqHJeYh7VBMKbreliNG1jKI_LmVl3vk79KATWEfErVcE_4scBis8,61,1,0,Star Toast with Organic,click2cart.com,https://click2cart.com/3104000w?utm_source=pinterest&utm_medium=paidsocial&utm_campaign=organic&utm_content=carousel_-_multiple_frames_-_limited_placement_typesstartoasthealthyorganic2x3,https://i.pinimg.com/originals/f0/e3/81/f0e381092b89222cf6ab3b24250c3ff5.jpg,1000,1500,0,2025-12-18
2026-09-05,lanche saudavel,576953402312949385,62,18,0,3 Toast Sani e Proteici per una Colazione Facile e Gustosa 🍳🥑🍄,perditadipeso479.blogspot.com,https://perditadipeso479.blogspot.com/,https://i.pinimg.com/originals/74/dd/42/74dd42d39ebc3e2c7b08ecb4a1dd0b4d.jpg,1000,1500,0,2026-08-26
2026-09-05,lanche saudavel,Ae15uSDYCKEWyaHtFlDLROfOkU9w20CWDHmb1D0-ixZOKf-mOXFTqByCJemzXzZNRaC9BI_yx6yCRw6ozuSAAS4,63,1,0,Sesame Wheat Bread made,kingarthurbaking.com,https://www.kingarthurbaking.com/recipes/sesame-wheat-recipe?utm_source=social&utm_medium=pinterest&utm_campaign=fy27fallwholegrains,https://i.pinimg.com/originals/d4/53/5f/d4535f4c2b3374a924f9747aafcd5657.jpg,1080,1080,0,2026-08-20
2026-09-05,lanche saudavel,914862422490031,64,4124,0,,,,https://i.pinimg.com/originals/55/33/30/5533304ae8454a110b2f9913b3ebcdf1.jpg,1320,2483,0,2026-08-25
2026-09-05,lanche saudavel,AR-YUcqQKJnkSYUmJMMu1w5bhhDwoIdY9NGgLHiS6ss0pWbQbGdMI1dWeS8Not-ai9ozZ034xUZExcIDsiFo0Ek,65,1,0,The worst missteak you,challengedairy.com,https://challengedairy.com/products/?utm_campaign=2026-seasonal-pinterest-awareness-all-na-1548&utm_source=pinterest&utm_medium=paid-social&utm_content=q3-GrilledRibeyeCharredScallionButter-video-v6of6,https://i.pinimg.com/originals/e2/31/ba/e231ba04eddcb4e5a512ce81e78eb430.png,6000,10667,0,2026-07-07
2026-09-05,lanche saudavel,ARV7rh1cuSZR-0O4dKnW1vjUTnNTAOghuHOtjaFkvsdY9gSDnX1E1-P85mH2OdbkokvRWPQ4cVn3gSOCYFhe3f4,66,1,0,The Easiest Way to Eat,eat.hungryroot.com,https://eat.hungryroot.com/oct-2025-different-30/?utm_source=pinads-sub&utm_medium=cpc&utm_campaign=ACQ-Pin-S114_P+&utm_content=PNEW1083&wm_source=pinterest&wm_medium=ads&wm_ad_id=%7Badid%7D,https://i.pinimg.com/originals/ad/e6/ca/ade6ca5bae13292fc58185f3e4962043.png,1000,1500,0,2026-08-21
2026-09-05,lanche saudavel,17029304837937583,67,405,0,Meus lanches preferidos para substituir o jantar 🍽️ 🧡 Hambúrguer saudável e Rap 10 🤌🏻,instagram.com,https://www.instagram.com/p/DFXtgYtO99s/?img_index=2,https://i.pinimg.com/originals/91/39/ff/9139ff38bc7ece52c8ab22da59449166.jpg,1440,1799,0,2025-05-13
2026-09-05,lanche saudavel,26599454046673723,68,234,0,,,,https://i.pinimg.com/originals/55/66/47/556647e8cc27ebd0a7544543f53005da.png,1086,1448,0,2026-08-03
2026-09-05,lanche saudavel,AXUCyLt5YCglKfTKxYmlZRTMQ7bwFuN5JHf2wm6DM2djqXN_dEvvIy2KCqMppiLwbHu8UqtOJKe1xo3XDGHAZ3Q,69,37,0,Purple Sweet Potato,californiagrown.org,https://californiagrown.org/recipes/sweet-potato-waffles/,https://i.pinimg.com/originals/d9/9b/f1/d99bf1875a2e390538ca97005c2949d4.jpg,670,1005,0,2026-07-30
2026-09-05,lanche saudavel,1083960204089708451,70,1,0,14 Inspirações Saudáveis para Renovar Seu Lanche,,,https://i.pinimg.com/originals/7c/b6/c8/7cb6c8f4906b2e48557c854dbc6bcf7b.webp,1080,1920,0,2026-06-28
2026-09-05,lanche saudavel,ARb9mKIt3G9FZasPgNncujQ42Ewr7S72Fy5QH-o0pFxJXGY-pa3NU4W4cndR0AWz9hldBz1Wy_yWzoW7I0w-Tdk,71,5,0,Pousada Alto da Vila,hotels.com,https://www.hotels.com/Hotel-Search?destination=Fernando+de+Noronha&selected=39342942&startDate=2026-05-20&endDate=2026-05-21,https://i.pinimg.com/originals/81/0e/d9/810ed9db072b5e122188434b040ab6a6.jpg,1000,666,0,2026-04-09
2026-09-05,lanche saudavel,ARnOqAQsWaoRkU-1EZ1nci6j6mboIOQLXpzOUBN7oww8LNFfpbjkvxx94G3qfkIFiPVRy3tPrCpei12ANrrUujM,72,2,0,Set of 1 Lunch Container,homedepot.com,https://www.homedepot.com/p/Wudkey-Playful-Green-Dinosaur-Reusable-Lunch-Bag-Set-of-1-4-Compartment-Leak-Proof-Bento-Box-BPA-Free-Lunch-Container-BF2X39-4/341058907?cm_mmc=psoc-pinprg-%7Bcampaignid%7D-%7Badgroupid%7D,https://i.pinimg.com/originals/0b/3b/4b/0b3b4b0ff47f4ec1f6101d81f9b4e9c4.jpg,1000,1000,0,2026-02-06
2026-09-05,lanche saudavel,AaVVBw1QjJ3kONAQtGjtPqyDHrud86SxIuJ-w6A8FnIzhFeNfa9qK3EGJNHa5rmCaSrCh4qWfF_IkfCvJU65AiA,73,4,0,Baanphet Sukphrom Wang,expedia.com,https://www.expedia.com/Hotel-Search?destination=Wang+Nam+Khiao&selected=126970487&startDate=2026-09-06&endDate=2026-09-07,https://i.pinimg.com/originals/59/2d/47/592d47aad8787490c7270af9f1a91a71.jpg,1000,1500,0,2026-06-10
2026-09-05,lanche saudavel,422281212444317,74,5907,0,,,,https://i.pinimg.com/originals/6f/0c/19/6f0c195998ed4afb0dd13a6759ec6208.jpg,1284,2282,0,2026-01-27
2026-09-05,lanche saudavel,2533343539395475,75,9767,0,,,,https://i.pinimg.com/originals/2d/63/8b/2d638ba274b00b99068c37087cf277c2.jpg,736,1104,0,2026-08-25
2026-09-05,bolo caseiro simples,1103663452446059612,1,410,0,"Bolo fofo de Requeijão fácil 😋💖😋💖 ✅️ Ingredientes: 3 ovos 1 copo de requeijão (250g) 2 xícaras de chá de açucar 1/2 xícara de chá de óleo 1 pacote de coco ralado (100gr) – usei uns 50 gramas, porque e",instagram.com,https://www.instagram.com/p/DL2i6Fix7C4/,https://i.pinimg.com/originals/08/c2/12/08c212e81507f92696885e8f8bfcc11b.jpg,1080,1350,0,2025-07-09
2026-09-05,bolo caseiro simples,AW5WK_psIZ39-sNNG6AXd3AodkwRmv4uWAUFwY4_qKHwWOxDfUw3fJLqp3oR3nS47Xe-peLhjILTfAej7ao-oQI,2,0,0,Chocolate Cake with,ediblearrangements.com,https://www.ediblearrangements.com/fruit-gifts/chocolate-cake-with-dipped-strawberries,https://i.pinimg.com/originals/86/75/cc/8675cc86cf64bd56de5c5080ce3cd0e6.jpg,1248,1824,0,2026-08-07
2026-09-05,bolo caseiro simples,12525705209393449,3,1107,0,,,,https://i.pinimg.com/originals/13/c2/65/13c265c9b48fced6f8b27f7564ad45d3.jpg,736,1308,0,2026-03-18
2026-09-05,bolo caseiro simples,691935930279481082,4,503,0,Bolo Mesclado PERFEITO,youtu.be,https://youtu.be/Sacehl-WIf4,https://i.pinimg.com/originals/01/89/33/0189334e9f877711dba573800c85daf4.jpg,800,1200,0,2024-07-06
2026-09-05,bolo caseiro simples,AbTZ1fmi8eaudlIo5QhbmU-XcCaYg1Ky2opAUiZL0diR6rf6EdUUTnaRa0NpUgujYQ5DBMFkzzjJA1e6Ogx13YY,5,106,0,An Easy Cake Recipe for,thismessisours.com,https://thismessisours.com/easy-cake-recipe/?referrer=slick-on-page,https://i.pinimg.com/originals/6f/4c/32/6f4c320d50dc345e5075724ab6101f42.jpg,1200,1800,0,2026-08-17
2026-09-05,bolo caseiro simples,Af7gqYqgaDsvTaJ7kQmulnnuBQ9mm7HPN1d0V8xn3YOQ4Ke2g39IBcs1KTyGhYBzTxAP-jZ607RKxdN_1yGvjmY,6,8,0,Edgar's Bakery - Fall,goldbelly.com,https://www.goldbelly.com/restaurants/edgars-bakery/fall-crescent-flower-cake,https://i.pinimg.com/originals/b1/75/df/b175df7dd26b8ae7cb61b950060b408a.jpg,1200,1200,0,2026-08-20
2026-09-05,bolo caseiro simples,1103663452446059613,7,225,0,Bolinho Fofinho de Trigo 🎂😋 📝 Ingredientes 3 ovos (gemas e claras separadas) 1 xícara (chá) de leite 1 xícara (chá) de açúcar (240 ml) 2 xícaras (chá) de farinha de trigo peneirada 4 colheres (sopa) d,instagram.com,https://www.instagram.com/p/DL3Qhxppn69/,https://i.pinimg.com/originals/d3/5b/79/d35b795d5a45a20d59106eddd26645fe.jpg,1080,1350,0,2025-07-09
2026-09-05,bolo caseiro simples,AYIh8foTP8MR2dlQ5z8XwTgxk-HfGx09FPoaZ8mFYf42N0wrCWTRdkeg9HCgZUNiad6_xIw7qnHXaMU6f4LOXzM,8,1221,0,The Great Pumpkin Bundt,kingarthurbaking.com,https://www.kingarthurbaking.com/recipes/the-great-pumpkin-bundt-cake-recipe?utm_source=pinterest&utm_medium=paid-social&utm_campaign=recipe&utm_content=pin,https://i.pinimg.com/originals/1e/9c/0d/1e9c0d132fd25cb1ca2c49964fcbd5ee.jpg,1000,2000,0,2026-08-17
2026-09-05,bolo caseiro simples,1095782153114360702,9,8,0,Bolo Formigueiro,go.hotmart.com,https://go.hotmart.com/G106901957S?dp=1,https://i.pinimg.com/originals/e4/e8/00/e4e800aacb19daf2f72cd4b6762bf742.webp,1632,2176,0,2026-07-27
2026-09-05,bolo caseiro simples,Ae97Zg2bTlsYANxmjRXaPBwRlTKXnwaUJA01KfF_UPKsNRXrN4ifZWjrDdSOtnPM0gUQWDor5aG343lhCHJ7Q3g,10,2,0,50 Recetas de Pasteles,amazon.com,https://www.amazon.com/Recetas-Pasteles-Caseros-deliciosos-disfrutar/dp/B0GLN3JLYQ/ref=asc_df_B0GLN3JLYQ?hvdev=%7Bdevice%7D&hvcampaign=%7Bcampaignid%7D&hvadgroupid=%7Badgroupid%7D&hvprdptid=%7Bproduct_partition_id%7D&hvprdgrpid=%7Bpromoted_product_group_id%7D&hvcr=%7Bcreative_id%7D&hvadid=%7Badid%7D&hvprdid=%7Bproduct_id%7D&hvplc=%7Bplacement%7D&psc=1&tag=%7Bifnotmobile:ushpadpinde-20%7D%7Bifmobil,https://i.pinimg.com/originals/1e/5e/ca/1e5eca2dbce4fd7b86dd99debbf935ba.jpg,1000,1293,0,2026-03-03
2026-09-05,bolo caseiro simples,ATifgy1Jvt7EWPPSKmWcQPfuxqwvn9bDv9J17P6c-68VFUmewMsiBqhqFs1aO_JGeotCghXU2Gzcf_qw0LStvPE,11,1,0,Cocina Pastelería y,amazon.com,https://www.amazon.com/Cocina-Pasteler%C3%ADa-Reposter%C3%ADa-Recetas-Cupcakes/dp/B08NWQZR1Z/ref=asc_df_B08NWQZR1Z?hvdev=%7Bdevice%7D&hvcampaign=%7Bcampaignid%7D&hvadgroupid=%7Badgroupid%7D&hvprdptid=%7Bproduct_partition_id%7D&hvprdgrpid=%7Bpromoted_product_group_id%7D&hvcr=%7Bcreative_id%7D&hvadid=%7Badid%7D&hvprdid=%7Bproduct_id%7D&hvplc=%7Bplacement%7D&psc=1&tag=%7Bifnotmobile:ushpadpinde-20%7D,https://i.pinimg.com/originals/37/dd/93/37dd9328242a0121d1952b66165a7036.jpg,1000,1500,0,2025-10-20
2026-09-05,bolo caseiro simples,AYmJeM-ilvgDHb5erx5MucuvWS_dmUl6DIJDaQ-kDIFy1yXK2UTUam9DjPIf5U7xHsoHPwtpZe3rfAAJHFOGHxY,12,2,0,RECEITA_DOCE_BOLO | Moderno e Único,s.shopee.com.br,https://s.shopee.com.br/2VnPVYROJl?pp=1&channel_type=pinterest,https://i.pinimg.com/originals/38/45/33/384533c92774e4ca754bbc6c07e605c2.jpg,736,1103,0,2026-08-07
2026-09-05,bolo caseiro simples,ARZbY98fx-adY3n-PpxkRNkXJ8NYA9KdRiI8rHOvTSCyD8lRxVWrtvJbq0_HeHFBIcDGwz5hn_puBf7QgRxri3o,13,1,0,Every Birthday Deserves A,nothingbundtcakes.com,https://www.nothingbundtcakes.com/occasions/birthdays/?utm_source=pinterest&utm_medium=paidsocial&utm_campaign=purchasedynamic&ad_id=%7Badid%7D,https://i.pinimg.com/originals/c8/4b/47/c84b47e848e0d6b186ee7aa1622b1031.png,1000,1500,0,2026-08-19
2026-09-05,bolo caseiro simples,26599454045828679,14,112,0,Bolo Formigueiro Fofinho — Receita Fácil,m.youtube.com,https://m.youtube.com/shorts/OoZTpSiDo8Y,https://i.pinimg.com/originals/83/d4/5d/83d45d1fc0d341b1a592fa31db03d795.jpg,405,720,0,2025-11-07
2026-09-05,bolo caseiro simples,AYRWAFLUxIGPuGQXiNAOrpYmxxWVK2Fuq2n4BGjj4tD62uM3K0IUzhQvCKWknyHv-rpbKIqTP64IKzbYQMzIQ94,15,4732,0,The Best Carrot Cake,northcoast.organic,https://www.northcoast.organic/carrot-cake-recipe/,https://i.pinimg.com/originals/ad/99/40/ad99404fd7a93d756b95d1782c94ef56.png,1000,1500,0,2024-09-03
2026-09-05,bolo caseiro simples,674484481674932410,16,214,0,Bolo de cenoura de liquidificador: aprenda a receita em 3 passos,gazetadopovo.com.br,https://www.gazetadopovo.com.br/bomgourmet/bolo-de-cenoura-de-liquidificador/,https://i.pinimg.com/originals/5c/57/55/5c57556c735d58a6fa2c31a8e2618f4e.jpg,670,991,0,2019-06-18
2026-09-05,bolo caseiro simples,507429083038299043,17,34,0,Bolo Caseiro | passo a passo,pin.it,https://pin.it/3cN3MxTwS,https://i.pinimg.com/originals/38/21/04/38210497e4dddbb78b73b2049081729d.jpg,1080,1356,0,2026-08-04
2026-09-05,bolo caseiro simples,72690981482623695,18,65,0,Bolo de Leite Fofinho 📝 Ingredientes • 3 ovos • 1 xícara de açúcar • 2 xícaras de farinha de trigo • 1 xícara de leite • 3 colheres de sopa de óleo • 1 colher de sopa de fermento em pó 👩‍🍳 Modo de pre,instagram.com,https://www.instagram.com/p/DV420gZjWnw/,https://i.pinimg.com/originals/3f/cd/91/3fcd91a791879dd188c61ae0d191c777.jpg,1080,1440,0,2026-08-15
2026-09-05,bolo caseiro simples,ATHXKPmf2Ouaq-YAKrmLclZ43Toz79g4S5pPdtpvTyapvs0D0joO9UdNnqOXpZnxkUeX-C_Wbmy_eDFNp2q9shA,19,1,0,Loaf Cake Recipes: Easy,amazon.com,https://www.amazon.com/Loaf-Cake-Recipes-Easy/dp/B0DRNSPNN9/ref=asc_df_B0DRNSPNN9?hvdev=%7Bdevice%7D&hvcampaign=%7Bcampaignid%7D&hvadgroupid=%7Badgroupid%7D&hvprdptid=%7Bproduct_partition_id%7D&hvprdgrpid=%7Bpromoted_product_group_id%7D&hvcr=%7Bcreative_id%7D&hvadid=%7Badid%7D&hvprdid=%7Bproduct_id%7D&hvplc=%7Bplacement%7D&psc=1&tag=%7Bifnotmobile:ushpadpinde-20%7D%7Bifmobile:ushpadpinsp-20%7D,https://i.pinimg.com/originals/b9/05/78/b90578715c0846c3771a29b3aa010885.jpg,1000,1430,0,2025-10-20
2026-09-05,bolo caseiro simples,656258976997602205,20,15,0,BOLO 6 INGREDIENTES DE LIQUIDIFICADOR 🍰,,,https://i.pinimg.com/originals/6d/f0/59/6df0593baee9f300672f52a3345fd769.jpg,1536,1920,0,2026-06-12
2026-09-05,bolo caseiro simples,AcFC-ZL92VQxRLZKCWV3GaqXICj-yZ7gx0vfZbkZsobqzkLT9wC5cB5cqY3XY4MCN3eqMSCnxfNVfXjaDbflmoQ,21,111,0,Pound Cake Perfection: 98,amazon.com,https://www.amazon.com/Pound-Cake-Perfection-Simple-Recipes/dp/B0CM31X3HH/ref=asc_df_B0CM31X3HH?hvdev=%7Bdevice%7D&hvcampaign=%7Bcampaignid%7D&hvadgroupid=%7Badgroupid%7D&hvprdptid=%7Bproduct_partition_id%7D&hvprdgrpid=%7Bpromoted_product_group_id%7D&hvcr=%7Bcreative_id%7D&hvadid=%7Badid%7D&hvprdid=%7Bproduct_id%7D&hvplc=%7Bplacement%7D&psc=1&tag=%7Bifnotmobile:ushpadpinde-20%7D%7Bifmobile:ushpadp,https://i.pinimg.com/originals/6b/88/1e/6b881e7128c7dae4c67da9634cffa45e.jpg,1000,1499,0,2026-05-13
2026-09-05,bolo caseiro simples,741334788702009204,22,683,0,"Bolo de Cenoura com Chocolate 🍫🥕 Clássico, fofinho e com aquela calda de chocolate que escorre conquistando corações! 💛 Esse é o tipo de bolo que abraça a alma e faz qualquer tarde ficar mais doce! 📲 ",instagram.com,https://www.instagram.com/p/DNA-NvjOC9Y/,https://i.pinimg.com/originals/72/54/f8/7254f897523545557f1b78c643b12cfe.jpg,1199,1199,0,2025-08-07
2026-09-05,bolo caseiro simples,AcL9Q7_9kjaeFgcxltHFhCAbpVk0RSgWocrV_p_Od5TULj-slpO1Gb14jzQFQ_Ry2jOXc9CJ9vAIKcAJzcj7e6s,23,1,0,Pastel de piña invertido,temu.com,https://www.temu.com/ul/kuiper/un3.html?subj=dpa-un&_bg_fs=1&_p_jump_id=1082&_x_vst_scene=adg&goods_id=602411154430406&adg_ctx=a-f0113574~c-a2e4f30f&_p_rfs=1&_x_ads_channel=pinterest&_x_ads_creative_id=%7Bproduct_partition_id%7D&_x_ads_id=%7Badgroupid%7D&_x_ads_set=%7Bcampaignid%7D&_x_ads_sub_channel=shopping&_x_ns_catalog_id=1580405374697&_x_ns_creative=%7Badid%7D&_x_ns_gid=602411154430406&_x_ns_,https://i.pinimg.com/originals/88/2d/74/882d740502006b6f06493c4130476909.jpg,2560,2560,0,2026-07-02
2026-09-05,bolo caseiro simples,1103663452445612378,24,319,0,🎂 Bolo de Chocolate Fácil no Liquidificador Perfeito pra quem ama praticidade e sabor!😋😍 📝 Ingredientes Para o bolo: 3 ovos 1 xícara de leite 1/2 xícara de óleo 2 xícaras de açúcar 1 xícara de chocola,instagram.com,https://www.instagram.com/p/DLczkIgRGFl/,https://i.pinimg.com/originals/b6/37/6f/b6376f1407bdc841addc3fa691106e69.jpg,1080,1350,0,2025-06-29
2026-09-05,bolo caseiro simples,Afqxa_h1GCya8RDcYF5YKVZh7phRh8GP6uRmjkrxhsHVWR8HlTaid5PalQrcj7N7mhEV5kdHlYvr3UHMgPefih0,25,1,0,Sponge Cake Cookbook,amazon.com,https://www.amazon.com/Sponge-Cake-Cookbook-Liam-Luxe/dp/B0CTT8PHDW/ref=asc_df_B0CTT8PHDW?hvdev=%7Bdevice%7D&hvcampaign=%7Bcampaignid%7D&hvadgroupid=%7Badgroupid%7D&hvprdptid=%7Bproduct_partition_id%7D&hvprdgrpid=%7Bpromoted_product_group_id%7D&hvcr=%7Bcreative_id%7D&hvadid=%7Badid%7D&hvprdid=%7Bproduct_id%7D&hvplc=%7Bplacement%7D&psc=1&tag=%7Bifnotmobile:ushpadpinde-20%7D%7Bifmobile:ushpadpinsp-2,https://i.pinimg.com/originals/29/13/36/29133669ce10902a3a554f78c4b0661b.jpg,1000,1499,0,2025-12-05
2026-09-05,bolo caseiro simples,1103663452450828510,26,282,0,Bolo Caseiro Simples e Fofinho 🍰 Ingredientes: • 3 ovos • 2 xícaras (chá) de açúcar • 3 xícaras (chá) de farinha de trigo • 1 xícara (chá) de leite • 1/2 xícara (chá) de óleo • 1 colher (sopa) de ferm,instagram.com,https://www.instagram.com/p/DQHyaYSCXto/,https://i.pinimg.com/originals/c7/f2/11/c7f2112429498078f166e31a7cd7f82a.jpg,1079,1440,0,2025-10-23
2026-09-05,bolo caseiro simples,606226799885962468,27,1,0,Bolinho da tarde 🤤,,,https://i.pinimg.com/originals/9a/ca/68/9aca68cdf684859483b62d9b9f4bd33b.jpg,3024,4032,0,2026-08-24
2026-09-05,bolo caseiro simples,AYDoHEzPkVO6AG-k0b2YZPCGvfJEhsa0qXBVeMuOni-mCKHJNnEe74dtqIDWXo3Bv1n5-MCxjY7vd2V0ft-0TiQ,28,3,0,Bundt Cake Recipes: 30,amazon.com,https://www.amazon.com/Bundt-Cake-Recipes-Delicious-Scratch/dp/1671101189/ref=asc_df_1671101189?hvdev=%7Bdevice%7D&hvcampaign=%7Bcampaignid%7D&hvadgroupid=%7Badgroupid%7D&hvprdptid=%7Bproduct_partition_id%7D&hvprdgrpid=%7Bpromoted_product_group_id%7D&hvcr=%7Bcreative_id%7D&hvadid=%7Badid%7D&hvprdid=%7Bproduct_id%7D&hvplc=%7Bplacement%7D&psc=1&tag=%7Bifnotmobile:ushpadpinde-20%7D%7Bifmobile:ushpadp,https://i.pinimg.com/originals/9b/60/2d/9b602d79680d24fa635783fdf5653b1f.jpg,1000,1500,0,2026-04-18
2026-09-05,bolo caseiro simples,26599454046130578,29,234,0,Por que o bolo fica solado? Aprenda 4 truques para fazer bolos fofinhos,search.app,https://search.app/dWsrn8ZFZmnhgzx5A,https://i.pinimg.com/originals/ab/83/27/ab8327b93eeb4eb939ac46e400270d59.jpg,600,921,0,2026-02-08
2026-09-05,bolo caseiro simples,775393260873720504,30,368,0,Bolo de laranja húmido e fofo | Ruralea,ruralea.com,https://ruralea.com/bolo-de-laranja-humido-e-fofo/,https://i.pinimg.com/originals/47/15/80/471580387d41cd29d289883030e27d40.jpg,910,1366,0,2023-06-04
2026-09-05,bolo caseiro simples,612489618120772108,31,7,0,,,,https://i.pinimg.com/originals/85/a3/85/85a385006f9b25147d533dc781cadf60.jpg,1080,1920,0,2026-08-14
2026-09-05,bolo caseiro simples,AUowOmvx4MaEFxKBwjjf2FsJRTefDUT91IomHERSS2QfhJ50RJTZ94U4ZD8wTnJ7pRusAKkejpdFyrYtlPAxaKo,32,2,0,Homemade Bundt Cakes,amazon.com,https://www.amazon.com/Homemade-Bundt-Cakes-Anyone-Make/dp/B09NWLZXCN/ref=asc_df_B09NWLZXCN?hvdev=%7Bdevice%7D&hvcampaign=%7Bcampaignid%7D&hvadgroupid=%7Badgroupid%7D&hvprdptid=%7Bproduct_partition_id%7D&hvprdgrpid=%7Bpromoted_product_group_id%7D&hvcr=%7Bcreative_id%7D&hvadid=%7Badid%7D&hvprdid=%7Bproduct_id%7D&hvplc=%7Bplacement%7D&psc=1&tag=%7Bifnotmobile:ushpadpinde-20%7D%7Bifmobile:ushpadpinsp,https://i.pinimg.com/originals/c2/e9/85/c2e985c07052effd1938b6160a58107b.jpg,1000,1331,0,2026-04-08
2026-09-05,bolo caseiro simples,12525705209393855,33,150,0,,,,https://i.pinimg.com/originals/26/66/f1/2666f1c3567e7cf436d86ad6bf2617b5.jpg,1284,2282,0,2026-03-18
2026-09-05,bolo caseiro simples,847028642442161414,34,253,0,Bolo de Fubá + Versões Mega Tradicionais Para Se Deliciar,sabornamesa.com.br,https://www.sabornamesa.com.br/bolos/bolo-de-fuba-simples-e-rapido,https://i.pinimg.com/originals/90/94/e7/9094e77c66b0886ba54c06bb9828443b.jpg,1000,1500,0,2023-08-17
2026-09-05,bolo caseiro simples,744993963370124085,35,1689,0,Bolo verde de limão,ricotaemaricota.com,https://ricotaemaricota.com/bolo-verde-de-limao/,https://i.pinimg.com/originals/c1/08/6c/c1086cf4bcb7392a3c6558e1cb564bdc.jpg,736,1104,0,2022-03-13
2026-09-05,bolo caseiro simples,896005288368189379,36,148,0,O simples bem feito tem um sabor que encanta. #bolo #confeitaria #bolosafetivo #caseirinhos #confeitaria #confeitaria artesanal,instagram.com,https://www.instagram.com/p/DJO7_Tgt1Kx/,https://i.pinimg.com/originals/1a/6d/6f/1a6d6f09ab2ab9ac8ddd0c04f57e46e5.jpg,1440,1800,0,2025-05-05
2026-09-05,bolo caseiro simples,11751649023264313,37,189,0,Bolo de mandioca com coco cremoso Ingredientes: • 3 xícaras (chá) de mandioca crua ralada • 2 xícaras (chá) de açúcar • 3 ovos • 100 g de manteiga ou margarina • 200 ml de leite de coco • 1 xícara (ch,instagram.com,https://www.instagram.com/p/DQXoMsDDeSS/,https://i.pinimg.com/originals/75/b8/54/75b854b459ac06e4f26c669f0d6f30c5.jpg,1079,1440,0,2025-11-16
2026-09-05,bolo caseiro simples,AQ7mQ-sS2_hI7MMwAz_i-J72sVQRX03ihiumfWpJJwBD8JMeawvHmyTT58rD9Zy84lWO_T7AISg--MsXxvyve6k,38,0,0,ANDY ANAND CHOCOLATIER,amazon.com,https://www.amazon.com/Sugar-Free-Indulgent-Diabetic-Friendly-All-Natural-Preservatives/dp/B09BKY9653/ref=asc_df_B09BKY9653?hvdev=%7Bdevice%7D&hvcampaign=%7Bcampaignid%7D&hvadgroupid=%7Badgroupid%7D&hvprdptid=%7Bproduct_partition_id%7D&hvprdgrpid=%7Bpromoted_product_group_id%7D&hvcr=%7Bcreative_id%7D&hvadid=%7Badid%7D&hvprdid=%7Bproduct_id%7D&hvplc=%7Bplacement%7D&psc=1&tag=%7Bifnotmobile:ushpadpi,https://i.pinimg.com/originals/84/49/8b/84498b7afa0ac22e615a8ce0a918a3f0.jpg,1264,1856,0,2026-06-19
2026-09-05,bolo caseiro simples,AX7XFaMqEnX5lfMO125NW8i0p3MjWaMHlWMM348NGsDGtNVWutf8nqRASqcpYbsaJGE3WUFImvV5f2RWJ7iYbwg,39,13,0,50 Decadent Layer,amazon.com,https://www.amazon.com/Decadent-Layer-Strawberry-Cake-Recipes/dp/B0DPRFKS56/ref=asc_df_B0DPRFKS56?hvdev=%7Bdevice%7D&hvcampaign=%7Bcampaignid%7D&hvadgroupid=%7Badgroupid%7D&hvprdptid=%7Bproduct_partition_id%7D&hvprdgrpid=%7Bpromoted_product_group_id%7D&hvcr=%7Bcreative_id%7D&hvadid=%7Badid%7D&hvprdid=%7Bproduct_id%7D&hvplc=%7Bplacement%7D&psc=1&tag=%7Bifnotmobile:ushpadpinde-20%7D%7Bifmobile:ushpa,https://i.pinimg.com/originals/df/74/3d/df743d42ac91cce7e3a14b66e0f8d0ba.jpg,1051,1360,0,2026-05-02
2026-09-05,bolo caseiro simples,AUa263-XFo35w9xHhriZBe7SR6Vkaw8_5wsHT-TCNZgimC6fHEpV7YLplkfGBbgJjsOw8AYG6t7_xTa7IDLYwrY,40,12,0,A Sensational Fresh Fig,californiagrown.org,https://californiagrown.org/recipes/fig-cake/,https://i.pinimg.com/originals/4b/25/8a/4b258ae3ff40e4d6f92a3fe9124cf01a.jpg,1000,1500,0,2026-07-30
2026-09-05,bolo caseiro simples,686587905706804538,41,624,0,"@priscilaferreira_confeitaria shared a video on Instagram: “Bolo de Cenoura🧡 aff🤤 . . . . . . . . #reels #reelsinstagram #reelsvideo #reelscake #reelscakedecorating #bolovulcao #bolovulcão…” • Jun 14,",instagram.com,https://www.instagram.com/reel/CeyO4N6jwEX/?igshid=MDJmNzVkMjY=,https://i.pinimg.com/originals/bd/5f/18/bd5f18faf3bee094fe3d637314833b51.jpg,720,1280,0,2022-07-19
2026-09-05,bolo caseiro simples,15903404931109651,42,64,0,Bolo de tapioca fofinho e muito fácil de preparar perfeito para o café ou o lanche Ingredientes da receita de bolo de tapioca 4 ovos inteiros 1 xícara (chá) de goma de tapioca 1 xícara (chá) de farinh,instagram.com,https://www.instagram.com/p/DJeVnF9N_bb/,https://i.pinimg.com/originals/fa/90/7b/fa907be017256a0cfc4b62e401f4dbb2.jpg,1080,1350,0,2026-07-08
2026-09-05,bolo caseiro simples,AYZTRJptdYuuSe6ZB8Sy9afK2B4SU0P3ETNBX0ogBSRYU2hjwFEiyRUKvAZbC46NM4cIL0-iJhuys5K5JjM3gHs,43,1,0,Pastel de frutas gourmet,temu.com,https://www.temu.com/ul/kuiper/un3.html?subj=dpa-un&_bg_fs=1&_p_jump_id=1082&_x_vst_scene=adg&goods_id=602803137291124&adg_ctx=a-c7bdf1af~c-41e7c56d&_p_rfs=1&_x_ads_channel=pinterest&_x_ads_creative_id=%7Bproduct_partition_id%7D&_x_ads_id=%7Badgroupid%7D&_x_ads_set=%7Bcampaignid%7D&_x_ads_sub_channel=shopping&_x_ns_catalog_id=1580405374697&_x_ns_creative=%7Badid%7D&_x_ns_gid=602803137291124&_x_ns_,https://i.pinimg.com/originals/93/5b/1e/935b1e8e51e365bccd52865f5321c70d.jpg,1024,1024,0,2026-06-03
2026-09-05,bolo caseiro simples,546413367309713231,44,177,0,Receitas de Arrasar e Confeitar,facebook.com,https://www.facebook.com/share/12LUMaVXbRi/,https://i.pinimg.com/originals/3d/41/15/3d41157ae00b2aa96bf0816f33683326.jpg,1080,1350,0,2025-05-21
2026-09-05,bolo caseiro simples,847028642441019819,45,2423,0,Receita Com Farinha de Maracujá E uma Série de Opções Inesquecíveis para Toda A Família,sabornamesa.com.br,https://www.sabornamesa.com.br/outras-receitas/farinha-de-maracuja,https://i.pinimg.com/originals/47/f9/01/47f9013aeb21290f9a81a21ee6d79f68.jpg,1000,1500,0,2023-06-30
2026-09-05,bolo caseiro simples,589619776255552587,46,30,0,Bolo de milho simples no liquidificador para festa julina,share.google,https://share.google/8tobe6P9n5K76J8i6,https://i.pinimg.com/originals/2f/a4/68/2fa468a5cf4397e4139f65e1d487c06b.jpg,1200,1600,0,2025-07-12
2026-09-05,bolo caseiro simples,504614333270047065,47,34,0,BOLO CASEIRO DE LARANJA,,,https://i.pinimg.com/originals/73/88/1b/73881b27c4f9fd4a1a521b22073abbab.jpg,1200,1200,0,2025-11-12
2026-09-05,bolo caseiro simples,ASp9QICBGSPwJ2DWONaR9kWy5BShNEWhLi85LLOFymKEwa9ydmFUIomYwfDm_4QKbIrxu9CYekjyMV_NNoTGp1U,48,0,0,ANDY ANAND CHOCOLATIER,amazon.com,https://www.amazon.com/Keto-Friendly-Sugar-Free-Handcrafted-Health-Conscious-Celebrations/dp/B0D3LZFYNL/ref=asc_df_B0D3LZFYNL?hvdev=%7Bdevice%7D&hvcampaign=%7Bcampaignid%7D&hvadgroupid=%7Badgroupid%7D&hvprdptid=%7Bproduct_partition_id%7D&hvprdgrpid=%7Bpromoted_product_group_id%7D&hvcr=%7Bcreative_id%7D&hvadid=%7Badid%7D&hvprdid=%7Bproduct_id%7D&hvplc=%7Bplacement%7D&psc=1&tag=%7Bifnotmobile:ushpad,https://i.pinimg.com/originals/b7/ec/e0/b7ece0e57a914c9a5242c79cfb219c0b.jpg,1264,1856,0,2026-07-17
2026-09-05,bolo caseiro simples,26599454046442447,49,69,0,Bolo de cenoura 🥕 no liquidificador,,,https://i.pinimg.com/originals/af/18/36/af183666d87417b78683c93689ad18cb.jpg,675,1200,0,2026-05-19
2026-09-05,bolo caseiro simples,AQzol38usjilXm8N6IruJdSjQGQ_VbdXC6Z6REzjdxHDyFGUHJFNE_tirNgLqTHq2lNwpk9MUQzfpFUQz81v5eY,51,1,0,NEW Ice Cream Bars!,benjerry.com,https://www.benjerry.com/flavors/ice-cream-bars?utm_source=pinterest&utm_medium=paidsocial&utm_campaign=BJ-WITHIN_Q126_March-Bars_IndulgentOptimists_Awareness_CBO&utm_term=IndulgentOptimists&utm_content=static&utm_objective=discover&utm_root=d&,https://i.pinimg.com/originals/3e/b3/82/3eb3821103be21002da79f3b99f9dbd9.jpg,1080,1920,0,2026-04-23
2026-09-05,bolo caseiro simples,ATfJTAHniLXBRTnyOaoVY4XasWkwE8C4bTUGInyVKk4Vz9vMMRnrkdzES4DOjQ6mhIp5liJdk0DOG8DTh7zUCHM,52,1,0,Pumpkin Espresso Bundt,kingarthurbaking.com,https://www.kingarthurbaking.com/recipes/pumpkin-espresso-bundt-cake-recipe?utm_source=social&utm_medium=pinterest&utm_campaign=fy27fallwholegrains,https://i.pinimg.com/originals/04/1c/78/041c783df8e8d9a75e7fe52be6cd2ca8.jpg,1080,1080,0,2026-08-20
2026-09-05,bolo caseiro simples,808677676884928622,53,5,0,,facebook.com,https://www.facebook.com/share/p/1GXuNQkPom/,https://i.pinimg.com/originals/ea/6a/d1/ea6ad17ee994c71f1720b1c0c0178650.jpg,600,750,0,2026-07-01
2026-09-05,bolo caseiro simples,AUcD9FaEjK3ohIDQ9HfhQASsv7p3dAQyc-dbubCWLiagnnnlOw4lNq1-UqkEId6FN8MbeWzPpipMuTn8LCYhbOg,54,2,0,Pink Butterfly Cake,wayfair.com,https://www.wayfair.com/Lynyon--Pink-Butterfly-Cake-Toppers-11pcs-Cupcake-Toppers-Happy-Birthday-Metal-Gold-Topper-for-Girls-Womens-Party-Decorations-cakedelin05-L1225-K~LNYO1694.html,https://i.pinimg.com/originals/39/67/ef/3967ef5046b7120717d9fe8629a77ead.jpg,400,400,0,2026-08-04
2026-09-05,bolo caseiro simples,1113866920329778038,55,132,0,BOLO DE PAÇOCA,linktr.ee,https://linktr.ee/culinariaboloscaseiros,https://i.pinimg.com/originals/29/2b/84/292b8428598e029786ad4fdd41170df3.jpg,540,960,0,2024-04-18
2026-09-05,bolo caseiro simples,45036065014472635,56,212,0,,,,https://i.pinimg.com/originals/c1/9d/74/c19d74e21227fa907ef11d60d08f3ef1.jpg,1128,1505,0,2022-02-03
2026-09-05,bolo caseiro simples,AQe3LV_724bK83ZCqPGgBzffEX4Kz2BRFxMBVec4536d8EeM_8Rlez-1nX3Seeo3pT3KlVAYIcq6Z5CMPVkf724,57,72,0,Toasted Coconut Pumpkin,kodiakcakes.com,https://kodiakcakes.com/blogs/recipes/toasted-coconut-pumpkin-donuts?utm_source=Pinterest&utm_medium=Awareness+&utm_campaign=PancakeFALL,https://i.pinimg.com/originals/31/1d/c3/311dc330e91cd5ddcfc4d23082e2e13c.png,1000,1500,0,2026-07-29
2026-09-05,bolo caseiro simples,AbtqFseow_F9M3Rh-nAPLoss3BIwOku1EK6OIQw7pw_BjL1aZWDZ0MxJKt0pXpv_zPgstKYzzRcH81CF6Q-uEAc,58,8,0,A New Way to Sweeten,truvia.click2cart.com,https://truvia.click2cart.com/231500tq,https://i.pinimg.com/originals/f2/cd/42/f2cd425103b4b376e9ed8727da4ad8c8.jpg,1080,1920,1,2026-07-24
2026-09-05,bolo caseiro simples,AQ4PyiMLtUcIfBAGFplOLSMAjmrqUahrxMeSSI9ujs1X5AT9dnvNLyLmM058jIlUbEgpFW10AjVZlZr9ePUQAxc,59,366,0,"Birthday Gifts, Shipped",goldbelly.com,https://www.goldbelly.com/spotlight/birthday,https://i.pinimg.com/originals/4d/1e/2b/4d1e2b44568ca6c91991958cb661eeb7.jpg,1000,1500,0,2025-07-30
2026-09-05,bolo caseiro simples,AZ1CBfTsdVAnsKL-HP2ON5Po5NqnduZhoWPVy95rQJcfBLOp0G60qYb33qJg1sgiv5BtisLng5w_Cx-hlYURSag,60,1,0,Full of Fun Vanilla Cake,ediblearrangements.com,https://www.ediblearrangements.com/fruit-gifts/full-of-fun-vanilla-cake-9810,https://i.pinimg.com/originals/64/ad/ad/64adadc78729d74ae042069e6272eeb8.jpg,1248,1824,0,2026-08-07
2026-09-05,bolo caseiro simples,8514686792057547,61,851,0,bolo de limão,,,https://i.pinimg.com/originals/f8/35/4e/f8354e6e0cc351bdda6720ef1aa99fbb.jpg,720,960,0,2026-05-18
2026-09-05,bolo caseiro simples,847028642443119964,62,82,0,Deliciosa Receita de Bolo de Fubá com Erva Doce + Alternativas para o café da tarde,sabornamesa.com.br,https://www.sabornamesa.com.br/bolos/bolo-de-fuba-com-erva-doce,https://i.pinimg.com/originals/fc/1a/44/fc1a4499d26070b56b05f6033e64e51f.jpg,1000,1500,0,2023-09-28
2026-09-05,bolo caseiro simples,AZLAei-A1uNjBRfCVIrxWOnvQMhLwreRdY1SUB53h_lwy3rCWNMEG8n96dnZycmAeS3drLpWFeomt0Eu3CHz5Co,63,0,0,"Acrylic Cake Stand 14""",efavormart.com,https://www.efavormart.com/products/acrylic-cake-stand-14-round-transparent-display-box-clear-fillable-pedestal-riser-with-hollow-bottom?variant=40348023554094,https://i.pinimg.com/originals/2c/97/c7/2c97c747a359612fc8c971970c91ab47.jpg,1000,1500,0,2026-09-03
2026-09-05,bolo caseiro simples,AQoS4S6f9VXjYkMgUdzTZ92I8xGx6y2S7cTm0R77Y_rTV-m2syW3z40Yl1nZ_rwXivtrmFKlCASLrqZNPwq10sM,64,88,0,Amarel Family’s Amazing,californiaprunes.org,https://californiaprunes.org/recipe/dessert/pumpkin-bread-recipe/,https://i.pinimg.com/originals/48/7f/ba/487fba4c209de41f3f57b75340ff565b.jpg,683,1024,0,2026-08-19
2026-09-05,bolo caseiro simples,AYJlyjfc_fpN7ffE6ak45XztraJFlmr21GW0KWPVOBOYwm_sUHiZFEZ8HskTLeguQfvVJrSrYc2FRQRExtNgo8U,66,4,0,Four Beautiful Cakes. One,everythingkitchens.com,https://www.everythingkitchens.com/nordic-ware-bundt-quartet-pan-premier-gold-collection-91377.html,https://i.pinimg.com/originals/67/ab/67/67ab679eef6dd3925b5d30f4122aae19.jpg,1000,1500,0,2026-07-07
2026-09-05,bolo caseiro simples,598415869282497874,67,3,0,Bolo de Cenoura,,,https://i.pinimg.com/originals/9d/9c/11/9d9c11a58f4c39434cb4ed7ff271bfad.webp,1280,1920,0,2026-08-05
2026-09-05,bolo caseiro simples,960040845555545397,68,244,0,,elle.com.br,https://elle.com.br/web-stories/como-fazer-bolo-de-cenoura,https://i.pinimg.com/originals/c5/51/0f/c5510fd8e3466a3caf8598138daa4a8a.jpg,1000,1500,0,2024-02-23
2026-09-05,bolo caseiro simples,1146518017669891001,69,1,0,Pão de Ló: O Bolo Simples de Confeitaria que Derrete,receitapura.com,https://receitapura.com/pao-de-lo-o-bolo-simples-de-confeitaria/,https://i.pinimg.com/originals/46/fe/63/46fe6356eee5afd9c03f678ab587c5cd.webp,768,1344,0,2026-05-27
2026-09-05,bolo caseiro simples,26599454045979986,70,464,0,,,,https://i.pinimg.com/originals/8c/87/63/8c87638b655cb4956905dc29b9654b9e.jpg,1284,2282,0,2025-12-26
2026-09-05,bolo caseiro simples,688065649332881974,71,1066,0,Bolo simples com cobertura de Ninho,receiteria.com.br,https://www.receiteria.com.br/receita/bolo-simples-com-cobertura-de-ninho/,https://i.pinimg.com/originals/ac/0a/d8/ac0ad868201d9f3a5544dadafea43705.jpg,563,631,0,2022-07-21
2026-09-05,bolo caseiro simples,581175526947866291,72,31,0,Bolo formigueiro simples • Cozinha Legal,cozinhalegal.com.br,https://cozinhalegal.com.br/receita/626/Bolo-formigueiro-simples,https://i.pinimg.com/originals/1b/cf/38/1bcf388e2720a4d8a1b5faa994212668.jpg,600,900,0,2024-11-04
2026-09-05,bolo caseiro simples,847028642442080057,73,67,0,Receita de Bolo de Queijo & Variações Com Um Gostinho Que Só O Brasileiro Conhece,sabornamesa.com.br,https://www.sabornamesa.com.br/bolos/bolo-de-queijo-simples-e-facil,https://i.pinimg.com/originals/82/1d/b4/821db45e6c84b63cfa33eeead237664a.jpg,1000,1500,0,2023-08-13
2026-09-05,bolo caseiro simples,23221754320746455,74,410,0,Bolo de Laranja fofinho,medium.com,https://medium.com/@adrianafitness/bolo-de-laranja-fofinho-38b0a84718b9,https://i.pinimg.com/originals/61/d6/0b/61d60b55d469c34a0586041ce17dd493.jpg,564,705,0,2023-01-21
2026-09-05,bolo caseiro simples,483151866292577422,75,127,0,Nunca Mais Compre Bolo Pronto. Faça Bolo de Limão Simples em Poucos Minutos,cozinhalegal.com.br,https://cozinhalegal.com.br/bolo-de-limao-simples/,https://i.pinimg.com/originals/18/3f/c3/183fc3f330327b8445ee8bdf934f02dc.jpg,600,900,0,2024-03-11
2026-09-05,bolo caseiro simples,229261437280802345,76,4,0,Bolo de Laranja #shorts #bolo #laranja,m.youtube.com,https://m.youtube.com/shorts/A4HQ7Z8E6J0,https://i.pinimg.com/originals/b2/fd/e6/b2fde6bc68d938917bb07af33eb9e4b5.jpg,405,720,0,2026-04-08
2026-09-05,unhas decoradas,2462974793804764,2,2106,0,24,,,https://i.pinimg.com/originals/06/7d/96/067d969efa4c491531f35dd4c6ae354d.jpg,1080,1440,0,2026-08-23
2026-09-05,unhas decoradas,AVcQ46NjqnVDzP_CVUAy4K-VOCN3A_0qQgZBVm45S1deXjF6S0wNCI_FWxG21d12o55j72yDtDsmvC-t0C095m0,3,1,0,Temu | Retro Fine Glitter,temu.com,https://www.temu.com/ul/kuiper/un3.html?subj=dpa-un&_bg_fs=1&_p_jump_id=1082&_x_vst_scene=adg&goods_id=601100293865530&adg_ctx=a-c9ccb58e~c-b63a51d2&_p_rfs=1&_x_ads_channel=pinterest&_x_ads_creative_id=%7Bproduct_partition_id%7D&_x_ads_id=%7Badgroupid%7D&_x_ads_set=%7Bcampaignid%7D&_x_ads_sub_channel=shopping&_x_ns_catalog_id=1567707391772&_x_ns_creative=%7Badid%7D&_x_ns_gid=601100293865530&_x_ns_,https://i.pinimg.com/originals/4f/2f/46/4f2f46bf0e2f11ca29cd22ee58b45560.jpg,2000,3000,0,2026-03-31
2026-09-05,unhas decoradas,612067405654807650,4,934,0,Sunny Summer Nails ☀️💅,,,https://i.pinimg.com/originals/78/ae/cf/78aecf44b9c6194c83901f0eedca53d6.png,1086,1448,0,2026-08-25
2026-09-05,unhas decoradas,AQzvIY7zGDHcsiSfeslnXRifHmYQRzrDKDHrOdOQDXtR35-9lRl3FjOvAzWci2YX5nWjc_b5QtpxX5E9_eB6uXI,5,52,0,Holiday Mani Inspo,target.com,https://www.target.com/p/olive-38-june-press-on-oval-medium-fake-nails-velvet-42ct/-/A-88708392?ref=tgt_soc_odl&afid=pin,https://i.pinimg.com/originals/53/f7/fc/53f7fcb0fd5822aac572a6600f2e7c26.jpg,1000,1000,0,2024-12-06
2026-09-05,unhas decoradas,109001253477209751,6,1095,0,,,,https://i.pinimg.com/originals/8b/32/e3/8b32e30dd05683011c9dc0902ccd24e6.jpg,1080,1920,0,2026-08-26
2026-09-05,unhas decoradas,AUO8ylRUGFOhxSfHEILq1MgkmAYBWQnOBIgWqxWPgNi4tBQijZnu7-6hgsxfl3KnyvMaWutBA7_E8zoZm_iylJw,7,392,0,YOSOMMK French Tip Chrome,amazon.com,https://www.amazon.com/YOSOMMK-French-Chrome-Designs-Acrylic/dp/B0D1FY34Q2/ref=asc_df_B0D1FY34Q2?hvdev=%7Bdevice%7D&hvcampaign=%7Bcampaignid%7D&hvadgroupid=%7Badgroupid%7D&hvprdptid=%7Bproduct_partition_id%7D&hvprdgrpid=%7Bpromoted_product_group_id%7D&hvcr=%7Bcreative_id%7D&hvadid=%7Badid%7D&hvprdid=%7Bproduct_id%7D&hvplc=%7Bplacement%7D&psc=1&tag=%7Bifnotmobile:ushpadpinde-20%7D%7Bifmobile:ushpad,https://i.pinimg.com/originals/64/77/64/647764ae4c67a4e5b603f1939ff504d7.jpg,1185,1200,0,2026-03-20
2026-09-05,unhas decoradas,1089589703629551373,8,157,0,Elegant Burgundy Stiletto Nails with Gold Accents Design,,,https://i.pinimg.com/originals/29/20/96/292096f061a7412a9da6679f39dda5f4.jpg,2158,2870,0,2026-08-20
2026-09-05,unhas decoradas,AWPZMnqYVTofmpi7wN5kOvuyhGLOwMMtaOFu0iikRVIpxlbXo7uQ-8VYtKXfWpBUv7ZD09NAos3W6bJh_125xDA,9,242,0,3D Handmade Press on,amazon.com,https://www.amazon.com/Handmade-Medium-Almond-Designer-Wedding/dp/B0FBRNXK3P/ref=asc_df_B0FBRNXK3P?hvdev=%7Bdevice%7D&hvcampaign=%7Bcampaignid%7D&hvadgroupid=%7Badgroupid%7D&hvprdptid=%7Bproduct_partition_id%7D&hvprdgrpid=%7Bpromoted_product_group_id%7D&hvcr=%7Bcreative_id%7D&hvadid=%7Badid%7D&hvprdid=%7Bproduct_id%7D&hvplc=%7Bplacement%7D&psc=1&tag=%7Bifnotmobile:ushpadpinde-20%7D%7Bifmobile:ushp,https://i.pinimg.com/originals/e3/5c/47/e35c4714f1e4970c3357bce38f91772f.jpg,1500,1500,0,2026-03-03
2026-09-05,unhas decoradas,AZ43Vk6wfL4IWUuwQLdNOqYbse196_fnjz8KfhMs-neExfKZ76lT15mcLrOJmHELapC88rIJxa2tFNUqaNZxrXg,10,1,0,New Spring & Summer Long,walmart.com,https://www.walmart.com/ip/New-Spring-Summer-Long-Coffin-Nails-Summer-Blue-Beach-Coconut-Tree-Ocean-Color-Block-Wearable-Nails-24Pcs-Removable/19995700254?wmlspartner=wlpa&selectedSellerId=102611300,https://i.pinimg.com/originals/c8/53/69/c85369aa7eea032f6c27623b0b98f514.jpg,450,450,0,2026-06-05
2026-09-05,unhas decoradas,870883646715175246,11,52,0,,,,https://i.pinimg.com/originals/c7/99/d1/c799d152a0ba5179b6adaeaeae1144bc.jpg,1080,1920,0,2026-08-20
2026-09-05,unhas decoradas,ARUQnMYY9H9AqErORCd0biPVDZuWrEzREuZzmvFdqUKPaqvdRSHULisU09L7klCyGTOv8VuM0exQWPXfOVHQDQk,12,13,0,Temu | Set Of 24,temu.com,https://www.temu.com/ul/kuiper/un3.html?subj=dpa-un&_bg_fs=1&_p_jump_id=1082&_x_vst_scene=adg&goods_id=605645768113431&adg_ctx=a-9fd1095d~c-46ce4873&_p_rfs=1&_x_ads_channel=pinterest&_x_ads_creative_id=%7Bproduct_partition_id%7D&_x_ads_id=%7Badgroupid%7D&_x_ads_set=%7Bcampaignid%7D&_x_ads_sub_channel=shopping&_x_ns_catalog_id=1567707391772&_x_ns_creative=%7Badid%7D&_x_ns_gid=605645768113431&_x_ns_,https://i.pinimg.com/originals/ff/e2/ff/ffe2ffab4acce0cfc2a7020e53448528.jpg,2000,3000,0,2026-08-07
2026-09-05,unhas decoradas,740349626290055563,13,15,0,Nails,,,https://i.pinimg.com/originals/8c/10/cd/8c10cd54066489d54ce1e2e1b3e58ce0.png,1086,1448,0,2026-08-25
2026-09-05,unhas decoradas,914862422490171,14,9363,0,Pink Heart Nails | Cute Pink Nail Designs & Trendy Nail Ideas,,,https://i.pinimg.com/originals/76/ca/35/76ca35c82934e8d0306e58bc96c18d7b.png,1024,1536,0,2026-08-26
2026-09-05,unhas decoradas,AT2X-zrtB82j5WQ2AYjexbe_grdq7Qn9243KbX69SMAOTWsZBhHr3Qkn_cSgihVMubUnJq31mK-ieFdvGlUMR3Y,15,46,0,24 Pcs Orange Gradient,amazon.com,https://www.amazon.com/Orange-Gradient-Glitter-Acrylic-Manicure/dp/B0F4888X86/ref=asc_df_B0F4888X86?hvdev=%7Bdevice%7D&hvcampaign=%7Bcampaignid%7D&hvadgroupid=%7Badgroupid%7D&hvprdptid=%7Bproduct_partition_id%7D&hvprdgrpid=%7Bpromoted_product_group_id%7D&hvcr=%7Bcreative_id%7D&hvadid=%7Badid%7D&hvprdid=%7Bproduct_id%7D&hvplc=%7Bplacement%7D&psc=1&tag=%7Bifnotmobile:ushpadpinde-20%7D%7Bifmobile:ush,https://i.pinimg.com/originals/47/be/ce/47beceaf0fa172963d8d32046e54167b.jpg,1200,1200,0,2026-04-05
2026-09-05,unhas decoradas,752804894011262096,16,49,0,Elegant Purple Sparkle Nails | Glamorous Lilac Glitter Almond Nail Art,,,https://i.pinimg.com/originals/bd/8b/e7/bd8be77dac0cfdd7be8ff0e0ae17c147.png,1024,1536,0,2026-08-26
2026-09-05,unhas decoradas,AX6bA4GqPB5pVl5M8nyBKMjnANIGkTHEGE4K9IGO7HOHnx57gLn--VYNxoYzgW17Jjw1UN9h1ZIvu4gjHG5EewM,17,19,0,MERVF Almond Press on,amazon.com,https://www.amazon.com/MERVF-Almond-Stiletto-Rhinestones-Acrylic/dp/B0DM1B26SF/ref=asc_df_B0DM1B26SF?hvdev=%7Bdevice%7D&hvcampaign=%7Bcampaignid%7D&hvadgroupid=%7Badgroupid%7D&hvprdptid=%7Bproduct_partition_id%7D&hvprdgrpid=%7Bpromoted_product_group_id%7D&hvcr=%7Bcreative_id%7D&hvadid=%7Badid%7D&hvprdid=%7Bproduct_id%7D&hvplc=%7Bplacement%7D&psc=1&tag=%7Bifnotmobile:ushpadpinde-20%7D%7Bifmobile:us,https://i.pinimg.com/originals/a1/13/af/a113af22b356472cabac57009391d33f.jpg,1164,1200,0,2026-03-03
2026-09-05,unhas decoradas,AabjYr4AYyhOM4LzipLNeMVNrSsU3Z72cHEZChsekSfc4eXru9EQpmX4G6qex4eaUMwd1-GdFrreVy0yPfRrgKc,18,1,0,Temu | Uñas postizas,temu.com,https://www.temu.com/ul/kuiper/un3.html?subj=dpa-un&_bg_fs=1&_p_jump_id=1082&_x_vst_scene=adg&goods_id=601105786810981&adg_ctx=a-4c9e5440~c-b3c8769a&_p_rfs=1&_x_ads_channel=pinterest&_x_ads_creative_id=%7Bproduct_partition_id%7D&_x_ads_id=%7Badgroupid%7D&_x_ads_set=%7Bcampaignid%7D&_x_ads_sub_channel=shopping&_x_ns_catalog_id=1580405374697&_x_ns_creative=%7Badid%7D&_x_ns_gid=601105786810981&_x_ns_,https://i.pinimg.com/originals/be/16/49/be164972750b140d20946047c9659f3c.jpg,2000,3000,0,2026-06-08
2026-09-05,unhas decoradas,712131759887867193,19,408,0,nails design 2026 😍,onelink.shein.com,https://onelink.shein.com/48/5ze88c3vi0yo?ismg_ol=0CzfliuCyeu_01_KOC-C,https://i.pinimg.com/originals/ce/8b/ed/ce8bed59767f4161d6edd508a92c0285.jpg,735,1105,0,2026-08-19
2026-09-05,unhas decoradas,Adi40Kb8inX5kUTisFpAUyGstn-02wUgPR6E-FT8T79xQW5vkBdSkeD4yAZ7FIf6avTeWu066o61iUXdB53sHMA,20,9,0,Temu | 10pcs Handmade,temu.com,https://www.temu.com/ul/kuiper/un3.html?subj=dpa-un&_bg_fs=1&_p_jump_id=1082&_x_vst_scene=adg&goods_id=605694203950843&adg_ctx=a-6af510ac~c-cfd2cc58&_p_rfs=1&_x_ads_channel=pinterest&_x_ads_creative_id=%7Bproduct_partition_id%7D&_x_ads_id=%7Badgroupid%7D&_x_ads_set=%7Bcampaignid%7D&_x_ads_sub_channel=shopping&_x_ns_catalog_id=1567707391772&_x_ns_creative=%7Badid%7D&_x_ns_product_id=102051711300906,https://i.pinimg.com/originals/c7/df/8f/c7df8f010b131240980fdac4311ffb45.jpg,2000,3000,0,2026-07-23
2026-09-05,unhas decoradas,1085226841494220044,21,19,0,Olive Gold Vine Nails 🫒✨👑,,,https://i.pinimg.com/originals/80/49/15/804915679ee4c5f9dd102308bcff64da.jpg,768,1376,0,2026-08-19
2026-09-05,unhas decoradas,AT8wN73dJbQqeWkXzKTKMsklz91yafRW1i0rOSTMYo4GcCp-qENbEGWvubfy6Zdn_wSoHUKs77JFt0Ua4gAFusM,22,146,0,YoYoee Medium Coffin,amazon.com,https://www.amazon.com/YoYoee-Medium-Gradient-Acrylic-Reusable/dp/B0CG19239W/ref=asc_df_B0CG19239W?hvdev=%7Bdevice%7D&hvcampaign=%7Bcampaignid%7D&hvadgroupid=%7Badgroupid%7D&hvprdptid=%7Bproduct_partition_id%7D&hvprdgrpid=%7Bpromoted_product_group_id%7D&hvcr=%7Bcreative_id%7D&hvadid=%7Badid%7D&hvprdid=%7Bproduct_id%7D&hvplc=%7Bplacement%7D&psc=1&tag=%7Bifnotmobile:ushpadpinde-20%7D%7Bifmobile:ushp,https://i.pinimg.com/originals/e6/6b/d5/e66bd58848174956ae033a12f7212536.jpg,1600,1600,0,2026-05-19
2026-09-05,unhas decoradas,ASwfvNIZLiW9g5NfVsjwHGGDPxGTBWJ6VeLyhz0uuxtBCw-VdhBDIyTyS7wydP9Z3aGeIpT4nFER-Eq5PyjFCF0,23,135,0,"3d Honey Bee, Yellow",walmart.com,https://www.walmart.com/ip/3D-Honey-Bee/17325172619?wmlspartner=wlpa&selectedSellerId=102929700,https://i.pinimg.com/originals/34/52/23/345223cb8673ab064ed03d85950dfaa7.jpg,450,450,0,2026-02-04
2026-09-05,unhas decoradas,5559199538629560,24,1664,0,,,,https://i.pinimg.com/originals/b3/48/7e/b3487ef674300a06133d8cea83451c85.jpg,736,1104,0,2026-08-24
2026-09-05,unhas decoradas,AcctTc_IqBFLeJNDNy3K05c4gNomCLG4XUOmbPLQD68Rbx4PBPtd5nGoCdnPmWVWjc7lF22TMUw7uzoNlNGLVdg,25,48,0,Temu | 24pcs Medium-long,temu.com,https://www.temu.com/ul/kuiper/un3.html?subj=dpa-un&_bg_fs=1&_p_jump_id=1082&_x_vst_scene=adg&goods_id=601101679165379&adg_ctx=a-574ed0df~c-105d22ec&_p_rfs=1&_x_ads_channel=pinterest&_x_ads_creative_id=%7Bproduct_partition_id%7D&_x_ads_id=%7Badgroupid%7D&_x_ads_set=%7Bcampaignid%7D&_x_ads_sub_channel=shopping&_x_ns_catalog_id=1567707391772&_x_ns_content_id=100000001705474183&_x_ns_creative=%7Badid,https://i.pinimg.com/originals/8e/38/9e/8e389e968471d6227523e9ed91c426e7.jpg,2000,3000,0,2026-07-13
2026-09-05,unhas decoradas,543457880058698927,26,4,0,💅,,,https://i.pinimg.com/originals/ca/7b/3a/ca7b3ae156f1157db8a1df3beddc29e0.jpg,768,1365,0,2026-08-26
2026-09-05,unhas decoradas,ASTdFDgbmK4k3b_erl4OqH_LcWQGGz_jk2zhj6mMBJU4Hms37E8BU2IV-MOtXpz3P9CCEqEgZxjhQue1ehxnMpM,27,1,0,Temu | 24pcs,temu.com,https://www.temu.com/ul/kuiper/un3.html?subj=dpa-un&_bg_fs=1&_p_jump_id=1082&_x_vst_scene=adg&goods_id=606229816525725&adg_ctx=a-a9088d4f~c-7cd78d27&_p_rfs=1&_x_ads_channel=pinterest&_x_ads_creative_id=%7Bproduct_partition_id%7D&_x_ads_id=%7Badgroupid%7D&_x_ads_set=%7Bcampaignid%7D&_x_ads_sub_channel=shopping&_x_ns_catalog_id=1567707391772&_x_ns_creative=%7Badid%7D&_x_ns_gid=606229816525725&_x_ns_,https://i.pinimg.com/originals/e3/13/53/e313537653776bcf0eaa83ece53e91e7.jpg,2000,3000,0,2026-06-14
2026-09-05,unhas decoradas,8725793026248895,28,522,0,,,,https://i.pinimg.com/originals/3e/aa/17/3eaa17ef23764956731ce0c4881d878a.jpg,1080,1920,0,2026-08-25
2026-09-05,unhas decoradas,ARUCzIdBm7mf3cvtz5TOsDpUfUz0W2-ZqQsFtTkkS5ksmy1s62PiFIOrPhlsse1FWV2RK8lpYy6dfIaBvVC1kkY,29,44,0,AkiliBIELY Medium Press,amazon.com,https://www.amazon.com/AkiliBIELY-Rhinestone-Acrylic-Wedding-Birthday/dp/B0D1C1PWHN/ref=asc_df_B0D1C1PWHN?hvdev=%7Bdevice%7D&hvcampaign=%7Bcampaignid%7D&hvadgroupid=%7Badgroupid%7D&hvprdptid=%7Bproduct_partition_id%7D&hvprdgrpid=%7Bpromoted_product_group_id%7D&hvcr=%7Bcreative_id%7D&hvadid=%7Badid%7D&hvprdid=%7Bproduct_id%7D&hvplc=%7Bplacement%7D&psc=1&tag=%7Bifnotmobile:ushpadpinde-20%7D%7Bifmobi,https://i.pinimg.com/originals/d9/f8/00/d9f8008559defcf94434cdcefa39edd1.jpg,981,1200,0,2026-05-31
2026-09-05,unhas decoradas,537195061827817845,30,48,0,Blue & Nude Nail Art 💙✨ | Elegant Almond Nails,,,https://i.pinimg.com/originals/4d/9a/13/4d9a13b660826b7aad406b2b1d039f03.png,1024,1536,0,2026-08-26
2026-09-05,unhas decoradas,1125337025672701805,31,26,0,Blue and White Floral Nails Elegant Flower Nail Art Ideas for a Fresh and Delicate Look,,,https://i.pinimg.com/originals/98/cb/40/98cb4085b2c0caec804364ccef830dea.png,1024,1536,0,2026-08-18
2026-09-05,unhas decoradas,AVn7hZsjkIESA20MJvC-BUSNTzRu0PXqShIa03ogcOq02qyVYW0YB3qIeG0S3bmeZCbn83_aDc33kzxwuDburY0,32,19,0,Santorini Spritz -,dashingdiva.com,https://www.dashingdiva.com/products/magic-press-santorini-spritz?variant=45245813850249utm_source=google&utm_medium=shopping&utm_campaign=shopping_feed,https://i.pinimg.com/originals/37/a1/36/37a1366f8ac2b885f1175e612e70c5e9.jpg,874,1256,0,2026-05-19
2026-09-05,unhas decoradas,Ab4EayN5wu-KVrciRH7Q8x8d2OPfTvjqlzWXSUZtaqu6AOeGIMLnAsoEm0NIavfWRh9YsKqnQVER1NLZynF7z1c,33,1,0,Temu | 24pcs Of,temu.com,https://www.temu.com/ul/kuiper/un3.html?subj=dpa-un&_bg_fs=1&_p_jump_id=1082&_x_vst_scene=adg&goods_id=601104352945155&adg_ctx=a-4232ffae~c-4e5189f2&_p_rfs=1&_x_ads_channel=pinterest&_x_ads_creative_id=%7Bproduct_partition_id%7D&_x_ads_id=%7Badgroupid%7D&_x_ads_set=%7Bcampaignid%7D&_x_ads_sub_channel=shopping&_x_ns_catalog_id=1567707391772&_x_ns_creative=%7Badid%7D&_x_ns_gid=601104352945155&_x_ns_,https://i.pinimg.com/originals/c0/9b/ae/c09baef84c644ca4d969fbcb8fab81dd.jpg,2000,3000,0,2026-06-30
2026-09-05,unhas decoradas,756393699963091613,34,109,0,,vt.tiktok.com,https://vt.tiktok.com/ZS9hKj4DqunaX-WPvsx/,https://i.pinimg.com/originals/b9/1d/f7/b91df792dc4c4f091a5b5fdd316ce028.jpg,1199,1596,0,2026-08-23
2026-09-05,unhas decoradas,1096556209311772328,35,302,0,,,,https://i.pinimg.com/originals/f1/7b/db/f17bdb94ee2ac51a98de81e9d44edddf.jpg,736,1104,0,2026-08-20
2026-09-05,unhas decoradas,788904059771597171,36,2,0,70 inspiração de unhas marrons claro,s.shopee.com.br,https://s.shopee.com.br/8V8DAtU7u5?channel_type=pinterest,https://i.pinimg.com/originals/10/53/69/10536972d47b72e19d67cf3b39011ab0.jpg,736,951,0,2026-08-17
2026-09-05,unhas decoradas,889672101412148886,37,274,0,GET FREE Items Shop Now 👇,amzn.to,https://amzn.to/4gojElo,https://i.pinimg.com/originals/eb/0f/e0/eb0fe06396c8fd88a7da6d933985f408.png,1024,1536,0,2026-08-20
2026-09-05,unhas decoradas,AV0EPE_DDhEUYQmCRZdDj1Z3Timlq2xhAsQNWZVU5MN-etPHo4hZxiKI29GyzxxqjjDBim0BNj-8f8f2YCtYm8A,38,1,0,Temu | 24 uñas postizas,temu.com,https://www.temu.com/ul/kuiper/un3.html?subj=dpa-un&_bg_fs=1&_p_jump_id=1082&_x_vst_scene=adg&goods_id=605825066183568&adg_ctx=a-4f0597dd~c-77a38ba8&_p_rfs=1&_x_ads_channel=pinterest&_x_ads_creative_id=%7Bproduct_partition_id%7D&_x_ads_id=%7Badgroupid%7D&_x_ads_set=%7Bcampaignid%7D&_x_ads_sub_channel=shopping&_x_ns_catalog_id=1580405374697&_x_ns_creative=%7Badid%7D&_x_ns_gid=605825066183568&_x_ns_,https://i.pinimg.com/originals/e9/57/bd/e957bd8f0200cb83f48e0dc0dc153744.jpg,2000,3000,0,2026-06-24
2026-09-05,unhas decoradas,AewAC1dILF_K2EWcvyATKHDvph6UyAu7Dll6Z8DaATQZn_YlxH7r4w99FGtyYL4TuLgoANzV7UNpYHXYITp19Aw,39,198,0,Medium Press on Nails,amazon.com,https://www.amazon.com/Medium-Square-Rhinestones-Acrylic-Reusable/dp/B0DZ72QB92/ref=asc_df_B0DZ72QB92?hvdev=%7Bdevice%7D&hvcampaign=%7Bcampaignid%7D&hvadgroupid=%7Badgroupid%7D&hvprdptid=%7Bproduct_partition_id%7D&hvprdgrpid=%7Bpromoted_product_group_id%7D&hvcr=%7Bcreative_id%7D&hvadid=%7Badid%7D&hvprdid=%7Bproduct_id%7D&hvplc=%7Bplacement%7D&psc=1&tag=%7Bifnotmobile:ushpadpinde-20%7D%7Bifmobile:u,https://i.pinimg.com/originals/d4/44/c1/d444c11198b32d55fa22813d437d8b01.jpg,1500,1500,0,2026-04-17
2026-09-05,unhas decoradas,4222193396420630,40,2985,0,,,,https://i.pinimg.com/originals/e3/b9/28/e3b9289fadbe5cfe604a57ddd9151b28.jpg,800,1200,0,2026-08-22
2026-09-05,unhas decoradas,AQ5QRzBf_Tz-vE5faz2mGcDZqUblnvphVcn1gI9fyz60InQSTufltyvZ2wi3u8yOi102zzLFSAUfs5P3eMc57Mk,41,96,0,Temu | A Set Of 24,temu.com,https://www.temu.com/ul/kuiper/un3.html?subj=dpa-un&_bg_fs=1&_p_jump_id=1082&_x_vst_scene=adg&goods_id=601105565796506&adg_ctx=a-493e319e~c-6e07fd69&_p_rfs=1&_x_ads_channel=pinterest&_x_ads_creative_id=%7Bproduct_partition_id%7D&_x_ads_id=%7Badgroupid%7D&_x_ads_set=%7Bcampaignid%7D&_x_ads_sub_channel=shopping&_x_ns_catalog_id=1567707391772&_x_ns_creative=%7Badid%7D&_x_ns_gid=601105565796506&_x_ns_,https://i.pinimg.com/originals/e3/bb/1e/e3bb1e82e1160dc189ed6cff83b460e2.jpg,2000,3000,0,2026-08-12
2026-09-05,unhas decoradas,1102607921297769033,42,17,0,Uñas Mármol Azul con Glitter Paso a Paso: Diseño Efecto Ágata Elegante,instagram.com,https://www.instagram.com/apicenailsart?igsh=cTZtZnNhcXY1NHFm,https://i.pinimg.com/originals/ae/7b/eb/ae7bebc5345e3d4a463792b01e1ca9d0.png,941,1672,0,2026-08-17
2026-09-05,unhas decoradas,1106970783439922290,43,205,0,69 Gorgeous Spring Nail Designs You’ll Want to Copy,dailysun.netlify.app,https://dailysun.netlify.app/?u=https://dijbi.com/69-stunning-spring-nail-designs-and-spring-nails-you-have-to-copy-this-year/%3Futm_campaign%3Dwahi%26utm_source%3DDollarajaa%26utm_medium%3Dcoffee,https://i.pinimg.com/originals/af/6d/a8/af6da8fdf8d5462e0832a08019b6baea.jpg,736,1308,0,2026-08-18
2026-09-05,unhas decoradas,AXPuRvw7DPiNHahDxiCLrJxBQKMFCLh4gsJmnfsuKiE49lFSxwfp75sB4Bvlk3YK-WZoDnDFLOo3cuL4ZgSu8PU,44,1,0,Temu | 24pcs Elegant &,temu.com,https://www.temu.com/ul/kuiper/un3.html?subj=dpa-un&_bg_fs=1&_p_jump_id=1082&_x_vst_scene=adg&goods_id=601101115930341&adg_ctx=a-9dc2f3fe~c-24235d1e&_p_rfs=1&_x_ads_channel=pinterest&_x_ads_creative_id=%7Bproduct_partition_id%7D&_x_ads_id=%7Badgroupid%7D&_x_ads_set=%7Bcampaignid%7D&_x_ads_sub_channel=shopping&_x_ns_catalog_id=1567707391772&_x_ns_creative=%7Badid%7D&_x_ns_gid=601101115930341&_x_ns_,https://i.pinimg.com/originals/1f/e4/cb/1fe4cb900e07da12264955d90ae09bdd.jpg,2000,3000,0,2026-07-17
2026-09-05,unhas decoradas,AUAYkHRyyk5wHQUyFUMvORep6Vt1KtXDTiaKbKwXPCraP7CSN6Ld9mM0iXyzXOHhQXjxiUuM8EvHzVN5gdXJF5w,45,88,0,3D Almond Press on Nails,amazon.com,https://www.amazon.com/Almond-Medium-Acrylic-Artificial-Manicure/dp/B0FFMSF9Q7/ref=asc_df_B0FFMSF9Q7?hvdev=%7Bdevice%7D&hvcampaign=%7Bcampaignid%7D&hvadgroupid=%7Badgroupid%7D&hvprdptid=%7Bproduct_partition_id%7D&hvprdgrpid=%7Bpromoted_product_group_id%7D&hvcr=%7Bcreative_id%7D&hvadid=%7Badid%7D&hvprdid=%7Bproduct_id%7D&hvplc=%7Bplacement%7D&psc=1&tag=%7Bifnotmobile:ushpadpinde-20%7D%7Bifmobile:us,https://i.pinimg.com/originals/94/a3/9e/94a39edfbf51d156cc674435e035a036.jpg,1098,1200,0,2026-04-03
2026-09-05,unhas decoradas,28429041394882155,46,504,0,Jst wow,,,https://i.pinimg.com/originals/1e/a1/20/1ea12097fba78fd7eb24e3321c098b4f.jpg,675,1200,0,2026-08-21
2026-09-05,unhas decoradas,4925880839636504,47,6545,0,,,,https://i.pinimg.com/originals/12/07/15/1207152f783663a0eb921adadab2f080.jpg,1000,1500,0,2026-07-11
2026-09-05,unhas decoradas,1138284874607463363,48,40,0,,,,https://i.pinimg.com/originals/23/52/ef/2352efcba147279e73c81b786bbf3529.png,941,1672,0,2026-08-17
2026-09-05,unhas decoradas,967429563956776644,49,72,0,Oceanic Marble ✨🌊,,,https://i.pinimg.com/originals/6d/5c/99/6d5c9903391aa6e1a9eb8caca7525a14.png,1122,1402,0,2026-08-19
2026-09-05,unhas decoradas,70016969204690978,50,387,0,Blue Floral Nail Art 💙 | Elegant & Trendy Blue Nails,,,https://i.pinimg.com/originals/b0/52/f2/b052f205552d81e2aafcae62ec56d40d.png,1122,1402,0,2026-08-24
2026-09-05,unhas decoradas,58898707623350946,51,36,0,Burgundy Marble Gold Vein Nails,,,https://i.pinimg.com/originals/e3/83/31/e383315f444d6c205d429e5d19f7518c.jpg,736,981,0,2026-08-25
2026-09-05,unhas decoradas,1139762618226458181,52,102,0,Sage Green Floral Nail Art | Elegant Botanical Design.,,,https://i.pinimg.com/originals/c3/c1/81/c3c181d9c9bb2e311276b5315370a732.png,1122,1402,0,2026-08-19
2026-09-05,unhas decoradas,Aak4q9s-iyfskZ3o3LfcPrzQmv5DPjQ8pDrRGcxyTb09nWGUwR2UZbGPHTTew7nRSBOqT-PjF7vRBFMgcJIkXcY,54,15,0,Blue French Tip Almond,amzn.to,https://amzn.to/4fPJCiM,https://i.pinimg.com/originals/41/ca/25/41ca25a8fc6c61caca55904d24269936.jpg,1200,1200,0,2026-08-10
2026-09-05,unhas decoradas,AXDoi05WUR3GgBi9j6X0eWObeODlLGvMRpzi1PiBTmF3lNUur5fdeCgYZOcqfEYHtOSmTCQfJ5FfvKjZf8E-ZMI,55,5,0,Btartboxnails Press-on,nordstrom.com,https://www.nordstrom.com/s/press-on-nails-set-short-almond/9082398,https://i.pinimg.com/originals/dc/68/39/dc6839626a8f76da4910f84ceb245488.jpg,350,350,0,2026-07-14
2026-09-05,unhas decoradas,532058143502677716,56,21,0,Elegant Green Floral Nails | Dark Green & Gold Luxury Nail Art,,,https://i.pinimg.com/originals/75/61/e2/7561e232937c2c10cee724bec8d7d927.png,1024,1536,0,2026-08-26
2026-09-05,unhas decoradas,512284526390171581,57,1687,0,"Fall Matte Nails 2025: Trendy Autumn Designs, Colors, and Inspo",thepinkgoose.com,https://thepinkgoose.com/nails/fall-matte-nails-2025-autumn-colors-ideas/,https://i.pinimg.com/originals/2d/d0/5c/2dd05c8fb2598a2351b8fbe3190d1101.webp,736,1312,0,2025-09-25
2026-09-05,unhas decoradas,AXStoKNUXa7ORVpwec0P6ffo_YGjydy7eTVUA5s3aifyUVqhSEWC444nuFOQbMlgZKPt1TZCTqN8_jZInYFJvEQ,58,0,0,find balance within with,mooncat.com,https://www.mooncat.com/collections/dearly-departed,https://i.pinimg.com/originals/d9/4f/f3/d94ff39b5e85534ca94a83c16380128c.jpg,1080,1920,1,2026-07-18
2026-09-05,unhas decoradas,276408495876108983,59,535,0,💗 Pink & Gold Almond Nails | Elegant Minimalist Nail Art ✨,,,https://i.pinimg.com/originals/ca/0f/48/ca0f48f2c372d181b555535ceda5a4fd.jpg,2048,3072,0,2026-08-26
2026-09-05,unhas decoradas,1140044093218584656,60,4,0,,,,https://i.pinimg.com/originals/4c/3d/b3/4c3db3fcb1c055861263624854953fdb.jpg,769,1365,0,2026-08-16
2026-09-05,unhas decoradas,4644405861712802,61,2034,0,,,,https://i.pinimg.com/originals/49/08/12/490812065607f50eff916c311fcf2ebc.jpg,1080,1920,0,2026-08-21
2026-09-05,unhas decoradas,1087267535074401411,62,7,0,Lavender Butterfly Acrylic Nails 🦋💜 | Dreamy Purple Nail Ideas,,,https://i.pinimg.com/originals/af/36/79/af3679d994a3bbd8cfee9f00fd21a865.png,1024,1536,0,2026-08-18
2026-09-05,unhas decoradas,881438958343204381,63,4,0,Pastel color nailart,,,https://i.pinimg.com/originals/dc/45/9f/dc459f3139ec2c1c81fe44f28ab4c3f4.png,1024,1536,0,2026-08-16
2026-09-05,unhas decoradas,903182900326555952,64,55,0,Pastel Pink & Lavender Floral Nails | Elegant Spring Almond Nail Art,,,https://i.pinimg.com/originals/37/2e/26/372e262d8a5a36a348ffc663257ce3f6.png,1024,1536,0,2026-08-25
2026-09-05,unhas decoradas,697565429827809200,65,30,0,Summer to Fall Transition Nails 🍂🌼 Late Summer Early Fall Nail Ideas,,,https://i.pinimg.com/originals/2e/04/61/2e046197ae2753bd09b7b210feddf727.png,1024,1536,0,2026-08-21
2026-09-05,unhas decoradas,788130003586060108,66,2606,0,(9) Instagram,instagram.com,https://www.instagram.com/glamourmag/,https://i.pinimg.com/originals/08/96/ff/0896ff03414fbd739d1a5bcd08fd3492.jpg,1080,1920,0,2026-02-16
2026-09-05,unhas decoradas,425449496065566622,67,33390,0,,,,https://i.pinimg.com/originals/e3/2a/b7/e32ab777872bbcf1a87a927ba6adb31b.jpg,474,711,0,2024-12-17
2026-09-05,unhas decoradas,608056387236442036,68,50,0,,,,https://i.pinimg.com/originals/bc/ac/37/bcac37f14c3a12b0dd05b9b1b8197bfc.jpg,675,1200,0,2026-08-14
2026-09-05,unhas decoradas,47147127346821620,69,414,0,,,,https://i.pinimg.com/originals/05/94/b7/0594b7a0a27ae9ac387f3cd637e44023.jpg,736,1318,0,2026-08-25
2026-09-05,unhas decoradas,494621971598563376,70,26,0,Sage Green Bloom Nails | Elegant Floral Almond Nail Art,,,https://i.pinimg.com/originals/82/31/61/823161277cec8daf577552180b474136.png,1024,1536,0,2026-08-23
2026-09-05,unhas decoradas,305470787275150508,71,84,0,,,,https://i.pinimg.com/originals/95/fd/de/95fdde701791a48f04ee084d7f5caf34.jpg,735,1105,0,2026-08-24
2026-09-05,unhas decoradas,4222193396430235,72,6055,0,Chocolate Marble Nails Are Having a Moment 🍫🤎,,,https://i.pinimg.com/originals/af/fb/ef/affbef1bfe6e50a02092d78ba08838e0.png,1024,1536,0,2026-08-26
2026-09-05,unhas decoradas,AUzM0JMSrdLUcTn2L4u1vtnNApBnxtjWmzc03_s_q1PlXvMUNcTinvRKECcupTj3nYmyWKlDrWXmFoDY6Gj0bT4,73,0,0,Set & Sealed,livbaysupplies.com,https://livbaysupplies.com/products/set-sealed-lash-adhesive?_pos=1&_psq=set&_psid=b484a9e55&_ss=e,https://i.pinimg.com/originals/1b/5f/93/1b5f9329580fda53142258adc76764aa.jpg,1080,1920,1,2026-08-04
2026-09-05,unhas decoradas,292382200833102264,74,953,0,,woman-trend.com,https://woman-trend.com/nails/trendy-winter-nail-colors-2025-2026-gel-ideas/?tie-ajax-post=1,https://i.pinimg.com/originals/11/76/29/1176291bd3fceb69565fcd128baf8571.webp,736,1312,0,2026-01-09
2026-09-05,unhas decoradas,1100496858978132461,75,22,0,CLAIM FREE Items Now👇,amzn.to,https://amzn.to/46jcL01,https://i.pinimg.com/originals/66/b5/5b/66b55b376f934866369bd116930f90d4.png,1024,1536,0,2026-08-20
2026-09-05,unhas decoradas,1089097122421175549,76,1,0,Unha Feminina Postiça,s.shopee.com.br,https://s.shopee.com.br/5q7bvgfg1c?channel_type=pinterest,https://i.pinimg.com/originals/7f/93/1f/7f931f4ba0c8ea2c909e3811f74d39de.jpg,2048,3072,0,2026-08-23
2026-09-05,cabelo cacheado cuidados,AY0-8tpmECOSo6fQtB82qCp1bpLTbZ-NxMf07N0tzT0wwRdrLNg5pCXn01yWMK2FIQuCHPUTDzZSjqlhBotm54U,1,0,0,Kérastase's Bestselling,kerastase-usa.com,https://www.kerastase-usa.com/collections/elixir-ultime/lhuile-original-hair-oil-refillable-for-hair-shine.html?utm_source=pinterest&utm_medium=traffic&utm_campaign=serums,https://i.pinimg.com/originals/df/db/0e/dfdb0ea9772714fb7ca306a19665cb6e.jpg,1080,1350,1,2026-08-24
2026-09-05,cabelo cacheado cuidados,520025088247016307,2,56,0,🤎 Rotina de cuidados para cabelos cacheados,,,https://i.pinimg.com/originals/b9/4d/b8/b94db88ae470addaae4d9da69e643352.png,1086,1448,0,2026-08-15
2026-09-05,cabelo cacheado cuidados,ARnbhhFY7nJHWcuEnuWvU7_ln9GtUmz0yT-dtIEiLA_JwwOpjcNT72gn1UH1v4AaCgf8Dp5xJ9d7gGGHlk8BkVA,3,964,0,Get blowout hair with,kohls.com,https://www.kohls.com/catalog/sephora-hair-care.jsp?CN=Partnership:Sephora+Category:Hair%20Care&BST=7416733:5585314:5080412:6970322:5597839&icid=social-paid-pnstatcoll-trendingsephorahairblowouts-np-2608wk2&cid=SO26PDPIN0625&utm_campaign=paid_social&utm_medium=paid_social&utm_source=pinterest&utm_content=2026pdpin625,https://i.pinimg.com/originals/3f/8a/0a/3f8a0a3361f12833fb8b002c3f4388a4.jpg,1080,1920,0,2026-08-18
2026-09-05,cabelo cacheado cuidados,4785143352422537,4,1111,0,Como acordar com o cabelo cacheado perfeito.,,,https://i.pinimg.com/originals/74/07/82/740782e1a0155b677f3fc0b361aaeb30.png,1024,1536,0,2026-06-30
2026-09-05,cabelo cacheado cuidados,281543726536133,5,1361,0,,,,https://i.pinimg.com/originals/dc/19/96/dc199687612678c53808c2a81593ef4d.jpg,1080,1920,0,2026-01-05
2026-09-05,cabelo cacheado cuidados,ARzzLlVViCSmYJnUmqgSuwAQR3Ubzay-QjJD4kyLdshHJF-QtvZL74S2YCJIK6k0Q8t8ezYBFv6OxGcfT35JToM,6,49,0,Scalp is skin... Healthy,cerave.com,https://www.cerave.com/skin-smarts/hair-and-scalp-expertise/non-medicated-haircare-systems?utm_source=pinterest&utm_medium=social_post_paid&utm_content=cer_haca_nonmedicated_display_aw&utm_campaign=cer_haca_nonmedicated_1h'26_none,https://i.pinimg.com/originals/46/fc/28/46fc28285fe70211b53c487e8be6af7e.jpg,1000,1500,0,2026-03-18
2026-09-05,cabelo cacheado cuidados,1022317184154404279,7,908,0,,,,https://i.pinimg.com/originals/cd/09/77/cd097792f14e124321eb7ab9a83dc70d.jpg,736,983,0,2024-06-16
2026-09-05,cabelo cacheado cuidados,AfYvnKSN04Z8l5aiCzG5AVBM3HV6KOmbqQkfb54WyvW74co_xW4vtSjvAQTlDmUiLX_d8EltFHDwAvC6-8dBDLA,8,1,0,Curly Wavy Styling Cream,inspireuplift.com,https://www.inspireuplift.com/curly-hair-styling-cream-moisturizing-curl-defining-cream/iu/21717375?variant=474837688,https://i.pinimg.com/originals/d2/16/b8/d216b8be5081a9db1581a81a77fd5c3a.jpg,1600,1600,0,2026-07-10
2026-09-05,cabelo cacheado cuidados,AavHSdeh2rk4HOVK8JWYQCpXVVolJUkmbb-ULsULUCsR38jgSARdBKOwWbXOlcRiUz6UfcQkaKQo4EDk-Me5LNo,9,1,0,Nut Oil Curl Elastic,us.shein.com,https://us.shein.com/ark/default?scene=1&test=5051&ad_type=DPA&goods_id=450217206&pf=PINTEREST&url_from=PINADSDPA&ismg=672e4c5d051a3c9e284a9fa729b6c93fb8c683d04ff6eb154bc7dfcce229aa9c_01_1788542397,https://i.pinimg.com/originals/e8/36/90/e8369048b3e17b5ac8b86fb5c29dd98e.jpg,1000,1000,0,2026-07-10
2026-09-05,cabelo cacheado cuidados,865887465894275205,10,2,0,"Como saber se seu cabelo precisa de hidratação, nutrição ou reconstrução? | Guia completo",,,https://i.pinimg.com/originals/3d/da/75/3dda75f364b057898e5906fe5be97dfe.png,1024,1536,0,2026-08-23
2026-09-05,cabelo cacheado cuidados,1067705024178679073,11,25,0,5 dicas para definir seus cachos,,,https://i.pinimg.com/originals/ab/e0/c1/abe0c1494361a9b28013748424e44670.png,1024,1536,0,2026-08-06
2026-09-05,cabelo cacheado cuidados,1145955067718898168,12,1,0,Inspo/cabelos cacheados 💇🏾‍♀️,,,https://i.pinimg.com/originals/76/c7/38/76c73888cec3dbaced4627de505371b4.png,1024,1536,0,2026-08-25
2026-09-05,cabelo cacheado cuidados,AaoYk85DVDdkCGdga_jlFueRWSTKFpV8brS0eqbezqcy39PDecLsEt09vmAtSX-stMfzjsiY9Blcdrb_6IjiumQ,13,2,0,Curl Oil - 3 fl oz,verbproducts.com,https://www.verbproducts.com/products/curl-oil?variant=42987028185177,https://i.pinimg.com/originals/d6/1e/ab/d61eabd107b364de39e35daba0c3c3a1.jpg,2000,2000,0,2026-04-29
2026-09-05,cabelo cacheado cuidados,AbI71UstME4cx61aHTwcE2iGTgPptmsJHIXFew_y8gwKjhvVn1sFlRIiXDShgagRXIsoz6DMpfDDuDqZtAUJihA,14,11,0,Beautiful Hair with Tea:,amazon.com,https://www.amazon.com/Beautiful-Hair-Tea-Protocols-Healthier/dp/B0H32STZWP/ref=asc_df_B0H32STZWP?hvdev=%7Bdevice%7D&hvcampaign=%7Bcampaignid%7D&hvadgroupid=%7Badgroupid%7D&hvprdptid=%7Bproduct_partition_id%7D&hvprdgrpid=%7Bpromoted_product_group_id%7D&hvcr=%7Bcreative_id%7D&hvadid=%7Badid%7D&hvprdid=%7Bproduct_id%7D&hvplc=%7Bplacement%7D&psc=1&tag=%7Bifnotmobile:ushpadpinde-20%7D%7Bifmobile:ushpa,https://i.pinimg.com/originals/8b/16/81/8b1681d95cf98f5e997ce6d042ef83e2.jpg,1000,1499,0,2026-08-09
2026-09-05,cabelo cacheado cuidados,77968637295780658,15,116,0,Projeto Rapunzel: 6 Segredos para o Cabelo Cacheado Crescer Rápido e Forte ✨🌸,,,https://i.pinimg.com/originals/97/51/b8/9751b8bac275b33ff80d59a29d21d018.jpg,1200,1800,0,2026-04-22
2026-09-05,cabelo cacheado cuidados,Af_WVyy38IrJXxdBZMk_MaNWTUcXCqaT-5xr-QhpLmDWKM2TJNKYzo1GivauBlSM350ZUH3aWZ20gsRt_8TdwGE,17,204,0,A Routine Built Around,prose.com,https://prose.com/consultation/haircare/first-question,https://i.pinimg.com/originals/23/16/f3/2316f36759900818290d2485292d5d49.jpg,1080,1920,1,2026-06-29
2026-09-05,cabelo cacheado cuidados,678073287692945656,18,7,0,Dicas preciosas para os seus cachos 🥰⭐,,,https://i.pinimg.com/originals/de/dc/b3/dedcb3a41d59f11eb96d31a5cd5c331d.png,1024,1536,0,2026-07-15
2026-09-05,cabelo cacheado cuidados,AThV8cetKzQKAvZfKepxtbtIKuAuklSU2qBcXMNSw_mkKhhMiBEqgBi9_em-smxfM1PFM2sfJcWPooZGgdPqaFA,19,0,0,"Curly Hair, Understood: A",amazon.com,https://www.amazon.com/Curly-Hair-Understood-Stylists-Thrives/dp/B0HFNMR65Y/ref=asc_df_B0HFNMR65Y?hvdev=%7Bdevice%7D&hvcampaign=%7Bcampaignid%7D&hvadgroupid=%7Badgroupid%7D&hvprdptid=%7Bproduct_partition_id%7D&hvprdgrpid=%7Bpromoted_product_group_id%7D&hvcr=%7Bcreative_id%7D&hvadid=%7Badid%7D&hvprdid=%7Bproduct_id%7D&hvplc=%7Bplacement%7D&psc=1&tag=%7Bifnotmobile:ushpadpinde-20%7D%7Bifmobile:ushpa,https://i.pinimg.com/originals/95/00/6d/95006d997f6d7ba3d4d98fa56b68235f.jpg,1000,1499,0,2026-08-22
2026-09-05,cabelo cacheado cuidados,1142155155523562411,20,453,0,"Se você tem cabelo cacheado, precisa conhecer estas dicas! 💜",instagram.com,https://www.instagram.com/ju.estetica.avancada,https://i.pinimg.com/originals/39/56/37/3956372bdc6ec9e0044a928e49a20fd8.png,1024,1536,0,2026-05-30
2026-09-05,cabelo cacheado cuidados,360006563998850782,21,269,0,👩🏻‍🦱Guia completa de dicas para o seu cabelo cacheado 🌷,,,https://i.pinimg.com/originals/00/86/a0/0086a06907b3c863014d82e670178ad3.png,1024,1536,0,2026-08-22
2026-09-05,cabelo cacheado cuidados,AeDQXTERnEPG-6k8lbMKKSRoTpiwPvABZqTaS0YK7Mdt4M3gcEG7DjOn1btOymRvTv53hgbjxf-sU6svMszZEcs,22,2,0,Temu | Moisturizing,temu.com,https://www.temu.com/ul/kuiper/un3.html?subj=dpa-un&_bg_fs=1&_p_jump_id=1082&_x_vst_scene=adg&goods_id=601101784645682&adg_ctx=a-a3697aaa~c-fe53b8cc&_p_rfs=1&_x_ads_channel=pinterest&_x_ads_creative_id=%7Bproduct_partition_id%7D&_x_ads_id=%7Badgroupid%7D&_x_ads_set=%7Bcampaignid%7D&_x_ads_sub_channel=shopping&_x_ns_catalog_id=1567707391772&_x_ns_creative=%7Badid%7D&_x_ns_gid=601101784645682&_x_ns_,https://i.pinimg.com/originals/14/8e/61/148e61a941eb5ac711ccacf013cf2430.jpg,800,800,0,2026-08-03
2026-09-05,cabelo cacheado cuidados,24980972928480503,23,2361,0,Cuidados com Cabelo Cacheado! Como evitar Frizz no cabelo!,,,https://i.pinimg.com/originals/6a/6f/99/6a6f99c597e8c076b2e5ddb2fa2385a3.jpg,676,1201,0,2024-10-25
2026-09-05,cabelo cacheado cuidados,AatmoNbhFzY1VVm3oc1ucjvMQL9F0bCPvKtrw4l5G117QB44iTgA_svTtENVVKVcXw1Rgs7k0wXHj09XoG_EfgY,24,1,0,Cabello Hermoso y,amazon.com,https://www.amazon.com/Cabello-Hermoso-Saludable-resultados-Profesional/dp/B0HB162FRP/ref=asc_df_B0HB162FRP?hvdev=%7Bdevice%7D&hvcampaign=%7Bcampaignid%7D&hvadgroupid=%7Badgroupid%7D&hvprdptid=%7Bproduct_partition_id%7D&hvprdgrpid=%7Bpromoted_product_group_id%7D&hvcr=%7Bcreative_id%7D&hvadid=%7Badid%7D&hvprdid=%7Bproduct_id%7D&hvplc=%7Bplacement%7D&psc=1&tag=%7Bifnotmobile:ushpadpinde-20%7D%7Bifmo,https://i.pinimg.com/originals/9f/b0/51/9fb0510a74e8524023261bcbb4b05c2e.jpg,1000,1499,0,2026-07-27
2026-09-05,cabelo cacheado cuidados,20195898327096265,25,2438,0,cuidados capilar,,,https://i.pinimg.com/originals/98/19/71/9819710a8c3453702ba71ebb1e038245.jpg,1080,1758,0,2025-11-18
2026-09-05,cabelo cacheado cuidados,1044412969862265469,26,6,0,7 hábitos que deixam o cabelo mais bonito todos os dias ✨ Guia simples para fios saudáveis,,,https://i.pinimg.com/originals/03/82/89/038289338a66c35c191bea3abc1c7b6c.jpg,864,1536,0,2026-08-15
2026-09-05,cabelo cacheado cuidados,5629568279962631,27,4177,0,Vai cuidar do cabelo? faça da forma correta!!,,,https://i.pinimg.com/originals/8a/e8/d8/8ae8d807cc48e88854a31c7af16d2f43.jpg,736,1308,0,2025-12-07
2026-09-05,cabelo cacheado cuidados,AY8sIcfOS6amd4A81CKTj6zX5_z2yRQe0SwXZd9bam-UctzdG0WfcKY3C6voOdXeYyfC_joZhSGSXIjn-JA3JE4,28,0,0,VivifyCurl™ — Instantly,luvilea.com,https://luvilea.com/products/vivifycurl%E2%84%A2-instantly-wake-up-your-curls-with-weightless-all-day-bounce?variant=51814473138513,https://i.pinimg.com/originals/b0/60/bc/b060bc69067d2ef42f9e3ff6d2f4cb05.jpg,923,1254,0,2026-05-06
2026-09-05,cabelo cacheado cuidados,1144758799062769202,29,14,0,"Dicas de cabelo, dicas para seu cabelo",s.shopee.com.br,https://s.shopee.com.br/2LXSUKFUGl?channel_type=pinterest,https://i.pinimg.com/originals/ca/b2/af/cab2af2c7e8fc8a45c3142cbc2972e66.jpg,1280,1600,0,2026-08-12
2026-09-05,cabelo cacheado cuidados,71002131620906658,30,102,0,5 Dicas para cachos perfeitos!🤩,,,https://i.pinimg.com/originals/21/97/90/219790089dd87ffa06bd415bc917f459.jpg,1080,1920,0,2025-11-18
2026-09-05,cabelo cacheado cuidados,Af1I7AJWEfM6eRzlpVMjFfCt1KcFINjqcRXJ2Z4YfEd4-30frYBi0b2FHf0JGEnueyNwyseo_G_AjFZRmXxwth8,31,1,0,Temu | ZORAELY Crema,temu.com,https://www.temu.com/ul/kuiper/un3.html?subj=dpa-un&_bg_fs=1&_p_jump_id=1082&_x_vst_scene=adg&goods_id=606297378368922&adg_ctx=a-e957131a~c-2e5b730e&_p_rfs=1&_x_ads_channel=pinterest&_x_ads_creative_id=%7Bproduct_partition_id%7D&_x_ads_id=%7Badgroupid%7D&_x_ads_set=%7Bcampaignid%7D&_x_ads_sub_channel=shopping&_x_ns_catalog_id=1580405374697&_x_ns_creative=%7Badid%7D&_x_ns_gid=606297378368922&_x_ns_,https://i.pinimg.com/originals/01/3e/80/013e80f32b0dc4ffd2a8bb0deeca153d.jpg,2000,2000,0,2026-07-15
2026-09-05,cabelo cacheado cuidados,142004194499794157,32,443,0,Como cuidar do seu crespo!😊🍪,,,https://i.pinimg.com/originals/0e/34/71/0e347108b3c495eeb192ac1869a8f9df.png,1122,1402,0,2026-07-27
2026-09-05,cabelo cacheado cuidados,AUQqUugR0XuuD6GU303AKtIIVSV4F2bt9XOLdudrOqMlhyictWytmDGTNBs-aYoh0vkNJs922Yty5dcXzDiWSYA,33,19,0,Curl-Boosting Hair Mousse,target.com,https://www.target.com/p/herbal-essences-curl-boosting-hair-mousse-6-8oz/-/A-86675590?TCID=PDS-%7Bcampaignid%7D-%7Badgroupid%7D,https://i.pinimg.com/originals/4e/92/86/4e92863f2bc8bd5a60c0fdfdb8c4029c.jpg,1000,1800,1,2026-02-13
2026-09-05,cabelo cacheado cuidados,600386194121089125,34,59,0,como ter o cabelo grande?,,,https://i.pinimg.com/originals/40/7f/fd/407ffd6c8723eada52a4bbaa7cf3626f.jpg,736,1104,0,2026-04-10
2026-09-05,cabelo cacheado cuidados,123215739807632743,35,115,0,Dica do que não se fazer em cabelos cacheados,,,https://i.pinimg.com/originals/1a/2b/8e/1a2b8eaa82b9b66fb39ec854d1d13a65.png,1000,1500,0,2026-03-21
2026-09-05,cabelo cacheado cuidados,873979871474549526,36,9,0,,,,https://i.pinimg.com/originals/89/3b/a5/893ba587c63c3a623337854c3ef13c43.jpg,1200,1800,0,2026-08-25
2026-09-05,cabelo cacheado cuidados,4785143352422527,37,111,0,"Cachos lindos começam com pequenos cuidados! Hidrate, proteja e valorize a beleza natural",,,https://i.pinimg.com/originals/78/02/e0/7802e0e7924cb2239ba4fe6ce6569d3e.png,1024,1536,0,2026-06-30
2026-09-05,cabelo cacheado cuidados,972214638328740824,38,1,0,,,,https://i.pinimg.com/originals/b7/4b/65/b74b6536cf2a5b99828b8d4a1aa629cf.jpg,736,1104,0,2026-07-16
2026-09-05,cabelo cacheado cuidados,26317979069861122,39,257,0,minha rotina capilar essa semana 💆‍♀️⭐️✨🛁🧴 #explorepage #girls,instagram.com,https://www.instagram.com/p/DXKlZVdD-jX/,https://i.pinimg.com/originals/00/6e/7b/006e7b24643dc4a081652885a7570c56.jpg,1440,1920,0,2026-07-18
2026-09-05,cabelo cacheado cuidados,286260120063217467,40,292,0,"Achieve the ultimate bouncy, defined-curls look effortlessly right for your back to school glow up! 🪵💒 This viral curly hair care routine guide deeply transforms your hair health to deliver next-level",,,https://i.pinimg.com/originals/17/d9/32/17d932419e78ce84911724a5c133c3b7.jpg,1024,1536,0,2026-08-26
2026-09-05,cabelo cacheado cuidados,734579389266436264,41,57,0,Conograma capilar cachos 3C,,,https://i.pinimg.com/originals/10/f6/53/10f65366dc06b43c39a4d5ea6249a1e8.png,1024,1536,0,2026-08-17
2026-09-05,cabelo cacheado cuidados,919297342754286568,42,25,0,,,,https://i.pinimg.com/originals/3f/34/cf/3f34cf9fa5d8db793abfd80fb2d4866d.jpg,1200,1800,0,2026-08-15
2026-09-05,cabelo cacheado cuidados,32651166043298281,43,161,0,4 Cuidados Essenciais para seus Cabelos Cacheados!,enroladasblogbr.wixsite.com,https://enroladasblogbr.wixsite.com/enroladas/post/5-dicas-para-finalizar-cabelo-cacheado,https://i.pinimg.com/originals/0d/fc/f9/0dfcf9ae898e81a4a9ac79610e09a7f5.jpg,675,1200,0,2025-03-02
2026-09-05,cabelo cacheado cuidados,AXPRHySw0KA-5Q0SG99UVN2lPgRFRWbfhPHOWrMOsUOE9W3VMAhYnwmcM1Yq3RUDjOc359pQZmPFlXdP_pNNOl4,44,0,0,Temu | 7-in-1 Adult Curly,temu.com,https://www.temu.com/ul/kuiper/un3.html?subj=dpa-un&_bg_fs=1&_p_jump_id=1082&_x_vst_scene=adg&goods_id=607519816689432&adg_ctx=a-7fb82c62~c-8f0819a8&_p_rfs=1&_x_ads_channel=pinterest&_x_ads_creative_id=%7Bproduct_partition_id%7D&_x_ads_id=%7Badgroupid%7D&_x_ads_set=%7Bcampaignid%7D&_x_ads_sub_channel=shopping&_x_ns_catalog_id=1567707391772&_x_ns_creative=%7Badid%7D&_x_ns_gid=607519816689432&_x_ns_,https://i.pinimg.com/originals/e8/b4/7f/e8b47ff252ce20dbb447cab35dc6ba3c.jpg,1254,1254,0,2026-08-12
2026-09-05,cabelo cacheado cuidados,503277327133634478,45,4,0,"Cachos ressecados não aparecem do dia para a noite e a recuperação também acontece com uma rotina de cuidados consistente!✨ Pequenos hábitos fazem toda a diferença para devolver a maciez, o brilho e a",,,https://i.pinimg.com/originals/12/80/93/1280937e7c8417264df5accc03eb9018.png,4500,5625,0,2026-07-28
2026-09-05,cabelo cacheado cuidados,15762667444647585,46,363,0,,,,https://i.pinimg.com/originals/4b/34/f7/4b34f7a8ed0cd1a9630ef3907b5d74bf.jpg,736,1104,0,2026-08-10
2026-09-05,cabelo cacheado cuidados,200973202116613961,47,201,0,Cuidados para ter um cabelo cacheado bonito e saudável | por Cintia Araujo,,,https://i.pinimg.com/originals/49/d9/ba/49d9bab49bd0b08cb559570d7dfc55a7.jpg,1080,1920,0,2025-08-20
2026-09-05,cabelo cacheado cuidados,1086423110131970547,48,36,0,"Como cuidar do seu cabelo cacheado, e ter a textura que só ele tem.",,,https://i.pinimg.com/originals/7e/90/bb/7e90bb62e2e40e6e6c1d6c08095a83c4.jpg,844,1501,0,2026-02-13
2026-09-05,cabelo cacheado cuidados,335799715990998464,49,25,0,Cabelo ressecado ou poroso ?,,,https://i.pinimg.com/originals/97/77/0b/97770ba3fa0393cf0304b6d7010d40ce.png,1024,1536,0,2026-07-17
2026-09-05,cabelo cacheado cuidados,80783387062639366,50,123,0,Rotina simples para cuidar do cabelo cacheado.,,,https://i.pinimg.com/originals/68/d7/dc/68d7dcb11858a00ece5037afc3dfb995.png,1023,1537,0,2026-06-29
2026-09-05,cabelo cacheado cuidados,162129655331309227,51,92,0,7 Segredos para Cachos Super Hidratados e com Brilho (Guia Definitivo 🎀),,,https://i.pinimg.com/originals/87/75/fc/8775fc506414e4cfca8a5f171dff4963.jpg,1200,1800,0,2026-06-03
2026-09-05,cabelo cacheado cuidados,15903404930746010,51,6679,0,Crescimento dos cachos,,,https://i.pinimg.com/originals/8a/98/5a/8a985a85feadf65551c23e6fbaae2e97.jpg,1080,1920,1,2026-02-23
2026-09-05,cabelo cacheado cuidados,AUzN7jYdE5ixQUgQJd7a2pjbYaZEYq975-oDnSAa-9T1Z8cwD9JYMi5cB76BBF0yq0B1nSjRDREfSCV_ibLaDww,52,0,0,UltraSoft Microfiber Hair,wayfair.com,https://www.wayfair.com/Hokku-Designs--UltraSoft-Microfiber-Hair-Towel-Wrap-Super-Absorbent-Extra-Large-for-Long-Thick-Curly-Hair-Elastic-Loop-41x30-Perfect-Camel-X225452920-L2244-K~W114341819.html,https://i.pinimg.com/originals/fc/fe/2d/fcfe2d2088ea0ac18f92ea2e2d1879a1.jpg,400,400,0,2026-08-08
2026-09-05,cabelo cacheado cuidados,AemwIDo_Ez6FhGYQwCHvijjH53kmbjI_oHEIwtIJmZaA3f9-cfkyrRC_En_i20DVCierQXrYV2J8CmGeRCbbRDA,53,43,0,CeraVe Haircare,cerave.com,https://www.cerave.com/haircare/oil-control?utm_source=pinterest&utm_medium=social_post_paid&utm_content=cer_hair_oil-balancing_display_aw&utm_campaign=cer_hair_oil-balancing_pinterest-1h'26_none,https://i.pinimg.com/originals/65/4e/c2/654ec2b93c4504553e23b7b4c9425f79.jpg,1000,1500,0,2026-03-18
2026-09-05,cabelo cacheado cuidados,1107955945856839882,54,298,0,Como acordar com os cachos mais bonitos.,,,https://i.pinimg.com/originals/6d/2d/85/6d2d8571e13656c6b91241f380a33452.png,1024,1536,0,2026-05-11
2026-09-05,cabelo cacheado cuidados,AYXOk81rsHZu_QJ_9GIN02wy7nQghIs-aLg_2GYFuC6CSuwqbTNSLjGxZamnTKDMCwO4SlYlMGkVSAVIVz0T3-M,55,3,0,Black Hair Dryer,homedepot.com,https://www.homedepot.com/p/Wudkey-1875-Watts-Fast-Drying-Blown-Away-Ionic-Hair-Dryer-in-Black-with-Diffuser-and-3-Attachments-for-All-Hair-Types-CE3R17-6/341936109?cm_mmc=psoc-pinprg-%7Bcampaignid%7D-%7Badgroupid%7D,https://i.pinimg.com/originals/0f/ca/6b/0fca6b96806a1cbd0116d0e430b999af.jpg,1000,1000,0,2026-03-26
2026-09-05,cabelo cacheado cuidados,1078471442022755531,56,707,0,,,,https://i.pinimg.com/originals/0f/d3/37/0fd33752919c457fdcd5927e4b3c4577.jpg,735,1368,0,2025-06-11
2026-09-05,cabelo cacheado cuidados,Ac2xZKypVU6uV4yulRqifaIIghFF_uB-Kj6rO8IuxpK7lyDU6HjTsKquvLAvcXCAJoI8esYQ6MnDJPQNeK0RgDM,57,0,0,Quince | Women's Hair,quince.com,https://www.quince.com/health-&-wellness/vitamins-&-supplements/womens-hair-support?color=no-color&size=30-servings,https://i.pinimg.com/originals/43/ef/f0/43eff0bb4f1849c1af3d8dcabf67a1fe.jpg,964,1446,0,2026-07-15
2026-09-05,cabelo cacheado cuidados,3940718419977072,58,2835,0,,,,https://i.pinimg.com/originals/97/30/ce/9730ce0ff6c7647f155c3b9e039595cd.jpg,720,1280,0,2025-03-28
2026-09-05,cabelo cacheado cuidados,1044412969862398205,59,1,0,"Qual Finalizador Usar no Cabelo? Creme, Leave-in, Óleo ou Gel",s.shopee.com.br,https://s.shopee.com.br/5LB0ldS2eh?channel_type=pinterest,https://i.pinimg.com/originals/49/79/a6/4979a665eac5a6686a5842ff05647f91.png,1024,1536,0,2026-08-19
2026-09-05,cabelo cacheado cuidados,831617887497343519,60,8,0,Cabelos crespos,s.shopee.com.br,https://s.shopee.com.br/40fRhanDXw?channel_type=pinterest,https://i.pinimg.com/originals/ae/f1/e5/aef1e57bc17574d8bd8da7d9c29c84f0.jpg,1024,1536,0,2026-08-03
2026-09-05,cabelo cacheado cuidados,163677767704290986,62,732,0,Como cuidar do seu cabelo💇‍♀️✨️,pinterest.com,https://www.pinterest.com/?show_error=true,https://i.pinimg.com/originals/49/c0/9a/49c09a457a18399adfe75adef535847f.jpg,736,1308,0,2025-01-14
2026-09-05,cabelo cacheado cuidados,173951604352515127,63,9120,0,@beabeloti 🩷,,,https://i.pinimg.com/originals/94/82/ae/9482ae2202602968b45b1c55334b908f.jpg,1080,1898,0,2026-01-26
2026-09-05,cabelo cacheado cuidados,1044412969862416683,64,1,0,Seu Cabelo Está Pesado? 5 Sinais de Excesso de Produto,,,https://i.pinimg.com/originals/5b/b0/16/5bb0163c5928c3677d109ff3bbe1e016.png,1024,1536,0,2026-08-20
2026-09-05,cabelo cacheado cuidados,AakYdgbZuBWUom0fhkXAIi5vATDiN89D_mueasNGwE4d4vfKtAv6zuH2RLbZiRD1gGaOm_oW89Nd3bC1S1n0d00,65,115,0,Struggling with hair,kiierr.com,https://kiierr.com/regrow-your-hair-tan/,https://i.pinimg.com/originals/be/3b/94/be3b947f939d81529ed459a37f175c5e.jpg,718,1280,1,2025-07-11
2026-09-05,cabelo cacheado cuidados,27514247717611041,66,1717,0,Você faz certo?,,,https://i.pinimg.com/originals/c0/10/a2/c010a229afe6cbd4ff92f2f09377ce08.png,1080,1920,0,2025-01-14
2026-09-05,cabelo cacheado cuidados,4607956595058060928,67,61,0,Tratamento para Cabelos Ressecados e Porosos:...,katiaribeiro.com.br,https://katiaribeiro.com.br/tratamento-para-cabelos-ressecados-e-porosos-recupere-o-brilho-e-a-maciez-dos-fios/,https://i.pinimg.com/originals/b2/00/42/b20042c2fcb7e9e1ca0cbb29291f4d00.webp,2560,3742,0,2026-04-10
2026-09-05,cabelo cacheado cuidados,625226360800614041,68,559,0,"A porosidade capilar acontece quando o cabelo está muito poroso e ressecado, sendo uma forma de medir o quanto os fios conseguem absorver de nutrientes. Descobre o que o seu cabelo precisa na hora da ",instagram.com,https://www.instagram.com/p/C8IUQ3Yut5v/?img_index=4,https://i.pinimg.com/originals/f8/e6/4e/f8e64eb5230f20dcf1e7dca2388656a7.jpg,1080,1350,0,2024-06-18
2026-09-05,cabelo cacheado cuidados,144537469338601956,69,116,0,Como deixar o cabelo cacheado mais definido 💜,,,https://i.pinimg.com/originals/e2/d2/45/e2d2459c5a82e74ed37e50b040b60562.jpg,736,1104,0,2026-08-21
2026-09-05,cabelo cacheado cuidados,144889313007335449,70,49,0,Porque seu cabelo cacheado não define.,,,https://i.pinimg.com/originals/92/79/7c/92797c2dc86847c95183e48430a36386.png,1024,1536,0,2026-06-05
2026-09-05,cabelo cacheado cuidados,1107955945855832549,71,15,0,Hábitos que deixam o cabelo cacheado mais saudável.,,,https://i.pinimg.com/originals/67/c6/01/67c6014c7cfb90fc476f8edf8fbb2cc5.png,1024,1536,0,2026-04-26
2026-09-05,cabelo cacheado cuidados,310607705569143727,72,206,0,ROTINA CAPILAR PARA CACHEADAS!! / JÁ SALVA PARA NÃO PERDER!!,,,https://i.pinimg.com/originals/91/84/01/918401df0c1048585d6f35f46b8ae40f.png,576,1024,0,2025-06-21
2026-09-05,cabelo cacheado cuidados,640355640830509700,73,22,0,,,,https://i.pinimg.com/originals/ce/e3/55/cee35529a482616f6080a3e012d22a72.png,1024,1536,0,2026-05-09
2026-09-05,cabelo cacheado cuidados,919297342752155705,74,3,0,Cachos Perfeitos: 6 Hábitos para uma Definição Duradoura,,,https://i.pinimg.com/originals/d3/3e/a6/d33ea6699ca91c93a9f23f370dabedce.jpg,1200,1800,0,2026-06-12
2026-09-05,cabelo cacheado cuidados,547820742197438826,75,22,0,,,,https://i.pinimg.com/originals/73/63/f6/7363f64d55dfb9446782bd17fa8a954d.jpg,736,1307,0,2026-08-23
2026-09-05,cabelo cacheado cuidados,AXV4vI80HOF9K-jX8FBJ4h8C9LCCwFBAWrm-aq2-Tu3AnanhMW3JMkSENv0G-gHdp0QgDPblqYOWsKqYQ-BiYv4,76,5,0,Cabelos Cacheados,meli.la,https://meli.la/1APDKD2?pp=1,https://i.pinimg.com/originals/fd/8a/a3/fd8aa396fbbea7710c03e992378e8846.jpg,736,1104,0,2026-08-25
2026-09-05,maquiagem natural dia a dia,963840757778924852,1,2332,0,,,,https://i.pinimg.com/originals/54/06/f7/5406f7b703c2e2e7c1944633b5181b36.jpg,736,1104,0,2026-04-22
2026-09-05,maquiagem natural dia a dia,1012958141237081600,2,7726,0,aesthetic image,,,https://i.pinimg.com/originals/1c/ce/6f/1cce6f544cb840999489d11e62d6930b.png,1000,1500,0,2025-06-05
2026-09-05,maquiagem natural dia a dia,13229392654535196,3,1684,0,,,,https://i.pinimg.com/originals/c3/f7/d5/c3f7d50af40319c36359f66c38d027e9.jpg,736,1104,0,2026-08-17
2026-09-05,maquiagem natural dia a dia,AXuhBMn54eql4PbrA4MoNYpU8ptfuQFC74DVKOVY1aoLqkrB6fFX0P6JS2SoZAm29EyIyNaoFxFd4UhyCR6N8L0,4,531,0,Quick start guide: How to,shopify.com,https://www.shopify.com/blog/sell-makeup-online,https://i.pinimg.com/originals/a1/58/cf/a158cf3eac8510dcbc5cb730b5a08e89.jpg,736,1104,0,2024-12-14
2026-09-05,maquiagem natural dia a dia,AV6_HpyNYW3Rh0FLqH84ozRaiUzvocDspUxLZB-m_CG9qPlBT24HwIbefa6YJaqSfwDYGO4TxideXmOEXe5d56k,5,1,0,Shop brands you love and,rakuten.com,https://www.rakuten.com/mktg50?utm_source=pinterest&utm_medium=social&utm_content=%7Bad_id%7D&utm_term=%7Bcreative_name%7D&utm_size=%7Bad_group_id%7D&utm_pub=%7Bad_group_name%7D&utm_ebs=0&utm_campaign=%7Bcampaignid%7D,https://i.pinimg.com/originals/6d/74/65/6d74654bc832b58e9d0920440a1fd704.jpg,1000,1500,0,2026-08-07
2026-09-05,maquiagem natural dia a dia,AYEQbQrnIqDeGmfPf8xwcj5MwMpEo_rx7y1xrT1ePJuqGO0rUUiJ47WyNj90ebQrmaGRCUZ-d2zX-kZGpBqOvPU,6,1,0,Cool-Toned Makeup at Ulta,ulta.com,https://www.ulta.com/featured/cool_toned_a?cmpid=p_pi_awareness_mediahub_cool-toned-makeup_wk30_ubm&utm_medium=paid_social&utm_source=pinterest&utm_campaign=awareness_mediahub_cool-toned-makeup_wk30_ubm&utm_content=ubm,https://i.pinimg.com/originals/56/20/bb/5620bb3a77729161e8cd64f9e2e8bf4c.png,1000,1500,0,2026-08-19
2026-09-05,maquiagem natural dia a dia,518195500896756569,7,3947,0,,,,https://i.pinimg.com/originals/fc/12/54/fc12544c00cc7860b6392a6b3ae074b9.jpg,736,1227,0,2026-06-29
2026-09-05,maquiagem natural dia a dia,120049146314445761,8,81,0,✨ Make Leve para o Dia a Dia,,,https://i.pinimg.com/originals/ae/b0/92/aeb092fd0f7ac74e2cab6fc3b70a62e4.png,1086,1448,0,2026-07-31
2026-09-05,maquiagem natural dia a dia,Ab-lek6bEFKy5Dr9kS178fK06PMmEq01RcXsqSTaUIvZmRyCNvpnLcqNqRdcqzEe5uc88tut_KDC_Nm5zvrPv30,9,13,0,Summer Beauty Essentials,target.com,https://www.target.com/p/e-l-f-halo-glow-skin-tint-light-coverage-foundation-mineral-spf-50-1-fl-oz/-/A-94480966?TCID=SMO,https://i.pinimg.com/originals/a1/e6/f3/a1e6f3d88ffa076922b039bc17b3ad23.jpg,1000,1800,1,2025-07-04
2026-09-05,maquiagem natural dia a dia,Ae7W-V_8B67dTZRBXF-dmhvMaaTJmILaU8JUbNprAfjJh5IO44ik6cunlp0mmIymtzkdu18CtZLr-yEaSvWKn9U,10,591,0,55 Bougie Things That,bustle.com,https://www.bustle.com/shopping/bougie-things-that-make-you-look-hotter-are-so-freakin-cheap?utm_medium=pro&utm_source=pinterest&utm_campaign=pinproaff469093802,https://i.pinimg.com/originals/c2/9e/0b/c29e0bc628319a44dfb215c9c08190f7.png,1000,1500,0,2026-06-23
2026-09-05,maquiagem natural dia a dia,AXWeQcOP0DrvBW154X3-07Ud6Qdhofti_OrslDS5ZrpTmwsyG_Oa8AWonq_jh68AbsL4oKm6KN0J2FDdZ0sGg7M,11,2,0,The Italian Summer Lash,milanicosmetics.com,https://www.milanicosmetics.com/products/highly-rated-lash-extensions-xl-volumizing-tubing-mascara,https://i.pinimg.com/originals/b7/f3/ba/b7f3ba0470e3b6aec570484264a7e852.jpg,1000,1500,0,2026-08-20
2026-09-05,maquiagem natural dia a dia,AQK0tUYAZyDKMSXNLcqlnB9L4TOy_4h1U7f4sY35A7k8N-yO2ZgscT544dBVI4LsTmzZzmeTGKm1aHY9KDFF0-w,12,75,0,LESS IS MORE BLACK,staticnails.com,https://staticnails.com/products/maglashlessismoreblk?variant=39817866641491,https://i.pinimg.com/originals/13/d2/01/13d201e2ff1a10eb394c7c933a2c078d.jpg,1050,1400,0,2022-05-15
2026-09-05,maquiagem natural dia a dia,4925880839772511,13,124,0,,,,https://i.pinimg.com/originals/80/d8/11/80d811bd4990de66e83c739dd5c6a705.jpg,703,1210,0,2026-08-26
2026-09-05,maquiagem natural dia a dia,963840757778924845,14,2376,0,,,,https://i.pinimg.com/originals/db/3b/96/db3b963fa04d5db15cbcc00476b848d5.jpg,736,1104,0,2026-04-22
2026-09-05,maquiagem natural dia a dia,AavwIuiJzy9pZPgBfMsennqwUZH_QVrcuBI1wzC_8KVFvk2y-p1aBXCauVgmyavXj0Z-1kghUHATbC5TxWGdz2o,15,3,0,Natasha Denona Makeup |,poshmark.com,https://poshmark.com/listing/Natasha-Denona-Luxurious-Light-Cream-Highlighter-6836ba244a072b6019089759?utm_source=pin_txn,https://i.pinimg.com/originals/df/19/b1/df19b1aafd34bece5f1086aa0117ff1a.jpg,666,772,0,2026-06-05
2026-09-05,maquiagem natural dia a dia,Ae4Geeo-XpQNW9wqZMbW6jSVK7jiwoTdAXjbx6hafYl1-tHoX2Z-HJfsW6wQtjRcu5hynYWogHLNNkBdT2mMBq4,17,1,0,Temu | 1pc Brown,temu.com,https://www.temu.com/ul/kuiper/un3.html?subj=dpa-un&_bg_fs=1&_p_jump_id=1082&_x_vst_scene=adg&goods_id=601099686043838&adg_ctx=a-c5ad474a~c-835646a4&_p_rfs=1&_x_ads_channel=pinterest&_x_ads_creative_id=%7Bproduct_partition_id%7D&_x_ads_id=%7Badgroupid%7D&_x_ads_set=%7Bcampaignid%7D&_x_ads_sub_channel=shopping&_x_ns_catalog_id=1567707391772&_x_ns_creative=%7Badid%7D&_x_ns_gid=601099686043838&_x_ns_,https://i.pinimg.com/originals/1f/c6/06/1fc6061559e83819b1d5d7a69981eea9.jpg,2000,3000,0,2026-06-28
2026-09-05,maquiagem natural dia a dia,10485011674669752,18,427,0,,,,https://i.pinimg.com/originals/67/35/ec/6735ec729f4ad6bed19df93055557000.jpg,744,1519,0,2026-08-24
2026-09-05,maquiagem natural dia a dia,Aabz5E1BP1Hm9TCjouLWIBs4hZ2mtI2lynIxAQmSR_8BS-lJgUuS_wHFsV5STCEgU4zAep72tiOIv0pKQZSbyFI,19,1,0,Temu | 3pcs Golden,temu.com,https://www.temu.com/ul/kuiper/un3.html?subj=dpa-un&_bg_fs=1&_p_jump_id=1082&_x_vst_scene=adg&goods_id=601102088960251&adg_ctx=a-de9303bf~c-aaf104f8&_p_rfs=1&_x_ads_channel=pinterest&_x_ads_creative_id=%7Bproduct_partition_id%7D&_x_ads_id=%7Badgroupid%7D&_x_ads_set=%7Bcampaignid%7D&_x_ads_sub_channel=shopping&_x_ns_catalog_id=1567707391772&_x_ns_creative=%7Badid%7D&_x_ns_gid=601102088960251&_x_ns_,https://i.pinimg.com/originals/2e/05/41/2e05415cd11ff3640bf32133601a5b67.jpg,800,800,0,2026-06-15
2026-09-05,maquiagem natural dia a dia,633387444690067,20,244,0,Discover this Natural Makeup Look Minimal Glam Selfie Inspo,beautyinspo.netlify.app,https://beautyinspo.netlify.app/#/natural-makeup-look-minimal-glam-selfie-inspo,https://i.pinimg.com/originals/81/b2/b3/81b2b3a3cb23a7f4ab68399686630271.jpg,995,1402,0,2026-07-06
2026-09-05,maquiagem natural dia a dia,AVmqdbXTy3L4onKsByoNQe_sRoHoR52CkCBN8JdMK_zFSMAfZxBe7MzKWW6VFyi6MbmsAuHb7PAR_yhOOwiK7Vw,21,3,0,PrismAura™ Glitter,luvilea.com,https://luvilea.com/products/prismaura%E2%84%A2-glitter-gradient-eyeshadow-stick-turn-every-glance-into-captivating-all-day-radiance?variant=51419318255953,https://i.pinimg.com/originals/3e/5b/ae/3e5bae313cb1f232bf3319f0d55526af.jpg,590,590,0,2026-05-05
2026-09-05,maquiagem natural dia a dia,AVC9qyB-s7Bp4JJO58_muQpPi_u4IoqTPNdka7gtSceTQKlbKuZ7j9OPWLDJJIzj__3eukSsG9NEzdmiUw1L31k,22,173,0,Four Great Inventions,us.shein.com,https://us.shein.com/ark/default?scene=1&test=5051&ad_type=DPA&goods_id=77477437&pf=PINTEREST&url_from=PINADSDPA&ismg=eac8743a9d9103154ce66e86dee0e12ff7262a3048e7905868110e77188e5e96_01_1788542188,https://i.pinimg.com/originals/1c/a9/fc/1ca9fcdb2e441befcde21aed306a6d81.jpg,1340,1785,0,2026-01-19
2026-09-05,maquiagem natural dia a dia,28429041394640009,23,230,0,Natural Everyday Makeup Look ✨ Simple & Fresh,linktr.ee,https://linktr.ee/Glowoutine99,https://i.pinimg.com/originals/27/80/cf/2780cf70e4f524b4355466b0fa48a8d1.jpg,768,1408,0,2026-05-28
2026-09-05,maquiagem natural dia a dia,598345500540563576,24,21,0,,,,https://i.pinimg.com/originals/fd/bd/4c/fdbd4c02e004f96bca9ce5a2d823c60c.jpg,736,1104,0,2026-08-26
2026-09-05,maquiagem natural dia a dia,ASJpE_i1RIGCotWRaDb_2bqYDUseMrfm32vewJwR_Udn-HFEaXl1Mfrq3eCgSoGbQ_KaHhWiSkl664XJSWbF-lY,25,1,0,Sephora takes the,sephora.com,https://www.sephora.com/beauty/best-foundations,https://i.pinimg.com/originals/95/da/81/95da81daa4103e8143cd4c56669718fa.jpg,1080,1920,1,2026-08-12
2026-09-05,maquiagem natural dia a dia,1101059809002780144,26,302,0,,,,https://i.pinimg.com/originals/64/62/96/646296a3da2c6b9c812a9013c6ab22c9.jpg,736,1313,0,2026-01-17
2026-09-05,maquiagem natural dia a dia,1057008975065160703,27,4429,0,,,,https://i.pinimg.com/originals/24/aa/52/24aa52d1aa5278d90079de7b64686d5e.jpg,1080,1920,0,2026-03-03
2026-09-05,maquiagem natural dia a dia,844493676982853,28,215,0,Brown Eyes Makeup And Glowy Skin Soft Glam Look,beautyinspo.netlify.app,https://beautyinspo.netlify.app/#/brown-eyes-makeup-and-glowy-skin-soft-glam-look,https://i.pinimg.com/originals/3d/0a/0a/3d0a0a05bc09b3e80bcefb2efea77a9c.jpg,1009,1402,0,2026-08-21
2026-09-05,maquiagem natural dia a dia,AekJM-gPE9dJ6UvH_h7VDZ8DAbV9zJ05oEgBvhfDCvDMtoYFdmEscCo8HIURhxiZE3vALn8QrXp_C14LiNZq_Sc,29,0,0,Temu | 3 piezas de de,temu.com,https://www.temu.com/ul/kuiper/un3.html?subj=dpa-un&_bg_fs=1&_p_jump_id=1082&_x_vst_scene=adg&goods_id=601102088974891&adg_ctx=a-c8492199~c-d1834760&_p_rfs=1&_x_ads_channel=pinterest&_x_ads_creative_id=%7Bproduct_partition_id%7D&_x_ads_id=%7Badgroupid%7D&_x_ads_set=%7Bcampaignid%7D&_x_ads_sub_channel=shopping&_x_ns_catalog_id=1580405374697&_x_ns_creative=%7Badid%7D&_x_ns_gid=601102088974891&_x_ns_,https://i.pinimg.com/originals/eb/11/81/eb11811cfc5a595f9a08c5d656a87e35.jpg,800,800,0,2026-08-06
2026-09-05,maquiagem natural dia a dia,1196337405657140,30,1668,0,15 Clean Girl Makeup Looks For Black Women |...,thrivenaija.com,https://www.thrivenaija.com/clean-girl-makeup-looks-for-black-women/,https://i.pinimg.com/originals/e6/23/2a/e6232a2cd615b1b900b07499fe705742.jpg,1024,1536,0,2026-06-04
2026-09-05,maquiagem natural dia a dia,AVnjVmHueDqPlH8WY0-6rglADF4C6yGeqlfFyZeiSz7WKB7V7qqJ4MW2ZXRjqeBvn6UIzLmOJuCzv_KOyzzeiCk,31,5,0,Glam Makeup Guide,glizm.com,https://glizm.com/products/glam-makeup-guide?variant=54092243730700,https://i.pinimg.com/originals/33/e8/06/33e8068abe8e6ab59b9c0051c866012b.jpg,800,928,0,2026-06-30
2026-09-05,maquiagem natural dia a dia,32088216099596038,32,156,0,,,,https://i.pinimg.com/originals/bf/ed/ef/bfedef37c63722fe7e58b42623a37a2b.jpg,1080,1920,0,2026-08-23
2026-09-05,maquiagem natural dia a dia,AbZPDSFD9k0XdC3m782V_pTe2gxnTg9yOQ9PoiA3w27pPlwHVYTzfA4Bpo2v92KQCOvPpmPn1u-SKe9SHZtKHU4,33,5,0,🔥🔥 Glitter Gradient,gogooption.com,https://gogooption.com/products/glitter-gradient-eyeshadow-stick-3-1?variant=46907192344817,https://i.pinimg.com/originals/58/e6/14/58e614e39698cb7bec60f3611efb4096.jpg,896,600,0,2026-05-21
2026-09-05,maquiagem natural dia a dia,AcZcwpQ4EdF_4GPoMcea9-QLe9HkDYzxIwJ4G30vF9g4a1RJvy88HD6MNgoeLeTolB1HOvhGdf-VuuRaZixrjS8,34,2,0,Temu | J.W. de Labios,temu.com,https://www.temu.com/ul/kuiper/un3.html?subj=dpa-un&_bg_fs=1&_p_jump_id=1082&_x_vst_scene=adg&goods_id=606163563289147&adg_ctx=a-84492d36~c-1c6bf275&_p_rfs=1&_x_ads_channel=pinterest&_x_ads_creative_id=%7Bproduct_partition_id%7D&_x_ads_id=%7Badgroupid%7D&_x_ads_set=%7Bcampaignid%7D&_x_ads_sub_channel=shopping&_x_ns_catalog_id=1580405374697&_x_ns_creative=%7Badid%7D&_x_ns_gid=606163563289147&_x_ns_,https://i.pinimg.com/originals/32/fe/9a/32fe9a4f76796bf47b487ca474e2dcb9.jpg,2000,3000,0,2026-06-12
2026-09-05,maquiagem natural dia a dia,563018699693688,35,432,0,,,,https://i.pinimg.com/originals/98/14/c4/9814c457da335698b0a310cced06af17.jpg,736,1104,0,2026-05-06
2026-09-05,maquiagem natural dia a dia,51509989482980679,36,404,0,Natural Glowing Skin Makeup Look ✨,,,https://i.pinimg.com/originals/01/88/8e/01888e944190f6c4ad195061dfcb0032.jpg,736,1308,0,2026-07-19
2026-09-05,maquiagem natural dia a dia,1040190845218630750,37,663,0,,,,https://i.pinimg.com/originals/fc/d1/80/fcd180b912748f7a8859c717cdeec1a2.jpg,736,1213,0,2026-04-27
2026-09-05,maquiagem natural dia a dia,AUJeM_wAilKLHkcFhAlxDe7uB1U_rZwXitKMambRORfxIkzi6ziTm58QyqZRCIgO3c6bqvEw5frZJkmQJMWPUCM,38,3,0,Temu | de ojos líquida de,temu.com,https://www.temu.com/ul/kuiper/un3.html?subj=dpa-un&_bg_fs=1&_p_jump_id=1082&_x_vst_scene=adg&goods_id=601104849434805&adg_ctx=a-5441a24e~c-aba8fb4b&_p_rfs=1&_x_ads_channel=pinterest&_x_ads_creative_id=%7Bproduct_partition_id%7D&_x_ads_id=%7Badgroupid%7D&_x_ads_set=%7Bcampaignid%7D&_x_ads_sub_channel=shopping&_x_ns_catalog_id=1580405374697&_x_ns_creative=%7Badid%7D&_x_ns_gid=601104849434805&_x_ns_,https://i.pinimg.com/originals/9d/80/75/9d80755debf73169c50c9b6679671067.jpg,2000,3000,0,2026-08-21
2026-09-05,maquiagem natural dia a dia,1086141635178737425,39,1198,0,,,,https://i.pinimg.com/originals/65/55/d1/6555d19eb14ef1dd850b1aeb58169c5e.jpg,736,1104,0,2026-04-26
2026-09-05,maquiagem natural dia a dia,ARu-T9Z6KGJyy5z-3SN6hQylqhMaH5Bfzdv1DgC4C-Z8B-TwhZ8yyt2z7Ld1q2Kn_6WlLcTV5vteKI9qnf7w0FY,40,63,0,Sunscreen As Makeup This,colorescience.com,https://www.colorescience.com/collections/best-sellers?utm_source=pinterest&utm_medium=paid&utm_campaign=%7Bcampaignname%7D&utm_content=%7Badname%7D&?tw_source=pinterest&tw_adid=%7Badid%7D,https://i.pinimg.com/originals/11/b8/2f/11b82f4115b8fd5fcb072623a6cb94da.jpg,1080,1920,1,2026-04-09
2026-09-05,maquiagem natural dia a dia,20618110790063164,41,1148,0,,,,https://i.pinimg.com/originals/b6/7d/1d/b67d1d613b050de69d48e4124ae7064c.jpg,1125,1743,0,2025-12-13
2026-09-05,maquiagem natural dia a dia,351912466902388,42,8944,0,"Effortless Chic Makeup 🌟""",,,https://i.pinimg.com/originals/73/16/e9/7316e97435a1375586d6d1f70f2a8c08.jpg,768,1365,0,2025-11-20
2026-09-05,maquiagem natural dia a dia,47639708554456407,43,599,0,Soft Clean Girl Makeup Look ✨ Glow Beauty Aesthetic 💄 Dewy Skin Inspiration by GIGI GLOW,hotmart.com,https://hotmart.com/en/marketplace/products/rich-girl-glow-7-secrets-to-look-expensive-every-day-quiet-luxury-feminine-beauty/U106704101P,https://i.pinimg.com/originals/21/fc/f5/21fcf5bea5342abbd6e7da57e86dcb4b.png,1024,1536,0,2026-05-24
2026-09-05,maquiagem natural dia a dia,AfIFe23p_R_cvkeeGnzZe_Eyhb7_r6GIjLfjQyTPjbijRrfivTL1oBxmHe21tUq8QOCd7ziVfBlUGRPWWDG56VU,44,1,0,Temu | Halloween Goth,temu.com,https://www.temu.com/ul/kuiper/un3.html?subj=dpa-un&_bg_fs=1&_p_jump_id=1082&_x_vst_scene=adg&goods_id=606342827868104&adg_ctx=a-77d4092b~c-cab1e9c0&_p_rfs=1&_x_ads_channel=pinterest&_x_ads_creative_id=%7Bproduct_partition_id%7D&_x_ads_id=%7Badgroupid%7D&_x_ads_set=%7Bcampaignid%7D&_x_ads_sub_channel=shopping&_x_ns_catalog_id=1567707391772&_x_ns_creative=%7Badid%7D&_x_ns_gid=606342827868104&_x_ns_,https://i.pinimg.com/originals/32/c1/40/32c1407d954f222316a915174a6cac26.jpg,2048,2048,0,2026-06-25
2026-09-05,maquiagem natural dia a dia,95208979617650127,45,226,0,soft Glam makeup,,,https://i.pinimg.com/originals/13/a0/76/13a076c5abd10566690825c0ad83b867.jpg,736,981,0,2026-08-17
2026-09-05,maquiagem natural dia a dia,1095219203161134539,46,2259,0,,,,https://i.pinimg.com/originals/ac/50/e0/ac50e0d1a611aca9526b8f3d88a73c99.jpg,736,1308,0,2026-07-11
2026-09-05,maquiagem natural dia a dia,AQo0rc9_CU7mtF5RU5Ew53kv4YB4KqY8T2fWDCTcVoGAUGE7teHOsTrZUKNLsF7dI_qKDmcuLHbvaoikgAlfCEE,47,0,0,Temu | Glitter Liquid,temu.com,https://www.temu.com/ul/kuiper/un3.html?subj=dpa-un&_bg_fs=1&_p_jump_id=1082&_x_vst_scene=adg&goods_id=606288520032884&adg_ctx=a-221e1948~c-df5403ef&_p_rfs=1&_x_ads_channel=pinterest&_x_ads_creative_id=%7Bproduct_partition_id%7D&_x_ads_id=%7Badgroupid%7D&_x_ads_set=%7Bcampaignid%7D&_x_ads_sub_channel=shopping&_x_ns_catalog_id=1567707391772&_x_ns_creative=%7Badid%7D&_x_ns_gid=606288520032884&_x_ns_,https://i.pinimg.com/originals/44/c1/fb/44c1fb23c2ef79da78fd4c60096ed3f6.jpg,2000,3000,0,2026-08-07
2026-09-05,maquiagem natural dia a dia,AZKP8eAqENs8olWkAyV0Mgou1SoUJ4_Vy7NXWfvub3PpK7CbyBN53Ho0exTQvLriKeaAlTopThNQ42rKKKZMIaw,48,0,0,LuxAmaze™ — Nail Perfect,monaseo.com,https://monaseo.com/products/luxamaze%E2%84%A2-nail-perfect-symmetry-and-own-every-gaze-instantly?variant=59093391278425,https://i.pinimg.com/originals/5a/bc/0d/5abc0d3b519db4e714bb9c0679c7553e.png,1024,1024,0,2026-08-25
2026-09-05,maquiagem natural dia a dia,42854633949692362,49,175,0,,,,https://i.pinimg.com/originals/23/93/a3/2393a32e462bcf53559764eee8c8d08e.jpg,736,1288,0,2026-06-28
2026-09-05,maquiagem natural dia a dia,164381455146586783,50,51,0,Golden Hour Glow Makeup,,,https://i.pinimg.com/originals/84/70/a3/8470a3263a5f6f2ec78ecda1d3e52063.png,1000,1500,0,2026-08-25
2026-09-05,maquiagem natural dia a dia,293859944461308799,51,77,0,,,,https://i.pinimg.com/originals/09/f6/a7/09f6a7e66f0074ee0e14dd7caf3f8378.jpg,760,1128,0,2026-07-27
2026-09-05,maquiagem natural dia a dia,AWWW9BCY_n-60XBs5ulAHuqRL8whCBXTpq9UMJ5LjN5TsLayAvSRjKT0uoi5C4vP-Dh92QDEPdBORBnA-A_gRAY,52,1,0,Does every bit of your,amazon.com,https://www.amazon.com/stores/page/C742F08D-F14A-4B88-8C82-09911045292F?channel=pinterest-paidsocial,https://i.pinimg.com/originals/ad/2b/6d/ad2b6d7bbaf396b122625977add3be66.jpg,1000,1500,0,2026-07-31
2026-09-05,maquiagem natural dia a dia,AUcP6tzAh-8OIZCyQYn3WOU3cNObasZ9eLemMqunvsbpuoQy_HEUr2Md1esM0RvvTsRHGgb8KhN23Kmmt7xhvU4,53,170,0,Find lip combos from,kohls.com,https://www.kohls.com/catalog/sephora-lip-makeup.jsp?CN=Partnership:Sephora+Product:Lip+Category:Makeup&BST=8052649:8052687:8052669:7083604:7097437:5078497:7954167:6602960:8061222&icid=social-paid-pnstat-sephoralipcombos-np-2608wk2&cid=SO26PDPIN0620&utm_campaign=paid_social&utm_medium=paid_social&utm_source=pinterest&utm_content=2026pdpin620,https://i.pinimg.com/originals/f6/69/d5/f669d5e6ff0c44f9075a1b531434553c.jpg,1000,1500,0,2026-08-14
2026-09-05,maquiagem natural dia a dia,2040762329021184,54,1533,0,Make básica,,,https://i.pinimg.com/originals/2f/75/f7/2f75f71b095e1804894f630c60cb9654.jpg,1080,1920,0,2025-12-02
2026-09-05,maquiagem natural dia a dia,AYCt5xm5A9OvHNZno973kDJpAdfwuQuFYeaAptRPXcuwgn1aJ9dPguhDdxTvBqNTKHMTcti-4wSRTZ8Hp0gZKU0,55,0,0,sheer for it blush tint,elfcosmetics.com,https://www.elfcosmetics.com/products/sheer-for-it-blush-tint,https://i.pinimg.com/originals/ee/af/cc/eeafcccc78074cd790acc19fe7c7bde3.jpg,1080,1920,1,2026-08-18
2026-09-05,maquiagem natural dia a dia,AZr4WuXFTMFe4O1f5T8a384AQ9FNxgiWaWhbncKLb7m0Y0MEeXEb7fW5d4q-9QV5883Uag2xOKyQoktDv0DS88g,56,1,0,Cool-Toned Makeup at Ulta,ulta.com,https://www.ulta.com/featured/cool_toned_a?cmpid=p_pi_awareness_mediahub_cool-toned-makeup_wk30_ubm&utm_medium=paid_social&utm_source=pinterest&utm_campaign=awareness_mediahub_cool-toned-makeup_wk30_ubm&utm_content=ubm,https://i.pinimg.com/originals/cc/4f/ae/cc4faefac37c78fdce58299705f29fba.jpg,400,600,0,2026-08-19
2026-09-05,maquiagem natural dia a dia,1085226841482176829,57,563,0,,,,https://i.pinimg.com/originals/78/3c/ef/783cefa91a55bd03eebfb0a1b568b803.png,832,1216,0,2026-02-28
2026-09-05,maquiagem natural dia a dia,2322237303608019,58,3002,0,,,,https://i.pinimg.com/originals/5e/88/19/5e88193ca67541f5f5f1bf9e0508dbcd.jpg,1070,1782,0,2026-08-19
2026-09-05,maquiagem natural dia a dia,356417758029564446,59,8752,0,,,,https://i.pinimg.com/originals/bd/2b/b6/bd2bb658d11e9e8e24fa35eee0e53457.jpg,600,900,0,2025-06-10
2026-09-05,maquiagem natural dia a dia,704672672988853087,60,6091,0,,,,https://i.pinimg.com/originals/66/1e/7a/661e7a3ad84f423524b80bb5cbbba520.jpg,736,1104,0,2026-02-16
2026-09-05,maquiagem natural dia a dia,1017180265854037905,61,1117,0,Natural Beauty Portrait,,,https://i.pinimg.com/originals/90/0e/d8/900ed8ec5ebff28a4b86adf15c3467cc.png,1024,1536,0,2026-01-27
2026-09-05,maquiagem natural dia a dia,422281211741786,62,15981,0,,,,https://i.pinimg.com/originals/23/00/c0/2300c05db51d76b25af36026ab2dbadc.jpg,675,1200,0,2025-06-07
2026-09-05,maquiagem natural dia a dia,1110770695621523410,63,7435,0,,,,https://i.pinimg.com/originals/37/8d/27/378d27e463e9735cde008cb7043076ab.jpg,736,1313,0,2025-04-08
2026-09-05,maquiagem natural dia a dia,422281212758095,64,28963,0,,,,https://i.pinimg.com/originals/e7/e9/9c/e7e99c4a2ad55af932c2d1b8135ef76d.jpg,736,1190,0,2026-05-16
2026-09-05,maquiagem natural dia a dia,613545149265125560,65,4463,0,,,,https://i.pinimg.com/originals/26/20/dd/2620dd04582cc6141036503752f38979.jpg,521,827,0,2024-05-11
2026-09-05,maquiagem natural dia a dia,898257088194656681,66,164,0,,,,https://i.pinimg.com/originals/4d/d3/5e/4dd35ed7d8ed96b2a4e805aabd59dc1e.jpg,1000,1500,0,2025-09-06
2026-09-05,maquiagem natural dia a dia,1477812374737726,67,6032,0,,,,https://i.pinimg.com/originals/d2/72/67/d27267d7a6a177a981e3e75f40d11758.jpg,736,1313,0,2025-10-31
2026-09-05,maquiagem natural dia a dia,26247610324871739,69,69,0,Clean Girl Makeup for an Effortless Everyday Glow,,,https://i.pinimg.com/originals/41/34/c5/4134c5cd90ca9ded7cc7c614a28222c2.png,1000,1500,0,2026-08-20
2026-09-05,maquiagem natural dia a dia,1110770695621136055,70,40977,0,,,,https://i.pinimg.com/originals/85/93/0f/85930f27137aca031a2c798a2488acd5.jpg,736,1313,0,2025-04-02
2026-09-05,maquiagem natural dia a dia,122230577384357490,71,637,0,,,,https://i.pinimg.com/originals/9a/ac/e4/9aace4ec9cafdd4b4c1634643fec428b.jpg,1080,1920,0,2026-08-25
2026-09-05,maquiagem natural dia a dia,AR3d4yTC4fNPuM5gCNglerSQxnMHMWVmQWQE4I1bChZ_VqX5xZCt6GMnzudoO4MHI_ORKNbu0noU6qz_LZRMXv4,72,2,0,Makeup Minimalist Duo -,drmtlgy.com,https://www.drmtlgy.com/products/makeup-minimalist-duo-tan?variant=40718546501687,https://i.pinimg.com/originals/86/de/ee/86deee580e14aca672d921b23752c56d.jpg,1080,1080,1,2026-08-14
2026-09-05,maquiagem natural dia a dia,13581236385650803,73,160,0,inspiração maquiagem,,,https://i.pinimg.com/originals/5b/d7/cf/5bd7cf8817ec2591f86e5b8591ca5591.jpg,768,1262,0,2026-05-27
2026-09-05,maquiagem natural dia a dia,1107674470880600118,74,1220,0,Vanilla Girl Makeup for the Softest Everyday Glow 🍦,,,https://i.pinimg.com/originals/6e/2d/8f/6e2d8fb5a702208267588e29ce700de3.png,1122,1402,0,2026-07-25
2026-09-05,maquiagem natural dia a dia,1106830045935473171,75,10206,0,🌞,,,https://i.pinimg.com/originals/f8/d4/17/f8d4170b94d55c054de0eaf7946b096d.jpg,768,1365,0,2025-09-12
2026-09-05,maquiagem natural dia a dia,1136033074776845839,76,1585,0,Natural No Makeup Makeup Look | Clean Girl Soft Glam Beauty,,,https://i.pinimg.com/originals/e7/bc/d6/e7bcd6d69b5d844835b11b22440f7972.png,1000,1500,0,2026-02-26
2026-09-05,skincare pele oleosa,828592031489898030,1,3,0,"Niacinamida / Niacinamida 10%: O Sérum para Pele Oleosa, Acne e Poros / Skincare pele oleosa",s.shopee.com.br,https://s.shopee.com.br/19erHO7Cu?channel_type=pinterest,https://i.pinimg.com/originals/bf/1a/de/bf1ade28e281e6363dacf8483996e3f6.png,1024,1536,0,2026-08-17
2026-09-05,skincare pele oleosa,AetOqWjpcaMQ0xN1im8LBi4psgThwo8xZv_OJLOk757vXGreSV9yzGU2-o9mWEhvwDbxowCg5fTUxGYAsWYiNmU,2,32,0,Learn how to increase,shopify.com,https://www.shopify.com/blog/skin-care-marketing-online-store,https://i.pinimg.com/originals/56/c3/91/56c3917ddff4551d4cd74be8efc3fa40.jpg,736,1104,0,2024-12-14
2026-09-05,skincare pele oleosa,900649625474281450,3,1918,0,Skincare para a pele oleosa e acneica!,,,https://i.pinimg.com/originals/5d/8b/ed/5d8bedb18a3f0310aa80185e164473c6.jpg,720,1280,0,2024-08-16
2026-09-05,skincare pele oleosa,877920521122562722,4,202,0,Femme peau lisse et lumineuse,,,https://i.pinimg.com/originals/3c/82/b9/3c82b9eacc309f907e12005918ce64c7.png,1024,1536,0,2025-11-24
2026-09-05,skincare pele oleosa,AQuWvo5z85S7S0TIdg0nbsvPSa_G8wdAMAuoPHwYc5pj546cTy-FSxQhPby9XPoHWgswmw9R8nrJVnW-7lKpwyE,5,0,0,"Hydrated Skin, Ready for",neurae.com,https://www.neurae.com/en-US/the-serum-resetting-and-transformative_-102100.html,https://i.pinimg.com/originals/46/e2/c8/46e2c88de00193427d216a977d45e08d.jpg,1080,1920,1,2026-08-10
2026-09-05,skincare pele oleosa,AWzLyp1Sz3Ggg9VkdW68losCYlA--nh81FDbhjRfYRZw04USgHcLywLBb6c0YIVaB12WqojCq1RnttPTeHP1L4o,6,76,0,A Cleanser For Every Skin,herocosmetics.us,https://www.herocosmetics.us/collections/cleanser?utm_source=pinterest&utm_medium=pinterest-paid-awareness&utm_campaign=%7Bcampaign.id%7D&utm_term=%7Badgroupid%7D&utm_content=%7Badid%7D,https://i.pinimg.com/originals/e0/a5/6b/e0a56b0e777a9545d22fbd2f466df35e.jpg,1000,1500,0,2026-07-15
2026-09-05,skincare pele oleosa,246290673366703526,7,22,0,Rotina simples para controlar a oleosidade,,,https://i.pinimg.com/originals/7d/58/d9/7d58d9aa99c0453c0d1285818a67e20e.jpg,853,1280,0,2026-07-07
2026-09-05,skincare pele oleosa,AVDFvw7Y9eyNS1PGLraIxEBKhSmfcW6-qLS9DxhWeBU5jCyOkAza9IWUifL2eQ1vRv-BwnUp6CP1Qs2M8nVB_04,8,1,0,"one product, three ways",dermalogica.com,https://www.dermalogica.com/products/daily-microfoliant?variant=36070282690712,https://i.pinimg.com/originals/aa/2e/e0/aa2ee05aa8b06d29296d50c204edb3b8.jpg,4167,6250,0,2026-08-25
2026-09-05,skincare pele oleosa,1112178070510598188,9,1,0,🧴 Hidratante Garnier Hialurônico Toque Seco: O Queridinho da Pele Oleosa!,meli.la,https://meli.la/1HXpJ2a,https://i.pinimg.com/originals/01/f5/77/01f577f4f79038804dfed38ed3252d4b.jpg,736,1308,0,2026-08-21
2026-09-05,skincare pele oleosa,AZhRaatDguIHbVXf5O1aepgwJxl6EQO7kAZ4rw9KFksBLcY3buR1Jvj7DMboqh2kbMvq2_eAVn2y5h-dNI3yS8w,10,1,0,New HA Water Gel,amazon.com,https://www.amazon.com/CeraVe-Lightweight-Moisturizer-Niacinamide-Fragrance-Free/dp/B0GP36H691/ref=sr_1_1?crid=PCNRH83EURCO&dib=eyJ2IjoiMSJ9.10RJzzqoIRprAHTWZmAuBk3m_WTLrGl60BqiSIpncNx8gqO9AN7KFzu4fZYe7DjPTFQs8dFmf9qX3Bo0Xvg-iBQau0zcn41SeQQb0Nsf_SEpPLy8ea4ZYiy0uwYUsM0MzYYT_-SS7YQCSGPpt-_famw6SWpaOWG4XjyN07Z-ahMh_64kdK4H5HpI_52cIQ3QOPZEIB_YjjBbuz6hR3uWZ9i11gdxI86FAeyBBvx9pviav519EyMAwQimDsq-FB6uo63,https://i.pinimg.com/originals/02/df/a3/02dfa3e19e39bbe642911a233991ab1f.jpg,926,1645,0,2026-05-22
2026-09-05,skincare pele oleosa,Ad6_8o4xVkdlI3tKQp9_rgK6o1XjsbuWh3LwBaqdIzsbkytp2cOCb3Y-fYeaasor-_YflGV8tgAC3g4SHQsQg44,11,1,0,The Latest Beauty Drops,dermstore.com,https://www.dermstore.com/c/new-arrivals/,https://i.pinimg.com/originals/e8/85/ba/e885bae89b6e9ea83fa3c0510b451fc5.jpg,1080,1920,0,2026-08-10
2026-09-05,skincare pele oleosa,925137948473204896,12,33,0,After 25 your collagen production drops by one percent every year.,skinsobeautifulofficial.com,https://skinsobeautifulofficial.com/what-i-drink-every-morning-for-clear-glowing-brown-skin,https://i.pinimg.com/originals/75/d9/30/75d930a5265f4e615b1f93e1b3bb83b4.jpg,1080,1920,0,2026-06-10
2026-09-05,skincare pele oleosa,AdzKXtIM_3PzPNo-67siGurW7txVnLmsARLJQrMFvGxbCtw_f6KravhOr0SgJ9zjZqJKhz3_aDT4oCWL6Q_Xk-Y,13,1,0,Cerave Foaming Facial,walmart.com,https://www.walmart.com/ip/CeraVe-Foaming-Facial-Cleanser-Daily-Face-Wash-for-Normal-to-Oily-Skin-12-fl-oz/836389588?wmlspartner=wlpa&selectedSellerId=0,https://i.pinimg.com/originals/24/2d/0d/242d0de316f4df7db8db24dce46ce4f5.jpg,800,1200,0,2026-08-27
2026-09-05,skincare pele oleosa,789818853448380906,14,31,0,beleza geraçao z,s.shopee.com.br,https://s.shopee.com.br/9KfJUMf35j?channel_type=pinterest,https://i.pinimg.com/originals/42/f4/a9/42f4a96933f827c5c5ad31791fe3279b.jpg,736,1104,0,2026-05-31
2026-09-05,skincare pele oleosa,AQmgLh_2DQ8LpRs_RLiVOQ4fshsUNT48vikCot-xa9zy7Wlk-fc_I6Yz5-yvYAv91ee1XiTQWv5DeuK5oP43JF8,15,4,0,The Bird's Nest Cleanser,goodregimen.com,https://goodregimen.com/products/birds-nest-cleanser?variant=52096973930868,https://i.pinimg.com/originals/b5/15/70/b51570bfe19899247140f16d8470f036.jpg,1119,1679,0,2026-05-27
2026-09-05,skincare pele oleosa,911556780894538327,17,5,0,Ativo skincare que poucas divulgam! Acido azelaico!,,,https://i.pinimg.com/originals/18/05/32/1805325baf85513941fd03a75d87774e.png,1080,1920,0,2026-08-17
2026-09-05,skincare pele oleosa,1149895717413632506,18,2,0,The Ordinary Glycolic Acid 7% | Tônico Esfoliante Facial,meli.la,https://meli.la/1vC6Wnd,https://i.pinimg.com/originals/53/f6/fa/53f6fa22ccc2e6b60d1bfac0f5817caf.png,941,1672,0,2026-08-19
2026-09-05,skincare pele oleosa,911556780893097290,19,30,0,Nunca mais sofra com a pele oleosa!,,,https://i.pinimg.com/originals/25/f4/a6/25f4a64eca8ba7970a1fb0995f740907.png,1080,1920,0,2026-07-06
2026-09-05,skincare pele oleosa,Ac5FgzEldLBF-40JVusy3gEWRqwkGD5IQdBTxcspefg84jqzbaN2fgtK0J4FJzNAtvJBDdHWjgj8m_kA8sZHDoY,20,0,0,Cerave Travel Size,walmart.com,https://www.walmart.com/ip/CeraVe-Foaming-Facial-Cleanser-Daily-Face-Wash-for-Normal-to-Oily-Skin-3-fl-oz/576123120?wmlspartner=wlpa&selectedSellerId=0,https://i.pinimg.com/originals/e5/f1/5f/e5f15f2d7f7fc34e7d828f74b75a573d.jpg,800,1200,0,2026-08-28
2026-09-05,skincare pele oleosa,646266615327835453,21,488,0,Instagram,instagram.com,https://www.instagram.com/lorealparis/,https://i.pinimg.com/originals/73/b0/b5/73b0b5c54b65b4e5540149371645b6df.jpg,720,900,0,2026-05-04
2026-09-05,skincare pele oleosa,ARLaWmvhCUWtU0U8iduMSGsqQgTR3bDrIBpSl9PniDHqQCOgvz4Och3zMYFWv2hoNKJsLYFLJK6HKktHfy5bk4A,22,0,0,Meet our,sephora.com,https://www.sephora.com/product/caudalie-resveratrol-lift-serum-P527920?skuId=3007846&icid2=products%20grid:p527920:product,https://i.pinimg.com/originals/01/04/6f/01046f3c45c9ef582b4ad27fef3e7d0a.jpg,720,1280,1,2026-08-25
2026-09-05,skincare pele oleosa,20125529581330433,23,229,0,Your Glowing Skin Era,,,https://i.pinimg.com/originals/5e/08/33/5e08336846c62c3a83b5df214d35f56f.jpg,1024,1536,0,2026-03-26
2026-09-05,skincare pele oleosa,AX8lxiR_iG1upa7XM1R1_m5BQsuV4o-PRbWq8I75J5yaJWc7Ot3AIPX_ynucJW0-6mq0bpWHAINLt-nCi5tkPTk,24,0,0,Cerave Hydrating Facial,walmart.com,https://www.walmart.com/ip/CeraVe-Hydrating-Facial-Cleanser-Daily-Face-Wash-for-Normal-to-Dry-Skin-12-fl-oz/491147048?wmlspartner=wlpa&selectedSellerId=0,https://i.pinimg.com/originals/a5/c5/ca/a5c5cab8e2a04ee40d0c4c59853e2c5c.jpg,800,1200,0,2026-08-28
2026-09-05,skincare pele oleosa,1149895717413632019,25,1,0,Tônico Facial Burt’s Bees Sensitive com Aloe Vera | Pele Sensível,meli.la,https://meli.la/2ktUBuB,https://i.pinimg.com/originals/eb/a1/47/eba14732e9e0ea9059df2fe2376258b2.jpg,916,1628,0,2026-08-19
2026-09-05,skincare pele oleosa,Ad2ex-vKTtufImDccI1QtQhvkSoH3vW9lEeWHmcKyuBBLeGi5ajnAdCelyyDavG0kBsZTI2s8c5Aks-0KdfDLYk,26,0,0,La Roche-Posay Toleriane,walmart.com,https://www.walmart.com/ip/Toleriane-Dermo-Cleanser-by-La-Roche-Posay-for-Women-13-5-oz-Cleanser/166197548?wmlspartner=wlpa&selectedSellerId=0,https://i.pinimg.com/originals/55/fd/13/55fd13f095026d6956b09d1504e7b328.jpg,800,1200,0,2026-08-28
2026-09-05,skincare pele oleosa,295689531808960257,27,3,0,✨ O ativo de skincare que está despertando curiosidade: peptídeo de cobre. 💙,meli.la,https://meli.la/1dd8Gpc,https://i.pinimg.com/originals/d9/95/38/d99538ebd605c845ebe04c3cc5556fb4.jpg,1080,1920,0,2026-08-10
2026-09-05,skincare pele oleosa,1145321749016824783,28,1,0,Hidratante para Pele Oleosa: 5 Escolhas que Valem Cada Centavo,dermaguia.com.br,https://dermaguia.com.br/,https://i.pinimg.com/originals/19/24/59/192459f73777596c2cfcf647d41ff628.png,848,1264,0,2026-08-10
2026-09-05,skincare pele oleosa,Aa0bBmmGA4cMmSMYOwg-0-Mx4w--9ihEvBVJdrnMDIgrhUpVyw69fCLlg-6Gh5beM0MWE8dXFc912CJNF7RU1sQ,29,3,0,The Bird’s Nest Toner,goodregimen.com,https://goodregimen.com/products/birds-nest-toner?variant=52096974029172,https://i.pinimg.com/originals/07/82/9b/07829b3b3ea207be0b93d981daa35246.png,1200,1801,0,2026-05-27
2026-09-05,skincare pele oleosa,61009769947195779,30,20,0,Rotina de Skincare Simples para Peles Sensíveis,carenb.com,https://carenb.com/collections/skincare?utm_source=pinterest&utm_medium=social&utm_campaign=&utm_content=rotina-pele-sensivel,https://i.pinimg.com/originals/8a/60/58/8a6058b94afad35fe4116c386bcc449e.jpg,800,1200,0,2025-09-12
2026-09-05,skincare pele oleosa,939704278518162264,31,5,0,Pele oleosa mesmo com bons produtos? Veja os erros mais comuns na rotina de skincare 👇 1. Limpeza agressiva demais: Sabonetes muito fortes ou uso excessivo de ácidos removem a proteção natural da pele,instagram.com,https://www.instagram.com/p/DW5CVJOEeo5/,https://i.pinimg.com/originals/b8/a3/13/b8a3132bd7a01337359ffc8b233135ab.jpg,1080,1350,0,2026-04-09
2026-09-05,skincare pele oleosa,622833823513847509,32,1,0,Kit Principia para Rotina de Skincare Pele Sensível com Protetor Solar FPS 60,meli.la,https://meli.la/1XRiDcB,https://i.pinimg.com/originals/a4/8d/fd/a48dfd05eb2dc1d6a500423d66586996.jpg,1536,2752,0,2026-07-22
2026-09-05,skincare pele oleosa,AVeJEvyURNkR-eo7_e4J_7envw5yyb5wFTWcEUVBdetvE5iwf1W4PlnVNqYxGJuIyGbUkCaA5zcmCHbN_nJfsJM,33,2,0,E.l.f. Skin Holy,walmart.com,https://www.walmart.com/ip/e-l-f-SKIN-Holy-Hydration-Triple-Bounce-Serum-1-0-fl-oz/1494866869?wmlspartner=wlpa&selectedSellerId=0,https://i.pinimg.com/originals/83/cd/06/83cd06205c6b888011ae1aff634ce311.jpg,800,1200,0,2026-08-26
2026-09-05,skincare pele oleosa,922534304921551276,34,2,0,Protetor Solar Facial Para Pele Oleosa Neutrogena Sun Fresh Derm Care sem cor FPS 70,amzn.to,https://amzn.to/3YaOp56,https://i.pinimg.com/originals/8d/e1/50/8de15044fa420c3e23ffa647b8b19946.jpg,736,1104,0,2025-04-03
2026-09-05,skincare pele oleosa,484348134949720288,35,48,0,Rotina de skincare para pele oleosa ✨,,,https://i.pinimg.com/originals/05/1f/24/051f24b22acc7ff26353d3819ade9e89.jpg,736,1104,0,2026-06-12
2026-09-05,skincare pele oleosa,507499451777853714,36,19,0,Skincare pele oleosa | Rotina de skincare | Cuidados com a pele oleosa e acneica,,,https://i.pinimg.com/originals/49/88/f7/4988f76ab1f9b71332ccf6ad3f14a0c3.jpg,1080,1920,0,2022-07-10
2026-09-05,skincare pele oleosa,911556780893869716,37,25,0,Skincare para iniciantes! Pele oleosa e acneica!,,,https://i.pinimg.com/originals/cf/de/0c/cfde0ce94a669e19fed1f39510211e93.png,576,1024,0,2026-07-29
2026-09-05,skincare pele oleosa,902268106591341183,38,1327,0,Ordem Correta dos produtos de skincare: Pele Oleosa.✨,,,https://i.pinimg.com/originals/a5/dc/58/a5dc588bea4f5a8cee97309472ed3dbb.jpg,728,1200,0,2024-09-21
2026-09-05,skincare pele oleosa,Ad96uRk-YovdPgdg1h5svN_LUWjqOBZNKW77cd9sIIjqC9-kSJ66E0gtQXn4svTIcZhv6f4RyZw6iPeP96m2VVA,39,8,0,Dewy Skin Ritual,tataharperskincare.com,https://tataharperskincare.com/,https://i.pinimg.com/originals/d6/4e/df/d64edf3205b807fbef85488b8d2ed920.jpg,720,1280,1,2026-08-19
2026-09-05,skincare pele oleosa,AQp83u6Ek-zcRQNeSWYlfbxMYbSfvn1QB7TAK3zW1pNrjJ3Dn2_Qcu84m1Y4VjHjlZtCggOeT27LdHCT2pR9B88,40,3,0,Face Serums Worth The,phia.com,https://phia.com/editorials/face-serums-worth-the-shelf-space,https://i.pinimg.com/originals/22/db/c0/22dbc001d4881dfeff80b7f68eba29d4.jpg,1000,1500,0,2026-08-24
2026-09-05,skincare pele oleosa,AV3atOVKl0a6K06ngUEU6WCZxIMB9_zNLqjpjWh9xWM7i7suopYsUl0gkSfybRvmor-Fpo_iGQTpNHLBuuCBLYk,41,1,0,Your Most,meaningfulbeauty.com,https://www.meaningfulbeauty.com/?itc=co-usa_pr-meaningfulbeauty_pc-skincare_so-web_vn-internet_sc-paidsocial_pu-pinterest_id-462527005810,https://i.pinimg.com/originals/53/e8/a8/53e8a8dc752be2db14045ec9ae6b8b2d.jpg,1080,1350,0,2026-08-25
2026-09-05,skincare pele oleosa,614671049193713225,42,1,0,Rotina de Skincare para Pele Oleosa | Cremy - Shopee,,,https://i.pinimg.com/originals/34/ff/fc/34fffcd9710b8ab8258788a3a727305c.png,1024,1536,0,2026-08-13
2026-09-05,skincare pele oleosa,1094163672014434656,43,39,0,Skincare para Pele Oleosa: 3 Passos Básicos que Funcionam de Verdade,creamy.com.br,https://www.creamy.com.br/kit-essencial/p,https://i.pinimg.com/originals/d6/54/1d/d6541d9c82e8accc85f2b3cb933026ab.png,1000,1500,0,2025-07-17
2026-09-05,skincare pele oleosa,AVS6uQ_H5YZ8n4ITLdnk2TjNRb2EUpCZklBM4xD2k4JtrptMuHCBrEw2_aZjpwedVmOudW-DK1qUvYH1Dmf6860,44,0,0,Dermaxgen Niacinamide,walmart.com,https://www.walmart.com/ip/Dermaxgen-Niacinamide-Serum-Smooth-Bright-Youthful-Skin-Pore-Reducer-Uneven-Skin-Tone-Treatment-Treat-Dark-Spots-Diminishes-Acne-Prone-Balancing-Rest/2636282104?wmlspartner=wlpa&selectedSellerId=101016551,https://i.pinimg.com/originals/0a/e5/02/0ae502b6bfac221869a50dbc03b66b93.jpg,2000,2000,0,2026-08-30
2026-09-05,skincare pele oleosa,1095289571893068383,45,600,0,Healthy Natural Glow Skin Close-Up Inspiration,instagram.com,http://instagram.com/zara.noella,https://i.pinimg.com/originals/6f/db/70/6fdb70f9c14b04d6f57df3dfe70d3399.png,1450,2577,0,2026-02-19
2026-09-05,skincare pele oleosa,985303224709247102,46,70,0,For sun worship.,,,https://i.pinimg.com/originals/c4/1d/b8/c41db843dd45cafbd5d0fed85bfe0e9c.jpg,736,859,0,2023-08-20
2026-09-05,skincare pele oleosa,900860731745738913,47,1,0,,,,https://i.pinimg.com/originals/b5/7f/1d/b57f1d2b021de6995ca199eeb17d666b.jpg,1024,1536,0,2025-11-23
2026-09-05,skincare pele oleosa,695243261272231903,48,1,0,Rolo e Pedra de Jade,vt.tiktok.com,https://vt.tiktok.com/ZS9kUeRP48gnT-QTAV9/,https://i.pinimg.com/originals/e4/56/71/e456712ddcffb0ff67f8bd94b9b1b837.png,941,1672,0,2026-08-15
2026-09-05,skincare pele oleosa,1074390054877191026,49,2,0,Pele Oleosa | Skincare Routine | Rotina Skincare Simples,,,https://i.pinimg.com/originals/4a/86/5e/4a865ed05f7e2313c8dd9e1c1648904b.png,1000,1500,0,2026-07-28
2026-09-05,skincare pele oleosa,295689531808960289,50,12,0,✨ O queridinho para quem busca uma pele mais lisinha e uniforme!,meli.la,https://meli.la/1u981Tt,https://i.pinimg.com/originals/00/f2/b4/00f2b4658ed2d24a66ed42aa8cd2f1f7.jpg,1080,1920,0,2026-08-10
2026-09-05,skincare pele oleosa,578220039703596449,51,21,0,Creamy Skincare Limpador Facial Antioleosidade,meli.la,https://meli.la/15ziZxx,https://i.pinimg.com/originals/83/c7/80/83c7803cec4f34ffa82562ac3a14996a.png,768,1376,0,2026-07-20
2026-09-05,skincare pele oleosa,AS9xnu2kZAbgVre3w7VNqktPr0LFtoIS2SuQBO2ST8L6KWgytitmgp4yOn62F9qZ1kSJQXZI1_3_lRGdIViGa8k,51,1,0,Shop brands you love and,rakuten.com,https://www.rakuten.com/mktg50?utm_source=pinterest&utm_medium=social&utm_content=%7Bad_id%7D&utm_term=%7Bcreative_name%7D&utm_size=%7Bad_group_id%7D&utm_pub=%7Bad_group_name%7D&utm_ebs=0&utm_campaign=%7Bcampaignid%7D,https://i.pinimg.com/originals/6d/74/65/6d74654bc832b58e9d0920440a1fd704.jpg,1000,1500,0,2026-08-07
2026-09-05,skincare pele oleosa,AVGG8uj8NXvdcPgRMSGyZ3p6hQfZmru-w-O6iOnhDQ4mwR1XNApOoTLcm1iKTOcxT169qmL5m2DLXNcLUocbBzY,52,3,0,Meet Your Pimple-Fighting,herocosmetics.us,https://www.herocosmetics.us/products/mighty-cleanser?utm_source=pinterest&utm_medium=pinterest-paid-awareness&utm_campaign=%7Bcampaign.id%7D&utm_term=%7Badgroupid%7D&utm_content=%7Badid%7D,https://i.pinimg.com/originals/d2/fc/2d/d2fc2dfbc95a22263bc6f81079c82292.jpg,1000,1500,0,2026-08-24
2026-09-05,skincare pele oleosa,799248265166406157,53,43,0,,amzn.to,https://amzn.to/4nw48al,https://i.pinimg.com/originals/58/99/9c/58999c7f5016786b78fcfbcd9651596d.png,1000,1500,0,2026-05-15
2026-09-05,skincare pele oleosa,ARk6mJKpXJfWF_WVEkFyHOUlWJPLrhx-0nZFS8BOwFQ9SKjYTAnEy6DZUt6eLmZSL0H8_SMYeUJQKd70xw7pJBA,54,0,0,Check GoodRx,goodrx.com,https://www.goodrx.com/health-topic/dermatology/mineral-vs-chemical-sunscreen,https://i.pinimg.com/originals/16/8c/d8/168cd8ad8aa6099c9a39566dafd7f227.jpg,1080,1920,1,2026-07-15
2026-09-05,skincare pele oleosa,654781233360068245,55,8622,0,skincare 🫧,,,https://i.pinimg.com/originals/20/0b/d2/200bd2d637ea4d643fd8e6ebcde2c39c.jpg,1080,1920,0,2025-03-11
2026-09-05,skincare pele oleosa,AXelHXpoScQzPrLoG7OjtcElT1KC_f9S7pzMwriB1TKR2upnQZVI59AHK6XZM-rtXvDoTTVacpXKZNREFP7NqxM,56,1,0,best selling oil-based,dermalogica.com,https://www.dermalogica.com/products/precleanse?variant=36070284460184,https://i.pinimg.com/originals/24/04/40/2404406e8d87066d3a0811320cb315a7.jpg,4167,6250,0,2026-08-25
2026-09-05,skincare pele oleosa,ATTpr0fPgwNrd7JE_ECxaJviy4t_rg9w1Jtc0lJkvc4gFLWks3Ag3JK5aAeikPkDOYV9E_Wrfhx1pWenO-6CUgo,57,1,0,Caudalie's new,sephora.com,https://www.sephora.com/product/caudalie-resveratrol-lift-serum-P527920?skuId=3007846&icid2=products%20grid:p527920:product,https://i.pinimg.com/originals/d1/5e/fd/d15efda5fc28c3cd973be167be507a7a.jpg,1000,1500,0,2026-08-25
2026-09-05,skincare pele oleosa,AWaBnLfEJXAfd75q_Kja39tpRBgNyjMxTKUdc-9LYVuvnQz1r8ccPdZjUG0nOI0tBKKG7w4XclRnYHeNUeQetnM,58,1,0,The Latest Beauty Drops,dermstore.com,https://www.dermstore.com/c/new-arrivals/,https://i.pinimg.com/originals/4c/ad/d2/4cadd2c05c10efe58e1393b268001d6d.jpg,1080,1350,0,2026-08-10
2026-09-05,skincare pele oleosa,858991328971220693,59,6,0,Rotina de skincare para pele oleosa e acabamento matte,mercadolivre.com,https://mercadolivre.com/sec/1yu1JBL,https://i.pinimg.com/originals/dc/5e/b1/dc5eb106a9e868ec26aa2946fa7837f4.png,832,1478,0,2026-01-29
2026-09-05,skincare pele oleosa,AU1Ft6B6WqQp3ZBfky6ZzFt29CETRMXUJxt9AulfjmAtUyi_h2aiS7BUTZ7iBvqPlsotbeigYn4qISmdMq9QaFA,60,1,0,Look 10 Years Younger,musely.com,https://www.musely.com/skinregeneration?utm_source=pinterest-shopping&utm_content=aanc07,https://i.pinimg.com/originals/50/97/1e/50971ecce1c92902e4b68d1e7135c9ff.jpg,1000,1500,0,2025-11-21
2026-09-05,skincare pele oleosa,614671049193714914,61,1,0,Rotina de Skincare Noturna para Pele Oleosa | Cremy - Shopee,,,https://i.pinimg.com/originals/52/d5/20/52d5200fdf6edcf05b3ae7bc21c08166.png,1024,1536,0,2026-08-13
2026-09-05,skincare pele oleosa,AbkeqIPiMgV7mBAj3AbPx5pa-eHignNPRS8u9Ww0scKlw10-h3WD5pdcnfIBsr49cTOgzG1wnvCYZWh0w2W3zuU,62,1,0,Try Our NAD+,cymbiotika.com,https://cymbiotika.com/products/nad,https://i.pinimg.com/originals/5c/72/5e/5c725ec0b526345906825630e9382de8.jpg,2083,2812,0,2026-03-25
2026-09-05,skincare pele oleosa,932315560366513051,63,4,0,Dicas para criar uma rotina de cuidados com a pele,medium.com,https://medium.com/@harmonyprint90/is-your-bodys-natural-renewal-process-in-need-of-a-boost-4a3cfbcb200c/?dicas-para-criar-uma-rotina-de-cuidados-com-a-pele,https://i.pinimg.com/originals/af/05/89/af058901972bc249e7e4f61283618084.jpg,564,1002,0,2025-05-27
2026-09-05,skincare pele oleosa,AewTVEtC2R8J7kMrmBDPdhfnH-AeNm_dJKSNhxOB3bAKTtyDMkzSpGurDm-fpmQAahmidP9kYXZBlIHVVU5C874,64,5893,0,Skin Care System fully personalized,y-ourskin.com,http://y-ourskin.com/personalized-skincare/?skin_issue=acne&utm_source=pinterest&utm_medium=cpc&utm_campaign=Traffic&utm_content=acne,https://i.pinimg.com/originals/dc/83/9c/dc839c68b496a2e3f66bd3681d0025e2.png,600,1260,0,2018-08-19
2026-09-05,skincare pele oleosa,826410600396811800,65,96,0,Dicas para pele oleosa,,,https://i.pinimg.com/originals/b6/d4/d3/b6d4d36c0f1bb361146b0982475509d3.jpg,736,1308,0,2023-09-09
2026-09-05,skincare pele oleosa,7670261861249955,66,873,0,Rotina De Skin Cara Para Pele Oleosa!!,,,https://i.pinimg.com/originals/07/bb/73/07bb73c7e3a029de3ca3fe91502c06b3.png,375,666,0,2024-12-27
2026-09-05,skincare pele oleosa,Ael0Zo6NTz6KyOEJlAyRlbi-XpsC3JY6AhJUlUZ_LbmzNTFrL42Xm3fk9FPGnEM4yud9baIs2yQZO0aXkdepVT8,67,55,0,Effortless Summer Glow Up,amzlink.to,https://amzlink.to/az0rUVaNvaXEe,https://i.pinimg.com/originals/4a/85/cb/4a85cb122c88a57896607ac2909da91b.png,1000,1500,0,2026-05-18
2026-09-05,skincare pele oleosa,Acf9buXP0qQgVqGXuVqs4x7vKgNx0aaBF-nBlDHzWoRMKOwf5ABGTfhZKXmnJ6YEfyhkq13heKJiUJa2mDehPXM,68,0,0,BODY Serum,platedskinscience.com,https://platedskinscience.com/products/body-serum?variant=56108119523494,https://i.pinimg.com/originals/3c/fa/63/3cfa637aafa1bd19a0c772092252142f.png,1500,1500,0,2026-08-20
2026-09-05,skincare pele oleosa,Aah2heJ9FT1qWoLCi9LhiAZ4w6aLNYQ8zJ7QhI5cXqGGhEXFzajArLq2oe1HC3wyBSuVsJsNYsyxIkrBODGAicE,69,0,0,Toner Pads - Korean,amazon.com,https://www.amazon.com/Toning-Polish-Pads-Hydrating-Niacinamide/dp/B0DC156Y5X?crid=3QK2LAGJKRVII&dib=eyJ2IjoiMSJ9.H8xsYMkK8LaTpDLa4MR4R89Acr89WnLURn5jdT-CsGgM4uLERjLzpWEsV1Hje7IaLDRIFJoJfYjB3c3Vaz6JPlAAz8lZ0p-UCkXyGTK6_THVbai6jDZpOt3DrS68Fj7UqYnGv959fqswL6-OHNd2lM6eXl6eNtIXJt4EsFlGZNzUe1VdkMJwfr7Mn5y-0u0bgv3HUqBpsj7Btk27v66CoaMFBF20pONCj0q8PB4IFNF8DSobEw02e41jTeLayScPAXjXYbJwUToA7qNan8BU-k2K_xMi7J,https://i.pinimg.com/originals/85/62/f3/8562f3e931775b840bbeca7c7f47ab2f.jpg,1080,1920,1,2026-08-13
2026-09-05,skincare pele oleosa,28921622602806052,70,14,0,De um fim a pele oleosa com o Ácido Salicílico!,,,https://i.pinimg.com/originals/49/a2/18/49a21841326efc28d9f1e3b4488a7b35.png,1080,1920,0,2026-06-06
2026-09-05,skincare pele oleosa,251920172899893024,71,652,0,Cuidados com a pele oleosa,,,https://i.pinimg.com/originals/9a/dd/04/9add04ccd24568f2536af0e141191a79.jpg,564,846,0,2023-05-16
2026-09-05,skincare pele oleosa,433612270399072524,72,24,0,,,,https://i.pinimg.com/originals/41/c3/8d/41c38d86f3cfa460f1b439c0765c7847.jpg,735,1105,0,2026-07-28
2026-09-05,skincare pele oleosa,160792649199528708,73,3026,0,Rotina de Skincare,,,https://i.pinimg.com/originals/44/2b/3f/442b3f9f7670a99514cb67bdeb9cb5b0.jpg,1200,1600,0,2024-05-14
2026-09-05,skincare pele oleosa,1109011477014681867,74,1,0,"Sua pele trabalha mais do que você imagina: todos os dias, o tempo todo. Enquanto você segue sua rotina, ela está em constante defesa contra agressões invisíveis: radiação UV, luz azul, poluição, calo",instagram.com,https://www.instagram.com/p/DX95FyUE7D6/,https://i.pinimg.com/originals/3f/17/e3/3f17e3ddd8a3e5cdd664682b42803aff.jpg,1080,1350,0,2026-05-06
2026-09-05,economia domestica,AdcQlDgFIJv30O5l4wEspLr9LIPFqbDnwl5A9kOpHxjtZfu-tfKLiiXeEbW8ii3MU1nEEmD7RGEIqARi-qw1GTI,1,1,0,Meet AI Studio from Adobe,stock.adobe.com,https://stock.adobe.com/ai-studio/free-trial?sdid=29NMCDL3&mv=social&mv2=paidsoc&as_channel=social_ads&as_campclass=nonbrand&as_campaign=WMAdobe_Stock_PRO_Web_AMERxNA_EvergreenxPerformancePlus_Stock_Conversion_ROI_25_APF_STK_NA_Social&as_source=Pinterest&as_camptype=acquisition&as_content=video_FY26Q2SpringLaunch,https://i.pinimg.com/originals/81/da/16/81da16b7e01b961e3325e7f0d6fc5c01.png,1000,1500,0,2026-04-18
2026-09-05,economia domestica,426434658477070310,2,146,0,Economia doméstica O que é a economia doméstica? A economia doméstica é uma ferramenta de controle e administração das reservas financeiras do lar e da família. É também o modo mais eficaz de gerencia,,,https://i.pinimg.com/originals/9f/0b/f6/9f0bf65a439c9e19c23428b939fab107.jpg,746,644,0,2022-03-23
2026-09-05,economia domestica,AdLlLlQ4tHS7xz5EA097NiYN-a5Snr2OP5iPISOV7FZGNag03PLfhNgLZ1uCQ_xVnmg7CP8A5pf7Ba1R0844jCk,3,0,0,Get QuickBooks today,ad.doubleclick.net,https://ad.doubleclick.net/ddm/trackclk/N5506.2293319PINTEREST/B27980053.339027881;dc_trk_aid=531452104;dc_trk_cid=173277859;dc_lat=;dc_rdid=;tag_for_child_directed_treatment=;tfua=;ltd=?https://quickbooks.intuit.com/oa/get-quickbooks/?cid=PSOC_US_ECO_US_PIN_CrossDevice_RPM_ECO_BOF_CONV_MULTI_2680091581476_ROASOptimized-FY27-MULTI-NA-PIN-NA-NA:NA&utm_source=PIN&utm_medium=psocial&utm_campaign=%7Bc,https://i.pinimg.com/originals/70/ae/14/70ae14053ef5e70c218ad05092260f0c.jpg,1080,1920,1,2026-08-26
2026-09-05,economia domestica,AZjWARL_ZrTmP-0iwsg-49l3y3G-0h0RIXyA5FjIS-w9z6HUCOjfF5Yv7GiwNA_CqFaYYfYU4Qio2q-7Ez0pQh0,4,267,0,Prepare for Success in,acellusacademy.com,http://acellusacademy.com/honors/,https://i.pinimg.com/originals/06/8d/96/068d968763c8a8a245e33067ad2b4292.png,1000,1500,0,2025-04-11
2026-09-05,economia domestica,140806235256627,5,88,0,10 Ultimate Budget Planner Tricks to Transform Your Money,xn--sprche-zitate-yob.de,https://xn--sprche-zitate-yob.de/budget-planner-tricks-8243/,https://i.pinimg.com/originals/aa/bf/3c/aabf3cf040694fb3cc312b05d8b218f9.jpg,1024,1536,0,2026-06-29
2026-09-05,economia domestica,AZDkTj6saPva2YCBxmAbdZDpwFhbxwxRGqVK6oLc7CIVOEbfBHvBSEjjR-88kitNHempBQ-3bCK0YVBUzy6iW1k,6,243,0,SoFi Personal Loans,sofi.com,https://www.sofi.com/atr/p/v1/c?cid=1bd19d35-974e-43a5-b5a6-5abe2ecf573c&AD_ID=%7Badid%7D&smartly-hash=single_image_pin_reference:v1:340d334d53c45c9c74a18a073f5612a31219c0513470821ac11a6aba68ee99e4,https://i.pinimg.com/originals/56/73/47/56734796ebc91d1bcd5146280af729b9.png,1000,1500,0,2025-07-28
2026-09-05,economia domestica,591660469770228934,7,7,0,Áreas de la Economía Doméstica o familiar | ▶ Economía Simple,economiasimple.net,https://www.economiasimple.net/economia-domestica,https://i.pinimg.com/originals/8d/65/16/8d651672c7bbafbd8aeda11ba303943a.jpg,500,340,0,2018-04-07
2026-09-05,economia domestica,ATUB_ZWHn5f5G9-UPfsRJ8PKLobl34mjmKrcxAzU0FnVs20BDs6IqZgsp8nV3euJT7VX9zoVXAJc1ZXPpxC_Qhs,8,1,0,Bundle & Save,statefarm.com,https://www.statefarm.com/lp/general?cmpid=soc:OMD&camp=%7Bcampaignid%7D&site=pinterest&plac=%7Badgroupid%7D&crea=%7Badid%7D,https://i.pinimg.com/originals/c6/8c/7e/c68c7e8f3aaf95000590549b1faea740.png,1080,1920,0,2025-12-11
2026-09-05,economia domestica,AenUZIAqsYrEGtCtRT8N7FwrnRzhryf8BJ8JxGIMm-7V2jWolCKQUiL7ci_Ip9Fq2E77RLaas15oifFaoVQ4IyU,9,1,0,"A home insurance quote in under 3 minutes? Yep. Savings that could save you $671? Also, yep. Switch to Allstate and see how much you could save",purchase.allstate.com,https://purchase.allstate.com/onlineshopping/welcome?cid=SMP-MF-V-STC-130-BRR-SCB-NAT-NAT-250401:pinterestmf&CAMPAIGN=444490000099235,https://i.pinimg.com/originals/69/57/26/695726048f0513320a3dee59f145f00c.png,1080,1350,0,2026-03-24
2026-09-05,economia domestica,Aacb35EXUH2beFqnY9_vE1HolD_ajEAo73ODzHobuooH5RVVabSGoAHp0OjiKLJW_cg5leI6WOrYSW-vbxGrVw0,10,169,0,Explore 23 creative,shopify.com,https://www.shopify.com/blog/make-money-online,https://i.pinimg.com/originals/ef/c5/1c/efc51c50f927fd275d5428f4f2c8e8b1.jpg,736,1104,0,2024-12-14
2026-09-05,economia domestica,13370130133065430,11,8819,0,Economia doméstica: 43 dicas para economizar dentro de casa,tuacasa.com.br,https://www.tuacasa.com.br/economia-domestica/,https://i.pinimg.com/originals/f4/8d/31/f48d31afa80af7e6d39fffb764d0932a.png,735,1102,0,2020-07-26
2026-09-05,economia domestica,757378862383976827,12,7,0,"Semana do Consumo Inteligente: Dia 14/40 - planejar as compras da semana. Quando planejamos as compras da semana, evitamos desperdícios, economizamos dinheiro e ainda facilitamos muito a rotina da cas",instagram.com,https://www.instagram.com/p/DVzjF6BDUJN/,https://i.pinimg.com/originals/5e/63/c7/5e63c741873ce471bc8f70944ba0337d.jpg,1365,1820,0,2026-03-13
2026-09-05,economia domestica,751327150338172524,13,40,0,Como economizar energia: 12 dicas para diminuir a conta,tuacasa.com.br,https://www.tuacasa.com.br/como-economizar-energia/amp/,https://i.pinimg.com/originals/72/67/08/72670841057d3f4b416e0d2cdfc308bc.jpg,730,548,0,2021-03-23
2026-09-05,economia domestica,816558976213315110,14,3,0,Domine a Economia Doméstica: 4 Passos Essenciais 🏠💰,investireviver.com.br,https://investireviver.com.br/economia-domestica-4-passos-para-te-ajudar-no-orcamento/,https://i.pinimg.com/originals/03/13/06/0313061dce71b897647b9e8875fd2c50.jpg,736,1104,0,2023-08-22
2026-09-05,economia domestica,1407443630713332,15,298,0,,,,https://i.pinimg.com/originals/25/69/66/25696657bd9b9d7ada8d22634b578678.jpg,1536,2752,0,2026-03-08
2026-09-05,economia domestica,AZI_iHQrTRlHN-JqqUYbZSO0V8w6qQCZipIyMN2TKfq8FYdvfzvouY4n9y_pQrpvKFL0ZfZi9N8xXnmMHM5S7gs,16,1,0,Book Your Business Trip,marriott.com,https://www.marriott.com/marriott-brands/portfolio/business-travel-hotels,https://i.pinimg.com/originals/c0/04/fd/c004fd09a3f5a861bc288310095e44a3.jpg,1044,1566,0,2026-07-03
2026-09-05,economia domestica,1127518456806850772,17,1,0,Economia Doméstica: Guia Completo pra Fazer o Dinheiro Render,vidaritmolivre.com,https://vidaritmolivre.com/economia-domestica/,https://i.pinimg.com/originals/bb/4a/8e/bb4a8e375a9373de7cb208fa9a10e285.png,1000,1500,0,2026-08-18
2026-09-05,economia domestica,AcM8hM9ynEoscx9LvRTG8CLJJ54axvQZzKQk7QaYFezGpmI1mc93VwHfPZRkPexk2nDwZFa3Oy1QyIot3nO3AX4,18,75,0,"TAKE THE LEAP, BUILD THE",squarespace.com,https://www.squarespace.com/website-design,https://i.pinimg.com/originals/5a/f9/d7/5af9d75d1c85797dd0cfbb3a4493257c.jpg,1080,1920,1,2025-11-03
2026-09-05,economia domestica,AbSgv5lC1gR92huyZzK2SYHkUFFWDl9graqOEAaLAralwPkaEUQ9nk-CYfsaN-rgsCV4KDt11U4IASuSzSrBV3o,19,1,0,With you through small,edwardjones.com,http://edwardjones.com/,https://i.pinimg.com/originals/77/f3/b2/77f3b2d6f96b7f242dd78e2f60f770ce.png,1000,1500,0,2025-09-02
2026-09-05,economia domestica,1150106823623729133,20,1,0,5 hábitos para economizar em casa.,go.hotmart.com,https://go.hotmart.com/R107251112N,https://i.pinimg.com/originals/96/c2/ae/96c2aed01a66bbff7af79a73038aeb6b.jpg,848,1264,0,2026-08-21
2026-09-05,economia domestica,AQ5ChOlYuNbMxSY9Ouvwj00OAzQsrCcfvpO9A0NkR7CJqhPKXJCxrhyirYrfQJh1qrPPrIbwymBQfwH2OcTSHx8,21,484,0,See How Much You Can Get,lendgo.com,https://www.lendgo.com/heloc/la/?tg_ref=pnt6926&camp_id=%7Bcampaign_name%7D&keyword=%7Bad_group_name%7D&sub2=%7Bcreative_id%7D,https://i.pinimg.com/originals/78/ed/d7/78edd7ffe6da7fac05e371deb63b40a8.jpg,736,1104,0,2026-06-09
2026-09-05,economia domestica,84653668203485766,22,165,0,Arte por IA by Aline,,,https://i.pinimg.com/originals/13/ac/0d/13ac0d11c5ea518d39b0c968d3f666b8.jpg,1024,1024,0,2025-11-23
2026-09-05,economia domestica,AWtuYl7s4J6mYp-H8dqAVe1Mky954KWIM_9wHAHyMPzpWW14rS81o-8MN8znCxhty3ClUNNJml5eH0sQY1koM68,23,1,0,CASTELLO CITY,expedia.com,https://www.expedia.com/Hotel-Search?destination=Patras&selected=77980744&startDate=2026-09-06&endDate=2026-09-07,https://i.pinimg.com/originals/ac/84/80/ac84804528e17c48cf7f4e9fe85c285e.jpg,1000,1500,0,2026-07-13
2026-09-05,economia domestica,AR-ok_VE1tkEu2IBIHZ0sOFqmzmShpsBG27R-OJB4GakSHsiEzbIK46j_2SjNqfC4ZWIOV5jOffRtBtgpRnFA9Y,24,13,0,Your Next Career is,cfp.net,https://www.cfp.net/get-cfp-certified/new-career?utm_medium=cpc&utm_source=mgipinterest&utm_campaign=careerchangerleadgen0826,https://i.pinimg.com/originals/80/8b/fb/808bfb6183dce8e32e7fd3d46105f0db.png,4167,6250,0,2026-08-21
2026-09-05,economia domestica,AS7Q7yM2b7AVzbkFHaJ6MEyzrxIufwhoxesaDzCCcskmPlbZs-f7M6fPOoCpxxpRUg8ynyKa7ThBn_WlUW5dv-0,25,3,0,What Financial,ad.doubleclick.net,https://ad.doubleclick.net/ddm/trackclk/N6036.2293319PINTEREST/B34673803.436720696;dc_trk_aid=645220827;dc_trk_cid=260200608;dc_lat=;dc_rdid=;tag_for_child_directed_treatment=;tfua=;ltd=;dc_tdv=1,https://i.pinimg.com/originals/61/86/12/61861241760503605eeaae767741d0b0.jpg,1000,1500,0,2026-07-02
2026-09-05,economia domestica,670684569556818075,26,1,0,Finanças Pessoais - Como Organizar Seu Dinheiro de Forma Simples,dicasesolucoesdigitais.com.br,https://dicasesolucoesdigitais.com.br/financas-pessoais-como-organizar-seu-dinheiro-de-forma-simples-e-transformar-sua-vida-financeira/,https://i.pinimg.com/originals/59/c2/e9/59c2e9349190e727bfe6e0d040bd72a5.png,1024,1536,0,2026-08-11
2026-09-05,economia domestica,634233560071185330,27,28,0,Alimentação em Casa Fica Mais Cara no Fim de 2024: O Que Executivos e Investidores Precisam Saber,executivoinformal.com.br,https://executivoinformal.com.br/alimentacao/,https://i.pinimg.com/originals/b8/43/fe/b843fe9e08d65840df80ee858bd0e3f2.webp,1024,1024,0,2026-07-14
2026-09-05,economia domestica,AZpFsG3tafJSC9DkhZ4ke1eP4sy7CzMuMBA6S4LIHXAYNwPLG6m3_p46eQtJXqBJ3NWRdJIxc7-grRH6rBDJ3eQ,28,739,0,Richmond Vesuvius Gray,homedepot.com,https://www.homedepot.com/p/MILL-S-PRIDE-Richmond-Vesuvius-Gray-Plywood-Shaker-Ready-to-Assemble-Base-Kitchen-Cabinet-Laundry-Room-132-in-W-x-24-in-D-x-90-in-H-LDRY-2T132-RVG/322114843,https://i.pinimg.com/originals/bb/16/bc/bb16bc6b7d90a9ad4d289d1c057f57df.jpg,1000,1000,0,2023-06-29
2026-09-05,economia domestica,903956956441279814,29,20,0,Economia doméstica: 53 dicas para colocar em prática no seu lar,inspirandoideias.com.br,https://inspirandoideias.com.br/organizacao/economia-domestica-53-dicas-para-colocar-em-pratica-no-seu-lar/,https://i.pinimg.com/originals/c3/c8/6d/c3c86de5e2dc387dfb301a8bc8fa9957.png,375,562,0,2023-10-10
2026-09-05,economia domestica,182818066119215507,30,4,0,5 hábitos que ajudam a economizar dinheiro,,,https://i.pinimg.com/originals/e8/9e/bc/e89ebc9fc30ef2133657831e517a9c55.png,1024,1536,0,2026-06-30
2026-09-05,economia domestica,9077636745055077,31,9731,0,,,,https://i.pinimg.com/originals/3a/86/b3/3a86b3b87149a198c1ab3c4981d709d7.jpg,720,930,0,2025-12-23
2026-09-05,economia domestica,660551470334176375,32,3766,0,Hora de guardar compras quem gosta? ...,,,https://i.pinimg.com/originals/b7/70/36/b77036abcd158b871e9d7ab1cef14575.jpg,1080,1350,0,2020-03-18
2026-09-05,economia domestica,ASWlRHV8m_Co7pWA3fDhlXRx0_KP2MOMSeHRkTGMInLvMUB1Y_zvcGcwlM3epiij-H0Ukb9XJXaArmrjbgIk3EU,33,2,0,Bundle auto and home,libertymutual.com,https://www.libertymutual.com/multi-online-quotes?selectedOpt=auto_home&cid=soc&cmpgncde=2405&keyCode=SMFCTC00&src=cm-dsoc-aut-pin,https://i.pinimg.com/originals/f2/8c/93/f28c9382df4a1cba5ca844fb8ac52f03.jpg,1080,1620,1,2026-08-11
2026-09-05,economia domestica,16818198602351495,34,431,0,"""I'm Tired Of Financially Supporting My Husband!"" - 7 Things To Do - Olubunmi Mabel",olubunmimabel.com,https://olubunmimabel.com/im-tired-of-financially-supporting-my-husband/,https://i.pinimg.com/originals/af/fc/43/affc43c881371f869564cecee824daa2.jpg,1000,1500,0,2025-07-07
2026-09-05,economia domestica,694258098851475004,35,71,0,💰 5 maneiras de economizar sem sofrer,,,https://i.pinimg.com/originals/1a/e5/cc/1ae5ccea3df6b1d421792c2689028bec.png,1024,1536,0,2026-06-08
2026-09-05,economia domestica,594545588345857480,36,8,0,Orçamento Doméstico Simples: Guia Completo Para Suas Finanças - Portal Blog Do Lago,blogdolago.com.br,https://blogdolago.com.br/orcamento-domestico-simples-guia-completo-para-suas-financas/,https://i.pinimg.com/originals/78/77/70/7877702c376e13de933daf22b5cc92f1.png,1024,1536,0,2025-09-09
2026-09-05,economia domestica,AXSXJSN21m5YZFCvFmA5tmH0tWyuDVMgnjm9m5026i0_1OdED9n815gbKyiYGZM5X47B3vV8ZCD_7HQhNbM8smI,37,80,0,8 Ways to Make Money If,financebuzz.com,https://financebuzz.com/supplement-income-yaez?&utm_source=pinterest&utm_medium=paid-social&utm_campaign=%7Bcampaign_name%7D-%7Badgroupname%7D&adgroupid=%7Badgroupid%7D&utm_content=%7Badid%7D&utm_term=ad1,https://i.pinimg.com/originals/9e/8b/fa/9e8bfa9c711f01c40a1f42799a7c6635.png,1000,1500,0,2025-12-04
2026-09-05,economia domestica,AX0AdeliCw5uyd2K9VKcfkaBwVGNG44Eq2MC1G1ry8pj9nf13SIix-l0x4DVeZIrOi1eeLtb0c_I0UXyCoe237s,38,3,0,Temu | 1pc Monthly Budget,temu.com,https://www.temu.com/ul/kuiper/un3.html?subj=dpa-un&_bg_fs=1&_p_jump_id=1082&_x_vst_scene=adg&goods_id=606583530580470&adg_ctx=a-7f200660~c-43a7f9a6&_p_rfs=1&_x_ads_channel=pinterest&_x_ads_creative_id=%7Bproduct_partition_id%7D&_x_ads_id=%7Badgroupid%7D&_x_ads_set=%7Bcampaignid%7D&_x_ads_sub_channel=shopping&_x_ns_catalog_id=1567707391772&_x_ns_creative=%7Badid%7D&_x_ns_gid=606583530580470&_x_ns_,https://i.pinimg.com/originals/72/04/53/720453b894673d78330a380d60d6709b.jpg,2000,3000,0,2026-08-27
2026-09-05,economia domestica,AcVSBk5VCDxw1B2h2ZCwnw2Z7SrFk8EVKbu9azLFJAze6sRFzsvSkl_2gh-L0DBvSNOIYTLbSs4vUOQ5pz8pT3U,39,9,0,Money Journal - Printable,commit30.com,https://commit30.com/products/money-journal-printable-pdf?variant=52183016931626,https://i.pinimg.com/originals/33/13/0b/33130bc70618951a2d48775b5aff7352.jpg,1712,2480,0,2026-08-06
2026-09-05,economia domestica,673499319251960595,40,6,0,Come pulire casa in modo ecologico: trucchi e consigli per rispettare l'ambiente e risparmiare!,alfemminile.com,https://www.alfemminile.com/lifestyle/album1317562/come-pulire-casa-in-modo-ecologico-0.html,https://i.pinimg.com/originals/73/9f/53/739f5390de7569a95eee0ab1913fad26.jpg,767,767,0,2018-08-09
2026-09-05,economia domestica,Ab3ofdkbMHXUpXQSPV5_lXya60e4UXpipwr5q7XbrXISb9h2x27YmsbQK2V10dvd1ldHnv9vftNoOADbgSMwnOQ,41,1931,0,Swindon 5 - Light Soft,wayfair.com,https://www.wayfair.com/Everly-Quinn--Swindon-5-Light-Kitchen-Island-Square-Rectangle-Pendant-X221622054-L6087-K~W110511943.html,https://i.pinimg.com/originals/ec/37/35/ec3735e1e441a77610a8fd459ae00ee3.jpg,400,400,0,2026-07-29
2026-09-05,economia domestica,256212666298311588,42,8,0,Título: 🧹✨ Faxina Pesada: Transforme Sua Casa do Caos à Organização,,,https://i.pinimg.com/originals/98/b2/e0/98b2e0afd41984f1c7dfe51d6d9e725b.png,1024,1536,0,2026-07-30
2026-09-05,economia domestica,AYHyTXqmWaq4c_03I13Y4Ub6rlHGYRJgYtt5GtTT-JwzoBAgE0CSVPHV4-utbIMZ3kkMbcvk0WisC8ox91DYpdI,43,4,0,Kyla Extra Long Linen,twopagescurtains.com,https://twopagescurtains.com/products/kyla-linen-extra-long-pleated-curtains?variant=52011744526647,https://i.pinimg.com/originals/d3/a3/60/d3a360b479a80ebc3236135453e6192a.jpg,925,1200,0,2026-04-25
2026-09-05,economia domestica,AbrfbapjysOJkOpsuAbi3eidO8-xxtiTTPg2-OKTjXR-mDNxuPvb67Wu_a9RyrS4PiJCy740t-OtWIhuLiqQjtk,44,1,0,How to Use 1 hr/Week to,thepinterestlab.jennakutcher.com,https://thepinterestlab.jennakutcher.com/masterclass?utm_source=pinterest&utm_medium=ad&utm_campaign=tpinlab&utm_term=evergreen-2026-jan-feb&utm_content=pin-ad-2026-jan-feb&utm_creative_format=button,https://i.pinimg.com/originals/ac/b4/3f/acb43f9fdd76effee32192217daf9938.png,1000,1500,0,2026-03-06
2026-09-05,economia domestica,1407443630713337,45,15,0,,,,https://i.pinimg.com/originals/e6/c7/4a/e6c74adefdc9a69ae2feaf0099bfa3dd.jpg,1536,2752,0,2026-03-08
2026-09-05,economia domestica,274297433602680768,46,61,0,Economize seu dinheiro,,,https://i.pinimg.com/originals/d5/62/74/d5627444fc111720f5c0e808a1259f38.png,1024,1536,0,2026-08-22
2026-09-05,economia domestica,969329519830483561,47,2,0,Estoque de alimentos em casa: O guia para organizar e economizar,manualfeminino.com,https://manualfeminino.com/estoque-basico-organizado-economizar-compras/,https://i.pinimg.com/originals/3c/fa/2f/3cfa2f4f37bb6a227fab408d5e061f94.png,1000,1500,0,2026-08-12
2026-09-05,economia domestica,AenElLvpcSevs0CBk1g3qbETbBDDdgBo2AcWzz5J-K_x_IGbxiGyITF4gbfcm6qGrOTpKfQU8rqMWrvOAq9h53Y,48,0,0,Some pins inspire. This,ad.doubleclick.net,https://ad.doubleclick.net/ddm/trackclk/N1079725.2293319PINTEREST/B36142937.454020455;dc_trk_aid=647993659;dc_trk_cid=261546073;dc_lat=;dc_rdid=;tag_for_child_directed_treatment=;tfua=;gdpr=$%7BGDPR%7D;gdpr_consent=$%7BGDPR_CONSENT_755%7D;ltd=;dc_tdv=1,https://i.pinimg.com/originals/27/2d/4c/272d4c757455f1e123e78c00c1b3aa89.jpg,1080,1920,1,2026-08-07
2026-09-05,economia domestica,AQu5JOL-k3SAGf1H1_gN98Kr4DJDBqIPzwpW2vo2Hc73-BzQVfp5WyCDYN22T8XqwNx9YA4OIhK3sbUE-NGdfDo,49,1,0,White Checkout Counter,maoters.com,https://www.maoters.com/product/compact-supermarket-checkout-counter?variant=MTJ68941,https://i.pinimg.com/originals/98/a5/a9/98a5a964b47039bacb37ddd76e50fff2.webp,1000,1000,0,2026-08-07
2026-09-05,economia domestica,1116752038868385906,50,3300,0,"Economizar dinheiro não é sobre se privar é sobre escolher com consciência. Pequenas decisões diárias, como cozinhar em casa, rever assinaturas, evitar compras por impulso e planejar o mês, criam uma ",instagram.com,https://www.instagram.com/p/DP3-iEoDc_3/,https://i.pinimg.com/originals/d0/66/03/d0660389a60ecbfcb3ff30d750562ef6.jpg,1280,1707,0,2025-10-17
2026-09-05,economia domestica,Afcky7YDUcKqKWs3AupXAFZE7nuQJNSnnFCnPrp2r7_PnL7cV3wN5Z3TbuWdKuFR-EhiFRVo-gdyDCkSmdsYPOk,51,2,0,Bed & breakfast in,vrbo.com,https://www.vrbo.com/search?selected=90516923,https://i.pinimg.com/originals/b9/e3/c0/b9e3c0759a6e0c8568a95778aa734c63.webp,1000,1500,0,2026-03-25
2026-09-05,economia domestica,947304102886615920,52,193,0,Planeje e Enriqueça: Hábitos Financeiros de Mulheres Organizadas,linktr.ee,https://linktr.ee/Planejeenriqueca?utm_source=linktree_profile_share&ltsid=ec33f284-b25e-45fc-94e0-8025f2e807f3,https://i.pinimg.com/originals/1d/4a/0c/1d4a0c2cfb9e35ca5b2e60b6041d07dc.jpg,828,1234,0,2026-03-08
2026-09-05,economia domestica,776167317060917120,53,103,0,Tratado de economia doméstica - Aristóteles,,,https://i.pinimg.com/originals/71/4d/99/714d991e3120150d3ea8f4b0341b581f.jpg,1168,1752,0,2024-02-16
2026-09-05,economia domestica,AVq3930EVbOg0AS3VQ_maf2xKoIn8o7Vgf0zVNf4tbEvtzWjRYgU0vHoryJvgccQ0NUIjRg1e4fOTxRcUkNyVWo,54,17,0,Save on car insurance,libertymutual.com,https://www.libertymutual.com/multi-online-quotes?selectedOpt=auto_home&cid=soc&cmpgncde=2405&keyCode=SMFCTC00&src=cm-dsoc-aut-pin,https://i.pinimg.com/originals/9f/4e/12/9f4e1214099f199183af63ba06db76c1.jpg,1080,1350,0,2026-08-11
2026-09-05,economia domestica,1120270476082694726,56,1,0,O Método Simples para Economizar sem Abrir Mão de Nada,rotinasimpleshoje.com.br,https://www.rotinasimpleshoje.com.br/2026/06/o-metodo-simples-que-me-ajudou.html,https://i.pinimg.com/originals/14/31/be/1431be64e28f00470baa698e1d6eac2c.png,1024,1536,0,2026-06-10
2026-09-05,economia domestica,AUuZLSl9SH4Qjwa7i-diQAGAnQtHLJimennAA5yHigR-g5QS1k0E3KjzLr10Wc4Irc9KFGJN6GqeY1vlEdY4Z8w,57,0,0,Blum-USA Sliding Shelf,dkhardware.com,https://www.dkhardware.com/blum-usa-webkit1237399-sliding-shelf-lock-for-movento-and-tandem-product-8212478.html,https://i.pinimg.com/originals/82/74/4d/82744dd43063b0e6d64ed13c58c338bb.jpg,687,700,0,2026-06-30
2026-09-05,economia domestica,AVretPIwNCT-jiJl57ZTm6mJ7F-0YJrpS_Gvk8HrRkdwbQqyf-ISqEUR06ziKR-EVN34GcHty6KxXZf0e-LGS3g,58,1,0,Move-In Ready Homes,buy.lennar.com,https://buy.lennar.com/corp/?utm_term=National_General&utm_medium=social-paid&utm_source=Pinterest&utm_campaign=CORPLEN_PRO_National_CORP&utm_content=PRO_022526_Test0001_Corp-Legacy_Purchase_Broad_CORP_ad_022526_0005_CORP_stills-overlay_renting_TH_H5_PT166_img_national,https://i.pinimg.com/originals/d3/5d/c1/d35dc12ff0474a9d6ed73d26b9ecbeaf.png,1080,1920,0,2026-02-25
2026-09-05,economia domestica,ARSNBYCrfD8G7cME69_JiGDwNE-RG9gZhaRiETYzedy_SG5eD8AQ5M7s4zLIF97TvNVSzImecZ4Y-mlyQN-38Cw,59,607,0,9 Ways to Make Money,financebuzz.com,https://financebuzz.com/supplement-income-yaez?&utm_source=pinterest&utm_medium=paid-social&utm_campaign=%7Bcampaign_name%7D-%7Badgroupname%7D&adgroupid=%7Badgroupid%7D&utm_content=%7Badid%7D&utm_term=ad1,https://i.pinimg.com/originals/6a/af/9b/6aaf9be341029521880f9f9583ceacc7.png,1000,1500,0,2025-11-06
2026-09-05,economia domestica,492018328043032355,60,882,0,"Cantinho316 ⤑ Jaque ❥ on Instagram: “Meus queridinhos bem organizados, amo 🎊👏🏽. Da até dó de usar kkkk . . . . . . #cantinho316 #organização #sempre #donadecasa…”",instagram.com,https://www.instagram.com/p/Bp7LULOB8pJ/?igshid=10ndi2mo26jay,https://i.pinimg.com/originals/53/aa/c4/53aac4b9966df88ee05335bc54786d69.jpg,1080,1080,0,2020-02-13
2026-09-05,economia domestica,AdYEQevVDOw6uhEi2YM9SSltIrV2-bN9zWJ_a4s0ViL-ARzxgwcQrzqUjny5u-HA7a1rf2F-6va1Af_zrZ_8Kmw,61,0,0,Trinity Groves Retreat,hotels.com,https://www.hotels.com/Hotel-Search?destination=Dallas&selected=109789584&startDate=2026-04-22&endDate=2026-04-23,https://i.pinimg.com/originals/b0/df/d3/b0dfd3d07b34f7d6472164c6031407af.jpg,1000,666,0,2026-04-13
2026-09-05,economia domestica,792985446901902509,62,364,0,,,,https://i.pinimg.com/originals/37/2f/0a/372f0ab3ed779e1c443ae6f9807d8d58.png,598,395,0,2022-05-07
2026-09-05,economia domestica,28640147625792906,63,447,0,Como se preparar financeiramente para morar sozinha,asimplebloggercatholic.blogspot.com,https://asimplebloggercatholic.blogspot.com/2023/04/5-passos-faceis-para-criar-um-orcamento.html,https://i.pinimg.com/originals/de/76/c0/de76c0495eefbf0ee6fa7e89aeb40ff8.png,1500,3200,0,2026-03-23
2026-09-05,economia domestica,AeIVBcU2dMxELs1SZjLv1bzThP04xGs0EvroQjS2rrjTcrKewnV3GwOdGERnudGldPQ8FA4DGBXJAMRzHSJpZG8,64,0,0,Home Renovation Project?,thumbtack.com,https://www.thumbtack.com/k/general-contractors/near-me/?utm_source=cma-pinterest&utm_medium=social&utm_campaign=%7B%7Bcampaign.id%7D%7D_%7B%7Badset.id%7D%7D_%7B%7Bad.id%7D%7D,https://i.pinimg.com/originals/36/fd/a7/36fda7d5fb4db075d152d74ff70ec9f0.jpg,1080,1920,1,2026-07-13
2026-09-05,economia domestica,889320257688076139,65,21,0,Planejamento financeiro para quem trabalha em casa 💰✨,,,https://i.pinimg.com/originals/14/30/ef/1430ef472bdd67f54847d473322d7c1d.png,1080,1920,0,2026-05-25
2026-09-05,economia domestica,AfPtii03-tEVai3ywNnWBTB-ZSPbucQK1A6eb5cijLgVzNE3EjPu9btrN2ZOmxX98Xs8c2cX632VXC7i4772_zc,66,7,0,EdgeStar VBM101 22 Inch,fergusonhome.com,https://www.fergusonhome.com/product/summary/1745845,https://i.pinimg.com/originals/98/84/e6/9884e6108605c3dab7e7bc71e43a21e4.jpg,823,2000,0,2025-08-14
2026-09-05,economia domestica,700380179556673935,67,1159,0,Economia doméstica: 43 dicas para economizar dentro de casa,tuacasa.com.br,https://www.tuacasa.com.br/economia-domestica/amp/,https://i.pinimg.com/originals/9c/41/ea/9c41ea9c7cc6152217f51c3dc2e673f1.jpg,730,548,0,2021-09-30
2026-09-05,economia domestica,889320257688102777,68,148,0,Hábitos financeiros simples podem transformar sua vida 💰✨,,,https://i.pinimg.com/originals/66/be/fb/66befbed1f25763219e0e9c670dce2e4.png,1000,1500,0,2026-05-26
2026-09-05,economia domestica,AYKjQ9OCh0F-yAlKr5s4jEpgPCWkiKA2vtcOHPMgnFmTD8XpgVO3FTQ6p3GTAZAvtTF4QUFHZTfnqreQLqJuTgg,69,4,0,Evening Routine Checklist,thegentlereset.com,https://thegentlereset.com/night-reset-routine/,https://i.pinimg.com/originals/b1/bd/87/b1bd876a8aeed8f3b675e4e60aacc067.png,1024,1536,0,2026-08-15
2026-09-05,economia domestica,AaUQWVYqu3_vKmvjqm1FYiR51wuyhTHGjw_ZStUH0C-Ezw2tSG-A6z53Xqk-S6RpsG03nHMotX0N6qFpLyORavQ,70,0,0,White Checkout Counter,maoters.com,https://www.maoters.com/product/compact-supermarket-checkout-counter?variant=MTJ68935,https://i.pinimg.com/originals/ac/88/cc/ac88cc31b5f088402975d9b0da77120d.webp,1000,1000,0,2026-08-07
2026-09-05,economia domestica,AZKayEBb1OJUzq2WRMyz5n7Ty8kIQ-yEt-5xuomxQPNvMu187NZjfoCFeiIqDzSCAwRiV7Jdx9sutIoOHrI6OSs,71,13,0,Cheap Weekly Meal Plan,simplelivingmommy.com,https://www.simplelivingmommy.com/broke-week-meal-plan/,https://i.pinimg.com/originals/90/28/f3/9028f3329601fb7999d0773aa8367e73.png,750,1500,0,2026-08-25
2026-09-05,economia domestica,AXC6tmGyzWWrIUIn2AEkYK9kexfrB9YKFjDhX3BOqaPI-6teLN48w4_5_V-4QpmmsrQUzeIiKvk4BcVlK2O3M3Q,72,1,0,Villa Blue Water by GORO,expedia.com,https://www.expedia.com/Hotel-Search?destination=Seminyak&selected=107273059&startDate=2026-09-08&endDate=2026-09-09,https://i.pinimg.com/originals/04/8c/10/048c104759eb56685a8bf74856066c05.jpg,1000,1500,0,2026-07-13
2026-09-05,economia domestica,1130685050263499435,73,1,0,Como Economizar Dinheiro Mesmo Ganhando Pouco: 4 Dicas Simples,,,https://i.pinimg.com/originals/45/85/2c/45852ca1288d194d468c9e3507282616.png,1024,1536,0,2026-08-09
2026-09-05,economia domestica,932667404169032082,74,1,0,É Possível Comprar a Casa Própria Ganhando um Salário Mínimo?,eujacquie.com,https://eujacquie.com/e-possivel-comprar-a-casa-propria-ganhando-um-salario-minimo/,https://i.pinimg.com/originals/ce/e8/95/cee895bcccbe9e61e1adf892c6707753.png,1024,1536,0,2026-08-17
2026-09-05,economia domestica,AdXmhm6Pt_4XQef_b3Imm1XQD7q5OkjGZScLMsW7xfr93AesZBEfNeBDnNHU4WkfBS-cwgPowKiWw0O8DUW7F28,75,10,0,Jawara Luxury Extra Long,twopagescurtains.com,https://twopagescurtains.com/products/jawara-luxury-extra-long-floor-to-ceiling-linen-curtain-pleated?variant=52015900197175,https://i.pinimg.com/originals/4a/6c/2b/4a6c2b087d75ef71e1f034fdffb03816.jpg,1093,1200,0,2026-04-28
2026-09-05,planilha financeira,AZ2y7RXjZDfLjnCxFklyzm2517JykaXB9a7biak2sstMCBDJ0MpGxS6XXYPn7WvsPGkZX0nurkKZroXjgU3pnRs,2,1,0,Get 30 days free.,stock.adobe.com,https://stock.adobe.com/ai-studio/free-trial?sdid=29NMCDL3&mv=social&mv2=paidsoc&as_channel=social_ads&as_campclass=nonbrand&as_campaign=WMAdobe_Stock_PRO_Web_AMERxNA_EvergreenxPerformancePlus_Stock_Conversion_ROI_25_APF_STK_NA_Social&as_source=Pinterest&as_camptype=acquisition&as_content=video_FY26Q2SpringLaunch,https://i.pinimg.com/originals/73/68/c5/7368c5e9f4fcd5d4c0d188cf363a77fd.png,1000,1500,0,2026-08-25
2026-09-05,planilha financeira,785948572508334449,3,703,0,,digitalartscanva.com.br,https://www.digitalartscanva.com.br/2025/04/planilha-financeira-para-controle-de.html?m=1,https://i.pinimg.com/originals/54/2b/13/542b1363572663130255142f77c9f47e.png,1000,1500,0,2025-04-22
2026-09-05,planilha financeira,AZnf3rHcotBNPVpDkTGCRQw0Ke8wloOzo0ckX1zSVyi-1BHbvcJhsdBosaN78PQ88ISdNGBXXLCBu8Pz4kQnTaM,4,67,0,"GROW WHAT YOU LOVE, WITH",squarespace.com,https://www.squarespace.com/website-design,https://i.pinimg.com/originals/ff/c4/cc/ffc4cc7b43ed806f93e614f232c3e99f.jpg,1080,1920,1,2025-11-03
2026-09-05,planilha financeira,1120411213577369409,5,13,0,Plano financeiro,,,https://i.pinimg.com/originals/eb/ca/2a/ebca2acaf6f7edd6bfb0cf7fa207c322.png,1024,1536,0,2026-08-24
2026-09-05,planilha financeira,661325526575233656,6,1379,0,,,,https://i.pinimg.com/originals/60/45/2a/60452a70fe4098211dfb4973362d56ec.png,1414,2000,0,2026-02-09
2026-09-05,planilha financeira,AfwJYRs5pMh8b33rZuZBq0FUmSQi3uZ1y6e-I8naRZIKfmCYEh4TdZ-pQZzY1U0F9s4_PDnVievhbTtRb2w8uMs,7,1,0,Avery?? Budgeting Planner,avery.com,https://www.avery.com/products/labels/6788,https://i.pinimg.com/originals/77/2c/fa/772cfab4f0c2f8ee86be7677a5621707.jpg,1424,1424,0,2026-08-05
2026-09-05,planilha financeira,AdHqWGTDmH0dC_MGWhLABTAG15AEK-RqyJiNSmavQOq8ycxtrFQ_Yi5v08SIKSduzUicycuXtEeABKuv9KenTwg,8,1,0,Get 50% off QuickBooks,ad.doubleclick.net,https://ad.doubleclick.net/ddm/trackclk/N5506.2293319PINTEREST/B27980053.339027881;dc_trk_aid=531452104;dc_trk_cid=173277859;dc_lat=;dc_rdid=;tag_for_child_directed_treatment=;tfua=;ltd=?https://quickbooks.intuit.com/oa/get-quickbooks/?cid=PSOC_US_ECO_US_PIN_CrossDevice_RPM_ECO_BOF_CONV_DEMO_2680086700950_ROASOptimized-FY26-PRO-NA-PIN-NA-NA:NA&utm_source=PIN&utm_medium=psocial&utm_campaign=%7Bcamp,https://i.pinimg.com/originals/aa/c6/b3/aac6b3aa6786f55dd041d11894336c5a.png,1080,1080,0,2025-07-30
2026-09-05,planilha financeira,Ab1mJDaSUeHxW5VDYbtQPfEyWfPTAeBcZvdxe5C-n22D-pGiKRW3_gu65mKmVfapT3R70ZnJYbK5SQgFVZ0Fkng,9,243,0,SoFi Personal Loans,sofi.com,https://www.sofi.com/atr/p/v1/c?cid=1bd19d35-974e-43a5-b5a6-5abe2ecf573c&AD_ID=%7Badid%7D&smartly-hash=single_image_pin_reference:v1:340d334d53c45c9c74a18a073f5612a31219c0513470821ac11a6aba68ee99e4,https://i.pinimg.com/originals/56/73/47/56734796ebc91d1bcd5146280af729b9.png,1000,1500,0,2025-07-28
2026-09-05,planilha financeira,1016687684626231479,10,35,0,Planilha financeira gratuita,rosaurearosadeouroo.blogspot.com,https://rosaurearosadeouroo.blogspot.com/2026/05/planilha-financeira-gratuita.html,https://i.pinimg.com/originals/85/67/9e/85679ef0adbbaaed83ee2433755207f4.png,1080,1920,0,2024-12-19
2026-09-05,planilha financeira,AR5tMRM1sBc8S-9piTadg8rT1D39rAyU-teyx_dzZN440y3EA02BX1IIG8QME31v1d04UVvTj0dbTQTYVvoxKvI,11,6,0,Learn how to handle sales,shopify.com,https://www.shopify.com/blog/bookkeeping-101,https://i.pinimg.com/originals/56/77/fd/5677fd2a1758d01ab2fae23dd3d738e9.jpg,736,1104,0,2024-12-14
2026-09-05,planilha financeira,1105704146054727012,12,22,0,Planner de Organização Financeira 💰✨ | Organize seu dinheiro e realize seus sonhos.,go.hotmart.com,https://go.hotmart.com/M106963837Q?dp=1,https://i.pinimg.com/originals/e7/8d/8e/e78d8e1f6bf597673f1b2df826661f23.png,1024,1536,0,2026-08-22
2026-09-05,planilha financeira,1042864857495941510,13,368,0,,,,https://i.pinimg.com/originals/5e/fb/c7/5efbc7b065f857cb3377c7b5b6762a79.png,1024,1536,0,2026-07-25
2026-09-05,planilha financeira,8725793026188702,14,880,0,orçamento mensal. para você se organizar mensalmente. é não deixar o dinheiro fugir da sua mão,,,https://i.pinimg.com/originals/44/d7/69/44d769dc92ff92b0cc24775f671b3b40.png,1024,1536,0,2026-08-03
2026-09-05,planilha financeira,664703226300309176,15,258,0,Planilha de orçamento mensal.,,,https://i.pinimg.com/originals/af/44/44/af4444444e537d305099f0fc067a1734.png,1024,1536,0,2026-07-17
2026-09-05,planilha financeira,AaKU7Amg5OMi1ZTaBm-sT3H0CiZOjxOvqiQ5QxoWnu_LGV9XIFO2Te29lAzGCdxKwjBg9DLGTHKOERL4OfsdlsM,16,9,0,Money Journal - Printable,commit30.com,https://commit30.com/products/money-journal-printable-pdf?variant=52183016931626,https://i.pinimg.com/originals/33/13/0b/33130bc70618951a2d48775b5aff7352.jpg,1712,2480,0,2026-08-06
2026-09-05,planilha financeira,AbnbXjBh7XkeEEOzYlCegbUA7vRSdmg31KTQIgIILNeQFbkPZV6yystNXBtX3yIWW2KtPros1wmS20MNWEW5omk,17,2,0,An Introvert's Weekly,kiwyverncrafts.store,https://kiwyverncrafts.store/products/introverts-weekly-planner?utm_medium=clickthrough&utm_source=pinterest,https://i.pinimg.com/originals/09/b6/12/09b612f8bb0512650a0b8f2db9031962.jpg,1000,1000,0,2026-08-31
2026-09-05,planilha financeira,AW3GuvunrITwQrMbO5HZuwb7fifKiW6fpzdXt15xouIo4xufchKLxDf8dNnexH0o35f2d3_iX64CFCYu_gTyxDY,18,1,0,Temu | 1pc Spanish Budget,temu.com,https://www.temu.com/ul/kuiper/un3.html?subj=dpa-un&_bg_fs=1&_p_jump_id=1082&_x_vst_scene=adg&goods_id=605828958529599&adg_ctx=a-bfff831f~c-1387dc8d&_p_rfs=1&_x_ads_channel=pinterest&_x_ads_creative_id=%7Bproduct_partition_id%7D&_x_ads_id=%7Badgroupid%7D&_x_ads_set=%7Bcampaignid%7D&_x_ads_sub_channel=shopping&_x_ns_catalog_id=1567707391772&_x_ns_creative=%7Badid%7D&_x_ns_gid=605828958529599&_x_ns_,https://i.pinimg.com/originals/35/e1/1e/35e11ee39607226437fb22022affb21f.jpg,1084,1084,0,2026-06-14
2026-09-05,planilha financeira,1052364637948624579,19,399,0,50/30/20,,,https://i.pinimg.com/originals/55/22/35/55223512f67897e737e5c60aaabff8a0.jpg,1080,1920,0,2026-07-31
2026-09-05,planilha financeira,AcirgR2NHekNof6Ygh57dq4VFhZcylrwDpG7Q1-iWuH2Znvs47Is1l0n3I-ENDm7ZiJvGByyTEPBJyg0UUVJjLg,20,4,0,Video 01 — Custom Kitchen,grcustomwoodwork.com,https://grcustomwoodwork.com/,https://i.pinimg.com/originals/06/01/61/06016191735ebdd674f232e5dea51b43.jpg,1080,1920,1,2026-05-29
2026-09-05,planilha financeira,821203313350207119,21,548,0,,,,https://i.pinimg.com/originals/0c/c7/96/0cc79654a5f7cdf9769962cd91c047da.jpg,1098,1536,0,2026-02-02
2026-09-05,planilha financeira,AaNT8gIn9C30kaLLmlJobh7sFrzygzlNI5UEW4hLn6SRkOau4YPXHSOEtDT-PmtKeTM9G_r0v_CPm3LeRAiQYjQ,22,13,0,Your Next Career is,cfp.net,https://www.cfp.net/get-cfp-certified/new-career?utm_medium=cpc&utm_source=mgipinterest&utm_campaign=careerchangerleadgen0826,https://i.pinimg.com/originals/80/8b/fb/808bfb6183dce8e32e7fd3d46105f0db.png,4167,6250,0,2026-08-21
2026-09-05,planilha financeira,AUtvNdeB13DkFQlujYlkT9XNCnvL7m3UpSTanMzMmhFARMvJOGKHNcUX5hmwo1QVwxd6fbihCJLAgHTd7c6VWDo,23,39,0,Garden Planner Inserts,laureldenise.com,https://laureldenise.com/,https://i.pinimg.com/originals/8e/f3/dd/8ef3ddf7e4515f0a8c32d34414c71178.png,1000,1500,0,2026-06-26
2026-09-05,planilha financeira,Ae7-hk07YcrPnWrefc01cKM_VQr1EAwzAbpYrEjkMnwMSEQPtnJxYbP8jxBCwsTw8iA-b5tMqQrpVMGtzDYkekU,24,484,0,See How Much You Can Get,lendgo.com,https://www.lendgo.com/heloc/la/?tg_ref=pnt6926&camp_id=%7Bcampaign_name%7D&keyword=%7Bad_group_name%7D&sub2=%7Bcreative_id%7D,https://i.pinimg.com/originals/78/ed/d7/78edd7ffe6da7fac05e371deb63b40a8.jpg,736,1104,0,2026-06-09
2026-09-05,planilha financeira,1073827104917652207,25,55,0,Travel Budget Planner Bullet Journal Template for Yearly Savings 2026,payhip.com,https://payhip.com/travelbudgetplannertemplate/blog/news/explore-the-magic-top-27-free-travel-planners/?travel-budget-planner-bullet-journal-template-for-yearly-savings-2026,https://i.pinimg.com/originals/1e/d0/8f/1ed08f3b63ad251eb8f681e405fa4b8b.jpg,1536,2048,0,2026-02-04
2026-09-05,planilha financeira,1134414593671770585,26,49,0,Savings Workbook 🍰 💌 Pink Monthly Budget Planner | Income &amp; Paycheck Tracker | no-stress trac...,behance.net,https://www.behance.net/gallery/252658017/Build-Your-Perfect-Notion/?savings-workbook-pink-monthly-budget-planner-income-amp-paycheck-tracker-no-stress-trac,https://i.pinimg.com/originals/7f/28/4c/7f284c88c40f3a075d010d8d208e7ac8.png,952,1428,0,2026-07-27
2026-09-05,planilha financeira,667799451043814846,27,550,0,Controle financeiro,,,https://i.pinimg.com/originals/fb/0c/10/fb0c1010c37c03beaa88d66d7db30283.png,1023,1537,0,2026-07-25
2026-09-05,planilha financeira,ASxtB9qW-zT0i7hYcPwtioldgaSu-euw8dJ4qcPeajIX85XqwOJT5MvG0BewMSUpC_nSOsctg1MFWrXJnZhCO64,28,10,0,A Blueprint for Getting,whop.com,https://whop.com/novadigitallabs/become-unstoppable-now/,https://i.pinimg.com/originals/18/fa/a7/18faa7865ddbca64836fb6b6f2648add.png,1696,2528,0,2026-04-18
2026-09-05,planilha financeira,AU7WzK-78VcOZk1g6SFEYSP9YN_A_QxuCyA7rXopXy_JpCv2Tlgzhvums7ZhDz5Wt-UVpeI_EMJfq71HA9iqmLY,29,5,0,Temu | 1pc Small Business,temu.com,https://www.temu.com/ul/kuiper/un3.html?subj=dpa-un&_bg_fs=1&_p_jump_id=1082&_x_vst_scene=adg&goods_id=605820771228693&adg_ctx=a-1c80f235~c-57515b98&_p_rfs=1&_x_ads_channel=pinterest&_x_ads_creative_id=%7Bproduct_partition_id%7D&_x_ads_id=%7Badgroupid%7D&_x_ads_set=%7Bcampaignid%7D&_x_ads_sub_channel=shopping&_x_ns_catalog_id=1567707391772&_x_ns_creative=%7Badid%7D&_x_ns_product_id=99346217466556&,https://i.pinimg.com/originals/92/54/13/925413205aa20e4e57b51d00783493c9.jpg,1000,1000,0,2026-06-28
2026-09-05,planilha financeira,631981760220082227,30,15177,0,Planner Financeiro,,,https://i.pinimg.com/originals/54/e5/db/54e5db3238d99a1deb1fbf931eb95418.png,794,1123,0,2022-01-06
2026-09-05,planilha financeira,ARwPEFiPJh-WFW9qumyCawv7nEXShOEvsDyI9zyJ3SBNtsp739vZzr15Nz_wB_4LwPa5Ns1kljrAiehNgutoRfk,31,1,0,Flo App Settlement,periodtrackerdataprivacylitigation.com,https://periodtrackerdataprivacylitigation.com/,https://i.pinimg.com/originals/66/91/cb/6691cb98a09b9b427c96f81b3cc8c177.jpg,1000,1500,0,2026-08-05
2026-09-05,planilha financeira,701224604525178488,32,6,0,Controle seu dinheiro de forma simples! Clique aqui e confira!,jessica-planilhas.netlify.app,https://jessica-planilhas.netlify.app/,https://i.pinimg.com/originals/ab/5f/c3/ab5fc31d017a97a2f90269162079bd3e.png,1587,2245,0,2026-07-27
2026-09-05,planilha financeira,AbwMfkUKLJfww6FU9FT0eHvQ4AcWnToAwA-qylXpTdyG3Qq1eEoFc0syoBp30j4oZMSe1CvWSmM_T8VVFiL5g3w,33,32,0,How to Build Passive,stan.store,https://stan.store/TheIntentionalCollective,https://i.pinimg.com/originals/5b/0e/7f/5b0e7fb34e81a76e96fe369ba11d5af5.png,1024,1536,0,2026-07-19
2026-09-05,planilha financeira,1103452346269157384,34,3,0,"Wedding Budget Module, Effortless 2026 Excel Budget Planner | Simple Finance Management 🧁",medium.com,https://medium.com/@early.rafael1993/budget-wedding-checklist-planner-spreadsheet-trackers-ac2d2271bd77/?wedding-budget-module-effortless-2026-excel-budget-planner-simple-finance-management-%25f0%259f%25a7%2581,https://i.pinimg.com/originals/7e/0a/05/7e0a05fc7efa511b38729a15194af413.png,1187,777,0,2026-06-03
2026-09-05,planilha financeira,1132796112526910137,35,1545,0,Monthly Budget Planner Google Sheets Template,payhip.com,https://payhip.com/OrganizeThrive/blog/news/budget-planners-your-step-by-step-guide-to-financial-freedom/?monatliche-budget-tabelle-google-sheets-budget-vorlage-monatlicher-budgetplaner-monatliches-budget-bundle,https://i.pinimg.com/originals/c5/a7/81/c5a7812b0a69c344e5b4f941305e9160.jpg,2000,2000,0,2025-02-24
2026-09-05,planilha financeira,1091982240924476799,36,744,0,Controle de gastos,,,https://i.pinimg.com/originals/cb/39/51/cb39519b7a66983da66f26faadf571a8.png,1024,1536,0,2026-07-11
2026-09-05,planilha financeira,5066618331712107,37,602,0,Planner financeiro,,,https://i.pinimg.com/originals/bf/b4/77/bfb477fd3108f57a461025168e5e7357.png,1024,1536,0,2026-07-19
2026-09-05,planilha financeira,585045807888269950,38,200,0,,,,https://i.pinimg.com/originals/c9/20/b3/c920b336ffa56a164de86a848d632770.png,1024,1536,0,2026-07-29
2026-09-05,planilha financeira,1107744839598074782,39,29,0,Free Budget Planner Template Google Sheets,behance.net,https://www.behance.net/gallery/223353413/Budget-Planner-Printable-Free/?free-budget-planner-template-google-sheets,https://i.pinimg.com/originals/93/0c/8f/930c8f853a34b6f9136f0f668da7d5af.png,768,1738,0,2025-04-15
2026-09-05,planilha financeira,380483868530265792,40,1151,0,Freebie: Planner Financeiro Gratuito - Controle de ganhos e gastos!,asweetmagic.com.br,https://www.asweetmagic.com.br/2022/07/freebie-planner-financeiro-gratuito.html,https://i.pinimg.com/originals/8d/18/60/8d1860354af3478d7141f1a604a8f734.png,757,1259,0,2022-07-08
2026-09-05,planilha financeira,36591815717695718,41,112,0,Planilha financeira para controle de gastos (Grátis),pausapracriatividade.com,https://www.pausapracriatividade.com/2019/05/planilha-financeira-para-controle-de.html,https://i.pinimg.com/originals/5c/c4/09/5cc409d51f2665162cb31f06baedb15c.png,1000,1500,0,2025-02-18
2026-09-05,planilha financeira,1048072144536056469,42,1502,0,Planner floral Neutro completo e grátis,,,https://i.pinimg.com/originals/c4/ec/36/c4ec36bb9c3d6787de4ba507e5be09ae.jpg,1414,2000,0,2025-04-27
2026-09-05,planilha financeira,523473156707832604,43,49,0,Monthly Budget Spreadsheets,medium.com,https://medium.com/@campbell.tamara499632/monthly-budget-spreadsheets-d3acfb234fcc/?ultimate-monthly-budget-spreadsheet-template-for-excel-sinking-funds-tracker-monthly-budget,https://i.pinimg.com/originals/f4/f5/14/f4f51492d544c9cc759fa56659afbf5f.jpg,474,296,0,2025-05-05
2026-09-05,planilha financeira,1087689747517927621,44,448,0,Create Your Perfect Monthly Budget with Our Easy Excel Spreadsheet Template,payhip.com,https://payhip.com/FreeBudgetPrintables1/blog/news/10-must-have-budget-planners-to-master-your-finances-effortlessly/?ultimate-monthly-budget-spreadsheet-template-for-excel,https://i.pinimg.com/originals/f0/e5/bc/f0e5bc352a4f61fedf2e4bfa8565c573.jpg,2880,1800,0,2025-10-06
2026-09-05,planilha financeira,185703184624880001,45,847,0,Planner de Controle Financeiro para Download e Impressão,queromeformar.com,https://www.queromeformar.com/p/planner-financeiro-para-download.html,https://i.pinimg.com/originals/f2/e3/70/f2e370809623a696fbc69734d430e307.png,800,2000,0,2020-06-22
2026-09-05,planilha financeira,1103522714973194096,46,55,0,controle financeiro 2389,behance.net,https://www.behance.net/gallery/243402851/-Digital-Planner-Templates/?controle-financeiro,https://i.pinimg.com/originals/28/c5/5f/28c55f1733f7b277357fb595d41fc20e.jpg,735,1040,0,2026-07-16
2026-09-05,planilha financeira,104286547620864857,47,127,0,,,,https://i.pinimg.com/originals/d9/f8/9a/d9f89a1f8a851a99c16fed9403971bce.jpg,675,1200,0,2026-07-19
2026-09-05,planilha financeira,595952963232686446,48,268,0,,,,https://i.pinimg.com/originals/1a/16/aa/1a16aa28cad25dbaf5f5f27d835df767.jpg,736,1308,0,2026-04-22
2026-09-05,planilha financeira,14073817580880618,49,69,0,Planilhas Financeiras Templates Links - Google Drive,drive.google.com,https://drive.google.com/drive/mobile/folders/1RkS1jyf0O1I9sIY3tOcsUYsH-nixe6sB?usp=drive_link,https://i.pinimg.com/originals/fd/08/60/fd08602ecd68d6d3794f1a9378699d79.png,543,405,0,2025-08-24
2026-09-05,planilha financeira,AQ4rX8pkzZcabZg1VD0l6qxtVFYHtMhsq3_bREg8aVoWOLTCUMbgi_ylBY9RglAiBJ70k2G8dcC-RdZP0UcJKRE,51,1,0,Make a game plan for your,loveyourmindtoday.org,https://loveyourmindtoday.org/sports?utm_source=pinterest&utm_medium=paid_social&utm_campaign=AC2026_AdultMentalHealthSports_Pinterest_Awareness_Phase2_2024&utm_content=AMH-S-P2-AWR-PP_collage-ajawilson-img,https://i.pinimg.com/originals/e0/c3/80/e0c380510ff9b1dbe11ae44bdc8598f2.png,1000,1500,0,2026-07-22
2026-09-05,planilha financeira,Aeg5K3vM3DSTHtVVAYgej2HrFJ-tthvS5C3IGsMuLZuT2MgYQ5i_Chn0oe-ApizffYQOtKufLkamdMZDMg-4W6w,52,74,0,U.S. Bank Shield™ Visa®,usbank.com,https://www.usbank.com/credit-cards/shield-visa-credit-card.html,https://i.pinimg.com/originals/83/21/84/8321848b4c0e95373d7a588484331c93.jpg,1000,1500,1,2026-03-10
2026-09-05,planilha financeira,AZJ2a1r-J3nC1qAU4uXEs8dGzhtEl_GHILOHz67twSNnck1ADAQYdcAqnqh11WBmck2w8OLgK7iwynPfg9EM73w,53,235,0,White L-Shaped Corner,wayfair.com,https://www.wayfair.com/Latitude-Run%C2%AE--Marcale-Multifunctional-Adjustable-Corner-Desk-X222641280-L32-K~W111530179.html?refid=PSO49-W111530179_12799124&PiID[]=12799124,https://i.pinimg.com/originals/3b/02/2e/3b022ec9d43eb01bb6fee44f42ac84b9.jpg,400,400,0,2026-07-02
2026-09-05,planilha financeira,669980882112868985,54,53,0,"Free Budget Planner Printable""",,,https://i.pinimg.com/originals/b6/02/63/b60263f5a6644c8eac2185ad020e37f4.png,1024,1536,0,2026-08-26
2026-09-05,planilha financeira,1059823724796305438,55,303,0,planilha financeira pessoal excel grátis download,excelcoaching.com.br,https://excelcoaching.com.br/planilha-financeira-pessoal-excel-gratis-download/,https://i.pinimg.com/originals/5e/8f/b6/5e8fb620755f5e5d52cc818792b8ba55.png,1080,1080,0,2023-08-01
2026-09-05,planilha financeira,AYrWtuK25t08fdhyN3czYZ8HQWF3oX3iK_k1mZlPpZaAgJTFmWdOcPPUKZEsJhYic1k4IppLVUDUGzWe9hOVbcA,56,57,0,Pink 11.8 in. x 11.4 in.,homedepot.com,https://www.homedepot.com/p/Afoxsos-Pink-11-8-in-x-11-4-in-Wood-Desk-Acessories-Small-Cute-3-Tier-Desk-Shelves-Storage-Rack-and-Cubicle-Organizers-SNPH048IN215/334423003?cm_mmc=psoc-pinprg-%7Bcampaignid%7D-%7Badgroupid%7D,https://i.pinimg.com/originals/c5/c3/be/c5c3be81f01daef6836cd7e12bab2c56.jpg,1000,1000,0,2025-09-22
2026-09-05,planilha financeira,AYTkk5XxYO-Lg8ziF1zfGYpF-kWL7TkjaP7H5faUnvszXmwzd07WnQ3cXvxCk0xZEi9gCyvfDNb5AJAs5T08vPQ,57,7,0,Digital Home + Life,commit30.com,https://commit30.com/products/digital-home-life-bundle?variant=47678527504682,https://i.pinimg.com/originals/dd/a9/c7/dda9c78b7f7ff706109d88a1ef171f88.jpg,3024,3024,0,2024-12-17
2026-09-05,planilha financeira,AbGVea8ltq_5YDKk5s2NUhDFEfC5SKD7HNYJxJTMg76qrtpdKmLTWoDSotCCO0Eu9akoiRfFu07Iy13BOlLcc0w,58,40,0,Don't Trust Your Brain,laureldenise.com,https://laureldenise.com/,https://i.pinimg.com/originals/f0/35/4b/f0354bdc2c38a7245042e2e3e5ebcca9.png,1000,1500,0,2026-05-15
2026-09-05,planilha financeira,921478773783630390,59,1163,0,Planilha Financeira,,,https://i.pinimg.com/originals/80/d4/d8/80d4d89b817b7d5d8aed3a7e07cbe86e.png,1055,1491,0,2026-06-25
2026-09-05,planilha financeira,5418462047926993,60,61,0,,,,https://i.pinimg.com/originals/74/41/26/7441268994e9abffedfb053df0a88b92.png,1024,1536,0,2026-08-23
2026-09-05,planilha financeira,77616793576064206,61,143,0,How to Start Your First Realistic Budget,,,https://i.pinimg.com/originals/62/9d/a8/629da80ec38b1084651e5d4b21c7dfd2.png,1000,1500,0,2026-08-25
2026-09-05,planilha financeira,473933560787815836,62,1791,0,Saiba como montar uma planilha de gastos mensais personalizada,tecnologia.uol.com.br,http://tecnologia.uol.com.br/album/planilha_de_gastos_excel_album.htm#fotoNav=15,https://i.pinimg.com/originals/61/c4/cc/61c4ccbd437cc5904ae1abaf9ec5e6c0.jpg,600,500,0,2019-10-29
2026-09-05,planilha financeira,15762667444640821,64,68,0,,,,https://i.pinimg.com/originals/96/9f/be/969fbe58ab20209eb52513910e53cf3b.png,1024,1536,0,2026-08-08
2026-09-05,planilha financeira,292171094602177105,65,20,0,meta financeira,,,https://i.pinimg.com/originals/b0/22/40/b02240b8e1f3bd13d309b8a376d81e7f.png,1024,1536,0,2026-08-22
2026-09-05,planilha financeira,1042864857495908806,66,190,0,planner financeiro personalizado,,,https://i.pinimg.com/originals/a0/5c/29/a05c29f148112257a4d67dc2a36513ec.png,1024,1536,0,2026-07-24
2026-09-05,planilha financeira,2603712282528218,67,3812,0,financas,,,https://i.pinimg.com/originals/40/6f/98/406f989fe7f9bcf47dd791b3d264127e.png,1024,1536,0,2026-02-19
2026-09-05,planilha financeira,ASPrH4kBkv8UrMFF-0_uiH728f5hg6E8JDEo1Q6wv4ULcrPT2rFaVDWwtv-gsmOCUVUJO-MLCN3tJ6OFF2Zpp6U,68,0,0,All your tools in one,quickbooks.intuit.com,https://quickbooks.intuit.com/explore-quickbooks/,https://i.pinimg.com/originals/11/d9/12/11d9129408cb64b4e38b151524349c37.jpg,1080,1920,1,2026-08-25
2026-09-05,planilha financeira,333688653659285795,69,3137,0,Controle financeiro,,,https://i.pinimg.com/originals/82/05/d9/8205d9bd00a6ffbe33b1c3c6495e16d2.png,1414,2000,0,2025-01-18
2026-09-05,planilha financeira,730286895916724793,70,43,0,Budget Planner | Simple Monthly Budget & Expense Tracker,,,https://i.pinimg.com/originals/e8/a6/02/e8a602d94a28d671990063d3477a7c21.png,1024,1536,0,2026-08-24
2026-09-05,planilha financeira,1094163672025041146,71,68,0,2025 Personal Budget Planner Template for Savings & Finance Tracking,payhip.com,https://payhip.com/CreativeWeb/blog/news/top-budget-planners-creative-digital-resources/?2025-personal-budget-planner-template-for-savings-finance,https://i.pinimg.com/originals/25/26/84/25268474637db1a18bc662a5c8146a8f.png,1428,1147,0,2026-02-28
2026-09-05,planilha financeira,8725793026232820,72,244,0,Pink Budget Planner,,,https://i.pinimg.com/originals/3b/3b/09/3b3b098df1530da7ddfd70b8be6f7858.png,1024,1536,0,2026-08-19
2026-09-05,planilha financeira,11259067814276990,73,614,0,planilha financeira gratuita!✨️,,,https://i.pinimg.com/originals/bd/1e/89/bd1e8967543359da56e8e73bc030907c.png,1414,2000,0,2026-02-13
2026-09-05,planilha financeira,1124633338204123888,74,19,0,2025 Annual Budget Spreadsheet & Planner Template,behance.net,https://www.behance.net/gallery/229478067/Monthly-Smart-Budgeting-Google-Sheets-Templates/?2025-annual-budget-spreadsheet-planner-template,https://i.pinimg.com/originals/90/6c/76/906c76ffb055bf63b0ad65b0aa87eaec.png,768,1581,0,2025-07-18
2026-09-05,planilha financeira,34832597116862799,75,100,0,,,,https://i.pinimg.com/originals/84/d9/e0/84d9e08114de355073289d45d4063502.png,1024,1536,0,2026-08-26
2026-09-05,planilha financeira,753578950169698434,76,90,0,"Planilha para Controle Financeiro Doméstico: Download, Excel, csv",planilhadecontrole.com,https://www.planilhadecontrole.com/planilha-para-controle-financeiro-domestico/,https://i.pinimg.com/originals/39/a9/5b/39a95b11a08a05ba1cb6199f2e903f7a.png,800,565,0,2023-02-13
2026-09-05,renda extra em casa,1010143391443193155,2,1,0,15 Ideias de Renda Extra em Casa para Começar com Pouco Dinheiro,mundomaterrno.blogspot.com,https://mundomaterrno.blogspot.com/2026/08/15-ideias-de-renda-extra-em-casa-para.html,https://i.pinimg.com/originals/7d/25/fb/7d25fbb3796c24afe3798262cfc5b4d5.png,1024,1536,0,2026-08-18
2026-09-05,renda extra em casa,AbVJptZ17Jw-wvxugAvyGLoLe4gXY9Am81gzodl-kmxdFqtYtqqWOZxlh-V_q80O2gKNqqjUVXoKkPOSCnd0xb0,3,129,0,Create with Adobe.,adobe.com,https://www.adobe.com/creativecloud/buy/students.html?sdid=VG52K6RS&mv=social&mv2=paidsoc,https://i.pinimg.com/originals/03/1d/de/031dde9193c0ea1326ae97a51ee1f589.jpg,1080,1920,0,2026-02-17
2026-09-05,renda extra em casa,ARiHfD0qxl2Kh4eAeqYgmmILAF-Wqs27ONY_eY00GkkdO0hbyCE-fV_QEI-E5_wmQRuDYM07JuAbwiDKIfrg-EA,4,422,0,Bundle auto and home,libertymutual.com,https://www.libertymutual.com/multi-online-quotes?selectedOpt=auto_home&cid=soc&cmpgncde=2405&keyCode=SMFCTC00&src=cm-dsoc-aut-pin,https://i.pinimg.com/originals/b4/86/02/b486029a82aefb00281e84e7a9889131.jpg,1000,1500,0,2024-02-14
2026-09-05,renda extra em casa,AZCxakujLkFKQ9hwLpTgi67dsJi4JIkIxdGDmhy6iV1y8OOHop3qlg6rDcGvObMb6opIZ-ypmVh3n7cIPYPyBEE,5,0,0,Your career inspiration.,ad.doubleclick.net,https://ad.doubleclick.net/ddm/trackclk/N1079725.2293319PINTEREST/B36142937.454020455;dc_trk_aid=647993659;dc_trk_cid=261546073;dc_lat=;dc_rdid=;tag_for_child_directed_treatment=;tfua=;gdpr=$%7BGDPR%7D;gdpr_consent=$%7BGDPR_CONSENT_755%7D;ltd=;dc_tdv=1,https://i.pinimg.com/originals/85/43/22/854322d08b86344ae336bd1e1b3d35f8.jpg,1080,1920,1,2026-08-07
2026-09-05,renda extra em casa,AQvDCFUo1YSLE9qLeQEs_vyyKITxHAtC_OL0-bceW2-3Z31lu4-7yeUkO2dnsGk8gBLq0B0Sle8yrM9jb8_US6k,6,1,0,Get 30 days free.,stock.adobe.com,https://stock.adobe.com/ai-studio/free-trial?sdid=29NMCDL3&mv=social&mv2=paidsoc&as_channel=social_ads&as_campclass=nonbrand&as_campaign=WMAdobe_Stock_PRO_Web_AMERxNA_EvergreenxPerformancePlus_Stock_Conversion_ROI_25_APF_STK_NA_Social&as_source=Pinterest&as_camptype=acquisition&as_content=video_FY26Q2SpringLaunch,https://i.pinimg.com/originals/73/68/c5/7368c5e9f4fcd5d4c0d188cf363a77fd.png,1000,1500,0,2026-08-25
2026-09-05,renda extra em casa,760756562100003987,7,1,0,"Renda extra em casa em 2026 não é sorte. É método. Separei os caminhos que realmente funcionam, os erros mais comuns de quem desiste cedo e um passo a passo de 60 dias pra sair do zero. Guia completo ",instagram.com,https://www.instagram.com/p/DcZGjs5CSoi/,https://i.pinimg.com/originals/b7/4e/b9/b74eb946b5244e083875a2f0cdf2acaf.jpg,1254,1254,0,2026-08-24
2026-09-05,renda extra em casa,386254105568008591,8,24,0,Como Ganhar Dinheiro em casa com 7 ideias de Renda Extra lucrativas para Mulheres,rendaextrainfinitas.com.br,https://www.rendaextrainfinitas.com.br/2026/04/ideias-renda-extra-para-mulheres-em-casa.html,https://i.pinimg.com/originals/c8/ca/82/c8ca8290416e2751694e08148bf50a42.png,1080,1920,0,2026-08-23
2026-09-05,renda extra em casa,Ab0X0x-XwsD-hkItOOlB3cjLb0XUAMzh3xHEA0U7VnsvZRQ0MTmOgjOfZ9a56uEtpe1nEoJK_TWMo3R0bxPvAEo,9,1,0,"A home insurance quote in under 3 minutes? Yep. Savings that could save you $671? Also, yep. Switch to Allstate and see how much you could save",purchase.allstate.com,https://purchase.allstate.com/onlineshopping/welcome?cid=SMP-MF-V-STC-130-BRR-SCB-NAT-NAT-250401:pinterestmf&CAMPAIGN=444490000099235,https://i.pinimg.com/originals/69/57/26/695726048f0513320a3dee59f145f00c.png,1080,1350,0,2026-03-24
2026-09-05,renda extra em casa,Afo2MOv7MERrwKkcSCYucHknhXnpXCQGcazNybKU5X3vl-zX-NmNTsTf9qneRMJ6uhvIRYku8iey5PLt3Y75Fnw,10,115,0,Best Secret Websites To,shopify.com,https://www.shopify.com/blog/secret-websites-to-make-money,https://i.pinimg.com/originals/fc/b0/c6/fcb0c61a7b50a88f7ef886b098fd76f1.jpg,474,711,0,2025-04-24
2026-09-05,renda extra em casa,AV6CxgqtfcmPwyueiJYT5cc_QKv3pXN9siwFIypfIbq0K2wuF0XKW4mRWCd3b4hXIrQfT54hd9ziG8MQM_3KMcQ,11,32,0,How to Build Passive,stan.store,https://stan.store/TheIntentionalCollective,https://i.pinimg.com/originals/5b/0e/7f/5b0e7fb34e81a76e96fe369ba11d5af5.png,1024,1536,0,2026-07-19
2026-09-05,renda extra em casa,1010143391443078257,12,1,0,7 Formas de Fazer Renda Extra em Casa 💰 | Ideias Simples e Lucrativas,mundomaterrno.blogspot.com,https://mundomaterrno.blogspot.com/2026/08/7-formas-de-fazer-uma-renda-extra-em.html,https://i.pinimg.com/originals/de/c2/9b/dec29b11a374c3b1fb64ec60743f84ae.png,1024,1536,0,2026-08-15
2026-09-05,renda extra em casa,ATUGC5VyTj8Zs_Z1_dH7ACC6ufW-5gkcIH4MaVFPh-SoswkLEDZkEYGO5bNy6LbUJJbEy9oIR059F6QJZMxiVWk,13,11,0,SoFi Personal Loans—you,sofi.com,https://www.sofi.com/atr/p/v1/c?cid=1bd19d35-974e-43a5-b5a6-5abe2ecf573c&AD_ID=%7Badid%7D&smartly-hash=single_image_pin_reference:v1:234625568402da9957b5a32042e8e67970ac106fe02a5f95a644eef67defa8da,https://i.pinimg.com/originals/64/6f/e0/646fe09bcea2687d929848d15e3488fe.png,2000,3000,0,2026-04-21
2026-09-05,renda extra em casa,ASolPM5GFB72QkVezrOZk8nS0ij5lfKRuZAQ0Rn7jURcqabiHrPCSZkwtU7r9NAbpjw2YUJRB0mcGa_oHc1ZsQg,14,50,0,CLIQUE AQUI e aprenda a ganhar dinheiro em casa 100% online🏠💻,br.jobandhiring.com,https://br.jobandhiring.com/veja-como-ganhar-dinheiro-agora-mesmo-por-bancos-que-pagam-por-cadastro-clique-e-saiba-mais/?pp=1,https://i.pinimg.com/originals/a9/ca/5a/a9ca5a341acee3dcc572ba125c19ed38.jpg,720,1080,0,2023-05-10
2026-09-05,renda extra em casa,AUtcfa-6oiMS8n0ZgRj-rmoxWKn4VHkMBB1udq4amwti7my_O2ac-WdPHAFK5DRzWbC71Dr6XykMMLjsKNtCY38,15,153,0,9 Ways to Make Money,financebuzz.com,https://financebuzz.com/supplement-income-yaez?adheadline=9+Ways+to+Make+Money+Before+9AM&utm_source=pinterest&utm_medium=paid-social&utm_campaign=%7Bcampaign_name%7D-%7Badgroupname%7D&adgroupid=%7Badgroupid%7D&adid=%7Badid%7D,https://i.pinimg.com/originals/0b/44/f4/0b44f454b1b95cb0a872563c2133f50d.png,1000,1500,0,2026-06-09
2026-09-05,renda extra em casa,801922277452077450,16,4,0,Ideias para ganhar dinheiro/renda extra em casa!,7-ideias-geniais-de-rendas-extras-online.my.canva.site,https://7-ideias-geniais-de-rendas-extras-online.my.canva.site/,https://i.pinimg.com/originals/df/8c/c9/df8cc962a66f4e152b2f17ae1e191aeb.jpg,800,1200,0,2026-08-05
2026-09-05,renda extra em casa,ATg6u8TE4iZ9kx3dtS07OzccoL6kTLYPDlpJO3LZdZ4pktT84cnnKUlg2XY0qqqKYLvvc7ARjxUjhMW_oeG7gAc,17,2,0,Shangri-La Manzhouli,expedia.com,https://www.expedia.com/Hotel-Search?destination=Hulunbuir&selected=4315425&startDate=2026-10-01&endDate=2026-10-02,https://i.pinimg.com/originals/d6/be/e2/d6bee25a8f869b0a5feab2f95658ca0c.jpg,1000,1500,0,2026-06-10
2026-09-05,renda extra em casa,AVtxRKGrbAePcsFC9_0pti4dDttGA3qOnb63QPiVmavErD32ZDf6q5kH19uJ_I8cv6Ve6uOxsewLDwT9V0R_VNs,18,1,0,Premium Watch Box,stratumwatchcompany.com,https://stratumwatchcompany.com/products/high-end-watch-box-wooden-box-storage-box-watch-box?utm_medium=clickthrough&utm_source=pinterest,https://i.pinimg.com/originals/5b/6e/f0/5b6ef0f5454f907a2d016012bb3aa611.jpg,800,800,0,2026-09-03
2026-09-05,renda extra em casa,747316131960692036,19,4,0,Descubra como ganhar dinheiro com 12 ideias de renda extra em casa.,drive.google.com,https://drive.google.com/file/d/1cmSdVawPVwIS3JVQ1Arz0fm14ue4fkCh/view,https://i.pinimg.com/originals/87/82/ce/8782ce1245a79f04c4224e7363e8129b.png,1080,1920,0,2026-08-22
2026-09-05,renda extra em casa,ARI1M0oA_UQXG3mlwPvb4YMAFLftAY5h4bfQol7upMRookGes_t_Lm5SPOXNAGv3ogG31fYiu7WiuEpzgC_H4wY,20,67,0,"GROW WHAT YOU LOVE, WITH",squarespace.com,https://www.squarespace.com/website-design,https://i.pinimg.com/originals/ff/c4/cc/ffc4cc7b43ed806f93e614f232c3e99f.jpg,1080,1920,1,2025-11-03
2026-09-05,renda extra em casa,1095571046870845648,21,11,0,Como fazer R$250 por DIA em casa!!,docs.google.com,https://docs.google.com/document/d/1kuzVn5kIkJIf7uXSnIc_5OWxSZzNhmVv32NZcDHC3Jc/edit?usp=sharing,https://i.pinimg.com/originals/c6/c5/20/c6c5205cc0293bd48383b537f70a4752.jpg,1000,1500,0,2026-03-02
2026-09-05,renda extra em casa,AcdeOBX8lirEOesAyWtKBhkRe5YWb6fyaQMPcpsZNKldKFhmAfs5GvtAVYJNnwZzI00XdekG-90gi4wwcxxPEvI,22,10,0,Jawara Luxury Extra Long,twopagescurtains.com,https://twopagescurtains.com/products/jawara-luxury-extra-long-floor-to-ceiling-linen-curtain-pleated?variant=52015900197175,https://i.pinimg.com/originals/4a/6c/2b/4a6c2b087d75ef71e1f034fdffb03816.jpg,1093,1200,0,2026-04-28
2026-09-05,renda extra em casa,AeVmb8UUvPPMWQqbHLLon5LFHxrA_h3YVSRktQ68HCx91E2CkORAc4N9pqcGrkzTRoqrdG1v3IqZAHpblkFQ1mc,23,497,0,See How Much You Can Get,lendgo.com,https://www.lendgo.com/heloc/la/?tg_ref=pnt6926&camp_id=%7Bcampaign_name%7D&keyword=%7Bad_group_name%7D&sub2=%7Bcreative_id%7D,https://i.pinimg.com/originals/c4/15/c0/c415c01a6b667ca2e8ddd007ef8d823b.jpg,736,1104,0,2026-06-09
2026-09-05,renda extra em casa,1266706142282160,24,1988,0,Pra ganhar din din,,,https://i.pinimg.com/originals/02/8d/5a/028d5a5e3f5645ee069f1574d13dfd82.png,1024,1536,0,2026-08-13
2026-09-05,renda extra em casa,832743787393735167,25,2,0,"Renda extra, trabalhe de casa.",linktr.ee,https://linktr.ee/viihsanttos1806,https://i.pinimg.com/originals/da/5d/d8/da5dd818208f4ac9602f4313c20e37be.jpg,736,1104,0,2026-05-20
2026-09-05,renda extra em casa,1102467183811394136,26,1,0,Aprenda 10 formas de renda extra para mulheres conquistar liberdade.,drive.google.com,https://drive.google.com/file/d/1KiVglkmA48oNNGsDNfRqyldV8affxS8g/view?usp=sharing,https://i.pinimg.com/originals/8f/2e/b6/8f2eb6cec05d4e3eee3936ee0ee17eb2.png,1080,1920,0,2026-08-18
2026-09-05,renda extra em casa,27936460193201974,27,139,0,Renda extra: 17 ideias para ganhar renda extra em casa - Meu Olhar Empreendedor,meuolharempreendedor.com.br,http://meuolharempreendedor.com.br/como-ganhar-renda-extra/,https://i.pinimg.com/originals/25/f5/fd/25f5fd9661ebecdcae72ecb717e13008.jpg,564,845,0,2025-05-14
2026-09-05,renda extra em casa,734720126773796697,28,464,0,27 Sites para Trabalhar Home Office | Renda Extra em Casa | Blog Saia da Crise,saiadacrise.blog.br,https://saiadacrise.blog.br/sites-para-trabalhar-home-office/,https://i.pinimg.com/originals/e9/5c/21/e95c211c146fd0e6b0390839eac617b6.jpg,800,1200,0,2024-03-13
2026-09-05,renda extra em casa,98305204362519214,29,13,0,Ideias para Criar Renda Extra Sem Sair de Casa,sodinheiro.com,https://www.sodinheiro.com/como-ganhar-dinheiro-sem-sair-de-casa/,https://i.pinimg.com/originals/96/b0/46/96b0467555a8c1b7cc705a5265282e8a.png,1000,1500,0,2026-08-20
2026-09-05,renda extra em casa,1141873680550805241,30,1,0,Renda Extra em Casa,docs.google.com,https://docs.google.com/document/d/1Q070gPdzJClnq0srXLeiBZupPiRPPMOY/edit?usp=sharing&ouid=116208897982711891593&rtpof=true&sd=true,https://i.pinimg.com/originals/66/bc/16/66bc16043e8a4e166b9408d90c0d39da.jpg,736,1104,0,2026-07-27
2026-09-05,renda extra em casa,1095289571905139442,31,1,0,15 IDEIAS DE RENDA EXTRA,financaspelomundo.blogspot.com,https://financaspelomundo.blogspot.com/2026/08/15-IDEIAS-DE-RENDA-EXTRA-PARA-VOCE-TURBINAR-A-RENDA-MENSAL.html,https://i.pinimg.com/originals/b5/c1/cf/b5c1cf9355765e1d9ba5dda326c832e8.png,800,1200,0,2026-08-12
2026-09-05,renda extra em casa,804877764685295710,32,2073,0,Empreenda Em Casa | Milionária,instagram.com,https://www.instagram.com/dinheiro_do_lar?igsh=MWJ6YWFkZDIydm9tOQ==,https://i.pinimg.com/originals/43/bb/74/43bb74ff4a303a6898d04cb58884bd15.jpg,720,1280,0,2024-05-02
2026-09-05,renda extra em casa,743375482284453310,33,221,0,12 Ideias Para Ganhar Dinheiro Extra em 2026,helloamazinglife.com.br,https://helloamazinglife.com.br/12-ideias-para-fazer-renda-extra/,https://i.pinimg.com/originals/5e/23/01/5e23012c86de063030e2e902039e7172.jpg,1000,1500,0,2026-01-25
2026-09-05,renda extra em casa,306244843433514101,34,8,0,6 Ideias de renda extra em casa para ter mais liberdade financeira,rendaextrainfinitas.com.br,https://www.rendaextrainfinitas.com.br/2026/06/ideias-de-renda-extra-para-mulheres-em-casa.html,https://i.pinimg.com/originals/50/1f/fa/501ffa7a104ad766b3b37b11abfce925.png,1080,1920,0,2026-07-21
2026-09-05,renda extra em casa,297378381665755780,35,85,0,Renda extra/Trabalhando em casa 💸,,,https://i.pinimg.com/originals/55/1f/79/551f79b8139a24055cf559863221b3ef.jpg,1080,1739,0,2024-09-26
2026-09-05,renda extra em casa,1094445146975806048,36,1,0,RENDA EXTRA PELO CELULAR + IDEIAS SIMPLES PARA COMEÇAR,pay.kiwify.com.br,https://pay.kiwify.com.br/XAN3MPD,https://i.pinimg.com/originals/18/03/10/18031060db4dd27f47576dae632e60b6.png,1000,1500,0,2026-08-18
2026-09-05,renda extra em casa,306244843433514100,37,4,0,Descubra 7 ideias de renda extra em casa para mulheres ganhar dinheiro online,,,https://i.pinimg.com/originals/b5/f8/f1/b5f8f18c7283d328602d234c6dcfe413.png,1080,1920,0,2026-07-21
2026-09-05,renda extra em casa,Ac1xQTVpGd6EOKJER3keXWy0I8j35Ohth1AvHCioQZ9iKqKAgmuN9qxDCZ3iRxctvhdjVie2v8y0w-QUAthjHhU,38,1,0,Your quote is waiting for,statefarm.com,https://www.statefarm.com/lp/general?cmpid=soc:OMD&camp=%7Bcampaignid%7D&site=pinterest&plac=%7Badgroupid%7D&crea=%7Badid%7D,https://i.pinimg.com/originals/b0/80/52/b080522ebfd46870c41031d8acd9587b.jpg,1080,1920,1,2026-03-12
2026-09-05,renda extra em casa,389772542774017301,39,22,0,27 ideias de Renda Extra para Mulheres lucrarem em casa e terem liberdade,rendaextrainfinitas.com.br,https://www.rendaextrainfinitas.com.br/2026/03/ideias-de-renda-extra-em-2026-mulheres.html,https://i.pinimg.com/originals/cf/e4/52/cfe45211750d5be5bb1e9e7eaf58bc6b.png,1080,1920,0,2026-07-17
2026-09-05,renda extra em casa,917960336527921058,40,45,0,Renda Extra: Tudo O Que Você Precisa Saber Para Ganhar DINHEIRO em CASA!,lucrandocomigo.com.br,https://lucrandocomigo.com.br/manual-da-renda-extra/,https://i.pinimg.com/originals/7c/3a/58/7c3a58aa55219e32cbce232e53b6f404.png,600,1200,0,2023-02-02
2026-09-05,renda extra em casa,450852612718999959,41,8,0,Descubra como ganhar dinheiro em casa do zero e crie uma nova fonte de renda extra.,rendaextrainfinitas.com.br,https://www.rendaextrainfinitas.com.br/2026/07/ideias-de-renda-extra-em-casa-para-mulheres-do-zero.html,https://i.pinimg.com/originals/a5/5c/1a/a55c1a5cfc8333ed45d8749dc7a05885.png,1080,1920,0,2026-07-21
2026-09-05,renda extra em casa,2603712282669298,42,706,0,20 Ideias Lucrativas para Gerar Renda Extra em 2026,,,https://i.pinimg.com/originals/77/d9/70/77d9705f2bc008a3d3fbe42077caf301.png,1696,2528,0,2026-04-09
2026-09-05,renda extra em casa,1032942866211953347,43,5,0,💰Renda Extra: Descubra formas inteligentes de ganhar dinheiro online,,,https://i.pinimg.com/originals/1f/b8/5f/1fb85f419cd3f250fdf40c3f51a3ee88.png,1024,1536,0,2026-07-24
2026-09-05,renda extra em casa,29062360088899621,44,439,0,62 Ideias para GANHAR DINHEIRO em Casa!!! Com Pouco Investimento #RENDAEXTRA,lucrandocomigo.com.br,https://lucrandocomigo.com.br/ganhar-dinheiro-com-pouco-investimento/,https://i.pinimg.com/originals/7e/53/3e/7e533eebe794030484e5107a079cf49e.jpg,600,1200,0,2024-04-03
2026-09-05,renda extra em casa,22518066882158200,45,16,0,Como Trabalhar em Casa pela Internet,casaefinancas.com.br,https://casaefinancas.com.br/como-trabalhar-em-casa-pela-internet/,https://i.pinimg.com/originals/30/9a/93/309a934b04b168c8759c4e4c41d0fc9c.png,1000,1500,0,2026-01-17
2026-09-05,renda extra em casa,1072349361294238399,46,1,0,5 Ideias de Renda Extra em Casa para Começar do Zero,pay.kiwify.com.br,https://pay.kiwify.com.br/fO7eo6R?afid=p9NJhAlB,https://i.pinimg.com/originals/51/86/5a/51865aefdcce5af8042a1d2ae9981b24.png,2400,3000,0,2026-08-21
2026-09-05,renda extra em casa,915497430500238702,47,289,0,Renda extra em casa!!,,,https://i.pinimg.com/originals/16/b5/39/16b539693304ebb308f69b338fd46875.jpg,350,436,0,2024-11-14
2026-09-05,renda extra em casa,594193744631070137,48,3,0,🔥 Transforme Seu Tempo Livre em Renda com IA,domine-ia-facil.lovable.app,https://domine-ia-facil.lovable.app/,https://i.pinimg.com/originals/d7/fc/44/d7fc44670280d4308c3a4487ed18c935.png,1024,1536,0,2026-08-13
2026-09-05,renda extra em casa,306244843433341021,49,25,0,6 ideias de renda extra para mulheres começarem a ganhar dinheiro em casa,rendaextrainfinitas.com.br,https://www.rendaextrainfinitas.com.br/2026/04/ideias-de-renda-extra-para-mulheres-para-sair-zero.html,https://i.pinimg.com/originals/df/0d/7a/df0d7a79098eb2c529f278971209e501.png,1080,1920,0,2026-06-25
2026-09-05,renda extra em casa,1102467183805473295,50,2,0,4 ideias de renda extra para mães que querem empreender em casa e faturar,rendaextrainfinitas.com.br,https://www.rendaextrainfinitas.com.br/2026/05/4-ideias-de-renda-extra-para-maes-que.html,https://i.pinimg.com/originals/1a/f6/0e/1af60ef0a9966a31a946c6a78942eeb0.png,1080,1920,0,2026-05-31
2026-09-05,renda extra em casa,389772542774017303,51,11,0,Aprenda a trabalhar de casa do zero com 40 formas reais e e lucre todos os dias,rendaextrainfinitas.com.br,https://www.rendaextrainfinitas.com.br/2026/06/40-formas-de-ganhar-dinheiro-em-casa-do-zero.html,https://i.pinimg.com/originals/bf/a1/e6/bfa1e6aad90de2d7340da90883c1dd7b.png,1080,1920,0,2026-07-17
2026-09-05,renda extra em casa,AVCux45rY17IW2WhH3a3H7okMEXuA_c9BZMa2myPuQsu-lSEpSfhAJZa1Fkpi9f7yBSSvy3-MV0IUxwWKfv0HWw,51,1,0,THE new way to lose weight and keep it off,noom.com,https://www.noom.com/med/glp1-microdose/?question=true&upv=3&sp=pinterest&utm_source=pinterest&utm_medium=paidsocial&utm_campaign=%7Bcampaignid%7D&utm_content=%7Badid%7D&utm_term=%7Bkeyword_id%7D%7C%7Bkeyword%7D&gid=%7Badgroupid%7D&step=pros&lang=en&device=%7Bdevice%7D,https://i.pinimg.com/originals/50/ae/90/50ae907f572b4bdb7f0afd9f8b6f8a62.png,1000,1500,0,2026-09-01
2026-09-05,renda extra em casa,1131670212637776468,52,29,0,💡 Ideias de Renda Extra Para Trabalhar em Casa,,,https://i.pinimg.com/originals/92/98/46/929846258c8d584c1760c4953f061396.jpg,736,1104,0,2025-12-13
2026-09-05,renda extra em casa,AVmTZKzpF1y-VWJMHqm2yLJehySNmsZhVFWJKDUe-ewhACPZ1TM1BbB4D6XuSt5HqcpU-2e4OszHRIoap7l4Y24,53,3,0,Students save 70%.,adobe.com,https://www.adobe.com/education/students/creativecloud.html?sdid=VG52K6RS&mv=social&mv2=paidsoc,https://i.pinimg.com/originals/e0/7b/55/e07b55f8eda7793b9b7e1192f38a000f.jpg,2160,3840,1,2026-08-28
2026-09-05,renda extra em casa,ASFCJ-8QYbAvZ3zpJ-rEIP9-xYrJZHxDwlGiCJfhKNiDvaYzw8JLfrdq-HRCxOEEU0kHAf05MsUenmENcO5Zp3w,54,54,0,How much do Amazon,shopify.com,https://www.shopify.com/blog/amazon-affiliate-marketing,https://i.pinimg.com/originals/21/61/7f/21617f2d74bdb9e6f39fa28d14763258.jpg,736,1104,0,2024-12-14
2026-09-05,renda extra em casa,AfuCpVp4IlqvPc22Wa3q2LWYvCoQp9cWAaMMA_q3sWABXugfKS8oztBCNNLF6JlGk4gSXVc3itmPcIqwMDgF9J8,55,20,0,Get Pinterest Traffic,stan.store,https://stan.store/digitalpriestess/how_to_get_outbound_clicks_on_pinterest,https://i.pinimg.com/originals/8e/2c/03/8e2c03b72722a0262b18c4e1e1a65dd9.png,1000,1500,0,2026-07-30
2026-09-05,renda extra em casa,640355640831816649,56,4,0,Conheça 50 formas de fazer renda extra em 2026 usando apenas o seu celular.,,,https://i.pinimg.com/originals/b9/9e/04/b99e04a4c57f95c69e50ca782746270c.png,1080,1920,0,2026-07-24
2026-09-05,renda extra em casa,3237030968399172,57,1713,0,"Com a internet e os avanços tecnológicos, muita gente busca alternativas online para ter uma renda extra. Neste post eu te mostro 9 oportunidades de ganhar dinheiro sem sair de casa e cobrir as despes",simplesbellablog.com,https://www.simplesbellablog.com/2018/09/9-ideias-de-negocios-para-ganhar-dinheiro-em-casa.html,https://i.pinimg.com/originals/41/e6/d6/41e6d6d871ab2e983829dfdd06ce1103.png,800,1210,0,2018-09-09
2026-09-05,renda extra em casa,AS-Jnk2GRV08mOTXiBwUkppNkd8lEyqvr7SvpQ0wuIX2VIOp6MH_I2_w5sXUlE9Nya0Ui9KGWnO6ocjS8kYSP8c,58,0,0,White Checkout Counter,maoters.com,https://www.maoters.com/product/compact-supermarket-checkout-counter?variant=MTJ68935,https://i.pinimg.com/originals/ac/88/cc/ac88cc31b5f088402975d9b0da77120d.webp,1000,1000,0,2026-08-07
2026-09-05,renda extra em casa,AQhmWBJ6AbyzFc9TM-MvTgQaRpjbrMRoC48C5jbfxVfirc-xIIo8F0f77kbxGQaIuMGuOhOVN0nGXX7F1WxoTpA,59,607,0,9 Ways to Make Money,financebuzz.com,https://financebuzz.com/supplement-income-yaez?&utm_source=pinterest&utm_medium=paid-social&utm_campaign=%7Bcampaign_name%7D-%7Badgroupname%7D&adgroupid=%7Badgroupid%7D&utm_content=%7Badid%7D&utm_term=ad1,https://i.pinimg.com/originals/6a/af/9b/6aaf9be341029521880f9f9583ceacc7.png,1000,1500,0,2025-11-06
2026-09-05,renda extra em casa,AboA-hjMNGsbsofpZa-HPxnUMiGXqUdj-Z7CfrU-IEH1e_Shr3cLQjEdEx2ceU69TTwdmH14xDxwoabdKLhO_NE,60,2,0,Modern 1-Light White Drum,homedepot.com,https://www.homedepot.com/p/LNC-Modern-1-Light-White-Drum-Mini-Pendant-Light-8W-Integrated-LED-5CCT-Island-Pendant-Light-with-Aluminum-Shade-for-Kitchen-HUE2EJJL-18WH/343452371?cm_mmc=psoc-pinprg-%7Bcampaignid%7D-%7Badgroupid%7D,https://i.pinimg.com/originals/c5/9d/fe/c59dfe6797334336e2e398363a34fcd5.jpg,1000,1000,0,2026-07-23
2026-09-05,renda extra em casa,AaHVTm0V4MbodrP6d-r_ROlNCqpFOVDLrg-1QCYD1iqQXo9CCkg3J5mLdR_Jv9KSkUzJIgz_chiFV3qinicDgUA,61,56,0,I love all I've learned!,stan.store,https://stan.store/affiliates/a28a1780-41c5-473d-afdb-55db4d735e2b,https://i.pinimg.com/originals/9d/7d/d5/9d7dd515aaa6528cd9d0b2cc677980a4.png,1024,1536,0,2026-08-16
2026-09-05,renda extra em casa,605452743701748952,62,5,0,Renda Extra Online Para Iniciantes (Guia Completo),linktr.ee,https://linktr.ee/comoganharemdolaronline?utm_source=linktree_profile_share&ltsid=7649eb8f-882e-4bdb-a37d-cda847bccec7,https://i.pinimg.com/originals/f8/c7/11/f8c711640e2b6f14807c60320eb621e8.jpg,1024,1536,0,2026-08-15
2026-09-05,renda extra em casa,854909941813250460,63,6,0,30 ideias de como ganhar dinheiro sem sair de casa,ideias-geniais-deganhar-dinheiroemcasa.my.canva.site,https://ideias-geniais-deganhar-dinheiroemcasa.my.canva.site/,https://i.pinimg.com/originals/6f/6a/e1/6f6ae168dc951e4a15292c87efde4a1d.png,1000,1500,0,2026-07-10
2026-09-05,renda extra em casa,AeBnMhYpW-TzbPkLJeWnntp0CZE2zCX3GSUTBNPj8tWevCUgIQJvJrfXtwrAWQDtjsWHK6Kcld6zk7ZoxFu0qhs,64,0,0,Custom LED Neon Sign,neonsignsnow.com,https://www.neonsignsnow.com/product/quotes-and-phrases-neon-signs/youre-like-really-pretty-led-neon-sign,https://i.pinimg.com/originals/c8/79/d5/c879d57d2912af320044a8ae6a0acfb7.png,1024,1024,0,2026-08-28
2026-09-05,renda extra em casa,1096063628097579017,65,3,0,20 Ideias Lucrativas para Mulheres trabalharem em casa e alcançarem a Liberdade financeira,,,https://i.pinimg.com/originals/a0/af/f2/a0aff2761ac9392f61d3230b093f9998.png,1080,1920,0,2026-06-22
2026-09-05,renda extra em casa,Ac9ChbcQP5LKxnbwEklIAfABSdnyUG5bpgHaT-2iT_aHy65t4E-rfl2kJ17B_wEcUD3ImUJx1IH7cJDYMcHaCro,66,0,0,Rast Hotel Sultanahmet,hotels.com,https://www.hotels.com/Hotel-Search?destination=Istanbul&selected=3000841&startDate=2026-09-07&endDate=2026-09-08,https://i.pinimg.com/originals/67/d4/29/67d429dc9e92550381e346c1e136efbe.jpg,1000,1500,0,2026-09-01
2026-09-05,renda extra em casa,AYQhlCklQTv2vF6AWZlMfDFmA7l58IPd7J5j8c5Gfo59-AdYz7aO7vG3V91mPYD90nrRCNz29UcVra5a8nB87jg,67,25,0,The Wait Is Over —,earnling.co,https://earnling.co/?utm_source=pinterest&utm_medium=social&utm_campaign=live&utm_content=pin&utm_term=pin_2,https://i.pinimg.com/originals/23/d2/49/23d2499f26cb9f016cd7f35598d3c202.jpg,736,1104,0,2026-08-04
2026-09-05,renda extra em casa,786018941304563282,68,4,0,Renda Extra na Internet Como Começar do Zero em 2026,caminhododinheiro.com,https://caminhododinheiro.com/renda-extra-internet-guia/,https://i.pinimg.com/originals/1c/01/f6/1c01f606d90bc13474e1a7e1137a96c3.png,941,1672,0,2026-07-15
2026-09-05,renda extra em casa,857232110357971825,69,604,0,💸 7 Sites para fazer RENDA EXTRA e GANHAR DINHEIRO em DÓLAR,lucrandocomigo.com.br,https://lucrandocomigo.com.br/7-sites-para-ganhar-dinheiro-em-dolar/,https://i.pinimg.com/originals/f1/95/d0/f195d02638c5ac13c04e845fd58f6877.jpg,600,1200,0,2025-02-05
2026-09-05,renda extra em casa,ASoLhDtIDVURTG5677r7DG0qHbDSoT1C3zidAvI1pc8oJaDzNJ5AD7J6iiGUaZ0x4xidA6-AkkIB10UYQ1oj-j8,70,0,0,Bathroom remodel? Use,thumbtack.com,https://www.thumbtack.com/k/bathroom-remodeling/near-me/?utm_source=cma-pinterest&utm_medium=social&utm_campaign=%7B%7Bcampaign.id%7D%7D_%7B%7Badset.id%7D%7D_%7B%7Bad.id%7D%7D,https://i.pinimg.com/originals/b5/b7/4a/b5b74a1633b50d7cd55964957646889a.jpg,1080,1920,1,2026-03-18
2026-09-05,renda extra em casa,1102467183811469978,71,1,0,Como ganhar dinheiro no conforto do lar com 13 ideias simples de renda extra em 2026.,drive.google.com,https://drive.google.com/file/d/1gZ1LHbm8bsykwp0o9Iz4UAE6DMKW1Sfi/view,https://i.pinimg.com/originals/7b/cc/1e/7bcc1ef8a6b1bf9e71d73bcee6d45c8d.png,1080,1920,0,2026-08-19
2026-09-05,renda extra em casa,966866613793811421,72,167,0,#kiwify,,,https://i.pinimg.com/originals/48/5d/fe/485dfe975a24db2a3a00a40e98a6b389.png,1080,1920,0,2026-04-02
2026-09-05,renda extra em casa,785948572511080658,73,2,0,5 Ideias de Renda Extra em Casa Usando Apenas a Internet,docs.google.com,https://docs.google.com/document/d/1S50nf4nkJGddgi4YASxuBUjkTFolDZt8lpNeHH9i9eo/edit?usp=drivesdk,https://i.pinimg.com/originals/dc/0c/36/dc0c36e88f35da8f4685f452d44f3703.png,1024,1536,0,2025-09-08
2026-09-05,renda extra em casa,926334217127796033,74,4,0,Descubra 15 ideias de renda extra para mães trabalharem em casa e lucrarem muito.,drive.google.com,https://drive.google.com/file/d/10U-Koe6My7vzF95KH2mfzStV7qV3ANPs/view,https://i.pinimg.com/originals/05/29/00/052900010fb6ecae82ff0ba4caecdbd4.png,1080,1920,0,2026-08-22
2026-09-05,renda extra em casa,306244843433708211,75,16,0,10 ideias de renda extra sem gastar nada para começar do zero,avitrinedeofertas.com,https://avitrinedeofertas.com/renda-extra-sem-gastar-nada/,https://i.pinimg.com/originals/c9/d7/84/c9d7848dc8de0694a4b040afc4e36715.png,1000,1500,0,2026-08-20
2026-09-05,planejamento semanal,960674164282598871,2,356,0,PLANNER SEMANAL,,,https://i.pinimg.com/originals/d3/09/cd/d309cd25025a41a8ce7a85229e839f9f.png,1536,1024,0,2026-05-13
2026-09-05,planejamento semanal,AYfF8cMaclaWozXONtlXzNiXFK5Gy71KG4KJV7Ez7aKvyI8FfmP7cx4RxLZavNffRi9zDzY46M0fTBUgsWpAf7s,3,1,0,Over 70% off for,adobe.com,https://www.adobe.com/education/students/creativecloud.html?sdid=VG52K6RS&mv=social&mv2=paidsoc,https://i.pinimg.com/originals/99/8d/69/998d698096736e16d203db49fe773e4c.jpg,2160,3840,1,2026-08-28
2026-09-05,planejamento semanal,27232772741295499,4,1139,0,Planejamento semanal,,,https://i.pinimg.com/originals/63/a3/2a/63a32af115274cbd9ab52730f3cff48d.jpg,1414,2000,0,2025-06-04
2026-09-05,planejamento semanal,1146658755154167969,5,1,0,PLANLY | Planejamento semanal para estudos,largest-operator-562725.framer.app,https://largest-operator-562725.framer.app/,https://i.pinimg.com/originals/bc/09/d1/bc09d1cb6ef1f37d57c29da2ef30839f.png,768,1365,0,2026-08-13
2026-09-05,planejamento semanal,AUi4smvubVUssFLFXYbb43a0P0VIkE7RxHpOFpLbBd72zt5w900Lao5dvlr1KrzxhlKbm_9n3Iuc6YkN7MujlvM,6,8,0,Business plan examples,shopify.com,https://www.shopify.com/blog/business-plan-template,https://i.pinimg.com/originals/14/74/30/14743036c5e97608cabc0decc05f6750.jpg,736,1104,0,2024-12-10
2026-09-05,planejamento semanal,AVnhh7lJQNcZ7cUK9domj6t9O5LikigDutjJ78vCVUZJVFz7YS_cwuoqZB7yNtIXV8hKV4iJLsxFwJJ8RSsx2tc,7,1,0,Avery?? Budgeting Planner,avery.com,https://www.avery.com/products/labels/6788,https://i.pinimg.com/originals/77/2c/fa/772cfab4f0c2f8ee86be7677a5621707.jpg,1424,1424,0,2026-08-05
2026-09-05,planejamento semanal,ARVOrvutbq68joJCaIbutirYc0Z83SxHe1zsDRKBpAqVoiwrZPmxlakPSdcjeua-F6lC-L7YsjHtlHFSXTWbBpM,8,19,0,Magnetic Whiteboard,homedepot.com,https://www.homedepot.com/p/Afoxsos-1-Pack-Weekly-Hourly-Planner-Dry-Erase-Magnetic-Whiteboard-with-Pen-and-Eraser-16-5-x-11-8-Inch-59SA17099/337553409?cm_mmc=psoc-pinprg-%7Bcampaignid%7D-%7Badgroupid%7D,https://i.pinimg.com/originals/d4/c4/0d/d4c40d616201eb39c590923a00b21ffc.jpg,1000,1000,0,2026-08-14
2026-09-05,planejamento semanal,796503884129777848,9,596,0,Plenjamento Semanal,,,https://i.pinimg.com/originals/4b/e5/0a/4be50a9e55d9f5da8bd812a65a7f79ea.jpg,1217,1703,0,2024-01-16
2026-09-05,planejamento semanal,2462974792895025,10,2857,0,planejamento semanal,,,https://i.pinimg.com/originals/13/d7/cd/13d7cd3d5da88154e8edb9a19b69fea3.jpg,902,1280,0,2025-09-30
2026-09-05,planejamento semanal,719379740494653653,11,3419,0,Planner semanal para imprimir [Modelo 2022] - Artesanato Passo a Passo!,artesanatopassoapassoja.com.br,https://www.artesanatopassoapassoja.com.br/planner-semanal-para-imprimir/,https://i.pinimg.com/originals/20/c1/b3/20c1b3611e31582937fc839aceda9867.png,770,1089,0,2022-09-12
2026-09-05,planejamento semanal,AaPbWL9gTTsikcCy0kLSZz9u7KexfheHLKynrnzeLwcbteO-PFYsObNzQjy76T17OIRHN-R1tRZVOPvtWEVQ5CY,12,26,0,Plastic Dry Erase Board,wayfair.com,https://www.wayfair.com/Lark-Manor%E2%84%A2--Family-Weekly-Wall-Mounted-Dry-Erase-Board-XOTU2368-L6900-K~WNST1257.html?refid=PSO49-WNST1257_28141961&PiID[]=28141961,https://i.pinimg.com/originals/43/64/b6/4364b6165da8f9bb85c4abba8cf2884b.jpg,400,400,0,2025-06-17
2026-09-05,planejamento semanal,598626975518126444,13,44,0,planner,,,https://i.pinimg.com/originals/ed/82/81/ed82812fac09db4c2b777d58fdd75c74.png,1024,1536,0,2026-08-10
2026-09-05,planejamento semanal,43839796371972291,14,40,0,,,,https://i.pinimg.com/originals/1c/cb/cd/1ccbcdd18e832225e09d965cc6db5974.jpg,1080,1920,0,2026-08-26
2026-09-05,planejamento semanal,AbsSQLiGaWstQkVONnUZ7_MCtEXn3tCAQt4Q3SvmjaZvcf7-U2e1DqkSzi6PHcKW3Hgl0dpwhcm4qg8zfOrpHbk,15,5,0,Travel Planner Inserts,laureldenise.com,https://laureldenise.com/,https://i.pinimg.com/originals/0d/1d/4d/0d1d4d758aaadcf9974109f5bd483808.png,1000,1500,0,2026-07-11
2026-09-05,planejamento semanal,Afv0sudcLEOq8UDfYug_yvuTwfkV0xOIXr69WInrwTft-zE5fWQJlzriDoioaWgBV1iqIVfUaqiPseGKdZ9KmWs,16,201,0,First Week of Preschool,twinkl.com,https://www.twinkl.com/blog/first-week-of-preschool-teacher-checklist?utm_source=pinterest&utm_medium=organic-social&utm_campaign=0626-pinterest-us-preschoolteacherfirstweekchecklist,https://i.pinimg.com/originals/88/26/68/882668b3fa7c5cc3a08e5089be329d20.png,2000,4000,0,2026-06-13
2026-09-05,planejamento semanal,1116118720189051256,17,25,0,📒 Planejador Semanal Fofo e Estético para Imprimir,,,https://i.pinimg.com/originals/4a/e3/37/4ae337aba1306f9053332a83e73605ec.jpg,1000,1500,0,2026-08-20
2026-09-05,planejamento semanal,79938962132003417,18,285,0,Planner semanal,,,https://i.pinimg.com/originals/d7/4f/46/d74f46617f675997ca06406d75d79d3b.png,1086,1448,0,2026-08-02
2026-09-05,planejamento semanal,580682945750307134,19,30,0,weekly planner aesthetic,,,https://i.pinimg.com/originals/66/31/5d/66315d9a867589485887c0ae7351bbf8.png,1024,1535,0,2026-08-25
2026-09-05,planejamento semanal,134545107615760182,20,179,0,Cute Pink Weekly Planner Template 🎀 | Printable & Digital Planner,,,https://i.pinimg.com/originals/01/1b/89/011b89cd83ee70f3488d3c12c99a5271.png,1024,1536,0,2026-08-26
2026-09-05,planejamento semanal,AVEAom4zj7qv_JRblZd_msyHgb5S-sS7qrK-hRcGUUxwtXVrox9KsHf5VNQIVErkykvH7QiLZdo98SAH0cOKQEM,21,67,0,"GROW WHAT YOU LOVE, WITH",squarespace.com,https://www.squarespace.com/website-design,https://i.pinimg.com/originals/ff/c4/cc/ffc4cc7b43ed806f93e614f232c3e99f.jpg,1080,1920,1,2025-11-03
2026-09-05,planejamento semanal,1097822846706984157,22,34,0,plano semanal para aulas,,,https://i.pinimg.com/originals/76/99/56/7699566834a9c6c856c24a237b83428e.png,1054,1492,0,2026-08-16
2026-09-05,planejamento semanal,1144758799057720834,23,286,0,Como planear a semana em 10 minutos com ChatGPT ✨,,,https://i.pinimg.com/originals/77/e0/4d/77e04d5323538538643e1c539011e77e.png,1024,1536,0,2026-06-08
2026-09-05,planejamento semanal,735071970470966340,24,1421,0,cronograma de estudo semanal,,,https://i.pinimg.com/originals/74/f5/dc/74f5dc24fc894867b8c5174db3b9502a.png,1536,1024,0,2025-04-05
2026-09-05,planejamento semanal,800514902566869657,25,2,0,Uma rotina planejada deixa o dia mais leve e organizado. Você costuma planejar sua semana? SIM ou AINDA PRECISO COMEÇAR?🤔 #PlanejamentoSemanal #RotinaOrganizada #Organização #DicasDeOrganização,instagram.com,https://www.instagram.com/p/Db1GqepJeJx/,https://i.pinimg.com/originals/7b/98/ff/7b98ffcb1652e3c9e0c0c27d136dfa11.jpg,1440,1800,0,2026-08-09
2026-09-05,planejamento semanal,850828554602605789,26,5739,0,Planner semanal de mesa para imprimir,,,https://i.pinimg.com/originals/b5/dc/42/b5dc4209d1676a4813b94e6d9f769abf.jpg,850,1200,0,2021-03-09
2026-09-05,planejamento semanal,788904059771635865,27,1,0,Planejamento semanal,,,https://i.pinimg.com/originals/f4/e3/62/f4e3623e9e6c2fcbbb0b7513465cf20c.png,1024,1536,0,2026-08-19
2026-09-05,planejamento semanal,80572280830045964,28,108,0,Planner semanal | Planner 2023 completo para imprimir,entrecartaseamores.com,https://entrecartaseamores.com/planner-2023-completo/,https://i.pinimg.com/originals/33/c1/38/33c13813d29ac5a6d417b2fe0f58d60c.png,1414,2000,0,2022-12-19
2026-09-05,planejamento semanal,82964818137762011,29,294,0,,,,https://i.pinimg.com/originals/89/4f/7a/894f7a55a8111608431f05844479ebeb.png,2000,1415,0,2026-03-20
2026-09-05,planejamento semanal,887842514040471791,30,596,0,,,,https://i.pinimg.com/originals/8a/5a/9b/8a5a9b2b21376cd41351e0e61269969c.jpg,736,1040,0,2025-01-25
2026-09-05,planejamento semanal,2955556002862887,31,5168,0,,,,https://i.pinimg.com/originals/0f/a5/8c/0fa58ceb6b25da8b0e14d3c7f0028cb9.png,1414,2000,0,2025-08-19
2026-09-05,planejamento semanal,576601558579923778,32,49,0,,,,https://i.pinimg.com/originals/d1/17/7e/d1177e26a9a448c44b1e1c8d2226c3b8.jpg,1200,1699,0,2025-06-29
2026-09-05,planejamento semanal,1130896156506962556,33,1,0,Como organizo minha rotina para uma semana produtiva e leve! 🎯,,,https://i.pinimg.com/originals/9e/6b/0e/9e6b0ec8baf34000a3880b1ada018649.jpg,1920,3412,0,2026-07-13
2026-09-05,planejamento semanal,644577765464067434,34,14,0,Aesthetic Weekly Productivity Planner,,,https://i.pinimg.com/originals/11/ec/8f/11ec8fc148b5a301bf999b27dbd32c6a.png,1054,1492,0,2026-08-21
2026-09-05,planejamento semanal,273664114852859963,35,83,0,Plano semanal,,,https://i.pinimg.com/originals/d0/d6/4f/d0d64f8d0e99c35964a919bf04247c52.png,1023,1537,0,2026-08-09
2026-09-05,planejamento semanal,1144266217855330990,36,1,0,Três prioridades valem mais que uma lista infinita | Planner Semanal,go.hotmart.com,https://go.hotmart.com/J106084961Y,https://i.pinimg.com/originals/e5/6b/26/e56b26810d1b57d236e1bbe699f348fa.png,1024,1536,0,2026-08-08
2026-09-05,planejamento semanal,963981495285806296,37,125,0,"Planner Semanal Minimalista: Simples, Bonito e Funcional",geovirmond.com.br,https://geovirmond.com.br/planner-semanal/,https://i.pinimg.com/originals/ae/23/ce/ae23ce74aaffa48b8bffc929e533a95b.png,1506,1064,0,2025-11-22
2026-09-05,planejamento semanal,AYSgpHUz879osM3QTZHGSaIth3eHLBxtvC5ULHgyMDkXR2854B8xRMjw1aXvYQRmh7tPbXRZ-mm1ozvByLnQ2Ew,38,1,0,Fall decor & more,walmart.com,https://www.walmart.com/shop/all-things-autumn?cat_id=5428,https://i.pinimg.com/originals/01/28/2e/01282ef2528d1616ba91b48fccefa179.jpg,1080,1080,1,2026-08-06
2026-09-05,planejamento semanal,967499932434298417,39,690,0,,,,https://i.pinimg.com/originals/d3/d4/37/d3d43767c9cd9a6236196f9b79a0d40a.jpg,656,924,0,2023-12-11
2026-09-05,planejamento semanal,80783387061781716,40,1492,0,Que a sua semana seja tão linda quanto esse Planner preenchidinho 😍 Aproveita o fim do domingo e vai planejar sua semana 😉,instagram.com,https://www.instagram.com/p/DNMRf9iRMTz/,https://i.pinimg.com/originals/50/f0/fc/50f0fc0b02c8934bc62e32c22fc434da.jpg,1440,1920,0,2025-08-30
2026-09-05,planejamento semanal,27232772742467664,41,516,0,PLANNER,,,https://i.pinimg.com/originals/01/57/d9/0157d903f7f5ceda893d3dc352440d83.png,1055,1491,0,2026-07-11
2026-09-05,planejamento semanal,20477373300530732,42,1048,0,Planner Semanal ROSA Grátis para baixar e imprimir,suburbanodigital.blogspot.com,https://suburbanodigital.blogspot.com/2024/12/planner-semanal-rosa-gratis-para-baixar-e-imprimir.html,https://i.pinimg.com/originals/e0/7d/75/e07d75c35541979a9c6d6df145069da6.png,1414,2000,0,2025-07-27
2026-09-05,planejamento semanal,462815299218433031,43,2119,0,Planejamento Semanal Gratuito,,,https://i.pinimg.com/originals/45/de/c6/45dec69f67665858d93586b9cde30322.jpg,1414,2000,0,2022-02-15
2026-09-05,planejamento semanal,81064862037363333,44,172,0,,,,https://i.pinimg.com/originals/f4/3c/fd/f43cfd7b52fed7f398fea937d9a7f7a9.png,1414,2000,0,2026-05-14
2026-09-05,planejamento semanal,235805730483736709,45,139,0,Planejamento Semanal para Imprimir: A4 - Retrato,000dlx.com.br,https://www.000dlx.com.br/planejamento-semanal-para-imprimir-em-a4.php,https://i.pinimg.com/originals/7f/81/ab/7f81abfd87b49b22cae5e64b3612ab5d.jpg,795,1124,0,2026-01-28
2026-09-05,planejamento semanal,256916353735232727,46,6,0,"Menu Semanal, Planejamento Alimentar, Organização, Rotina no Planner VIPAPIER",instagram.com,https://www.instagram.com/reel/CyJGRvbA_Bk/,https://i.pinimg.com/originals/08/cf/83/08cf83b3d1fb0e7ae5e23483322fd27a.jpg,360,640,0,2023-10-08
2026-09-05,planejamento semanal,580964420725885581,47,88,0,Planner semanal grátis,,,https://i.pinimg.com/originals/b4/99/f4/b499f45dc55663acf5346569b189d22a.jpg,1600,1131,0,2026-02-22
2026-09-05,planejamento semanal,306244843433663533,48,3,0,Planners grátis que vão mudar sua rotina,manualfeminino.com,https://manualfeminino.com/planners-para-baixar-gratis/,https://i.pinimg.com/originals/e6/a2/d3/e6a2d35a4e23dc3449f8a75b0b31a67e.png,1000,1500,0,2026-08-13
2026-09-05,planejamento semanal,554857616606151780,49,328,0,Agenda da semana,,,https://i.pinimg.com/originals/41/7d/72/417d724526cfd47892833802035004ee.png,1000,1500,0,2023-04-20
2026-09-05,planejamento semanal,Ad2zOlWIccPIRmiOfcg2obmo4ot9DL66e_cycY9JXrUT4E9Xxvz8q5felVkokAQjRJkBH0qW-Gwy3_rppyf9kOM,51,4,0,Evening Routine Checklist,thegentlereset.com,https://thegentlereset.com/night-reset-routine/,https://i.pinimg.com/originals/b1/bd/87/b1bd876a8aeed8f3b675e4e60aacc067.png,1024,1536,0,2026-08-15
2026-09-05,planejamento semanal,Ad84fxP5XhUCodn6cNfzSmr1BU3nig0kADA_gNmFRR4y3Jfm26ztlPZEU5kQV-3GmgPyYux-iGvy2ezb-OSAkuU,52,62,0,Yoga set check🧘‍♀️✅ Look,target.com,https://www.target.com/c/from-your-feed/-/N-qofd7?marketing_group_id=80mca&type=products,https://i.pinimg.com/originals/8e/f2/6a/8ef26a4dabe0a019bcc7c93698f6092f.jpg,1080,1920,1,2026-08-14
2026-09-05,planejamento semanal,AXz1JHGhyVUC2NOpq4LQ8j1LVeujudjeQyU5AM1M5cv9-YBcBwlkJXd452kKZHx_99X99VbTq9Vd_yX68eSbXrg,53,1,0,Temu | Hivillexun Erase,temu.com,https://www.temu.com/ul/kuiper/un3.html?subj=dpa-un&_bg_fs=1&_p_jump_id=1082&_x_vst_scene=adg&goods_id=601099561438326&adg_ctx=a-26fff6a1~c-c82d6662&_p_rfs=1&_x_ads_channel=pinterest&_x_ads_creative_id=%7Bproduct_partition_id%7D&_x_ads_id=%7Badgroupid%7D&_x_ads_set=%7Bcampaignid%7D&_x_ads_sub_channel=shopping&_x_ns_catalog_id=1567707391772&_x_ns_creative=%7Badid%7D&_x_ns_gid=601099561438326&_x_ns_,https://i.pinimg.com/originals/cd/b0/0b/cdb00b3fc887e209de24df08782c9886.jpg,2000,3000,0,2026-07-07
2026-09-05,planejamento semanal,AWqRDK6qdvrHGsiGx0WvTFbjSUWOX89tIBPyzhxby4zBwQkcTjgzOBMvvzxl_uJK-BbvG4Lz9gbREWvKcSITSCs,54,2792,0,Start Transformation Now!,quiz.betterme.world,https://quiz.betterme.world/first-page-generated?flow=3068&utm_source=pinterest&utm_medium=organic&utm_content=27_2025-01-06_Anastasiia_Nastya_H-Cutting_K-Kind_Pink_Notes_19425_pn.jpg,https://i.pinimg.com/originals/ed/23/c6/ed23c6163f8c7acb7b372d623a51322a.jpg,1080,1920,0,2026-01-31
2026-09-05,planejamento semanal,1688918603265604,56,1187,0,Planner Semanal Simples,,,https://i.pinimg.com/originals/07/53/cc/0753cc1c203c623fe9d2f97e2f9ac55d.jpg,850,1200,0,2022-10-19
2026-09-05,planejamento semanal,382806037108214222,57,14,0,,,,https://i.pinimg.com/originals/fd/53/43/fd5343b92a7df9d43f87200e4e543bd5.jpg,675,1200,0,2026-05-10
2026-09-05,planejamento semanal,84090718040282585,58,261,0,Planner semanal para imprimir [Modelo 2022] - Artesanato Passo a Passo!,medium.com,https://medium.com/@davidmartin1288/planner-design-studio-fcada8e443b9/?planner-semanal-para-imprimir-modelo-2022-artesanato-passo-a,https://i.pinimg.com/originals/f0/6b/12/f06b12e9c0eb216753df5e44e2c4d95e.jpg,735,1040,0,2026-04-04
2026-09-05,planejamento semanal,Aby6x1Kj5rOKz3iZgcUGBe_jw8eE1hJ48c_2jYmCDyeY64khZRReX226NqKooRVqp5ZhD_UhXLJGyLyfedZz9IE,59,1,0,Brio Light Filtering,twopagescurtains.com,https://twopagescurtains.com/products/brio-light-filtering-zebra-shade-cordless?variant=51331351249207,https://i.pinimg.com/originals/fc/de/96/fcde96f4f9fd943d32fab0059ff964b9.jpg,800,1200,0,2025-11-13
2026-09-05,planejamento semanal,AQmXNqlq90VKZ5Rsmv_G_QcSEnkfQ8vdXoWOO89ZzEmoYvdVvCoivrk1RkDzX7ei8D4PP79ExPzYfQCZvqnsOz8,60,6,0,Peony Floral Wallpaper |,happywall.com,https://www.happywall.com/flower-blossoming-peony-beauty-wallpaper/100/100,https://i.pinimg.com/originals/4e/c9/b5/4ec9b565bae4f227ab9104fcc9d184e2.webp,1199,1800,0,2026-06-16
2026-09-05,planejamento semanal,533887730850874965,61,12,0,,,,https://i.pinimg.com/originals/0a/7f/43/0a7f43145c95d20a25bde1f5915ce23b.jpg,1080,1920,0,2026-08-04
2026-09-05,planejamento semanal,110338259621135607,62,103,0,Printable Weekly Planner | Minimalist Aesthetic Productivity Template PDF,,,https://i.pinimg.com/originals/db/19/4d/db194dd5ee52e78e68faa59441817c62.png,1024,1536,0,2026-08-25
2026-09-05,planejamento semanal,617274692693064920,63,262,0,Planner mensal,,,https://i.pinimg.com/originals/b7/17/d2/b717d23b9c4c0b57e990e29c7a2db855.jpg,849,1200,0,2022-09-01
2026-09-05,planejamento semanal,69242913017414992,64,132,0,Planner semanal ✍🏻💗,,,https://i.pinimg.com/originals/ff/2f/ef/ff2fef0543582374d04e7cacfcf1f01e.jpg,724,1024,0,2026-08-13
2026-09-05,planejamento semanal,620019073744199438,65,1633,0,PLANNER 2026 grátis para baixar e imprimir - em pdf,apenasdetalhes.com,https://apenasdetalhes.com/planner-2026-pdf-gratis-para-baixar-imprimir/,https://i.pinimg.com/originals/0c/c0/1f/0cc01f8b947364224da184cfd0a68f6e.jpg,1000,2000,0,2025-09-29
2026-09-05,planejamento semanal,676806650285561619,66,153,0,Planejamento Semanal 💌,,,https://i.pinimg.com/originals/c2/f2/eb/c2f2eb4f936c3390fbfc59479b21ec79.jpg,3000,4000,0,2025-01-13
2026-09-05,planejamento semanal,185703184625718737,67,1329,0,Planner 2021 para Imprimir Grátis,queromeformar.com,https://www.queromeformar.com/2020/10/planners-2021-gratuitos-para-download.html,https://i.pinimg.com/originals/93/34/35/93343536e115ac2138e46b6959190cfe.png,735,1102,0,2020-12-18
2026-09-05,planejamento semanal,AdWBkqnO7YVUNFzR6UeoJLHAf8yGRsZpr2Xbi0Hn_FxjzqQDDs99g908FceR2MHbdRA3Zl87AdOHhjpxn7UIGs0,68,0,0,Free Download: 8 Ways to,jennakutcher.com,https://jennakutcher.com/8ways?utm_source=pinterest&utm_medium=ad&utm_campaign=lll&utm_term=evergreen-&utm_content=pinterest-ad-freebie&utm_creative_format=button,https://i.pinimg.com/originals/79/d6/94/79d69462d9592ebd7545d4e75f2648a7.jpg,1080,1920,1,2025-07-14
2026-09-05,planejamento semanal,1112248439254969196,69,11,0,Planner Fitness Semanal: Acompanhe Sua Evolução nos Treinos,link.amazon,https://link.amazon/B09JcvNPF,https://i.pinimg.com/originals/77/2f/6c/772f6cb4b6da496101cea81b1751f8d0.png,1024,1536,0,2026-08-16
2026-09-05,planejamento semanal,288371182415731709,70,143,0,Planner Semanal,,,https://i.pinimg.com/originals/01/b5/6f/01b56f85cac2fc3e05ffbce3ab6890e4.png,1414,2000,0,2026-08-24
2026-09-05,planejamento semanal,5911043261705552,71,1046,0,#planejamentosemanal #plannergratuito #planner,,,https://i.pinimg.com/originals/67/c5/ab/67c5aba0ebd281f6bc635dd23b8ccdac.png,1414,1999,0,2025-07-09
2026-09-05,planejamento semanal,585468020352099668,72,2,0,Planner Caderno Agenda Bloco,meli.la,https://meli.la/1qou1Bs,https://i.pinimg.com/originals/e6/a0/8e/e6a08e1b093e8138e832a2ad4fca3eb4.png,941,1672,0,2026-06-21
2026-09-05,planejamento semanal,22236591906518175,73,187,0,Planner 2023 para Imprimir: Modelos Semanais e Mensais em PDF,atividadesprofessores.com.br,https://atividadesprofessores.com.br/planner2023paraimprimir/amp/,https://i.pinimg.com/originals/b8/62/1a/b8621a8dbc499fbe42923023ed81637e.png,1500,2067,0,2024-09-08
2026-09-05,planejamento semanal,717127940679965497,74,563,0,Planejamento Semanal,,,https://i.pinimg.com/originals/f3/91/ea/f391eaf0660984f13153b2b28d995a71.jpg,1240,1754,0,2021-12-30
2026-09-05,planejamento semanal,1085156472744370691,75,1,0,Kit de Planner para Imprimir: Opções Gratuitas para Metas e Tarefas,payhip.com,https://payhip.com/TopBusinessPlanners/blog/news/28-best-business-planners-2026/?kit-de-planner-para-imprimir-opcoes-gratuitas-para-metas-e-tarefas,https://i.pinimg.com/originals/9a/75/a1/9a75a1f9cb1aa6db2732627e5fd36933.png,1000,1500,0,2026-08-22
