data,palavra,pin_id,posicao,saves,comentarios,titulo,dominio,link,imagem,largura,altura,video,criado_em
2026-09-03,look feminino verao,1337074890568893,2,3328,0,,,,https://i.pinimg.com/originals/8b/42/57/8b4257062a007f96a9df572c419ba4d0.jpg,768,1408,0,2026-07-20
2026-09-03,look feminino verao,AaUjOOatZxAQ4hzv_O3ZnW-J_qBDC-faJw3uWSDsz8RzlAQbt22YWwnKeFd2fxyU9cABsQ_EL1sh3MTlmEsMZKM,3,857,0,Amazon Vacation Pieces,amzlink.to,https://amzlink.to/az0pLC35b6FjT,https://i.pinimg.com/originals/33/da/2a/33da2a48e16a2100791617b8977b52d8.jpg,3125,4688,0,2026-02-06
2026-09-03,look feminino verao,AaPrcNy7nypsOFDEal70pnU5BcClFUEjkX3nJ8fFgzpOC7xESAAHxBjY5DS18FNN6guoeZl2hXMk9k8XlWtij3o,4,204,0,Amazon Vacation Outfit,amzlink.to,https://amzlink.to/az0o5MsP3zKuV,https://i.pinimg.com/originals/d8/8a/96/d88a9671a3017d18787c73ab3de51be8.png,1000,1500,0,2026-05-22
2026-09-03,look feminino verao,2181499817683800,5,1197,0,Effortless Street Style: Shorts Then and Now,,,https://i.pinimg.com/originals/cb/61/e2/cb61e2b1b1fbfde098a9d197af09175d.png,799,1421,0,2026-08-18
2026-09-03,look feminino verao,AV_c7CzrucYU1nyrCZDJGAARk8455XfT6b6tGCpimrrVP9gOkm6KSfV9BUuT_AqZi7ZeKemuH2xjeRxdRk-u5zA,6,429,0,Luxury-Inspired Amazon,amzlink.to,https://amzlink.to/az0KozhwDROKZ,https://i.pinimg.com/originals/ba/f7/13/baf7133b4344967c8b2af6a99c7ddda8.png,1000,1500,0,2026-05-14
2026-09-03,look feminino verao,119345458873683611,7,71,0,Look Marrom e Branco Elegante para Dias Quentes,s.shopee.com.br,https://s.shopee.com.br/AKZabTSSXB?channel_type=pinterest,https://i.pinimg.com/originals/41/69/a9/4169a97c81710372ef6b328884a64177.png,1024,1536,0,2026-08-21
2026-09-03,look feminino verao,ASQgHq_OoRnBzYbxGrs9iOHbt9kd9ly0tt-H3z3cCxij6isAinKP9U2Wm2fMYYbjdjXEA_Hatz3dED8OHdDFvGU,8,194,0,Comfy Pool Side Outfit,amzn.markable.ai,https://amzn.markable.ai/GbyFgBmD,https://i.pinimg.com/originals/61/52/9e/61529e037d231f223e5dc8d2aad5dc01.png,1000,1500,0,2026-03-04
2026-09-03,look feminino verao,29625310047795771,9,320,0,,,,https://i.pinimg.com/originals/d1/17/e0/d117e07e68bd2d27d40364de8cef812d.jpg,675,1200,0,2026-08-11
2026-09-03,look feminino verao,AXwLV6qfb0SnhO7W9szphUamDuEjhecT9264lUhNZOuUDoIAMTX0_9-zKEq36okN3OMnxLi4Bk4Rr2IaSx6uwQo,10,1,0,L'AGENCE Cori Mini Dress,lagence.com,https://www.lagence.com/products/cori-mini-dress-white?variant=53866011328884,https://i.pinimg.com/originals/68/30/6b/68306bc189b45b1e2671ee1f7e6e829e.jpg,2500,3334,0,2026-02-26
2026-09-03,look feminino verao,AYkUMjM0kvG-86CUhyzES1nYz8GLpQmlFNNUinh1A6K_A-hh-qLPT9K_dcSAUZWkHF_qyO0qHGBlvDekdUAPxOg,11,0,0,Shop Viral Amazon,amzlink.to,https://amzlink.to/az0I7GnnQBfda,https://i.pinimg.com/originals/25/47/fc/2547fccb521e9e231453b60e8ef49ee4.jpg,2160,3840,1,2026-08-05
2026-09-03,look feminino verao,6122149488972528,12,897,0,,,,https://i.pinimg.com/originals/4b/51/05/4b5105c47dfbfd17cc7dbd9194f87913.jpg,1079,1919,0,2026-04-11
2026-09-03,look feminino verao,AU6XptkAg2Q2a16rU6QVS-E58Tw63J-o9UPzWHEilpRhjGJ_u0uCqIirmsndU4n71e5TO8AeYqlUquLGucobetY,13,5,0,Lola Top,renttherunway.com,https://www.renttherunway.com/pdp/items/ENS7,https://i.pinimg.com/originals/7d/ef/7e/7def7eeb66a147ba003b73d772948fac.jpg,1080,1620,0,2026-08-06
2026-09-03,look feminino verao,AQRRRcE8KqYzeYdw_WXLOG4q_yWHeQ2S_65m33UtVm4uDN7CvS_N1hJl1P36ya13xBwsTR1aJehzHGs392N4k98,14,3034,0,Amazon Vacation Edit for,urlgeni.us,https://urlgeni.us/amzn/jzDYGv,https://i.pinimg.com/originals/69/ed/61/69ed610b7a037c5cc0c97be59e825aef.png,1000,1500,0,2026-01-15
2026-09-03,look feminino verao,864761565979339631,15,14,0,Conjunto Feminino de Linho Camisa + Short Casual Chic,meli.la,https://meli.la/2pMw6aE,https://i.pinimg.com/originals/92/6d/bd/926dbd2d0ce84945f600e1d36335d3da.png,941,1672,0,2026-08-19
2026-09-03,look feminino verao,AUUorEmOfqMxlPlcIucNTV85gOiGUpiiWy5lY_U-AgjVKHbFfqaeKmpU53M_2f--YB4OTS3s3EChJJYdWlB-uRY,16,1,0,Resort Wear from Amazon,urlgeni.us,https://urlgeni.us/amazon/greenresortcollage,https://i.pinimg.com/originals/85/9a/87/859a87e87b985a0128e61d4720a43bf0.png,2160,3840,0,2026-02-03
2026-09-03,look feminino verao,1012817403721688168,17,207,0,"Summer Outfits 2026 ☀️ Cute, Trendy & Effortless Outfit Ideas",amazon.com,https://www.amazon.com/shop/influencer-7ca27c6e/list/73L0V00DVFAL?ref_=aipsflist,https://i.pinimg.com/originals/19/93/0a/19930a85c881069be81701eca6c16b27.jpg,736,1104,0,2026-03-19
2026-09-03,look feminino verao,ATwqcjEQPNNOkQByWCzXAh9wq9k_CmC4eaYXQoBLB3f0uwr_I9uo7-We3C4kNp9_m00VB2fb1-HhXU4AYIFbbyI,18,0,0,Women's Lapel Front,us.shein.com,https://us.shein.com/ark/default?scene=1&test=5051&ad_type=DPA&goods_id=391914257&pf=PINTEREST&url_from=PINADSDPA&ismg=c269375f5db73d781dedde1d4aeb0ff6fc1efeedd127f30508d57b9530ec6467_01_1788368945,https://i.pinimg.com/originals/0a/9f/26/0a9f2600eb9de08276dd87c647fb7091.jpg,1065,1598,0,2026-08-07
2026-09-03,look feminino verao,ASG3fkY8qK9HWQy5BJKiQt_WFW5d6BDl5ceWa1fy3yiRhT4ui03hM6DnN73g2pqZhvXsQ3OOYLy7OQUU0Md76lA,19,93,0,Matching Sets for Women:,amzlink.to,https://amzlink.to/az0TpxsAVRAWX,https://i.pinimg.com/originals/2b/1c/74/2b1c741abb57e0c49adaab2d59fd975a.jpg,1200,1807,0,2026-07-17
2026-09-03,look feminino verao,563018699946328,20,4887,0,Old Money Summer Outfit Ideas for Women 2026 | Chic White Linen Outfit Inspiration | Elegant Minimal,,,https://i.pinimg.com/originals/d0/df/c9/d0dfc9d61057be105a8eefb3e499d3fa.png,1024,1536,0,2026-08-15
2026-09-03,look feminino verao,AdNio24h3eF18KifR3s5oL8a9rpkwPaQCOX8csaFEznBXluBtbePe9KUgK1aYwJfwTML0L2ylxwIeXh3KaWF_UI,21,83,0,Vintage French Beach,milaandjune.com,https://milaandjune.com/products/the-vintage-french-beach-dress?variant=55544434360660&utm_source=multifeeds&utm_medium=organic&utm_campaign=Multifeeds&utm_content=Vintage%20French%20Beach%20Dress%20%E2%80%94%20Romantic%20Summer%20Maxi,https://i.pinimg.com/originals/8b/78/9f/8b789f77ce0bcb292aec6d65ffeec4e0.jpg,1065,1598,0,2026-05-04
2026-09-03,look feminino verao,353251164547432329,22,25,0,Elegant White Linen Pants Outfit | Chic Summer Vacation Style,,,https://i.pinimg.com/originals/0a/5c/84/0a5c84993de8bb10a20d19f44be7c1eb.png,1024,1536,0,2026-08-17
2026-09-03,look feminino verao,AaSckttoM_YV3Y_81bySHTASbEK6HoZPMQCn2jwW2qPa3z8eWaEOQ9aFU3pPQ6LAnVEHiiMBGKvETMe7d8LwLoc,23,1,0,JYAOVO Women's 2 Piece,amazon.com,https://www.amazon.com/JYAOVO-Shoulder-Irregular-Matching-Orange/dp/B0GS8BSFHG/ref=asc_df_B0GS8BSFHG?hvdev=%7Bdevice%7D&hvcampaign=%7Bcampaignid%7D&hvadgroupid=%7Badgroupid%7D&hvprdptid=%7Bproduct_partition_id%7D&hvprdgrpid=%7Bpromoted_product_group_id%7D&hvcr=%7Bcreative_id%7D&hvadid=%7Badid%7D&hvprdid=%7Bproduct_id%7D&hvplc=%7Bplacement%7D&psc=1&tag=%7Bifnotmobile:ushpadpinde-20%7D%7Bifmobile:us,https://i.pinimg.com/originals/42/a4/41/42a4413173702b8dbccc113db3b30029.jpg,546,741,0,2026-07-04
2026-09-03,look feminino verao,68750211061,24,2724,0,,,,https://i.pinimg.com/originals/d3/5d/50/d35d50578ba268dc1fb6e90c03884049.jpg,595,1031,0,2026-07-06
2026-09-03,look feminino verao,AbxbWiJRLpzUILKCw8yd9Sh4dpHyrTVQEdA_SoDLvRaKf9u17C4reklPCDW6dgkRHI43h_N2-TZBSzZqrP-geJQ,25,2,0,Asymmetrical dress with,somewille.com,https://www.somewille.com/products/asymmetrical-dress-with-ruffles-for-vacation-or-daily-wear-f2c6?variant=add6ea91-0c08-43b3-a08a-eeaca78df8a1,https://i.pinimg.com/originals/63/d3/21/63d321563b56d339db520334c31e2ad9.jpg,533,800,0,2026-06-30
2026-09-03,look feminino verao,ATvX8sbwLt4x7TGaKnR1NfDthD4akD4yaxnVDQ1CRCNnH0GrKwiYYiqK4Z0TsRLhflTpJ69K-BNJsMVFsB6lPmI,26,0,0,Shop Viral Amazon,amzlink.to,https://amzlink.to/az0iHmUSR3Xex,https://i.pinimg.com/originals/ff/f8/d5/fff8d5ffa01733ec0d46f9d3293609bf.jpg,1440,2560,1,2026-08-21
2026-09-03,look feminino verao,36310340745451943,27,182,0,,,,https://i.pinimg.com/originals/a8/eb/02/a8eb02cbd2a44170d14aac2d7e6c4970.jpg,736,1349,0,2026-08-01
2026-09-03,look feminino verao,26810560282734650,28,117,0,,,,https://i.pinimg.com/originals/2e/b9/c4/2eb9c470bb010da41fc7a13aa5336be4.jpg,735,1105,0,2026-08-21
2026-09-03,look feminino verao,9499849211142594,29,834,0,ID CONJUNTO SHEIN: Y5T24LB,onelink.shein.com,https://onelink.shein.com/43/5w5ayb6ld0dc,https://i.pinimg.com/originals/25/f9/2a/25f92a12b1c028ec6fb238da9d5f9c32.jpg,1080,1920,0,2026-08-05
2026-09-03,look feminino verao,75435362505563953,30,222,0,Street Fashion 2026,,,https://i.pinimg.com/originals/49/63/0c/49630ce7af893e5942d181d5fe5237bf.jpg,675,1200,0,2026-07-28
2026-09-03,look feminino verao,1688918605198117,31,41098,0,,,,https://i.pinimg.com/originals/64/d5/d2/64d5d2847da817525b2c53b31ceaf47c.jpg,474,665,0,2024-06-22
2026-09-03,look feminino verao,68749973860,32,5239,0,,,,https://i.pinimg.com/originals/0a/ab/ab/0aababa0a326c8837983811c33d4fed4.jpg,736,1592,0,2026-04-11
2026-09-03,look feminino verao,AZw9Vxw6JXokYXh4rrucDD0HDzn1Yrwd8prna37NbvPO1pr2PlNjK_0pKtfEMnrr4cvbKr82E2tJKFbyNUMWzjM,33,0,0,Rosi Mini Dress Karmyn -,lucyvelour.com,https://lucyvelour.com/products/rosi-mini-dress-karmyn?variant=48394652418293,https://i.pinimg.com/originals/1b/00/d3/1b00d3e611a83c76dc40f2e011cbadf3.jpg,1066,1600,0,2026-07-25
2026-09-03,look feminino verao,5136987071280018,34,3205,0,,,,https://i.pinimg.com/originals/3c/e5/a7/3ce5a79595fa291594aaa974646e8a3f.jpg,962,1280,0,2026-06-26
2026-09-03,look feminino verao,1043709282385618554,35,4327,0,,,,https://i.pinimg.com/originals/f4/72/8c/f4728caef0acd30444427c17bf87aecc.jpg,736,1141,0,2024-07-19
2026-09-03,look feminino verao,Aa3Xzsmn2W7NR7M6cCrKYpbYzqwLdPiwoZ0Jsh3Mdxd4biPEkOb7HVh7WApMoseXSlDMudLVxywG7IuLp4PLZuA,36,14,0,Carie Mini Dress,amarithelabel.com,https://amarithelabel.com/products/carie-mini-dress?utm_source=pinterest&utm_medium=cpc&utm_campaign=catalog&variant=47733920268475,https://i.pinimg.com/originals/33/b4/9b/33b49b2eaeec3bd57f3fbf6342379711.jpg,3024,4032,0,2026-04-19
2026-09-03,look feminino verao,146859637844639567,37,155,0,Style Errors That Instantly Add 10 Pounds to Your Look,airportf.netlify.app,https://airportf.netlify.app/?u=https://dijbi.com/these-fashion-mistakes-can-add-10-pounds-to-your-look/%3Futm_campaign%3Dairport%26utm_source%3Dgill%26utm_medium%3Dsocial,https://i.pinimg.com/originals/e4/1f/3f/e41f3fce16a84095ecbe71eed30ebbf8.jpg,736,878,0,2026-07-28
2026-09-03,look feminino verao,56435801578435850,38,177,0,🤎🤍,,,https://i.pinimg.com/originals/82/bb/59/82bb595a825d66da2db638f854f3f150.jpg,675,1200,0,2026-06-17
2026-09-03,look feminino verao,1141732943083498534,39,11,0,Id Shein Outfit: LXATAF5 | Link 👇🏼,onelink.shein.com,https://onelink.shein.com/48/5zdph3r4hwsy?ismg_ol=25ifq2i3z1W_01_KOC-C,https://i.pinimg.com/originals/33/ef/91/33ef91be4d26fe8af554b5c4769d3adc.jpg,1080,1920,0,2026-06-24
2026-09-03,look feminino verao,990229036842488703,40,17,0,,,,https://i.pinimg.com/originals/39/cf/bf/39cfbfe62b4509e34ee91d068e5713d4.jpg,736,1104,0,2026-08-19
2026-09-03,look feminino verao,312789136645812794,41,175,0,,,,https://i.pinimg.com/originals/d3/64/f7/d364f7938b0206ca2f59194c2b4a0832.jpg,941,1672,0,2026-08-10
2026-09-03,look feminino verao,422281212849239,42,1153,0,,,,https://i.pinimg.com/originals/24/c8/ff/24c8ff90a38c6af18972b061411f53dc.jpg,736,1311,0,2026-06-17
2026-09-03,look feminino verao,121034308732826525,43,1275,0,,sewmamasew.com,https://www.sewmamasew.com/35-summer-outfits-with-blazers/?utm_source=Pinterest&utm_medium=organic,https://i.pinimg.com/originals/8f/44/37/8f44376d357a6e5c9b33b92e3ffdcf60.webp,720,1280,0,2026-07-03
2026-09-03,look feminino verao,1129136937857624838,44,2,0,Look de Verão Elegante e Chic ☀️🤍,s.shopee.com.br,https://s.shopee.com.br/AUtIAHfpPD?channel_type=pinterest,https://i.pinimg.com/originals/cc/b3/1e/ccb31e894c2af1f7ad1d7830cc87d487.png,1024,1536,0,2026-08-17
2026-09-03,look feminino verao,Abvd644V5SwPfoRkyQa9iLz2arSeM5PjTVWoMXzcqfi-_TfNkdWtiHAHk3LU4gk3g0hiAQeHz58ZLqsdiTQDF_A,45,5,0,The ultimate summer work,vestiairecollective.com,http://vestiairecollective.com/,https://i.pinimg.com/originals/3c/80/b3/3c80b3151fbba0338c485079c802d900.png,1000,1500,0,2026-08-10
2026-09-03,look feminino verao,1048072144528073106,46,6384,0,@sstyle.me,,,https://i.pinimg.com/originals/1e/bc/68/1ebc683dacb7dad46e49a5afc8c4aeed.jpg,676,1201,0,2024-10-06
2026-09-03,look feminino verao,AeVDc1D2UmooGC3swtDvCiJHm0_g8oQI3hjXzYAwcURMjI8W_HI84c4p07rmAw2vFV9loPpAD-Ydzz1IZQ104Yg,47,0,0,Vivianna Maxi Skirt -,bellainsky.com,https://bellainsky.com/products/vivianna-maxi-skirt-beige?variant=49074434375924,https://i.pinimg.com/originals/05/c9/fa/05c9fa8088063050bac121e56ad8190d.jpg,2348,3600,0,2026-08-07
2026-09-03,look feminino verao,AZ_Fvd9SssvK29-fQECBJ7Q2598IbWTuy3JkRNzFOQcFgcJ4EYiX2A18Kd6xKFAtcDKEK1vtSetL4uwbhgsYGBQ,48,0,0,Shop Viral Amazon Date,amzlink.to,https://amzlink.to/az0NNZ8sGylhW,https://i.pinimg.com/originals/d1/b6/c4/d1b6c4738564760183fbe85c8f8b9746.jpg,1078,1920,1,2026-08-11
2026-09-03,look feminino verao,8936899258750289,49,400,0,Id Shein Outfit: CE7LPB7 | Link 👇🏼,onelink.shein.com,https://onelink.shein.com/44/5wxd32cyetre,https://i.pinimg.com/originals/39/75/32/397532ad91df36db7f9d025af340abba.jpg,1080,1920,0,2026-08-06
2026-09-03,look feminino verao,86835099527707011,51,152,0,Conjunto Verão shein,onelink.shein.com,https://onelink.shein.com/44/5x1kgdvvtysu,https://i.pinimg.com/originals/26/90/b6/2690b6ebcfeae4294afe0cf73e0855e3.jpg,828,1472,0,2026-08-19
2026-09-03,look feminino verao,AWtp1H9TnxPzEjM8cBnd-gGOCjbtqAMcK4XyiWNBzCSx9aAypSEKYK2TlZZtwF0nYxtepf60a6cw2CsKAZmwwKI,52,8127,0,Looks Expensive But It's,amzlink.to,https://amzlink.to/az0u2a9l3C7cj,https://i.pinimg.com/originals/25/77/be/2577befbd11f92940b084e862b4080eb.png,1000,1500,0,2026-02-04
2026-09-03,look feminino verao,AfWkoki3yX26KiB3iUMmrLCPbJ-bsU3AwInI-1tYvWye6UEIHgwUgo4VkgXDxpz2e17eb2ZemWENHBWtFfiDx80,53,320,0,Timeless Amazon Fashion,amzlink.to,https://amzlink.to/az0PF0sS1d6YR,https://i.pinimg.com/originals/f7/00/5f/f7005ff4a79cb36b7677c6e769bd605d.png,1000,1500,0,2026-07-13
2026-09-03,look feminino verao,AXScFGVpk20an0MkkXghQbjbwiKby0Oc3tUfWPDo0pbfbAAEtbjy8HS4ImCBXakxoc5vPkOt815CkYmF5f7S2MU,54,313,0,Shop BDG at Urban,urbanoutfitters.com,https://www.urbanoutfitters.com/shop-bdg?utm_source=pinterest&utm_medium=paid_social&utm_campaign=%7Bcampaignid%7D&utm_term=%7Badgroupid%7D&utm_content=%7Badid%7D&p_campaign=%7Bcampaignname%7D&p_campaignid=%7Bcampaignid%7D&p_adgroup=%7Badgroupname%7D&p_adgroupid=%7Badgroupid%7D&p_adid=%7Badgroupid%7D,https://i.pinimg.com/originals/a5/f8/33/a5f833653b480e771d1f7583a9c236f6.jpg,360,640,0,2026-08-07
2026-09-03,look feminino verao,612700724351047156,55,153,0,,pinterest.com,https://www.pinterest.com/pin/1100707965204696260/,https://i.pinimg.com/originals/94/9c/fe/949cfea50409136d32e40a0d1ac80f36.jpg,736,1307,0,2026-07-07
2026-09-03,look feminino verao,1759287349301316,56,388,0,18 Stunning Summer Outfits to Enhance Your Closet!,livefullie.com,https://livefullie.com/2026/02/05/summer-elegant-looks-5kztpqrwky/,https://i.pinimg.com/originals/84/e3/02/84e302dd2885ae58865a3f937f7a237a.webp,704,1024,0,2026-05-22
2026-09-03,look feminino verao,AaL-ObOrRw_4LXwk_Zbu97d9fvOBOrdSKsTCRTrp-5QUaX_xcrJJAkVA-LZDW7TZsykRkOdbi4ad3_uELJMiH_k,57,76,0,Find fall outfits at,kohls.com,https://www.kohls.com/catalog/womens-fall.jsp?CN=Gender:Womens+Occasion:Fall&BST=8366642:8092918&icid=social-paid-pncrsl-trendingwomensfallcoloroutfits-np-2608wk3-frame1&cid=SO26PDPIN0652&utm_campaign=paid_social&utm_medium=paid_social&utm_source=pinterest&utm_content=2026pdpin652,https://i.pinimg.com/originals/e9/7e/f6/e97ef631d9ca2f0d84ed8ca026eb2bcc.png,1080,1920,0,2026-08-17
2026-09-03,look feminino verao,70437491415213,58,6394,0,40 Summer Jeans Outfit Ideas to Stay Cool & Chic,sewmamasew.com,https://www.sewmamasew.com/40-summer-jeans-outfit-ideas/,https://i.pinimg.com/originals/72/6b/01/726b01aaf46af0042585071ee54d63be.jpg,720,1279,0,2026-06-03
2026-09-03,look feminino verao,AUnWKP5tqD1BuGGZClmqR7pf4pw3AMrc5h3Ox4o1x41v96fcY30-WJvfjYhRAhXFsY-dmTdrAVZTPHKObJ_g1a4,59,1248,0,Vacation Ready Summer,amzlink.to,https://amzlink.to/az0oAuRbbp6jQ,https://i.pinimg.com/originals/a5/8e/96/a58e963860e9c6b41e1c091edf9a2b1a.png,1000,1500,0,2026-04-24
2026-09-03,look feminino verao,22236591908457066,60,160,0,,,,https://i.pinimg.com/originals/ef/a2/74/efa274c3325f2a8533f768a191075838.jpg,1080,1920,0,2026-04-22
2026-09-03,look feminino verao,Ab_U5oAONbSz7Fyhk-JY-C6dFN6jKr3woyT_sUs8i1rCJPxHz9o_oiYnIX6-xtYDjNutomOONMzEnyURcqTWI8w,61,127,0,Patriotic Outfit Idea,amzn.markable.ai,https://amzn.markable.ai/GcH2bPxm,https://i.pinimg.com/originals/33/d9/d1/33d9d1f4be94105738969c78463a917a.png,1000,1500,0,2026-04-27
2026-09-03,look feminino verao,AV0hV2TdNGfSop2d4D0noIPaKg5oOaNWXK-gMu0dM593Ny-gxmWXGlpzJU2g__MNtOE6n7drA-6brtesrqMUHc0,62,1,0,FASHION HAS A NEW,click2cart.com,https://click2cart.com/074000t,https://i.pinimg.com/originals/63/f7/b8/63f7b86245130dc504805c0abe72a48c.jpg,1000,1500,1,2026-08-21
2026-09-03,look feminino verao,2040762329512573,63,431,0,,,,https://i.pinimg.com/originals/74/7f/df/747fdf843983e6e5752f1a57e83d5aaa.jpg,736,1349,0,2026-06-02
2026-09-03,look feminino verao,1759287349045276,64,5752,0,,,,https://i.pinimg.com/originals/08/e1/71/08e171a9d651de9bd549639c447badb1.jpg,736,1104,0,2026-01-25
2026-09-03,look feminino verao,AaQBCnaUEfYrNN_F4Whd8YM1jLUdq4MztaK7np_I9_xG8lxzpitgpMn4U1lTNbR-OAkiwS6v1ncuS0wGB_YNTZM,65,2,0,Elegant White Backless,us.shein.com,https://us.shein.com/ark/default?scene=1&test=5051&ad_type=DPA&goods_id=468496401&pf=PINTEREST&link_type=link&url_from=PINADSDPA&ismg=74136445cb83eb35d0cb0364becce503070353470c931a2b6e65f7a649f7cf05_01_1788369138,https://i.pinimg.com/originals/ba/1a/e1/ba1ae1fde63b406f2f23d27b980e12f7.jpg,1340,1785,0,2026-07-18
2026-09-03,look feminino verao,AfBrTHi_niCE6xfG5PGY3ArJgrC3m2ceM8o1arRNndtfTwoTSDaSZav7SrB-J6iiNHfxGcXWCVIWrdALhirJnXY,66,222,0,Amazon Vacay Vibes,urlgeni.us,https://urlgeni.us/amzn/PrS24g,https://i.pinimg.com/originals/b5/d9/5e/b5d95e5c167b74d029172eede5f1276a.png,1000,1500,0,2026-02-03
2026-09-03,look feminino verao,AQZi73_WNZLoYvT9sdZWGMIlJRnuRwTUSj0h0bkOYmUX5Gw1XArfv641GrHaR01wKZ-XFYshr3C0vkrj0jw1OUQ,67,67,0,"The Tolmer blazer set. Wrapped proportions, paired with matching shorts. Worn your way. Styled by @jodielapetitefrenchie @nizinanjjang @criscojocaru and @naumenkolilyana",instagram.com,https://www.instagram.com/p/DYMyDiKjPB7/,https://i.pinimg.com/originals/de/68/fd/de68fd0c3289573d317a01214ece8922.jpg,1212,1515,0,2026-05-11
2026-09-03,look feminino verao,AVvygHSsI_3LGfe3E-Rt4PG8FUzvNZ_PquuuZhss-LrXniJZXNNtzTJ4ZvSL10fjJrszERVVWn__AKa0O4cURHc,68,458,0,Two Piece Summer Sets,amzlink.to,https://amzlink.to/az0TpxsAVRAWX,https://i.pinimg.com/originals/27/3e/96/273e963fae97dc1733a4736809ccf20d.jpg,1200,1807,0,2026-07-17
2026-09-03,look feminino verao,2744449770366740,69,564,0,,,,https://i.pinimg.com/originals/2c/fb/22/2cfb22ccc6d33ad977577faf775ddc9a.jpg,941,1672,0,2026-08-26
2026-09-03,look feminino verao,16395986141157344,70,1265,0,,,,https://i.pinimg.com/originals/79/1c/32/791c3272ee6d0593eda9ca943640e97f.jpg,705,1200,0,2026-03-14
2026-09-03,look feminino verao,AWVCH8GzZdlHv9W1I3PlJKNWUF3Xr_dhgpp0PzULgC8jyidgOFrlMpbT6PVnm76n9etOEAYEhUJKRHClEY4M3xA,71,292,0,Meet The Ibiza Drop,nakedwardrobe.com,https://nakedwardrobe.com/collections/new-arrivals,https://i.pinimg.com/originals/68/1c/91/681c91eda318f99200797e621e459f0a.jpg,1080,1620,0,2026-05-08
2026-09-03,look feminino verao,AZY3ssgkCmPXKbpR6sr-DaOKPBeKc4pcvEjdQODeMdY8WFgq_YUkfgbsMO9WPVQtffInXggRR-1aK3CkqH7j1TI,72,3,0,BABYBOO NEEKA MAXI DRESS,babyboofashion.com,https://www.babyboofashion.com/collections/babyboo-resort/products/neeka-maxi-dress-beige?utm_source=pinterest&utm_medium=organic&utm_campaign=neekamaxidressbeige,https://i.pinimg.com/originals/be/a6/16/bea616e6b58ea5d6eb09b3058b8c992b.jpg,2668,4000,0,2026-08-10
2026-09-03,look feminino verao,Aalhw2qfDMs9OY2-YTJrBj_QbnWabzz64AECJNBi-p7DeyXCQd9nIvPkvvRDZ3sHCAoQ5u6d35J-aq9637cSRak,73,189,0,Vintage Women Knitwear,oxknit.com,https://www.oxknit.com/collections/women-sets,https://i.pinimg.com/originals/48/71/7c/48717c3ecbdb6421431fb4785c7b79ee.jpg,1696,2544,0,2026-04-23
2026-09-03,look feminino verao,902971794050402626,74,6122,0,,,,https://i.pinimg.com/originals/6a/cc/31/6acc311a6de7525db8827d47c68886df.png,1080,1920,0,2025-05-25
2026-09-03,look feminino verao,289074869857425876,75,15,0,15 Casual Chic Outfits That Look Effortlessly Put Together,outfitfindsmood.com,https://outfitfindsmood.com/15-chic-casual-2026-outfit-ideas-every-woman-will-love/,https://i.pinimg.com/originals/e8/c8/6c/e8c86c155bff183c5c4da3571b64e451.png,1024,1536,0,2026-08-26
2026-09-03,calca legging canelada,967007351249567720,2,18,0,"👋 Oii Galera 🏋️ Calça Legging Canelada de Cintura Alta Conforto, estilo e performance para seus treinos! ✨ ✔️ Modelo sem costura para mais liberdade de movimento ✔️ Cintura alta que valoriza a silhuet",instagram.com,https://www.instagram.com/p/DNvpBjGWjqs/?img_index=3,https://i.pinimg.com/originals/e9/03/f7/e903f705e359144b911f5f1eec9cbdfc.jpg,800,1060,0,2025-08-25
2026-09-03,calca legging canelada,746542075782588253,3,1,0,Calça Legging Canelada de Cintura Alta ✨️,s.shopee.com.br,https://s.shopee.com.br/6L3kdmxj19?channel_type=pinterest,https://i.pinimg.com/originals/36/9c/9d/369c9d21c130ce262c4cbe9eeeb66ec1.jpg,736,1104,0,2026-08-18
2026-09-03,calca legging canelada,442408363419155078,4,1,0,🔍 Calça legging canelada sem costura,meli.la,https://meli.la/2XNrQqS,https://i.pinimg.com/originals/24/4b/68/244b68e8271c49631daa699a6487fb99.png,941,1672,0,2026-08-17
2026-09-03,calca legging canelada,AcHjsNYlZ0fR7j2igqNSeIjNlEtgB0bm01P_R3PZ1IM9NDqfvVWaYVFwM0737TtQX30N0q6Y3jPczidVTsk4ALU,5,0,0,Vuori AllTheFeels™,vuoriclothing.com,https://vuoriclothing.com/products/womens-vuori-vuori-allthefeels-linework-legging-soft-pewter?variant=43825211080807&utm_source=Pinterest&utm_medium=paidsocial&utm_campaign=dpa,https://i.pinimg.com/originals/68/a5/07/68a5072d745ae355a95dbe08a55dcc6d.png,2048,2560,0,2026-08-18
2026-09-03,calca legging canelada,AQf-hPuqIXNTe8f6A2_5cQw2_eBzVkQ0coNWfAIa0xFvHGHyslkAu17gmJNEUptzSbEcNu3d5sYoxa_YEJ6e7rA,6,3,0,3pcs Women's Sports Suit,us.shein.com,https://us.shein.com/ark/default?scene=1&test=5051&ad_type=DPA&goods_id=448838924&pf=PINTEREST&url_from=PINADSDPA&ismg=ab8689e73d8647de3a6a056e070b9baa85239786139c016988f3cb01b5d7e980_01_1788368952,https://i.pinimg.com/originals/18/5b/a1/185ba17429b7dd990bbf12cab2d170b9.jpg,1065,1598,0,2026-06-05
2026-09-03,calca legging canelada,AVTGvl1vrqvURDKvk4gOQzUISJtdKaratTyqxrIuo2ZxjWEO3lseimXclDTHMrZLhktWagR81uZxHhr2FTwXqqI,7,55,0,OQQ Women's Flared Pants,amazon.com,https://www.amazon.com/OQQ-Pants-Waisted-Leggings-Stretchy/dp/B0DBT1MG2L/ref=asc_df_B0DBT1MG2L?hvdev=%7Bdevice%7D&hvcampaign=%7Bcampaignid%7D&hvadgroupid=%7Badgroupid%7D&hvprdptid=%7Bproduct_partition_id%7D&hvprdgrpid=%7Bpromoted_product_group_id%7D&hvcr=%7Bcreative_id%7D&hvadid=%7Badid%7D&hvprdid=%7Bproduct_id%7D&hvplc=%7Bplacement%7D&psc=1&tag=%7Bifnotmobile:ushpadpinde-20%7D%7Bifmobile:ushpadpi,https://i.pinimg.com/originals/51/7a/86/517a86307dfa714168a8cc070551c282.jpg,1064,1596,0,2026-07-19
2026-09-03,calca legging canelada,AV0ilspBJrnjo5K_hh4W1vUdSC_GnyGmQHKOQNXs-O6cV5ISIJmwaW8M7po12wvgndyWdghq9XF3CIPbe0kXooU,8,0,0,Skechers Women's GO FLEX,skechers.com,https://www.skechers.com/go-flex-slim-full-length-high-waisted-legging/LG76_GYOL.html?utm_content=LG76-GYOL,https://i.pinimg.com/originals/91/56/19/915619553b6391287f2ebb3d24d142a5.jpg,708,1062,0,2026-05-09
2026-09-03,calca legging canelada,383861568261175834,9,56,0,"Calça Legging Canelada de Cintura Alta Sem Costura para Academia Feminina, Elástica, Esportiva e Fitness por R$39,99. Compre na Shopee agora! https://s.shopee.com.br/2LQ38MVxb4",instagram.com,https://www.instagram.com/reel/DQX0SIdD9JA/,https://i.pinimg.com/originals/05/97/30/059730b8eb03f5e97a8adfc816e7e1c3.jpg,564,1000,1,2026-06-01
2026-09-03,calca legging canelada,1096485840568238480,10,1,0,Calça Legging para Academia Feminina. 🤎✨,s.shopee.com.br,https://s.shopee.com.br/9KhTL2Nsnc?channel_type=pinterest,https://i.pinimg.com/originals/38/11/24/381124cdd87ba7eb9d19a51ac3abcd8e.png,1145,1374,0,2026-08-23
2026-09-03,calca legging canelada,AQVSY0FCW2sy9cCUKLMCWstOD1qt1nmbC0o-Lmpe69cgl_0l7EIHXkfZAiIHHMDSS2P46mkE1VCW7qvYk58xdgw,11,2,0,SUUKSESS Women Ribbed,amazon.com,https://www.amazon.com/SUUKSESS-Seamless-Leggings-Waisted-Control/dp/B0CQY81881/ref=asc_df_B0CQY81881?hvdev=%7Bdevice%7D&hvcampaign=%7Bcampaignid%7D&hvadgroupid=%7Badgroupid%7D&hvprdptid=%7Bproduct_partition_id%7D&hvprdgrpid=%7Bpromoted_product_group_id%7D&hvcr=%7Bcreative_id%7D&hvadid=%7Badid%7D&hvprdid=%7Bproduct_id%7D&hvplc=%7Bplacement%7D&psc=1&tag=%7Bifnotmobile:ushpadpinde-20%7D%7Bifmobile:u,https://i.pinimg.com/originals/20/82/93/208293e0b22cec404463d4458e2b2be0.jpg,1000,1500,0,2026-06-05
2026-09-03,calca legging canelada,1124562969489820298,12,1,0,Calça legging canelada,s.shopee.com.br,https://s.shopee.com.br/7VFdebvK9d?channel_type=pinterest,https://i.pinimg.com/originals/fc/fd/67/fcfd675146b26a69670ae5d7e27da007.jpg,982,1300,0,2026-08-16
2026-09-03,calca legging canelada,AbLSfQyetmQAIMVujKCSruRrE9lve5_NwGPxTdQh2pDcg2y3TiKYSvwsQRWDXzKm4e2ARyz2KogJyMECuWLsoeo,13,0,0,Spacedye™ Caught In The,beyondyoga.com,https://beyondyoga.com/products/spacedye-caught-in-the-midi-high-waisted-legging-dark-chocolate-heather-007j2-0021?variant=43470847115363,https://i.pinimg.com/originals/14/c0/08/14c0080d775aa7557c50e6ac8b45534f.jpg,1036,1554,0,2026-07-23
2026-09-03,calca legging canelada,4601693787482143360,14,5,0,Calça Legging Feminina Canelada em Poliamida Premium Sem Transparência Cintura Alta para Academia e Moda Fitness,br.shein.com,https://br.shein.com/ark/default?scene=1&test=5051&ad_type=DPA&goods_id=142655626&pf=PINTEREST&link_type=link&url_from=PINADSDPA&ismg=ea1aa8b66ead41f680f3729dc2687d3b75eda246806c971c736307f9d0b0e561_01_1788370580,https://i.pinimg.com/originals/b7/23/d0/b723d008b4668d70085b6b63c38ad4ed.jpg,1340,1785,0,2026-04-14
2026-09-03,calca legging canelada,AWDEhGK_NhPUQV4OlOc6xAcXsE_QNmkh99-MWu2fKM21s61XO-tjFcvYarfpVMluRkVJ7QKNCYYeoTMOLcM7OCc,15,0,0,NikeSKIMS Satin Shine,nike.com,https://www.nike.com/t/nikeskims-satin-shine-womens-high-waisted-bonded-26-leggings-icfUtgep/IR5078-249?dplnk=member?nikemt=true,https://i.pinimg.com/originals/98/6e/58/986e58d1bbc5336efa05dbbc5d7c7a02.jpg,1000,1500,0,2026-08-01
2026-09-03,calca legging canelada,AZDAw7NQpnx65RT-Lm3JIPG5osaBScGROtxmFejyVngpbCtG1TUFtiQxdHpvW3kHunYU1fLFTB5rL1ctDiCm1PM,16,0,0,Quince | Women's,quince.com,https://www.quince.com/women/satin-sculpt-high-waisted-legging?color=coffee-bean-brown&size=m&utm_source=pinterest&utm_medium=paid_social&utm_campaign=%7Bcampaign_name%7D&utm_adgroup=%20%7Badgroup_name%7D&utm_campaignid=%7Bcampaignid%7D&utm_adgroupid=%7Badgroupid%7D&utm_adid=%7Badid%7D&utm_creative=%20%7Bcreative_id%7D&utm_content=%7Badid%7D&utm_term=%7Badgroupid%7D&productid=%7Bproduct_id%7D,https://i.pinimg.com/originals/1e/30/96/1e30967fa7ca8ab20ea92a7dd3e9563f.jpg,1000,1500,0,2026-08-16
2026-09-03,calca legging canelada,663788432617796100,17,2,0,"Novas cores 😍🩵 A mais pedida!! A canelada Importada que modela o corpo, sem costura e zero transparência 💪🏼 Disponível do P ao GG 📲 Link para compra na bio ✅ WhatsApp (11) 99217-1284 📍 Academia H & D ",instagram.com,https://www.instagram.com/p/DMdnZ3JpgHh/?img_index=4,https://i.pinimg.com/originals/37/f3/44/37f344b46352f5313749bd153cfef4ea.jpg,1242,1553,0,2025-08-22
2026-09-03,calca legging canelada,AdunuDdignwVmw0Cl46m4eNzE_7ZLl1vGv1-VlDUAKXjNh5AQpAoxL0EKWxcKPiVqXpM79va87m64JP-2uwjBkw,18,13,0,W2227 - Reset Wide Leg,youngla.com,https://www.youngla.com/products/w2227?variant=45018411139260,https://i.pinimg.com/originals/65/22/c3/6522c37c8bd71b4b891992ba04ef73c4.jpg,2400,3600,0,2025-12-16
2026-09-03,calca legging canelada,4592897644372566912,19,0,0,Calça Legging Fitness Canelada Cintura Alta Poliamida Sem Transparência Confortável Que Não Marca,br.shein.com,https://br.shein.com/ark/default?scene=1&test=5051&ad_type=DPA&goods_id=541721282&pf=PINTEREST&link_type=link&url_from=PINADSDPA&ismg=95ccda662472940250f8a330d2897d6ba906250c1dffc53b5cdc2fe68c24a6ae_01_1788370580,https://i.pinimg.com/originals/f5/5a/dd/f55add2c37548da5cb88bb1a981b572f.jpg,1200,1540,0,2026-08-18
2026-09-03,calca legging canelada,Ad5Bq5-kQTEMrDSq68l67Ml1IHRRucDRLrKMYWHTsReH0c9cOwo-1xxreE_JQUFz5H3EVYxDaiBpCsyTdsodPbY,20,0,0,Pocket-Detail Sports,www2.hm.com,https://www2.hm.com/en_us/productpage.1310193006.html?utm_medium=unpl&utm_source=pinterest&utm_campaign=Global%20Performance_Dynamic%20Shopping&utm_content=performance&utm_term=us,https://i.pinimg.com/originals/05/47/4a/05474a1cd7e5bf4bfa17705ece3e031f.jpg,2333,3500,0,2025-12-28
2026-09-03,calca legging canelada,AYDTdg1HYro2hnsjx3rY9cdhMqfibmyV6HgZ6DxjeOwlyGK4FwjK_ecfgyiP04SWuadQXM04IitPA9XGa0LTwpU,21,0,0,Black Leggings,murrayboyne.myshopify.com,https://murrayboyne.myshopify.com/products/cassandra-chic-fleece-lined-leggings-for-women?variant=54192692199737,https://i.pinimg.com/originals/4f/85/1b/4f851ba19a64d645b3168d87163bfbbe.jpg,1792,2400,0,2026-08-20
2026-09-03,calca legging canelada,AYIVJhcxpKsdEzykPW37aLiWDM8PrKMru1YrgSfkDBBG7CVsKvqM3aISFHcN1fNxGiHKkyiAXw2bId3CIdh8Gnk,22,1,0,Vintage Inspired Garment,sophiekoster.com,https://www.sophiekoster.com/products/damen-hochwertige-strickleggings-im-eleganten-rippmuster-heidi-mode-6hzrpjmi5g-1awg7ly9?variant=42640937975870,https://i.pinimg.com/originals/58/e3/2d/58e32db6fc73d326cdb961ad58921a89.jpg,796,1068,0,2026-03-27
2026-09-03,calca legging canelada,215046950953344487,23,89,0,"Calça Legging Flanelada Disponível P M G GG R$ 60,00 Garanta já a sua ! #calça #calcalegging #leggings #outono #lançamento",instagram.com,https://www.instagram.com/p/DYSj8XNBWTr/,https://i.pinimg.com/originals/2c/23/73/2c23734f171234657b9b4c3f3090f6ab.jpg,1440,1920,0,2026-06-25
2026-09-03,calca legging canelada,1152499360922795852,24,1,0,legging flanelada,s.shopee.com.br,https://s.shopee.com.br/6pzeWlXT9s?channel_type=pinterest,https://i.pinimg.com/originals/27/09/07/270907b9df03c37fd7432fd682a586a2.jpg,736,1308,0,2026-08-04
2026-09-03,calca legging canelada,AehMETIN1C4uOr7KMIwwp3iL4_OvLJG0Y1IfoMPei7FnCEi8qXwpSCCtRdhNOibqn8ZDz8H1O1GpWSB1Xu0i68o,25,2,0,Temu | High-waisted,temu.com,https://www.temu.com/ul/kuiper/un3.html?subj=dpa-un&_bg_fs=1&_p_jump_id=1082&_x_vst_scene=adg&goods_id=605998962041944&adg_ctx=a-a439cc25~c-63d3630f&_p_rfs=1&_x_ads_channel=pinterest&_x_ads_creative_id=%7Bproduct_partition_id%7D&_x_ads_id=%7Badgroupid%7D&_x_ads_set=%7Bcampaignid%7D&_x_ads_sub_channel=shopping&_x_ns_catalog_id=1567707391772&_x_ns_creative=%7Badid%7D&_x_ns_gid=605998962041944&_x_ns_,https://i.pinimg.com/originals/08/56/25/0856254830b00dc907f162dbbbf91525.jpg,2000,3000,0,2026-08-03
2026-09-03,calca legging canelada,ARCpoPhIEuWKJe9mfAivWKYdeaOayBDN1VxAT7ALwyGjKHX-y8qyv19ZKHuRPSioGLGDax4lnJDJRUJcROlEMzs,26,0,0,YEOREO Women's Mini,amazon.com,https://www.amazon.com/YEOREO-Flared-Leggings-Scrunch-Workout/dp/B0DTK2PL2G/ref=asc_df_B0DTK2PL2G?hvdev=%7Bdevice%7D&hvcampaign=%7Bcampaignid%7D&hvadgroupid=%7Badgroupid%7D&hvprdptid=%7Bproduct_partition_id%7D&hvprdgrpid=%7Bpromoted_product_group_id%7D&hvcr=%7Bcreative_id%7D&hvadid=%7Badid%7D&hvprdid=%7Bproduct_id%7D&hvplc=%7Bplacement%7D&psc=1&tag=%7Bifnotmobile:ushpadpinde-20%7D%7Bifmobile:ushpa,https://i.pinimg.com/originals/93/85/77/93857779352357065ee064dfadd654f9.jpg,1043,1565,0,2026-04-14
2026-09-03,calca legging canelada,ATNQ94q8WgPbfD0GxnysiIwy3A4gbSvcaBBvoL5Sq-EqcEKItmJtLfoPcdTV8U0OAfNZ1tYxS37jipwXJBOr54U,27,5,0,Women's Ribbed Cotton,inspireuplift.com,https://www.inspireuplift.com/womens-ribbed-cotton-knit-leggings-female-stretch-skinny-leggings/iu/21494896?variant=469271917,https://i.pinimg.com/originals/dd/cc/3c/ddcc3c57e9fe2018db8bc2a88ea8f51f.jpg,800,800,0,2026-07-08
2026-09-03,calca legging canelada,Af-XxWaNl24E2uccm0xiNNrhCJo1ZFrWv-4GNTyYeT54uRguFrC0RTrHqOxmQLAb-EGU2Kjm3CI3bMQQ7GAvydw,28,9,0,OQQ Women's 2 Piece Yoga,amazon.com,https://www.amazon.com/OQQ-Leggings-Seamless-Athletic-Exercise/dp/B0CN8XFPPH/ref=asc_df_B0CN8XFPPH?hvdev=%7Bdevice%7D&hvcampaign=%7Bcampaignid%7D&hvadgroupid=%7Badgroupid%7D&hvprdptid=%7Bproduct_partition_id%7D&hvprdgrpid=%7Bpromoted_product_group_id%7D&hvcr=%7Bcreative_id%7D&hvadid=%7Badid%7D&hvprdid=%7Bproduct_id%7D&hvplc=%7Bplacement%7D&psc=1&tag=%7Bifnotmobile:ushpadpinde-20%7D%7Bifmobile:ushp,https://i.pinimg.com/originals/b3/9c/96/b39c960b46593fc85fce9fb1743cfe73.jpg,1064,1596,0,2026-05-30
2026-09-03,calca legging canelada,1076149273482351062,29,32,0,Calça legging canelada premium,s.shopee.com.br,https://s.shopee.com.br/4fsnJo1K7H?channel_type=pinterest,https://i.pinimg.com/originals/b0/01/22/b0012261cdc4deeedf41b69b3db3e243.jpg,1056,1892,1,2026-05-04
2026-09-03,calca legging canelada,967007351249567724,30,3,0,"👋 Oii Galera 🏋️ Calça Legging Canelada de Cintura Alta Conforto, estilo e performance para seus treinos! ✨ ✔️ Modelo sem costura para mais liberdade de movimento ✔️ Cintura alta que valoriza a silhuet",instagram.com,https://www.instagram.com/p/DNvpBjGWjqs/?img_index=7,https://i.pinimg.com/originals/c4/59/61/c459617f47e9fa0f0cfb77dffad2c6c7.jpg,800,1060,0,2025-08-25
2026-09-03,calca legging canelada,1105844883528832679,31,1,0,"￼Calça Legging Canelada de Cintura Alta Sem Costura para Academia Feminina, Elástica e Fitness 🩶",s.shopee.com.br,https://s.shopee.com.br/8fQdnefsM5?channel_type=pinterest,https://i.pinimg.com/originals/f8/e3/df/f8e3dfbead7d53c49de8ac90c7a773e9.jpg,735,854,0,2026-07-09
2026-09-03,calca legging canelada,ASoq4NEPnZ0AjjmcgkbpsvFRGwCTgNKVMhbyFa6z2vkZvSLJb4-4lOwez0jjYxtoZ5hXqKjQL7oDvvZgxLDP_Xw,32,1,0,Fabletics Women's No-Seam,fabletics.com,https://www.fabletics.com/products/THE-NO-SEAM-PURELUXE-TLC-MESH-LEGGING-LG2500780-9388?utm_medium=paid_social_media&utm_source=pinterest&utm_campaign=productfeed,https://i.pinimg.com/originals/dd/09/65/dd096555cf913c3ac611bd4ed03a2729.jpg,998,1498,0,2026-08-19
2026-09-03,calca legging canelada,AdWZmugZNUzuX8-zMUsYhSKEghb1jfkaVoH6zqMb_vQ4SMEgtNi5syXMUKqV6ql6bPcqEoRsgzspRnpr0qUj9s4,33,1,0,Adore Me - Empower,adoreme.com,https://www.adoreme.com/empower-legging-dark-purple?utm_campaign=product_feed&utm_medium=paid&utm_source=pinterest,https://i.pinimg.com/originals/00/44/38/004438f66b7bf52b52d2cdf9b87ad419.webp,2048,2610,0,2026-04-28
2026-09-03,calca legging canelada,1109715164490607638,34,19,0,"🔥 Conforto e estilo que modelam seu corpo! Essa legging canelada é perfeita para seus treinos ou looks casuais. Cintura alta, tecido que valoriza e super confortável. Disponíveis nas Cores: ❤️💙🖤 Garan",instagram.com,https://www.instagram.com/p/DFc6c6tOHe3/,https://i.pinimg.com/originals/f6/83/a2/f683a2783e460bfd9fdb01bf906d47bb.jpg,1440,1800,0,2025-05-07
2026-09-03,calca legging canelada,722264859023369870,35,7,0,Legging,s.shopee.com.br,https://s.shopee.com.br/7Km9dCh3kc?channel_type=pinterest,https://i.pinimg.com/originals/24/3c/ed/243ced6297e9aa5d9d50743fab40e122.jpg,1080,1920,0,2024-11-14
2026-09-03,calca legging canelada,AVkFVWtMPWrjMA34L84ZJGA67ZZwj51l1UpbNfp3Ghrpf2oJvB34UE_RTYm_Npp5g4yE7kLJi5uKG4tRYIWESyk,36,6,0,Women's Slacks Leggings,lightinthebox.com,https://www.lightinthebox.com/women-s-slacks-leggings-streetwear-casual-full-length-high-rise-plain-elastic-waist-comfortable-street-holiday-daily-wear-black-fall-regular-fit_p10125655.html?litb_from=pinterest_sns_paid&utm_source=pinterest_sns_paid&utm_medium=sns&utm_campaign=litb_catalogs?litb_from=pinterest_sns_paid&utm_source=pinterest_sns_paid&utm_medium=sns&utm_campaign=litb_catalogs,https://i.pinimg.com/originals/d8/50/5e/d8505ee77168c3efd3957ee3fdee7910.jpg,500,500,0,2025-10-21
2026-09-03,calca legging canelada,1123085225860579614,37,3,0,Calça Legging Canelada Preta - Cintura Alta Com Costura Realça Bumbum,s.shopee.com.br,https://s.shopee.com.br/4LB2EXyYTA?channel_type=pinterest,https://i.pinimg.com/originals/73/57/2a/73572a7455908c8bbac3055c68088036.jpg,750,750,0,2026-02-06
2026-09-03,calca legging canelada,AV0-8BsxdcvdeOQLZuz7ej4DtvwqBx2O_G2mYef_x6hgk4YTXcVF7ryIG-JIRZKV_HxG-RCnQOQiZd9M0P2e7M0,38,3,0,High Waist Yoga Leggings,zittos.com,https://www.zittos.com/products/high-waist-yoga-leggings-1?variant=48289913209138,https://i.pinimg.com/originals/ed/a2/5a/eda25a34c936862c91dc7d1eb984a7f7.jpg,500,750,0,2025-09-04
2026-09-03,calca legging canelada,650910952432760285,39,27,0,"✨ Conforto que abraça, estilo que eleva. Tricot em ponto clássico Biamar, no tom rosé mais delicado da estação + legging fuseau canelada com cintura média e toque macio. Look pensado pra quem quer se ",instagram.com,https://www.instagram.com/p/DMGBoCksKlu/?img_index=4,https://i.pinimg.com/originals/04/3d/95/043d95a0cfb631db932e5b0d5c635303.jpg,1440,1920,0,2025-07-15
2026-09-03,calca legging canelada,708613322668894443,40,10,0,🤌🏻🤌🏻🤌🏻Comprei sem expectativa e me surpreendeu muitoooo,br.shp.ee,https://br.shp.ee/07bwjgzt?smtt=0.0.9,https://i.pinimg.com/originals/26/13/c4/2613c4e3089a6abc2a747e4c4b1f5e48.jpg,1200,1200,0,2026-06-09
2026-09-03,calca legging canelada,Ab2nZxjJxq05zmfLaZTD-nRjQFx3-Ch5y-gH62Z_wxJm8PZ1fqE1Wsohop-XPVGLd3eTvW_C0l-7Y1SvIa3OG4M,41,1,0,Leggings,fwrd.com,https://www.fwrd.com/product-moncler-grenoble-leggings-in-olive-green/MOBF-WP20/?d=Womens,https://i.pinimg.com/originals/35/37/e7/3537e7cd12797e7f9b19c65c4ee0c5a0.jpg,967,1450,0,2026-02-27
2026-09-03,calca legging canelada,AXTyapGcZohs1zeci_-phn8-3wl6gIHfrRN21N9YWRwIv4wu8nA1PiozbZ30wDwMcoZtqN7V5qD7RDyISHeN_R4,42,6,0,FULLSOFT Buttery Soft,amazon.com,https://www.amazon.com/Waisted-Leggings-See-Through-Leggings-Reg-Large-X-Large/dp/B08K987KMM/ref=asc_df_B08K987KMM?hvdev=%7Bdevice%7D&hvcampaign=%7Bcampaignid%7D&hvadgroupid=%7Badgroupid%7D&hvprdptid=%7Bproduct_partition_id%7D&hvprdgrpid=%7Bpromoted_product_group_id%7D&hvcr=%7Bcreative_id%7D&hvadid=%7Badid%7D&hvprdid=%7Bproduct_id%7D&hvplc=%7Bplacement%7D&psc=1&tag=%7Bifnotmobile:ushpadpinde-20%7D,https://i.pinimg.com/originals/ff/c9/93/ffc9934a78b25a9b0ea7ba7679b468f6.jpg,1600,2560,0,2026-03-20
2026-09-03,calca legging canelada,4606760300163559296,43,0,0,Calça Legging fitness Canelada alto relevo Poliamida Ultra Premium Chill Cor:;Tamanho:GG - Off White | Netshoes,netshoes.com.br,https://www.netshoes.com.br/p/calca-legging-fitness-canelada-alto-relevo-poliamida-ultra-premium-chill-cortamanhogg-off+white-GH6-0051-205,https://i.pinimg.com/originals/19/4f/e4/194fe419fdfd652b2862910f8721a67b.jpg,1088,1088,0,2026-08-17
2026-09-03,calca legging canelada,663788432619090716,44,10,0,"A calça perfeita existe e eu posso provar! Seu toque é aveludado proporcionando conforto, qualidade e zero transparência! Treine com segurança e estilo ✨ #canelado #legging #gym #academia #roupafitnes",instagram.com,https://www.instagram.com/p/DQaUHUCibQy/?img_index=7,https://i.pinimg.com/originals/ed/05/14/ed0514da6bed77c28f3335461f60b97c.jpg,1242,1650,0,2025-10-30
2026-09-03,calca legging canelada,AWDGQro0tUjCKIui8P8W8OQspUQVYi9X0MTGELU8-aXaQFqAs9HOC5HizQu2bCE43DwjewLahw-zaQglTnRki8k,45,0,0,LUXE Leggings: Black,thredup.com,https://www.thredup.com/featured/221402182?department_tags=women,https://i.pinimg.com/originals/4f/94/7a/4f947ae0455b3064e63de625e51187e8.jpg,682,1023,0,2026-06-29
2026-09-03,calca legging canelada,699957967132223798,46,1,0,"Calça Legging Canelada de Cintura Alta Sem Costura para Academia Feminina, Oferta relâmpago.",s.shopee.com.br,https://s.shopee.com.br/9KgGcGlMMX?channel_type=pinterest,https://i.pinimg.com/originals/2b/61/7d/2b617de823cf5a47fdba9a62cf5ee406.jpg,1200,2133,0,2026-07-07
2026-09-03,calca legging canelada,AYHSVLWR2PgkysOBNVIT65M9GhBHx45rtnzoMdUG7-ijbcX5deJkXfmzhOQeLRp1vzkrJPhgkmCaQA3PyKQLL34,47,0,0,4505 Hourglass Icon soft,asos.com,https://www.asos.com/us/4505/4505-hourglass-icon-soft-touch-high-waist-slim-kick-yoga-leggings-in-chocolate/prd/208865751?browseCountry=US&browseCurrency=USD,https://i.pinimg.com/originals/9a/c3/2e/9ac32e0ad5c30cb3f306afd3a9a9849f.jpg,1080,1620,0,2026-05-05
2026-09-03,calca legging canelada,736408976619238841,48,1,0,Dê uma olhada em Calça Legging Canelada,s.shopee.com.br,https://s.shopee.com.br/111uzeQkKc?channel_type=pinterest,https://i.pinimg.com/originals/3d/d0/24/3dd0247eae8baece11b598bb6936c5c2.png,712,713,0,2026-08-06
2026-09-03,calca legging canelada,1127659194227273757,51,2,0,Legging Canelada,s.shopee.com.br,https://s.shopee.com.br/6AkH36Muzk?channel_type=pinterest,https://i.pinimg.com/originals/b6/a1/2b/b6a12bb689061c1baf58d11cc5e51e65.jpg,853,1516,0,2026-08-16
2026-09-03,calca legging canelada,AZyD709Fnk5OGhH-GvUF95-6_73-gTpCzMSGF4HLCzLpA76WpdFvsiwkzCKw6XFBEvLS6tTZFBzDvTXRGgmgmQg,52,1,0,BlissBlend™ Collection by,vuoriclothing.com,https://vuoriclothing.com/collections/vuori-blissblend,https://i.pinimg.com/originals/48/f2/b7/48f2b72dfdc07230c9274e3c08063fa0.jpg,1200,1500,0,2026-06-22
2026-09-03,calca legging canelada,833025262367874887,53,2,0,jelik fashions Calça Legging Tecido Poliamida Canelado Premium Sem Transparência Academia Fitness,onelink.shein.com,https://onelink.shein.com/17/52u7bdctia02,https://i.pinimg.com/originals/72/a9/09/72a909bad750e403f26cb6365fb13330.jpg,1340,1785,0,2025-10-03
2026-09-03,calca legging canelada,ASGhczQyGZowbhkLGgPwtnAnEK-3y1wy3R1di91TXAi4y2kUSNLG0TxDGNLCx2DQfM6sWj-OlmihbNlNOSx4xso,54,1,0,College Clothing Haul,walmart.com,https://www.walmart.com/shop/back-to-college/tech,https://i.pinimg.com/originals/90/e5/63/90e5636608e01d103e4a6789c140fbd4.jpg,406,720,1,2026-08-14
2026-09-03,calca legging canelada,ARQ6Y9q7izW0QkMKeOMpaQZ7vPoO6utQ2LRzJI4_tv9NzE3inlfAmAprcnQIvHCyoYp1FnQ92dlwqp9B13Mv5iI,55,277,0,Neutral Outfit Staples I,amzlink.to,https://amzlink.to/az0I6ThhgFMCl,https://i.pinimg.com/originals/20/cb/8c/20cb8c815ba1d6f7aa7e9b1f787ebaa6.png,1000,1500,0,2026-03-15
2026-09-03,calca legging canelada,967007351249567729,56,11,0,"👋 Oii Galera 🏋️ Calça Legging Canelada de Cintura Alta Conforto, estilo e performance para seus treinos! ✨ ✔️ Modelo sem costura para mais liberdade de movimento ✔️ Cintura alta que valoriza a silhuet",instagram.com,https://www.instagram.com/p/DNvpBjGWjqs/?img_index=10,https://i.pinimg.com/originals/2b/8e/96/2b8e96056a47ff97288ffd66e7f2c827.jpg,800,1060,0,2025-08-25
2026-09-03,calca legging canelada,632052129002671901,57,1,0,Calça Legging Flare,meli.la,https://meli.la/1ni6hZA,https://i.pinimg.com/originals/56/8a/59/568a5958d1da2d32b8277309ed8b081b.jpg,750,950,0,2026-08-20
2026-09-03,calca legging canelada,ASj2H5L1DA-u70F3nvfv-wa4vJrWkj_rwF4UD7ch_4Sy2L-2vht9IORLi1Kp2vUOFvWpc4FEecBs6Zw4UNwJ1G0,58,1,0,The Pants of the Season,freepeople.com,https://www.freepeople.com/fpmovement/shop/quick-step-bubble-pants/,https://i.pinimg.com/originals/c9/48/ca/c948cabb9a9acbdfc7dc52e0002b930a.jpg,2268,3402,0,2026-08-10
2026-09-03,calca legging canelada,1093741459785229177,59,1,0,"Calça Legging Canelada de Cintura Alta Sem Costura para Academia Feminina, Elástica e Fitness🤎🤎",s.shopee.com.br,https://s.shopee.com.br/2gA5gbbHEm?channel_type=pinterest,https://i.pinimg.com/originals/d0/a1/b4/d0a1b43f718e8744f7eaf698ed293d84.jpg,736,1308,0,2026-08-04
2026-09-03,calca legging canelada,Af5ktF24dAtasKuPr3kIfiZpr2VBAKuTgCicavJ-IIBlGi3glowyL03I2smIhTwE806S7VrYLo1_j_5cMUOofX0,60,451,0,Amazon Workout Essentials,amzlink.to,https://amzlink.to/az0hQHzBlmvL4,https://i.pinimg.com/originals/30/c2/11/30c211934f5128660b642a9ceeeaa06e.png,1000,1500,0,2026-06-16
2026-09-03,calca legging canelada,AcB-5KpsH4bGyH7sHh4MKCi7UjFAxcqQAg0uthM3cpXI16FM6H9zMfKJZi3PJxybBZOvxFVXOBXS3N44q5vgtWI,61,1147,0,Stylish Going Out Outfits,amzlink.to,https://amzlink.to/az0sMRyAHOgsO,https://i.pinimg.com/originals/43/c3/e5/43c3e5d130a09b724c15fe5ea135d51e.png,1000,1500,0,2025-08-05
2026-09-03,calca legging canelada,AVPNodN7cVXI5t3LQ-M9yIvWhb9ydbpj0jMUEjFSKllmbHY_phWsTt1zZU9I7cBR_KK0rqPHbr-MWTWmViUFibQ,62,80,0,Pink and White Spring,amzn.markable.ai,https://amzn.markable.ai/GcGug1Qo,https://i.pinimg.com/originals/ab/06/bd/ab06bd529350946cbdcfaf0de6d34dfd.png,1000,1500,0,2026-04-16
2026-09-03,calca legging canelada,217439488255696297,63,36,0,"A calça perfeita existe e eu posso provar! Seu toque é aveludado proporcionando conforto, qualidade e zero transparência! Treine com segurança e estilo ✨ #canelado #legging #gym #academia #roupafitnes",instagram.com,https://www.instagram.com/p/DQaUHUCibQy/,https://i.pinimg.com/originals/d2/cf/ea/d2cfeaa7a17476040cc60ebcaec1bfe4.jpg,1242,1650,0,2025-12-10
2026-09-03,calca legging canelada,13370130139346308,64,44,0,"Calça Legging Canelada R$39,99🤌🏼😍",s.shopee.com.br,https://s.shopee.com.br/1BCuJJVQec?channel_type=pinterest,https://i.pinimg.com/originals/d4/6a/d4/d46ad4aaef58f1eb486acf4d692d5271.jpg,1080,1920,0,2025-12-21
2026-09-03,calca legging canelada,AaVJWHWuU7Exfl4ujSLImRQHUAhA0Fz3sXhTXUS4TC0mEcEhLGYGZuarmE0BdP8n5m0czji3eCBvjh2m-_mBZs4,65,1,0,New Summer Drops!,fabletics.com,https://www.fabletics.com/dmg/A39B3F?utm_medium=paid_social_media&utm_source=pinterest&utm_campaign=pin_campaign_id_%7Bcampaignid%7D&utm_content=pin_adgroup_id_%7Badgroupid%7D&utm_term=pin_id_%7Badid%7D&nbt=nb:pinterest::%7Bcampaignid%7D:%7Badgroupid%7D:%7Badid%7D&nb_kwd=%7Bkeyword%7D&nb_device=%7Bdevice%7D&nb_platform=pinterest&nb_pn=%7Bproduct_name%7D&nb_ppgid=%7Bpromoted_product_group_id%7D&nb_,https://i.pinimg.com/originals/0e/37/0d/0e370d0ecd221b83cc118747814c201c.png,1000,1500,0,2026-08-06
2026-09-03,calca legging canelada,1115133557759431532,66,1,0,CALÇA LEGGING FETNESS HIP LIFT CINTURA ALTA YOGA CORES VARIADAS,s.shopee.com.br,https://s.shopee.com.br/7pqHWw5taj?channel_type=pinterest,https://i.pinimg.com/originals/32/10/15/3210151d3d83bc6804edead527cc92b9.jpg,736,1104,0,2026-05-22
2026-09-03,calca legging canelada,976999712965344084,67,4,0,,,,https://i.pinimg.com/originals/41/b8/6d/41b86d438ef889f84ae2a1565a115e15.jpg,736,1008,0,2026-07-25
2026-09-03,calca legging canelada,4591701421070990976,68,4,0,Legging Fitness Feminina Preto Canelada Com Cós Alto Seamless+ Dlk - PRETO / M,dlk.com.br,https://dlk.com.br/products/legging-fitness-feminina-preto-canelada-com-cos-alto-seamless-dlk?variant=47689374761172,https://i.pinimg.com/originals/50/32/fe/5032febf641389f0a9d3f0966ceb473f.jpg,1000,1428,0,2026-06-18
2026-09-03,calca legging canelada,376895062587712088,69,1,0,Shopee Brasil | Ofertas incríveis. Melhores preços do mercado,shopee.com.br,https://shopee.com.br/Cal%C3%A7a-Legging-Canelada-Premium-de-Cintura-Alta-Sem-Costura-Academia-Feminina-El%C3%A1stica-e-Fitness-i.790634216.22699042632?channel_type=pinterest,https://i.pinimg.com/originals/7d/2e/23/7d2e23a1e415ea6ef8172ec671349300.webp,828,828,0,2026-03-04
2026-09-03,calca legging canelada,1083749098181768095,70,1,0,Calça legging,meli.la,https://meli.la/1annA2F,https://i.pinimg.com/originals/f2/49/4a/f2494a722881092c307a2c76f3e808b7.jpg,720,806,0,2026-08-13
2026-09-03,calca legging canelada,AZl4U5cVK0R-u7KAEUA11gTHaH04nyJ-rhjAt4zsOnGmJ-xyRgWnDhwWY42GZ-BHMnEQIFJc_5wDhdP4dzZFWDY,71,8,0,Wear It Your Way,vans.com,https://www.vans.com/en-us/c/matching-sets-2029,https://i.pinimg.com/originals/66/a1/ef/66a1eff1116a72007ca72b6304913432.jpg,1080,1350,1,2026-07-16
2026-09-03,calca legging canelada,4599090147285672832,72,0,0,Calça Legging Feminina Canelada Poliamida Sem Transparência Fitness Cintura Alta Modela o Corpo,br.shein.com,https://br.shein.com/ark/default?scene=1&test=5051&ad_type=DPA&goods_id=541893498&pf=PINTEREST&link_type=link&url_from=PINADSDPA&ismg=0c26cfd789f19f0cd26a393635446827a0e86b8745d54cefebef7264abf0f95a_01_1788370811,https://i.pinimg.com/originals/cf/e6/91/cfe69149b2e1bbb72f379b5cfbb6cfc6.jpg,1200,1540,0,2026-08-14
2026-09-03,calca legging canelada,1116752038886158887,73,0,0,"Comenta “QUERO” e receba o link! 🖤 Legging canelada, conforto total, caimento perfeito. #leggingcanelada #modafitness #roupadeacademia #legging #confortoeestilo",instagram.com,https://www.instagram.com/reel/DcCOYsvRQWH/,https://i.pinimg.com/originals/cf/87/cf/cf87cfb55ef76bc1d0708620f71998b8.jpg,640,1136,1,2026-08-15
2026-09-03,calca legging canelada,33565959718606801,74,31,0,"Restock Alert ⚡️ Nuestro legging en rib americano grueso está de vuelta — ahora en gris, chocolate y negro. Una prenda versátil, de textura firme que no mota, no transparenta y se adapta a todo: desde",instagram.com,https://www.instagram.com/p/DPjcVnyjgz9/,https://i.pinimg.com/originals/bd/60/02/bd6002a594030c95dec4127d6e3bd436.jpg,1067,1422,0,2025-10-08
2026-09-03,calca legging canelada,647251777745683671,75,8,0,"A maior chegou 👀 a mais pedida! 🤍 Legging Canelada Importada repleta de versatilidade e conforto, desde seus treinos até um look casual! Quem tem aposta em todas as cores ✨ #explore #casualfitness #mo",instagram.com,https://www.instagram.com/p/DL8dyZapVzh/,https://i.pinimg.com/originals/c6/02/d3/c602d33a70a59f559d6058278e8cde37.jpg,1080,1350,0,2026-07-25
2026-09-03,conjunto fitness feminino,120471358777813712,2,49,0,,,,https://i.pinimg.com/originals/98/84/88/988488c5b81152e9e69db7a8ce3ee2c4.png,1024,1536,0,2026-08-04
2026-09-03,conjunto fitness feminino,AYeyutmSZJyUFYAA7nBWTppYdSD49g7611bgQ5JIJGaQxcinVtkJdVv5KnvMgpLYTLndvgLo591B2rgp7xuOTWU,3,1,0,BlissBlend™ Collection by,vuoriclothing.com,https://vuoriclothing.com/collections/vuori-blissblend,https://i.pinimg.com/originals/48/f2/b7/48f2b72dfdc07230c9274e3c08063fa0.jpg,1200,1500,0,2026-06-22
2026-09-03,conjunto fitness feminino,AUyYPOi-_M_Uh0MqhUqHREuJoGkMi5I95WMxdj6Zs9RTDinzygjPIp6PsMxls3kHvh0uqnQ-D-NufNE6yaUBIps,4,451,0,Amazon Workout Essentials,amzlink.to,https://amzlink.to/az0hQHzBlmvL4,https://i.pinimg.com/originals/30/c2/11/30c211934f5128660b642a9ceeeaa06e.png,1000,1500,0,2026-06-16
2026-09-03,conjunto fitness feminino,157555686962424799,5,106,0,,,,https://i.pinimg.com/originals/3b/09/95/3b0995d7e460202281255ee9884dbf93.jpg,736,1338,0,2026-07-12
2026-09-03,conjunto fitness feminino,AWYNAeujk_gki6B35nfvILkM7AACVq_0rwICkpPhxuQWmFX5hmu_KV4eECt3mOnDL6bOpboWw8DR-27I4r8aS90,6,321,0,Amazon Workout Pieces,amzlink.to,https://amzlink.to/az0Vd3bXPYd4E,https://i.pinimg.com/originals/7a/f5/88/7af588c46af4fc8bcc6f38f0d4498fb6.png,1000,1500,0,2026-04-15
2026-09-03,conjunto fitness feminino,59250551351893971,7,7431,0,Lulu,,,https://i.pinimg.com/originals/55/ff/cc/55ffccdfce52ce9c33ca983b5c2db24b.png,1024,1536,0,2026-06-07
2026-09-03,conjunto fitness feminino,10766486607624691,8,576,0,,,,https://i.pinimg.com/originals/30/08/ce/3008cea5933588b59c0d49a926c1e4ec.jpg,1024,1536,0,2026-07-25
2026-09-03,conjunto fitness feminino,82050024458059510,9,105,0,Pink luxe workout vibes,,,https://i.pinimg.com/originals/d2/96/2c/d2962cf0d19ef0871f2a6e16bbdeff0e.jpg,736,1104,0,2026-04-24
2026-09-03,conjunto fitness feminino,AX1UzVKrG2JrX1J9ehUWE40iqmANon_SwVwjWWO7kzBu4yMH3DzY40P0By3QMKanncgKL5TkXVBpD9mYg0smMVw,10,1,0,New Color Drop!,fabletics.com,https://www.fabletics.com/dmg/A39B3F?utm_medium=paid_social_media&utm_source=pinterest&utm_campaign=pin_campaign_id_%7Bcampaignid%7D&utm_content=pin_adgroup_id_%7Badgroupid%7D&utm_term=pin_id_%7Badid%7D&nbt=nb:pinterest::%7Bcampaignid%7D:%7Badgroupid%7D:%7Badid%7D&nb_kwd=%7Bkeyword%7D&nb_device=%7Bdevice%7D&nb_platform=pinterest&nb_pn=%7Bproduct_name%7D&nb_ppgid=%7Bpromoted_product_group_id%7D&nb_,https://i.pinimg.com/originals/95/cb/7c/95cb7c21a3889f5b23f0c9486196fc49.jpg,1000,1500,0,2026-08-19
2026-09-03,conjunto fitness feminino,907967974895779591,11,2,0,Conjunto Fitness Feminino Verde | Top Cropped e Calça Legging Cintura Alta,onelink.shein.com,https://onelink.shein.com/48/5z00055amqzq,https://i.pinimg.com/originals/b4/1d/9e/b41d9ee3ce448ecacc8c69601e760d03.jpg,1080,1920,0,2026-08-15
2026-09-03,conjunto fitness feminino,ASdoT_gBUtsO8BPNjV5kOF1SjYHEYlhmZ7EWsFV9T-VW0fxhx4JDiyuy3VxQbAA-CvqBSPwbAAsAU3wog5aBtnE,12,80,0,Pink and White Spring,amzn.markable.ai,https://amzn.markable.ai/GcGug1Qo,https://i.pinimg.com/originals/ab/06/bd/ab06bd529350946cbdcfaf0de6d34dfd.png,1000,1500,0,2026-04-16
2026-09-03,conjunto fitness feminino,AUTD05tGoMsgH_RzDcUjb4c4kx6YsDsEkEGYMNE5Ya3auSeSlCUYllCn2yBuPQA9TRrMG8UVy9-prjzXdagVaWc,13,33,0,Find flared leggings,kohls.com,https://www.kohls.com/catalog/womens-flx.jsp?CN=Gender:Womens+Brand:FLX&BST=5015153&icid=social-paid-pnvid-wflxleggingslooks-np-2608wk2&cid=SO26PDPIN0609&utm_campaign=paid_social&utm_medium=paid_social&utm_source=pinterest&utm_content=2026pdpin609,https://i.pinimg.com/originals/b2/db/00/b2db008b854f55ea2f7fc1c895999e6e.jpg,1000,1500,1,2026-08-05
2026-09-03,conjunto fitness feminino,AY-lCOBbHRqaHZN2P8EQpdwVkkJoCkH4NaoHgCrxdEenNCrFIywbiOsQ9KRXpW04PRoXFB0lKDVKTm97fOoArqM,14,733,0,Amazon Workout Outfit,urlgeni.us,https://urlgeni.us/amzn/dEfjJ2,https://i.pinimg.com/originals/15/5c/48/155c48e1f8e50621a814310d09b8ad2d.png,1000,1500,0,2026-02-03
2026-09-03,conjunto fitness feminino,14707136282189088,15,941,0,Pearl's Amazon Page,amazon.com,https://www.amazon.com/shop/moodmade?ref_=cm_sw_r_apann_aipsfshop_5P24BPHGA1H957ZY2SSH&language=en-US&ccs_id=357f6e80-b65a-403f-bcf8-c0b9e69d3e40,https://i.pinimg.com/originals/21/99/14/21991452025fbc0407f1e67984831eca.jpg,736,1104,0,2026-02-18
2026-09-03,conjunto fitness feminino,Ac6-3tGXMKC87SYdTbuGM1aHGCi2gDsP8yQahjCa6LFvaPfCqlv5vMX7p5UElChIUWLcenH3hCNi8fA9ICJ4IZM,16,2,0,Fall Athleisure You’ll,amzlink.to,https://amzlink.to/az0YY8fy6517X,https://i.pinimg.com/originals/60/57/de/6057de7b13feb39c11fd41ef1086d2c9.png,1000,1500,0,2026-08-07
2026-09-03,conjunto fitness feminino,233694668162226564,17,10,0,Conjunto Cropped e Legging Flare Pantalona Inverno Fitness,s.shopee.com.br,https://s.shopee.com.br/30nB7ji1Hn?channel_type=pinterest,https://i.pinimg.com/originals/1d/be/ec/1dbeeca0c1132619d27670fb04278402.jpg,1536,2752,0,2026-08-19
2026-09-03,conjunto fitness feminino,ATvVZFleZnfgrOWmtgPhM1Khe-36wmu0ejjy-W9jp1Y4FYcP5F3OBZ_qEDAoNeUhYBiYwiMpAt6M28M8ALvQUmI,18,1,0,The Pants of the Season,freepeople.com,https://www.freepeople.com/fpmovement/shop/quick-step-bubble-pants/,https://i.pinimg.com/originals/c9/48/ca/c948cabb9a9acbdfc7dc52e0002b930a.jpg,2268,3402,0,2026-08-10
2026-09-03,conjunto fitness feminino,1094022934507075644,19,39,0,healthy lifestyle vision board | Descubre las,,,https://i.pinimg.com/originals/55/89/40/55894089170a963e81a7a0bc599673ab.jpg,736,1300,0,2026-06-23
2026-09-03,conjunto fitness feminino,841469511670071381,20,37,0,Conjunto fitness 🤎,onelink.shein.com,https://onelink.shein.com/46/5xv5bdd9ckoy,https://i.pinimg.com/originals/48/7a/2d/487a2d7b9ef46bd336d62199c9914381.jpg,1536,2752,0,2026-08-08
2026-09-03,conjunto fitness feminino,AaEVAwt-lusfwAHVGOq0dXzi06MUtA8FNfFX_jnQZ1qvJEDhmqOoeH8GVQcZRhRBSa2xjEHy0Ccqyd1iV5WWUjk,21,385,0,Elevated Essentials.,nakedwardrobe.com,https://nakedwardrobe.com/collections/new-arrivals,https://i.pinimg.com/originals/60/61/49/6061496046d90fff1302479406127d9d.jpg,1080,1620,0,2026-04-17
2026-09-03,conjunto fitness feminino,953566921129148422,22,1,0,￼Conjunto Selene Feminino Academia Top e Legging Empina Bumbum Fitness Original,s.shopee.com.br,https://s.shopee.com.br/50YWfsuyNY?channel_type=pinterest,https://i.pinimg.com/originals/e3/2e/93/e32e93c673ec023afde916578015e187.jpg,1080,1920,0,2026-08-24
2026-09-03,conjunto fitness feminino,69524387998264836,23,5,0,Matching Crop Top And Leggings Set - 20 Crop Top Gym Outfit Ideas Stylish Sets for Every Workout,sewmamasew.com,https://www.sewmamasew.com/20-crop-top-gym-outfit-ideas/,https://i.pinimg.com/originals/48/3a/c4/483ac4b98caeaa2d34465bb8669119b8.jpg,1080,1920,0,2026-08-20
2026-09-03,conjunto fitness feminino,16395986141551245,24,198,0,Red Pilates Outfit Set for Women | Halter Top & Flared Leggings,,,https://i.pinimg.com/originals/ae/4d/05/ae4d05da3e3cfeeb5e57a2207b47ea12.png,941,1672,0,2026-08-12
2026-09-03,conjunto fitness feminino,224124518954166897,25,50,0,Conjunto esportivo estiloso,onelink.shein.com,https://onelink.shein.com/47/5ywq0pb4pt74,https://i.pinimg.com/originals/81/ae/ca/81aeca23a363c9b31b969c87e83ad9ba.png,1042,1508,0,2026-08-21
2026-09-03,conjunto fitness feminino,357262182964020827,26,11,0,Kit Conjunto Fitness Feminino: Top e Legging para Academia,meli.la,https://meli.la/2HAuDTr,https://i.pinimg.com/originals/8e/c5/90/8ec5909e27c08a2cb103c8eab5947891.png,1024,1536,0,2026-08-17
2026-09-03,conjunto fitness feminino,572449802659412690,27,59,0,Conjunto fitness rosa e branco,onelink.shein.com,https://onelink.shein.com/46/5yacl8nbzygb?ismg_ol=56b1126c260f60d01dd03698752a0c28651dcb49e073bd32e11a81889540bced_01_KOC-C,https://i.pinimg.com/originals/74/04/bb/7404bbdb5a3b9af16d5579c880a04bc2.jpg,1080,1920,0,2026-08-18
2026-09-03,conjunto fitness feminino,AVOsZ6TuMn6ZEZbnh8sTK1C0kONSNLGVZW-IvO9UQBoBklxCMllbIK3CoI8fzb6rUSYf0vm7rIGEBzpVDMSzmmw,28,4000,0,WISKII Season's Must -,wiskiiactive.com,https://wiskiiactive.com/collections/2024-winter-essentials,https://i.pinimg.com/originals/bd/20/08/bd2008f4a93cc18aad384f1c8247909d.jpg,720,1280,1,2024-12-11
2026-09-03,conjunto fitness feminino,917678861576976965,29,9400,0,,,,https://i.pinimg.com/originals/c2/a3/a5/c2a3a505075ece3b633215074f6c80b6.jpg,1080,1920,0,2025-01-17
2026-09-03,conjunto fitness feminino,47358233578706606,30,20,0,,,,https://i.pinimg.com/originals/b1/1c/63/b11c63e1197e627a98f6e5649974bc31.png,749,1316,0,2026-07-16
2026-09-03,conjunto fitness feminino,4609152847083829632,31,151,0,20 Stylish Barry's Bootcamp Outfit Ideas to Sweat,sewmamasew.com,https://www.sewmamasew.com/20-barrys-bootcamp-outfit-ideas/,https://i.pinimg.com/originals/dd/bf/cf/ddbfcfd20ad7db887768a1bac9e507e9.jpg,720,1279,0,2026-05-16
2026-09-03,conjunto fitness feminino,760193612150783190,32,2,0,Conjunto fitness,s.shopee.com.br,https://s.shopee.com.br/9V0gDUaUUb?channel_type=pinterest,https://i.pinimg.com/originals/41/e8/2c/41e82cb8881986975d53c1f964873487.png,1086,1448,0,2026-08-14
2026-09-03,conjunto fitness feminino,67342956924078341,33,54,0,,,,https://i.pinimg.com/originals/29/26/13/292613ebc62a1269ab3f80c3e91e0159.jpg,236,419,0,2026-08-01
2026-09-03,conjunto fitness feminino,171981279523158814,34,79,0,Neutral Gym Outfit Ideas 🤎,,,https://i.pinimg.com/originals/67/a9/8b/67a98b05f93ee18caac6c7af8e86e6a4.png,1024,1536,0,2026-08-24
2026-09-03,conjunto fitness feminino,434808539045550511,35,706,0,,,,https://i.pinimg.com/originals/0a/3f/e0/0a3fe0fd38219f023524b4323a5bdcf1.jpg,736,1308,0,2025-12-27
2026-09-03,conjunto fitness feminino,4596134643003317888,36,75,0,35 Gym Outfit Ideas for Women to Boost Your Style,sewmamasew.com,https://www.sewmamasew.com/35-gym-outfit-ideas-for-women/,https://i.pinimg.com/originals/b3/83/23/b38323f763de3d753357b42bf310e9e4.jpg,720,1279,0,2026-06-16
2026-09-03,conjunto fitness feminino,7599893118056908,37,532,0,Todos os posts • Instagram,instagram.com,https://www.instagram.com/p/DYqAPBAmYn2/?img_index=1,https://i.pinimg.com/originals/ae/f7/7d/aef77d84b04d09e3021f3877f12b5a0a.jpg,640,853,0,2026-07-16
2026-09-03,conjunto fitness feminino,1008313804097528456,38,6,0,Conjunto Fitness Feminino,s.shopee.com.br,https://s.shopee.com.br/40fKzvA1DH?channel_type=pinterest,https://i.pinimg.com/originals/8b/12/6d/8b126d2303b9b8eb609b06e158f78eb8.jpg,1080,1920,0,2026-07-31
2026-09-03,conjunto fitness feminino,312648399158542453,39,78,0,GYM OUTFIT,,,https://i.pinimg.com/originals/f2/2e/af/f22eafed6c2e85a846929a684c0ea68b.png,941,1672,0,2026-06-19
2026-09-03,conjunto fitness feminino,224124518954173868,40,97,0,Continue,b.buzzfeed.workers.dev,https://b.buzzfeed.workers.dev/?u=https://dijbi.com/workout-guide-hourglass-figure/%3Futm_campaign%3Dengineer%26utm_source%3Dmomo%26utm_medium%3Dsocial,https://i.pinimg.com/originals/bc/82/17/bc82174255c87fd9272e731292326927.jpg,736,1006,0,2026-08-24
2026-09-03,conjunto fitness feminino,725783296251001827,41,2,0,Conjunto Fitnes Sem Costura,vt.tiktok.com,https://vt.tiktok.com/ZSVm4jaQS/,https://i.pinimg.com/originals/27/e9/7f/27e97f7db7af0d5802bd947f4255d92a.jpg,768,1365,0,2026-08-23
2026-09-03,conjunto fitness feminino,197243658676248929,42,76,0,conjunto fitness feminino 😍👇🏻,onelink.shein.com,https://onelink.shein.com/45/5xnak4z4gldl,https://i.pinimg.com/originals/66/d9/7e/66d97e9da228bca7ecd207f5e87fd457.png,941,1672,0,2026-08-12
2026-09-03,conjunto fitness feminino,AZcowQe6dp4dcOGP5f-m7ivKOVVUAn-XnTsliqeJjgYWSDn21LwwF7j9I_yNHec1WBcSKqHIS9qDdq8HtNIOfNc,43,1,0,Find Your Store.,nike.com,http://www.nike.com/retail,https://i.pinimg.com/originals/67/b3/c9/67b3c943c07a59479552f8f09ca35064.jpg,1080,1920,1,2026-08-24
2026-09-03,conjunto fitness feminino,1548181186911733,44,29,0,Conjunto Fitness Feminino,s.shopee.com.br,https://s.shopee.com.br/LlkQ6xaPS?channel_type=pinterest,https://i.pinimg.com/originals/5b/dc/4e/5bdc4e7559b0231dba42e036b7314bf2.png,941,1672,0,2026-07-19
2026-09-03,conjunto fitness feminino,233694668162233238,45,18,0,CONJUNTO FEMININO FITNESS,s.shopee.com.br,https://s.shopee.com.br/4VbMdftJFT?share_channel_code=1&channel_type=pinterest,https://i.pinimg.com/originals/36/fa/b6/36fab687f54ecab14bfaf40685aa0cfe.jpg,1080,1920,0,2026-08-21
2026-09-03,conjunto fitness feminino,1142788474381097993,46,1523,0,Strong & Stylish: Fitness Aesthetic Goals,link.amazon,https://link.amazon/B019nlZHi,https://i.pinimg.com/originals/81/14/70/81147087318a9fc88416f9433afc04cb.png,1024,1536,0,2026-07-20
2026-09-03,conjunto fitness feminino,1145884699009623775,47,6,0,Conjunto Fitness Feminino Calça + Top | Tecido Ana Ruga Cós Alto Modelador,meli.la,https://meli.la/2esyxEP,https://i.pinimg.com/originals/7b/65/ef/7b65ef98638f1e14ac1ce2ab0e11247e.png,1536,2730,0,2026-07-17
2026-09-03,conjunto fitness feminino,19492210990246894,48,199,0,conjunto preto,onelink.shein.com,https://onelink.shein.com/44/5x1m7gwgc7gq,https://i.pinimg.com/originals/88/fd/da/88fdda6d2fb5893319edaa06736e04a5.png,941,1672,0,2026-08-20
2026-09-03,conjunto fitness feminino,211174979635076,49,106,0,💖,onelink.shein.com,https://onelink.shein.com/44/5wrwl4rxckko,https://i.pinimg.com/originals/2b/95/a2/2b95a2aa5b59b229d58640fc8d690dfa.jpg,1080,1920,0,2026-08-24
2026-09-03,conjunto fitness feminino,213498838583822526,50,12,0,"Elegância em movimento. ✨ Peças que unem conforto, sofisticação e performance.",,,https://i.pinimg.com/originals/b6/5e/51/b65e5148ad6b1770e8f6ad5706d1e0cc.heic,1440,2560,0,2026-07-31
2026-09-03,conjunto fitness feminino,417779302958496007,51,2357,0,Tennis Styles,,,https://i.pinimg.com/originals/bd/1b/3a/bd1b3a8b4e89999e81a0b894b456dab3.jpg,3436,4582,0,2025-04-18
2026-09-03,conjunto fitness feminino,Ad_F16VSB-A65NYCpOYGTFGOE2B6I0zRyk2woATfNyKgRlD3R3PjPRJC9tgtLVAPnK-Fb5Th4i1QlUDkBEH7QSI,52,277,0,Neutral Outfit Staples I,amzlink.to,https://amzlink.to/az0I6ThhgFMCl,https://i.pinimg.com/originals/20/cb/8c/20cb8c815ba1d6f7aa7e9b1f787ebaa6.png,1000,1500,0,2026-03-15
2026-09-03,conjunto fitness feminino,AVmfcNMqLXBdbMTTc7Hj-iMnvFWZwVoNRExj8euSBJqVYL7jJRgaTzCaU0Rz6yG-ossC3Jk0Hwb1a7tStyPcqV0,53,1,0,The US Open Collection,ralphlauren.com,https://www.ralphlauren.com/tennis-tournament-cg,https://i.pinimg.com/originals/11/62/06/116206bdf1570094920e9f5d9b2a5d11.jpg,736,920,0,2026-07-30
2026-09-03,conjunto fitness feminino,AXT0WRBUYF-wAXz9nPjupwlJzkfWWHxzASZ6ak0Fs4li2yB-vgtO1RDih4_lWkWQcNC6jaQdRAl6O8CVj9dX6bA,54,1,0,New Summer Drops!,fabletics.com,https://www.fabletics.com/dmg/A39B3F?utm_medium=paid_social_media&utm_source=pinterest&utm_campaign=pin_campaign_id_%7Bcampaignid%7D&utm_content=pin_adgroup_id_%7Badgroupid%7D&utm_term=pin_id_%7Badid%7D&nbt=nb:pinterest::%7Bcampaignid%7D:%7Badgroupid%7D:%7Badid%7D&nb_kwd=%7Bkeyword%7D&nb_device=%7Bdevice%7D&nb_platform=pinterest&nb_pn=%7Bproduct_name%7D&nb_ppgid=%7Bpromoted_product_group_id%7D&nb_,https://i.pinimg.com/originals/0e/37/0d/0e370d0ecd221b83cc118747814c201c.png,1000,1500,0,2026-08-06
2026-09-03,conjunto fitness feminino,136796907428148622,55,12,0,"30 Mat Pilates Outfit Ideas for Chic, Comfy Workouts",sewmamasew.com,https://www.sewmamasew.com/30-mat-pilates-outfit-ideas/,https://i.pinimg.com/originals/3f/3f/b0/3f3fb0c009087efed96b43aa50d5e177.jpg,720,1280,0,2026-08-13
2026-09-03,conjunto fitness feminino,993958580279622401,56,1,0,Conjunto pra treino,s.shopee.com.br,https://s.shopee.com.br/8V8EyZa1Kr?channel_type=pinterest,https://i.pinimg.com/originals/f1/9d/9a/f19d9ad8515527e2b5e95953d9d50461.jpg,1080,1920,0,2026-08-18
2026-09-03,conjunto fitness feminino,AXf7tRfUYBb54uwo73sw2xY8WuyftjKU2TmMI080fjt356uQYwCm-cMBHkAyQOJTnZLybV-NmRX_isPE-s9meXg,57,1,0,In Full Bloom,vuoriclothing.com,https://vuoriclothing.com/collections/featured-in-pink?refinementList[named_tags.gender][0]=Womens,https://i.pinimg.com/originals/91/bf/00/91bf002a7695573ac63f7a4b1a5d6178.jpg,1080,1920,1,2026-08-25
2026-09-03,conjunto fitness feminino,723250021456201819,59,27,0,Roupa de Academia Feminina | Roupas Bonitas de Academia | Conjunto de Academia,meli.la,https://meli.la/1JJdA6M,https://i.pinimg.com/originals/c4/eb/98/c4eb9885d2640deec9ca70a22dceca50.png,941,1672,0,2026-08-22
2026-09-03,conjunto fitness feminino,AXAY9mYP6N7KcIWr2z8ffLzj6c-Cq2NlXOO-I8DbEVWLPfDjW5bo5SvXe5HJ-l7kBK5dDt4dpRBscgIiOM-Fy68,60,14,0,Amazon Outfits Made for,amzlink.to,https://amzlink.to/az0p1F7cOVqlH,https://i.pinimg.com/originals/2c/1b/97/2c1b9738f9b68ccc2b89d7fc82fc6377.png,1000,1500,0,2026-08-14
2026-09-03,conjunto fitness feminino,4607182522631938432,61,124,0,35 Sporty Chic Outfits for Women to Look...,sewmamasew.com,https://www.sewmamasew.com/35-sporty-chic-outfits-for-women/,https://i.pinimg.com/originals/57/98/f8/5798f8d81f243cf0a5ddb2fc118338f1.jpg,720,1280,0,2026-05-16
2026-09-03,conjunto fitness feminino,7740630604918495,62,922,0,,,,https://i.pinimg.com/originals/99/82/58/998258cc24fc121f6805d809f166d1f3.jpg,1080,1920,0,2024-10-23
2026-09-03,conjunto fitness feminino,829084612704916533,63,2,0,Conjunto All Fitness,,,https://i.pinimg.com/originals/5b/c1/3c/5bc13c1f4cf7564f970c1180dd5c1536.png,593,847,0,2026-08-14
2026-09-03,conjunto fitness feminino,197243658676228511,64,102,0,Conjunto esportivo feminino,onelink.shein.com,https://onelink.shein.com/44/5wzvxg35wkdu,https://i.pinimg.com/originals/30/eb/f5/30ebf579f6d155051ef148eebbb8e24f.png,1054,1493,0,2026-08-04
2026-09-03,conjunto fitness feminino,129408189289866769,65,69,0,conjunto fitness academia,onelink.shein.com,https://onelink.shein.com/43/5vxuurm0xbhw,https://i.pinimg.com/originals/9d/95/a0/9d95a07a278400ee42ae2dfead05becd.jpg,1080,1920,0,2026-08-11
2026-09-03,conjunto fitness feminino,14707136282627039,66,376,0,,shffls.com,https://www.shffls.com/shuffles/3571745398203807680,https://i.pinimg.com/originals/b5/12/44/b51244c809a81dda2785339fabf11d98.jpg,1080,1920,0,2026-06-25
2026-09-03,conjunto fitness feminino,13159023906678335,67,302,0,Novidade da moda 2026,,,https://i.pinimg.com/originals/ed/56/94/ed56944e2ac7eb30862a240174d87722.png,1123,1401,0,2026-06-12
2026-09-03,conjunto fitness feminino,13440498884795067,68,186,0,Look Fitness Básico e Estiloso🤍,onelink.shein.com,https://onelink.shein.com/42/5vg28so7db2w,https://i.pinimg.com/originals/c9/b5/03/c9b5033a14952ec3b8d048f3236e9d8f.jpg,1080,1920,0,2026-08-08
2026-09-03,conjunto fitness feminino,8092474327782505,69,1621,0,Black Gym Outfit Inspiration | Women's Activewear & Fitness Fashion,,,https://i.pinimg.com/originals/23/22/9e/23229e1e8e75c0361afb41e2baf2367c.png,1122,1402,0,2026-06-25
2026-09-03,conjunto fitness feminino,656751558211467645,70,35,0,Shein: GYYT2TS,,,https://i.pinimg.com/originals/b3/a4/24/b3a4246be9a5f046a95d8ae9353afeea.jpg,1080,1920,0,2026-07-28
2026-09-03,conjunto fitness feminino,16184879908552388,71,362,0,,,,https://i.pinimg.com/originals/04/ee/44/04ee44672d2cd6e94b73080f5d67c11d.jpg,720,1280,0,2026-08-10
2026-09-03,conjunto fitness feminino,4503668374551022,72,123,0,conjunto de academia 😍👇🏻,onelink.shein.com,https://onelink.shein.com/45/5x6aiiy7a3o5,https://i.pinimg.com/originals/90/8e/2b/908e2b0e9940d60c4fefcff6ecb1835b.png,941,1672,0,2026-08-11
2026-09-03,conjunto fitness feminino,AcZYNWNCDMegscbUxpy7AqGjQNmYdDEpPF5cCXhqJRvCn0uw15-P2nDShEwESqNX49FgdX3Bxd4l6l49KY1IlJ8,73,0,0,Find Your Store,nike.com,https://www.nike.com/retail,https://i.pinimg.com/originals/7e/39/bf/7e39bf4866cb4f7de59dea96a2fca3b3.jpg,2160,3840,1,2026-08-19
2026-09-03,conjunto fitness feminino,10766486607677971,74,36,0,conjunto academia 😍👇🏻,onelink.shein.com,https://onelink.shein.com/45/5x68d10i7jhf,https://i.pinimg.com/originals/6b/b1/e8/6bb1e8a56742502c788a89075937595d.png,941,1672,0,2026-08-13
2026-09-03,conjunto fitness feminino,301248662607735033,75,18,0,,,,https://i.pinimg.com/originals/b7/1d/ec/b71dec913008c8d12e5b55d7b3d041d5.jpg,736,1288,0,2026-07-10
2026-09-03,conjunto fitness feminino,59391288833168934,76,446,0,,,,https://i.pinimg.com/originals/cb/5f/b8/cb5fb8f58fd8532d9e2b8fa9055dd170.jpg,1080,1920,0,2025-07-09
2026-09-03,vestido midi,43487952650296612,2,458,0,Vestido midi amarelo-claro,onelink.shein.com,https://onelink.shein.com/46/5y5xcq7q49qd?ismg_ol=802ef9a0e5c1dc2129f6c1480c1f7c3f736820620a25de20088ac8e30cc62dea_01_KOC-C,https://i.pinimg.com/originals/c8/e4/48/c8e448a9fd99f6503f57afbfff3916b4.jpg,1080,1920,0,2026-08-24
2026-09-03,vestido midi,1090574866044611300,3,771,0,vestido MIDI shopeee,,,https://i.pinimg.com/originals/28/5b/bd/285bbda411ab24058484a84ff2b698fb.png,941,1672,0,2026-08-10
2026-09-03,vestido midi,48132289765414818,4,238,0,,,,https://i.pinimg.com/originals/07/78/db/0778dbf0ad73e43c4e7ac14c8a4db1db.jpg,737,1313,0,2026-08-23
2026-09-03,vestido midi,52495151902683336,5,364,0,Vestido Midi Azul Feminino com Decote Redondo,onelink.shein.com,https://onelink.shein.com/44/5wx0uesgtoat,https://i.pinimg.com/originals/b7/44/32/b7443284960363269dd4d4701202f8f5.jpg,672,1192,0,2026-08-25
2026-09-03,vestido midi,1116118720188831005,6,1,0,Vestido Midi Feminino com Fenda Lateral e Detalhe Dourado Elegante,s.shopee.com.br,https://s.shopee.com.br/4LIeVQuqLq?channel_type=pinterest,https://i.pinimg.com/originals/b4/2f/cb/b42fcb57e9bdb652cb21fee7e3ff186e.webp,1120,2240,0,2026-08-17
2026-09-03,vestido midi,783556035220889019,7,18,0,Summer Corset Midi Flowy Floral Wedding Guest Dress for Women Lace Up Back,amzn.to,https://amzn.to/460ERgw,https://i.pinimg.com/originals/e0/d0/6e/e0d06e3e7af9332eaf7200bea1fcb3c6.png,1023,1537,0,2026-08-22
2026-09-03,vestido midi,601089881569265457,8,6,0,Vestido Midi Estampado,onelink.shein.com,https://onelink.shein.com/47/5ywcbjj18sqb,https://i.pinimg.com/originals/3a/f6/8f/3af68fed63752e109ea3a4b0b9251ea6.jpg,877,1559,0,2026-08-22
2026-09-03,vestido midi,74239093854434333,9,649,0,vestido lindo amarelo,,,https://i.pinimg.com/originals/b1/4b/40/b14b40b09c3b13a96ebd679e2041560d.png,941,1672,0,2026-08-24
2026-09-03,vestido midi,55309901670128635,10,362,0,Olive Green Midi Dress Outfit Inspiration💚,,,https://i.pinimg.com/originals/d7/56/2c/d7562c4f9bee1b6a42bc32f6351c9476.png,1024,1526,0,2026-08-26
2026-09-03,vestido midi,69524387998086208,11,485,0,Linen Midi Dress With Block Heels - 35 Summer Garden Party Outfit Ideas to Try Now - Sew Mama Sew,sewmamasew.com,https://www.sewmamasew.com/35-summer-garden-party-outfit-ideas/,https://i.pinimg.com/originals/88/e9/6e/88e96ebf797661acf243c050e8342268.jpg,1080,1920,0,2026-06-20
2026-09-03,vestido midi,1102748658790668461,12,550,0,,,,https://i.pinimg.com/originals/06/ed/b7/06edb798993bedeb285db0c8d26dc338.png,1023,1537,0,2026-06-20
2026-09-03,vestido midi,9499849211193562,13,1085,0,Vestido rosa midi,onelink.shein.com,https://onelink.shein.com/46/5ya4wwdi1wdm?ismg_ol=776ca081178d4829965bca47ccab00b3d427b0f87791bc4c0e6f4676b37ab8f3_01_KOC-C,https://i.pinimg.com/originals/cd/49/07/cd490738441f6def4fa8d2992b2a56b6.jpg,1080,1920,0,2026-08-23
2026-09-03,vestido midi,74239093854378435,14,166,0,,,,https://i.pinimg.com/originals/8e/96/a0/8e96a0f6c50e012cb4ad2418426cb710.png,1023,1537,0,2026-08-03
2026-09-03,vestido midi,390335492727512634,15,71,0,vestido elegante para festa midi,onelink.shein.com,https://onelink.shein.com/44/5wqmuxbm8ia6,https://i.pinimg.com/originals/f3/63/d2/f363d2fb9667576717323bf0ed7cf2c9.png,941,1672,0,2026-08-17
2026-09-03,vestido midi,43487952650296625,16,54,0,Vestido de Bolinha da Shein,onelink.shein.com,https://onelink.shein.com/46/5y971v42u6vf?ismg_ol=c26bf38e28b2e028fdbdf06440e762ec3bbb038f6436f5f5c614880c472fcc05_01_KOC-C,https://i.pinimg.com/originals/72/1f/bb/721fbbbce893e56ea7698f390779bdc7.png,960,1638,0,2026-08-24
2026-09-03,vestido midi,706854104061848914,17,300,0,Vestido floral,,,https://i.pinimg.com/originals/7d/a6/67/7da6678d7be52f4b3d4c2d63026918da.jpg,1080,1920,0,2026-08-08
2026-09-03,vestido midi,14847873768272156,18,492,0,Rich Burgundy Ruched Midi Dress with Slit | Pari.Luxe Bold Elegant Look 2026,,,https://i.pinimg.com/originals/af/b2/13/afb213249e6ddb02c29b60d67189f4b8.png,1023,1537,0,2026-08-23
2026-09-03,vestido midi,11188699075692207,19,803,0,Mirror Selfie in a White Dress: Effortless Elegance,,,https://i.pinimg.com/originals/19/3a/3d/193a3d867a847b16a970afb08dbeb751.png,750,1332,0,2026-07-23
2026-09-03,vestido midi,706854104061832719,20,253,0,Vestido branco floral,onelink.shein.com,https://onelink.shein.com/46/5y6t00n6i910?ismg_ol=7103fe5816d541670fb44a4540424a45546374c0559921defa159aedcb6b7bbc_01_KOC-C,https://i.pinimg.com/originals/db/d4/10/dbd4100c177f2f3ec245d00eb918c16f.jpg,1080,1920,0,2026-08-07
2026-09-03,vestido midi,5840674512462523,21,369,0,Vestido midi listrado azul e branco,onelink.shein.com,https://onelink.shein.com/46/5ya5j7f2wxng?ismg_ol=5804800c2aef51d9ce9ac0362075d49b979788a8605827cc9a11def7ac58dd98_01_KOC-C,https://i.pinimg.com/originals/6c/94/3c/6c943c65815b10dc3f0741a8af72d2e1.jpg,1080,1920,0,2026-08-18
2026-09-03,vestido midi,1086634216380724518,22,3,0,Vestido mídi elegante,onelink.shein.com,https://onelink.shein.com/47/5yo42tl49fwj,https://i.pinimg.com/originals/b5/cc/27/b5cc270caf5f02234d135790af338665.jpg,1080,1920,0,2026-08-12
2026-09-03,vestido midi,858217272783827278,23,556,0,Evelina Midi Dress,,,https://i.pinimg.com/originals/6a/b9/10/6ab910a46847ae262566aa8384a216a8.jpg,720,1080,0,2025-05-24
2026-09-03,vestido midi,5981412002760919,24,114,0,vestido midi elegante,onelink.shein.com,https://onelink.shein.com/44/5wqp75y4cuaq,https://i.pinimg.com/originals/27/54/f8/2754f82422e83f96f5a3edcddee25c3d.png,941,1672,0,2026-08-21
2026-09-03,vestido midi,468655904994418619,25,79,0,,bymayberry.com,https://www.bymayberry.com/cdn/shop/files/1c9d9388bc032b45522305c1851ba838.png?v=1759207010&width=1080,https://i.pinimg.com/originals/6e/b9/b8/6eb9b812f17ada4834ce4be31564170f.png,633,844,0,2026-03-13
2026-09-03,vestido midi,4598879020325436800,26,0,0,Vestido Midi elegante Festa Casamento Festa de aniversário Formal e Noturno,br.shein.com,https://br.shein.com/ark/default?scene=1&test=5051&ad_type=DPA&goods_id=530800117&pf=PINTEREST&link_type=link&url_from=PINADSDPA&ismg=0df99d3fb0249ab7dd8d34de0473ce0d3e1477b301fd7ce86e7958122616f8d3_01_1788370560,https://i.pinimg.com/originals/0b/3b/7b/0b3b7b3b8e9ca1608ace2368d9192399.jpg,1340,1785,0,2026-08-09
2026-09-03,vestido midi,4605423330188157312,27,478,0,35 Summer Outfits With Midi Dresses for Chic Warm Days,sewmamasew.com,https://www.sewmamasew.com/35-summer-outfits-with-midi-dresses/,https://i.pinimg.com/originals/bc/b6/a5/bcb6a544cb5b12f5aa0a82c331490b9a.jpg,720,1280,0,2026-05-15
2026-09-03,vestido midi,3377768469325983,28,1559,0,,,,https://i.pinimg.com/originals/15/5d/26/155d260c80d966cfd18f1f0311bd1a43.jpg,1080,1920,0,2026-08-12
2026-09-03,vestido midi,120400990034952639,29,438,0,Look Shein,onelink.shein.com,https://onelink.shein.com/41/5v1vs0kebrxp,https://i.pinimg.com/originals/32/e9/7f/32e97fcee8e5c032d262f71cc9add635.jpg,933,1659,0,2026-08-20
2026-09-03,vestido midi,100345897947542502,30,177,0,Yellow Floral Midi Dress with Slit – Cute Summer Outfit for Women | Casual Chic Spring outfit,,,https://i.pinimg.com/originals/64/85/3e/64853eea1979ec894cb7fbbfd0c27004.jpg,1200,1800,0,2026-07-21
2026-09-03,vestido midi,1107955945854052214,31,2950,0,🤌🥰,,,https://i.pinimg.com/originals/4a/fa/d4/4afad424bffe92ab381fd9554e48b565.jpg,736,1104,0,2026-03-30
2026-09-03,vestido midi,273453008620620874,32,431,0,Dreamy Floral Dress Outfit Inspiration | Soft Girl Summer Look✨🌸,,,https://i.pinimg.com/originals/f6/29/90/f6299019e8f74a8273e0e3c707473df1.png,1023,1537,0,2026-08-25
2026-09-03,vestido midi,210472982582847009,33,225,0,Vestido longo branco,onelink.shein.com,https://onelink.shein.com/46/5y6tsokcey2v?ismg_ol=27ef800c5250d4565e1509f66b7708df5e5c008521744a3e16657f53da9b24eb_01_KOC-C,https://i.pinimg.com/originals/32/c3/fd/32c3fda411b4a8b7a6119760ca735abe.jpg,1080,1920,0,2026-08-18
2026-09-03,vestido midi,74661306319049648,34,134,0,30 Bridal Shower Outfit Ideas for Women: Chic Guest Looks,sewmamasew.com,https://www.sewmamasew.com/30-bridal-shower-outfit-ideas-for-women/,https://i.pinimg.com/originals/4f/a6/b6/4fa6b6a7e7e15bcab5ea6aaeb4354550.jpg,720,1280,0,2026-08-23
2026-09-03,vestido midi,180355160075062492,35,29,0,"Flowing Skirt, Feminine Style: Effortless Chic",,,https://i.pinimg.com/originals/86/09/f7/8609f7a3d4aec10a72d8102442c0b483.png,1024,1536,0,2026-08-22
2026-09-03,vestido midi,9429480467821454,36,1442,0,Vestido elegante ✨,onelink.shein.com,https://onelink.shein.com/42/5vpmu9mqwapa,https://i.pinimg.com/originals/30/b7/33/30b73381d1f72c3612ccd5848cbe5ae1.jpg,1080,1920,0,2026-08-09
2026-09-03,vestido midi,1085437947695744463,37,6098,0,Timeless Elegance: A Sophisticated Summer Wedding Guest Dress for 2025,daimnevizu.ru,https://daimnevizu.ru/summer-wedding-guest-dress-trends-2025-stylish-picks-for-every-celebration/,https://i.pinimg.com/originals/54/ae/74/54ae74baf3ab573f6368d7f35ea1af39.jpg,737,1313,0,2025-04-18
2026-09-03,vestido midi,1020346859358998851,38,5,0,🌷Look Elegante com Vestido Midi ✨️,onelink.shein.com,https://onelink.shein.com/47/5yrphv9e1qvy,https://i.pinimg.com/originals/55/7d/d5/557dd50c835c9514a711cea1a276627e.jpg,1200,2133,0,2026-08-22
2026-09-03,vestido midi,2744449770253143,39,2747,0,,,,https://i.pinimg.com/originals/68/91/40/689140af89f50a93d8770aa081d13c9f.jpg,605,1090,0,2026-07-10
2026-09-03,vestido midi,105693922501084412,40,141,0,Toile de Jouy Dreams 🌹,,,https://i.pinimg.com/originals/e3/67/42/e367421e5d5254f46d8c292d94a7927f.jpg,704,1252,0,2026-07-15
2026-09-03,vestido midi,1548181186896051,41,1387,0,,,,https://i.pinimg.com/originals/93/fb/2b/93fb2bc91c1edfe22df64fe70c15e490.png,782,1376,0,2026-07-11
2026-09-03,vestido midi,4605071485190627712,42,261,0,35 Stunning Ways: How to Style Midi Dress for Any Event,sewmamasew.com,https://www.sewmamasew.com/35-how-to-style-midi-dress/,https://i.pinimg.com/originals/5c/52/0d/5c520d35f7348bf42708c3f1233ef589.jpg,720,1280,0,2026-05-16
2026-09-03,vestido midi,1139199668285044796,43,7,0,Vestido Midi Elegante com Estampa Floral e Alças Finas.,onelink.shein.com,https://onelink.shein.com/47/5yoaqrqfc977,https://i.pinimg.com/originals/78/e6/6f/78e66fb32b26db6977348ca0572a89e0.jpg,1080,1920,0,2026-08-12
2026-09-03,vestido midi,47428602326272161,44,111,0,"Vestido Midi Romântico com Estampa Floral, Decote Quadrado e Mangas Curtas.",onelink.shein.com,https://onelink.shein.com/45/5x759t3lfvvr,https://i.pinimg.com/originals/87/9b/5d/879b5dcb3af90ecfe8ff4d28ef83cab3.jpg,1080,1920,0,2026-08-13
2026-09-03,vestido midi,26247610324882911,45,186,0,25 Wedding Guest Outfit Ideas Pear Shape:...,sewmamasew.com,https://www.sewmamasew.com/25-wedding-guest-outfit-ideas-pear-shape/,https://i.pinimg.com/originals/39/66/32/39663287b9b9a04c42958291ae4644c2.jpg,720,1279,0,2026-08-25
2026-09-03,vestido midi,349451252360415126,47,927,0,35 Courthouse Wedding Outfits for a Chic Ceremony,sewmamasew.com,https://www.sewmamasew.com/35-courthouse-wedding-outfits/,https://i.pinimg.com/originals/c8/1f/d6/c81fd633265c200b359b8bdc5ce2f252.jpg,720,1280,0,2026-06-15
2026-09-03,vestido midi,AeqX5970Fpnh9hBpC5dVxwSWq_qmV6hPS9VmAlwJySbkGcDJHg2WHcr-ZdXt6rTWx7qgI8psqGean80z-SL0rpY,51,276,0,Amazon Summer Dress,amzlink.to,https://amzlink.to/az00G2430IHpi,https://i.pinimg.com/originals/1a/17/b6/1a17b6b5055bb4c2fdca0ef1cb47e6ba.png,1000,1500,0,2026-04-12
2026-09-03,vestido midi,4608871397023267200,52,155,0,35 Midi Dress Outfit Ideas for Women to Try Now,sewmamasew.com,https://www.sewmamasew.com/35-midi-dress-outfit-ideas-for-women/,https://i.pinimg.com/originals/d0/75/91/d075911bebc12d039e529d1020d4a674.jpg,720,1280,0,2026-05-16
2026-09-03,vestido midi,Aexe8EJjkd05SDGqlgJzJZ89lOMWYTOBHW94eEWRkdJW4WVHobORg15PHsj4YPtH-hmAaftfuA_NNo_V5nx_tYg,53,16,0,20TH ANNIVERSARY SALE! –,barbaradever.com,https://barbaradever.com/products/ciel-ruffled-sleeve-ruched-slit-midi-dress?variant=57154253783415&utm_source=multifeeds&utm_medium=organic&utm_campaign=WOMENS%20DRESSES&utm_content=Ciel%20%7C%20Ruffled%20Sleeve%20Ruched%20Slit%20Midi%20Dress,https://i.pinimg.com/originals/ca/4c/3d/ca4c3d3740468bf4aabb8f25c9994034.jpg,720,1080,0,2026-06-08
2026-09-03,vestido midi,422281212799682,54,1543,0,!! Follow for more !! Elegant Dark Blue Midi Dress Outfit | Minimal Chic Aesthetic Look,,,https://i.pinimg.com/originals/65/0d/9b/650d9ba1501652151547957af67477a4.png,1086,1448,0,2026-05-30
2026-09-03,vestido midi,AbRkr4v5CHzWxicj4w8BabePG1awWviji5PdcHRCzJtCvF7tENoR6W8eg8L5G2lmIA2VGFUafyc85SUMK_yttEw,55,5,0,Effortless Amazon Summer,amzlink.to,https://amzlink.to/az0Mcf6gEKfKn,https://i.pinimg.com/originals/9d/23/56/9d2356adb4e27f822e4fddd226c53ba1.png,1000,1500,0,2026-07-28
2026-09-03,vestido midi,AcE0QQRsoOHA4OpLMsf6NmchSWEoKF9DdeuVFhhlKbMsDh-AAoapNXW2x_3JPeHC-oPx2mEIuiDJSLE8jTNul3Y,56,41,0,The crossed bodice that,clarendale.co,https://clarendale.co/products/vellora-ruched-sweetheart-midi-dress-with-pockets,https://i.pinimg.com/originals/eb/8d/4b/eb8d4b7172dc0186d377319a30a05354.jpg,1080,1920,1,2026-07-23
2026-09-03,vestido midi,AcgI6FFpaV5_OkWPHwKmDx4pkUcaTWiL-6fdUt0X9GyqkBLu2546F53KwUTjgWpmebxUGjO4QRRaXS6E32nR2K4,57,377,0,Amazon Best Selling Work,amzlink.to,https://amzlink.to/az01DsflD7qH0,https://i.pinimg.com/originals/cd/7b/f9/cd7bf9f6e4ce971a15874103fe14c120.png,2000,3000,0,2026-05-05
2026-09-03,vestido midi,1618549862999407,58,1137,0,Dusty-Pink Backless Puff Sleeve Midi Dress - ELAGIA,l8r.it,https://l8r.it/rDxZ,https://i.pinimg.com/originals/3f/b8/9b/3fb89b448f19294e49d13bbd7aaa15f4.jpg,1281,1920,0,2024-06-18
2026-09-03,vestido midi,AVzHAuee1uFXmxqegSc5oz1UNfZ56H-xG31MgEaKOK8cRZRH9iZv1pk8jDM-DuHjUlGdXZjvNOFvdlPyA5z136g,59,586,0,Strapless Mulberry Draped,pollyboutique.com,https://pollyboutique.com/products/strapless-mulberry-draped-corset-short-dress?variant=54025928016182,https://i.pinimg.com/originals/11/ba/ee/11baee7a5a8af1ef6bd3ed993cc3ee7c.jpg,736,1104,0,2026-07-15
2026-09-03,vestido midi,1077134435882196372,60,1265,0,The Floral Midi Dress,livefullie.com,https://livefullie.com/2025/04/19/what-to-wear-to-a-summer-wedding-guest-dresses-that-wow-without-upstaging/,https://i.pinimg.com/originals/15/63/bf/1563bfe595ed8b0bd7511a9e8322a896.webp,704,1024,0,2025-05-03
2026-09-03,vestido midi,Ad5uJw8v5ps1-_9hvD4Jm-BP3VKsmTh6oU8a1T8JgSvpOYwXJypvJW71Y23dvE4emOqsz_z9WSvGvhv1XXFNEMY,61,3,0,BABYBOO NEEKA MAXI DRESS,babyboofashion.com,https://www.babyboofashion.com/collections/babyboo-resort/products/neeka-maxi-dress-beige?utm_source=pinterest&utm_medium=organic&utm_campaign=neekamaxidressbeige,https://i.pinimg.com/originals/be/a6/16/bea616e6b58ea5d6eb09b3058b8c992b.jpg,2668,4000,0,2026-08-10
2026-09-03,vestido midi,AU4M-I4D7PwxPICrUQQDNQScr_GKh4mCYTT6_E6vN6uOgZ2X7TF25ldSbsmz_rRNXUhTBf-_YS44pvyOPf9BaLE,62,233,0,A Gown Designed to,essensedesigns.com,https://www.essensedesigns.com/martina-liana/wedding-dresses/ml2040/?utm_source=pinterest.com&utm_medium=cpc&utm_campaign=martina%20liana_us_bau&utm_term=martinaliana_july26&utm_content=details_v2,https://i.pinimg.com/originals/e3/0a/73/e30a73eaf1a44383a79e879750335aa0.jpg,4672,6229,0,2026-08-04
2026-09-03,vestido midi,AenTUHhXBFIjqRN0JE2XWP6vRup2DHnLWd6jPtqO_oZxLXgQBylrramlZPDOFzh76cn4oE8HySR2n23Swj1SM2k,63,256,0,Burnt Orange Bridesmaid,chicsew.com,https://chicsew.com/,https://i.pinimg.com/originals/da/c2/96/dac296781c0779c941f7e5476b906a2a.png,1080,1920,0,2023-02-10
2026-09-03,vestido midi,6755468186594440,64,1222,0,Vestido verde limão,,,https://i.pinimg.com/originals/e3/d6/0d/e3d60d9ce388d323c9ab7a873e46e41a.jpg,1080,1920,0,2026-05-08
2026-09-03,vestido midi,ATq_OQ8oOxuDURQ_dCWB0H30A1gQhRxrhtP_erMgthx7z1IA0CxXKOg4jAew8-NY6GMmtnGK6prTLtEamBppP8s,65,1,0,Dress Like You're Already,petalandpup.com,https://petalandpup.com/collections/vacation-collection,https://i.pinimg.com/originals/79/a9/c8/79a9c82854ab95e2c78f07484c4a01bd.jpg,3024,4032,0,2026-07-22
2026-09-03,vestido midi,316448311347359151,66,258,0,10 Rehearsal Dinner Outfits for the Chic Bride That Steal the Spotlight - deemvibes.com,deemvibes.com,https://deemvibes.com/10-rehearsal-dinner-outfits-for-the-chic-bride-that-steal-the-spotlight/,https://i.pinimg.com/originals/dd/5d/87/dd5d870032dfe2f31e71bcea916f2150.webp,1440,2560,0,2026-03-03
2026-09-03,vestido midi,1085437947694370297,67,1198,0,Elegant Floral Midi Dress for Spring Weddings in 2025,daimnevizu.ru,https://daimnevizu.ru/spring-wedding-guest-dresses-2025-stylish-trends-and-outfit-ideas-for-every-celebration/,https://i.pinimg.com/originals/7a/76/27/7a7627650d2f6f87f73cf9cfb6a341bf.jpg,737,1313,0,2025-03-19
2026-09-03,vestido midi,564427765823655666,68,5,0,Sunny Yellow Floral Midi Dress Outfit | Elegant Summer Vacation Style Inspiration,,,https://i.pinimg.com/originals/fb/e9/08/fbe9081e048f41b035ce4410c04505c0.png,784,1344,0,2026-07-31
2026-09-03,vestido midi,477592735507479726,69,146,0,Vestido de cetim ✨🤍,s.shopee.com.br,https://s.shopee.com.br/9fJxuymRCi?channel_type=pinterest,https://i.pinimg.com/originals/af/53/59/af53591363835bd38218ee411e33def8.jpg,1080,1920,0,2026-08-20
2026-09-03,vestido midi,1618549865348785,70,6635,0,Inspiração,,,https://i.pinimg.com/originals/3b/6d/94/3b6d94b0d6a7298c92c3691354ab9ca2.jpg,600,1200,0,2026-06-28
2026-09-03,vestido midi,19632948395364386,71,39,0,Classic Ivory Bow-Accent Pencil Skirt with Slit,,,https://i.pinimg.com/originals/87/30/e2/8730e212191f8f755aedf4656274af83.jpg,941,1672,0,2026-07-05
2026-09-03,vestido midi,AflgPwMnnv1t-LYAIOfJ0XGXygaQ2Ea4piPOHUnh7FJV1ZXYcBSnqTll6MZ_q9j4LAHISRiEf5pc6HD6Q-oHOqM,72,222,0,Back Lace-up Ruffle Hem,margovil.com,http://www.margovil.com/collections/daily-drops-back-lace-up-ruffle-hem-slit-floral-print-maxi-cami-dress,https://i.pinimg.com/originals/c3/7e/2f/c37e2fec912eb00f7d3b8e165741cbd0.jpg,607,1080,1,2026-03-13
2026-09-03,vestido midi,69524387998096342,73,195,0,Black Midi Dress with Strappy Heels - 20 Stylish 10 Year Reunion Outfit Ideas to Try - Sew Mama Sew,sewmamasew.com,https://www.sewmamasew.com/20-10-year-reunion-outfit-ideas/,https://i.pinimg.com/originals/6b/5b/7c/6b5b7cfd7028a3689d3c2222c7b2684c.jpg,941,1672,0,2026-06-24
2026-09-03,vestido midi,4598316064131312256,74,1294,0,30 Aesthetic Wedding Guest Outfits to Steal the...,sewmamasew.com,https://www.sewmamasew.com/30-wedding-guest-outfits-aesthetic/,https://i.pinimg.com/originals/32/36/85/3236856aa9d5f954fc3d24edb918bbd3.jpg,720,1440,0,2026-05-16
2026-09-03,vestido midi,4602327097330756480,75,187,0,20 Wedding Guest Outfit Ideas With Cape Sleeves For Modern Drama,sewmamasew.com,https://www.sewmamasew.com/20-wedding-guest-outfit-ideas-with-cape-sleeves/,https://i.pinimg.com/originals/39/89/5d/39895d90f21188150eaed4a79f43adb8.jpg,720,1280,0,2026-07-24
2026-09-03,saia longa fluida,961870432940750757,2,2628,0,Look com saia Compre aqui!👇🏼,onelink.shein.com,https://onelink.shein.com/44/5ws52eu26j4v,https://i.pinimg.com/originals/3d/73/b4/3d73b42ce82ca7a72f25a25d23e53224.jpg,1080,1920,0,2026-07-30
2026-09-03,saia longa fluida,21321798232480300,3,497,0,Old Money Long Skirt Outfits,,,https://i.pinimg.com/originals/81/83/5b/81835ba9bda7a65cfd156f21e70fe43a.jpg,870,1307,0,2026-07-23
2026-09-03,saia longa fluida,ARxpD-bX8mkKKKw6jxqo-wCoE1aHeaCpC17APbBMrcYw_tco3JAjl6SM6WRjS0qqBZq3_UAvcqGtEtfUB9Z48k0,4,2,0,Inspire Chic Women's A,walmart.com,https://www.walmart.com/ip/Allegra-K-Women-s-A-Line-Maxi-Skirt-High-Waist-Ruffle-Tiered-Belt-Lattice-Texture-Casual-Long-Skirts/13180517011?wmlspartner=wlpa&selectedSellerId=571,https://i.pinimg.com/originals/23/80/58/23805804d23bc2a56d96231a4d2d95da.jpg,301,450,0,2026-07-30
2026-09-03,saia longa fluida,7670261862839700,5,2750,0,,,,https://i.pinimg.com/originals/b1/51/38/b15138b8ec163ac00ee71f42ab190f8b.jpg,719,1278,0,2026-06-15
2026-09-03,saia longa fluida,ASL8I164mvakui0v5BtMi6KYL3k_0ooZeHUrbZXZuI3cp2ITTrhY0ZmYYgvGYzFZzvteETXcmQjUJ0i11sdRDIU,6,11,0,Women's Casual Vacation,us.shein.com,https://us.shein.com/ark/default?scene=1&test=5051&ad_type=DPA&goods_id=469362380&pf=PINTEREST&url_from=PINADSDPA&ismg=d516241aa5e114d8ae59096b8833cd06b937cafbc216fbf13bb51880f4cbf0da_01_1788368965,https://i.pinimg.com/originals/48/d1/87/48d18735255a6519446acbc10982ebdd.jpg,1065,1598,0,2026-05-22
2026-09-03,saia longa fluida,AdSWo8pZcIBZtJ6r6AhQYg3CxOO2q71iDvwMi2T03tYEYuybE1uZJAErMAWNeB6WI4D9pRXJFYZVPoqZgNsq7iA,7,7,0,Quince | Women's Maxi,quince.com,https://www.quince.com/women/100-washable-silk-maxi-skirt?color=wine-tasting-red&size=l&utm_source=pinterest&utm_medium=paid_social&utm_campaign=%7Bcampaign_name%7D&utm_adgroup=%20%7Badgroup_name%7D&utm_campaignid=%7Bcampaignid%7D&utm_adgroupid=%7Badgroupid%7D&utm_adid=%7Badid%7D&utm_creative=%20%7Bcreative_id%7D&utm_content=%7Badid%7D&utm_term=%7Badgroupid%7D&productid=%7Bproduct_id%7D,https://i.pinimg.com/originals/68/69/62/686962506a5f0d597d2b70b323acde82.jpg,1000,1500,0,2026-01-06
2026-09-03,saia longa fluida,2040762328731854,8,194,0,Saia looks,instagram.com,https://www.instagram.com/reel/DGN9YHGR1F8/?igsh=MW5mcTZtNXQ1b2Jsbg==,https://i.pinimg.com/originals/f9/77/3a/f9773a38257f1b8f50f6a338f01c39ed.jpg,679,1115,0,2025-08-23
2026-09-03,saia longa fluida,398990848258994738,9,1281,0,,,,https://i.pinimg.com/originals/9a/99/9f/9a999f1444724471bd7697ace4c31530.jpg,602,1284,0,2025-06-10
2026-09-03,saia longa fluida,AQ6LUIKkaBREddOWGUhd74jxMJzbEvtP6-v9M3Ghykhj-I3k6TwfiHJ2fZkwBRGJa-aEdUVaKYFLMyk_7Ey0C0Q,10,0,0,Casual Tube Top Maxi,dressbetty.com,https://dressbetty.com/products/db-casual-tube-top-maxi-skirt-set?variant=48921494683822,https://i.pinimg.com/originals/d7/51/42/d75142f76e7b632ee380d97b7f41bbe4.png,1024,1536,0,2026-08-22
2026-09-03,saia longa fluida,1829656095993690,11,2216,0,,,,https://i.pinimg.com/originals/00/0a/06/000a06295781fa4de08b08d58b375e46.jpg,579,1278,0,2026-08-18
2026-09-03,saia longa fluida,AQYy2598mKU3yfj5dRME0Wq3oMdC0Apzpj0z6ucDuyXPJ8JnBYebq5DUViyJsglo8nk66IFg2X-_KwlB4ax_Xbk,12,3,0,Women's Spring Summer,amazon.com,https://www.amazon.com/Womens-Evening-Reception-Holiday-Apricot/dp/B0CSSKQ545/ref=asc_df_B0CSSKQ545?hvdev=%7Bdevice%7D&hvcampaign=%7Bcampaignid%7D&hvadgroupid=%7Badgroupid%7D&hvprdptid=%7Bproduct_partition_id%7D&hvprdgrpid=%7Bpromoted_product_group_id%7D&hvcr=%7Bcreative_id%7D&hvadid=%7Badid%7D&hvprdid=%7Bproduct_id%7D&hvplc=%7Bplacement%7D&psc=1&tag=%7Bifnotmobile:ushpadpinde-20%7D%7Bifmobile:ush,https://i.pinimg.com/originals/72/f2/06/72f206af99fb6da2e75246aeae4bd447.jpg,1248,1824,0,2026-04-01
2026-09-03,saia longa fluida,AaFiGt7rkb4wSfd92ln5qXGuw80xl09_u90l3O7VnlyLHYkwlY6X2Be1byfKWqKPHVkuyEfw_8w0M8aEjyO_0iU,13,15,0,Scarlet Darkness Maxi,amazon.com,https://www.amazon.com/Scarlet-Darkness-Casual-Bohemian-Renaissance/dp/B0D5YZRX8H/ref=asc_df_B0D5YZRX8H?hvdev=%7Bdevice%7D&hvcampaign=%7Bcampaignid%7D&hvadgroupid=%7Badgroupid%7D&hvprdptid=%7Bproduct_partition_id%7D&hvprdgrpid=%7Bpromoted_product_group_id%7D&hvcr=%7Bcreative_id%7D&hvadid=%7Badid%7D&hvprdid=%7Bproduct_id%7D&hvplc=%7Bplacement%7D&psc=1&tag=%7Bifnotmobile:ushpadpinde-20%7D%7Bifmobile,https://i.pinimg.com/originals/d6/29/c1/d629c10a3e252b02a92d090379ecd500.jpg,1248,1824,0,2026-05-20
2026-09-03,saia longa fluida,AUXN3qbvjxzTjNOys7bWyjlaWDBByGUry_7aKCZAVA5PJpFFtLajNivhW_6KRvzJbFWeKix_MGWJvwtWhTR0vSg,14,4,0,Satin Maxi Skirt,www2.hm.com,https://www2.hm.com/en_us/productpage.1334576001.html?utm_source=pinterest&utm_medium=social,https://i.pinimg.com/originals/60/ea/cb/60eacb88f89d67b8c7ceba511a8ae915.jpg,2333,3500,0,2026-04-03
2026-09-03,saia longa fluida,793900240610362683,15,264,0,Saia de pó,onelink.shein.com,https://onelink.shein.com/40/5txraz9m6ma2,https://i.pinimg.com/originals/58/65/4e/58654eae53a58577eac0ff8d4c5061f3.jpg,1080,1920,0,2026-06-27
2026-09-03,saia longa fluida,351914158407929739,16,75,0,vacy look,,,https://i.pinimg.com/originals/76/4a/7b/764a7b28f6faef0cb7eb636037a6f9cb.jpg,1080,1920,0,2026-08-04
2026-09-03,saia longa fluida,373235887892866636,17,13,0,Elegant White Crop Top and Brown Ruffle Midi Skirt Outfit for Chic Summer Style,,,https://i.pinimg.com/originals/bd/eb/8a/bdeb8a3638878b40d7a2279452d62800.png,1023,1537,0,2026-07-12
2026-09-03,saia longa fluida,Ae_q7S93-lfqcZS676SUukFZJcpZwB4tvNQTs4D8dAACZ0icGBy4iVIsQHL2L25ct0mQNFLFxTynin1zcFLHNiU,18,24,0,Timormode Women Flowy,amazon.com,https://www.amazon.com/Timormode-Summer-Elastic-Chiffon-TMS8006/dp/B0F2H8DFLB/ref=asc_df_B0F2H8DFLB?hvdev=%7Bdevice%7D&hvcampaign=%7Bcampaignid%7D&hvadgroupid=%7Badgroupid%7D&hvprdptid=%7Bproduct_partition_id%7D&hvprdgrpid=%7Bpromoted_product_group_id%7D&hvcr=%7Bcreative_id%7D&hvadid=%7Badid%7D&hvprdid=%7Bproduct_id%7D&hvplc=%7Bplacement%7D&psc=1&tag=%7Bifnotmobile:ushpadpinde-20%7D%7Bifmobile:ush,https://i.pinimg.com/originals/7f/17/09/7f1709aca5d608dc63f89927ce639e71.jpg,1248,1824,0,2026-04-17
2026-09-03,saia longa fluida,AeFY2QbISTQvEuhwHJGEmXi3eUrip_82EmLm0ozGww_wQFppjANFmCPZKEZaipz5XIGltjzVjRanNhmCsxzRfDo,19,857,0,Amazon Vacation Pieces,amzlink.to,https://amzlink.to/az0pLC35b6FjT,https://i.pinimg.com/originals/33/da/2a/33da2a48e16a2100791617b8977b52d8.jpg,3125,4688,0,2026-02-06
2026-09-03,saia longa fluida,AfV8bVJLpFDnK1vntVj5Bzj2LZJ0qFkTewEXq_MxwwkLCi31k2CNYUW3LksP15KeYIdKMSPm6DHfTl6ruM-0oSQ,20,2,0,Outoshe Women's Satin,amazon.com,https://www.amazon.com/Outoshe-Womens-Waisted-Elasticized-Waistband/dp/B0DPMW6PY7/ref=asc_df_B0DPMW6PY7?hvdev=%7Bdevice%7D&hvcampaign=%7Bcampaignid%7D&hvadgroupid=%7Badgroupid%7D&hvprdptid=%7Bproduct_partition_id%7D&hvprdgrpid=%7Bpromoted_product_group_id%7D&hvcr=%7Bcreative_id%7D&hvadid=%7Badid%7D&hvprdid=%7Bproduct_id%7D&hvplc=%7Bplacement%7D&psc=1&tag=%7Bifnotmobile:ushpadpinde-20%7D%7Bifmobile,https://i.pinimg.com/originals/74/5a/21/745a214c648030936db433703098911e.jpg,1248,1824,0,2026-05-22
2026-09-03,saia longa fluida,3096293492109069,21,79,0,,,,https://i.pinimg.com/originals/9f/74/16/9f7416079eba707bffc3e421a135e7f5.jpg,557,1279,0,2026-08-26
2026-09-03,saia longa fluida,616641374026924393,22,5,0,Saia Longa Feminina Plissada Cintura Alta Moda Evangélica,meli.la,https://meli.la/2DH6cKr,https://i.pinimg.com/originals/10/2f/b2/102fb2516919ccffe98d38e088502a86.png,768,1365,0,2026-08-07
2026-09-03,saia longa fluida,AUO15hIJEuCVjvvGw7hurV59lT8E0i55OKLo63iiiwKo2XMa_nP2k7A7z00EG2NtFWbjhfk6W0bgLqy4OGpxAVo,23,0,0,Temu | Women's Burgundy,temu.com,https://www.temu.com/ul/kuiper/un3.html?subj=dpa-un&_bg_fs=1&_p_jump_id=1082&_x_vst_scene=adg&goods_id=606309994847842&adg_ctx=a-7d6a75f3~c-e550372c&_p_rfs=1&_x_ads_channel=pinterest&_x_ads_creative_id=%7Bproduct_partition_id%7D&_x_ads_id=%7Badgroupid%7D&_x_ads_set=%7Bcampaignid%7D&_x_ads_sub_channel=shopping&_x_ns_catalog_id=1567707391772&_x_ns_creative=%7Badid%7D&_x_ns_gid=606309994847842&_x_ns_,https://i.pinimg.com/originals/c9/bb/a2/c9bba2a79f92ca83b8769fa519ab7459.jpg,2000,2000,0,2026-08-09
2026-09-03,saia longa fluida,Adf9O3vxevLCzzoswUmi_S1079Rsbzj9E0VWlP1h6r5KV6IUgbiNlwfK0YeCco2tokVIVKO3yFkKj6yF5lLfogU,24,0,0,DERAX Women's Boho Flowy,amazon.com,https://www.amazon.com/DERAX-Womens-Elegant-Elastic-Waisted/dp/B0FJQH558Y/ref=asc_df_B0FJQH558Y?hvdev=%7Bdevice%7D&hvcampaign=%7Bcampaignid%7D&hvadgroupid=%7Badgroupid%7D&hvprdptid=%7Bproduct_partition_id%7D&hvprdgrpid=%7Bpromoted_product_group_id%7D&hvcr=%7Bcreative_id%7D&hvadid=%7Badid%7D&hvprdid=%7Bproduct_id%7D&hvplc=%7Bplacement%7D&psc=1&tag=%7Bifnotmobile:ushpadpinde-20%7D%7Bifmobile:ushpadp,https://i.pinimg.com/originals/0f/d0/2c/0fd02cdebcb4517832dd4bb574518f81.jpg,1773,2364,0,2026-08-17
2026-09-03,saia longa fluida,1126181450611447043,25,1153,0,Coastal White Skirt Summer Style,,,https://i.pinimg.com/originals/db/27/56/db27561d1ce3d2f10c05828d2977401c.jpg,473,844,0,2026-03-01
2026-09-03,saia longa fluida,4362930885074995,26,319,0,casual outfit,,,https://i.pinimg.com/originals/97/aa/06/97aa0697606e6c6b8717235e931e2a35.png,1023,1537,0,2026-07-22
2026-09-03,saia longa fluida,AbtYn5RI4SdULIvP026vI2NHVopLaHGeXoMj3Hg386kJENCx07GPjB15-zt4sgJISu972dR2HZml-kUmMDJkY1o,27,1,0,Xuani Maxi Skirt for,amazon.com,https://www.amazon.com/Xuani-Skirts-Ruffle-Elastic-Elegant/dp/B0F2T3VSV9/ref=asc_df_B0F2T3VSV9?hvdev=%7Bdevice%7D&hvcampaign=%7Bcampaignid%7D&hvadgroupid=%7Badgroupid%7D&hvprdptid=%7Bproduct_partition_id%7D&hvprdgrpid=%7Bpromoted_product_group_id%7D&hvcr=%7Bcreative_id%7D&hvadid=%7Badid%7D&hvprdid=%7Bproduct_id%7D&hvplc=%7Bplacement%7D&psc=1&tag=%7Bifnotmobile:ushpadpinde-20%7D%7Bifmobile:ushpadpi,https://i.pinimg.com/originals/34/0c/64/340c647784862e60e3fcb62fcb9ea216.jpg,1340,1785,0,2026-07-19
2026-09-03,saia longa fluida,AUPaTi6T8zlU21X2E9h07bLu2ysoRTJ4kKtdkS58tgG9uijjNkw5FsjYiKsmXGvOWtF7LTGFuw8nnGtUz0K_Bj8,28,6,0,Saira Maxi Skirt - Olive,biomaroil.com,https://www.biomaroil.com/products/saira-maxi-skirt-olive?variant=54998939500916,https://i.pinimg.com/originals/fa/05/65/fa0565e4cd70f46f4afce1e0d6c1d9a2.jpg,3262,5000,0,2026-07-24
2026-09-03,saia longa fluida,855332154282224284,29,10,0,Saia Longa Listrada SHEIN | Look Elegante 🤎,,,https://i.pinimg.com/originals/75/73/bc/7573bc730884a99149710101992caef9.jpg,960,1280,0,2026-08-14
2026-09-03,saia longa fluida,4602678908216307584,30,0,0,Saia Longa Babados Plissada Feminina Moda Chic Casual,br.shein.com,https://br.shein.com/ark/default?scene=1&test=5051&ad_type=DPA&goods_id=533379443&pf=PINTEREST&link_type=link&url_from=PINADSDPA&ismg=9577f9908eeabc51db99d99acc9c8e75bc10ebadd7e876f40c68140c2fd6c0f4_01_1788371009,https://i.pinimg.com/originals/d7/36/c6/d736c6fd494b6c3a28668464efcd4968.jpg,1340,1785,0,2026-08-18
2026-09-03,saia longa fluida,485333297370994075,31,732,0,,,,https://i.pinimg.com/originals/76/77/c1/7677c174cde1f04ced3844158a8fc7d0.jpg,591,884,0,2026-05-03
2026-09-03,saia longa fluida,AVg-4QFSO5miJM2EnawiTaw4bbxBjqTb1_gzL0Pjv3LW0OeSUFiI-lDgF3AJeXnoeVxlC6-1xVmsrEPLvP0D7NY,32,25,0,ElayuBeimu Women's Maxi,amazon.com,https://www.amazon.com/ElayuBeimu-Womens-Skirt-Casual-Elastic/dp/B0DSTSTHYF/ref=asc_df_B0DSTSTHYF?hvdev=%7Bdevice%7D&hvcampaign=%7Bcampaignid%7D&hvadgroupid=%7Badgroupid%7D&hvprdptid=%7Bproduct_partition_id%7D&hvprdgrpid=%7Bpromoted_product_group_id%7D&hvcr=%7Bcreative_id%7D&hvadid=%7Badid%7D&hvprdid=%7Bproduct_id%7D&hvplc=%7Bplacement%7D&psc=1&tag=%7Bifnotmobile:ushpadpinde-20%7D%7Bifmobile:ushpa,https://i.pinimg.com/originals/ed/cc/30/edcc304f5a44ea671630062295271be2.jpg,922,1383,0,2026-04-07
2026-09-03,saia longa fluida,ASNkObkOmlVPzg_QwYzdUn5k6yjWOsW30cbSUec24DIxY-1Be3mmjH1gt4JRkQ4kBskyTl6EfqZsJp3KW5rEKEY,33,0,0,Skyla Maxi Skirt Cream -,blushmuses.com,https://blushmuses.com/products/skyla-maxi-skirt-cream-16394?variant=49063087046912,https://i.pinimg.com/originals/bc/40/fc/bc40fcdb75056c8959fcb3d71e3c55e5.jpg,1066,1600,0,2026-07-25
2026-09-03,saia longa fluida,1132796112550432537,34,154,0,Cute dress,,,https://i.pinimg.com/originals/59/a7/e8/59a7e891b7fe2b46e49bdb066d3b4b1b.jpg,736,1104,0,2026-05-31
2026-09-03,saia longa fluida,1087056428843674457,35,80,0,conjunto feminino elegante,onelink.shein.com,https://onelink.shein.com/44/5wv9k1tokqos,https://i.pinimg.com/originals/27/3d/20/273d207570f8f2ec686675557ce96eed.png,941,1672,0,2026-07-25
2026-09-03,saia longa fluida,528469337521216168,36,9,0,,,,https://i.pinimg.com/originals/05/20/ea/0520eaadedb2f8918c45915f1eff4104.jpg,564,1150,0,2018-07-30
2026-09-03,saia longa fluida,AfyfOi-0yDAgitvtToWqlH2rlGehDc9_XZlU4tuYL5esbu3w2kvFfGd-uYuAnr98onN4lH8_n9-ZNtoz8UmQqsc,37,1,0,Lepunuo Womens Casual,amazon.com,https://www.amazon.com/Lepunuo-Elastic-Waisted-Maxi-Skirts/dp/B0DN6KX568/ref=asc_df_B0DN6KX568?hvdev=%7Bdevice%7D&hvcampaign=%7Bcampaignid%7D&hvadgroupid=%7Badgroupid%7D&hvprdptid=%7Bproduct_partition_id%7D&hvprdgrpid=%7Bpromoted_product_group_id%7D&hvcr=%7Bcreative_id%7D&hvadid=%7Badid%7D&hvprdid=%7Bproduct_id%7D&hvplc=%7Bplacement%7D&psc=1&tag=%7Bifnotmobile:ushpadpinde-20%7D%7Bifmobile:ushpadpi,https://i.pinimg.com/originals/9e/e1/74/9ee1740b19a00273c65c3ad64213f52b.jpg,965,1448,0,2026-01-23
2026-09-03,saia longa fluida,1143703267898949657,38,16,0,Look Saia Branca Longa,onelink.shein.com,https://onelink.shein.com/46/5xy39g232823?ismg_ol=0ba4d571974fc1e4642fba9869bfc3a3b8c9b1a8dfb6fafa7c10fdf1f22e0f50_01_KOC-C,https://i.pinimg.com/originals/80/ee/09/80ee0980f78c20ef1f3abba276c1a206.jpg,736,1308,0,2026-08-06
2026-09-03,saia longa fluida,1141521836849687045,39,1,0,Lindo conjunto da SHEIN ✨💛🧡,onelink.shein.com,https://onelink.shein.com/43/5w4rclsnm6aw,https://i.pinimg.com/originals/9f/00/aa/9f00aa6e09942c7ea371f805089c15b7.jpg,900,1600,0,2026-07-18
2026-09-03,saia longa fluida,AddtS-lpTHs1peywLkUqxDAK3UXDwIM6NlC6hvZLaDCTRwkM2n-xGuRsSNi78v5iKR8xi5tKrjT0JkQuc3shZ7Y,40,2,0,Arolina Women's Summer,amazon.com,https://www.amazon.com/Arolina-Womens-Skirts-Spring-Waisted/dp/B0F9Y2BNHV/ref=asc_df_B0F9Y2BNHV?hvdev=%7Bdevice%7D&hvcampaign=%7Bcampaignid%7D&hvadgroupid=%7Badgroupid%7D&hvprdptid=%7Bproduct_partition_id%7D&hvprdgrpid=%7Bpromoted_product_group_id%7D&hvcr=%7Bcreative_id%7D&hvadid=%7Badid%7D&hvprdid=%7Bproduct_id%7D&hvplc=%7Bplacement%7D&psc=1&tag=%7Bifnotmobile:ushpadpinde-20%7D%7Bifmobile:ushpadp,https://i.pinimg.com/originals/55/46/66/554666b89123869e08f233e2d39ccfef.jpg,1248,1824,0,2026-03-20
2026-09-03,saia longa fluida,1052505375439689419,41,1,0,"Saia Longa Plissada de Chiffon Cintura Alta Vintage Feminina, Saia Longa Fluida Azul Suave em Linha A para Resort, Uso Diário Elegante & Estilo de Volta às Aulas",onelink.shein.com,https://onelink.shein.com/48/5za1vephmpnv?ismg_ol=Br6t1XJZZbJ_01_KOC-C,https://i.pinimg.com/originals/4e/00/b1/4e00b119483507976257734309e07107.jpg,1086,1448,0,2026-08-18
2026-09-03,saia longa fluida,AX87dLOIEFJi90c4deGuV9I7JueRearcPTMFNjgkzrA9vYG_xnts3hd0TNbvrpl3yWstsH6t0ejm2x6wnXFd9pc,42,0,0,The Golden Cocoon,lilysilk.com,https://www.lilysilk.com/us/golden-cocoon-amaranth-skirt.html,https://i.pinimg.com/originals/94/aa/7e/94aa7ef765997b26fdc1194f843e4fb7.jpg,355,532,0,2026-08-04
2026-09-03,saia longa fluida,4609997288466304896,43,10,0,25 Chic Pleated Skirt Outfit Ideas for Effortless...,sewmamasew.com,https://www.sewmamasew.com/25-chic-pleated-skirt-outfit-ideas/,https://i.pinimg.com/originals/13/8a/d2/138ad2abf42762e626d59c564da0a302.jpg,720,1280,0,2026-07-24
2026-09-03,saia longa fluida,325596248086601824,44,23,0,25 Eid Outfit Ideas for Women 2026: Elegant Modest...,sewmamasew.com,https://www.sewmamasew.com/25-eid-outfit-ideas-for-women-2026/,https://i.pinimg.com/originals/41/e6/1e/41e61ef390246447c055d8009296a82b.jpg,720,1279,0,2026-08-14
2026-09-03,saia longa fluida,937030266217321919,45,1266,0,,,,https://i.pinimg.com/originals/02/f2/c0/02f2c002fe7ddc211ebe2f6780ec3e52.jpg,565,814,0,2024-10-24
2026-09-03,saia longa fluida,914862422432412,46,604,0,,,,https://i.pinimg.com/originals/c3/59/96/c3599613b3a54cc650fb8d037ab633a4.jpg,1080,1920,0,2026-08-05
2026-09-03,saia longa fluida,ATbUKLROhe65U6evpyqb4W-4Get8FedV2gpNa2bbl4A6d7nZZ-etO3rSAWgephGETxyGvqhWb8UAYpLRoaHv2Os,47,5,0,SCARLET DARKNESS Long,amazon.com,https://www.amazon.com/Scarlet-Darkness-Ruffled-Victorian-Chiffon/dp/B0FCXSJM77/ref=asc_df_B0FCXSJM77?hvdev=%7Bdevice%7D&hvcampaign=%7Bcampaignid%7D&hvadgroupid=%7Badgroupid%7D&hvprdptid=%7Bproduct_partition_id%7D&hvprdgrpid=%7Bpromoted_product_group_id%7D&hvcr=%7Bcreative_id%7D&hvadid=%7Badid%7D&hvprdid=%7Bproduct_id%7D&hvplc=%7Bplacement%7D&psc=1&tag=%7Bifnotmobile:ushpadpinde-20%7D%7Bifmobile:u,https://i.pinimg.com/originals/f3/12/ce/f312ce9c90b2604768547a12ef8a6996.jpg,1248,1824,0,2026-05-22
2026-09-03,saia longa fluida,28710516371380461,48,583,0,,,,https://i.pinimg.com/originals/fc/e4/62/fce4621429aa6a4c4cb33b453886b60d.jpg,1080,1920,0,2026-07-15
2026-09-03,saia longa fluida,AeRcbGUIBYLbKGEShqC91scdzDX0at8z0FbM-D6A1957C7X26FT2yDZUEsKyYNlW6Lzbcf5etIPtTyGjKxRHLiE,51,0,0,EARO Women High Waist,us.shein.com,https://us.shein.com/ark/default?scene=1&test=5051&ad_type=DPA&goods_id=388694575&pf=PINTEREST&url_from=PINADSDPA&ismg=dea9291b9a52d69e751ebc7288bb289fc00a8c04a6880252cdae7328e3a11c2b_01_1788368953,https://i.pinimg.com/originals/cf/2e/e0/cf2ee0782d1701f4e63a3cae193206aa.jpg,1340,1785,0,2026-08-20
2026-09-03,saia longa fluida,Ab8T80FgCfddR8TJkWK0zx_oQH0cT1aTnpp3rob3bpwtvNOzLeGdPc8RNKqM3_BId0Th-mWQtFqyF64DBYfJh00,52,19,0,Barcelona through a softer lens. @cristinahudacov wearing the Mio Sheer Balloon Pants and Peri Shirt. Shot by @zoefarah.jpg,instagram.com,https://www.instagram.com/p/DYHoBkmjLSL/,https://i.pinimg.com/originals/29/90/f9/2990f9bf74dd32c7654b152d454a413b.jpg,2021,2526,0,2026-05-09
2026-09-03,saia longa fluida,101049585387049271,53,12199,0,,,,https://i.pinimg.com/originals/01/4d/96/014d964c1801bed88d4ac42d09fd244f.jpg,750,1125,0,2025-01-07
2026-09-03,saia longa fluida,6614730698130655,54,10451,0,,,,https://i.pinimg.com/originals/7a/9c/e5/7a9ce51287c5b118f0b14569c22361a9.jpg,599,960,0,2025-01-22
2026-09-03,saia longa fluida,ATfCgDDtdyRpy5w2r6cTbz7uNxQ82pl-hi7TshVM6cDYUi20rSyyeYeAgz5DlY_O9hEreB4e0xit8YECAVcdV88,55,5,0,The ultimate summer work,vestiairecollective.com,http://vestiairecollective.com/,https://i.pinimg.com/originals/3c/80/b3/3c80b3151fbba0338c485079c802d900.png,1000,1500,0,2026-08-10
2026-09-03,saia longa fluida,1124562969482147319,56,21,0,Spring-boho themed outfit,,,https://i.pinimg.com/originals/82/18/9f/82189fde767f9764002226967b0c8fcd.jpg,736,1104,0,2026-05-02
2026-09-03,saia longa fluida,422281212020996,57,2169,0,,,,https://i.pinimg.com/originals/4e/02/4b/4e024bfadba01dc1dd6782bbbb8eeb7d.jpg,1148,1609,0,2025-09-10
2026-09-03,saia longa fluida,751890100332934876,58,130,0,,,,https://i.pinimg.com/originals/72/9e/77/729e77ad64c3ff873414619e301c585b.jpg,940,1671,0,2026-04-12
2026-09-03,saia longa fluida,685743480805583224,59,21,0,"✨ LANÇAMENTO EM BREVE | Saia Viena Godê ✨ A definição perfeita de sofisticação atemporal. Nossa nova saia midi em alfaiataria premium foi criada para mulheres que amam elegância, movimento e presença ",instagram.com,https://www.instagram.com/p/DYmqVXpjpj0/,https://i.pinimg.com/originals/1a/5d/d1/1a5dd10952c335da200464c0f59761b5.jpg,1440,1440,0,2026-05-22
2026-09-03,saia longa fluida,1143844005378637590,60,833,0,Saia Longa 3 Marias ✨ Elegância e Movimento no Look,s.shopee.com.br,https://s.shopee.com.br/qgFVPzVKp?channel_type=pinterest,https://i.pinimg.com/originals/32/18/1e/32181e85c20926a38aa228e5db608ce7.png,1086,1448,0,2026-05-11
2026-09-03,saia longa fluida,328622104082925428,61,85,0,,,,https://i.pinimg.com/originals/41/01/04/41010440552401c826650dc7a07d6921.png,1023,1537,0,2026-08-09
2026-09-03,saia longa fluida,36028865764598775,62,162,0,Estilo Girlie: o charme do feminino com toques modernos,delirioscotidianos.com,https://www.delirioscotidianos.com/2024/10/estilo-girlie.html,https://i.pinimg.com/originals/2b/fc/94/2bfc94bb708085cd0b9d9171e605b5f4.jpg,564,732,0,2025-08-06
2026-09-03,saia longa fluida,1108096683345401199,63,3,0,Paris-Inspired Beige Maxi Skirt Outfit | Effortless Old Money Elegance,seraphinerowco.etsy.com,https://seraphinerowco.etsy.com/listing/4509086675/beige-flowy-maxi-skirt-modest-romantic-a,https://i.pinimg.com/originals/fb/7b/3f/fb7b3fcbeb4f36259a13ea8df8f8096f.png,1023,1537,0,2026-05-24
2026-09-03,saia longa fluida,4596205012020967040,64,0,0,"Saia Plissada com Zíper, Design Fluido em Linha A, em Chiffon Apricot e Amarelo Pálido, Elegante, Minimalista, Romântica, para Passeio, Praia, Uso Diário e Trabalho, Primavera/Verão",br.shein.com,https://br.shein.com/ark/default?scene=1&test=5051&ad_type=DPA&goods_id=475655126&pf=PINTEREST&link_type=link&url_from=PINADSDPA&ismg=33661c0a83636e67c99eb2a6045b9df6e0a91f133cf8d15e88c0adcba57aefd5_01_1788371058,https://i.pinimg.com/originals/19/30/bc/1930bc9e150aed61a9a1d2039e0c9275.jpg,1340,1785,0,2026-06-06
2026-09-03,saia longa fluida,589338301284497926,65,4,0,"Saia Longa Plissada de Cintura Alta, Férias Primavera/Verão",onelink.shein.com,https://onelink.shein.com/46/5yab3wu9d5x0?ismg_ol=5eb66e458701928121f8163da1093ea82727ff10219add2365055d12bfc674e5_01_KOC-C,https://i.pinimg.com/originals/2f/22/96/2f2296f4d34b4921e82c794d7ad5f0bc.png,1023,1537,0,2026-08-17
2026-09-03,saia longa fluida,1071927148825377169,67,2,0,https://onelink.shein.com/17/53q3af9gsf87,onelink.shein.com,https://onelink.shein.com/17/53q3af9gsf87,https://i.pinimg.com/originals/b2/f9/20/b2f9208dd591e743d9dc72e197fd0634.jpg,1340,1785,0,2025-10-11
2026-09-03,saia longa fluida,1064397693204075597,68,10336,0,,,,https://i.pinimg.com/originals/c7/1b/31/c71b317283a572580ac513fd39209690.jpg,1170,2181,0,2026-03-23
2026-09-03,saia longa fluida,749849406751706693,69,683,0,,,,https://i.pinimg.com/originals/a2/24/98/a224983e9a851a8ec13470257dc605a3.jpg,1200,1626,0,2026-04-26
2026-09-03,saia longa fluida,1097119159268814868,70,200,0,✨ Poá Manteiga & Chocolate: O Look Elegante Que Une Sofisticação e Feminilidade Atemporal,,,https://i.pinimg.com/originals/84/b7/5b/84b75b0b219629bd350243b7f53ca6ac.jpg,1168,1752,0,2026-05-31
2026-09-03,saia longa fluida,4608167652777836608,71,4,0,Saia Longa Rodada Casual Linho Cordão Praia Férias Feriado,br.shein.com,https://br.shein.com/ark/default?scene=1&test=5051&ad_type=DPA&goods_id=455242104&pf=PINTEREST&link_type=link&url_from=PINADSDPA&ismg=cd0c443229879af5ea05ff55a57265d2ea125d4ec258d49e0129e4db464277b3_01_1788371045,https://i.pinimg.com/originals/95/55/f3/9555f3006b6c3518719fc1674f7d91ee.jpg,1086,1448,0,2026-08-07
2026-09-03,saia longa fluida,1131599843905104564,72,1,0,Saia Longa Feminina,s.shopee.com.br,https://s.shopee.com.br/1gHs24RDVc?channel_type=pinterest,https://i.pinimg.com/originals/cd/0d/71/cd0d715cbb4fbdb4a2e2b87da7fc42a1.webp,1667,2000,0,2026-08-16
2026-09-03,saia longa fluida,826129125430007941,73,245,0,,,,https://i.pinimg.com/originals/dd/bb/02/ddbb0209efd1b5e2159b6c8bb24cd0f3.jpg,1080,1616,0,2024-03-08
2026-09-03,saia longa fluida,835980749620610707,74,45,0,"Saia com recorte godê, possui bolsos laterais e fechamento por botão e zíperComposição: 94% Poliéster 06% ElástanoAtenção cliente Cléa Store! Essa peça possui modelagem padrão, caimento soltinho ao co",cleastore.com.br,https://www.cleastore.com.br/produto/saia-em-alfaiataria-laura-1885,https://i.pinimg.com/originals/2c/4f/d9/2c4fd98e402ae5daf889cd2cd016c9ae.jpg,1920,3413,0,2025-05-20
2026-09-03,saia longa fluida,531565562291331417,75,19,0,Esse conjunto me conquistou🤎,onelink.shein.com,https://onelink.shein.com/41/5v7yl1pbimbi,https://i.pinimg.com/originals/51/15/07/511507603a6b244d511da0da6cf5ae2d.png,941,1672,0,2026-08-05
2026-09-03,tricot feminino,AYI5fHNjphmOICiWgH_NhgKHhj7EJS3xH489dOYlXByyL9EgY22yATcSkEah20-10pqyfLz3lUkNgCSQhImfWhk,2,2,0,Easy Fall Outfit Ideas,amzlink.to,https://amzlink.to/az0vrTK76heyf,https://i.pinimg.com/originals/74/b7/9c/74b79c566ca5e18ac6c0ac28e22465d1.jpg,1000,1500,0,2026-08-24
2026-09-03,tricot feminino,4598738244059177856,3,2,0,Casaco Feminino Tricot Cardigan Moda Inverno Manga Bufante Tricô CAGE,br.shein.com,https://br.shein.com/ark/default?scene=1&test=5051&ad_type=DPA&goods_id=425877240&pf=PINTEREST&link_type=link&url_from=PINADSDPA&ismg=a0a5c57d103b2a8557d1375e0d0f93b826edc91197373246451fd01aad0545ac_01_1788370547,https://i.pinimg.com/originals/68/08/cf/6808cf5fb679c833220917108f785d67.jpg,1080,1440,0,2026-08-15
2026-09-03,tricot feminino,AeNaRxqROJO0kyBBAJDz1exWL8i-zWMwW3EnCmrZtFMB6Fmhcxm5Wx4_xDf2Vaxn1vRZath4fjzi21lpTdcZVpA,4,351,0,Cozy Fall Outfit Ideas,amzlink.to,https://amzlink.to/az08UibolE3dL,https://i.pinimg.com/originals/4a/2a/12/4a2a12f22a5c1c696b8352094ad533af.png,1000,1500,0,2026-08-12
2026-09-03,tricot feminino,1092897034670495866,5,1346,0,Cozy Crochet Crop: Knitted Winter Wardrobe Essential,,,https://i.pinimg.com/originals/d2/f3/1f/d2f31f74d17aff524084a7e5478061bd.jpg,1024,1536,0,2026-01-30
2026-09-03,tricot feminino,Ad0qO8HgioPAoMBKBMOWkm-KKDEQbtMo7y5T9G90s68mQHSDAdHQqIMfakK2ULUaGT-t97YIIjsKbg_7s67CZbc,6,1,0,Women's Spring/Autumn,us.shein.com,https://us.shein.com/ark/default?scene=1&test=5051&ad_type=DPA&goods_id=319271373&pf=PINTEREST&url_from=PINADSDPA&ismg=7b26dfa8a94cc3040a45dce5a0925fec756bfe49f529686f64886abb0b5f3113_01_1788369143,https://i.pinimg.com/originals/34/4c/3a/344c3a010d496ff3fc8d2dd9020a5fd3.jpg,1065,1598,0,2026-07-10
2026-09-03,tricot feminino,ATQOqIvGhpbayhgZ0aiDrtdvxSp2oDf4wGCLLhsBXJxKMsNKCAwwGZXRJDtMptDZBxqEdnAz63u6C77YUGgQFug,7,1,0,Pom-Pom Heart Braid Hand,chicwish.com,https://www.chicwish.com/pom-pom-heart-braid-hand-knit-sweater-in-cream.html,https://i.pinimg.com/originals/36/77/46/367746686f0b644e1dcee4a932b01d8a.jpg,809,1200,0,2026-02-24
2026-09-03,tricot feminino,4592405116475966336,8,0,0,BLUSA FEMININA MANGA CURTA TRICOT TRICÔ MODAL ELEGANTE CASUAL RENDA TRIANGULAR,br.shein.com,https://br.shein.com/ark/default?scene=1&test=5051&ad_type=DPA&goods_id=536339318&pf=PINTEREST&link_type=link&url_from=PINADSDPA&ismg=cf903fd1f7b1cd21234d92f617980d35ba567e779035d25435581fdd72a56d92_01_1788370548,https://i.pinimg.com/originals/61/42/e9/6142e93e47dfc1ca4bd2214e54a42f71.jpg,1340,1785,0,2026-08-15
2026-09-03,tricot feminino,AewUxj-ZWsn9OsMf8SKNttGyFcPkOGMk-8TC85QrI3x2LMAMaD60gjKZ727esrhiWpufP55gHvgLgbCWUHxjMJE,9,0,0,Kiwi & Co Orla hand knit,asos.com,https://www.asos.com/us/kiwi-co/kiwi-co-orla-hand-knit-balloon-sleeve-cable-knit-mini-sweater-dress-in-mocha/prd/209188788?browseCountry=US&browseCurrency=USD,https://i.pinimg.com/originals/b0/dd/70/b0dd708c3a8d5d381992787a257ce983.jpg,1080,1620,0,2026-05-05
2026-09-03,tricot feminino,15058980001057068,10,197,0,Inspiração look de tricô,,,https://i.pinimg.com/originals/03/27/dc/0327dc95e9cef104664d99152b31af23.jpg,863,1534,0,2026-07-27
2026-09-03,tricot feminino,ARrH1G--7R7bGjn3n6GkhDmBjMK3Fir_MnNKmSC25Pdc-fhBGtzUuxPiSuFdHmY7LoGu0QPETRWIX1zW4wKgufE,11,1,0,EVALESS Women's Crochet,amazon.com,https://www.amazon.com/EVALESS-Sweaters-Lightweight-Oversized-Halloween/dp/B0F7L837V6/ref=asc_df_B0F7L837V6?hvdev=%7Bdevice%7D&hvcampaign=%7Bcampaignid%7D&hvadgroupid=%7Badgroupid%7D&hvprdptid=%7Bproduct_partition_id%7D&hvprdgrpid=%7Bpromoted_product_group_id%7D&hvcr=%7Bcreative_id%7D&hvadid=%7Badid%7D&hvprdid=%7Bproduct_id%7D&hvplc=%7Bplacement%7D&psc=1&tag=%7Bifnotmobile:ushpadpinde-20%7D%7Bifmo,https://i.pinimg.com/originals/a8/66/12/a86612b7830500ddb07c99641174bd04.jpg,1134,1636,0,2026-06-17
2026-09-03,tricot feminino,4605141834284208000,12,0,0,Blusa Feminina Tricot Oversized Manga longa Bufante Tricô Sofisticado Elegante Crochê Inverno,br.shein.com,https://br.shein.com/ark/default?scene=1&test=5051&ad_type=DPA&goods_id=548800178&pf=PINTEREST&link_type=link&url_from=PINADSDPA&ismg=b1e0b3306b277e0f89ea8c401236a1ca156db526d99f43567c314cf9a1194cfc_01_1788370512,https://i.pinimg.com/originals/4e/fa/03/4efa0327faf2d80ec67fb0570a880d3d.jpg,1340,1785,0,2026-08-11
2026-09-03,tricot feminino,AQND7Qn6RgjioeRAangS5D-Wf1sRJiwfbqnzOwbZ0d3yVCrpfdghiuIIDe1j38tw-nz8gf-aYSGW35-t23SGkqQ,13,0,0,Women's Pullover Sweater,lightinthebox.com,https://www.lightinthebox.com/p/women-s-pullover-sweater-jumper-knit-sweater-basic-ribbed-boat-neck-knitted-long-sleeve-regular-tops-knit-daily-home-work-khaki-black-fall-winter_p15276361.html?currency=USD&litb_from=pinterest_sns_paid&utm_source=pinterest_sns_paid&utm_medium=sns&utm_campaign=litb_catalogs&sku=1_9808%7C2_288&country_code=us,https://i.pinimg.com/originals/17/07/89/1707890dc7e278b537220ba8b0d3437b.jpg,880,1200,0,2026-08-06
2026-09-03,tricot feminino,Abbsya89Ax6zowenBNB-hCM8c3KSSRU4kCg8j9N6aLqux6oTPL7u1WiRX6JPjy5Wu9xo5b7Gn7QyI255PUVQ-Mc,14,0,0,Cicy Bell Women's Open,amazon.com,https://www.amazon.com/Cicy-Bell-Cardigan-Lantern-Oversized/dp/B08HGHYXFV/ref=asc_df_B08HGHYXFV?hvdev=%7Bdevice%7D&hvcampaign=%7Bcampaignid%7D&hvadgroupid=%7Badgroupid%7D&hvprdptid=%7Bproduct_partition_id%7D&hvprdgrpid=%7Bpromoted_product_group_id%7D&hvcr=%7Bcreative_id%7D&hvadid=%7Badid%7D&hvprdid=%7Bproduct_id%7D&hvplc=%7Bplacement%7D&psc=1&tag=%7Bifnotmobile:ushpadpinde-20%7D%7Bifmobile:ushpadp,https://i.pinimg.com/originals/71/59/0d/71590d1196e292e2dd940bb4ea448799.jpg,756,1000,0,2026-07-11
2026-09-03,tricot feminino,82824080645137094,15,17,0,Cardigã feminino listras estilo criativo,onelink.shein.com,https://onelink.shein.com/46/5ybfdayl06wx?shc=2_RSWRp33Uqod,https://i.pinimg.com/originals/3d/48/7c/3d487c35a03f8c9e80d6ec7bdec06ffd.jpg,1340,1785,0,2026-08-24
2026-09-03,tricot feminino,AdrWYqPq26y5FUTlcyU2TgmA9ndD3AA28ALt0pBsF8av4CtscNY9kaLfmChFJGd76ZXqrYyid6WVcqODBiaUekk,16,9,0,Thoughtfully Designed,martinadouglas.com,https://martinadouglas.com/products/womens-boho-classic-grandma-check-crochet-floral-sweater-iy15-dau9o5zg?variant=0443f3d9-a9ca-42af-93f3-2b4f301da660,https://i.pinimg.com/originals/c3/a9/63/c3a963785b9be550bab085a0a8a42933.jpg,1200,1200,0,2026-04-07
2026-09-03,tricot feminino,AQU5rafZ-vT9BfhcS2-rEd2gHnqQAxANNRx1FULhHI5Km9wTHgJI4UqA2p6Jev_q53Ts-loY49OmUkimRD9DIXY,17,6,0,Margovil Button Down,margovil.com,https://www.margovil.com/products/margovil-button-down-flower-applique-sweater-cardigan?variant=50281089925436,https://i.pinimg.com/originals/eb/a9/69/eba969c3229cbddc300b32581015f3da.jpg,500,750,0,2026-01-17
2026-09-03,tricot feminino,136022851242767278,18,70,0,40 Casual Chunky Sweater Outfits for Cozy Winter Style,sewmamasew.com,https://www.sewmamasew.com/40-casual-chunky-sweater-outfits/,https://i.pinimg.com/originals/6c/c0/30/6cc030e55fca324980e9871f3d954e7a.jpg,720,1279,0,2026-06-12
2026-09-03,tricot feminino,4595290180711254656,19,399,0,35 Modern Office Outfit Ideas for Stylish Professionals,sewmamasew.com,https://www.sewmamasew.com/35-modern-office-outfit-ideas/,https://i.pinimg.com/originals/2f/d1/d4/2fd1d4f3126d27efbb1b3a5e0a4547af.jpg,720,1280,0,2026-05-16
2026-09-03,tricot feminino,ATtHMfUELntFOe2yEq9BqIqf3b8-VkRib-CZeU47oZD4oF7CKmd_C1rLArzvk5wGDlqcCQASVlyOfOgG_dvaab0,20,6,0,Womens Fishnet Crochet,amazon.com,https://www.amazon.com/Womens-Fishnet-Crochet-Sleeve-Through/dp/B0BX26N9R1/ref=asc_df_B0BX26N9R1?hvdev=%7Bdevice%7D&hvcampaign=%7Bcampaignid%7D&hvadgroupid=%7Badgroupid%7D&hvprdptid=%7Bproduct_partition_id%7D&hvprdgrpid=%7Bpromoted_product_group_id%7D&hvcr=%7Bcreative_id%7D&hvadid=%7Badid%7D&hvprdid=%7Bproduct_id%7D&hvplc=%7Bplacement%7D&psc=1&tag=%7Bifnotmobile:ushpadpinde-20%7D%7Bifmobile:ushpad,https://i.pinimg.com/originals/65/c2/bc/65c2bcd12ad431024d4ced3bb0fb1af8.jpg,1275,1700,0,2026-07-01
2026-09-03,tricot feminino,AV-NoJ6xDJhtoZAKNLkhgKh8JDcLbaqO6XKQyoTuSTRbXZd07bdmBCFIqVnVjrLZMI7LzZy8D-uHkQUIK7NfZt8,21,5,0,ZAFUL Women's Color Block,amazon.com,https://www.amazon.com/ZAFUL-Striped-Sweater-Lantern-Sweaters/dp/B0CMH5K2ZH/ref=asc_df_B0CMH5K2ZH?hvdev=%7Bdevice%7D&hvcampaign=%7Bcampaignid%7D&hvadgroupid=%7Badgroupid%7D&hvprdptid=%7Bproduct_partition_id%7D&hvprdgrpid=%7Bpromoted_product_group_id%7D&hvcr=%7Bcreative_id%7D&hvadid=%7Badid%7D&hvprdid=%7Bproduct_id%7D&hvplc=%7Bplacement%7D&psc=1&tag=%7Bifnotmobile:ushpadpinde-20%7D%7Bifmobile:ushpa,https://i.pinimg.com/originals/13/38/32/133832577ba9f6724c31ffa54d8bbc59.jpg,1500,2000,0,2026-03-03
2026-09-03,tricot feminino,136022851242964557,22,40,0,,,,https://i.pinimg.com/originals/b8/45/84/b84584da1a95cb98fceefea713c95049.jpg,750,999,0,2026-08-25
2026-09-03,tricot feminino,AdFeP4v-65yZyuLs_NsKYfFlqsJosRkdXr0gSoK8IgHvlzWgzJjFtm7Rl6r9qBhNhC11gfWnePTqbj2RunWn5qs,23,2,0,PATCHWORK PRINCESS MULTI,tollyroger.com,https://www.tollyroger.com/products/patchwork-princess-multi-color-sweater?variant=48358726467825,https://i.pinimg.com/originals/b5/0a/51/b50a5180cfec3d49c47780739467e656.jpg,800,1209,0,2026-07-01
2026-09-03,tricot feminino,620089442491982644,24,20,0,Conjunto tricô mousse feminino casaco + pantalona | elegante e quentinho,s.shopee.com.br,https://s.shopee.com.br/9KetGm3Jru?channel_type=pinterest,https://i.pinimg.com/originals/1a/1b/e0/1a1be03503be95bb9fefb58c8a2491b8.png,1000,1500,0,2026-07-28
2026-09-03,tricot feminino,11259067814681610,25,341,0,35 Cozy Cable Knit Sweater Outfit Ideas to Try,sewmamasew.com,https://www.sewmamasew.com/35-cable-knit-sweater-outfit-ideas/,https://i.pinimg.com/originals/ee/72/96/ee7296bd1f58146afb8d300157b11617.jpg,720,1279,0,2026-07-10
2026-09-03,tricot feminino,AcO33Zyg-SAIUEIjCIXKvr1uMy_N2XrIbVUffToksJD4mowpXOWohfpY26saWHMnmReV213v0VZW-VuplJUjq10,26,9,0,Cable-Knit Sweater with,www2.hm.com,https://www2.hm.com/en_us/productpage.1314368001.html?utm_medium=unpl&utm_source=pinterest&utm_campaign=Global%20Performance_Dynamic%20Shopping&utm_content=performance&utm_term=us,https://i.pinimg.com/originals/33/11/0b/33110b07aafd8880d72fa2ef66416292.jpg,2333,3500,0,2025-10-22
2026-09-03,tricot feminino,59109813856614724,27,152,0,20 Comfy Sweaters for Fall That You Should Buy,livefullie.com,https://livefullie.com/2026/07/09/coziest-sweaters-worth-buying/,https://i.pinimg.com/originals/96/91/5b/96915bfe19832cb6b6e07384dd5a0307.jpg,736,1036,0,2026-08-06
2026-09-03,tricot feminino,281543725171983,28,5452,0,,,,https://i.pinimg.com/originals/7e/0e/12/7e0e12cb70ea2210069ce42bedac2d3f.jpg,640,800,0,2025-02-17
2026-09-03,tricot feminino,1092193347144890789,29,6368,0,✨|Suéter em tricot!,onelink.shein.com,https://onelink.shein.com/21/58khe1y7a6td,https://i.pinimg.com/originals/a0/48/fa/a048fa94c6d4fa5017ce869079c1d9d2.jpg,736,1121,0,2025-11-28
2026-09-03,tricot feminino,10907224093374318,30,3414,0,,,,https://i.pinimg.com/originals/24/54/9b/24549b42e22b5477585cab6c68f8057e.jpg,1179,1818,0,2025-11-18
2026-09-03,tricot feminino,1098245059159590546,31,361,0,Blusa de Frio Feminina Tricot com Trança | Manga Bufante Estilo Blogueira,s.shopee.com.br,https://s.shopee.com.br/5L9uOk5iXb?channel_type=pinterest,https://i.pinimg.com/originals/5c/0e/41/5c0e41387c704f0cb03ab37516e70852.png,941,1672,0,2026-06-29
2026-09-03,tricot feminino,1196337404740821,32,9368,0,Shop — Crochet by Kristine,,,https://i.pinimg.com/originals/0d/b6/32/0db6324038556bff05faa377d5b076d0.jpg,2500,3333,0,2025-08-04
2026-09-03,tricot feminino,AaHzYn63hLqVKuiaz5QuFoZ45uxbxlwDbu-z4QxR_8nlxkeZnXZP6QTY7J_Oh5x6K9Vb4Wmp18UI0cdwyFZtP0Y,33,890,0,Playful Bird Striped Knit,oxknit.com,https://www.oxknit.com/collections/Women-Clothing,https://i.pinimg.com/originals/6f/d1/e4/6fd1e42e714ea46727748d2bcd7eea36.jpg,1500,2250,0,2025-09-16
2026-09-03,tricot feminino,1196337398067102,34,5202,0,,,,https://i.pinimg.com/originals/4d/4d/ab/4d4dab920230c3f4373cda5bdd1a9cd2.jpg,1080,1090,0,2022-11-02
2026-09-03,tricot feminino,411938697189313368,35,7102,0,Modern Fall Style | Sweater Vest Over Black Dress,,,https://i.pinimg.com/originals/a3/3f/e7/a33fe70ed4ab258cda50c68ac8a83487.jpg,1809,2664,0,2025-10-28
2026-09-03,tricot feminino,AeO4-DfFuPjxft0P1ypF-ZJ3qouHAOphw76AP7-zzPZ9vT2CamFzUKTy1aj3J_A8GQ4ak3ZdfkNZ6hjws7IDRtI,36,0,0,Classic Vintage Sweater -,madisonreeves.com,https://www.madisonreeves.com/products/gracefully-designed-sweater-bd5ge7xtw1f6ammu48u1-w96fdok0-yhchwfdn?variant=53707320197448,https://i.pinimg.com/originals/b3/ca/dd/b3cadd3c0bd1bb6002e7c68403adb219.jpg,800,800,0,2026-08-11
2026-09-03,tricot feminino,29414203814646754,37,11,0,Casaco Feminino Tricot com Botões Charmoso e Elegante,s.shopee.com.br,https://s.shopee.com.br/6VLfsq7rXf?channel_type=pinterest,https://i.pinimg.com/originals/93/5a/f5/935af5ba924f24f925a119b47c28d6bd.jpg,944,1669,0,2026-07-26
2026-09-03,tricot feminino,4598034612957276800,38,53,0,35 Chic Outfit Ideas for Women to Elevate Your Style,sewmamasew.com,https://www.sewmamasew.com/35-chic-outfit-ideas-for-women/,https://i.pinimg.com/originals/e2/58/ef/e258ef62619444de7cafdfa9c7201663.jpg,720,1280,0,2026-05-16
2026-09-03,tricot feminino,ARy7g5nsU23RUmJ6oTW21r-SAtBX--xCNh9fS20lav-9VTekc33yWmsnDem-OP8LI5XGWfyRTBXLm54s2_jsLx4,39,9,0,Light Coffee Patchwork,modlily.com,https://www.modlily.com/light-coffee-patchwork-long-sleeve-round-neck-sweater-g368849.html?currency=USD&lkid=40200&utm_source=pinterest&utm_medium=paid_social&utm_campaign=pin_catalog_original_image,https://i.pinimg.com/originals/d2/6c/cc/d26ccc2142b63810f07ec60c21f9f706.jpg,380,530,0,2025-07-19
2026-09-03,tricot feminino,6122149489323799,40,1363,0,Calça Jeans SHEIN,onelink.shein.com,https://onelink.shein.com/45/5x9hmvf8b4mu,https://i.pinimg.com/originals/a2/83/2a/a2832acc137e9c447a42ea62af73efd4.jpg,1080,1920,0,2026-08-25
2026-09-03,tricot feminino,888968413959253795,41,1184,0,Cream Cable Knit Sweater Outfit | NYC Winter Style,amzn.to,https://amzn.to/43ZFiashttps:/amzn.to/4ru2fwl,https://i.pinimg.com/originals/ff/15/5e/ff155e3d830216faba36c14b62b14fb4.png,596,894,0,2025-12-01
2026-09-03,tricot feminino,709176272599944851,42,150,0,SHEIN USA,us.shein.com,https://us.shein.com/Foldover-Off-Shoulder-Cable-Knit-Jumper-Dress-Without-Belt-p-11183288-cat-2209.html?utm_source=pinterest.com&utm_medium=cpc&utm_campaign=uspin_dpa_women_sw2207074800071449_Spanish&url_from=uspin_dpa_women_sw2207074800071449_Spanish,https://i.pinimg.com/originals/82/d0/88/82d088dd77f01120882d0c34e6023010.jpg,1340,1785,0,2024-01-12
2026-09-03,tricot feminino,794252084301878131,43,882,0,вязание спицы | Записи в рубрике вязание спицы | Дневник Elena_Businka : LiveInternet - Российский Сервис Онлайн-Дневников,liveinternet.ru,https://www.liveinternet.ru/users/elena_businka/rubric/4615588/,https://i.pinimg.com/originals/b1/4a/0c/b14a0c60b0e75f9e95954cee7ebd2e7d.png,564,751,0,2023-01-19
2026-09-03,tricot feminino,1047649932088701499,44,2324,0,#Pretty😍,,,https://i.pinimg.com/originals/7d/49/5f/7d495fd9b6b5f40de1d947fbbaf68669.jpg,1080,1920,0,2026-05-06
2026-09-03,tricot feminino,AVFq6F4U9dHYy7AW5jK24fJwAwssdWXHXekXdxNJKcqxeJceom0YIvdm1GBw5FqhDIF2EG-Sr2zrZNXX-sYH8oA,45,0,0,Women Twist Cable Knit,princessunique.com,https://www.princessunique.com/products/women-twist-cable-knit-crew-neck-pullover-sweater-su7y?variant=8787aaae-36c7-4d9c-a713-fbd2ebbbf4b9,https://i.pinimg.com/originals/ce/eb/24/ceeb24b64f5cf71b2e3543820d1815c9.jpg,1566,1920,0,2026-08-31
2026-09-03,tricot feminino,492649954604102,46,232,0,,,,https://i.pinimg.com/originals/50/7a/1a/507a1ad25601b9a46122256a63b279b3.jpg,460,991,0,2025-12-07
2026-09-03,tricot feminino,139330182217324998,47,66,0,,,,https://i.pinimg.com/originals/ed/b5/8e/edb58e896dbfabf32488d75f6ccec628.jpg,1200,1600,0,2026-02-13
2026-09-03,tricot feminino,AUf_vAPTuUqr9yoGTo80Rq6MeC_D8VaAnOyCC3boHDqeJox0wRSd8-49vN4UudshLZEiQqEq6E2nO4SEsStd4Wo,48,1,0,Ashtyn Cable Knit Balloon,sugarlips.com,https://sugarlips.com/products/ashtyn-cable-knit-balloon-sleeve-crop-sweater?variant=41627766456387,https://i.pinimg.com/originals/df/32/5e/df325e8fdc14f7f20a2b7828868e7958.jpg,1000,1500,0,2025-11-28
2026-09-03,tricot feminino,AbNJ_R2eIRszqHou9KjLR7BcU4TkdEoMkwbO_OryA9Rhjwmhws4FVTajS30JIgfK5vSHud8z4IjMdbLq2ASvKXA,49,0,0,Quince Women's Cable,quince.com,https://www.quince.com/women/women-s-100-organic-cotton-cable-crewneck-sweater?color=ivory&size=l,https://i.pinimg.com/originals/9a/62/6c/9a626c78a58e75bd26e2c113f1c17043.jpg,1000,1500,0,2026-07-07
2026-09-03,tricot feminino,1068619817842920473,50,7295,0,,,,https://i.pinimg.com/originals/45/6c/a2/456ca28021bd96d9a2cad68c82519965.jpg,736,1308,0,2025-12-11
2026-09-03,tricot feminino,AQiN7L_eVlEmS20THBHNedIhCgloxrXtE0_lyzyWKNwbwwY4njtsk_ZLFru6dgRMBXJ_SDuiUIVlyfZ6QIeF8tM,51,1,0,College Clothing Haul,walmart.com,https://www.walmart.com/shop/back-to-college/tech,https://i.pinimg.com/originals/90/e5/63/90e5636608e01d103e4a6789c140fbd4.jpg,406,720,1,2026-08-14
2026-09-03,tricot feminino,AQwdVMy936L08gdy0SCut2Iy6Y3cmFbfH17S9fx-ttD25ZnFT_iCKBLLgUYF05Er6lB6fR_6YTuzc60zcO9kWjw,52,1,0,Front Twist Sweater,whitehouseblackmarket.com,https://www.whitehouseblackmarket.com/store/product/Front-Twist-Sweater/570403432?color=3593&size=XS,https://i.pinimg.com/originals/37/d8/59/37d859406ff8bda78cc740e22ce53130.jpg,1000,1500,0,2026-01-10
2026-09-03,tricot feminino,AQBcVwQT6din60yY9MdZLV5PscpGuWO4kc7CBz4S4yujhh3-hIh9Lr9vg9ZEjNTn81rq4c1MVA3SLg0XQJIdXjU,53,4,0,Your Everyday Fall Outfit,amzlink.to,https://amzlink.to/az0ls3o7SSUiM,https://i.pinimg.com/originals/67/4d/dd/674ddd2a84dcae62da22a7d58e3315bb.png,1000,1500,0,2026-08-10
2026-09-03,tricot feminino,21884748186099842,54,211,0,40 Work From Home Outfit Ideas: Comfy & Chic,sewmamasew.com,https://www.sewmamasew.com/40-work-from-home-outfit-ideas/,https://i.pinimg.com/originals/d3/81/7f/d3817fe6fedd0d69425c2600f2d7503e.jpg,720,1279,0,2026-06-14
2026-09-03,tricot feminino,988258712000224837,55,1,0,Conjunto Feminino Tricot Mousse Canelado – Cardigan Ajustável Confortável,s.shopee.com.br,https://s.shopee.com.br/1gFi7d2SK3?channel_type=pinterest,https://i.pinimg.com/originals/cf/4a/4c/cf4a4c2b696b7bc3231e4a6592b1402b.png,851,1280,0,2026-05-27
2026-09-03,tricot feminino,428264245841483382,56,17,0,Suéter Feminino Rosa em Tricô Trançado com Modelagem Soltinha,onelink.shein.com,https://onelink.shein.com/43/5w9oppp9mhrm,https://i.pinimg.com/originals/52/de/14/52de146c6e4e81521623cf7906e39db3.png,941,1672,0,2026-08-20
2026-09-03,tricot feminino,ATA9gz71kYG9S8vNbz_1_-09ObsTyaYtZitevlwikrIEj9gvnbWEWZG9k6Ib91clWHAFSUgCElAr2KI7SD8htVA,57,8127,0,Looks Expensive But It's,amzlink.to,https://amzlink.to/az0u2a9l3C7cj,https://i.pinimg.com/originals/25/77/be/2577befbd11f92940b084e862b4080eb.png,1000,1500,0,2026-02-04
2026-09-03,tricot feminino,20899585767522117,58,755,0,,,,https://i.pinimg.com/originals/b0/a8/77/b0a8779660f0484d06336370221b0068.jpg,564,1002,0,2026-08-06
2026-09-03,tricot feminino,11399805459198854,59,533,0,Forever,,,https://i.pinimg.com/originals/80/a4/f2/80a4f28e1a8879b183ebd5cf79dab6d7.jpg,2136,3796,0,2025-11-29
2026-09-03,tricot feminino,4600497509328443264,60,1,0,Casaco de Tricô de Gola Alta Estilo Europeu Grosso Feminina Manga Longa Inverno Estampada Simples Blusa,br.shein.com,https://br.shein.com/ark/default?scene=1&test=5051&ad_type=DPA&goods_id=524326841&pf=PINTEREST&link_type=link&url_from=PINADSDPA&ismg=445554eeb97c9fc5cdf70cddc4089e344fc07a102ac5ce238160b2c18c111a1c_01_1788283374,https://i.pinimg.com/originals/e0/fc/1b/e0fc1ba9789fe9580f1b57df652fe594.jpg,1340,1785,0,2026-08-09
2026-09-03,tricot feminino,802696333628292555,61,29,0,19 Free Crochet Cardigan Patterns You’ll Want to Make and Wear - Spesh View,speshview.com,https://speshview.com/19-free-crochet-cardigan-patterns-youll-want-to-make-and-wear/,https://i.pinimg.com/originals/67/8c/36/678c36cbf4fb9393d0a5140fed8fcdb5.jpg,832,1248,0,2025-08-28
2026-09-03,tricot feminino,25543922887039686,62,549,0,Elegant Beige Knit Sweater Outfit | Chic Fall Fashion Look for Women,,,https://i.pinimg.com/originals/d0/b5/e1/d0b5e14b82cdce3ece8bdc830912be5f.png,1024,1536,0,2026-06-09
2026-09-03,tricot feminino,1068901292823871584,63,5,0,minimal sweater that never goes out of style,onelink.shein.com,https://onelink.shein.com/26/5d8x0us4t1d3,https://i.pinimg.com/originals/ad/15/48/ad15484d5cd6697c01ed5b589873ad9a.jpg,1340,1785,0,2026-01-13
2026-09-03,tricot feminino,4608238051788044672,64,626,0,35 Trendy Pinterest Outfits to Inspire Your...,sewmamasew.com,https://www.sewmamasew.com/35-pinterest-outfits/,https://i.pinimg.com/originals/6d/10/2f/6d102f091d31e433cc190eac640b04c8.jpg,720,1260,0,2026-05-16
2026-09-03,tricot feminino,844493676911150,65,3971,0,,,,https://i.pinimg.com/originals/e0/55/ad/e055adf94f891b38f83e69648a5e0677.jpg,735,1105,0,2026-07-24
2026-09-03,tricot feminino,AZJuou23LdW1oY2MZ1vHvVVvdoisadbiswDbJINUVL6udcndgr8JLnDNF08WZPTGkS6BaDHRUo1Hp_TYfLPbJBI,66,0,0,New Ariat Revel,ariat.com,https://www.ariat.com/womens-jeans,https://i.pinimg.com/originals/50/cc/d6/50ccd657503596be71a1e7fa74fe10b8.jpg,1080,1920,1,2026-07-21
2026-09-03,tricot feminino,847873067363456020,67,1258,0,,,,https://i.pinimg.com/originals/ae/5d/09/ae5d0914a92e5edefe174f5e98624ee2.jpg,736,1389,0,2022-07-26
2026-09-03,tricot feminino,4602045598924633984,68,0,0,Blusa Básica trançada Gola Média tricô Modal Tricô Trançado Feriado Inverno,br.shein.com,https://br.shein.com/ark/default?scene=1&test=5051&ad_type=DPA&goods_id=548557979&pf=PINTEREST&link_type=link&url_from=PINADSDPA&ismg=2bccfa35e3ab149158398142306b321ee9937f1b49070caeda2fa88495fdf6b0_01_1788370577,https://i.pinimg.com/originals/1e/08/25/1e082593995c6c54e8d86a0caabf12e2.jpg,1340,1785,0,2026-08-12
2026-09-03,tricot feminino,351912466507761,69,2922,0,,,,https://i.pinimg.com/originals/2b/ca/cd/2bcacd87474a55acf736a8764bf9a24b.jpg,736,911,0,2025-07-08
2026-09-03,tricot feminino,677721443976237820,70,6,0,Blusa Feminin Tricô Trança Manga Bufante Blogueira,onelink.shein.com,https://onelink.shein.com/12/4pemzhp4pidh,https://i.pinimg.com/originals/87/7d/0d/877d0dbbc963320ddd7acb9e4ea2c9c3.jpg,405,539,0,2026-06-15
2026-09-03,tricot feminino,4595853150521814400,71,0,0,Blusa feminina cacharrel de inverno tricô modal manga longa com tranças Acolchoado elegante Tricô de malha Trançado,br.shein.com,https://br.shein.com/ark/default?scene=1&test=5051&ad_type=DPA&goods_id=545367071&pf=PINTEREST&link_type=link&url_from=PINADSDPA&ismg=f132c14548a783d2cf2cdb824189291a91d1ad6b1140d3ab53751b6910a67d96_01_1788371004,https://i.pinimg.com/originals/71/b0/4d/71b04d7f29a3fb1c61bd2a0786fc0836.png,1340,1785,0,2026-08-07
2026-09-03,tricot feminino,605030531238768713,72,12,0,"#bestseller 😮‍💨🤎 a ombro a ombro mais desejada !!!! ⚠️frete grátis acima de 199,00 ✅5% off a vista 💳 até 6x sem juros www.closetbtricot.com.br",instagram.com,https://www.instagram.com/p/C8PvgdQPCqK/,https://i.pinimg.com/originals/65/27/a6/6527a611bfbb671765c831433a7c443b.jpg,1260,1575,0,2026-05-26
2026-09-03,tricot feminino,68748566760,73,4198,0,,,,https://i.pinimg.com/originals/04/85/5e/04855e3c6c69e69afc34acbb1000fa1c.jpg,736,1308,0,2025-02-20
2026-09-03,look academia feminino,AV6eln3klk2FGiWtYExXNw0PN_MX-0pumSz93-s4chRdg4fc56kx_LSqqweu7n8iy0vtM4R5kSj3W3tYIP1FwGo,2,1,0,In Full Bloom,vuoriclothing.com,https://vuoriclothing.com/collections/featured-in-pink?refinementList[named_tags.gender][0]=Womens&smartly-hash=single_image_pin_reference:v1:f253a5608f53eed260c781c32b8a0734b7349c3579e5b3814556becca3be652d,https://i.pinimg.com/originals/d5/46/83/d54683dae61f555eeaf1c9d19554c331.jpg,1000,1500,0,2026-08-24
2026-09-03,look academia feminino,AVUG1Dfi_Yn5L2R15yR7S8Gh21i6ZlOgNbmgpPq3PxB054jJVnEK-FXG888qCYb-9GoBRfu8HI8DJ06gtZOk8EQ,3,451,0,Amazon Workout Essentials,amzlink.to,https://amzlink.to/az0hQHzBlmvL4,https://i.pinimg.com/originals/30/c2/11/30c211934f5128660b642a9ceeeaa06e.png,1000,1500,0,2026-06-16
2026-09-03,look academia feminino,1115766876490232046,4,2,0,Conjunto Feminino De Academia Regata De Um Ombro E Legging Esportiva Com Levamento Sem Costura,onelink.shein.com,https://onelink.shein.com/49/5zwsjha11mcc?ismg_ol=LRzCcta5GcN_01_KOC-C,https://i.pinimg.com/originals/dd/86/35/dd8635c3f458012385affee407912982.png,1024,1536,0,2026-08-24
2026-09-03,look academia feminino,AZhKMwJNIfS92gw3tQmCW1xOW9xYpfMNmtUWSkPx3ErbB1sqXpZiHe01yHF3SoDzYAxYAZEAMYB4glpzCEB_6BI,5,321,0,Amazon Workout Pieces,amzlink.to,https://amzlink.to/az0Vd3bXPYd4E,https://i.pinimg.com/originals/7a/f5/88/7af588c46af4fc8bcc6f38f0d4498fb6.png,1000,1500,0,2026-04-15
2026-09-03,look academia feminino,491877590576071137,6,4362,0,,,,https://i.pinimg.com/originals/f7/40/a8/f740a8e8b79c3ac39fac54017f455e76.jpg,752,1524,0,2026-04-20
2026-09-03,look academia feminino,AV2T3Iv2D3YuZd4jwi3UAJfQNMxvW6nna4xFJjLt9-rAHluHnaS6s_MuJBr28VZw-adtlfv-or9bd7a-g2c9ZVI,7,1,0,New Color Drop!,fabletics.com,https://www.fabletics.com/dmg/A39B3F?utm_medium=paid_social_media&utm_source=pinterest&utm_campaign=pin_campaign_id_%7Bcampaignid%7D&utm_content=pin_adgroup_id_%7Badgroupid%7D&utm_term=pin_id_%7Badid%7D&nbt=nb:pinterest::%7Bcampaignid%7D:%7Badgroupid%7D:%7Badid%7D&nb_kwd=%7Bkeyword%7D&nb_device=%7Bdevice%7D&nb_platform=pinterest&nb_pn=%7Bproduct_name%7D&nb_ppgid=%7Bpromoted_product_group_id%7D&nb_,https://i.pinimg.com/originals/95/cb/7c/95cb7c21a3889f5b23f0c9486196fc49.jpg,1000,1500,0,2026-08-19
2026-09-03,look academia feminino,AfIg2klXY4SOLmxFkD2RXCXkpN1uYMMxjjelfC610hDLN__s1EZiHSXMOqQcX4kWVMYXsKwPsDqBJmHhJQnrTtw,8,1,0,Find Your Store.,nike.com,http://www.nike.com/retail,https://i.pinimg.com/originals/67/b3/c9/67b3c943c07a59479552f8f09ca35064.jpg,1080,1920,1,2026-08-24
2026-09-03,look academia feminino,1111685489295405270,9,2810,0,Gym Girl Energy,,,https://i.pinimg.com/originals/a1/88/b5/a188b535bfec7caba0ea87688dde6876.jpg,1200,1803,0,2026-06-11
2026-09-03,look academia feminino,1099159852834951734,10,919,0,Maroon Gym Girl Essentials 🤎🍂,,,https://i.pinimg.com/originals/a4/4e/a5/a44ea549f2d92673a77034f02518308c.png,1024,1536,0,2026-07-28
2026-09-03,look academia feminino,3799980931381945,11,6215,0,,,,https://i.pinimg.com/originals/4b/95/cf/4b95cff0c9aef3d310cd8da0ef77ec90.png,1080,1632,0,2026-03-29
2026-09-03,look academia feminino,AT42XG7yifDEHzRgtFc7QCfy1DOjaxyHPevAu-crfJ2v7Ysw15r4sU2mo5BtZOa0nZKJscbYildwMNhUkJ9-iZs,12,3,0,3pcs Women's Sports Suit,us.shein.com,https://us.shein.com/ark/default?scene=1&test=5051&ad_type=DPA&goods_id=448838924&pf=PINTEREST&url_from=PINADSDPA&ismg=ab8689e73d8647de3a6a056e070b9baa85239786139c016988f3cb01b5d7e980_01_1788368952,https://i.pinimg.com/originals/18/5b/a1/185ba17429b7dd990bbf12cab2d170b9.jpg,1065,1598,0,2026-06-05
2026-09-03,look academia feminino,AWvcrMeg2k-23OaTbGuRobkH42Cp9WlCtPH5QCRQbXipqbtgIA6rQ49jPA28QZR_TaxPV6T360ll9byEqBOLL3c,13,80,0,Pink and White Spring,amzn.markable.ai,https://amzn.markable.ai/GcGug1Qo,https://i.pinimg.com/originals/ab/06/bd/ab06bd529350946cbdcfaf0de6d34dfd.png,1000,1500,0,2026-04-16
2026-09-03,look academia feminino,AembGLWlZlqHokM6a67mgDwaRj-fMBBCyX8eg41621kLH61xX0ZCC9m20TU962FEGZ6pznVeU6Am9WKYOvi8kRA,14,2259,0,Amazon Trendy Athleisure,urlgeni.us,https://urlgeni.us/amzn/jLz8i,https://i.pinimg.com/originals/aa/8f/2d/aa8f2d16a20ce82d72fa5334c3a910af.png,1000,1500,0,2026-01-15
2026-09-03,look academia feminino,14707136282189088,15,941,0,Pearl's Amazon Page,amazon.com,https://www.amazon.com/shop/moodmade?ref_=cm_sw_r_apann_aipsfshop_5P24BPHGA1H957ZY2SSH&language=en-US&ccs_id=357f6e80-b65a-403f-bcf8-c0b9e69d3e40,https://i.pinimg.com/originals/21/99/14/21991452025fbc0407f1e67984831eca.jpg,736,1104,0,2026-02-18
2026-09-03,look academia feminino,AfP4aKYLTnl5QtFCGTo7P4yeLxcCTJwADrdcq3piB4rGU0waLVis4Q6noe8i0Q3e06ZhkIPBNrDZnRwIZEPejY8,16,139,0,The ultimate glow up for,upliftbylindseyharrod.com,https://upliftbylindseyharrod.com/pages/shred-for-the-wed-2-0,https://i.pinimg.com/originals/8d/bd/a0/8dbda0c2896c113903ee4f478bac6ad9.png,1080,1920,0,2026-02-24
2026-09-03,look academia feminino,896005288369483497,17,5899,0,,,,https://i.pinimg.com/originals/2a/9f/c9/2a9fc9651b622595ecb4b2657082ca8c.jpg,675,1200,0,2025-06-09
2026-09-03,look academia feminino,AXFESXxZ0LhrPcXdmI-O6bpZCUB-LrmYLbKn4w38VmSZQxSw2uanmkWkOKQti9KAhNv2i2sAWwd1Bc7mo60vvcQ,18,2,0,Women Seamless Yoga Set,inspireuplift.com,https://www.inspireuplift.com/women-seamless-yoga-set-gym-outfit-high-waist-leggings/iu/21866572?variant=476733111,https://i.pinimg.com/originals/8c/0c/e0/8c0ce00f4465acb854346eb22542b098.jpg,1340,1785,0,2026-07-08
2026-09-03,look academia feminino,40813940370177490,19,360,0,,,,https://i.pinimg.com/originals/53/f8/f4/53f8f4a838caf1a0259fd553002d82f0.png,852,1846,0,2026-06-11
2026-09-03,look academia feminino,AZ-YAWTZH7vx-dbsG6MqyolaAhjfOtqehGhxLcJJvZw8-M8ske7S7B_NeOKlS0gc3YwhFwgFPARAg2Qfw_cBJIQ,20,1,0,Temu | Women's Wide,temu.com,https://www.temu.com/ul/kuiper/un3.html?subj=dpa-un&_bg_fs=1&_p_jump_id=1082&_x_vst_scene=adg&goods_id=605982855895656&adg_ctx=a-dcf11b8e~c-ecfdb6b7&_p_rfs=1&_x_ads_channel=pinterest&_x_ads_creative_id=%7Bproduct_partition_id%7D&_x_ads_id=%7Badgroupid%7D&_x_ads_set=%7Bcampaignid%7D&_x_ads_sub_channel=shopping&_x_ns_catalog_id=1567707391772&_x_ns_creative=%7Badid%7D&_x_ns_gid=605982855895656&_x_ns_,https://i.pinimg.com/originals/a3/2e/4e/a32e4eecf9731ce56a6617ffe491bc3c.jpg,2000,3000,0,2026-07-17
2026-09-03,look academia feminino,723250021456201819,21,27,0,Roupa de Academia Feminina | Roupas Bonitas de Academia | Conjunto de Academia,meli.la,https://meli.la/1JJdA6M,https://i.pinimg.com/originals/c4/eb/98/c4eb9885d2640deec9ca70a22dceca50.png,941,1672,0,2026-08-22
2026-09-03,look academia feminino,583005114309518044,22,33,0,Short verde academia. Clica em Acessar e garanta a sua 👇,onelink.shein.com,https://onelink.shein.com/47/5yvssoqoujvx,https://i.pinimg.com/originals/39/0d/2c/390d2ceffd8a31a73081264cd5283796.jpg,1080,1920,0,2026-08-25
2026-09-03,look academia feminino,AWupx-wG4EBvLEnGyxU2DC8unJxLgT7Ttxw01P4mITGbCUkasthO-CcV6VuUPs-mCK4WCuJAMdGsTSU5EN4ulv0,23,0,0,Temu | Moisture-Wicking,temu.com,https://www.temu.com/ul/kuiper/un3.html?subj=dpa-un&_bg_fs=1&_p_jump_id=1082&_x_vst_scene=adg&goods_id=601103650383100&adg_ctx=a-ccf6de7c~c-7d3d144f&_p_rfs=1&_x_ads_channel=pinterest&_x_ads_creative_id=%7Bproduct_partition_id%7D&_x_ads_id=%7Badgroupid%7D&_x_ads_set=%7Bcampaignid%7D&_x_ads_sub_channel=shopping&_x_ns_catalog_id=1567707391772&_x_ns_creative=%7Badid%7D&_x_ns_gid=601103650383100&_x_ns_,https://i.pinimg.com/originals/42/bc/f9/42bcf943f09f09f00f67e74182f248f3.jpg,2000,3000,0,2026-08-07
2026-09-03,look academia feminino,120471358777813712,24,49,0,,,,https://i.pinimg.com/originals/98/84/88/988488c5b81152e9e69db7a8ce3ee2c4.png,1024,1536,0,2026-08-04
2026-09-03,look academia feminino,AYW9eDa76scAj6USpgPDUYGxwrqZ_BCCgd8QtvfwIpeaeju50GDi0o2GRoRjMZMukrZMO-w6sovfxD9w4slSO7o,25,3,0,SUUKSESS Women 2 Piece,amazon.com,https://www.amazon.com/SUUKSESS-Workout-Scrunch-Seamless-Leggings/dp/B0DHRKHDV1/ref=asc_df_B0DHRKHDV1?hvdev=%7Bdevice%7D&hvcampaign=%7Bcampaignid%7D&hvadgroupid=%7Badgroupid%7D&hvprdptid=%7Bproduct_partition_id%7D&hvprdgrpid=%7Bpromoted_product_group_id%7D&hvcr=%7Bcreative_id%7D&hvadid=%7Badid%7D&hvprdid=%7Bproduct_id%7D&hvplc=%7Bplacement%7D&psc=1&tag=%7Bifnotmobile:ushpadpinde-20%7D%7Bifmobile:u,https://i.pinimg.com/originals/e8/45/8f/e8458f2609163a3990ee0bf6e35c1082.jpg,1000,1500,0,2026-03-20
2026-09-03,look academia feminino,1092897034679357326,26,325,0,,,,https://i.pinimg.com/originals/b8/0a/8f/b80a8f8361f21643247a9006e720eb24.png,1024,1536,0,2026-06-19
2026-09-03,look academia feminino,AZnuT6EjQpIdggY_64LEsTRMwd_IYdXeMYbS9BPpIRYVEJeB_m3L7zCNyWoaIn50pkxPziXlQLTRtMoRH8fN-JQ,27,0,0,Temu | -piece Yoga Set,temu.com,https://www.temu.com/ul/kuiper/un3.html?subj=dpa-un&_bg_fs=1&_p_jump_id=1082&_x_vst_scene=adg&goods_id=601104439097219&adg_ctx=a-0822485c~c-80a15c06&_p_rfs=1&_x_ads_channel=pinterest&_x_ads_creative_id=%7Bproduct_partition_id%7D&_x_ads_id=%7Badgroupid%7D&_x_ads_set=%7Bcampaignid%7D&_x_ads_sub_channel=shopping&_x_ns_catalog_id=1567707391772&_x_ns_creative=%7Badid%7D&_x_ns_gid=601104439097219&_x_ns_,https://i.pinimg.com/originals/f6/d4/44/f6d4449f7255de9083fff148f290c5e4.jpg,2000,3000,0,2026-07-29
2026-09-03,look academia feminino,4605001115539495808,28,293,0,20 Fitness Trainer Outfit Ideas for Confident...,sewmamasew.com,https://www.sewmamasew.com/20-fitness-trainer-outfit-ideas/,https://i.pinimg.com/originals/69/bb/38/69bb388ddbcf25a255162b0d9f82b339.jpg,720,1279,0,2026-07-24
2026-09-03,look academia feminino,AX9fQEcqNgK515IYvsb48gwz7zcHdhJIlHEhsdysnw9pMXzbBwgSPxZ-wWKOwhUHw0dLvWjhJfYR-Gira59cmj0,29,1,0,QINSEN Workout Sets for,amazon.com,https://www.amazon.com/QINSEN-Outfit-Ribbed-Seamless-Workout/dp/B0CQK7V7KR/ref=asc_df_B0CQK7V7KR?hvdev=%7Bdevice%7D&hvcampaign=%7Bcampaignid%7D&hvadgroupid=%7Badgroupid%7D&hvprdptid=%7Bproduct_partition_id%7D&hvprdgrpid=%7Bpromoted_product_group_id%7D&hvcr=%7Bcreative_id%7D&hvadid=%7Badid%7D&hvprdid=%7Bproduct_id%7D&hvplc=%7Bplacement%7D&psc=1&tag=%7Bifnotmobile:ushpadpinde-20%7D%7Bifmobile:ushpad,https://i.pinimg.com/originals/d9/f9/0c/d9f90c475c3b5b845713ffd64672ee47.jpg,1000,1500,0,2026-03-20
2026-09-03,look academia feminino,AVq_O5UUk70k8ENkRCWIDX-0klztOQTdJ_h9R4jwzoPeG6FJoAzBHnOfcvLJE7J2ThN0cm6YGemDe-iICH_YdYc,30,2,0,Fall Athleisure You’ll,amzlink.to,https://amzlink.to/az0YY8fy6517X,https://i.pinimg.com/originals/60/57/de/6057de7b13feb39c11fd41ef1086d2c9.png,1000,1500,0,2026-08-07
2026-09-03,look academia feminino,ASFlL0Ex0EYHZUC-_Ivfeic1M85DLHMYPNxHzv636uxl4j7XS-7ii75rTB8uZfLqBYAeU9IBGxirmp_yxkRfQaA,31,1,0,SUUKSESS 2 Piece Workout,amazon.com,https://www.amazon.com/SUUKSESS-Workout-Racerback-Waisted-Pockets/dp/B0G2S4KG8Q/ref=asc_df_B0G2S4KG8Q?hvdev=%7Bdevice%7D&hvcampaign=%7Bcampaignid%7D&hvadgroupid=%7Badgroupid%7D&hvprdptid=%7Bproduct_partition_id%7D&hvprdgrpid=%7Bpromoted_product_group_id%7D&hvcr=%7Bcreative_id%7D&hvadid=%7Badid%7D&hvprdid=%7Bproduct_id%7D&hvplc=%7Bplacement%7D&psc=1&tag=%7Bifnotmobile:ushpadpinde-20%7D%7Bifmobile:u,https://i.pinimg.com/originals/47/d0/8f/47d08fe82aa79e0cdd6872aef389d59f.jpg,1280,1600,0,2026-08-11
2026-09-03,look academia feminino,129408189289861641,32,110,0,Corpo tonificado,,,https://i.pinimg.com/originals/93/29/e6/9329e66cd6d917d5d2a3b157937dc55d.png,941,1672,0,2026-08-09
2026-09-03,look academia feminino,1111966964270483249,33,208,0,"Gym Aesthetic: Confident, Fit, and Fearlessly You",,,https://i.pinimg.com/originals/d3/3e/f8/d33ef8dbaa1ffcb6268296352506da02.png,941,1672,0,2026-05-31
2026-09-03,look academia feminino,1108800370789707119,34,413,0,,,,https://i.pinimg.com/originals/5a/95/be/5a95be781f6d44d4dc9ce7596a551741.png,1024,1536,0,2026-06-16
2026-09-03,look academia feminino,Afw2cVinDcZUQtCbZkcscNV6HJOj6DSE3ZEshcT8N5h5Jsy4jBud_Z1gnNCwN8aFfFZvcwGge5AdNQV-2Cyw7iU,35,0,0,Women's Sporty Jogging,natrosa.com,https://natrosa.com/products/womens-sporty-jogging-suit-two-piece-set?variant=61521697800522,https://i.pinimg.com/originals/b8/3e/0d/b83e0d3a580dd29b0166fce06331413a.jpg,800,1200,0,2026-04-05
2026-09-03,look academia feminino,1087619378807688310,36,67,0,,,,https://i.pinimg.com/originals/e1/08/8e/e1088ef0bad2132c72d37ddeee925244.jpg,736,981,0,2026-07-21
2026-09-03,look academia feminino,1094022934507075644,37,39,0,healthy lifestyle vision board | Descubre las,,,https://i.pinimg.com/originals/55/89/40/55894089170a963e81a7a0bc599673ab.jpg,736,1300,0,2026-06-23
2026-09-03,look academia feminino,21744010697092432,38,182,0,,,,https://i.pinimg.com/originals/85/3e/1b/853e1ba7c7e3b3f77c6f8d0f210dfa03.jpg,1200,2133,0,2026-08-23
2026-09-03,look academia feminino,33636328462642163,39,81,0,,,,https://i.pinimg.com/originals/c2/94/a4/c294a400c9af80de260f615b63de02dd.jpg,720,1280,0,2026-07-03
2026-09-03,look academia feminino,102456960271439058,40,621,0,,,,https://i.pinimg.com/originals/ca/66/7c/ca667cd43285446084cb02a8b0ab2fc2.jpg,1080,1920,0,2026-08-17
2026-09-03,look academia feminino,AXu6go7v4ciqk6_qObq9IJSlfQv0VGl2SPB0yKsL2no73t1RnpJpJQJ0Cukm0cg1ZgmCDpqJ-F9KESshjZQrMlU,41,7,0,Fast Track Longline,lucyhaven.com,https://lucyhaven.com/products/fast-track-longline-active-tank-top-plum?variant=48607158534369,https://i.pinimg.com/originals/79/9e/ad/799ead70aeec097b155f719b4e2ba74d.jpg,850,1150,0,2026-07-02
2026-09-03,look academia feminino,AVGbYfcfRPJdIyNN7kSZy90Gv8DfV2pgkraO-vMobvXrNcDytmqvTUevpT8FZk-KMh6jgHYBb8PqKMLM6SWAL0g,42,7,0,The sport of you.,ae.com,https://www.ae.com/us/en/c/aerie/activewear/cat1090003?utm_source=pinterest&utm_medium=aud-trgt&utm_content=aerie&utm_campaign=%7Bcampaignid%7D&utm_term=%7Badid%7D,https://i.pinimg.com/originals/a9/01/6e/a9016ea3af964a025a9f6fe4ebb369a4.jpg,1080,1620,1,2026-08-06
2026-09-03,look academia feminino,864761565977478715,43,41,0,"Look Academia Feminino Marrom com Top, Legging e Jaqueta Fitness",meli.la,https://meli.la/16tTUhC,https://i.pinimg.com/originals/b5/d1/81/b5d181e7167cb2fde47c4784225e30ad.png,941,1672,0,2026-06-23
2026-09-03,look academia feminino,16184879908552388,44,362,0,,,,https://i.pinimg.com/originals/04/ee/44/04ee44672d2cd6e94b73080f5d67c11d.jpg,720,1280,0,2026-08-10
2026-09-03,look academia feminino,AfyGD19IEV-NghfINYnLz8Lv-A8FvCxYDJ4Fl66aZ-G0vXwGtf0nzzILPKTFSWfFSeb-O6YB0F53zNmLmRaCQHA,45,1,0,Seamless Women Short Yoga,amyfashionshop.com,https://amyfashionshop.com/products/cpwoma250902-107?variant=46831079358708,https://i.pinimg.com/originals/6e/4d/f9/6e4df96468e446b0e96ff031f62fad2e.jpg,426,639,0,2025-09-04
2026-09-03,look academia feminino,1151232723524584401,46,343,0,,,,https://i.pinimg.com/originals/ae/cc/92/aecc9206a847a25de9eebf5080c7091e.jpg,736,1306,0,2026-07-04
2026-09-03,look academia feminino,105623553758375749,47,661,0,,,,https://i.pinimg.com/originals/85/45/3b/85453bc27f63a1fc9b1206e1be43ad8c.png,1023,1537,0,2026-08-08
2026-09-03,look academia feminino,576108977356849365,48,18,0,CONJUNTO DE ACADEMIA PREMIUM🛍,onelink.shein.com,https://onelink.shein.com/46/5y254kx8ml2s?ismg_ol=325b53d78e61285d6e282bc7b41d8f87deacef501a6e529b093c9beb01668c6b_01_KOC-C,https://i.pinimg.com/originals/78/8b/92/788b9227b17af86b199df3065a17d5d4.png,768,1365,0,2026-08-16
2026-09-03,look academia feminino,611082243235412382,49,10,0,Look para usar na academia | Look fitness | Macacão vinho para academia,onelink.shein.com,https://onelink.shein.com/48/5z80wqtadcsn,https://i.pinimg.com/originals/05/07/8d/05078d7115e401dc7f5386197bacb11b.png,941,1672,0,2026-08-20
2026-09-03,look academia feminino,603623156356355911,50,31,0,Corpo Escultural,,,https://i.pinimg.com/originals/ba/23/65/ba236548b146255bd07b000d0651584c.png,941,1672,0,2026-08-25
2026-09-03,look academia feminino,129408189289850595,51,40,0,,,,https://i.pinimg.com/originals/18/de/3d/18de3da0e6c5c141a45cc6f42dc25abb.jpg,736,1104,0,2026-08-05
2026-09-03,look academia feminino,ARrdaqO5XHV3l_WHCaCUkchv3-iUoYB6ZB9FbdEkZlJbPqfU1yprOfpPJOCRRft_NJJa7Pna9xZde_ChWS6oUk0,51,1,0,BlissBlend™ Collection by,vuoriclothing.com,https://vuoriclothing.com/collections/vuori-blissblend,https://i.pinimg.com/originals/48/f2/b7/48f2b72dfdc07230c9274e3c08063fa0.jpg,1200,1500,0,2026-06-22
2026-09-03,look academia feminino,12877548933461854,52,340,0,Cute Gym Outfit Aesthetic for Your Next Workout🌸✨,tr.ee,https://tr.ee/6OIC1idnH9,https://i.pinimg.com/originals/75/35/6f/75356f941c3bf4314d34a665b4b649f5.jpg,1200,2132,0,2026-08-21
2026-09-03,look academia feminino,AWiLX98gEojz6roznmxOKuCAHuFoCar33N60I8V5cByodmGHddALeJsYswHfLDaTVuGKQ4pOFlmpYJaM7IQYum0,53,1008,0,Title: Amazon Activewear,amzlink.to,https://amzlink.to/az0K3VqzW7hMp,https://i.pinimg.com/originals/a9/da/16/a9da16ef0047e7f67a035dd56cd4ffa9.png,1000,1500,0,2026-04-15
2026-09-03,look academia feminino,570127634101035217,54,47,0,Look Fitness Feminino: da Academia para o Dia a Dia com Estilo Old Money,s.shopee.com.br,https://s.shopee.com.br/1VyLDfKsdJ?channel_type=pinterest,https://i.pinimg.com/originals/70/94/77/70947713715d69bae370039aba267e8d.png,1023,1537,0,2026-08-22
2026-09-03,look academia feminino,AeqnRMi0BnEAGXXddbEcdvgsAYIfsnsIwIZ7d6IWR2xobDcqyqRwNyv_EQ9RRviVrfZR-qznBVeyz-41n1nEPRk,55,0,0,Quince | Women's,quince.com,https://www.quince.com/women/ultra-form-v-neck-cropped-tank?color=espresso&size=xs&utm_source=pinterest&utm_medium=paid_social&utm_campaign=%7Bcampaign_name%7D&utm_adgroup=%20%7Badgroup_name%7D&utm_campaignid=%7Bcampaignid%7D&utm_adgroupid=%7Badgroupid%7D&utm_adid=%7Badid%7D&utm_creative=%20%7Bcreative_id%7D&utm_content=%7Badid%7D&utm_term=%7Badgroupid%7D&productid=%7Bproduct_id%7D,https://i.pinimg.com/originals/c9/80/5f/c9805f9a90527f9e69884a2eacc0aae1.jpg,1000,1500,0,2026-08-21
2026-09-03,look academia feminino,AbKlhBVh9ErXdwuO2TnEhEEyrVOcPaAxWPSe7w0xR90syu4pjv1Fxu8JnbjDyk28CaXYNnjXGNf9e5VqKBviu0Q,56,0,0,"Save on Vince, Nike, Sam Edelman, FRAME, Free People and more. Great Brands. Great Prices.",nordstromrack.com,https://www.nordstromrack.com/shop/new-arrivals/great-brands?campaign=newfromtopbrands_fallmedia26,https://i.pinimg.com/originals/da/58/7f/da587f35ea78a67b1799e4afa6264c5a.jpg,1080,1920,1,2026-07-29
2026-09-03,look academia feminino,AZFSh4uUdAnF3C2Oe2eX5xRNTW4N-ZQFej1HqartHyXc9Eo3rqDHEKagp6x3clCSSVT-AOn8A1lNjlvbtI-ht7o,57,1,0,Connection moves us all,brooksrunning.com,https://www.brooksrunning.com/en_us/meet-brooks/lets-run-there/,https://i.pinimg.com/originals/3a/ad/d4/3aadd477b4967eadca0f3c1ae7952a65.png,1000,1500,0,2026-06-17
2026-09-03,look academia feminino,85357355433207773,58,1160,0,Roupa de exercícios térmica,amzn.to,https://amzn.to/3Vd8vuN,https://i.pinimg.com/originals/ad/19/e7/ad19e7616acdbd1ba9852ed987be64d6.png,463,926,0,2024-08-21
2026-09-03,look academia feminino,AWk7TBs4iEjiKy7pDCPdMSxaZyWTpRSaYEehMl0cxQnpDzDmSBB9JPW_xUGw6c9JoYcil6IovclgubZ6QfcFLHQ,59,88,0,Casual Athleisure Outfit,amzn.markable.ai,https://amzn.markable.ai/GcCODmkx,https://i.pinimg.com/originals/95/8e/d5/958ed5339cbafe41746119124f313c12.png,1000,1500,0,2026-04-15
2026-09-03,look academia feminino,14847873768258615,60,339,0,25 Gym Outfit Ideas Upper Body Day for Strong Style,sewmamasew.com,https://www.sewmamasew.com/25-gym-outfit-ideas-upper-body-day/,https://i.pinimg.com/originals/92/15/93/9215930529b3e4c3241d45953d40087c.jpg,720,1280,0,2026-08-19
2026-09-03,look academia feminino,AQzA2PBDery5uJGjgeygjwAUcP27Ux8BL4jp8v9Vwuj5MxAye9rmW39nFExl2gZgvZ-mK4LaMkAv503jGzXoogc,61,0,0,Skechers Women's GO FLEX,skechers.com,https://www.skechers.com/go-flex-slim-strappy-tank/TT145_WBPR.html?utm_content=TT145-WBPR,https://i.pinimg.com/originals/39/dc/9b/39dc9bb948d74d23ce68f63a1a8d9cd1.jpg,708,1062,0,2026-03-07
2026-09-03,look academia feminino,AYpuPqChpQsKqz68z2GO1EXoJhtyqZULRhRj4PPwGNLDR3i48Bpc1-5tlm79l6C_4zTqh4bQ8YxAXul7jQDpWTc,62,12,0,Fabletics Women's,fabletics.com,https://www.fabletics.com/products/PURELUXE-LONGLINE-LOW-IMPACT-BRA-BA2500631-5618?utm_medium=paid_social_media&utm_source=pinterest&utm_campaign=productfeed,https://i.pinimg.com/originals/dd/71/29/dd71296aa8aa1f8f5a59b60bdbcdea66.jpg,998,1498,0,2026-01-24
2026-09-03,look academia feminino,ATy8a9yla7dOrYS6Himbwp6wK-8dWyVRz1V-Ei2wYdqgsCjIKPcNLziKPMI8LsCDaWeSRczcXcv-0fULBW7oT9k,63,61,0,Amazon Athleisure Outfit,urlgeni.us,https://urlgeni.us/amzn/3_SRRv,https://i.pinimg.com/originals/87/52/f7/8752f74030cd77eb9f131eb0fc401426.png,1000,1500,0,2026-02-04
2026-09-03,look academia feminino,671106782015583151,64,1315,0,,,,https://i.pinimg.com/originals/9b/87/7d/9b877ddf515c539a3c99db949b5b213b.jpg,766,1183,0,2025-12-01
2026-09-03,look academia feminino,ATDXbVfOleSrEBXWy5v0KVBxiPAIQg121f2hMYcZgaMSDkjOaZyg7-jLglB3F8XwXMDMs54V4S-sJ0qoajnXPnA,65,6,0,Amazon Activewear That,amzlink.to,https://amzlink.to/az0aKL5louKsO,https://i.pinimg.com/originals/a8/8d/5d/a88d5dbf131da96527fdee35eaf1e40d.jpg,1000,1500,0,2026-08-22
2026-09-03,look academia feminino,917749230396071925,66,1,0,Looks fitness que valorizam o visual,s.shopee.com.br,https://s.shopee.com.br/50YJvszBnl?channel_type=pinterest,https://i.pinimg.com/originals/5b/b7/00/5bb700963e5f05791e08f1b4986120b3.jpg,1852,3200,0,2026-08-19
2026-09-03,look academia feminino,Aft_28cNiBF7q080nXNV2K0LRF-HKHTOg4weBO3CxSxC_QSZ9nxlReGAxJ0dFyfExEw9jTT2_3mCJKPPZ8uifuk,67,7,0,This $20 Challenge Is,upliftbylindseyharrod.com,https://upliftbylindseyharrod.com/pages/core-collective,https://i.pinimg.com/originals/ce/c4/c8/cec4c80341788f1d3a26405cde154687.png,941,1672,0,2026-07-21
2026-09-03,look academia feminino,47358233578706606,68,20,0,,,,https://i.pinimg.com/originals/b1/1c/63/b11c63e1197e627a98f6e5649974bc31.png,749,1316,0,2026-07-16
2026-09-03,look academia feminino,1128362881679438699,69,332,0,,analweb.netlify.app,https://analweb.netlify.app/?u=https://dijbi.com/workout-guide-hourglass-figure/%3Futm_campaign%3Dengineer%26utm_source%3Dmomo%26utm_medium%3Dsocial,https://i.pinimg.com/originals/85/d2/35/85d2355ae88499d11f0ce96590d51c61.jpg,736,1104,0,2026-06-21
2026-09-03,look academia feminino,93801604735602760,70,129,0,,,,https://i.pinimg.com/originals/0d/a7/66/0da76689a0a2b812090eb91d5e531d62.png,971,1619,0,2026-07-30
2026-09-03,look academia feminino,1108800370790994912,71,35,0,,,,https://i.pinimg.com/originals/73/0f/4d/730f4d315c2fc433be72f02e79fa00a6.jpg,1023,1537,0,2026-07-04
2026-09-03,look academia feminino,Ae_KTCp7WXVbkhp7WnQZ8P_66k5q13zpgV00p_xhkvLE74XMBYceU0JOtDd70VsTiRfR2b5Z-PEioymbTgvGHXo,72,33,0,Find flared leggings,kohls.com,https://www.kohls.com/catalog/womens-flx.jsp?CN=Gender:Womens+Brand:FLX&BST=5015153&icid=social-paid-pnvid-wflxleggingslooks-np-2608wk2&cid=SO26PDPIN0609&utm_campaign=paid_social&utm_medium=paid_social&utm_source=pinterest&utm_content=2026pdpin609,https://i.pinimg.com/originals/b2/db/00/b2db008b854f55ea2f7fc1c895999e6e.jpg,1000,1500,1,2026-08-05
2026-09-03,look academia feminino,1048072144545502994,73,1202,0,@sstyle.me,,,https://i.pinimg.com/originals/59/94/58/599458c07a8f9a57ccc2e8b66720cbfe.jpg,1320,2346,0,2026-01-05
2026-09-03,calca jeans flare,1064890274428755593,2,196,0,Calça flare jeans: look elegante e feminino para se inspirar ✨,clubgirls.lovable.app,https://clubgirls.lovable.app/blog/looks-com-calca-flare-jeans-3-ideias-para-usar-em-diferentes-ocasioes,https://i.pinimg.com/originals/4e/18/02/4e1802ce49273c3128cb0eec2e3d2992.jpg,900,1600,0,2026-08-10
2026-09-03,calca jeans flare,Aeqdk4E7Ada_x5Z8anYF1IKQVPuJRJV3r3JS-Em3KSM7VWFmONf5PyJaVv_8uxApMB8YVTYqt1MhuPwg7_e5lA4,3,0,0,Tecovas Women's Mid-Rise,tecovas.com,https://www.tecovas.com/products/womens-mid-rise-slim-flare?color=medium-wash-stretch-denim,https://i.pinimg.com/originals/70/33/0b/70330bb2551c04e6d727593eea310e4f.png,2000,2500,0,2026-08-27
2026-09-03,calca jeans flare,Ae70LyW2WDk6asMB3cLrFzGMLBYYr9LmI_DkMfba-ZkNxMuEFHYpYivpz9rhDii2aGaadOHIES9WVNfr3ntGSoc,4,722,0,Amazon Capsule Wardrobe,amzlink.to,https://amzlink.to/az0RlrZywll67,https://i.pinimg.com/originals/28/ad/d0/28add003079a701cb237c1be2d6ee3fb.png,1000,1500,0,2026-04-19
2026-09-03,calca jeans flare,AZQZGO4RQ0sjBaj3yFggToUqs0YZhcc1KcIBCvIlb8xwQ3kfCWxSiAPO7Zot5kXEJ1Hm7b5enbv33_5MXEgw-2M,5,2,0,New Women's Stretch Denim,us.shein.com,https://us.shein.com/ark/default?scene=1&test=5051&ad_type=DPA&goods_id=438385586&pf=PINTEREST&url_from=PINADSDPA&ismg=a95d0021f3b8e3c1ee742e0d23f98b3bc0ffa232fb179151766d0c914c066728_01_1788368971,https://i.pinimg.com/originals/d3/96/ab/d396ab54c87561156a26f1770cf5c777.jpg,1350,1800,0,2026-06-09
2026-09-03,calca jeans flare,124904589661538658,6,92,0,,i.pinimg.com,https://i.pinimg.com/1200x/82/63/23/8263235ef377733c8dc738bcad8e681c.jpg,https://i.pinimg.com/originals/55/7e/0e/557e0e0222d8e8113cc189df6672116a.png,941,1672,0,2026-08-10
2026-09-03,calca jeans flare,1083608360376672681,7,464,0,Boot cut jeans styling✨,,,https://i.pinimg.com/originals/1f/db/e6/1fdbe660aa979ebecc7ae0914db76eae.png,1024,1536,0,2026-07-28
2026-09-03,calca jeans flare,229613280997178658,8,1011,0,,,,https://i.pinimg.com/originals/4d/e9/90/4de9903d13067736b3a1cc00d6ffa19b.png,1047,1501,0,2026-07-27
2026-09-03,calca jeans flare,ATplSzOhu1575FI9FCC8sF9X8-7olZnFqURgs9Qw76aneYEsjq1UzXC9M1GReI3AqKmY6XZMLWD7NZ5qd4_7-A4,9,5,0,Shyanne High Rise Super,ebay.com,https://www.ebay.com/itm/178187963609?norover=1&siteid=1&mkevt=1&mkcid=16&chn=psoc,https://i.pinimg.com/originals/80/4e/2c/804e2c409959bfb8baa41693dcf8971c.jpg,583,1099,0,2026-06-13
2026-09-03,calca jeans flare,104568022596790596,10,417,0,Instagram,instagram.com,https://www.instagram.com/p/DXm5v_ACQmX/,https://i.pinimg.com/originals/6e/6d/7b/6e6d7b1997667d695dddd4e1fe0eea10.jpg,1080,1440,0,2026-05-16
2026-09-03,calca jeans flare,AdjBZQPU8asBDq3Aiw3S-ZZTCADvaCoG6TMhKl6uGJkptKsHl214FmlHK6KLKKzTwyk10NfoFhLb1ZX9jM9Ys0Q,11,1,0,Slimming Wide-leg Jeans,helloomni.com,https://www.helloomni.com/products/slimming-wide-leg-jeans-with-lace-paneling-color-blocking-and-beading?variant=6e87c98c-f908-4d6f-b98c-7b4c79ce41d8,https://i.pinimg.com/originals/d2/b8/78/d2b878a2632ccb0f21f0d8f41eb29645.jpg,1071,1607,0,2026-07-11
2026-09-03,calca jeans flare,AXo7gEhFPDQJ22rumu6bDXFRx8O-i0ueMVZpbp17jU0VPn46igk8T_JfH_NbP-uuVQne3h6fICBViW1DXlrP7cc,12,0,0,Fiona High Waisted Bell,etsy.com,https://www.etsy.com/listing/4319117286/fiona-high-waisted-bell-bottom-jeans,https://i.pinimg.com/originals/2b/5a/5e/2b5a5ee202979e6e314b4bdc302f233c.jpg,1066,1600,0,2026-07-24
2026-09-03,calca jeans flare,Acx8fGcnBTCFpSJiJMjMG1xVqccSToWIr3ub1rzIRj2KVzKy0h4c9zOKIlU5Lxkt5CjTdiYOw5WNCBt2A68YfF0,13,57,0,High-Rise Bootcut Jean,bananarepublic.gap.com,https://bananarepublic.gap.com/browse/product.do?pid=826984012&vid=3,https://i.pinimg.com/originals/a6/92/81/a69281b54e533b5d4075df49a361e063.jpg,1500,2000,0,2026-07-29
2026-09-03,calca jeans flare,4597119808352638336,14,379,0,30 Outfit Ideas for Long Legs to Elevate Your...,sewmamasew.com,https://www.sewmamasew.com/30-outfit-ideas-for-long-legs/,https://i.pinimg.com/originals/bd/da/08/bdda08de60c4e4a147056e493e269326.jpg,720,1279,0,2026-07-24
2026-09-03,calca jeans flare,AZjrfKP6Nx-iiozuinhNAB8X1hmnbbMuq5aWHzREOfh0MACQ87Wfjs2beAA2a7kfkpJUnKtkjYGEWA1pz8-6sNk,15,39,0,Bell Bottom Jeans for,amazon.com,https://www.amazon.com/Butterfly-Elastic-Classic-2229Light-Blue_X-Large/dp/B0D9HHDMKX/ref=asc_df_B0D9HHDMKX?hvdev=%7Bdevice%7D&hvcampaign=%7Bcampaignid%7D&hvadgroupid=%7Badgroupid%7D&hvprdptid=%7Bproduct_partition_id%7D&hvprdgrpid=%7Bpromoted_product_group_id%7D&hvcr=%7Bcreative_id%7D&hvadid=%7Badid%7D&hvprdid=%7Bproduct_id%7D&hvplc=%7Bplacement%7D&psc=1&tag=%7Bifnotmobile:ushpadpinde-20%7D%7Bifmo,https://i.pinimg.com/originals/d1/c8/59/d1c859007cb12ca7a1a493218d90bfeb.jpg,879,1600,0,2026-04-18
2026-09-03,calca jeans flare,1086845322606701097,16,1,0,Calça perfeita 😍,br.shp.ee,https://br.shp.ee/99fn19je?smtt=0.0.9,https://i.pinimg.com/originals/52/cc/ca/52ccca32b795580e0b718fda7eea74bb.png,941,1672,0,2026-08-14
2026-09-03,calca jeans flare,4601201201488587648,17,169,0,30 Flare Jeans Outfit Ideas With a Sweater for...,sewmamasew.com,https://www.sewmamasew.com/30-flare-jeans-outfit-ideas-with-a-sweater/,https://i.pinimg.com/originals/31/84/dd/3184ddc9ad781d77b2d2bd74161cc3d6.jpg,720,1280,0,2026-07-24
2026-09-03,calca jeans flare,AUGOmKYERIVyt1WZtkJSNm-d0bQbefEs_7K3yaR-rYJ41Oy1w4gzI3PqNhepv-puAk1i8jJMJOz-43pI485pxmg,18,3,0,Women's Bell Bottom Jeans,amazon.com,https://www.amazon.com/Embroidery-Butterfly-Bottom-Distressed-BlueDenim/dp/B09PYKXBDK/ref=asc_df_B09PYKXBDK?hvdev=%7Bdevice%7D&hvcampaign=%7Bcampaignid%7D&hvadgroupid=%7Badgroupid%7D&hvprdptid=%7Bproduct_partition_id%7D&hvprdgrpid=%7Bpromoted_product_group_id%7D&hvcr=%7Bcreative_id%7D&hvadid=%7Badid%7D&hvprdid=%7Bproduct_id%7D&hvplc=%7Bplacement%7D&psc=1&tag=%7Bifnotmobile:ushpadpinde-20%7D%7Bifmo,https://i.pinimg.com/originals/cd/5e/4d/cd5e4d7342a0170a4bf3066ea9f01f92.jpg,1000,1950,0,2026-05-07
2026-09-03,calca jeans flare,4362930884563651,19,443,0,Instagram,instagram.com,https://www.instagram.com/p/CyPIPWQtOQj/,https://i.pinimg.com/originals/9b/02/0d/9b020d4362f039a05ba0515b61eaa4c9.png,640,853,0,2026-01-21
2026-09-03,calca jeans flare,Ad2BjnBnbPB7WdEmZmdRsbc8qi51HehtLHX91Opk1F_zVGJkFL6aMXSA5LLZ62cMeoqxMVR74gFhx3JmaFzOh-8,20,1,0,Dark Wash Mid Rise Flare,seesawboutique.com,https://seesawboutique.com/products/dark-wash-mid-rise-flare-jeans?variant=53946982760764,https://i.pinimg.com/originals/1f/5a/39/1f5a39d82e1068bf9a96611bd2e3bdd7.jpg,1200,1800,0,2026-08-05
2026-09-03,calca jeans flare,816629344978905496,21,1,0,Calça Jeans Flare Feminina Cintura Alta | Look Elegante e Modelador,vt.tiktok.com,https://vt.tiktok.com/ZS9kddGRsQfKR-3W1hO/,https://i.pinimg.com/originals/7f/43/9b/7f439b449a0e9baaeafb9d8073e8707a.png,1023,1537,0,2026-08-11
2026-09-03,calca jeans flare,AV1vP6O7REBZmEH_TOn4hiNQxG56mgIFk5mO8YGByIlHcXFu6CAkvvSXPGS0KFEeh8Ex1dYolYG6YMs3ohqOGTI,22,17,0,Skinny Ripped Bell Bottom,amazon.com,https://www.amazon.com/LaiyiVic-Bottom-Waisted-Ripped-Frayed/dp/B0C5LJW9J2/ref=asc_df_B0C5LJW9J2?hvdev=%7Bdevice%7D&hvcampaign=%7Bcampaignid%7D&hvadgroupid=%7Badgroupid%7D&hvprdptid=%7Bproduct_partition_id%7D&hvprdgrpid=%7Bpromoted_product_group_id%7D&hvcr=%7Bcreative_id%7D&hvadid=%7Badid%7D&hvprdid=%7Bproduct_id%7D&hvplc=%7Bplacement%7D&psc=1&tag=%7Bifnotmobile:ushpadpinde-20%7D%7Bifmobile:ushpad,https://i.pinimg.com/originals/ef/ef/54/efef5478e751e7c0b79fcb7a195e2f93.jpg,561,1000,0,2026-01-23
2026-09-03,calca jeans flare,4611404661620979776,23,684,0,30 Flare Jeans Outfit Ideas With Flats for Easy...,sewmamasew.com,https://www.sewmamasew.com/30-flare-jeans-outfit-ideas-with-flats/,https://i.pinimg.com/originals/67/af/f3/67aff38c34bd1b4fdc7be0b2f289a3b4.jpg,720,1280,0,2026-07-24
2026-09-03,calca jeans flare,ARncSd997VnuDZOdeWDlH__biqS8k1ZV1qyyJqPTfVC9wRoIUVH2kMv7PfpJZI0uWfHrJ77oDl9vPyclca82T6o,24,22,0,CutieLove Women's Ripped,amazon.com,https://www.amazon.com/CutieLove-Womens-Bottom-Destroyed-Stretch/dp/B0DLWDBSS3/ref=asc_df_B0DLWDBSS3?hvdev=%7Bdevice%7D&hvcampaign=%7Bcampaignid%7D&hvadgroupid=%7Badgroupid%7D&hvprdptid=%7Bproduct_partition_id%7D&hvprdgrpid=%7Bpromoted_product_group_id%7D&hvcr=%7Bcreative_id%7D&hvadid=%7Badid%7D&hvprdid=%7Bproduct_id%7D&hvplc=%7Bplacement%7D&psc=1&tag=%7Bifnotmobile:ushpadpinde-20%7D%7Bifmobile:us,https://i.pinimg.com/originals/dd/83/92/dd83923e9b0d8f972d79be46b47057a6.jpg,1100,1600,0,2025-11-13
2026-09-03,calca jeans flare,148829962682961683,25,1201,0,,,,https://i.pinimg.com/originals/1b/19/4e/1b194e902def695ab5be58a30cc3a645.jpg,704,1344,0,2025-09-04
2026-09-03,calca jeans flare,AQqhH_lHto5W5qL_zJg1FVmYOwXJWBDGbi8_Xh1kQLu37GbSJyCD39bdD-YhiyjcogkFsZiLia04gjN_OuGXP4E,26,0,0,Depop Women's Jeans,depop.com,https://www.depop.com/products/reviveandblohm-cello-jeans-womens-11-blue-a7b0/?pla_feed=US,https://i.pinimg.com/originals/5d/f0/03/5df003507db127a526f83ea6a7b7616d.jpg,1280,1280,0,2026-08-30
2026-09-03,calca jeans flare,ARpvVpTcmzuXKUz59vRKs4JZv7rrfc6gq1Q3xy-VYA5pBa8ReqvBHp-ac2lWbsKAORSrWEX4n8FCpj14wUsDW5Y,27,0,0,High-Rise Flare Jean,whitehouseblackmarket.com,https://www.whitehouseblackmarket.com/store/product/High-Rise-Flare-Jean/570393340?inseam=regular&sizeType=regular&color=7016&size=00,https://i.pinimg.com/originals/91/5e/13/915e13324ea4efa5d084a67cc8e2c044.jpg,1000,1500,0,2026-01-29
2026-09-03,calca jeans flare,2040762329698235,28,60,0,25 Flare Jeans Outfit Ideas With White Sneakers for Casual Chic,sewmamasew.com,https://www.sewmamasew.com/25-flare-jeans-outfit-ideas-with-white-sneakers/,https://i.pinimg.com/originals/42/94/8f/42948fd7f1e08afbe9dfa2b2f056dec5.jpg,720,1280,0,2026-08-17
2026-09-03,calca jeans flare,1084734260250746357,29,25055,0,,,,https://i.pinimg.com/originals/c0/63/37/c06337d6156c8074ea6bacc9a1904001.jpg,857,1297,0,2025-01-14
2026-09-03,calca jeans flare,AT4gxetzUTUm93lyFgRhVITbJn7fuP-0ZgIefuJOs_jQMiSBSp9MRLhqTyjsBur8Rwn3MSBwdp3Ca-bToRT-U3M,30,1,0,Fiona High Waisted Bell,willowboutique.com,https://willowboutique.com/products/fiona-high-waisted-bell-bottom-flare-jeans-all-colors?variant=48222039900403,https://i.pinimg.com/originals/69/21/be/6921be34d22475eb257d4805e29316ec.jpg,2316,3088,0,2025-12-18
2026-09-03,calca jeans flare,577023771055738105,31,143,0,Calça flare - SHEIN,onelink.shein.com,https://onelink.shein.com/45/5x99t1ub4zns,https://i.pinimg.com/originals/f0/a5/87/f0a587f141c498ca9ed8cfb8f400be9a.jpg,736,1308,0,2026-08-20
2026-09-03,calca jeans flare,900579256759768121,32,3660,0,Elegant White Lace Top & Pearl Detail Flared Jeans Outfit 🤍 | Soft Girl Aesthetic Fashion Inspo,,,https://i.pinimg.com/originals/07/2a/6b/072a6bda8d1fae67c6f0dfa33362813f.png,941,1672,0,2026-07-14
2026-09-03,calca jeans flare,765260161728172992,33,3,0,Calça Flare Country Lavagem Escura e Clara Marmorizada Jeans Premium,s.shopee.com.br,https://s.shopee.com.br/196gEL00W?channel_type=pinterest,https://i.pinimg.com/originals/66/6f/b2/666fb28eac0ecc4c16bce7bfb274cc05.jpg,736,974,0,2026-07-27
2026-09-03,calca jeans flare,151785449938030568,34,1003,0,,,,https://i.pinimg.com/originals/56/5a/12/565a12c6333f611af4e87dbf61387691.jpg,736,1104,0,2026-08-12
2026-09-03,calca jeans flare,46865652369714896,35,145,0,"I Like Music More Than People"" Graphic Crop Tee Outfit | Y2K Flare Jeans Aesthetic",,,https://i.pinimg.com/originals/d7/b6/75/d7b675640ce838336f10db6720e69599.jpg,768,1364,0,2026-08-21
2026-09-03,calca jeans flare,2040762329699452,36,155,0,calça boca larga jeans cintura alta,s.shopee.com.br,https://s.shopee.com.br/4ftNb4PYp8?channel_type=pinterest,https://i.pinimg.com/originals/b4/41/d5/b441d5ab069e09afd2180784eabca180.jpg,736,1318,0,2026-08-17
2026-09-03,calca jeans flare,4595008724430865280,37,0,0,Calça Jeans Flare Feminina Modeladora Cintura Alta Boca Larga Azul Escuro,br.shein.com,https://br.shein.com/ark/default?scene=1&test=5051&ad_type=DPA&goods_id=546281691&pf=PINTEREST&link_type=link&url_from=PINADSDPA&ismg=c6dffe7c8d7779b79a2a209136ded975f3cc6123902a06323f9743c22a4ebaaf_01_1788370890,https://i.pinimg.com/originals/a2/50/fc/a250fcade7db541b46bc90f84a9b2217.jpg,1340,1785,0,2026-08-18
2026-09-03,calca jeans flare,AfKMZvDzyhamaim_y0b_QWD2xuH5YC2ny0eydgGl3muA-T7TGKMp_mxjjrq8YvyDVEI9kkonYh3g_6GYjDNYc0c,38,8,0,Women's Fashion Bell,amazon.com,https://www.amazon.com/Destoryed-Elastic-Ripped-Stretch-XX-Large/dp/B0B8G7WQZR/ref=asc_df_B0B8G7WQZR?hvdev=%7Bdevice%7D&hvcampaign=%7Bcampaignid%7D&hvadgroupid=%7Badgroupid%7D&hvprdptid=%7Bproduct_partition_id%7D&hvprdgrpid=%7Bpromoted_product_group_id%7D&hvcr=%7Bcreative_id%7D&hvadid=%7Badid%7D&hvprdid=%7Bproduct_id%7D&hvplc=%7Bplacement%7D&psc=1&tag=%7Bifnotmobile:ushpadpinde-20%7D%7Bifmobile:us,https://i.pinimg.com/originals/51/6d/1d/516d1d727fddb7a56d2b7b24f6aab7d4.jpg,1000,1500,0,2026-03-03
2026-09-03,calca jeans flare,1143984742879818114,39,2,0,calça flare SHEIN,onelink.shein.com,https://onelink.shein.com/47/5yl2l5kdrbie,https://i.pinimg.com/originals/2a/05/ce/2a05cedcbb85f71ffddc17d6f23fa422.jpg,720,959,0,2026-08-11
2026-09-03,calca jeans flare,AeTh6cakFl5rt7KbFInHXFvfy_07lEJuL3_boT0bJ4livE1qRtrDEHUXLh-d5EQ8ZnZ9pCaZN_bYQ3UbkbZH65U,40,1,0,Behind every original is,levi.com,https://www.levi.com/US/en_US/features/behindeveryoriginal?Camp=Brand_Pinterest_NA_NA_NA_26H2_BRD_US_BEO*pin_%7Bcampaignid%7D_%7Badgroupid%7D_%7Bcreative_id%7D,https://i.pinimg.com/originals/1c/e9/9a/1ce99aaa9e6650a404df5e533758fc61.jpg,1080,1920,1,2026-01-30
2026-09-03,calca jeans flare,42432421485013256,41,7082,0,,,,https://i.pinimg.com/originals/87/93/8a/87938a1fcb5f4288a256499b7b41859d.jpg,736,1308,0,2025-08-18
2026-09-03,calca jeans flare,AVUnGv7HgFhePALeg8zM1zHDQ9MIyf37uRH0S81HG8g4M-zamWpzYotx8aX0ZwhVRwzI8POiFWaK4mMWi-4Oo10,42,2,0,WGXWGX Women's Flare,amazon.com,https://www.amazon.com/Stretchy-Distressed-Bootcut-Streetwears-Regular/dp/B0FH9VK83S/ref=asc_df_B0FH9VK83S?hvdev=%7Bdevice%7D&hvcampaign=%7Bcampaignid%7D&hvadgroupid=%7Badgroupid%7D&hvprdptid=%7Bproduct_partition_id%7D&hvprdgrpid=%7Bpromoted_product_group_id%7D&hvcr=%7Bcreative_id%7D&hvadid=%7Badid%7D&hvprdid=%7Bproduct_id%7D&hvplc=%7Bplacement%7D&psc=1&tag=%7Bifnotmobile:ushpadpinde-20%7D%7Bifmob,https://i.pinimg.com/originals/fd/fd/0d/fdfd0d3d7c87c21d3cf24ba44883bfdc.jpg,433,577,0,2026-06-13
2026-09-03,calca jeans flare,AYohj-Ek32MeHo7c6acltYn9bPpNRTZIa_Uf5TS8uZAWlowv8aafFTLfF2ZOOf33W5lJfJmyxd9ZekbbMDzayF0,43,0,0,Bayeas Release Hem Mid,lyst.com,https://www.lyst.com/clothing/bayeas-release-hem-mid-rise-ankle-flare-jeans/?product=UWPFKTN&link_id=1212481060&show_express_checkout=true&_country=US&atc_medium=cpc&atc_grouping=paidsocial&atc_country=US&atc_source=pinterest,https://i.pinimg.com/originals/04/99/66/0499664433bb060b28e4169fe943981b.jpg,501,768,0,2026-08-26
2026-09-03,calca jeans flare,4362930884812819,44,588,0,,scontent-lga3-3.xx.fbcdn.net,https://scontent-lga3-3.xx.fbcdn.net/v/t51.82787-15/515937585_18516843511022225_5266618338646866350_n.jpg?_nc_cat=108&ccb=1-7&_nc_sid=127cfc&_nc_ohc=B9nJBDtCq9UQ7kNvwF70n2M&_nc_oc=Adm2YCdkHZ35NGCY-xB9KOl_pZ2bfIM1hP_Dg6_8vtrdKzdAlqJ_d_HxdDvxbQhlzX19BfdT4uDb6ncjPj33uTfp&_nc_zt=23&_nc_ht=scontent-lga3-3.xx&_nc_gid=MMBrY1zyCZQB8gJiG0VjXQ&oh=00_AfQgO3PchWAMofThzLhKnNRjbWp-eCuWAmF1cqI875nHug&oe=68848BBA,https://i.pinimg.com/originals/cc/87/fc/cc87fc4bdb3bea5b608481d69a29eebf.png,1000,1333,0,2026-04-14
2026-09-03,calca jeans flare,AW52Q5Cm6NXt1mlLtJQnD8nS3hIvKLKKWo04A37VjbKKV5CTqOhC7gBnq294E-dp2PzmsJOCwgkr9jZKSg4hxC4,45,5,0,Girls High-Rise Flare,hollisterco.com,https://www.hollisterco.com/shop/us/p/high-rise-medium-wash-flare-jeans-60534819,https://i.pinimg.com/originals/fd/f2/0f/fdf20f0ff1b322e3e233ab5187c090bb.jpg,800,1000,0,2025-12-02
2026-09-03,calca jeans flare,4597119800787004032,46,2,0,Calça Jeans Feminina Lavagem Azul Flare Cintura Alta Boca de Sino com Lycra Modeladora,br.shein.com,https://br.shein.com/ark/default?scene=1&test=5051&ad_type=DPA&goods_id=43606782&pf=PINTEREST&link_type=link&url_from=PINADSDPA&ismg=3add4cfbf52b5b4db26a60a922d5974895472a2cd3322b14ba2720e6b67d671e_01_1788370591,https://i.pinimg.com/originals/a9/ca/35/a9ca35ddcbe3afe7bc217c3b0732792d.jpg,1340,1785,0,2026-05-16
2026-09-03,calca jeans flare,12947917676207116,47,283,0,40 Cute Jeans Outfits for Effortlessly Stylish...,sewmamasew.com,https://www.sewmamasew.com/40-cute-jeans-outfits/,https://i.pinimg.com/originals/2d/94/9a/2d949a03b37eabe927e1c45269abf183.jpg,720,1279,0,2026-07-14
2026-09-03,calca jeans flare,945615252996929118,48,13012,0,,,,https://i.pinimg.com/originals/8a/07/7c/8a077cfaef9dc5b32dbf503c23932096.jpg,1340,1785,0,2024-02-02
2026-09-03,calca jeans flare,9781324187232196,49,2318,0,Calça jeans cintura alta Flare Feminino boca de sino cós alto levanta bumbum lycra Elastano Premium,s.shopee.com.br,https://s.shopee.com.br/5VHrrOpQdV?channel_type=pinterest,https://i.pinimg.com/originals/69/43/45/6943455671d814e877908404a84e0274.jpg,735,1086,0,2026-02-27
2026-09-03,calca jeans flare,4601623371286785920,50,1,0,Calça Jeans Feminina Flare Boca de Sino Comfortavel Blue Azul Ziper e Bolso Cintura Alta Modela Corpo look,br.shein.com,https://br.shein.com/ark/default?scene=1&test=5051&ad_type=DPA&goods_id=489266661&pf=PINTEREST&link_type=link&url_from=PINADSDPA&ismg=2c68d562fcc3706e607616363e2c8a8838b0532ae25aaaf9354d0229830ddeec_01_1788195780,https://i.pinimg.com/originals/3c/ca/79/3cca796780158d6a8ff374837fdd3827.jpg,1208,1600,0,2026-08-17
2026-09-03,calca jeans flare,AZgwlK6_Shk-AnhZ7csxvy7N1EdHJ1jdLMJztmVMAtD-FauM-46wH7CEtF9anCxo7F5oavFEaufqVfJcJCU1OF8,51,10,0,Find the latest denim at,kohls.com,https://www.kohls.com/catalog/womens-jeans-bottoms-clothing.jsp?CN=Gender:Womens+Product:Jeans+Category:Bottoms+Department:Clothing&BST=6125774:7922007:8134347&icid=social-paid-pnstatcoll-denimtrendbadge1-wjeans-np-2608wk3&cid=SO26PDPIN0626&utm_campaign=paid_social&utm_medium=paid_social&utm_source=pinterest&utm_content=2026pdpin626,https://i.pinimg.com/originals/b9/b3/ea/b9b3ea1c8802488ed08d562bd1512f0a.png,1000,1500,0,2026-08-14
2026-09-03,calca jeans flare,4605915911716625280,52,477,0,30 Summer Outfits With Flare Jeans: Chic Retro...,sewmamasew.com,https://www.sewmamasew.com/30-summer-outfits-with-flare-jeans/,https://i.pinimg.com/originals/df/e9/03/dfe903e6b2a74ca024527ec74720a6a4.jpg,720,1280,0,2026-07-24
2026-09-03,calca jeans flare,4601130837091889024,53,0,0,Calça Flare Jeans feminina Infantil Juvenil 10 ao 16 Perna Larga,br.shein.com,https://br.shein.com/ark/default?scene=1&test=5051&ad_type=DPA&goods_id=538953931&pf=PINTEREST&link_type=link&url_from=PINADSDPA&ismg=d6e547adc913b8c92e796cc97056d373d8df2304f631e0b8e4b087153162a059_01_1788370553,https://i.pinimg.com/originals/62/0a/03/620a031c31a780cb01ff41a20d40f092.jpg,1340,1785,0,2026-08-17
2026-09-03,calca jeans flare,4593249476578413184,54,1892,0,35 Flattering Outfit Ideas for Hourglass Figure...,sewmamasew.com,https://www.sewmamasew.com/35-outfit-ideas-for-hourglass-figure/,https://i.pinimg.com/originals/14/69/2d/14692da714a78779c742dbc6dd8df82b.jpg,720,1279,0,2026-05-16
2026-09-03,calca jeans flare,AepedjrumhQEnHGHy9wqa6RN3710TeYQ9SMnfiC_ievLI_efAt1ctVvahZUDp5glps2qakeTY0VaZJgtO-n1lkY,55,0,0,Women's Western Style,us.shein.com,https://us.shein.com/ark/default?scene=1&test=5051&ad_type=DPA&goods_id=194784507&pf=PINTEREST&url_from=PINADSDPA&ismg=3da8cdd3bc37d6349a10f50544cf15a659ecc82f10b7620fbe3ebb95ee0048fa_01_1788368964,https://i.pinimg.com/originals/7a/9e/40/7a9e401af653b517e8039abb39142f8d.jpg,1340,1785,0,2026-08-17
2026-09-03,calca jeans flare,26247610324886033,56,1267,0,Chicago Flare Jeans Outfit Every Woman Needs,amazon.com,https://www.amazon.com/shop/influencer-9c142fbe?ref_=hype_hm_sf_e&ccs_id=e1b7cba4-a558-41d8-aeab-f2959bc481b8,https://i.pinimg.com/originals/a8/57/71/a8577120996460b9d4751720a7dc78ef.png,941,1672,0,2026-08-26
2026-09-03,calca jeans flare,AWd0ynbqKcMHoh6zQ38XGaJ9ifGeIsXd7MeZ2y7zYXGxwlPwCekIVJmJLG6-mcCfTowyPYeS5QDkW3fuoCsfO7M,57,8,0,Introducing the September,bananarepublic.gap.com,https://bananarepublic.gap.com/browse/women/new-arrivals?cid=48422,https://i.pinimg.com/originals/f6/e1/8c/f6e18c7f7697fcff820e950778f2ee76.png,1000,1500,0,2026-08-18
2026-09-03,calca jeans flare,AYJhgaMneCV9DKPrYsIorYvbdlS8vT4NaJ5MmIMMFTNneTGImxaSc8334P3dqsfE3XIUUML_GMz61pQioIYtMs8,58,1,0,"Amazon Jeans Outfits, But",amzlink.to,https://amzlink.to/az0qdhSClizDH,https://i.pinimg.com/originals/01/f1/29/01f1293d345dc1d69c1be1b7146d2c12.png,1000,1500,0,2026-08-14
2026-09-03,calca jeans flare,AfF_sgIHy-3o5FFJ8bWUKcRVXirjUXWtdeRmodjF58RIoFST4s9s3xvGLXX3eo10REku_0Y3zlIa_or473MXmKk,59,0,0,New Ariat Revel,ariat.com,https://www.ariat.com/womens-jeans,https://i.pinimg.com/originals/50/cc/d6/50ccd657503596be71a1e7fa74fe10b8.jpg,1080,1920,1,2026-07-21
2026-09-03,calca jeans flare,899171881881654423,60,5,0,Light-Wash Flared Jeans 🤍,amazon.in,https://www.amazon.in/KOTTY-Wrinkle-Resistant-Quantum-KTTLADIESJEANS3098M/dp/B0FKM1XDL6?crid=OO4ZOBQ2FI7G&dib=eyJ2IjoiMSJ9.Wakc6UjJReXZIb_41rz8r9DuykErP9-F_7RPyV1Kzk9FPho24-TJ8HtrzeD11NctHNxnuSvTPyb52GAaSP_ZF5XxgGBID8GD2caqlIj2YMwNHE6aTsYne3P__V2awpACwU6Gw6Y_EZ9BBsKPEUK7jNybJ4f0w_t8yCEQh7WN6j5t_xLtFzUVztlFye_-Xvn5tqgsI4xGd8jMNeZrZw8jV8X2QNmJ-2MvJ8xmhqTha_IAYzRWY9g5WP4mCD0ght_njoC6DbKHit9w-HJMplehs,https://i.pinimg.com/originals/12/e9/a4/12e9a476eb8d0b6c9fd09d36d7430296.png,1023,1537,0,2026-08-14
2026-09-03,calca jeans flare,4605634384169382784,61,40,0,Calça Jeans Flare Denise - Trama Jeans,tramajeans.com.br,https://www.tramajeans.com.br/produto/calca-jeans-flare-denise-2481,https://i.pinimg.com/originals/9c/70/cf/9c70cf4bce8303a76617063505d799a3.png,900,1350,0,2026-07-13
2026-09-03,calca jeans flare,AWtI_61nlE4rPo7C1teFD7uDu-ai1VxncWK9EdnXNMUSLWp4L_zMJ7-k88UEr23QSVlfq-FAnCa3buZCSDkS_eA,62,370,0,Amazon Wardrobe Staples,amzlink.to,https://amzlink.to/az0z4tJ58CyeL,https://i.pinimg.com/originals/d2/70/c8/d270c81f6ee33b11f2e3fe8b3e17a548.png,1000,1500,0,2026-04-24
2026-09-03,calca jeans flare,491877590550618446,63,4084,0,,,,https://i.pinimg.com/originals/25/99/6b/25996bfbaca164ad0a395f0a2f6e9c59.jpg,380,799,0,2018-12-22
2026-09-03,calca jeans flare,4591630997086250368,64,43,0,30 How to Style Flare Jeans: Retro Looks for...,sewmamasew.com,https://www.sewmamasew.com/30-how-to-style-flare-jeans/,https://i.pinimg.com/originals/63/69/f5/6369f5dbefd981fc73da959f326bef95.jpg,720,1279,0,2026-07-24
2026-09-03,calca jeans flare,4607745465170164096,65,232,0,35 Stylish Jeans Outfits Ideas for Every Occasion,sewmamasew.com,https://www.sewmamasew.com/35-jeans-outfits-ideas/,https://i.pinimg.com/originals/26/49/3f/26493fa322b105b8b51ffd01b3d66187.jpg,720,1280,0,2026-05-16
2026-09-03,calca jeans flare,237424211601602720,67,223,0,,,,https://i.pinimg.com/originals/0b/bc/44/0bbc444f842fef435923164e3012cdd9.jpg,940,1671,0,2026-07-05
2026-09-03,calca jeans flare,650699846199937411,68,2533,0,,,,https://i.pinimg.com/originals/d4/20/56/d4205621a72aed846b900db85309935f.webp,2160,3136,0,2025-07-16
2026-09-03,calca jeans flare,1150880879805274478,69,2445,0,Off-Shoulder Top & Flare Jeans Outfit Inspiration | Main Character Energy ✨🤍👖,i.pinimg.com,https://i.pinimg.com/736x/65/7a/1a/657a1abbd8c5485c3c827a4d1ab530eb.jpg,https://i.pinimg.com/originals/65/7a/1a/657a1abbd8c5485c3c827a4d1ab530eb.jpg,1200,1800,0,2026-06-08
2026-09-03,calca jeans flare,4603312257251724160,70,2,0,Calça Jeans FLARE Feminina Cintura Alta Elastano Empina Bumbum Boca de Sino Elegante,br.shein.com,https://br.shein.com/ark/default?scene=1&test=5051&ad_type=DPA&goods_id=514965331&pf=PINTEREST&link_type=link&url_from=PINADSDPA&ismg=d626caf994502a622f1a1120fa4e174a75340a888eac12a0c379620f9e251110_01_1788370553,https://i.pinimg.com/originals/98/aa/9d/98aa9df3d1144cfe37ec901015571bd3.jpg,1340,1785,0,2026-07-21
2026-09-03,calca jeans flare,87749892734881401,71,3728,0,,,,https://i.pinimg.com/originals/0c/8b/ec/0c8becbd36dd433bdfc1197f7124a26c.jpg,828,1071,0,2024-05-08
2026-09-03,calca jeans flare,77546424830426397,72,36,0,Dark Blue Flare Jeans Outfit | Effortless Everyday Style,amzn.to,https://amzn.to/3TZ0ACJ,https://i.pinimg.com/originals/9b/bb/4b/9bbb4b1b28a1d05ddd94ba8d7f4cbdd6.png,1023,1537,0,2026-08-20
2026-09-03,calca jeans flare,1094515515717174539,73,2117,0,,,,https://i.pinimg.com/originals/e8/7a/16/e87a16ee335c67ee335ebcf08993d301.png,941,1672,0,2026-06-27
2026-09-03,calca jeans flare,1093037772087492864,74,935,0,join my telegram for a shopping link in my bio 🖇️👆🏻,,,https://i.pinimg.com/originals/06/5c/6e/065c6e487d74c73884c487553196ecb7.png,941,1672,0,2026-05-26
2026-09-03,calca jeans flare,AW69tD2k9WC2uL9ira0c2xIDPhD61K2v2PWj3_dK9qEHE-d-cX0E0A7we2dFEw-yySqb2-oNt97Udr_jZKi9fsw,75,1,0,These $19 BBL jeans,bootylift.co,https://bootylift.co/products/liftella%E2%84%A2-mid-low-rise-stretch-wide-leg-jeans,https://i.pinimg.com/originals/0c/08/64/0c0864d3f1d5c4b12a7106dd248bba60.jpg,1080,1920,1,2026-08-14
2026-09-03,calca jeans flare,153615037284874643,76,1025,0,,,,https://i.pinimg.com/originals/fe/11/72/fe117241d95c41de635b21e6090f0b2a.jpg,735,981,0,2024-12-04
2026-09-03,blusa cropped,AWUWeA4e0pz5sFo4GhWzwliu5nQm5Ittyn6fnRAgm1qJYShQy2LEicjg-BFZClmG48aUn5JokJQyf7ctyuJX9ic,2,1,0,College Clothing Haul,walmart.com,https://www.walmart.com/shop/back-to-college/tech,https://i.pinimg.com/originals/90/e5/63/90e5636608e01d103e4a6789c140fbd4.jpg,406,720,1,2026-08-14
2026-09-03,blusa cropped,1080652873100096249,3,17,0,Blusa/Cropped,tr.ee,https://tr.ee/1kMumK,https://i.pinimg.com/originals/11/18/0a/11180a08acca4d8011c6b8d482910edf.jpg,736,1308,0,2025-12-14
2026-09-03,blusa cropped,AWSVSD9st9hOf5EU0lgBoTBXNFLMpyiTE2ygHROLACQaESDfIboNzU7pTW5l_slsCm6oZfgo5a_cIXD1XnO94ds,4,264,0,Amazon Old Money Outfits,amzlink.to,https://amzlink.to/az01KLpKX7AzE,https://i.pinimg.com/originals/f1/f6/cb/f1f6cbb339e1065541d2bcf70a924dab.png,1000,1500,0,2026-05-30
2026-09-03,blusa cropped,19562579627057381,5,780,0,Cropped com amarração,,,https://i.pinimg.com/originals/39/7f/69/397f6976af04d8dfebff14457fe6a956.jpg,1200,1360,0,2026-07-10
2026-09-03,blusa cropped,AQ-tk8_RmZqO09T2uWFLFKsz_liPD1Y9oQeGeQpwFtF5IXl5RUJCs4qoWZVe3sfq3bdZJ39Macs82DJoegLFKj4,6,25,0,Apricot Lace Off Shoulder,us.shein.com,https://us.shein.com/ark/default?scene=1&test=5051&ad_type=DPA&goods_id=43687136&pf=PINTEREST&url_from=PINADSDPA&ismg=47742f570d32fe095a9525204e5effdf42a58b8933fa573041b4a32dce0c9f71_01_1788369131,https://i.pinimg.com/originals/eb/dc/d3/ebdcd3ff594f1810c25ed0eddf741874.jpg,1065,1598,0,2026-04-30
2026-09-03,blusa cropped,AfJCCt5R7hP-tbHajxcSkjkFTglhSQvX17tHzHpo1xXYhrrg0h_CwunRnGzuiyOiZ0kWvO-9Of_4SCPtEbdcbU8,7,8127,0,Looks Expensive But It's,amzlink.to,https://amzlink.to/az0u2a9l3C7cj,https://i.pinimg.com/originals/25/77/be/2577befbd11f92940b084e862b4080eb.png,1000,1500,0,2026-02-04
2026-09-03,blusa cropped,106679084920497630,8,582,0,,,,https://i.pinimg.com/originals/96/fd/b4/96fdb4c290345946e414a5875655d5be.jpg,740,1180,0,2026-08-22
2026-09-03,blusa cropped,AdcSin3Els-qaAuqbj4RCVnrA1F0xCxFG77h89PX9uRfCmBOZwfpvG9_MdfYqjFx7l64yYJRzG88BMMhP7OfDoU,9,4,0,Chain-Detail Camisole,www2.hm.com,https://www2.hm.com/en_us/productpage.1274462001.html?utm_medium=unpl&utm_source=pinterest&utm_campaign=Global%20Performance_Dynamic%20Shopping&utm_content=performance&utm_term=us,https://i.pinimg.com/originals/5c/56/80/5c5680a0ff1df28cb9d94a4af19af624.jpg,5000,7501,0,2026-08-27
2026-09-03,blusa cropped,370350769381586778,10,519,0,,,,https://i.pinimg.com/originals/63/b6/86/63b686e63de14687cfbedc18a52e6eb7.jpg,1170,1517,0,2026-06-30
2026-09-03,blusa cropped,67765169390192527,11,245,0,White Halter Neck Top Outfit | Minimal Aesthetic Summer Look for Women,,,https://i.pinimg.com/originals/40/61/3c/40613cc129f3cdef815657cdd1b60d7a.jpg,768,1344,0,2026-07-30
2026-09-03,blusa cropped,AeYstlT5c_2vgeMilyhNpap_L2-qmcchngj5TnsKGrdPotw-ghrkPutkZGl0yzwqrehefc8J-YXqCwA82Eo5Vfo,12,0,0,Women's Shirt Blouse,lightinthebox.com,https://www.lightinthebox.com/p/women-s-shirt-blouse-chiffon-tops-ruched-plain-stylish-basic-classic-long-sleeve-v-neck-regular-tops-casual-daily-party-blue-maroon-black-white-light-_p18367239.html?currency=USD&litb_from=pinterest_sns_paid&utm_source=pinterest_sns_paid&utm_medium=sns&utm_campaign=litb_catalogs&sku=1_1556%7C2_303&country_code=us,https://i.pinimg.com/originals/5d/57/61/5d576165a98c7b8c6bbc3e16f742f4f2.jpg,800,800,0,2026-08-28
2026-09-03,blusa cropped,4599230855644757376,13,0,0,BLUSA CROPPED FEMININA TRANSPASSADO MANGA BUFANTE LISTRADO ELEGANTE,br.shein.com,https://br.shein.com/ark/default?scene=1&test=5051&ad_type=DPA&goods_id=506481215&pf=PINTEREST&link_type=link&url_from=PINADSDPA&ismg=8ddbb8de253815785b4147b96652ebcf522b044da1c707a87b549b8e18b28ca6_01_1788370065,https://i.pinimg.com/originals/91/0b/77/910b77240db0d6409d463215b1120158.jpg,1340,1785,0,2026-08-08
2026-09-03,blusa cropped,AWJeViI9Tw5Lxkxdl6wwj5vt9xgnmTYky1DwCMA9yQwQ0F3qDWQJsWvUY6tLQ6uLx2htOJvYgATu3JtC_00wHKA,14,27,0,Milumia Women Cowl Neck,amazon.com,https://www.amazon.com/Milumia-Ruched-Backless-Sleeveless-X-Large/dp/B0DZ27D2RY/ref=asc_df_B0DZ27D2RY?hvdev=%7Bdevice%7D&hvcampaign=%7Bcampaignid%7D&hvadgroupid=%7Badgroupid%7D&hvprdptid=%7Bproduct_partition_id%7D&hvprdgrpid=%7Bpromoted_product_group_id%7D&hvcr=%7Bcreative_id%7D&hvadid=%7Badid%7D&hvprdid=%7Bproduct_id%7D&hvplc=%7Bplacement%7D&psc=1&tag=%7Bifnotmobile:ushpadpinde-20%7D%7Bifmobile:u,https://i.pinimg.com/originals/70/d3/05/70d305380b7afca566a5f38b41c452a5.jpg,1248,1824,0,2026-04-17
2026-09-03,blusa cropped,AbnSzpnLHWX8krtTzp335fXHTSZ5PO2NzYBwXmFTgJGfR98HZnQ1Rmmra36g2Q8usLOgMwFEu8t4dwp8cgfqbto,15,50,0,Verdusa Women's Floral,amazon.com,https://www.amazon.com/Verdusa-Womens-Floral-Ruched-Sweetheart/dp/B0CHVY7KCV/ref=asc_df_B0CHVY7KCV?hvdev=%7Bdevice%7D&hvcampaign=%7Bcampaignid%7D&hvadgroupid=%7Badgroupid%7D&hvprdptid=%7Bproduct_partition_id%7D&hvprdgrpid=%7Bpromoted_product_group_id%7D&hvcr=%7Bcreative_id%7D&hvadid=%7Badid%7D&hvprdid=%7Bproduct_id%7D&hvplc=%7Bplacement%7D&psc=1&tag=%7Bifnotmobile:ushpadpinde-20%7D%7Bifmobile:ushp,https://i.pinimg.com/originals/7d/9c/2b/7d9c2b5769c2e593169cc3fce8257f72.jpg,1065,1598,0,2026-04-19
2026-09-03,blusa cropped,AakZ1vizTkDjbg9qP4Gewe9ZGmNZiiDxT87jFROV4nV-BjNTAJlQxjWKaxalrwfgh2jWZdRDWw2993oV5x327q0,16,1,0,Temu | 1pc Women's,temu.com,https://www.temu.com/ul/kuiper/un3.html?subj=dpa-un&_bg_fs=1&_p_jump_id=1082&_x_vst_scene=adg&goods_id=601103706976541&adg_ctx=a-bfbf1503~c-a481256b&_p_rfs=1&_x_ads_channel=pinterest&_x_ads_creative_id=%7Bproduct_partition_id%7D&_x_ads_id=%7Badgroupid%7D&_x_ads_set=%7Bcampaignid%7D&_x_ads_sub_channel=shopping&_x_ns_catalog_id=1567707391772&_x_ns_creative=%7Badid%7D&_x_ns_gid=601103706976541&_x_ns_,https://i.pinimg.com/originals/2d/91/76/2d9176fa186e390d44e39c60e7b762c7.jpg,2000,3000,0,2026-06-12
2026-09-03,blusa cropped,443252788351281742,17,153,0,,,,https://i.pinimg.com/originals/8a/86/a7/8a86a7d2e2bdfbb8f5ca4d4a73314cf3.jpg,675,1200,0,2026-08-13
2026-09-03,blusa cropped,ASUB64RFcxc101Tx7YSCFfDk2yMebxam8L9Ew-3rF8G347gIYjeSuZw_nGq40yKQeaJRRaZSgR7K6AAN7HFa6B0,18,1,0,Embroidery Print V-Neck,baeswimsuit.com,https://www.baeswimsuit.com/products/embroidery-print-v-neck-tank-top?variant=000be500-6d78-422d-9669-2183054fc3c2,https://i.pinimg.com/originals/a6/ec/13/a6ec13b1b7c50057b01f938632a5c24c.jpg,1066,1600,0,2025-07-10
2026-09-03,blusa cropped,61854194877252501,19,1273,0,,,,https://i.pinimg.com/originals/31/dc/f8/31dcf8921240161e1d0edc703985e064.jpg,474,711,0,2025-10-15
2026-09-03,blusa cropped,AUHwZ5PF-On7m9oFud7saao41g0ZxMMqrd6lkHps2PPojMc-egVYweFM77T6NS_jf2n4yJUwMJMxiw1grjx37tk,20,11,0,MIRACMODA Womens Elegant,amazon.com,https://www.amazon.com/MIRACMODA-Elegant-Shoulder-Blouses-Pleated/dp/B095JYJ8GX/ref=asc_df_B095JYJ8GX?hvdev=%7Bdevice%7D&hvcampaign=%7Bcampaignid%7D&hvadgroupid=%7Badgroupid%7D&hvprdptid=%7Bproduct_partition_id%7D&hvprdgrpid=%7Bpromoted_product_group_id%7D&hvcr=%7Bcreative_id%7D&hvadid=%7Badid%7D&hvprdid=%7Bproduct_id%7D&hvplc=%7Bplacement%7D&psc=1&tag=%7Bifnotmobile:ushpadpinde-20%7D%7Bifmobile:u,https://i.pinimg.com/originals/e5/7b/f2/e57bf295c66634bab680c5be19495b76.jpg,1184,1476,0,2026-04-10
2026-09-03,blusa cropped,Afr3BvBdyCugs5s73vxjm81Z8qCTWgnU7_XUN2-EOZOmAwIL1QHb12hKRUG7FS5ImYlpqaFPod5l65BA-Tp8wZs,21,1,0,Mizoci Women's Sexy Low,amazon.com,https://www.amazon.com/Mizoci-Womens-Ruched-Sleeve-Medium/dp/B07VC3H2PT/ref=asc_df_B07VC3H2PT?hvdev=%7Bdevice%7D&hvcampaign=%7Bcampaignid%7D&hvadgroupid=%7Badgroupid%7D&hvprdptid=%7Bproduct_partition_id%7D&hvprdgrpid=%7Bpromoted_product_group_id%7D&hvcr=%7Bcreative_id%7D&hvadid=%7Badid%7D&hvprdid=%7Bproduct_id%7D&hvplc=%7Bplacement%7D&psc=1&tag=%7Bifnotmobile:ushpadpinde-20%7D%7Bifmobile:ushpadpin,https://i.pinimg.com/originals/0a/35/93/0a35932efff4e89584a1a7c1d3016ec4.jpg,1040,1560,0,2026-06-05
2026-09-03,blusa cropped,353673377011859100,22,71,0,black crop-top 👗,,,https://i.pinimg.com/originals/4c/01/4a/4c014af1a7842b509e203b39d38259c3.png,1024,1536,0,2026-07-11
2026-09-03,blusa cropped,668925350948976996,23,2,0,Blusa Cropped Transpassado Moda Gringa Jovem Gola Alta Teka,s.shopee.com.br,https://s.shopee.com.br/6AjSWyJ73Z?channel_type=pinterest,https://i.pinimg.com/originals/1e/80/43/1e80430f3d72e93a72ce90acd2718305.jpg,1200,1600,0,2026-07-16
2026-09-03,blusa cropped,AYQ-IcDcWyobpVmB1MkDKIAkzjKsBpdh_qKxuIq-efh4MSpEoVAiUycey-OtYh-hjtjpYeuOQ2rLZBGlHFHCWOQ,24,0,0,Chase Your Bliss Twist,rosellure.com,https://rosellure.com/products/chase-your-bliss-twist-crop-top-white?variant=45115857928374,https://i.pinimg.com/originals/a9/f1/7a/a9f17af8a950cd769411ff95952cd545.jpg,850,1275,0,2026-08-27
2026-09-03,blusa cropped,AdmACCA7fUeJ7kLBXUd2w86kc56cR8Ho0GQtngBcuxFO6gEi-66YO4TdFYZJze27x2AOJa5Z--Gzj6gapq-poJU,25,74,0,Take The Plunge,pollyedit.com,https://pollyedit.com/products/take-the-plunge-sleeveless-halter-crop-top?variant=53701366186168,https://i.pinimg.com/originals/5c/42/11/5c4211c4a5fe03b0f3171ce4cbb95773.jpg,1594,1800,0,2026-07-14
2026-09-03,blusa cropped,AZcmUrosPYlpMQRHOMIV9C8AUZAIO5mLzakYc-MDzW-QEGcmDri_FIlxgSSc9HRWcvMKONtrs4XbpSeLaPPx51s,26,6,0,SOLY HUX Women's Halter,amazon.com,https://www.amazon.com/SOLY-HUX-Sleeveless-Backless-Outfits/dp/B0DSDMP382/ref=asc_df_B0DSDMP382?hvdev=%7Bdevice%7D&hvcampaign=%7Bcampaignid%7D&hvadgroupid=%7Badgroupid%7D&hvprdptid=%7Bproduct_partition_id%7D&hvprdgrpid=%7Bpromoted_product_group_id%7D&hvcr=%7Bcreative_id%7D&hvadid=%7Badid%7D&hvprdid=%7Bproduct_id%7D&hvplc=%7Bplacement%7D&psc=1&tag=%7Bifnotmobile:ushpadpinde-20%7D%7Bifmobile:ushpadp,https://i.pinimg.com/originals/35/02/7c/35027cc398c274e2c9cfad32931f6f85.jpg,1065,1598,0,2026-08-01
2026-09-03,blusa cropped,Aeoiz1YKuA8RBvJJHM5Mj5V7zHH-B9vEbvRg0zZE2e53xUkqJFbvOyYvb1h43mMUFKmnSyLup3GIDraUNcKABC4,27,21,0,Verdusa Women's Going Out,amazon.com,https://www.amazon.com/Verdusa-Womens-Sleeveless-Halter-Maroon/dp/B0CQY8YXLJ/ref=asc_df_B0CQY8YXLJ?hvdev=%7Bdevice%7D&hvcampaign=%7Bcampaignid%7D&hvadgroupid=%7Badgroupid%7D&hvprdptid=%7Bproduct_partition_id%7D&hvprdgrpid=%7Bpromoted_product_group_id%7D&hvcr=%7Bcreative_id%7D&hvadid=%7Badid%7D&hvprdid=%7Bproduct_id%7D&hvplc=%7Bplacement%7D&psc=1&tag=%7Bifnotmobile:ushpadpinde-20%7D%7Bifmobile:ushp,https://i.pinimg.com/originals/78/75/b3/7875b3f4b77cb4197e06caf35dd830bf.jpg,1248,1824,0,2026-05-19
2026-09-03,blusa cropped,279012139409798147,28,22,0,,,,https://i.pinimg.com/originals/54/fc/72/54fc722aabff88d795145661a4edcddd.jpg,675,1200,0,2025-09-05
2026-09-03,blusa cropped,604749056247737344,29,153,0,off shoulders crop top5,,,https://i.pinimg.com/originals/b8/b4/1d/b8b41d5eba3417f6674129421063a4e0.jpg,736,980,0,2024-10-22
2026-09-03,blusa cropped,AbAe-AABrE_bhesY7GP98Vg8zVaiZHsgwHG0AhDIg6vkIpiNmDCW3VvkrC-l3rQAUO20REd9w4pkHagDsZVYXTQ,30,1,0,Backless self tie,oniwo.com,https://oniwo.com/products/backless-self-tie-sweetheart-neck-halter-sleeveless-solid-ruched-ruffle-crop-top?variant=48885415936224,https://i.pinimg.com/originals/1e/d0/6e/1ed06e8708aea12424b213d1104ae949.png,1080,1080,0,2026-05-04
2026-09-03,blusa cropped,AW1RkROJyVnLZrxBlKe-RZPO85WSBZ24QlJie0DzA21Wx4SfNwe4zkiW1gPEajte0HVnn2E72zyRUSSnyBQRZsw,31,19,0,White Ruffle Crop Top |,poshmark.com,https://poshmark.com/listing/White-Ruffle-Crop-Top-66cd01571ce666f534d66075?utm_source=pin_txn,https://i.pinimg.com/originals/5b/f8/93/5bf893c981631c6b0333d2f0c944d33e.jpg,866,866,0,2026-03-07
2026-09-03,blusa cropped,AbcJ5oKhRdy0YsC9SjDE4Yev4dglA1Zd3Ng31J8NFrAv6VkfOlExm-OPFSB9-lwThh6G76xL6d-Xq_4_KC6JcFw,32,23,0,GORGLITTER Women's Floral,amazon.com,https://www.amazon.com/GORGLITTER-Womens-Strapless-Asymmetrical-Bandeau/dp/B0D1TX1C2N/ref=asc_df_B0D1TX1C2N?hvdev=%7Bdevice%7D&hvcampaign=%7Bcampaignid%7D&hvadgroupid=%7Badgroupid%7D&hvprdptid=%7Bproduct_partition_id%7D&hvprdgrpid=%7Bpromoted_product_group_id%7D&hvcr=%7Bcreative_id%7D&hvadid=%7Badid%7D&hvprdid=%7Bproduct_id%7D&hvplc=%7Bplacement%7D&psc=1&tag=%7Bifnotmobile:ushpadpinde-20%7D%7Bifmo,https://i.pinimg.com/originals/91/74/97/9174976443c5967f3fd9594ef227789e.jpg,1248,1824,0,2026-04-11
2026-09-03,blusa cropped,148055906498879611,33,497,0,Nature-Lover's Paradise: Graphic Tees,,,https://i.pinimg.com/originals/d3/81/42/d381422de02adef013002509c10b24e9.jpg,540,720,0,2025-05-29
2026-09-03,blusa cropped,120049146314329138,34,544,0,,,,https://i.pinimg.com/originals/c1/ee/b4/c1eeb45aba05804fb7924e27e6de6083.jpg,736,1104,0,2026-06-14
2026-09-03,blusa cropped,6051780744287562,35,1009,0,,,,https://i.pinimg.com/originals/f6/a6/2d/f6a62dacf8224aae0f5435db6f62f40f.jpg,720,959,0,2024-12-28
2026-09-03,blusa cropped,AYCsuviqhGGXpvSqajQNvqYLjtALPbE9nAPkQGHXUrXJdFZDPJUOqZCMgbII9OAwZhc9FGVvsouf_SFmbMuU75A,36,7,0,GORGLITTER Women's Bell,amazon.com,https://www.amazon.com/GORGLITTER-Womens-Shoulder-Sleeve-Ruched/dp/B0CXSDPC7G/ref=asc_df_B0CXSDPC7G?hvdev=%7Bdevice%7D&hvcampaign=%7Bcampaignid%7D&hvadgroupid=%7Badgroupid%7D&hvprdptid=%7Bproduct_partition_id%7D&hvprdgrpid=%7Bpromoted_product_group_id%7D&hvcr=%7Bcreative_id%7D&hvadid=%7Badid%7D&hvprdid=%7Bproduct_id%7D&hvplc=%7Bplacement%7D&psc=1&tag=%7Bifnotmobile:ushpadpinde-20%7D%7Bifmobile:ush,https://i.pinimg.com/originals/75/b3/23/75b32337e7106ec304ec9fec5c304927.jpg,1065,1598,0,2026-04-21
2026-09-03,blusa cropped,5911043262995431,37,736,0,,,,https://i.pinimg.com/originals/b1/e7/bf/b1e7bf763e3d36190ea2d032afb6c9a9.jpg,1179,1560,0,2026-08-18
2026-09-03,blusa cropped,462181980533689940,38,31,0,,,,https://i.pinimg.com/originals/7b/ef/c9/7befc912ddd074ef11eb48e8820c36ec.jpg,736,980,0,2024-06-22
2026-09-03,blusa cropped,AQfGopv7reiiMsUz6kIgnaNl-kTQyOQCgG-LRXCKRfPxDxKLKiKdm6j3ceYjKTAzs4OJ2wY3seJOG56-ICMB1vk,39,1,0,WDIRARA Women's Leopard,amazon.com,https://www.amazon.com/WDIRARA-Leopard-Sleeveless-Multicolor-X-Large/dp/B0D7YTYC9L/ref=asc_df_B0D7YTYC9L?hvdev=%7Bdevice%7D&hvcampaign=%7Bcampaignid%7D&hvadgroupid=%7Badgroupid%7D&hvprdptid=%7Bproduct_partition_id%7D&hvprdgrpid=%7Bpromoted_product_group_id%7D&hvcr=%7Bcreative_id%7D&hvadid=%7Badid%7D&hvprdid=%7Bproduct_id%7D&hvplc=%7Bplacement%7D&psc=1&tag=%7Bifnotmobile:ushpadpinde-20%7D%7Bifmobil,https://i.pinimg.com/originals/ed/6d/0c/ed6d0c429478385d5292d4df0d65ab9e.jpg,1248,1824,0,2026-06-11
2026-09-03,blusa cropped,ATIDnpfieSYkKuSadL8ZngbFkostXOzxRmJcIBSzpzyWY9s3viRn2k9_XFbIcksmX-LKxxjdHiitQX9XQM6ZhQo,40,0,0,ASOS DESIGN puff sleeve,asos.com,https://www.asos.com/us/asos-design/asos-design-puff-sleeve-cropped-cotton-top-in-black/prd/210460744?browseCountry=US&browseCurrency=USD,https://i.pinimg.com/originals/74/82/6b/74826b9c1600be2fa045870eb8926708.jpg,1080,1620,0,2026-05-29
2026-09-03,blusa cropped,AW38aGUr1slCzXrWiUpY8kSBQJ2i8zCoyeFdEhvf1piEUm__x5xt3jy3PmHMhVKgPkR7HB_fZ7HWn1vl0IGE6OQ,41,0,0,Cross Halter Cut-Out Tank,murrayboyne.myshopify.com,https://murrayboyne.myshopify.com/products/cross-halter-cut-out-tank-top?variant=54196588183865,https://i.pinimg.com/originals/22/bc/da/22bcda99dc6eeccf3382ea584af4f29f.jpg,1200,1600,0,2026-08-20
2026-09-03,blusa cropped,717057571926924383,42,108,0,Fashion💄👠,,,https://i.pinimg.com/originals/1a/c5/c7/1ac5c7b1ec10d11274a66c0f28255ee2.jpg,500,790,0,2021-06-16
2026-09-03,blusa cropped,68328119342355349,43,317,0,,,,https://i.pinimg.com/originals/78/0d/68/780d68152e4feaa701326aea0a5c65ba.jpg,736,980,0,2026-02-08
2026-09-03,blusa cropped,4608449165865320512,44,2,0,Cropped Feminino Manga Nula com Franzido Lateral Top Assimétrico Enrugado Suplex Premium Moda Básica Look Elegante,br.shein.com,https://br.shein.com/ark/default?scene=1&test=5051&ad_type=DPA&goods_id=539059531&pf=PINTEREST&link_type=link&url_from=PINADSDPA&ismg=6fd2d6aba7fb3f5f92f910dab07a90a44425772e732bf4fc4e7063c0fbf85048_01_1788370999,https://i.pinimg.com/originals/4f/71/22/4f712293063a6a77868e7f2d1bdf8df9.jpg,1122,1402,0,2026-08-05
2026-09-03,blusa cropped,351912463856508,45,5731,0,,,,https://i.pinimg.com/originals/7a/40/b4/7a40b4b34b760729df2fca154293a595.jpg,550,650,0,2023-02-26
2026-09-03,blusa cropped,ASh65mDVR7RKU4m770kTxxmdMho8m6ilGb_Hw1miMnd2lhAoCkIrKrR6CKi108-k1YhoxKICD_8eRxonqPOvTVU,46,2,0,SHENHE Women's Crochet,amazon.com,https://www.amazon.com/SHENHE-Knitted-Backless-Embroidered-X-Large/dp/B0F6T42GJW/ref=asc_df_B0F6T42GJW?hvdev=%7Bdevice%7D&hvcampaign=%7Bcampaignid%7D&hvadgroupid=%7Badgroupid%7D&hvprdptid=%7Bproduct_partition_id%7D&hvprdgrpid=%7Bpromoted_product_group_id%7D&hvcr=%7Bcreative_id%7D&hvadid=%7Badid%7D&hvprdid=%7Bproduct_id%7D&hvplc=%7Bplacement%7D&psc=1&tag=%7Bifnotmobile:ushpadpinde-20%7D%7Bifmobile:,https://i.pinimg.com/originals/9c/74/f9/9c74f924b1aaaf1d810eec1fb4101bf7.jpg,1248,1824,0,2026-04-11
2026-09-03,blusa cropped,AfokAQhJGcP20hLnAeAJRzyFcHsrtbyCTls3jO7UO2OQz0srNw8m9PIF0a70Bfgh9BIOMOdM3nt87jx-kDtbZoU,47,1,0,Women's Solid Color,katherineboutique.com,https://www.katherineboutique.com/products/womens-solid-color-sleeveless-crop-top-round-neck-slim-fit-milk-silk-tank-top?variant=8b7842ef-d367-4325-9bb2-3cfecf862b83,https://i.pinimg.com/originals/57/1c/da/571cda29e6f80dc78a3d664044b0caf3.jpg,1000,1000,0,2026-02-24
2026-09-03,blusa cropped,24347654232299114,48,2033,0,,,,https://i.pinimg.com/originals/57/f3/b9/57f3b9464695de9d9f1dd5cc33c4095b.jpg,736,981,0,2026-06-01
2026-09-03,blusa cropped,1143492161656150535,49,91,0,top duo,s.shopee.com.br,https://s.shopee.com.br/10ux4hvIvU?channel_type=pinterest,https://i.pinimg.com/originals/a7/77/d3/a777d3cdba7bf992ec81afaf398e038e.jpg,736,980,0,2025-11-08
2026-09-03,blusa cropped,606719381045518774,50,3679,0,5 Blusas com decote Atrás - Estilo Próprio By Sir como usar decote atras,estilopropriobysir.com,https://estilopropriobysir.com/5-blusas-com-decote-atras/,https://i.pinimg.com/originals/95/14/1f/95141f039304fcc6b919c05d2b862730.jpg,564,846,0,2020-11-10
2026-09-03,blusa cropped,41799102786090160,51,100,0,achados estilo,mdemulher.abril.com.br,http://mdemulher.abril.com.br/moda/estilo/achados-de-moda-com-precos-a-partir-de-r-20-reais,https://i.pinimg.com/originals/dd/88/93/dd88939b71dca503256327b912bb0c0b.jpg,300,344,0,2025-09-12
2026-09-03,blusa cropped,AYG5qsIS936giEIgChm7aBdG-jaJjdx2T_5l1pGm2GFw3DBVvWElxjdWc3JSbxGMdJimLWYa7RGGFE4qv30sYvo,51,2,0,Bold New Looks,vans.com,https://www.vans.com/en-us/c/graphic-t-shirts-6127,https://i.pinimg.com/originals/83/87/7e/83877e8891012b591355f27290a5106c.jpg,1080,1350,1,2026-07-16
2026-09-03,blusa cropped,AU53zhhaPyJKCGK2XQfgsrWBt0c1-xQ9g9BpxmpMPZctt4XwU7wdSdodC4O9WYucRysQaEVMFwQEZzqdv6Gh-HY,52,42,0,Find fall outfits for,kohls.com,https://www.kohls.com/catalog/womens-career.jsp?CN=Gender:Womens+Occasion:Career&BST=7940326:7873079:4928223&icid=social-paid-pncrsl-wfallworkoutfits-np-2608wk2-frame1&cid=SO26PDPIN0599&utm_campaign=paid_social&utm_medium=paid_social&utm_source=pinterest&utm_content=2026pdpin599,https://i.pinimg.com/originals/21/0b/a5/210ba56e27019e60e0ab1e8d79d8ab90.jpg,1000,1500,0,2026-08-06
2026-09-03,blusa cropped,Aa26T9n7-UczvSyntUCpRLalFCocCiseK6JOUrO6r4rPBCdP5foTgRUV0jVGMbDaoeO99Sq8GNOaCfgSEpFGurA,53,1147,0,Stylish Going Out Outfits,amzlink.to,https://amzlink.to/az0sMRyAHOgsO,https://i.pinimg.com/originals/43/c3/e5/43c3e5d130a09b724c15fe5ea135d51e.png,1000,1500,0,2025-08-05
2026-09-03,blusa cropped,4595712383384812928,54,0,0,Cropped Feminino Gola Polo Manga Curta – Blusa Básica Ajustada Casual com Tecido Confortável,br.shein.com,https://br.shein.com/ark/default?scene=1&test=5051&ad_type=DPA&goods_id=542885841&pf=PINTEREST&link_type=link&url_from=PINADSDPA&ismg=4fd57ec92ce58123b45d4f0df96b46cfb1b7ef67e1a38f664e6ab41bed5f5ef5_01_1788370242,https://i.pinimg.com/originals/56/12/2e/56122e6b5a27554e03719d2f1ad294fe.jpg,1340,1785,0,2026-08-15
2026-09-03,blusa cropped,23010648089355701,55,521,0,,,,https://i.pinimg.com/originals/e8/ca/9c/e8ca9c5fb79ef3a5c45230756e27d233.jpg,736,980,0,2023-01-04
2026-09-03,blusa cropped,175077504259947471,56,1185,0,SHEIN USA,us.shein.com,https://us.shein.com/SHEIN-Haute-Summer-Women-Outfit-Women-Clothes-Women-s-Short-Sleeves-Light-Grey-Cropped-Suiting-Top-With-Wooden-Buttons-Women-Tops-Women-Shirts-Women-Bouses-Summer-Tops-Crop-Top-For-Date-Night-Concerts-Performances-Parties-Clubs-Music-Festivals-p-53604780.html,https://i.pinimg.com/originals/c2/1b/38/c21b38e7f7d0c59bfac2096c6c916f92.jpg,900,1198,0,2025-02-16
2026-09-03,blusa cropped,4592968068346577792,57,0,0,Top Cropped Tomara Que Caia Com Amarração Lateral,br.shein.com,https://br.shein.com/ark/default?scene=1&test=5051&ad_type=DPA&goods_id=549357681&pf=PINTEREST&link_type=link&url_from=PINADSDPA&ismg=b575e1c98ecce23961ca58f782dae6e5b942ba7088d0179cbde936d4d8ee4d09_01_1788370967,https://i.pinimg.com/originals/53/5a/45/535a452148e2fc08ecb66c21ca3362b1.jpg,1088,1445,0,2026-08-15
2026-09-03,blusa cropped,96968198220394251,58,385,0,,,,https://i.pinimg.com/originals/8f/94/17/8f94179a98921181e514ac4d318955b7.jpg,736,980,0,2024-03-05
2026-09-03,blusa cropped,821344050819739439,59,3,0,yiang blusa cropped com bojo e atras com amarrar tecido duna - Tamanho Tamanho Único,m.shein.com,https://m.shein.com/br/Women-Tops-p-21097724-cat-2214.html?utm_source=pinterest.com&utm_medium=cpc&utm_campaign=mbrpin_dpa_women_sz2308082966120747&url_from=mbrpin_dpa_women_sz2308082966120747,https://i.pinimg.com/originals/55/87/96/55879640d164f893d583be588c8b9d0b.jpg,564,751,0,2023-11-19
2026-09-03,blusa cropped,978125612814593833,60,7944,0,,,,https://i.pinimg.com/originals/8d/48/b9/8d48b9673219cdcb9b7e6580bf3dc49b.jpg,1296,2303,0,2024-07-29
2026-09-03,blusa cropped,66639269483755331,61,230,0,,instagram.com,https://www.instagram.com/reel/C8p1Yw3R1pq/?igsh=bzF0MTlhMGpndHNk,https://i.pinimg.com/originals/56/d3/e7/56d3e716ce765a54a559dd365d5fd341.jpg,360,640,0,2025-12-09
2026-09-03,blusa cropped,871094752921088959,62,748,0,Basiquinhos que a gente ama 🧡 Modelos clássicos de cropped que vão bem em qualquer look! Disponível na loja e em nosso site ✨ 📍BRASÍLIA www.ianellus.com.br 🛵🛍 Entrega Expressa em todo o DF! Compre e r,instagram.com,https://www.instagram.com/reel/C69CG6nOsoW/,https://i.pinimg.com/originals/24/53/34/245334f43870807cb0f71279acbdee33.jpg,1796,3190,1,2024-05-15
2026-09-03,blusa cropped,7248049395556940,63,2598,0,,,,https://i.pinimg.com/originals/20/ef/4e/20ef4e5aa74800799b6e456cb226c511.jpg,480,640,0,2025-03-04
2026-09-03,blusa cropped,4598456792329225088,64,0,0,blusa cropped fk moda,br.shein.com,https://br.shein.com/ark/default?scene=1&test=5051&ad_type=DPA&goods_id=27535924&pf=PINTEREST&link_type=link&url_from=PINADSDPA&ismg=0b1c2051a4d097d6f7bd23f5074cc99ae2df7cd1c7fd3ab09825b78b338f7161_01_1788370553,https://i.pinimg.com/originals/a5/ce/7f/a5ce7fd887809094a30f35b7c6cdbfe4.jpg,2680,3568,0,2026-08-11
2026-09-03,blusa cropped,30188259997659888,65,245,0,,,,https://i.pinimg.com/originals/d9/d2/36/d9d2363f0082a2f4d440d4ef635225dd.jpg,736,920,0,2026-07-20
2026-09-03,blusa cropped,AWhERbUbyU0P4olOc4U7syhXhVH5vSB0-lK6PvSTVfGLHFCbiaeqA8NZQh852IjedNkuqsSD9CmG2_kQ0XQws0o,66,143,0,"10/10 Styles, Zero Misses",pacsun.com,https://www.pacsun.com/mens/graphic-tees/,https://i.pinimg.com/originals/76/34/db/7634dbbe2a2dd7349356d9e281526294.jpg,720,1280,1,2026-05-08
2026-09-03,blusa cropped,4607393603475648576,67,0,0,Blusa Cropped Feminino Tomara Que Caia Amarrar Tripa Básico Casual Versátil Gringa Festa Noite Jovem Essencial Forrada Dupla Estilosa Festival Show,br.shein.com,https://br.shein.com/ark/default?scene=1&test=5051&ad_type=DPA&goods_id=539560801&pf=PINTEREST&link_type=link&url_from=PINADSDPA&ismg=0fc25f6f3ec43f4f7f6cab655c76067c22c75215ddf4555edd06f5b17f02f902_01_1788370619,https://i.pinimg.com/originals/bd/1e/e2/bd1ee2f88ea9a603f8835a10b3f267bb.jpg,1340,1785,0,2026-08-15
2026-09-03,blusa cropped,397372367143468774,68,20,0,Molde em PDF Blusa Cropped Bia,go.hotmart.com,https://go.hotmart.com/B105811676E,https://i.pinimg.com/originals/0e/c9/5c/0ec95c9bde3cde340bb3a3ff72676b5e.jpg,720,1058,0,2026-06-08
2026-09-03,blusa cropped,785455991291385696,69,1222,0,SHEIN USA,us.shein.com,https://us.shein.com/SHEIN-PETITE-Women-S-Off-Shoulder-Flare-Sleeve-T-Shirt-p-27997834-cat-1738.html?utm_source=pinterest.com&utm_medium=cpc&utm_campaign=uspin_dpa_women_sz2308013390218526_Unlimited&url_from=uspin_dpa_women_sz2308013390218526_Unlimited&main_attr=27_144&mallCode=1,https://i.pinimg.com/originals/db/b0/bd/dbb0bdce223204aaa67e2913cd58dbcd.jpg,900,1198,0,2024-01-07
2026-09-03,blusa cropped,457185799649076918,70,4521,0,"What: Kimono style crop topPrice: Rs.11,500Where to buy: Turquoise & Gold.com",idiva.com,http://idiva.com/photogallery-style-beauty/dare-to-bare-with-sexy-summer-crop-tops/28972,https://i.pinimg.com/originals/ca/53/85/ca5385a23d5ee0ddaa98b55a4469751b.jpg,450,600,0,2015-05-20
2026-09-03,blusa cropped,251146116757221236,71,498,0,Elegant Top,,,https://i.pinimg.com/originals/87/a2/79/87a2792a8db15e45fa89150179d91c72.jpg,1080,1920,0,2026-08-21
2026-09-03,blusa cropped,648166571352001063,72,19401,0,,amazon.es,"https://www.amazon.es/Blusa-sexy-mujer-Amlaiworld-Camisetas/dp/B07D9J5C3K/ref=mp_s_a_1_6/262-0789040-9981563?__mk_es_ES=%C3%85M%C3%85Z%C3%95%C3%91&qid=1531183571&sr=1-6&pi=SL140_CR0,0,140,180_QL70&keywords=Tumblr",https://i.pinimg.com/originals/cc/76/e9/cc76e99a07d18e6838975bd2fdf9ff69.jpg,400,400,0,2019-06-23
2026-09-03,blusa cropped,17029304838129725,73,6549,0,Scorpio Cider top,,,https://i.pinimg.com/originals/94/e2/10/94e210a86d0c4120d51d37f5fc3b201f.jpg,1080,1181,0,2025-06-11
2026-09-03,blusa cropped,332070172546865817,74,70,0,,,,https://i.pinimg.com/originals/92/2c/78/922c7890646970e8a4ae6db1c96ba52c.jpg,1080,1350,0,2026-08-01
2026-09-03,blusa cropped,389913280257988136,75,51,0,"top cropped com bojo de alfaiataria ,amarra atras",m.shein.com,https://m.shein.com/br/Women-Tops-p-13636978-cat-2223.html?utm_source=pinterest.com&utm_medium=cpc&utm_campaign=mbrpin_dpa_women_sz2303088870843399&url_from=mbrpin_dpa_women_sz2303088870843399&main_attr=27_112&mallCode=2&isFromSwitchColor=1,https://i.pinimg.com/originals/77/5e/cf/775ecf1be97e4885f92caea5a0301dba.jpg,405,539,0,2024-11-02
2026-09-03,organizacao de geladeira,1009580441487974149,1,600,0,,,,https://i.pinimg.com/originals/34/b0/72/34b0725c4ca9bd92e99fa2422f4bb093.jpg,675,1200,0,2026-04-08
2026-09-03,organizacao de geladeira,916412224212423538,2,1,0,✨ Geladeira organizada e prática! 🥝🍓 Pequenos detalhes fazem toda a diferença na organização,meli.la,https://meli.la/2TF5gu2,https://i.pinimg.com/originals/08/fc/e0/08fce015c556c0fc23ef7d778cea7b7a.png,1023,1537,0,2026-08-24
2026-09-03,organizacao de geladeira,1087689747523779165,3,2469,0,,,,https://i.pinimg.com/originals/25/57/f0/2557f00881c339cd15cd117033764936.jpg,736,1092,0,2026-02-10
2026-09-03,organizacao de geladeira,AVHDDDX1EmW2RImBuz1cA3lmM-ujf91NlyKWxtiF9ZDF036wAO9Gm9Ii3mnNniob_86f7OBJ3i-vt6NMFwxcY8w,4,17,0,"I didn’t hate my fridge because it was messy. I hated it because it was inefficient. This setup fixed that. Clear zones. Easy access. No digging, no forgotten food in the back, and way less mental loa",instagram.com,https://www.instagram.com/reel/DTQF9BnEQ2a/,https://i.pinimg.com/originals/79/0e/8c/790e8ca3a435292800e288c2a0542035.jpg,1152,2048,1,2026-01-09
2026-09-03,organizacao de geladeira,AaN0X8pXe2wtYp6bxLDJysdQzxv1WYG94nv6_Ja3MdWs6vRf_cvKbro8ZCi-RN1esIPXhAoOo4_qVd2Tn3ql8l8,5,5,0,Refrigerator Organization,amzlink.to,https://amzlink.to/az0jpieIk2fBj,https://i.pinimg.com/originals/fd/93/da/fd93dadf1fddd987184d2de98ecb761a.png,1000,1500,0,2026-08-24
2026-09-03,organizacao de geladeira,AUMEU8pSzBSSq4WLlg2DiDZ55obqYK2aSvgc5Gkhm1PNRh-TdSht39MLwUsmpxqdbq69fbvpUV2C0aYvT140FDg,6,2,0,Clear Plastic Pull-Out,homedepot.com,https://www.homedepot.com/p/Sorbus-Clear-Plastic-Pull-Out-Organizer-6-Pack-Stackable-Fridge-Drawers-Refrigerator-Organizer-Bins-Food-Storage-Containers-FR-PBME3-2PK/340115497?cm_mmc=psoc-pinprg-%7Bcampaignid%7D-%7Badgroupid%7D,https://i.pinimg.com/originals/b9/bc/ad/b9bcad6e5bdf39a31df6be763b105b35.jpg,1000,1000,0,2026-03-31
2026-09-03,organizacao de geladeira,ASDnOwPAnEVb6hfsPIiwFPVBlNuxd5sC76-OapzsmPW58PEaXgIO24-Y8tcdgYQTRHh-_Tlz8bq5ScnWAuG0uUk,7,0,0,Zulay 4 Pack Clear,wayfair.com,https://www.wayfair.com/Zulay-Kitchen--Zulay-4-Pack-Clear-Refrigerator-Organizer-Bins-Xl-Fridge-Organizers-And-Storage-Clear-Ideal-Freezer-Organizer-Bins-Refrigerator-Storage-Containers-Kitchen-Cabinets-Pantry-Organization-ZRFTRB4PXL14.5N8.5N-L1223-K~IKSD1974.html,https://i.pinimg.com/originals/f3/4f/00/f34f00fb56d9d1eda9accaa217b1dba9.jpg,400,400,0,2026-08-04
2026-09-03,organizacao de geladeira,907405024949313523,8,20,0,Refrigerator Organization Ideas for a Clean & Organized Fridge,amzn.to,https://amzn.to/45jjEOH,https://i.pinimg.com/originals/32/e6/a2/32e6a2c92b355dd4dcb9d50aca950581.jpg,768,1365,0,2026-08-24
2026-09-03,organizacao de geladeira,68750350718,9,2088,0,Fridge Organization Bins That Make Everything Easier to Find,amazon.com,https://www.amazon.com/dp/B0B9BDQTV9?tag=ordinly-20,https://i.pinimg.com/originals/d9/67/c2/d967c2ea97285f439a89c025d5f1d3e4.png,1000,1500,0,2026-08-24
2026-09-03,organizacao de geladeira,AUjyYdGzq_rgcEBrov_KicK2ZSQQlNSm-JOJEKRBrCvaVtg1sbva5DLfqdM39PLG0TDZL9r4ofty1Qa_D0vaTWs,10,1,0,1set Japanese Style,us.shein.com,https://us.shein.com/ark/default?scene=1&test=5051&ad_type=DPA&goods_id=16918484&pf=PINTEREST&url_from=PINADSDPA&ismg=52b698ac065cbfbf6d96cbe4c85395c3b7319cd657b607becb7202022f0d1f19_01_1788368946,https://i.pinimg.com/originals/da/d6/b4/dad6b4c5c850898c506962038187271f.jpg,1134,1598,0,2026-02-05
2026-09-03,organizacao de geladeira,665125438766880317,11,125,0,Luxury Fridge Organization Ideas,,,https://i.pinimg.com/originals/25/53/51/255351f41b9995b39802dcfb7adc1371.png,1024,1536,0,2026-07-17
2026-09-03,organizacao de geladeira,AZNAVG4_SuNXoOLJAHwI7OjzqmDCCPDfOM8B-op4C0eqguZsLBXr24AXS87Auowg-64MxmTVtO9PY3LM8JIZyOM,12,37,0,"LALASTAR Fridge Drawers,",amazon.com,https://www.amazon.com/LALASTAR-Stackable-Refrigerator-Containers-Organization/dp/B0CWKQ41F9/ref=asc_df_B0CWKQ41F9?hvdev=%7Bdevice%7D&hvcampaign=%7Bcampaignid%7D&hvadgroupid=%7Badgroupid%7D&hvprdptid=%7Bproduct_partition_id%7D&hvprdgrpid=%7Bpromoted_product_group_id%7D&hvcr=%7Bcreative_id%7D&hvadid=%7Badid%7D&hvprdid=%7Bproduct_id%7D&hvplc=%7Bplacement%7D&psc=1&tag=%7Bifnotmobile:ushpadpinde-20%7D,https://i.pinimg.com/originals/34/a0/83/34a08379dcd0347e8ec3e5fdd5acf48e.jpg,1600,1600,0,2026-04-17
2026-09-03,organizacao de geladeira,840765824200477239,13,4256,0,,dicasdemulher.com.br,https://www.dicasdemulher.com.br/como-organizar-a-casa/,https://i.pinimg.com/originals/aa/70/68/aa7068410c00cfd527426f5c27e2a7c4.jpg,750,938,0,2022-07-07
2026-09-03,organizacao de geladeira,Aay_RB_lZ-QxlFC73U2VoWTtgRh95JTQGkiA4IvvgVx64bzfDSTWlNDKg4w-uToCfeHSI7HWC4UaW-Py6qQ27Yc,14,278,0,Mtvxesu Kitchen,walmart.com,https://www.walmart.com/ip/mtvxesu-Kitchen-Refrigerator-Organizer-Containers-Stackable-Food-Storage-Container-with-Lid-Handle-Fresh-Container-with-Basket-Flash-Deals/5241249902?wmlspartner=wlpa&selectedSellerId=102706326,https://i.pinimg.com/originals/bc/63/71/bc6371a1b8f0b50470b1eb3ad0545d59.jpg,450,450,0,2026-06-24
2026-09-03,organizacao de geladeira,AROxd2_Q-RauqD4uBRTXH88xRaMOscWJSsmnBGbQrbns3_mQ7wMugopIVSMVR0uipp5w44ZOdoCJ_gLBoSKh9XY,15,1,0,Real Simple Green Produce,athome.com,https://www.athome.com/real-simple-green-produce-fridge-storage-with-date-marker-lid-5.1l/125025142.html,https://i.pinimg.com/originals/b5/68/cb/b568cbe8b958660982348acf68694d90.jpg,1000,1500,0,2026-07-22
2026-09-03,organizacao de geladeira,1035265033114947167,17,37957,0,,,,https://i.pinimg.com/originals/dc/3c/16/dc3c163076fe5dcad0e884e1c54dde65.jpg,695,1244,0,2025-12-21
2026-09-03,organizacao de geladeira,Afw9tAiEwgEq_mAvNIT1UKPdHlFkZc37HOfVmdDIoEXu4rkCL7xp_qIrmFha19wl69nfcL1qd4vE-SP_djAVhRo,18,2,0,YekouMax Pantry,amazon.com,https://www.amazon.com/YekouMax-Organization-Refrigerator-Organizer-Containers/dp/B09XCNXM26/ref=asc_df_B09XCNXM26?hvdev=%7Bdevice%7D&hvcampaign=%7Bcampaignid%7D&hvadgroupid=%7Badgroupid%7D&hvprdptid=%7Bproduct_partition_id%7D&hvprdgrpid=%7Bpromoted_product_group_id%7D&hvcr=%7Bcreative_id%7D&hvadid=%7Badid%7D&hvprdid=%7Bproduct_id%7D&hvplc=%7Bplacement%7D&psc=1&tag=%7Bifnotmobile:ushpadpinde-20%7D,https://i.pinimg.com/originals/cc/00/31/cc003106e3cdded3d245dba3bc5a0fd2.jpg,500,500,0,2026-03-22
2026-09-03,organizacao de geladeira,754564112617585862,19,1,0,"6 Organizadores de Acrílico com Alça, Multiuso, Cozinha, Despensa, Geladeira, Gavetas Transparente",s.shopee.com.br,https://s.shopee.com.br/6q046u37j8?channel_type=pinterest,https://i.pinimg.com/originals/fb/f2/29/fbf229dc45da827461f7215046b30eb2.webp,1152,2048,0,2026-08-20
2026-09-03,organizacao de geladeira,AZRgMsb-MDzGddoWKxd__3Qkbxcv32UnXcquVGVL4at5s6ZbI65XMiIWiykFnA_88PFfkrkL4TdclCPEEWJCK1s,20,0,0,"Get So Much More from your refrigerator with Zero Clearance™ Hinges that offer a sleek look, a Tall Ice & Water Dispenser for everyday ease and three types of ice—including LG’s exclusive Craft Ice™—f",lg.com,https://www.lg.com/us/zero-clearance-refrigerator?utm_source=pinterest&utm_medium=paid-social&utm_campaign=lg_2026_hs_xhs_awareness_traffic_paid-social_pinterest_kitchen&utm_content=hs_all_plp_04-01-26_12-31-26_awareness_lg-kitchen-smm-ref-15s_other_lifestyle_video_na_16x9_15s_mix_x&utm_term=hs_xhs_prospecting_us_interest_movers-remodelers_en_all_mix_x,https://i.pinimg.com/originals/7f/bc/b7/7fbcb7bc909532ec86381f65ad6c0ee9.jpg,1080,1920,1,2026-03-31
2026-09-03,organizacao de geladeira,AbzmAgb66Dp1AGvQR_ybmeCUwc6tCD-_qO_eIQtXauAkis7hspnvtgBLmKK_jzf1mgb7oV_hIH-06v4P6t-CC4w,21,11,0,MdakeGo 6 Pack,amazon.com,https://www.amazon.com/Refrigerator-Organizer-Containers-Space-Saving-Vegetable/dp/B0DNCF1C3B/ref=asc_df_B0DNCF1C3B?hvdev=%7Bdevice%7D&hvcampaign=%7Bcampaignid%7D&hvadgroupid=%7Badgroupid%7D&hvprdptid=%7Bproduct_partition_id%7D&hvprdgrpid=%7Bpromoted_product_group_id%7D&hvcr=%7Bcreative_id%7D&hvadid=%7Badid%7D&hvprdid=%7Bproduct_id%7D&hvplc=%7Bplacement%7D&psc=1&tag=%7Bifnotmobile:ushpadpinde-20%7,https://i.pinimg.com/originals/86/3b/5c/863b5c77820190e4e9f92189819d2978.jpg,1500,1500,0,2026-03-03
2026-09-03,organizacao de geladeira,AeVaXx2v9Hdj08MOdcCEHz6-qBFlCDqkyKVE15ahtn7DyulKR3_TTqx6eK_6F9MypovB9t5A6N7zvnrAmeRNmIA,22,1,0,Expandable Fridge Storage,7catbox.com,https://7catbox.com/products/fridgex-expandable-fridge-storage-box?variant=52810942939454,https://i.pinimg.com/originals/50/16/9a/50169af12b35fcd231295de78142381f.jpg,800,800,0,2025-12-31
2026-09-03,organizacao de geladeira,581738476912684012,23,588,0,,,,https://i.pinimg.com/originals/b9/3c/98/b93c988c06ca1d4f2e88e6a2bf87beaa.jpg,736,1349,0,2026-05-20
2026-09-03,organizacao de geladeira,1144688430311743502,24,566,0,,,,https://i.pinimg.com/originals/a0/8d/ba/a08dba64e80c306d0a5d206925c50b55.jpg,1024,1536,0,2026-04-20
2026-09-03,organizacao de geladeira,AfPgXwV6fWZZjVJAR0EAO3KKrW2yRTn4xuFR32S3QewA_gUJU9sp7KNiTmptY_afPLgFDUsXV5EX2GBTAuSR4LE,25,3,0,Luckore 4 Piece,amazon.com,https://www.amazon.com/Luckore-Refrigerator-Organizer-Organizers-Containers/dp/B0DHZ3P3QR/ref=asc_df_B0DHZ3P3QR?hvdev=%7Bdevice%7D&hvcampaign=%7Bcampaignid%7D&hvadgroupid=%7Badgroupid%7D&hvprdptid=%7Bproduct_partition_id%7D&hvprdgrpid=%7Bpromoted_product_group_id%7D&hvcr=%7Bcreative_id%7D&hvadid=%7Badid%7D&hvprdid=%7Bproduct_id%7D&hvplc=%7Bplacement%7D&psc=1&tag=%7Bifnotmobile:ushpadpinde-20%7D%7B,https://i.pinimg.com/originals/ac/99/dd/ac99dd2aa949130a41a4e2b79950fbfa.jpg,1600,1600,0,2026-03-20
2026-09-03,organizacao de geladeira,AemKIn6ZLmGubW71TtxNZ6GRwpJHUggAPusteDkx7bivueOEzeFeVGqQl1SZ0zkei5jDcX9aWgHD4hiLYTVwGoY,26,1,0,1 Piece Storage Box,inspireuplift.com,https://www.inspireuplift.com/1-piece-refrigerator-storage-box-cold-storage-fresh-keeping-organizer/iu/21873153?variant=476863216,https://i.pinimg.com/originals/c2/47/46/c24746bed0f6e467e993fe5645bf0603.jpg,800,800,0,2026-07-08
2026-09-03,organizacao de geladeira,AYbk6MqNMHDj_WHm-6grCubSFa7pwgyaPgdqTHacgqdxOhBQcszLrjC4SX801RvxVJmVeTfPJT-D4qQUkYcAJhs,27,1,0,3+3 FREE | FrigoBox –,maldaro.com,https://maldaro.com/products/frigobox?variant=52012826657096,https://i.pinimg.com/originals/a3/3c/85/a33c851a84caf37b62d55ad5f5aca6c4.png,800,800,0,2026-05-29
2026-09-03,organizacao de geladeira,AU3UPYbE-3Nf7ysaerAKwYziUk7-RSGY84EBT3ZqRr6TRGRIo-fNpEllYAJo2ctYrugWxYTObAEuCAlDbjIN2i0,28,70,0,The Home Edit Divided,containerstore.com,https://www.containerstore.com/s/kitchen/food-storage/the-home-edit-divided-fridge-drawer/12d?productId=11012909&country=US&currency=USD&skuId=10080430,https://i.pinimg.com/originals/a9/61/37/a96137cc545190b4ac5936b08f8f7025.jpg,1159,1578,0,2022-08-05
2026-09-03,organizacao de geladeira,1106970783433900016,29,725,0,Healthy Fridge Reset Ideas for Weight Loss & Clean Eating 🫐🥣,,,https://i.pinimg.com/originals/5d/86/09/5d8609be3aa3a05e49a085ddfffd87aa.jpg,939,1678,0,2026-05-29
2026-09-03,organizacao de geladeira,816277501256809679,30,1071,0,,,,https://i.pinimg.com/originals/a7/3f/d0/a73fd0d7298199c87f11720dafbfe26e.jpg,1080,1920,0,2026-07-13
2026-09-03,organizacao de geladeira,974536806889349803,31,822,0,,,,https://i.pinimg.com/originals/a8/7a/cf/a87acf4b751567695b2388819630953a.jpg,736,1104,0,2026-06-01
2026-09-03,organizacao de geladeira,AZ0jESjpmlVSGe0-rWw9hB91aLNcQBaZ1qrr1OhOM-Vi_QQ7Fgii9O84FAgzezlWF0P7pADZwvdJt1VksGWP1Nc,32,44,0,MineSign 9 Pack Stackable,amazon.com,https://www.amazon.com/MineSign-Stackable-Refrigerator-Containers-Organization/dp/B0C89QTV1F/ref=asc_df_B0C89QTV1F?hvdev=%7Bdevice%7D&hvcampaign=%7Bcampaignid%7D&hvadgroupid=%7Badgroupid%7D&hvprdptid=%7Bproduct_partition_id%7D&hvprdgrpid=%7Bpromoted_product_group_id%7D&hvcr=%7Bcreative_id%7D&hvadid=%7Badid%7D&hvprdid=%7Bproduct_id%7D&hvplc=%7Bplacement%7D&psc=1&tag=%7Bifnotmobile:ushpadpinde-20%7D,https://i.pinimg.com/originals/31/0f/e8/310fe8900ad4d44e6ae7d34cc8e0e10e.jpg,1600,1600,0,2026-05-18
2026-09-03,organizacao de geladeira,AYaZNthjy-eLN_izBj2Xuueail-tHwVZDlmkcujTXRO00Q8jrpjmdBIkk_rTILDthBqSTjCwcXNXIgC2XFfvADo,33,1,0,Temu | 6pcs Set,temu.com,https://www.temu.com/ul/kuiper/un3.html?subj=dpa-un&_bg_fs=1&_p_jump_id=1082&_x_vst_scene=adg&goods_id=601104874476299&adg_ctx=a-9f2b99d1~c-11cfd79a&_p_rfs=1&_x_ads_channel=pinterest&_x_ads_creative_id=%7Bproduct_partition_id%7D&_x_ads_id=%7Badgroupid%7D&_x_ads_set=%7Bcampaignid%7D&_x_ads_sub_channel=shopping&_x_ns_catalog_id=1567707391772&_x_ns_creative=%7Badid%7D&_x_ns_gid=601104874476299&_x_ns_,https://i.pinimg.com/originals/24/12/16/241216649116a64362d4e7574d4c4f5e.jpg,2000,3000,0,2026-06-14
2026-09-03,organizacao de geladeira,1124281494496653828,34,2525,0,Cozy Fridge Organization Ideas 🧊 |Amazon Kitchen Finds,,,https://i.pinimg.com/originals/23/7d/06/237d06392b7192a5d921c49a0a05182e.png,1024,1536,0,2026-05-12
2026-09-03,organizacao de geladeira,785596728775398515,35,65,0,,,,https://i.pinimg.com/originals/79/1a/b2/791ab28d0b538099ee76476251c2da76.jpg,720,960,0,2022-07-12
2026-09-03,organizacao de geladeira,AXaWM0oMNX4J75RQZbE3R1Ow0ZTH3H420P1F7JPTz4UJ9GjwzIMjVUZ3BR6uPD0ggQqq7_sA1VFCeljly8pgr50,36,37,0,Amazon Kitchen,amzlink.to,https://amzlink.to/az0qicnNPEmXi,https://i.pinimg.com/originals/b9/c2/1d/b9c21dee25d8f1f94aff46a72183e3ee.jpg,1080,1920,1,2026-07-19
2026-09-03,organizacao de geladeira,1078682548265080155,37,2969,0,Fridge Organization Hacks for a Clean & Efficient Kitchen 🥗❄️,amazon.com,https://www.amazon.com/shop/sixberfashiontrends/list/19TEJ88J7Y6Q5?ref_=aipsflist,https://i.pinimg.com/originals/5c/5c/69/5c5c697cdfc99572411510fc0f9541ae.jpg,747,1024,0,2026-01-15
2026-09-03,organizacao de geladeira,Afn4BexmuFeNN2LvniXBp_ovRzOOoZf6a581RpdaV4smt7HGpRg2oTm_iFx9osIQ_CoITJJGyrR7a1jj3ZTwdnM,38,1,0,Temu | 4pcs Refrigerator,temu.com,https://www.temu.com/ul/kuiper/un3.html?subj=dpa-un&_bg_fs=1&_p_jump_id=1082&_x_vst_scene=adg&goods_id=605564499239650&adg_ctx=a-c31182d5~c-2c73fc0a&_p_rfs=1&_x_ads_channel=pinterest&_x_ads_creative_id=%7Bproduct_partition_id%7D&_x_ads_id=%7Badgroupid%7D&_x_ads_set=%7Bcampaignid%7D&_x_ads_sub_channel=shopping&_x_ns_catalog_id=1567707391772&_x_ns_creative=%7Badid%7D&_x_ns_gid=605564499239650&_x_ns_,https://i.pinimg.com/originals/17/19/b0/1719b0eb41b1704f01da5154bea682aa.jpg,2560,2560,0,2026-07-18
2026-09-03,organizacao de geladeira,766174955385021432,39,1641,0,Cozin 🤍🤎,,,https://i.pinimg.com/originals/6a/e7/2c/6ae72cafbe081226f54517e378dafe0b.jpg,736,1308,0,2024-04-23
2026-09-03,organizacao de geladeira,1618549864460286,40,5505,0,,,,https://i.pinimg.com/originals/b1/c7/2c/b1c72c4d825c2c9b3ed095022afd89a0.jpg,1290,2296,0,2025-08-14
2026-09-03,organizacao de geladeira,AcUOT__aAPhB-B-ksCPdGsoMIHfbdn3_XvW3f6uGmp4sqhg0NAyRlOUf7eiv5qR9WzpPi2ALNkwCCM5yzlbyDOg,41,1,0,Temu | Organizador de,temu.com,https://www.temu.com/ul/kuiper/un3.html?subj=dpa-un&_bg_fs=1&_p_jump_id=1082&_x_vst_scene=adg&goods_id=605542621795051&adg_ctx=a-37bdda75~c-863aa750&_p_rfs=1&_x_ads_channel=pinterest&_x_ads_creative_id=%7Bproduct_partition_id%7D&_x_ads_id=%7Badgroupid%7D&_x_ads_set=%7Bcampaignid%7D&_x_ads_sub_channel=shopping&_x_ns_catalog_id=1580405374697&_x_ns_creative=%7Badid%7D&_x_ns_gid=605542621795051&_x_ns_,https://i.pinimg.com/originals/78/6e/ed/786eedf8ed05206aea776d6e0760781d.jpg,2000,2000,0,2026-06-29
2026-09-03,organizacao de geladeira,AfipWzLLKzft__cbhU7GbKOPWH9lqMufjz70_rhCyeQQF3wxVFXrAdEDOkK-sNFv5Qde2PM8RwMSJn7Vh7nZZuQ,42,0,0,Transparent Storage Boxes,vela-avenue.com,https://vela-avenue.com/products/transparent-storage-boxes-for-the-fridge-4-pieces-cool-organize?variant=56530330517844&utm_source=multifeeds&utm_medium=organic&utm_campaign=Multifeeds&utm_content=Transparent%20Storage%20Boxes%20for%20the%20Fridge%20(4%20Pieces)%20-%20CoolOrganize,https://i.pinimg.com/originals/3e/95/f6/3e95f6edbdfa1310f4a70f168725b482.jpg,1080,1242,0,2026-07-22
2026-09-03,organizacao de geladeira,1097400634235694459,43,3,0,Como organizar a geladeira para nada estragar,s.shopee.com.br,https://s.shopee.com.br/80Bm1KuNLP?channel_type=pinterest,https://i.pinimg.com/originals/b3/44/f7/b344f751b0ad7ce9853ccae304228c8c.jpg,768,1152,0,2026-08-08
2026-09-03,organizacao de geladeira,709246641366035868,44,10,0,Geladeira cheia e organizada,meli.la,https://meli.la/2T1QJoC,https://i.pinimg.com/originals/73/0e/29/730e29841f755be42db377a397c29a9e.jpg,1086,1448,0,2026-08-22
2026-09-03,organizacao de geladeira,AUdTBArKL9qIshSrKpy0a72CL5c_wnzHzY4NmS89Myi-v-QSFQtG7f8oQo4MTGgEGKXblZUvTGZ_s6D1ORZpl0o,45,0,0,Temu | 1/2 PAQUETE,temu.com,https://www.temu.com/ul/kuiper/un3.html?subj=dpa-un&_bg_fs=1&_p_jump_id=1082&_x_vst_scene=adg&goods_id=607042270018771&adg_ctx=a-57594303~c-79279a9b&_p_rfs=1&_x_ads_channel=pinterest&_x_ads_creative_id=%7Bproduct_partition_id%7D&_x_ads_id=%7Badgroupid%7D&_x_ads_set=%7Bcampaignid%7D&_x_ads_sub_channel=shopping&_x_ns_catalog_id=1580405374697&_x_ns_creative=%7Badid%7D&_x_ns_gid=607042270018771&_x_ns_,https://i.pinimg.com/originals/a7/19/86/a719864ea316c5302caf096dcd1feaba.jpg,1300,1300,0,2026-08-15
2026-09-03,organizacao de geladeira,40532465392301449,46,51,0,Small Refrigerator Organization Ideas That Save Space,,,https://i.pinimg.com/originals/d2/30/fd/d230fdfb088a029a02b5d59d005a24ba.png,1024,1536,0,2026-08-23
2026-09-03,organizacao de geladeira,Ae1kF9xVKbTc2SG9Br8mUOV3A9h1p3z7t6qa5uvzCoQ8za5BAZ1XIbOIxAE3Abv-hG30MLGBdwf64kuip2ZQqcA,47,0,0,Temu | 1 Transparent,temu.com,https://www.temu.com/ul/kuiper/un3.html?subj=dpa-un&_bg_fs=1&_p_jump_id=1082&_x_vst_scene=adg&goods_id=606130830970999&adg_ctx=a-0a839f82~c-91bfcf48&_p_rfs=1&_x_ads_channel=pinterest&_x_ads_creative_id=%7Bproduct_partition_id%7D&_x_ads_id=%7Badgroupid%7D&_x_ads_set=%7Bcampaignid%7D&_x_ads_sub_channel=shopping&_x_ns_catalog_id=1567707391772&_x_ns_creative=%7Badid%7D&_x_ns_gid=606130830970999&_x_ns_,https://i.pinimg.com/originals/88/83/17/8883173d5fbd9f220f54d630a23d9a39.jpg,2000,2000,0,2026-08-22
2026-09-03,organizacao de geladeira,873839133969917064,48,1833,0,,,,https://i.pinimg.com/originals/a2/c9/1c/a2c91c809c4f5296e57d185d2926dceb.jpg,1024,1536,0,2026-04-03
2026-09-03,organizacao de geladeira,1477812375406450,49,3638,0,dream fridge,,,https://i.pinimg.com/originals/4f/d8/5a/4fd85a3e5826b72b0dbaa4fd90b1bc45.png,954,1648,0,2026-06-08
2026-09-03,organizacao de geladeira,ARfkyqpmb_IeHlIFaBTWUdSxUV6L_QLuDGVL5K_0VWNthfEa3Qm8OMdcWGeDsG7w8MhfoDewUkgiUt5KmylLgaI,50,0,0,2pk Small Produce Bin,fromrebel.com,https://fromrebel.com/products/2pk-small-produce-bin-fridge-bin-with-lid-92d296-home?variant=53289321333103,https://i.pinimg.com/originals/c0/58/15/c058157930a958f04648e1e15d72bb07.jpg,1000,1000,0,2026-08-13
2026-09-03,organizacao de geladeira,1116470563900189770,51,272,0,Fridge Organization Hack You Need,beacons.ai,https://beacons.ai/zee.effortlessliving,https://i.pinimg.com/originals/f7/c4/bb/f7c4bb213fcdd236f71130129d36de4b.png,715,1271,0,2026-04-03
2026-09-03,organizacao de geladeira,AXSqEc4-2rcTk6H7W0QfyFCcTHfFi2urDvsTEoA6hzLgRlm9dPmag4XfRgFF-N0Gn64aJ7BRsiZ9e6KBQLrREmY,51,152,0,Amazon Fridge,amzlink.to,https://amzlink.to/az0I6c1zcE0RB,https://i.pinimg.com/originals/d8/69/9e/d8699e35bfc7bdfe09cfb3d9e4a45966.jpg,1080,1920,1,2026-07-18
2026-09-03,organizacao de geladeira,1124211125769270034,52,223,0,Beautiful Fridge Organization Ideas | Butter Yellow & Mint Green Kitchen,,,https://i.pinimg.com/originals/38/de/6f/38de6fa54c5df559a2aae01bd9c12bf1.png,1024,1536,0,2026-07-24
2026-09-03,organizacao de geladeira,AbFHn3gwhem_4Rev3DQV-qtvUNVKgl-oar26BaNS7R8le1refjJRD6y4oFzvE0p2bV3--5MEj5Gd0ZE0SDccr5c,53,1,0,Stylish Dream Home With 4,expedia.com,https://www.expedia.com/Hotel-Search?destination=Liverpool&selected=125550527&startDate=2026-09-04&endDate=2026-09-05,https://i.pinimg.com/originals/4f/ac/7b/4fac7b43a8f1f20f681654c74a40ebbe.jpg,1000,1500,0,2026-07-23
2026-09-03,organizacao de geladeira,1033435445762083024,54,1145,0,,,,https://i.pinimg.com/originals/77/6c/f4/776cf45d27b9360384e7d8d4a855adf1.jpg,735,1101,0,2026-03-08
2026-09-03,organizacao de geladeira,AWpJWxTn1dff_jKw33BVQbDa_z9ddCGOb6mMECi_mq6uxbcjRrB7_9vJZYOC5Z-tQyv2IJhRwlquom80D6Ien3M,55,1,0,"Get appliances that mix,",lowes.com,https://www.lowes.com/pl/Small-appliances-Appliances/4294857962,https://i.pinimg.com/originals/14/9b/c8/149bc82dea96222954d9101ba9ec312f.jpg,1000,1500,0,2026-01-12
2026-09-03,organizacao de geladeira,AYNXre8SCZXyRhaLp-5EKcAFgXu3_Wsv7HkflIZ3KsPj3wABvLbglxue9QJNU61LhQsUpzSy1in1lIKGbianf5s,56,0,0,6pcs Transparent Plastic,us.shein.com,https://us.shein.com/ark/default?scene=1&test=5051&ad_type=DPA&goods_id=81503720&pf=PINTEREST&url_from=PINADSDPA&ismg=bd14a8a9d1e9590de295bf22a642f9fedbe4f082c15302d648902e926219ebd6_01_1788368957,https://i.pinimg.com/originals/58/55/4d/58554d03f5cbf93a102802d857c0d65e.jpg,900,1200,0,2026-08-15
2026-09-03,organizacao de geladeira,AeW0M7f37UH1Q52kZcBQxDLnbBpr_yA4b7jFAjDW6VCKznaokb4cUoq2tgaz_A96KTIXA7X0mAmHe9elml_iMWA,57,1,0,MODERN PERFORMANCE FOR,fergusonhome.com,https://www.fergusonhome.com/ge-appliances/c112078?utm_source=pinterest&utm_medium=psa&utm_campaign=0_fh_national_convert_acquire_2573_ge_product_psa_2026vmfge&utm_content=gepp4,https://i.pinimg.com/originals/02/60/fd/0260fd3d8616a0f226d105b62f5127d0.jpg,2083,3125,0,2026-06-29
2026-09-03,organizacao de geladeira,56224695344161883,58,480,0,~Geladeira organizada~,,,https://i.pinimg.com/originals/ce/5c/ee/ce5cee8a95f172468133e1f3f846efee.jpg,736,1308,0,2026-01-17
2026-09-03,organizacao de geladeira,AQlMf0WpIR-fv_5yOmU1Jz5lKfsuM3fzq2ovh52r3rxiKLE3GYPnEHuq3a8Q3ajCzzp-FjahlifK7aII3HxAGUQ,59,7645,0,Our best deals on ILVE,homeoutletdirect.com,https://homeoutletdirect.com/,https://i.pinimg.com/originals/15/b0/86/15b086b8f45fd142eb88aa24703eaf14.jpg,2000,3000,0,2023-09-03
2026-09-03,organizacao de geladeira,1133147956274410542,60,13,0,The Ultimate Organized Fridge Inspiration 🥬✨,,,https://i.pinimg.com/originals/4f/5a/7f/4f5a7fbb87243085ec543022c632b74e.png,916,1376,0,2026-08-24
2026-09-03,organizacao de geladeira,ASA-bDK0oRtVlyAVV3yfIkh8zK8Id3j2FXS2O0cEy-_ONwZ5ghyqhK7QZlY3TiyI9NXFDF2BHxAy3IxCclDTrD8,61,3,0,Neutral Organic,twopagescurtains.com,https://twopagescurtains.com/collections/roman-shade/products/liz-linen-roman-shade-cordless,https://i.pinimg.com/originals/dc/5e/2f/dc5e2f9ef49353ecefce62bb2730aa84.png,1000,1500,0,2026-08-04
2026-09-03,organizacao de geladeira,642396334394127139,62,12,0,GELADEIRA ORGANIZADA,meli.la,https://meli.la/1ry4aid,https://i.pinimg.com/originals/55/59/78/555978ca37ff221dc50dabcbddd4a4f2.png,1024,1536,0,2026-06-19
2026-09-03,organizacao de geladeira,106679084920507691,63,240,0,Cajón de Verduras Organizado con Recipientes Transparentes,,,https://i.pinimg.com/originals/22/8a/58/228a584887d57ef894848cdc633cd5c3.jpg,1242,1869,0,2026-08-25
2026-09-03,organizacao de geladeira,1140325568178915080,64,11,0,Vibrant Aesthetic Organized Fridge Restock,,,https://i.pinimg.com/originals/77/bd/79/77bd79d6271b45b0de9e90a257142261.jpg,736,1104,0,2026-08-20
2026-09-03,organizacao de geladeira,16184879908576743,65,423,0,Dream Fridge Ideas for Healthy Skin Glow Up ✨ Smoothie Ideas & Skincare Fridge Inspiration,agnesglowlab.com,https://agnesglowlab.com/best-foods-for-glowing-skin/,https://i.pinimg.com/originals/9c/ad/47/9cad4703dbcfe41aba48d5acf49a3f02.jpg,1168,1752,0,2026-08-20
2026-09-03,organizacao de geladeira,714524297180951718,66,243,0,Fridge Organization Hacks for a Clean,,,https://i.pinimg.com/originals/7b/cf/e4/7bcfe4c3c947e01e438787ad36675473.png,887,1774,0,2026-08-26
2026-09-03,organizacao de geladeira,AduJajglbEU5CV1KJhKGreYsgvQ955fXdjhIgwpQh_fE7gAcwOr2SGRlZCH1sV3FwGAH2_hlDSvoMFjoVCRflk0,67,667,0,My Amazon organization,amzlink.to,https://amzlink.to/az0RMKmjRoQVe,https://i.pinimg.com/originals/eb/09/29/eb0929d2ad9f06e7763bb78c1d706388.jpg,720,1280,1,2026-04-23
2026-09-03,organizacao de geladeira,132293307800972139,68,58,0,"Refrigerador Organizado para una Familia Ocupada | Desayunos, Snacks y Meal Prep",,,https://i.pinimg.com/originals/83/33/87/833387d62be14c8096d35ba2a4215eda.jpg,1242,1856,0,2026-08-12
2026-09-03,organizacao de geladeira,20688479532286196,69,1383,0,Carne,,,https://i.pinimg.com/originals/9e/12/86/9e12862245328bd1d9d5f93ae6e57237.jpg,736,920,0,2025-03-03
2026-09-03,organizacao de geladeira,1128714725387655524,70,2126,0,,,,https://i.pinimg.com/originals/79/ea/4d/79ea4dcadb83e9f74d0463afc5a91a42.jpg,1242,1527,0,2026-07-19
2026-09-03,organizacao de geladeira,1088463803717651889,71,18,0,Ideia de organização de geladeira com potes herméticos transparentes,aiboosterhub.com,https://aiboosterhub.com/fdXfhMOT31060repinter,https://i.pinimg.com/originals/55/dc/19/55dc196e36163f2769eefa62d5f30d58.jpg,736,1106,0,2026-05-22
2026-09-03,organizacao de geladeira,596727019413558063,72,14744,0,,,,https://i.pinimg.com/originals/73/ea/23/73ea23344aab7112ba115c3e64bad67f.png,691,957,0,2025-01-20
2026-09-03,organizacao de geladeira,74309462597632080,73,288,0,Open Fridge Reset: Healthy Meal Prep & Wellness Organization Ideas,buymeacoffee.com,https://buymeacoffee.com/avocadobalance/e/545132,https://i.pinimg.com/originals/35/5a/63/355a6369a5b4caf34d814e1f84e7a407.png,1024,1536,0,2026-08-05
2026-09-03,organizacao de geladeira,649644315023129647,74,6,0,Organização de geladeira clean,ou.com.br,https://www.ou.com.br/loja-mais?=milaniorganiza,https://i.pinimg.com/originals/0f/e6/54/0fe6548fd91e577f41ab4b9c5e72c087.jpg,750,1125,0,2023-09-05
2026-09-03,organizacao de geladeira,692358142693975547,75,10144,0,,,,https://i.pinimg.com/originals/80/8d/87/808d87d5deb4f9e89bd564d470aaacb9.jpg,750,894,0,2019-02-28
2026-09-03,organizacao de armario pequeno,AVtWoxU1jmOD2DFGRfifiklsxjrMTWmMWPt3JeCq9qgT-SBHf-ukUuEfAi3gRHXtlFWV9lppytRtm6m8egaW4n4,2,775,0,Best Amazon Organization,amzlink.to,https://amzlink.to/az0dXHe4oFRhg,https://i.pinimg.com/originals/11/27/1a/11271ac6aaf91a5fcc8ab8471e860af3.jpg,1000,1500,1,2026-06-23
2026-09-03,organizacao de armario pequeno,385691155611821184,3,1695,0,Guarda roupa,,,https://i.pinimg.com/originals/5d/e3/e3/5de3e3ac70b29ce86fd9c77ab59b1a08.jpg,1080,1920,0,2026-06-02
2026-09-03,organizacao de armario pequeno,AQ9TYrBz3KGhZ290MNLYZ5ltrCnHdteWT1Kj73OF8rLvqBvCaM_WtpvOL6eYQmQsemZwqH9ImJKSzURdhyl2b9M,4,833,0,Amazon Closet,amzlink.to,https://amzlink.to/az0Zr8WhocscL,https://i.pinimg.com/originals/c9/67/bb/c967bbb6c8f53f14839643056568ef7c.png,1000,1500,0,2026-03-18
2026-09-03,organizacao de armario pequeno,12596073954469293,5,776,0,Completely Organized Closet,,,https://i.pinimg.com/originals/0f/de/ce/0fdecea9cb77433cc209f4f607e2a85d.png,1024,1536,0,2026-07-30
2026-09-03,organizacao de armario pequeno,357543657942018386,6,30,0,,,,https://i.pinimg.com/originals/48/fa/4b/48fa4b85fb1a1874a0ce9ec7acc1e297.jpg,1086,1448,0,2026-06-23
2026-09-03,organizacao de armario pequeno,AWsTAd_ebsF8GoKkxlz3pQJjFqZuwU_QiMLW3ba4khsPP1xFcESqfcySSjzX4JkFvPHu_scNqvmJ99apA9jDSFc,7,3,0,Mosaics 87.04 in. W White,homedepot.com,https://www.homedepot.com/p/ClosetMaid-Mosaics-87-04-in-W-White-12-Shelf-4-Drawer-2-Hang-Rod-Wood-Closet-System-10000-08387/343742795?cm_mmc=psoc-pinprg-%7Bcampaignid%7D-%7Badgroupid%7D,https://i.pinimg.com/originals/87/c3/79/87c379df42e6b6b86d8c35dc9cbc6d86.jpg,1000,1000,0,2026-07-17
2026-09-03,organizacao de armario pequeno,AbtyYgiH-aZl8cC_3AQLeiLPHa7HttPGMwQ5ym9snam07uTcSm_Y7bcbPruMylekHccUhJfH71KFuIOVw2aN8CI,8,20,0,Amazon Organization Finds,amzlink.to,https://amzlink.to/az0ziQBlJYodk,https://i.pinimg.com/originals/db/4e/04/db4e0432168ed18549eb486a05f97c30.png,1000,1500,0,2026-07-07
2026-09-03,organizacao de armario pequeno,AeRS-eh1H7M3hzJ5IhpvoVG8_yMBD8GbzWBEO3U9T4nMy3XbgVb230NFH3yuEvyDNafVFsbm1jMubUEknnR4qFo,9,2,0,Homieasy 20.2'' - 96'' W,walmart.com,https://www.walmart.com/ip/Homieasy-96-Inches-Closet-System-8FT-Walk-In-Organizer-3-Shelving-Towers-Heavy-Duty-Clothes-Rack-Drawers-Built-In-Garment-Rack-96-L-x-16-W-75-H-Max-L/3508617616?wmlspartner=wlpa&selectedSellerId=101253865,https://i.pinimg.com/originals/28/ab/8d/28ab8d352a113764403a335b5b897107.jpg,1139,1253,0,2026-08-27
2026-09-03,organizacao de armario pequeno,3659243442048538,10,714,0,Cómo organizar un closet completo para sentir más calma visual,,,https://i.pinimg.com/originals/8b/e9/88/8be988400b06d4cbb0de675fa961f5bc.jpg,1242,1850,0,2026-06-21
2026-09-03,organizacao de armario pequeno,5277724560601803,11,2809,0,,,,https://i.pinimg.com/originals/e6/aa/a5/e6aaa59ce56ee54cfd8a0c02de37c30d.png,1086,1448,0,2026-07-19
2026-09-03,organizacao de armario pequeno,1125968743855282,12,5266,0,,,,https://i.pinimg.com/originals/73/c6/35/73c635a68dbd2ade3c5eb0d2b271d1b2.png,941,1672,0,2026-08-05
2026-09-03,organizacao de armario pequeno,AWmaR0gHFzew4j2Gq3Bw6CdRH7A2rnTU9EZVvv6wykyakGSJrdctxE9S14tmmOcoDEfpO7HpLMrJIlcygqQJJvw,13,6,0,Eolstice Wardrobe Storage,walmart.com,https://www.walmart.com/ip/Eolstice-Wardrobe-Storage-Artifact-Clothes-Arrangement-Layered-Partition-Multi-layer-Shelf-Bedroom-Storage-Closet-Organizer-M/19366222339?wmlspartner=wlpa&selectedSellerId=102615147,https://i.pinimg.com/originals/b6/ff/ae/b6ffae661b2df6bf10f5b16613c654a1.jpg,450,450,0,2026-03-26
2026-09-03,organizacao de armario pequeno,AX9gmrsp4hnz0q7kWnodtzmRkbPyKOFYs_YxKCqDGnufAcnRU_BtV-OdhF3rRsx3CXZlrM_jMWfcQnbb4TCxKDQ,14,244,0,Amazon Closet,urlgeni.us,https://urlgeni.us/amzn/3aqm0o,https://i.pinimg.com/originals/4a/36/ec/4a36ece65f02c0a4daaffe56e62be0c9.png,1000,1500,0,2026-02-07
2026-09-03,organizacao de armario pequeno,954622452287020548,15,12953,0,Idea de armario,,,https://i.pinimg.com/originals/4f/3b/bb/4f3bbbd63e8b41420386848ebc126b63.png,1086,1448,0,2026-06-29
2026-09-03,organizacao de armario pequeno,939352434799072122,16,14097,0,Cleaning Closet: Clóset de Limpieza Organizado para Espacios Pequeños,,,https://i.pinimg.com/originals/37/f0/ad/37f0ad20a46d86876be14b06e30e3640.jpg,1242,1858,0,2026-07-20
2026-09-03,organizacao de armario pequeno,563018699962635,17,568,0,Accessory Organization Ideas | Calm Closet Corner,,,https://i.pinimg.com/originals/aa/5b/b8/aa5bb8ec89168501be7910fe8e84d7d7.png,941,1672,0,2026-08-21
2026-09-03,organizacao de armario pequeno,AdiuxzljTLE-KcxrYzY2vmUDQ0VpB35_Llz2SS7vaQsxOZr2AWFhUrSO4s80ZmToN18tJrEcUwCvsXrc9qljAqw,18,1101,0,No-reno closet upgrade,amzlink.to,https://amzlink.to/az0rlOJ1Woljm,https://i.pinimg.com/originals/f3/88/71/f38871c5a220bfea49d2351bb9a16e8f.jpg,720,1280,1,2026-06-23
2026-09-03,organizacao de armario pequeno,AT8VwMljKaK-JTGD2b-yKpMUfNt3L7mudq56rmxzKyaUi9-1jvxcBz1vRew7U8wNPB2zBdjRzr2WifEWrG4YFBI,19,1,0,Closet Organizer Tower,wayfair.com,https://www.wayfair.com/Latitude-Run%C2%AE--Closet-Organizer-Tower-With-4-Drawers-Shelves-And-Extendable-Hanging-Rods-46.86%E2%80%9360.86-Wide-White-X228479377-L6289-K~W117368266.html?refid=PSO49-W117368266,https://i.pinimg.com/originals/63/58/a6/6358a6a3743e3d73d02285a0bf494073.jpg,400,400,0,2026-07-18
2026-09-03,organizacao de armario pequeno,AQvaNg1Zetpybw7tEMk-NJGOIkdkf6uUFXZMGQGkOhVOUnP0dvJEzlg2uaDkEh3qXLz9uOpBwFmFIHIhwenduhg,20,0,0,1pc Portable Wardrobe,us.shein.com,https://us.shein.com/ark/default?scene=1&test=5051&ad_type=DPA&goods_id=73361661&pf=PINTEREST&url_from=PINADSDPA&ismg=6cedf19fc9db95167f535c7051e1d8ddd73dc532c6e25ec84102582a13a3d656_01_1788368945,https://i.pinimg.com/originals/56/28/84/5628849aa03af163b735184343e59318.jpg,1065,1598,0,2026-05-30
2026-09-03,organizacao de armario pequeno,42854633949816542,21,327,0,"Organized coffee bar kitchen shelf with glass jars, hanging mugs, and drawer storage",,,https://i.pinimg.com/originals/ce/d7/a0/ced7a010bf3f7d2abff6ce890e116c5c.jpg,1000,1500,0,2026-08-18
2026-09-03,organizacao de armario pequeno,281543727163557,22,7398,0,Cleaning Cupboard Organisation Ideas for a Clutter-Free Home,,,https://i.pinimg.com/originals/37/8a/92/378a9229d94a98b29fda9768baab2657.png,1023,1537,0,2026-08-22
2026-09-03,organizacao de armario pequeno,AZLwHrxPLHAr1M_wEvtv0Xe5EtjGOubc_LVmsFSE7yIuq3cgCzTy7P68cjvxNlY9HMAkGGbckLhodJEUPVdZH8c,23,23,0,21 Closet Hacks That Make,simplelivingways.com,https://simplelivingways.com/creative-tiny-closet-organization-ideas-to-maximize-your-space/,https://i.pinimg.com/originals/ee/c9/25/eec92501735a55abd664adbef0f8ddcc.jpg,800,1600,0,2026-07-31
2026-09-03,organizacao de armario pequeno,Af3tzkqoMWLjlKsiYXxXGk1IKiQl1LSGM6OvlyyCMRZl55MmDF9dTQhk_un0qgwgVEzgoXpKMUkwaelxrtrZUSc,24,1,0,Temu | Adjustable,temu.com,https://www.temu.com/ul/kuiper/un3.html?subj=dpa-un&_bg_fs=1&_p_jump_id=1082&_x_vst_scene=adg&goods_id=601103429806399&adg_ctx=a-ed9a8857~c-ff9300d0&_p_rfs=1&_x_ads_channel=pinterest&_x_ads_creative_id=%7Bproduct_partition_id%7D&_x_ads_id=%7Badgroupid%7D&_x_ads_set=%7Bcampaignid%7D&_x_ads_sub_channel=shopping&_x_ns_catalog_id=1567707391772&_x_ns_creative=%7Badid%7D&_x_ns_gid=601103429806399&_x_ns_,https://i.pinimg.com/originals/61/cd/5b/61cd5b5d08a6397572ed1f9b11d1eb71.jpg,2000,3000,0,2026-07-17
2026-09-03,organizacao de armario pequeno,Ae0U0_Shfuvq-gKQF9xNXOxNQO8179xlSZMj21tjkn71cjRCN2Z3o5d4ggBXuuwmzpZIDWv5ZnTfbIMaTaaEPLw,25,2,0,Temu 5ft Walk-In Closet,temu.com,https://www.temu.com/ul/kuiper/un3.html?subj=dpa-un&_bg_fs=1&_p_jump_id=1082&_x_vst_scene=adg&goods_id=601100037793737&adg_ctx=a-9e948aab~c-2bbceb54&_p_rfs=1&_x_ads_channel=pinterest&_x_ads_creative_id=%7Bproduct_partition_id%7D&_x_ads_id=%7Badgroupid%7D&_x_ads_set=%7Bcampaignid%7D&_x_ads_sub_channel=shopping&_x_ns_catalog_id=1567707391772&_x_ns_creative=%7Badid%7D&_x_ns_gid=601100037793737&_x_ns_,https://i.pinimg.com/originals/5d/b8/04/5db8047da0ce622a82216480d9070f2f.jpg,2000,3000,0,2026-02-10
2026-09-03,organizacao de armario pequeno,4611545371779218304,26,1750,0,30 Clever Bedroom Reach-in Closet Ideas for Better...,lostateminor.com,https://www.lostateminor.com/30-bedroom-reach-in-closet-ideas/,https://i.pinimg.com/originals/7a/3c/41/7a3c410431932c58673eacd2113aa9a7.jpg,720,964,0,2026-04-03
2026-09-03,organizacao de armario pequeno,ASk9iRtx7v1OUpHFZoLwyd4Pbo_Rr9B4JxfwkGycv7riR76V3PwyWMrweY36dAHHXFqIqvpZV1Urixoc_NrsJC8,27,1,0,Whitmor 35 in. H X 10 in.,acehardware.com,https://www.acehardware.com/p/5040401?x429=true,https://i.pinimg.com/originals/ff/fe/5d/fffe5da612af2816e123d1301387d140.jpg,1500,1500,0,2026-01-21
2026-09-03,organizacao de armario pequeno,14425661318852066,28,329,0,Minimal Closet Makeover • Over-the-Door Closet Cascaders You'll Love,,,https://i.pinimg.com/originals/0e/62/35/0e6235bab65d0de235d87b66fd658ff8.jpg,768,1365,0,2026-08-13
2026-09-03,organizacao de armario pequeno,AdtdaTjetfqzxel9C1fdp3TjZbMlpKIlFvHzMLwlbc24UHxywzs9aiZhsi6an-v19y6XxG4G2dgyKv-Ae26yiP8,29,0,0,SpaceCreations Closet,birchlane.com,https://www.birchlane.com/ClosetMaid--SpaceCreations-Closet-System-Starter-Kit-6105340-6106340-L6289-K~CLOP1423.html?refid=PSO422-CLOP1423_62841289&device=%7Bdevice%7D&ptid=%7BCriterionId%7D&targetid=%7BTargetID%7D&network=%7Bnetwork%7D&PiID[]=62841289,https://i.pinimg.com/originals/10/37/2d/10372dbb84fd5c7c078d555ce6745ace.jpg,400,400,0,2026-09-01
2026-09-03,organizacao de armario pequeno,AdpDE6N4dtsqPwvbzh9dW6cHGtcYJY0q6W32kLu7FbUHuf3zQZaz-VZlpv9qUTWCkVssbplz0rwrTnLYgeGzR3o,30,1,0,Temu | Three-drawer,temu.com,https://www.temu.com/ul/kuiper/un3.html?subj=dpa-un&_bg_fs=1&_p_jump_id=1082&_x_vst_scene=adg&goods_id=601105216276679&adg_ctx=a-db20b1eb~c-bdf03b7f&_p_rfs=1&_x_ads_channel=pinterest&_x_ads_creative_id=%7Bproduct_partition_id%7D&_x_ads_id=%7Badgroupid%7D&_x_ads_set=%7Bcampaignid%7D&_x_ads_sub_channel=shopping&_x_ns_catalog_id=1567707391772&_x_ns_creative=%7Badid%7D&_x_ns_product_id=17618483977671&,https://i.pinimg.com/originals/f9/ec/e9/f9ece997870b8c20244296e6feb7e7fa.jpg,2000,2000,0,2026-07-15
2026-09-03,organizacao de armario pequeno,AUsFUBBNPJY5r6gCiNcHfIBXrfFFqeRX_GogLBYhH6Dm0pWc9iMiRFhH53IIKArWupXthZOVLguqqIyb_a0aONk,31,2,0,Heavy Duty Adjustable,temu.com,https://www.temu.com/ul/kuiper/un3.html?subj=dpa-un&_bg_fs=1&_p_jump_id=1082&_x_vst_scene=adg&goods_id=601099745674940&adg_ctx=a-df6e7ac6~c-c3a40d3c&_p_rfs=1&_x_ads_channel=pinterest&_x_ads_creative_id=%7Bproduct_partition_id%7D&_x_ads_id=%7Badgroupid%7D&_x_ads_set=%7Bcampaignid%7D&_x_ads_sub_channel=shopping&_x_ns_catalog_id=1567707391772&_x_ns_creative=%7Badid%7D&_x_ns_gid=601099745674940&_x_ns_,https://i.pinimg.com/originals/57/6a/d0/576ad0fc92151e939f3c7bb88d78306a.jpg,2000,3000,0,2026-06-02
2026-09-03,organizacao de armario pequeno,ARhs6J28W7PDFzFGqQMhueED6FDmmeW2ym43r3SDeAmWiAM_iTqhlwS2PO0OY1VuNe_ioDLHpM1HP3IhO2RZETE,32,19,0,organizadores para guarda-roupa,s.shopee.com.br,https://s.shopee.com.br/3B4QuA4tUJ?pp=1&channel_type=pinterest,https://i.pinimg.com/originals/f8/91/ca/f891cab8a6ae5b74eabca83fcac6b25d.jpg,1024,1536,0,2026-06-25
2026-09-03,organizacao de armario pequeno,633387444632412,33,8145,0,,,,https://i.pinimg.com/originals/ea/48/1e/ea481e403116592c504e6a5692a0116a.jpg,1006,1379,0,2026-06-11
2026-09-03,organizacao de armario pequeno,211174979626281,34,53,0,,,,https://i.pinimg.com/originals/ab/43/63/ab43639f2703db8892cd146ca1f320b2.png,1024,1536,0,2026-08-22
2026-09-03,organizacao de armario pequeno,837177018262273452,35,116,0,Closet pequeno: as melhores ideias para aproveitar seu espaço,quinzeprasnoveblog.com,https://www.quinzeprasnoveblog.com/2024/05/closet-pequeno.html,https://i.pinimg.com/originals/ea/ec/9b/eaec9b9036b7f9d34277a2ffc0e582ef.jpg,563,845,0,2024-05-04
2026-09-03,organizacao de armario pequeno,385761524362050451,36,9,0,Small Closet Organization Ideas to Maximize Storage in Any Space,,,https://i.pinimg.com/originals/ba/f2/dc/baf2dc603bbf3e677ef4fcea25da8d31.png,941,1672,0,2026-08-17
2026-09-03,organizacao de armario pequeno,AQoJEmecziNTUYGhULymcp29DR9nkREk6KYHg6lpAbNeriz3hVTENqOXFdekXx6bLG8nsRSvGJnBWN_57NKi7ZM,37,1,0,Temu | de armario de 10,temu.com,https://www.temu.com/ul/kuiper/un3.html?subj=dpa-un&_bg_fs=1&_p_jump_id=1082&_x_vst_scene=adg&goods_id=606258857927463&adg_ctx=a-af6757e9~c-9fc7b154&_p_rfs=1&_x_ads_channel=pinterest&_x_ads_creative_id=%7Bproduct_partition_id%7D&_x_ads_id=%7Badgroupid%7D&_x_ads_set=%7Bcampaignid%7D&_x_ads_sub_channel=shopping&_x_ns_catalog_id=1580405374697&_x_ns_creative=%7Badid%7D&_x_ns_gid=606258857927463&_x_ns_,https://i.pinimg.com/originals/2e/c1/88/2ec18895ec58f0f3911f4dd657fbca29.jpg,2000,3000,0,2026-08-01
2026-09-03,organizacao de armario pequeno,AaCfbQdXQnvU5Ky5ElO6iKkbsIkujMMtGEKFQ5iouHIfwhZMg4HiUHUNcFaFS2Ice0EJygqp8KjQq_0meRIJiAU,38,2,0,Sistema Organizador de,decorbites.com,https://decorbites.com/es/products/closet-organizer-system-wall-mounted-closet-storage-with-drawers-and-shelves-closet-storage-for-bedroom-white-1?variant=45251989798969,https://i.pinimg.com/originals/c3/36/e4/c336e48abb0b4ed63e683f6d6d3afe95.jpg,1000,1000,0,2026-06-06
2026-09-03,organizacao de armario pequeno,984951381014710092,39,7323,0,,,,https://i.pinimg.com/originals/de/fc/e9/defce9c1f06fff49ae1aea63c76c5669.jpg,736,876,0,2025-01-22
2026-09-03,organizacao de armario pequeno,1970393584526484,40,3915,0,Perfect View for My Drawer,,,https://i.pinimg.com/originals/e1/1f/26/e11f2645b98b197896c3ed5a14a000a0.png,1024,1536,0,2026-06-29
2026-09-03,organizacao de armario pequeno,AebZbuFDGPOyQBtFumVjeNVVlZWGKaf2sob5XU8GE6HWSGPoEZ3H0s9J_wvsnekeWpUjs7iGxoyQHvUlUHOs_ZQ,41,2,0,Temu Closet Organization,temu.com,https://www.temu.com/ul/kuiper/un3.html?subj=dpa-un&_bg_fs=1&_p_jump_id=1082&_x_vst_scene=adg&goods_id=601102767541253&adg_ctx=a-b502d466~c-daacc228&_p_rfs=1&_x_ads_channel=pinterest&_x_ads_creative_id=%7Bproduct_partition_id%7D&_x_ads_id=%7Badgroupid%7D&_x_ads_set=%7Bcampaignid%7D&_x_ads_sub_channel=shopping&_x_ns_catalog_id=1567707391772&_x_ns_creative=%7Badid%7D&_x_ns_gid=601102767541253&_x_ns_,https://i.pinimg.com/originals/a7/b3/cb/a7b3cb2b1aff3a7126d4f3d3d077a22d.jpg,2000,3000,0,2026-06-14
2026-09-03,organizacao de armario pequeno,1133147956272038389,42,235,0,Small Closet Ideas for Apartments These closet storage essentials are perfect for studio ap...,tr.ee,https://tr.ee/1ax5C1?gadgets+design+car+kitchen,https://i.pinimg.com/originals/c2/69/aa/c269aa449684c8ce726b2b800214a88c.png,1024,1536,0,2026-07-25
2026-09-03,organizacao de armario pequeno,771522979922116963,43,4444,0,Closet planejado: dicas e 55 ideias funcionais e sob medida,tuacasa.com.br,https://www.tuacasa.com.br/closet-planejado/amp/,https://i.pinimg.com/originals/02/ac/bc/02acbca57dbc777801b2f55f40536d8e.jpg,1080,1350,0,2021-10-31
2026-09-03,organizacao de armario pequeno,439663982369328618,44,15375,0,,,,https://i.pinimg.com/originals/7a/b5/ab/7ab5ab3b067051f99427909c66c86e0e.jpg,750,874,0,2019-01-09
2026-09-03,organizacao de armario pequeno,774124931878820,45,2041,0,Drawer Organization,,,https://i.pinimg.com/originals/ae/c7/2e/aec72e2dd35c685fddf906957873cd29.png,1024,1536,0,2026-07-12
2026-09-03,organizacao de armario pequeno,AZ9fFtsAJgfgM70Ujhn-eVDO1-D2kex7TJs2cSlDHn6tljaIm7qpf1gFuvLUt3FVmEJN-I9w38e8XOikJ1m7Jfk,46,1,0,Temu | Easy Assembly,temu.com,https://www.temu.com/ul/kuiper/un3.html?subj=dpa-un&_bg_fs=1&_p_jump_id=1082&_x_vst_scene=adg&goods_id=601102889086322&adg_ctx=a-16068a5e~c-61be5276&_p_rfs=1&_x_ads_channel=pinterest&_x_ads_creative_id=%7Bproduct_partition_id%7D&_x_ads_id=%7Badgroupid%7D&_x_ads_set=%7Bcampaignid%7D&_x_ads_sub_channel=shopping&_x_ns_catalog_id=1567707391772&_x_ns_creative=%7Badid%7D&_x_ns_gid=601102889086322&_x_ns_,https://i.pinimg.com/originals/b7/e0/d9/b7e0d95a3d0cff62b6b838967ed0b6a2.jpg,2000,3000,0,2026-07-05
2026-09-03,organizacao de armario pequeno,19492210990258710,47,330,0,,i.pinimg.com,https://i.pinimg.com/736x/ed/4a/d0/ed4ad0542e0d9bee23643d1e7f71c526.jpg,https://i.pinimg.com/originals/ed/fc/a4/edfca4285c6349a3a66ceca1e57fbec6.jpg,736,1308,0,2026-08-24
2026-09-03,organizacao de armario pequeno,ATMPZYQsQM-gSF9UMyJg03_dY1HH9octmcnOTqh3t2jBorubOEPPWYdO6iZM406vTL0wVWoizfnzRr_WEXxSkII,48,0,0,"Temu | 86"" , Large Corner",temu.com,https://www.temu.com/ul/kuiper/un3.html?subj=dpa-un&_bg_fs=1&_p_jump_id=1082&_x_vst_scene=adg&goods_id=606063386554690&adg_ctx=a-0592dfaf~c-a68476d2&_p_rfs=1&_x_ads_channel=pinterest&_x_ads_creative_id=%7Bproduct_partition_id%7D&_x_ads_id=%7Badgroupid%7D&_x_ads_set=%7Bcampaignid%7D&_x_ads_sub_channel=shopping&_x_ns_catalog_id=1567707391772&_x_ns_creative=%7Badid%7D&_x_ns_gid=606063386554690&_x_ns_,https://i.pinimg.com/originals/a6/a9/b7/a6a9b7d84085326035db2ed32e841bc1.jpg,1000,1000,0,2026-08-04
2026-09-03,organizacao de armario pequeno,823947694321523943,49,9935,0,🧒 Mais um detalhe INTERNO desse maravilhoso projeto que criamos com muito carinho e exclusividade! Sabe quem amaria um QUARTO como esse? Marca nos comentários 👇 #interiores #designdeinteriores #projet,,,https://i.pinimg.com/originals/3f/5a/55/3f5a55bba6dfa4f019dfdbac823fd015.png,1080,1350,0,2020-11-03
2026-09-03,organizacao de armario pequeno,26740191533123859,50,478,0,Closet Organization Hacks That Actually Work,bloggingperspective.com,https://bloggingperspective.com/closet-organization-ideas-that-actually-make-a-huge-difference/,https://i.pinimg.com/originals/80/b0/4c/80b04cd28e2a0334fc96d851a9e9da3c.jpg,1000,1500,0,2026-08-16
2026-09-03,organizacao de armario pequeno,AY_9XifkjCI7gFxVtO5BDTfbEvsjti27DOYCrFDIpUtOwEbY1k5cDNNbgnHQ71tYYh0b5xE67usbgxv0d2iG8BA,51,1,0,Put Your Design Skills to,designwithfriends.com,https://designwithfriends.com/,https://i.pinimg.com/originals/8e/9c/6c/8e9c6ca4b13201d7f182c719564b8570.jpg,1080,1920,1,2026-05-28
2026-09-03,organizacao de armario pequeno,ASvX51uoYzNCavJ-Vzz4ex_5OK7nem-otOBJDw5VLDcfmKQ1PUj956yYdJ-Op9Y4B0oYNtSz0BLPmmMgN0MUkLQ,52,3,0,Foldable Storage Bins,homedepot.com,https://www.homedepot.com/p/Esepony-Linen-Closet-Organizer-Storage-Bins-with-Foldable-Clear-Window-for-Organization-Clothing-Jeans-Shelves-4-Pack-GJ168019/341259090?cm_mmc=psoc-pinprg-%7Bcampaignid%7D-%7Badgroupid%7D,https://i.pinimg.com/originals/de/59/33/de5933c561eeec964c876ef5d2bdef4e.jpg,1000,1000,0,2026-02-13
2026-09-03,organizacao de armario pequeno,AdtzbakK7yXqnFg6JfUKeZ03YICCYMPAjEHrLjfVNTamfkpeeScx0FUEMl8X8wJ6GwK3VDCNhbTKGZZkoR_EKPw,53,34,0,Aesthetic Amazon,amzlink.to,https://amzlink.to/az0f11WQVn2Ig,https://i.pinimg.com/originals/aa/cd/ef/aacdef0b44f4d19c5d8f8aa940f8287c.png,1000,1500,0,2026-06-29
2026-09-03,organizacao de armario pequeno,31666003625918224,54,32,0,Smart Closet Organization Hacks for Small Bedrooms & Apartments 🧺💡,,,https://i.pinimg.com/originals/a4/82/62/a48262efa8a9f7574d5858a150b22be4.jpg,768,1376,0,2026-08-25
2026-09-03,organizacao de armario pequeno,Afj_aoAy04tO8YZphBmeHyL9m2XlxFl1TaF_ZGRJhtAGThKamQNjFPXzAKv-h3xzj3cYSqZ2u38hioTNipDz1Y0,55,1,0,See Our Top Tips for,go.roomandboard.com,https://go.roomandboard.com/oySf8Z,https://i.pinimg.com/originals/de/47/cc/de47cc14109c7c10547739fb5ba852eb.png,1001,1501,0,2026-03-17
2026-09-03,organizacao de armario pequeno,1129136937855751131,56,50,0,"Lyxig smågarderobsinredning för en exklusiv, stilren garderobslösning",amazon.com,https://www.amazon.com/Cool-Luxury-Small-Closet-Decor-20260717042620/s?k=Luxury+Small+Closet+Decor&tag=spacefinds-closet-20,https://i.pinimg.com/originals/df/ee/37/dfee371b24d1101c256aa0786576a556.jpg,1000,1500,0,2026-07-25
2026-09-03,organizacao de armario pequeno,10485011627304973,57,6283,0,Organização de calças e roupas fitness,,,https://i.pinimg.com/originals/70/a4/31/70a43111bb5e3539be6ea46bee353cd6.jpg,1161,2064,0,2023-01-05
2026-09-03,organizacao de armario pequeno,AeodCjlQbWDQCJwYT6DAS_8bSopEc9BqsO4wvYZxVYj7mUy729TVJcO-h4IMDPtLyjrPvhg1alwMqCKi-O6nr1E,58,3907,0,Amazon Closet,amzlink.to,https://amzlink.to/az0HzgCVtqaTr,https://i.pinimg.com/originals/3b/5e/54/3b5e54936b072f3e6d19d5cfb006c482.png,1000,1500,0,2025-07-20
2026-09-03,organizacao de armario pequeno,Aay9IJhpWWMpLoCGpzqn23y2RHJ6b07zGNfJBf1XdN0MR6l7mAFC_Bp2wiBEEcfKQWWMDZaTIuXbwnDiyD2o5xU,59,0,0,Classic 6-Drawer Dresser,plankandbeam.com,https://plankandbeam.com/products/classic-6-drawer-dresser?variant=44630824550562,https://i.pinimg.com/originals/a8/50/cb/a850cbe84dfc7edf5da6d4a7d3fefa9e.jpg,1063,1200,0,2026-03-06
2026-09-03,organizacao de armario pequeno,ATa4fnMX6BNvEkC1_MVLeEU7dnvUQyZw-qkkoiZEe52sKQ_JtT32e9ZBLcveXpIS1OTxBP_Uc1qRfsoVC5KRk5U,60,761,0,College essentials you &,walmart.com,https://www.walmart.com/cp/dorm-room-essentials/1225229?sourceid=dsn_pin_fe6229ea-cd44-4854-9ab4-7cea85d8bf6f&veh=dsn&wmlspartner=dsn_pin_fe6229ea-cd44-4854-9ab4-7cea85d8bf6f&cn=01em_fy27_btc_btc_up_int_soc_static-video-pin,https://i.pinimg.com/originals/80/94/fa/8094faa70bb4e1da4b594e11b4cb10fa.jpg,1000,1500,0,2026-06-10
2026-09-03,organizacao de armario pequeno,1477812375599582,61,421,0,Luxury Dresser Drawer Organization Ideas | Elegant Closet Storage Inspiration,,,https://i.pinimg.com/originals/15/d1/a6/15d1a611a1876be98c3b9e20efc2e897.png,1024,1536,0,2026-08-16
2026-09-03,organizacao de armario pequeno,Abh8GNKKsMgqr1Xt4acJCbAbPMEsU9ofjtnR6BnaIqtUZ9up7c3Jjdwm36FPXXPjUS148_JfMTWM7hK6YTPPZ8E,62,33,0,Deck the halls. Clear the,sauder.com,https://www.sauder.com/categories/storage-organization/cabinets-utility,https://i.pinimg.com/originals/ab/a1/fb/aba1fb6938eda135504a8d2dad7ce236.png,1000,1500,0,2025-11-10
2026-09-03,organizacao de armario pequeno,1146518017643376121,63,17996,0,ideias de guarda roupa planejado para casal Blog Nunca Fiz,blognuncafiz.com.br,http://www.blognuncafiz.com.br/2022/02/ideias-de-guarda-roupa-planejado-para.html,https://i.pinimg.com/originals/47/da/c8/47dac835c3eb8de1b17b17a7b5ec6f5a.jpg,549,640,0,2024-11-25
2026-09-03,organizacao de armario pequeno,AZr1mRCoqz5xtnSRa_oiEQFsg4Fn1ludJEpzcIw8M6k2qx4PGb_Or0m3Hm5f8VZjPIIcH3aHJ_tU_JFZ0Sx-0PQ,64,23,0,Warm Minimalist Japandi,zonlihome.com,https://www.zonlihome.com/products/futon-mattress,https://i.pinimg.com/originals/33/8f/eb/338febe0357393cb57d1adc2e856e1d5.png,1000,1500,0,2026-07-15
2026-09-03,organizacao de armario pequeno,13299761397146593,65,120,0,Pinterest-Style Open Luxury Wardrobe | Dream Walk-In Closet Design,,,https://i.pinimg.com/originals/9a/15/e4/9a15e4b6f81c299d8c7c8f2dae0dcd79.png,1024,1536,0,2026-07-28
2026-09-03,organizacao de armario pequeno,AWzSLT52JOyKtCpr29WrXFqGu_zMNHbvSvXhn151oQrYbWpx5XtJPNUaOt7OxhKzE_vUNfsDDG_OboDwzQusscI,66,23,0,This is what happens when a closet is set up to actually work. Not just look good on day one — but make getting dressed easier every single day. Hiring a professional organizer completely changed how ,instagram.com,https://www.instagram.com/reel/DU4QNGQAeDL/,https://i.pinimg.com/originals/c9/c3/cf/c9c3cf6f78b1b512216568397551bd3b.jpg,640,1136,1,2026-02-18
2026-09-03,organizacao de armario pequeno,336925615898146639,67,21,0,Small Closet Organization Ideas You'll Love,amazon.com,https://www.amazon.com/shop/influencer-e6744de0/list/FIJS9541YKPT?ccs_id=56760ec6-f57a-45f9-89c5-c19b1749d166&linkCode=ll2&tag=aesthvine-20&linkId=70dfe7dedb2cfc089b8677496fde402c&language=en_US&ref_=as_li_ss_tl,https://i.pinimg.com/originals/e8/d6/ac/e8d6ac71b8cc705b3d31fcda0be95d59.jpg,1200,1800,0,2026-08-22
2026-09-03,organizacao de armario pequeno,1266706142313211,68,1284,0,,,,https://i.pinimg.com/originals/4c/8a/3a/4c8a3abd95e6298bca39e50208cdbd88.jpg,736,1104,0,2026-08-24
2026-09-03,organizacao de armario pequeno,351912467473287,69,2453,0,,,,https://i.pinimg.com/originals/39/e5/0f/39e50fde005063f06324c9a68d650ee7.jpg,1080,1441,0,2026-06-30
2026-09-03,organizacao de armario pequeno,23855073023435737,70,401,0,,,,https://i.pinimg.com/originals/2f/d1/da/2fd1da6051ef2844fc901cdddb7dcbc7.jpg,736,1302,0,2026-08-03
2026-09-03,organizacao de armario pequeno,687361961895987957,71,4875,0,Dressing room,ikea.com,https://www.ikea.com/il/he/p/pax-wardrobe-combination-white-s29478181/,https://i.pinimg.com/originals/d1/e3/39/d1e339e5090a345cc5535a58123377cd.jpg,749,917,0,2022-09-04
2026-09-03,organizacao de armario pequeno,125537908358592956,72,50,0,Closet Organization Ideas: 8 Small Space Storage Solutions,,,https://i.pinimg.com/originals/64/49/e3/6449e39fdd24086b49e088ac97463d2d.jpg,572,1024,0,2026-08-19
2026-09-03,organizacao de armario pequeno,28288303907800949,73,73,0,Small Closet Organization Ideas That Save Space,,,https://i.pinimg.com/originals/cf/86/7c/cf867c0fab914d1424fff3812c4baeb8.png,1024,1536,0,2026-08-20
2026-09-03,organizacao de armario pequeno,6262886978490847,74,529,0,"This reach-in closet combines double hanging, drawers, upper shelving, and a vanity niche in a clean, timeless finish. Thoughtfully arranged for bright, uncluttered storage, it proves great design nee",,,https://i.pinimg.com/originals/ee/c9/9a/eec99a7a8d60f5d7b8deea73a6aa4e14.png,1440,1800,0,2026-08-15
2026-09-03,organizacao de armario pequeno,581386633135136863,75,5397,0,Detalhes Casa na Instagrame: „Inspiração #quarto #cama #decoracao #campo #casapraia #areagourmet #areadeservico #closet #detalhes #almofadas #lustre #cortina #sala…“,instagram.com,https://www.instagram.com/p/Bysh8s-hD6W/,https://i.pinimg.com/originals/6f/19/3c/6f193cdb0ba1e6cc3c8a5bf3b1b14a85.jpg,750,750,0,2020-02-25
2026-09-03,decoracao quarto pequeno,8585055536943955,2,2454,0,,,,https://i.pinimg.com/originals/c0/35/b6/c035b64dc172e3a00f504a7288fc75e3.png,1102,1427,0,2026-08-26
2026-09-03,decoracao quarto pequeno,AVFDfHWAU8mGog-pQYuVlp6BaXoPQmGXzwG3oYp1WX1of0vok7gf0G0dI1ucomQcYFqduwjbXlnUzI2z06yFyWY,3,0,0,Ditch the achy mornings &,mattressfirm.com,https://www.mattressfirm.com/mattresses/5637147600.c?uc_param=royale,https://i.pinimg.com/originals/d4/19/f7/d419f78807137a3079f002d775d27f4d.jpg,1000,1500,1,2026-08-12
2026-09-03,decoracao quarto pequeno,AXSUbRjSWk9AFBGQez7sF52wYiWMrXZbHjAqaoy3L7fWcIXxNCm8BfIglCRS_5G4y8Gmn-gL7f5woFv1gyXlJdI,4,946,0,Cozy Bedroom Ideas With,amzlink.to,https://amzlink.to/az0rnCRJeRnph,https://i.pinimg.com/originals/ec/cc/61/eccc6188fd8ed958b531de2ec451a29b.png,1000,1500,0,2026-02-28
2026-09-03,decoracao quarto pequeno,68750329949,5,1821,0,Cozy Small Dream Bedroom Ideas ✨,,,https://i.pinimg.com/originals/91/81/82/918182e8c05eaa86585925cf6f1e0ec3.png,1024,1536,0,2026-08-17
2026-09-03,decoracao quarto pequeno,AcGgdJAmP-MA7kEVXk6lEW-2qAS7n-axN3wHunlCK8KkqaUmS571R4DMdOdPCuox1jT6odu3dMVCWYt5N3NVDeE,6,1,0,pousada aguas claras,expedia.com,https://www.expedia.com/Hotel-Search?destination=Delfinopolis&selected=109938390&startDate=2027-03-02&endDate=2027-03-03,https://i.pinimg.com/originals/aa/5d/0a/aa5d0a0c94d280268b527718e88dac4c.jpg,1000,1500,0,2026-07-29
2026-09-03,decoracao quarto pequeno,3166662233772887,7,4738,0,Quarto pequeno com parede ripada e iluminação aconchegante estilo luxo,,,https://i.pinimg.com/originals/2b/63/d1/2b63d1411e97e2bd28bd9318bbbae076.jpg,843,1264,0,2026-04-20
2026-09-03,decoracao quarto pequeno,985231165811165,8,2956,0,,,,https://i.pinimg.com/originals/94/b6/6f/94b66ffbd7228e8f0f4d9ac1b82251e0.jpg,1024,1468,0,2026-08-14
2026-09-03,decoracao quarto pequeno,AXc_orAgU_VsTnJScL2gmWdOwSByEsRQgHMb3EGC9idletJ9OE0fMPywbbsB6A-XXJ4A2HRT0o2vhi8zNinVGmc,9,2,0,Small Space Inspiration,joybird.com,https://joybird.com/beds/hughes-bed/?fabric=crave_irish_cream,https://i.pinimg.com/originals/fe/79/9c/fe799c73c1a0913c52d532702edf8ff0.png,1000,1500,0,2026-07-02
2026-09-03,decoracao quarto pequeno,7107311909126530,10,402,0,(5) Instagram,instagram.com,https://www.instagram.com/p/Daz9Ki7se1m/,https://i.pinimg.com/originals/94/e7/51/94e751a21ddd7215ff0a26a1018d0fd8.jpg,1080,1352,0,2026-08-24
2026-09-03,decoracao quarto pequeno,1150810511080834899,11,87,0,,,,https://i.pinimg.com/originals/06/81/f0/0681f0a7015341b313e17f0acf54cf5b.jpg,675,1200,0,2026-08-20
2026-09-03,decoracao quarto pequeno,1119496419896594809,12,1032,0,,,,https://i.pinimg.com/originals/3b/ca/d2/3bcad23fa698a2b527c97e4a47ab7d25.jpg,1023,1537,0,2026-07-06
2026-09-03,decoracao quarto pequeno,AWsfX8kufovQAXnScEkeJjWSRW-6q-HLBV5GJz6vH85Hclr2N0pHh36kZaQDSTLss30q9pMwwxBDkMolhPmbtdM,13,13,0,Modern Bedroom | Lucerne,stickley.com,https://www.stickley.com/collections/lucerne,https://i.pinimg.com/originals/53/4e/b1/534eb15305d4e94a7fe54235352f1b44.jpg,1000,1500,0,2026-07-22
2026-09-03,decoracao quarto pequeno,Ad57_IaMD8g1C35qNrHTJ4ich6em1jo9QkQWE6W3U_ln_SCjKWDegO73LxMkikPB9gF-LG8RDLQJr0Mz8v0uHP4,14,18,0,Purple Plus™ Mattress -,purple.com,https://purple.com/mattresses/plus?size=Queen,https://i.pinimg.com/originals/58/96/25/5896257cb9bf757ec65d6f6990583d42.jpg,991,1200,0,2025-12-23
2026-09-03,decoracao quarto pequeno,18577417210057188,15,641,0,Small Bedroom With Vanity Ideas,,,https://i.pinimg.com/originals/03/c2/7d/03c27d4213a9c28ffde0b5382bc93f42.jpg,720,1072,0,2026-08-26
2026-09-03,decoracao quarto pequeno,AS7QUATLurmCIsMZQs9Qplgmx1JlafyuZ0UDPFO_ourdAeb4GYG0X6gGz8R41YwP0AQkUAdQV8FmDGQ6WWPwKrQ,16,1,0,Their Dream Room Come to,maxandlily.com,https://maxandlily.com/,https://i.pinimg.com/originals/1a/24/af/1a24afa7cee2578f388a429af7f76c45.jpg,735,1104,0,2026-07-23
2026-09-03,decoracao quarto pequeno,351912467551780,17,16569,0,Scandinavian Bedroom Ideas | Cozy Minimalist Bedroom Decor,,,https://i.pinimg.com/originals/96/71/d1/9671d1d946a751e7e665eb603b81fe0c.png,1024,1536,0,2026-08-03
2026-09-03,decoracao quarto pequeno,290834088458950198,18,357,0,,,,https://i.pinimg.com/originals/29/9f/b3/299fb3ec635f42f5dd09d9bf18b5e05d.jpg,2160,2700,0,2026-08-26
2026-09-03,decoracao quarto pequeno,71494712831750288,19,4546,0,,,,https://i.pinimg.com/originals/03/f8/c9/03f8c9c43933272f1ff2d8a9b9be731d.jpg,736,1104,0,2026-07-12
2026-09-03,decoracao quarto pequeno,AcUXRfARLY4sUMbTsb6LH32Ors1ao-vA14f7WTcQc9QzRVsaIvY-xqNBqm4r8_BKP54mGsno5ntMh65rakkEBks,20,0,0,Land softly.,parachutehome.com,https://parachutehome.com/pages/land-softly?utm_medium=paid-social&utm_source=pinterest&utm_campaign=%7Bcampaignname%7D-%7Badgroupname%7D-%7Badid%7D&utm_term=%7Bcampaignid%7D-%7Badgroupid%7D-%7Badid%7D&utm_content=%7Bkeyword%7D-%7Bdevice%7D,https://i.pinimg.com/originals/05/7b/ce/057bceb5c09c735038402dfbae31edc8.jpg,1000,1500,1,2026-07-20
2026-09-03,decoracao quarto pequeno,142989356918593102,21,424,0,💫Simple and Aesthetic Bedroom Ideas💡🎀,,,https://i.pinimg.com/originals/15/9c/75/159c7525f04d22bfbf2acdf5b09592b9.png,1024,1536,0,2026-08-25
2026-09-03,decoracao quarto pequeno,AY-tFGxJz0M98mY3hONJGTEJsuEZEodzr9aS80uwvTmG6Yf_jtA6h85horobdOMGjuU5iXj-OqIEZovlNkIaIHE,22,1,0,Wallpaper and Murals by,wallism.com,https://wallism.com/us,https://i.pinimg.com/originals/4e/65/a5/4e65a5fdb2e72add5f52c7b2e5c0e46c.jpg,1080,1920,0,2026-06-15
2026-09-03,decoracao quarto pequeno,398639004542191026,23,2927,0,,,,https://i.pinimg.com/originals/36/9c/79/369c7996f2bfdceb5e3653934c719f3f.png,941,1672,0,2026-07-09
2026-09-03,decoracao quarto pequeno,AZIKD26NqZHnw2U1z5epVIulJT35evYEEM7mzAhR5W-dBUQOTrBZvFBeTYu7-juSnLXmwuNYV29EBO7TI5azWkw,24,14,0,Find furniture and decor,homedepot.com,https://www.homedepot.com/b/Home-Decor/N-5yc1vZas6p,https://i.pinimg.com/originals/3f/d4/78/3fd478a0f5d7fdd93b5c3fd190ed844e.jpg,1000,1500,0,2026-08-10
2026-09-03,decoracao quarto pequeno,395683517286785884,25,47,0,Small Bedroom Inspiration for a Modern Cozy Space✨,pinterest.com,https://www.pinterest.com/sofidecorhome/bedroom-organization/,https://i.pinimg.com/originals/85/b9/ad/85b9add340b06f8e19c098b8e78ac4cc.webp,1000,1500,0,2026-08-23
2026-09-03,decoracao quarto pequeno,1146588386416049224,26,68,0,Cozy Small Bedroom with Built-In Home Office,,,https://i.pinimg.com/originals/17/41/75/1741756c68bbb3d0fd1e6f961839cc06.jpg,1200,2133,0,2026-08-19
2026-09-03,decoracao quarto pequeno,1098315427906724327,27,172,0,,,,https://i.pinimg.com/originals/25/ee/7e/25ee7e497a287e7e3e6e0e16da436fea.jpg,736,1000,0,2026-08-20
2026-09-03,decoracao quarto pequeno,1407443631239489,28,1183,0,,,,https://i.pinimg.com/originals/cb/5e/84/cb5e842a4edf3adf9ee96e7ebfeeba07.jpg,960,1123,0,2026-08-22
2026-09-03,decoracao quarto pequeno,AcrCuCQOuBD98XRzLjakt-AfnLFN5_IQRulEujAnxn9dcEeja8oViBcvr1ft1IorEyQGENrxedqPo-sd1YsNmJU,29,1524,0,Girls Bedroom Wallpaper,wallblush.com,https://wallblush.com/products/cocos-cottage,https://i.pinimg.com/originals/60/d8/dd/60d8dd8c0902a22b17c68ae85eaeacee.png,1792,2400,0,2026-04-30
2026-09-03,decoracao quarto pequeno,809170258093796779,30,11,0,Small Bedroom Ideas | Small Bedroom Decor & Bedroom Storage Ideas for a Modern Luxury Bedroom,smallbedroomideas05.blogspot.com,https://smallbedroomideas05.blogspot.com/2026/07/blog-post.html,https://i.pinimg.com/originals/f8/78/45/f87845401a709d346a57395b0578e51a.png,736,1096,0,2026-08-24
2026-09-03,decoracao quarto pequeno,171699804541144442,31,884,0,,,,https://i.pinimg.com/originals/cb/82/39/cb8239658aaff4f61a9b46d3f2533aa2.jpg,676,1200,0,2026-08-26
2026-09-03,decoracao quarto pequeno,64246732182866066,33,171,0,Cozy Bedroom Corner Ideas You'll Want to Copy,,,https://i.pinimg.com/originals/16/3a/e6/163ae6331ccba324f766b831470a2f7f.png,2747,4096,0,2026-08-18
2026-09-03,decoracao quarto pequeno,1094585884462861029,34,173,0,,,,https://i.pinimg.com/originals/98/c2/6e/98c26e5e65ba732aa5c30b6e79fadb7c.png,1024,1536,0,2026-08-13
2026-09-03,decoracao quarto pequeno,492649955162214,35,9845,0,Cute Girls Small Bedroom Setup with Minimalist Study Table | Aesthetic Room Inspiration 2026,,,https://i.pinimg.com/originals/3d/a8/8d/3da88d56df308e768430945ed29cab3f.jpg,1080,1920,0,2026-07-15
2026-09-03,decoracao quarto pequeno,4292562141617535,36,431,0,"Chic Bedroom: Cozy Bed, Desk, and chandelier Glow",,,https://i.pinimg.com/originals/1c/90/7d/1c907d5ac80e0062e5b4ad6747d2f064.png,1024,1536,0,2026-08-01
2026-09-03,decoracao quarto pequeno,AVPtthXp2o0MkY1mXTzge3M9N23UxzyFVROpnVDJhBGFLfR9LG4XsbBr3N3tbIpfHGiu-7GPnLCa5rnj4jqFwos,37,0,0,Labor Day Sale,sleepnumber.com,https://www.sleepnumber.com/categories/labor-day-mattress-sale,https://i.pinimg.com/originals/e5/38/3e/e5383ea5162bfbc40b144396adb7eafd.jpg,1080,1080,1,2026-08-12
2026-09-03,decoracao quarto pequeno,AVjFK-4HEgjKrWekY95QDdsI62zobjxWiyvU76W7Fiq47jGqK2jxisqs05cGtVAFB5mgLld1RTsPQZXccWwVPnU,38,94,0,Curate a dream college,walmart.com,https://www.walmart.com/cp/dorm-room-essentials/1225229?sourceid=dsn_pin_fe6229ea-cd44-4854-9ab4-7cea85d8bf6f&veh=dsn&wmlspartner=dsn_pin_fe6229ea-cd44-4854-9ab4-7cea85d8bf6f&cn=01em_fy27_btc_btc_up_int_soc_static-video-pin,https://i.pinimg.com/originals/0d/f9/85/0df9858378ca0744cf5df20a7935fa6d.jpg,1000,1500,0,2026-06-10
2026-09-03,decoracao quarto pequeno,655907133278981204,39,79,0,,,,https://i.pinimg.com/originals/c8/d8/74/c8d87498728d7a3dd1404c4c12cebaac.jpg,675,1200,0,2026-08-17
2026-09-03,decoracao quarto pequeno,1477812375594501,40,2812,0,,,,https://i.pinimg.com/originals/b7/c0/2d/b7c02d192aa8fcb9e94c5d32f1815b9e.png,1122,1402,0,2026-08-15
2026-09-03,decoracao quarto pequeno,666110601215421615,41,4939,0,,,,https://i.pinimg.com/originals/d4/01/9d/d4019db6ade8ddc8c1241e71a4a4694d.jpg,736,1104,0,2026-04-04
2026-09-03,decoracao quarto pequeno,92042386130825670,42,235,0,Cozy Sage Green Bedroom Ideas for a Cute & Relaxing Space,,,https://i.pinimg.com/originals/4e/05/dc/4e05dc4a009677701ad7872ac6f44500.png,1023,1537,0,2026-08-21
2026-09-03,decoracao quarto pequeno,661114420319764650,43,19672,0,Quarto Casal,,,https://i.pinimg.com/originals/d3/ab/68/d3ab688fdb6e541f1ac374d23987efc4.jpg,1002,1335,0,2022-12-16
2026-09-03,decoracao quarto pequeno,134826582590131778,44,91,0,Interior de Quarto,,,https://i.pinimg.com/originals/c3/2b/fc/c32bfc9eb176364bc5c0d16f5d52e1d7.png,952,1687,0,2026-08-23
2026-09-03,decoracao quarto pequeno,ATwhQQFtrcb6fs-s-S3izOZ6Hd8rI4wIba66m3x5-yTt0gIeEPCy0r2On3ReUjxJA8dU2D8VpzfQLxfcPJfq1B0,45,0,0,Dan River Queen Fitted,walmart.com,https://www.walmart.com/ip/DAN-RIVER-100-Cotton-Jersey-Queen-Fitted-Sheet-Single-Sheet-Only-Heather-Wrinkle-Free-Snug-Fit-Queen-Bed-Sheets-16-Inches-Deep-Pocket-Light-Gray/2663673907?wmlspartner=wlpa&selectedSellerId=101107287,https://i.pinimg.com/originals/21/0e/5c/210e5c707223acac596c4eb6d0d89271.jpg,1073,1200,0,2026-08-27
2026-09-03,decoracao quarto pequeno,AW8yhhaUcR1QQnVSTqt6q7mI_1vQNhl5NBOAHjNJz2wsacsBM_kLKUPxPi1Q2wx7vVP34JRvE7eX1OBUO4FS00A,46,305,0,Room Idea Time!,hulalahome.com,http://www.hulalahome.com/,https://i.pinimg.com/originals/08/1e/4b/081e4b2129168951ae77620c5f53a2cd.jpg,1000,1500,0,2025-11-06
2026-09-03,decoracao quarto pequeno,10273905396070996,47,370,0,,,,https://i.pinimg.com/originals/70/a4/10/70a4109e8023dee89aa35a67339e79c4.png,1000,1500,0,2026-08-24
2026-09-03,decoracao quarto pequeno,AczsTVp0FvKV2HiAldUElwene0tifIQYq0yH4uA7n7xRyTCqIrvLnYFB36oNFl1J_BiWCbpEdSm1SwI5syy4Sro,48,181,0,Home & Bedroom Decor,amzlink.to,https://amzlink.to/az0EPq7P0qLpI,https://i.pinimg.com/originals/f9/5d/61/f95d61026c2383623b2b0c1849cb7bc8.png,1000,1500,0,2025-08-04
2026-09-03,decoracao quarto pequeno,AU0NpZdi6RS5GUsOYnQ7Y28dxgLtyAj9FiqqHnsot4l_Qk3UPhz3A0ORwxFKsCWqqMu4J-FcGsgu2xxNnvtO9sQ,49,1,0,Floral Comforter Set Twin,walmart.com,https://www.walmart.com/ip/Floral-Comforter-Set-Twin-Size-2-Pieces-Pink-White-Bedding-Sets-Reversible-Pattern-Bed-Bag-Flowers-1-Pillowcase/18087406638?wmlspartner=wlpa&selectedSellerId=101120119,https://i.pinimg.com/originals/96/49/a6/9649a6e5c6f8eff18371316e66e85357.jpg,450,450,0,2026-08-30
2026-09-03,decoracao quarto pequeno,144115256824262365,50,34327,0,Small - Beautiful!.... Love it ❤☺ | Facebook,,,https://i.pinimg.com/originals/fd/de/41/fdde4132991f35e8e79c3bd009bc8ca4.jpg,736,1308,0,2025-06-14
2026-09-03,decoracao quarto pequeno,1106407833483575338,51,3528,0,so unic ideas 💡😁,,,https://i.pinimg.com/originals/00/0b/61/000b61bce731c384d907d7298c4bb7ad.jpg,736,1307,0,2026-06-11
2026-09-03,decoracao quarto pequeno,1548181186917612,51,3315,0,Inspiração de quarto ✨💖,,,https://i.pinimg.com/originals/f9/95/d3/f995d38223daae763f37e6b57cf7fd11.png,1086,1448,0,2026-07-21
2026-09-03,decoracao quarto pequeno,ATgK8QVhseJOa5NZQzfvrQsK7F0ZZ5VUezeh5q-lKzzemgfPT858jqE7te9yCYN2sYyKi4ldxUis_59daz9ZmAM,52,67,0,Quince Crisp Cotton,quince.com,https://www.quince.com/home/airy-cotton-gauze-duvet-cover-set?color=dune,https://i.pinimg.com/originals/42/28/53/422853e7bf1c2f578a6957b436631017.jpg,1080,1920,1,2026-04-23
2026-09-03,decoracao quarto pequeno,1266706142306213,53,2587,0,,,,https://i.pinimg.com/originals/4f/99/2f/4f992fbb69c7cd9bf29eb1286fd852cc.jpg,768,1376,0,2026-08-22
2026-09-03,decoracao quarto pequeno,Aaz6df6KPHuahQdJg9gLo5Yp9o8HWmMB2Ca4sEd6kIs40bS1eLPe8aotRrNOocrbtaX_pto-nLykuNtxWfVGiH0,54,14,0,Moody Neutral Primary,twopagescurtains.com,https://twopagescurtains.com/collections/best-sellers,https://i.pinimg.com/originals/73/bb/06/73bb0631c6f97711f965c0b42e8c6550.png,1000,1500,0,2026-07-21
2026-09-03,decoracao quarto pequeno,AZoN2qoLFsmOIYUHuY07PvNow7h7WO61zJzKNTNb2Bu4crBe2fzheGFMJ-HWcEVsD7MhM4eIsM7jZGu1QE73eNc,55,1,0,A Daybed Dream 🩷🧸,maxandlily.com,https://maxandlily.com/,https://i.pinimg.com/originals/75/1a/bd/751abd30e6913f05ef5f259a548c0d82.jpg,736,1097,0,2026-07-23
2026-09-03,decoracao quarto pequeno,AZQspI-gIBMZO_513BQjk6XJgRAhff6dHiNV_0u31a1Tbs3MTSRRjDC_XoHDu6BPP91SZStEU_OuT7kN24aLLvI,56,11,0,Don't settle for mediocre,mattressfirm.com,https://www.mattressfirm.com/mattresses/5637147600.c?src=3BACK,https://i.pinimg.com/originals/fa/56/09/fa56091f9391d277fe31fe0fda7df6d2.png,1000,1500,0,2026-07-21
2026-09-03,decoracao quarto pequeno,703756189479463,57,1233,0,Quarto Pequeno Moderno,,,https://i.pinimg.com/originals/de/04/14/de04146dcded5644fedf88459e6d0200.png,941,1672,0,2026-07-02
2026-09-03,decoracao quarto pequeno,2533343539354062,58,3188,0,This Cozy Bedroom Setup Feels Like a Luxury Apartment ✨,,,https://i.pinimg.com/originals/f1/98/b1/f198b1bafcee4610ad36bdd8b7c267de.png,1024,1536,0,2026-08-10
2026-09-03,decoracao quarto pequeno,AQwB_nz5zVMvISgumtCkj3xCNQDmwywCCi-T7Ar_p3yD441i9dIjrgKvzUpsV7prtQA7jn9mEK0SlAozlY-oQDw,59,1,0,A mattress that helps you,sleepnumber.com,https://www.sleepnumber.com/?acid=soc&ascid=%7Bcampaignname%7D&atid=%7Badgroupname%7D&platid=PIN&ogid=%7Bcampaignid%7D%7C%7Badgroupid%7D%7C%7Bcreative_id%7D,https://i.pinimg.com/originals/0b/aa/b7/0baab77b6a569579e1ecf4ec45437f97.png,1000,1500,0,2026-04-27
2026-09-03,decoracao quarto pequeno,1073686367419867456,60,37105,0,,,,https://i.pinimg.com/originals/42/0d/d3/420dd3b22737e78a6b1ea1ff123674be.jpg,473,794,0,2025-07-23
2026-09-03,decoracao quarto pequeno,AafCIb0CsvrStYqqRSHrudt_jX0d5n39HbVrfu8Vl2ZMqC30mULVbGS5CjYh9VuyAgbYGdnJSQKrWEru-6Rib6E,61,31,0,50 Beautiful Small,realestatespice.com,https://realestatespice.com/small-bedroom-decorating/?tp_image_id=93321,https://i.pinimg.com/originals/2d/40/78/2d407839bbd3e3a9dd3d3324c82477ed.webp,750,1555,0,2026-05-06
2026-09-03,decoracao quarto pequeno,ARFvdy8738kd7eK_xBsW7ycddvXWxSvnt38IFXEOroerYaBnUuXp9lAmLzy4RfeM9v3LYTABLZxBl24BRWrWPcs,62,2327,0,Bedroom Decor Ideas from,amzlink.to,https://amzlink.to/az0EPq7P0qLpI,https://i.pinimg.com/originals/5a/25/aa/5a25aa5422ed02bc558fe923a3c797e3.png,1000,1500,0,2025-08-04
2026-09-03,decoracao quarto pequeno,897060819547678733,63,1318,0,,,,https://i.pinimg.com/originals/18/8d/1c/188d1cbe4e2d140c3d4f77514032f33d.jpg,1080,1920,0,2026-08-20
2026-09-03,decoracao quarto pequeno,AbBcflTPjAK_vvQY5jf4zTvlCy8DPD0MyyNvskZiGnk3eiHIY13Guavn29XvI3HPCApr6KY4SDaCcZKk9QGQZQI,64,3,0,Dorm Room Makeover Ideas,lahomedecor.com,https://lahomedecor.com/products/jovence-jungle-midnight-blue-area-rug?utm_source=pinterest&utm_medium=pinads&utm_campaign=newin&utm_content=Tindy,https://i.pinimg.com/originals/77/bd/c2/77bdc21f8f86863454bfc5a185e7ada6.png,1024,1536,0,2026-07-01
2026-09-03,decoracao quarto pequeno,605593481183278001,65,4125,0,Elegant Teen Bedroom in Misty Cream and Nude Accents,civiljungles.com,https://civiljungles.com/top-32-girls-bedroom-ideas/,https://i.pinimg.com/originals/d5/28/6f/d5286f1984135024275dff8bacf232df.png,736,1312,0,2025-07-14
2026-09-03,decoracao quarto pequeno,36873290702714840,66,90,0,,,,https://i.pinimg.com/originals/6f/df/4d/6fdf4d4c5eafa43ec8519689dffc74b6.jpg,1170,1752,0,2026-08-05
2026-09-03,decoracao quarto pequeno,AUljWI91HolhzqR4H1qFUidYijB-rdCNiRjMBxPRGmdeMWCWKH8PV_nHr6sHq7aq_fX6waGj2NYSKaMa-Ssuy5k,67,1,0,Fall decor & more,walmart.com,https://www.walmart.com/shop/all-things-autumn?cat_id=5428,https://i.pinimg.com/originals/01/28/2e/01282ef2528d1616ba91b48fccefa179.jpg,1080,1080,1,2026-08-06
2026-09-03,decoracao quarto pequeno,275352964712719282,68,3279,0,Classy And Sassy - Gorgeous | Facebook,,,https://i.pinimg.com/originals/2a/17/0f/2a170f66ce74d7cc3c1b5f3adf5302bd.jpg,948,1684,0,2025-03-29
2026-09-03,decoracao quarto pequeno,422281212997650,69,2236,0,,,,https://i.pinimg.com/originals/09/7c/b7/097cb7411ac50fe1ac6f18e59d91602d.png,1122,1402,0,2026-08-11
2026-09-03,decoracao quarto pequeno,AezB6IwIgfJfaxQWVcE0yB4O1wAIl8y5nvIhey9O8nKDjRhvmU-HSUaKOOLzhFSruZoqxeN2XUMlrAt-7Q7qIZg,70,22,0,Amazon Dorm Idea,amzn.to,https://amzn.to/4wIVvN1,https://i.pinimg.com/originals/82/b3/1d/82b31d793072844287756d5998fbf6a0.jpg,1000,1500,0,2026-07-15
2026-09-03,decoracao quarto pequeno,Adkx21g4TtnXpbHaysaLFc8ws_xMTtZ4zkihIFe6uGdkQrV26ZSxynrBheiUvhWjQXsW2tob59JavEQi64EhclA,71,146,0,Hello Kitty® Full Length,impressionsvanity.com,https://impressionsvanity.com/products/hello-kitty-arch-rgb-full-length-mirror?_pos=1&_psq=hello+kitty+full+length&_ss=e&_v=1.0,https://i.pinimg.com/originals/3c/dd/7d/3cdd7d14d74fcbbf320542cd0eb7d420.png,1080,1920,0,2026-01-09
2026-09-03,decoracao quarto pequeno,940126490985816793,72,2144,0,"“Um lar bonito não é sobre perfeição, é sobre amor em cada detalhe. 🤎✨” #QuartinhoAconchegante #DecoraçãoDeQuarto #CantinhoDosSonhos #LarComAmor #InspiraçãoDeDecoração",instagram.com,https://www.instagram.com/p/DYPcjilEaox/,https://i.pinimg.com/originals/44/a1/c1/44a1c1d0eec9f6a6cedf4149b2057571.jpg,1086,1448,0,2026-05-12
2026-09-03,decoracao quarto pequeno,38913984277450759,73,150,0,"Um quarto pequeno onde cada detalhe faz a diferença. 💗 Mesmo com o espaço reduzido, o projeto valoriza cada detalhe com soluções inteligentes de marcenaria. A cama com cabeceira estofada traz conforto",instagram.com,https://www.instagram.com/p/DaiQnrQAX8u/,https://i.pinimg.com/originals/78/be/c9/78bec9577ad6934c04659c73fe697d53.jpg,1255,1673,0,2026-08-18
2026-09-03,organizacao de cozinha,1063131055807732295,2,4069,0,Modern Kitchen Counter Styling Ideas ✨,amazon.com,https://www.amazon.com/shop/influencer-9490fc14/list/J5BNET3Y62OT?ref_=aipsflist,https://i.pinimg.com/originals/4e/34/e7/4e34e7ff7024a492222a4ce5f1a3091a.jpg,687,1024,0,2026-07-28
2026-09-03,organizacao de cozinha,236227942943363476,3,20692,0,,,,https://i.pinimg.com/originals/37/42/28/374228180f54721c2511427228b51146.jpg,735,1095,0,2020-05-01
2026-09-03,organizacao de cozinha,1100285752842230825,4,6215,0,"Ultimate Home Organisation Guide: Practical Tips for a Calm, Clutter-Free Space",amazon.com,https://www.amazon.com/Amazing-Home-Organisation-20260711045134/s?k=home+organisation&low-price=&high-price=&tag=cathdge05-20,https://i.pinimg.com/originals/6b/3c/ef/6b3cef00b0f02e2caa2dd46b57cd4539.jpg,1000,1500,0,2026-07-19
2026-09-03,organizacao de cozinha,978618194047023656,5,393,0,Sleek Kitchen Organization: Wood Shelf Pantry,,,https://i.pinimg.com/originals/b3/65/16/b365164109822618229202044ef03211.jpg,1080,1920,0,2026-05-26
2026-09-03,organizacao de cozinha,ARWZvaJAi-QnClW6pA--6ANMTgUO0j9mMc1oAHWimcKLJe8jfKztsags46b5preCnPuW-PsVOa2Zbwv1hB9wnaA,6,0,0,Kitchen remodel done,thumbtack.com,https://www.thumbtack.com/k/kitchen-remodeling/near-me/,https://i.pinimg.com/originals/83/24/7a/83247aa5b9c912c295cae036653427e1.jpg,1080,1960,1,2025-11-21
2026-09-03,organizacao de cozinha,AQBssKzXBaqHAHvLxT5DcPXDN5PvlopgjY3mRl7p_cea2bN6rGUWnq_gzLK1Eytpim1-Czo6PQ3h-JSM9aJQVc0,7,97,0,Amazon Kitchen,amzlink.to,https://amzlink.to/az0lykUWEDQge,https://i.pinimg.com/originals/ef/a6/ad/efa6adcdde8408d9b4c0e345a96a446e.png,1000,1500,0,2026-04-23
2026-09-03,organizacao de cozinha,AdXEelZfrpa__hMO192jZ94MnY_xDnRN81ciZImYAsTHsd0SG2iMxNXKd8SzvIrSDozH05_4dqkR2RGtgQWKyG8,8,5,0,7-Tier Multi-Functional,wayfair.com,https://www.wayfair.com/Latitude-Run%C2%AE--7Tier-MultiFunctional-PullOut-Storage-Shelf-for-Kitchen-Living-Room-and-Narrow-Spaces-Compact-Organizer-with-Wheels-and-Handle-X229288647-L6382-K~W118177536.html?refid=PSO49-W118177536,https://i.pinimg.com/originals/0b/db/e1/0bdbe16c01fd18cbf445644b4594b1ad.jpg,400,400,0,2026-02-14
2026-09-03,organizacao de cozinha,ASAHsvNdDtIT2L7ijHmLhgAm_jMLIyYfwzBCi9RbwaJldFaZi83oPScPjp_-ej_kvPSN1EKjCdxgsDAAmUNf634,9,22,0,Slim Kitchen Cabinets in,buywholesalecabinets.com,http://www.buywholesalecabinets.com/,https://i.pinimg.com/originals/37/ac/61/37ac61b0c185947097825d27621ede66.jpg,1000,1500,0,2024-08-07
2026-09-03,organizacao de cozinha,1548181186930902,10,8973,0,,,,https://i.pinimg.com/originals/75/08/92/750892b2ab9b5ff789aaa0d0dd9f6f0d.jpg,735,1104,0,2026-07-27
2026-09-03,organizacao de cozinha,838302918179917690,11,3793,0,,,,https://i.pinimg.com/originals/52/f0/87/52f087a883a277eab30ad9216b508d71.jpg,736,1308,0,2024-12-20
2026-09-03,organizacao de cozinha,325807354315645608,12,62,0,10 Kitchen Organization Hacks You'll Love,,,https://i.pinimg.com/originals/ad/78/11/ad78112d24e19b73ef4976cf65bbf1c5.png,1024,1536,0,2026-08-16
2026-09-03,organizacao de cozinha,AYhAuo9LC2d7_cqdLb0vAMWGTJrj0VA2r2JUlANmTALlu8XmeNxv9sUVEW7wFDe_PpjxUEDnzcEN4l3zBRvAZRQ,13,35,0,Kitchen & Pantry Storage,target.com,https://www.target.com/c/hearth-hand-with-magnolia-kitchen-dining/household-food-or-beverage-storage-containers/-/N-jnzodZ8t1zgZ1kqbcgw6j4b?type=products&Nao=0,https://i.pinimg.com/originals/30/4b/3b/304b3b3f380c9dd0671698ac5957758e.jpg,600,900,0,2022-01-18
2026-09-03,organizacao de cozinha,AXBFvr9WIJhce2e0M1zVJNdFWj5spUx6csQcXA4xL8rnQdTDZqwWdeAHT-TFqNIj4yol5l6G7NLe_tsxMoEcirY,14,278,0,How to Make a Small,realestatespice.com,https://realestatespice.com/kitchen-rule-of-3-small-kitchen/,https://i.pinimg.com/originals/84/8e/a0/848ea0ac454bd5d561302881bc94e873.webp,750,1550,0,2026-05-19
2026-09-03,organizacao de cozinha,795659459200824216,15,15331,0,,,,https://i.pinimg.com/originals/1d/d9/55/1dd955376cf6f89283f5ee8778a54ccc.jpg,1200,1600,0,2025-02-04
2026-09-03,organizacao de cozinha,1111404014317460984,16,1979,0,Customer Favorite Kitchen Organization Aesthetic Products Discover Aesthetic Kitchen Organiz...,tr.ee,https://tr.ee/rU9Gdu?Cabinet+Storage+Aesthetic+Organizer,https://i.pinimg.com/originals/e9/71/c4/e971c47b8e748db9669f0e629a65f6ec.jpg,900,1600,0,2026-06-26
2026-09-03,organizacao de cozinha,AQeN8zbuSeZ7FNBsA8VU79JRNWM4ZLrC5vbZf_AS4-pfygXeApCj9xeKXpgcvaSE8FMXp5ggOhjYmkySrKiZyzM,17,58,0,Silver Cabinet Organizer,homedepot.com,https://www.homedepot.com/p/Wudkey-2-Pack-Adjustable-Pull-Out-Cabinet-Organizer-with-Raising-Pads-3-Slide-Rails-and-Roll-Out-Shelves-Adhesive-Silver-VM4W57-7/338237359?cm_mmc=psoc-pinprg-%7Bcampaignid%7D-%7Badgroupid%7D,https://i.pinimg.com/originals/cd/f5/21/cdf521cd17d42f11ee4951f7ba476df0.jpg,1000,1000,0,2025-08-31
2026-09-03,organizacao de cozinha,ARcqzHdj87BX2tFdcy5Ro0sMvkd7buMaTGcyoh2i3mOtsDjIvvpcmTDCiEaCUC-8mIaqY4faDbOPrHJk9Ioxfnk,18,27,0,"4pcs Spice Rack,",us.shein.com,https://us.shein.com/ark/default?scene=1&test=5051&ad_type=DPA&goods_id=44629220&pf=PINTEREST&url_from=PINADSDPA&ismg=9a7e394636d2540352c08bc4abef4352985b4e64b0aeee9da562d86d74fcfe3e_01_1788368944,https://i.pinimg.com/originals/dd/6a/c7/dd6ac7355f782b8370bca534ad1d1d8f.jpg,1200,1800,0,2026-04-13
2026-09-03,organizacao de cozinha,1109996639438381563,19,3924,0,Nobody Thinks To Use This Cabinet Space,homekitchensolutions.net,https://homekitchensolutions.net/en/cabinet-door-cutting-board-wrap-storage,https://i.pinimg.com/originals/74/e5/51/74e5511cd1efc071d11bfa672bb06641.jpg,1080,1920,0,2026-07-06
2026-09-03,organizacao de cozinha,1084452785298978613,20,10012,0,Space-Saving Modern Modular Kitchen Organizer Rack 🍽️✨,smarthomeusfinds.com,https://www.smarthomeusfinds.com/2026/07/9-small-kitchen-ideas-that-make-every.html,https://i.pinimg.com/originals/39/bf/b0/39bfb040988d92a0b56dd88aabf44b40.jpg,1080,1920,0,2026-07-04
2026-09-03,organizacao de cozinha,AdUsxmSaApFzC8YT0yu1lnYSYiNHZuy4IpJWANgaWh75lVP5PPdvPjGZ2GjgAb-CQf5MiaRG1q83BZJf-7r_F5U,21,55,0,"Comment PANTRY for links! 🍅 Pantry organization hacks you’ll either love… or hate. 🤭 I know this organization approach isn’t for everyone, but for me, having bins and containers that corral everything",instagram.com,https://www.instagram.com/reel/DOHXteQCQ2d/,https://i.pinimg.com/originals/a9/e8/49/a9e849d35f86fee95a26fc21f4c46e2d.jpg,1080,1920,1,2025-09-03
2026-09-03,organizacao de cozinha,AXALQw-jH9jzNCgo4TEond4SiHjhEzgx_AhkKkTQ8LJManY-LBER1Map7igpWtrGkH5droYMJ4v4PK4LorHgn_Y,22,1,0,Indoor Barn Lights,steellightingco.com,https://steellightingco.com/product/venice-wall-mounted-light-indoor-outdoor-decor-sign-light/,https://i.pinimg.com/originals/41/63/c5/4163c52059c379efb6a8380b02e318e2.jpg,1080,1080,0,2026-08-06
2026-09-03,organizacao de cozinha,60376451249022759,23,2205,0,Aleatórias de julho!! 🤍✨🙌🏻🙏🏼,instagram.com,https://www.instagram.com/p/DM0I2OZMZ06/?img_index=3,https://i.pinimg.com/originals/6d/cf/a7/6dcfa79bdf71944d40650cf47523f71b.jpg,1440,1920,0,2025-08-03
2026-09-03,organizacao de cozinha,278308451970409028,24,47,0,✨ Smart Kitchen Drawer Organization Ideas | Luxury Pantry Storage Inspiration for Modern Homes,,,https://i.pinimg.com/originals/e1/58/b2/e158b2de842a5fa12678073c566a2565.png,1024,1536,0,2026-08-26
2026-09-03,organizacao de cozinha,AXXOeq7_jiQ9SUWYzIsV-vNSrJZm5UlTbEkRHLsALnwmp6rTR7dKoRrFkm65IfS5hMoQDNPMRGDlSEX8o5orBx4,25,1387,0,British Classic Meets,twopagescurtains.com,https://twopagescurtains.com/collections/rebecca-hughes-x-twopages,https://i.pinimg.com/originals/f3/43/3d/f3433ddc468555940b0e1a38969e6b7c.png,1000,1500,0,2026-03-04
2026-09-03,organizacao de cozinha,AZjKpCD_JELvWvW28UdtmP1Cq12LtkLYxdNQcCK5I2-3m40BNakhxWjZnSxtEx73cXbOfvbr29z6bJ2yBZOlqOg,26,2,0,Tosca Wood-Accented Dish,allmodern.com,https://www.allmodern.com/Yamazaki-Home--Tosca-WoodAccented-Dish-Storage-Rack-2963-L7454-K~A001032624.html?refid=PSO81-A001032624,https://i.pinimg.com/originals/e2/65/5c/e2655cdefa870a080d9211485e23a042.jpg,400,498,0,2025-07-02
2026-09-03,organizacao de cozinha,AYpAwIMMf4Kz0oYqleLq6r-NVbEduNaFs4JkFO-u9si5Yz_YKR9AadkP-VzCeKzxDLSWB597zbxk1OIkxqbQ3As,27,1,0,Cooking Up Chic,ziatile.com,https://ziatile.com/products/puebla-4x4?nbt=nb:pinterest::%7Bcampaignid%7D:%7Badgroupid%7D:%7Badid%7D&nb_kwd=%7Bkeyword%7D&nb_device=%7Bdevice%7D&nb_platform=pinterest&nb_pn=%7Bproduct_name%7D&nb_ppgid=%7Bpromoted_product_group_id%7D&nb_pid=%7Bproduct_id%7D&nb_ppid=%7Bproduct_partition_id%7D&utm_medium=paid&utm_source=pinterest&utm_campaign=%7Bcampaign_name%7D&utm_term=%7Badgroup_name%7D?nbt=nb:pi,https://i.pinimg.com/originals/1a/ce/7a/1ace7a6e605e20831640572084eb5944.jpg,1080,1620,0,2026-08-03
2026-09-03,organizacao de cozinha,764063893060287017,28,3665,0,decoration cuisine moderne idees rangement pratique gain de place intérieur placard,cocondedecoration.com,https://www.cocondedecoration.com/blog/2023/05/reussir-decoration-cuisine/,https://i.pinimg.com/originals/11/48/47/11484749940f812bdcc8b7e741b5840e.jpg,1000,1500,0,2024-02-29
2026-09-03,organizacao de cozinha,1078682548263921657,29,12364,0,Pantry Organization Ideas for a Tidy & Functional Kitchen 🥫✨,amazon.com,https://www.amazon.com/shop/sixberfashiontrends/list/OTQ96PAQSC47?ref_=cm_sw_r_cp_ud_aipsflist_JY3SQNAEE7DPCGPMQ514_42,https://i.pinimg.com/originals/da/43/b7/da43b7709db21b8f1781141dff3e5556.jpg,585,1024,0,2025-12-19
2026-09-03,organizacao de cozinha,1066649493010188661,30,5,0,Horderly | Kitchen Organization Ideas,tumblr.com,https://tumblr.com/ZiiBBOgjeu-_Cu00/?ref=73594/76118/,https://i.pinimg.com/originals/06/08/4d/06084d2ba1d0b92ab5cab4347fba2052.jpg,1048,1901,0,2025-09-12
2026-09-03,organizacao de cozinha,AaUgpzIviYLtkbIpepxPhsTXyaU-xLULglM-MSAsm_C8j83rNbygSvU5_ZnbDGxidSv-QwnQ_y08gPKJeqWWjOM,31,2,0,Joywind Freestanding,walmart.com,https://www.walmart.com/ip/Joywind-Freestanding-Kitchen-Hutch-with-Charging-Station-Storage-Drawers-and-Adjustable-Shelves-Perfect-Pantry-Cabinet-71-2-in-White/17146800109?wmlspartner=wlpa&selectedSellerId=102871193,https://i.pinimg.com/originals/28/be/e8/28bee86416e671eabc82bc1dbf3be560.jpg,450,450,0,2026-06-03
2026-09-03,organizacao de cozinha,71353975343670323,32,310,0,Luxury Pantry Organization Ideas | Aesthetic Kitchen Storage,pinterest.com,https://www.pinterest.com/theorganizedcasapk/aesthetic-kitchen-organization/,https://i.pinimg.com/originals/cc/2a/e6/cc2ae6da738d259bda34e49440197698.jpg,1024,1500,0,2026-08-25
2026-09-03,organizacao de cozinha,1618549865370318,33,6055,0,tidy 🤎,,,https://i.pinimg.com/originals/67/e0/e5/67e0e5838e29a2fe92af5699d0edd926.jpg,1168,1752,0,2026-07-07
2026-09-03,organizacao de cozinha,751327150367120300,34,1613,0,carolrosaorganizer on Instagram: Despensa 🍞🥫🍬 #orgaization #organização #home,instagram.com,https://www.instagram.com/reel/CcEhU31scve/?igshid=MDJmNzVkMjY=,https://i.pinimg.com/originals/18/59/47/185947fa27aad01572183101fa8e95aa.jpg,1080,1920,0,2024-03-03
2026-09-03,organizacao de cozinha,1142858842961094381,35,3162,0,,,,https://i.pinimg.com/originals/db/3d/18/db3d185c4fb6320d809aad258cb55e85.jpg,1290,2279,0,2026-03-19
2026-09-03,organizacao de cozinha,1031113277200642641,36,8345,0,Under $30 Kitchen Storage That Actually Saves Space,amazon.com,https://www.amazon.com/shop/hairstyledhub/list/3N0C4J2OOTNM2?ref_=aipsflist,https://i.pinimg.com/originals/4f/2b/35/4f2b35b38b8fcd5f24079d68774c9a64.jpg,1080,1920,0,2026-03-01
2026-09-03,organizacao de cozinha,AVVqQgKNudyO6wkDfx7cLOjmNXkCeoaxSDSUSruJ-7ECqa8D8RyJk097YBrhseGq3qCUTzbsiLc-Tl1-AqeP0OE,37,3,0,These are my top kitchen decor items from Amazon but I have rounded up a lot more on my storefront. Tap the link in my bio to find it or ✨Comment KITCHEN DECOR and I’ll DM you the link! #amazonhome #a,instagram.com,https://www.instagram.com/reel/C-YS5vqB7s0/,https://i.pinimg.com/originals/66/09/cd/6609cda043b0b5674d127a7046aa397f.jpg,1080,1920,1,2024-08-17
2026-09-03,organizacao de cozinha,AVcuiCXMH3Ueyx7Nu_VyAiyOR2u6cDTYM5Rrn3iHcvBfhrQ1z38qaxLLVOUkf2hNALQfeR_gqlhRtFdbEEwmhFY,38,0,0,Pull Out Kitchen,inspireuplift.com,https://www.inspireuplift.com/pull-out-kitchen-organizer-rack-sliding-drawer-spice/iu/21803649?variant=475912138,https://i.pinimg.com/originals/24/76/be/2476be584f46074808aba8f9a64eaafe.png,508,507,0,2026-07-10
2026-09-03,organizacao de cozinha,AaXKD_Om8jw8px7tyogpGmH8_zAoCBsL45GQ9bnX2VupveKGPuwyWsYqlYuin7YDUkPmsML6GTDd7iu2wgO-1cI,39,1,0,"47"" Kitchen Cabinet with",fromrebel.com,https://fromrebel.com/products/47-kitchen-cabinet-with-sensing-led-light-kitchen-pantry-cabinet-with-doors-adjustable-shelves-door-shelves-white?variant=52654247346543,https://i.pinimg.com/originals/3d/1a/4e/3d1a4e6e89313757350a0d0cc47f20a8.jpg,2000,2000,0,2026-03-10
2026-09-03,organizacao de cozinha,825777281729606714,40,5566,0,"counter, detachable ceramic that keeps everything organized",amazon.com,https://www.amazon.com/dp/B0D65XSV57?tag=smartpinsho02-20,https://i.pinimg.com/originals/6f/79/40/6f7940dcafe62a8c95f1e83a60f8cbca.png,1014,1521,0,2026-05-11
2026-09-03,organizacao de cozinha,5207355815952233,41,5776,0,,,,https://i.pinimg.com/originals/c9/7b/52/c97b52ce06a230e820016ecab860dfa4.png,1206,2036,0,2026-03-29
2026-09-03,organizacao de cozinha,AQHV4r9YbLgbhIEA56_aOFcHbIlYbwY32KDTBIBwPhu48dHj_uIZu88CLKADA-2f23kg_7z0uUcCwqxZCOMsQPU,42,1,0,Temu Bamboo 2-Tier,temu.com,https://www.temu.com/ul/kuiper/un3.html?subj=dpa-un&_bg_fs=1&_p_jump_id=1082&_x_vst_scene=adg&goods_id=606319272661734&adg_ctx=a-4b0d566e~c-4957f286&_p_rfs=1&_x_ads_channel=pinterest&_x_ads_creative_id=%7Bproduct_partition_id%7D&_x_ads_id=%7Badgroupid%7D&_x_ads_set=%7Bcampaignid%7D&_x_ads_sub_channel=shopping&_x_ns_catalog_id=1567707391772&_x_ns_creative=%7Badid%7D&_x_ns_gid=606319272661734&_x_ns_,https://i.pinimg.com/originals/ca/a5/31/caa53124a11e3ef4dcd10a5aec9e6210.jpg,2000,3000,0,2026-03-29
2026-09-03,organizacao de cozinha,1134766437383535452,43,474,0,Moderna små kök: 5 inspirerande idéer för stilren charm i compact rum,amazon.com,https://www.amazon.com/Awesome-Modern-Small-Kitchen-Decor-20260422210821/s?k=modern+kitchen+decor&tag=spacefindsco-20,https://i.pinimg.com/originals/ae/79/ac/ae79acde7468251df37fba4165a6f196.jpg,1000,1500,0,2026-04-30
2026-09-03,organizacao de cozinha,1151936410962704532,44,8128,0,,,,https://i.pinimg.com/originals/6b/cf/3d/6bcf3deddbc464d4f32062ebcb472278.jpg,736,1104,0,2025-06-14
2026-09-03,organizacao de cozinha,1150951248554237084,45,667,0,Dream Kitchen Pantry Organization | Neat and Warm Storage Ideas,amazon.com,https://www.amazon.com/shop/influencer-0b83097b/list/1TYET4QE5R2MO?ref_=aipsflist,https://i.pinimg.com/originals/13/1e/85/131e857368b817c82023b829c262c36a.jpg,736,1104,0,2026-07-08
2026-09-03,organizacao de cozinha,AYuTb1qwpfrbPlCdvDSbsVST4p8yGG6vkfjgonfVNRZEY4KKoWxucH91kkfJX-YTYZsqqGv6VqqNoEKmR1R7bN4,46,13,0,59.1'' Kitchen lsland,homary.com,https://www.homary.com/lditem/591-modern-natural-white-kitchen-lsland-with-wine-storage-50945.html?currency=usd&language=en&country_code=us,https://i.pinimg.com/originals/57/e6/9e/57e69e677f7386403a93dca5fb2df3d1.jpg,2500,2500,0,2026-07-07
2026-09-03,organizacao de cozinha,AdbMV-Eyb-Flt6mS750dbSUFvACLfyEIDxR4GPifOK83Q4SQcUq8mh4sdIMUGQGKp602LOn1k-e4RxUm0PsILm8,47,78,0,Elfa Classic 4' Kitchen,containerstore.com,https://www.containerstore.com/s/elfa/predesigned-spaces/pantry/elfa-classic-4-open-kitchen-shelving/123d?productId=11010045&country=US&currency=USD,https://i.pinimg.com/originals/99/a4/7e/99a47ecb9e393968987b077ed34b9ab3.jpg,1154,1200,0,2022-08-05
2026-09-03,organizacao de cozinha,1125055550667805563,48,3584,0,,,,https://i.pinimg.com/originals/eb/ba/e3/ebbae3bc2dbb1df92e476e7cf85f07f9.jpg,735,980,0,2025-04-20
2026-09-03,organizacao de cozinha,913034524509740894,49,2683,0,Bamboo Kitchen Drawer Organizers | Stylish Kitchen Storage & Organization Ideas,amazon.com,https://www.amazon.com/shop/cobrahustlers._/list/2JJ08CRVCXWY5?ref_=aip_sf_list_spv_ons_d,https://i.pinimg.com/originals/15/c5/c1/15c5c14bbde538c31ea219833916d0b3.jpg,736,1308,0,2026-06-21
2026-09-03,organizacao de cozinha,706220785307186817,50,24297,0,Cozinha planejada: dicas de decoração e ideias de projetos,almanaquedamulher.com,https://www.almanaquedamulher.com/cat-casa/cozinha-planejada-ideias-de-projetos/amp/,https://i.pinimg.com/originals/51/61/7a/51617abefb1f412b64c7f298ad3ae1f5.png,455,683,0,2020-05-12
2026-09-03,organizacao de cozinha,528610075034972560,51,2127,0,8 Kitchen Drawer Divider Ideas: 8 Clever Storage Solutions for Tidier Drawers,amazon.com,https://www.amazon.com/Amazing-Kitchen-Drawer-Dividers-20260526231345/s?k=Kitchen+Drawer+Dividers&tag=spacefindsco-20,https://i.pinimg.com/originals/7e/7e/73/7e7e7346ba2f07dfad85f7d9269558eb.jpg,1000,1500,0,2026-06-05
2026-09-03,organizacao de cozinha,AVK9xHppYcUGmrpMGAro0Ay_F-mcBYpRjfo9wiWUsdUzXujLh2_p1y-ebt7lIY69S1_vZn0cTjo1YgxUP5QkZdY,52,2,0,Diiva Swivel Bar Stool —,gestaltnewyork.com,https://www.gestaltnewyork.com/seating/the-diiva-stool,https://i.pinimg.com/originals/da/ea/85/daea853be81a79c983c42fc258033add.jpg,1195,1495,0,2026-08-14
2026-09-03,organizacao de cozinha,972285007071468478,53,456,0,Stroller Envy — Real Life Advice for Modern Moms,stroller-envy.com,https://stroller-envy.com/18-pantry-organization-hacks-using-clear-bins-and-baskets/?utm_source=pinterest&utm_medium=social&utm_campaign=grow-social-pro,https://i.pinimg.com/originals/85/16/0b/85160bd4bccbddbcecec22acaabe1549.jpg,816,1456,0,2026-03-12
2026-09-03,organizacao de cozinha,AcRHcvuLdyuzdggH8Inq-U0B1FY6FDNU9UogX0LASRH0BLJTqYokOFYSJHyzy_s3yf2Ou9ARzsIKUQDgdyp3fbw,54,1,0,Find the right range for,lowes.com,https://www.lowes.com/pl/ranges/4294715792?goToProdList=true&rangeFacet=price_td__599&cm_mmc=psm-_-c-_-prd-_-app-_-pin-_-%7Bcampaignid%7D-_-%7Badid%7D-_-0-_-trf-_-crm,https://i.pinimg.com/originals/98/72/ad/9872add4e3f6cb552bbff2013b1bd10f.jpg,1000,1500,0,2026-01-12
2026-09-03,organizacao de cozinha,Af4krj_P04XhLXt8RfG8G_8Ep-3aJ4FiOt4STQ5qq9TNURI8oa30dofNuuuFbDx0nOKl7NNu0XDCNFDeLfuGiaU,55,6,0,Pin this Kips Bay Palm,kohler.com,https://www.kohler.com/en/products/kitchen-faucets/shop-kitchen-faucets/edalyn-by-studio-mcgee-semi-professional-kitchen-sink-faucet-with-two-function-sprayhead-28360?skuId=28360-2MB,https://i.pinimg.com/originals/9e/4a/37/9e4a37f08ceea0231b60edbfff901221.jpg,1000,1500,0,2026-08-20
2026-09-03,organizacao de cozinha,647533252717031226,56,17247,0,Fridge Organization #BringMyPinterestToLifeContestEntry,amazon.com,https://www.amazon.com/shop/alexaanu2/photo/amzn1.shoppablemedia.v1.73aa6f9a-b6e5-41a5-910c-ab3f623793f8?ref_=cm_sw_r_apann_aipsfphoto_EG4GZ6JK5JK8HQJNXP26&language=en-US,https://i.pinimg.com/originals/34/a6/b8/34a6b81e7cae7f5b6637debd434ef474.jpg,611,995,0,2026-02-12
2026-09-03,organizacao de cozinha,1130192469031935798,57,4109,0,✨ Aesthetic Kitchen Sink Organizer Set | Urbannest Decor,amazon.com,https://www.amazon.com/Luxury-Glass-Dispenser-Brighter-Barns/dp/B0CDVHHGD4?dib=eyJ2IjoiMSJ9.pWgawkizaEmiBxrUGtZTCEoWMuty_0wdcEgcwrHTiKTauN_SefpXbSbTM5Bu_LPcD6v5YcEMRo9E9DdoI0UMt54_73jjhfzrDxyLuZbPqC6zKZQQIwqurP33p9tuiaGA8RXdnpBXUU1FOjSKdFEqH3OD0ulV0tBM4aLCF_FbHWRjz6DHZNeq6JsiyFKNHMj0TdKEVaCKLgBDMn9-KP4w1hQjhGNjF2Z6d1oLTQvCndz1KvYUU0swG35lPmbFcGG7LN-M3D54EeLYn3Xljkw9PonPB5pZ0hJ512gdM5WhBBU.eeEHYe9I,https://i.pinimg.com/originals/69/bd/9d/69bd9d9cf741805e98bb2803eda20327.jpg,712,1264,0,2026-06-01
2026-09-03,organizacao de cozinha,AbltBf48L8HXfgrDtcjEN-XTjhceCa676KIpJdZDdlwByfjOU5r9OXBOOwD0gc7xgrojGfZLgsBf6xHbjNAIAck,58,17,0,33 in. L x 19 in. W White,homedepot.com,https://www.homedepot.com/p/DEERVALLEY-33-in-L-x-19-in-W-White-Fireclay-Rectangular-Single-Bowl-Undermount-Workstation-Kitchen-Sink-with-Accessories-DV-1K0141/328305560?cm_mmc=psoc-pinprg-%7Bcampaignid%7D-%7Badgroupid%7D,https://i.pinimg.com/originals/6f/5e/99/6f5e998492a23f8ec4ea1cb1299ffb95.jpg,1000,1000,0,2025-07-24
2026-09-03,organizacao de cozinha,AUaZM8GcYaRBpxr-rvqjJnqZQIppLBv-4eP7aJ1Tt1REAapAFGEqOCGnvvqgeZCXNHqa89VWBNbje-WbYvvB-QM,59,740,0,Refresh your Kitchen,amzlink.to,https://amzlink.to/az0R1pvbaq2dE,https://i.pinimg.com/originals/1f/d8/ad/1fd8ad83e3d490677626bb754bbf1b18.png,1000,1500,0,2025-09-04
2026-09-03,organizacao de cozinha,ATyKTtxTbnkBW-bBQXM5h0B1AugRqafk7ra81wlZxXbgJzL6YSBbYBExmxnHfVOcQXKMnsakX30Nj1C9h3tkSps,60,114,0,Amazon Kitchen Storage,amzlink.to,https://amzlink.to/az0qicnNPEmXi,https://i.pinimg.com/originals/ee/c9/ff/eec9ffcc3b085b60fc67d89b6358abb2.png,1000,1500,0,2026-06-24
2026-09-03,organizacao de cozinha,23573598048323026,61,21,0,Kitchen Pantry Spice Drawer Storage Design,,,https://i.pinimg.com/originals/2b/b1/2f/2bb12fdf7504103b32a5078b15801189.jpg,1000,1500,0,2026-08-19
2026-09-03,organizacao de cozinha,AYnk667drgQqJ6lB8J1XxYx_gl9oXFpXb3RWkziDobU0DRxxFpxTgws-10ChLnN4wrFMGZAH2ipUp5G1w-l2FzA,62,1,0,We have all the,flooranddecor.com,https://www.flooranddecor.com/explore-kitchens?utm_source=Pinterest&utm_medium=paid&utm_campaign=%7Bcampaignname%7D&utm_term=%7Badgroupid%7D_%7Badid%7D&utm_content=iP-smm&utm_audience=Pin-REM-Homeowners-WebVisitors-Tier2,https://i.pinimg.com/originals/ec/2f/57/ec2f578815f7da80393a8779ff7605bb.png,1000,1500,0,2025-10-24
2026-09-03,organizacao de cozinha,897905244474249441,63,7321,0,"Efficient Kitchen Organization Ideas for a clutter-free, functional Space",amazon.com,https://www.amazon.com/Fantastic-Kitchen-Organization-20260522065152/s?k=kitchen+organization&low-price=10&high-price=&tag=cathdki02-20,https://i.pinimg.com/originals/3f/ff/ba/3fffbaa6ed5e7e552f908aa34369e535.jpg,1000,1500,0,2026-06-05
2026-09-03,organizacao de cozinha,AUR2BeM46WwQGcE4KHmvUSCP6MLXhn0ABzgSzclEzel5ft3Q4SMzupnNX2TJC5W-xGFOlvo130ZPbHImyOMbWOs,64,708,0,My Kitchen Must-Haves,amzlink.to,https://amzlink.to/az0vIvb80HWeG,https://i.pinimg.com/originals/fe/6f/71/fe6f71d765faa2211712c7cfebe5e2c4.png,1000,1500,0,2026-01-11
2026-09-03,organizacao de cozinha,AREt4LZXiK3q7DohbIOtKBZRGVWkcOEQVFDi9t38GJ_7Mc5kgCkCCxbt6JvfpmhDopBb1HxwUGl2nEr8X-LDxw4,65,1,0,"Timeless Design, Built To",go.roomandboard.com,https://go.roomandboard.com/Ojq0sQ,https://i.pinimg.com/originals/7a/b4/2f/7ab42f90ebc2261da9222122c951fd5f.jpg,1000,1500,1,2026-06-30
2026-09-03,organizacao de cozinha,712553972286198422,66,7172,0,Cantinho do Café: + 12 Inspirações de Decoração!,projetoscriativos.blog,https://projetoscriativos.blog/12-inspiracoes-decoracao-cantinho-do-cafe/,https://i.pinimg.com/originals/ee/f0/f1/eef0f1907bf45d18c60ba328cc3ef3b2.jpg,564,751,0,2020-08-04
2026-09-03,organizacao de cozinha,AYi95KPRxM0Y5ZXGEIs_e-gh786quxiVbyBni5RwZg4iuFJTaGjhiqiRysMwA7rBPGWM5NXTPLiXSsIIlki3obM,67,442,0,Modern Cottage Core,twopagescurtains.com,https://twopagescurtains.com/collections/roman-shade,https://i.pinimg.com/originals/b3/1b/d4/b31bd4315fd5f62985fe59c5991d5aff.png,1000,1500,0,2026-06-05
2026-09-03,organizacao de cozinha,AY1P7GMGOyscVbs9pfh7X013tjX360NJN6lCoTBflsyi-jFxlOzG2qVBcKQULXIYDH82IF1F5acyuOb82fRzNG0,68,2098,0,Project Highlight: The,traditionhardware.com,https://www.traditionhardware.com/pages/the-bell-house,https://i.pinimg.com/originals/f0/f5/9f/f0f59fd22f70f21c18ad26086ad808a6.jpg,750,1064,0,2025-12-10
2026-09-03,organizacao de cozinha,997899229954965727,69,1123,0,Organize Your Kitchen Like a Pro,amazon.com,https://www.amazon.com/shop/influencer-3ab7e6ff/photo/amzn1.shoppablemedia.v1.df21edfe-e344-45e1-adca-fc36a6f30a3d?ref_=aipsfphoto,https://i.pinimg.com/originals/27/4b/58/274b58a863532f470658fc7f9dc5571b.png,1000,1500,0,2026-06-25
2026-09-03,organizacao de cozinha,AVnat71pz9ju10kkWLGR3z_zpzVcPaVuOm92NQL9Kke_bLnkEM4rcZIj_6xszP2dTDXQUHN4jVjjRs5GhnJNfMY,70,1902,0,Classic Modern Kitchen,visualcomfort.com,https://www.visualcomfort.com/reese-20-pendant-s5182/&utm_medium=organic_social&utm_campaign=post,https://i.pinimg.com/originals/5b/e8/58/5be85874ef05404458129be6df6942ef.jpg,4167,6250,0,2025-04-28
2026-09-03,organizacao de cozinha,16184879908085432,71,946,0,,amazon.com,https://www.amazon.com/finds/post/photo/amzn1.shoppablemedia.v1.9b389a18-484f-433c-a990-114243c16169?id=storageOrganization&linkCode=ic7&ref_=fioa_shr_txt_spv&tag=onamzashl01f9-20,https://i.pinimg.com/originals/36/b1/dc/36b1dc6dba9a8d148907e14d9666a7a3.jpg,1200,1799,0,2026-02-06
2026-09-03,organizacao de cozinha,AdU2COJktiCXD1dylTXW8FMladBbn02cmOKc4-BF9rdO_eLsU8b3r8SURl-gxkDi6Z7vDTlvaFAPK160jVUzAHY,72,14,0,Modern Gold Square,comforsyco.com,https://comforsyco.com/products/gold-square-brushed-brass-kitchen-handles,https://i.pinimg.com/originals/09/58/37/095837426c0683be556a34e3a3976492.jpg,1000,1500,0,2026-07-15
2026-09-03,organizacao de cozinha,ATz6OjiXs4Qve_e4i4fejvmdHIehr-w9QLyn_5khnQ3X2CWjHKEXwXLtLCcYvMnzSG932AM3TZzreHovbyEP-TY,73,1,0,Warm Neutral Kitchen With,drift-ia.com,http://www.drift-ia.com/,https://i.pinimg.com/originals/1a/f9/8c/1af98c7dfd98b2a8654766215bbafc0f.jpg,4000,5997,0,2026-08-05
2026-09-03,organizacao de cozinha,864972672173528778,74,626,0,,,,https://i.pinimg.com/originals/99/50/32/99503241b49f0a95d0d684e75e422bdd.jpg,723,1200,0,2024-02-22
2026-09-03,organizacao de cozinha,1056657131332674803,75,5853,0,"✨ Uma cozinha moderna, funcional e cheia de personalidade! Detalhes que transformam o dia a dia em praticidade e estilo. 💡🍴 👉 Projeto e execução: APCasa Mobiliário 📍 Móveis sob medida que se encaixam ",instagram.com,https://www.instagram.com/p/DPMkL0rEWwb/,https://i.pinimg.com/originals/fa/18/f8/fa18f8d30c66d259cad4f060b2e29642.jpg,1080,1350,0,2025-09-30
2026-09-03,home office pequeno,390687336482285787,2,185,0,O Home Office Integrado ao Quarto que Parece um Projeto Sob Medida ✨,,,https://i.pinimg.com/originals/b5/5b/c0/b55bc0432f59db8fdcd6bf3921c7bccc.png,1023,1537,0,2026-08-23
2026-09-03,home office pequeno,6544361955476295,3,140,0,Cozy Small Apartment Home Office Ideas for a Productive Workspace,,,https://i.pinimg.com/originals/fa/2a/ad/fa2aad5d91298685bd218b202a46e6a9.png,1024,1536,0,2026-08-18
2026-09-03,home office pequeno,103301385198554844,4,52,0,"Kleines Homeoffice einrichten – stilvoll, modern & platzsparend",,,https://i.pinimg.com/originals/a0/3b/74/a03b74a90b492e1e13656528a092fc70.png,1024,1536,0,2026-08-18
2026-09-03,home office pequeno,912612311996001281,5,360,0,A Verdade é Que Ninguém Te contou sobre decoração para Home Office Pequeno — Veja Como Acertar Agora,decoreorganize.com.br,https://decoreorganize.com.br/ideias-de-decoracao-para-home-office-pequeno/,https://i.pinimg.com/originals/c4/d9/b0/c4d9b09f512858920b8cda1273ced9e8.jpg,672,1024,0,2025-07-07
2026-09-03,home office pequeno,836965912046186761,6,8,0,Clever Small Home Office Decor Tricks That Looks Expensive,,,https://i.pinimg.com/originals/7e/05/6f/7e056ff629d24e1143b7a7c42f5564e0.jpg,937,1666,0,2026-08-22
2026-09-03,home office pequeno,140806235326841,7,11404,0,,,,https://i.pinimg.com/originals/24/c0/18/24c018dd5d65e3aaae31646aed464bea.jpg,1024,1536,0,2026-07-26
2026-09-03,home office pequeno,49398927160336770,8,541,0,,,,https://i.pinimg.com/originals/0b/90/b0/0b90b0000aec61bee51a5faa670f07d1.jpg,1080,1920,0,2026-08-25
2026-09-03,home office pequeno,39336196741932046,9,484,0,Small Balcony Office Ideas for a Productive Home Workspace,,,https://i.pinimg.com/originals/ea/3e/89/ea3e893f5363cd2763f0a3e52e0cbcca.jpg,1080,1920,0,2026-08-14
2026-09-03,home office pequeno,AeeQh59y_Ni14ZYAo-jZBo9431rSOiwnqbMo2aXV-Yf7iLduE12h0az00DezSD180hgPWVF0Zzca0-SHyiBRgnQ,10,174,0,Simple Home Office,amzlink.to,https://amzlink.to/az0GzNC3s91tx,https://i.pinimg.com/originals/5c/d6/84/5cd684701361beec9422225838f1d55b.png,1000,1500,0,2026-04-11
2026-09-03,home office pequeno,AYIsl4xReERePsEUhXjJHYxJoIoAFtVg90dBzWt2-BVRSKu5Q1aApQ5x1Xkp3goHT2OyC1KglsngIE1l7ni0-40,11,1,0,Cool Blue Aesthetic: Home,ruggable.com,https://ruggable.com/collections/office-rugs,https://i.pinimg.com/originals/cd/19/c8/cd19c863804504a5e1dbf647b338ed9c.png,1080,1620,0,2026-07-13
2026-09-03,home office pequeno,21321798232562462,12,1339,0,Luxury Study Table Decor Ideas 2026 | Elegant Gold & Beige Desk Setup for a Premium Workspace,,,https://i.pinimg.com/originals/16/49/c7/1649c729569f615d824293f6d4e08cb0.jpg,1024,1536,0,2026-08-21
2026-09-03,home office pequeno,7670261863016190,13,1704,0,,,,https://i.pinimg.com/originals/8e/8d/c0/8e8dc0061783d49dbe1ad0c5ca83db42.jpg,1009,1200,0,2026-08-21
2026-09-03,home office pequeno,1114007657856198313,14,5576,0,Modern Japandi Home Office Ideas for a Cozy & Minimalist Workspace,,,https://i.pinimg.com/originals/27/8e/f4/278ef45d13545ecab88bd9f02eac8c5d.jpg,1023,1537,0,2026-07-11
2026-09-03,home office pequeno,64035625948660371,15,529,0,,,,https://i.pinimg.com/originals/5e/46/54/5e4654254a60841d0929f743a4ff59e5.png,1024,1536,0,2026-08-23
2026-09-03,home office pequeno,1970393584637558,16,9405,0,,,,https://i.pinimg.com/originals/37/67/81/3767816f02cd39d9e4421cb787475ed1.jpg,736,981,0,2026-08-14
2026-09-03,home office pequeno,ARQlseU1b4NHvkY7O30lVHDqPOxLzBL9cPkHbzkGRC_7_mRASivcr7cfMMNUbh84Hzl7Xoal3Y6JPgiGYu-zOsY,17,0,0,HULALA HOME Adjustable,hulalahome.com,https://hulalahome.com/pages/adjustable-stand-up-desk,https://i.pinimg.com/originals/cd/0e/24/cd0e2476c6ba0a5192083da23b6ac5c1.jpg,720,1280,1,2026-06-29
2026-09-03,home office pequeno,AftC6uzVfijwe5Fg9lmPzw4PVMYOZ23_18lfXmhjsYKInuyURM_7dVfATCNEFYtlOIeiBwifZu66ShVX9oyUGjE,18,0,0,Maxx Apartments,expedia.com,https://www.expedia.com/Hotel-Search?destination=Ibadan&selected=112793927&startDate=2026-10-02&endDate=2026-10-03,https://i.pinimg.com/originals/f8/75/31/f875316163c7992573547ddce53ec53c.jpg,1000,1500,0,2026-08-20
2026-09-03,home office pequeno,1149051292437570900,19,7304,0,55 Office ideas,,,https://i.pinimg.com/originals/ae/9e/e8/ae9ee8b9b3b55e0d367a83179ec98c2a.jpg,736,1104,0,2025-06-27
2026-09-03,home office pequeno,AcM8-2Z70J-jPjHLsPDR4C2XviTHU8NV_1EUuenTwPcPb_EekBgndpcSC3c7MZYyqBH_96aqcgzVuB6KX71GVkI,20,10,0,Shop this room,wayfair.com,https://www.wayfair.com/discover/filters/idea/398355589?creative_id=294485,https://i.pinimg.com/originals/9b/8a/ed/9b8aed196cc8730a94f90698219aa7bf.png,1000,1500,0,2026-03-11
2026-09-03,home office pequeno,1110348483158108615,21,2807,0,Computer Desk Ideas | Floating Corner Desk Setup with LED Lighting,,,https://i.pinimg.com/originals/6d/cb/59/6dcb59a68cd5fcb5cb4540502fcfc44b.png,1792,2400,0,2026-07-18
2026-09-03,home office pequeno,AZDILYbECSQY1mqYSeG_tm0f_amrVNNxmNE8yLWSPTLgPKuXzkl78b9ic9xY2d0O3kLAXYHplmF4cMLdLATc0RA,22,16,0,40 Women's Home Office,realestatespice.com,https://realestatespice.com/home-office-ideas-for-her/,https://i.pinimg.com/originals/b0/af/41/b0af41b26e4aef8f0529a186f54e8f3a.webp,750,1550,0,2026-08-12
2026-09-03,home office pequeno,1092756297111765342,23,834,0,Estilo de oficinas modernos,,,https://i.pinimg.com/originals/e8/79/b2/e879b253fe73c6541a8cdd5f86590612.jpg,736,1104,0,2026-06-29
2026-09-03,home office pequeno,ARocT81YSnhhGmH07FOG5BGBfSzak3x5A7rxau5FD1AnkRv0o9K6rQGYt3Xgcdvxn0v1a77yAJkIWMF8zfweHrA,24,460,0,A perfectly styled,eurekaergonomic.com,https://eurekaergonomic.com/products/ark-es-60x26-standing-desk?utm_source=pinterest&utm_medium=social&utm_campaign=pina,https://i.pinimg.com/originals/e9/11/33/e91133846d559b28144427f3e641b1d2.png,1000,1500,0,2026-04-14
2026-09-03,home office pequeno,288230444925452712,25,111,0,"Home Office Organisieren, So Wird Dein Arbeitsplatz Produktiv (Inspo!)",,,https://i.pinimg.com/originals/9c/aa/d3/9caad3e3b63bf460bec19538f005956c.png,1000,1500,0,2026-08-19
2026-09-03,home office pequeno,300967187621878949,26,30412,0,,,,https://i.pinimg.com/originals/43/16/8f/43168f429c89b4e96c92d94d425787fc.jpg,801,1200,0,2025-03-03
2026-09-03,home office pequeno,AfDjPvPb6hqms5HWTer0hHAz01kBLHwNqkNtM_EA3FehFQ1dt2P3oNcC9oOjtipJoZUvS75oyOhiKvcIADM-wBY,27,382,0,Amazon Office Idea,amzn.to,https://amzn.to/4fjwZew,https://i.pinimg.com/originals/45/7f/a8/457fa826c9f6b75e85349f0fb8d97575.jpg,1000,1500,0,2026-07-15
2026-09-03,home office pequeno,401313016821686665,28,44,0,The Home Office Setup That Makes You Want to Get Things Done,,,https://i.pinimg.com/originals/8e/40/14/8e4014eb206f53791a0d31e4f37225fd.png,1023,1537,0,2026-08-25
2026-09-03,home office pequeno,11470174047745525,29,365,0,,,,https://i.pinimg.com/originals/b9/e2/8a/b9e28a6d16eb2a6f63f73dfd27c893fd.jpg,1080,1920,0,2026-08-14
2026-09-03,home office pequeno,AeHUl02Zc4t-VXs-Spit1F-vcx4pAET1fBSOKGlpcCu2uBGzgYXT1hQ2iW4RBcEDt-kfsVAtraMLevhjMjvTSeA,30,24,0,White Computer Desk,homedepot.com,https://www.homedepot.com/p/BYBLIGHT-70-86-in-Rectangle-White-Wood-Conference-Table-Computer-Desk-Study-Writing-Desk-with-Metal-Base-for-Home-Office-BB-ZHY-073CD/342130517?cm_mmc=psoc-pinprg-%7Bcampaignid%7D-%7Badgroupid%7D,https://i.pinimg.com/originals/8e/8f/00/8e8f00b1f4d13f0b3c739fd3a9f99b64.jpg,1000,1000,0,2026-07-23
2026-09-03,home office pequeno,860117228886459126,31,46,0,"Chic Desk Setup: Laptop, Window Light & Shelves",,,https://i.pinimg.com/originals/78/2c/19/782c19422226fa50060c6ce19ed92e78.png,1122,1402,0,2026-08-26
2026-09-03,home office pequeno,AWa_fXH6luckfQDAwnUfOP09ZmTrQmxvZOke0v5THCyKCIKrbYmdyvQKLZecPyDPrUHvT8gCixELk1H8g-2X_UA,32,14,0,"LITTLE TREE 63"" Long",amazon.com,https://www.amazon.com/LITTLE-TREE-Farmhouse-Executive-Workstaticon/dp/B0GYRQ8ZYM/ref=asc_df_B0GYRQ8ZYM?hvdev=%7Bdevice%7D&hvcampaign=%7Bcampaignid%7D&hvadgroupid=%7Badgroupid%7D&hvprdptid=%7Bproduct_partition_id%7D&hvprdgrpid=%7Bpromoted_product_group_id%7D&hvcr=%7Bcreative_id%7D&hvadid=%7Badid%7D&hvprdid=%7Bproduct_id%7D&hvplc=%7Bplacement%7D&psc=1&tag=%7Bifnotmobile:ushpadpinde-20%7D%7Bifmobile,https://i.pinimg.com/originals/3d/46/8b/3d468bd6d42dbad2c222cccf805800a8.jpg,1001,1200,0,2026-05-26
2026-09-03,home office pequeno,1127236981795146987,33,11,0,Small Home Office Ideas for a Cozy Apartment 💻🤎,a.co,https://a.co/d/08EjZuDT,https://i.pinimg.com/originals/7d/e7/00/7de7005ff52dc2ba09194fce4378f2b1.png,1023,1537,0,2026-08-18
2026-09-03,home office pequeno,1098456165386301012,34,820,0,,,,https://i.pinimg.com/originals/1a/13/7b/1a137b1c90b127e00314cc8831c518d8.jpg,736,1051,0,2026-04-06
2026-09-03,home office pequeno,1149262398689775476,35,33,0,Cozy Home Office: Modern Study Corner,,,https://i.pinimg.com/originals/dc/e5/d4/dce5d4a1177dbf169b6fff3fe0e94c40.png,941,1672,0,2026-08-15
2026-09-03,home office pequeno,AW_twQMlNvQfL-YAdNNTRL5S2nLnDqG6tPAJd9m-Rhq20weSuNwnT9fzYLGcT1AaSWcKH1FoCunVDtzw9QV3_jM,36,0,0,Executive Modern,maoters.com,https://www.maoters.com/product/executive-office-desk-simple?variant=MTL60939,https://i.pinimg.com/originals/f0/bc/26/f0bc26bfc7c52bf8a24e4a36340462ef.webp,1000,1000,0,2026-08-07
2026-09-03,home office pequeno,AWRvj9lcGxZn4osFKJLz5i9eYZ5S146WwVue9A2VEodicdO33n7IQKSeVN3VQJtXF7pzIg-i6JoA87dgVuvP0Tw,37,8,0,Humply Modern Minimalist,homary.com,https://www.homary.com/lditem/modern-minimalist-style-l-shaped-desk-solid-with-3-drawers-60-inch-executive-office-desk-47667.html?currency=usd&language=en&country_code=us,https://i.pinimg.com/originals/b8/ac/ed/b8acedabe9fd6b34607b8ff16e494939.jpg,1000,1000,0,2026-07-07
2026-09-03,home office pequeno,5629568280650142,38,500,0,,,,https://i.pinimg.com/originals/ec/83/f9/ec83f9f4945856276ead9b9c30365329.jpg,1179,1584,0,2026-07-13
2026-09-03,home office pequeno,63965257213225910,39,266,0,Vem Montar Comigo Esse Home Office Pronta Entrega,,,https://i.pinimg.com/originals/ad/20/91/ad209123397e5dd0fef0e0774c301068.png,1024,1536,0,2026-08-12
2026-09-03,home office pequeno,3518505955857903,40,200,0,,,,https://i.pinimg.com/originals/65/b8/d7/65b8d7ad8a4977cce45f6fb7ba21c62b.jpg,1024,1536,0,2026-07-28
2026-09-03,home office pequeno,AatKl8KqFJfSv_rNGknPXEhjd-7OUS8gADgiuKm2Wpu7VPPnU9RheW7I7-kMscUZ-qPlzln44aIuCN60QbYPNzE,41,0,0,Modway Render Wall Mount,walmart.com,https://www.walmart.com/ip/Modway-Render-Wall-Mount-Corner-Office-Desk-in-Walnut/1489620989?wmlspartner=wlpa&selectedSellerId=101013983,https://i.pinimg.com/originals/b2/20/ca/b220caa15783b0dcff2b8cd7b62f04f9.jpg,1600,1600,0,2026-08-30
2026-09-03,home office pequeno,AVm_ukw_mQbKH3_qSpnJCiXABvreONt-rpgS2hYqYggzaqzbOpBx9S-btFphBPGKZPlAH4LAPcTJiQL8rmd3G4Q,42,1,0,70.9'' Modern Executive,sikaic.com,https://sikaic.com/products/70-9-modern-executive-desk-with-2-drawers-open-storage-shelf-brown?variant=49126070452532,https://i.pinimg.com/originals/80/c2/ea/80c2ea5af83ec92aa5072a3b766ce6bd.jpg,1500,1500,0,2026-08-31
2026-09-03,home office pequeno,265008759329856124,43,15,0,Warm Modern Home Office with Built-In Wood Shelving and Soft Lighting,,,https://i.pinimg.com/originals/d1/e5/d5/d1e5d56dd6ed3c132a850cd3d5b44195.jpg,768,1376,0,2026-08-26
2026-09-03,home office pequeno,839780661814460179,44,37,0,Cozy Modern Study Corner 🤎✨ | Small Home Office Ideas,,,https://i.pinimg.com/originals/96/3a/bb/963abb591389ae02cc98ecdac63c7b62.png,1024,1536,0,2026-08-19
2026-09-03,home office pequeno,7036943163850032,45,918,0,Solução Inteligente Para Espaços Compactos,,,https://i.pinimg.com/originals/ae/9f/da/ae9fdaeb1db8e9f98b4f995a30baad17.png,1122,1402,0,2026-07-16
2026-09-03,home office pequeno,351351208450847647,46,66,0,Most homeowners focus on buying the most feature-rich furniture. But that's rarely what makes a workspace feel calm and beautiful. What truly transforms a home office is restraint — knowing exactly wh,,,https://i.pinimg.com/originals/4b/50/f2/4b50f266837258868c03cbf84d636bb2.png,1080,1920,0,2026-08-26
2026-09-03,home office pequeno,AdBSw5cldGPTwXDJCV_kddqzVNoYj5wzXO4zIYip6vnRN-DW9k8Dy13WGfAk_LJxzGhw0rM-sSQZBYbAWF_WxT4,47,1,0,L-Shaped Executive Desk,habitatrenewal.com,https://habitatrenewal.com/products/85-point-8-inch-l-shaped-executive-desk-white-walnut-storage-cabinet?variant=64201378988401,https://i.pinimg.com/originals/83/6c/f1/836cf1925984f1fd7a8291027fa0bd50.jpg,1500,1500,0,2026-07-23
2026-09-03,home office pequeno,1098878377844454248,48,1741,0,Practical Desk Layout for Small Spaces,,,https://i.pinimg.com/originals/01/40/74/0140749f9caa18fd81ffb12535f561df.jpg,736,1104,0,2026-01-19
2026-09-03,home office pequeno,28288303907768107,49,262,0,Luxury Study Room Ideas 2026 | Modern Home Office with Warm LED Lighting & Cozy Workspace,,,https://i.pinimg.com/originals/79/9c/dd/799cdd65aeec71816a51199ab64e92de.jpg,1024,1536,0,2026-08-09
2026-09-03,home office pequeno,6473993212709647,50,291,0,,,,https://i.pinimg.com/originals/8f/79/eb/8f79ebed431d631b5c1780b12ca759b1.jpg,1144,2048,0,2026-05-23
2026-09-03,home office pequeno,774124931980953,51,963,0,,,,https://i.pinimg.com/originals/f8/84/03/f884039fcfce6e0020846cd14a199b7b.png,1086,1448,0,2026-08-23
2026-09-03,home office pequeno,AVuHo_ON0oiVa0OLx5yFyYlUhHq7WbN9ek9cUwejyBW2TIEmBavIlg_Ay8zps3Yp52N-IMSF-fKYUnBqdcgCEsg,51,1,0,Put Your Design Skills to,designwithfriends.com,https://designwithfriends.com/,https://i.pinimg.com/originals/8e/9c/6c/8e9c6ca4b13201d7f182c719564b8570.jpg,1080,1920,1,2026-05-28
2026-09-03,home office pequeno,AaS5zoR02A7Fx9Sk5RYS8FwIH4IQ6M6pMU2XWxAOhg7tE1Hr7bvtzGPKCz_fMm2ylupLF7y2EB8PISGhtmj03yQ,52,36,0,Macy’s Labor Day Savings,macys.com,https://www.macys.com/?m_sc=org_soc&m_sb=soc_pub,https://i.pinimg.com/originals/04/ab/58/04ab58275c614fdb5d399e87782cd765.png,1000,1500,0,2026-08-06
2026-09-03,home office pequeno,8585055536916386,53,442,0,Minimalist Home Office with Ambient Lighting and Custom Built-In Desk,,,https://i.pinimg.com/originals/8f/f4/50/8ff450c0d6e9c231113c71c78683594a.png,1024,1536,0,2026-08-14
2026-09-03,home office pequeno,AeYLC1Z1tmdQBFA-6HrTD1SnkpXI876XdlkEHQtCfKd5glXzmxUl7UUChuku4FplBiim6QboTFmjjPu2r591Y58,54,1,0,Save up to 80% OFF,rugs.com,https://rugs.com/rugs?collections=outdoor,https://i.pinimg.com/originals/18/07/fb/1807fb5b288bf0b8264b83978ac109ad.jpg,1000,1500,0,2026-04-04
2026-09-03,home office pequeno,48976714692628638,55,515,0,"Home Office Moderno 3x2m | Pequeno, Funcional e Estiloso",,,https://i.pinimg.com/originals/98/e2/f9/98e2f98a9f7be82f36fd12329e2acac4.png,1024,1536,0,2026-04-28
2026-09-03,home office pequeno,Ab6y_dHqSF3qmM0mKVjOoJmJgknG9Yysm-Kg5nhnc8tV1uc8LndxO0UMQLOW9RrUyu7dm6QKj7Ei89hCBvZ-peI,56,1,0,Creme Brulee Paint the,grahambrown.com,https://www.grahambrown.com/uk/product/creme-brulee-paint/145308-master/?utm_source=pinterest.com&utm_medium=social&utm_campaign=pinterest,https://i.pinimg.com/originals/13/6b/5e/136b5eb47e2a969fd6db3e8e826cd5df.png,1050,1575,0,2026-07-08
2026-09-03,home office pequeno,AfAQ2sVIKtmgsHc_IVhvuo-IJN8eDQI27HMARzZohYvZKtpctUYFzTYVxol23SuiXmwHVf_eqp0NfIn3XgSt7Ns,57,94,0,Curate a dream college,walmart.com,https://www.walmart.com/cp/dorm-room-essentials/1225229?sourceid=dsn_pin_fe6229ea-cd44-4854-9ab4-7cea85d8bf6f&veh=dsn&wmlspartner=dsn_pin_fe6229ea-cd44-4854-9ab4-7cea85d8bf6f&cn=01em_fy27_btc_btc_up_int_soc_static-video-pin,https://i.pinimg.com/originals/0d/f9/85/0df9858378ca0744cf5df20a7935fa6d.jpg,1000,1500,0,2026-06-10
2026-09-03,home office pequeno,914862422240316,58,1935,0,,,,https://i.pinimg.com/originals/52/34/29/523429e9c9fe67ad53e9fd03f7d5d768.jpg,896,1344,0,2026-05-24
2026-09-03,home office pequeno,1151725304732944529,59,642,0,,,,https://i.pinimg.com/originals/ea/4f/12/ea4f1298d364e0c1cc237e312fa6e351.png,941,1672,0,2026-06-26
2026-09-03,home office pequeno,AauFDQBGxaAOFHQJc1DV7PX-anX2JLr6nFQYRDSOqYt4PgBDrB2zx7HF7lz294I1QMQiCpE_JZIzjeuoqC3v950,60,14,0,Update your space for a,homedepot.com,https://www.homedepot.com/b/Home-Decor/N-5yc1vZas6p,https://i.pinimg.com/originals/52/39/86/52398623fcd1d0f7f8c8d4891122e033.jpg,1000,1500,0,2026-08-10
2026-09-03,home office pequeno,1084523154040394429,62,55,0,Elegant Floating Corner Desk Setup | Luxury Small Space Office Inspo,sweethomevibes.com,https://sweethomevibes.com/corner-desk-setup-ideas-for-small-spaces/,https://i.pinimg.com/originals/ed/22/4e/ed224e6cedec4ee035674cbf4ad948b0.jpg,572,1017,0,2026-06-12
2026-09-03,home office pequeno,AT0oOAyNKn9DgrM7ZTfQ5Nl-3fhuLB5AszRQPFTi7meawNfDng-PzpHf5fKlMObJp2XEIAaiAyX7qoV-V0Jkxes,63,81,0,Design Your Dream Home in,homedesigns.ai,https://homedesigns.ai/,https://i.pinimg.com/originals/a5/85/50/a58550d466b44889aaa59d600312b713.jpg,736,1308,0,2026-03-24
2026-09-03,home office pequeno,AWnjWPsXY6cLJw3NLJ6oJADEExi2_tBSJoXtoMDMwUnfbjqTLvlvKAU5UhdbzMQxRK59GsMSFKy_n91XPO0p4dM,64,125,0,Cozy Dorm Style with Cool,zonlihome.com,https://www.zonlihome.com/products/futon-mattress,https://i.pinimg.com/originals/06/0f/60/060f607531f4a65bc4c479520d6a88ee.png,1000,1500,0,2026-07-10
2026-09-03,home office pequeno,1078964023356015174,65,1,0,Espaço Business Minimalista,compre.vc,https://compre.vc/8p4P9IIbsa70,https://i.pinimg.com/originals/0f/c3/5a/0fc35af888d3f585b5eaaedd53b58549.png,1024,1536,0,2026-08-07
2026-09-03,home office pequeno,1141662574315424948,66,898,0,Create a productive and stylish workspace,,,https://i.pinimg.com/originals/6d/39/26/6d3926c5442323ec3c2c20a00f259398.png,1024,1536,0,2026-06-24
2026-09-03,home office pequeno,ASVZaj_wUHjJuQlzxyHTH1xqbCY1kHzc7jvz5XQHjNqTMcYepPXKHViqqJ01N9oVYvb8xtORNwOpxdUHzIfM66o,67,1,0,rugs that just feel right,crateandbarrel.com,https://www.crateandbarrel.com/sale/rugs-sale/,https://i.pinimg.com/originals/3a/d2/f4/3ad2f40c4549313bc0f088fa386bbb0f.jpg,1080,1500,1,2026-08-25
2026-09-03,home office pequeno,60939401205498187,68,329,0,Cozy White & Light Wood Home Desk Ideas for a Stylish Workspace,,,https://i.pinimg.com/originals/e3/07/96/e30796e52a08b913f26a7c5e69e04e93.png,1024,1536,0,2026-08-24
2026-09-03,home office pequeno,9922061675690846,69,237,0,,,,https://i.pinimg.com/originals/1a/76/58/1a765896af7b343aa8bdec8baa33bdd7.jpg,768,1376,0,2026-08-24
2026-09-03,home office pequeno,3729612269869560,70,1980,0,,,,https://i.pinimg.com/originals/10/a6/0b/10a60b1f1b6c20da3431aa394503a4a9.jpg,736,1104,0,2026-08-23
2026-09-03,home office pequeno,31032684930087592,71,1070,0,,,,https://i.pinimg.com/originals/e5/2c/d3/e52cd36e4e22cf9607504aeb1d5816c6.jpg,1024,1536,0,2026-08-11
2026-09-03,home office pequeno,5277724560611728,72,534,0,Luxury Beige Study Corner 🤎 Minimalist Desk Inspiration,,,https://i.pinimg.com/originals/cd/82/23/cd8223610fde63b53dd6b753856c6029.png,1024,1536,0,2026-07-23
2026-09-03,home office pequeno,633387444768252,73,1009,0,Office Room Decor for a Cozy Home Office with Feminine Decor and Office Desk Setup,,,https://i.pinimg.com/originals/f3/5f/0c/f35f0cae41e079cd03579eb8dae027e5.png,1024,1536,0,2026-08-08
2026-09-03,home office pequeno,1055599909249609,74,4547,0,,,,https://i.pinimg.com/originals/8c/89/83/8c8983645c99fd1c898aa97d8a2bd0a3.jpg,1150,2048,0,2026-03-14
2026-09-03,home office pequeno,1123577807058379199,75,455,0,Small Home Office Decoration Ideas 2026 | Stylish & Modern Compact Workspace Setup,decorationify.com,https://decorationify.com/,https://i.pinimg.com/originals/bc/fa/6e/bcfa6e6fc2ed6e18786c631240f6271a.png,941,1672,0,2026-05-15
2026-09-03,home office pequeno,24347654232507649,76,341,0,Minimal Home Office,,,https://i.pinimg.com/originals/61/86/27/6186270361d0ff0f9d41aa5922400450.png,1122,1402,0,2026-08-17
2026-09-03,receitas fitness,AZl2zBK6C_bM3k3x3zfRRflGm37FjXl2_CRE4ZgM27tl5b__DQgxhc1WaOt82Na34CXSVsDqaJlLL9f_PYGHZ6c,2,1,0,Reach Your Healthy Weight,noom.com,https://www.noom.com/programs/health-weight/exsf01/?upv=3&sp=pinterest&utm_source=pinterest&utm_medium=paidsocial&utm_campaign=%7Bcampaignid%7D&utm_content=%7Badid%7D&gid=%7Badgroupid%7D&utm_term=%7Bkeyword_id%7D%7C%7Bkeyword%7D&step=pros&lang=en&device=%7Bdevice%7D,https://i.pinimg.com/originals/94/49/af/9449af45dee79199ecc36f58209f21b5.jpg,736,1104,0,2026-01-28
2026-09-03,receitas fitness,78179743527970546,3,248,0,"🥕🍰 Bolo de Cenoura Saudável: fofinho, saboroso e sem abrir mão da saúde!",,,https://i.pinimg.com/originals/00/5e/9e/005e9e1de2ee91aa7acdc011251b12a2.jpg,736,1104,0,2026-08-13
2026-09-03,receitas fitness,AVQrZ61VYcerHtmiuI34FT4N1FFbkkjW06aCueSmzI3CrOn4O1rFek7o2iA38xjNzYE3LF4WTYLrUKmrHc_zQfo,4,24,0,Balsamic Grilled Chicken,safeway.com,https://www.safeway.com/meal-plans-recipes/shop/balsamic-grilled-chicken-fresh-mozzarella-avocado-salad-bowl-2,https://i.pinimg.com/originals/08/f2/11/08f211d92155e7fe86c69beb423914ae.jpg,300,300,0,2025-04-22
2026-09-03,receitas fitness,422353271327202863,5,165,0,Brownie Fit de Frigideira 🍫💪 | Receita Proteica Fácil com Whey,,,https://i.pinimg.com/originals/40/85/de/4085de2306dd5b564e6c155526732bd5.jpg,1080,1920,0,2026-07-21
2026-09-03,receitas fitness,AQBTYBlGiw4-HI942_by4v8JEXcjp_gVmUvG-4RuQ4tLJAtOaqe3L1pIJX_5i5QYeh_NR4uG58fYoFSTo1kR9cE,6,1,0,Try these high protein,instacart.com,https://www.instacart.com/store/brands/egglife-foods-llc/recipe-series?utm_source=pinterest&utm_medium=paid_social&utm_campaign=%7Bcampaignid%7D&utm_content=%7Badid%7D&utm_term=%7Badgroupname%7D,https://i.pinimg.com/originals/82/17/49/8217498398dfe57bc15c3125d39b271e.png,1080,1920,0,2026-07-31
2026-09-03,receitas fitness,AcqsHWpNxdjV7ymqmY1aZFIoKdgzXzxSTV5g44iSV3UQn_Ygv_l3MXAtWXSe_0gjlqjRl9OxhpW0e3Oh47S3Y3w,7,929,0,Must-Make Banana Pudding,bonnemaman.us,https://bonnemaman.us/blogs/recipe/peanut-chocolate-banana-pudding-parfait?utm_campaign=rwest_nutchocolate_recipes_aug26_traffic&utm_medium=paidsocial&utm_source=pinterest&utm_content=post,https://i.pinimg.com/originals/78/ff/99/78ff99921ec22f38349d2ef1501cd55b.jpg,1000,1500,0,2026-08-05
2026-09-03,receitas fitness,1107955945863547853,8,25,0,"Pizza de Frigideira Proteica: Receita Fitness Fácil, Rápida e Rica em Proteína para Emagrecer",,,https://i.pinimg.com/originals/31/1f/69/311f694b044501299c84c03a138dd0be.png,1024,1536,0,2026-08-10
2026-09-03,receitas fitness,AdXkdmvvIRdqom6-fQ6f0zwT3QWjjR2wICTxS83B4dyHfEm6GVeCIIRQQiGHoO1qIa9x2YAb2L7r64dht6aPC_k,9,139,0,High Protein Banana Oat,instacart.com,https://www.instacart.com/store/recipes/15252182?utm_source=Pinterest&utm_medium=cpm&utm_campaign=flip,https://i.pinimg.com/originals/31/84/2b/31842b47d038d965e58e7d5187dfce80.png,1000,1500,0,2026-06-05
2026-09-03,receitas fitness,693061830201702894,10,1506,0,,,,https://i.pinimg.com/originals/d8/c1/d7/d8c1d7c2a3bda039ab5313685550e455.jpg,720,872,0,2026-03-29
2026-09-03,receitas fitness,AUNWaqeyRGutCISaAwY5CWsCb-76gHeRFNVdtRBzZwRlacuun8_QnsskUSvyb66nnMlNtXfaDVPyqFwYCVsee6U,11,1,0,Jamie Oliver's,uk.pinterest.com,https://uk.pinterest.com/jamieoliver/back-to-school-recipes/,https://i.pinimg.com/originals/8c/f5/68/8cf56820fa5d18a953add6ec8ea5d18b.jpg,969,1279,0,2026-08-13
2026-09-03,receitas fitness,157555686958789554,12,406,0,,,,https://i.pinimg.com/originals/e0/75/fb/e075fb2d4ab4691c12c7958dd8b7c2d6.jpg,736,981,0,2023-09-21
2026-09-03,receitas fitness,AQH2dZNUcCNMjSE5PRuFi0Iuo4DeDbL-tuDEO9zXcksTtHx0vij1_sMh_WL9ntal4FIIbelKvKxgdJvk2IVmwRk,13,900,0,meal prep with siggi's,siggis.com,https://siggis.com/recipe/meal-prep-salad/,https://i.pinimg.com/originals/5d/a5/fc/5da5fcb5e0468afffe26665e90af3f7e.jpg,720,1280,1,2024-01-17
2026-09-03,receitas fitness,AftW-ESP0VnFPMltrddMNAMJwa8l3YPc6afN2Ykp0BYPKnS8khhkCug6CN7FQlCU_osLanz7twlhLXWgTllYHjU,14,1,0,Protein Breakfasts Made,amazon.com,https://www.amazon.com/Protein-Breakfasts-Delicious-Recipes-Strong-ebook/dp/B0C2D425XZ/ref=asc_df_B0C2D425XZ?hvdev=%7Bdevice%7D&hvcampaign=%7Bcampaignid%7D&hvadgroupid=%7Badgroupid%7D&hvprdptid=%7Bproduct_partition_id%7D&hvprdgrpid=%7Bpromoted_product_group_id%7D&hvcr=%7Bcreative_id%7D&hvadid=%7Badid%7D&hvprdid=%7Bproduct_id%7D&hvplc=%7Bplacement%7D&psc=1&tag=%7Bifnotmobile:ushpadpinde-20%7D%7Bifm,https://i.pinimg.com/originals/e5/0e/50/e50e500161141655d03e756251edbe9b.jpg,1600,2560,0,2026-03-24
2026-09-03,receitas fitness,1099370959067345127,15,88,0,,,,https://i.pinimg.com/originals/ec/8e/ae/ec8eaeab5f239a9cd3c7b928ab9740f6.jpg,736,1104,0,2026-04-22
2026-09-03,receitas fitness,AZO5vrxB4Ve67zBKwsYzD393QNZwl7ryKSBrf86MB_QubaQzQOeneHyp807t74QV0umwvKPUuSe1uQKRIGg-it0,16,22,0,High Protein & Airfryer -,amazon.com,https://www.amazon.com/High-Protein-Airfryer-Lifestyle-Breakfasts/dp/B0DYYFP44B/ref=asc_df_B0DYYFP44B?hvdev=%7Bdevice%7D&hvcampaign=%7Bcampaignid%7D&hvadgroupid=%7Badgroupid%7D&hvprdptid=%7Bproduct_partition_id%7D&hvprdgrpid=%7Bpromoted_product_group_id%7D&hvcr=%7Bcreative_id%7D&hvadid=%7Badid%7D&hvprdid=%7Bproduct_id%7D&hvplc=%7Bplacement%7D&psc=1&tag=%7Bifnotmobile:ushpadpinde-20%7D%7Bifmobile:u,https://i.pinimg.com/originals/1a/d2/55/1ad2551d204a47aac77ad9a7c8855642.jpg,1000,1499,0,2025-10-20
2026-09-03,receitas fitness,Abtj8Gs2Md4MIGG0m_9XQ99m3s4mpgp2pRjt1DQTRNgaqGQ4lR_wEcpb4fg-szqErldi98ZhESt4MqozsL-k8Ns,17,209,0,Probiotic Banana Split,lifewaykefir.com,https://lifewaykefir.com/recipes/probiotic-banana-split-smoothie/,https://i.pinimg.com/originals/6d/9b/41/6d9b412299becff6a276aca595ae4cd9.png,1000,1500,0,2026-08-05
2026-09-03,receitas fitness,462604192998114759,18,2552,0,Refeições!,,,https://i.pinimg.com/originals/15/ba/c8/15bac811056ae2213119ea49dbf81ead.jpg,992,1200,0,2026-02-17
2026-09-03,receitas fitness,967992513655468180,19,2148,0,Garlic Herb Roasted Potatoes Carrots and Zucchini,,,https://i.pinimg.com/originals/50/b6/2f/50b62f74f91c94ff67151508ea090a19.jpg,564,846,0,2024-11-05
2026-09-03,receitas fitness,Aazt0pm2sWd_S330o0Z2c2IOu3LpPOpGipRfJPEvcn4MJ7Bt9GUqrVNFLDF4742UuKNY49jsZ9UwwpkihdajIxo,20,0,0,Chocolate Cake with,ediblearrangements.com,https://www.ediblearrangements.com/fruit-gifts/chocolate-cake-with-dipped-strawberries,https://i.pinimg.com/originals/86/75/cc/8675cc86cf64bd56de5c5080ce3cd0e6.jpg,1248,1824,0,2026-08-07
2026-09-03,receitas fitness,AdjQRLkZ9BRLfAWVJzIBLLaR9uCV1w-LkDMlQBjt2yLQSBEa2z-VgXhqv159r3-rEVBOU-K5evvCaeh3GtyUjWI,21,32,0,Start Transformation Now!,quiz.betterme.world,https://quiz.betterme.world/first-page-generated?flow=3068&utm_source=pinterest&utm_medium=organic&utm_content=27_2025-07-11_ira_H-FemaleCutting_K-Remake_CT-29985_Ver-3_pn.jpg,https://i.pinimg.com/originals/d3/95/10/d395106263f85c91ed1a97121c12b0d4.jpg,1080,1920,0,2026-01-31
2026-09-03,receitas fitness,676947387781084313,22,3779,0,Receitas fit,,,https://i.pinimg.com/originals/3f/1d/3b/3f1d3be38cb268bedd5d51b7d22d429d.jpg,1080,1920,0,2025-06-12
2026-09-03,receitas fitness,ATTBZa9bfVB7ic2ObUddbAGk0ZlXnjwsOJOslKmmYWxZVUFZhmRlEK7IiVnQRYw7RvuE5FkVnaKqH5DKNDbHnHQ,23,5867,0,Best High-Protein Meal,athleticlift.com,https://athleticlift.com/high-protein-meal-prep-bowls/,https://i.pinimg.com/originals/42/c0/54/42c054608a77c0230a5e7a75d43542e8.png,887,1774,0,2026-05-13
2026-09-03,receitas fitness,872079915361621087,24,1729,0,,,,https://i.pinimg.com/originals/fa/44/63/fa44633891b28216f4c0fc5339cda7b9.jpg,1091,1281,0,2025-09-09
2026-09-03,receitas fitness,944770828096340479,25,21,0,,,,https://i.pinimg.com/originals/33/f4/4f/33f44f7a02ccac5d42181dbb3be7e2b1.jpg,1024,1024,0,2026-01-16
2026-09-03,receitas fitness,Ad_ZFOkXOCHjGMgVwJ6BCbOKqwVNPCHuLXieIVLj2SVj1bcnQ4w3XbJSypr6am7nyNT7Uk_ZDbBHCKHo7sB29QI,26,1,0,The Easiest Way to Eat,eat.hungryroot.com,https://eat.hungryroot.com/oct-2025-different-30/?utm_source=pinads-sub&utm_medium=cpc&utm_campaign=ACQ-Pin-S114_P+&utm_content=PNEW1083&wm_source=pinterest&wm_medium=ads&wm_ad_id=%7Badid%7D,https://i.pinimg.com/originals/ad/e6/ca/ade6ca5bae13292fc58185f3e4962043.png,1000,1500,0,2026-08-21
2026-09-03,receitas fitness,6403624466201789,27,2735,0,,,,https://i.pinimg.com/originals/7d/19/0c/7d190cad9661bf61b5aa556c15dfe8ed.jpg,1080,1918,0,2025-12-10
2026-09-03,receitas fitness,4081455908049828,28,16812,0,,,,https://i.pinimg.com/originals/24/33/7e/24337ef7ca75b00cdd4e8492ae24bb13.jpg,1024,1024,0,2026-05-21
2026-09-03,receitas fitness,636485359853908864,29,9273,0,"Um pós treino aí pra vocês , uma delícia é muito prático #fitness #Postreino",,,https://i.pinimg.com/originals/e3/07/68/e30768d8b7d31e83b6d12e296409877e.jpg,1080,1920,0,2022-09-02
2026-09-03,receitas fitness,489625790762565582,30,73,0,"Quer comer bem sem passar horas na cozinha? 😍 Separei 4 receitas saudáveis, fáceis, econômicas e deliciosas que vão transformar sua alimentação: 🥪 Sanduíche Natural de Frango Cremoso 🥘 Jantar Rápido c",instagram.com,https://www.instagram.com/reel/DawHHLmgZxm/,https://i.pinimg.com/originals/7b/8b/fb/7b8bfb972b60a4304f76895b195d3430.jpg,640,1136,0,2026-08-23
2026-09-03,receitas fitness,1021261653030730770,31,1731,0,,,,https://i.pinimg.com/originals/79/f9/df/79f9df1605edd4d87ff97e3ad9c45653.jpg,736,920,0,2026-02-28
2026-09-03,receitas fitness,44262008833615495,32,423,0,alimentação saudável,,,https://i.pinimg.com/originals/e4/67/14/e46714bb511b33ffdb98b8afbcdc6657.heic,3024,4032,0,2026-05-12
2026-09-03,receitas fitness,AQ-hzPq9ZYOSPhHDzoNMYo7Kc8gYjfeVDxI84z74y35xtS7Cp-H67yIjeNHROF2gOy8ieaqssz_jh21tnfULc3A,33,0,0,Cucumber Feta Salad,briannas.com,https://briannas.com/blogs/recipes/feta-cucumbers-briannas?utm_source=pinterest&utm_medium=paidsocial&utm_id=evergreen,https://i.pinimg.com/originals/e3/9d/95/e39d95f6b7487db82aef06bc34151fc8.jpg,720,1280,1,2026-05-28
2026-09-03,receitas fitness,351912467393351,34,15328,0,,,,https://i.pinimg.com/originals/bb/8e/9d/bb8e9da23f4302aa5fbcdd8832ac459c.jpg,600,900,0,2026-05-27
2026-09-03,receitas fitness,1138988562048204349,35,30,0,"🔥 Os Caldos Fitness que Todo Mundo Deveria Fazer Neste Inverno! 🥣 Se você quer emagrecer sem passar fome, esse carrossel é para você! Separei 4 receitas de caldos fitness que são leves, nutritivas, ri",instagram.com,https://www.instagram.com/reel/Da32ceLAxq2/,https://i.pinimg.com/originals/c4/0a/ff/c40aff87ada524da0aca16f057ab5266.jpg,640,1136,0,2026-08-08
2026-09-03,receitas fitness,AS8PDksrYrx7XOey8aQJUhhMfWpHfYUluODLEkQMgcRRrx2bxcTMOYl52PEigmE4rbTG8G9aQ0sKvD1gCdTPQGk,36,3,0,Stylish Spoon - Choose,goldbelly.com,https://www.goldbelly.com/restaurants/stylish-spoon/choose-your-own-oatmeal-chia-cups-18-pack,https://i.pinimg.com/originals/c4/b2/4e/c4b24e0b8e2f973de318ff246cca65a0.jpg,1200,1200,0,2025-04-30
2026-09-03,receitas fitness,1146025436447575523,37,176,0,,,,https://i.pinimg.com/originals/95/3a/9a/953a9a25b272823e60027695b3448c64.jpg,735,862,0,2026-02-20
2026-09-03,receitas fitness,1108659633296336558,38,271,0,,,,https://i.pinimg.com/originals/b7/15/1e/b7151e6702ed312d3e8df89478bf7733.jpg,736,1104,0,2026-01-23
2026-09-03,receitas fitness,AQKgmWj_O9F3MBCiluzss8MT3pwwQQ6vPsW-aP1zT4N-7Jz0yUifI0GnwOIzVYWCEca84De7gvmmEi1Iw44RSkg,39,688,0,High Protein,organicvalley.coop,https://www.organicvalley.coop/recipes/high-protein-fluffy-pancakes/,https://i.pinimg.com/originals/52/14/5e/52145e534723c73e0e4dc6d0bb8fc6fb.jpg,1000,1500,0,2026-01-14
2026-09-03,receitas fitness,776167317077704339,40,3367,0,,,,https://i.pinimg.com/originals/80/94/2a/80942a7ceb11257bb75d83738f687f83.jpg,720,900,0,2026-05-05
2026-09-03,receitas fitness,4605352959517945216,41,1119,0,summer dishes -,saucedelights.com,https://saucedelights.com/tag/summer-dishes/,https://i.pinimg.com/originals/e5/8a/c9/e58ac92f3d87d29b08cf036ae81c6c33.webp,736,1104,0,2026-06-22
2026-09-03,receitas fitness,2814818513340627,42,2184,0,,,,https://i.pinimg.com/originals/e5/1c/05/e51c05dfb93acb4a978e92a4c5b1031c.jpg,600,797,0,2026-08-15
2026-09-03,receitas fitness,486036984805491811,43,888,0,,gimmedelicious.com,https://gimmedelicious.com/grilled-salmon-with-avocado-salsa-healthy-low-carb-paleo-whole30/,https://i.pinimg.com/originals/f1/75/86/f17586e2a48d2c1dda000579c85e4fbf.jpg,1365,1912,0,2025-06-30
2026-09-03,receitas fitness,6051780743254784,44,1759,0,Bolinho de cenoura saudável e rápida de prepara,,,https://i.pinimg.com/originals/e6/98/92/e69892291ec833712dc396c5a9782c83.png,720,1280,0,2024-06-10
2026-09-03,receitas fitness,AWEFTkgZ260TtrMgXjLJqJEggz8osQGa5m177timi6MP6jT7qYQNiHC0NS8keyCFJzBX-xXT8s4S9r6P_oNtN7g,45,2,0,High-Protein Vegetarian,amazon.com,https://www.amazon.com/High-Protein-Vegetarian-Meals-Athletes-Muscle-Building/dp/B0DD46VQY4/ref=asc_df_B0DD46VQY4?hvdev=%7Bdevice%7D&hvcampaign=%7Bcampaignid%7D&hvadgroupid=%7Badgroupid%7D&hvprdptid=%7Bproduct_partition_id%7D&hvprdgrpid=%7Bpromoted_product_group_id%7D&hvcr=%7Bcreative_id%7D&hvadid=%7Badid%7D&hvprdid=%7Bproduct_id%7D&hvplc=%7Bplacement%7D&psc=1&tag=%7Bifnotmobile:ushpadpinde-20%7D%,https://i.pinimg.com/originals/43/4e/ac/434eac4b5dd863e272de3d43fe715b97.jpg,1000,1599,0,2026-04-17
2026-09-03,receitas fitness,2533343539395475,46,9551,0,,,,https://i.pinimg.com/originals/2d/63/8b/2d638ba274b00b99068c37087cf277c2.jpg,736,1104,0,2026-08-25
2026-09-03,receitas fitness,1110629958132610024,47,40,0,,youtube.com,https://www.youtube.com/redirect?event=comments&redir_token=QUFFLUhqbUtqZ0dYOEdseUV0NW9HQ0hNeGdkVDltcm9HQXxBQ3Jtc0tuQUh3MUN6YzNvejhDb3M1V3A1YklKdGYtbGh0bDVvZ1V0Rl9UeDM0NVhMdDlkR0NWTjYzNjJoSUx0SXdETVNwWUpTTmRwbEF0bnZSU2pSdWxCdkhRajV2UFExZ2hQdXBpMHFzdHprSlRoeE4zeGJRVQ&q=https://tumblrthoughtss.blogspot.com/&stzid=UgwhkdXNMFqCpyMGyal4AaABAg,https://i.pinimg.com/originals/12/65/8f/12658f35c1463726f387ed46545f37d2.jpg,736,920,0,2026-03-21
2026-09-03,receitas fitness,AduoCpiW4S1zZyrWLucbjOmeybIbgifAcH9x_JMzmVSbJkxYdWnqs5xOWOlMuYUS1SiHvgHuw6EhRVeizdmktfI,48,0,0,Make Your Veggies More,wegmans.com,https://www.wegmans.com/shop/product/977574-Culinary-Crisp-Garlic-Herb-Veggie-Seasoning,https://i.pinimg.com/originals/8d/88/2c/8d882c70bfe7ebc30a280e25e123a960.jpg,1080,1920,1,2026-08-25
2026-09-03,receitas fitness,578923727123692264,49,235,0,,panelinhadesabores.blogspot.com,https://panelinhadesabores.blogspot.com/2023/07/salada-de-atum-nutritiva.html?m=1,https://i.pinimg.com/originals/71/c6/16/71c6168f206cf422f7a49838d7ef150e.jpg,3024,4032,0,2023-10-06
2026-09-03,receitas fitness,1124211125745730941,50,3341,0,,,,https://i.pinimg.com/originals/d9/9d/f3/d99df35a708161910e74a861801de383.webp,960,1200,0,2025-06-02
2026-09-03,receitas fitness,AU-X1f9q3YMHof9Zv25BiAEoqxqFUXcHABfk9cTbJbz1u7n-4frDSqZP-NVrKt-DTpZHdm-jyfsbzmZZnZlXM-Q,51,1,0,Is REESE'S why so many,amazon.com,https://www.amazon.com/stores/page/C742F08D-F14A-4B88-8C82-09911045292F?channel=pinterest-paidsocial,https://i.pinimg.com/originals/cc/8b/94/cc8b94a80d8d4d7b30115e5e17b68b4e.jpg,1000,1500,0,2026-07-31
2026-09-03,receitas fitness,1100989440177586707,52,788,0,Keto diet foods | Страница пина «Would you try,,,https://i.pinimg.com/originals/82/14/67/82146773fccbfa92ce6d218a515380e9.jpg,640,1136,0,2026-05-25
2026-09-03,receitas fitness,AcnSOOw-WTHqmscwQH6--AWs0yr4biSkTKg7Gyek3rjns2rpdWXwIfyO7GK1jcX0IGnR_MK55NTGx-r6y-0cxGc,53,18,0,Shrimp Louie Salad with,safeway.com,https://www.safeway.com/meal-plans-recipes/shop/shrimp-louie-salad-hard-boiled-egg-lettuce-avocado-tomato-1,https://i.pinimg.com/originals/c2/d9/48/c2d9484447c7f1065f04af7a5a9c761e.jpg,300,300,0,2025-04-22
2026-09-03,receitas fitness,AbaqWb9SuqAxV5RFIdXdj5XVn2SjK5a8i6lXWdzzyI6976QhA11LPcRLtPMmZiPOdMY6mfY4WRpSAwA1Qx4Cl1c,54,1,0,Gluten-Free Deep Dish,amazon.com,http://amazon.com/dp/B0BLPCSDC6,https://i.pinimg.com/originals/56/bd/0f/56bd0f0871aae43af66ea4b24fad39d3.png,1080,1081,0,2026-08-11
2026-09-03,receitas fitness,AZvMljpE1_9jhwmqvcnNVxVeNKmGScTXUx6mJ2PTOCzrx-uoc3rDns1rYl01b-l6iDqHdg5p1GTPRV89g47YFRI,55,1,0,Check GoodRx,goodrx.com,https://www.goodrx.com/well-being/diet-nutrition/best-food-sources-protein,https://i.pinimg.com/originals/95/7d/aa/957daac28a1ae04bbe80050037f6f349.jpg,736,1308,0,2026-07-23
2026-09-03,receitas fitness,216735800824674196,56,3205,0,Garlic Butter Chicken Bites • Olive & Mango,oliveandmango.com,https://www.oliveandmango.com/garlic-butter-chicken-bites/,https://i.pinimg.com/originals/89/97/6b/89976b7fca70914c4d59b11206ab9e2e.jpg,1000,1500,0,2024-06-03
2026-09-03,receitas fitness,1107955945862893559,57,75,0,"Brownie Fit de Banana 🍫🍌 | Sem Açúcar, Fácil e Delicioso",,,https://i.pinimg.com/originals/59/8f/fd/598ffd8784d9ffc578d63a86cffee16b.png,1024,1536,0,2026-08-02
2026-09-03,receitas fitness,AZJSRqIVvfVyTEUgSwpWxalz8oROowzVhX4raIfhK6Ja5XeGhRsvVbweLVleW7_235hKdaOABL1JH6L4iwPm3NU,58,81,0,Make a healthy granola breakfast with fruit toppings or win over the kids with an easy yogurt parfait recipe.,target.com,https://www.target.com/items/-/ct-54483168Z78060729Z78362089Z54461559Z15013944Z54436252Z13208903Z13208899,https://i.pinimg.com/originals/be/84/1f/be841f33015c0490c385386530fed8df.jpg,600,900,0,2020-07-27
2026-09-03,receitas fitness,ASBhyOYVakWDXK1yNE1Bafn7nmCDCW4AVKmBHeq48PrgtyA4maCzT_uDRQH4kocdT1lV8yJAJC6tHGIzLM7T0nM,59,462,0,Start Transformation Now!,quiz.betterme.world,https://quiz.betterme.world/first-page-generated?flow=3068&utm_source=pinterest&utm_medium=organic&utm_content=27_2025-07-11_ira_H-FemaleCutting_K-Remake_CT-29985_Ver-1_pn.jpg,https://i.pinimg.com/originals/8b/a0/46/8ba046a20a7d73109e4eab2401947f90.jpg,1080,1920,0,2026-01-31
2026-09-03,receitas fitness,AQmUEopXDD3w02pgCgj6L4hlLqHDtGJ54AQuEsa6WMPK4WwcXDwlNTEXhmtDoHqOnBTO4wF8_i38qDL3-3sZTXo,60,24,0,Broom Hall Inn,expedia.com,https://www.expedia.com/Hotel-Search?destination=Alcester&selected=4054577&startDate=2026-10-02&endDate=2026-10-03,https://i.pinimg.com/originals/89/40/ff/8940ffb9f8735828afef4b8495315a51.jpg,1000,1500,0,2026-06-17
2026-09-03,receitas fitness,AU6FD2QR9TMGOMIsETLm6NIuxDr3PQdzrDrCsgghPw9KNatlp5cjQ8gz-3e2xdcPDvDAv_DenioIQaBrcXF8aLw,61,1,0,Dubai Chocolate &,ediblearrangements.com,https://www.ediblearrangements.com/fruit-gifts/dubai-chocolate-strawberry-indulgent-cup-10323,https://i.pinimg.com/originals/68/c7/ce/68c7cee00e8edf05488cdb4df020e89a.jpg,1248,1824,0,2026-08-07
2026-09-03,receitas fitness,438819557472719129,62,121,0,"Fresh Tomato & Zucchini Pasta Recipe: A Rustic Summer Delight - Make, Take, Bake",mettabk.com,https://www.mettabk.com/recipes/6649587-tomato-zucchini-pasta-recipe/,https://i.pinimg.com/originals/6b/cb/3c/6bcb3cd377ba5f234365588671200fd1.jpg,1200,1800,0,2026-03-30
2026-09-03,receitas fitness,914160424362336292,63,946,0,,thereciperebel.com,https://www.thereciperebel.com/chicken-vegetable-soup/#wprm-recipe-container-19864,https://i.pinimg.com/originals/d2/df/42/d2df423d09321b280e90ef092803aa98.jpg,1200,1800,0,2025-01-20
2026-09-03,receitas fitness,1080863979331577464,64,42,0,Mais de 200 Ideias de receitas ✨,s.shopee.com.br,https://s.shopee.com.br/4AmqBXroXp?channel_type=pinterest,https://i.pinimg.com/originals/65/2b/f5/652bf5cd4540756c5ee26783a6bdd3da.jpg,736,981,0,2025-04-28
2026-09-03,receitas fitness,AexrEl5lhXFGkrHRbbiLsef0Aw_b3Yxr-m1L0Tn_00nLV5bgoxXlzeaG4W4PHGFw6qq1aoVDjQuZHBXnQI7Xblw,66,3,0,Want Butter Chicken on a time crunch? Let NEW Campbell’s® Sauces be your delicious time saver 😍,shop.mikmak.ai,https://shop.mikmak.ai/social/6a2057793ef48977baef033b?utm_source=pinterest&utm_medium=paid_social&utm_campaign=sauce_innovation_foundational&utm_term=ad25+_meal_planning&utm_content=instant_fave_15s&utm_placement=in_feed&utm_marketing_tactic=awareness&utm_format=video,https://i.pinimg.com/originals/3c/05/51/3c0551b604f33fb1200ea9bb2d60f2a9.jpg,1080,1620,1,2026-08-19
2026-09-03,receitas fitness,AQRSSqp3wDSeEuSbmiInZVveXM-Jr1xveqF5fgPnfldtGbzAVnckwRhG3FgKuLyzYF1ZCfs0X21oHdP41Ko9xC8,67,15,0,"Trapani 8"" Salad Plate",allmodern.com,https://www.allmodern.com/Wrought-Studio%E2%84%A2--Trapani-8-Salad-Plate-X112069098-L6424-K~A001311420.html?refid=PSO81-A001311420_1211896248&PiID[]=1211896248,https://i.pinimg.com/originals/61/87/be/6187be5f1ba44e448269ac10532080df.jpg,375,400,0,2025-08-22
2026-09-03,receitas fitness,1110137376919951476,68,2843,0,,,,https://i.pinimg.com/originals/26/f6/0e/26f60ea5d1b1a2d81d82847f35a89d31.jpg,600,797,0,2026-03-31
2026-09-03,receitas fitness,1101200546408338855,69,722,0,,,,https://i.pinimg.com/originals/3c/fd/f8/3cfdf8c58c0a373208ef2f36ece25ac0.jpg,566,800,0,2026-04-17
2026-09-03,receitas fitness,7318418142258366,70,3297,0,,,,https://i.pinimg.com/originals/a7/3d/be/a73dbe1483327088e3dcb6a6a44195e0.jpg,1024,1536,0,2026-07-03
2026-09-03,receitas fitness,657244139423294039,71,1636,0,,,,https://i.pinimg.com/originals/71/b9/76/71b976e046b33181a393a690970dd708.jpg,736,736,0,2026-03-07
2026-09-03,receitas fitness,4644405861393222,72,6504,0,,,,https://i.pinimg.com/originals/46/2d/b5/462db58e553bf4391f47fc344a1e36bc.jpg,908,2016,0,2026-04-14
2026-09-03,receitas fitness,21181060744184259,73,2644,0,,,,https://i.pinimg.com/originals/d8/cd/02/d8cd02f8c4b7145b1b38192076b981f5.jpg,563,857,0,2026-04-22
2026-09-03,receitas fitness,1019291328171389164,74,29927,0,,,,https://i.pinimg.com/originals/06/b7/bb/06b7bb5bdfd3620621e3654c01778f4c.jpg,736,736,0,2025-06-28
2026-09-03,receitas fitness,8022105581895433,75,1085,0,Gratinado de espinafres com cenoura (saudável e fit),panelinhadesabores.blogspot.com,https://panelinhadesabores.blogspot.com/2024/03/gratinado-de-espinafres-com-cenoura.html,https://i.pinimg.com/originals/4f/c3/a5/4fc3a52b4f611e4bbbc3bf5e3ff6a849.jpg,3024,4032,0,2025-05-07
2026-09-03,receitas fitness,888616570241794531,76,7,0,Easy Vegetarian Broccoli and Mushroom Stir Fry for a Healthy Dinner,payhip.com,https://payhip.com/SimpleVeggieTable/blog/news/easy-vegetarian-dinners-for-people-who-are-over-it?easy-vegetarian-broccoli-and-mushroom-stir-fry-for-a-healthy-dinner,https://i.pinimg.com/originals/c9/89/31/c9893165a5863e1add02a09bd2c72177.png,1707,2560,0,2026-01-27
2026-09-03,receita low carb,459578336999164843,2,63,0,Lasanha de Abobrinha Fit | Receita Low Carb Fácil e Cremosa,,,https://i.pinimg.com/originals/99/de/e1/99dee16f65d8382f3314ab9803a4f8b4.png,848,1264,0,2026-08-24
2026-09-03,receita low carb,1146025436447575523,3,176,0,,,,https://i.pinimg.com/originals/95/3a/9a/953a9a25b272823e60027695b3448c64.jpg,735,862,0,2026-02-20
2026-09-03,receita low carb,AfGY9nSt8LK2CV1XcGgIiIE36kiLMeZPri06rnuOIqn6E1XPCG4YpjwAwhzO3BzI2sZLNWntWOMbpkzUCivwLpY,4,24,0,Balsamic Grilled Chicken,safeway.com,https://www.safeway.com/meal-plans-recipes/shop/balsamic-grilled-chicken-fresh-mozzarella-avocado-salad-bowl-2,https://i.pinimg.com/originals/08/f2/11/08f211d92155e7fe86c69beb423914ae.jpg,300,300,0,2025-04-22
2026-09-03,receita low carb,1124211125758686887,5,1237,0,High Protein Burger Bowl Recipe: Low Carb & Delicious Meal Idea,payhip.com,https://payhip.com/LiamAnderson/blog/news/high-protein-meals-for-people-who-hate-boring-food?high-protein-burger-bowl-recipe-low-carb-and-delicious-meal-idea,https://i.pinimg.com/originals/14/91/be/1491be20494ce9f202aaa5e9bb670fbe.png,928,1232,0,2026-02-21
2026-09-03,receita low carb,Aa7n9JikhfTeE4IEO_G0CevIACU0il8Me3AiLLi2SsmCjpdvl9i9X1inaQE_WEU0sqQguxtKimGMVXhO21HhhpU,6,850,0,28 High-Protein Low-Carb,athleticlift.com,https://athleticlift.com/high-protein-keto-meals/,https://i.pinimg.com/originals/24/0d/2b/240d2b50746770bb54a30cc551bf3bce.png,887,1774,0,2026-06-13
2026-09-03,receita low carb,AYZTMxwTSFDsKsIjsfMHDMbKvOkN15Xv0Xb6JxFE4xnlBeSWeUush1v4Uea0_EGcO7SKqkypOi1JR4iReZ8lWBs,7,900,0,meal prep with siggi's,siggis.com,https://siggis.com/recipe/meal-prep-salad/,https://i.pinimg.com/originals/5d/a5/fc/5da5fcb5e0468afffe26665e90af3f7e.jpg,720,1280,1,2024-01-17
2026-09-03,receita low carb,AZKt3DkJkzUfqdGx9-4NLRQVgNA9jsNTjJXCcIROZOj9ZL3C6LKGqt0OqZFGbEdjjyDnVs6ePXT373yU9Cp4GgU,8,462,0,Start Transformation Now!,quiz.betterme.world,https://quiz.betterme.world/first-page-generated?flow=3068&utm_source=pinterest&utm_medium=organic&utm_content=27_2025-07-11_ira_H-FemaleCutting_K-Remake_CT-29985_Ver-1_pn.jpg,https://i.pinimg.com/originals/8b/a0/46/8ba046a20a7d73109e4eab2401947f90.jpg,1080,1920,0,2026-01-31
2026-09-03,receita low carb,1125968743878480,9,443,0,"🎃 Pão de Abóbora Low Carb Macio, nutritivo e delicioso! Uma opção perfeita para quem quer um pãozinho caseiro, saudável e cheio de sabor para o café da manhã ou lanche. 😍 Ingredientes: 4 ovos 1 xícara",instagram.com,https://www.instagram.com/p/DaYjLdpDBCu/,https://i.pinimg.com/originals/61/45/e3/6145e3f28ba17d463f0b25216e108887.jpg,1122,1402,0,2026-08-15
2026-09-03,receita low carb,486036984805491811,10,888,0,,gimmedelicious.com,https://gimmedelicious.com/grilled-salmon-with-avocado-salsa-healthy-low-carb-paleo-whole30/,https://i.pinimg.com/originals/f1/75/86/f17586e2a48d2c1dda000579c85e4fbf.jpg,1365,1912,0,2025-06-30
2026-09-03,receita low carb,712835447281800733,11,7333,0,,archzine.net,https://archzine.net/lifestyle/kochen-und-geniessen/essen/low-carb-abendessen-2022-1/,https://i.pinimg.com/originals/81/5d/c8/815dc88ad53dba5c949ff781fcce9575.jpg,700,1048,0,2022-04-05
2026-09-03,receita low carb,AVf3XFCTNwD2AxwfF_dYzb4WYXaJvO0cL08fwSlhSdhj4mz8BQtlov_xujXdQNFb2unofk7fKmwlPbGFra8D4oM,12,1341,0,13 Easy Keto Dinners Your,stroller-envy.com,https://stroller-envy.com/13-keto-recipes-i-actually-wanted-again-the-next-week/,https://i.pinimg.com/originals/0a/97/17/0a97172f1f0ff5d1a3c3c091a96f043c.png,1728,3072,0,2026-06-01
2026-09-03,receita low carb,AR9uIGUrEfUn7hdXrknBngTW327myWUPJbUxarMVzct_ZZ_D7ta2ZSG2moSP811vuONUfEN1TZgoN1o2tCJYdJQ,13,1,0,Try these high protein,instacart.com,https://www.instacart.com/store/brands/egglife-foods-llc/recipe-series?utm_source=pinterest&utm_medium=paid_social&utm_campaign=%7Bcampaignid%7D&utm_content=%7Badid%7D&utm_term=%7Badgroupname%7D,https://i.pinimg.com/originals/82/17/49/8217498398dfe57bc15c3125d39b271e.png,1080,1920,0,2026-07-31
2026-09-03,receita low carb,AYsBcq7V-7LSulUPOJiE0shaDbGkNVtEfL45qMYbV8j4VoDIh7MU2kHMOg1LCDiDUhO2yY11iI2xtmdZEGTS6uA,14,60,0,Easy High-Protein Beef,beefitswhatsfordinner.com,https://www.beefitswhatsfordinner.com/recipes/collection/33358/protein-for-strength?utm_source=Pinterest&utm_medium=SocialMedia&utm_campaign=%23010526-05%20&%20%23122225-04%20-%20January%20Nutrition,https://i.pinimg.com/originals/72/bb/58/72bb58736112b6da22655eae1918717b.jpg,1000,1500,0,2026-01-07
2026-09-03,receita low carb,1064679168590185603,15,10362,0,,,,https://i.pinimg.com/originals/ff/3c/f1/ff3cf14d3dcb828597c6a97fdcfab373.jpg,736,1472,0,2025-10-14
2026-09-03,receita low carb,AZPr1Gvwjq8J1lCrgKyczx7deHzX8LZRCOYzOTgLAd1JoNrLRHP939haEbEMBVVnrlTgUbzesghB5UY_VmxsvPY,16,2,0,Keto Diet Cookbook For,amazon.com,https://www.amazon.com/Keto-Cookbook-Beginners-Easy-Cook/dp/B09RFNM3BZ/ref=asc_df_B09RFNM3BZ?hvdev=%7Bdevice%7D&hvcampaign=%7Bcampaignid%7D&hvadgroupid=%7Badgroupid%7D&hvprdptid=%7Bproduct_partition_id%7D&hvprdgrpid=%7Bpromoted_product_group_id%7D&hvcr=%7Bcreative_id%7D&hvadid=%7Badid%7D&hvprdid=%7Bproduct_id%7D&hvplc=%7Bplacement%7D&psc=1&tag=%7Bifnotmobile:ushpadpinde-20%7D%7Bifmobile:ushpadpins,https://i.pinimg.com/originals/b3/3c/df/b33cdfb8d051991951877ed2b9d448fa.jpg,1000,1294,0,2026-03-03
2026-09-03,receita low carb,493003490465962092,17,56,0,30+ Healthy Chicken Recipes To Make For Dinner,momooze.com,https://www.momooze.com/healthy-chicken-recipes/,https://i.pinimg.com/originals/da/4f/78/da4f788f8c50af5c8cea1e385621f50c.jpg,550,825,0,2021-05-15
2026-09-03,receita low carb,1104156033664930508,18,7,0,"Savory Spinach & Feta Egg Muffins: A Quick, Healthy Breakfast Delight!",,,https://i.pinimg.com/originals/a1/38/0a/a1380a9381e5964d02711685e53c38b2.jpg,564,1128,0,2026-02-08
2026-09-03,receita low carb,AbUSPs8y2okJ7i9o6TvRR-ahAsMC2aop9frWKeWJlUdik284rJSG62RbN-09QVxP8ZZT6O_G7T7OCjgL39c0DtY,19,2,0,60 recetas KETO en la air,amazon.com,https://www.amazon.com/recetas-KETO-air-fryer-ingredientes/dp/B0DNYG27GY/ref=asc_df_B0DNYG27GY?hvdev=%7Bdevice%7D&hvcampaign=%7Bcampaignid%7D&hvadgroupid=%7Badgroupid%7D&hvprdptid=%7Bproduct_partition_id%7D&hvprdgrpid=%7Bpromoted_product_group_id%7D&hvcr=%7Bcreative_id%7D&hvadid=%7Badid%7D&hvprdid=%7Bproduct_id%7D&hvplc=%7Bplacement%7D&psc=1&tag=%7Bifnotmobile:ushpadpinde-20%7D%7Bifmobile:ushpadpi,https://i.pinimg.com/originals/ef/e8/36/efe836e46ae77a880936ebc5919f224d.jpg,1000,1499,0,2026-05-03
2026-09-03,receita low carb,AbvIk7WxxoW4CGZl2HbWZ34GjLTxEAqI07K3wm4ouM-5_Ki0jqagczdzcwOpDor7GcXoBhny1sLadzNtlZ844qc,20,1,0,The Easiest Way to Eat,eat.hungryroot.com,https://eat.hungryroot.com/oct-2025-different-30/?utm_source=pinads-sub&utm_medium=cpc&utm_campaign=ACQ-Pin-S114_P+&utm_content=PNEW1083&wm_source=pinterest&wm_medium=ads&wm_ad_id=%7Badid%7D,https://i.pinimg.com/originals/ad/e6/ca/ade6ca5bae13292fc58185f3e4962043.png,1000,1500,0,2026-08-21
2026-09-03,receita low carb,AQW_KlXb484Q-HWORN9xrpy_cq_adY_EBi7VlkTpTEkQoQIW9vWouOcvk9kRDzdX2FTAxL7j4oj_3tQFBvGIgd4,21,1,0,Temu | Keto Cookbook For,temu.com,https://www.temu.com/ul/kuiper/un3.html?subj=dpa-un&_bg_fs=1&_p_jump_id=1082&_x_vst_scene=adg&goods_id=606112426346089&adg_ctx=a-37b77c70~c-545fe509&_p_rfs=1&_x_ads_channel=pinterest&_x_ads_creative_id=%7Bproduct_partition_id%7D&_x_ads_id=%7Badgroupid%7D&_x_ads_set=%7Bcampaignid%7D&_x_ads_sub_channel=shopping&_x_ns_catalog_id=1567707391772&_x_ns_creative=%7Badid%7D&_x_ns_gid=606112426346089&_x_ns_,https://i.pinimg.com/originals/f8/c8/5f/f8c85fe8890b608ce13d9bd837b6c29d.jpg,2000,3000,0,2026-07-23
2026-09-03,receita low carb,345229127701038103,22,12446,0,A melhor receita Fit Low Carb que você já viu,go.hotmart.com,https://go.hotmart.com/E71812802K?dp=1,https://i.pinimg.com/originals/6a/43/ce/6a43ce527ca3b2762b307e5810c8aefb.jpg,352,640,1,2023-09-28
2026-09-03,receita low carb,AV1fEZ3Ne7HphW5v9hQ9tgC97e-cqMrc2_-n_WKyNM8bGxa4wjVgG_JqTzo6WATQ9elq9UUc3JxpkUYZnCCornE,23,0,0,Make Your Veggies More,wegmans.com,https://www.wegmans.com/shop/product/977574-Culinary-Crisp-Garlic-Herb-Veggie-Seasoning,https://i.pinimg.com/originals/8d/88/2c/8d882c70bfe7ebc30a280e25e123a960.jpg,1080,1920,1,2026-08-25
2026-09-03,receita low carb,1100989440177586707,24,788,0,Keto diet foods | Страница пина «Would you try,,,https://i.pinimg.com/originals/82/14/67/82146773fccbfa92ce6d218a515380e9.jpg,640,1136,0,2026-05-25
2026-09-03,receita low carb,321303754692294026,25,1395,0,Low Carb Dieta e Receitas,facebook.com,https://www.facebook.com/story.php?story_fbid=1152864490230661&id=100065213631966,https://i.pinimg.com/originals/d1/ce/a4/d1cea4ddc55e3a4524954fc71b6593f8.jpg,1024,1536,0,2026-03-09
2026-09-03,receita low carb,504966176992268926,26,4480,0,,,,https://i.pinimg.com/originals/fd/2a/f7/fd2af782a74b04b83423a841e5d4c423.jpg,1000,1500,0,2025-09-26
2026-09-03,receita low carb,693061830201702894,27,1506,0,,,,https://i.pinimg.com/originals/d8/c1/d7/d8c1d7c2a3bda039ab5313685550e455.jpg,720,872,0,2026-03-29
2026-09-03,receita low carb,AWdkUlZNAE3CM7MfPs8Dq_QC_ADvKNd0WCDm2CB0j8k5AlvHq30zwCPtWVhBYVrkVH1OeaQmjDrCdPG1srC3MDQ,28,1,0,Keto Air Fryer Cookbook:,amazon.com,https://www.amazon.com/Keto-Air-Fryer-Cookbook-Ketogenic/dp/B08LNLG3VL/ref=asc_df_B08LNLG3VL?hvdev=%7Bdevice%7D&hvcampaign=%7Bcampaignid%7D&hvadgroupid=%7Badgroupid%7D&hvprdptid=%7Bproduct_partition_id%7D&hvprdgrpid=%7Bpromoted_product_group_id%7D&hvcr=%7Bcreative_id%7D&hvadid=%7Badid%7D&hvprdid=%7Bproduct_id%7D&hvplc=%7Bplacement%7D&psc=1&tag=%7Bifnotmobile:ushpadpinde-20%7D%7Bifmobile:ushpadpins,https://i.pinimg.com/originals/26/2b/82/262b8298180eb8e06533f83bc420eba4.jpg,1000,1294,0,2025-12-13
2026-09-03,receita low carb,1133499799987798113,29,909,0,,,,https://i.pinimg.com/originals/db/52/83/db5283ff71a1da9d5d935c4e3030c7f8.jpg,1000,1000,0,2025-12-01
2026-09-03,receita low carb,251075747975165407,30,99,0,"Looking for easy and healthy recipes to keep you energized? Check out these high protein low carb dinner ideas, perfect for anyone looking to maintain a balanced diet without sacrificing flavor. Wheth",thesavvymama.com,https://thesavvymama.com/high-protein-low-carb-dinner-ideas/?utm_source=Pinterest&utm_medium=organic,https://i.pinimg.com/originals/3f/db/c1/3fdbc12d3f236a238ccb77933c6d5807.jpg,1024,1280,0,2026-06-18
2026-09-03,receita low carb,Adtn5R6G9Nc851uxBAV_ElL-38v-h3apo6tqzObWObedpPyERFAlpdUHW2Qb_9ldXlDqzogHg1TN_8ZwqcI9vWQ,31,1,0,Keto Diet Cookbook for,amazon.com,https://www.amazon.com/Keto-Diet-Cookbook-Easy-Recipes/dp/B0DJLJPY1M/ref=asc_df_B0DJLJPY1M?hvdev=%7Bdevice%7D&hvcampaign=%7Bcampaignid%7D&hvadgroupid=%7Badgroupid%7D&hvprdptid=%7Bproduct_partition_id%7D&hvprdgrpid=%7Bpromoted_product_group_id%7D&hvcr=%7Bcreative_id%7D&hvadid=%7Badid%7D&hvprdid=%7Bproduct_id%7D&hvplc=%7Bplacement%7D&psc=1&tag=%7Bifnotmobile:ushpadpinde-20%7D%7Bifmobile:ushpadpinsp-,https://i.pinimg.com/originals/10/a6/d7/10a6d7f9d153d217b4c6c34bc3b9a82b.jpg,1000,1293,0,2026-01-23
2026-09-03,receita low carb,204632376814547874,32,51,0,,,,https://i.pinimg.com/originals/04/8c/18/048c18330207f931a9fac0dd5a30707b.jpg,1024,1536,0,2026-08-03
2026-09-03,receita low carb,AWcIXNtnfsjM2pUayKce5uYKGAOOYWyOxNaXTw86KqJ7Q9tqM9AW3R8VSEiX_GdICHPPRdYNULgnIBz280kY_lo,33,2357,0,Lunch Time Recipes,chickenofthesea.com,"https://chickenofthesea.com/seafood-recipes/?_meal_types=sandwiches-and-wraps&_seafood=tuna,salmon,mackerel",https://i.pinimg.com/originals/1c/96/39/1c9639ea7140e20ddaa0c45dd626686f.png,4167,6250,0,2024-09-18
2026-09-03,receita low carb,356839970497534864,34,227,0,"Creamy Keto Tuscan Cod Recipe - Low-Carb, Delicious Dish",,,https://i.pinimg.com/originals/13/9b/b0/139bb02e987378a154d139ce0778ed37.webp,820,1024,0,2025-04-06
2026-09-03,receita low carb,116038127895117867,35,1077,0,High Protein & Low Carb Recipes | High-Protein Chicken Burrito Bowl | Facebook,facebook.com,https://www.facebook.com/share/p/1Bc1qqfnoK/,https://i.pinimg.com/originals/e0/d2/4b/e0d24bade1d5efbeda3cb02b247bb515.jpg,526,698,0,2026-01-04
2026-09-03,receita low carb,51580358229717188,36,68,0,"🥟 Empadinha Low Carb Fácil Leve, saborosa e perfeita para qualquer hora do dia! Uma opção deliciosa para quem quer uma receita prática, com massa diferente e recheio bem caprichado. 😍 Ingredientes Par",instagram.com,https://www.instagram.com/p/Db3ZJscgVRX/,https://i.pinimg.com/originals/e6/44/56/e64456604342157f17858dd91c2bf31d.jpg,1122,1402,0,2026-08-23
2026-09-03,receita low carb,AUOJtwGXardr6gW3y_ZOIi4WXmfu_fl_YNp8g3PDXc_JZ32jtd1FnOTzFXzIdoaqEkC37Z1sN3_7BBdj9JF1vOY,37,2,0,Low Carb Air Fryer,amazon.com,https://www.amazon.com/Low-Carb-Fryer-Cookbook-Keto-Friendly/dp/B0GZDY5HFX/ref=asc_df_B0GZDY5HFX?hvdev=%7Bdevice%7D&hvcampaign=%7Bcampaignid%7D&hvadgroupid=%7Badgroupid%7D&hvprdptid=%7Bproduct_partition_id%7D&hvprdgrpid=%7Bpromoted_product_group_id%7D&hvcr=%7Bcreative_id%7D&hvadid=%7Badid%7D&hvprdid=%7Bproduct_id%7D&hvplc=%7Bplacement%7D&psc=1&tag=%7Bifnotmobile:ushpadpinde-20%7D%7Bifmobile:ushpad,https://i.pinimg.com/originals/3c/77/36/3c7736fd689001f85693771c6f6c7988.jpg,1000,1499,0,2026-05-30
2026-09-03,receita low carb,ARZxAsZIZGkDZ0Mg49xYbSlnPAE5UBTVanvBSNYf97-J7qfcRupAZ0oOxe1zGNz7ji8YwNQ8COaqJ2hlg5RV08A,38,0,0,Cucumber Feta Salad,briannas.com,https://briannas.com/blogs/recipes/feta-cucumbers-briannas?utm_source=pinterest&utm_medium=paidsocial&utm_id=evergreen,https://i.pinimg.com/originals/e3/9d/95/e39d95f6b7487db82aef06bc34151fc8.jpg,720,1280,1,2026-05-28
2026-09-03,receita low carb,409264684907094078,39,3933,0,Low Carb Dieta e Receitas,facebook.com,https://www.facebook.com/story.php?story_fbid=pfbid0quLZc7aA9U24mVL5y96sWxyFPUuKRX9MAh9t1vJyaxMCbo791viCBNDJWvJMAVxnl&id=100065213631966&sfns=mo,https://i.pinimg.com/originals/c1/d3/22/c1d322bd1ce5a3b466b7a9b0ff12dd57.jpg,600,900,0,2025-06-30
2026-09-03,receita low carb,694609942572022888,40,1181,0,Low Carb Dieta e Receitas,facebook.com,https://www.facebook.com/share/p/1MUTGiXZu4/,https://i.pinimg.com/originals/d0/c9/ad/d0c9ad45ebe97a7fba4a2a52417aa973.jpg,600,900,0,2026-02-08
2026-09-03,receita low carb,AWDnW-Yl3TRRWwB0tZk1lBGEOBxTcwdSFYtz7ghdWTTWmDzDIVlxrEWhV4X4yoYGNHNM45lCeCeoQDSyN4Jz6VQ,41,1,0,Keto Bread Recipes: The,amazon.com,https://www.amazon.com/Keto-Bread-Recipes-Top-Best-ebook/dp/B087BJ127H/ref=asc_df_B087BJ127H?hvdev=%7Bdevice%7D&hvcampaign=%7Bcampaignid%7D&hvadgroupid=%7Badgroupid%7D&hvprdptid=%7Bproduct_partition_id%7D&hvprdgrpid=%7Bpromoted_product_group_id%7D&hvcr=%7Bcreative_id%7D&hvadid=%7Badid%7D&hvprdid=%7Bproduct_id%7D&hvplc=%7Bplacement%7D&psc=1&tag=%7Bifnotmobile:ushpadpinde-20%7D%7Bifmobile:ushpadpins,https://i.pinimg.com/originals/50/c9/d8/50c9d8ec69bfb308678fd139193bd28f.jpg,1600,2560,0,2026-04-17
2026-09-03,receita low carb,1151584567291453662,42,2488,0,Simple low carb banana bread,,,https://i.pinimg.com/originals/cf/2c/d8/cf2cd8e426684168173fac0605ad200a.png,1000,1500,0,2026-05-14
2026-09-03,receita low carb,944770828096340479,43,21,0,,,,https://i.pinimg.com/originals/33/f4/4f/33f44f7a02ccac5d42181dbb3be7e2b1.jpg,1024,1024,0,2026-01-16
2026-09-03,receita low carb,AcuBtXfHwsyPrOkmjxhDgaqI-RrTCLHLbN7yA5zG6aPxnBtf1f4xh0-zYXalwjyfx9uuGbpX4N1kKpacboQg8Yw,44,2,0,Keto Air Fryer Cookbook,amazon.com,https://www.amazon.com/Keto-Air-Fryer-Cookbook-Beginners/dp/B0F3XVXZ75/ref=asc_df_B0F3XVXZ75?hvdev=%7Bdevice%7D&hvcampaign=%7Bcampaignid%7D&hvadgroupid=%7Badgroupid%7D&hvprdptid=%7Bproduct_partition_id%7D&hvprdgrpid=%7Bpromoted_product_group_id%7D&hvcr=%7Bcreative_id%7D&hvadid=%7Badid%7D&hvprdid=%7Bproduct_id%7D&hvplc=%7Bplacement%7D&psc=1&tag=%7Bifnotmobile:ushpadpinde-20%7D%7Bifmobile:ushpadpins,https://i.pinimg.com/originals/d5/d3/d6/d5d3d645ed1ad1a8ff4d649f73d624b6.jpg,1000,1293,0,2026-04-17
2026-09-03,receita low carb,763712049296275002,45,7110,0,Lasanha de Abobrinha Low Carb – Receita Natureba,receitanatureba.com,https://receitanatureba.com/lasanha-de-abobrinha-low-carb/,https://i.pinimg.com/originals/f4/c5/2b/f4c52b017dfaa8b882c3b496b5161c09.jpg,650,650,0,2019-12-04
2026-09-03,receita low carb,1111544751843843307,46,5,0,,,,https://i.pinimg.com/originals/28/88/91/288891eb9ed4e48ed5ed7685d2fc7cd5.jpg,640,849,0,2025-10-04
2026-09-03,receita low carb,953918764797462566,47,10,0,RECEITA DE BROWNIE SUPER FÁCIL,,,https://i.pinimg.com/originals/40/6a/30/406a3060099c08b32eac8684f71c18b3.jpg,843,1500,0,2022-05-01
2026-09-03,receita low carb,745486544616676396,48,7,0,"🍳 Jantar Low Carb Barato Uma opção prática, saborosa e feita com ingredientes simples para variar o jantar sem complicação. Fica cremoso, bem temperado e com aquela camada de queijo douradinha por cim",instagram.com,https://www.instagram.com/p/Db4H0h3mscR/,https://i.pinimg.com/originals/e4/ee/c9/e4eec938764687d9eb4e95e57918640a.jpg,1122,1402,0,2026-08-23
2026-09-03,receita low carb,1132022056361570102,49,1,0,Healthy keto meals for beginners,,,https://i.pinimg.com/originals/28/b5/d5/28b5d50e9cf029a4fac3bec8e1d35073.jpg,474,496,0,2026-06-22
2026-09-03,receita low carb,866380047092405474,50,1,0,"Pão de Batata-Doce Low Carb: Receita Fácil, Macia e com 3g de Carboidratos",,,https://i.pinimg.com/originals/16/cd/48/16cd48c33446d3bd5bcc56bb5a1caf2c.png,736,1308,0,2026-08-17
2026-09-03,receita low carb,300474606411245757,51,23,0,"Salgado low carb recheado: prático, saboroso e perfeito para qualquer hora! 🥟💚",hotmart.com,https://hotmart.com/pt-br/marketplace/produtos/hagsxd-guia-completo-para-dieta-low-carb-2uq0e/E105670769K?fbclid=PAb21jcAS3xzhleHRuA2FlbQIxMQBzcnRjBmFwcF9pZA81NjcwNjczNDMzNTI0MjcAAacWAUYM92eHlqThGfy24bTl6oyB_wsvnHiog5UDFIbaqagogCUnM_yqp4o8tw_aem_AG1Sus_POBAFesUlYDOYYA&utm_medium=social&utm_source=ig&utm_content=link_in_bio,https://i.pinimg.com/originals/5a/40/ff/5a40ff925880c91357f755d56a8aa99b.png,1024,1536,0,2026-07-25
2026-09-03,receita low carb,Ad8YRV6-5U5OKHVzXBdjJ2Fgl1Z4Qc3u53AY0en4bME1BfIrKf-3iumdu6Qn3rVpAnqOqI0-vpHVE3quVJUQfB4,51,1,0,Reach Your Healthy Weight,noom.com,https://www.noom.com/programs/health-weight/exsf01/?upv=3&sp=pinterest&utm_source=pinterest&utm_medium=paidsocial&utm_campaign=%7Bcampaignid%7D&utm_content=%7Badid%7D&gid=%7Badgroupid%7D&utm_term=%7Bkeyword_id%7D%7C%7Bkeyword%7D&step=pros&lang=en&device=%7Bdevice%7D,https://i.pinimg.com/originals/94/49/af/9449af45dee79199ecc36f58209f21b5.jpg,736,1104,0,2026-01-28
2026-09-03,receita low carb,Ad3oTCsGZY-UNF16Ph9da-ZmrFcTGWeEPrydhf36fArvlfOl4cs0TWgiwcTpw2YyekUQ7gORaBPghsTUtJOvvgM,52,126,0,High-Protein Cottage,instacart.com,https://www.instacart.com/store/recipes/15251753?utm_source=PinterestxInstacart&utm_medium=ProjectFlip,https://i.pinimg.com/originals/26/94/22/26942233e182d96233cbe25086dd509a.jpg,1080,1920,1,2026-06-30
2026-09-03,receita low carb,420031102763642242,53,5183,0,Baked Salmon in Foil with Asparagus and Garlic Butter Sauce – Baked Salmon Recipe — Eatwell101,eatwell101.com,https://www.eatwell101.com/baked-salmon-asparagus-foil-packs-recipe,https://i.pinimg.com/originals/92/24/9e/92249e074cb922bf485df0e785c4f1b8.jpg,1080,1620,0,2024-10-02
2026-09-03,receita low carb,658158933055727096,54,18524,0,"Courgettes poêlées faciles, rapides et parfaites pour l'été",deavita.fr,https://deavita.fr/recettes/courgettes-poelees-recette-curry-tomate-champignons-391759/,https://i.pinimg.com/originals/4e/fc/f1/4efcf128420d24175df693111f0ae98b.jpg,750,1099,0,2021-07-24
2026-09-03,receita low carb,AS3P3eo3MBE50x1H8KbkBG0iebx0dD5WRrRwCOluVbYQGpfkBPIqGd34RSygMbSgaHO3zgBtv_bPfEcUq36i8F4,55,12,0,Junior's Cheesecake - No,goldbelly.com,https://www.goldbelly.com/restaurants/juniors-cheesecake/sugar-free-low-carb-plain,https://i.pinimg.com/originals/8e/06/e2/8e06e26512d8e81fcbce62b7da7d8168.jpg,1200,1200,0,2025-04-30
2026-09-03,receita low carb,AaLeBmToT8p29X9eVO_U5GIt9DWKfBTFWIDQfLFKEXOau7vm3PkoHCf8xPv-APVpEuf490yZwtgE7l9dZHDn8jg,56,1,0,Is REESE'S why so many,amazon.com,https://www.amazon.com/stores/page/C742F08D-F14A-4B88-8C82-09911045292F?channel=pinterest-paidsocial,https://i.pinimg.com/originals/cc/8b/94/cc8b94a80d8d4d7b30115e5e17b68b4e.jpg,1000,1500,0,2026-07-31
2026-09-03,receita low carb,AR25FbKJgDZGuHP3CtjIg8DMMg9BKuDkLyM06K6_1UPnkw4p53OfthleZadWzuLD_fJE6CPjyg-b4kNw3EVDTLg,57,10,0,30 Pieces Gray Airtight,homedepot.com,https://www.homedepot.com/p/Numhew-30-Pieces-Gray-Airtight-Glass-Food-Storage-Containers-with-Snap-Locking-Lids-Microwave-Oven-Freezer-and-Dishwasher-E5N8I1F6/339936710?cm_mmc=psoc-pinprg-%7Bcampaignid%7D-%7Badgroupid%7D,https://i.pinimg.com/originals/40/10/57/40105780a957735ac886b501e053bcac.jpg,1000,1000,0,2025-12-11
2026-09-03,receita low carb,1113515076636791282,58,174,0,Vegetarian Recipes | Quick Vegetarian Dinner Recipes | Easy Vegetarian Recipes,,,https://i.pinimg.com/originals/93/78/c4/9378c4a91a7b62ce58b13cfb7cbf61e9.jpg,736,1104,0,2026-03-21
2026-09-03,receita low carb,990862355521109483,59,6512,0,Healthy Chicken Rice Bowl with Fresh Veggies,,,https://i.pinimg.com/originals/7b/b2/a0/7bb2a03e1fcf532d89970829d50ea98e.jpg,736,1104,0,2025-04-06
2026-09-03,receita low carb,AWYpr7LNJLi2FKyS4kc9kF0oS7OeQiDz8qNjosAhlnpd2x4n5JhONT6pWkhNwsDV7RgUniz2NldhpdeRxcazdek,60,20,0,FixtureDisplays Snow Cone,wayfair.com,https://www.wayfair.com/FixtureDisplays--FixtureDisplays-Snow-Cone-Syrup-877PIT004253-L971-K~FXTU7662.html,https://i.pinimg.com/originals/f8/52/63/f852632a8806d3bbfa7915fcdbe42223.jpg,400,400,0,2026-03-25
2026-09-03,receita low carb,AWhJ-Mej_1N-felN3XhPilhbZja5dqqGFwJsw87mFV95G-Z8y-wKN-QO1hIrglsVptR8zjSGlZ-PYEWGEy64SgE,61,1,0,"Try NEW Campbell's® Sauces in Butter Chicken, Smothered Chicken, Creamy Garlic, and Thai Curry",shop.mikmak.ai,https://shop.mikmak.ai/social/6a84a57a325bd9fee3075179?utm_source=pinterest&utm_medium=paid_social&utm_campaign=sauce_innovation_foundational&utm_term=ad25+_meal_planning&utm_content=how_to_smothered_chicken&utm_placement=in_feed&utm_marketing_tactic=awareness&utm_format=carousel,https://i.pinimg.com/originals/cf/a0/b9/cfa0b9ed61aa3aedd64c7a60d18a1cde.png,1080,1620,0,2026-08-27
2026-09-03,receita low carb,959618633109463926,62,11745,0,"Keto Breakfast Plate 🥑🍳 A low-carb, nutrient-packed breakfast with creamy scrambled eggs, buttery mushrooms, fresh avocado, and vibrant broccoli—a perfect way to start the day! Ingredients: 2 large eg",instagram.com,https://www.instagram.com/p/DG0f_c7olf_/,https://i.pinimg.com/originals/c4/a9/0d/c4a90d8790d2324d3cb6d019fecbe92b.jpg,928,1232,0,2025-06-14
2026-09-03,receita low carb,1149403136174015504,63,141,0,Grilled Shrimp Rice Bowl,,,https://i.pinimg.com/originals/68/ca/95/68ca95ff7c390880e77aec52102521a6.jpg,720,900,0,2026-03-14
2026-09-03,receita low carb,Ad9S8FyN0uZSYKfOsirNmF2ay0V9wNaKdUITFNhf8rNHzhRvgXli7r8C21Pd0tDvXnsAnfCrWSRpyL8mduK0EAA,64,1,0,Gluten-Free Deep Dish,amazon.com,http://amazon.com/dp/B0BLPCSDC6,https://i.pinimg.com/originals/56/bd/0f/56bd0f0871aae43af66ea4b24fad39d3.png,1080,1081,0,2026-08-11
2026-09-03,receita low carb,Aa52IT1oROJIkK2JahS-C6Fkhtqx2alea6XIeicadXM6gXbjJnvUaWE1GPVVzi-u2Z6ahCPeuyzcUT92tPlejjs,65,32,0,Start Transformation Now!,quiz.betterme.world,https://quiz.betterme.world/first-page-generated?flow=3068&utm_source=pinterest&utm_medium=organic&utm_content=27_2025-07-11_ira_H-FemaleCutting_K-Remake_CT-29985_Ver-3_pn.jpg,https://i.pinimg.com/originals/d3/95/10/d395106263f85c91ed1a97121c12b0d4.jpg,1080,1920,0,2026-01-31
2026-09-03,receita low carb,1114359501552651969,66,14,0,Blood sugar level balanced diet plan recipy,,,https://i.pinimg.com/originals/c3/a3/07/c3a307a53f1730490924592a497d68e5.jpg,526,636,0,2025-06-04
2026-09-03,receita low carb,ARIxl5SKM9Qc-gs2kQ-hOPWndrWta90JmEfUFslNVdwCRIZTz86zMAkbH3Sx0-1_iIEk-OZpEF00iciEQ_DS2sM,67,1,0,egglife wraps: made with,egglifefoods.com,https://www.egglifefoods.com/recipes/bltpk-wrap?utm_source=pinterest&utm_medium=paid_social&utm_campaign=%7Bcampaignid%7D&utm_content=%7Badid%7D&utm_term=%7Badgroupname%7D,https://i.pinimg.com/originals/e8/d0/9d/e8d09d324df4966546b0023fd52d3684.jpg,2160,3840,1,2026-08-03
2026-09-03,receita low carb,Adn7MwRX38HuxBFWboSAMA2KB49oUIYHDukKX6D-mAc_QyGyJxuTq1TeeuTDyw42BDErBBsqYe3gjxJOwIZ14S4,68,24,0,Broom Hall Inn,expedia.com,https://www.expedia.com/Hotel-Search?destination=Alcester&selected=4054577&startDate=2026-10-02&endDate=2026-10-03,https://i.pinimg.com/originals/89/40/ff/8940ffb9f8735828afef4b8495315a51.jpg,1000,1500,0,2026-06-17
2026-09-03,receita low carb,1111544751844076603,69,18,0,,,,https://i.pinimg.com/originals/88/e2/f8/88e2f8944df8df4f36e05089bd69077d.jpg,998,1000,0,2025-10-09
2026-09-03,receita low carb,AQF33yQ-gjlsS3KZsSMdgxJYm98ZM6iIbs1aIwR77IMONLYmxCU_Hopw56vgBewxnFEetwYci0PPzXBsZOaqv4I,70,0,0,25pcs Disposable Mini,us.shein.com,https://us.shein.com/ark/default?scene=1&test=5051&ad_type=DPA&goods_id=522773181&pf=PINTEREST&url_from=PINADSDPA&ismg=23874d675bc1b3e9deda8b1bca4dba857782bba4c1b8921496f22d365b367899_01_1788368958,https://i.pinimg.com/originals/8d/a4/0f/8da40f19221428cb32ef92d126ee9019.jpg,1200,1200,0,2026-08-28
2026-09-03,receita low carb,1148980923706889074,71,1,0,🥗 Discovering low carb lunches easy enough for everyday cooking is fantastic. 🥩 Go to our site to plan your meals in mere seconds.,,,https://i.pinimg.com/originals/55/9d/af/559daf5e849e1414997353cc8f0bc0d0.jpg,736,828,0,2026-06-06
2026-09-03,receita low carb,315040936434044874,72,2848,0,nhoque low carb,montaencanta.com.br,https://www.montaencanta.com.br/lado-leve-2/low-carb/nhoque-low-carb/,https://i.pinimg.com/originals/0c/50/b1/0c50b1aa87f2bc9d2fce16d390da18fa.jpg,531,1024,0,2019-02-28
2026-09-03,receita low carb,840062136777616982,73,11792,0,,,,https://i.pinimg.com/originals/9e/02/af/9e02af8eaff126437ff1d8b020047c57.jpg,736,975,0,2024-09-13
2026-09-03,receita low carb,1124211125745730941,74,3341,0,,,,https://i.pinimg.com/originals/d9/9d/f3/d99df35a708161910e74a861801de383.webp,960,1200,0,2025-06-02
2026-09-03,marmita fitness,633387444391899,2,2341,0,,,,https://i.pinimg.com/originals/d8/c6/39/d8c6390e8188fba1de2a40fcd1557210.jpg,2976,3968,0,2026-03-11
2026-09-03,marmita fitness,1052223900447163872,3,702,0,Aprenda a fazer sua marmita fitness de forma fácil e rápida!!,,,https://i.pinimg.com/originals/38/15/69/3815698408d70b37703107d5a123c5a5.jpg,736,920,0,2024-08-23
2026-09-03,marmita fitness,AfuD8xliSem291qTt2jvhvIg-vtB1gfHAWJ9_SA-ss5iRPhfFx8e34RThnc1Dq9nMac1V57YPhJ2jmiBLbGY85Y,4,24,0,Balsamic Grilled Chicken,safeway.com,https://www.safeway.com/meal-plans-recipes/shop/balsamic-grilled-chicken-fresh-mozzarella-avocado-salad-bowl-2,https://i.pinimg.com/originals/08/f2/11/08f211d92155e7fe86c69beb423914ae.jpg,300,300,0,2025-04-22
2026-09-03,marmita fitness,798755683958761938,5,3699,0,Marmitas saudáveis para a semana,,,https://i.pinimg.com/originals/eb/1d/47/eb1d477926bc982464478c046e208623.png,864,1728,0,2026-05-10
2026-09-03,marmita fitness,AU3LgZZawssqRwKk2e4GLEiPVol5aYCn6VBet50aNV0FJvl2QcBTy4u3OhHoGDrmsbt9-eHT6wxRjMSxi2o-pQ8,6,1,0,Try these high protein,instacart.com,https://www.instacart.com/store/brands/egglife-foods-llc/recipe-series?utm_source=pinterest&utm_medium=paid_social&utm_campaign=%7Bcampaignid%7D&utm_content=%7Badid%7D&utm_term=%7Badgroupname%7D,https://i.pinimg.com/originals/82/17/49/8217498398dfe57bc15c3125d39b271e.png,1080,1920,0,2026-07-31
2026-09-03,marmita fitness,AZRaE41YgWXQQB5j2LABx6yyZHbX3JSk9u3fMeQzippuWbXsbUg7-oxrQmakmNkorSsoOwiBR-qM9d_9m95Ipuo,7,1,0,Check GoodRx,goodrx.com,https://www.goodrx.com/well-being/diet-nutrition/best-food-sources-protein,https://i.pinimg.com/originals/95/7d/aa/957daac28a1ae04bbe80050037f6f349.jpg,736,1308,0,2026-07-23
2026-09-03,marmita fitness,AYfF3XpeemxRb6pBkRbvt88QFDEQwD6te4EsRnhlXPr2_jgEmLMNEyNUQuvl4a_H87ukMVXV-UY7Yp9FnAQQmKE,8,4,0,50 Meal Prep for Athletes,amazon.com,https://www.amazon.com/Meal-Prep-Athletes-Recipes-Home/dp/B0D71PWZ2M/ref=asc_df_B0D71PWZ2M?hvdev=%7Bdevice%7D&hvcampaign=%7Bcampaignid%7D&hvadgroupid=%7Badgroupid%7D&hvprdptid=%7Bproduct_partition_id%7D&hvprdgrpid=%7Bpromoted_product_group_id%7D&hvcr=%7Bcreative_id%7D&hvadid=%7Badid%7D&hvprdid=%7Bproduct_id%7D&hvplc=%7Bplacement%7D&psc=1&tag=%7Bifnotmobile:ushpadpinde-20%7D%7Bifmobile:ushpadpinsp-,https://i.pinimg.com/originals/d5/a1/5d/d5a15deb035a86873e1fdd0d509ebc90.jpg,1051,1360,0,2026-03-06
2026-09-03,marmita fitness,498210777550836798,9,1,0,"Kit de marmitas fitness de 750 ml 🍱✨ Com travas laterais, reutilizáveis e BPA FREE — perfeito para organizar as refeições e deixar a rotina muito mais prática! ID: AMZ-AHH-YBH #Marmitas #MealPrep #Org",instagram.com,https://www.instagram.com/reel/DcMXwSJSP5o/,https://i.pinimg.com/originals/48/37/76/4837765a8cdf31f2944ca600809e83ad.jpg,941,1672,0,2026-08-19
2026-09-03,marmita fitness,64387469668529132,10,397,0,organização fitness,,,https://i.pinimg.com/originals/ea/45/d2/ea45d24124a059dc89c404d65d864fa3.jpg,675,1200,0,2026-01-21
2026-09-03,marmita fitness,705657835381429110,11,1744,0,"Vera Senerine/ marmitas saudáveis congeladas on Instagram: ""Uma obra de arte 🥰. Essa marmita ficou linda de bonita e muito saborosa 😋 Aqui temos cubos de frango cremoso, batata doce assada e mix de br",instagram.com,https://www.instagram.com/p/CoD48JipDaW/?igshid=NTU1Mzc3ZGM=,https://i.pinimg.com/originals/98/07/d0/9807d0ba2c6e6bca24f625273b2b0eb3.jpg,511,640,0,2023-02-16
2026-09-03,marmita fitness,AWifWZAi5t7BtP4Pf4L1r1m7ltf0R9us8xpzPVTLBwsmcEPc1omudWQGu1L0gbKR-DZAwc-H2Rt_TOXjXYg61bI,12,2,0,The Happy Lunch Box,amazon.com,https://www.amazon.com/Happy-Lunch-Box-Johnson-143/dp/B0GCM1W5CV/ref=asc_df_B0GCM1W5CV?hvdev=%7Bdevice%7D&hvcampaign=%7Bcampaignid%7D&hvadgroupid=%7Badgroupid%7D&hvprdptid=%7Bproduct_partition_id%7D&hvprdgrpid=%7Bpromoted_product_group_id%7D&hvcr=%7Bcreative_id%7D&hvadid=%7Badid%7D&hvprdid=%7Bproduct_id%7D&hvplc=%7Bplacement%7D&psc=1&tag=%7Bifnotmobile:ushpadpinde-20%7D%7Bifmobile:ushpadpinsp-20%7,https://i.pinimg.com/originals/d9/4b/ba/d94bba15b43be793344c32b58726aa81.jpg,1000,1499,0,2026-07-08
2026-09-03,marmita fitness,AaA-OxBV6WfUzvhUEteDecvve8LA87qjXOsh2opr-vnNyYL3MF7aDlbtgvaEAqtAGPPfhD6IJk_zELNkd5bdqmA,13,1672,0,Best Meal-Prep Lunches,athleticlift.com,https://athleticlift.com/30g-protein-lunches/,https://i.pinimg.com/originals/bc/21/7e/bc217e22462632e699ddb2d9a151ccc2.png,887,1774,0,2026-05-14
2026-09-03,marmita fitness,ASrwLdjcdETTkmXgzIk4XCEJu3QElLjqusNTScIUet_y0ARc2IeakqRol5gtjLD_BiRRQ9r7SUtn9VIX11O_Btg,14,526,0,High Protein Maple,instacart.com,https://www.instacart.com/store/recipes/15563487?utm_source=PinterestxInstacart&utm_medium=ProjectFlip,https://i.pinimg.com/originals/92/25/47/9225477cd454abe84266a5146b479e64.jpg,1080,1920,1,2026-06-30
2026-09-03,marmita fitness,418553359142901565,15,11,0,Curso de Marmitas Fitness: Renda Extra Cozinhando em Casa 🍱,go.hotmart.com,https://go.hotmart.com/D106085027V,https://i.pinimg.com/originals/ee/62/47/ee6247ebaf03f7b18e8a6932da6a2b66.png,1000,1500,0,2026-08-25
2026-09-03,marmita fitness,AZ1f0BxiMBbc3IyF1CURpfWhZaDcaJ6c3gpKzJM8ZXr7mVmZndf9ladkCDqu_OUE1kRn3iEVLbmjzAdv73FYjbY,16,0,0,Temu | Recetas saludables,temu.com,https://www.temu.com/ul/kuiper/un3.html?subj=dpa-un&_bg_fs=1&_p_jump_id=1082&_x_vst_scene=adg&goods_id=606965765896272&adg_ctx=a-88b06733~c-feb00ce3&_p_rfs=1&_x_ads_channel=pinterest&_x_ads_creative_id=%7Bproduct_partition_id%7D&_x_ads_id=%7Badgroupid%7D&_x_ads_set=%7Bcampaignid%7D&_x_ads_sub_channel=shopping&_x_ns_catalog_id=1580405374697&_x_ns_creative=%7Badid%7D&_x_ns_gid=606965765896272&_x_ns_,https://i.pinimg.com/originals/d9/f1/56/d9f156040e1af060a2e590ab8e3fab96.jpg,2000,3000,0,2026-08-20
2026-09-03,marmita fitness,856598791628595589,17,323,0,,,,https://i.pinimg.com/originals/3d/84/02/3d8402055bc4fc9a085cb2510e86ac92.jpg,736,1103,0,2021-06-26
2026-09-03,marmita fitness,7177680652129765,18,2037,0,#marmitafit #marmitasaudavel #comida #comidasaudavel,,,https://i.pinimg.com/originals/02/d7/90/02d790ec1954117bad1986ec7ff6dcae.jpg,1080,1920,0,2025-08-09
2026-09-03,marmita fitness,ARlmwidMvzyHmMGFjvSnTfa9fTirPyTZ-XurFoDZbeiBhmk4WaRkAi0oSxim_n0Kxgt9XnMhNCU8wDh_oKaJj5Q,19,1,0,50 Salades Repas Healthy:,amazon.com,https://www.amazon.com/Salades-Repas-Healthy-seulement-ingr%C3%A9dients/dp/B0H98ZQQ93/ref=asc_df_B0H98ZQQ93?hvdev=%7Bdevice%7D&hvcampaign=%7Bcampaignid%7D&hvadgroupid=%7Badgroupid%7D&hvprdptid=%7Bproduct_partition_id%7D&hvprdgrpid=%7Bpromoted_product_group_id%7D&hvcr=%7Bcreative_id%7D&hvadid=%7Badid%7D&hvprdid=%7Bproduct_id%7D&hvplc=%7Bplacement%7D&psc=1&tag=%7Bifnotmobile:ushpadpinde-20%7D%7Bifmo,https://i.pinimg.com/originals/9d/3e/45/9d3e45fbdef6f3e9c01194beff6dd67a.jpg,1000,1499,0,2026-07-22
2026-09-03,marmita fitness,AYZe9GZnGq1FhU0aQZUEt-jfvxu_9C8DPEJJ50tW7o9PWXmOrkKXfTovUVM6MYTjyVHzBXRHoXfCwq1mzmAvFfY,20,0,0,Temu | High-protein Meal,temu.com,https://www.temu.com/ul/kuiper/un3.html?subj=dpa-un&_bg_fs=1&_p_jump_id=1082&_x_vst_scene=adg&goods_id=607168703070479&adg_ctx=a-3a86d90e~c-5e597b2a&_p_rfs=1&_x_ads_channel=pinterest&_x_ads_creative_id=%7Bproduct_partition_id%7D&_x_ads_id=%7Badgroupid%7D&_x_ads_set=%7Bcampaignid%7D&_x_ads_sub_channel=shopping&_x_ns_catalog_id=1567707391772&_x_ns_creative=%7Badid%7D&_x_ns_gid=607168703070479&_x_ns_,https://i.pinimg.com/originals/0f/59/56/0f59563771932786d883f74d87591c63.jpg,1254,1254,0,2026-08-17
2026-09-03,marmita fitness,ASOdmuqzsGl4OCcMbsw23Lrqub1dfUafe_2CZgmGu4CVWa80UeI8ZmjYVfy8JS535hbai4ufur0f_to1XUHfhME,21,32,0,Start Transformation Now!,quiz.betterme.world,https://quiz.betterme.world/first-page-generated?flow=3068&utm_source=pinterest&utm_medium=organic&utm_content=27_2025-07-11_ira_H-FemaleCutting_K-Remake_CT-29985_Ver-3_pn.jpg,https://i.pinimg.com/originals/d3/95/10/d395106263f85c91ed1a97121c12b0d4.jpg,1080,1920,0,2026-01-31
2026-09-03,marmita fitness,335447872266006499,22,1762,0,,,,https://i.pinimg.com/originals/c2/7c/10/c27c106f0e6f5c88d46811eca39a2f1a.jpg,675,1200,0,2024-01-28
2026-09-03,marmita fitness,Aaoc2UUnEAB7sK0Smmh-ZdfJmIVRRYRIgNg3h8lNHrAP1IffjX3xj-BRGx4_uA7xxFYTzAq_B8R3y6cGFDayhfI,23,2,0,Planificación de comidas,temu.com,https://www.temu.com/ul/kuiper/un3.html?subj=dpa-un&_bg_fs=1&_p_jump_id=1082&_x_vst_scene=adg&goods_id=602446990526503&adg_ctx=a-7309d301~c-d0e52bb9&_p_rfs=1&_x_ads_channel=pinterest&_x_ads_creative_id=%7Bproduct_partition_id%7D&_x_ads_id=%7Badgroupid%7D&_x_ads_set=%7Bcampaignid%7D&_x_ads_sub_channel=shopping&_x_ns_catalog_id=1580405374697&_x_ns_creative=%7Badid%7D&_x_ns_gid=602446990526503&_x_ns_,https://i.pinimg.com/originals/5b/56/63/5b5663b2d94b8fdc955def853931da46.jpg,1500,1500,0,2026-06-02
2026-09-03,marmita fitness,5277724559921258,24,222,0,Como Fazer Marmita Fit Congelada para Vender - Veja como ganhar dinheiro com essa delicia!,empreendedorasquebrilham.blogspot.com,https://empreendedorasquebrilham.blogspot.com/2021/02/marmita-fit-congelada.html,https://i.pinimg.com/originals/82/9b/65/829b65b37d9e1eb56244600b8d535e2d.jpg,564,846,0,2025-11-05
2026-09-03,marmita fitness,1337074887215925,25,3807,0,FAÇA MARMITAS FITNES FACIL E RAPIDAS E SEJA SAUDAVEL SEM SOFRIMENTO.,linktr.ee,https://linktr.ee/penteadosfaceisrapidos,https://i.pinimg.com/originals/2d/95/bc/2d95bc3019ee75769ef5a4ad4101efe5.jpg,474,932,0,2024-01-15
2026-09-03,marmita fitness,588493876353224668,26,3,0,Marmita fit barata,go.hotmart.com,https://go.hotmart.com/D107274938C,https://i.pinimg.com/originals/73/fc/ca/73fccaeeb127a4dfe24587848f0ef36c.jpg,1280,1920,0,2026-08-24
2026-09-03,marmita fitness,214202526016239448,27,4352,0,,,,https://i.pinimg.com/originals/52/68/07/52680707ab0ba289b1860f05a5668b6e.jpg,736,1103,0,2020-10-07
2026-09-03,marmita fitness,AY5sAbPXqCEGyHVIWhfbRX6QBJSEO1VP3PN797SfbR3bFoAtPyojhn0mwxzV0KS76DxUenYYu3NnqSrXvHjCrZw,28,2,0,High-Protein,amazon.com,https://www.amazon.com/High-Protein-Mediterranean-Meal-Prep-Macro-Friendly/dp/B0H83S2W2H/ref=asc_df_B0H83S2W2H?hvdev=%7Bdevice%7D&hvcampaign=%7Bcampaignid%7D&hvadgroupid=%7Badgroupid%7D&hvprdptid=%7Bproduct_partition_id%7D&hvprdgrpid=%7Bpromoted_product_group_id%7D&hvcr=%7Bcreative_id%7D&hvadid=%7Badid%7D&hvprdid=%7Bproduct_id%7D&hvplc=%7Bplacement%7D&psc=1&tag=%7Bifnotmobile:ushpadpinde-20%7D%7Bi,https://i.pinimg.com/originals/35/39/49/3539493f021b04a94fe62a9360d746c0.jpg,1000,1293,0,2026-07-21
2026-09-03,marmita fitness,218635756907441310,29,31,0,Kit 12/24/48 Potes Marmita Descartáveis Para Freezer E Micro-ondas,s.shopee.com.br,https://s.shopee.com.br/LlQJjaUgQ?channel_type=pinterest,https://i.pinimg.com/originals/b9/80/7c/b9807ca6ce2aad6a9441c0b0541b3897.png,736,1308,0,2026-08-05
2026-09-03,marmita fitness,AbKadQXLX7JWkv60gwUtNlTV3rvQ_Eq9_D2Fh2t7ku13PgKCo7dA5StO8zDaxJ-MxeAbqgRYMX0ytygcC_TXE1g,30,3,0,🍱✨ Marmita 1200ml com Divisória + Talheres – Praticidade Total!,s.shopee.com.br,https://s.shopee.com.br/4fs5wGDH5x?pp=1&channel_type=pinterest,https://i.pinimg.com/originals/d1/38/2b/d1382b475ebc8c7e0d89eb6ffcbbc5eb.jpg,768,1408,0,2026-08-16
2026-09-03,marmita fitness,AQsDXGDW8rzXmAreJqPTVGAncesagGA7yO3CX8dtx9REUbGork5u6VTb5sMzadWp-UuZ4GOeF-Mx3gChiq_Djy0,31,0,0,Recipes for Simple,amazon.com,https://www.amazon.com/Recipes-Simple-Nutrition-High-Protein-Beginners/dp/B0H6GSPJWJ/ref=asc_df_B0H6GSPJWJ?hvdev=%7Bdevice%7D&hvcampaign=%7Bcampaignid%7D&hvadgroupid=%7Badgroupid%7D&hvprdptid=%7Bproduct_partition_id%7D&hvprdgrpid=%7Bpromoted_product_group_id%7D&hvcr=%7Bcreative_id%7D&hvadid=%7Badid%7D&hvprdid=%7Bproduct_id%7D&hvplc=%7Bplacement%7D&psc=1&tag=%7Bifnotmobile:ushpadpinde-20%7D%7Bifmob,https://i.pinimg.com/originals/ac/5e/5a/ac5e5a698508998a0090d444336692d4.jpg,1000,1499,0,2026-08-18
2026-09-03,marmita fitness,765893480388375698,32,880,0,O que colocar na marmita fit?,deliway.com.br,https://www.deliway.com.br/blog/marmita-fitness?utm_source=pinterest&utm_medium=organico&utm_campaign=post,https://i.pinimg.com/originals/b6/5e/6d/b65e6d7f153bf2e475e00e6c74ad27d0.jpg,736,1166,0,2021-11-01
2026-09-03,marmita fitness,AYkXjRdxN5Ps4Gm-iLvZngm_pRfILwa_SXFb01wGWa1eoPMlt9sEvRE6qvQ7T6JCJqk3sSgJ3EaX0b9zgY_f688,33,0,0,Temu | 80+ High Protein,temu.com,https://www.temu.com/ul/kuiper/un3.html?subj=dpa-un&_bg_fs=1&_p_jump_id=1082&_x_vst_scene=adg&goods_id=606467767788841&adg_ctx=a-5a1c66c1~c-ed0b82ed&_p_rfs=1&_x_ads_channel=pinterest&_x_ads_creative_id=%7Bproduct_partition_id%7D&_x_ads_id=%7Badgroupid%7D&_x_ads_set=%7Bcampaignid%7D&_x_ads_sub_channel=shopping&_x_ns_catalog_id=1567707391772&_x_ns_creative=%7Badid%7D&_x_ns_gid=606467767788841&_x_ns_,https://i.pinimg.com/originals/7e/e6/67/7ee667fda2d1bd58c040677201beacda.jpg,2000,3000,0,2026-08-14
2026-09-03,marmita fitness,12877548933151460,34,379,0,marmitas fit,,,https://i.pinimg.com/originals/60/cf/3e/60cf3e306eb5ce85f635c33bc6a41321.png,1024,1536,0,2026-04-13
2026-09-03,marmita fitness,460563499405506936,35,3006,0,Marmitas congeladas saudáveis.,,,https://i.pinimg.com/originals/a0/45/19/a045190e6b577f829fc13d5d152630e1.jpg,900,1200,0,2023-01-21
2026-09-03,marmita fitness,709035535072843605,36,1214,0,Marmita fit,,,https://i.pinimg.com/originals/32/62/19/326219b9b2e6a48862fe0668cf8a12f1.jpg,1000,1500,0,2020-04-07
2026-09-03,marmita fitness,ASxbfO0PMzkBuifZCerIgqW2-SNZjBU_qwRJGD7r87TN62oVkDuVYLztPXtQYSG8r1d6fctBWI0rAShedy5l-ps,37,2,0,100 Meal Prep Recipes in,amazon.com,https://www.amazon.com/100-Meal-Prep-Recipes-Minutes/dp/B0GPDCCF8Z/ref=asc_df_B0GPDCCF8Z?hvdev=%7Bdevice%7D&hvcampaign=%7Bcampaignid%7D&hvadgroupid=%7Badgroupid%7D&hvprdptid=%7Bproduct_partition_id%7D&hvprdgrpid=%7Bpromoted_product_group_id%7D&hvcr=%7Bcreative_id%7D&hvadid=%7Badid%7D&hvprdid=%7Bproduct_id%7D&hvplc=%7Bplacement%7D&psc=1&tag=%7Bifnotmobile:ushpadpinde-20%7D%7Bifmobile:ushpadpinsp-20,https://i.pinimg.com/originals/74/02/97/7402974c3f232b5f84ba4bb640075e48.jpg,1000,1499,0,2026-04-14
2026-09-03,marmita fitness,Aaegj8iOlcUuGCHQQxtTtmTeBT45krSqqNaBKR-uFgErYydfKp46T4F5Pac4yslcOoeTsVABw8Sei6TwnSdmRwE,38,72,0,Easy Meal Prep: Save Time,amazon.com,https://www.amazon.com/Easy-Meal-Prep-Healthy-Recipes/dp/1577155068/ref=asc_df_1577155068?hvdev=%7Bdevice%7D&hvcampaign=%7Bcampaignid%7D&hvadgroupid=%7Badgroupid%7D&hvprdptid=%7Bproduct_partition_id%7D&hvprdgrpid=%7Bpromoted_product_group_id%7D&hvcr=%7Bcreative_id%7D&hvadid=%7Badid%7D&hvprdid=%7Bproduct_id%7D&hvplc=%7Bplacement%7D&psc=1&tag=%7Bifnotmobile:ushpadpinde-20%7D%7Bifmobile:ushpadpinsp-2,https://i.pinimg.com/originals/4c/9b/ee/4c9bee26382e6875e4d759b4899ec7fe.jpg,1940,2560,0,2026-04-13
2026-09-03,marmita fitness,AYhLDlKuhuOT4GtRS0zbOKIOrjK__0UOPW4PLgZwujaVOQ0ocXWYJ88aHMKEUsLNXf104EJC7A4s-yXhbX8g3no,39,7,0,Kit de Marmitas: Organização e Praticidade para Sua Rotina,s.shopee.com.br,https://s.shopee.com.br/9pXmbOWoKV?pp=1&channel_type=pinterest,https://i.pinimg.com/originals/07/ed/09/07ed0907ea918d9df414ff96e9215812.jpg,736,1288,0,2026-04-21
2026-09-03,marmita fitness,354869645653708468,40,110,0,21 Receitas de Marmita Fitness - Fit Low Carb Saudáveis Para Cardápio Semanal,sabornamesa.com.br,https://www.sabornamesa.com.br/cardapios/marmita-fitness-fit-low-carb-saudaveis-para-cardapio-semanal,https://i.pinimg.com/originals/5a/16/38/5a163859273c60c3e54b0ceaa090e67f.jpg,1000,1500,0,2024-04-02
2026-09-03,marmita fitness,AXf9PrmxohZXfDHmN0n2hHa4aP53dRIgtVgXMjc3ESS2gBDdPTBL18vLP-YvsQMY3cnLdTjS48T4DG2oHPndoQE,41,0,0,Temu | Libro de cocina,temu.com,https://www.temu.com/ul/kuiper/un3.html?subj=dpa-un&_bg_fs=1&_p_jump_id=1082&_x_vst_scene=adg&goods_id=605574750135859&adg_ctx=a-8ebb5775~c-2f84f857&_p_rfs=1&_x_ads_channel=pinterest&_x_ads_creative_id=%7Bproduct_partition_id%7D&_x_ads_id=%7Badgroupid%7D&_x_ads_set=%7Bcampaignid%7D&_x_ads_sub_channel=shopping&_x_ns_catalog_id=1580405374697&_x_ns_creative=%7Badid%7D&_x_ns_gid=605574750135859&_x_ns_,https://i.pinimg.com/originals/5f/fe/90/5ffe90896b8a522cd23e80cfff91357a.jpg,1200,1200,0,2026-08-15
2026-09-03,marmita fitness,77616793575710528,42,23,0,Aprenda a fazer Marmita Fit Congelada,vivabemavida.com,https://vivabemavida.com/marmita-fit-congelada/,https://i.pinimg.com/originals/2f/5e/38/2f5e3868cb6890e4f8773328e5873288.jpg,564,846,0,2026-04-19
2026-09-03,marmita fitness,722827808988385473,43,10,0,Frango Grelhado com Legumes para Marmita,receitas.falagalera.com.br,https://receitas.falagalera.com.br/frango-grelhado-legumes-marmita/,https://i.pinimg.com/originals/67/0e/16/670e164f39568f5f437eafc9fb8d5154.jpg,848,1264,0,2026-07-01
2026-09-03,marmita fitness,AQWVP9FGYNRrbhunBs1iJDwvakELObfidFDnNGQ-g-EUFqVZkSMXdud7Fdsi7l_f04tqUjuOBN8q1Tcp6NfWbWM,44,0,0,Temu | Libro de cocina,temu.com,https://www.temu.com/ul/kuiper/un3.html?subj=dpa-un&_bg_fs=1&_p_jump_id=1082&_x_vst_scene=adg&goods_id=605867931982784&adg_ctx=a-eb2334af~c-718bd27b&_p_rfs=1&_x_ads_channel=pinterest&_x_ads_creative_id=%7Bproduct_partition_id%7D&_x_ads_id=%7Badgroupid%7D&_x_ads_set=%7Bcampaignid%7D&_x_ads_sub_channel=shopping&_x_ns_catalog_id=1580405374697&_x_ns_creative=%7Badid%7D&_x_ns_gid=605867931982784&_x_ns_,https://i.pinimg.com/originals/58/30/d6/5830d626eb0796a120227e8b301cbd2a.jpg,1500,1500,0,2026-08-03
2026-09-03,marmita fitness,773352567310985632,45,1,0,Marmita fit,,,https://i.pinimg.com/originals/3c/d1/66/3cd166b5b10006dfc592d781ec6fce59.png,1264,1264,0,2026-08-17
2026-09-03,marmita fitness,89860955060154939,46,84,0,Marmitas fit,,,https://i.pinimg.com/originals/95/9d/35/959d354867679a03133d26415265916b.jpg,1080,1920,0,2026-05-26
2026-09-03,marmita fitness,1085015735255286046,47,1,0,Marmitas FIT Saudáveis | Praticidade que vai transformar sua rotina,s.shopee.com.br,https://s.shopee.com.br/2gAVWaWlYV?channel_type=pinterest,https://i.pinimg.com/originals/aa/08/4a/aa084a39ab88466c1436d72d038adaa7.png,1024,1536,0,2026-08-20
2026-09-03,marmita fitness,971088738460624454,48,169,0,Kit 10 Potes de Vidro 640ml Hermético Marmita Fit com Tampa 4 Travas,s.shopee.com.br,https://s.shopee.com.br/2BARHNFgah?channel_type=pinterest,https://i.pinimg.com/originals/03/29/15/03291505cefb966f9640e1aedf2935a6.jpg,736,890,0,2026-03-26
2026-09-03,marmita fitness,877216833646508499,49,2100,0,,,,https://i.pinimg.com/originals/04/76/01/04760160bd4034d93623a344c523e5cb.jpg,736,981,0,2023-01-26
2026-09-03,marmita fitness,914862420401511,50,2761,0,,,,https://i.pinimg.com/originals/94/f2/1c/94f21cac37afd6fb92d81f5b06fb6caa.jpg,2976,3968,0,2024-10-23
2026-09-03,marmita fitness,1089730441256604925,51,10039,0,,,,https://i.pinimg.com/originals/9d/86/d6/9d86d69ef7c493c02bf95e5d83b56d4e.webp,736,839,0,2026-03-06
2026-09-03,marmita fitness,AQXWhGE5vPGMQTzT4drihURvycR0VD1jjYRmQYYdX9rWcxrhy9DgOZq-veOMgclXBwxXcQxAODcDzWXYZy2_TvM,52,1,0,egglife wraps: made with,egglifefoods.com,https://www.egglifefoods.com/recipes/bltpk-wrap?utm_source=pinterest&utm_medium=paid_social&utm_campaign=%7Bcampaignid%7D&utm_content=%7Badid%7D&utm_term=%7Badgroupname%7D,https://i.pinimg.com/originals/e8/d0/9d/e8d09d324df4966546b0023fd52d3684.jpg,2160,3840,1,2026-08-03
2026-09-03,marmita fitness,AWxOkQ4LCGbhV9TTpj7iAWP8_3MNr10U9M__HG1bpmfoR1tJlIhNCMcmo0FrYf5aTn0angehFuGAGYuh9EZcAJU,53,1,0,Thermomix® TM7™,thermomix.com,https://www.thermomix.com/products/thermomix%C2%AE-tm7%E2%84%A2?utm_source=Pinterest&utm_campaign=DisplayBOF_BOF_&utm_content=BreakfastBeforeBell,https://i.pinimg.com/originals/ae/9c/03/ae9c03dbf0f663e4a6b838de6dc07b18.png,1000,1500,0,2026-07-30
2026-09-03,marmita fitness,928234173189569878,54,2883,0,Curso de Preparação de Marmita Fit 100% Online.,linktr.ee,https://linktr.ee/marmitasfit.mark,https://i.pinimg.com/originals/a0/a8/84/a0a8846515c6adfd7e49c88564823db3.jpg,800,1200,0,2024-07-17
2026-09-03,marmita fitness,AeRZeaVlz2GvZuzjldYvKj5lLsf7GD5IPNIgmZO8VBsObje8hTXjBRlsstaHB2dTSMq5_W4OCjBPVqied3Cu2hs,55,1,0,Is REESE'S why so many,amazon.com,https://www.amazon.com/stores/page/C742F08D-F14A-4B88-8C82-09911045292F?channel=pinterest-paidsocial,https://i.pinimg.com/originals/cc/8b/94/cc8b94a80d8d4d7b30115e5e17b68b4e.jpg,1000,1500,0,2026-07-31
2026-09-03,marmita fitness,AZV52VKjqMcvtXt35C1T9EgCbu5goq1NC7xrFhjExOry-rhFgf5HMBz4a8KSPJpvOUZWBN9ssf1KbCItYfvgE6g,56,462,0,Start Transformation Now!,quiz.betterme.world,https://quiz.betterme.world/first-page-generated?flow=3068&utm_source=pinterest&utm_medium=organic&utm_content=27_2025-07-11_ira_H-FemaleCutting_K-Remake_CT-29985_Ver-1_pn.jpg,https://i.pinimg.com/originals/8b/a0/46/8ba046a20a7d73109e4eab2401947f90.jpg,1080,1920,0,2026-01-31
2026-09-03,marmita fitness,70368812924964392,57,236,0,marmitas fitness 🫶🏻 #fitness,,,https://i.pinimg.com/originals/20/4e/65/204e6530364784c8a14ec1c04ab5fa81.jpg,1224,1632,0,2026-07-11
2026-09-03,marmita fitness,625015254581412752,58,231,0,"🍱 Marmitas Fitness: aprenda a montar marmitas saudáveis, baratas e fáceis para a semana inteira — perfeitas para quem quer praticidade, alimentação saudável e manter o foco no emagrecimento sem perder",instagram.com,https://www.instagram.com/p/DV4Cik0GpH6/?img_index=2,https://i.pinimg.com/originals/5f/51/16/5f5116168d573662dee8656db4597ff6.jpg,1080,1440,0,2026-08-05
2026-09-03,marmita fitness,914862419805080,59,4845,0,,,,https://i.pinimg.com/originals/bd/ee/ed/bdeeed66f34cc382d90b3b899633d19d.jpg,1080,1080,0,2024-05-02
2026-09-03,marmita fitness,AXF8p_9YuKOpuW5rhbhbsWx060XbML9vAQb6JeQUfsxmP0wzriCSoQRUNUw-F43vw--jtWMy2p5zI4z781seaAs,60,4,0,Baanphet Sukphrom Wang,expedia.com,https://www.expedia.com/Hotel-Search?destination=Wang+Nam+Khiao&selected=126970487&startDate=2026-09-03&endDate=2026-09-04,https://i.pinimg.com/originals/59/2d/47/592d47aad8787490c7270af9f1a91a71.jpg,1000,1500,0,2026-06-10
2026-09-03,marmita fitness,1120340844828032413,61,15,0,,,,https://i.pinimg.com/originals/53/2c/c8/532cc855dc5f6489a2f040f0973b1b05.jpg,896,1344,0,2026-05-22
2026-09-03,marmita fitness,1107955945851005981,62,33,0,Receitas com facilidade e saúde! . #receitassaudáveis #fitnees #dieta #marmitasfitness,instagram.com,https://www.instagram.com/p/DUjTFtrgLWs/,https://i.pinimg.com/originals/17/80/fd/1780fd029347787bddb02334335c39f0.jpg,603,765,0,2026-02-10
2026-09-03,marmita fitness,44262008833615495,63,423,0,alimentação saudável,,,https://i.pinimg.com/originals/e4/67/14/e46714bb511b33ffdb98b8afbcdc6657.heic,3024,4032,0,2026-05-12
2026-09-03,marmita fitness,218635756907140952,64,102,0,Fitness | marmita fit | marmitinha | marmitinha fitness |,,,https://i.pinimg.com/originals/bd/bf/dc/bdbfdc6f044686829144693e96894d9f.jpg,1080,1920,0,2026-04-26
2026-09-03,marmita fitness,1020487596832902413,66,351,0,Marmita Smart: Guia Rápido,s.shopee.com.br,https://s.shopee.com.br/1qYgy4xxSR?channel_type=pinterest,https://i.pinimg.com/originals/2b/11/2c/2b112c716e13dedd22232e2a0cb92de7.jpg,736,1308,0,2026-05-07
2026-09-03,marmita fitness,681239881153260989,67,823,0,marmitinhas fitness,,,https://i.pinimg.com/originals/3a/e5/db/3ae5db1657a17dd5ed9cc5096e46b44d.jpg,675,1200,0,2023-03-08
2026-09-03,marmita fitness,AZwXqcqhnWbATuquZvHSYICF_H_soAPpcxRJQ8_X3qNMUZ5e9dpJmOFk-J0CQZcr0FkIYM9msD_Bp9F6dlwrv8M,68,1177,0,Fiber Packed Banana Oat,instacart.com,https://www.instacart.com/store/recipes/15252182?utm_source=PinterestxInstacart&utm_medium=ProjectFlip,https://i.pinimg.com/originals/58/95/68/58956811f584b103427340af7ab3a194.jpg,1080,1920,1,2026-06-30
2026-09-03,marmita fitness,693061830201702895,69,180,0,,,,https://i.pinimg.com/originals/fa/c4/a0/fac4a00e49e660e67ece2b79df71ff94.jpg,736,920,0,2026-03-29
2026-09-03,marmita fitness,32228953579302088,70,912,0,,,,https://i.pinimg.com/originals/6f/36/e0/6f36e0ee9c058bae9eeb5bea54301365.jpg,1290,2293,0,2026-08-23
2026-09-03,marmita fitness,714876140892190789,71,325,0,Conjunto 5 Potes de Vidro 1050ml 4 Travas Marmita Hermético,s.shopee.com.br,https://s.shopee.com.br/70F1YzD38U?channel_type=pinterest,https://i.pinimg.com/originals/64/a2/87/64a287654ea0148d6eda1c025c8705bb.jpg,736,981,0,2026-02-28
2026-09-03,marmita fitness,900860731750059490,72,32,0,Marmitas Fit para Emagrecer: Cardápio Semanal Completo 🥗✨,carolcarlosfit.com.br,https://carolcarlosfit.com.br/curso-marmita-fit-congelada/,https://i.pinimg.com/originals/ad/73/58/ad73584ac1aaf0f2bb3d6a52894b3787.jpg,474,632,0,2026-03-05
2026-09-03,marmita fitness,214202526012204904,73,119,0,,,,https://i.pinimg.com/originals/a4/07/6a/a4076a8945cc5042797f22e97cca165f.jpg,720,1080,0,2018-07-20
2026-09-03,marmita fitness,831688256205907617,74,1300,0,👩🏼‍🍳Vão ficar fora dessa?👩🏼‍🍳 Corra aprender a deixar sua marmita coloridinha assim😍,,,https://i.pinimg.com/originals/a8/3d/77/a83d77fbc0004f8ab215db3e6be4eda0.jpg,1080,1920,0,2023-02-07
2026-09-03,marmita fitness,118712140174607824,75,34,0,🔴 40 Receitas de Marmita Fitness para uma Refeição Saudável e Prática,,,https://i.pinimg.com/originals/42/4a/17/424a17e6fd8ab964e160b08a2a7840f9.jpg,1080,1350,0,2025-07-11
2026-09-03,marmita fitness,31454897394394732,76,782,0,,,,https://i.pinimg.com/originals/3d/37/86/3d3786727c150cd1efcfccff360082b7.jpg,1080,1920,0,2026-08-18
2026-09-03,receita barata para o mes,4785143352512401,2,1201,0,30 IDEIAS DE ALMOÇO,,,https://i.pinimg.com/originals/66/6f/85/666f855c30d67498e0b8fd3b0065b03e.png,1024,1536,0,2026-08-01
2026-09-03,receita barata para o mes,1055599909530709,3,4479,0,Almoço Semanal,,,https://i.pinimg.com/originals/1f/54/d2/1f54d2dadc04c7c99b16c9c0e77b3914.png,1024,1536,0,2026-06-25
2026-09-03,receita barata para o mes,3940718421478056,4,1066,0,,,,https://i.pinimg.com/originals/c5/e3/e1/c5e3e1d262b8eb9b0c2fa1bf23cea05c.jpg,1080,1920,0,2026-08-23
2026-09-03,receita barata para o mes,37084396931905038,5,595,0,Almoço Econômico para Alimentar a Família Sem Gastar Muito,,,https://i.pinimg.com/originals/b0/77/99/b07799a94c8bd2a66b82498b81938590.png,1024,1536,0,2026-07-31
2026-09-03,receita barata para o mes,2533343539395475,6,9551,0,,,,https://i.pinimg.com/originals/2d/63/8b/2d638ba274b00b99068c37087cf277c2.jpg,736,1104,0,2026-08-25
2026-09-03,receita barata para o mes,AeMp0uJl8c1a1j2V-3KITliRuq5pgPGAg1vn3niFqwOtvvATocAxEO172-twBAoUp7OgszYfeRyyNdV1DYTI-UA,7,24,0,Balsamic Grilled Chicken,safeway.com,https://www.safeway.com/meal-plans-recipes/shop/balsamic-grilled-chicken-fresh-mozzarella-avocado-salad-bowl-2,https://i.pinimg.com/originals/08/f2/11/08f211d92155e7fe86c69beb423914ae.jpg,300,300,0,2025-04-22
2026-09-03,receita barata para o mes,14284923813883572,8,1113,0,Cardápio Semanal 🤎✨,,,https://i.pinimg.com/originals/97/63/1f/97631fb957096f273ded8fd7329627ae.png,1024,1536,0,2026-08-04
2026-09-03,receita barata para o mes,ATgF67vxevp5YnnB72_s44AwJosRGzoWZ2O6VFw70hhB72UzeLklsTkgRmrh2H7FPry2K3sDbtYH5n600Hli38A,9,1193,0,37 Summer Dinner Ideas,athleticlift.com,https://athleticlift.com/healthy-summer-dinner-ideas/,https://i.pinimg.com/originals/bc/8c/78/bc8c783079431a2017d96cfcb07bb667.png,887,1774,0,2026-06-04
2026-09-03,receita barata para o mes,ARXfokmMut4LJlJCI3h6hQ2qbL4NZ_pMTZ3BtusS5c7O1A3FglpN3_HIT2tlOdeDRydHXXUzvJmA5SETovjzCVc,10,462,0,Start Transformation Now!,quiz.betterme.world,https://quiz.betterme.world/first-page-generated?flow=3068&utm_source=pinterest&utm_medium=organic&utm_content=27_2025-07-11_ira_H-FemaleCutting_K-Remake_CT-29985_Ver-1_pn.jpg,https://i.pinimg.com/originals/8b/a0/46/8ba046a20a7d73109e4eab2401947f90.jpg,1080,1920,0,2026-01-31
2026-09-03,receita barata para o mes,AbvpuXH-h1aZAxD9_rZaQOE_niTLFQvw4nxc7g_SE9RDlFBBXGannIayaAn78302r0N-PeHVhMnhUc6Byc0PBRE,11,1,0,50 Salades Repas Healthy:,amazon.com,https://www.amazon.com/Salades-Repas-Healthy-seulement-ingr%C3%A9dients/dp/B0H98ZQQ93/ref=asc_df_B0H98ZQQ93?hvdev=%7Bdevice%7D&hvcampaign=%7Bcampaignid%7D&hvadgroupid=%7Badgroupid%7D&hvprdptid=%7Bproduct_partition_id%7D&hvprdgrpid=%7Bpromoted_product_group_id%7D&hvcr=%7Bcreative_id%7D&hvadid=%7Badid%7D&hvprdid=%7Bproduct_id%7D&hvplc=%7Bplacement%7D&psc=1&tag=%7Bifnotmobile:ushpadpinde-20%7D%7Bifmo,https://i.pinimg.com/originals/9d/3e/45/9d3e45fbdef6f3e9c01194beff6dd67a.jpg,1000,1499,0,2026-07-22
2026-09-03,receita barata para o mes,1055599909530706,12,5611,0,,,,https://i.pinimg.com/originals/12/8e/88/128e88ebf9198067482caa5b39567bd1.jpg,1024,1536,0,2026-06-25
2026-09-03,receita barata para o mes,68117013110051288,13,393,0,"🍚 Cardápio Alimentar Sem Arroz: ideias de refeições saudáveis, práticas e equilibradas para variar o dia a dia sem abrir mão do sabor e da alimentação saudável! 🥗✨ Procurando um cardápio alimentar sem",instagram.com,https://www.instagram.com/p/DbI5ctqlgM0/?img_index=6,https://i.pinimg.com/originals/0b/57/02/0b57022ba18baab56917e551d5ad7c3f.jpg,1080,1344,0,2026-08-15
2026-09-03,receita barata para o mes,794463190540810510,14,2608,0,como emagrecer da forma correta!! forma para emagrecer da forma correta? 1=atente-se ao processo de mastigão dos alimentos. 2=consuma alimentos que ajudam a queimar 3=tenha disciplina alimentar 4=evit,,,https://i.pinimg.com/originals/51/2c/51/512c514c2ed7ef85101d4172bc522248.jpg,564,1002,0,2023-10-23
2026-09-03,receita barata para o mes,AV_BaDcXQ3Mivcqu1eh-3cwPxi0bxxoTwQ2d9esvPJLBIqksM8mx7EdVg8WcrxYmN_QqvOqCGhlOKB2YDw0lrfA,15,17,0,Tino's Deli - Penne Alla,goldbelly.com,https://www.goldbelly.com/restaurants/tinos-deli/penne-alla-vodka,https://i.pinimg.com/originals/f4/02/b4/f402b48b9b24f8cc84634c586cf69597.webp,1086,1448,0,2026-04-22
2026-09-03,receita barata para o mes,AdeyiTKH5cpJSc4rck8IVm8joJaUurY7SgCqwBKtTgZ5Z2GPwwGzw8_zWNc3rDXZNjqw38IgUGdkzsD_gw0OCTI,16,3,0,Salades en bocal haute,amazon.com,https://www.amazon.com/Salades-bocal-haute-prot%C3%A9ine-pour/dp/B0H4133Z64/ref=asc_df_B0H4133Z64?hvdev=%7Bdevice%7D&hvcampaign=%7Bcampaignid%7D&hvadgroupid=%7Badgroupid%7D&hvprdptid=%7Bproduct_partition_id%7D&hvprdgrpid=%7Bpromoted_product_group_id%7D&hvcr=%7Bcreative_id%7D&hvadid=%7Badid%7D&hvprdid=%7Bproduct_id%7D&hvplc=%7Bplacement%7D&psc=1&tag=%7Bifnotmobile:ushpadpinde-20%7D%7Bifmobile:ushpa,https://i.pinimg.com/originals/35/72/82/357282997613df5b00e4005d1818ff81.jpg,1000,1293,0,2026-06-27
2026-09-03,receita barata para o mes,1055599909453127,17,2413,0,bolinhos de arroz,,,https://i.pinimg.com/originals/5a/0e/61/5a0e61207f2c9c5e74b35e2ee12d58f5.jpg,720,1280,0,2026-05-25
2026-09-03,receita barata para o mes,AU-8U4a_Kmkxvx6Gebt-KzH0XCBmJC4-txulAdRRbLvTfZyqRXYbt95YWww0co7-oMfYb9nOLonqG0_W2Ud3Lbo,18,2,0,100 Meal Prep Recipes in,amazon.com,https://www.amazon.com/100-Meal-Prep-Recipes-Minutes/dp/B0GPDCCF8Z/ref=asc_df_B0GPDCCF8Z?hvdev=%7Bdevice%7D&hvcampaign=%7Bcampaignid%7D&hvadgroupid=%7Badgroupid%7D&hvprdptid=%7Bproduct_partition_id%7D&hvprdgrpid=%7Bpromoted_product_group_id%7D&hvcr=%7Bcreative_id%7D&hvadid=%7Badid%7D&hvprdid=%7Bproduct_id%7D&hvplc=%7Bplacement%7D&psc=1&tag=%7Bifnotmobile:ushpadpinde-20%7D%7Bifmobile:ushpadpinsp-20,https://i.pinimg.com/originals/74/02/97/7402974c3f232b5f84ba4bb640075e48.jpg,1000,1499,0,2026-04-14
2026-09-03,receita barata para o mes,AVQaGZ_5uqsKLD8isFXwzRL76DOL_eWNQOtasxz6XbGF_LSrzH4ZYwmpqhcAWxOhLBJY2qyxxp7LHeOO-AWKryc,19,281,0,21 Powerful High Protein,panfetti.com,https://panfetti.com/cheap-high-protein-meal-prep-ideas/,https://i.pinimg.com/originals/2c/b1/b5/2cb1b5152d8a502f18de0c0ac74cd13c.jpg,736,1472,0,2026-05-13
2026-09-03,receita barata para o mes,625015254581412752,20,231,0,"🍱 Marmitas Fitness: aprenda a montar marmitas saudáveis, baratas e fáceis para a semana inteira — perfeitas para quem quer praticidade, alimentação saudável e manter o foco no emagrecimento sem perder",instagram.com,https://www.instagram.com/p/DV4Cik0GpH6/?img_index=2,https://i.pinimg.com/originals/5f/51/16/5f5116168d573662dee8656db4597ff6.jpg,1080,1440,0,2026-08-05
2026-09-03,receita barata para o mes,AVB43yWyPERw3aVRyVe4DTrmDkzyluh-YFh-5CUTIw3W-XyaxYbekobjBW2nhmPQhimJCerfzw9O-aEbFIrT_yQ,21,2005,0,Sheet Pan Roast Chicken,stroller-envy.com,https://stroller-envy.com/15-budget-sheet-pan-dinners-almost-no-cleanup/#1-sheet-pan-roast-chicken-thighs-with-potatoes-and-carrots,https://i.pinimg.com/originals/bc/63/27/bc6327474384f9219e79375f59689026.png,941,1672,0,2026-06-25
2026-09-03,receita barata para o mes,AfxteHsZxZDkdZkpgoq7RznEP9gSPB1qxG1njgKoYKAhFWOeDDLcA1ff7PJ-dYguVER7XVT9Uo8r4oVdwokyzHU,22,1,0,Simple Weekly Meal Prep,amazon.com,https://www.amazon.com/Simple-Weekly-Meal-Prep-Beginners/dp/B0GR59MBGR/ref=asc_df_B0GR59MBGR?hvdev=%7Bdevice%7D&hvcampaign=%7Bcampaignid%7D&hvadgroupid=%7Badgroupid%7D&hvprdptid=%7Bproduct_partition_id%7D&hvprdgrpid=%7Bpromoted_product_group_id%7D&hvcr=%7Bcreative_id%7D&hvadid=%7Badid%7D&hvprdid=%7Bproduct_id%7D&hvplc=%7Bplacement%7D&psc=1&tag=%7Bifnotmobile:ushpadpinde-20%7D%7Bifmobile:ushpadpins,https://i.pinimg.com/originals/82/ed/d6/82edd6f72dd430ef3203dc9aeac7d171.jpg,1000,1419,0,2026-05-03
2026-09-03,receita barata para o mes,700380179593537515,23,1823,0,Emagreça de Vez com Esse Cardápio Simples e Barato 🥗🔥,,,https://i.pinimg.com/originals/0f/82/47/0f824799d960d00de730ad855aadb660.png,1024,1536,0,2026-04-22
2026-09-03,receita barata para o mes,AepiPOxFvqZyrwPpBir_LaSnxnbV6Ws_O6OSnDvrzz5fcxUUdcqSQ5Y4fRBaQ8mE_h26knRgDESuSbWvOAbb7ZQ,24,6,0,Cheap and Wicked Good!,amazon.com,https://www.amazon.com/Wicked-Budget-Friendly-Recipes-Simple-Budget/dp/B0F6L9D5JT/ref=asc_df_B0F6L9D5JT?hvdev=%7Bdevice%7D&hvcampaign=%7Bcampaignid%7D&hvadgroupid=%7Badgroupid%7D&hvprdptid=%7Bproduct_partition_id%7D&hvprdgrpid=%7Bpromoted_product_group_id%7D&hvcr=%7Bcreative_id%7D&hvadid=%7Badid%7D&hvprdid=%7Bproduct_id%7D&hvplc=%7Bplacement%7D&psc=1&tag=%7Bifnotmobile:ushpadpinde-20%7D%7Bifmobile,https://i.pinimg.com/originals/bf/5f/9c/bf5f9c8025f86d45c568c3e85a505255.jpg,1000,1499,0,2025-10-20
2026-09-03,receita barata para o mes,613334043048846395,25,8,0,Dieta Barata: 15 Dias para Criar Hábitos Mais Saudáveis 🥗,bright-taffy-8aa407.netlify.app,https://bright-taffy-8aa407.netlify.app/,https://i.pinimg.com/originals/80/9b/3e/809b3e76003e977dcfe18d652da77111.png,1024,1536,0,2026-08-20
2026-09-03,receita barata para o mes,AYSg0NsVcnidP6dYNDd-haLIJIANZVABYA4r9ImkhfJETAba03Fm2_XHrD3Ifzqwmt7wJy4j6JcsT_YysKD-4Gc,26,475,0,Cheap Dinner Ideas for a,mommyonpurpose.com,https://mommyonpurpose.com/dirt-cheap-dinner-ideas/,https://i.pinimg.com/originals/39/2a/89/392a899cc49fdde0b41c244086d7827e.jpg,750,1500,0,2023-12-13
2026-09-03,receita barata para o mes,622130136014419331,27,62,0,"Conheça receitas de 20 Pratos Baratos, Práticos e Nutritivos em Tempo de Crises ou para Economizar - aprenda a preparar pratos que rendem e que podem ser até congelados. #receitas",mangacompimenta.com,https://mangacompimenta.com/2020/03/18/pratos-baratos-e-nutritivos/,https://i.pinimg.com/originals/0f/db/cb/0fdbcb954964350aa74f83a5ad21b102.jpg,236,542,0,2020-04-23
2026-09-03,receita barata para o mes,AbJaXOHqppAsQ3QZILTKLymZFwX9cVdlGuBdQDq6MuyDojj7mR6TOEAwwDTxcSNjeuCgBawvJ5vL0vqXLVwVysI,28,12,0,Chopped Salmon Sandwich |,youtu.be,https://youtu.be/qclNksEVKyo?si=e2E6JqXn6L2yiZZx,https://i.pinimg.com/originals/f8/5e/c2/f85ec2c5e9d62ad39c62c736fbf5b170.jpg,1080,1920,1,2026-08-28
2026-09-03,receita barata para o mes,700380179593733781,29,563,0,DIETA FÁCIL E BARATA | COMER BEM SEM GASTAR MUITO 💪,,,https://i.pinimg.com/originals/b0/a5/f8/b0a5f816c9c4a3dfa9765236a0180638.png,1024,1536,0,2026-05-04
2026-09-03,receita barata para o mes,AdKcPD8sHmeWTCzj7csWbZX8TcM6OqHmHDdBZ8iJ5dWirK8AagiISBbClClmUHGlQ4DiZGAZ9kLcFPneKUM2E0A,30,1,0,75+ Delicious Dinners,momscravings.com,https://momscravings.com/78-dinners-that-basically-cook-themselves-bookmark-this-youll-use-it-every-week/,https://i.pinimg.com/originals/7f/dc/6b/7fdc6b8121865937eb3a261dd4277a55.png,1440,2714,0,2026-04-14
2026-09-03,receita barata para o mes,ASYA-nmv2vTFZHLcjX6n27DS7qoxrhER74V1jPoU7lHGkqsLtTcYvP8iPN_O7_HU7aqCPrQzalisRSyOszTUUeI,31,0,0,5-Ingredient Cookbook,amazon.com,https://www.amazon.com/5-Ingredient-Cookbook-Recipes-Budget-Friendly-Ingredients/dp/B0H7SC3DFD/ref=asc_df_B0H7SC3DFD?hvdev=%7Bdevice%7D&hvcampaign=%7Bcampaignid%7D&hvadgroupid=%7Badgroupid%7D&hvprdptid=%7Bproduct_partition_id%7D&hvprdgrpid=%7Bpromoted_product_group_id%7D&hvcr=%7Bcreative_id%7D&hvadid=%7Badid%7D&hvprdid=%7Bproduct_id%7D&hvplc=%7Bplacement%7D&psc=1&tag=%7Bifnotmobile:ushpadpinde-20%,https://i.pinimg.com/originals/dc/6d/57/dc6d576abe523130f8f2c24a4c810a9a.jpg,1000,1293,0,2026-07-30
2026-09-03,receita barata para o mes,24699498006547163,32,123,0,"Durante 7 dias, faça essas refeições.",instagram.com,https://www.instagram.com/p/DaScca_FptI/?img_index=3,https://i.pinimg.com/originals/58/c2/c0/58c2c0fc5dfc6dbf38ccb067bf293b59.jpg,1080,1344,0,2026-08-20
2026-09-03,receita barata para o mes,573997915008391544,33,213,0,"17 receitas rápidas, fáceis e baratas para uma refeição | Receitas",anamariabraga.globo.com,https://anamariabraga.globo.com/materia/receitas-faceis-rapidas-e-baratas-para-quem-mora-sozinho/?utm_source=pinterest&utm_medium=social&utm_campaign=receita&utm_term=receitas-faceis-rapidas-e-baratas-para-quem-mora-sozinho&utm_content=ana-junho,https://i.pinimg.com/originals/7a/93/5f/7a935f355f355f9dbe0751b94a0df692.jpg,289,434,0,2019-06-27
2026-09-03,receita barata para o mes,61643088646416068,34,134,0,"🍚 Cardápio Alimentar Sem Arroz: ideias de refeições saudáveis, práticas e equilibradas para variar o dia a dia sem abrir mão do sabor e da alimentação saudável! 🥗✨ Procurando um cardápio alimentar sem",instagram.com,https://www.instagram.com/p/DbI5ctqlgM0/?img_index=4,https://i.pinimg.com/originals/25/5a/3c/255a3c69283d51dbf3b0d972fc810bcf.jpg,1080,1344,0,2026-08-22
2026-09-03,receita barata para o mes,703756189233448,35,1498,0,Instagram,instagram.com,https://www.instagram.com/corpo.emforma3/p/DUK8bMMAu8N/,https://i.pinimg.com/originals/7a/83/d7/7a83d744a5f97d28713e3cd2f187b615.webp,810,1080,0,2026-04-08
2026-09-03,receita barata para o mes,Ac3nylZFGn2GQeFsbh_pX55KFLh_V7EXD4j95U3T5_zdNexikAf_WBBsaHC7saetqMD9Hlx-czsZ6QR-nkspxhU,36,2,0,No Cook Jar Meals: Zero,amazon.com,https://www.amazon.com/No-Cook-Jar-Meals-Recipes/dp/B0GJ3K19N7/ref=asc_df_B0GJ3K19N7?hvdev=%7Bdevice%7D&hvcampaign=%7Bcampaignid%7D&hvadgroupid=%7Badgroupid%7D&hvprdptid=%7Bproduct_partition_id%7D&hvprdgrpid=%7Bpromoted_product_group_id%7D&hvcr=%7Bcreative_id%7D&hvadid=%7Badid%7D&hvprdid=%7Bproduct_id%7D&hvplc=%7Bplacement%7D&psc=1&tag=%7Bifnotmobile:ushpadpinde-20%7D%7Bifmobile:ushpadpinsp-20%7D,https://i.pinimg.com/originals/6d/b5/d0/6db5d0ab7931760f54b656df63fc5a53.jpg,1000,1499,0,2026-05-20
2026-09-03,receita barata para o mes,6544361955407288,37,282,0,Marmitas da Semana: Organização e Saúde,,,https://i.pinimg.com/originals/9e/0d/bf/9e0dbf05d97c606ee9a7a0d74ae8a9da.png,1152,2048,0,2026-07-21
2026-09-03,receita barata para o mes,Ac0SsAqDt1DOlMbq4InQjRCdAL-0LG-wwhmTAdOyF7UvRL1aR0ERUFKmqY8aNuZgHf__CP8kyv4rNvpu9vqt_dk,38,2,0,50 The Instant Pot Dinner,amazon.com,https://www.amazon.com/Instant-Pot-Dinner-Collection-Recipes/dp/B0DPLJ6MS9/ref=asc_df_B0DPLJ6MS9?hvdev=%7Bdevice%7D&hvcampaign=%7Bcampaignid%7D&hvadgroupid=%7Badgroupid%7D&hvprdptid=%7Bproduct_partition_id%7D&hvprdgrpid=%7Bpromoted_product_group_id%7D&hvcr=%7Bcreative_id%7D&hvadid=%7Badid%7D&hvprdid=%7Bproduct_id%7D&hvplc=%7Bplacement%7D&psc=1&tag=%7Bifnotmobile:ushpadpinde-20%7D%7Bifmobile:ushpad,https://i.pinimg.com/originals/63/88/fd/6388fddb452eec75871d5044586ed80b.jpg,1051,1360,0,2026-05-16
2026-09-03,receita barata para o mes,54324739251991654,39,257,0,"Durante 7 dias, faça essas refeições.",instagram.com,https://www.instagram.com/p/DaScca_FptI/?img_index=6,https://i.pinimg.com/originals/65/99/f8/6599f895a0d956eae0230707b4ef6e86.jpg,1080,1344,0,2026-08-12
2026-09-03,receita barata para o mes,1055599909648391,40,590,0,,,,https://i.pinimg.com/originals/6b/d6/0e/6bd60e83acf185195346f6278bfa6340.jpg,524,792,0,2026-08-12
2026-09-03,receita barata para o mes,664281013831178230,41,313,0,PANQUECA DE 4 INGREDIENTES: A RECEITA MAIS BARATA E FÁCIL DO MUNDO! 😱 Acabou o mês e a despensa está vazia? Hoje eu vou te ensinar o segredo da Massa de Panqueca Simples que leva apenas 4 itens básico,instagram.com,https://www.instagram.com/p/DWrtmM2k9Hu/,https://i.pinimg.com/originals/e8/0f/d5/e80fd52ec17bd6868afe728dc3d4addb.jpg,1024,1024,0,2026-05-22
2026-09-03,receita barata para o mes,AaPqD5M3qV-grObOIbUVEqX47WHrp3zMvpCbytQ8BuZISIoW8jGhgg8MaciQzNS66ywkj5aH7LOUgez_7BKAeKg,42,51,0,50 Delicious Rice Bowl,amazon.com,https://www.amazon.com/Delicious-Rice-Bowl-Recipes-Summer/dp/B0DJQ3CTWQ/ref=asc_df_B0DJQ3CTWQ?hvdev=%7Bdevice%7D&hvcampaign=%7Bcampaignid%7D&hvadgroupid=%7Badgroupid%7D&hvprdptid=%7Bproduct_partition_id%7D&hvprdgrpid=%7Bpromoted_product_group_id%7D&hvcr=%7Bcreative_id%7D&hvadid=%7Badid%7D&hvprdid=%7Bproduct_id%7D&hvplc=%7Bplacement%7D&psc=1&tag=%7Bifnotmobile:ushpadpinde-20%7D%7Bifmobile:ushpadpin,https://i.pinimg.com/originals/47/5c/63/475c6372f9a0d43fc0bf4ce5171aaff9.jpg,1051,1360,0,2026-04-17
2026-09-03,receita barata para o mes,AVX78WJNmYgamEr3UB3-NREoVb-nQ37AQJWRpRMfIbZCmul86JGFSi7Z3nT5bZ-mwLYz-gYg_-Rw6Tq7vL2a6Nw,43,144,0,Birria Rice Bowls,simplyorganic.com,https://www.simplyorganic.com/recipes/birria-rice-bowls,https://i.pinimg.com/originals/13/37/24/13372489fd13cb542161a6df46a9f686.jpg,1080,1920,1,2026-08-05
2026-09-03,receita barata para o mes,118641771431983212,44,89,0,ROTINA SEMANAL IDEIAS DE MARMITAS,s.shopee.com.br,https://s.shopee.com.br/1LdntviIC2?channel_type=pinterest,https://i.pinimg.com/originals/bf/15/1f/bf151f342bb0101571f3d060c5577fdc.jpg,736,1104,0,2026-07-30
2026-09-03,receita barata para o mes,1688918607515203,45,152,0,🥔🥕 Batata e Cenoura Cozidas no Ponto Perfeito,,,https://i.pinimg.com/originals/26/27/10/2627100454fedfb5bb44b9bc299d6616.jpg,736,1104,0,2026-07-25
2026-09-03,receita barata para o mes,1015702522216546577,46,2,0,REFEIÇÕES BARATAS E DELICIOSAS PARA ECONOMIZAR,terra.com.br,"https://www.terra.com.br/vida-e-estilo/degusta/7-receitas-faceis-e-baratas-para-o-almoco-de-domingo,cd7ea2a5497e5c7012f3acfb2078b3958kvu1rxw.html",https://i.pinimg.com/originals/06/2d/3a/062d3ac602ea2d647b1dc23e1dd6df3c.png,1000,1500,0,2025-02-22
2026-09-03,receita barata para o mes,9992430419178351,47,1866,0,,,,https://i.pinimg.com/originals/a5/16/57/a5165748a6379861a84c1bbd88ec4f67.jpg,506,1251,0,2026-05-31
2026-09-03,receita barata para o mes,838302918191817247,48,23,0,Cardápio Simples para Emagrecer,,,https://i.pinimg.com/originals/c4/d6/a6/c4d6a609f407907a108054fca3648695.jpg,1024,1536,0,2026-08-16
2026-09-03,receita barata para o mes,9359111722813381,49,568,0,Lanches no pós parto,,,https://i.pinimg.com/originals/cc/a8/97/cca897570c6c0c04bfa4b05185b5d3eb.jpg,1024,1536,0,2026-08-01
2026-09-03,receita barata para o mes,632685447698469237,50,1076,0,Instagram,instagram.com,https://www.instagram.com/p/DbQqTnksLdE/?igsh=MW84dHptYjlyZHhlMw%3D%3D,https://i.pinimg.com/originals/d5/7d/b0/d57db03ef7d7cf5d6e734ecdc5bcdea5.jpg,1440,1899,0,2026-08-20
2026-09-03,receita barata para o mes,47428602323433734,51,1051,0,Salada fresca e nutritiva,panelinhadesabores.blogspot.com,https://panelinhadesabores.blogspot.com/2023/06/salada-fresca-e-nutritiva.html?m=1,https://i.pinimg.com/originals/c1/2f/b5/c12fb527fb44be8efae4fffbdbff84be.jpg,3024,4032,0,2024-11-04
2026-09-03,receita barata para o mes,AetGXbYLRIrkvurbljjgV5NzkBIwtcXQWgZCex5FjGsyoLbRY-4XhhFUbXl5AJzQB6cEWNeDU2-Gu3fGsBANAeg,51,2,0,6-Pack Round Pie Pans,homedepot.com,https://www.homedepot.com/p/UUDULY-6-Pack-Round-Tempered-Glass-Pie-Pans-Set-with-Handles-Wave-Edge-Baking-Dishes-for-Oven-Safe-Serving-Desserts-Y89U1145/341652233?cm_mmc=psoc-pinprg-%7Bcampaignid%7D-%7Badgroupid%7D,https://i.pinimg.com/originals/8f/de/69/8fde69a7a4d913659db6f8c66993ff67.jpg,1000,1000,0,2026-04-30
2026-09-03,receita barata para o mes,AZeqiUbJotZPSntOHcyygZaITZkM3KbmNlbSLm7xgkAAjRhydKOmUJijojfOOeO5oBG8CO6aFIvUn69lpr6f4fk,52,37,0,FixtureDisplays Snow Cone,wayfair.com,https://www.wayfair.com/FixtureDisplays--FixtureDisplays-Snow-Cone-Syrup-115SMARTMANG-L971-K~FXTU7830.html?refid=PSO49-FXTU7830,https://i.pinimg.com/originals/e2/8c/1c/e28c1c3eb98733fe655607bad9a7b728.jpg,400,400,0,2025-06-17
2026-09-03,receita barata para o mes,433893745375743182,53,28,0,,,,https://i.pinimg.com/originals/96/96/7e/96967eb06dcfd8af0997eb2e252eee67.jpg,1024,1536,0,2026-08-23
2026-09-03,receita barata para o mes,700380179594886188,54,459,0,🥗 Chega de ficar sem ideias na hora das refeições!,,,https://i.pinimg.com/originals/73/65/87/73658766dabe7e0d015dad84b7fe4172.png,1024,1535,0,2026-07-10
2026-09-03,receita barata para o mes,1146729123853462145,55,5630,0,🥦BOLINHO DE BRÓCOLIS. Clique no Link no Nosso Perfil Para Baixar Grátis a Dieta do Ovo.,,,https://i.pinimg.com/originals/d2/cf/9d/d2cf9d7c4545494da4618fbbf5db988f.jpg,629,1118,0,2023-09-07
2026-09-03,receita barata para o mes,Aa48xQIu_GIyKHjo4Zndx4rXG6EYuCYUAvHi3CspGMTjy0WB55IslEr4w_06Yk78Gw3jTUSQAP9aNPasE_5c7l4,56,1,0,Best Rice Bowl Dinner,homeviable.com,https://homeviable.com/rice-bowl-dinner-ideas/,https://i.pinimg.com/originals/1c/06/c6/1c06c6749b2fdb57574912e858006def.png,887,1774,0,2026-05-10
2026-09-03,receita barata para o mes,AcRlhr9W8hRX8jDCE9cpbcToPMDOkFk6mMqHq9j139dKguVkHxMOCqcHGps9ip2LRjkwD571a4KhS0cVf7pQ0UY,57,1,0,Ready to get cookin’? Dig,delish.com,https://www.delish.com/cooking/recipe-ideas/g71297511/weeknight-chicken-dinners/,https://i.pinimg.com/originals/f7/5c/b1/f75cb127ba93639593ffa20b633bb5b9.jpg,2000,3000,0,2026-05-18
2026-09-03,receita barata para o mes,AYj5nUeOgZNnWgCTQ9BADPKDggyIOtZG4JfMZOtwOHBkmMeLB-GG_r-2W7kppUG77WHObJFO0rGmL7t40qlginY,58,32,0,Start Transformation Now!,quiz.betterme.world,https://quiz.betterme.world/first-page-generated?flow=3068&utm_source=pinterest&utm_medium=organic&utm_content=27_2025-07-11_ira_H-FemaleCutting_K-Remake_CT-29985_Ver-3_pn.jpg,https://i.pinimg.com/originals/d3/95/10/d395106263f85c91ed1a97121c12b0d4.jpg,1080,1920,0,2026-01-31
2026-09-03,receita barata para o mes,613334043048846322,59,4,0,Dieta Barata: Plano Fácil de 15 Dias | Coma Bem Gastando Pouco,bright-taffy-8aa407.netlify.app,http://bright-taffy-8aa407.netlify.app/,https://i.pinimg.com/originals/14/78/03/147803bfe95d365a12edf33d4da4fed1.png,1024,1536,0,2026-08-20
2026-09-03,receita barata para o mes,ATJ1HEmUZUuCnKQRZFtDhsd_bVqWiWmCkv99AIP_eXlUBJh02rHXMkc6H7kNzZJsxAbsS1xxhoSBFp-p1do5YvI,60,1,0,The Easiest Way to Eat,eat.hungryroot.com,https://eat.hungryroot.com/oct-2025-different-30/?utm_source=pinads-sub&utm_medium=cpc&utm_campaign=ACQ-Pin-S114_P+&utm_content=PNEW1078&wm_source=pinterest&wm_medium=ads&wm_ad_id=%7Badid%7D,https://i.pinimg.com/originals/11/f7/d1/11f7d183be168087a77829acab2d7d76.jpg,1080,1920,1,2026-07-31
2026-09-03,receita barata para o mes,200973202117689305,61,9,0,,,,https://i.pinimg.com/originals/c4/86/c1/c486c1c687f3c34e5e6dd3c0a160d0db.jpg,1080,1920,0,2026-08-24
2026-09-03,receita barata para o mes,AXLTjKnvOLc8lO7rFEeZKlJ8DGvCx2Y1jxnsfDeYWb7vkZLFiyg7JshVCFOVF9Ijwpy1v3Iq2eiXhNNoIPaB0xY,62,4,0,Baanphet Sukphrom Wang,expedia.com,https://www.expedia.com/Hotel-Search?destination=Wang+Nam+Khiao&selected=126970487&startDate=2026-09-03&endDate=2026-09-04,https://i.pinimg.com/originals/59/2d/47/592d47aad8787490c7270af9f1a91a71.jpg,1000,1500,0,2026-06-10
2026-09-03,receita barata para o mes,AScdyxJ8EXmEfo0GKW0PtZPLU4NvzmQM6CAY_NHmfcAgCyxqwISPqd4F35f9nmvDIya7HZ9AJk8lBCAYP-SqFYE,63,15,0,"Trapani 8"" Salad Plate",allmodern.com,https://www.allmodern.com/Wrought-Studio%E2%84%A2--Trapani-8-Salad-Plate-X112069098-L6424-K~A001311420.html?refid=PSO81-A001311420_1211896248&PiID[]=1211896248,https://i.pinimg.com/originals/61/87/be/6187be5f1ba44e448269ac10532080df.jpg,375,400,0,2025-08-22
2026-09-03,receita barata para o mes,15903404931088522,65,264,0,,facebook.com,https://www.facebook.com/share/1Ab6jfkN8r/,https://i.pinimg.com/originals/76/b8/90/76b89051f94c923b473d23a00e8ed32e.jpg,600,900,0,2026-06-29
2026-09-03,receita barata para o mes,533958099593093420,66,12,0,,,,https://i.pinimg.com/originals/5f/96/e9/5f96e9eb1eec73957427658181b82c6e.jpg,554,731,0,2026-06-23
2026-09-03,receita barata para o mes,348606827429912439,67,180,0,alimentação saudável fitness frutas verduras,,,https://i.pinimg.com/originals/ff/68/24/ff6824b024121bf415a4b5f5a7e7cfa3.jpg,675,1200,0,2026-08-25
2026-09-03,receita barata para o mes,10485011674561163,68,246,0,Alimentação saudável,,,https://i.pinimg.com/originals/d9/ff/b2/d9ffb2e9bdffd0df12e6e66113d0d7f6.jpg,675,1200,0,2026-07-16
2026-09-03,receita barata para o mes,37436240650839363,69,124,0,🥣A Receita Quentinha que Está Conquistando a Internet!,,,https://i.pinimg.com/originals/fe/25/c2/fe25c2f9925a595e1a3b43c3bc48b912.png,1024,1536,0,2026-08-02
2026-09-03,receita barata para o mes,14144186327090525,70,287,0,,,,https://i.pinimg.com/originals/ef/62/56/ef6256f4530c2c24032d5e0a754f4b95.jpg,736,1104,0,2026-08-23
2026-09-03,receita barata para o mes,36591815719138728,71,161,0,,,,https://i.pinimg.com/originals/b9/cb/8b/b9cb8bb104c997e5e4bff43e35ed891b.jpg,900,1600,0,2026-05-22
2026-09-03,receita barata para o mes,174303448076812458,72,108,0,"🍚 Cardápio Alimentar Sem Arroz: ideias de refeições saudáveis, práticas e equilibradas para variar o dia a dia sem abrir mão do sabor e da alimentação saudável! 🥗✨ Procurando um cardápio alimentar sem",instagram.com,https://www.instagram.com/p/DbI5ctqlgM0/?img_index=8,https://i.pinimg.com/originals/5a/ee/39/5aee399483ee7219bef6bbc65f92271a.jpg,1080,1344,0,2026-08-23
2026-09-03,receita barata para o mes,924363892245609602,73,287,0,"Incrível combinação de frango, alface e queijo!",,,https://i.pinimg.com/originals/b7/80/42/b7804245db4493edf87e644ba8fdcdb1.jpg,1080,1920,0,2022-11-01
2026-09-03,receita barata para o mes,140806235400211,74,966,0,,,,https://i.pinimg.com/originals/4c/cb/44/4ccb449aa8f585041d845988923d83ed.jpg,576,1024,0,2026-08-24
2026-09-03,receita barata para o mes,771734086194296844,75,81,0,"🍱 Marmitas Fitness: aprenda a montar marmitas saudáveis, baratas e fáceis para a semana inteira — perfeitas para quem quer praticidade, alimentação saudável e manter o foco no emagrecimento sem perder",instagram.com,https://www.instagram.com/p/DV4Cik0GpH6/?img_index=3,https://i.pinimg.com/originals/52/f7/bf/52f7bf5f1d3fb53f44ef1f0dc46a8626.jpg,1080,1440,0,2026-08-05
2026-09-03,lanche saudavel,AS9U7Qr81XaOBcoJ0XLAnf_zWav6Tg8j5hyCQqPWd8ri7qYkYfSqkR-5ChNXhIc5xExyKVQ4xDK1FwJOwc9jLBs,2,1,0,Reach Your Healthy Weight,noom.com,https://www.noom.com/programs/health-weight/exsf01/?upv=3&sp=pinterest&utm_source=pinterest&utm_medium=paidsocial&utm_campaign=%7Bcampaignid%7D&utm_content=%7Badid%7D&gid=%7Badgroupid%7D&utm_term=%7Bkeyword_id%7D%7C%7Bkeyword%7D&step=pros&lang=en&device=%7Bdevice%7D,https://i.pinimg.com/originals/94/49/af/9449af45dee79199ecc36f58209f21b5.jpg,736,1104,0,2026-01-28
2026-09-03,lanche saudavel,10485011664254486,3,235,0,Wraps de Frango com Abacate e Iogurte Grego 🌯🥑,,,https://i.pinimg.com/originals/10/2d/e6/102de6379f228ee8e20b434f8b3f39a8.png,1024,1820,0,2025-01-15
2026-09-03,lanche saudavel,1900024840228372,4,6587,0,,,,https://i.pinimg.com/originals/00/0d/5c/000d5cb936b23306d9d7a35e6679ca2a.jpg,1080,1920,0,2026-08-21
2026-09-03,lanche saudavel,1000995454671671598,5,25744,0,,,,https://i.pinimg.com/originals/71/33/b5/7133b56cb67f8da3d91612b8a9f20a9c.jpg,736,965,0,2024-08-05
2026-09-03,lanche saudavel,AbQaeRj-BsRhHW6qfy2-8G1z2PF4VWDuzpHNGCOF2spbeRF1Mcbkv2w19_n3dNonLeaaRXzmpQy6tm-hpdQeZKc,6,24,0,Balsamic Grilled Chicken,safeway.com,https://www.safeway.com/meal-plans-recipes/shop/balsamic-grilled-chicken-fresh-mozzarella-avocado-salad-bowl-2,https://i.pinimg.com/originals/08/f2/11/08f211d92155e7fe86c69beb423914ae.jpg,300,300,0,2025-04-22
2026-09-03,lanche saudavel,AVx6Onsua97yMmSxNBgznXvCdzPhTcnR6ydjU7dAwyAc3cc4PXv_QGa3qC6BPLcVDD_Xa2sN-mD4a7KigDDsFi4,7,1,0,egglife wraps: made with,egglifefoods.com,https://www.egglifefoods.com/recipes/bltpk-wrap?utm_source=pinterest&utm_medium=paid_social&utm_campaign=%7Bcampaignid%7D&utm_content=%7Badid%7D&utm_term=%7Badgroupname%7D,https://i.pinimg.com/originals/e8/d0/9d/e8d09d324df4966546b0023fd52d3684.jpg,2160,3840,1,2026-08-03
2026-09-03,lanche saudavel,Ac6rs85jyrhhRqdBOUJWOuEEf2QbQye6cisZKZuAGQXuI-xSoxVpsN2qSIkBe79n0Behoo58tHzfg4NyGRYJ-bk,8,1,0,Fresh Fruit Salad Snack,ediblearrangements.com,https://www.ediblearrangements.com/fruit-gifts/fresh-fruit-salad-snack-pack-5850,https://i.pinimg.com/originals/e2/a1/0e/e2a10e6de65223e8a7798151779d9a87.png,1200,1800,0,2026-08-07
2026-09-03,lanche saudavel,1112178070510483493,9,4,0,Pancakes 🥞,,,https://i.pinimg.com/originals/43/77/ba/4377bac26f21f24ff550eef08173bb30.jpg,736,981,0,2026-08-20
2026-09-03,lanche saudavel,1477812375324161,10,51999,0,,,,https://i.pinimg.com/originals/29/8a/47/298a47d5660e958bbe1f011153f2b8c1.png,1000,1500,0,2026-05-09
2026-09-03,lanche saudavel,AReWAgClh0NhIqhfUAyVWHRrL-x5PLuOpGX0zoRcSxKnapKey9EBtKRVUh2w7yvyeVgIP3_3rHne0TllHJwTtSg,11,1,0,"Try NEW Campbell's® Sauces in Butter Chicken, Smothered Chicken, Creamy Garlic, and Thai Curry",shop.mikmak.ai,https://shop.mikmak.ai/social/6a84a57a325bd9fee3075179?utm_source=pinterest&utm_medium=paid_social&utm_campaign=sauce_innovation_foundational&utm_term=ad25+_meal_planning&utm_content=how_to_smothered_chicken&utm_placement=in_feed&utm_marketing_tactic=awareness&utm_format=carousel,https://i.pinimg.com/originals/cf/a0/b9/cfa0b9ed61aa3aedd64c7a60d18a1cde.png,1080,1620,0,2026-08-27
2026-09-03,lanche saudavel,351912467529017,12,16113,0,,,,https://i.pinimg.com/originals/de/9d/59/de9d594e4f25594785223bb6f91f78fe.jpg,736,1308,0,2026-07-24
2026-09-03,lanche saudavel,1548181186522027,13,1646,0,,,,https://i.pinimg.com/originals/84/bf/20/84bf2032b80b7945135b1c58946013ed.jpg,2268,4032,0,2026-02-11
2026-09-03,lanche saudavel,AdpMIv8xyS4LDDZkr2TmI7TJujXJTVcHXk8EU6tLwwE_Y6YSW29Waz2avgI2DsXdASTeeBT52UI5Fd6ARCIOazY,14,1,0,Is REESE'S why so many,amazon.com,https://www.amazon.com/stores/page/C742F08D-F14A-4B88-8C82-09911045292F?channel=pinterest-paidsocial,https://i.pinimg.com/originals/cc/8b/94/cc8b94a80d8d4d7b30115e5e17b68b4e.jpg,1000,1500,0,2026-07-31
2026-09-03,lanche saudavel,ATLkX1AGJ-O1hTaGTfB5LOi4pPcW8U4IettRUGIE88W6-FPBSCgTO_-zSF2tO8QPVvIXqrawmJZG5OHIkkgMDvA,15,1,0,Jamie Oliver's,uk.pinterest.com,https://uk.pinterest.com/jamieoliver/back-to-school-recipes/,https://i.pinimg.com/originals/8c/f5/68/8cf56820fa5d18a953add6ec8ea5d18b.jpg,969,1279,0,2026-08-13
2026-09-03,lanche saudavel,AQMZewDLiNLnZfU6pnxpt34ZYgialRaue6oyow_wGGaM8uJxQhjBqRKA8AEnw7ZgO1cF9TKjH2-cR1HtzSk8Qtw,16,1,0,Everyday Bread made with,kingarthurbaking.com,https://www.kingarthurbaking.com/recipes/everyday-bread-recipe?utm_source=social&utm_medium=pinterest&utm_campaign=fy27fallwholegrains,https://i.pinimg.com/originals/1d/a9/23/1da92329e64a595453f4479d447e0cb6.jpg,1080,1080,0,2026-08-20
2026-09-03,lanche saudavel,125537908358101075,17,48,0,Café da manhã saudável | lanche da tarde saudável | frutas e iogurte,,,https://i.pinimg.com/originals/b7/b9/bc/b7b9bc41a2bb7489220aef026ece67e4.jpg,1080,1920,0,2026-02-06
2026-09-03,lanche saudavel,1050816525525157669,18,659,0,,,,https://i.pinimg.com/originals/8f/f6/7a/8ff67a0ff145e8c71d1bd89f05201222.jpg,736,920,0,2021-07-08
2026-09-03,lanche saudavel,AdSOiWwgU8K7ZNYj29pN8w9KgRwRoOlhiqoOXicXM7xvTekgicbluACTNMizshvsrG1Fdv5DMsgwbxOYveTT0w4,19,1244,0,Healthy Breakfast Bowls,athleticlift.com,https://athleticlift.com/high-protein-breakfast-bowls-plates/,https://i.pinimg.com/originals/a4/b8/67/a4b867b2684c7567ed65487d9a07d091.png,887,1774,0,2026-06-27
2026-09-03,lanche saudavel,14003448838506589,20,1667,0,,,,https://i.pinimg.com/originals/f5/17/b0/f517b0e4cde2c5869475ec455f216553.jpg,1080,1920,0,2026-06-04
2026-09-03,lanche saudavel,937100634956903129,21,267,0,Receita rápida e deliciosa 🍕 . . #receitafit#receitasimples#receitasaudavel#receitadocefit#receitafacil#receitarapida#bolodechocolatefit#bolodechocolate,instagram.com,https://www.instagram.com/p/C3tgFQURrBk/,https://i.pinimg.com/originals/a5/9a/42/a59a42f811c7bcf3a9d713ed6c428b41.jpg,1080,1350,0,2024-05-04
2026-09-03,lanche saudavel,ATUoR23k1kymB4gDLqcMzW9OnV3nE8tfhtqfDTTlZ6pJK6ECINNoWUnFLtSYHztY9KdIW-zlI4iE1CE8hVIRtQ4,22,234,0,Yummy Zero Grams of Added,stonyfield.com,https://www.stonyfield.com/products/?family=kids,https://i.pinimg.com/originals/c0/a1/63/c0a1631be60333a3b98ec8336e0bae89.jpg,1080,1920,1,2026-03-24
2026-09-03,lanche saudavel,157555686958789554,23,406,0,,,,https://i.pinimg.com/originals/e0/75/fb/e075fb2d4ab4691c12c7958dd8b7c2d6.jpg,736,981,0,2023-09-21
2026-09-03,lanche saudavel,ATZ16LSeVRLgIF-6bHFNdQ4X1OVhCLZ1SuZ0H57FUv5Q4C_NntImJaZYcGk7PUGmKJAKFygF-FPvOVfsAwGB46c,24,1,0,50 Salades Repas Healthy:,amazon.com,https://www.amazon.com/Salades-Repas-Healthy-seulement-ingr%C3%A9dients/dp/B0H98ZQQ93/ref=asc_df_B0H98ZQQ93?hvdev=%7Bdevice%7D&hvcampaign=%7Bcampaignid%7D&hvadgroupid=%7Badgroupid%7D&hvprdptid=%7Bproduct_partition_id%7D&hvprdgrpid=%7Bpromoted_product_group_id%7D&hvcr=%7Bcreative_id%7D&hvadid=%7Badid%7D&hvprdid=%7Bproduct_id%7D&hvplc=%7Bplacement%7D&psc=1&tag=%7Bifnotmobile:ushpadpinde-20%7D%7Bifmo,https://i.pinimg.com/originals/9d/3e/45/9d3e45fbdef6f3e9c01194beff6dd67a.jpg,1000,1499,0,2026-07-22
2026-09-03,lanche saudavel,Abfx8H5JADrooxnlBc6bN4IDnENIjX8ddeJdKaCN4BWJYwgwUywapCco_rRGIsXXhktPHpcxSc9XZakjlGaKSMs,25,97,0,14 Easy Lunch Ideas to,stroller-envy.com,https://stroller-envy.com/14-easy-lunch-ideas-that-arent-the-same-turkey-sandwich-again/,https://i.pinimg.com/originals/67/79/8a/67798a850c08a8e95d1f4c207123055d.png,1728,2592,0,2026-06-13
2026-09-03,lanche saudavel,AZmJr5IZalbwwmM6unbJt8DdildPmNdhynCQLdGdKrdR-KkBWj3D_j44XKmPw-Z_7IVD5iKEJ0zCmS9W77cDcEM,26,1,0,Check GoodRx,goodrx.com,https://www.goodrx.com/well-being/diet-nutrition/best-food-sources-protein,https://i.pinimg.com/originals/95/7d/aa/957daac28a1ae04bbe80050037f6f349.jpg,736,1308,0,2026-07-23
2026-09-03,lanche saudavel,6403624466201789,27,2735,0,,,,https://i.pinimg.com/originals/7d/19/0c/7d190cad9661bf61b5aa556c15dfe8ed.jpg,1080,1918,0,2025-12-10
2026-09-03,lanche saudavel,17592254793716736,28,8233,0,,,,https://i.pinimg.com/originals/e0/1b/a8/e01ba8cd750ba03dc79f39ba58351ad4.jpg,736,981,0,2026-06-18
2026-09-03,lanche saudavel,AUgus07EeL6SygQY6DVqpgg82h5uEhYZ32uzyFyrETI8uo1_7VbySDxzCvCBB8mPYd7rOTaxVRtr5l7uQp6_nUA,29,2460,0,Probiotic Sweet Potato,lifewaykefir.com,https://lifewaykefir.com/recipes/probiotic-sweet-potato-protein-bowl/,https://i.pinimg.com/originals/02/27/5c/02275cacd643cee98f8eae8060477a3c.png,1000,1500,0,2025-05-02
2026-09-03,lanche saudavel,81275968272297876,30,650,0,,,,https://i.pinimg.com/originals/18/1f/d2/181fd234d2bc0586e24fbc2030ad0a21.jpg,736,1308,0,2026-06-14
2026-09-03,lanche saudavel,AXe7--fme1Iz0gR0DCmCB_gnFOeBfOPh8GZUTvipoEE0bNCt2O5-_mxVz8lrEAK3XlUhnVr3NQ-vSGSVHwleVd0,31,1,0,Protein Breakfasts Made,amazon.com,https://www.amazon.com/Protein-Breakfasts-Delicious-Recipes-Strong-ebook/dp/B0C2D425XZ/ref=asc_df_B0C2D425XZ?hvdev=%7Bdevice%7D&hvcampaign=%7Bcampaignid%7D&hvadgroupid=%7Badgroupid%7D&hvprdptid=%7Bproduct_partition_id%7D&hvprdgrpid=%7Bpromoted_product_group_id%7D&hvcr=%7Bcreative_id%7D&hvadid=%7Badid%7D&hvprdid=%7Bproduct_id%7D&hvplc=%7Bplacement%7D&psc=1&tag=%7Bifnotmobile:ushpadpinde-20%7D%7Bifm,https://i.pinimg.com/originals/e5/0e/50/e50e500161141655d03e756251edbe9b.jpg,1600,2560,0,2026-03-24
2026-09-03,lanche saudavel,578923727123692264,32,235,0,,panelinhadesabores.blogspot.com,https://panelinhadesabores.blogspot.com/2023/07/salada-de-atum-nutritiva.html?m=1,https://i.pinimg.com/originals/71/c6/16/71c6168f206cf422f7a49838d7ef150e.jpg,3024,4032,0,2023-10-06
2026-09-03,lanche saudavel,1103522714946800860,33,4726,0,,,,https://i.pinimg.com/originals/0b/57/aa/0b57aa44bf44ca82197b8c9ec502c5a2.jpg,735,985,0,2025-03-18
2026-09-03,lanche saudavel,2533343539304601,34,1126,0,,,,https://i.pinimg.com/originals/ca/f1/65/caf16503fe2c5accd4501fa1c3895615.jpg,1080,1920,0,2026-07-22
2026-09-03,lanche saudavel,7388786884760727,35,477,0,Panqueca fit 🥞,,,https://i.pinimg.com/originals/c5/e8/1e/c5e81ed4812594bef884ea6d1927c0de.jpg,1080,1920,0,2025-10-07
2026-09-03,lanche saudavel,Acrj1lQ2o8SlC9RKE0YcL4taFppavgqF2pNuADRJaj2buR3WDY7tal-LWWxHTldK5y7-hoEoZNndIY2zLT0JoGc,36,7,0,Roasted Chickpea Kale,purewesson.com,https://www.purewesson.com/recipe/roasted-chickpea-kale-salad-fresh-pita/,https://i.pinimg.com/originals/3d/22/ec/3d22ec25e4350e266b6dd9f0e3bbfae4.png,1000,1500,0,2026-07-27
2026-09-03,lanche saudavel,AXg6V4oA4381eSYDuzfgh2dy8ntfvCcLML8QoKUqQI1y8L7qb5AvRn12zfCoZpoTbbKsuTUoDN2g2ZPot28Bkug,37,12,0,Chopped Salmon Sandwich |,youtu.be,https://youtu.be/qclNksEVKyo?si=e2E6JqXn6L2yiZZx,https://i.pinimg.com/originals/f8/5e/c2/f85ec2c5e9d62ad39c62c736fbf5b170.jpg,1080,1920,1,2026-08-28
2026-09-03,lanche saudavel,4855512093959374,38,1150,0,"Opção de lanche saudável com iogurte natural Danone, duas maçãs e granola",,,https://i.pinimg.com/originals/87/76/94/8776944dbd6a2d023a23a54beac3fb85.jpg,1080,1920,0,2024-10-05
2026-09-03,lanche saudavel,AYE5xAmthnnIeTE49xfFt4O3Ru9TDWIFbR5YaqY5gJNRJg5x86kJRcREnawcH2EGQ7NlycmHrYoVR9S9Y5CKs7w,39,3,0,Salades en bocal haute,amazon.com,https://www.amazon.com/Salades-bocal-haute-prot%C3%A9ine-pour/dp/B0H4133Z64/ref=asc_df_B0H4133Z64?hvdev=%7Bdevice%7D&hvcampaign=%7Bcampaignid%7D&hvadgroupid=%7Badgroupid%7D&hvprdptid=%7Bproduct_partition_id%7D&hvprdgrpid=%7Bpromoted_product_group_id%7D&hvcr=%7Bcreative_id%7D&hvadid=%7Badid%7D&hvprdid=%7Bproduct_id%7D&hvplc=%7Bplacement%7D&psc=1&tag=%7Bifnotmobile:ushpadpinde-20%7D%7Bifmobile:ushpa,https://i.pinimg.com/originals/35/72/82/357282997613df5b00e4005d1818ff81.jpg,1000,1293,0,2026-06-27
2026-09-03,lanche saudavel,1829656095739201,40,28941,0,,,,https://i.pinimg.com/originals/b7/ca/93/b7ca930c51cd97d247a3193cea980601.jpg,675,1200,0,2026-05-16
2026-09-03,lanche saudavel,ASLWQEN-jG8Bct8J9aVKBlXCB7L5vSgve96Q0PPKr2RVpGxQacg3U8h5768qpuu84l6iaxJT2eBpSjclyV9MWfg,41,46,0,Cottage Cheese Tzatziki,bakingthegoods.com,https://bakingthegoods.com/cottage-cheese-tzatziki-toast/,https://i.pinimg.com/originals/60/6c/52/606c520e8e4b868fc2192e3f59a2a0a6.jpg,2000,3000,0,2026-08-04
2026-09-03,lanche saudavel,44262008833615495,42,423,0,alimentação saudável,,,https://i.pinimg.com/originals/e4/67/14/e46714bb511b33ffdb98b8afbcdc6657.heic,3024,4032,0,2026-05-12
2026-09-03,lanche saudavel,790522540878202771,43,716,0,Lanche saudável prático e rápido || iogurte com granola,,,https://i.pinimg.com/originals/96/79/d2/9679d29363dd3dd3b01386cae0912808.jpg,1080,1920,0,2024-11-25
2026-09-03,lanche saudavel,AdSk6DEe3a6NfX39AG9W5S6c1q7BNtfm0fUR16bx14KwM6Aoi8SArW-3mpvDPh26sDHuvAJcr104IBmI72KLI0U,44,1,0,Tuna Casserole,vancampsseafood.us,https://www.vancampsseafood.us/,https://i.pinimg.com/originals/03/81/c5/0381c5fe6a414557e717f0cbb7152a63.jpg,1080,1350,0,2025-08-29
2026-09-03,lanche saudavel,688698968046239576,45,18621,0,,,,https://i.pinimg.com/originals/4c/76/c5/4c76c5d083ba9126065727499dce0518.jpg,720,900,0,2023-09-16
2026-09-03,lanche saudavel,16395986140842324,46,4270,0,,,,https://i.pinimg.com/originals/09/4d/d1/094dd18bed4613fd7d29d19a3b723b37.jpg,676,1200,0,2025-12-09
2026-09-03,lanche saudavel,AdR9xI1l577tbgw16aDY8-pECWO5A_Grzi3LMEhAm6RPVoUyP61fXb8OMvkv72JBpyA-Att-ckN9m-zXTw0H_fg,47,2,0,The Happy Lunch Box,amazon.com,https://www.amazon.com/Happy-Lunch-Box-Johnson-143/dp/B0GCM1W5CV/ref=asc_df_B0GCM1W5CV?hvdev=%7Bdevice%7D&hvcampaign=%7Bcampaignid%7D&hvadgroupid=%7Badgroupid%7D&hvprdptid=%7Bproduct_partition_id%7D&hvprdgrpid=%7Bpromoted_product_group_id%7D&hvcr=%7Bcreative_id%7D&hvadid=%7Badid%7D&hvprdid=%7Bproduct_id%7D&hvplc=%7Bplacement%7D&psc=1&tag=%7Bifnotmobile:ushpadpinde-20%7D%7Bifmobile:ushpadpinsp-20%7,https://i.pinimg.com/originals/d9/4b/ba/d94bba15b43be793344c32b58726aa81.jpg,1000,1499,0,2026-07-08
2026-09-03,lanche saudavel,315814992632801190,48,621,0,"Muffin de queijo, tomate e manjericão é fácil de fazer e ótima opção de lanche da tarde",guiadasemana.com.br,https://www.guiadasemana.com.br/stories/67871/receita-muffin-de-queijo-tomate-e-manjericao,https://i.pinimg.com/originals/0e/f7/76/0ef7766b3075742b8f30ff275fba26be.jpg,720,1280,0,2022-07-08
2026-09-03,lanche saudavel,318418636175697928,49,145230,0,,,,https://i.pinimg.com/originals/aa/50/cb/aa50cbc90bae15eb40020e923c8db747.png,736,981,0,2024-04-17
2026-09-03,lanche saudavel,46091596182130044,50,623,0,Lanche da Tarde Saudável,go.hotmart.com,https://go.hotmart.com/J101187734Q?dp=1,https://i.pinimg.com/originals/0a/72/7a/0a727ac2b5dbeda82bf2432c3c161cca.jpg,736,1308,0,2026-08-11
2026-09-03,lanche saudavel,AZrMyOtRv1o58UF0miYK86mIN_fjXuH6_JrCns8Jbq_zJuom7iRS5vZmpBTQUnq2Tl8L4kQA4SbxbUOIfDfOVmw,51,1,0,Hillshire Reserve™ Lunch,shop.mikmak.ai,https://shop.mikmak.ai/social/6a394a3a3b29ed6f193e389e?utm_campaign=hillshirefarm-premiumlunchmeat-plm-fy26-q4-us&utm_source=social-pi-na&utm_medium=reach&utm_term=psk&utm_content=serve-static-dynamic,https://i.pinimg.com/originals/b3/f4/3c/b3f43cc0ef09c5868e1b50132151b25b.jpg,1000,1500,0,2026-08-25
2026-09-03,lanche saudavel,Ad9S1pqSrFsasOD-uibrHP5DWw7TgXwRKMcwuGk_eLkzB6spnyP8M5R-G0lKpjWUulvO4-awALy_y5WCJZeDGoM,52,0,0,The Snack That Smiles,goldfishsmiles.com,https://www.goldfishsmiles.com/crackers/cheddar-cheese-crackers?utm_medium=Paid%20Social&utm_source=Pinterest%20&utm_campaign=Equity&utm_term=Martha%20Dove%20BTS%20Influencer_9x16%20/%20mp4,https://i.pinimg.com/originals/a1/9b/42/a19b42799d97ce8d1a079bf3ff5c28cc.jpg,1080,1920,1,2026-07-23
2026-09-03,lanche saudavel,AVSE0V-msnwU1Ml4pfmjS_ff1rJUnrmaXRO98-YMb-XnDokDVf49vMq4hhMhrLemG-AJD-D_Hzwf7fNebyYVVqA,53,1,0,"Back to School, Back to",kraftheinz.com,https://www.kraftheinz.com/classico/products/00041129077122-tomato-basil-pasta-sauce?utm_medium=paidsocial&utm_source=pinterest&utm_campaign=%7Bcampaignid%7D&utm_adgroup=%7Badgroupid%7D&utm_content=%7Badid%7D,https://i.pinimg.com/originals/97/b8/12/97b812081022d681b5618677f2d4187e.jpg,1000,1500,0,2026-07-09
2026-09-03,lanche saudavel,AR7Hd0wofEJz2PyQzXxEjTpTPtNMxBBTdhx77NfumPdDVJA5xJ1K0UvjR2xU6slUpBz-YYkNbtmUe0dKaw_gavA,54,49,0,Full on tasty breakfast,lets.shop,https://lets.shop/1E96/noosa_8oz_paidmedia/,https://i.pinimg.com/originals/d1/78/4f/d1784f2a93064f086865d699997cda3f.jpg,400,600,0,2024-04-26
2026-09-03,lanche saudavel,1118792732413579561,55,144,0,"𝓘𝓷𝓯𝓵𝓾𝓮𝓷𝓬𝓮𝓻 𝓕𝓲𝓽 on Instagram: “Boa tarde, gente! ⁣ ⁣ ✔️ Banana com canela e morangos. ⁣ ⁣ Lanche rápido e saudável para matar aquela fome da tarde. ⁣ ⁣ Se está sem ideia…”",instagram.com,https://www.instagram.com/p/CE99QxJnhhB/?igshid=af9wzijr6lum,https://i.pinimg.com/originals/32/95/cc/3295ccac24bc28c2ff819aa8dbbbb5c1.jpg,1080,1349,0,2023-07-07
2026-09-03,lanche saudavel,1055599908734647,56,5058,0,,,,https://i.pinimg.com/originals/94/63/e9/9463e9a2e89aee3fdd47817db3abb974.jpg,1080,1920,0,2025-09-18
2026-09-03,lanche saudavel,874613190115753021,57,1121,0,Lanche Saudáveis,bio.site,https://bio.site/formafit,https://i.pinimg.com/originals/0c/ba/14/0cba14554ecfe12c1d6e77efeb0ebc48.jpg,675,1200,0,2023-07-03
2026-09-03,lanche saudavel,AWv21C_jxg534Yg6ZxU1j6i0YwkExkWgNj8-nPbiSEz3DNPLY6mR4DxGu80FAWtwGqcaqlO5IyhJkxByZ5t_KQI,58,1,0,Try these high protein,instacart.com,https://www.instacart.com/store/brands/egglife-foods-llc/recipe-series?utm_source=pinterest&utm_medium=paid_social&utm_campaign=%7Bcampaignid%7D&utm_content=%7Badid%7D&utm_term=%7Badgroupname%7D,https://i.pinimg.com/originals/82/17/49/8217498398dfe57bc15c3125d39b271e.png,1080,1920,0,2026-07-31
2026-09-03,lanche saudavel,AcVE1vgcBpE4iioqjG22IYnoW60TNwrahYyJUXF09FxahLxH3KzzToI_iBvNJW-v75C0WreZHVFQHtbTDzzJFi4,59,1,0,Balsamic Portobello,safeway.com,https://www.safeway.com/meal-plans-recipes/shop/balsamic-portobello-burger-caramelized-onions-side-salad-1,https://i.pinimg.com/originals/28/75/63/287563b367f4f3074e9d168602a34c35.jpg,300,300,0,2025-04-22
2026-09-03,lanche saudavel,AbaAA95GX01O_UUSgt23dp1Mgxejfx3CAVpYrMHzQ-jQwXtQgoovVVIB74GwVXgeEZsMPXP-CeY8DD62_N0stDI,60,4,0,Tanoreen - Mini Falafel,goldbelly.com,https://www.goldbelly.com/restaurants/tanoreen/falafel-kit-for-4,https://i.pinimg.com/originals/e1/16/20/e116201685ed05c155a4d5fedf9959e2.jpg,3612,3651,0,2025-09-05
2026-09-03,lanche saudavel,790522540872266108,61,419,0,Café da manhã saudável,,,https://i.pinimg.com/originals/b0/26/8a/b0268aaaf8c7b2ca52ad1cd4eff65d32.jpg,1080,1920,0,2024-02-23
2026-09-03,lanche saudavel,AbGvLLMT1aCDkjv5FuLOQGKz7nSa6JlQfWEYc_sH2GBEJrIh05E2jjwFEEN2-focN4cqvB-9JVLoETEz9QPEVNo,62,1,0,"Quick, simple, delicious Butter Chicken is just two steps away with New Campbell’s® Sauces",shop.mikmak.ai,https://shop.mikmak.ai/social/6a2057793ef48977baef033b?utm_source=pinterest&utm_medium=paid_social&utm_campaign=sauce_innovation_foundational&utm_term=ad25+_meal_planning&utm_content=final_butter_chicken_dish&utm_placement=in_feed&utm_marketing_tactic=awareness&utm_format=static,https://i.pinimg.com/originals/e1/45/a6/e145a633edef8441accfb85ccc7fead7.png,1080,1620,0,2026-08-27
2026-09-03,lanche saudavel,1144055111615257809,63,197,0,"Clean eating is all about enjoying whole, natural foods that nourish your body, and a buffalo chicken wrap can fit right into this lifestyle with a few simple tweaks. Imagine a wrap filled with spicy,",,,https://i.pinimg.com/originals/c4/02/bd/c402bdf02b68bcb882b9f30bb5a6da5c.jpg,736,920,0,2026-04-05
2026-09-03,lanche saudavel,AS8EzztgJ3zDlVIHHOi726s7qQOkDNzdu_0PQmzTbEOnpwF8NejY3JiPpQcH6bQu5aFkGzPAdMcvc90quQFoNvA,64,1,0,Sesame Wheat Bread made,kingarthurbaking.com,https://www.kingarthurbaking.com/recipes/sesame-wheat-recipe?utm_source=social&utm_medium=pinterest&utm_campaign=fy27fallwholegrains,https://i.pinimg.com/originals/d4/53/5f/d4535f4c2b3374a924f9747aafcd5657.jpg,1080,1080,0,2026-08-20
2026-09-03,lanche saudavel,1063623637038183438,65,52,0,,,,https://i.pinimg.com/originals/4a/98/f1/4a98f14d4db67ad5cba178fbb71613aa.jpg,736,965,0,2025-07-31
2026-09-03,lanche saudavel,AWaRi-MtLpgvFb3O4jPNFE7C4uhhcMSaUMiccEE-ePRR6Sxj9BarNhqtNQY7xqTP61WJBUanPGHonyUeLGyNt7c,66,1,0,The Easiest Way to Eat,eat.hungryroot.com,https://eat.hungryroot.com/oct-2025-different-30/?utm_source=pinads-sub&utm_medium=cpc&utm_campaign=ACQ-Pin-S114_P+&utm_content=PNEW1083&wm_source=pinterest&wm_medium=ads&wm_ad_id=%7Badid%7D,https://i.pinimg.com/originals/ad/e6/ca/ade6ca5bae13292fc58185f3e4962043.png,1000,1500,0,2026-08-21
2026-09-03,lanche saudavel,AStv1ShQjBvCENFXGBP0PAMs4ij65ybnNhxIG1QMfSYXS4ph6lCuHEQAs4_WH8hFf_GfEytEnOzOtxCXRjbUV7o,67,126,0,High-Protein Cottage,instacart.com,https://www.instacart.com/store/recipes/15251753?utm_source=PinterestxInstacart&utm_medium=ProjectFlip,https://i.pinimg.com/originals/26/94/22/26942233e182d96233cbe25086dd509a.jpg,1080,1920,1,2026-06-30
2026-09-03,lanche saudavel,AU0YV-6WlprFZhPxzPLbEZgzzRaUQGUDw3nrmOqV-DsNkdtk9Omvc6P6OENmS8qbcD2BUxDiWESIGK2M0gX67AY,68,4,0,Baanphet Sukphrom Wang,expedia.com,https://www.expedia.com/Hotel-Search?destination=Wang+Nam+Khiao&selected=126970487&startDate=2026-09-03&endDate=2026-09-04,https://i.pinimg.com/originals/59/2d/47/592d47aad8787490c7270af9f1a91a71.jpg,1000,1500,0,2026-06-10
2026-09-03,lanche saudavel,5911043262162509,69,473,0,"café da manhã , saudável.",,,https://i.pinimg.com/originals/1e/04/0c/1e040cba482d8e55d9d3fbe97c2dfbb4.jpg,2250,3075,0,2025-11-20
2026-09-03,lanche saudavel,2533343539395475,70,9551,0,,,,https://i.pinimg.com/originals/2d/63/8b/2d638ba274b00b99068c37087cf277c2.jpg,736,1104,0,2026-08-25
2026-09-03,lanche saudavel,ASViFEjy8OcmEv_FMVBjgY-STmzvYQ9fmgqc6jSkJsrM3n1naSWjmUeQHkzLpQ-CzLrf11I22kXe5WQhNW7Renk,71,32,0,Start Transformation Now!,quiz.betterme.world,https://quiz.betterme.world/first-page-generated?flow=3068&utm_source=pinterest&utm_medium=organic&utm_content=27_2025-07-11_ira_H-FemaleCutting_K-Remake_CT-29985_Ver-3_pn.jpg,https://i.pinimg.com/originals/d3/95/10/d395106263f85c91ed1a97121c12b0d4.jpg,1080,1920,0,2026-01-31
2026-09-03,lanche saudavel,1102185708796290022,72,53,0,8 recetas fáciles y ligeras para almorzar - Adelgazar en casa,inshape.blog,https://inshape.blog/category/healthy-food?fN4sR3vEz,https://i.pinimg.com/originals/ca/da/ee/cadaee91f8f0d2ee7bfbcf56550c8747.jpg,564,704,0,2024-04-01
2026-09-03,lanche saudavel,AWdF9tnBN0g0F4wysV1yWecAmg8H-vTDT6Y7hznVlFsKw59oRzsx--STjc9jVL9SYK-kcoAtGtAooQguIUbvouI,73,3,0,Chicken Pesto Sandwich,hamiltonbeach.com,https://hamiltonbeach.com/chicken-pesto-sandwich,https://i.pinimg.com/originals/d0/d1/e2/d0d1e2c36e7d063162d71765178bddc6.jpg,1000,1500,0,2026-01-21
2026-09-03,lanche saudavel,AWSBthHVZbs2sr4PKXjCuQlIbZRuLptItxdN39VYBC6SIIbNJ_bPH81ngzfJfhTzOgKY5RY27zBJo-pbcUjiyJo,74,0,0,20-Pack 5oz Clear Plastic,us.shein.com,https://us.shein.com/ark/default?scene=1&test=5051&ad_type=DPA&goods_id=466427416&pf=PINTEREST&url_from=PINADSDPA&ismg=d42686a94e197f3b2a41c3d9f426767aa5940e1b8bc5cc3a46df7bccfc797695_01_1788368944,https://i.pinimg.com/originals/0d/38/7a/0d387af9244c84ee7cc9b977ccfc0c5f.jpg,1340,1785,0,2026-08-07
2026-09-03,lanche saudavel,5488830792598554,75,1312,0,Lanche 🥝🍒,,,https://i.pinimg.com/originals/11/29/d2/1129d23a954889dae67159f1b90a4298.jpg,1080,1920,0,2025-10-05
2026-09-03,bolo caseiro simples,1103663452446059612,2,407,0,"Bolo fofo de Requeijão fácil 😋💖😋💖 ✅️ Ingredientes: 3 ovos 1 copo de requeijão (250g) 2 xícaras de chá de açucar 1/2 xícara de chá de óleo 1 pacote de coco ralado (100gr) – usei uns 50 gramas, porque e",instagram.com,https://www.instagram.com/p/DL2i6Fix7C4/,https://i.pinimg.com/originals/08/c2/12/08c212e81507f92696885e8f8bfcc11b.jpg,1080,1350,0,2025-07-09
2026-09-03,bolo caseiro simples,691935930279481082,3,502,0,Bolo Mesclado PERFEITO,youtu.be,https://youtu.be/Sacehl-WIf4,https://i.pinimg.com/originals/01/89/33/0189334e9f877711dba573800c85daf4.jpg,800,1200,0,2024-07-06
2026-09-03,bolo caseiro simples,ASUmoQ8U_8xD4IhE1XmaxsGZ4BIP92VzgmmD712jm8teYD63Xp8n5wfV6Z5NSZz8TMgsinan8u6zSBOV4m-zctU,4,1,0,Loaf Cake Recipes: Easy,amazon.com,https://www.amazon.com/Loaf-Cake-Recipes-Easy/dp/B0DRNSPNN9/ref=asc_df_B0DRNSPNN9?hvdev=%7Bdevice%7D&hvcampaign=%7Bcampaignid%7D&hvadgroupid=%7Badgroupid%7D&hvprdptid=%7Bproduct_partition_id%7D&hvprdgrpid=%7Bpromoted_product_group_id%7D&hvcr=%7Bcreative_id%7D&hvadid=%7Badid%7D&hvprdid=%7Bproduct_id%7D&hvplc=%7Bplacement%7D&psc=1&tag=%7Bifnotmobile:ushpadpinde-20%7D%7Bifmobile:ushpadpinsp-20%7D,https://i.pinimg.com/originals/b9/05/78/b90578715c0846c3771a29b3aa010885.jpg,1000,1430,0,2025-10-20
2026-09-03,bolo caseiro simples,12525705209393449,5,1106,0,,,,https://i.pinimg.com/originals/13/c2/65/13c265c9b48fced6f8b27f7564ad45d3.jpg,736,1308,0,2026-03-18
2026-09-03,bolo caseiro simples,AYmJeM-ilvgDHb5erx5MucuvWS_dmUl6DIJDaQ-kDIFy1yXK2UTUam9DjPIf5U7xHsoHPwtpZe3rfAAJHFOGHxY,6,2,0,RECEITA_DOCE_BOLO | Moderno e Único,s.shopee.com.br,https://s.shopee.com.br/2VnPVYROJl?pp=1&channel_type=pinterest,https://i.pinimg.com/originals/38/45/33/384533c92774e4ca754bbc6c07e605c2.jpg,736,1103,0,2026-08-07
2026-09-03,bolo caseiro simples,1103663452446059613,7,225,0,Bolinho Fofinho de Trigo 🎂😋 📝 Ingredientes 3 ovos (gemas e claras separadas) 1 xícara (chá) de leite 1 xícara (chá) de açúcar (240 ml) 2 xícaras (chá) de farinha de trigo peneirada 4 colheres (sopa) d,instagram.com,https://www.instagram.com/p/DL3Qhxppn69/,https://i.pinimg.com/originals/d3/5b/79/d35b795d5a45a20d59106eddd26645fe.jpg,1080,1350,0,2025-07-09
2026-09-03,bolo caseiro simples,AQ52KE8-xtWdX28Fm6kSQ1VTpzBUmwhM4omasx-o6AjUWcWYWolD7wshwwY6tjwdB5Buyqob5GiSqNd6s2AMfAA,8,1,0,Let's Celebrate,amazon.com,https://www.amazon.com/dp/B08W5G2LRD,https://i.pinimg.com/originals/a7/59/e8/a759e8f2c140ac3bc9545393907ea48b.jpg,1000,1501,0,2026-08-28
2026-09-03,bolo caseiro simples,AVCV1FQuFRe_7pjrpHZhcyeI0FQoIhre6C-m4ah0Pb0q2I-oht7eq62qIqL19vYCy5cexkyMbqg21dlZIJkBMdI,9,2,0,Loaf Cake Recipes: Easy,amazon.com,https://www.amazon.com/Loaf-Cake-Recipes-Easy/dp/B0DRT7KK4B/ref=asc_df_B0DRT7KK4B?hvdev=%7Bdevice%7D&hvcampaign=%7Bcampaignid%7D&hvadgroupid=%7Badgroupid%7D&hvprdptid=%7Bproduct_partition_id%7D&hvprdgrpid=%7Bpromoted_product_group_id%7D&hvcr=%7Bcreative_id%7D&hvadid=%7Badid%7D&hvprdid=%7Bproduct_id%7D&hvplc=%7Bplacement%7D&psc=1&tag=%7Bifnotmobile:ushpadpinde-20%7D%7Bifmobile:ushpadpinsp-20%7D,https://i.pinimg.com/originals/fe/b4/33/feb43370f08657f74b3e61647a8527d1.jpg,1000,1422,0,2026-04-17
2026-09-03,bolo caseiro simples,507429083038299043,10,34,0,Bolo Caseiro | passo a passo,pin.it,https://pin.it/3cN3MxTwS,https://i.pinimg.com/originals/38/21/04/38210497e4dddbb78b73b2049081729d.jpg,1080,1356,0,2026-08-04
2026-09-03,bolo caseiro simples,AUwQrb487tg__4ZJ6fdJXbauuf00R2bMqd-lBOmz0UtBjh4MsZ8jMwKOHAq98jSyzvdHq-2DiYaCd48zbjoKziQ,11,1,0,Cocina Pastelería y,amazon.com,https://www.amazon.com/Cocina-Pasteler%C3%ADa-Reposter%C3%ADa-Recetas-Cupcakes/dp/B08NWQZR1Z/ref=asc_df_B08NWQZR1Z?hvdev=%7Bdevice%7D&hvcampaign=%7Bcampaignid%7D&hvadgroupid=%7Badgroupid%7D&hvprdptid=%7Bproduct_partition_id%7D&hvprdgrpid=%7Bpromoted_product_group_id%7D&hvcr=%7Bcreative_id%7D&hvadid=%7Badid%7D&hvprdid=%7Bproduct_id%7D&hvplc=%7Bplacement%7D&psc=1&tag=%7Bifnotmobile:ushpadpinde-20%7D,https://i.pinimg.com/originals/37/dd/93/37dd9328242a0121d1952b66165a7036.jpg,1000,1500,0,2025-10-20
2026-09-03,bolo caseiro simples,1095782153114360702,12,8,0,Bolo Formigueiro,go.hotmart.com,https://go.hotmart.com/G106901957S?dp=1,https://i.pinimg.com/originals/e4/e8/00/e4e800aacb19daf2f72cd4b6762bf742.webp,1632,2176,0,2026-07-27
2026-09-03,bolo caseiro simples,AQI5tZJ4JtbHnkefbIDkISdeaSCE6nuW-XmH_cPPJDjLI9mNZaPhzrV8H_t9C6dlZd2WjeaWB_dGerU8UHPOy6I,13,10,0,We Take the Cake - Golden,goldbelly.com,https://www.goldbelly.com/restaurants/we-take-the-cake/golden-butter-layer-cake,https://i.pinimg.com/originals/cc/81/16/cc81167f8d060250bf8adb34d06a9f17.jpg,1200,1200,0,2025-04-30
2026-09-03,bolo caseiro simples,AYaWrFMWFox6m05CPy4F2uYdI73lq6BXW8kHDqwJtVrrzT2LBHx_rrP17kRTaOqptaFDR41HBfw4gcU0Erwh6Nw,14,0,0,Chocolate Cake with,ediblearrangements.com,https://www.ediblearrangements.com/fruit-gifts/chocolate-cake-with-dipped-strawberries,https://i.pinimg.com/originals/86/75/cc/8675cc86cf64bd56de5c5080ce3cd0e6.jpg,1248,1824,0,2026-08-07
2026-09-03,bolo caseiro simples,26599454046130578,15,230,0,Por que o bolo fica solado? Aprenda 4 truques para fazer bolos fofinhos,search.app,https://search.app/dWsrn8ZFZmnhgzx5A,https://i.pinimg.com/originals/ab/83/27/ab8327b93eeb4eb939ac46e400270d59.jpg,600,921,0,2026-02-08
2026-09-03,bolo caseiro simples,Aa9PKKgJf6YwfCuHNe4ouKHGSFO6vRc4UdVUP7CZ18Gnyaf4vnsNxsVJlTvkzvBgBIriNFYdg8Aa_UK9VtIl1eE,16,111,0,Pound Cake Perfection: 98,amazon.com,https://www.amazon.com/Pound-Cake-Perfection-Simple-Recipes/dp/B0CM31X3HH/ref=asc_df_B0CM31X3HH?hvdev=%7Bdevice%7D&hvcampaign=%7Bcampaignid%7D&hvadgroupid=%7Badgroupid%7D&hvprdptid=%7Bproduct_partition_id%7D&hvprdgrpid=%7Bpromoted_product_group_id%7D&hvcr=%7Bcreative_id%7D&hvadid=%7Badid%7D&hvprdid=%7Bproduct_id%7D&hvplc=%7Bplacement%7D&psc=1&tag=%7Bifnotmobile:ushpadpinde-20%7D%7Bifmobile:ushpadp,https://i.pinimg.com/originals/6b/88/1e/6b881e7128c7dae4c67da9634cffa45e.jpg,1000,1499,0,2026-05-13
2026-09-03,bolo caseiro simples,AVzuCtSZNmlsj2JNkUWZ9gqsVj3R76-YVzVtfsEQMJLKU6ZkGiS34J9aRdupnjZkU0XNgVl6zrK0ClzXmC2oeVk,17,3,0,33 Super Healthy Cake,amazon.com,https://www.amazon.com/Super-Healthy-Cake-Recipes-Nutrient-Packed/dp/B0DK5KK94G/ref=asc_df_B0DK5KK94G?hvdev=%7Bdevice%7D&hvcampaign=%7Bcampaignid%7D&hvadgroupid=%7Badgroupid%7D&hvprdptid=%7Bproduct_partition_id%7D&hvprdgrpid=%7Bpromoted_product_group_id%7D&hvcr=%7Bcreative_id%7D&hvadid=%7Badid%7D&hvprdid=%7Bproduct_id%7D&hvplc=%7Bplacement%7D&psc=1&tag=%7Bifnotmobile:ushpadpinde-20%7D%7Bifmobile:u,https://i.pinimg.com/originals/1b/aa/b1/1baab1d84c3e11bd0621d15374cc9758.jpg,1000,1499,0,2026-04-24
2026-09-03,bolo caseiro simples,674484481674932410,18,214,0,Bolo de cenoura de liquidificador: aprenda a receita em 3 passos,gazetadopovo.com.br,https://www.gazetadopovo.com.br/bomgourmet/bolo-de-cenoura-de-liquidificador/,https://i.pinimg.com/originals/5c/57/55/5c57556c735d58a6fa2c31a8e2618f4e.jpg,670,991,0,2019-06-18
2026-09-03,bolo caseiro simples,546413367309713231,19,177,0,,facebook.com,https://www.facebook.com/share/12LUMaVXbRi/,https://i.pinimg.com/originals/3d/41/15/3d41157ae00b2aa96bf0816f33683326.jpg,1080,1350,0,2025-05-21
2026-09-03,bolo caseiro simples,AcxQniKPF27w49OYt8P9oBYfe4wVj2vuqr8KP3E745o8uB-ZeI5haBqwT37_g7d2fBM8inZCWzI52ecNTnD6wrU,20,11,0,Southern Pecan Bourbon,vermontcountrystore.com,https://www.vermontcountrystore.com/southern-pecan-bourbon-cake/product/91575,https://i.pinimg.com/originals/a5/ab/7f/a5ab7f06793d0380ef2ece60f1a80693.jpg,1127,1499,0,2026-04-22
2026-09-03,bolo caseiro simples,504614333270047065,21,34,0,BOLO CASEIRO DE LARANJA,,,https://i.pinimg.com/originals/73/88/1b/73881b27c4f9fd4a1a521b22073abbab.jpg,1200,1200,0,2025-11-12
2026-09-03,bolo caseiro simples,AcXRtxqTtTexSl51ku4RYEACv16IBNkHcg0QUmj4CV-xwn3umly2pqMI8FZZwUtLaBbrFoYVWALlyYHdr2btAK0,22,1,0,Andy Anand Keto-Friendly,temu.com,https://www.temu.com/ul/kuiper/un3.html?subj=dpa-un&_bg_fs=1&_p_jump_id=1082&_x_vst_scene=adg&goods_id=602803137291124&adg_ctx=a-c7bdf1af~c-41e7c56d&_p_rfs=1&_x_ads_channel=pinterest&_x_ads_creative_id=%7Bproduct_partition_id%7D&_x_ads_id=%7Badgroupid%7D&_x_ads_set=%7Bcampaignid%7D&_x_ads_sub_channel=shopping&_x_ns_catalog_id=1567707391772&_x_ns_creative=%7Badid%7D&_x_ns_gid=602803137291124&_x_ns_,https://i.pinimg.com/originals/93/5b/1e/935b1e8e51e365bccd52865f5321c70d.jpg,1024,1024,0,2026-04-29
2026-09-03,bolo caseiro simples,AWlsSytemnD1AKzcrJHRoOEuD3v2tQSIMqZCbLHU4WqkJuP8LnRAs4zogkRz_KXm8VdT6hTBVOFCFZgnj-m73K8,23,2,0,The Daily Whisk: Cakes,amazon.com,https://www.amazon.com/Daily-Whisk-Coffee-Perfect-Moments/dp/B0H4LC31YW/ref=asc_df_B0H4LC31YW?hvdev=%7Bdevice%7D&hvcampaign=%7Bcampaignid%7D&hvadgroupid=%7Badgroupid%7D&hvprdptid=%7Bproduct_partition_id%7D&hvprdgrpid=%7Bpromoted_product_group_id%7D&hvcr=%7Bcreative_id%7D&hvadid=%7Badid%7D&hvprdid=%7Bproduct_id%7D&hvplc=%7Bplacement%7D&psc=1&tag=%7Bifnotmobile:ushpadpinde-20%7D%7Bifmobile:ushpadpin,https://i.pinimg.com/originals/bf/5f/17/bf5f175a4ca5ead9dcbd21b9f34e5fb3.jpg,1000,1499,0,2026-06-17
2026-09-03,bolo caseiro simples,1103663452445612378,24,319,0,🎂 Bolo de Chocolate Fácil no Liquidificador Perfeito pra quem ama praticidade e sabor!😋😍 📝 Ingredientes Para o bolo: 3 ovos 1 xícara de leite 1/2 xícara de óleo 2 xícaras de açúcar 1 xícara de chocola,instagram.com,https://www.instagram.com/p/DLczkIgRGFl/,https://i.pinimg.com/originals/b6/37/6f/b6376f1407bdc841addc3fa691106e69.jpg,1080,1350,0,2025-06-29
2026-09-03,bolo caseiro simples,63613413481935949,25,243,0,Bolo Caseiro: Amor em forma de massa!,go.hotmart.com,https://go.hotmart.com/H105326276T?dp=1,https://i.pinimg.com/originals/2e/35/b6/2e35b6fbe3e1ea7510bc6128d7212151.jpg,1080,1177,0,2026-05-29
2026-09-03,bolo caseiro simples,12525705209393855,26,146,0,,,,https://i.pinimg.com/originals/26/66/f1/2666f1c3567e7cf436d86ad6bf2617b5.jpg,1284,2282,0,2026-03-18
2026-09-03,bolo caseiro simples,Aed3LJYRcKy23PNrXKFlYb0ZUKdW-AKoxFSvWZ85lc5Zzx0nvM2pVqCwR0zBZzNNsXKxRLIA1GxbcouAZWExnh8,27,2,0,Southern Roots Vegan,webstaurantstore.com,https://www.webstaurantstore.com/southern-roots-vegan-lemon-naked-cake-5-lb/108SOU647648.html,https://i.pinimg.com/originals/52/dc/61/52dc610c393a039e5784389e0d11d3e9.jpg,1000,1000,0,2026-01-06
2026-09-03,bolo caseiro simples,Af5JEzjtFgmthkHk9C4_kwBJ1KjzYjHR1ldXW7qQ-5nfxTeV8hOyUTpxvFLO6KR7bT_aB2YIIscrmbxbpFjpJEA,28,1,0,Poke Cake Perfection: The,temu.com,https://www.temu.com/ul/kuiper/un3.html?subj=dpa-un&_bg_fs=1&_p_jump_id=1082&_x_vst_scene=adg&goods_id=602636514385363&adg_ctx=a-b221196e~c-ac7b5f9f&_p_rfs=1&_x_ads_channel=pinterest&_x_ads_creative_id=%7Bproduct_partition_id%7D&_x_ads_id=%7Badgroupid%7D&_x_ads_set=%7Bcampaignid%7D&_x_ads_sub_channel=shopping&_x_ns_catalog_id=1567707391772&_x_ns_creative=%7Badid%7D&_x_ns_product_id=41421335705359&,https://i.pinimg.com/originals/fc/b7/e8/fcb7e889cc3fa9cb574dac081a833167.jpg,800,800,0,2026-04-29
2026-09-03,bolo caseiro simples,8514686792057547,29,854,0,bolo de limão,,,https://i.pinimg.com/originals/f8/35/4e/f8354e6e0cc351bdda6720ef1aa99fbb.jpg,720,960,0,2026-05-18
2026-09-03,bolo caseiro simples,1065382855595109349,30,997,0,,,,https://i.pinimg.com/originals/6c/f3/b5/6cf3b5897f3777e23a94b3d4d78beea0.jpg,736,981,0,2024-04-23
2026-09-03,bolo caseiro simples,72690981482623695,31,65,0,Bolo de Leite Fofinho 📝 Ingredientes • 3 ovos • 1 xícara de açúcar • 2 xícaras de farinha de trigo • 1 xícara de leite • 3 colheres de sopa de óleo • 1 colher de sopa de fermento em pó 👩‍🍳 Modo de pre,instagram.com,https://www.instagram.com/p/DV420gZjWnw/,https://i.pinimg.com/originals/3f/cd/91/3fcd91a791879dd188c61ae0d191c777.jpg,1080,1440,0,2026-08-15
2026-09-03,bolo caseiro simples,AbFKKpaZO-0rbdDCnvDeVQeSx8ADG8IVdyEmUMF9Y-RRe28vwkA7Xhaw5pEAnp1HZc6kCBzvT9wemzyBhBu-2C0,32,1,0,Misha's Cupcakes and,sharperimage.com,https://sharperimage.com/products/mishas-cupcakes-and-cakes-6-carrot-cake?variant=51214065074465,https://i.pinimg.com/originals/6d/4f/90/6d4f904907f9a1a0d15c6b6f1e0aa12f.jpg,1200,1200,0,2026-08-20
2026-09-03,bolo caseiro simples,ARMDOYKcbWnADJw11POFzcQwmRV-9JWpsGYbZ86ECD2fmme3jXskQwqICGS3OrRxuKO7PIZr1CGrhaxvr7nUiuM,33,0,0,Lawlers Desserts Colossal,walmart.com,https://www.walmart.com/ip/Lawlers-Desserts-Colossal-Carrot-Cake-10-Cut-112-Ounce-2-per-case/167984071?wmlspartner=wlpa&selectedSellerId=101024184,https://i.pinimg.com/originals/01/33/74/013374de1496448ca53fed3852a949d0.jpg,412,552,0,2026-07-14
2026-09-03,bolo caseiro simples,1103663452450828510,34,281,0,Bolo Caseiro Simples e Fofinho 🍰 Ingredientes: • 3 ovos • 2 xícaras (chá) de açúcar • 3 xícaras (chá) de farinha de trigo • 1 xícara (chá) de leite • 1/2 xícara (chá) de óleo • 1 colher (sopa) de ferm,instagram.com,https://www.instagram.com/p/DQHyaYSCXto/,https://i.pinimg.com/originals/c7/f2/11/c7f2112429498078f166e31a7cd7f82a.jpg,1079,1440,0,2025-10-23
2026-09-03,bolo caseiro simples,816418238721464997,35,2336,0,,,,https://i.pinimg.com/originals/48/2c/b6/482cb622914f07a2926cf30bbbdafe79.jpg,736,736,0,2023-06-28
2026-09-03,bolo caseiro simples,11751649023286424,36,1087,0,Caseirinho,,,https://i.pinimg.com/originals/d6/e2/6c/d6e26ca6ca639d05cbc93850a3077f77.jpg,1224,1632,0,2025-11-24
2026-09-03,bolo caseiro simples,AZO7LzRbtuy2ov9neckDcUGon_zTWVKs6dkjW25_BdiDjJmRxf_Bd_hn953ngdj0Xg16V3rDAxLcFZRFF5PAwAA,37,3,0,50 French Cake Recipes,amazon.com,https://www.amazon.com/French-Cake-Recipes-Kelly-Johnson/dp/B0F8GZWY4Z/ref=asc_df_B0F8GZWY4Z?hvdev=%7Bdevice%7D&hvcampaign=%7Bcampaignid%7D&hvadgroupid=%7Badgroupid%7D&hvprdptid=%7Bproduct_partition_id%7D&hvprdgrpid=%7Bpromoted_product_group_id%7D&hvcr=%7Bcreative_id%7D&hvadid=%7Badid%7D&hvprdid=%7Bproduct_id%7D&hvplc=%7Bplacement%7D&psc=1&tag=%7Bifnotmobile:ushpadpinde-20%7D%7Bifmobile:ushpadpins,https://i.pinimg.com/originals/c6/d8/67/c6d86774c861ca35b9559dbbd6afdc75.jpg,1051,1360,0,2026-05-12
2026-09-03,bolo caseiro simples,226657793743383596,38,213,0,,,,https://i.pinimg.com/originals/f5/6e/7d/f56e7dd46f23fd0ec337e4d4fb095583.jpg,3024,3024,0,2025-12-12
2026-09-03,bolo caseiro simples,AbZGC5O2SfR2kkQQHVwwL4f36Zhhr9FXYtAQ3NI4KUForeWHcXmAaxPmiKlipaSTX2IQEGwipYL74OWh-RY0Oik,39,1,0,Pastel Gourmet de Fresa,temu.com,https://www.temu.com/ul/kuiper/un3.html?subj=dpa-un&_bg_fs=1&_p_jump_id=1082&_x_vst_scene=adg&goods_id=602995068648203&adg_ctx=a-3866267d~c-8862a0e8&_p_rfs=1&_x_ads_channel=pinterest&_x_ads_creative_id=%7Bproduct_partition_id%7D&_x_ads_id=%7Badgroupid%7D&_x_ads_set=%7Bcampaignid%7D&_x_ads_sub_channel=shopping&_x_ns_catalog_id=1580405374697&_x_ns_creative=%7Badid%7D&_x_ns_gid=602995068648203&_x_ns_,https://i.pinimg.com/originals/e0/ae/b7/e0aeb783389d74ba355e61366e29bd6c.jpg,3000,3000,0,2026-06-28
2026-09-03,bolo caseiro simples,AVMOQ13gB-kjm6EBqNuO7TqRSpd_dCepIf9oI_3_oaOFQ9woPI1Fa0Yp-jdxamm6eY5e5R62w9luV7smstvG8_Y,40,1,0,100 Bundt and Tube Pan,temu.com,https://www.temu.com/ul/kuiper/un3.html?subj=dpa-un&_bg_fs=1&_p_jump_id=1082&_x_vst_scene=adg&goods_id=602743888542843&adg_ctx=a-476227a0~c-dc9ab63a&_p_rfs=1&_x_ads_channel=pinterest&_x_ads_creative_id=%7Bproduct_partition_id%7D&_x_ads_id=%7Badgroupid%7D&_x_ads_set=%7Bcampaignid%7D&_x_ads_sub_channel=shopping&_x_ns_catalog_id=1567707391772&_x_ns_creative=%7Badid%7D&_x_ns_gid=602743888542843&_x_ns_,https://i.pinimg.com/originals/91/a0/53/91a0537b80465544f645b189bd3cac82.jpg,800,800,0,2026-04-29
2026-09-03,bolo caseiro simples,741334788702009204,41,681,0,"Bolo de Cenoura com Chocolate 🍫🥕 Clássico, fofinho e com aquela calda de chocolate que escorre conquistando corações! 💛 Esse é o tipo de bolo que abraça a alma e faz qualquer tarde ficar mais doce! 📲 ",instagram.com,https://www.instagram.com/p/DNA-NvjOC9Y/,https://i.pinimg.com/originals/72/54/f8/7254f897523545557f1b78c643b12cfe.jpg,1199,1199,0,2025-08-07
2026-09-03,bolo caseiro simples,AYEM7pQGbEyuOVg0Wq8h6aKbgYsy-3m06DdhnZySzi2ZPucMGynN4-y-FoAD4DX1ie6BhdxAGxOfwruFNfzSuXc,42,2,0,48/96pcs Butterfly Cake,us.shein.com,https://us.shein.com/ark/default?scene=1&test=5051&ad_type=DPA&goods_id=78675685&pf=PINTEREST&url_from=PINADSDPA&ismg=afac85351199346f567b1ac9d6afb7dc7e3891360f8a288627d0ed7a1d6a4521_01_1788368951,https://i.pinimg.com/originals/df/62/d4/df62d4144280a5ebc035bffcf71d4c63.jpg,1000,1500,0,2026-04-23
2026-09-03,bolo caseiro simples,Adf20XLB0o0m06Qxgh7Yr_V14ZA92ulcf_Jh41xQ_GlxEErBP-ZAbFFGfevIS2vD6mFXEDCKwUIm8FcTacXCSOM,43,12627,0,EASIEST molten lava,bakingenvy.com,https://bakingenvy.com/chocolate-lava-cake/,https://i.pinimg.com/originals/c0/7e/c5/c07ec5f9b59a37d07e8a080429c2d627.jpg,540,960,1,2022-08-30
2026-09-03,bolo caseiro simples,1108730002045703230,44,1,0,Descomplica a ideia de fazer bolos em casa,pay.kiwify.com.br,https://pay.kiwify.com.br/iBtf0mg?afid=MYKM7bJY,https://i.pinimg.com/originals/0a/99/e7/0a99e71dc0e5489fe600f20e0fafe9a4.jpg,736,1104,0,2026-08-20
2026-09-03,bolo caseiro simples,775393260873720504,45,368,0,Bolo de laranja húmido e fofo | Ruralea,ruralea.com,https://ruralea.com/bolo-de-laranja-humido-e-fofo/,https://i.pinimg.com/originals/47/15/80/471580387d41cd29d289883030e27d40.jpg,910,1366,0,2023-06-04
2026-09-03,bolo caseiro simples,21251429488173402,46,614,0,,,,https://i.pinimg.com/originals/54/aa/74/54aa7436c292898f095d5104bc695ce4.jpg,720,1251,0,2026-08-07
2026-09-03,bolo caseiro simples,23221754320746455,47,409,0,Bolo de Laranja fofinho,medium.com,https://medium.com/@adrianafitness/bolo-de-laranja-fofinho-38b0a84718b9,https://i.pinimg.com/originals/61/d6/0b/61d60b55d469c34a0586041ce17dd493.jpg,564,705,0,2023-01-21
2026-09-03,bolo caseiro simples,AaSS_CmgOWWUMeACFgKt4FD5HYKnjibsO9x0O74jC6PnBmkqNk15FNPG1afp7QpOA1nz8H9g-fU6WtijsjiQeiM,48,1,0,Andy Anand Sugar Free,temu.com,https://www.temu.com/ul/kuiper/un3.html?subj=dpa-un&_bg_fs=1&_p_jump_id=1082&_x_vst_scene=adg&goods_id=602588456015066&adg_ctx=a-f0eb39da~c-c74c51e0&_p_rfs=1&_x_ads_channel=pinterest&_x_ads_creative_id=%7Bproduct_partition_id%7D&_x_ads_id=%7Badgroupid%7D&_x_ads_set=%7Bcampaignid%7D&_x_ads_sub_channel=shopping&_x_ns_catalog_id=1567707391772&_x_ns_creative=%7Badid%7D&_x_ns_gid=602588456015066&_x_ns_,https://i.pinimg.com/originals/2c/49/16/2c491618dc05e4cd8ccf665c8ad075b5.jpg,3000,3000,0,2026-04-01
2026-09-03,bolo caseiro simples,45036065014472635,49,212,0,,,,https://i.pinimg.com/originals/c1/9d/74/c19d74e21227fa907ef11d60d08f3ef1.jpg,1128,1505,0,2022-02-03
2026-09-03,bolo caseiro simples,847028642442161414,50,252,0,Bolo de Fubá + Versões Mega Tradicionais Para Se Deliciar,sabornamesa.com.br,https://www.sabornamesa.com.br/bolos/bolo-de-fuba-simples-e-rapido,https://i.pinimg.com/originals/90/94/e7/9094e77c66b0886ba54c06bb9828443b.jpg,1000,1500,0,2023-08-17
2026-09-03,bolo caseiro simples,744993963370124085,51,1690,0,Bolo verde de limão,ricotaemaricota.com,https://ricotaemaricota.com/bolo-verde-de-limao/,https://i.pinimg.com/originals/c1/08/6c/c1086cf4bcb7392a3c6558e1cb564bdc.jpg,736,1104,0,2022-03-13
2026-09-03,bolo caseiro simples,AaLHdONWTsw4gj7lSVHIh-3uHTKUpuX2cmVRB_SrfzQyOkX8ZL3tavJF2A35MgqKbyDPkjRWPyFNfE_iNRL3AXo,51,1,0,Pumpkin Espresso Bundt,kingarthurbaking.com,https://www.kingarthurbaking.com/recipes/pumpkin-espresso-bundt-cake-recipe?utm_source=social&utm_medium=pinterest&utm_campaign=fy27fallwholegrains,https://i.pinimg.com/originals/04/1c/78/041c783df8e8d9a75e7fe52be6cd2ca8.jpg,1080,1080,0,2026-08-20
2026-09-03,bolo caseiro simples,AT_5DEbHVqtlGhrYMDRdrApxfy7dIrruL19OUCRC9KVln97aZ5kVUIN6hkhx5DfkDUerMWXc3IT1G1WSIjc2soo,52,2,0,Nordic Ware Naturals® 2,wayfair.com,https://www.wayfair.com/Nordic-Ware--Nordic-Ware-Naturals%C2%AE-2-Piece-Angel-Food-Cake-Pan-54901-L610-K~NWR1221.html?refid=PSO49-NWR1221,https://i.pinimg.com/originals/e3/98/0a/e3980a3cf11bbc6392f6122b51f2d587.jpg,400,400,0,2026-07-02
2026-09-03,bolo caseiro simples,847028642441019819,53,2429,0,Receita Com Farinha de Maracujá E uma Série de Opções Inesquecíveis para Toda A Família,sabornamesa.com.br,https://www.sabornamesa.com.br/outras-receitas/farinha-de-maracuja,https://i.pinimg.com/originals/47/f9/01/47f9013aeb21290f9a81a21ee6d79f68.jpg,1000,1500,0,2023-06-30
2026-09-03,bolo caseiro simples,AUZ3_0Afh7uePtYhMjP7c0hrkvaICrQUBWGqd3NoDIT51CFF_HQQpl6YbDG2D2mGuQO1QacWWWL_Cst5a5j4lms,54,1,0,Every Birthday Deserves A,nothingbundtcakes.com,https://www.nothingbundtcakes.com/occasions/birthdays/?utm_source=pinterest&utm_medium=paidsocial&utm_campaign=purchasedynamic&ad_id=%7Badid%7D,https://i.pinimg.com/originals/c8/4b/47/c84b47e848e0d6b186ee7aa1622b1031.png,1000,1500,0,2026-08-19
2026-09-03,bolo caseiro simples,15903404931109651,55,64,0,Bolo de tapioca fofinho e muito fácil de preparar perfeito para o café ou o lanche Ingredientes da receita de bolo de tapioca 4 ovos inteiros 1 xícara (chá) de goma de tapioca 1 xícara (chá) de farinh,instagram.com,https://www.instagram.com/p/DJeVnF9N_bb/,https://i.pinimg.com/originals/fa/90/7b/fa907be017256a0cfc4b62e401f4dbb2.jpg,1080,1350,0,2026-07-08
2026-09-03,bolo caseiro simples,Aeem959Tm92s7gZ4we7IyBPknNU48jIKfTVS8pw-hZne4mzj-npdnx47OvHd59jsSGn8kYOyZNedQYHqL2C477A,56,70,0,Toasted Coconut Pumpkin,kodiakcakes.com,https://kodiakcakes.com/blogs/recipes/toasted-coconut-pumpkin-donuts?utm_source=Pinterest&utm_medium=Awareness+&utm_campaign=PancakeFALL,https://i.pinimg.com/originals/31/1d/c3/311dc330e91cd5ddcfc4d23082e2e13c.png,1000,1500,0,2026-07-29
2026-09-03,bolo caseiro simples,ASDL3qBR9WQlmpbVDykhA8AZ25orz8DBCt6rwuvjwjD39XNMtotKRTg-pcz2yUWCE3KQAmT5cfX5TAKzY5yP-bA,57,1,0,Dessert is essential,amazon.com,https://www.amazon.com/stores/page/C742F08D-F14A-4B88-8C82-09911045292F?channel=pinterest-paidsocial,https://i.pinimg.com/originals/b4/f0/93/b4f09353468f4f573175fa5739370a0b.jpg,1080,1920,1,2026-07-31
2026-09-03,bolo caseiro simples,677932550192967462,58,2,0,,instagram.com,https://www.instagram.com/reel/C_6W47kpjUM/?igsh=MXd3Nzlmb21tMDRxYQ==,https://i.pinimg.com/originals/bb/fb/ee/bbfbee5495668978e66070f292f908d1.jpg,360,640,0,2024-09-16
2026-09-03,bolo caseiro simples,26599454046040506,59,820,0,,,,https://i.pinimg.com/originals/d7/bb/47/d7bb476dd9853e5ce3181af6a00b5084.jpg,361,640,0,2026-01-13
2026-09-03,bolo caseiro simples,842313936573739604,60,1914,0,,instagram.com,https://www.instagram.com/reel/CYpI_Ikq8HG/?igshid=MGMzMDdjNjc=,https://i.pinimg.com/originals/83/e8/43/83e84305001dfe28dbea2542637b946e.jpg,360,640,0,2022-09-28
2026-09-03,bolo caseiro simples,896005288368189379,61,148,0,O simples bem feito tem um sabor que encanta. #bolo #confeitaria #bolosafetivo #caseirinhos #confeitaria #confeitaria artesanal,instagram.com,https://www.instagram.com/p/DJO7_Tgt1Kx/,https://i.pinimg.com/originals/1a/6d/6f/1a6d6f09ab2ab9ac8ddd0c04f57e46e5.jpg,1440,1800,0,2025-05-05
2026-09-03,bolo caseiro simples,944067140628562591,62,570,0,Bolo Caseiro,instagram.com,https://www.instagram.com/p/C7HuOyEJnVB/?igsh=MWg2dGxkbHNmODZhaA==,https://i.pinimg.com/originals/23/ed/86/23ed865ce240c89a03ab492531614e5a.jpg,1080,1080,0,2024-05-27
2026-09-03,bolo caseiro simples,26599454045979986,63,460,0,,,,https://i.pinimg.com/originals/8c/87/63/8c87638b655cb4956905dc29b9654b9e.jpg,1284,2282,0,2025-12-26
2026-09-03,bolo caseiro simples,1044694444802237926,64,290,0,"Nosso bolo vulcão de Ninho. Massa de baunilha suuuper fofinha que derrete na boca, e um brigadeiro bem cremoso de leite ninho integral, finalizado com leite Ninho povilhado. Perfeito para um café da m",instagram.com,https://www.instagram.com/p/C6i3ib9AMpz/,https://i.pinimg.com/originals/87/fc/7f/87fc7fde088cb509d1a3a9bd1ffde8a9.jpg,733,736,0,2024-05-05
2026-09-03,bolo caseiro simples,123145371056728351,65,12,0,,facebook.com,https://www.facebook.com/share/p/1DEDppTNn8/,https://i.pinimg.com/originals/b8/12/42/b812420ef223feec5657251869b0e982.jpg,600,750,0,2026-08-24
2026-09-03,bolo caseiro simples,688065649332881974,66,1067,0,Bolo simples com cobertura de Ninho,receiteria.com.br,https://www.receiteria.com.br/receita/bolo-simples-com-cobertura-de-ninho/,https://i.pinimg.com/originals/ac/0a/d8/ac0ad868201d9f3a5544dadafea43705.jpg,563,631,0,2022-07-21
2026-09-03,bolo caseiro simples,16044142417035526,68,525,0,Bolo de fubá com leite condensado - receita com 4 ingredientes,naminhapanela.com,https://naminhapanela.com/2023/06/bolo-de-fuba-com-leite-condensado/,https://i.pinimg.com/originals/1f/97/38/1f9738f025a2a2d1613242f50c7612cc.png,1000,1500,0,2024-07-19
2026-09-03,bolo caseiro simples,23643966790301222,69,87,0,Receita de Bolo de Baunilha de Liquidificador,receitadodia.com,https://receitadodia.com/bolo-de-baunilha-de-liquidificador/,https://i.pinimg.com/originals/ae/e9/90/aee990e5a1762a29f82222e7b2cc3679.webp,768,555,0,2026-07-21
2026-09-03,bolo caseiro simples,718464946835818001,70,991,0,Curso de Bolo Caseiro Para Vender - Marrara Bortoloti,doceriagourmetdesucesso.com,https://doceriagourmetdesucesso.com/curso-de-bolo-caseiro-para-vender/,https://i.pinimg.com/originals/54/dd/98/54dd98082ad2c0a38c45356d2ad143f2.jpg,768,1024,0,2024-10-17
2026-09-03,bolo caseiro simples,1146518017669891001,71,1,0,Pão de Ló: O Bolo Simples de Confeitaria que Derrete,receitapura.com,https://receitapura.com/pao-de-lo-o-bolo-simples-de-confeitaria/,https://i.pinimg.com/originals/46/fe/63/46fe6356eee5afd9c03f678ab587c5cd.webp,768,1344,0,2026-05-27
2026-09-03,bolo caseiro simples,1105704145997361173,72,564,0,Foto bolo de milho delicioso na mesa bol... | Premium Photo #Freepik #photo #comida-junina #bolo-milho #fuba #festa-joao,br.freepik.com,https://br.freepik.com/fotos-premium/bolo-de-milho-delicioso-na-mesa-bolo-tipico-brasileiro_20576769.htm,https://i.pinimg.com/originals/11/73/d6/1173d6e2005aa16ca859aa2e634a45fe.jpg,417,626,0,2023-07-12
2026-09-03,bolo caseiro simples,ATSK9DrEaQK8rnB5_01XXvcG-ACnj3fyJAeKGwP1X8Iq-H5K3Uui34vdGN-Cp2bvwruWvBQa9o_cHKpUxf_R08s,73,0,0,Better baking starts here,ooni.com,http://ooni.com/pages/explore-halo-core-spiral-dough-mixer?utm_source=pinterest&utm_medium=cpm&utm_campaign=%7B%7Bcampaign.name%7D%7D%7B%7Bcampaign.id%7D%7D&utm_term=%7B%7Badset.name%7D%7D_%7B%7Bplacement%7D%7D&tw_source=%7B%7Bsite_source_name%7D%7D&tw_adid=%7B%7Bad.id%7D%7D,https://i.pinimg.com/originals/08/8c/cc/088ccc9db028c383123eb22263cb6924.jpg,1000,1500,1,2026-07-31
2026-09-03,bolo caseiro simples,1038361257819598730,74,9337,0,Bolo Simples super fofinho e econômico 🍰,,,https://i.pinimg.com/originals/47/a4/56/47a4568b1358a25ee333e5dd159c33d9.jpg,576,1024,1,2023-08-31
2026-09-03,bolo caseiro simples,847028642443119964,75,81,0,Deliciosa Receita de Bolo de Fubá com Erva Doce + Alternativas para o café da tarde,sabornamesa.com.br,https://www.sabornamesa.com.br/bolos/bolo-de-fuba-com-erva-doce,https://i.pinimg.com/originals/fc/1a/44/fc1a4499d26070b56b05f6033e64e51f.jpg,1000,1500,0,2023-09-28
2026-09-03,unhas decoradas,1089589703629551373,1,28,0,Elegant Burgundy Stiletto Nails with Gold Accents Design,,,https://i.pinimg.com/originals/29/20/96/292096f061a7412a9da6679f39dda5f4.jpg,2158,2870,0,2026-08-20
2026-09-03,unhas decoradas,612067405654807650,2,510,0,Sunny Summer Nails ☀️💅,,,https://i.pinimg.com/originals/78/ae/cf/78aecf44b9c6194c83901f0eedca53d6.png,1086,1448,0,2026-08-25
2026-09-03,unhas decoradas,109001253477209751,3,1033,0,,,,https://i.pinimg.com/originals/8b/32/e3/8b32e30dd05683011c9dc0902ccd24e6.jpg,1080,1920,0,2026-08-26
2026-09-03,unhas decoradas,13651605116416140,4,1964,0,august nail art,amazon.com,https://www.amazon.com/Artdone-Multicolor-Stickers-Diamond-Decoration/dp/B0FK9N741H?crid=14FDXB1NFB289&dib=eyJ2IjoiMSJ9.ft_DCbhfdl_K4clBQIxfT5PLL2pFkbhHGkR5fsP8Ar_ZPVKynHeWw4zfZbep-ykzqVgZ9fLjAHJWOcBMX1MvpbpqmIrZ3zJAwhr-FJ3-h9C5tpD6RnbEet9wl19K0diSccEThNq76-sNsgBaEvBLlDLQhgRP_fonBG0Ar74FGvx-zaSTuEy4q9nHFC8q0D6lDbhoIgXKtFf2LXxpdUL0ILAk9PV5ZyCVZ-LRzYPgm3QWw-BKHe2BlJaYNr0Q9H21xy2u3uVlzz1IXOnTgLVETIze,https://i.pinimg.com/originals/c1/70/1d/c1701d864d8742fbea3ac6d6db79669b.jpg,1080,1920,0,2026-08-26
2026-09-03,unhas decoradas,AX4slKNpjIxGB5tF25OhFTzYwVkixCIAEt6dCJ3_i0M2zYj5mMJb_CoevkRiFMSYWVwD26xH8ka3PcQlhQr7qwY,5,52,0,Holiday Mani Inspo,target.com,https://www.target.com/p/olive-38-june-press-on-oval-medium-fake-nails-velvet-42ct/-/A-88708392?ref=tgt_soc_odl&afid=pin,https://i.pinimg.com/originals/53/f7/fc/53f7fcb0fd5822aac572a6600f2e7c26.jpg,1000,1000,0,2024-12-06
2026-09-03,unhas decoradas,ASAj8tAsIweX2gmVCxE8l-S_ucD4Dn_BQpKpuaH2YGJC65dL4qW41XaW7fL3OWxp6xCz86HLjfWnHwR6lqH2kOE,6,19,0,MERVF Almond Press on,amazon.com,https://www.amazon.com/MERVF-Almond-Stiletto-Rhinestones-Acrylic/dp/B0DM1B26SF/ref=asc_df_B0DM1B26SF?hvdev=%7Bdevice%7D&hvcampaign=%7Bcampaignid%7D&hvadgroupid=%7Badgroupid%7D&hvprdptid=%7Bproduct_partition_id%7D&hvprdgrpid=%7Bpromoted_product_group_id%7D&hvcr=%7Bcreative_id%7D&hvadid=%7Badid%7D&hvprdid=%7Bproduct_id%7D&hvplc=%7Bplacement%7D&psc=1&tag=%7Bifnotmobile:ushpadpinde-20%7D%7Bifmobile:us,https://i.pinimg.com/originals/a1/13/af/a113af22b356472cabac57009391d33f.jpg,1164,1200,0,2026-03-03
2026-09-03,unhas decoradas,AdNs9CzHWG5prlYin6sp92mi7f3iMsXhskW0E6jyNxX8lmSlmULfYQ7gSF5xoQeyQI0h3huW-tGpIM5niuxxFV4,7,44,0,AkiliBIELY Medium Press,amazon.com,https://www.amazon.com/AkiliBIELY-Rhinestone-Acrylic-Wedding-Birthday/dp/B0D1C1PWHN/ref=asc_df_B0D1C1PWHN?hvdev=%7Bdevice%7D&hvcampaign=%7Bcampaignid%7D&hvadgroupid=%7Badgroupid%7D&hvprdptid=%7Bproduct_partition_id%7D&hvprdgrpid=%7Bpromoted_product_group_id%7D&hvcr=%7Bcreative_id%7D&hvadid=%7Badid%7D&hvprdid=%7Bproduct_id%7D&hvplc=%7Bplacement%7D&psc=1&tag=%7Bifnotmobile:ushpadpinde-20%7D%7Bifmobi,https://i.pinimg.com/originals/d9/f8/00/d9f8008559defcf94434cdcefa39edd1.jpg,981,1200,0,2026-05-31
2026-09-03,unhas decoradas,AXdVc9j6XMavFt1FDOzyhB91XYPD13OpcHXu-WIgWncp09GLbcBG8mokyN5jQFXILgJFignAoautd5adSMhPg9c,8,1,0,Temu | 24pcs Of,temu.com,https://www.temu.com/ul/kuiper/un3.html?subj=dpa-un&_bg_fs=1&_p_jump_id=1082&_x_vst_scene=adg&goods_id=601104352945155&adg_ctx=a-4232ffae~c-4e5189f2&_p_rfs=1&_x_ads_channel=pinterest&_x_ads_creative_id=%7Bproduct_partition_id%7D&_x_ads_id=%7Badgroupid%7D&_x_ads_set=%7Bcampaignid%7D&_x_ads_sub_channel=shopping&_x_ns_catalog_id=1567707391772&_x_ns_creative=%7Badid%7D&_x_ns_gid=601104352945155&_x_ns_,https://i.pinimg.com/originals/c0/9b/ae/c09baef84c644ca4d969fbcb8fab81dd.jpg,2000,3000,0,2026-06-30
2026-09-03,unhas decoradas,4011087182108920,9,2051,0,Stylish Unique Floral Nail Art Ideas,,,https://i.pinimg.com/originals/c8/69/35/c86935b0d183d4b9c7277d07de91f90e.png,941,1672,0,2026-08-18
2026-09-03,unhas decoradas,13510867628754549,10,2726,0,,,,https://i.pinimg.com/originals/01/9d/75/019d7519de82685822a33cfe122814df.jpg,800,1200,0,2026-08-26
2026-09-03,unhas decoradas,703756189617084,11,15998,0,Pink Floral Art,,,https://i.pinimg.com/originals/ca/14/8f/ca148f7778cbe4ffc7a554f833d7d234.jpg,768,1365,0,2026-08-22
2026-09-03,unhas decoradas,AcsJyNvOjaG986TPCiR0DZFLVRQ0KHxyI3k9OxuGSTzThCnwYDlCmxD1Qi0zLR7DcbcsMer0l1i4iZgoxeY6K5s,12,391,0,YOSOMMK French Tip Chrome,amazon.com,https://www.amazon.com/YOSOMMK-French-Chrome-Designs-Acrylic/dp/B0D1FY34Q2/ref=asc_df_B0D1FY34Q2?hvdev=%7Bdevice%7D&hvcampaign=%7Bcampaignid%7D&hvadgroupid=%7Badgroupid%7D&hvprdptid=%7Bproduct_partition_id%7D&hvprdgrpid=%7Bpromoted_product_group_id%7D&hvcr=%7Bcreative_id%7D&hvadid=%7Badid%7D&hvprdid=%7Bproduct_id%7D&hvplc=%7Bplacement%7D&psc=1&tag=%7Bifnotmobile:ushpadpinde-20%7D%7Bifmobile:ushpad,https://i.pinimg.com/originals/64/77/64/647764ae4c67a4e5b603f1939ff504d7.jpg,1185,1200,0,2026-03-20
2026-09-03,unhas decoradas,AS1BZrtweV_al1wm2cqxNIlvt3ogeUrXe15eGu3de4z1FVrI5WQY3W4-407xV_lhHXHKTGg53IPWQzLiUbfCPZU,13,241,0,3D Handmade Press on,amazon.com,https://www.amazon.com/Handmade-Medium-Almond-Designer-Wedding/dp/B0FBRNXK3P/ref=asc_df_B0FBRNXK3P?hvdev=%7Bdevice%7D&hvcampaign=%7Bcampaignid%7D&hvadgroupid=%7Badgroupid%7D&hvprdptid=%7Bproduct_partition_id%7D&hvprdgrpid=%7Bpromoted_product_group_id%7D&hvcr=%7Bcreative_id%7D&hvadid=%7Badid%7D&hvprdid=%7Bproduct_id%7D&hvplc=%7Bplacement%7D&psc=1&tag=%7Bifnotmobile:ushpadpinde-20%7D%7Bifmobile:ushp,https://i.pinimg.com/originals/e3/5c/47/e35c4714f1e4970c3357bce38f91772f.jpg,1500,1500,0,2026-03-03
2026-09-03,unhas decoradas,1012113716283748470,14,472,0,,,,https://i.pinimg.com/originals/7f/7c/89/7f7c8923af9887a474d98bf9b55f1867.jpg,736,1104,0,2026-08-19
2026-09-03,unhas decoradas,4222193396420630,16,2651,0,,,,https://i.pinimg.com/originals/e3/b9/28/e3b9289fadbe5cfe604a57ddd9151b28.jpg,800,1200,0,2026-08-22
2026-09-03,unhas decoradas,AUh7KHoQ3sKD1G4HK-s7RJs_ORxndnfVutfTH1Y1qx34nS1Dw_iVFzShsAWegYKmCDZeUM7DkRADNOPg_izHU2s,17,10,0,Temu | Set Of 24,temu.com,https://www.temu.com/ul/kuiper/un3.html?subj=dpa-un&_bg_fs=1&_p_jump_id=1082&_x_vst_scene=adg&goods_id=605645768113431&adg_ctx=a-9fd1095d~c-46ce4873&_p_rfs=1&_x_ads_channel=pinterest&_x_ads_creative_id=%7Bproduct_partition_id%7D&_x_ads_id=%7Badgroupid%7D&_x_ads_set=%7Bcampaignid%7D&_x_ads_sub_channel=shopping&_x_ns_catalog_id=1567707391772&_x_ns_creative=%7Badid%7D&_x_ns_gid=605645768113431&_x_ns_,https://i.pinimg.com/originals/ff/e2/ff/ffe2ffab4acce0cfc2a7020e53448528.jpg,2000,3000,0,2026-08-07
2026-09-03,unhas decoradas,ASk0P-ulM8YtsN1t6hyuQx_35k_NF2PsZO_tUN2D-6SfbdKIeO1SxsjSAdPiGm-KjkeURy2Q-wRVwkbvARuWY5E,18,36,0,Baby Blue Nail Inspo |,instagram.com,https://www.instagram.com/p/DGoRHnPyOnY/?img_index=6,https://i.pinimg.com/originals/5d/e8/67/5de8670f58ba567850e65182a11c575a.jpg,877,877,0,2025-02-28
2026-09-03,unhas decoradas,985231165812737,19,4711,0,,,,https://i.pinimg.com/originals/aa/91/3a/aa913a93c5618c381867d257f816a324.jpg,736,1312,0,2026-08-14
2026-09-03,unhas decoradas,1140044093218584656,20,1,0,,,,https://i.pinimg.com/originals/4c/3d/b3/4c3db3fcb1c055861263624854953fdb.jpg,769,1365,0,2026-08-16
2026-09-03,unhas decoradas,AZhb6ZcDyGPkLKMh2lsnOgQqu6dQk48AMiwNI8EynDEvT5-56onTepajoiJ31A5GmdUC7cURT73pOi1vdMGywH0,21,44,0,ANDGING French Tip Press,amazon.com,https://www.amazon.com/French-Press-Nails-Almond-Medium/dp/B0CN5KFVDN/ref=asc_df_B0CN5KFVDN?hvdev=%7Bdevice%7D&hvcampaign=%7Bcampaignid%7D&hvadgroupid=%7Badgroupid%7D&hvprdptid=%7Bproduct_partition_id%7D&hvprdgrpid=%7Bpromoted_product_group_id%7D&hvcr=%7Bcreative_id%7D&hvadid=%7Badid%7D&hvprdid=%7Bproduct_id%7D&hvplc=%7Bplacement%7D&psc=1&tag=%7Bifnotmobile:ushpadpinde-20%7D%7Bifmobile:ushpadpinsp,https://i.pinimg.com/originals/8c/cb/73/8ccb7332945534fe64d3440b0f3c640c.jpg,856,1000,0,2026-04-09
2026-09-03,unhas decoradas,AQQME-iyMX2CSGw6hvhd4igAFqkxKRh13v_9-x4x_Us20f3x999Oa9UxsBHJG2pKsYxgn6-R22EfOScxgzpCZUA,22,200,0,French Tip Press on Nails,amazon.com,https://www.amazon.com/French-Rhinestone-Acrylic-Valentines-Manicure/dp/B0DNQBB9MD/ref=asc_df_B0DNQBB9MD?hvdev=%7Bdevice%7D&hvcampaign=%7Bcampaignid%7D&hvadgroupid=%7Badgroupid%7D&hvprdptid=%7Bproduct_partition_id%7D&hvprdgrpid=%7Bpromoted_product_group_id%7D&hvcr=%7Bcreative_id%7D&hvadid=%7Badid%7D&hvprdid=%7Bproduct_id%7D&hvplc=%7Bplacement%7D&psc=1&tag=%7Bifnotmobile:ushpadpinde-20%7D%7Bifmobil,https://i.pinimg.com/originals/42/f0/89/42f0897482ed15c97fcb97a6a533874b.jpg,800,800,0,2025-11-11
2026-09-03,unhas decoradas,334884922314115151,23,75,0,💜 Cute August Lavender Nail Art,,,https://i.pinimg.com/originals/a2/5e/08/a25e0825bfa7ba57912e98df6596bf0b.png,1054,1492,0,2026-08-25
2026-09-03,unhas decoradas,2462974793811301,24,2667,0,Aquela nails poderosa 🩵🤍🥰 . . . . . . #instagram #unhasinstagram #nailsinstagram😍💅♥️ #manicurefortaleza #unhasgringas,instagram.com,https://www.instagram.com/reel/DcAEno1tUaG/,https://i.pinimg.com/originals/ab/9c/e9/ab9ce9688add5e58938a3b0e4b7b61b6.jpg,756,1340,0,2026-08-25
2026-09-03,unhas decoradas,AYFezb2JBR6fA0cULrNPSamQ-ptUVI1wDumBXTXeR0b1o53G2iACmopkAc3u4GStYa41K8ve3G_YuB3aSKrq3eo,25,41,0,Temu | 24pcs Medium-long,temu.com,https://www.temu.com/ul/kuiper/un3.html?subj=dpa-un&_bg_fs=1&_p_jump_id=1082&_x_vst_scene=adg&goods_id=601101679165379&adg_ctx=a-574ed0df~c-105d22ec&_p_rfs=1&_x_ads_channel=pinterest&_x_ads_creative_id=%7Bproduct_partition_id%7D&_x_ads_id=%7Badgroupid%7D&_x_ads_set=%7Bcampaignid%7D&_x_ads_sub_channel=shopping&_x_ns_catalog_id=1567707391772&_x_ns_content_id=100000001705474183&_x_ns_creative=%7Badid,https://i.pinimg.com/originals/8e/38/9e/8e389e968471d6227523e9ed91c426e7.jpg,2000,3000,0,2026-07-13
2026-09-03,unhas decoradas,Afyjm8G6tlFGoHjt4hspXQV3T4G00zXEb2MrfULP14dclxrFvddhsPTsCsuBXvVDS6uw0E_p2mR6flCMPtyOZ-Q,26,1,0,Temu | 24pcs Burgundy,temu.com,https://www.temu.com/ul/kuiper/un3.html?subj=dpa-un&_bg_fs=1&_p_jump_id=1082&_x_vst_scene=adg&goods_id=601104806583295&adg_ctx=a-35c9ae50~c-9a5ba9f7&_p_rfs=1&_x_ads_channel=pinterest&_x_ads_creative_id=%7Bproduct_partition_id%7D&_x_ads_id=%7Badgroupid%7D&_x_ads_set=%7Bcampaignid%7D&_x_ads_sub_channel=shopping&_x_ns_catalog_id=1567707391772&_x_ns_creative=%7Badid%7D&_x_ns_gid=601104806583295&_x_ns_,https://i.pinimg.com/originals/11/f8/ed/11f8ed2110c5c01591fa6f21d2dc0cd8.jpg,2000,3000,0,2026-06-14
2026-09-03,unhas decoradas,Ab1QM63Ks3vW-7rp40fMB9ds9m3tOr9C-B90vnT3O8iV85Efl4ZzlqQr2xObDku6TwoS_jRNRhRdXWZYiCYJDw8,27,198,0,Medium Press on Nails,amazon.com,https://www.amazon.com/Medium-Square-Rhinestones-Acrylic-Reusable/dp/B0DZ72QB92/ref=asc_df_B0DZ72QB92?hvdev=%7Bdevice%7D&hvcampaign=%7Bcampaignid%7D&hvadgroupid=%7Badgroupid%7D&hvprdptid=%7Bproduct_partition_id%7D&hvprdgrpid=%7Bpromoted_product_group_id%7D&hvcr=%7Bcreative_id%7D&hvadid=%7Badid%7D&hvprdid=%7Bproduct_id%7D&hvplc=%7Bplacement%7D&psc=1&tag=%7Bifnotmobile:ushpadpinde-20%7D%7Bifmobile:u,https://i.pinimg.com/originals/d4/44/c1/d444c11198b32d55fa22813d437d8b01.jpg,1500,1500,0,2026-04-17
2026-09-03,unhas decoradas,1098878377858348518,28,129,0,obsessed 🪷🪷,,,https://i.pinimg.com/originals/54/64/d1/5464d1498dbcd7fa4adf8fdcd9c2ec9d.jpg,1080,1920,0,2026-08-17
2026-09-03,unhas decoradas,1083537991638272239,29,6,0,Lavender Luxury Bow Nails | Elegant Lilac & Pearl Bow Nail Art,a.co,https://a.co/d/0iUZmo9f,https://i.pinimg.com/originals/56/4d/89/564d89fc2a67e9f4ee389bbc78d225d7.png,1024,1536,0,2026-08-20
2026-09-03,unhas decoradas,276408495876108983,30,453,0,💗 Pink & Gold Almond Nails | Elegant Minimalist Nail Art ✨,,,https://i.pinimg.com/originals/ca/0f/48/ca0f48f2c372d181b555535ceda5a4fd.jpg,2048,3072,0,2026-08-26
2026-09-03,unhas decoradas,AXRwYYpCBj9-5cXw8OMWkulNCBuuiCcE3CcnfIs5KpiBw9HR6W-6JtUIJuoyhugvQM74Nw39B38B3VeUyWuY2S0,31,41,0,"BABALAL Press On Nails,",amazon.com,https://www.amazon.com/BABALAL-Texture-Handmade-Stiletto-Artificial/dp/B0FGCKG18Y/ref=asc_df_B0FGCKG18Y?hvdev=%7Bdevice%7D&hvcampaign=%7Bcampaignid%7D&hvadgroupid=%7Badgroupid%7D&hvprdptid=%7Bproduct_partition_id%7D&hvprdgrpid=%7Bpromoted_product_group_id%7D&hvcr=%7Bcreative_id%7D&hvadid=%7Badid%7D&hvprdid=%7Bproduct_id%7D&hvplc=%7Bplacement%7D&psc=1&tag=%7Bifnotmobile:ushpadpinde-20%7D%7Bifmobile,https://i.pinimg.com/originals/08/19/63/0819636953aac95a9ff8e219a81fbd2a.jpg,1180,1253,0,2026-04-29
2026-09-03,unhas decoradas,1110770695652176614,32,168,0,,,,https://i.pinimg.com/originals/21/1e/3d/211e3de1da9c626debfc377a1ccf4905.jpg,736,981,0,2026-08-18
2026-09-03,unhas decoradas,44473115066496026,33,1023,0,💜 Lavender Lemon Floral Nail Art ✨💅,,,https://i.pinimg.com/originals/75/72/a3/7572a3c55878024ba06083ffb8e6b2c3.jpg,1080,1920,0,2026-08-22
2026-09-03,unhas decoradas,924363892288983294,34,896,0,UNHAS EM GEL DECORADAS ELEGANTE,s.shopee.com.br,https://s.shopee.com.br/8V5mJswtIP?channel_type=pinterest,https://i.pinimg.com/originals/80/d8/fe/80d8fe36b7b89c25af9bb2fce90c589c.jpg,736,1104,0,2026-05-15
2026-09-03,unhas decoradas,856880266648945299,35,135,0,🌼 Lavender Daisy Dream Nails 💜✨,,,https://i.pinimg.com/originals/58/a5/a2/58a5a2a9c8dd9f2d47eefaa5db3a2212.jpg,1080,1920,0,2026-08-19
2026-09-03,unhas decoradas,756393699963091613,36,96,0,,vt.tiktok.com,https://vt.tiktok.com/ZS9hKj4DqunaX-WPvsx/,https://i.pinimg.com/originals/b9/1d/f7/b91df792dc4c4f091a5b5fdd316ce028.jpg,1199,1596,0,2026-08-23
2026-09-03,unhas decoradas,AdtXwScjoKQ6kDA_fYAuU0V7qNpAR-nhmfeClWYg8RGEQQyGS9rqpMzDCGOQtQznVVQrx6U9BpYw3tu05mq5ZhA,37,105,0,LWTZLW Leopard French Tip,amazon.com,https://www.amazon.com/LWTZLW-Leopard-Acrylic-Artificial-Reusable/dp/B0FDFZ6YZ6/ref=asc_df_B0FDFZ6YZ6?hvdev=%7Bdevice%7D&hvcampaign=%7Bcampaignid%7D&hvadgroupid=%7Badgroupid%7D&hvprdptid=%7Bproduct_partition_id%7D&hvprdgrpid=%7Bpromoted_product_group_id%7D&hvcr=%7Bcreative_id%7D&hvadid=%7Badid%7D&hvprdid=%7Bproduct_id%7D&hvplc=%7Bplacement%7D&psc=1&tag=%7Bifnotmobile:ushpadpinde-20%7D%7Bifmobile:u,https://i.pinimg.com/originals/4e/b7/37/4eb737d2fce0a692a8d09edef2c605f0.jpg,1103,1208,0,2026-01-25
2026-09-03,unhas decoradas,AWCufkieaJUVM_GnaJDdxTkd0tUn53CLQ0H9LtC4f8MbGXRolOOGx827dvH8GZPtizWhEIPlPyBoTSUTs3Qp7NA,38,46,0,24 Pcs Orange Gradient,amazon.com,https://www.amazon.com/Orange-Gradient-Glitter-Acrylic-Manicure/dp/B0F4888X86/ref=asc_df_B0F4888X86?hvdev=%7Bdevice%7D&hvcampaign=%7Bcampaignid%7D&hvadgroupid=%7Badgroupid%7D&hvprdptid=%7Bproduct_partition_id%7D&hvprdgrpid=%7Bpromoted_product_group_id%7D&hvcr=%7Bcreative_id%7D&hvadid=%7Badid%7D&hvprdid=%7Bproduct_id%7D&hvplc=%7Bplacement%7D&psc=1&tag=%7Bifnotmobile:ushpadpinde-20%7D%7Bifmobile:ush,https://i.pinimg.com/originals/47/be/ce/47beceaf0fa172963d8d32046e54167b.jpg,1200,1200,0,2026-04-05
2026-09-03,unhas decoradas,AbTmlEv7SJBIGJjDqyr5gTj44UrcS-164VpdFkORAYNRAddJQjgJH22k2tdB1JeJKPfhuzP_tAAL9rL6bmFiF9g,39,1,0,Temu | Cat-eye Blue,temu.com,https://www.temu.com/ul/kuiper/un3.html?subj=dpa-un&_bg_fs=1&_p_jump_id=1082&_x_vst_scene=adg&goods_id=601105786810981&adg_ctx=a-4c9e5440~c-b3c8769a&_p_rfs=1&_x_ads_channel=pinterest&_x_ads_creative_id=%7Bproduct_partition_id%7D&_x_ads_id=%7Badgroupid%7D&_x_ads_set=%7Bcampaignid%7D&_x_ads_sub_channel=shopping&_x_ns_catalog_id=1567707391772&_x_ns_creative=%7Badid%7D&_x_ns_gid=601105786810981&_x_ns_,https://i.pinimg.com/originals/be/16/49/be164972750b140d20946047c9659f3c.jpg,2000,3000,0,2026-06-08
2026-09-03,unhas decoradas,1091982240927627526,40,6,0,,,,https://i.pinimg.com/originals/5f/12/21/5f1221df09174652917b992f7e81a8c5.jpg,736,1308,0,2026-08-20
2026-09-03,unhas decoradas,2462974793804764,41,1754,0,24,,,https://i.pinimg.com/originals/06/7d/96/067d969efa4c491531f35dd4c6ae354d.jpg,1080,1440,0,2026-08-23
2026-09-03,unhas decoradas,AfZ3DB0-HkiOhYlYGtH-FvUiidIYfkPany76YZgXAAZ53Cb60-oZxIptzj7mXB_-XEzMImKvicgRffun_7nukB0,42,18,0,Yttal French Short Square,walmart.com,https://www.walmart.com/ip/YTTAL-French-Short-Square-Press-On-Nails-Summer-False-Nails-With-Cute-Flower-Pink-Design-Glossy-Gel-Finish-Acrylic-Thick-Natural-Reusable-Nail-Glue-S/16624507997?wmlspartner=wlpa&selectedSellerId=101659106,https://i.pinimg.com/originals/e3/2b/2c/e32b2c6d38f34b51f338579b0d3de797.jpg,420,450,0,2026-06-03
2026-09-03,unhas decoradas,492649955178506,43,36404,0,,,,https://i.pinimg.com/originals/f8/d0/4e/f8d04ee415e9f69cf3d3dbe13b5b9f1d.jpg,735,919,0,2026-07-22
2026-09-03,unhas decoradas,16888567449018923,44,9914,0,,,,https://i.pinimg.com/originals/65/0d/92/650d92f9a920e8fbfca55cc8df0c4d23.jpg,736,1308,0,2026-07-15
2026-09-03,unhas decoradas,70016969204690978,45,341,0,Blue Floral Nail Art 💙 | Elegant & Trendy Blue Nails,,,https://i.pinimg.com/originals/b0/52/f2/b052f205552d81e2aafcae62ec56d40d.png,1122,1402,0,2026-08-24
2026-09-03,unhas decoradas,AcQYWCkGdomHTrv5yIAP7pcQiMXbS7YLNAl-Tgz-kwnp3QMlQFjzkEyuVnePM8s3yn67Wq19z-I7N6c0C8ZsbH0,46,153,0,Almond Press on Nails,amazon.com,https://www.amazon.com/Almond-French-Summer-Acrylic-Artificial/dp/B0F4PFFMGF/ref=asc_df_B0F4PFFMGF?hvdev=%7Bdevice%7D&hvcampaign=%7Bcampaignid%7D&hvadgroupid=%7Badgroupid%7D&hvprdptid=%7Bproduct_partition_id%7D&hvprdgrpid=%7Bpromoted_product_group_id%7D&hvcr=%7Bcreative_id%7D&hvadid=%7Badid%7D&hvprdid=%7Bproduct_id%7D&hvplc=%7Bplacement%7D&psc=1&tag=%7Bifnotmobile:ushpadpinde-20%7D%7Bifmobile:ushp,https://i.pinimg.com/originals/00/d9/3c/00d93c5d240936f0cf5f1d85aaeaa6fb.jpg,951,1281,0,2026-06-06
2026-09-03,unhas decoradas,AXQHg7t1RZWpAxZPBxIv42iZkMotA5B0RLfD6ah9HK500aUyrf7ZosUQKBqFZj13a06oyHNWnDJKWpKXb00dDUw,47,26,0,Temu | 10pcs Almond,temu.com,https://www.temu.com/ul/kuiper/un3.html?subj=dpa-un&_bg_fs=1&_p_jump_id=1082&_x_vst_scene=adg&goods_id=606307243408609&adg_ctx=a-c98c6bb2~c-03b697e4&_p_rfs=1&_x_ads_channel=pinterest&_x_ads_creative_id=%7Bproduct_partition_id%7D&_x_ads_id=%7Badgroupid%7D&_x_ads_set=%7Bcampaignid%7D&_x_ads_sub_channel=shopping&_x_ns_catalog_id=1567707391772&_x_ns_creative=%7Badid%7D&_x_ns_product_id=97730168919509&,https://i.pinimg.com/originals/8f/9a/db/8f9adba4cc8d78361da948a65f92b0fd.jpg,2000,3000,0,2026-07-17
2026-09-03,unhas decoradas,608056387236535382,48,12,0,,,,https://i.pinimg.com/originals/b5/79/f3/b579f301c5b5262b26657b2694da3634.jpg,675,1200,0,2026-08-20
2026-09-03,unhas decoradas,612489618120843820,49,1,0,"Manicure Rosa Alegre: Carinhas Felizes, Pérolas e Strass – Puro Encanto!",onelink.shein.com,https://onelink.shein.com/48/5z47qadg7038,https://i.pinimg.com/originals/3a/36/c3/3a36c32fc8a0cd6bb7a04d6b13d004c4.jpg,1080,1920,0,2026-08-18
2026-09-03,unhas decoradas,AXZP8DgKMbvGM_Enbc8PqM1U-ZrlAejgBCyzZY7Dm4kaldr8vw8COtBZjNBdbjhgMWtxgJm2uowwvYF2Ct3LnXg,50,10,0,Temu | 10pcs Almond False,temu.com,https://www.temu.com/ul/kuiper/un3.html?subj=dpa-un&_bg_fs=1&_p_jump_id=1082&_x_vst_scene=adg&goods_id=606491725685138&adg_ctx=a-77830124~c-9f8ae151&_p_rfs=1&_x_ads_channel=pinterest&_x_ads_creative_id=%7Bproduct_partition_id%7D&_x_ads_id=%7Badgroupid%7D&_x_ads_set=%7Bcampaignid%7D&_x_ads_sub_channel=shopping&_x_ns_catalog_id=1567707391772&_x_ns_creative=%7Badid%7D&_x_ns_gid=606491725685138&_x_ns_,https://i.pinimg.com/originals/4c/93/2a/4c932a87a95819f0912a1bc7e8df5b03.jpg,2000,3000,0,2026-08-03
2026-09-03,unhas decoradas,AXT0XAcCty7rSyfYxZulBYIyA0Q62C2NLDBeGSlvlRAexcKVPJGYLOvsIofslfqpBIz59DeYcJtOPTqf2tPaUrU,51,19,0,Santorini Spritz -,dashingdiva.com,https://www.dashingdiva.com/products/magic-press-santorini-spritz?variant=45245813850249utm_source=google&utm_medium=shopping&utm_campaign=shopping_feed,https://i.pinimg.com/originals/37/a1/36/37a1366f8ac2b885f1175e612e70c5e9.jpg,874,1256,0,2026-05-19
2026-09-03,unhas decoradas,924715736009563357,52,19,0,Dusty Mauve Floral Nail Art & Gold Foil Almond Nails Inspo,shorturl.at,https://shorturl.at/Lc4yb,https://i.pinimg.com/originals/e0/bd/e4/e0bde47491e0c2742ce9cd27e78ff338.jpg,1024,1536,0,2026-08-17
2026-09-03,unhas decoradas,16888567449063388,53,14639,0,,,,https://i.pinimg.com/originals/41/94/d9/4194d9016470f5e3b23f7d9cd27e1ca4.jpg,1080,1920,0,2026-07-31
2026-09-03,unhas decoradas,2251868559639781,54,4184,0,,,,https://i.pinimg.com/originals/bd/c6/b8/bdc6b8d61b35a8107365146c9a8b4aaf.jpg,736,1331,0,2026-08-18
2026-09-03,unhas decoradas,168322104819004305,55,59,0,Unhas Postiças Autocolantes Decoradas,meli.la,https://meli.la/2FDNtSG,https://i.pinimg.com/originals/d4/b4/4a/d4b44adfe05d28cac9911935cd8da6e5.png,1023,1537,0,2026-08-23
2026-09-03,unhas decoradas,10203536652671098,56,435,0,Elegant White & Gold Nail Inspo ✨ | Veloura,,,https://i.pinimg.com/originals/82/38/5b/82385bb05776985a1b09c99feadde6ba.jpg,887,1577,0,2026-08-24
2026-09-03,unhas decoradas,1150529036081419475,57,110,0,Cherry Red Aesthetic Nail Inspo 🍒 | Soft Girl Cherry Nail Art You'll Want to Copy,link.amazon,https://link.amazon/B09m4blJS,https://i.pinimg.com/originals/fd/e5/70/fde570e61bdb2646c49c84f1ebddc540.png,1024,1536,0,2026-07-08
2026-09-03,unhas decoradas,30891947447144899,58,1555,0,24pcs Elegant Gradient Pink & White Press-On Nails/3D Floral & Pearl Design. Almond-Shaped Reusable,onelink.shein.com,https://onelink.shein.com/46/5y1g2g0io4rf?ismg_ol=ff7d4d8a2866e85d4647894756a0a0cf5c63deaa036b045154908ccd08d002de_01_KOC-C,https://i.pinimg.com/originals/2a/ff/5b/2aff5b0b1783deada1d02e68a636adac.png,941,1672,0,2026-08-26
2026-09-03,unhas decoradas,68750357030,59,1295,0,Rapunzel Nails,,,https://i.pinimg.com/originals/24/50/95/24509512a347e4723d2bc79b60f561f2.jpg,675,1200,0,2026-08-26
2026-09-03,unhas decoradas,984458799819246410,60,1747,0,..............,,,https://i.pinimg.com/originals/51/54/d3/5154d3858fce84d4cb587d92f445c4e8.jpg,736,1308,0,2026-06-28
2026-09-03,unhas decoradas,926756429594063288,61,417,0,,,,https://i.pinimg.com/originals/67/36/d7/6736d73d4f25c1d7d21c59447e630661.jpg,1080,1920,0,2026-08-17
2026-09-03,unhas decoradas,496944140158024738,62,53,0,Elegant Floral Nails | Dusty Rose & Pink Flower Almond Nail Art,,,https://i.pinimg.com/originals/88/eb/2a/88eb2a51ff309b3a7485ecacd2ade6ad.png,1024,1536,0,2026-08-24
2026-09-03,unhas decoradas,636837203641565017,63,10,0,Beautiful nails,,,https://i.pinimg.com/originals/80/33/0d/80330d49d9e74a502022c72dde592ff4.png,1024,1536,0,2026-08-24
2026-09-03,unhas decoradas,6614730699774425,64,5481,0,Soft Blue Summer Nails 2026 | Elegant Baby Blue French Tips & Gold Bow Nail Art,,,https://i.pinimg.com/originals/72/8e/2b/728e2bdbb8f1cf92bb140e60b5f74031.png,1086,1448,0,2026-08-25
2026-09-03,unhas decoradas,195202965097522831,65,127,0,,,,https://i.pinimg.com/originals/ee/f8/ce/eef8ce346a9065e067ce3603ec9d396c.png,736,1104,0,2026-08-20
2026-09-03,unhas decoradas,612489618120820672,66,6,0,"Unhas Decoradas Celestes: Rosa, Perolado e Ouro – Doçura e Brilho",onelink.shein.com,https://onelink.shein.com/48/5z3v8bdp5zih,https://i.pinimg.com/originals/8e/1d/e5/8e1de5a4ad88321f1a181a07f1b7cfe4.jpg,1080,1920,0,2026-08-17
2026-09-03,unhas decoradas,17170042326258077,67,704,0,,,,https://i.pinimg.com/originals/be/f0/07/bef007c65bf434e0baafecb059155eaa.jpg,1080,1920,0,2026-08-25
2026-09-03,unhas decoradas,1096556209311772328,68,221,0,,,,https://i.pinimg.com/originals/f1/7b/db/f17bdb94ee2ac51a98de81e9d44edddf.jpg,736,1104,0,2026-08-20
2026-09-03,unhas decoradas,8725793026248895,69,507,0,,,,https://i.pinimg.com/originals/3e/aa/17/3eaa17ef23764956731ce0c4881d878a.jpg,1080,1920,0,2026-08-25
2026-09-03,unhas decoradas,910430880942560719,70,7,0,✨🦋 Beautiful Nail Fashion 2026 🌸💅 Elegant & Trendy Nail Design's,,,https://i.pinimg.com/originals/0b/11/92/0b11927eafc3089d61d6fa6aa5099d9a.webp,1152,2048,0,2026-08-25
2026-09-03,unhas decoradas,3729612269779807,71,16200,0,,,,https://i.pinimg.com/originals/cd/67/f2/cd67f2f84d537bdb1223fc20f7fcc451.jpg,675,1200,0,2026-07-14
2026-09-03,unhas decoradas,990158668184924975,72,1,0,Unhas Postiças Curtas com ponta francesa e design fofo,link.amazon,https://link.amazon/B04D1RpNJ,https://i.pinimg.com/originals/ff/e6/68/ffe66884d043ec5ecf9ce2e2d2b09e35.png,1000,1500,0,2026-08-13
2026-09-03,unhas decoradas,752804894011262096,73,41,0,Elegant Purple Sparkle Nails | Glamorous Lilac Glitter Almond Nail Art,,,https://i.pinimg.com/originals/bd/8b/e7/bd8be77dac0cfdd7be8ff0e0ae17c147.png,1024,1536,0,2026-08-26
2026-09-03,unhas decoradas,3377768469343469,74,3220,0,,,,https://i.pinimg.com/originals/d1/b5/a3/d1b5a398c5e69fa085c0ed5b0bec2696.png,1320,1491,0,2026-08-19
2026-09-03,unhas decoradas,4081455908281867,75,17266,0,,,,https://i.pinimg.com/originals/6a/12/94/6a12947ad201a7172d16941185ad08a0.png,1027,1531,0,2026-08-18
2026-09-03,cabelo cacheado cuidados,4785143352422537,1,1091,0,Como acordar com o cabelo cacheado perfeito.,,,https://i.pinimg.com/originals/74/07/82/740782e1a0155b677f3fc0b361aaeb30.png,1024,1536,0,2026-06-30
2026-09-03,cabelo cacheado cuidados,AZne2_uaAtT7A3jjdLrWjJucPRCnxm77ocpdvBi8nZ-tfKhg4apcPIPnh3x0Zrxd457VkjuHw0YlxhztJjiT9LM,2,0,0,Kérastase's Bestselling,kerastase-usa.com,https://www.kerastase-usa.com/collections/elixir-ultime/lhuile-original-hair-oil-refillable-for-hair-shine.html?utm_source=pinterest&utm_medium=traffic&utm_campaign=serums,https://i.pinimg.com/originals/df/db/0e/dfdb0ea9772714fb7ca306a19665cb6e.jpg,1080,1350,1,2026-08-24
2026-09-03,cabelo cacheado cuidados,ARwls0u4cX-NKrkS-3IKOtxvr3B2HLyOPIu_eeDJ0cCRtE2wdi3r1DTiOkHVSWHTdQZeUtbJ4IBjq9Ek5k2gPcg,3,45,0,Scalp is skin... Healthy,cerave.com,https://www.cerave.com/skin-smarts/hair-and-scalp-expertise/non-medicated-haircare-systems?utm_source=pinterest&utm_medium=social_post_paid&utm_content=cer_haca_nonmedicated_display_aw&utm_campaign=cer_haca_nonmedicated_1h'26_none,https://i.pinimg.com/originals/46/fc/28/46fc28285fe70211b53c487e8be6af7e.jpg,1000,1500,0,2026-03-18
2026-09-03,cabelo cacheado cuidados,AaP_bcspHL9rlsl1SfG7Yffl1fdaowWeA58WC-t_IRwX-KJzzA94CZPp5ETWR_eij_d033u5rwx2RtBmxDVFQqk,4,0,0,EELHOE Curly Hair Mousse,us.shein.com,https://us.shein.com/ark/default?scene=1&test=5051&ad_type=DPA&goods_id=528072726&pf=PINTEREST&url_from=PINADSDPA&ismg=31bf163624e520b10be96dc282ebfb509a4ad392c6c1528852f9fe35d373a0f0_01_1788369107,https://i.pinimg.com/originals/c2/3d/48/c23d48a400ebed5bba737f09891a0b5e.jpg,1600,1600,0,2026-07-24
2026-09-03,cabelo cacheado cuidados,520025088247016307,5,54,0,🤎 Rotina de cuidados para cabelos cacheados,,,https://i.pinimg.com/originals/b9/4d/b8/b94db88ae470addaae4d9da69e643352.png,1086,1448,0,2026-08-15
2026-09-03,cabelo cacheado cuidados,360006563998850782,6,263,0,👩🏻‍🦱Guia completa de dicas para o seu cabelo cacheado 🌷,,,https://i.pinimg.com/originals/00/86/a0/0086a06907b3c863014d82e670178ad3.png,1024,1536,0,2026-08-22
2026-09-03,cabelo cacheado cuidados,AaPaq3k9VN2jzOCTwy955o3fwSfDSnNoAF8rOkY8OGBYHzF4u9ti-cKvOgc73Gm1SGdOMCCMs5BIq2KWAmSO5Ao,7,1,0,Curly Wavy Styling Cream,inspireuplift.com,https://www.inspireuplift.com/curly-hair-styling-cream-moisturizing-curl-defining-cream/iu/21717375?variant=474837688,https://i.pinimg.com/originals/d2/16/b8/d216b8be5081a9db1581a81a77fd5c3a.jpg,1600,1600,0,2026-07-10
2026-09-03,cabelo cacheado cuidados,AUbBNSMX-bbJRlsNrA1vaXzYbBCUGyoyEKic6vGmnZL5T4pMRSEctLS5Uj7Kp2QM68outKOmREwXARLb4jEzMeg,8,4,0,L'Oréal Professionnel,sephora.com,https://www.sephora.com/product/curl-expression-defining-leave-in-jelly-P507485?skuId=2717387&om_mmc=paid_social_Pinterest_DPA,https://i.pinimg.com/originals/13/d2/bc/13d2bcba74103cc1c4bb15ae88c73385.jpg,2000,2000,0,2026-08-05
2026-09-03,cabelo cacheado cuidados,4785143352422527,9,110,0,"Cachos lindos começam com pequenos cuidados! Hidrate, proteja e valorize a beleza natural",,,https://i.pinimg.com/originals/78/02/e0/7802e0e7924cb2239ba4fe6ce6569d3e.png,1024,1536,0,2026-06-30
2026-09-03,cabelo cacheado cuidados,AQTyyURyFBbnMWL-leBrf2GDw7YQLdRBXkX2f72oHoB5x01F0BFk8o5GCKNKbpplmhkfxmGKcA_8iwhwVXNOtSc,10,2,0,Curl Oil - 3 fl oz,verbproducts.com,https://www.verbproducts.com/products/curl-oil?variant=42987028185177,https://i.pinimg.com/originals/d6/1e/ab/d61eabd107b364de39e35daba0c3c3a1.jpg,2000,2000,0,2026-04-29
2026-09-03,cabelo cacheado cuidados,1022317184154404279,11,907,0,,,,https://i.pinimg.com/originals/cd/09/77/cd097792f14e124321eb7ab9a83dc70d.jpg,736,983,0,2024-06-16
2026-09-03,cabelo cacheado cuidados,AQ2uxzC33SoH88_z5m1_MZZG5vtKCe9BG2e-o8lovzvfpt84J80sfRb3gFx1UtbidfEw7RxLeOcBGCm7A_4DpXQ,12,0,0,Shield Duo & Serum Deal,gkhair.com,https://www.gkhair.com/products/shield-duo-and-serum-deal?variant=41943289954406,https://i.pinimg.com/originals/71/e5/17/71e517bb7d99ae58931245e656753c1e.jpg,1006,1024,0,2026-08-29
2026-09-03,cabelo cacheado cuidados,AbUYr82D4P-jYVFzhEREvZPg85bLIW6w7esGWI_oc0L67b6LIwabi-xWVSBzJVTyeqEsnOiXV7NtctYcIEJBQWA,13,2,0,Temu | Un Juego de 3,temu.com,https://www.temu.com/ul/kuiper/un3.html?subj=dpa-un&_bg_fs=1&_p_jump_id=1082&_x_vst_scene=adg&goods_id=606204013176642&adg_ctx=a-3fa98599~c-a79641d4&_p_rfs=1&_x_ads_channel=pinterest&_x_ads_creative_id=%7Bproduct_partition_id%7D&_x_ads_id=%7Badgroupid%7D&_x_ads_set=%7Bcampaignid%7D&_x_ads_sub_channel=shopping&_x_ns_catalog_id=1580405374697&_x_ns_creative=%7Badid%7D&_x_ns_gid=606204013176642&_x_ns_,https://i.pinimg.com/originals/03/3e/b9/033eb962a1d4ed639e9a3058aa1566f0.jpg,1254,1254,0,2026-08-09
2026-09-03,cabelo cacheado cuidados,13933080093367208,14,454,0,"Se você tem cabelo cacheado, precisa conhecer estas dicas! 💜",instagram.com,https://www.instagram.com/ju.estetica.avancada,https://i.pinimg.com/originals/39/56/37/3956372bdc6ec9e0044a928e49a20fd8.png,1024,1536,0,2026-07-05
2026-09-03,cabelo cacheado cuidados,ARvuAKOstAPG0UY3SOvEAm4HHIEUFXGkAjFSQQL71852uUsNcGeTAxxAHDFa9p6N8-NZTZZAH36_-EjP9TmdSso,15,1,0,Temu | Moisturizing,temu.com,https://www.temu.com/ul/kuiper/un3.html?subj=dpa-un&_bg_fs=1&_p_jump_id=1082&_x_vst_scene=adg&goods_id=601101784645682&adg_ctx=a-a3697aaa~c-fe53b8cc&_p_rfs=1&_x_ads_channel=pinterest&_x_ads_creative_id=%7Bproduct_partition_id%7D&_x_ads_id=%7Badgroupid%7D&_x_ads_set=%7Bcampaignid%7D&_x_ads_sub_channel=shopping&_x_ns_catalog_id=1567707391772&_x_ns_creative=%7Badid%7D&_x_ns_gid=601101784645682&_x_ns_,https://i.pinimg.com/originals/14/8e/61/148e61a941eb5ac711ccacf013cf2430.jpg,800,800,0,2026-08-03
2026-09-03,cabelo cacheado cuidados,24980972928480503,17,2357,0,Cuidados com Cabelo Cacheado! Como evitar Frizz no cabelo!,,,https://i.pinimg.com/originals/6a/6f/99/6a6f99c597e8c076b2e5ddb2fa2385a3.jpg,676,1201,0,2024-10-25
2026-09-03,cabelo cacheado cuidados,919297342754286568,18,12,0,,,,https://i.pinimg.com/originals/3f/34/cf/3f34cf9fa5d8db793abfd80fb2d4866d.jpg,1200,1800,0,2026-08-15
2026-09-03,cabelo cacheado cuidados,AWPmJQiy3SQKSX8JYroTM2gKXOsodHoLbOCfPzEs7mcnOOOR5TA6AWDsqqQ7ufm6EFPUi3EBZbv4TooIWGx5yPk,19,195,0,A Routine Built Around,prose.com,https://prose.com/consultation/haircare/first-question,https://i.pinimg.com/originals/23/16/f3/2316f36759900818290d2485292d5d49.jpg,1080,1920,1,2026-06-29
2026-09-03,cabelo cacheado cuidados,77968637295780658,20,116,0,Projeto Rapunzel: 6 Segredos para o Cabelo Cacheado Crescer Rápido e Forte ✨🌸,,,https://i.pinimg.com/originals/97/51/b8/9751b8bac275b33ff80d59a29d21d018.jpg,1200,1800,0,2026-04-22
2026-09-03,cabelo cacheado cuidados,972214638328740824,21,1,0,,,,https://i.pinimg.com/originals/b7/4b/65/b74b6536cf2a5b99828b8d4a1aa629cf.jpg,736,1104,0,2026-07-16
2026-09-03,cabelo cacheado cuidados,1107955945856839882,22,298,0,Como acordar com os cachos mais bonitos.,,,https://i.pinimg.com/originals/6d/2d/85/6d2d8571e13656c6b91241f380a33452.png,1024,1536,0,2026-05-11
2026-09-03,cabelo cacheado cuidados,79164905947569817,23,152,0,Erros na lavagem do cabelo cacheado.,,,https://i.pinimg.com/originals/86/c4/65/86c46548278967bee91fa574b11b23a0.png,1024,1536,0,2026-05-07
2026-09-03,cabelo cacheado cuidados,281543726536133,24,1362,0,,,,https://i.pinimg.com/originals/dc/19/96/dc199687612678c53808c2a81593ef4d.jpg,1080,1920,0,2026-01-05
2026-09-03,cabelo cacheado cuidados,9992430419386093,25,1281,0,,,,https://i.pinimg.com/originals/6a/20/62/6a20629c3d1dfcceae3070d1aa5f6663.webp,1150,1370,0,2026-08-11
2026-09-03,cabelo cacheado cuidados,142004194499794157,26,435,0,Como cuidar do seu crespo!😊🍪,,,https://i.pinimg.com/originals/0e/34/71/0e347108b3c495eeb192ac1869a8f9df.png,1122,1402,0,2026-07-27
2026-09-03,cabelo cacheado cuidados,ARzgVpnrbFUTiTD88FTl-4rR2-9LVvs4PcNPLO2Dk5dkivVrZavmUNkgKxravRClVOMHzycVQbHR1rKCJhoFUHk,27,0,0,Temu | 7-in-1 Adult Curly,temu.com,https://www.temu.com/ul/kuiper/un3.html?subj=dpa-un&_bg_fs=1&_p_jump_id=1082&_x_vst_scene=adg&goods_id=607519816689432&adg_ctx=a-7fb82c62~c-8f0819a8&_p_rfs=1&_x_ads_channel=pinterest&_x_ads_creative_id=%7Bproduct_partition_id%7D&_x_ads_id=%7Badgroupid%7D&_x_ads_set=%7Bcampaignid%7D&_x_ads_sub_channel=shopping&_x_ns_catalog_id=1567707391772&_x_ns_creative=%7Badid%7D&_x_ns_gid=607519816689432&_x_ns_,https://i.pinimg.com/originals/e8/b4/7f/e8b47ff252ce20dbb447cab35dc6ba3c.jpg,1254,1254,0,2026-08-12
2026-09-03,cabelo cacheado cuidados,173951604352515127,28,9122,0,@beabeloti 🩷,,,https://i.pinimg.com/originals/94/82/ae/9482ae2202602968b45b1c55334b908f.jpg,1080,1898,0,2026-01-26
2026-09-03,cabelo cacheado cuidados,Ab9zIircbLAPNzqPHOJIIHVfm8beYO7XJPBZ9IOwnJpqjuPqPD4GIDGyGwrDxykV1Yy1aTzg6uv6D9h5NAOGMqE,29,2,0,VivaCurl™ Restore Serum —,luvilea.com,https://luvilea.com/products/vivacurl%E2%84%A2-restore-serum-unleash-soft-bounce-back-curls-that-turn-heads-every-time?variant=51866181730641,https://i.pinimg.com/originals/0d/56/2c/0d562c936dde0c15cd69b6ffae9b7114.png,1080,1080,0,2026-05-05
2026-09-03,cabelo cacheado cuidados,1139340405722748472,30,4180,0,Vai cuidar do cabelo? faça da forma correta!!,,,https://i.pinimg.com/originals/8a/e8/d8/8ae8d807cc48e88854a31c7af16d2f43.jpg,736,1308,0,2024-07-02
2026-09-03,cabelo cacheado cuidados,678073287692945656,31,7,0,Dicas preciosas para os seus cachos 🥰⭐,,,https://i.pinimg.com/originals/de/dc/b3/dedcb3a41d59f11eb96d31a5cd5c331d.png,1024,1536,0,2026-07-15
2026-09-03,cabelo cacheado cuidados,AXpe5sdfzPLkvM3pk-sOttCyF12-fpqbAcpOBtWuzXHguoPBRk1KEvjzR5TZa4mFXFujOZtqMkDM_Fj13MW_4Ts,32,0,0,Boost Defining Cream,lenovotv.com,https://www.lenovotv.com/products/boost-defining-cream?variant=8e5efcac-16ae-4bc1-b329-9e5ca599a647,https://i.pinimg.com/originals/a4/46/09/a44609e6f59cc36f509122bc108c1e3c.jpg,1000,1000,0,2026-08-15
2026-09-03,cabelo cacheado cuidados,15762667444647585,33,354,0,,,,https://i.pinimg.com/originals/4b/34/f7/4b34f7a8ed0cd1a9630ef3907b5d74bf.jpg,736,1104,0,2026-08-10
2026-09-03,cabelo cacheado cuidados,80783387062639366,34,123,0,Rotina simples para cuidar do cabelo cacheado.,,,https://i.pinimg.com/originals/68/d7/dc/68d7dcb11858a00ece5037afc3dfb995.png,1023,1537,0,2026-06-29
2026-09-03,cabelo cacheado cuidados,579908889563815464,35,25,0,Como cuidar do cabelo ondulado,,,https://i.pinimg.com/originals/df/15/68/df15686c53027e26c0bddb88571e51d1.jpg,675,1200,0,2026-08-25
2026-09-03,cabelo cacheado cuidados,AWdD4fLPgo_0c6J56uFwfoDxlNZAn5IRaV_steoIlka6ipybs09VFrL5BpRtj251rH0YqoBAchIYIBIyMM8D1sM,36,0,0,stay for the results 👀✨,elfcosmetics.com,https://www.elfcosmetics.com/collections/hair,https://i.pinimg.com/originals/af/1d/09/af1d09d540c3721d4fac3fd2fb06b86c.jpg,1080,1920,1,2026-08-21
2026-09-03,cabelo cacheado cuidados,AUJ4KLBnkuUSSzgIe0ZJmEvgJGEDWdimfxN1N8xnicFuMAmlwxWi9JN8O3sO7G7LgyGWjYyf-7zLLkMATPksuOE,37,1,0,Temu | 100g -one Curly,temu.com,https://www.temu.com/ul/kuiper/un3.html?subj=dpa-un&_bg_fs=1&_p_jump_id=1082&_x_vst_scene=adg&goods_id=601104225045871&adg_ctx=a-3ce81427~c-c0d55b8e&_p_rfs=1&_x_ads_channel=pinterest&_x_ads_creative_id=%7Bproduct_partition_id%7D&_x_ads_id=%7Badgroupid%7D&_x_ads_set=%7Bcampaignid%7D&_x_ads_sub_channel=shopping&_x_ns_catalog_id=1567707391772&_x_ns_creative=%7Badid%7D&_x_ns_product_id=17613727245422&,https://i.pinimg.com/originals/41/97/39/419739fc8d8bdcd1243e0660c518d6ff.jpg,2000,2000,0,2026-06-26
2026-09-03,cabelo cacheado cuidados,AV0LStOXcqoObJwIGCDLhXAXQI4Wn-3awtboSSsFjyIMHxutPVxn063HkLG11ITZwFhM89ZUvrsFp70rCvnJpQQ,38,4,0,Dicas de beleza,s.shopee.com.br,https://s.shopee.com.br/5LAKe0EqFi?pp=1&channel_type=pinterest,https://i.pinimg.com/originals/8b/f3/0b/8bf30ba2e1123767c6337e5ed2cdc04c.jpg,736,1104,0,2026-07-16
2026-09-03,cabelo cacheado cuidados,Aafn8eesvZOgRe3RHTrh1TateXb15m0jQIqdr8v6vDJTnB5_l1DAXmJKEPUNE93MvKcZwPurJ5dOqTCWySyINuY,39,0,0,Temu | Upgraded New,temu.com,https://www.temu.com/ul/kuiper/un3.html?subj=dpa-un&_bg_fs=1&_p_jump_id=1082&_x_vst_scene=adg&goods_id=606897046400824&adg_ctx=a-c9d845c0~c-81539d1a&_p_rfs=1&_x_ads_channel=pinterest&_x_ads_creative_id=%7Bproduct_partition_id%7D&_x_ads_id=%7Badgroupid%7D&_x_ads_set=%7Bcampaignid%7D&_x_ads_sub_channel=shopping&_x_ns_catalog_id=1567707391772&_x_ns_creative=%7Badid%7D&_x_ns_gid=606897046400824&_x_ns_,https://i.pinimg.com/originals/0f/cf/7a/0fcf7a29588e3602209568073466e7d6.jpg,2000,3000,0,2026-08-17
2026-09-03,cabelo cacheado cuidados,20195898327096265,40,2439,0,cuidados capilar,,,https://i.pinimg.com/originals/98/19/71/9819710a8c3453702ba71ebb1e038245.jpg,1080,1758,0,2025-11-18
2026-09-03,cabelo cacheado cuidados,121737996173751495,41,124,0,,,,https://i.pinimg.com/originals/62/d3/61/62d36101dadc5fb1bd059b750605f6dc.png,1086,1448,0,2026-08-24
2026-09-03,cabelo cacheado cuidados,1079034391992402491,42,287,0,link do canal whatsapp: https://whatsapp.com/channel/0029Vb8ND8iKWEKm1m1Lo51z,whatsapp.com,https://whatsapp.com/channel/0029Vb8ND8iKWEKm1m1Lo51z,https://i.pinimg.com/originals/8a/34/55/8a345516edaee0b2d83ed4511ea605db.png,1024,1536,0,2026-07-23
2026-09-03,cabelo cacheado cuidados,95279348361946733,43,879,0,curlyhair routine 💕,,,https://i.pinimg.com/originals/81/e9/bd/81e9bd5665d4fd224733cc3cf1e69166.heic,4592,6652,0,2026-06-22
2026-09-03,cabelo cacheado cuidados,1086423110131970547,44,37,0,"Como cuidar do seu cabelo cacheado, e ter a textura que só ele tem.",,,https://i.pinimg.com/originals/7e/90/bb/7e90bb62e2e40e6e6c1d6c08095a83c4.jpg,844,1501,0,2026-02-13
2026-09-03,cabelo cacheado cuidados,1022317184183461018,45,4,0,cachos dos sonhos 🤌💫,,,https://i.pinimg.com/originals/e4/e9/30/e4e930a2e5b8e067af61ff8413e18e11.png,1772,2229,0,2026-08-22
2026-09-03,cabelo cacheado cuidados,AbnoXULzuQakdADM_d148ujRaNsk6uYl6oswCitNiLuMtDh-LOnpW-_pV-z0U43CNE0U5uwvorbily5-lT0VhCU,46,1,0,Temu | Crema Rizadora de,temu.com,https://www.temu.com/ul/kuiper/un3.html?subj=dpa-un&_bg_fs=1&_p_jump_id=1082&_x_vst_scene=adg&goods_id=605564834816896&adg_ctx=a-0873f175~c-eae727f4&_p_rfs=1&_x_ads_channel=pinterest&_x_ads_creative_id=%7Bproduct_partition_id%7D&_x_ads_id=%7Badgroupid%7D&_x_ads_set=%7Bcampaignid%7D&_x_ads_sub_channel=shopping&_x_ns_catalog_id=1580405374697&_x_ns_creative=%7Badid%7D&_x_ns_gid=605564834816896&_x_ns_,https://i.pinimg.com/originals/47/60/f8/4760f8f4edbab3060f0cb3017aee31cb.jpg,2048,2048,0,2026-06-26
2026-09-03,cabelo cacheado cuidados,4785143350624868,47,15429,0,,,,https://i.pinimg.com/originals/5f/cf/f1/5fcff15b6dba42340be8d2f37a0aa45a.jpg,1080,1566,0,2024-12-25
2026-09-03,cabelo cacheado cuidados,1075375217266722811,48,1043,0,Dica da Ju ✨💞,,,https://i.pinimg.com/originals/c8/d6/93/c8d693f91f17450c7c3b099a90b62cc1.jpg,564,790,0,2024-07-14
2026-09-03,cabelo cacheado cuidados,1067705024178679073,49,25,0,5 dicas para definir seus cachos,,,https://i.pinimg.com/originals/ab/e0/c1/abe0c1494361a9b28013748424e44670.png,1024,1536,0,2026-08-06
2026-09-03,cabelo cacheado cuidados,9851692934560124,50,9521,0,,,,https://i.pinimg.com/originals/a2/e2/52/a2e25281adf74664e0cc4d8f6430d900.jpg,736,1308,0,2025-12-15
2026-09-03,cabelo cacheado cuidados,32651166043298281,51,161,0,4 Cuidados Essenciais para seus Cabelos Cacheados!,enroladasblogbr.wixsite.com,https://enroladasblogbr.wixsite.com/enroladas/post/5-dicas-para-finalizar-cabelo-cacheado,https://i.pinimg.com/originals/0d/fc/f9/0dfcf9ae898e81a4a9ac79610e09a7f5.jpg,675,1200,0,2025-03-02
2026-09-03,cabelo cacheado cuidados,853291460692783666,51,5,0,cuidados para cabelo cacheado. 💗✨💆,,,https://i.pinimg.com/originals/4e/44/5c/4e445cfc715e639b03a0d7dd72770be7.png,1024,1536,0,2026-07-11
2026-09-03,cabelo cacheado cuidados,AT4tIuYLenIkwrfOH8n3buvA48GNaC1zmz6FC5lcDT1nGJkwKOAdYLjA2NR9sJqPG-pGskfc2EBMi0pDwYX5FkY,52,1,0,Shop brands you love and,rakuten.com,https://www.rakuten.com/mktg50?utm_source=pinterest&utm_medium=social&utm_content=%7Bad_id%7D&utm_term=%7Bcreative_name%7D&utm_size=%7Bad_group_id%7D&utm_pub=%7Bad_group_name%7D&utm_ebs=0&utm_campaign=%7Bcampaignid%7D,https://i.pinimg.com/originals/6d/74/65/6d74654bc832b58e9d0920440a1fd704.jpg,1000,1500,0,2026-08-07
2026-09-03,cabelo cacheado cuidados,4785143352366516,53,2898,0,Dicas para cabelo antes de dormir!,,,https://i.pinimg.com/originals/cc/b1/19/ccb119f6fde32dabb6eb59b1e451e8e6.jpg,717,1003,0,2026-06-10
2026-09-03,cabelo cacheado cuidados,Aafm1HVoedBLOocYUxb4x_wR-b_UtKvR9lNs65fd4Ki42Q8-FT8aguMSN0ZyMvcOQz3IKnCRQRU2kovqrPr4ZwA,54,114,0,Struggling with hair,kiierr.com,https://kiierr.com/regrow-your-hair-tan/,https://i.pinimg.com/originals/be/3b/94/be3b947f939d81529ed459a37f175c5e.jpg,718,1280,1,2025-07-11
2026-09-03,cabelo cacheado cuidados,26317979069861122,55,254,0,minha rotina capilar essa semana 💆‍♀️⭐️✨🛁🧴 #explorepage #girls,instagram.com,https://www.instagram.com/p/DXKlZVdD-jX/,https://i.pinimg.com/originals/00/6e/7b/006e7b24643dc4a081652885a7570c56.jpg,1440,1920,0,2026-07-18
2026-09-03,cabelo cacheado cuidados,AfVJQWgi_9vRTiN18preCqjRHjH2FRvUz7Vk9yi33uJQMKFVVhT3RrefveN9l7tElx043aN8wale5oGz3VxnN3E,56,831,0,Get blowout hair with,kohls.com,https://www.kohls.com/catalog/sephora-hair-care.jsp?CN=Partnership:Sephora+Category:Hair%20Care&BST=7416733:5585314:5080412:6970322:5597839&icid=social-paid-pnstatcoll-trendingsephorahairblowouts-np-2608wk2&cid=SO26PDPIN0625&utm_campaign=paid_social&utm_medium=paid_social&utm_source=pinterest&utm_content=2026pdpin625,https://i.pinimg.com/originals/3f/8a/0a/3f8a0a3361f12833fb8b002c3f4388a4.jpg,1080,1920,0,2026-08-18
2026-09-03,cabelo cacheado cuidados,333477547433564477,57,1,0,Cachos definidos sem calor,go.hotmart.com,https://go.hotmart.com/A46578683T?src=pinterest,https://i.pinimg.com/originals/ac/40/30/ac4030e248c704d760cf5f24d76ffe6c.jpg,736,1104,0,2026-08-06
2026-09-03,cabelo cacheado cuidados,665547651227817773,58,9,0,"🌺O guia definitivo para cuidar do seu cabelo cacheado, crespo ou com química ✨",,,https://i.pinimg.com/originals/b1/46/7a/b1467a6a021ff2e5ffa098be1da97f8a.png,1024,1536,0,2026-07-17
2026-09-03,cabelo cacheado cuidados,AcaG6QIj2HRnuj4hVjRFhyxnd4jsZBPqDiRQcScXWP8BETLz-6fRZxBRyWtvLZ8Wg9LfdmS_AoBMeKNEbFZJbJc,59,1,0,New Dyson Airwrap,dyson.com,https://www.dyson.com/hair-care/hair-stylers/airwrap-co-anda2x/straight-wavy-ceramic-pink-rose-gold?utm_id=pin_%7Bcampaignid%7D_%7Badgroupid%7D_%7Badid%7D&utm_source=pinterest&utm_medium=p_social&utm_campaign=%7Bcampaignname%7D&utm_content=%7Badid%7D&utm_term=%7Badgroupid%7D,https://i.pinimg.com/originals/fc/cd/a2/fccda2a449173fac2e34d42e410d2631.jpg,1819,3232,0,2026-08-06
2026-09-03,cabelo cacheado cuidados,AYugM3gmycNgQYLaFJVFV1Js228m0TR7XdEx7Yw4HvIZk-W4H2l0xyWesenqXl5ebzbkqji-48mf87DrJKXsgM0,60,7,0,Gold Hair Dryer Brush,homedepot.com,https://www.homedepot.com/p/Wudkey-Black-Gold-Hair-Dryer-Brush-4-in-1-Ionic-Hairdryer-and-Styler-Volumizer-with-Oval-Titanium-Barrel-for-Smooth-Blowout-BF7L29-9/342200401?cm_mmc=psoc-pinprg-%7Bcampaignid%7D-%7Badgroupid%7D,https://i.pinimg.com/originals/87/77/f1/8777f147a871a39bf03d96ff9fd408f9.jpg,1000,1000,0,2026-04-03
2026-09-03,cabelo cacheado cuidados,AdPFGjH6qJy9w2_Hdk0O97Es0G1YUOZamEsndweMM6jlqLdmIewq_CbvZqlZnSZGwvnCSWPfte1ZWsD6ox3Ll4o,61,40,0,CeraVe Haircare,cerave.com,https://www.cerave.com/haircare/oil-control?utm_source=pinterest&utm_medium=social_post_paid&utm_content=cer_hair_oil-balancing_display_aw&utm_campaign=cer_hair_oil-balancing_pinterest-1h'26_none,https://i.pinimg.com/originals/65/4e/c2/654ec2b93c4504553e23b7b4c9425f79.jpg,1000,1500,0,2026-03-18
2026-09-03,cabelo cacheado cuidados,ASj2HK-rsneYKCfs_s6JQh5Yd3AlClBtcPpwnQPfPjTetqXLMHBzgoe0ukmnEU7l9NsMq2_vbCkOOK5bR1WxyRk,62,0,0,UltraSoft Microfiber Hair,wayfair.com,https://www.wayfair.com/Hokku-Designs--UltraSoft-Microfiber-Hair-Towel-Wrap-Super-Absorbent-Extra-Large-for-Long-Thick-Curly-Hair-Elastic-Loop-41x30-Perfect-Camel-X225452920-L2244-K~W114341819.html,https://i.pinimg.com/originals/fc/fe/2d/fcfe2d2088ea0ac18f92ea2e2d1879a1.jpg,400,400,0,2026-08-08
2026-09-03,cabelo cacheado cuidados,12666442698523285,64,331,0,Projeto Rapunzel Cacheada,,,https://i.pinimg.com/originals/a8/87/c6/a887c6305f611ab6f544d002ced4debd.jpg,736,1104,0,2026-08-13
2026-09-03,cabelo cacheado cuidados,AR1w9IMXCtH9LC8edJ_PFUgQPuGPTjiXiTrD6HP13NRU094Bt7X2WW_c4WcvI9OfwALEtMYCJZc51_d1zecixp8,65,238,0,Dicas de beleza,s.shopee.com.br,https://s.shopee.com.br/5AroXceepA?channel_type=pinterest&pp=1,https://i.pinimg.com/originals/ae/d5/d8/aed5d8f59f7325a3624a00374b947969.jpg,736,1307,0,2026-08-25
2026-09-03,cabelo cacheado cuidados,26317979065685880,66,16763,0,Como acabar com o frizz em cabelo cacheado,mylifeasgi.wordpress.com,https://mylifeasgi.wordpress.com/2020/08/31/como-acabar-com-o-frizz-em-cabelo-cacheado/,https://i.pinimg.com/originals/0c/1a/e2/0c1ae243db7c74677150baf5aa7f01af.png,819,1024,0,2023-01-15
2026-09-03,cabelo cacheado cuidados,Ab8pFYCYrTLP4tf4wD5RCs3JFdy0cFXVFluTl3JKC_CzC9W94sWp8gkueEFY9cJIJVcXO6SSYSROuq2NBFCmZ00,67,0,0,Quince | Women's Hair,quince.com,https://www.quince.com/health-&-wellness/vitamins-&-supplements/womens-hair-support?color=no-color&size=30-servings,https://i.pinimg.com/originals/43/ef/f0/43eff0bb4f1849c1af3d8dcabf67a1fe.jpg,964,1446,0,2026-07-15
2026-09-03,cabelo cacheado cuidados,ASDAu_plaEDP-j2LycyOdXRgc4YjQMg1RC4Z4yGFP0QlMd5cnCo3PSlJBFgrTCcZke95d8CcIt51vsghg5DmJ4Q,68,5,0,Why Rosemary + Onion Oil,justnutritive.com,https://justnutritive.com/collections/onion-rosemary/products/onion-rosemary-growth-oil,https://i.pinimg.com/originals/2b/99/01/2b9901c9d3a73323550aff80bf94b953.jpg,736,1104,0,2026-01-13
2026-09-03,cabelo cacheado cuidados,AbqkjhfZXivsUo7t5AArM12FcUgdNPrtWxBGJ_CSf-TC2KXRanSTKsBb5N9apnlZEyGEH0DQk9-rXCjRxJfVjvM,69,1,0,Lemon Lavender You Go,athome.com,https://www.athome.com/lemon-lavender-you-go-curl-silky-soft-hair-curler/125036440.html,https://i.pinimg.com/originals/ae/6a/39/ae6a39da11c856a2d9673a1bebf715eb.jpg,1000,1500,0,2026-07-22
2026-09-03,cabelo cacheado cuidados,4785143352422516,70,84,0,Produtos essenciais para cabelo cacheado.,,,https://i.pinimg.com/originals/b6/ce/83/b6ce833a53293ef288a00aa34a7f741a.png,1024,1536,0,2026-06-30
2026-09-03,cabelo cacheado cuidados,Afjc-ozwt5ywF8bGSOww5oGlXtVAmXqaq7OHnAd98N_-2E454y0XHBASKlo9CXPZgH8dCZxHPOGWCfcefynifbI,71,1,0,Transition to cool Almond,schwarzkopf.com,https://www.schwarzkopf.com/brands/hair-color/keratin-color/keratin-blonde.html?utm_source=pinterest&utm_medium=social_paid&utm_campaign=SK_USA%20_Brand%20Site_Schwarzkopf-Keratin-Color_Jul-2026&utm_term=Keratin%20Color&utm_content=q3_sk_blonde_2026_kellyhmua,https://i.pinimg.com/originals/dd/12/b1/dd12b1c93c57e2063758459f412085a7.jpg,1000,1500,1,2026-07-21
2026-09-03,cabelo cacheado cuidados,4785143352422496,72,63,0,Finalização perfeita para cabelo cacheado.,,,https://i.pinimg.com/originals/c7/fa/cc/c7facc0bcb02f39730170e3f3fbd556a.png,1024,1536,0,2026-06-30
2026-09-03,cabelo cacheado cuidados,131026670405246007,73,2286,0,,shffls.com,https://www.shffls.com/shuffles/AZ1PsW-Xp6J4FmRoJjvEIpRgn5vE8elP44KCSeNQrl5XXBUJpyNypnUo25lH7_r3Rw,https://i.pinimg.com/originals/ed/fb/81/edfb8151302cb804ae1f1848349dd7ea.jpg,1080,1920,0,2025-12-30
2026-09-03,cabelo cacheado cuidados,144537469338601956,74,106,0,Como deixar o cabelo cacheado mais definido 💜,,,https://i.pinimg.com/originals/e2/d2/45/e2d2459c5a82e74ed37e50b040b60562.jpg,736,1104,0,2026-08-21
2026-09-03,cabelo cacheado cuidados,78601955991435816,75,225,0,Como cuidar dos seus cabelos,,,https://i.pinimg.com/originals/04/eb/f2/04ebf21bc469a84505ea1d9bc19d9c6e.jpg,736,1041,0,2026-02-01
2026-09-03,cabelo cacheado cuidados,AdOYnjoqKmbsZHsvofkqXvVEDUlpnfpiWkvylPjl61qPkaadAA7H8inFixFpMd0oPJd4tcKkA_td8FCtCj_X2yM,76,94,0,"Cachos definidos, perfumados e com toque macio do começo ao fim 🍦✨",br.pinterest.com,https://br.pinterest.com/salonlinebrasil/?utm_source=pinterest&utm_medium=cpe&utm_campaign=2407_content_content_awareness_alcance_pinterest_cpe&utm_content=2407_022026_content_content_awareness_alcance_pinterest_cpe_br_lookalike_janeiro_navegadores-site_estatico_none_salonline_diversos_cod-512073420152432605,https://i.pinimg.com/originals/47/b6/80/47b6808addeb00cede072d31b9254566.jpg,1080,1439,0,2026-02-12
2026-09-03,maquiagem natural dia a dia,963840757778924852,1,2318,0,,,,https://i.pinimg.com/originals/54/06/f7/5406f7b703c2e2e7c1944633b5181b36.jpg,736,1104,0,2026-04-22
2026-09-03,maquiagem natural dia a dia,703756189502463,2,1546,0,,,,https://i.pinimg.com/originals/de/03/23/de0323b0fb96d11743b9404739babd34.jpg,600,900,0,2026-07-11
2026-09-03,maquiagem natural dia a dia,ARqWgr4SCkK56LSg1YRN2Dffor8bJL4a3GdKrylzXKN7MC7dS3wBdFOaXg8CJxLDHglBgkro-rmFY7YtUDUoP0E,3,13,0,Summer Beauty Essentials,target.com,https://www.target.com/p/e-l-f-halo-glow-skin-tint-light-coverage-foundation-mineral-spf-50-1-fl-oz/-/A-94480966?TCID=SMO,https://i.pinimg.com/originals/a1/e6/f3/a1e6f3d88ffa076922b039bc17b3ad23.jpg,1000,1800,1,2025-07-04
2026-09-03,maquiagem natural dia a dia,518195500896756569,4,3692,0,,,,https://i.pinimg.com/originals/fc/12/54/fc12544c00cc7860b6392a6b3ae074b9.jpg,736,1227,0,2026-06-29
2026-09-03,maquiagem natural dia a dia,10485011674669752,5,381,0,,,,https://i.pinimg.com/originals/67/35/ec/6735ec729f4ad6bed19df93055557000.jpg,744,1519,0,2026-08-24
2026-09-03,maquiagem natural dia a dia,1057008975065160703,6,4407,0,,,,https://i.pinimg.com/originals/24/aa/52/24aa52d1aa5278d90079de7b64686d5e.jpg,1080,1920,0,2026-03-03
2026-09-03,maquiagem natural dia a dia,AaRMV_n3jUVQtzbNseeFhvr5x_q8pnagD9f_wMsHtMVePZ1AVASZ0BQu4BxJP5KL-8NsNW2JuMIAN9HHQfCBraU,7,1,0,Cool-Toned Makeup at Ulta,ulta.com,https://www.ulta.com/featured/cool_toned_a?cmpid=p_pi_awareness_mediahub_cool-toned-makeup_wk30_ubm&utm_medium=paid_social&utm_source=pinterest&utm_campaign=awareness_mediahub_cool-toned-makeup_wk30_ubm&utm_content=ubm,https://i.pinimg.com/originals/56/20/bb/5620bb3a77729161e8cd64f9e2e8bf4c.png,1000,1500,0,2026-08-19
2026-09-03,maquiagem natural dia a dia,AfhsCc6UMHjCw1UsnCZEyBXDCvS8QziYeofhmM8lQ1EswauK3lu7VpM1lQ1u9cdi-GMg49lpXiLSaBMyOen2nWI,8,1,0,Shop brands you love and,rakuten.com,https://www.rakuten.com/mktg50?utm_source=pinterest&utm_medium=social&utm_content=%7Bad_id%7D&utm_term=%7Bcreative_name%7D&utm_size=%7Bad_group_id%7D&utm_pub=%7Bad_group_name%7D&utm_ebs=0&utm_campaign=%7Bcampaignid%7D,https://i.pinimg.com/originals/6d/74/65/6d74654bc832b58e9d0920440a1fd704.jpg,1000,1500,0,2026-08-07
2026-09-03,maquiagem natural dia a dia,13229392654535196,9,1655,0,,,,https://i.pinimg.com/originals/c3/f7/d5/c3f7d50af40319c36359f66c38d027e9.jpg,736,1104,0,2026-08-17
2026-09-03,maquiagem natural dia a dia,AW9TnuwuxE_RDLvq7Qy_GdDfVnQ980WMxp4_XlByGXGgDkxp4iCzY52YBvxHqfCm3zer6dbMNcvaelkxUcxtMXE,10,583,0,55 Bougie Things That,bustle.com,https://www.bustle.com/shopping/bougie-things-that-make-you-look-hotter-are-so-freakin-cheap?utm_medium=pro&utm_source=pinterest&utm_campaign=pinproaff469093802,https://i.pinimg.com/originals/c2/9e/0b/c29e0bc628319a44dfb215c9c08190f7.png,1000,1500,0,2026-06-23
2026-09-03,maquiagem natural dia a dia,633387443778190,11,5557,0,,,,https://i.pinimg.com/originals/65/b3/0f/65b30fef74dd3966a2ceecaf60de6590.jpg,736,1104,0,2025-08-02
2026-09-03,maquiagem natural dia a dia,AR78nx9lS9sYgcuWW-pdP3cARrrfqMobQIZiwIUGsols6lkFI4PdwDohDvXiBEQmwFoIZuITv-qvtIN-p_oJniE,12,6,0,Cover Fx Makeup | Cover,poshmark.com,https://poshmark.com/listing/cover-fx-monochromatic-lip-color-warm-honey-69f4ffd0420644fbf1180249?utm_source=pin_txn,https://i.pinimg.com/originals/c5/c6/df/c5c6df164b061cc6556613e683eca481.jpg,912,1256,0,2026-05-02
2026-09-03,maquiagem natural dia a dia,AQUeFdndx7P-HId1vWLg_OBAK7Bh0ZXGdcMZ-6yTHyRf-BtfFkwX_k2eYb0aCBOHXveDw8lwlWoCfDefxNadKPU,13,75,0,LESS IS MORE BLACK,staticnails.com,https://staticnails.com/products/maglashlessismoreblk?variant=39817866641491,https://i.pinimg.com/originals/13/d2/01/13d201e2ff1a10eb394c7c933a2c078d.jpg,1050,1400,0,2022-05-15
2026-09-03,maquiagem natural dia a dia,945333778056911476,14,6834,0,,,,https://i.pinimg.com/originals/22/b4/e1/22b4e1b19cf07dc17c9fc5c9ed533037.jpg,798,1062,0,2026-07-23
2026-09-03,maquiagem natural dia a dia,Ac7zz73dMS-rwT1cwZvSx89iVNztnW9LqwyRBYg1QVgrnyirf8oJfmIUER_InWrS7B0ottKFF-m_VznMwl3qXEs,15,20,0,LumiLips – Long Lasting,shonobo.com,https://shonobo.com/products/lumilips?variant=45183325306949,https://i.pinimg.com/originals/2b/98/26/2b9826def17f0fed364c54cefe6892e4.png,1086,1448,0,2026-06-20
2026-09-03,maquiagem natural dia a dia,ASUhntPfB_IlQT4ErK9R_bFc8BE1ggajy8e-p_ZiDTzpxepdz-YXubHyeTSuN0uWPamMRmStaYPZ1TECABk_9ms,17,1,0,Temu | 1pc Brown,temu.com,https://www.temu.com/ul/kuiper/un3.html?subj=dpa-un&_bg_fs=1&_p_jump_id=1082&_x_vst_scene=adg&goods_id=601099686043838&adg_ctx=a-c5ad474a~c-835646a4&_p_rfs=1&_x_ads_channel=pinterest&_x_ads_creative_id=%7Bproduct_partition_id%7D&_x_ads_id=%7Badgroupid%7D&_x_ads_set=%7Bcampaignid%7D&_x_ads_sub_channel=shopping&_x_ns_catalog_id=1567707391772&_x_ns_creative=%7Badid%7D&_x_ns_gid=601099686043838&_x_ns_,https://i.pinimg.com/originals/1f/c6/06/1fc6061559e83819b1d5d7a69981eea9.jpg,2000,3000,0,2026-06-28
2026-09-03,maquiagem natural dia a dia,1095430309388598149,18,7173,0,Natural Soft Glam Makeup | Glowing Skin & Elegant Beauty Aesthetic,,,https://i.pinimg.com/originals/50/05/61/5005619ed375856f54a5613dc141b1ee.png,941,1672,0,2026-05-12
2026-09-03,maquiagem natural dia a dia,1101059809002780144,19,297,0,,,,https://i.pinimg.com/originals/64/62/96/646296a3da2c6b9c812a9013c6ab22c9.jpg,736,1313,0,2026-01-17
2026-09-03,maquiagem natural dia a dia,AYurFGYzmBUMzJaCp4C8h_QM0nea_LdpcrU5bmB1574XyD9bHgdhzkwlZ_hIH8QUforg4GNHnpVnhhYbtraFhBE,20,1,0,Sephora takes the,sephora.com,https://www.sephora.com/beauty/best-foundations,https://i.pinimg.com/originals/95/da/81/95da81daa4103e8143cd4c56669718fa.jpg,1080,1920,1,2026-08-12
2026-09-03,maquiagem natural dia a dia,633387444690067,21,242,0,Discover this Natural Makeup Look Minimal Glam Selfie Inspo,beautyinspo.netlify.app,https://beautyinspo.netlify.app/#/natural-makeup-look-minimal-glam-selfie-inspo,https://i.pinimg.com/originals/81/b2/b3/81b2b3a3cb23a7f4ab68399686630271.jpg,995,1402,0,2026-07-06
2026-09-03,maquiagem natural dia a dia,Ab1SVEDaJXuDidWbrdKLmJNLIxuOcZhxQs9S2SLCUbydsM7OsJR97oVT_OxeHvUI245GIbC2ux-XE2QASk-VJwk,22,0,0,1pc BoldLine,us.shein.com,https://us.shein.com/ark/default?scene=1&test=5051&ad_type=DPA&goods_id=464408905&pf=PINTEREST&url_from=PINADSDPA&ismg=cbf7ee34974dbbb0444b731cdaf435cdb73d34c02ae2692edceb2f3ad7ac0287_01_1788369099,https://i.pinimg.com/originals/09/bd/38/09bd38de53e698ff7d3db0e2d8a5879f.jpg,1174,1617,0,2026-08-20
2026-09-03,maquiagem natural dia a dia,AaiLBjqVceMHquRnN5T3zrVvtgqEjAm2_fFtUhrWJGz_-2Yt5tx7c7_z7dECu-7r2uCSNfSUyQy9j6LKyGPiMCs,23,3,0,PrismAura™ Glitter,luvilea.com,https://luvilea.com/products/prismaura%E2%84%A2-glitter-gradient-eyeshadow-stick-turn-every-glance-into-captivating-all-day-radiance?variant=51419318255953,https://i.pinimg.com/originals/3e/5b/ae/3e5bae313cb1f232bf3319f0d55526af.jpg,590,590,0,2026-05-05
2026-09-03,maquiagem natural dia a dia,1049479519437351636,24,17162,0,,,,https://i.pinimg.com/originals/e0/2e/e5/e02ee52abe8bd384cee403a20754fb00.jpg,736,1075,0,2026-01-15
2026-09-03,maquiagem natural dia a dia,140806235060206,25,33639,0,,,,https://i.pinimg.com/originals/27/8f/49/278f4919b051f83d3cf7b346814b9a33.jpg,736,1313,0,2026-04-19
2026-09-03,maquiagem natural dia a dia,2111131074038516,26,306,0,15 Clean Girl Makeup Looks For Black Women |...,thrivenaija.com,https://www.thrivenaija.com/clean-girl-makeup-looks-for-black-women/,https://i.pinimg.com/originals/e2/b4/97/e2b497571ad2db3b85f7422eaa4ed817.jpg,1024,1536,0,2026-08-18
2026-09-03,maquiagem natural dia a dia,AaBxY5HTMhrO8T5NFhNsuhgP61ENKxGiQajO4dBG9sexVCTZ8CBmrFLP9BSO--Fta7QReD5JMZacraWSqewE3xc,27,1,0,Temu | 3pcs Golden,temu.com,https://www.temu.com/ul/kuiper/un3.html?subj=dpa-un&_bg_fs=1&_p_jump_id=1082&_x_vst_scene=adg&goods_id=601102088960251&adg_ctx=a-de9303bf~c-aaf104f8&_p_rfs=1&_x_ads_channel=pinterest&_x_ads_creative_id=%7Bproduct_partition_id%7D&_x_ads_id=%7Badgroupid%7D&_x_ads_set=%7Bcampaignid%7D&_x_ads_sub_channel=shopping&_x_ns_catalog_id=1567707391772&_x_ns_creative=%7Badid%7D&_x_ns_gid=601102088960251&_x_ns_,https://i.pinimg.com/originals/2e/05/41/2e05415cd11ff3640bf32133601a5b67.jpg,800,800,0,2026-06-15
2026-09-03,maquiagem natural dia a dia,AaLhEEIM5gJ6TTXgZjSejriTemVO7BGVHr9-qj4FbukQwyIrzyZpjps1j8iV_N9yi9JpveQHBQWYSZ2jFRBY66Q,28,10,0,Dark Chocolate | A Deep,runwayroguebeauty.com,https://runwayroguebeauty.com/products/dark-chocolate?variant=62808352948593,https://i.pinimg.com/originals/b6/0c/00/b60c00a9db7ea56aaeeda041d965e64e.png,1254,1254,0,2026-07-09
2026-09-03,maquiagem natural dia a dia,747175394478582922,29,10191,0,,,,https://i.pinimg.com/originals/c0/7c/d6/c07cd6cef06ae840805be4fcc0638799.jpg,703,1149,0,2026-05-18
2026-09-03,maquiagem natural dia a dia,1086282372648547242,30,5085,0,,,,https://i.pinimg.com/originals/45/56/de/4556de39839feaacbd072cbeb5a9f439.jpg,735,919,0,2026-07-13
2026-09-03,maquiagem natural dia a dia,598345500540563576,31,20,0,,,,https://i.pinimg.com/originals/fd/bd/4c/fdbd4c02e004f96bca9ce5a2d823c60c.jpg,736,1104,0,2026-08-26
2026-09-03,maquiagem natural dia a dia,AaXe_oZldksgPJwnfPwwVuIdYS8IxboixcV5VToJgfnA8qhiKYHFQ6yilRAbDcvVWmFIEYYuXq2vpJVnrOL4kag,32,3,0,Temu | Free! 2pcs,temu.com,https://www.temu.com/ul/kuiper/un3.html?subj=dpa-un&_bg_fs=1&_p_jump_id=1082&_x_vst_scene=adg&goods_id=606562055751680&adg_ctx=a-02ada569~c-66f3c759&_p_rfs=1&_x_ads_channel=pinterest&_x_ads_creative_id=%7Bproduct_partition_id%7D&_x_ads_id=%7Badgroupid%7D&_x_ads_set=%7Bcampaignid%7D&_x_ads_sub_channel=shopping&_x_ns_catalog_id=1567707391772&_x_ns_creative=%7Badid%7D&_x_ns_gid=606562055751680&_x_ns_,https://i.pinimg.com/originals/03/24/c2/0324c2a7a56641a34a4dcaaa2730e9fa.jpg,2000,3000,0,2026-08-13
2026-09-03,maquiagem natural dia a dia,AW9lpstamu-AWAoS0MjBD9rlujJWH9aOfzo8rs62Dj8AZg6ut-U8wdivaaRsAe6X9oAsaPipEdVGNek37e8rmzw,33,0,0,Temu | 3 piezas de de,temu.com,https://www.temu.com/ul/kuiper/un3.html?subj=dpa-un&_bg_fs=1&_p_jump_id=1082&_x_vst_scene=adg&goods_id=601102088974891&adg_ctx=a-c8492199~c-d1834760&_p_rfs=1&_x_ads_channel=pinterest&_x_ads_creative_id=%7Bproduct_partition_id%7D&_x_ads_id=%7Badgroupid%7D&_x_ads_set=%7Bcampaignid%7D&_x_ads_sub_channel=shopping&_x_ns_catalog_id=1580405374697&_x_ns_creative=%7Badid%7D&_x_ns_gid=601102088974891&_x_ns_,https://i.pinimg.com/originals/eb/11/81/eb11811cfc5a595f9a08c5d656a87e35.jpg,800,800,0,2026-08-06
2026-09-03,maquiagem natural dia a dia,1095219203161134539,34,2227,0,,,,https://i.pinimg.com/originals/ac/50/e0/ac50e0d1a611aca9526b8f3d88a73c99.jpg,736,1308,0,2026-07-11
2026-09-03,maquiagem natural dia a dia,1116329826396062211,35,537,0,,,,https://i.pinimg.com/originals/6c/39/00/6c3900d8c9dd0ec2f83061d919082af6.jpg,1080,1920,0,2025-09-02
2026-09-03,maquiagem natural dia a dia,844493676982853,36,216,0,Brown Eyes Makeup And Glowy Skin Soft Glam Look,beautyinspo.netlify.app,https://beautyinspo.netlify.app/#/brown-eyes-makeup-and-glowy-skin-soft-glam-look,https://i.pinimg.com/originals/3d/0a/0a/3d0a0a05bc09b3e80bcefb2efea77a9c.jpg,1009,1402,0,2026-08-21
2026-09-03,maquiagem natural dia a dia,AdH8PN40cCmxBpwVJD_vWxaG4yLgnVDMXB4iwnKdY9eCx_jPMQkQc6spbP-r28VCR0mJIXbp2eH-k0UD9CSeonc,37,0,0,sheer for it blush tint,elfcosmetics.com,https://www.elfcosmetics.com/products/sheer-for-it-blush-tint,https://i.pinimg.com/originals/ee/af/cc/eeafcccc78074cd790acc19fe7c7bde3.jpg,1080,1920,1,2026-08-18
2026-09-03,maquiagem natural dia a dia,7810999350325874,38,456,0,,,,https://i.pinimg.com/originals/6d/f1/40/6df140ccd1b68c7fcb230d6f066c513d.jpg,736,1008,0,2026-07-16
2026-09-03,maquiagem natural dia a dia,AXcQlJBmotIzGITjxs8MD3VXIb4THxImh9W323yfaEHzWOq9DDbrj2Eo9WmtsY9hOMnt_raqytN_T6wKWiRAJng,39,5,0,Glam Makeup Guide,glizm.com,https://glizm.com/products/glam-makeup-guide?variant=54092243730700,https://i.pinimg.com/originals/33/e8/06/33e8068abe8e6ab59b9c0051c866012b.jpg,800,928,0,2026-06-30
2026-09-03,maquiagem natural dia a dia,AfvCms-IU3_wNvLg3GKScyYBrjDyOWL-xIbZotpTElHfPdSkx3cUYb_CrXx1nmL2PN3JoCkwmmHWK7q90zxnCQ0,40,7,0,🔥🔥 Glitter Gradient,gogooption.com,https://gogooption.com/products/glitter-gradient-eyeshadow-stick-3-1?variant=46907192279281,https://i.pinimg.com/originals/bc/fc/52/bcfc52178de10a4c5a922e72c4d6712e.jpg,1000,1000,0,2026-05-21
2026-09-03,maquiagem natural dia a dia,1086141635178737425,41,1182,0,,,,https://i.pinimg.com/originals/65/55/d1/6555d19eb14ef1dd850b1aeb58169c5e.jpg,736,1104,0,2026-04-26
2026-09-03,maquiagem natural dia a dia,AeK6gyuy1zxEGpp-772Y33tVY75-Imk7KB2Sdf5Vac1ojMlMul10wpDB7WocNHsJ42EbBNHr0R2oIsJhEBc8fdY,42,2,0,Temu | Trendy Eyeshadow,temu.com,https://www.temu.com/ul/kuiper/un3.html?subj=dpa-un&_bg_fs=1&_p_jump_id=1082&_x_vst_scene=adg&goods_id=606488370203852&adg_ctx=a-d6805446~c-1f732635&_p_rfs=1&_x_ads_channel=pinterest&_x_ads_creative_id=%7Bproduct_partition_id%7D&_x_ads_id=%7Badgroupid%7D&_x_ads_set=%7Bcampaignid%7D&_x_ads_sub_channel=shopping&_x_ns_catalog_id=1567707391772&_x_ns_creative=%7Badid%7D&_x_ns_gid=606488370203852&_x_ns_,https://i.pinimg.com/originals/72/f5/25/72f525f61bf9e6e804064daeb21cc85e.jpg,1200,1200,0,2026-08-24
2026-09-03,maquiagem natural dia a dia,ATuZR-jWlhweRkdP4A_ThbupUx3NORgGBpGBb9AL-VsJaBsnpJx6oCOI5nGXmHFIZYXurkOfuyxPtPYgfGPwyw0,43,1,0,Temu | Eyeshadow Stick |,temu.com,https://www.temu.com/ul/kuiper/un3.html?subj=dpa-un&_bg_fs=1&_p_jump_id=1082&_x_vst_scene=adg&goods_id=605848973758618&adg_ctx=a-0536ce8a~c-bbd41d86&_p_rfs=1&_x_ads_channel=pinterest&_x_ads_creative_id=%7Bproduct_partition_id%7D&_x_ads_id=%7Badgroupid%7D&_x_ads_set=%7Bcampaignid%7D&_x_ads_sub_channel=shopping&_x_ns_catalog_id=1567707391772&_x_ns_creative=%7Badid%7D&_x_ns_gid=605848973758618&_x_ns_,https://i.pinimg.com/originals/53/1b/0c/531b0cc510e94b80ef061938deb767f5.jpg,2000,2000,0,2026-06-22
2026-09-03,maquiagem natural dia a dia,142215300731060607,44,57,0,,,,https://i.pinimg.com/originals/69/1d/c2/691dc24fdf1f382f76259d986be6f64c.jpg,1178,1962,0,2026-08-26
2026-09-03,maquiagem natural dia a dia,955044664756351022,45,3930,0,,,,https://i.pinimg.com/originals/7e/a4/a0/7ea4a0e7563699b15da0364dc4a0c2e5.jpg,816,1456,0,2026-04-01
2026-09-03,maquiagem natural dia a dia,563018699693688,46,427,0,,,,https://i.pinimg.com/originals/98/14/c4/9814c457da335698b0a310cced06af17.jpg,736,1104,0,2026-05-06
2026-09-03,maquiagem natural dia a dia,4785143352471444,47,517,0,,,,https://i.pinimg.com/originals/26/25/87/26258772b5e23afd76c3cf212abac327.jpg,736,1104,0,2026-07-18
2026-09-03,maquiagem natural dia a dia,ATFWsUkCsl7rJ0KSxzfxlUCTvbruie5c6qL_1KyevdvkClcqjjV_6D9Ktufi0I5DeUMSFrFtWxetOVoDy_E_YJo,48,1,0,Temu | Liquid Eyeshadow &,temu.com,https://www.temu.com/ul/kuiper/un3.html?subj=dpa-un&_bg_fs=1&_p_jump_id=1082&_x_vst_scene=adg&goods_id=605616894506688&adg_ctx=a-151636fb~c-530ca8ed&_p_rfs=1&_x_ads_channel=pinterest&_x_ads_creative_id=%7Bproduct_partition_id%7D&_x_ads_id=%7Badgroupid%7D&_x_ads_set=%7Bcampaignid%7D&_x_ads_sub_channel=shopping&_x_ns_catalog_id=1567707391772&_x_ns_creative=%7Badid%7D&_x_ns_gid=605616894506688&_x_ns_,https://i.pinimg.com/originals/4e/67/a5/4e67a5d5eaca7c5a524bf1bcc96c7870.jpg,2000,2000,0,2026-07-07
2026-09-03,maquiagem natural dia a dia,844493676847552,49,428,0,,,,https://i.pinimg.com/originals/21/76/1b/21761b5172e9cfb44a4d1479c1c7bcf4.jpg,736,1104,0,2026-06-29
2026-09-03,maquiagem natural dia a dia,1337074890555067,50,568,0,,,,https://i.pinimg.com/originals/b3/56/9a/b3569a651962667ee711fe8b352a1055.png,864,1232,0,2026-07-15
2026-09-03,maquiagem natural dia a dia,422281212907283,51,8602,0,,,,https://i.pinimg.com/originals/70/b4/c3/70b4c3c7cfccae62fd70aa960fb8748a.jpg,621,1294,0,2026-07-09
2026-09-03,maquiagem natural dia a dia,Ae04N40xcuaUVcJcXUBi_jzEIfPoGR_aHc6eGAfOUBixDRV-vHuHmc0u6zXbdoo7hzw91GQkYknsJvW6sFkZ7nY,51,1,0,Does every bit of your,amazon.com,https://www.amazon.com/stores/page/C742F08D-F14A-4B88-8C82-09911045292F?channel=pinterest-paidsocial,https://i.pinimg.com/originals/ad/2b/6d/ad2b6d7bbaf396b122625977add3be66.jpg,1000,1500,0,2026-07-31
2026-09-03,maquiagem natural dia a dia,ARHwwjxTqviNFQFVX60rJ6kjvyo0kGYxC1G0WjnH_5lXZWZ5OS3kbcf4NPoqGkWEeRt6nLUL1oxlBz35sE1CvUc,52,1,0,Cool-Toned Makeup at Ulta,ulta.com,https://www.ulta.com/featured/cool_toned_a?cmpid=p_pi_awareness_mediahub_cool-toned-makeup_wk30_ubm&utm_medium=paid_social&utm_source=pinterest&utm_campaign=awareness_mediahub_cool-toned-makeup_wk30_ubm&utm_content=ubm,https://i.pinimg.com/originals/cc/4f/ae/cc4faefac37c78fdce58299705f29fba.jpg,400,600,0,2026-08-19
2026-09-03,maquiagem natural dia a dia,32088216099596038,53,146,0,,,,https://i.pinimg.com/originals/bf/ed/ef/bfedef37c63722fe7e58b42623a37a2b.jpg,1080,1920,0,2026-08-23
2026-09-03,maquiagem natural dia a dia,AX3EQZCY1z9uqzs4JVilFYCviAEZt_pSed7lrJt4TOU6tefFmohhrrtbV74SlgcEPjG52cGdV352dWE1YXRuGIw,54,1,0,NEW So Blurreal Lip &,elfcosmetics.com,https://www.elfcosmetics.com/products/so-blurreal-lip-cheek-whip?Color=Rose+Souffl%C3%A9+-+pink+beige?utm_source=Paid_Social_Pinterest&utm_medium=paidsocial&utm_campaign=%7Bcampaignid%7D&utm_content=%7Badgroupid%7D&utm_term=%7Bproduct_name%7D,https://i.pinimg.com/originals/35/aa/78/35aa783979190c05d56de3f8bc3188ca.jpg,1080,1350,0,2026-07-01
2026-09-03,maquiagem natural dia a dia,1074390054865378513,55,8879,0,"Effortless Chic Makeup 🌟""",,,https://i.pinimg.com/originals/73/16/e9/7316e97435a1375586d6d1f70f2a8c08.jpg,768,1365,0,2025-09-17
2026-09-03,maquiagem natural dia a dia,AUQcWgDmJ0Ixi6kNkcIQkSyOd-hlJ5PcmDSAgA23ME07BBLd0BqtuoOG8LmU94_3JwO4owpDM2TDLGJvByDyAvU,56,2,0,Makeup Minimalist Duo -,drmtlgy.com,https://www.drmtlgy.com/products/makeup-minimalist-duo-tan?variant=40718546501687,https://i.pinimg.com/originals/86/de/ee/86deee580e14aca672d921b23752c56d.jpg,1080,1080,1,2026-08-14
2026-09-03,maquiagem natural dia a dia,641481540719348170,57,3846,0,💞,,,https://i.pinimg.com/originals/c8/52/a4/c852a44250866101296b5205fdf1ea7f.png,1023,1537,0,2026-05-24
2026-09-03,maquiagem natural dia a dia,68749135063,58,13906,0,,,,https://i.pinimg.com/originals/5b/bd/41/5bbd416f5ece0de30014145aedfa07c0.jpg,1284,1779,0,2025-07-19
2026-09-03,maquiagem natural dia a dia,47639708554479156,59,527,0,"Rich Girl Vibe Look ✨ Glowy Makeup, Clean Girl Aesthetic & Elegant Bronze Soft Glam Inspiration",hotmart.com,https://hotmart.com/en/marketplace/products/rich-girl-glow-7-secrets-to-look-expensive-every-day-quiet-luxury-feminine-beauty/U106704101P,https://i.pinimg.com/originals/b1/4d/fa/b14dfa3a3a4c919b0903a57399490f74.jpg,1122,1402,0,2026-06-02
2026-09-03,maquiagem natural dia a dia,1106830045935473171,60,10197,0,🌞,,,https://i.pinimg.com/originals/f8/d4/17/f8d4170b94d55c054de0eaf7946b096d.jpg,768,1365,0,2025-09-12
2026-09-03,maquiagem natural dia a dia,704672672988853087,61,6084,0,,,,https://i.pinimg.com/originals/66/1e/7a/661e7a3ad84f423524b80bb5cbbba520.jpg,736,1104,0,2026-02-16
2026-09-03,maquiagem natural dia a dia,356417758029564446,62,8738,0,,,,https://i.pinimg.com/originals/bd/2b/b6/bd2bb658d11e9e8e24fa35eee0e53457.jpg,600,900,0,2025-06-10
2026-09-03,maquiagem natural dia a dia,4925880839772511,63,114,0,,,,https://i.pinimg.com/originals/80/d8/11/80d811bd4990de66e83c739dd5c6a705.jpg,703,1210,0,2026-08-26
2026-09-03,maquiagem natural dia a dia,2322237303608019,64,2835,0,,,,https://i.pinimg.com/originals/5e/88/19/5e88193ca67541f5f5f1bf9e0508dbcd.jpg,1070,1782,0,2026-08-19
2026-09-03,maquiagem natural dia a dia,1040190845218630750,65,647,0,,,,https://i.pinimg.com/originals/fc/d1/80/fcd180b912748f7a8859c717cdeec1a2.jpg,736,1213,0,2026-04-27
2026-09-03,maquiagem natural dia a dia,51509989482980679,67,393,0,Natural Glowing Skin Makeup Look ✨,,,https://i.pinimg.com/originals/01/88/8e/01888e944190f6c4ad195061dfcb0032.jpg,736,1308,0,2026-07-19
2026-09-03,maquiagem natural dia a dia,774124931944733,68,1892,0,,,,https://i.pinimg.com/originals/aa/dd/a8/aadda8d1f041c20bc91d4fea32b7d8ce.jpg,1080,1920,0,2026-08-09
2026-09-03,maquiagem natural dia a dia,1102256077576380320,69,28046,0,Soft Glam Makeup Look Inspiration ✨ Bold Eyes & Glossy Lips Beauty Aesthetic,,,https://i.pinimg.com/originals/a7/09/3f/a7093f2a16460fe7efa637f9741e16c9.png,941,1672,0,2026-05-11
2026-09-03,maquiagem natural dia a dia,883057439475426861,70,601,0,"makeup,hairstyle",,,https://i.pinimg.com/originals/b6/15/94/b61594334400a6e71909647f09f8abe5.jpg,843,1264,0,2026-07-11
2026-09-03,maquiagem natural dia a dia,1104930089871279684,71,5807,0,,,,https://i.pinimg.com/originals/45/27/ef/4527ef0c56777a54a2c6b62a8b5a867a.jpg,1024,1536,0,2026-05-28
2026-09-03,maquiagem natural dia a dia,ASQqyZzuGs02K-3pGcyTKzNalqXzbbFtD4oAi5YI9ZLiZz557L_ch_8Zu6IdIlodTLE_O-HeSDfyfTQVsryYeH4,72,48,0,🌹 The Lower Lashes You'll,ninetyninedreams.com,https://ninetyninedreams.com/products/no-glue-everglow-lower-lashes-bundle,https://i.pinimg.com/originals/a9/99/70/a999704a955bc5a11224f917ff183802.jpg,1080,1920,1,2026-06-25
2026-09-03,maquiagem natural dia a dia,1127307350509164949,73,6678,0,,,,https://i.pinimg.com/originals/7e/b7/b5/7eb7b5271717bb6af65bb126749e0587.jpg,1000,1500,0,2026-04-20
2026-09-03,maquiagem natural dia a dia,24488391721281152,74,126,0,🖤❤️,,,https://i.pinimg.com/originals/6a/ad/4b/6aad4b8214694f3127a49754865c8ca0.png,941,1411,0,2026-08-14
2026-09-03,maquiagem natural dia a dia,42854633949692362,75,170,0,,,,https://i.pinimg.com/originals/23/93/a3/2393a32e462bcf53559764eee8c8d08e.jpg,736,1288,0,2026-06-28
2026-09-03,skincare pele oleosa,246290673366703526,1,22,0,Rotina simples para controlar a oleosidade,,,https://i.pinimg.com/originals/7d/58/d9/7d58d9aa99c0453c0d1285818a67e20e.jpg,853,1280,0,2026-07-07
2026-09-03,skincare pele oleosa,1074390054877191026,2,2,0,Pele Oleosa | Skincare Routine | Rotina Skincare Simples,,,https://i.pinimg.com/originals/4a/86/5e/4a865ed05f7e2313c8dd9e1c1648904b.png,1000,1500,0,2026-07-28
2026-09-03,skincare pele oleosa,AYVion_LH9-jr1I148ry5AVqBGBM5LDL4jTXvBbcjyUbXJLz_s3ofmdPdDaFSuCnXUgzA6EdBMINZEd6s4690oc,3,32,0,Learn how to increase,shopify.com,https://www.shopify.com/blog/skin-care-marketing-online-store,https://i.pinimg.com/originals/56/c3/91/56c3917ddff4551d4cd74be8efc3fa40.jpg,736,1104,0,2024-12-14
2026-09-03,skincare pele oleosa,1150458667331252112,4,48,0,Rotina de skincare para pele oleosa ✨,,,https://i.pinimg.com/originals/05/1f/24/051f24b22acc7ff26353d3819ade9e89.jpg,736,1104,0,2026-03-15
2026-09-03,skincare pele oleosa,61009769947195779,5,20,0,Rotina de Skincare Simples para Peles Sensíveis,carenb.com,https://carenb.com/collections/skincare?utm_source=pinterest&utm_medium=social&utm_campaign=&utm_content=rotina-pele-sensivel,https://i.pinimg.com/originals/8a/60/58/8a6058b94afad35fe4116c386bcc449e.jpg,800,1200,0,2025-09-12
2026-09-03,skincare pele oleosa,68257750597770627,6,25,0,Dicas Valiosas para Pele Oleosa!,,,https://i.pinimg.com/originals/a4/b9/43/a4b943d65efa258bd58e37f2428026cd.jpg,800,1200,0,2025-04-22
2026-09-03,skincare pele oleosa,AQ7Q4pVYK7iu-Qg6baCJWiqb7yvTBCdYmWuk_aIqrfbroAmc528gq0dfMv1ykBwutuze-1BfS_D0qOA_JoZJri0,7,1,0,Your Most,meaningfulbeauty.com,https://www.meaningfulbeauty.com/?itc=co-usa_pr-meaningfulbeauty_pc-skincare_so-web_vn-internet_sc-paidsocial_pu-pinterest_id-462527005810,https://i.pinimg.com/originals/53/e8/a8/53e8a8dc752be2db14045ec9ae6b8b2d.jpg,1080,1350,0,2026-08-25
2026-09-03,skincare pele oleosa,AW_v1RGTR1ssn3HnfQ4M_nUNc8-GJT_XnmaeLHOo8r4t1YkmQgvu9GJATR6ATXk_i2mKJvlNp66pUyUvRukksSk,8,66,0,A Cleanser For Every Skin,herocosmetics.us,https://www.herocosmetics.us/collections/cleanser?utm_source=pinterest&utm_medium=pinterest-paid-awareness&utm_campaign=%7Bcampaign.id%7D&utm_term=%7Badgroupid%7D&utm_content=%7Badid%7D,https://i.pinimg.com/originals/e0/a5/6b/e0a56b0e777a9545d22fbd2f466df35e.jpg,1000,1500,0,2026-07-15
2026-09-03,skincare pele oleosa,614671049193714914,9,1,0,Rotina de Skincare Noturna para Pele Oleosa | Cremy - Shopee,,,https://i.pinimg.com/originals/52/d5/20/52d5200fdf6edcf05b3ae7bc21c08166.png,1024,1536,0,2026-08-13
2026-09-03,skincare pele oleosa,ATgHT3MgfDJ_eZ3HV1AWxEpsSZTrQZCvVxO_Sf0-oi1cBxwBIXSG5oEa0ZqjjzuSz5eDuNInX6HdeZ9WGM4kwog,10,0,0,Check GoodRx,goodrx.com,https://www.goodrx.com/health-topic/dermatology/starting-skincare-routine,https://i.pinimg.com/originals/bd/e7/30/bde73039a97b304e453a465c7ff714c8.jpg,1080,1920,1,2026-07-23
2026-09-03,skincare pele oleosa,900649625474281450,11,1919,0,Skincare para a pele oleosa e acneica!,,,https://i.pinimg.com/originals/5d/8b/ed/5d8bedb18a3f0310aa80185e164473c6.jpg,720,1280,0,2024-08-16
2026-09-03,skincare pele oleosa,AaBJl18qsXSW7tuZA5VyZVe55ZV6D4wI_YIl-7GrDdZ1_WwAaGnaBBE7ClENlXURqgfzOL_ODzDvDiJMaGSzDc0,12,1,0,Caudalie's new,sephora.com,https://www.sephora.com/product/caudalie-resveratrol-lift-serum-P527920?skuId=3007846&icid2=products%20grid:p527920:product,https://i.pinimg.com/originals/d1/5e/fd/d15efda5fc28c3cd973be167be507a7a.jpg,1000,1500,0,2026-08-25
2026-09-03,skincare pele oleosa,AZzpNtT7pftXRTkaw-QxAlvJCtI7EU5Byr1IpQOnuFP-lryAEaL2io8ANOMcwJbUaX-bGqqvPpp_YjfX1HXSSRI,13,1,0,The Latest Beauty Drops,dermstore.com,https://www.dermstore.com/c/new-arrivals/,https://i.pinimg.com/originals/2a/22/06/2a22060bb0d673bc96f1afd4b2f7f8e7.jpg,1083,1352,0,2026-08-10
2026-09-03,skincare pele oleosa,1126674031818995297,14,2,0,Dicas de skincare para pele oleosa ~De uma estudante de farmácia🩷,,,https://i.pinimg.com/originals/14/30/4b/14304b6a22c450d0c6261d6f73103e0a.jpg,768,1365,0,2026-08-16
2026-09-03,skincare pele oleosa,AftxoeMZCOV0tHm8WxgN3Q-J-w58clZ0YPFl65rNEEfOoRLLHFLtN-D4DAzmQxRfEGU0ZCCDJGq8sbsK6k7TbR4,15,1,0,Shop brands you love and,rakuten.com,https://www.rakuten.com/mktg50?utm_source=pinterest&utm_medium=social&utm_content=%7Bad_id%7D&utm_term=%7Bcreative_name%7D&utm_size=%7Bad_group_id%7D&utm_pub=%7Bad_group_name%7D&utm_ebs=0&utm_campaign=%7Bcampaignid%7D,https://i.pinimg.com/originals/6d/74/65/6d74654bc832b58e9d0920440a1fd704.jpg,1000,1500,0,2026-08-07
2026-09-03,skincare pele oleosa,AUJMRKucdR6h_R2zrmRSkU3ki_8o4QyVaWbWkTuF5NN3Em9tZF920p9M7Q48vP4PSHjFru26qoWCss82QTrBI5I,17,68,0,The Ordinary Salicylic,sephora.com,https://www.sephora.com/product/the-ordinary-salicylic-acid-2-anhydrous-solution-pore-clearing-serum-P479732?skuId=2495687&om_mmc=paid_social_Pinterest_DPA,https://i.pinimg.com/originals/d0/f5/75/d0f5751015a90f55c355a92dc59ea8f8.jpg,2000,2000,0,2025-10-10
2026-09-03,skincare pele oleosa,1092615559622654030,18,5,0,Pele Oleosa | Pele Desidratada | Hidratação Facial,,,https://i.pinimg.com/originals/2e/36/bc/2e36bc8cf301174b46c41767655dd07c.png,1000,1500,0,2026-05-08
2026-09-03,skincare pele oleosa,911556780893026376,19,19,0,Nunca mais sofra com a pele oleosa!,,,https://i.pinimg.com/originals/ec/fa/23/ecfa23d6311ed264bf5cdc023da25907.png,1080,1920,0,2026-07-04
2026-09-03,skincare pele oleosa,AVD5Q8l5g3K3O8uPtVOwWxfvduACmO61JIZ9QOJwoG7eQItrCeUsTTGObc1kSBeaUw5HwJ0RpzdbdBMJQioKgms,20,3,0,Beauty of Joseon Glow,kohls.com,https://www.kohls.com/product/prd-8001756/beauty-of-joseon-glow-serum-for-oil-control-with-propolis-niacinamide.jsp?skuid=82713061&ci_mcc=ci&utm_campaign=EC%20TEAM%20APPAREL&utm_medium=CSE&utm_source=pinterest&utm_product=93668431&CID=shopping29,https://i.pinimg.com/originals/80/e1/29/80e1294e05145fff09cb73c4d20fe689.jpg,800,800,0,2026-07-11
2026-09-03,skincare pele oleosa,789818853448380906,21,30,0,beleza geraçao z,s.shopee.com.br,https://s.shopee.com.br/9KfJUMf35j?channel_type=pinterest,https://i.pinimg.com/originals/42/f4/a9/42f4a96933f827c5c5ad31791fe3279b.jpg,736,1104,0,2026-05-31
2026-09-03,skincare pele oleosa,AawHnLbC1lk7lcrqn0qZGG6QYlwyRcU9Z2uRZXbi5uZ8LP9S4jdRlY5gboktPMiLePomwzg5erfp0LS5Hx3StaM,22,1,0,Glow & Go Facial Set,revolve.com,https://www.revolve.com/osea-glow-go-facial-set/dp/OSER-WU71/?d=F,https://i.pinimg.com/originals/01/ae/60/01ae60f909d7aaaab978369b70327545.jpg,967,1450,0,2025-04-06
2026-09-03,skincare pele oleosa,AT81XHJ5kf0I9rSCfXlYt5h21psX2ZN3FDg4CKuqOmq4ldEanbvsrGLyhDuMseDzHx8vOjyVrrwUxUumqS9l-bo,23,0,0,Ultimate Skincare Routine,us.shein.com,https://us.shein.com/ark/default?scene=1&test=5051&ad_type=DPA&goods_id=64152112&pf=PINTEREST&url_from=PINADSDPA&ismg=bee7d0202aaee13a86459a28884b024f7855325413353244e83010eab0de31b1_01_1788369100,https://i.pinimg.com/originals/8b/67/fc/8b67fc22320b5d51f6c0c6b3fbf72db4.jpg,1195,1792,0,2026-08-27
2026-09-03,skincare pele oleosa,1094163672014434656,24,39,0,Skincare para Pele Oleosa: 3 Passos Básicos que Funcionam de Verdade,creamy.com.br,https://www.creamy.com.br/kit-essencial/p,https://i.pinimg.com/originals/d6/54/1d/d6541d9c82e8accc85f2b3cb933026ab.png,1000,1500,0,2025-07-17
2026-09-03,skincare pele oleosa,614671049193713225,25,1,0,Rotina de Skincare para Pele Oleosa | Cremy - Shopee,,,https://i.pinimg.com/originals/34/ff/fc/34fffcd9710b8ab8258788a3a727305c.png,1024,1536,0,2026-08-13
2026-09-03,skincare pele oleosa,828592031489898030,26,3,0,"Niacinamida / Niacinamida 10%: O Sérum para Pele Oleosa, Acne e Poros / Skincare pele oleosa",s.shopee.com.br,https://s.shopee.com.br/19erHO7Cu?channel_type=pinterest,https://i.pinimg.com/originals/bf/1a/de/bf1ade28e281e6363dacf8483996e3f6.png,1024,1536,0,2026-08-17
2026-09-03,skincare pele oleosa,AUHXbBsbRuZhILsDkGMOFzJEmOVl98gdyRIIRwROgWIewmNuVevUiyvhTh2PNLTD-SC7K1VYJUsyAnyJyZ7EOQs,27,7,0,Dewy Skin Ritual,tataharperskincare.com,https://tataharperskincare.com/,https://i.pinimg.com/originals/d6/4e/df/d64edf3205b807fbef85488b8d2ed920.jpg,720,1280,1,2026-08-19
2026-09-03,skincare pele oleosa,ATt2Bi_Ci2Ku5o7uzUHeE_AUX4gBRr-DPFhglVa2iZF1VJYQrtPObUxyexPTl_YahRqwZVzkTz4Wy8GttrSGCr8,28,0,0,Biodance Skin Refining,bestskincareusa.com,https://bestskincareusa.com/products/biodance-skin-refining-mild-pha-toner?variant=48137099149504,https://i.pinimg.com/originals/2a/0e/a0/2a0ea0e3b68eed829bed3c013189ed91.jpg,682,1023,0,2026-05-08
2026-09-03,skincare pele oleosa,1092615559622673539,29,12,0,Pele Oleosa | Skincare Routine | Rotina Skincare Simples,,,https://i.pinimg.com/originals/3d/fd/bf/3dfdbfce751f51decd741dc958210f68.png,1000,1500,0,2026-05-08
2026-09-03,skincare pele oleosa,1145321749017377116,30,1,0,Melhores Hidratantes para Pele Oleosa: Recomendação de Dermatologista,dermaguia.com.br,https://dermaguia.com.br/melhor-hidratante-para-pele-oleosa/,https://i.pinimg.com/originals/d3/45/6b/d3456b22f673f841b9a6dfd62d091176.jpg,1080,1920,0,2026-08-17
2026-09-03,skincare pele oleosa,939352434761600530,31,355,0,rotina de tratamento de pele com cuidados com a pele oleosa,instagram.com,https://www.instagram.com/,https://i.pinimg.com/originals/05/ab/db/05abdb5da3595050af7278bf6b8900e6.png,375,562,0,2023-06-23
2026-09-03,skincare pele oleosa,Aav9DBqruuK2cMFSmMladtZkGKaiyacmJArUF1lv0SAIuN5A8IpT5QHjsvF8xqCj_eVJ1LMgpfcRDvWJqLSpNy8,32,0,0,Skin SPA Facial Cleanser,walmart.com,https://www.walmart.com/ip/SKIN-SPA-Skin-Care-Facial-Cleanser-Set-Daily-Routine-Kit-System-Infused-Aloe-Vera-8-Oz-Face-Wash-Scrub-Cleanser-Toner-Makeup-Remover-Clay-Mask-Moistu/3312408979?wmlspartner=wlpa&selectedSellerId=101406578,https://i.pinimg.com/originals/d6/e8/66/d6e866a364ed47d8f32244e8f8ccac8b.jpg,1058,1121,0,2026-08-15
2026-09-03,skincare pele oleosa,AVoqiHkMQrUDGHMLQLUXtuv0JNeEYJ2AXG-Ssf3M444SFbpdgJgmOqFZF3neMLmoNQsOzwHIlFxm4T-BwRFwRAg,33,100,0,Clarifying Routine for,madhippie.com,https://madhippie.com/pages/bundle-lp-clear-skin,https://i.pinimg.com/originals/64/ea/c1/64eac10f9492f6c047aad4bd23661396.jpg,2160,3840,0,2024-04-25
2026-09-03,skincare pele oleosa,112378953199372241,34,13,0,Hydragel Oil Control Creamy | Melhor hidratante para pele oleosa?,,,https://i.pinimg.com/originals/97/2b/df/972bdf96c5fd8ed0d4564b58df2bdc9d.png,1366,2046,0,2026-08-05
2026-09-03,skincare pele oleosa,673921531787919444,35,4,0,"Pele oleosa também precisa de hidratação. 💧 O segredo está no equilíbrio: limpar, hidratar, tratar e proteger com os produtos certos para as necessidades da sua pele. Salve para consultar sempre que p",instagram.com,https://www.instagram.com/p/DagXM0aACbL/,https://i.pinimg.com/originals/d6/be/2e/d6be2e98a73a9af5ebce2936f1dc05b9.jpg,1080,1350,0,2026-07-28
2026-09-03,skincare pele oleosa,911556780893097290,36,30,0,Nunca mais sofra com a pele oleosa!,,,https://i.pinimg.com/originals/25/f4/a6/25f4a64eca8ba7970a1fb0995f740907.png,1080,1920,0,2026-07-06
2026-09-03,skincare pele oleosa,AdnPVdR3jnB8v_AAtAq_Gzs7n_KhZyxjqW2BJN2-Nh7QGwd1lB8qGjoL2qcgrysUns-N0LpWEEvazJ5YI5HULBA,37,2,0,Twentynine Palms Skincare,poshmark.com,https://poshmark.com/listing/NEW-Twentynine-Palms-4-Piece-Vegan-Skincare-Set-68389df4c71ba1b58da0ea7c?utm_source=pin_txn,https://i.pinimg.com/originals/9d/fe/03/9dfe03adc21994866e92767f6676e5e5.jpg,1021,1021,0,2025-05-30
2026-09-03,skincare pele oleosa,295689531808979847,38,12,0,💙 Pele hidratada sem aquela sensação pesada? Esse virou um achadinho de skincare!,meli.la,https://meli.la/2jrp3Y2,https://i.pinimg.com/originals/d9/1e/b3/d91eb3e5bf2b3d3f0262b3ffdeac16c4.jpg,1080,1920,0,2026-08-13
2026-09-03,skincare pele oleosa,ARfH5lbeHZ_SX5B5g3vgP8AhzjU1aZxRzo5h0QcY_gzWndrxStSnsOQb-98XSfCDUA1fT6nPUx6gOZFR5dG0MjM,39,1,0,Temu | 3pcs Clay Mask,temu.com,https://www.temu.com/ul/kuiper/un3.html?subj=dpa-un&_bg_fs=1&_p_jump_id=1082&_x_vst_scene=adg&goods_id=605540927264306&adg_ctx=a-dd91e341~c-c3b8c991&_p_rfs=1&_x_ads_channel=pinterest&_x_ads_creative_id=%7Bproduct_partition_id%7D&_x_ads_id=%7Badgroupid%7D&_x_ads_set=%7Bcampaignid%7D&_x_ads_sub_channel=shopping&_x_ns_catalog_id=1567707391772&_x_ns_creative=%7Badid%7D&_x_ns_gid=605540927264306&_x_ns_,https://i.pinimg.com/originals/f0/ec/da/f0ecda01f872a02656f3e43571594e6c.jpg,2048,2048,0,2026-07-18
2026-09-03,skincare pele oleosa,AUo_WlpQe08jRIjN_RyhYrcYVcdh57V5dagJohJTonYSJ5Eps35-Bi61pgNh79kEznYjQtR5YpC2SAw92WOBjxY,40,4,0,Hydration Superstars Kit,drmtlgy.com,https://www.drmtlgy.com/products/hydration-superstars-kit?variant=32361136193591,https://i.pinimg.com/originals/77/24/37/7724375f0f919180eb1d48d527f6ff79.jpg,1200,1200,0,2026-04-23
2026-09-03,skincare pele oleosa,911556780892494651,41,11,0,Dicas valiosas para pele oleosa!,,,https://i.pinimg.com/originals/ba/68/7a/ba687aab17538e6e3027eb3e5d710f2a.png,1080,1920,0,2026-06-18
2026-09-03,skincare pele oleosa,AWHo2-N5A4IsuvA27Go5ghEAidBhfS2-fLOz77_OUsoNl2G855he4kpZQdMX0YMmjHmrDaACNwoJ_zY6IWyQPjQ,42,22,0,Vitamin C + E + Ferulic,target.com,https://www.target.com/p/e-l-f-skin-bright-icon-vitamin-c-e-ferulic-face-serum-1-fl-oz/-/A-94427933?TCID=PDS-%7Bcampaignid%7D-%7Badgroupid%7D,https://i.pinimg.com/originals/da/dc/ae/dadcaedec1e1d78b3abab666729b8e18.jpg,1000,1800,1,2025-12-05
2026-09-03,skincare pele oleosa,AWXT-p6FXKEnAC1z-hamgnNYokUjW_PbyFdaXAyjOZpmNzg14cCQeLqArzer68jbyDSmRJYfxoRHHNMzi212sAU,43,1,0,Temu | Formula,temu.com,https://www.temu.com/ul/kuiper/un3.html?subj=dpa-un&_bg_fs=1&_p_jump_id=1082&_x_vst_scene=adg&goods_id=601105018797539&adg_ctx=a-3ca11e92~c-c9e62c50&_p_rfs=1&_x_ads_channel=pinterest&_x_ads_creative_id=%7Bproduct_partition_id%7D&_x_ads_id=%7Badgroupid%7D&_x_ads_set=%7Bcampaignid%7D&_x_ads_sub_channel=shopping&_x_ns_catalog_id=1567707391772&_x_ns_creative=%7Badid%7D&_x_ns_gid=601105018797539&_x_ns_,https://i.pinimg.com/originals/d6/67/90/d6679088694624fced9b7c28f2f72a84.jpg,1000,1000,0,2026-07-04
2026-09-03,skincare pele oleosa,258323728622297806,44,2,0,5 Cuidados Essenciais Pele Oleosa,beacons.ai,https://beacons.ai/glowessencia,https://i.pinimg.com/originals/43/16/57/43165781552902e40972464c99bd338b.png,1000,1500,0,2026-03-15
2026-09-03,skincare pele oleosa,902268106591341183,45,1325,0,Ordem Correta dos produtos de skincare: Pele Oleosa.✨,,,https://i.pinimg.com/originals/a5/dc/58/a5dc588bea4f5a8cee97309472ed3dbb.jpg,728,1200,0,2024-09-21
2026-09-03,skincare pele oleosa,9429480465060104,46,149,0,Checklist: Produtos Essenciais para Cuidar da Pele Oleosa,,,https://i.pinimg.com/originals/b8/e6/83/b8e683eb6c01761e0b0e054b180ced40.jpg,675,1200,0,2024-06-18
2026-09-03,skincare pele oleosa,1145321749016824783,47,1,0,Hidratante para Pele Oleosa: 5 Escolhas que Valem Cada Centavo,dermaguia.com.br,https://dermaguia.com.br/,https://i.pinimg.com/originals/19/24/59/192459f73777596c2cfcf647d41ff628.png,848,1264,0,2026-08-10
2026-09-03,skincare pele oleosa,AcjC7BqyX3__uYV0FZ0nR0vJYiD18aDi648XQHJ1DsgNasx8Mr5T1w63kA6LPN7-i1PajJDnT5cAP9mRdQts8wU,48,3,0,Radiance Facial Cleanser,scentuals.com,https://scentuals.com/products/radiance-facial-cleanser?utm_medium=clickthrough&utm_source=pinterest,https://i.pinimg.com/originals/fb/2b/99/fb2b9973ff20aec7288cdbfea89fb9c8.jpg,2400,2400,0,2025-07-29
2026-09-03,skincare pele oleosa,1092615559622670201,49,1,0,Pele Oleosa | Cuidados com a Pele | Rotina Skincare Simples,,,https://i.pinimg.com/originals/55/65/4a/55654a6752a4f8a3f20fe6cbd525f564.png,1000,1500,0,2026-05-08
2026-09-03,skincare pele oleosa,2603712281991372,50,8617,0,skincare 🫧,,,https://i.pinimg.com/originals/20/0b/d2/200bd2d637ea4d643fd8e6ebcde2c39c.jpg,1080,1920,0,2025-08-28
2026-09-03,skincare pele oleosa,AR04Sk4Wz5iW2q-g5A1mDBAxeX8UQeZATWyaMDknPsdHN8XlQOF3laA-miovj-rcTv4nCd_DVlP-xzBnzuXKn3s,51,202,0,Skin Care Focused on You,massageenvy.com,https://www.massageenvy.com/facials,https://i.pinimg.com/originals/32/af/87/32af87daf9297573122c3290764c40f5.png,1080,1920,0,2026-04-14
2026-09-03,skincare pele oleosa,ARSNRMwaVLFv-H00h4cwQFUdgVLQX-OKUCUUQvohM9FphEPyq_x9qAWNzvmqNHnR3vJcG4xzb8CZtkrbJlq0nbI,52,51,0,Meet Your Pimple-Fighting,herocosmetics.us,https://www.herocosmetics.us/products/mighty-cleanser?utm_source=pinterest&utm_medium=pinterest-paid-awareness&utm_campaign=%7Bcampaign.id%7D&utm_term=%7Badgroupid%7D&utm_content=%7Badid%7D,https://i.pinimg.com/originals/d6/98/04/d698047161468057476f3fe3eaa677ad.jpg,1000,1500,0,2026-07-15
2026-09-03,skincare pele oleosa,507499451777853714,53,19,0,Skincare pele oleosa | Rotina de skincare | Cuidados com a pele oleosa e acneica,,,https://i.pinimg.com/originals/49/88/f7/4988f76ab1f9b71332ccf6ad3f14a0c3.jpg,1080,1920,0,2022-07-10
2026-09-03,skincare pele oleosa,AXBE5J4SK2I-wT03RAealmFL_JPA6BMMcqwCrMCaG311T6tD4b55UJtxdbFjga1njX2VLhYxFHry_rW0DUYj4ZE,54,1,0,Founded by Cindy Crawford,meaningfulbeauty.com,https://www.meaningfulbeauty.com/?itc=co-usa_pr-meaningfulbeauty_pc-skincare_so-web_vn-internet_sc-paidsocial_pu-pinterest_id-462527005810,https://i.pinimg.com/originals/e5/23/e8/e523e8c5279f4e8363151239223e2209.jpg,1080,1350,0,2026-08-25
2026-09-03,skincare pele oleosa,698620960989944256,55,2,0,Skincare para pele oleosa | Como controlar a oleosidade,,,https://i.pinimg.com/originals/c0/3f/e4/c03fe4c66c364b7ffef8d3f94aeb3135.png,1080,1350,0,2026-02-22
2026-09-03,skincare pele oleosa,AehmL65fdbdj59zwwYT639Qnrli_K3h3Jnrg-RXBm0NZEcuOKrSlLc9axYwuMWbHGatuUQDnIVzvU40H7h3LD9c,56,0,0,"smooth skin, no filter",dermalogica.com,https://www.dermalogica.com/products/daily-microfoliant,https://i.pinimg.com/originals/e5/b6/b2/e5b6b22d0bd657dd6b8c107ab482c7b5.jpg,1080,1920,1,2025-07-31
2026-09-03,skincare pele oleosa,1149895717413632506,57,2,0,The Ordinary Glycolic Acid 7% | Tônico Esfoliante Facial,meli.la,https://meli.la/1vC6Wnd,https://i.pinimg.com/originals/53/f6/fa/53f6fa22ccc2e6b60d1bfac0f5817caf.png,941,1672,0,2026-08-19
2026-09-03,skincare pele oleosa,ATB_FAfYtT-8PqwTTjN4fjy8KOARUYltpod9y5N5CGPtDEYC6E0cd1wEa4u3_dCQ3mX28rw1vmjCfQdGy7wRZpg,58,1,0,The Latest Beauty Drops,dermstore.com,https://www.dermstore.com/c/new-arrivals/,https://i.pinimg.com/originals/e8/85/ba/e885bae89b6e9ea83fa3c0510b451fc5.jpg,1080,1920,0,2026-08-10
2026-09-03,skincare pele oleosa,AbWnKvOlazPxZ7oI79MzjeL6ks5SRNqnWMSqzQlJ7MQvsrggpdhlBswz9HqApSnkgIWs-gxc6Qoh8gOrhhy5CPA,59,1,0,Look 10 Years Younger,musely.com,https://www.musely.com/skinregeneration?utm_source=pinterest-shopping&utm_content=aanc07,https://i.pinimg.com/originals/50/97/1e/50971ecce1c92902e4b68d1e7135c9ff.jpg,1000,1500,0,2025-11-21
2026-09-03,skincare pele oleosa,AVMJomNurv3MBlQDR-9y3X21p5FiRgVPTApalDPAQ8fyYwLHnJZ7Z5bwQJNslULovstjxrpGiRqFX0BkA4l5nYc,60,1,0,Try Our NAD+,cymbiotika.com,https://cymbiotika.com/products/nad,https://i.pinimg.com/originals/5c/72/5e/5c725ec0b526345906825630e9382de8.jpg,2083,2812,0,2026-03-25
2026-09-03,skincare pele oleosa,911556780892960569,61,20,0,Nunca mais sofra com a pele oleosa!,,,https://i.pinimg.com/originals/4a/8e/cb/4a8ecb123d30691e8841b90774d660b4.png,1080,1920,0,2026-07-02
2026-09-03,skincare pele oleosa,973833119405545914,62,7,0,Rotina de cuidados com a pele Oleosa,,,https://i.pinimg.com/originals/21/d1/8f/21d18fc6518c8e2f80a68cb61a1e9092.jpg,736,1308,0,2023-02-17
2026-09-03,skincare pele oleosa,622833823513847509,63,1,0,Kit Principia para Rotina de Skincare Pele Sensível com Protetor Solar FPS 60,meli.la,https://meli.la/1XRiDcB,https://i.pinimg.com/originals/a4/8d/fd/a48dfd05eb2dc1d6a500423d66586996.jpg,1536,2752,0,2026-07-22
2026-09-03,skincare pele oleosa,894668282244044127,64,6,0,Rotina de skincare para iniciantes: 5 passos para uma pele bonita.,,,https://i.pinimg.com/originals/08/00/0d/08000da3b71be491feefc1d00be968c0.jpg,344,544,0,2026-07-11
2026-09-03,skincare pele oleosa,251920172899893024,65,653,0,Cuidados com a pele oleosa,,,https://i.pinimg.com/originals/9a/dd/04/9add04ccd24568f2536af0e141191a79.jpg,564,846,0,2023-05-16
2026-09-03,skincare pele oleosa,863354191109373602,66,3,0,Benefícios da Niacinamida para Pele Oleosa ✨,mercadolivre.com,https://mercadolivre.com/sec/1dTAd7u,https://i.pinimg.com/originals/2a/8f/c2/2a8fc2b944217b6877d1cf8695e23ba2.jpg,1200,1800,0,2026-03-24
2026-09-03,skincare pele oleosa,875105771358933644,68,1,0,Oily skin care routine,bio.site,http://bio.site/Skinritualoficial,https://i.pinimg.com/originals/fd/ca/c8/fdcac85d973f9f1874e481e926d61855.png,1000,1500,0,2026-02-24
2026-09-03,skincare pele oleosa,598064025534597518,69,1448,0,Botik Para Pele Oleosa,boticario.com.br,https://www.boticario.com.br/botik/?utm_source=Pinterest&utm_medium=Paid&utm_campaign=OBoticario_W3haus_AlwaysOn_Botik-Acelera_Awareness_Pinterest_Alcance_CPM_-_BTC001&utm_content=OBoticario_W3haus_AlwaysOn_Botik-Acelera_Awareness_Pinterest_Alcance_CPM_-_BTC001_Desk-Mob-Tab_AUD_-_Interesses_25+_BR_Fem_-_BTG001&utm_term=OBoticario_W3haus_AlwaysOn_Botik-Acelera_Awareness_Pinterest_Alcance_CPM_-_BTC0,https://i.pinimg.com/originals/b4/50/52/b4505218f25c91bd4a0de0acd37919ab.jpg,736,1104,0,2022-12-02
2026-09-03,skincare pele oleosa,681239881178134375,70,244,0,Qual seu tipo de pele ? #oleosa #mista #seca,instagram.com,https://www.instagram.com/p/DVZ3qMTAAlq/,https://i.pinimg.com/originals/42/83/0a/42830a6c746353eb91992980a0c48b49.jpg,1350,1688,0,2026-05-28
2026-09-03,skincare pele oleosa,7670261861249955,71,871,0,Rotina De Skin Cara Para Pele Oleosa!!,,,https://i.pinimg.com/originals/07/bb/73/07bb73c7e3a029de3ca3fe91502c06b3.png,375,666,0,2024-12-27
2026-09-03,skincare pele oleosa,1145321748964160554,72,1046,0,10 Cuidados Para Pele Negra,,,https://i.pinimg.com/originals/c9/1f/73/c91f732bacdf915680c71bb39d9233a9.jpg,960,1440,0,2023-02-10
2026-09-03,skincare pele oleosa,AViF03xm1DNOSzVpc3PD6bk4c2Y7A7djKfgOSami-E9NH19-yYy9TLt8SSJkPrD1dKnyyPcRuh8XVAUyanGgGtE,73,0,0,Toner Pads - Korean,amazon.com,https://www.amazon.com/Toning-Polish-Pads-Hydrating-Niacinamide/dp/B0DC156Y5X?crid=3QK2LAGJKRVII&dib=eyJ2IjoiMSJ9.H8xsYMkK8LaTpDLa4MR4R89Acr89WnLURn5jdT-CsGgM4uLERjLzpWEsV1Hje7IaLDRIFJoJfYjB3c3Vaz6JPlAAz8lZ0p-UCkXyGTK6_THVbai6jDZpOt3DrS68Fj7UqYnGv959fqswL6-OHNd2lM6eXl6eNtIXJt4EsFlGZNzUe1VdkMJwfr7Mn5y-0u0bgv3HUqBpsj7Btk27v66CoaMFBF20pONCj0q8PB4IFNF8DSobEw02e41jTeLayScPAXjXYbJwUToA7qNan8BU-k2K_xMi7J,https://i.pinimg.com/originals/85/62/f3/8562f3e931775b840bbeca7c7f47ab2f.jpg,1080,1920,1,2026-08-13
2026-09-03,skincare pele oleosa,641270434474461239,74,2,0,Peles oleosas,,,https://i.pinimg.com/originals/6b/4c/c7/6b4cc7983f59eda10845293fb531dcba.jpg,1080,1920,0,2024-08-26
2026-09-03,skincare pele oleosa,932315560366513051,75,4,0,Dicas para criar uma rotina de cuidados com a pele,medium.com,https://medium.com/@harmonyprint90/is-your-bodys-natural-renewal-process-in-need-of-a-boost-4a3cfbcb200c/?dicas-para-criar-uma-rotina-de-cuidados-com-a-pele,https://i.pinimg.com/originals/af/05/89/af058901972bc249e7e4f61283618084.jpg,564,1002,0,2025-05-27
2026-09-03,skincare pele oleosa,234609461835083845,76,5,0,Mitos e Verdades da Pele Oleosa: Dicas de Skincare para Controlar a Oleosidade,,,https://i.pinimg.com/originals/40/19/39/40193908c9c6e6bc638cd59841aaed17.jpg,1024,1536,0,2026-08-23
2026-09-03,economia domestica,945967096699934951,1,145,0,Economia doméstica O que é a economia doméstica? A economia doméstica é uma ferramenta de controle e administração das reservas financeiras do lar e da família. É também o modo mais eficaz de gerencia,,,https://i.pinimg.com/originals/9f/0b/f6/9f0bf65a439c9e19c23428b939fab107.jpg,746,644,0,2021-04-04
2026-09-03,economia domestica,AYZ6r7yAG03gx8D4N7oQt5YEjuZm0fNNIIQB3pnzkFZo0ltvLVBv1MK3IWcwWmypwiUnM8Wtqgp1Ls5h_aAvW0I,2,242,0,SoFi Personal Loans,sofi.com,https://www.sofi.com/atr/p/v1/c?cid=1bd19d35-974e-43a5-b5a6-5abe2ecf573c&AD_ID=%7Badid%7D&smartly-hash=single_image_pin_reference:v1:340d334d53c45c9c74a18a073f5612a31219c0513470821ac11a6aba68ee99e4,https://i.pinimg.com/originals/56/73/47/56734796ebc91d1bcd5146280af729b9.png,1000,1500,0,2025-07-28
2026-09-03,economia domestica,AdOImVEG0EaNbda16V0MCTBxN3Q6e5D72fDItwjouyusIvSyPkjlv2ELyW_vIxe6FC0ulNGCF8FXHEZNLaq5PEo,3,1,0,Bundle & Save,statefarm.com,https://www.statefarm.com/lp/general?cmpid=soc:OMD&camp=%7Bcampaignid%7D&site=pinterest&plac=%7Badgroupid%7D&crea=%7Badid%7D,https://i.pinimg.com/originals/c6/8c/7e/c68c7e8f3aaf95000590549b1faea740.png,1080,1920,0,2025-12-11
2026-09-03,economia domestica,79235274681685374,4,7,0,Áreas de la Economía Doméstica o familiar | ▶ Economía Simple,economiasimple.net,https://www.economiasimple.net/economia-domestica,https://i.pinimg.com/originals/8d/65/16/8d651672c7bbafbd8aeda11ba303943a.jpg,500,340,0,2019-05-21
2026-09-03,economia domestica,AXqcjwvRDwtLKVqPVbBS1iLbFB_Su84B5s_j-xvKOounR-0uiY7Wtafw5ut8itKQD0_BI_BRV-J283G9CY2n3Xk,5,1,0,Malpractice Insurance for,landing.hpso.com,https://landing.hpso.com/individuals/?utm_source=pinterest&utm_medium=paid-social&utm_campaign=%7Bcampaign_name%7D&utm_content=%7Bad_name%7D&utm_term=%7Badgroup_name%7D,https://i.pinimg.com/originals/dc/cb/3a/dccb3ae186d6c063a834fb0c05031345.jpg,1080,1920,1,2026-07-21
2026-09-03,economia domestica,10625749117884070,6,20,0,Economia doméstica: 53 dicas para colocar em prática no seu lar,inspirandoideias.com.br,https://inspirandoideias.com.br/organizacao/economia-domestica-53-dicas-para-colocar-em-pratica-no-seu-lar/,https://i.pinimg.com/originals/c3/c8/6d/c3c86de5e2dc387dfb301a8bc8fa9957.png,375,562,0,2024-10-05
2026-09-03,economia domestica,AVnjgnoqFLj06Bu_-rUMY46LDKlQuWFkX7_wcKEcqiadE7eM3-qIzFTthZCmCf89njtsuQAoOJduzOnyvYIF-Tk,7,4,0,Apartment in Rheinhausen,vrbo.com,https://www.vrbo.com/search?selected=42673991,https://i.pinimg.com/originals/ba/8c/00/ba8c009d9dadbbd93b1bdcd9bf705522.webp,1000,1500,0,2025-08-14
2026-09-03,economia domestica,AXGJ1HUIugNzwXH8AUyN8zx6hGooyvqHceMDG4gE0cFnHnHLRbtDTfpkdPL4Mqo0OLZ6C9dzc1KXyPzGdb9amic,8,32,0,How To Make Money on,shopify.com,https://www.shopify.com/blog/how-to-make-money-from-pinterest,https://i.pinimg.com/originals/21/b3/43/21b343ca6fb544b013e8aa3c50cca606.jpg,474,711,0,2025-04-24
2026-09-03,economia domestica,1407443630713332,9,297,0,,,,https://i.pinimg.com/originals/25/69/66/25696657bd9b9d7ada8d22634b578678.jpg,1536,2752,0,2026-03-08
2026-09-03,economia domestica,Acli6ERHCyTFAQlC7nuR6Zw6-KCcNCMfWaRSCtKGQTwlb0qn_fCa6iLrquS9kPxDCREYV-k2y00gE8LowK4h7QQ,10,1,0,Someday Starts Today,zillow.com,https://www.zillow.com/homes/,https://i.pinimg.com/originals/56/f9/df/56f9dffb3cf061f6cba4f1a6503cb2f2.png,1000,1500,0,2026-03-30
2026-09-03,economia domestica,40250990416061251,11,217,0,Best Budget Planner For Beginners (2026),,,https://i.pinimg.com/originals/6e/72/96/6e7296847233a308ebffa24628926e61.jpg,736,1104,0,2026-05-03
2026-09-03,economia domestica,Aa4GWOGMLdNnX6E-J1GfpeYjx39gk8gnabv3gHbKEB6FwHWjHRET-R6zdbKBRXXWj2Kw6vniZOHjDS0EWBlLEAs,12,1,0,Blue Star Apartments and,expedia.com,https://www.expedia.com/Hotel-Search?destination=St.+George's&selected=58945868&startDate=2026-10-01&endDate=2026-10-02,https://i.pinimg.com/originals/a2/89/6c/a2896c745c8b7da58dd4a54cb91db9e9.jpg,1000,1500,0,2026-06-10
2026-09-03,economia domestica,AdnZmQrKK5_fbzQnBBJEricRjJM3rZWgQH4AZoXr2xblkBUb0RPdtL49y-wkjsaJPMzFbQ3wZnCz6yz6s2yQGjk,13,10,0,Your Next Career is,cfp.net,https://www.cfp.net/get-cfp-certified/new-career?utm_medium=cpc&utm_source=mgipinterest&utm_campaign=careerchangerleadgen0826,https://i.pinimg.com/originals/80/8b/fb/808bfb6183dce8e32e7fd3d46105f0db.png,4167,6250,0,2026-08-21
2026-09-03,economia domestica,679339925084901844,14,14,0,"Eased food prices may indicate a shifting economic landscape, potentially enhancing housing...",,,https://i.pinimg.com/originals/f3/8a/81/f38a81c984d360a6a1ce57bd031cd9cb.png,1024,1024,0,2026-06-22
2026-09-03,economia domestica,AW-OkUa1AiaG5M0gwmfFkLoco8i4VSBYJk5VnKc1L8D17yBszqmC-qv3USLOvNb3o5rbX368uwL_efFjNJJqXBE,15,3,0,What Financial,ad.doubleclick.net,https://ad.doubleclick.net/ddm/trackclk/N6036.2293319PINTEREST/B34673803.436720696;dc_trk_aid=645220827;dc_trk_cid=260200608;dc_lat=;dc_rdid=;tag_for_child_directed_treatment=;tfua=;ltd=;dc_tdv=1,https://i.pinimg.com/originals/61/86/12/61861241760503605eeaae767741d0b0.jpg,1000,1500,0,2026-07-02
2026-09-03,economia domestica,AXEe7EntO3-jgz14KC3gY0K7oo1GpqD83lZzvRJg17DuTNGJW1zN4aw1iSgts8XDYA53gMfY6lnJ1zPcDUy3Yp4,16,2,0,Grey MDF Washer Dryer,homedepot.com,https://www.homedepot.com/p/Otryad-Grey-MDF-Washer-Dryer-Countertop-2-Tier-Organizer-with-Edge-for-Laundry-Kitchen-Counter-Storage-Organization-QSKB-YJ118/336658803?cm_mmc=psoc-pinprg-%7Bcampaignid%7D-%7Badgroupid%7D,https://i.pinimg.com/originals/94/d9/80/94d9807095279045d4303afcbabda9d7.jpg,1000,1000,0,2026-03-04
2026-09-03,economia domestica,892416482435514483,17,51,0,Finanzas,,,https://i.pinimg.com/originals/f3/8a/18/f38a18f3a9cda18df59f2b01af407f99.png,1672,2508,0,2026-07-20
2026-09-03,economia domestica,AWGT23GZ9OQSiwytvqKSWdiIk-rp_JenGL4fgwDR2xMO8d-89MC9j_dCymza6yHgG-kdZK65yM-fpxocH5u45Fg,18,1,0,How to Use 1 hr/Week to,thepinterestlab.jennakutcher.com,https://thepinterestlab.jennakutcher.com/masterclass?utm_source=pinterest&utm_medium=ad&utm_campaign=tpinlab&utm_term=evergreen-2026-jan-feb&utm_content=pin-ad-2026-jan-feb&utm_creative_format=button,https://i.pinimg.com/originals/ac/b4/3f/acb43f9fdd76effee32192217daf9938.png,1000,1500,0,2026-03-06
2026-09-03,economia domestica,13370130133065430,19,8820,0,Economia doméstica: 43 dicas para economizar dentro de casa,tuacasa.com.br,https://www.tuacasa.com.br/economia-domestica/,https://i.pinimg.com/originals/f4/8d/31/f48d31afa80af7e6d39fffb764d0932a.png,735,1102,0,2020-07-26
2026-09-03,economia domestica,AaQFdlg1Wb60xkLqZOePNtpUGceiahAkyb27469EA8BbYKA4wVj3dj_dxfllrLmiYvB4uupc0YBB-E_Hlw8Id9E,20,0,0,We know homes. Hire the,thumbtack.com,http://www.thumbtack.com/,https://i.pinimg.com/originals/13/00/6b/13006bf26b60d25ca3770a5ec375a45c.jpg,1080,1920,1,2025-09-13
2026-09-03,economia domestica,65443000831623153,21,84,0,,,,https://i.pinimg.com/originals/32/33/bc/3233bc79477433f83b87b68e75f81d74.webp,800,800,0,2026-02-19
2026-09-03,economia domestica,AU-s021PiJcpTxYUmI-Y0XPx-JCy9n2OwsNU2MRr1GE0SI7TcDWKUlkYDSdmpugxkRJEld-soo6ege5DtiLHGRI,22,73,0,8 Ways to Make Money If,financebuzz.com,https://financebuzz.com/supplement-income-yaez?&utm_source=pinterest&utm_medium=paid-social&utm_campaign=%7Bcampaign_name%7D-%7Badgroupname%7D&adgroupid=%7Badgroupid%7D&utm_content=%7Badid%7D&utm_term=ad1,https://i.pinimg.com/originals/9e/8b/fa/9e8bfa9c711f01c40a1f42799a7c6635.png,1000,1500,0,2025-12-04
2026-09-03,economia domestica,751186412876015187,23,374,0,,,,https://i.pinimg.com/originals/64/7e/ce/647ece649c7d79451fecb145041bab86.jpg,1024,1024,0,2024-03-09
2026-09-03,economia domestica,84653668203485766,24,165,0,Arte por IA by Aline,,,https://i.pinimg.com/originals/13/ac/0d/13ac0d11c5ea518d39b0c968d3f666b8.jpg,1024,1024,0,2025-11-23
2026-09-03,economia domestica,AYbUs0f_wlQz--w3BHbLCVmmX80Ae4rWQQQ8ryBhmzg8xlVCdDk8QN0eAKbVUCwjmzN2ktInnTftNJsHfcV7QDA,25,26,0,How to Build Passive,stan.store,https://stan.store/TheIntentionalCollective,https://i.pinimg.com/originals/5b/0e/7f/5b0e7fb34e81a76e96fe369ba11d5af5.png,1024,1536,0,2026-07-19
2026-09-03,economia domestica,AVcmXthoxZVQgW7Q5LRMNCP7C69eixzUCal82qN6rjvqwkIkhn2M9BXS-exB0x5isoW4x2EFsz1WVKn2d6Ijq_s,26,471,0,See How Much You Can Get,lendgo.com,https://www.lendgo.com/heloc/la/?tg_ref=pnt6926&camp_id=%7Bcampaign_name%7D&keyword=%7Bad_group_name%7D&sub2=%7Bcreative_id%7D,https://i.pinimg.com/originals/c4/15/c0/c415c01a6b667ca2e8ddd007ef8d823b.jpg,736,1104,0,2026-06-09
2026-09-03,economia domestica,626141154484625733,27,811,0,25 Cent Money Saving Challenge to Save 16K in Just 1 Year - Just Start Investing,juststartinvesting.com,https://www.juststartinvesting.com/saving-25-cents-a-day-for-a-year/,https://i.pinimg.com/originals/b9/9b/54/b99b549069c2bcb01cfb5aad811d6e4f.jpg,1440,2560,0,2026-01-08
2026-09-03,economia domestica,816558976196133092,28,11,0,4 Dicas de Economia Domestica,investireviver.com.br,https://investireviver.com.br/economia-domestica-4-passos-para-te-ajudar-no-orcamento/,https://i.pinimg.com/originals/d8/bb/7f/d8bb7f054967728fe079d05844144497.jpg,736,1104,0,2021-09-20
2026-09-03,economia domestica,318489004920894105,29,8,0,"How I Saved $10,000 in 12 Months on an Average Salary (Step-by-Step)a",sunburstprintco.etsy.com,https://sunburstprintco.etsy.com/,https://i.pinimg.com/originals/bf/6c/7b/bf6c7b82afdca3222b5357a3d6873da1.png,848,1264,0,2026-08-21
2026-09-03,economia domestica,86553624084834601,30,208,0,,,,https://i.pinimg.com/originals/d8/a5/20/d8a520247f35c98039fb8d419e904c23.png,1024,1536,0,2026-01-28
2026-09-03,economia domestica,AeI9mxZxoBIWUSRZZWiqCr7VkvEwwM8UDFsnuxzR02szLUclyB4BpXmKiJeGJ5CD2EJANaFVjCitCgcoAaIiXk4,31,8879,0,What Will Baby Actually,babylist.com,https://www.babylist.com/registry/new?utm_medium=paid-social&utm_source=pinterest&utm_campaign=%7Bcampaign_name%7D&utm_content=%7Badgroupid%7D&p_adgroup=%7Badgroupname%7D&p_adgroupid=%7Badgroupid%7D&p_adid=%7Badid%7D&p_campaign=%7Bcampaign_name%7D&p_campaignid=%7Bcampaignid%7D&p_keyword=%7Bkeyword%7D&p_keywordid=%7Bkeyword_id%7D&p_prodgroupid=%7Bpromoted_product_group_id%7D&p_product=%7Bproduct_id,https://i.pinimg.com/originals/29/28/bd/2928bdc55600476d495b22a6284ddec6.jpg,1000,1500,0,2025-02-14
2026-09-03,economia domestica,1086423110136059820,32,2,0,portadas faciles estudio economia domestica,,,https://i.pinimg.com/originals/d0/c1/94/d0c19441af4df802e7e30d073566662f.png,832,1248,0,2026-04-18
2026-09-03,economia domestica,751327150338172524,33,40,0,Como economizar energia: 12 dicas para diminuir a conta,tuacasa.com.br,https://www.tuacasa.com.br/como-economizar-energia/amp/,https://i.pinimg.com/originals/72/67/08/72670841057d3f4b416e0d2cdfc308bc.jpg,730,548,0,2021-03-23
2026-09-03,economia domestica,738308932706389748,34,119,0,"𝐃𝐞𝐚𝐫 𝐛𝐫𝐞𝐚𝐝𝐰𝐢𝐧𝐧𝐞𝐫𝐬/𝐩𝐚𝐫𝐞𝐧𝐭𝐬, 𝘋𝘰𝘯’𝘵 𝘭𝘦𝘵 𝘺𝘰𝘶𝘳 𝘩𝘶𝘴𝘵𝘭𝘦 𝘢𝘯𝘥 𝘴𝘢𝘷𝘪𝘯𝘨𝘴 𝘨𝘰 𝘵𝘰 𝘸𝘢𝘴𝘵𝘦. 𝘐𝘮𝘢𝘨𝘪𝘯𝘦, 𝘺𝘰𝘶 𝘢𝘳𝘦 𝘸𝘰𝘳𝘬𝘪𝘯𝘨 𝘴𝘰 𝘩𝘢𝘳𝘥 𝘵𝘰 𝘣𝘶𝘪𝘭𝘥 𝘵𝘩𝘦 𝘧𝘶𝘵𝘶𝘳𝘦 𝘺𝘰𝘶 𝘸𝘢𝘯𝘵 𝘧𝘰𝘳 𝘺𝘰𝘶𝘳 𝘧𝘢𝘮𝘪𝘭𝘺… -𝘢 𝘣𝘪𝘨𝘨𝘦𝘳 𝘩𝘰𝘶𝘴𝘦 -𝘢 𝘯𝘪𝘤𝘦 𝘤𝘢𝘳 -𝘢 𝘲𝘶𝘢𝘭𝘪𝘵𝘺 𝘦𝘥𝘶𝘤𝘢𝘵𝘪𝘰",instagram.com,https://www.instagram.com/p/DLJaF6MPZeb/,https://i.pinimg.com/originals/ac/e4/60/ace460d9541f0ac9e88555de33ef9744.jpg,1024,1536,0,2026-05-06
2026-09-03,economia domestica,965881451358999668,35,2,0,💡Economia e Consumo: Estratégias e Dicas para Superar a Incerteza🔒,moneystart.com.br,https://moneystart.com.br/economia-e-consumo-em-tempos-de-incerteza/,https://i.pinimg.com/originals/a4/c6/75/a4c6758ead356f16f0897766017d06af.jpg,576,1024,0,2026-08-13
2026-09-03,economia domestica,AWoSq3Uz0_X6_BZfv-4sZq1-9DTKt2vJPz93D7XXAGekXUlfPTaF82ZLrMmJbyRUf3O_ZsiGxbwlPvT3ztBLuAs,36,4,0,U.S. Bank Shield™ Visa®,usbank.com,https://www.usbank.com/credit-cards/shield-visa-credit-card.html,https://i.pinimg.com/originals/83/21/84/8321848b4c0e95373d7a588484331c93.jpg,1000,1500,1,2026-07-17
2026-09-03,economia domestica,776167317060917120,37,99,0,Tratado de economia doméstica - Aristóteles,,,https://i.pinimg.com/originals/71/4d/99/714d991e3120150d3ea8f4b0341b581f.jpg,1168,1752,0,2024-02-16
2026-09-03,economia domestica,1028298527435409178,38,1806,0,,,,https://i.pinimg.com/originals/bd/cd/a8/bdcda841575d24ea5c03cdfabd0ba8d2.jpg,736,1104,0,2025-11-01
2026-09-03,economia domestica,1150106823623729133,39,1,0,5 hábitos para economizar em casa.,go.hotmart.com,https://go.hotmart.com/R107251112N,https://i.pinimg.com/originals/96/c2/ae/96c2aed01a66bbff7af79a73038aeb6b.jpg,848,1264,0,2026-08-21
2026-09-03,economia domestica,AZJTiCjXTJJqlJXnJ_AZhDZBVKnKeaxOl1_Sn4uOow1J-IEFfOQHtQ05tPJgu2TWm-rnkZN-cJLVGZomRdqKFX4,40,1,0,Wondering How It Actually,sellvia.com,https://sellvia.com/get-your-store-free/?utm_source=pinterest&utm_medium=cpc&utm_campaign=pin_conv_signup_retargeting&utm_term=retargeting_warm&utm_content=what_happens_after_signup,https://i.pinimg.com/originals/2e/c6/27/2ec627bae87d14edcc167975e38d50de.jpg,1696,2528,0,2026-08-25
2026-09-03,economia domestica,656258976994079909,41,13,0,Inside the Laundromat: How Criminal Organizations Clean Billions Amidst Legal Loopholes,compliance-edge.us,https://www.compliance-edge.us/inside-the-laundromat-how-criminal-organizations-clean-billions-amidst-legal-loopholes/,https://i.pinimg.com/originals/12/05/bb/1205bbf2faf9387f4a0639f724555046.png,1024,1024,0,2025-12-11
2026-09-03,economia domestica,757378862383976827,42,7,0,"Semana do Consumo Inteligente: Dia 14/40 - planejar as compras da semana. Quando planejamos as compras da semana, evitamos desperdícios, economizamos dinheiro e ainda facilitamos muito a rotina da cas",instagram.com,https://www.instagram.com/p/DVzjF6BDUJN/,https://i.pinimg.com/originals/5e/63/c7/5e63c741873ce471bc8f70944ba0337d.jpg,1365,1820,0,2026-03-13
2026-09-03,economia domestica,AYVNC_c5QgLJ5vTNBg6foZ3mOo6YUFNj3-s5YCP9xTJ8g2n3-EsP8Y5DPzGlCC5Qth133T3mjRL8wN_KBrKWrIs,43,1,0,Give Every Dollar a,etsy.com,https://www.etsy.com/listing/4558198310/budget-planner-printable-fillable,https://i.pinimg.com/originals/7b/ea/9b/7bea9b7b6d17363afb16953a29033ff3.png,1024,1536,0,2026-08-19
2026-09-03,economia domestica,AQl99Le1xr8Ct0OKz9cQk-P6QobT7fcTm8SJxi1wN01iGynYXxKGwQrvr-CKMU5BYYzdjS_Vi1TdPPbgdgWdZa4,44,1,0,Move-In Ready Homes,buy.lennar.com,https://buy.lennar.com/corp/?utm_term=National_General&utm_medium=social-paid&utm_source=Pinterest&utm_campaign=CORPLEN_PRO_National_CORP&utm_content=PRO_022526_Test0001_Corp-Legacy_Purchase_Broad_CORP_ad_022526_0005_CORP_stills-overlay_renting_TH_H5_PT166_img_national,https://i.pinimg.com/originals/d3/5d/c1/d35dc12ff0474a9d6ed73d26b9ecbeaf.png,1080,1920,0,2026-02-25
2026-09-03,economia domestica,1151232723518281344,45,142,0,How to Start Your First Realistic Budget,,,https://i.pinimg.com/originals/62/9d/a8/629da80ec38b1084651e5d4b21c7dfd2.png,1000,1500,0,2026-04-01
2026-09-03,economia domestica,338332990771818886,46,1,0,Economia doméstica: 43 dicas para economizar dentro de casa,tuacasa.com.br,https://www.tuacasa.com.br/economia-domestica/?ssp_iabi=1683986786398,https://i.pinimg.com/originals/dd/c2/88/ddc288fb9ad58af5f5341c68a06a2015.jpg,1200,740,0,2023-05-13
2026-09-03,economia domestica,Ae7n-HE4QUReguE0_mZw5QK-PuVxdJzV_wzDrq9p_w9YSFQneJPjma8G_BHnPS6BsiDK5WNYYIVLcshh1TmEFGw,47,0,0,2-Tier Rust-Resistant,wayfair.com,https://www.wayfair.com/WKING--2Tier-RustResistant-Metal-Dish-Rack-With-Drainboard-For-Kitchen-Counter-SH51BDJJH-L7454-K~WBNG1802.html,https://i.pinimg.com/originals/bf/04/fe/bf04fe78a99a9811070c07a307ecf2f1.jpg,400,400,0,2026-08-12
2026-09-03,economia domestica,1115907613946725093,48,6,0,Master Your Money: The Ultimate Personal Finance Guide for Beginners,aurorapicks.gumroad.com,https://aurorapicks.gumroad.com/l/RealSideIncome,https://i.pinimg.com/originals/48/6b/0d/486b0deb0f7b23a506e64a0bd7f7113a.png,1024,1536,0,2026-07-08
2026-09-03,economia domestica,733734964317052981,49,2,0,feminino investir finanças em casa,pt.vecteezy.com,https://pt.vecteezy.com/arte-vetorial/10941637-feminino-investir-financas-em-casa?utm_source=pinterest&utm_medium=social,https://i.pinimg.com/originals/5c/82/1c/5c821c3fa3b31b42608ae15f647f8226.jpg,1470,980,0,2023-11-18
2026-09-03,economia domestica,509329039112378276,50,3989,0,,,,https://i.pinimg.com/originals/81/0b/56/810b560de7521963e273bcaed99097ec.png,4267,3200,0,2019-12-12
2026-09-03,economia domestica,ATEmmp5_2eBtMTyXKKU9EQ-kQXqDuj5TOukZiJAgjmcvPP6IIRwQdjSNN_iUTMxl6WY97Sh3wEjumyyPeF-iiqI,51,1,0,Design a Real Room Online,designwithfriends.com,https://designwithfriends.com/,https://i.pinimg.com/originals/54/a4/e8/54a4e830285f07653881cbd76da761c6.jpg,1080,1920,1,2026-08-14
2026-09-03,economia domestica,AQO9Fe2lrDPwHGhEpqJ3KFZeHU8FPLT2TV53ejgR1Gnh_isI5SnnK4snMaC1K0krZe07Q-k0F3OsQJFmph_8cIg,52,582,0,9 Ways to Make Money,financebuzz.com,https://financebuzz.com/supplement-income-yaez?&utm_source=pinterest&utm_medium=paid-social&utm_campaign=%7Bcampaign_name%7D-%7Badgroupname%7D&adgroupid=%7Badgroupid%7D&utm_content=%7Badid%7D&utm_term=ad1,https://i.pinimg.com/originals/6a/af/9b/6aaf9be341029521880f9f9583ceacc7.png,1000,1500,0,2025-11-06
2026-09-03,economia domestica,4601834487235919744,53,0,0,Family Budgeting: Www.lifeasmama.com Explained,lifeasmama.com,https://lifeasmama.com/family-budgeting-www-lifeasmama-com-explained-2/,https://i.pinimg.com/originals/8f/05/99/8f059976da1aa9995a31303d2647c167.jpg,1024,768,0,2026-08-24
2026-09-03,economia domestica,AeacWL3nAPkOQOu7H-hIenMmn_kfSXEByh-Jb_icqYyp-WuVUiBPBNEcT3UsSYxkgNXNe7Og8-JxQumhU98eqRM,54,0,0,Stefana Silber x TWOPAGES,twopagescurtains.com,https://twopagescurtains.com/products/stefana-silber-x-twopages-print-linen-blend-box-pleat-valance?variant=52812660703543,https://i.pinimg.com/originals/17/68/b0/1768b0715af1784649dea68f7d716892.jpg,1600,1600,0,2026-08-19
2026-09-03,economia domestica,433612270395109301,55,12,0,"Vida Simples, Conta Organizada: O Jeito Inteligente de Lidar com o Dinheiro",,,https://i.pinimg.com/originals/aa/35/4b/aa354b14170df0fda5725c5123a55a74.jpg,640,640,0,2025-04-20
2026-09-03,economia domestica,AZ8tIvfbwiVbntg09efczNqVxEuq0GQpHLMU0C1Pg2PE4_GZaJcUGH0RnKa1gTxHMpX9OWok0rLmoerjUwRqiTg,56,0,0,Sage on the Bow - Central,expedia.com,https://www.expedia.com/Hotel-Search?destination=Calgary&selected=111005440&startDate=2026-09-03&endDate=2026-09-04,https://i.pinimg.com/originals/9f/59/8d/9f598d7d2a6efb9f2257b20979d634ac.jpg,1000,1500,0,2026-08-23
2026-09-03,economia domestica,182818066119215507,57,4,0,5 hábitos que ajudam a economizar dinheiro,,,https://i.pinimg.com/originals/e8/9e/bc/e89ebc9fc30ef2133657831e517a9c55.png,1024,1536,0,2026-06-30
2026-09-03,economia domestica,AYgavOCYXHTKHHiopf7xMgFgfAOS-td8FO2BpzEtfR8VXuBtIBLPr6YCqZXcYJNIVZ_GvPQPQT5iDrQkdWgrQto,58,0,0,Compact Supermarket,maoters.com,https://www.maoters.com/product/compact-supermarket-checkout-counter?variant=MTJ68944,https://i.pinimg.com/originals/09/a9/52/09a952755e2e825f4fca5c4881c88d9c.jpg,966,1000,0,2026-08-07
2026-09-03,economia domestica,AcgF2KYYtlmH8u7m_M2_q-vkeGWK9iyc7EmA-zaBrLUNQPLD-nFGZHMoqUGdRbqlJW5fTzOIHq7o8yHYV_6uNJc,59,0,0,SMEG 50s Style 4-Slice,allmodern.com,https://www.allmodern.com/SMEG--SMEG-50s-Style-4Slice-Toaster-TSF02-L7426-K~SGME1051.html?refid=PSO81-SGME1051_17564151&PiID[]=17564151,https://i.pinimg.com/originals/f4/5c/e1/f45ce12417a7dac046dc06eaee208349.jpg,326,400,0,2026-07-25
2026-09-03,economia domestica,889320257688076139,60,21,0,Planejamento financeiro para quem trabalha em casa 💰✨,,,https://i.pinimg.com/originals/14/30/ef/1430ef472bdd67f54847d473322d7c1d.png,1080,1920,0,2026-05-25
2026-09-03,economia domestica,385550418112947359,61,57,0,Dependencia del consumo de los hogares le pasará factura a la economía colombiana,bloomberglinea.com,https://www.bloomberglinea.com/latinoamerica/colombia/dependencia-del-consumo-de-los-hogares-le-pasara-factura-a-la-economia-colombiana/,https://i.pinimg.com/originals/3e/e1/1c/3ee11cb0770c0c8d7ac16264757ed418.jpg,1024,683,0,2023-05-23
2026-09-03,economia domestica,1046946244631913454,62,57,0,,stock.adobe.com,https://stock.adobe.com/uk/stock-photo/id/1554101159,https://i.pinimg.com/originals/5c/f2/ab/5cf2ab2bf29c1d7633458df419eb35a3.jpg,1000,1000,0,2025-06-30
2026-09-03,economia domestica,4603734453919237376,63,47,0,Avoiding The Hassle: Pros And Cons Of Direct Home...,urdesignmag.com,https://www.urdesignmag.com/avoiding-the-hassle-pros-and-cons-of-direct-home-sales/,https://i.pinimg.com/originals/ae/92/f2/ae92f2c637a43d85f5743a1e2b408d7f.jpg,1500,2250,0,2025-10-03
2026-09-03,economia domestica,1135610862295702691,64,1000,0,Reserva de emergência,pay.hotmart.com,http://pay.hotmart.com/V100130171M,https://i.pinimg.com/originals/be/95/94/be9594950e56ae404a07251caa167c98.jpg,1636,2046,0,2025-07-23
2026-09-03,economia domestica,83527768085758315,65,52,0,,,,https://i.pinimg.com/originals/2d/46/3f/2d463fd0b39c0e7e049207a014afff4c.jpg,1254,1254,0,2026-08-24
2026-09-03,economia domestica,ATXn_YAz_lVsCIsDuJdjORheNkLGBLOGHzhMvOIwIr1VTpaT9X6lCn9JvPNnkfVNV0qKxK3LG9wtE7mIgycXsNA,66,0,0,All your tools in one,quickbooks.intuit.com,https://quickbooks.intuit.com/explore-quickbooks/,https://i.pinimg.com/originals/79/19/3a/79193a0c5ee169b5ebc05584d47c5741.jpg,1080,1920,1,2026-08-25
2026-09-03,economia domestica,792985446901902509,68,364,0,,,,https://i.pinimg.com/originals/37/2f/0a/372f0ab3ed779e1c443ae6f9807d8d58.png,598,395,0,2022-05-07
2026-09-03,economia domestica,899242250617034018,69,35,0,Rebuilding My Credit Era,soulfulwealthsis.com,https://soulfulwealthsis.com/rebuilding-credit-in-your-20s-financial-healing/,https://i.pinimg.com/originals/c7/15/d4/c715d4102f8cc9a8ce7c659ee197277d.png,1024,1536,0,2026-02-25
2026-09-03,economia domestica,5629568280757959,70,1563,0,Aprenda a organizar suas finanças,,,https://i.pinimg.com/originals/ba/83/5d/ba835dbbc7d85bb2442d31dd250b76e2.png,1024,1024,0,2026-08-19
2026-09-03,economia domestica,641763015682436914,71,7,0,5 dicas de economia doméstica fáceis de seguir,blog.tudogostoso.com.br,https://blog.tudogostoso.com.br/dicas-de-cozinha/dicas-de-economia-domestica/,https://i.pinimg.com/originals/48/ac/6a/48ac6a8c6a3fda5f44d730e51d466856.jpg,474,710,0,2024-10-08
2026-09-03,economia domestica,869054059388927537,72,1,0,Como controlar o dinheiro da casa sem planilhas complicadas e reduzir a sobrecarga financeira com gestão doméstica simples e corresponsável. https://ivanafruzzetti.altervista.org/como-controlar-o-dinh,instagram.com,https://www.instagram.com/p/DU_xMn2miZZ/,https://i.pinimg.com/originals/6a/67/11/6a6711a28d0f8cebeb1123e7d1d59a5e.jpg,1024,1024,0,2026-02-21
2026-09-03,economia domestica,694258098851475004,73,70,0,💰 5 maneiras de economizar sem sofrer,,,https://i.pinimg.com/originals/1a/e5/cc/1ae5ccea3df6b1d421792c2689028bec.png,1024,1536,0,2026-06-08
2026-09-03,economia domestica,772930354780141584,74,3,0,13 Dicas de economia para casa e no mercado!,construindominhacasaclean.com,https://www.construindominhacasaclean.com/2019/07/13-dicas-de-economia-para-casa-e-no.html#.XSzGLuhKjIU,https://i.pinimg.com/originals/2a/86/b5/2a86b5fbe63055880d8db9cd381afd80.jpg,640,434,0,2019-07-20
2026-09-03,economia domestica,188869778107778606,75,9,0,"Mãos que prestam, manual de Economia doméstica.",i.pinimg.com,https://i.pinimg.com/736x/64/6b/57/646b5713ac29c5c0a950091283a4df83.jpg,https://i.pinimg.com/originals/64/6b/57/646b5713ac29c5c0a950091283a4df83.jpg,641,768,0,2018-04-02
2026-09-03,economia domestica,233131718207112606,76,30,0,"In capitalist economies, work no longer serves only as a means of contribution or personal growth. It has become the lifeline to survival. You work to pay rent, buy food, and cover bills. The system k",medium.com,https://medium.com/@Voxvento/work-employment-and-the-weight-of-survival-in-capitalism-d0581e2cc430,https://i.pinimg.com/originals/0e/29/76/0e29769847f52d87b67ecc671f37e4f6.png,1024,1536,0,2026-03-29
2026-09-03,planilha financeira,785948572508334449,2,702,0,,digitalartscanva.com.br,https://www.digitalartscanva.com.br/2025/04/planilha-financeira-para-controle-de.html?m=1,https://i.pinimg.com/originals/54/2b/13/542b1363572663130255142f77c9f47e.png,1000,1500,0,2025-04-22
2026-09-03,planilha financeira,1102678290072805647,3,6,0,Planilha Financeira Pessoal | Organize suas Finanças,organizzaplanilha.lovable.app,https://organizzaplanilha.lovable.app/,https://i.pinimg.com/originals/9e/ae/aa/9eaeaa3ebacfe1739fcdbd9eab8093e0.png,1023,1537,0,2026-08-14
2026-09-03,planilha financeira,Aai1rHRZRz4XnWB2rJb_ie78DVOB0P9p4VivR1ApsaqVkHyZ9iLh3Pei3eBvaKngcmP-zjMAhXOlZu5vkvSkDwM,4,8,0,Business plan examples,shopify.com,https://www.shopify.com/blog/business-plan-template,https://i.pinimg.com/originals/14/74/30/14743036c5e97608cabc0decc05f6750.jpg,736,1104,0,2024-12-10
2026-09-03,planilha financeira,661325526575233656,5,1366,0,,,,https://i.pinimg.com/originals/60/45/2a/60452a70fe4098211dfb4973362d56ec.png,1414,2000,0,2026-02-09
2026-09-03,planilha financeira,1042864857495941510,6,358,0,,,,https://i.pinimg.com/originals/5e/fb/c7/5efbc7b065f857cb3377c7b5b6762a79.png,1024,1536,0,2026-07-25
2026-09-03,planilha financeira,1016687684626231479,7,34,0,Planilha financeira gratuita,rosaurearosadeouroo.blogspot.com,https://rosaurearosadeouroo.blogspot.com/2026/05/planilha-financeira-gratuita.html,https://i.pinimg.com/originals/85/67/9e/85679ef0adbbaaed83ee2433755207f4.png,1080,1920,0,2024-12-19
2026-09-03,planilha financeira,AWl1EVoKJi5UUcf5RmfT1xp7hEEQhk5KHMmE32A1V-zv9OCrT1xLW_ha18DiRrO9qQn-vrCr6MajLOu20ep4EMg,8,1,0,Avery?? Budgeting Planner,avery.com,https://www.avery.com/products/labels/6788,https://i.pinimg.com/originals/77/2c/fa/772cfab4f0c2f8ee86be7677a5621707.jpg,1424,1424,0,2026-08-05
2026-09-03,planilha financeira,AdxaVFZ9_whmcSfzwTVNAx-DTycmWCZowc2i19yPH933xB5v2UBFw3A_Ew40TOIFBKcCqD41VNJfTHo_5POWvWo,9,1,0,U.S. Bank Shield™ Visa®,usbank.com,https://www.usbank.com/credit-cards/shield-visa-credit-card.html,https://i.pinimg.com/originals/bf/69/b6/bf69b64f243d75e3ab0003e6837a778a.jpg,720,1080,1,2026-07-17
2026-09-03,planilha financeira,1120411213577369409,10,7,0,Plano financeiro,,,https://i.pinimg.com/originals/eb/ca/2a/ebca2acaf6f7edd6bfb0cf7fa207c322.png,1024,1536,0,2026-08-24
2026-09-03,planilha financeira,AVl6A1_UfhYkZSqlxak6TGMqtkE9RavkwQmt6zCNNKgLhTaOJ-wLnjHh9X613uywZw9udqjIbPJu-mG9_t6rxf8,11,7,0,Money Journal - Printable,commit30.com,https://commit30.com/products/money-journal-printable-pdf?variant=52183016931626,https://i.pinimg.com/originals/33/13/0b/33130bc70618951a2d48775b5aff7352.jpg,1712,2480,0,2026-08-06
2026-09-03,planilha financeira,132996995242453524,12,247,0,Planilha de orçamento mensal.,,,https://i.pinimg.com/originals/af/44/44/af4444444e537d305099f0fc067a1734.png,1024,1536,0,2026-08-03
2026-09-03,planilha financeira,Ac6toRtZfX-dyhqYtssqnEQkUYesWr_sseSR6nOzwamX7oFcN3NZQB8jqgO5h_bQzPRVQRsKja3M9ENkhFblnXI,13,242,0,SoFi Personal Loans,sofi.com,https://www.sofi.com/atr/p/v1/c?cid=1bd19d35-974e-43a5-b5a6-5abe2ecf573c&AD_ID=%7Badid%7D&smartly-hash=single_image_pin_reference:v1:340d334d53c45c9c74a18a073f5612a31219c0513470821ac11a6aba68ee99e4,https://i.pinimg.com/originals/56/73/47/56734796ebc91d1bcd5146280af729b9.png,1000,1500,0,2025-07-28
2026-09-03,planilha financeira,AeATGqDBfByfY5lh1_sGCziVqKHbjT6yuhzJ4ncjK3afbpF-3VJX7TiOiyDuWjNf_hq4mbnu0cujlaHsNdADHCE,14,1,0,Give Every Dollar a,etsy.com,https://www.etsy.com/listing/4558198310/budget-planner-printable-fillable,https://i.pinimg.com/originals/7b/ea/9b/7bea9b7b6d17363afb16953a29033ff3.png,1024,1536,0,2026-08-19
2026-09-03,planilha financeira,631981760220082227,15,15176,0,Planner Financeiro,,,https://i.pinimg.com/originals/54/e5/db/54e5db3238d99a1deb1fbf931eb95418.png,794,1123,0,2022-01-06
2026-09-03,planilha financeira,Ab7K68MPZhH9mypsC_fuvfoZKQiY7HEglBgm0yTYOnQ07kl-Ylu38B388x6ybfQcMYgIRYbgJ8HAH9bAWu50tP4,16,8,0,Budget & Expense Tracker,gum.co,https://gum.co/u/odjiwmbw,https://i.pinimg.com/originals/97/d3/c6/97d3c6e1964f8c3c26c6091114319f2d.jpg,736,1104,0,2026-08-27
2026-09-03,planilha financeira,AWM6rsDanogP_GOLF5Q81Q5WuXSgEZmGUG-8OI5kw6j0jDVkLiyqEpaegN6gagDaY0wjDQgv9D6ySGNPnIUaAEA,17,10,0,Your Next Career is,cfp.net,https://www.cfp.net/get-cfp-certified/new-career?utm_medium=cpc&utm_source=mgipinterest&utm_campaign=careerchangerleadgen0826,https://i.pinimg.com/originals/80/8b/fb/808bfb6183dce8e32e7fd3d46105f0db.png,4167,6250,0,2026-08-21
2026-09-03,planilha financeira,1105704146054727012,18,17,0,Planner de Organização Financeira 💰✨ | Organize seu dinheiro e realize seus sonhos.,go.hotmart.com,https://go.hotmart.com/M106963837Q?dp=1,https://i.pinimg.com/originals/e7/8d/8e/e78d8e1f6bf597673f1b2df826661f23.png,1024,1536,0,2026-08-22
2026-09-03,planilha financeira,8725793026211954,19,529,0,Controle financeiro,,,https://i.pinimg.com/originals/fb/0c/10/fb0c1010c37c03beaa88d66d7db30283.png,1023,1537,0,2026-08-11
2026-09-03,planilha financeira,AX7r7ydK3GBVfdcPxNgTWFRXU7rZWVlYbxCzPO9Fba9wa9uHTeibuZty6mTwWs-2vV_n2nXffvxGkvQAmnUjOJo,20,26,0,How to Build Passive,stan.store,https://stan.store/TheIntentionalCollective,https://i.pinimg.com/originals/5b/0e/7f/5b0e7fb34e81a76e96fe369ba11d5af5.png,1024,1536,0,2026-07-19
2026-09-03,planilha financeira,57772807716494695,21,364,0,50/30/20,,,https://i.pinimg.com/originals/55/22/35/55223512f67897e737e5c60aaabff8a0.jpg,1080,1920,0,2026-08-18
2026-09-03,planilha financeira,1073827104917652207,22,53,0,Travel Budget Planner Bullet Journal Template for Yearly Savings 2026,payhip.com,https://payhip.com/travelbudgetplannertemplate/blog/news/explore-the-magic-top-27-free-travel-planners/?travel-budget-planner-bullet-journal-template-for-yearly-savings-2026,https://i.pinimg.com/originals/1e/d0/8f/1ed08f3b63ad251eb8f681e405fa4b8b.jpg,1536,2048,0,2026-02-04
2026-09-03,planilha financeira,920986192570447076,23,833,0,orçamento mensal. para você se organizar mensalmente. é não deixar o dinheiro fugir da sua mão,,,https://i.pinimg.com/originals/44/d7/69/44d769dc92ff92b0cc24775f671b3b40.png,1024,1536,0,2026-07-12
2026-09-03,planilha financeira,701224604525178488,24,6,0,Controle seu dinheiro de forma simples! Clique aqui e confira!,jessica-planilhas.netlify.app,https://jessica-planilhas.netlify.app/,https://i.pinimg.com/originals/ab/5f/c3/ab5fc31d017a97a2f90269162079bd3e.png,1587,2245,0,2026-07-27
2026-09-03,planilha financeira,821203313350207119,25,534,0,,,,https://i.pinimg.com/originals/0c/c7/96/0cc79654a5f7cdf9769962cd91c047da.jpg,1098,1536,0,2026-02-02
2026-09-03,planilha financeira,1132796112526910137,26,1540,0,Monthly Budget Planner Google Sheets Template,payhip.com,https://payhip.com/OrganizeThrive/blog/news/budget-planners-your-step-by-step-guide-to-financial-freedom/?monatliche-budget-tabelle-google-sheets-budget-vorlage-monatlicher-budgetplaner-monatliches-budget-bundle,https://i.pinimg.com/originals/c5/a7/81/c5a7812b0a69c344e5b4f941305e9160.jpg,2000,2000,0,2025-02-24
2026-09-03,planilha financeira,ASuaoY4W6ANjhl3IROdEOBDsiWxx3-ywntRPaq5dc0I_8jTnVXLVeeWCwfoCak0qrbNiI2UIzpUAqDL2x2cOFvo,27,0,0,Let’s plan for more rich,edwardjones.com,http://www.edwardjones.com/,https://i.pinimg.com/originals/0b/cf/f8/0bcff8dddc63bf612183cc5d345cd619.jpg,1000,1500,1,2025-10-06
2026-09-03,planilha financeira,1123225963430143099,28,5,0,POV: Você prometeu que esse mês vai se organizar financeiramente 3025,behance.net,https://www.behance.net/gallery/243405269/-Digital-Planner-Templates/?pov-voce-prometeu-que-esse-me,https://i.pinimg.com/originals/bb/a6/ee/bba6ee2bc88a2ece03b68a586d51ad66.jpg,576,1024,0,2026-08-09
2026-09-03,planilha financeira,104286547620864857,29,115,0,,,,https://i.pinimg.com/originals/d9/f8/9a/d9f89a1f8a851a99c16fed9403971bce.jpg,675,1200,0,2026-07-19
2026-09-03,planilha financeira,585045807888269950,30,191,0,,,,https://i.pinimg.com/originals/c9/20/b3/c920b336ffa56a164de86a848d632770.png,1024,1536,0,2026-07-29
2026-09-03,planilha financeira,1103452346269157384,31,3,0,"Wedding Budget Module, Effortless 2026 Excel Budget Planner | Simple Finance Management 🧁",medium.com,https://medium.com/@early.rafael1993/budget-wedding-checklist-planner-spreadsheet-trackers-ac2d2271bd77/?wedding-budget-module-effortless-2026-excel-budget-planner-simple-finance-management-%25f0%259f%25a7%2581,https://i.pinimg.com/originals/7e/0a/05/7e0a05fc7efa511b38729a15194af413.png,1187,777,0,2026-06-03
2026-09-03,planilha financeira,380483868530265792,32,1151,0,Freebie: Planner Financeiro Gratuito - Controle de ganhos e gastos!,asweetmagic.com.br,https://www.asweetmagic.com.br/2022/07/freebie-planner-financeiro-gratuito.html,https://i.pinimg.com/originals/8d/18/60/8d1860354af3478d7141f1a604a8f734.png,757,1259,0,2022-07-08
2026-09-03,planilha financeira,1091982240924476799,33,725,0,Controle de gastos,,,https://i.pinimg.com/originals/cb/39/51/cb39519b7a66983da66f26faadf571a8.png,1024,1536,0,2026-07-11
2026-09-03,planilha financeira,185703184624880001,34,847,0,Planner de Controle Financeiro para Download e Impressão,queromeformar.com,https://www.queromeformar.com/p/planner-financeiro-para-download.html,https://i.pinimg.com/originals/f2/e3/70/f2e370809623a696fbc69734d430e307.png,800,2000,0,2020-06-22
2026-09-03,planilha financeira,5066618331712107,35,598,0,Planner financeiro,,,https://i.pinimg.com/originals/bf/b4/77/bfb477fd3108f57a461025168e5e7357.png,1024,1536,0,2026-07-19
2026-09-03,planilha financeira,635640934975961738,36,28,0,meu diário financeiro.,,,https://i.pinimg.com/originals/bd/62/d0/bd62d09cf1a23ee72693eae8ced32e3c.jpg,1080,1920,0,2026-03-13
2026-09-03,planilha financeira,1134414593671770585,37,49,0,Savings Workbook 🍰 💌 Pink Monthly Budget Planner | Income &amp; Paycheck Tracker | no-stress trac...,behance.net,https://www.behance.net/gallery/252658017/Build-Your-Perfect-Notion/?savings-workbook-pink-monthly-budget-planner-income-amp-paycheck-tracker-no-stress-trac,https://i.pinimg.com/originals/7f/28/4c/7f284c88c40f3a075d010d8d208e7ac8.png,952,1428,0,2026-07-27
2026-09-03,planilha financeira,523473156707832604,38,48,0,Monthly Budget Spreadsheets,medium.com,https://medium.com/@campbell.tamara499632/monthly-budget-spreadsheets-d3acfb234fcc/?ultimate-monthly-budget-spreadsheet-template-for-excel-sinking-funds-tracker-monthly-budget,https://i.pinimg.com/originals/f4/f5/14/f4f51492d544c9cc759fa56659afbf5f.jpg,474,296,0,2025-05-05
2026-09-03,planilha financeira,921478773783630390,39,1148,0,Planilha Financeira,,,https://i.pinimg.com/originals/80/d4/d8/80d4d89b817b7d5d8aed3a7e07cbe86e.png,1055,1491,0,2026-06-25
2026-09-03,planilha financeira,1048072144536056469,40,1502,0,Planner floral Neutro completo e grátis,,,https://i.pinimg.com/originals/c4/ec/36/c4ec36bb9c3d6787de4ba507e5be09ae.jpg,1414,2000,0,2025-04-27
2026-09-03,planilha financeira,1087689747517927621,41,446,0,Create Your Perfect Monthly Budget with Our Easy Excel Spreadsheet Template,payhip.com,https://payhip.com/FreeBudgetPrintables1/blog/news/10-must-have-budget-planners-to-master-your-finances-effortlessly/?ultimate-monthly-budget-spreadsheet-template-for-excel,https://i.pinimg.com/originals/f0/e5/bc/f0e5bc352a4f61fedf2e4bfa8565c573.jpg,2880,1800,0,2025-10-06
2026-09-03,planilha financeira,AcmisKkV1DaMeRATnmkkadMrLs3U_feKaOYNPYuleaOgfvufnagpM-ytbBaHyDN7GbNfjZJcuizevJJc3lPiPXQ,42,2,0,Finally Take Control of,planningforwhatmatters.com,https://planningforwhatmatters.com/money-reset,https://i.pinimg.com/originals/93/a3/6b/93a36b3c63ca310c694298a17c759591.jpg,1080,1920,1,2026-07-07
2026-09-03,planilha financeira,8725793026232820,43,244,0,Pink Budget Planner,,,https://i.pinimg.com/originals/3b/3b/09/3b3b098df1530da7ddfd70b8be6f7858.png,1024,1536,0,2026-08-19
2026-09-03,planilha financeira,1125968743270294,44,1806,0,,,,https://i.pinimg.com/originals/bd/cd/a8/bdcda841575d24ea5c03cdfabd0ba8d2.jpg,736,1104,0,2025-12-19
2026-09-03,planilha financeira,333688653659285795,45,3130,0,Controle financeiro,,,https://i.pinimg.com/originals/82/05/d9/8205d9bd00a6ffbe33b1c3c6495e16d2.png,1414,2000,0,2025-01-18
2026-09-03,planilha financeira,960674164284297835,46,67,0,,,,https://i.pinimg.com/originals/96/9f/be/969fbe58ab20209eb52513910e53cf3b.png,1024,1536,0,2026-07-06
2026-09-03,planilha financeira,65513369574655534,47,269,0,Dica: Use a tecnologia a favor das suas finanças pessoais,,,https://i.pinimg.com/originals/0a/4d/7e/0a4d7ee22907fe453a8b9300ea926c86.jpg,736,1104,0,2024-12-26
2026-09-03,planilha financeira,1107744839598074782,48,29,0,Free Budget Planner Template Google Sheets,behance.net,https://www.behance.net/gallery/223353413/Budget-Planner-Printable-Free/?free-budget-planner-template-google-sheets,https://i.pinimg.com/originals/93/0c/8f/930c8f853a34b6f9136f0f668da7d5af.png,768,1738,0,2025-04-15
2026-09-03,planilha financeira,1094163672025041146,49,64,0,2025 Personal Budget Planner Template for Savings & Finance Tracking,payhip.com,https://payhip.com/CreativeWeb/blog/news/top-budget-planners-creative-digital-resources/?2025-personal-budget-planner-template-for-savings-finance,https://i.pinimg.com/originals/25/26/84/25268474637db1a18bc662a5c8146a8f.png,1428,1147,0,2026-02-28
2026-09-03,planilha financeira,402931497938974360,50,90,0,Dia de organizar as despesas do mês,,,https://i.pinimg.com/originals/0a/e5/1d/0ae51d2361bfda62927aea4c61b6437a.jpg,3072,4080,0,2026-07-19
2026-09-03,planilha financeira,ASMXWU4MBfqXNZpMG4-8Bu9uRC6GTvmhlCqvsKwUHUlkZiqxa9QxVAAsqHHooFQd_p04ve9z2l_qnDiWPoXewvU,51,0,0,A6 Size Budget Binder,us.shein.com,https://us.shein.com/ark/default?scene=1&test=5051&ad_type=DPA&goods_id=111126663&pf=PINTEREST&url_from=PINADSDPA&ismg=3edeaa72a90e0b57cb496a10a3d930de70ed1e9c1375b62514fbd3dcf3869578_01_1788193898,https://i.pinimg.com/originals/09/22/94/09229432e1f3e9d5c80a85da2d71e4e2.jpg,1340,1785,0,2026-08-30
2026-09-03,planilha financeira,AbvjnYGgi3TcbznYaB9I9UV4U3DBY_dghZPH5YIQeh0ZGzQFSVteinTWmyWmTrGbIHBsDkrnCC3OM3Lhd5i6HME,52,3,0,59 in Brown Computer Desk,homedepot.com,https://www.homedepot.com/p/FUFU-GAGA-59-in-Rectangular-Brown-Wood-3-Drawer-Computer-Desk-Writing-Desk-with-Adjustable-Height-Keyboard-Tray-and-Socket-L-THD-150314-01-A-B-qkc/343312324?cm_mmc=psoc-pinprg-%7Bcampaignid%7D-%7Badgroupid%7D,https://i.pinimg.com/originals/c8/f2/14/c8f21455c1671ebf3b3555f9c9f2fe03.jpg,1000,1000,0,2026-06-19
2026-09-03,planilha financeira,Aey34EMUrc1SDTbBtXUHZZ7TUkpSTeMjBRN74Is8OIHCRXtalrM-n3wAUL-axVJlRL4MKyG4O5fLNyMa1oV2UOs,53,3,0,Latitude Run® 96'' W,wayfair.com,https://www.wayfair.com/Latitude-Run%C2%AE--Talaisha-Closet-System-with-Drawers-and-Cube-X223260704-L6289-K~W112159693.html?refid=PSO49-W112159693_312843695_323859154&PiID[]=312843695&PiID[]=323859154,https://i.pinimg.com/originals/4c/ea/c6/4ceac60212e41aa8d884ac1b3a94af6e.jpg,400,400,0,2026-07-23
2026-09-03,planilha financeira,552746554291085140,54,4,0,Nova Planilha para organizar finanças (Grátis),pausapracriatividade.com,https://www.pausapracriatividade.com/2025/08/nova-planilha-de-controle-de-gastos-e-investimentos.html,https://i.pinimg.com/originals/3c/7b/19/3c7b198ea5edf54d525b3262db90ee89.png,640,960,0,2025-08-15
2026-09-03,planilha financeira,AZEJWhOY_yQlakFxlkJzqMJl22iP4D75Q_OVGoe2Ktw7C6Bse6DWFEE3q9f1jnUlQUcU-CgrTK6L7uutNX9p4kY,55,27,0,Ready to start wedding,zola.com,https://www.zola.com/,https://i.pinimg.com/originals/6c/08/95/6c089525850491247d9e523f4f0c9662.jpg,2000,4216,0,2024-03-07
2026-09-03,planilha financeira,473933560787815836,56,1790,0,"15. Após lançar as despesas, o campo ''Quanto Sobrou?'' ficou atualizado com o saldo total do mês de janeiro. Neste caso, o saldo da planilha ficou positivo na conta em R$ 87,74, supondo que ele tenha",tecnologia.uol.com.br,http://tecnologia.uol.com.br/album/planilha_de_gastos_excel_album.htm#fotoNav=15,https://i.pinimg.com/originals/61/c4/cc/61c4ccbd437cc5904ae1abaf9ec5e6c0.jpg,600,500,0,2019-10-29
2026-09-03,planilha financeira,ARQOoTpQNjOkUfmvPZ9VV3A9CcOlTqFEjEqsKe5pgre-7jrmALIqrK5APiqN55B6tEUHkbQCb9qTp0UeZMNi2zE,58,4,0,U.S. Bank Shield™ Visa®,usbank.com,https://www.usbank.com/credit-cards/shield-visa-credit-card.html,https://i.pinimg.com/originals/83/21/84/8321848b4c0e95373d7a588484331c93.jpg,1000,1500,1,2026-07-17
2026-09-03,planilha financeira,2603712282704048,59,4437,0,,,,https://i.pinimg.com/originals/92/12/c3/9212c3a8a0081eac27c7ca3358ba63c6.jpg,1065,1515,0,2026-04-21
2026-09-03,planilha financeira,301530137576369912,60,123,0,Easy Money-Saving Habits Everyone Should Know 💰,,,https://i.pinimg.com/originals/af/9c/65/af9c6568278a2d8b396df5f1d052855f.webp,600,801,0,2026-08-25
2026-09-03,planilha financeira,80572280836098800,61,12,0,Planilha Financeira Grátis pra fechar 2025 e começar 2026 com as finanças organizadas? Temos! O link pra garantir a sua tá na bio 😉,instagram.com,https://www.instagram.com/reel/DQsga-LDYBR/,https://i.pinimg.com/originals/02/67/2d/02672d63778f8163f715b9c372c7d919.jpg,610,1084,1,2025-11-06
2026-09-03,planilha financeira,460704236903562399,62,822,0,Finanças organizadas!,,,https://i.pinimg.com/originals/30/b5/ce/30b5cef582d97fb938b06d2d4d2bdd26.jpg,1024,1536,0,2026-03-19
2026-09-03,planilha financeira,1042864857495908806,63,189,0,planner financeiro personalizado,,,https://i.pinimg.com/originals/a0/5c/29/a05c29f148112257a4d67dc2a36513ec.png,1024,1536,0,2026-07-24
2026-09-03,planilha financeira,5418462047448860,64,1430,0,How to Manage Your Money Like a Pro 💰📊,,,https://i.pinimg.com/originals/4b/52/b3/4b52b3bdf0c6c521413a16432916859e.png,1024,1024,0,2026-02-21
2026-09-03,planilha financeira,1115977982690892067,65,12,0,A Planilha de Controle Financeiro Que Todo Negócio Digital Precisa,,,https://i.pinimg.com/originals/1a/31/e4/1a31e4ecb20ecf2ab0ae31400035f50a.png,941,1672,0,2026-06-19
2026-09-03,planilha financeira,34410384649564403,66,548,0,,,,https://i.pinimg.com/originals/03/79/67/03796786b83924dd237a81cc24879e54.jpg,1199,1702,0,2026-07-05
2026-09-03,planilha financeira,595952963232686446,67,259,0,,,,https://i.pinimg.com/originals/1a/16/aa/1a16aa28cad25dbaf5f5f27d835df767.jpg,736,1308,0,2026-04-22
2026-09-03,planilha financeira,1089167491152276714,68,178,0,51 Page Free Printable Budget Planner PDF,drawcraftcreate.com,https://drawcraftcreate.com/free-budget-planner-printables/,https://i.pinimg.com/originals/7c/36/33/7c363338d7f7352c84780ccdb41ad6a0.jpg,1000,2000,0,2026-04-22
2026-09-03,planilha financeira,552746554269365249,69,656,0,Planilha para Controle de Gastos - Donwload grátis,pausapracriatividade.com,http://www.pausapracriatividade.com/2019/05/planilha-financeira-para-controle-de.html,https://i.pinimg.com/originals/8b/1c/86/8b1c867dae53217cd2e7a8178170047e.png,1000,1500,0,2020-06-22
2026-09-03,planilha financeira,788059634828967771,70,345,0,Planner Financeiro.pdf - Google Drive,drive.google.com,https://drive.google.com/file/d/1ipYrIwI_TisTDGqKMQ12IvyBWRjTKl2r/view,https://i.pinimg.com/originals/9f/15/0c/9f150c86429aa8dc5231ed7d3c22a06e.webp,1024,1448,0,2024-12-04
2026-09-03,planilha financeira,1059823724796305438,71,302,0,planilha financeira pessoal excel grátis download,excelcoaching.com.br,https://excelcoaching.com.br/planilha-financeira-pessoal-excel-gratis-download/,https://i.pinimg.com/originals/5e/8f/b6/5e8fb620755f5e5d52cc818792b8ba55.png,1080,1080,0,2023-08-01
2026-09-03,planilha financeira,633387444005212,72,4000,0,,,,https://i.pinimg.com/originals/b2/1c/eb/b21ceb3c5cdc88015e75edf5e87ee084.jpg,3024,4032,0,2025-10-21
2026-09-03,planilha financeira,730286895916724793,73,38,0,Budget Planner | Simple Monthly Budget & Expense Tracker,,,https://i.pinimg.com/originals/e8/a6/02/e8a602d94a28d671990063d3477a7c21.png,1024,1536,0,2026-08-24
2026-09-03,planilha financeira,AdIU6DdzaTrVOviQD_vOXp3OWkI3VRd57xKkv5AzhwJy_qRwDILZOvEXAugeWWQIvTyNOqGjnqIyjdFTFp_kpWg,74,0,0,Go from zero to LAUNCH,listtolaunch.jennakutcher.com,https://listtolaunch.jennakutcher.com/challenge?utm_source=pinterest&utm_medium=ad&utm_campaign=lll&utm_term=evergreen-&utm_content=pin-ad-freebie&utm_creative_format=button,https://i.pinimg.com/originals/43/82/67/438267d7d16a2e4469f8d9f2fb28b0cb.jpg,1000,1500,1,2025-12-04
2026-09-03,planilha financeira,1087337903813708694,75,3,0,Planilha Financeira 2.0,go.hotmart.com,https://go.hotmart.com/X96142192C?src=pinterest250126,https://i.pinimg.com/originals/16/2e/d7/162ed70cbccc96fd6f6193d0d6d3744a.jpg,735,415,0,2026-07-18
2026-09-03,renda extra em casa,AdTku-HJ33RFXmlz_GrWE1Fij42xJU04IeArnC8E1a-Tnx48yMNsGO9wZ0_-vltHMYYIpkpn20Y6EaILZ4D44IU,2,0,0,The best pins become real,ad.doubleclick.net,https://ad.doubleclick.net/ddm/trackclk/N1079725.2293319PINTEREST/B36142937.454020455;dc_trk_aid=647993659;dc_trk_cid=261546073;dc_lat=;dc_rdid=;tag_for_child_directed_treatment=;tfua=;gdpr=$%7BGDPR%7D;gdpr_consent=$%7BGDPR_CONSENT_755%7D;ltd=;dc_tdv=1,https://i.pinimg.com/originals/a1/ce/1f/a1ce1f385396f8757a5defc32aa5b58f.jpg,1080,1920,1,2026-08-07
2026-09-03,renda extra em casa,ARCoDroxYaPdPxs_5kYX0JPrvbU-ef1BKcsRoEWX3Bb9Yyq30jGUFKDW40coCoCMidP11syKlQ8t2TGkMpxsBXs,3,1,0,Get 30 days free.,stock.adobe.com,https://stock.adobe.com/ai-studio/free-trial?sdid=29NMCDL3&mv=social&mv2=paidsoc&as_channel=social_ads&as_campclass=nonbrand&as_campaign=WMAdobe_Stock_PRO_Web_AMERxNA_EvergreenxPerformancePlus_Stock_Conversion_ROI_25_APF_STK_NA_Social&as_source=Pinterest&as_camptype=acquisition&as_content=video_FY26Q2SpringLaunch,https://i.pinimg.com/originals/73/68/c5/7368c5e9f4fcd5d4c0d188cf363a77fd.png,1000,1500,0,2026-08-25
2026-09-03,renda extra em casa,1010143391443078257,4,1,0,7 Formas de Fazer Renda Extra em Casa 💰 | Ideias Simples e Lucrativas,mundomaterrno.blogspot.com,https://mundomaterrno.blogspot.com/2026/08/7-formas-de-fazer-uma-renda-extra-em.html,https://i.pinimg.com/originals/de/c2/9b/dec29b11a374c3b1fb64ec60743f84ae.png,1024,1536,0,2026-08-15
2026-09-03,renda extra em casa,AVd22ViKl_QUlDi2ZCldMwmvCKHVPUmzEQa6PpXvaK07P6kZi51pN-dqZNNfrE054tdMRQQ_j_X8YkS3WlwavoU,5,110,0,Best Secret Websites To,shopify.com,https://www.shopify.com/blog/secret-websites-to-make-money,https://i.pinimg.com/originals/fc/b0/c6/fcb0c61a7b50a88f7ef886b098fd76f1.jpg,474,711,0,2025-04-24
2026-09-03,renda extra em casa,AYotXIUbo58HYhOC2-w0_2_qk-r-WZXmRI4Lj8Bzl9LVE6iue8oJrGBPlXoHEt9_6XPBFiaSspbK1FpllnfPWWY,6,1,0,"Save on experiences,",rakuten.com,https://www.rakuten.com/mktg50?utm_source=pinterest&utm_medium=social&utm_content=%7Bad_id%7D&utm_term=%7Bcreative_name%7D&utm_size=%7Bad_group_id%7D&utm_pub=%7Bad_group_name%7D&utm_ebs=0&utm_campaign=%7Bcampaignid%7D,https://i.pinimg.com/originals/61/40/da/6140da6a2a374e9420ae48efc225f199.jpg,1000,1500,0,2026-08-07
2026-09-03,renda extra em casa,1095571046870845648,7,11,0,Como fazer R$250 por DIA em casa!!,docs.google.com,https://docs.google.com/document/d/1kuzVn5kIkJIf7uXSnIc_5OWxSZzNhmVv32NZcDHC3Jc/edit?usp=sharing,https://i.pinimg.com/originals/c6/c5/20/c6c5205cc0293bd48383b537f70a4752.jpg,1000,1500,0,2026-03-02
2026-09-03,renda extra em casa,1266706142282160,8,1885,0,Pra ganhar din din,,,https://i.pinimg.com/originals/02/8d/5a/028d5a5e3f5645ee069f1574d13dfd82.png,1024,1536,0,2026-08-13
2026-09-03,renda extra em casa,AWZYpZCisNWXMy8R7AjVRAWh-xXquo4e9MsyjFF9LQuPbbGnUdJxC-vh537S5yCyWz9cZrUklY_fo_Bg7yS15Fs,9,26,0,How to Build Passive,stan.store,https://stan.store/TheIntentionalCollective,https://i.pinimg.com/originals/5b/0e/7f/5b0e7fb34e81a76e96fe369ba11d5af5.png,1024,1536,0,2026-07-19
2026-09-03,renda extra em casa,1010143391443193155,10,1,0,15 Ideias de Renda Extra em Casa para Começar com Pouco Dinheiro,mundomaterrno.blogspot.com,https://mundomaterrno.blogspot.com/2026/08/15-ideias-de-renda-extra-em-casa-para.html,https://i.pinimg.com/originals/7d/25/fb/7d25fbb3796c24afe3798262cfc5b4d5.png,1024,1536,0,2026-08-18
2026-09-03,renda extra em casa,801922277452077450,11,4,0,Ideias para ganhar dinheiro/renda extra em casa!,7-ideias-geniais-de-rendas-extras-online.my.canva.site,https://7-ideias-geniais-de-rendas-extras-online.my.canva.site/,https://i.pinimg.com/originals/df/8c/c9/df8cc962a66f4e152b2f17ae1e191aeb.jpg,800,1200,0,2026-08-05
2026-09-03,renda extra em casa,AQPSqEkV9Ib_wOgs6u2UesXPPcdeyqNoVzCoGfepE9Imcq8GqIU-VM2Ke6pOLo86lS8MpCLvzt1ih0E1ZhIqGUs,12,1,0,Someday Starts Today,zillow.com,https://www.zillow.com/homes/,https://i.pinimg.com/originals/bd/45/c9/bd45c917388bbb080eb203fc5ed46800.png,1000,1500,0,2026-03-30
2026-09-03,renda extra em casa,AZV2dTdUZ41w5jDS3_QoU6fOryGJG18e3PwvKenakKckRcAklAwWEImtVuz9ViOvTLK5gEo5pU6Ns_F2TeUPVhU,13,2,0,Shangri-La Manzhouli,expedia.com,https://www.expedia.com/Hotel-Search?destination=Hulunbuir&selected=4315425&startDate=2026-10-01&endDate=2026-10-02,https://i.pinimg.com/originals/d6/be/e2/d6bee25a8f869b0a5feab2f95658ca0c.jpg,1000,1500,0,2026-06-10
2026-09-03,renda extra em casa,AZD0YDSfLazQEUgJTuiiqR6cedPQNQIBJr7wGEqJ3FRM0mUT8zB5cP05wN6wPFfQtEBZtIvFqnfGdJaNNDrKyD0,14,149,0,9 Ways to Make Money,financebuzz.com,https://financebuzz.com/supplement-income-yaez?adheadline=9+Ways+to+Make+Money+Before+9AM&utm_source=pinterest&utm_medium=paid-social&utm_campaign=%7Bcampaign_name%7D-%7Badgroupname%7D&adgroupid=%7Badgroupid%7D&adid=%7Badid%7D,https://i.pinimg.com/originals/0b/44/f4/0b44f454b1b95cb0a872563c2133f50d.png,1000,1500,0,2026-06-09
2026-09-03,renda extra em casa,760756562100003987,15,1,0,"Renda extra em casa em 2026 não é sorte. É método. Separei os caminhos que realmente funcionam, os erros mais comuns de quem desiste cedo e um passo a passo de 60 dias pra sair do zero. Guia completo ",instagram.com,https://www.instagram.com/p/DcZGjs5CSoi/,https://i.pinimg.com/originals/b7/4e/b9/b74eb946b5244e083875a2f0cdf2acaf.jpg,1254,1254,0,2026-08-24
2026-09-03,renda extra em casa,386254105568008591,16,24,0,Como Ganhar Dinheiro em casa com 7 ideias de Renda Extra lucrativas para Mulheres,rendaextrainfinitas.com.br,https://www.rendaextrainfinitas.com.br/2026/04/ideias-renda-extra-para-mulheres-em-casa.html,https://i.pinimg.com/originals/c8/ca/82/c8ca8290416e2751694e08148bf50a42.png,1080,1920,0,2026-08-23
2026-09-03,renda extra em casa,AaAB4BiK0ij-OsHM8LyCUyVhKXLFaQeFqJtaEf-yJRgIsv38nslxFwv_B3o6-S7x27oMy0C7TFFht6LGyXnLa80,17,1,0,Your quote is waiting for,statefarm.com,https://www.statefarm.com/lp/general?cmpid=soc:OMD&camp=%7Bcampaignid%7D&site=pinterest&plac=%7Badgroupid%7D&crea=%7Badid%7D,https://i.pinimg.com/originals/b0/80/52/b080522ebfd46870c41031d8acd9587b.jpg,1080,1920,1,2026-03-12
2026-09-03,renda extra em casa,747316131960692036,18,4,0,Descubra como ganhar dinheiro com 12 ideias de renda extra em casa.,drive.google.com,https://drive.google.com/file/d/1cmSdVawPVwIS3JVQ1Arz0fm14ue4fkCh/view,https://i.pinimg.com/originals/87/82/ce/8782ce1245a79f04c4224e7363e8129b.png,1080,1920,0,2026-08-22
2026-09-03,renda extra em casa,306244843433514101,19,8,0,6 Ideias de renda extra em casa para ter mais liberdade financeira,rendaextrainfinitas.com.br,https://www.rendaextrainfinitas.com.br/2026/06/ideias-de-renda-extra-para-mulheres-em-casa.html,https://i.pinimg.com/originals/50/1f/fa/501ffa7a104ad766b3b37b11abfce925.png,1080,1920,0,2026-07-21
2026-09-03,renda extra em casa,AXIntLzgCvCt6G30ZbhwEhMYQXvJZYXdKQmwKP5uXT9GO4JqiufGkz8vzNLaBBxgbn9YJPSfZq3rk03V4q6QbaY,20,0,0,Everlasting Preserved,ediblearrangements.com,https://www.ediblearrangements.com/fruit-gifts/everlasting-preserved-floral-bouquet-10059,https://i.pinimg.com/originals/1a/72/2a/1a722a4b53d9206deeb52ff8cbd43f47.jpg,1000,1500,0,2026-08-07
2026-09-03,renda extra em casa,ASolPM5GFB72QkVezrOZk8nS0ij5lfKRuZAQ0Rn7jURcqabiHrPCSZkwtU7r9NAbpjw2YUJRB0mcGa_oHc1ZsQg,21,50,0,CLIQUE AQUI e aprenda a ganhar dinheiro em casa 100% online🏠💻,br.jobandhiring.com,https://br.jobandhiring.com/veja-como-ganhar-dinheiro-agora-mesmo-por-bancos-que-pagam-por-cadastro-clique-e-saiba-mais/?pp=1,https://i.pinimg.com/originals/a9/ca/5a/a9ca5a341acee3dcc572ba125c19ed38.jpg,720,1080,0,2023-05-10
2026-09-03,renda extra em casa,AWM9mX7BMKwTCwRdXjavH1tt5m_nxnqAJfojG3phb8rTQcAsKpd4Et_b7pOvCPP2DoWVRtcVZXdZIJ3W7fm03Io,22,15,0,Get Pinterest Traffic,stan.store,https://stan.store/digitalpriestess/how_to_get_outbound_clicks_on_pinterest,https://i.pinimg.com/originals/8e/2c/03/8e2c03b72722a0262b18c4e1e1a65dd9.png,1000,1500,0,2026-07-30
2026-09-03,renda extra em casa,AQu6SF5wxjX9iJHQHYOfGXzKDcn7mOWq1jKI8d4bCE1GfYh1iNxxMSXP1QNF9Z5jHQtYquSw5-RO6j6p9c2nthM,23,242,0,SoFi Personal Loans,sofi.com,https://www.sofi.com/atr/p/v1/c?cid=1bd19d35-974e-43a5-b5a6-5abe2ecf573c&AD_ID=%7Badid%7D&smartly-hash=single_image_pin_reference:v1:340d334d53c45c9c74a18a073f5612a31219c0513470821ac11a6aba68ee99e4,https://i.pinimg.com/originals/56/73/47/56734796ebc91d1bcd5146280af729b9.png,1000,1500,0,2025-07-28
2026-09-03,renda extra em casa,915497430500238702,24,289,0,Renda extra em casa!!,,,https://i.pinimg.com/originals/16/b5/39/16b539693304ebb308f69b338fd46875.jpg,350,436,0,2024-11-14
2026-09-03,renda extra em casa,AbeZ-cvNR00TTxwyX6xlZUNN4fEsLLZ4vVfIoybP3Mm9QPQDJXU4Tq_WQx4CyqDSEc8MVxp2vh8J3vV7snNNLpw,25,1,0,Sell on Youshare,youshare.com,http://youshare.com/,https://i.pinimg.com/originals/98/26/5e/98265e67fc62b45eb96d12ea4c1809bf.png,1122,1402,0,2026-07-21
2026-09-03,renda extra em casa,AXuXfX7n04UZxLn_o2Vn2cPykls_Zr1pRxY28RmhVNJKTWgk3sy24SbwJ9Bk8Z4AnR4iLqEeFbtfrnu9GedJ3eo,26,10,0,Jawara Luxury Extra Long,twopagescurtains.com,https://twopagescurtains.com/products/jawara-luxury-linen-cotton-curtain-pleated-copy?variant=52015900197175,https://i.pinimg.com/originals/4a/6c/2b/4a6c2b087d75ef71e1f034fdffb03816.jpg,1093,1200,0,2026-04-28
2026-09-03,renda extra em casa,647885096426298238,27,1444,0,"Mercado digital, me chame para aprender",,,https://i.pinimg.com/originals/1a/2e/91/1a2e91f05df1b68605adaef9cf897727.jpg,1080,1920,0,2024-02-01
2026-09-03,renda extra em casa,1102467183811394136,28,1,0,Aprenda 10 formas de renda extra para mulheres conquistar liberdade.,drive.google.com,https://drive.google.com/file/d/1KiVglkmA48oNNGsDNfRqyldV8affxS8g/view?usp=sharing,https://i.pinimg.com/originals/8f/2e/b6/8f2eb6cec05d4e3eee3936ee0ee17eb2.png,1080,1920,0,2026-08-18
2026-09-03,renda extra em casa,605945324904378391,29,4,0,Como ganhar dinheiro!,,,https://i.pinimg.com/originals/c0/51/44/c051441a0f9e3c4e5552929d6e1dbafd.jpg,675,1200,0,2026-03-13
2026-09-03,renda extra em casa,1141873680550805241,30,1,0,Renda Extra em Casa,docs.google.com,https://docs.google.com/document/d/1Q070gPdzJClnq0srXLeiBZupPiRPPMOY/edit?usp=sharing&ouid=116208897982711891593&rtpof=true&sd=true,https://i.pinimg.com/originals/66/bc/16/66bc16043e8a4e166b9408d90c0d39da.jpg,736,1104,0,2026-07-27
2026-09-03,renda extra em casa,389772542774017301,31,22,0,27 ideias de Renda Extra para Mulheres lucrarem em casa e terem liberdade,rendaextrainfinitas.com.br,https://www.rendaextrainfinitas.com.br/2026/03/ideias-de-renda-extra-em-2026-mulheres.html,https://i.pinimg.com/originals/cf/e4/52/cfe45211750d5be5bb1e9e7eaf58bc6b.png,1080,1920,0,2026-07-17
2026-09-03,renda extra em casa,AZAyNjHDmHeoNg3ocyyP-Ohabic9Km09w8-Wyt-KY7fWDluOf07FNrGs6z9lBlzfqpH9JQX6WYiGTdLr6hRebS8,32,0,0,Home Renovation Project?,thumbtack.com,https://www.thumbtack.com/k/general-contractors/near-me/?utm_source=cma-pinterest&utm_medium=social&utm_campaign=%7B%7Bcampaign.id%7D%7D_%7B%7Badset.id%7D%7D_%7B%7Bad.id%7D%7D,https://i.pinimg.com/originals/36/fd/a7/36fda7d5fb4db075d152d74ff70ec9f0.jpg,1080,1920,1,2026-07-13
2026-09-03,renda extra em casa,926334217127796420,33,2,0,Descubra ideias de renda extra para lucrar sem sair de casa para Mulheres,drive.google.com,https://drive.google.com/file/d/1Kfki-aaGAqhceGrqxMqEKl-Ot2wGWXn1/view?usp=sharing,https://i.pinimg.com/originals/56/86/1c/56861cc0b67c0bf12f116b59b323ef3e.png,1080,1920,0,2026-08-22
2026-09-03,renda extra em casa,1029776271068777333,34,3,0,Veja como é Possível ter Renda Extra a partir do Celular ou Computador,docs.google.com,https://docs.google.com/document/d/1YsHjSewqm91vPosNqo52OOftFgwlEcl0o9UGSg2_tJ0/edit?usp=sharing,https://i.pinimg.com/originals/d1/f6/26/d1f6263db2bcf8562225d787ac24941f.jpg,800,1200,0,2026-08-14
2026-09-03,renda extra em casa,1102467183811469978,35,1,0,Como ganhar dinheiro no conforto do lar com 13 ideias simples de renda extra em 2026.,drive.google.com,https://drive.google.com/file/d/1gZ1LHbm8bsykwp0o9Iz4UAE6DMKW1Sfi/view,https://i.pinimg.com/originals/7b/cc/1e/7bcc1ef8a6b1bf9e71d73bcee6d45c8d.png,1080,1920,0,2026-08-19
2026-09-03,renda extra em casa,645985140360899436,36,3,0,Renda Extra em Casa,,,https://i.pinimg.com/originals/c1/85/67/c18567885971a619bd26436982299bc6.png,1000,1500,0,2026-02-08
2026-09-03,renda extra em casa,1085226841486022224,37,490,0,PROSPERIDADE CHEGANDO 💰✨ ENERGIA DE RIQUEZA E ABUNDÂNCIA PARA SUA VIDA,s.shopee.com.br,https://s.shopee.com.br/50VVgAaOkA?channel_type=pinterest,https://i.pinimg.com/originals/6b/89/89/6b8989eff2bdcbc57802f0e4c81e626f.jpg,736,1104,0,2026-04-29
2026-09-03,renda extra em casa,2603712282669298,38,701,0,20 Ideias Lucrativas para Gerar Renda Extra em 2026,,,https://i.pinimg.com/originals/77/d9/70/77d9705f2bc008a3d3fbe42077caf301.png,1696,2528,0,2026-04-09
2026-09-03,renda extra em casa,804877764685295710,39,2073,0,Empreenda Em Casa | Milionária,instagram.com,https://www.instagram.com/dinheiro_do_lar?igsh=MWJ6YWFkZDIydm9tOQ==,https://i.pinimg.com/originals/43/bb/74/43bb74ff4a303a6898d04cb58884bd15.jpg,720,1280,0,2024-05-02
2026-09-03,renda extra em casa,82120393201869033,40,86,0,12 maneiras inteligentes de fazer renda extra em 2025,simplesbellablog.com,https://www.simplesbellablog.com/2025/05/ideias-de-renda-extra.html?m=1,https://i.pinimg.com/originals/3d/cf/a1/3dcfa1aa8a47999dcbadbe2c0bddaa05.png,1000,1500,0,2025-05-24
2026-09-03,renda extra em casa,697495061022641631,41,479,0,Trabalhe em casa,meuolharempreendedor.com.br,http://meuolharempreendedor.com.br/como-ganhar-renda-extra/,https://i.pinimg.com/originals/7c/93/ab/7c93ab5946a4875813470d3e834ab87f.jpg,735,1102,0,2019-08-13
2026-09-03,renda extra em casa,832743787393735167,42,2,0,"Renda extra, trabalhe de casa.",linktr.ee,https://linktr.ee/viihsanttos1806,https://i.pinimg.com/originals/da/5d/d8/da5dd818208f4ac9602f4313c20e37be.jpg,736,1104,0,2026-05-20
2026-09-03,renda extra em casa,917960336527921058,43,45,0,Renda Extra: Tudo O Que Você Precisa Saber Para Ganhar DINHEIRO em CASA!,lucrandocomigo.com.br,https://lucrandocomigo.com.br/manual-da-renda-extra/,https://i.pinimg.com/originals/7c/3a/58/7c3a58aa55219e32cbce232e53b6f404.png,600,1200,0,2023-02-02
2026-09-03,renda extra em casa,762586149453203185,44,2,0,Como Ganhar Dinheiro Com Pinterest em 2026 Mesmo Começando do Zero,edeniaborges.com,https://edeniaborges.com/como-ganhar-dinheiro-no-pinterest/,https://i.pinimg.com/originals/38/9e/71/389e71564ac6b40c5d2b1ff47a5bce41.png,1000,1500,0,2026-06-10
2026-09-03,renda extra em casa,306244843433708211,45,16,0,10 ideias de renda extra sem gastar nada para começar do zero,avitrinedeofertas.com,https://avitrinedeofertas.com/renda-extra-sem-gastar-nada/,https://i.pinimg.com/originals/c9/d7/84/c9d7848dc8de0694a4b040afc4e36715.png,1000,1500,0,2026-08-20
2026-09-03,renda extra em casa,1032942866211953347,46,5,0,💰Renda Extra: Descubra formas inteligentes de ganhar dinheiro online,,,https://i.pinimg.com/originals/1f/b8/5f/1fb85f419cd3f250fdf40c3f51a3ee88.png,1024,1536,0,2026-07-24
2026-09-03,renda extra em casa,1102467183805892856,47,3,0,Aprenda a criar sua renda extra feminina com ideias simples e lucrativas em casa,,,https://i.pinimg.com/originals/ac/f7/e7/acf7e76d5961b117a34b217daa878ab3.png,1080,1920,0,2026-06-06
2026-09-03,renda extra em casa,824229169351645633,48,3,0,10 Ideias práticas de renda extra para mulheres criar uma nova fonte de renda,drive.google.com,https://drive.google.com/file/d/1ZLKFQJ9mhlLnezRfsqKvsiMKFI9QHo9-/view,https://i.pinimg.com/originals/15/f5/c1/15f5c1f8b0021213fa50c5438909114c.png,1080,1920,0,2026-08-23
2026-09-03,renda extra em casa,891149845048770085,49,4933,0,manifestação dinheiro,,,https://i.pinimg.com/originals/4a/92/6a/4a926afaceea552f99025674a527a697.jpg,675,1200,0,2025-11-28
2026-09-03,renda extra em casa,AWvEf5L7Tw6eAQGjldA-Z-89k2jPQMYKjvlFg0cQH5yqqup5JfyeQJh76cTb8Gw7Z7T5E3YrG7GmLjVGM1fBWnI,50,30,0,Make it with Photoshop.,adobe.com,https://www.adobe.com/products/photoshop.html?sdid=61PM7KT9&mv=social&mv2=paidsoc&ad_id=%7B%7Bad.id%7D%7D&adset_id=%7B%7Badset.id%7D%7D&campaign_id=%7B%7Bcampaign.id%7D%7D,https://i.pinimg.com/originals/35/0d/ca/350dca5ceac0cd9643c917d35b53b8a2.jpg,1080,1920,1,2026-05-05
2026-09-03,renda extra em casa,306244843433341021,51,24,0,6 ideias de renda extra para mulheres começarem a ganhar dinheiro em casa,rendaextrainfinitas.com.br,https://www.rendaextrainfinitas.com.br/2026/04/ideias-de-renda-extra-para-mulheres-para-sair-zero.html,https://i.pinimg.com/originals/df/0d/7a/df0d7a79098eb2c529f278971209e501.png,1080,1920,0,2026-06-25
2026-09-03,renda extra em casa,AWRFQLkO_t26oJbDiD27QPiOzN4oRcFaOzgaGwkzqdJSWAknfpNrQm_d91uJ4OOos3325lZJYasnJzI1w9gnR-4,51,32,0,How To Make Money on,shopify.com,https://www.shopify.com/blog/how-to-make-money-from-pinterest,https://i.pinimg.com/originals/21/b3/43/21b343ca6fb544b013e8aa3c50cca606.jpg,474,711,0,2025-04-24
2026-09-03,renda extra em casa,AcDH1HlRHzEHf26Ev3PT1VaTGn3tmSuqfBXmIQLBm_e2QXd1t51SFwNmEh2nuM2KckJQ2EiZOB3C1z6uThbUbjo,52,313,0,9 Ways to Make Money,financebuzz.com,https://financebuzz.com/supplement-income-yaez?&utm_source=pinterest&utm_medium=paid-social&utm_campaign=%7Bcampaign_name%7D-%7Badgroupname%7D&adgroupid=%7Badgroupid%7D&utm_content=%7Badid%7D&utm_term=ad1,https://i.pinimg.com/originals/f6/a7/2d/f6a72d3acabe4c8f5440a241168f4b7d.png,1000,1500,0,2025-11-06
2026-09-03,renda extra em casa,98305204362519214,53,11,0,Ideias para Criar Renda Extra Sem Sair de Casa,sodinheiro.com,https://www.sodinheiro.com/como-ganhar-dinheiro-sem-sair-de-casa/,https://i.pinimg.com/originals/96/b0/46/96b0467555a8c1b7cc705a5265282e8a.png,1000,1500,0,2026-08-20
2026-09-03,renda extra em casa,Aa6BeMT1LWl8pkhWUh6oePvj9O7ktiYVONiHwet0lNaUzQ_Flh8eKhUIRX8E4PWvzGTxHki1k67kuTp_Z99s6PU,54,2,0,Modern 1-Light White Drum,homedepot.com,https://www.homedepot.com/p/LNC-Modern-1-Light-White-Drum-Mini-Pendant-Light-8W-Integrated-LED-5CCT-Island-Pendant-Light-with-Aluminum-Shade-for-Kitchen-HUE2EJJL-18WH/343452371?cm_mmc=psoc-pinprg-%7Bcampaignid%7D-%7Badgroupid%7D,https://i.pinimg.com/originals/c5/9d/fe/c59dfe6797334336e2e398363a34fcd5.jpg,1000,1000,0,2026-07-23
2026-09-03,renda extra em casa,Aa8h22VOKsIyzU6bMNBkvmZD85Bik8_olYayHhyCSKyW2EY-Gd9lAaHWCZaIxetVOvDtCBTjaKUZ8mY1ZCsue4s,55,0,0,"78.7"" Modern White",homary.com,https://www.homary.com/lditem/787-modern-white-leather-upholstered-fluted-3-seater-sofa-for-living-room-with-pillow-50502.html?currency=usd&language=en&country_code=us&utm_source=pinterest&utm_medium=cpm&utm_term=%7Bcampaignid%7D,https://i.pinimg.com/originals/69/ba/26/69ba2635c48a59d014e09bbd9f3cf1a7.jpg,2500,2500,0,2026-08-18
2026-09-03,renda extra em casa,10977592837889996,56,32,0,6 formas de monetizar o Pinterest e gerar renda extra na internet trabalhando de Casa,,,https://i.pinimg.com/originals/0d/0c/b0/0d0cb0d20c341da644a9d811bb4897e2.png,1080,1920,0,2026-07-26
2026-09-03,renda extra em casa,ASf8-nB-P9_eUNVCk6BkVSKNzpbmuuOKZCGfO5ahdZ87h5wT535cobcRT36f-3phc2UJ7ySJdruNygBX_LBgdc4,57,1,0,New Ariat Revel,ariat.com,https://www.ariat.com/womens-jeans,https://i.pinimg.com/originals/77/0d/ed/770dedce468a0f7e2af20ca83a9123f6.jpg,1000,1500,0,2026-09-01
2026-09-03,renda extra em casa,409264684909730449,58,44,0,Renda extra em casa para mulheres ✨💖,,,https://i.pinimg.com/originals/a2/f1/41/a2f14119137999365c075120e7a35c52.png,1000,1500,0,2026-06-17
2026-09-03,renda extra em casa,306244843433514100,59,4,0,Descubra 7 ideias de renda extra em casa para mulheres ganhar dinheiro online,,,https://i.pinimg.com/originals/b5/f8/f1/b5f8f18c7283d328602d234c6dcfe413.png,1080,1920,0,2026-07-21
2026-09-03,renda extra em casa,AY2M0dwhQHqymFf90T9A5W8sA9KAWY21i8HpyRv2Mc4VY_OjI0DUaGb9ErEuYOPB6pVV4DA7VWobaCeuG5nOgNs,60,6,0,Cielorra Villa,expedia.com,https://www.expedia.com/Hotel-Search?destination=Calangute&selected=129470574&startDate=2026-09-03&endDate=2026-09-04,https://i.pinimg.com/originals/15/57/78/155778c2c79e23d6d1ded172f6da7e41.jpg,1000,1501,0,2026-07-22
2026-09-03,renda extra em casa,746542075782344039,61,6,0,40 ideias reais de renda extra feminina para iniciar seu negócio em casa hoje,rendaextrainfinitas.com.br,https://www.rendaextrainfinitas.com.br/2026/03/40-ideias-de-renda-extra-para-mulheres.html,https://i.pinimg.com/originals/71/5c/57/715c57f18fdf86143a41cc6cf15ca0dd.png,1080,1920,0,2026-08-04
2026-09-03,renda extra em casa,ARgwD_GE95HOP8tGCcUptwaoOVZw3BWJe7wkkucmJBhfKNswVxhV9fSh8cT_X4lNE3f74MKIPQRe_22U7cGvLxk,62,0,0,Compact Supermarket,maoters.com,https://www.maoters.com/product/compact-supermarket-checkout-counter?variant=MTJ68935,https://i.pinimg.com/originals/ac/88/cc/ac88cc31b5f088402975d9b0da77120d.webp,1000,1000,0,2026-08-07
2026-09-03,renda extra em casa,1102467183802913200,63,59,0,Descubra como vender no Pinterest como afiliado Digital e lucrar em casa,rendaextrainfinitas.com.br,https://www.rendaextrainfinitas.com.br/2026/02/como-ganhar-dinheiro-com-pinterest-em-2026.html,https://i.pinimg.com/originals/b6/da/09/b6da095aa24c07013d6ad59e13c8afc5.png,1080,1920,0,2026-04-22
2026-09-03,renda extra em casa,AYH6-nqXueKUCHAMX0N55qMpU9mNtbYewueyIhZKbWAzbrOyvWZcHmmNghqkR3gV_oI0FQUCv6U7-yEB-r8I4Qc,64,1,0,Design a Real Room Online,designwithfriends.com,https://designwithfriends.com/,https://i.pinimg.com/originals/54/a4/e8/54a4e830285f07653881cbd76da761c6.jpg,1080,1920,1,2026-08-14
2026-09-03,renda extra em casa,29766047532125065,65,1551,0,"""Descubra o Segredo: Ganhe Dinheiro em Casa com o Pinterest!""",,,https://i.pinimg.com/originals/28/86/dd/2886dd4b4e6459485031bd8d635716b0.png,375,666,0,2024-11-21
2026-09-03,renda extra em casa,AScsPnqhFP1fYUf0cr-a1ui5jtXVDGHL8_RiKJ9BK1nv7l59Zj7_MdPKPe84NnVLL6GyjU04882kwreTjs3Zev8,66,1,0,Campbell Gray Rect. 12x24,tileclub.com,https://www.tileclub.com/products/campbell-gray-rect-12-x24?variant=45404269707415,https://i.pinimg.com/originals/f0/f1/8d/f0f18dde77f8064336110f6ab3a57a51.jpg,1200,1200,0,2026-06-30
2026-09-03,renda extra em casa,297378381665755780,67,85,0,Renda extra/Trabalhando em casa 💸,,,https://i.pinimg.com/originals/55/1f/79/551f79b8139a24055cf559863221b3ef.jpg,1080,1739,0,2024-09-26
2026-09-03,renda extra em casa,740208888795882941,68,43,0,Sua renda em casa,,,https://i.pinimg.com/originals/15/c3/d5/15c3d5affd70cff085057ed60ede34e2.png,1080,1920,0,2025-09-06
2026-09-03,renda extra em casa,290622982200511293,69,1712,0,"Com a internet e os avanços tecnológicos, muita gente busca alternativas online para ter uma renda extra. Neste post eu te mostro 9 oportunidades de ganhar dinheiro sem sair de casa e cobrir as despes",simplesbellablog.com,https://www.simplesbellablog.com/2018/09/9-ideias-de-negocios-para-ganhar-dinheiro-em-casa.html,https://i.pinimg.com/originals/41/e6/d6/41e6d6d871ab2e983829dfdd06ce1103.png,800,1210,0,2018-09-06
2026-09-03,renda extra em casa,1102467183810539167,70,1,0,Descubra 25 ideias de renda extra para mães sem sair de casa.,drive.google.com,https://drive.google.com/file/d/1zTupe31qGHxkc95CLFUfQXm_foEvnfAu/view?usp=sharing,https://i.pinimg.com/originals/29/f7/76/29f776d9b9decc0f7f40a0ea3d0f8d56.png,1080,1920,0,2026-08-07
2026-09-03,renda extra em casa,10977592837889951,71,80,0,7 Formas de Ganhar Renda Extra em 2026 Mesmo Começando do Zero,,,https://i.pinimg.com/originals/77/fc/2c/77fc2cd4c19aaf4cc02d3dca1925945d.png,1024,1536,0,2026-07-26
2026-09-03,renda extra em casa,749427194277977040,72,1,0,Renda extra trabalhando em casa: 5 ideias para mães | Hiroshima,blog.hiroshima.com.br,https://blog.hiroshima.com.br/renda-extra-trabalhando-em-casa/,https://i.pinimg.com/originals/1f/aa/2a/1faa2a4443017dc2dd11b8a90db5eabf.jpg,345,517,0,2024-09-20
2026-09-03,renda extra em casa,1114992820270933126,73,1,0,Renda Extra Para Trabalhar De Casa 💻✨,metaseglamour.com.br,https://www.metaseglamour.com.br/post/ideias-de-renda-extra-online,https://i.pinimg.com/originals/16/37/55/16375541582e6e370219aeacc24a8aab.jpg,736,1104,0,2026-04-23
2026-09-03,renda extra em casa,917960336521282348,74,686,0,12 IDEIAS de RENDA EXTRA em casa [As ideias mais CRIATIVAS para ganhar dinheiro em CASA],lucrandocomigo.com.br,https://lucrandocomigo.com.br/ideias-para-ganhar-dinheiro-em-casa/,https://i.pinimg.com/originals/5b/0c/6b/5b0c6bbc0ab9807b7b9be1f2d5a9712c.jpg,600,1200,0,2022-05-17
2026-09-03,renda extra em casa,1102467183803161464,75,3,0,Aprenda a fazer renda extra no Pinterest trabalhando de casa,,,https://i.pinimg.com/originals/23/1f/6c/231f6c2fee128077badd562698642ca5.png,1080,1920,0,2026-04-26
2026-09-03,planejamento semanal,AYk-Ua5SLM_5ndMRyD7gWLKY3B8T1bC97sU4rxd7b5xmQAq64bXoLOPkiQuJXAsL6x7QtwjqXKaOlC7_ONIw-Ok,2,8,0,Business plan examples,shopify.com,https://www.shopify.com/blog/business-plan-template,https://i.pinimg.com/originals/14/74/30/14743036c5e97608cabc0decc05f6750.jpg,736,1104,0,2024-12-10
2026-09-03,planejamento semanal,960674164282598871,3,345,0,PLANNER SEMANAL,,,https://i.pinimg.com/originals/d3/09/cd/d309cd25025a41a8ce7a85229e839f9f.png,1536,1024,0,2026-05-13
2026-09-03,planejamento semanal,AfAvx5DkSOZl25j8kIOZ54832WOC3e7XAfJW-_Hfl-0SDPz1PsXiElxsSLYalOuuIydBIunrqXs9jU62kgZxR04,4,19,0,Magnetic Whiteboard,homedepot.com,https://www.homedepot.com/p/Afoxsos-1-Pack-Weekly-Hourly-Planner-Dry-Erase-Magnetic-Whiteboard-with-Pen-and-Eraser-16-5-x-11-8-Inch-59SA17099/337553409?cm_mmc=psoc-pinprg-%7Bcampaignid%7D-%7Badgroupid%7D,https://i.pinimg.com/originals/d4/c4/0d/d4c40d616201eb39c590923a00b21ffc.jpg,1000,1000,0,2026-08-14
2026-09-03,planejamento semanal,858639485216908688,5,1137,0,Planejamento semanal,,,https://i.pinimg.com/originals/63/a3/2a/63a32af115274cbd9ab52730f3cff48d.jpg,1414,2000,0,2022-01-26
2026-09-03,planejamento semanal,AWt5R9iQDiiKMOegprPtxSr8op6gKkMxYOdKapUlWF27O7jGg-isaGqLqCEDDHIj24cU5VswqnN_Y1nxTQaQfL4,6,1,0,Avery?? Budgeting Planner,avery.com,https://www.avery.com/products/labels/6788,https://i.pinimg.com/originals/77/2c/fa/772cfab4f0c2f8ee86be7677a5621707.jpg,1424,1424,0,2026-08-05
2026-09-03,planejamento semanal,1116118720189096246,7,1,0,🌸 Planejador Semanal Fofo e Estético para Imprimir,,,https://i.pinimg.com/originals/46/b7/7d/46b77d9c57f6c00ac81c8ecff66faea0.jpg,1000,1500,0,2026-08-21
2026-09-03,planejamento semanal,796503884129777848,8,584,0,Plenjamento Semanal,,,https://i.pinimg.com/originals/4b/e5/0a/4be50a9e55d9f5da8bd812a65a7f79ea.jpg,1217,1703,0,2024-01-16
2026-09-03,planejamento semanal,1122029694679064441,9,255,0,Planner semanal para imprimir [Modelo 2022] - Artesanato Passo a Passo!,medium.com,https://medium.com/@davidmartin1288/planner-design-studio-fcada8e443b9/?planner-semanal-para-imprimir-modelo-2022-artesanato-passo-a,https://i.pinimg.com/originals/f0/6b/12/f06b12e9c0eb216753df5e44e2c4d95e.jpg,735,1040,0,2026-02-11
2026-09-03,planejamento semanal,ASnM9-rxLVDjRVVkvr81oOUqXPUEAH8EbwsAubrECNwfSh6clXuDh_7cHu_iUqx0424L3ZGgzGneK0WVhZlqnVU,10,16,0,Teacher Created Resources,wayfair.com,https://www.wayfair.com/Teacher-Created-Resources--Teacher-Created-Resources-Colorful-Scribble-Calendar-Chart-Pack-Of-6-TCR75256-L2670-K~UKI11209.html,https://i.pinimg.com/originals/52/80/f5/5280f55cccaeaad2c19ffee153fde9f9.jpg,400,400,0,2025-11-14
2026-09-03,planejamento semanal,43839796371972291,11,39,0,,,,https://i.pinimg.com/originals/1c/cb/cd/1ccbcdd18e832225e09d965cc6db5974.jpg,1080,1920,0,2026-08-26
2026-09-03,planejamento semanal,2462974792895025,12,2845,0,planejamento semanal,,,https://i.pinimg.com/originals/13/d7/cd/13d7cd3d5da88154e8edb9a19b69fea3.jpg,902,1280,0,2025-09-30
2026-09-03,planejamento semanal,79938962132003417,13,272,0,Planner semanal,,,https://i.pinimg.com/originals/d7/4f/46/d74f46617f675997ca06406d75d79d3b.png,1086,1448,0,2026-08-02
2026-09-03,planejamento semanal,823947694352968831,14,1253,0,Planner semanal,,,https://i.pinimg.com/originals/6d/dd/6f/6ddd6f97691785eb00f944ce029f0d12.jpg,1200,1680,0,2024-02-15
2026-09-03,planejamento semanal,576601558579923778,15,47,0,,,,https://i.pinimg.com/originals/d1/17/7e/d1177e26a9a448c44b1e1c8d2226c3b8.jpg,1200,1699,0,2025-06-29
2026-09-03,planejamento semanal,1135962706036112711,16,1090,0,"Planner semanal, versión primavera",,,https://i.pinimg.com/originals/0b/18/f0/0b18f0f777ff5789737c72b554dcdfda.png,1086,1448,0,2026-06-05
2026-09-03,planejamento semanal,1144758799057720834,17,275,0,Como planear a semana em 10 minutos com ChatGPT ✨,,,https://i.pinimg.com/originals/77/e0/4d/77e04d5323538538643e1c539011e77e.png,1024,1536,0,2026-06-08
2026-09-03,planejamento semanal,788904059771635865,18,1,0,Planejamento semanal,,,https://i.pinimg.com/originals/f4/e3/62/f4e3623e9e6c2fcbbb0b7513465cf20c.png,1024,1536,0,2026-08-19
2026-09-03,planejamento semanal,82964818137762011,19,292,0,,,,https://i.pinimg.com/originals/89/4f/7a/894f7a55a8111608431f05844479ebeb.png,2000,1415,0,2026-03-20
2026-09-03,planejamento semanal,850828554602605789,20,5739,0,Planner semanal de mesa para imprimir,,,https://i.pinimg.com/originals/b5/dc/42/b5dc4209d1676a4813b94e6d9f769abf.jpg,850,1200,0,2021-03-09
2026-09-03,planejamento semanal,1139903355732336491,21,1,0,Como Organizar Sua Semana: 7 Dicas Práticas,plannerdigitalvida.netlify.app,https://plannerdigitalvida.netlify.app/,https://i.pinimg.com/originals/65/dd/8e/65dd8ec5271c162f465c9986306ebcce.jpg,1000,1500,0,2026-08-15
2026-09-03,planejamento semanal,69242913017414992,22,127,0,Planner semanal ✍🏻💗,,,https://i.pinimg.com/originals/ff/2f/ef/ff2fef0543582374d04e7cacfcf1f01e.jpg,724,1024,0,2026-08-13
2026-09-03,planejamento semanal,1145321749017509657,23,9,0,PLANNER SEMANAL 🌸,,,https://i.pinimg.com/originals/50/c1/b4/50c1b428c233c765a93f30d9e757b657.png,1054,1492,0,2026-08-19
2026-09-03,planejamento semanal,580682945750307134,24,28,0,weekly planner aesthetic,,,https://i.pinimg.com/originals/66/31/5d/66315d9a867589485887c0ae7351bbf8.png,1024,1535,0,2026-08-25
2026-09-03,planejamento semanal,1097822846706984157,25,26,0,plano semanal para aulas,,,https://i.pinimg.com/originals/76/99/56/7699566834a9c6c856c24a237b83428e.png,1054,1492,0,2026-08-16
2026-09-03,planejamento semanal,735071970470966340,26,1420,0,cronograma de estudo semanal,,,https://i.pinimg.com/originals/74/f5/dc/74f5dc24fc894867b8c5174db3b9502a.png,1536,1024,0,2025-04-05
2026-09-03,planejamento semanal,480126010299212090,27,21,0,Planejamento semanal,,,https://i.pinimg.com/originals/33/e4/de/33e4de9b439ae9388e731f6f31332c6b.png,1536,1024,0,2026-08-03
2026-09-03,planejamento semanal,1126744400503940244,28,1132,0,Planner 2023 para Imprimir: Modelos Semanais e Mensais em PDF,atividadesprofessores.com.br,https://atividadesprofessores.com.br/planner2023paraimprimir/,https://i.pinimg.com/originals/bb/5c/28/bb5c28c1228c980351b22efe481441f6.jpg,474,653,0,2023-04-12
2026-09-03,planejamento semanal,25755029114910964,29,81,0,,,,https://i.pinimg.com/originals/d5/21/40/d52140c72d1942769c65e5e92314e2fa.png,1024,1536,0,2026-08-13
2026-09-03,planejamento semanal,734860864243007703,30,4,0,Daniela,,,https://i.pinimg.com/originals/ea/09/2c/ea092c78722dead4701381b6addb8367.jpg,1080,1920,0,2026-04-18
2026-09-03,planejamento semanal,533887730850874965,31,12,0,,,,https://i.pinimg.com/originals/0a/7f/43/0a7f43145c95d20a25bde1f5915ce23b.jpg,1080,1920,0,2026-08-04
2026-09-03,planejamento semanal,522065781819199000,32,20834,0,ROTINA SEMANAL DE LIMPEZA,,,https://i.pinimg.com/originals/be/d8/5d/bed85d3dafa00dcadfa226d0152edba0.jpg,1414,2000,0,2023-02-12
2026-09-03,planejamento semanal,5348093304258978,33,594,0,,,,https://i.pinimg.com/originals/8a/5a/9b/8a5a9b2b21376cd41351e0e61269969c.jpg,736,1040,0,2025-12-26
2026-09-03,planejamento semanal,20477373300530732,34,1046,0,Planner Semanal ROSA Grátis para baixar e imprimir,suburbanodigital.blogspot.com,https://suburbanodigital.blogspot.com/2024/12/planner-semanal-rosa-gratis-para-baixar-e-imprimir.html,https://i.pinimg.com/originals/e0/7d/75/e07d75c35541979a9c6d6df145069da6.png,1414,2000,0,2025-07-27
2026-09-03,planejamento semanal,80783387062786825,35,148,0,,,,https://i.pinimg.com/originals/c5/85/9f/c5859f0a0f266b3a64c0ea3751de20d2.png,1024,1536,0,2026-08-23
2026-09-03,planejamento semanal,679902875040959337,36,516,0,PLANNER,,,https://i.pinimg.com/originals/01/57/d9/0157d903f7f5ceda893d3dc352440d83.png,1055,1491,0,2026-06-17
2026-09-03,planejamento semanal,1116189088936008202,37,42,0,Planejamento semanal,behance.net,https://www.behance.net/gallery/252197887/14-Notion-Templates-for-WellnessPlanejamento-Semanal,https://i.pinimg.com/originals/ce/23/53/ce2353d63d195c63486f6de7319009fb.jpg,1080,1920,0,2026-08-14
2026-09-03,planejamento semanal,609323024633311084,38,2,0,✨ Planner Semanal Gratuito | Organize sua semana com mais leveza,,,https://i.pinimg.com/originals/01/70/8d/01708d8c94c51b6672cb5ff2fd342b37.png,1920,1080,0,2026-08-06
2026-09-03,planejamento semanal,8514686792270892,39,360,0,Casa Organizada - Planner da Rô,,,https://i.pinimg.com/originals/74/44/7a/74447af5802bf0921f5e23bffa7f06c5.png,1024,1536,0,2026-08-08
2026-09-03,planejamento semanal,273664114852859963,40,80,0,Plano semanal,,,https://i.pinimg.com/originals/d0/d6/4f/d0d64f8d0e99c35964a919bf04247c52.png,1023,1537,0,2026-08-09
2026-09-03,planejamento semanal,1112248439254969196,41,9,0,Planner Fitness Semanal: Acompanhe Sua Evolução nos Treinos,link.amazon,https://link.amazon/B09JcvNPF,https://i.pinimg.com/originals/77/2f/6c/772f6cb4b6da496101cea81b1751f8d0.png,1024,1536,0,2026-08-16
2026-09-03,planejamento semanal,59602395064013740,42,86,0,Planner semanal grátis,,,https://i.pinimg.com/originals/b4/99/f4/b499f45dc55663acf5346569b189d22a.jpg,1600,1131,0,2026-06-01
2026-09-03,planejamento semanal,883550020644806311,43,3984,0,,,,https://i.pinimg.com/originals/cf/4d/7a/cf4d7af42d56ecb7005cdb5c77bbec27.jpg,1212,1711,0,2024-11-14
2026-09-03,planejamento semanal,719379740494653653,44,3420,0,Planner semanal para imprimir [Modelo 2022] - Artesanato Passo a Passo!,artesanatopassoapassoja.com.br,https://www.artesanatopassoapassoja.com.br/planner-semanal-para-imprimir/,https://i.pinimg.com/originals/20/c1/b3/20c1b3611e31582937fc839aceda9867.png,770,1089,0,2022-09-12
2026-09-03,planejamento semanal,22799541860575420,45,182,0,Planner Semanal e Diário Grátis: Mais de 39 Modelos para Imprimir,manualfeminino.com,https://manualfeminino.com/planners-para-baixar-gratis/,https://i.pinimg.com/originals/b6/9b/39/b69b3942f6702ed8041d2b6224177bb8.png,1000,1500,0,2026-05-25
2026-09-03,planejamento semanal,17803361027070273,47,686,0,,,,https://i.pinimg.com/originals/d3/d4/37/d3d43767c9cd9a6236196f9b79a0d40a.jpg,656,924,0,2026-07-22
2026-09-03,planejamento semanal,554857616606151780,48,325,0,Agenda da semana,,,https://i.pinimg.com/originals/41/7d/72/417d724526cfd47892833802035004ee.png,1000,1500,0,2023-04-20
2026-09-03,planejamento semanal,81064862037363333,49,173,0,,,,https://i.pinimg.com/originals/f4/3c/fd/f43cfd7b52fed7f398fea937d9a7f7a9.png,1414,2000,0,2026-05-14
2026-09-03,planejamento semanal,1548181180613068,50,569,0,[GRÁTIS] Planner semanal para imprimir | Clique para baixar!,drive.google.com,https://drive.google.com/file/d/1fDxu2rtEzFyINwzdUrc7fMrxbppyndoZ/view?usp=sharing,https://i.pinimg.com/originals/32/07/2e/32072edbaf1e0deea42f0c606b9e165a.jpg,849,1200,0,2025-03-12
2026-09-03,planejamento semanal,648729521364482245,51,138,0,Planejamento Semanal para Imprimir: A4 - Retrato,000dlx.com.br,https://www.000dlx.com.br/planejamento-semanal-para-imprimir-em-a4.php,https://i.pinimg.com/originals/7f/81/ab/7f81abfd87b49b22cae5e64b3612ab5d.jpg,795,1124,0,2025-05-27
2026-09-03,planejamento semanal,AQIQiGoheO7E28uShgxNLvpJf5M05YlHrcMDwCrtyB1pA0CRXFGwxNS55QdtjdBGbPwMdu5Sv24UPbi4GX2sJ7U,52,0,0,All your tools in one,quickbooks.intuit.com,https://quickbooks.intuit.com/explore-quickbooks/,https://i.pinimg.com/originals/f1/13/9a/f1139ab9fc1bebbdd3914e7c6ed0f764.jpg,1080,1920,1,2026-08-25
2026-09-03,planejamento semanal,1688918603265604,53,1187,0,Planner Semanal Simples,,,https://i.pinimg.com/originals/07/53/cc/0753cc1c203c623fe9d2f97e2f9ac55d.jpg,850,1200,0,2022-10-19
2026-09-03,planejamento semanal,80572280830045964,54,107,0,Planner semanal | Planner 2023 completo para imprimir,entrecartaseamores.com,https://entrecartaseamores.com/planner-2023-completo/,https://i.pinimg.com/originals/33/c1/38/33c13813d29ac5a6d417b2fe0f58d60c.png,1414,2000,0,2022-12-19
2026-09-03,planejamento semanal,17240411070851434,55,716,0,Como usar ChatGPT para organizar as refeições da semana 🍽️,,,https://i.pinimg.com/originals/2c/37/67/2c3767c789998c13fe98abf27f1df23c.png,1024,1536,0,2026-08-05
2026-09-03,planejamento semanal,5911043261705552,56,1043,0,#planejamentosemanal #plannergratuito #planner,,,https://i.pinimg.com/originals/67/c5/ab/67c5aba0ebd281f6bc635dd23b8ccdac.png,1414,1999,0,2025-07-09
2026-09-03,planejamento semanal,101190322938723723,57,43,0,Planner Semanal para Imprimir e Baixar,,,https://i.pinimg.com/originals/4c/55/8e/4c558e90254346794d62b998b32bf28f.png,1414,2000,0,2025-10-15
2026-09-03,planejamento semanal,10344274147281895,58,2073,0,weekly planner,,,https://i.pinimg.com/originals/6e/f8/14/6ef814c8e854c558c962d17a823e324f.jpg,1080,1527,0,2026-01-03
2026-09-03,planejamento semanal,40462096656210654,59,270,0,Planner Semanal para Imprimir e Baixar,keepo.io,https://keepo.io/nossoimperiobr,https://i.pinimg.com/originals/62/5d/11/625d111e0db0a5eed61d8a77616ac69d.png,1414,2000,0,2025-10-03
2026-09-03,planejamento semanal,4604719589578889088,60,0,0,Planejamento semanal de mesa - Dani Educar,danieducar.com.br,https://danieducar.com.br/planejamento-semanal-de-mesa/,https://i.pinimg.com/originals/79/5a/57/795a57d529180286f0bd78c195db7a52.jpg,520,720,0,2026-08-06
2026-09-03,planejamento semanal,288371182415731709,61,143,0,Planner Semanal,,,https://i.pinimg.com/originals/01/b5/6f/01b56f85cac2fc3e05ffbce3ab6890e4.png,1414,2000,0,2026-08-24
2026-09-03,planejamento semanal,210684088814687637,62,129,0,Planner Semanal Boho Astral com Gatos – Organize sua semana com estilo místico ✨🐱🌙,,,https://i.pinimg.com/originals/d9/12/10/d912109a75d16882645d43b2ee2b12b1.png,1536,1024,0,2026-01-28
2026-09-03,planejamento semanal,644577765464067434,63,12,0,Aesthetic Weekly Productivity Planner,,,https://i.pinimg.com/originals/11/ec/8f/11ec8fc148b5a301bf999b27dbd32c6a.png,1054,1492,0,2026-08-21
2026-09-03,planejamento semanal,432838214209367812,64,20,0,Weekly Planner for Working Professionals | Productivity Planner,,,https://i.pinimg.com/originals/75/92/91/759291f3c41136b11392a550493cca8b.png,1055,1491,0,2026-08-24
2026-09-03,planejamento semanal,963981495285806296,65,124,0,"Planner Semanal Minimalista: Simples, Bonito e Funcional",geovirmond.com.br,https://geovirmond.com.br/planner-semanal/,https://i.pinimg.com/originals/ae/23/ce/ae23ce74aaffa48b8bffc929e533a95b.png,1506,1064,0,2025-11-22
2026-09-03,planejamento semanal,646829565274565551,66,133,0,planejamento,,,https://i.pinimg.com/originals/ed/9d/2f/ed9d2f12eb16715f4b20306a697e980a.jpg,736,1308,0,2026-02-23
2026-09-03,planejamento semanal,1001699142938808995,67,1,0,"Planner Semanal para Estudar, Trabalhar e Treinar | Rotina Produtiva",meli.la,https://meli.la/2hMJppC,https://i.pinimg.com/originals/3e/e1/c8/3ee1c85106f240ae6c803141e3012d30.png,1373,1146,0,2026-08-25
2026-09-03,planejamento semanal,969751732288601171,68,283,0,ORGANIZADOR SEMANAL,,,https://i.pinimg.com/originals/67/97/40/67974023cc532c6adc89d03715819897.png,1086,1448,0,2026-06-26
2026-09-03,planejamento semanal,AdL2iRGIXZAh-64-nuGIzQ7eLwdSDzlolAQDEmMLxxq17jYf80KGpattwbSwHjQbRVRe8L1Xbj_hU_UDji01NT0,69,0,0,Free Download: 8 Ways to,jennakutcher.com,https://jennakutcher.com/8ways?utm_source=pinterest&utm_medium=ad&utm_campaign=lll&utm_term=evergreen-&utm_content=pinterest-ad-freebie&utm_creative_format=button,https://i.pinimg.com/originals/79/d6/94/79d69462d9592ebd7545d4e75f2648a7.jpg,1080,1920,1,2025-07-14
2026-09-03,planejamento semanal,1144266217855220350,70,3,0,Organize compromissos em uma única visão | Planner Semanal,go.hotmart.com,https://go.hotmart.com/J106084961Y,https://i.pinimg.com/originals/58/1d/fe/581dfebbb44f546fe868416d263a5e46.png,1024,1536,0,2026-08-07
2026-09-03,planejamento semanal,1012958141168660100,71,527,0,,,,https://i.pinimg.com/originals/b8/a8/00/b8a8008bf3f8aa765ff73138fddf4e36.jpg,720,1052,0,2023-05-12
2026-09-03,planejamento semanal,365073113568250214,72,144,0,Planning Hebdomadaire - Template Canva,canva.com,https://www.canva.com/fr_fr/modeles/EAGvfbpMRl0-planning-de-la-semaine-a4-moderne-rose/,https://i.pinimg.com/originals/d5/12/e2/d512e2692e2208ba8d1b00d1b51a588d.png,1414,2000,0,2026-08-14
2026-09-03,planejamento semanal,27232772742388084,73,220,0,,,,https://i.pinimg.com/originals/f8/2f/f9/f82ff91096d320ffece60f6852bbe7b3.jpg,1200,675,0,2026-06-11
2026-09-03,planejamento semanal,15903404930230706,74,540,0,Planner semanal,,,https://i.pinimg.com/originals/2f/bc/e7/2fbce7afc7a3c5ec92f8414b8f064def.jpg,1413,1999,0,2025-09-10
2026-09-03,planejamento semanal,1071504936360526235,75,3092,0,Aesthetic Weekly Planner ✨ Pastel Study Timetable,,,https://i.pinimg.com/originals/a5/87/a9/a587a9ebb88c0477aeefe973b03e0d3f.png,1124,1404,0,2026-05-11
