data,palavra,pin_id,posicao,saves,comentarios,titulo,dominio,link,imagem,largura,altura,video,criado_em
2026-09-01,look feminino verao,237494580357704066,2,349,0,Linen Outfit Ideas Every Woman Needs for a Fresh Elegant Style - LoungeAura,loungeaura.com,https://loungeaura.com/linen-outfit/?utm_campaign=linen-outfit_adeell&utm_medium=link&utm_source=link_adeell_prrn81y4,https://i.pinimg.com/originals/f1/3f/d4/f13fd4cc505c01911b114b8c716f8864.jpg,736,1104,0,2026-08-22
2026-09-01,look feminino verao,864761565979339631,3,10,0,Conjunto Feminino de Linho Camisa + Short Casual Chic,meli.la,https://meli.la/2pMw6aE,https://i.pinimg.com/originals/92/6d/bd/926dbd2d0ce84945f600e1d36335d3da.png,941,1672,0,2026-08-19
2026-09-01,look feminino verao,AX4HZpytC2NoB1UUKgRR0QRHkhsZCvWNIfoQaWKiBfnsrm7yNR2X1d7tDmbq_JxW40mY85F5rYdgW6izlg-hSKg,4,8053,0,Looks Expensive But It's,amzlink.to,https://amzlink.to/az0u2a9l3C7cj,https://i.pinimg.com/originals/25/77/be/2577befbd11f92940b084e862b4080eb.png,1000,1500,0,2026-02-04
2026-09-01,look feminino verao,119345458873683611,5,60,0,Look Marrom e Branco Elegante para Dias Quentes,s.shopee.com.br,https://s.shopee.com.br/AKZabTSSXB?channel_type=pinterest,https://i.pinimg.com/originals/41/69/a9/4169a97c81710372ef6b328884a64177.png,1024,1536,0,2026-08-21
2026-09-01,look feminino verao,AWI4Xw2Gvcquoh3PUx-9DCTYq-zCDNkQLLmOvdpD5ogfBDHPKyfD_LanYHEOaXdnNS9M8G52RwogXVEoIm3_zw8,6,203,0,Amazon Vacation Outfit,amzlink.to,https://amzlink.to/az0o5MsP3zKuV,https://i.pinimg.com/originals/d8/8a/96/d88a9671a3017d18787c73ab3de51be8.png,1000,1500,0,2026-05-22
2026-09-01,look feminino verao,AfCMs8TS2mMzumrBm6eq_RAYuSl0PixORmYvqWUDQAUynYOvxb5qEAUj-mIZUlOBfinBs2QTVakQLJP5obt99j0,7,422,0,Luxury-Inspired Amazon,amzlink.to,https://amzlink.to/az0KozhwDROKZ,https://i.pinimg.com/originals/ba/f7/13/baf7133b4344967c8b2af6a99c7ddda8.png,1000,1500,0,2026-05-14
2026-09-01,look feminino verao,1337074890568893,8,3269,0,,,,https://i.pinimg.com/originals/8b/42/57/8b4257062a007f96a9df572c419ba4d0.jpg,768,1408,0,2026-07-20
2026-09-01,look feminino verao,AcAl2OOY00v18bt-DcVvlVwKjzXCckwYz6m-PTKZFf0fVpeYw23n1r2Qj_1AQmFgKZWJinsytiJhuB6HlNxIe68,9,1,0,Resort Wear from Amazon,urlgeni.us,https://urlgeni.us/amazon/greenresortcollage,https://i.pinimg.com/originals/85/9a/87/859a87e87b985a0128e61d4720a43bf0.png,2160,3840,0,2026-02-03
2026-09-01,look feminino verao,2181499817683800,10,1185,0,Effortless Street Style: Shorts Then and Now,,,https://i.pinimg.com/originals/cb/61/e2/cb61e2b1b1fbfde098a9d197af09175d.png,799,1421,0,2026-08-18
2026-09-01,look feminino verao,Aet5yh0EAu9mbLISm-sHDZ-iakrqDp8oMqVXKjt1V4sF91sSu40TQC0ZpolzgBC9WF3IhQeK6T7NGn8WcBFu9dE,11,436,0,Two Piece Summer Sets,amzlink.to,https://amzlink.to/az0TpxsAVRAWX,https://i.pinimg.com/originals/27/3e/96/273e963fae97dc1733a4736809ccf20d.jpg,1200,1807,0,2026-07-17
2026-09-01,look feminino verao,AZnrrxwqWS56EA6l7SyEImmApaHtLczuJ7_W4Lr_oIRRcgf3BHYSyxte1IA1Et8XWwtZm2HoKsqXi2HHJmp7NxI,12,3033,0,Amazon Vacation Edit for,urlgeni.us,https://urlgeni.us/amzn/jzDYGv,https://i.pinimg.com/originals/69/ed/61/69ed610b7a037c5cc0c97be59e825aef.png,1000,1500,0,2026-01-15
2026-09-01,look feminino verao,8936899258750289,13,392,0,Id Shein Outfit: CE7LPB7 | Link 👇🏼,onelink.shein.com,https://onelink.shein.com/44/5wxd32cyetre,https://i.pinimg.com/originals/39/75/32/397532ad91df36db7f9d025af340abba.jpg,1080,1920,0,2026-08-06
2026-09-01,look feminino verao,1084382416558594641,14,42,0,Summer outfits | Cute floral vacation outfit 🌸 Summer travel dress & beach style inspiration,,,https://i.pinimg.com/originals/9a/53/a9/9a53a9b17b486e2e7d8e37a87410caac.jpg,736,1104,0,2026-08-17
2026-09-01,look feminino verao,1012817403721688168,15,207,0,"Summer Outfits 2026 ☀️ Cute, Trendy & Effortless Outfit Ideas",amazon.com,https://www.amazon.com/shop/influencer-7ca27c6e/list/73L0V00DVFAL?ref_=aipsflist,https://i.pinimg.com/originals/19/93/0a/19930a85c881069be81701eca6c16b27.jpg,736,1104,0,2026-03-19
2026-09-01,look feminino verao,6122149488972528,16,892,0,,,,https://i.pinimg.com/originals/4b/51/05/4b5105c47dfbfd17cc7dbd9194f87913.jpg,1079,1919,0,2026-04-11
2026-09-01,look feminino verao,AYtg8apwAMFKr74FMtyekb2bteEA1NJ4eEFybmNrxQ1TUs0NAiJpkDZ8yQyDhyJz3Fm1sep1GTxjr7JisDuKI7o,17,195,0,Comfy Pool Side Outfit,amzn.markable.ai,https://amzn.markable.ai/GbyFgBmD,https://i.pinimg.com/originals/61/52/9e/61529e037d231f223e5dc8d2aad5dc01.png,1000,1500,0,2026-03-04
2026-09-01,look feminino verao,AWyHn9eL-nHSvq7E-K8NzFkW0BieNBGQPH-3UcrQVtUZFueSQUhUSdrDa-f4Wn09Ado1Zhgs2vPqLf_7WRQOWZ4,18,0,0,Women's Summer Star &,us.shein.com,https://us.shein.com/ark/default?scene=1&test=5051&ad_type=DPA&goods_id=507561756&pf=PINTEREST&url_from=PINADSDPA&ismg=a7681bf24a42d55815143812d3641be526138dfb1e273e15fff35d6c5b109376_01_1788193829,https://i.pinimg.com/originals/b5/77/d6/b577d606e73f6f80288f6caa82216ff8.jpg,1065,1598,0,2026-08-11
2026-09-01,look feminino verao,AbRIvKXoar2DIKlmo-_6EiK27RmuCAsfKQcN3YU8sBPbs4_24UY3ZVdBjXmB8PO-7sW7TRVvZBvtqm25GPbhfuM,19,0,0,Shop Viral Amazon Outfits,amzlink.to,https://amzlink.to/az09zMXgCtCdQ,https://i.pinimg.com/originals/b4/1b/3d/b41b3db96b2d944e3711a511877acf1b.jpg,1440,2560,1,2026-08-21
2026-09-01,look feminino verao,AWXPBL8lvlRNWOdDpCttzr-85_xahvMFllugILQvY08ix00Y8UiwCoAnJJQYuunQhCDyqI3mmbEIyA1u_RurTvk,20,9,0,Temu | /summer Elegant,temu.com,https://www.temu.com/ul/kuiper/un3.html?subj=dpa-un&_bg_fs=1&_p_jump_id=1082&_x_vst_scene=adg&goods_id=605652143468107&adg_ctx=a-160937b1~c-bdb9421d&_p_rfs=1&_x_ads_channel=pinterest&_x_ads_creative_id=%7Bproduct_partition_id%7D&_x_ads_id=%7Badgroupid%7D&_x_ads_set=%7Bcampaignid%7D&_x_ads_sub_channel=shopping&_x_ns_catalog_id=1567707391772&_x_ns_creative=%7Badid%7D&_x_ns_product_id=101878100718328,https://i.pinimg.com/originals/77/54/d6/7754d621b3dff49a1854c563cc8aee59.jpg,2000,3000,0,2026-07-07
2026-09-01,look feminino verao,793759503129002912,21,24,0,Conjunto feminino,onelink.shein.com,https://onelink.shein.com/46/5xv9jsi7zwv1,https://i.pinimg.com/originals/30/e6/fc/30e6fccbe3cec2b40cda6d11502bde77.jpg,1080,1920,0,2026-08-19
2026-09-01,look feminino verao,1688918605198117,22,41111,0,,,,https://i.pinimg.com/originals/64/d5/d2/64d5d2847da817525b2c53b31ceaf47c.jpg,474,665,0,2024-06-22
2026-09-01,look feminino verao,4606197382509863296,23,2043,0,40 Summer Chic Outfit Ideas for Effortless Elegance,sewmamasew.com,https://www.sewmamasew.com/40-summer-chic-outfit-ideas/,https://i.pinimg.com/originals/b6/3e/3b/b63e3ba5915af0931a47eccaed7e15d2.jpg,720,1279,0,2026-05-15
2026-09-01,look feminino verao,23221754325393925,24,161,0,19 Chic Summer Outfits for Women 2026 | Elegant Vacation Style Ideas,,,https://i.pinimg.com/originals/50/6d/a5/506da50fd7e216f84e89727baf99006a.jpg,832,1248,0,2026-08-15
2026-09-01,look feminino verao,36310340745451943,25,175,0,,,,https://i.pinimg.com/originals/a8/eb/02/a8eb02cbd2a44170d14aac2d7e6c4970.jpg,736,1349,0,2026-08-01
2026-09-01,look feminino verao,AdYAHZOxbGbZzDFoCLK_Ks5GGSvMPRq0ILqkxRTg2VGfic4DSKsPwlzq00A1_Ojs1zrtTq258UmzB2dSA3UWKMw,26,1,0,Temu | Casual Bohemian,temu.com,https://www.temu.com/ul/kuiper/un3.html?subj=dpa-un&_bg_fs=1&_p_jump_id=1082&_x_vst_scene=adg&goods_id=605830384562633&adg_ctx=a-90445065~c-eff417be&_p_rfs=1&_x_ads_channel=pinterest&_x_ads_creative_id=%7Bproduct_partition_id%7D&_x_ads_id=%7Badgroupid%7D&_x_ads_set=%7Bcampaignid%7D&_x_ads_sub_channel=shopping&_x_ns_catalog_id=1567707391772&_x_ns_creative=%7Badid%7D&_x_ns_gid=605830384562633&_x_ns_,https://i.pinimg.com/originals/e7/85/38/e785381c34994115f208f1003f67deaf.jpg,2000,3000,0,2026-06-20
2026-09-01,look feminino verao,ASlwSUQJCSMKyoKESukpHAHnMioDrfUcpil88K0W8mkdWFGHoElhFaumGeaX9Ejhn9aQ9cgxFJX6-qKEiEMSU9k,27,0,0,Acelitt Womens Summer,amazon.com,https://www.amazon.com/Acelitt-Fashion-Shoulder-Bodycon-Cocktail/dp/B0GGXD3DL8/ref=asc_df_B0GGXD3DL8?hvdev=%7Bdevice%7D&hvcampaign=%7Bcampaignid%7D&hvadgroupid=%7Badgroupid%7D&hvprdptid=%7Bproduct_partition_id%7D&hvprdgrpid=%7Bpromoted_product_group_id%7D&hvcr=%7Bcreative_id%7D&hvadid=%7Badid%7D&hvprdid=%7Bproduct_id%7D&hvplc=%7Bplacement%7D&psc=1&tag=%7Bifnotmobile:ushpadpinde-20%7D%7Bifmobile:us,https://i.pinimg.com/originals/8b/da/1c/8bda1cc14e06ab4e6ac893f90789cf38.jpg,1091,1610,0,2026-06-12
2026-09-01,look feminino verao,1084452785294585090,28,1148,0,,,,https://i.pinimg.com/originals/24/c8/ff/24c8ff90a38c6af18972b061411f53dc.jpg,736,1311,0,2026-05-05
2026-09-01,look feminino verao,AYLe2lmqBsqy-tX5nsd-3A8by4I7PpEVeZ2KKkEl1H6NZTeu7GsyhWKXUVxn_O6IuFiEhP9exVstVKV4DLkW8z8,29,6,0,【24-hour shipping,oyrosy.com,https://oyrosy.com/products/classic-elegant-white-ultra-thin-summer-knit-wrap-mini-dress?variant=46501078761716,https://i.pinimg.com/originals/dc/b4/b0/dcb4b0f02612da5e3c2ab145f3d7607a.jpg,800,1200,0,2025-07-18
2026-09-01,look feminino verao,AaphAteFyQ9hUnnPwoXoX19paitSiD2qV5KmjSUWlFsHo2RjmM45Aa-IDuhUV5PaxFW2xbnrUVXxeYbonEeIgX8,30,3,0,Women's summer slim fit,amazon.com,https://www.amazon.com/TOVPAO-Womens-two-piece-sleeveless-pockets/dp/B0FGD6NVBC/ref=asc_df_B0FGD6NVBC?hvdev=%7Bdevice%7D&hvcampaign=%7Bcampaignid%7D&hvadgroupid=%7Badgroupid%7D&hvprdptid=%7Bproduct_partition_id%7D&hvprdgrpid=%7Bpromoted_product_group_id%7D&hvcr=%7Bcreative_id%7D&hvadid=%7Badid%7D&hvprdid=%7Bproduct_id%7D&hvplc=%7Bplacement%7D&psc=1&tag=%7Bifnotmobile:ushpadpinde-20%7D%7Bifmobile:u,https://i.pinimg.com/originals/8d/d3/39/8dd33925fc179c4212cb1914807ef72f.jpg,800,800,0,2026-04-17
2026-09-01,look feminino verao,515521488614726475,31,33,0,,instagram.com,https://www.instagram.com/reel/CyZc1o4x0QE/,https://i.pinimg.com/originals/25/fe/ab/25feab072d1357ee1a8f7ff9163bae3f.jpg,720,1280,0,2024-08-26
2026-09-01,look feminino verao,26810560282734650,32,109,0,,,,https://i.pinimg.com/originals/2e/b9/c4/2eb9c470bb010da41fc7a13aa5336be4.jpg,735,1105,0,2026-08-21
2026-09-01,look feminino verao,AWXV1CpdGOMZeSvftoLR8cBPmNyO25RjeSjAaQTT_opq01tHvJSmS6SBW3Q_4D7AofHgmwQZ90NByUsTBTNMiQA,33,1,0,Temu | Women's Leaf Print,temu.com,https://www.temu.com/ul/kuiper/un3.html?subj=dpa-un&_bg_fs=1&_p_jump_id=1082&_x_vst_scene=adg&goods_id=605735677204930&adg_ctx=a-6ccc06a3~c-7f122a76&_p_rfs=1&_x_ads_channel=pinterest&_x_ads_creative_id=%7Bproduct_partition_id%7D&_x_ads_id=%7Badgroupid%7D&_x_ads_set=%7Bcampaignid%7D&_x_ads_sub_channel=shopping&_x_ns_catalog_id=1567707391772&_x_ns_creative=%7Badid%7D&_x_ns_gid=605735677204930&_x_ns_,https://i.pinimg.com/originals/fa/c4/e7/fac4e7f0eae5c354c8a0fbb00b36dd2f.jpg,2000,3000,0,2026-06-10
2026-09-01,look feminino verao,353251164547432329,34,23,0,Elegant White Linen Pants Outfit | Chic Summer Vacation Style,,,https://i.pinimg.com/originals/0a/5c/84/0a5c84993de8bb10a20d19f44be7c1eb.png,1024,1536,0,2026-08-17
2026-09-01,look feminino verao,AQDUXcOcAxuC4Q9gntN7KdV-kYvumlJ1IoRuiXJwyM9eNNDu91XLitywzvm5gDtQUi2u6HPfyC-H3b_T622pfpg,35,2,0,Temu | Summer Short Shirt,temu.com,https://www.temu.com/ul/kuiper/un3.html?subj=dpa-un&_bg_fs=1&_p_jump_id=1082&_x_vst_scene=adg&goods_id=601103528389248&adg_ctx=a-a561e003~c-837a8d6e&_p_rfs=1&_x_ads_channel=pinterest&_x_ads_creative_id=%7Bproduct_partition_id%7D&_x_ads_id=%7Badgroupid%7D&_x_ads_set=%7Bcampaignid%7D&_x_ads_sub_channel=shopping&_x_ns_catalog_id=1567707391772&_x_ns_creative=%7Badid%7D&_x_ns_gid=601103528389248&_x_ns_,https://i.pinimg.com/originals/e7/83/ec/e783ecc892756b05ef714bf6d4f8abfd.jpg,2000,3000,0,2026-05-21
2026-09-01,look feminino verao,75435362505628059,36,210,0,,,,https://i.pinimg.com/originals/4c/73/7d/4c737dcfd4fe7792f87a9ba334e95ca2.jpg,1080,2400,0,2026-08-20
2026-09-01,look feminino verao,Ac-QLpLRAqCypCEzRvmVQE57Qu8wtwmHjxw_PCvhN6ltHc0znk6aODC7eyNhHfUiq7aN1Gh5Ji-h2GYUaL0EbIg,37,6,0,20TH ANNIVERSARY SALE! –,barbaradever.com,https://barbaradever.com/products/elegant-maxi-dress-with-notched-collar-and-long-sleeves-in-linen-cotton?variant=57039475212663&utm_source=multifeeds&utm_medium=organic&utm_campaign=best%20selling%20gg%20bron&utm_content=Elegant%20Maxi%20Dress%20with%20Notched%20Collar%20and%20Long%20Sleeves%20in%20Linen-Cotton,https://i.pinimg.com/originals/57/e8/c6/57e8c6f7224bd214e26a916a556b3444.jpg,800,1200,0,2026-07-01
2026-09-01,look feminino verao,312789136645812794,38,164,0,,,,https://i.pinimg.com/originals/d3/64/f7/d364f7938b0206ca2f59194c2b4a0832.jpg,941,1672,0,2026-08-10
2026-09-01,look feminino verao,64317100923015912,39,175,0,looks para se inspirar,shope.ee,https://shope.ee/4pnmn7hkaR,https://i.pinimg.com/originals/f3/b5/bf/f3b5bf35f05e47b9e39a4c8dd9e99d31.jpg,736,1098,0,2023-12-11
2026-09-01,look feminino verao,4606830662653991808,40,442,0,25 Florence Outfit Ideas for Dreamy Italian Travel Style,sewmamasew.com,https://www.sewmamasew.com/25-florence-outfit-ideas/,https://i.pinimg.com/originals/fb/60/c0/fb60c02ca24f15f1d48dc66dc6fed711.jpg,720,1280,0,2026-07-24
2026-09-01,look feminino verao,146859637844639567,41,146,0,Style Errors That Instantly Add 10 Pounds to Your Look,airportf.netlify.app,https://airportf.netlify.app/?u=https://dijbi.com/these-fashion-mistakes-can-add-10-pounds-to-your-look/%3Futm_campaign%3Dairport%26utm_source%3Dgill%26utm_medium%3Dsocial,https://i.pinimg.com/originals/e4/1f/3f/e41f3fce16a84095ecbe71eed30ebbf8.jpg,736,878,0,2026-07-28
2026-09-01,look feminino verao,AW8NuVRBC1ay1SfzGTLPt59QO3vcJXl303_ik4UYJ-7X3uR3YtM4OG1L_1hlXuk67lBKBEJ4OUHmJqkNf-X0Zew,42,7,0,Fhykiss Women's Chiffon,amazon.com,https://www.amazon.com/Fhykiss-Chiffon-Wedding-Dresses-Holiday/dp/B0GD18LZFD/ref=asc_df_B0GD18LZFD?hvdev=%7Bdevice%7D&hvcampaign=%7Bcampaignid%7D&hvadgroupid=%7Badgroupid%7D&hvprdptid=%7Bproduct_partition_id%7D&hvprdgrpid=%7Bpromoted_product_group_id%7D&hvcr=%7Bcreative_id%7D&hvadid=%7Badid%7D&hvprdid=%7Bproduct_id%7D&hvplc=%7Bplacement%7D&psc=1&tag=%7Bifnotmobile:ushpadpinde-20%7D%7Bifmobile:ushp,https://i.pinimg.com/originals/3a/c9/e3/3ac9e325049ef207e8895ca13a6457d5.jpg,1142,1714,0,2026-06-12
2026-09-01,look feminino verao,1048072144528073106,43,6378,0,@sstyle.me,,,https://i.pinimg.com/originals/1e/bc/68/1ebc683dacb7dad46e49a5afc8c4aeed.jpg,676,1201,0,2024-10-06
2026-09-01,look feminino verao,633670610109028428,44,5220,0,,,,https://i.pinimg.com/originals/0a/ab/ab/0aababa0a326c8837983811c33d4fed4.jpg,736,1592,0,2025-09-22
2026-09-01,look feminino verao,68750211061,45,2701,0,,,,https://i.pinimg.com/originals/d3/5d/50/d35d50578ba268dc1fb6e90c03884049.jpg,595,1031,0,2026-07-06
2026-09-01,look feminino verao,AZWc9x1ivIvyXbWzL0mMp6Yzw90QXyx2Wpll3hmolnlxfF3mNMPSv9JwEM9ve_RX_6xe12eXUWvF1jQPF9hWoO8,46,1,0,Temu | /summer Women's,temu.com,https://www.temu.com/ul/kuiper/un3.html?subj=dpa-un&_bg_fs=1&_p_jump_id=1082&_x_vst_scene=adg&goods_id=606490920349568&adg_ctx=a-a19c1120~c-ecf48d03&_p_rfs=1&_x_ads_channel=pinterest&_x_ads_creative_id=%7Bproduct_partition_id%7D&_x_ads_id=%7Badgroupid%7D&_x_ads_set=%7Bcampaignid%7D&_x_ads_sub_channel=shopping&_x_ns_catalog_id=1567707391772&_x_ns_creative=%7Badid%7D&_x_ns_product_id=96642200021690&,https://i.pinimg.com/originals/09/06/94/090694497e97b054c1ff649e42f5eef4.jpg,2000,3000,0,2026-07-26
2026-09-01,look feminino verao,1129136937857624838,47,2,0,Look de Verão Elegante e Chic ☀️🤍,s.shopee.com.br,https://s.shopee.com.br/AUtIAHfpPD?channel_type=pinterest,https://i.pinimg.com/originals/cc/b3/1e/ccb31e894c2af1f7ad1d7830cc87d487.png,1024,1536,0,2026-08-17
2026-09-01,look feminino verao,281543727079083,48,6195,0,,,,https://i.pinimg.com/originals/fa/5b/e5/fa5be58a1f7ae4670409539ac17ec7bd.jpg,696,1364,0,2026-07-20
2026-09-01,look feminino verao,2040762329512573,49,427,0,,,,https://i.pinimg.com/originals/74/7f/df/747fdf843983e6e5752f1a57e83d5aaa.jpg,736,1349,0,2026-06-02
2026-09-01,look feminino verao,229120699788755112,50,260,0,Conjunto feminino elegante,onelink.shein.com,https://onelink.shein.com/45/5x9qne17t9h8,https://i.pinimg.com/originals/54/cb/88/54cb88a0226ca67bd50de8196f11ad25.jpg,1080,1920,0,2026-08-20
2026-09-01,look feminino verao,56435801578435850,51,175,0,🤎🤍,,,https://i.pinimg.com/originals/82/bb/59/82bb595a825d66da2db638f854f3f150.jpg,675,1200,0,2026-06-17
2026-09-01,look feminino verao,ASpxAHH11DP83PI3zKPZA4nmy5K0VzaxSkoxeqtN0Rvb0Lr7TeyLOEZp1IGfcWgvP9rLp64V5e9uiNHz24iKZII,52,2266,0,Amazon Basics For Endless,amzlink.to,https://amzlink.to/az06JQMXkCIEA,https://i.pinimg.com/originals/74/9b/38/749b3894147f7d3e0a0ee1e17f48bc8a.png,1000,1500,0,2026-04-22
2026-09-01,look feminino verao,ATnxOS2B3_FfMIzcBwaw9ShuCtTn5PsPKKduGU9_rGNhY_7_jv0ybzEPNG39pRmRJJvZFsk9qXzTu4Yvdajb5FA,53,510,0,Coastal Vacation Resort,amzlink.to,https://amzlink.to/az0dkoEBjqc3U,https://i.pinimg.com/originals/78/82/95/7882951eb9162bafaf794c83ca4eb58f.png,1000,1500,0,2026-03-10
2026-09-01,look feminino verao,1043709282385618554,54,4327,0,,,,https://i.pinimg.com/originals/f4/72/8c/f4728caef0acd30444427c17bf87aecc.jpg,736,1141,0,2024-07-19
2026-09-01,look feminino verao,ATDtZpVNfVCI-A7oLgBEjrIfpaW2B-H8xCC0uIUn0N7AWI9OiI2ohor0uPfZTmEVKkOa44IbTiWIB-U21SjAlyo,55,1,0,Your passport to summer,poshmark.com,https://poshmark.com/?utm_source=pinterest&utm_medium=paidsocial&utm_campaign=%7Bcampaignid%7D&utm_content=%7Badgroupid%7D_%7Badid%7D_%7Bdevice%7D,https://i.pinimg.com/originals/2a/af/9f/2aaf9ffdd2687157ba4d9bb96b8b595e.png,1000,1500,0,2026-05-19
2026-09-01,look feminino verao,Ab3f_K6VfplqaH7PwH0ea8FpsAXnKtr-sLybyrmizyJuzcwvY4E8xN8nYJFtzaOmRyMRnyzzOuyyvUGpAXJHZ50,56,1166,0,The Perfect Summer Dress,amzlink.to,https://amzlink.to/az0RRHrbYx1Xl,https://i.pinimg.com/originals/81/74/3e/81743eb80e3f9b6d11069b4db1030188.png,1000,1500,0,2025-06-19
2026-09-01,look feminino verao,273101164903398307,57,17,0,35 Casual Chic Summer Outfit Ideas 2026 to Try,sewmamasew.com,https://www.sewmamasew.com/35-casual-chic-summer-outfit-ideas-2026/,https://i.pinimg.com/originals/f5/56/a3/f556a377e1571738507b6f17a23187a7.jpg,500,888,0,2026-07-28
2026-09-01,look feminino verao,AbFaChMZc0XqUMLh0xvCLc6OyIqw7Z_qde-SvT7TGnvJa03P6holWGIWWS4EF36Sw8aoQIpWy8n7g58hviHNCg4,58,0,0,Women's Solid Color,us.shein.com,https://us.shein.com/ark/default?scene=1&test=5051&ad_type=DPA&goods_id=443800280&pf=PINTEREST&url_from=PINADSDPA&ismg=f634b4b561e84b4ae8ec750d488f68cc68e00a394b7e60130806c17de417a988_01_1788107665,https://i.pinimg.com/originals/08/ce/c8/08cec8e5abb91a3fabdbadefd4d554c3.jpg,1340,1785,0,2026-08-29
2026-09-01,look feminino verao,AULKWRjsJSI91Mw4A5uU2wpCGsZRsL3278ZQWAtPkVJMMRL1FkL47HHpYjzWLb6KXgDuAs11ZP2kLzcUCPpLoDQ,59,2091,0,Amazon Casual Outfit,urlgeni.us,https://urlgeni.us/amzn/E_FQsh,https://i.pinimg.com/originals/9c/74/9c/9c749c150bd71844615395cd87a61719.png,1000,1500,0,2026-02-07
2026-09-01,look feminino verao,3377768469317343,60,543,0,,,,https://i.pinimg.com/originals/2c/fb/22/2cfb22ccc6d33ad977577faf775ddc9a.jpg,941,1672,0,2026-08-09
2026-09-01,look feminino verao,AfD2H1oESft8CfU7nP-Ig72fyv3rhDX8XDMDD_nVselppfvy492uNC1vxekDe_JHdblQVU3wRKNPk8S3PemaUbw,61,65,0,Matching Sets You'll Wear,amzlink.to,https://amzlink.to/az0TpxsAVRAWX,https://i.pinimg.com/originals/58/4e/8d/584e8d3ebc4abb6f4989a3a53e09559b.jpg,1200,1807,0,2026-07-16
2026-09-01,look feminino verao,1759287349045276,62,5750,0,,,,https://i.pinimg.com/originals/08/e1/71/08e171a9d651de9bd549639c447badb1.jpg,736,1104,0,2026-01-25
2026-09-01,look feminino verao,1054827544029132208,63,26,0,,amzlink.to,https://amzlink.to/az02Y0k8Pro84,https://i.pinimg.com/originals/72/23/24/7223245885f1a93e25aa134d32f1bde3.jpg,675,1200,0,2026-08-11
2026-09-01,look feminino verao,AUuHZeNQ3bY4FmECTt-54J4TiffCKU3C7BvhO069qrxBh0pali0Iq6TQbxLSu1HHM29fwZ5n6Dl0G7f6-S73X-Q,64,125,0,Patriotic Outfit Idea,amzn.markable.ai,https://amzn.markable.ai/GcH2bPxm,https://i.pinimg.com/originals/33/d9/d1/33d9d1f4be94105738969c78463a917a.png,1000,1500,0,2026-04-27
2026-09-01,look feminino verao,1149966086144599510,65,10,0,Classy Summer Outfit Women | Chic Minimalist Summer Style 🌸🤍,,,https://i.pinimg.com/originals/81/2d/bb/812dbb7fa60409bd6bedf5c616d9415e.png,941,1672,0,2026-08-17
2026-09-01,look feminino verao,Aev1rgLn88MH8etEha59El61W3RzlTBPys1A62nNmZ8U8T2g73-vlxLI0dOKxiaIiHFJNuj64B-9iZgV7hFb47M,66,0,0,Shop Viral Amazon,amzlink.to,https://amzlink.to/az0iHmUSR3Xex,https://i.pinimg.com/originals/ff/f8/d5/fff8d5ffa01733ec0d46f9d3293609bf.jpg,1440,2560,1,2026-08-21
2026-09-01,look feminino verao,1266706142231924,67,824,0,summer fit for vacation 😎,,,https://i.pinimg.com/originals/31/f3/9e/31f39e37c90f465c88f55216e255d745.jpg,841,1495,0,2026-07-25
2026-09-01,look feminino verao,1127025875538279857,68,2014,0,,,,https://i.pinimg.com/originals/99/58/f1/9958f1127004efe456fe0b0b02b3718d.jpg,736,1103,0,2026-07-07
2026-09-01,look feminino verao,AVrXOYO1YudUwBBIcwrg1MZY2el_JRX2S5H7rp7AtmO122J-tYYtlU-rZfoxfuy4vUnlcUvN7Uy5HJVm52yrodg,69,1,0,Temu | Elegant,temu.com,https://www.temu.com/ul/kuiper/un3.html?subj=dpa-un&_bg_fs=1&_p_jump_id=1082&_x_vst_scene=adg&goods_id=601105710821800&adg_ctx=a-0aab7499~c-01b55cfc&_p_rfs=1&_x_ads_channel=pinterest&_x_ads_creative_id=%7Bproduct_partition_id%7D&_x_ads_id=%7Badgroupid%7D&_x_ads_set=%7Bcampaignid%7D&_x_ads_sub_channel=shopping&_x_ns_catalog_id=1567707391772&_x_ns_creative=%7Badid%7D&_x_ns_gid=601105710821800&_x_ns_,https://i.pinimg.com/originals/3f/d5/a4/3fd5a4115deffa4b8e45a3ba126ba388.jpg,2000,3000,0,2026-04-02
2026-09-01,look feminino verao,ATJvlzrX7-3evSI1R1bwb1hGz3T9jnkerhIeDr8YLuZfFcMAIYzcCdWWz2qlhPH02F_CXDW3MmhZlBwy_5FSuSM,70,8,0,How to style: Active,liketk.it,https://liketk.it/6aOQL,https://i.pinimg.com/originals/a5/07/99/a50799a2943e85a4c78d0048fcbf8f72.jpg,1080,1920,0,2026-05-11
2026-09-01,look feminino verao,932878510330888842,71,493,0,Aposte em tons neutros.,,,https://i.pinimg.com/originals/0a/c2/5d/0ac25d482bc20fe22f081dc5073e09a0.jpg,736,1104,0,2026-02-20
2026-09-01,look feminino verao,1085930528932822562,72,6,0,Conjunto primavera/verão elegante,onelink.shein.com,https://onelink.shein.com/47/5ypxmsgx5yse,https://i.pinimg.com/originals/20/56/8a/20568ad528de9e9ae75c2763e338ed6a.jpg,1340,1785,0,2026-08-13
2026-09-01,look feminino verao,1970393584356479,73,5753,0,,,,https://i.pinimg.com/originals/a1/7e/2f/a17e2f7f61415bc89d9087c2bb2e2689.jpg,720,1321,0,2026-04-22
2026-09-01,look feminino verao,90494273759272563,74,25,0,30 Spring Resort Wear Outfit Ideas for Chic Getaways,sewmamasew.com,https://www.sewmamasew.com/30-spring-resort-wear-outfit-ideas/,https://i.pinimg.com/originals/18/44/2e/18442e3d5a999b466dbf6bd0c87e047e.jpg,720,1279,0,2026-08-19
2026-09-01,look feminino verao,250794272994169073,75,2478,0,"If you want to look expensive, wear this 🤎",amazon.com,https://www.amazon.com/shop/influencer-11553425/photo/amzn1.shoppablemedia.v1.ed68d676-9c0b-4ba4-aa54-a8ec98be2eea?ref_=cm_sw_r_mwn_aipsfphoto_MKWYJQCVP1S0R87X0899&language=en-US,https://i.pinimg.com/originals/01/be/c3/01bec3ce8498921e10771dc7856de16e.jpg,1024,1536,0,2026-02-25
2026-09-01,calca legging canelada,1124562969489820298,2,1,0,Calça legging canelada,s.shopee.com.br,https://s.shopee.com.br/7VFdebvK9d?channel_type=pinterest,https://i.pinimg.com/originals/fc/fd/67/fcfd675146b26a69670ae5d7e27da007.jpg,982,1300,0,2026-08-16
2026-09-01,calca legging canelada,AQBsrdtmJcbM7fxCUQINn4MgXWVRdOw-CxKWglsoZOcOb22jqabbP-3yUzI8fGK01qd7JB16NYODVbJanYQn93w,3,0,0,2pcs Women's Sports Suit,us.shein.com,https://us.shein.com/ark/default?scene=1&test=5051&ad_type=DPA&goods_id=476368218&pf=PINTEREST&url_from=PINADSDPA&ismg=4f93712a38cb00d96fc66142b45540b3ea7dfc9330715994b5296bcf75e740b2_01_1788193908,https://i.pinimg.com/originals/0c/d8/4b/0cd84b15abd3856f06940b33b762c825.jpg,1065,1598,0,2026-07-10
2026-09-01,calca legging canelada,4596556870939706240,4,1,0,Calça Legging Canelada Flanelada Inverno Super Quente Toda Forrada Sem transparencia,br.shein.com,https://br.shein.com/ark/default?scene=1&test=5051&ad_type=DPA&goods_id=505017579&pf=PINTEREST&link_type=link&url_from=PINADSDPA&ismg=2a223163ee961af989772caba228df3808a89115e1c750383fe278bb9c88df5d_01_1788109673,https://i.pinimg.com/originals/e3/ac/3d/e3ac3d049369bf0104b6816a9f21c2f2.jpg,1340,1785,0,2026-08-15
2026-09-01,calca legging canelada,81768549520017123,5,18,0,"👋 Oii Galera 🏋️ Calça Legging Canelada de Cintura Alta Conforto, estilo e performance para seus treinos! ✨ ✔️ Modelo sem costura para mais liberdade de movimento ✔️ Cintura alta que valoriza a silhuet",instagram.com,https://www.instagram.com/p/DNvpBjGWjqs/?img_index=3,https://i.pinimg.com/originals/e9/03/f7/e903f705e359144b911f5f1eec9cbdfc.jpg,800,1060,0,2026-01-16
2026-09-01,calca legging canelada,AbO83bdC916n5WDtT5RrCOOdVOHgHO2DT_EwX4bXFlYACml8y-3GOE3igxF5Xq71CXsjqpr51f37zsFRp_0l96M,6,20,0,Casual Mom Outfits for,amzlink.to,https://amzlink.to/az0CdaqWb2LS1,https://i.pinimg.com/originals/8d/7b/f9/8d7bf93450840d2f9cfa686cf9578c71.png,1000,1500,0,2026-06-03
2026-09-01,calca legging canelada,AYUugEuNAhR0OalpCO3-RiCZ-Mb1EhUDC-m9dwNcMrzZW3SxkTl6AlW1ASWT_mt8vuL3Rs7uXcv_wUoCnYfm26c,7,54,0,OQQ Women's Flared Pants,amazon.com,https://www.amazon.com/OQQ-Pants-Waisted-Leggings-Stretchy/dp/B0DBT1MG2L/ref=asc_df_B0DBT1MG2L?hvdev=%7Bdevice%7D&hvcampaign=%7Bcampaignid%7D&hvadgroupid=%7Badgroupid%7D&hvprdptid=%7Bproduct_partition_id%7D&hvprdgrpid=%7Bpromoted_product_group_id%7D&hvcr=%7Bcreative_id%7D&hvadid=%7Badid%7D&hvprdid=%7Bproduct_id%7D&hvplc=%7Bplacement%7D&psc=1&tag=%7Bifnotmobile:ushpadpinde-20%7D%7Bifmobile:ushpadpi,https://i.pinimg.com/originals/51/7a/86/517a86307dfa714168a8cc070551c282.jpg,1064,1596,0,2026-07-19
2026-09-01,calca legging canelada,1052997956647924327,8,1,0,"￼Calça Legging Canelada de Cintura Alta Sem Costura para Academia Feminina, Elástica e Fitness 🖤",s.shopee.com.br,https://s.shopee.com.br/30n004hFty?channel_type=pinterest,https://i.pinimg.com/originals/de/65/0c/de650cc3d2b1443706975ceeb8e04db3.jpg,1440,1440,0,2026-08-07
2026-09-01,calca legging canelada,Aat0sN_TUlUp2M4YsYwt78ErDiDY0JCBcFqUWFLLlIYLVrjqBYZLazDuW0Rh58NWS-3sBRm7R-ooOmLSZnNtBhU,9,0,0,Spacedye™ Caught In The,beyondyoga.com,https://beyondyoga.com/products/spacedye-caught-in-the-midi-high-waisted-legging-dark-chocolate-heather-007j2-0021?variant=43470847115363,https://i.pinimg.com/originals/14/c0/08/14c0080d775aa7557c50e6ac8b45534f.jpg,1036,1554,0,2026-07-23
2026-09-01,calca legging canelada,442408363419155078,10,1,0,🔍 Calça legging canelada sem costura,meli.la,https://meli.la/2XNrQqS,https://i.pinimg.com/originals/24/4b/68/244b68e8271c49631daa699a6487fb99.png,941,1672,0,2026-08-17
2026-09-01,calca legging canelada,AfVhHi2k0H1bxiAEad_ZZVsvtYF3kj_yo0vOUK6N3i6UiJSX2hF8pg0L_yQZZnACVIfZVWh9WZN8KQJSRgQw0BE,11,9,0,OQQ Women's 2 Piece Yoga,amazon.com,https://www.amazon.com/OQQ-Leggings-Seamless-Athletic-Exercise/dp/B0CN8XFPPH/ref=asc_df_B0CN8XFPPH?hvdev=%7Bdevice%7D&hvcampaign=%7Bcampaignid%7D&hvadgroupid=%7Badgroupid%7D&hvprdptid=%7Bproduct_partition_id%7D&hvprdgrpid=%7Bpromoted_product_group_id%7D&hvcr=%7Bcreative_id%7D&hvadid=%7Badid%7D&hvprdid=%7Bproduct_id%7D&hvplc=%7Bplacement%7D&psc=1&tag=%7Bifnotmobile:ushpadpinde-20%7D%7Bifmobile:ushp,https://i.pinimg.com/originals/b3/9c/96/b39c960b46593fc85fce9fb1743cfe73.jpg,1064,1596,0,2026-05-30
2026-09-01,calca legging canelada,AVOC4uCaq5xcq9gR-kkzl2X2dJ8DPxA9L_qMxHsxblgQKAfV65yDEzhKmbesuKXqSZ33NISTn1lV1hA8V-uzV5Q,12,5,0,SculptMove™ High-Waist,www2.hm.com,https://www2.hm.com/en_us/productpage.1315513012.html?utm_medium=unpl&utm_source=pinterest&utm_campaign=Global%20Performance_Dynamic%20Shopping&utm_content=performance&utm_term=us,https://i.pinimg.com/originals/6f/e6/f1/6fe6f191623bea14b46d198455216122.jpg,2333,3500,0,2026-03-10
2026-09-01,calca legging canelada,AQgCgvrXHmOsxD_GBkBN6e4dq1oyKCMjtMGfMKA1_4cftEP8R11TF--VAe0OWVOjjCk_eebFVtX_g7X58rS-1mY,13,0,0,Women's FLX High-Rise,kohls.com,https://www.kohls.com/product/prd-8139608/womens-flx-high-rise-flare-leggings.jsp?skuid=71876822&ci_mcc=ci&utm_campaign=EC%20TEAM%20APPAREL&utm_medium=CSE&utm_source=pinterest&utm_product=93668431&CID=shopping29,https://i.pinimg.com/originals/a5/87/7f/a5877fdc681541e0e0d8924db65bdcb1.jpg,720,1280,1,2026-08-18
2026-09-01,calca legging canelada,663788432617796100,14,2,0,"Novas cores 😍🩵 A mais pedida!! A canelada Importada que modela o corpo, sem costura e zero transparência 💪🏼 Disponível do P ao GG 📲 Link para compra na bio ✅ WhatsApp (11) 99217-1284 📍 Academia H & D ",instagram.com,https://www.instagram.com/p/DMdnZ3JpgHh/?img_index=4,https://i.pinimg.com/originals/37/f3/44/37f344b46352f5313749bd153cfef4ea.jpg,1242,1553,0,2025-08-22
2026-09-01,calca legging canelada,AXNxtOvOwsfQGg095w4mc9u_1KbYXYPhdy_rPVMSlayyM6Z6xNfHy1alAyiKJJTE28lLqtPLKho35McYwah47sE,15,1,0,3 Pack Leggings for,amazon.com,https://www.amazon.com/Leggings-Women-No-See-Through-Waisted-Control/dp/B0DDTH5NB1/ref=asc_df_B0DDTH5NB1?hvdev=%7Bdevice%7D&hvcampaign=%7Bcampaignid%7D&hvadgroupid=%7Badgroupid%7D&hvprdptid=%7Bproduct_partition_id%7D&hvprdgrpid=%7Bpromoted_product_group_id%7D&hvcr=%7Bcreative_id%7D&hvadid=%7Badid%7D&hvprdid=%7Bproduct_id%7D&hvplc=%7Bplacement%7D&psc=1&tag=%7Bifnotmobile:ushpadpinde-20%7D%7Bifmobil,https://i.pinimg.com/originals/03/72/42/037242900b00071abf16b8334523510d.jpg,1680,2100,0,2025-11-13
2026-09-01,calca legging canelada,4601693787482143360,16,5,0,Calça Legging Feminina Canelada em Poliamida Premium Sem Transparência Cintura Alta para Academia e Moda Fitness,br.shein.com,https://br.shein.com/ark/default?scene=1&test=5051&ad_type=DPA&goods_id=142655626&pf=PINTEREST&link_type=link&url_from=PINADSDPA&ismg=6ee422508b2b1437a2f954bbd04a8fdaa8fec24660b47a262d1bb73338263848_01_1788195827,https://i.pinimg.com/originals/b7/23/d0/b723d008b4668d70085b6b63c38ad4ed.jpg,1340,1785,0,2026-04-14
2026-09-01,calca legging canelada,1095289571905820187,17,2,0,Calça Legging Canelada,s.shopee.com.br,https://s.shopee.com.br/2gAVVnv64r?channel_type=pinterest,https://i.pinimg.com/originals/70/da/52/70da527a3ec66116d44d37ae6c2a20ed.jpg,720,1280,0,2026-08-20
2026-09-01,calca legging canelada,AXXxpr0wDM89i9mJd1EseoMogZlHCKsPHkNSvFLYj4JzWcFq3faCuZbEnKOKaXWKM9-yYwgfMw0HA7CFX412Pbs,18,1,0,Vintage Inspired Garment,sophiekoster.com,https://www.sophiekoster.com/products/damen-hochwertige-strickleggings-im-eleganten-rippmuster-heidi-mode-6hzrpjmi5g-1awg7ly9?variant=42640938139710,https://i.pinimg.com/originals/58/e3/2d/58e32db6fc73d326cdb961ad58921a89.jpg,796,1068,0,2026-03-27
2026-09-01,calca legging canelada,ATwy7do-Zn0cXo2YPib2MeWZ5KUt1uy1qX3Z4k5IasL8_ZIvRBLGgYUh1njIArTA2cQ7uBaFewE_XCRDIKG_CWM,19,0,0,Skechers Women's GO Flex,skechers.com,https://www.skechers.com/go-flex-harmony-fl-hw-legging/LG113_BRCT.html?utm_content=LG113-BRCT,https://i.pinimg.com/originals/46/96/5c/46965c199f815894a0366bc18f0dce02.jpg,708,1062,0,2026-05-09
2026-09-01,calca legging canelada,808888783114854887,20,51,0,"Calça Legging Canelada de Cintura Alta Sem Costura para Academia Feminina, Elástica, Esportiva e Fitness por R$39,99. Compre na Shopee agora! https://s.shopee.com.br/2LQ38MVxb4",instagram.com,https://www.instagram.com/reel/DQX0SIdD9JA/,https://i.pinimg.com/originals/05/97/30/059730b8eb03f5e97a8adfc816e7e1c3.jpg,564,1000,1,2025-10-29
2026-09-01,calca legging canelada,1152499360922795852,21,1,0,legging flanelada,s.shopee.com.br,https://s.shopee.com.br/6pzeWlXT9s?channel_type=pinterest,https://i.pinimg.com/originals/27/09/07/270907b9df03c37fd7432fd682a586a2.jpg,736,1308,0,2026-08-04
2026-09-01,calca legging canelada,1109715164490607638,22,19,0,"🔥 Conforto e estilo que modelam seu corpo! Essa legging canelada é perfeita para seus treinos ou looks casuais. Cintura alta, tecido que valoriza e super confortável. Disponíveis nas Cores: ❤️💙🖤 Garan",instagram.com,https://www.instagram.com/p/DFc6c6tOHe3/,https://i.pinimg.com/originals/f6/83/a2/f683a2783e460bfd9fdb01bf906d47bb.jpg,1440,1800,0,2025-05-07
2026-09-01,calca legging canelada,AdICCU3AZkyTrZPnMbnfuVJSYq4xhBuzRU4-aIyVvWVH_xLd-LJDvqKNAhvGy_AsYfgKaWUNYL5PPTJJLY32MSc,23,1,0,Love Tree High Waist,charmingcharlie.com,https://charmingcharlie.com/products/love-tree-high-waist-flare-active-leggings-with-side-pockets?variant=42990237253731,https://i.pinimg.com/originals/1f/a4/83/1fa483af70b350aeaa930340c1c04b4a.jpg,533,800,0,2025-09-19
2026-09-01,calca legging canelada,1076149273482351062,24,29,0,Calça legging canelada premium,s.shopee.com.br,https://s.shopee.com.br/4fsnJo1K7H?channel_type=pinterest,https://i.pinimg.com/originals/b0/01/22/b0012261cdc4deeedf41b69b3db3e243.jpg,1056,1892,1,2026-05-04
2026-09-01,calca legging canelada,ATLumhMWDecXgHgKCsa_z_pCZ6ILeZlS6ln_6t1xDADZriQ5xBg6TUZgE8lPu5LxauZScQPJGTsZ5l1YMzbCZwQ,25,0,0,Black Leggings High Waist,murrayboyne.myshopify.com,https://murrayboyne.myshopify.com/products/chicme-curveease-pu-leather-leggings-high-waist-curved-fleece-lined-tights-casual-pants?variant=54192693641529,https://i.pinimg.com/originals/60/b3/fc/60b3fca97da67e5889dfd413a010b229.jpg,768,1152,0,2026-08-20
2026-09-01,calca legging canelada,ATMUnkRVlNl0CRAi6_98D5-tz40-ZE4HlLGGNAMWycBUdnjBV4homi1MJbrbRGfrag8YuQkoqhHgvvHHWLg3elM,26,1,0,Temu | High-waisted,temu.com,https://www.temu.com/ul/kuiper/un3.html?subj=dpa-un&_bg_fs=1&_p_jump_id=1082&_x_vst_scene=adg&goods_id=605998962041944&adg_ctx=a-a439cc25~c-63d3630f&_p_rfs=1&_x_ads_channel=pinterest&_x_ads_creative_id=%7Bproduct_partition_id%7D&_x_ads_id=%7Badgroupid%7D&_x_ads_set=%7Bcampaignid%7D&_x_ads_sub_channel=shopping&_x_ns_catalog_id=1567707391772&_x_ns_creative=%7Badid%7D&_x_ns_gid=605998962041944&_x_ns_,https://i.pinimg.com/originals/08/56/25/0856254830b00dc907f162dbbbf91525.jpg,2000,3000,0,2026-08-03
2026-09-01,calca legging canelada,AaIY-5etyH_13d0rO4RhYfq-_aEp6VjKHymd0uU7iC48RYyGqrRsxVAKrDRhVQYYQ-fbNr-lxfZZGe3X6K4BdHI,27,0,0,YEOREO Women's Mini,amazon.com,https://www.amazon.com/YEOREO-Flared-Leggings-Scrunch-Workout/dp/B0DTK2PL2G/ref=asc_df_B0DTK2PL2G?hvdev=%7Bdevice%7D&hvcampaign=%7Bcampaignid%7D&hvadgroupid=%7Badgroupid%7D&hvprdptid=%7Bproduct_partition_id%7D&hvprdgrpid=%7Bpromoted_product_group_id%7D&hvcr=%7Bcreative_id%7D&hvadid=%7Badid%7D&hvprdid=%7Bproduct_id%7D&hvplc=%7Bplacement%7D&psc=1&tag=%7Bifnotmobile:ushpadpinde-20%7D%7Bifmobile:ushpa,https://i.pinimg.com/originals/93/85/77/93857779352357065ee064dfadd654f9.jpg,1043,1565,0,2026-04-14
2026-09-01,calca legging canelada,215046950953344487,28,88,0,"Calça Legging Flanelada Disponível P M G GG R$ 60,00 Garanta já a sua ! #calça #calcalegging #leggings #outono #lançamento",instagram.com,https://www.instagram.com/p/DYSj8XNBWTr/,https://i.pinimg.com/originals/2c/23/73/2c23734f171234657b9b4c3f3090f6ab.jpg,1440,1920,0,2026-06-25
2026-09-01,calca legging canelada,581949583143161417,29,14,0,Calça Legging canelada Premium 🖤,s.shopee.com.br,https://s.shopee.com.br/5VSQyPncI8?channel_type=pinterest,https://i.pinimg.com/originals/21/30/d5/2130d5b9ad0cf097b325364adea74e59.jpg,1080,1920,0,2026-07-16
2026-09-01,calca legging canelada,AWMVapidFUhvnC1HX-6fllzwpAGnnCA2bYmoqti9PYH9DAN9k1P743ZfpifHDemMo4QTGE63HTMKQ9SjlgCbYf0,30,0,0,Women's Legging Sculpt NW,nakedwardrobe.com,https://nakedwardrobe.com/products/the-nw-sculpt-legging?variant=45959869530341&utm_medium=cpc&utm_source=pinterest&utm_campaign=Pinterest%20Shopping&country=US,https://i.pinimg.com/originals/ab/98/9a/ab989ad2d62cdb0e8e7feea1d26f0dda.jpg,750,1000,0,2026-08-23
2026-09-01,calca legging canelada,208221182768479161,31,1,0,"￼Calça Legging Canelada de Cintura Alta Sem Costura para Academia Feminina, Elástica e Fitness",s.shopee.com.br,https://s.shopee.com.br/5Aqo8pBvix?channel_type=pinterest,https://i.pinimg.com/originals/cd/2a/11/cd2a119d8170153359bca68f69c3a05d.jpg,736,1104,0,2026-07-11
2026-09-01,calca legging canelada,708613322668894443,32,10,0,🤌🏻🤌🏻🤌🏻Comprei sem expectativa e me surpreendeu muitoooo,br.shp.ee,https://br.shp.ee/07bwjgzt?smtt=0.0.9,https://i.pinimg.com/originals/26/13/c4/2613c4e3089a6abc2a747e4c4b1f5e48.jpg,1200,1200,0,2026-06-09
2026-09-01,calca legging canelada,1093741459785229177,33,1,0,"Calça Legging Canelada de Cintura Alta Sem Costura para Academia Feminina, Elástica e Fitness🤎🤎",s.shopee.com.br,https://s.shopee.com.br/2gA5gbbHEm?channel_type=pinterest,https://i.pinimg.com/originals/d0/a1/b4/d0a1b43f718e8744f7eaf698ed293d84.jpg,736,1308,0,2026-08-04
2026-09-01,calca legging canelada,4592897644372566912,34,0,0,Calça Legging Fitness Canelada Cintura Alta Poliamida Sem Transparência Confortável Que Não Marca,br.shein.com,https://br.shein.com/ark/default?scene=1&test=5051&ad_type=DPA&goods_id=541721282&pf=PINTEREST&link_type=link&url_from=PINADSDPA&ismg=5b37515160c4cbd80aeae39c7eb179ac9c1352c40ded52a31d8320efbd398c23_01_1788195900,https://i.pinimg.com/originals/f5/5a/dd/f55add2c37548da5cb88bb1a981b572f.jpg,1200,1540,0,2026-08-18
2026-09-01,calca legging canelada,784400460139355067,35,2,0,"Legging Canelada Cintura Alta Sem Costura | Fitness, Academia e Conforto",s.shopee.com.br,https://s.shopee.com.br/2B5lsLyQrR?channel_type=pinterest,https://i.pinimg.com/originals/dd/47/cf/dd47cf6c97a9e3a2750b1e34b41f1ae6.png,1024,1536,0,2025-09-25
2026-09-01,calca legging canelada,1123085225860579614,36,3,0,Calça Legging Canelada Preta - Cintura Alta Com Costura Realça Bumbum,s.shopee.com.br,https://s.shopee.com.br/4LB2EXyYTA?channel_type=pinterest,https://i.pinimg.com/originals/73/57/2a/73572a7455908c8bbac3055c68088036.jpg,750,750,0,2026-02-06
2026-09-01,calca legging canelada,673499319311994786,37,109,0,calça legging canelada,s.shopee.com.br,https://s.shopee.com.br/4fhLJMMLVX?channel_type=pinterest,https://i.pinimg.com/originals/88/f2/67/88f267973c37f64c6152fb63eaf9f7d6.jpg,1168,1752,0,2025-02-13
2026-09-01,calca legging canelada,751538256614142441,38,2,0,"￼Calça Legging Canelada de Cintura Alta Sem Costura para Academia Feminina, Elástica e Fitness🤎🍄‍🟫",s.shopee.com.br,https://s.shopee.com.br/4qE17xVGZW?channel_type=pinterest,https://i.pinimg.com/originals/70/71/c1/7071c139c50e6ffd31d60bd47d1c7630.jpg,736,980,0,2026-07-13
2026-09-01,calca legging canelada,976999712965344084,39,4,0,,,,https://i.pinimg.com/originals/41/b8/6d/41b86d438ef889f84ae2a1565a115e15.jpg,736,1008,0,2026-07-25
2026-09-01,calca legging canelada,AcIfPQtmCN1IRb-K5gvjiS4I9cbAtAXmJHeSPP_JkjaPcErNacyArWcj-A1NQLd6hKyyLC9j-7G_GqbDD4QIiNE,40,1,0,Fabletics Women's Oasis,fabletics.com,https://www.fabletics.com/products/OASIS-PURELUXE-HIGHWAISTED-LEGGING-LG2500564-9388?utm_medium=paid_social_media&utm_source=pinterest&utm_campaign=productfeed,https://i.pinimg.com/originals/f1/04/8f/f1048f13c63e2b6affe0cd25f371a874.jpg,998,1498,0,2025-12-30
2026-09-01,calca legging canelada,AXC5tm3UqGUsWTzISf3Zpl9Pj1E7sI1XgsqzIARJblXeK9OVFH4SapXMy-WQqya5YGHM84qDN99ocBp39bobtfY,41,1,0,Adore Me - Empower,adoreme.com,https://www.adoreme.com/empower-legging-dark-purple?utm_campaign=product_feed&utm_medium=paid&utm_source=pinterest,https://i.pinimg.com/originals/00/44/38/004438f66b7bf52b52d2cdf9b87ad419.webp,2048,2610,0,2026-04-28
2026-09-01,calca legging canelada,217439488255696297,42,36,0,"A calça perfeita existe e eu posso provar! Seu toque é aveludado proporcionando conforto, qualidade e zero transparência! Treine com segurança e estilo ✨ #canelado #legging #gym #academia #roupafitnes",instagram.com,https://www.instagram.com/p/DQaUHUCibQy/,https://i.pinimg.com/originals/d2/cf/ea/d2cfeaa7a17476040cc60ebcaec1bfe4.jpg,1242,1650,0,2025-12-10
2026-09-01,calca legging canelada,722264859023369870,43,7,0,Legging,s.shopee.com.br,https://s.shopee.com.br/7Km9dCh3kc?channel_type=pinterest,https://i.pinimg.com/originals/24/3c/ed/243ced6297e9aa5d9d50743fab40e122.jpg,1080,1920,0,2024-11-14
2026-09-01,calca legging canelada,AZs-uVR-zFctsG_YDrkF6w06BYvF4NbVQzXyzdMMnUmOjGkIebKtsgVr1DtvGgLiTuztrbgFPQ3rplCsnFFgPEg,44,1,0,Leggings,fwrd.com,https://www.fwrd.com/product-moncler-grenoble-leggings-in-olive-green/MOBF-WP20/?d=Womens,https://i.pinimg.com/originals/35/37/e7/3537e7cd12797e7f9b19c65c4ee0c5a0.jpg,967,1450,0,2026-02-27
2026-09-01,calca legging canelada,ATNjp2S5U1Zx2tLc1FPupMwUHYnBLR6OEp-4zPCLmF9lh0fo-2sLF5U-CZQTeQLh7x2E1s81Qdv44g6u-L-KUXg,45,4,0,YEOREO Boost Amplify,amazon.com,https://www.amazon.com/YEOREO-Amplify-Leggings-Seamless-Athletic/dp/B0CMQJJYJL/ref=asc_df_B0CMQJJYJL?hvdev=%7Bdevice%7D&hvcampaign=%7Bcampaignid%7D&hvadgroupid=%7Badgroupid%7D&hvprdptid=%7Bproduct_partition_id%7D&hvprdgrpid=%7Bpromoted_product_group_id%7D&hvcr=%7Bcreative_id%7D&hvadid=%7Badid%7D&hvprdid=%7Bproduct_id%7D&hvplc=%7Bplacement%7D&psc=1&tag=%7Bifnotmobile:ushpadpinde-20%7D%7Bifmobile:us,https://i.pinimg.com/originals/7a/90/55/7a9055f48ab3ad2c5772c69c0a11c4bf.jpg,1075,1613,0,2025-11-12
2026-09-01,calca legging canelada,738731145174382818,46,25,0,Conjunto Feminino Academia Canelado Fitness Poliamida Calça Legging e Top,s.shopee.com.br,https://s.shopee.com.br/70J9UyQX6K?channel_type=pinterest,https://i.pinimg.com/originals/dc/86/f8/dc86f856c382f711bb932d37ef644183.png,941,1672,0,2026-08-16
2026-09-01,calca legging canelada,699957967132223798,47,1,0,"Calça Legging Canelada de Cintura Alta Sem Costura para Academia Feminina, Oferta relâmpago.",s.shopee.com.br,https://s.shopee.com.br/9KgGcGlMMX?channel_type=pinterest,https://i.pinimg.com/originals/2b/61/7d/2b617de823cf5a47fdba9a62cf5ee406.jpg,1200,2133,0,2026-07-07
2026-09-01,calca legging canelada,833025262367874887,48,2,0,jelik fashions Calça Legging Tecido Poliamida Canelado Premium Sem Transparência Academia Fitness,onelink.shein.com,https://onelink.shein.com/17/52u7bdctia02,https://i.pinimg.com/originals/72/a9/09/72a909bad750e403f26cb6365fb13330.jpg,1340,1785,0,2025-10-03
2026-09-01,calca legging canelada,ARTIicCak4HCOqK1DCVg-9cHPQONJc1Zbl1dWTGb_A_KZtaVEYo6-9QGBrNUVTR0sNlcOTPi9l9p9Si0tzYnsDw,49,0,0,4505 Hourglass micro rib,asos.com,https://www.asos.com/us/4505/4505-hourglass-micro-rib-knit-wrap-waist-slim-kick-yoga-leggings-in-black/prd/209489259?browseCountry=US&browseCurrency=USD,https://i.pinimg.com/originals/6b/a1/da/6ba1da378858255a4d2c1f2966ca42f0.jpg,1080,1620,0,2026-05-05
2026-09-01,calca legging canelada,632052129002671901,50,1,0,Calça Legging Flare,meli.la,https://meli.la/1ni6hZA,https://i.pinimg.com/originals/56/8a/59/568a5958d1da2d32b8277309ed8b081b.jpg,750,950,0,2026-08-20
2026-09-01,calca legging canelada,AUmvfTdrKnxOx_TY5_ql5Mjoz6G8yOsObdEOB8MoeCp0Ceof9iQXUs3x_iKyGR81-fyw7lAxAKeip3F4niAXdXY,51,430,0,Amazon Workout Essentials,amzlink.to,https://amzlink.to/az0hQHzBlmvL4,https://i.pinimg.com/originals/30/c2/11/30c211934f5128660b642a9ceeeaa06e.png,1000,1500,0,2026-06-16
2026-09-01,calca legging canelada,AWPmrepg-L3rmu8c48ufyRH8aNfGDWOg79UKCy9q5wr3XDoOJ5MSaQvNE8NNNZeIOhJlU0-Lz5GT_lWSHqXo_Ug,52,271,0,Neutral Outfit Staples I,amzlink.to,https://amzlink.to/az0I6ThhgFMCl,https://i.pinimg.com/originals/20/cb/8c/20cb8c815ba1d6f7aa7e9b1f787ebaa6.png,1000,1500,0,2026-03-15
2026-09-01,calca legging canelada,AVPUVGZfFT4qGRvs93E9H_W5kgpav6BQ3erQsWUR_y6qscgW4Z6s-xP9ALrwSOUw8II51kh75F6ZcMOKw_b5Wyk,53,1,0,BlissBlend™ Collection by,vuoriclothing.com,https://vuoriclothing.com/collections/vuori-blissblend,https://i.pinimg.com/originals/c6/56/55/c656551e75e7b5f23ae4b7b063826b0a.jpg,1200,1500,0,2026-06-22
2026-09-01,calca legging canelada,4609082502081859648,54,0,0,Calça Legging Feminina Canelada Poliamida Sem Transparência Fitness Cintura Alta Modela o Corpo,br.shein.com,https://br.shein.com/ark/default?scene=1&test=5051&ad_type=DPA&goods_id=541893581&pf=PINTEREST&link_type=link&url_from=PINADSDPA&ismg=7a41b25f3a925421d08f11c01796ebf66b1d14e7ac36dc2db899a9cfb2ebf88f_01_1788109747,https://i.pinimg.com/originals/f4/b8/15/f4b8157c09a1ff0de71b7621c3591215.jpg,1200,1540,0,2026-08-14
2026-09-01,calca legging canelada,AQdji1nW05El5bceMw9hnJ7wDwOym5dyM6PhizS4tN5dOlfpPUBOgR4h1QY0VzgtfgLFR7onco3TdDts59M_fIY,55,4,0,Black Jeans,pinterest.com,https://www.pinterest.com/hnagda0056/,https://i.pinimg.com/originals/52/55/38/5255381f1d814c3be581628c5a39f188.png,328,649,0,2026-08-13
2026-09-01,calca legging canelada,650910952432760285,56,27,0,"✨ Conforto que abraça, estilo que eleva. Tricot em ponto clássico Biamar, no tom rosé mais delicado da estação + legging fuseau canelada com cintura média e toque macio. Look pensado pra quem quer se ",instagram.com,https://www.instagram.com/p/DMGBoCksKlu/?img_index=4,https://i.pinimg.com/originals/04/3d/95/043d95a0cfb631db932e5b0d5c635303.jpg,1440,1920,0,2025-07-15
2026-09-01,calca legging canelada,AXoidGF54wAID4ZEpe9Npb3DBsIeGySZSQboV7b77sSH_T3HCXg-4NmprdgPz_iEFBAWyl2QS8Wz62N0FK9Rz0U,57,0,0,Gap Sweats. The,gap.com,https://www.gap.com/browse/boys/sweatshirts-and-sweatpants?cid=1117991,https://i.pinimg.com/originals/85/65/8b/85658b390055d9dbc2e1d7df94f49865.jpg,1000,1500,1,2026-08-18
2026-09-01,calca legging canelada,4591701421070990976,58,4,0,Legging Fitness Feminina Preto Canelada Com Cós Alto Seamless+ Dlk - PRETO / M,dlk.com.br,https://dlk.com.br/products/legging-fitness-feminina-preto-canelada-com-cos-alto-seamless-dlk?variant=47689374761172,https://i.pinimg.com/originals/50/32/fe/5032febf641389f0a9d3f0966ceb473f.jpg,1000,1428,0,2026-06-18
2026-09-01,calca legging canelada,AVSHMQQPOFWoO6PsHOCqV1W_Om-SsiVACRgIIG_1fCxIl76WCmuab_f0sFkF4LcQYM2orohU_calzqRFjQR4X4U,59,0,0,Quince | Women's,quince.com,https://www.quince.com/women/leggings-recycled?color=heather-shell-pink&size=m&utm_source=pinterest&utm_medium=paid_social&utm_campaign=%7Bcampaign_name%7D&utm_adgroup=%20%7Badgroup_name%7D&utm_campaignid=%7Bcampaignid%7D&utm_adgroupid=%7Badgroupid%7D&utm_adid=%7Badid%7D&utm_creative=%20%7Bcreative_id%7D&utm_content=%7Badid%7D&utm_term=%7Badgroupid%7D&productid=%7Bproduct_id%7D,https://i.pinimg.com/originals/84/ba/7b/84ba7bcb3ee6fae18b0965d5a8cc6ba7.jpg,1000,1500,0,2026-08-21
2026-09-01,calca legging canelada,AZW1i3RO8rXUyIFsGnScO--knsI_SJjAthIxXsElMHE-ZTfc9J5Cw0yjtJDOFYfFxj4pve6-mkKPwJjNLOiLe9Y,60,0,0,NikeSKIMS Satin Shine,nike.com,https://www.nike.com/t/nikeskims-satin-shine-womens-high-waisted-bonded-26-leggings-icfUtgep/IR5078-249?dplnk=member?nikemt=true,https://i.pinimg.com/originals/98/6e/58/986e58d1bbc5336efa05dbbc5d7c7a02.jpg,1000,1500,0,2026-08-01
2026-09-01,calca legging canelada,4606760300163559296,61,0,0,Calça Legging fitness Canelada alto relevo Poliamida Ultra Premium Chill Cor:;Tamanho:GG - Off White | Netshoes,netshoes.com.br,https://www.netshoes.com.br/p/calca-legging-fitness-canelada-alto-relevo-poliamida-ultra-premium-chill-cortamanhogg-off+white-GH6-0051-205,https://i.pinimg.com/originals/19/4f/e4/194fe419fdfd652b2862910f8721a67b.jpg,1088,1088,0,2026-08-17
2026-09-01,calca legging canelada,AfHG7MjUC2SCfCKGoEpmTIw8kVVw5GKMmn7zfn-vxdFWsD3WwHWWhRUDi0eHmkAflWut5gZAo42LYnXLtxTjzBA,62,1,0,The Pants of the Season,freepeople.com,https://www.freepeople.com/fpmovement/shop/quick-step-bubble-pants/,https://i.pinimg.com/originals/c9/48/ca/c948cabb9a9acbdfc7dc52e0002b930a.jpg,2268,3402,0,2026-08-10
2026-09-01,calca legging canelada,AfALxudzDGo6yckHCN3fHO1O_244O-83Wl6d_NWrtswJhv1TtKl5KUIckMMY17dfClFZq6bfz-ixDdi7YohlMxc,63,1,0,Kari Traa Women's Ines,rei.com,https://www.rei.com/product/C08312/kari-traa-ines-base-layer-pants-womens?cm_mmc=sm_pin_76513-_-ao-_-pinterest-_-conv,https://i.pinimg.com/originals/a6/2a/aa/a62aaa65e0625653499d85e302f0933a.jpg,2000,2000,0,2026-07-22
2026-09-01,calca legging canelada,376895062587712088,64,1,0,Shopee Brasil | Ofertas incríveis. Melhores preços do mercado,shopee.com.br,https://shopee.com.br/Cal%C3%A7a-Legging-Canelada-Premium-de-Cintura-Alta-Sem-Costura-Academia-Feminina-El%C3%A1stica-e-Fitness-i.790634216.22699042632?channel_type=pinterest,https://i.pinimg.com/originals/7d/2e/23/7d2e23a1e415ea6ef8172ec671349300.webp,828,828,0,2026-03-04
2026-09-01,calca legging canelada,663788432617758339,65,1,0,"A legging mais procurada agora na Start Fit 🩷⚡️ A calça canelada famosa por seu conforto, qualidade e zero transparência 🤩 #canelada #modafeminina #academia #treinofeminino #dicasfit #ﬁtness #explore ",instagram.com,https://www.instagram.com/p/DL7XezzA0n8/,https://i.pinimg.com/originals/70/ca/c4/70cac44c52ee146c729616c3ae1a24ef.jpg,1080,1350,0,2025-08-20
2026-09-01,calca legging canelada,735212707955290631,66,17,0,Nesse frio essas calças são maravilhosas ❤️,s.shopee.com.br,https://s.shopee.com.br/6fVesNdHiW?channel_type=pinterest,https://i.pinimg.com/originals/55/e2/8b/55e28b8013fe8ec6c4ca07384eeb2d9c.jpg,720,865,0,2025-04-29
2026-09-01,calca legging canelada,AcC76gpjs8WlqmPZNPhOUZBq8qGseDM9m6A6dTpQ-7RUsJqH_YE5s9wn6Rh9BW2Zvt2Id5VvY7_--TwiuetZack,67,1146,0,Stylish Going Out Outfits,amzlink.to,https://amzlink.to/az0sMRyAHOgsO,https://i.pinimg.com/originals/43/c3/e5/43c3e5d130a09b724c15fe5ea135d51e.png,1000,1500,0,2025-08-05
2026-09-01,calca legging canelada,ASFA8oDTsxxRs0EGY0YJuqn14NM2yy5g22zA--_0HDNK7V_9Ik-8d7I78nbYHvl7tKxrlM-TMxhiopeqXHsQuAI,68,78,0,Pink and White Spring,amzn.markable.ai,https://amzn.markable.ai/GcGug1Qo,https://i.pinimg.com/originals/ab/06/bd/ab06bd529350946cbdcfaf0de6d34dfd.png,1000,1500,0,2026-04-16
2026-09-01,calca legging canelada,ATsJMfeZoaqyvFFLlJuEMH_bs0VqQm4JJRHDzOgSgJHb5lOAWpPVsZ1g2QI_l-PkX4Ai3A37yUV3y5xiuCuoxRU,69,1,0,New Summer Drops!,fabletics.com,https://www.fabletics.com/dmg/A39B3F?utm_medium=paid_social_media&utm_source=pinterest&utm_campaign=pin_campaign_id_%7Bcampaignid%7D&utm_content=pin_adgroup_id_%7Badgroupid%7D&utm_term=pin_id_%7Badid%7D&nbt=nb:pinterest::%7Bcampaignid%7D:%7Badgroupid%7D:%7Badid%7D&nb_kwd=%7Bkeyword%7D&nb_device=%7Bdevice%7D&nb_platform=pinterest&nb_pn=%7Bproduct_name%7D&nb_ppgid=%7Bpromoted_product_group_id%7D&nb_,https://i.pinimg.com/originals/0e/37/0d/0e370d0ecd221b83cc118747814c201c.png,1000,1500,0,2026-08-06
2026-09-01,calca legging canelada,4593460587248903936,70,1,0,Calça Canelada Feminina 3D Montaria Legging Com Cinto Cintura Alta Bolso,br.shein.com,https://br.shein.com/ark/default?scene=1&test=5051&ad_type=DPA&goods_id=115733789&pf=PINTEREST&link_type=link&url_from=PINADSDPA&ismg=453d18c68c2dea0b2499da873580f3cea5f7cb7d29b00d997552ea3859018df3_01_1788195780,https://i.pinimg.com/originals/56/46/b7/5646b78f4ed9957a6d92cfbb1c70e6a3.jpg,1340,1785,0,2026-02-08
2026-09-01,calca legging canelada,1115133557759431532,71,1,0,CALÇA LEGGING FETNESS HIP LIFT CINTURA ALTA YOGA CORES VARIADAS,s.shopee.com.br,https://s.shopee.com.br/7pqHWw5taj?channel_type=pinterest,https://i.pinimg.com/originals/32/10/15/3210151d3d83bc6804edead527cc92b9.jpg,736,1104,0,2026-05-22
2026-09-01,calca legging canelada,1117385357577592046,72,1,0,✨ Calça Legging Canelada de Cintura Alta Sem Costura para Academia Feminina 💪,tr.ee,https://tr.ee/DtFxHh9BI8,https://i.pinimg.com/originals/a2/1f/8e/a21f8eeb9f393646125ee7965c4a740a.webp,800,800,0,2026-05-01
2026-09-01,calca legging canelada,AaBPxDdMUrklJIeJbYoN1Z9DgFWVM7JDx30-9Naj-Wicz0FApz2rg0uQeT05ZRwR2vxdj337CVN24eleQ6PkC3A,73,8,0,Wear It Your Way,vans.com,https://www.vans.com/en-us/c/matching-sets-2029,https://i.pinimg.com/originals/66/a1/ef/66a1eff1116a72007ca72b6304913432.jpg,1080,1350,1,2026-07-16
2026-09-01,calca legging canelada,622974560996661778,74,1,0,Minhas listas de recomendações,mercadolivre.com,https://mercadolivre.com/sec/1KtRNfY,https://i.pinimg.com/originals/ec/9b/ac/ec9bac475e022e474e930787dd9c2ce0.jpg,640,640,0,2025-08-23
2026-09-01,calca legging canelada,1116752038886158887,75,0,0,"Comenta “QUERO” e receba o link! 🖤 Legging canelada, conforto total, caimento perfeito. #leggingcanelada #modafitness #roupadeacademia #legging #confortoeestilo",instagram.com,https://www.instagram.com/reel/DcCOYsvRQWH/,https://i.pinimg.com/originals/cf/87/cf/cf87cfb55ef76bc1d0708620f71998b8.jpg,640,1136,1,2026-08-15
2026-09-01,conjunto fitness feminino,AbYnEG6yj8BMQGz5XRegxzlaOyeEAs6lojINLI-w3SkDNYqp_IaZosVK_i2MSCjnM31nSB_i3SyrMBaBeuKOkm4,2,11,0,"Get up to $1,250 off",onepeloton.com,https://www.onepeloton.com/offers,https://i.pinimg.com/originals/cf/f8/4a/cff84a8dc32979ea3183ef181e7f47b8.jpg,1081,1621,0,2026-08-24
2026-09-01,conjunto fitness feminino,575827502378488489,3,33,0,Roupa fitness,onelink.shein.com,https://onelink.shein.com/46/5y2cv259wodh?ismg_ol=c532bc9fd3cdee47bfb0dca2c31ac31dd4be56e8fe2bafc9ced1f5d2320d2c6d_01_KOC-C,https://i.pinimg.com/originals/39/4a/d5/394ad5af16c8a1e6c290b80e03604235.jpg,1080,1920,0,2026-08-22
2026-09-01,conjunto fitness feminino,AXTn1Ko09-3TmOTdZNvpCNB1ENP39IDaW5RdPssHzLOKOIXLi18mCMzyfuezqwG0DqRRAXHUMgvEHPcuqlOSqQI,4,430,0,Amazon Workout Essentials,amzlink.to,https://amzlink.to/az0hQHzBlmvL4,https://i.pinimg.com/originals/30/c2/11/30c211934f5128660b642a9ceeeaa06e.png,1000,1500,0,2026-06-16
2026-09-01,conjunto fitness feminino,120471358777813712,5,46,0,,,,https://i.pinimg.com/originals/98/84/88/988488c5b81152e9e69db7a8ce3ee2c4.png,1024,1536,0,2026-08-04
2026-09-01,conjunto fitness feminino,AewQTgV7XLRp5x_NrhlmkPPG17WGyV-drSN-5aYYucbnm_tiVpGeMG96JwyEOW-9XAiQ_-7jLL7WAwViKYGp-wM,6,316,0,Amazon Workout Pieces,amzlink.to,https://amzlink.to/az0Vd3bXPYd4E,https://i.pinimg.com/originals/7a/f5/88/7af588c46af4fc8bcc6f38f0d4498fb6.png,1000,1500,0,2026-04-15
2026-09-01,conjunto fitness feminino,AUJ8l7Zn_F1yFPcEui4INbWoqKpwUh-pErHz3j_yrSukoikuzQbQessyUvBriomx7UC-_OD_DRz20KIZQG23BLE,7,1,0,BlissBlend™ Collection by,vuoriclothing.com,https://vuoriclothing.com/collections/vuori-blissblend,https://i.pinimg.com/originals/c6/56/55/c656551e75e7b5f23ae4b7b063826b0a.jpg,1200,1500,0,2026-06-22
2026-09-01,conjunto fitness feminino,69524387998264836,8,5,0,Matching Crop Top And Leggings Set - 20 Crop Top Gym Outfit Ideas Stylish Sets for Every Workout,sewmamasew.com,https://www.sewmamasew.com/20-crop-top-gym-outfit-ideas/,https://i.pinimg.com/originals/48/3a/c4/483ac4b98caeaa2d34465bb8669119b8.jpg,1080,1920,0,2026-08-20
2026-09-01,conjunto fitness feminino,AdI00FQDNITvhHfAHyVqZE-GhpNjP_F78MHQsdQh1s4Om2EZ5ke67_3yYqpR0iG7FlBzi4szES5HPZQTkQghhyU,9,1,0,New Color Drop!,fabletics.com,https://www.fabletics.com/dmg/A39B3F?utm_medium=paid_social_media&utm_source=pinterest&utm_campaign=pin_campaign_id_%7Bcampaignid%7D&utm_content=pin_adgroup_id_%7Badgroupid%7D&utm_term=pin_id_%7Badid%7D&nbt=nb:pinterest::%7Bcampaignid%7D:%7Badgroupid%7D:%7Badid%7D&nb_kwd=%7Bkeyword%7D&nb_device=%7Bdevice%7D&nb_platform=pinterest&nb_pn=%7Bproduct_name%7D&nb_ppgid=%7Bpromoted_product_group_id%7D&nb_,https://i.pinimg.com/originals/95/cb/7c/95cb7c21a3889f5b23f0c9486196fc49.jpg,1000,1500,0,2026-08-19
2026-09-01,conjunto fitness feminino,59250551351893971,10,7183,0,Lulu,,,https://i.pinimg.com/originals/55/ff/cc/55ffccdfce52ce9c33ca983b5c2db24b.png,1024,1536,0,2026-06-07
2026-09-01,conjunto fitness feminino,AYCH2DDk1AkKcq9EcOLpqp1eDRNlzi4vUMZCCn73o8tC0W5qCNsR1gOHBFeZ4d9XRFGhh-zR0D8IK06AZ7hlU40,11,1,0,"Everyday Seamless,",gymshark.com,https://www.gymshark.com/?utm_medium=paid_social&utm_source=pinterest&utm_campaign=%7Bcampaignname%7D&utm_content=%7Badgroupid%7D&utm_term=%7Badid%7D&utm_ID=%7Badgroupname%7D,https://i.pinimg.com/originals/b5/b6/2c/b5b62ce6fe6a108f7da0ae4fbf4e72ec.jpg,1080,1920,0,2026-07-01
2026-09-01,conjunto fitness feminino,157555686962424799,12,103,0,,,,https://i.pinimg.com/originals/3b/09/95/3b0995d7e460202281255ee9884dbf93.jpg,736,1338,0,2026-07-12
2026-09-01,conjunto fitness feminino,AZtLR1vV6pra3oArTdvwpus9ZCc5qVSa9piTZIUhUhLAYrdaZ3Atc2Jxs8N8CRIZ3OYoZeZD2lF4k43ab0551ZI,13,78,0,Pink and White Spring,amzn.markable.ai,https://amzn.markable.ai/GcGug1Qo,https://i.pinimg.com/originals/ab/06/bd/ab06bd529350946cbdcfaf0de6d34dfd.png,1000,1500,0,2026-04-16
2026-09-01,conjunto fitness feminino,ATj2BCaSJoT1jOpIhedQUUyLRurqX1Qfr9G61oERda5KytA6E0oCZJnHxtJnFxurFzEoDWq5zhWDkoh962XJxDg,14,0,0,2pcs Women's Sports Suit,us.shein.com,https://us.shein.com/ark/default?scene=1&test=5051&ad_type=DPA&goods_id=476368218&pf=PINTEREST&url_from=PINADSDPA&ismg=4f93712a38cb00d96fc66142b45540b3ea7dfc9330715994b5296bcf75e740b2_01_1788193908,https://i.pinimg.com/originals/0c/d8/4b/0cd84b15abd3856f06940b33b762c825.jpg,1065,1598,0,2026-07-10
2026-09-01,conjunto fitness feminino,14707136282189088,15,934,0,Pearl's Amazon Page,amazon.com,https://www.amazon.com/shop/moodmade?ref_=cm_sw_r_apann_aipsfshop_5P24BPHGA1H957ZY2SSH&language=en-US&ccs_id=357f6e80-b65a-403f-bcf8-c0b9e69d3e40,https://i.pinimg.com/originals/21/99/14/21991452025fbc0407f1e67984831eca.jpg,736,1104,0,2026-02-18
2026-09-01,conjunto fitness feminino,AUZlNhg3RCC6t8loc8WFIO7OPWN_ddAxTk0WAzwbESeJMxBRT-EQXpT9xHSvsTF8snqbSOyI3sfHfMZ673u7ocg,16,730,0,Amazon Workout Outfit,urlgeni.us,https://urlgeni.us/amzn/dEfjJ2,https://i.pinimg.com/originals/15/5c/48/155c48e1f8e50621a814310d09b8ad2d.png,1000,1500,0,2026-02-03
2026-09-01,conjunto fitness feminino,AQirBm_Cz9K-hNYQDz76YO3d2zcOT8lf08RauuJ9i2uq2w5qzivWGC5DvXgJtBOKAZUTOv1kpVNRgiwSpdQ7aRg,17,2,0,Fall Athleisure You’ll,amzlink.to,https://amzlink.to/az0YY8fy6517X,https://i.pinimg.com/originals/60/57/de/6057de7b13feb39c11fd41ef1086d2c9.png,1000,1500,0,2026-08-07
2026-09-01,conjunto fitness feminino,225109681371539237,18,99,0,💖,onelink.shein.com,https://onelink.shein.com/44/5wrwl4rxckko,https://i.pinimg.com/originals/2b/95/a2/2b95a2aa5b59b229d58640fc8d690dfa.jpg,1080,1920,0,2026-08-11
2026-09-01,conjunto fitness feminino,357262182964020827,19,11,0,Kit Conjunto Fitness Feminino: Top e Legging para Academia,meli.la,https://meli.la/2HAuDTr,https://i.pinimg.com/originals/8e/c5/90/8ec5909e27c08a2cb103c8eab5947891.png,1024,1536,0,2026-08-17
2026-09-01,conjunto fitness feminino,AWLiXX9pb5B6uw4VCSl3ZsMM2CCVCOoC6Q_JYxGO_Kq8XC0LgzHblDkz7OByXg3gATPHCpJHjxvsb1NQlPT2H3I,20,138,0,The ultimate glow up for,upliftbylindseyharrod.com,https://upliftbylindseyharrod.com/pages/shred-for-the-wed-2-0,https://i.pinimg.com/originals/8d/bd/a0/8dbda0c2896c113903ee4f478bac6ad9.png,1080,1920,0,2026-02-24
2026-09-01,conjunto fitness feminino,Achjk_b9isiH6qUW2eawiyVGYTFiFDFnSWIy7vBbjX0lBDDH7yuAQWP5gYt8s65MlkF8vYBatVXoxykt_N9Y0y8,21,3,0,Scrunch butt lifting gym,herwell-life.com,https://herwell-life.com/product/voyjoy-women-workout-impact-shorts-2-5-3-6-4-5-6-scrunch-butt-lifting-gym-seamless-booty-biker-shorts/,https://i.pinimg.com/originals/d6/93/c7/d693c78a8ba43c26cc0ffa50051a5227.png,992,1056,0,2026-06-27
2026-09-01,conjunto fitness feminino,16395986141551245,22,178,0,Red Pilates Outfit Set for Women | Halter Top & Flared Leggings,,,https://i.pinimg.com/originals/ae/4d/05/ae4d05da3e3cfeeb5e57a2207b47ea12.png,941,1672,0,2026-08-12
2026-09-01,conjunto fitness feminino,AWa73ZE7LpldkrldHux-lUCaxJvZEVar3Ev30h_uTz5-sioEVGKtrT2SBJ75F1PSJpMUCeb9m9wudCJZpSduCa0,23,3998,0,WISKII Season's Must -,wiskiiactive.com,https://wiskiiactive.com/collections/2024-winter-essentials,https://i.pinimg.com/originals/bd/20/08/bd2008f4a93cc18aad384f1c8247909d.jpg,720,1280,1,2024-12-11
2026-09-01,conjunto fitness feminino,1008313804097528456,24,1,0,Conjunto Fitness Feminino,s.shopee.com.br,https://s.shopee.com.br/40fKzvA1DH?channel_type=pinterest,https://i.pinimg.com/originals/8b/12/6d/8b126d2303b9b8eb609b06e158f78eb8.jpg,1080,1920,0,2026-07-31
2026-09-01,conjunto fitness feminino,4503668374551022,25,117,0,conjunto de academia 😍👇🏻,onelink.shein.com,https://onelink.shein.com/45/5x6aiiy7a3o5,https://i.pinimg.com/originals/90/8e/2b/908e2b0e9940d60c4fefcff6ecb1835b.png,941,1672,0,2026-08-11
2026-09-01,conjunto fitness feminino,ActvKUjqQwtevy0Wc7jFFcAY6VKB0uHyj9e9dlkO3Ufx4DZvpK30UQQW9kpne3SdxCZKa0Ig_qbdRvE6bep2dbE,26,5,0,High waisted butterluxe,herbalancedlife.org,https://herbalancedlife.org/product/crz-yoga-womens-butterluxe-high-waisted-yoga-leggings-25-double-seamed-buttery-soft-comfy-athletic-gym-workout-pants/,https://i.pinimg.com/originals/7b/92/02/7b92022b7fc84c8c9324dafb0c156f46.png,768,1344,0,2026-07-01
2026-09-01,conjunto fitness feminino,4609152847083829632,27,149,0,20 Stylish Barry's Bootcamp Outfit Ideas to Sweat,sewmamasew.com,https://www.sewmamasew.com/20-barrys-bootcamp-outfit-ideas/,https://i.pinimg.com/originals/dd/bf/cf/ddbfcfd20ad7db887768a1bac9e507e9.jpg,720,1279,0,2026-05-16
2026-09-01,conjunto fitness feminino,233694668162233238,28,17,0,CONJUNTO FEMININO FITNESS,s.shopee.com.br,https://s.shopee.com.br/4VbMdftJFT?share_channel_code=1&channel_type=pinterest,https://i.pinimg.com/originals/36/fa/b6/36fab687f54ecab14bfaf40685aa0cfe.jpg,1080,1920,0,2026-08-21
2026-09-01,conjunto fitness feminino,19492210990246894,29,181,0,conjunto preto,onelink.shein.com,https://onelink.shein.com/44/5x1m7gwgc7gq,https://i.pinimg.com/originals/88/fd/da/88fdda6d2fb5893319edaa06736e04a5.png,941,1672,0,2026-08-20
2026-09-01,conjunto fitness feminino,728527677262200654,30,799,0,Aesthetic Black Gym Set | Amazon Activewear Inspo,liketk.it,https://liketk.it/5TWLT,https://i.pinimg.com/originals/e9/2b/a3/e92ba339a5814ebe73290abbe6f813c8.png,1024,1536,0,2026-02-18
2026-09-01,conjunto fitness feminino,4590645879845447040,31,102,0,30 Pilates Outfit Ideas 2026 For Fresh Studio Style Trends,sewmamasew.com,https://www.sewmamasew.com/30-pilates-outfit-ideas-2026/,https://i.pinimg.com/originals/b4/bf/1a/b4bf1aecda16d8a840e147436ab27add.jpg,720,1279,0,2026-07-24
2026-09-01,conjunto fitness feminino,533887730850938955,32,6,0,Conjunto Fitness Feminino Calça + Top | Tecido Ana Ruga Cós Alto Modelador,meli.la,https://meli.la/2esyxEP,https://i.pinimg.com/originals/7b/65/ef/7b65ef98638f1e14ac1ce2ab0e11247e.png,1536,2730,0,2026-08-13
2026-09-01,conjunto fitness feminino,AYrqnGDAhNsclc60A2wiwq_8L9jzsuRnQBzmwlWk51cuCSD-vpP8zZnii6q7Wy-Rol34xtO10DZTe6xfrHAfru0,33,1,0,High waisted athletic,bloomwellco.org,https://bloomwellco.org/product/ce-cerdr-womens-athletic-workout-short-high-waisted-elastic-running-shorts-with-pockets-for-gym-casual-2/,https://i.pinimg.com/originals/e0/2a/9c/e02a9c264693d17238f5a33b82ab17ae.png,1024,1024,0,2026-07-07
2026-09-01,conjunto fitness feminino,205476801746040788,34,34,0,conjunto academia,onelink.shein.com,https://onelink.shein.com/46/5yajbhnxv6ko?ismg_ol=91bbbe1b95bf54650c6ab974354b77c485711bc69d2e440fd24ad9dce23e4bcb_01_KOC-C,https://i.pinimg.com/originals/35/d0/67/35d06720d32a029c8128760d63f3541c.webp,1184,2096,0,2026-08-21
2026-09-01,conjunto fitness feminino,10766486607624691,35,565,0,,,,https://i.pinimg.com/originals/30/08/ce/3008cea5933588b59c0d49a926c1e4ec.jpg,1024,1536,0,2026-07-25
2026-09-01,conjunto fitness feminino,AYnGvD6W4ut0-35JO5MAf-y72zfKmD70sZwxquvrNBP8wyoMFePxraF0q-lPFS6S1ERvNnKy58VD09RmEpI1K8g,36,1,0,high waisted workout,herfitnessfinds.com,https://herfitnessfinds.com/product/athvotar-leggings-with-pockets-for-women-7-packs-high-waisted-workout-tummy-control-yoga-pants-2/,https://i.pinimg.com/originals/64/d9/ad/64d9ad39a1f21fe4472aa2dc6bf1e730.png,896,1152,0,2026-08-23
2026-09-01,conjunto fitness feminino,1124422231995874056,37,51,0,,,,https://i.pinimg.com/originals/29/26/13/292613ebc62a1269ab3f80c3e91e0159.jpg,236,419,0,2026-07-14
2026-09-01,conjunto fitness feminino,738731145174382818,38,25,0,Conjunto Feminino Academia Canelado Fitness Poliamida Calça Legging e Top,s.shopee.com.br,https://s.shopee.com.br/70J9UyQX6K?channel_type=pinterest,https://i.pinimg.com/originals/dc/86/f8/dc86f856c382f711bb932d37ef644183.png,941,1672,0,2026-08-16
2026-09-01,conjunto fitness feminino,AYkou0ndh03Ykm3LtxGFuSH14GjMa1HkXpGEUPYF3M9PA9-hy1KY_PDcLAA-J7bDr_CJRAa0GpbrA5lz-PHWqkI,39,32,0,Find flared leggings,kohls.com,https://www.kohls.com/catalog/womens-flx.jsp?CN=Gender:Womens+Brand:FLX&BST=5015153&icid=social-paid-pnvid-wflxleggingslooks-np-2608wk2&cid=SO26PDPIN0609&utm_campaign=paid_social&utm_medium=paid_social&utm_source=pinterest&utm_content=2026pdpin609,https://i.pinimg.com/originals/b2/db/00/b2db008b854f55ea2f7fc1c895999e6e.jpg,1000,1500,1,2026-08-05
2026-09-01,conjunto fitness feminino,917678861576976965,40,9402,0,,,,https://i.pinimg.com/originals/c2/a3/a5/c2a3a505075ece3b633215074f6c80b6.jpg,1080,1920,0,2025-01-17
2026-09-01,conjunto fitness feminino,1125125919705189157,41,6,0,Gym Outfit Inspiration | Black Workout Set & Cream Jacket,,,https://i.pinimg.com/originals/08/2f/5d/082f5d8f1003aaa497422a8ac602915d.png,1050,1498,0,2026-08-20
2026-09-01,conjunto fitness feminino,1126885138050705369,42,2,0,Conjunto Fitness Feminino Rosa | Look para Academia,onelink.shein.com,https://onelink.shein.com/48/5za2q1nrdnpy?ismg_ol=J1GPsZve5z0_01_KOC-C,https://i.pinimg.com/originals/72/f4/bf/72f4bf40fcc62f67e0f3906b9f014747.png,1023,1537,0,2026-08-18
2026-09-01,conjunto fitness feminino,4596134643003317888,43,75,0,35 Gym Outfit Ideas for Women to Boost Your Style,sewmamasew.com,https://www.sewmamasew.com/35-gym-outfit-ideas-for-women/,https://i.pinimg.com/originals/b3/83/23/b38323f763de3d753357b42bf310e9e4.jpg,720,1279,0,2026-06-16
2026-09-01,conjunto fitness feminino,434808539045550511,44,706,0,,,,https://i.pinimg.com/originals/0a/3f/e0/0a3fe0fd38219f023524b4323a5bdcf1.jpg,736,1308,0,2025-12-27
2026-09-01,conjunto fitness feminino,AS9_TVua0FRLofz7I9KgZ4BByVAUI-Kd29zQQsYKurqVa72RuyK71F_APhyr6mb_x8F8tMi53W6Z-DoNUGAH6dA,45,1,0,Ariat Game Day Outfits,ariat.com,https://www.ariat.com/game-day-outfits-c?prefn1=gender&prefv1=Women,https://i.pinimg.com/originals/9c/1c/b5/9c1cb533a2cbccbd454a02d13e190ce6.jpg,1000,1500,0,2026-08-18
2026-09-01,conjunto fitness feminino,683139837272244460,46,520,0,Todos os posts • Instagram,instagram.com,https://www.instagram.com/p/DYqAPBAmYn2/?img_index=1,https://i.pinimg.com/originals/ae/f7/7d/aef77d84b04d09e3021f3877f12b5a0a.jpg,640,853,0,2026-06-30
2026-09-01,conjunto fitness feminino,233694668162227368,47,32,0,Conjuntinho Feminino Moda Fitness Curto Com Listras Laterais E Gola Alta Tecido Suplex Premium Ziper,s.shopee.com.br,https://s.shopee.com.br/3qMCwaTJIu?channel_type=pinterest,https://i.pinimg.com/originals/76/f1/4c/76f14c70ba0045cbbf424c9d86031e5d.jpg,1080,1920,0,2026-08-19
2026-09-01,conjunto fitness feminino,AS97VJFWM8Rvux0T7wcs-qke-vFfaqV4cErhXNcthEWzd9qjbM1GnJtZtuiISJZAwK1-pdf75In5f64Mln8PcXg,48,1,0,The Pants of the Season,freepeople.com,https://www.freepeople.com/fpmovement/shop/quick-step-bubble-pants/,https://i.pinimg.com/originals/c9/48/ca/c948cabb9a9acbdfc7dc52e0002b930a.jpg,2268,3402,0,2026-08-10
2026-09-01,conjunto fitness feminino,760193612150783190,49,3,0,Conjunto fitness,s.shopee.com.br,https://s.shopee.com.br/9V0gDUaUUb?channel_type=pinterest,https://i.pinimg.com/originals/41/e8/2c/41e82cb8881986975d53c1f964873487.png,1086,1448,0,2026-08-14
2026-09-01,conjunto fitness feminino,128985976824171589,50,19,0,"25 Aesthetic Gym Outfit Ideas for Cute, Confident Workouts",sewmamasew.com,https://www.sewmamasew.com/25-aesthetic-gym-outfit-ideas/,https://i.pinimg.com/originals/69/3d/9c/693d9cbeef7b312b58e1432c27c4d410.jpg,720,1279,0,2026-08-20
2026-09-01,conjunto fitness feminino,317644579994609501,51,96,0,Continue,b.buzzfeed.workers.dev,https://b.buzzfeed.workers.dev/?u=https://dijbi.com/workout-guide-hourglass-figure/%3Futm_campaign%3Dengineer%26utm_source%3Dmomo%26utm_medium%3Dsocial,https://i.pinimg.com/originals/bc/82/17/bc82174255c87fd9272e731292326927.jpg,736,1006,0,2026-07-14
2026-09-01,conjunto fitness feminino,AQnu3-F1GbFb4JWbHnfx59HIAz0yJQAjpUcBjsw3OaDY7CZLpn4vul4p71aQ7fTzXZTHKueanM-BryOemi7s6jI,52,970,0,Title: Amazon Activewear,amzlink.to,https://amzlink.to/az0K3VqzW7hMp,https://i.pinimg.com/originals/a9/da/16/a9da16ef0047e7f67a035dd56cd4ffa9.png,1000,1500,0,2026-04-15
2026-09-01,conjunto fitness feminino,ARM3FiOaRmef3hjeqMGBp4sbJ_LchAp6jaUL-14SG7GbgO8jWdtT52kL9EoXGkUPbJEzW88BECwGP44kSSIxSVQ,53,2,0,Amazon Activewear That,amzlink.to,https://amzlink.to/az0aKL5louKsO,https://i.pinimg.com/originals/a8/8d/5d/a88d5dbf131da96527fdee35eaf1e40d.jpg,1000,1500,0,2026-08-22
2026-09-01,conjunto fitness feminino,AfVo7mOyEUjyPp9rMFrkVVEuGdS_JTckbJnk43htLv2vNs5saHhIhC8kGMmMlCpMB7hpnUmtaKNJO9A36F4vgsI,54,1,0,BlissBlend™ Collection by,vuoriclothing.com,https://vuoriclothing.com/collections/vuori-blissblend,https://i.pinimg.com/originals/48/f2/b7/48f2b72dfdc07230c9274e3c08063fa0.jpg,1200,1500,0,2026-06-22
2026-09-01,conjunto fitness feminino,AUtJv9vlbkYt6wo0UIsFc0oDDue5w0fDdoStptKcBCgZ6ihJk-K4v2hQ4PRpK1V9wwdGzOcrzHOkCNFfDrXFKzo,55,2257,0,Amazon Trendy Athleisure,urlgeni.us,https://urlgeni.us/amzn/jLz8i,https://i.pinimg.com/originals/aa/8f/2d/aa8f2d16a20ce82d72fa5334c3a910af.png,1000,1500,0,2026-01-15
2026-09-01,conjunto fitness feminino,829084612704916533,56,2,0,Conjunto All Fitness,,,https://i.pinimg.com/originals/5b/c1/3c/5bc13c1f4cf7564f970c1180dd5c1536.png,593,847,0,2026-08-14
2026-09-01,conjunto fitness feminino,609393393375908866,57,19,0,Conjunto Selene Top e Legging Feminino Academia Cós Alto Fitness,meli.la,https://meli.la/1mUFhds,https://i.pinimg.com/originals/c6/d4/19/c6d419281f749e1c9131886453fc0e38.png,935,1683,0,2026-08-18
2026-09-01,conjunto fitness feminino,ATUOt2hhBzOoQ_e88wrRBw0ZR3acKrj9OjmBFtb66GC6dheEpE4bH8nRHy9CDkkhb54tJDrFon3N9rrN5OL2TEs,58,87,0,Casual Athleisure Outfit,amzn.markable.ai,https://amzn.markable.ai/GcCODmkx,https://i.pinimg.com/originals/95/8e/d5/958ed5339cbafe41746119124f313c12.png,1000,1500,0,2026-04-15
2026-09-01,conjunto fitness feminino,AZ6H8RlvfcAUXSWe0ER5aO9sRDLV3dkYH_hqkSga7XTmhZu58g0gM9UCfBrcPu6hnq3TeWs1hJKtjRhMYOzS-nw,59,12,0,Fabletics Women's,fabletics.com,https://www.fabletics.com/products/PURELUXE-LONGLINE-LOW-IMPACT-BRA-BA2500631-5618?utm_medium=paid_social_media&utm_source=pinterest&utm_campaign=productfeed,https://i.pinimg.com/originals/dd/71/29/dd71296aa8aa1f8f5a59b60bdbcdea66.jpg,998,1498,0,2026-01-24
2026-09-01,conjunto fitness feminino,AWGOC-KxaIJs7I51M6Gh9aORzolc5Zf1Tzx2O_RQ_KT7tj9Gn0J6XkBvAsx_w1aNXdMaSC9LxlcLoC1LD4HYCBQ,60,1,0,Chic Fall Athleisure,amzlink.to,https://amzlink.to/az0YY8fy6517X,https://i.pinimg.com/originals/74/8d/c1/748dc1bf14ffc6de92278cf57c2d032b.png,1000,1500,0,2026-08-07
2026-09-01,conjunto fitness feminino,AavRtxQO_QmuaaXUqwFhcpw6M4qEE0h58fCkkzwx-Eze65Rqd-E91JTBAzp9zZkIyVwV_X1u54zS98CHI67XAbE,61,45,0,Stay Cool Before You,thirdlove.com,https://www.thirdlove.com/collections/thermoregulating-cooling-bras-underwear?utm_source=pinterest&utm_medium=paid-social&utm_campaign=us_paid_pros_temp-sync_launch_none&campaign_id=%7Bcampaignid%7D&utm_adgroup=%7Badgroupname%7D&adgroupid=%7Badgroupid%7D&utm_content=&ad_id=%7Bproduct_id%7D,https://i.pinimg.com/originals/f4/5f/73/f45f73bb1a0bfbcf619b6d79dd0ccc09.jpg,1000,1500,0,2026-01-15
2026-09-01,conjunto fitness feminino,224124518954166897,62,35,0,Conjunto esportivo estiloso,onelink.shein.com,https://onelink.shein.com/47/5ywq0pb4pt74,https://i.pinimg.com/originals/81/ae/ca/81aeca23a363c9b31b969c87e83ad9ba.png,1042,1508,0,2026-08-21
2026-09-01,conjunto fitness feminino,26599454046701205,63,373,0,Girly Sport Outfit 🎀✨,pinterest.com,https://www.pinterest.com/theVivellHub/,https://i.pinimg.com/originals/8c/c6/aa/8cc6aa9dd84d22a9b9ccb29fb079590b.png,1000,1500,0,2026-08-12
2026-09-01,conjunto fitness feminino,AS-22gNrRVz1W6U3QZYblQi0EYl2WpcA6Af-Hh21-93UOORXlBhthm-vje4748Gt_nBr9dedemw0DlHwMR1_G2g,64,51,0,Learn to Twerk in 7 Days,nasswear.com,https://www.nasswear.com/products/twerk-program-pin,https://i.pinimg.com/originals/ef/8f/4d/ef8f4d1c93135dc99cf0398536ba8d87.jpg,720,1280,1,2026-08-21
2026-09-01,conjunto fitness feminino,983332899908877979,66,1,0,Conjunto fitness short duplo 3 pecas,s.shopee.com.br,https://s.shopee.com.br/1qbMQah8ok?channel_type=pinterest,https://i.pinimg.com/originals/17/65/6e/17656e848f1a0c8401799e488c1cb630.jpg,768,1365,0,2026-08-19
2026-09-01,conjunto fitness feminino,465841155227509693,67,270,0,"Gym Outfit Ideas 2026 — Cute, Aesthetic & Classy Gym Outfits for Women | Pinterest Inspo",women-club.online,https://women-club.online/fashion/gym-outfit-ideas-2026-cute-aesthetic-inspo/,https://i.pinimg.com/originals/a9/1c/e4/a91ce48aaf9e793ec7b12bb6344a65df.webp,736,1312,0,2026-01-25
2026-09-01,conjunto fitness feminino,414542340726557159,68,68,0,Neutral Gym Outfit Ideas 🤎,,,https://i.pinimg.com/originals/67/a9/8b/67a98b05f93ee18caac6c7af8e86e6a4.png,1024,1536,0,2026-08-18
2026-09-01,conjunto fitness feminino,1075586323543013424,69,66,0,conjunto fitness academia,onelink.shein.com,https://onelink.shein.com/43/5vxuurm0xbhw,https://i.pinimg.com/originals/9d/95/a0/9d95a07a278400ee42ae2dfead05becd.jpg,1080,1920,0,2026-07-16
2026-09-01,conjunto fitness feminino,136796907428148622,70,11,0,"30 Mat Pilates Outfit Ideas for Chic, Comfy Workouts",sewmamasew.com,https://www.sewmamasew.com/30-mat-pilates-outfit-ideas/,https://i.pinimg.com/originals/3f/3f/b0/3f3fb0c009087efed96b43aa50d5e177.jpg,720,1280,0,2026-08-13
2026-09-01,conjunto fitness feminino,1142999580457065240,71,3,0,Outfit de academia,,,https://i.pinimg.com/originals/71/f4/65/71f465da5bfb2300d9ad848c3bbc0e93.png,1080,1920,0,2026-08-13
2026-09-01,conjunto fitness feminino,235876099228773671,72,14,0,25 Gym Outfit Ideas With Sports Bra For Sleek Workouts,sewmamasew.com,https://www.sewmamasew.com/25-gym-outfit-ideas-with-sports-bra/,https://i.pinimg.com/originals/a8/d2/52/a8d252f82d93494c50f08486f30b31ff.jpg,720,1280,0,2026-08-18
2026-09-01,conjunto fitness feminino,442408363419155060,73,1,0,Conjunto sem costura academia,meli.la,https://meli.la/1m3k1gb,https://i.pinimg.com/originals/bd/e0/8a/bde08a745f3189b80b85c338376abad2.png,941,1672,0,2026-08-17
2026-09-01,conjunto fitness feminino,993958580279622401,74,1,0,Conjunto pra treino,s.shopee.com.br,https://s.shopee.com.br/8V8EyZa1Kr?channel_type=pinterest,https://i.pinimg.com/originals/f1/9d/9a/f19d9ad8515527e2b5e95953d9d50461.jpg,1080,1920,0,2026-08-18
2026-09-01,conjunto fitness feminino,1142788474381097993,75,1392,0,Strong & Stylish: Fitness Aesthetic Goals,link.amazon,https://link.amazon/B019nlZHi,https://i.pinimg.com/originals/81/14/70/81147087318a9fc88416f9433afc04cb.png,1024,1536,0,2026-07-20
2026-09-01,conjunto fitness feminino,1108941108278182939,76,1,0,Conjunto Bermuda Feminino Academia Blackout Zero Transparenc,meli.la,https://meli.la/1wcxhSc,https://i.pinimg.com/originals/b5/22/d2/b522d2b9c7f8218e8dc7de315321de3b.jpg,720,1280,0,2026-08-19
2026-09-01,vestido midi,137359857381780230,2,419,0,Vestido midi amarelo-claro,onelink.shein.com,https://onelink.shein.com/46/5y5xcq7q49qd?ismg_ol=802ef9a0e5c1dc2129f6c1480c1f7c3f736820620a25de20088ac8e30cc62dea_01_KOC-C,https://i.pinimg.com/originals/c8/e4/48/c8e448a9fd99f6503f57afbfff3916b4.jpg,1080,1920,0,2026-08-19
2026-09-01,vestido midi,AdO7G-qvlvn9M4P6XY6Yjxqp_wwIOve_88l0vKvvuxdAHU33AsF32yeJetUAB9BEQLraUi3OHh3rKQgDeD4B_cE,3,292,0,Summer Dresses from,amzlink.to,https://amzlink.to/az0XUzjtCYf75,https://i.pinimg.com/originals/84/12/cd/8412cd5032aa7a8f223ae8cab2463346.png,1856,2304,0,2026-05-23
2026-09-01,vestido midi,AVewVxIrFctwKTqhjPugI8lNGLcB2MMHzMz8E4slumAuw_tMuvdunOFNcCYOzYdXnaS4q9RMRG-6fIuoFx6awmw,4,1,0,L'AGENCE Cori Mini Dress,lagence.com,https://www.lagence.com/products/cori-mini-dress-white?variant=53866011328884,https://i.pinimg.com/originals/68/30/6b/68306bc189b45b1e2671ee1f7e6e829e.jpg,2500,3334,0,2026-02-26
2026-09-01,vestido midi,281123201736671042,5,640,0,vestido MIDI shopeee,,,https://i.pinimg.com/originals/28/5b/bd/285bbda411ab24058484a84ff2b698fb.png,941,1672,0,2026-08-22
2026-09-01,vestido midi,AdFmMJCfbTlzBBme0PWaF0-pdfMypKATbv63Eqdhb3SB00nc9bezevwh_lGyl9o8m7oy77IVFkkOhCVAKWc72T8,6,1404,0,Amazon Best Wedding Guest,amzlink.to,https://amzlink.to/az0tkvbBGnBq0,https://i.pinimg.com/originals/87/60/0c/87600c8a5f5295bf2b4ca1d055910bd2.png,2250,3375,0,2026-04-20
2026-09-01,vestido midi,814377545165321139,7,2,0,Vestido Midi Floral: Delicadeza e Elegância Para Arrasar 🌸✨,s.shopee.com.br,https://s.shopee.com.br/1BLcsgmOt1?channel_type=pinterest,https://i.pinimg.com/originals/28/10/a2/2810a256a15f691da0f64757f0569c2f.jpg,572,1024,0,2026-08-17
2026-09-01,vestido midi,AXIJAv8q3Nfh_l2_mNH-XCt_gjhLnxsuqLrxHgAYLXNju6Yn_sQNqV3wdscD30ki1hxa0o-MN0p55gAZ77hz-Eg,8,177,0,Dress to Impress this,amzlink.to,https://amzlink.to/az0RRHrbYx1Xl,https://i.pinimg.com/originals/8e/c2/d8/8ec2d8e789235488f1c4631c49903e94.png,1000,1500,0,2025-06-19
2026-09-01,vestido midi,184999497191545764,9,350,0,Vestido Midi Azul Feminino com Decote Redondo,onelink.shein.com,https://onelink.shein.com/44/5wx0uesgtoat,https://i.pinimg.com/originals/b7/44/32/b7443284960363269dd4d4701202f8f5.jpg,672,1192,0,2026-08-17
2026-09-01,vestido midi,AUfRjskHGdzIFcDmyhAp-vEJFGTCgWFmyeeHfpfJ1sU8cH_Uek-r1DXZLK7ImAfyDmXi0iZq8O3o8oQF6jjIrOI,10,1,0,L'AGENCE Serafine Midi,lagence.com,https://www.lagence.com/products/serafine-midi-dress-tan-multi-textured-jungle-toile?variant=54551704043892,https://i.pinimg.com/originals/3d/b7/d0/3db7d05f6c184efc689cf11c77b80e96.jpg,2500,3333,0,2026-05-29
2026-09-01,vestido midi,AS6DRGZM4ztrLfTYLmJrQ-yzlMFPnk1R81gZ3pN44RMdEp7NHmTQ04GsYx0A7E2WzFAyYhCrloaMW0ouDKDUzS8,11,1,0,L'AGENCE Ayela Midi Dress,lagence.com,https://www.lagence.com/products/ayela-midi-dress-black-gold?variant=54624866435444,https://i.pinimg.com/originals/0e/58/38/0e58382599cb0c400f9cd01af84d9516.jpg,2500,3334,0,2026-06-25
2026-09-01,vestido midi,1116118720188773571,12,1,0,Vestido Midi Feminino Sofisticado em Alfaiataria com Elastano,s.shopee.com.br,https://s.shopee.com.br/LmUc67ArT?channel_type=pinterest,https://i.pinimg.com/originals/a1/c6/93/a1c69397283fd43de0817c5c45ee3f78.jpg,1200,2133,0,2026-08-17
2026-09-01,vestido midi,Aatl3smuidSo1Wpohyezxv4OASUs1RrO31-Xj1jntgDu13WXlsgF9yTcrPkdriTk4h9xSf4wJYY6d-OON_hvfTI,13,1,0,Temu | Women's Summer,temu.com,https://www.temu.com/ul/kuiper/un3.html?subj=dpa-un&_bg_fs=1&_p_jump_id=1082&_x_vst_scene=adg&goods_id=605648569886760&adg_ctx=a-8aca7c6f~c-83b4dede&_p_rfs=1&_x_ads_channel=pinterest&_x_ads_creative_id=%7Bproduct_partition_id%7D&_x_ads_id=%7Badgroupid%7D&_x_ads_set=%7Bcampaignid%7D&_x_ads_sub_channel=shopping&_x_ns_catalog_id=1567707391772&_x_ns_creative=%7Badid%7D&_x_ns_gid=605648569886760&_x_ns_,https://i.pinimg.com/originals/53/88/32/538832235ba0743b610bfc4dc8b59545.jpg,2000,3000,0,2026-07-08
2026-09-01,vestido midi,Afgorc6hQKB96A2cpnVD473zcH61h-yYGK9N8gSztUJZDHaDn3APHtdUWH342tiL7ZRfqpaj1pc9wpmy5mVzIek,14,0,0,Sleeveless Tie-Up Cinched,us.shein.com,https://us.shein.com/ark/default?scene=1&test=5051&ad_type=DPA&goods_id=352471136&pf=PINTEREST&url_from=PINADSDPA&ismg=0e818db4426b4f05be59c6a6946018b3907f37134946216dde19144acbcd2b48_01_1788193877,https://i.pinimg.com/originals/65/ff/35/65ff35d66bad011d3615010fce74e55f.jpg,1065,1598,0,2026-07-10
2026-09-01,vestido midi,393853929942077106,15,49,0,Vestido Midi Shein,onelink.shein.com,https://onelink.shein.com/46/5xvwopewb0om,https://i.pinimg.com/originals/0b/04/f4/0b04f43ce3c4a7d5871f1723403c47f2.png,1024,1536,0,2026-08-21
2026-09-01,vestido midi,AY2x3miH924B52FoJ1CKEzkF7ArFdDOdlt_A-Sc0rtWcB49urUqJe52IPGYl5IKb_y70b_56YYNZGMQQRzl07ZA,16,1,0,L'AGENCE Rima Maxi Dress,lagence.com,https://www.lagence.com/products/rima-maxi-dress-macadamia-brown?variant=53940496695668,https://i.pinimg.com/originals/83/b4/8c/83b48c12d2c4fc9f3ee28d1f0e4d3519.jpg,2500,3333,0,2026-05-15
2026-09-01,vestido midi,15129348745740943,17,430,0,,,,https://i.pinimg.com/originals/d3/e5/ec/d3e5ecf0f2def8cf7830c6804c980f88.png,1536,2752,0,2026-08-11
2026-09-01,vestido midi,AbufTGUfK00yslOBXIY-B3OV5l2cacn7UG6mZN1g1HQ9G6khfWE8o23RlY5buekPhm5ed7tMsI65ZCfgQkfgp0E,18,1,0,20TH ANNIVERSARY SALE! –,barbaradever.com,https://barbaradever.com/products/eleq-short-sleeve-collared-wrap-waist-midi-dress?variant=57198645444983&utm_source=multifeeds&utm_medium=organic&utm_campaign=Women's&utm_content=Eleq%20%7C%20Short%20Sleeve%20Collared%20Wrap%20Waist%20Midi%20Dress,https://i.pinimg.com/originals/67/e3/95/67e39585e4695b385a3dfd81112f67a9.jpg,720,1080,0,2026-06-19
2026-09-01,vestido midi,AWgT_Sw1jMFOK2opN6qEq_4fTQSQzhWGk0TlkXc1OlIG8xNqIM4zEn9ltulYnFdFahMTdE1sVSqTBYbEVTTYdIU,19,3,0,L'AGENCE Jovie Bustier,lagence.com,https://www.lagence.com/products/jovie-bustier-dress-dawkins?variant=53566361469300,https://i.pinimg.com/originals/d8/19/c4/d819c4ed756f4279bcb015e5fee6c72b.jpg,2500,3333,0,2026-07-07
2026-09-01,vestido midi,71424344086474842,20,235,0,,,,https://i.pinimg.com/originals/07/78/db/0778dbf0ad73e43c4e7ac14c8a4db1db.jpg,737,1313,0,2026-07-27
2026-09-01,vestido midi,AS86sgShnd7H2Z1l47z0hL9h5KMFJD5AZFLR4CJDaP2ie9aEma7vgvkzM40NbJlbbZg3aud4Qkv_ScDGZ0RHFWs,21,8,0,Temu | Elegant Sleeveless,temu.com,https://www.temu.com/ul/kuiper/un3.html?subj=dpa-un&_bg_fs=1&_p_jump_id=1082&_x_vst_scene=adg&goods_id=605761312753108&adg_ctx=a-24507aba~c-b93a1a9f&_p_rfs=1&_x_ads_channel=pinterest&_x_ads_creative_id=%7Bproduct_partition_id%7D&_x_ads_id=%7Badgroupid%7D&_x_ads_set=%7Bcampaignid%7D&_x_ads_sub_channel=shopping&_x_ns_catalog_id=1567707391772&_x_ns_creative=%7Badid%7D&_x_ns_product_id=94515654311656&,https://i.pinimg.com/originals/12/50/97/1250972b41d3e4bff55545209a51992f.jpg,2000,3000,0,2026-07-17
2026-09-01,vestido midi,69524387998086208,22,475,0,Linen Midi Dress With Block Heels - 35 Summer Garden Party Outfit Ideas to Try Now - Sew Mama Sew,sewmamasew.com,https://www.sewmamasew.com/35-summer-garden-party-outfit-ideas/,https://i.pinimg.com/originals/88/e9/6e/88e96ebf797661acf243c050e8342268.jpg,1080,1920,0,2026-06-20
2026-09-01,vestido midi,AYCt2Z5duBWWaTeCxniCzfFqLiqqcUS6okLQvqsP947GNgY04Z1NRQKgAAmUpnCEL3h6HHd3TRbiIFhSjMd3wKk,23,1,0,L'AGENCE Rima Maxi Dress,lagence.com,https://www.lagence.com/products/rima-maxi-dress-pale-mist-blue?variant=53940510327156,https://i.pinimg.com/originals/48/4a/8d/484a8dc9eceb47b2d68f06e7178140ff.jpg,2500,3334,0,2026-03-24
2026-09-01,vestido midi,630152172907493313,24,2,0,🌸 Vestido Midi Feminino em Crepinho – Estampa Onça e Poá 🌸,s.shopee.com.br,https://s.shopee.com.br/gOWqp3xS8?channel_type=pinterest,https://i.pinimg.com/originals/c0/c6/a2/c0c6a25de754d6a23fb6443a7ddf363a.png,1023,1537,0,2026-08-05
2026-09-01,vestido midi,ATqJOpj9wMJocQVooVVzeFo9A9IYrQoMiL8vgFV0KPLIw0NKuRJAmU4n1CBautO5qoL4OwLlCZReN3SAoQQwIks,25,218,0,"one silhouette, three",clarendale.co,https://clarendale.co/products/waistlyn-the-square-neck-dress-that-gives-you-a-waist?variant=53657967198571,https://i.pinimg.com/originals/0d/20/54/0d2054733733ef1d1c5080c905d8bc9d.jpg,1080,1920,1,2026-08-04
2026-09-01,vestido midi,AZXo2hMy-8QVU-Q9NtzMe67xvOHCWgS8gbYkstp3Vq4Zmp9HdSefVx6blJuG8OZW2a9FTPBGOrgmtUc7dD4WnxM,26,1,0,Retro Sheer Neckline Slit,refcountry.com,https://refcountry.com/products/retro-sheer-neckline-slit-hem-midi-dress?variant=46408678998215,https://i.pinimg.com/originals/25/40/98/254098a071893afc76496c5fc1c26d59.jpg,900,1200,0,2026-04-15
2026-09-01,vestido midi,23432860626184790,27,469,0,35 Summer Outfits With Midi Dresses for Chic Warm Days,sewmamasew.com,https://www.sewmamasew.com/35-summer-outfits-with-midi-dresses/,https://i.pinimg.com/originals/bc/b6/a5/bcb6a544cb5b12f5aa0a82c331490b9a.jpg,720,1280,0,2026-07-03
2026-09-01,vestido midi,293156257016231783,28,278,0,Vestido floral,,,https://i.pinimg.com/originals/7d/a6/67/7da6678d7be52f4b3d4c2d63026918da.jpg,1080,1920,0,2026-08-18
2026-09-01,vestido midi,26669822789132142,29,219,0,,,,https://i.pinimg.com/originals/e1/ee/26/e1ee267554d43163da7a3bf675f38b09.png,1023,1537,0,2026-08-22
2026-09-01,vestido midi,47358233578792965,30,1013,0,Vestido rosa midi,onelink.shein.com,https://onelink.shein.com/46/5ya4wwdi1wdm?ismg_ol=776ca081178d4829965bca47ccab00b3d427b0f87791bc4c0e6f4676b37ab8f3_01_KOC-C,https://i.pinimg.com/originals/cd/49/07/cd490738441f6def4fa8d2992b2a56b6.jpg,1080,1920,0,2026-08-17
2026-09-01,vestido midi,747667975686377654,31,1,0,Vestido Feminino Midi Romântico Estampa Floral | Fenda lateral Laço no Busto,s.shopee.com.br,https://s.shopee.com.br/19PFJ6Ig4?channel_type=pinterest,https://i.pinimg.com/originals/0e/4c/7d/0e4c7d957f86c5a1f019237572903132.jpg,768,1365,0,2026-08-07
2026-09-01,vestido midi,653162752254003352,32,45,0,Beautiful floral midi dress every girls want this dress,link.amazon,https://link.amazon/B09CBOAX3,https://i.pinimg.com/originals/f1/3f/b8/f13fb82b5d121e55c94c13dd15e28538.png,1023,1537,0,2026-08-19
2026-09-01,vestido midi,Ae6esoSDjZL1dD9XkFTlovm7Y6n67YBtw796ukyc_Upu8pJMhfRMk1bSUzzXN0NL2KYavfkTfLjP4MQGX8ukgH0,33,5,0,Temu | For Summer Women's,temu.com,https://www.temu.com/ul/kuiper/un3.html?subj=dpa-un&_bg_fs=1&_p_jump_id=1082&_x_vst_scene=adg&goods_id=601105794373337&adg_ctx=a-38e6fdf5~c-f4744053&_p_rfs=1&_x_ads_channel=pinterest&_x_ads_creative_id=%7Bproduct_partition_id%7D&_x_ads_id=%7Badgroupid%7D&_x_ads_set=%7Bcampaignid%7D&_x_ads_sub_channel=shopping&_x_ns_catalog_id=1567707391772&_x_ns_creative=%7Badid%7D&_x_ns_product_id=17621197345656&,https://i.pinimg.com/originals/27/6c/e8/276ce8cb87644d3bc7f2ea226ce0d040.jpg,2000,3000,0,2026-06-26
2026-09-01,vestido midi,390335492727512634,34,59,0,vestido elegante para festa midi,onelink.shein.com,https://onelink.shein.com/44/5wqmuxbm8ia6,https://i.pinimg.com/originals/f3/63/d2/f363d2fb9667576717323bf0ed7cf2c9.png,941,1672,0,2026-08-17
2026-09-01,vestido midi,681732462409974258,35,2,0,Vestido midi alfaiataria,s.shopee.com.br,https://s.shopee.com.br/112CSHauNg?channel_type=pinterest,https://i.pinimg.com/originals/f9/6d/2a/f96d2aabbc5ce938f50d8eb62a17c7bc.jpg,941,1477,0,2026-08-17
2026-09-01,vestido midi,AbcZCqEZ215ea9ZV8uxCmm5s6D64gf0DjzLOJS57N8I-maqQcsJHil_vlb7PHobCs-As3-8wQlD9PSTg29WpiHE,36,0,0,Caeina | Flowy Ruffle Hem,clara-hayes.com,https://clara-hayes.com/products/caeina-womens-wedding-guest-elegant-flowy-ruffle-hem-halter-midi-dress-dresses?variant=48103466696891&utm_source=multifeeds&utm_medium=organic&utm_campaign=Multifeeds&utm_content=Caeina%20%7C%20Flowy%20Ruffle%20Hem%20Halter%20Midi%20Dress%20%7C%20Wedding%20Guest,https://i.pinimg.com/originals/8c/34/fc/8c34fc01553087bfc6cbfb578f8508d0.jpg,711,1067,0,2026-07-16
2026-09-01,vestido midi,74239093854378435,37,160,0,,,,https://i.pinimg.com/originals/8e/96/a0/8e96a0f6c50e012cb4ad2418426cb710.png,1023,1537,0,2026-08-03
2026-09-01,vestido midi,1102748658790668461,38,529,0,,,,https://i.pinimg.com/originals/06/ed/b7/06edb798993bedeb285db0c8d26dc338.png,1023,1537,0,2026-06-20
2026-09-01,vestido midi,601089881569265457,39,6,0,Vestido Midi Estampado,onelink.shein.com,https://onelink.shein.com/47/5ywcbjj18sqb,https://i.pinimg.com/originals/3a/f6/8f/3af68fed63752e109ea3a4b0b9251ea6.jpg,877,1559,0,2026-08-22
2026-09-01,vestido midi,303007881202712377,40,240,0,Vestido branco floral,onelink.shein.com,https://onelink.shein.com/46/5y6t00n6i910?ismg_ol=7103fe5816d541670fb44a4540424a45546374c0559921defa159aedcb6b7bbc_01_KOC-C,https://i.pinimg.com/originals/db/d4/10/dbd4100c177f2f3ec245d00eb918c16f.jpg,1080,1920,0,2026-08-18
2026-09-01,vestido midi,2040762329699950,41,760,0,,,,https://i.pinimg.com/originals/84/4a/95/844a9580814a3b4cb8b4d8b39ecab84e.jpg,1080,1920,0,2026-08-18
2026-09-01,vestido midi,1086634216380724518,42,3,0,Vestido mídi elegante,onelink.shein.com,https://onelink.shein.com/47/5yo42tl49fwj,https://i.pinimg.com/originals/b5/cc/27/b5cc270caf5f02234d135790af338665.jpg,1080,1920,0,2026-08-12
2026-09-01,vestido midi,9429480467821454,43,1407,0,Vestido elegante ✨,onelink.shein.com,https://onelink.shein.com/42/5vpmu9mqwapa,https://i.pinimg.com/originals/30/b7/33/30b73381d1f72c3612ccd5848cbe5ae1.jpg,1080,1920,0,2026-08-09
2026-09-01,vestido midi,210472982582847009,44,213,0,Vestido longo branco,onelink.shein.com,https://onelink.shein.com/46/5y6tsokcey2v?ismg_ol=27ef800c5250d4565e1509f66b7708df5e5c008521744a3e16657f53da9b24eb_01_KOC-C,https://i.pinimg.com/originals/32/c3/fd/32c3fda411b4a8b7a6119760ca735abe.jpg,1080,1920,0,2026-08-18
2026-09-01,vestido midi,AcSjl4o6kqm08SdBDB67jE5ryY20J2o9cwO-Ao2VlEzKUhb4Z8N7sfqEMVR7jmuQqXKT-XJE-FUnPKtHhpwpBuc,45,81,0,Best-Dressed Guest,babyboofashion.com,https://www.babyboofashion.com/collections/dolce-vita,https://i.pinimg.com/originals/d8/08/fd/d808fd3215bc8f68f09fc3607051a07e.jpg,1000,1500,1,2026-07-09
2026-09-01,vestido midi,5840674512462523,46,344,0,Vestido midi listrado azul e branco,onelink.shein.com,https://onelink.shein.com/46/5ya5j7f2wxng?ismg_ol=5804800c2aef51d9ce9ac0362075d49b979788a8605827cc9a11def7ac58dd98_01_KOC-C,https://i.pinimg.com/originals/6c/94/3c/6c943c65815b10dc3f0741a8af72d2e1.jpg,1080,1920,0,2026-08-18
2026-09-01,vestido midi,AW17x65Sa8qUmPIBZeizBIjHZKPFiYwEjn8qZ-2-H3JrOBfk6R6djBIt5PQMYXl-n2jxso-b3o9Rh4qYiiP7T48,47,0,0,Sand Cotton-Linen Ruched,futario.com,https://futario.com/products/sand-cotton-linen-ruched-midi-dress?variant=53208044765548,https://i.pinimg.com/originals/ff/37/4f/ff374f540bf5fd1ff2d820f3317537a4.jpg,800,1200,0,2026-03-21
2026-09-01,vestido midi,AUzycEdAhpyjOdAEYVeTVuDHMJE1_0K53bSRxZ4jpC_fvMnKIILbzeLVM8bjU15uu-nT-NcDCRvtZ5twQHHlQbk,48,1,0,Temu | Women's Floral,temu.com,https://www.temu.com/ul/kuiper/un3.html?subj=dpa-un&_bg_fs=1&_p_jump_id=1082&_x_vst_scene=adg&goods_id=606004934747983&adg_ctx=a-e615eccc~c-e3882e14&_p_rfs=1&_x_ads_channel=pinterest&_x_ads_creative_id=%7Bproduct_partition_id%7D&_x_ads_id=%7Badgroupid%7D&_x_ads_set=%7Bcampaignid%7D&_x_ads_sub_channel=shopping&_x_ns_catalog_id=1567707391772&_x_ns_creative=%7Badid%7D&_x_ns_gid=606004934747983&_x_ns_,https://i.pinimg.com/originals/eb/b2/07/ebb2073d93b611d399d86d1975b874b9.jpg,2000,3000,0,2026-07-18
2026-09-01,vestido midi,AfkOzUpt41Lgww7DFG7OFoEnIXXsukPED41-HQvTI2Zsgtx4yZJt_A-A154a_SQvRTVg7oXlQYSMO99c2hA-5Pk,49,26,0,Noirelle | Women's,candela-boutique.com,https://candela-boutique.com/products/noirelle-womens-sleeveless-floral-midi-dress?variant=48715331567848&utm_source=multifeeds&utm_medium=organic&utm_campaign=All%20Products%20US%20P%2B&utm_content=Noirelle%20%7C%20Women's%20Sleeveless%20Floral%20Midi%20Dress&currency=USD,https://i.pinimg.com/originals/78/4e/09/784e092b63b261a844bdab7a377610ff.png,1000,1500,0,2026-07-10
2026-09-01,vestido midi,911416043366309630,50,3,0,Vestido MIDI elegante,onelink.shein.com,https://onelink.shein.com/47/5ysx1z2nmx4n,https://i.pinimg.com/originals/31/04/d2/3104d2eb7c796f68e842c6a5a5c870cd.png,768,1365,0,2026-08-14
2026-09-01,vestido midi,5981412002760919,51,113,0,vestido midi elegante,onelink.shein.com,https://onelink.shein.com/44/5wqp75y4cuaq,https://i.pinimg.com/originals/27/54/f8/2754f82422e83f96f5a3edcddee25c3d.png,941,1672,0,2026-08-21
2026-09-01,vestido midi,91549804920693594,51,12,0,SHEIN,onelink.shein.com,https://onelink.shein.com/43/5w6uekpba9zj,https://i.pinimg.com/originals/9f/d8/25/9fd8254f450a64ebd22ee9815e6f6504.jpg,1200,2133,0,2026-08-10
2026-09-01,vestido midi,141652350776384087,52,23,0,Vestido Midi Feminino Com Fenda Lateral Manga Curta Malha Leve Soltinho Moda Blogueira Algodão,onelink.shein.com,https://onelink.shein.com/46/5xvbo8yc9dga,https://i.pinimg.com/originals/53/0a/14/530a1460c3e40903962d71da38354bc3.png,941,1672,0,2026-08-21
2026-09-01,vestido midi,Ad-FVZi8bXCEplXMuyFqy57-e34W141IkSSfMwouxKvAI_QgJvJ_O66r6ImHEBwK_2XAUlmVkESrlSjXz0e5hHA,53,274,0,Amazon Summer Dress,amzlink.to,https://amzlink.to/az00G2430IHpi,https://i.pinimg.com/originals/1a/17/b6/1a17b6b5055bb4c2fdca0ef1cb47e6ba.png,1000,1500,0,2026-04-12
2026-09-01,vestido midi,21603273208340976,54,478,0,Rich Burgundy Ruched Midi Dress with Slit | Pari.Luxe Bold Elegant Look 2026,,,https://i.pinimg.com/originals/af/b2/13/afb213249e6ddb02c29b60d67189f4b8.png,1023,1537,0,2026-08-14
2026-09-01,vestido midi,AUMwV9LccPMYvieGkls7tqobBXKzu8ApYAmPzZPZ_RVgd4OHtCx9rcM0FNgndwaRQNA6KU8_iLNmEqlKHbBQnQc,55,1166,0,The Perfect Summer Dress,amzlink.to,https://amzlink.to/az0RRHrbYx1Xl,https://i.pinimg.com/originals/81/74/3e/81743eb80e3f9b6d11069b4db1030188.png,1000,1500,0,2025-06-19
2026-09-01,vestido midi,AciEqBifv-ayXZgIkuKERgMG1YZi7h3qQ4RFPY4oosn4x1cez1KUa92UtvUBlTV6yWRVNcdOzfdzBMoeleTQteY,56,886,0,Amazon Work Dresses Under,amzlink.to,https://amzlink.to/az0cRp7hYqOn5,https://i.pinimg.com/originals/e1/f3/a1/e1f3a1ec32050dbfcd33a867d4be55a4.png,1000,1500,0,2026-07-05
2026-09-01,vestido midi,47428602326272161,57,109,0,"Vestido Midi Romântico com Estampa Floral, Decote Quadrado e Mangas Curtas.",onelink.shein.com,https://onelink.shein.com/45/5x759t3lfvvr,https://i.pinimg.com/originals/87/9b/5d/879b5dcb3af90ecfe8ff4d28ef83cab3.jpg,1080,1920,0,2026-08-13
2026-09-01,vestido midi,1098667271650391837,58,31,0,Vestido Midi,onelink.shein.com,https://onelink.shein.com/48/5z3r1jfoac8x,https://i.pinimg.com/originals/d5/cf/9c/d5cf9cf04b2587b48362cf012ed737cf.png,1024,1536,0,2026-08-17
2026-09-01,vestido midi,37506609392870534,59,27,0,,,,https://i.pinimg.com/originals/19/a4/3a/19a43abe9e53f8071831e7155bf358c6.webp,768,1408,0,2026-08-19
2026-09-01,vestido midi,AfIap2DYhkQquhwlHj-yKpU-wmRYsSFUztOoXKSELxBFvJkOFUAz3wLS96nwpuV7lE5OrADW1o7nlww319kBeJg,60,0,0,Shop The VASANTA Dress,us.ohpolly.com,https://us.ohpolly.com/products/vasanta-embellished-fishtail-corset-gown-pink?smartly-hash=single_video_pin_reference:v1:1f532ff8601f2bd3380a7a2cae92bbc75ad3ef13ab2a42de03ea2c1afc227b9e,https://i.pinimg.com/originals/93/a2/6a/93a26acf69b77b429d7540570ed8d2da.jpg,169,300,1,2026-05-22
2026-09-01,vestido midi,1098667271650601008,61,1,0,Vestido Midi Estampado,onelink.shein.com,https://onelink.shein.com/48/5zddy5k42m2e?ismg_ol=3L1zrWfNjR3_01_KOC-C,https://i.pinimg.com/originals/10/93/67/1093676d174dfc824bfea5d059bb4cf2.png,1086,1448,0,2026-08-19
2026-09-01,vestido midi,1098667271650623178,62,1,0,Vestido Midi Estampado,onelink.shein.com,https://onelink.shein.com/48/5ze8eh3cbwce?ismg_ol=IMKnEZ9iK3X_01_KOC-C,https://i.pinimg.com/originals/37/da/80/37da8037bc65abc9504a611a6571dbe4.png,941,1672,0,2026-08-19
2026-09-01,vestido midi,338051515803400428,63,548,0,vestido lindo amarelo,,,https://i.pinimg.com/originals/b1/4b/40/b14b40b09c3b13a96ebd679e2041560d.png,941,1672,0,2026-08-19
2026-09-01,vestido midi,2040762329704082,64,200,0,Vestido midi azul-marinho,onelink.shein.com,https://onelink.shein.com/46/5xrxkvrrd1m8,https://i.pinimg.com/originals/f1/62/83/f16283312f7fc57bbe039078f70a0e4e.jpg,1080,1920,0,2026-08-19
2026-09-01,vestido midi,535998793192452531,65,876,0,30 What to Wear to a Summer Wedding: Stunning Outfits,sewmamasew.com,https://www.sewmamasew.com/30-what-to-wear-to-a-summer-wedding/?utm_source=Pinterest&utm_medium=organic,https://i.pinimg.com/originals/2c/ce/2a/2cce2a3218984d5e77214592682a346f.jpg,720,1279,0,2026-06-14
2026-09-01,vestido midi,916201117963050807,66,1,0,VESTIDO MIDI CAMPONESA ✨💛🤌,s.shopee.com.br,https://s.shopee.com.br/6AkKWaBR4z?channel_type=pinterest,https://i.pinimg.com/originals/44/96/25/4496256aa458c5ab981c9c1212bf18b0.png,1023,1537,0,2026-08-18
2026-09-01,vestido midi,564427765823655666,67,5,0,Sunny Yellow Floral Midi Dress Outfit | Elegant Summer Vacation Style Inspiration,,,https://i.pinimg.com/originals/fb/e9/08/fbe9081e048f41b035ce4410c04505c0.png,784,1344,0,2026-07-31
2026-09-01,vestido midi,1020346859358998851,68,4,0,🌷Look Elegante com Vestido Midi ✨️,onelink.shein.com,https://onelink.shein.com/47/5yrphv9e1qvy,https://i.pinimg.com/originals/55/7d/d5/557dd50c835c9514a711cea1a276627e.jpg,1200,2133,0,2026-08-22
2026-09-01,vestido midi,180355160075062492,69,20,0,"Flowing Skirt, Feminine Style: Effortless Chic",,,https://i.pinimg.com/originals/86/09/f7/8609f7a3d4aec10a72d8102442c0b483.png,1024,1536,0,2026-08-22
2026-09-01,vestido midi,466544842669713829,70,50,0,Vestido Midi Shein,onelink.shein.com,https://onelink.shein.com/44/5wz0joz37n7q,https://i.pinimg.com/originals/52/96/3b/52963b6f7aed19c14ff63b13ce9b7893.png,1023,1537,0,2026-08-14
2026-09-01,vestido midi,844493675392630,71,5324,0,,,,https://i.pinimg.com/originals/b8/49/83/b8498325c8b529ff99d6e974251a0453.jpg,736,1308,0,2025-05-26
2026-09-01,vestido midi,1085437947694370297,72,1198,0,Elegant Floral Midi Dress for Spring Weddings in 2025,daimnevizu.ru,https://daimnevizu.ru/spring-wedding-guest-dresses-2025-stylish-trends-and-outfit-ideas-for-every-celebration/,https://i.pinimg.com/originals/7a/76/27/7a7627650d2f6f87f73cf9cfb6a341bf.jpg,737,1313,0,2025-03-19
2026-09-01,vestido midi,542050505175250131,73,3,0,10 Rehearsal Dinner Outfits for the Chic Bride That Steal the Spotlight - deemvibes.com,deemvibes.com,https://deemvibes.com/10-rehearsal-dinner-outfits-for-the-chic-bride-that-steal-the-spotlight/,https://i.pinimg.com/originals/dd/5d/87/dd5d870032dfe2f31e71bcea916f2150.webp,1440,2560,0,2026-08-16
2026-09-01,saia longa fluida,1121818588460972884,2,8,0,10 Things Graceful Women Never Do (Elegant Lifestyle & Confidence Guide) - Diibiz,diibiz.com,https://diibiz.com/things-graceful-women-avoid/?utm_source=star&utm_medium=link&utm_campaign=mishal,https://i.pinimg.com/originals/b0/a2/e0/b0a2e07b9aa4cb00e66933d0ee7af32a.jpg,736,1307,0,2026-08-17
2026-09-01,saia longa fluida,961870432940750757,3,2571,0,Look com saia Compre aqui!👇🏼,onelink.shein.com,https://onelink.shein.com/44/5ws52eu26j4v,https://i.pinimg.com/originals/3d/73/b4/3d73b42ce82ca7a72f25a25d23e53224.jpg,1080,1920,0,2026-07-30
2026-09-01,saia longa fluida,914862422432330,4,305,0,Maxi Skirts Outfits | Trendy Long Skirts for Every Season | Chic Casual & Elegant Style,amazon.com,https://www.amazon.com/shop/stufftobuy/list/1SOGSYM0ILSJ0?ref_=aipsflist,https://i.pinimg.com/originals/da/fe/92/dafe92c9f9deb159a24ccec6f3f3af9f.jpg,735,1105,0,2026-08-05
2026-09-01,saia longa fluida,AVQsvxNOYgSI70W6hrq8jeLDORoJaHzihkJc-5ghvsu8lwYI4W15rZLHkPHZ0aIKmMdDWMWej7iz4raIcu5qGDM,5,2,0,2026 New Elegant Style,us.shein.com,https://us.shein.com/ark/default?scene=1&test=5051&ad_type=DPA&goods_id=457871011&pf=PINTEREST&url_from=PINADSDPA&ismg=986be68bd6970baf9d836cb70d587ff08601e494fc3538459d7fde363c0cd26e_01_1788193908,https://i.pinimg.com/originals/dd/70/ae/dd70ae5b98dc5f9a3a87e8f127a2f704.jpg,1065,1598,0,2026-06-09
2026-09-01,saia longa fluida,21321798232480300,6,492,0,Old Money Long Skirt Outfits,,,https://i.pinimg.com/originals/81/83/5b/81835ba9bda7a65cfd156f21e70fe43a.jpg,870,1307,0,2026-07-23
2026-09-01,saia longa fluida,AcraJy8VXH85tlfi1yK3XHkmRGHlkMnwrFUNyFEmAkmAE7CC-3wO_R0xHY1ZifrGr5HcKYbH32CkA0MxGJIhYdk,7,3,0,Women's Spring Summer,amazon.com,https://www.amazon.com/Womens-Evening-Reception-Holiday-Apricot/dp/B0CSSKQ545/ref=asc_df_B0CSSKQ545?hvdev=%7Bdevice%7D&hvcampaign=%7Bcampaignid%7D&hvadgroupid=%7Badgroupid%7D&hvprdptid=%7Bproduct_partition_id%7D&hvprdgrpid=%7Bpromoted_product_group_id%7D&hvcr=%7Bcreative_id%7D&hvadid=%7Badid%7D&hvprdid=%7Bproduct_id%7D&hvplc=%7Bplacement%7D&psc=1&tag=%7Bifnotmobile:ushpadpinde-20%7D%7Bifmobile:ush,https://i.pinimg.com/originals/72/f2/06/72f206af99fb6da2e75246aeae4bd447.jpg,1248,1824,0,2026-04-01
2026-09-01,saia longa fluida,630644754117335482,8,2161,0,,,,https://i.pinimg.com/originals/00/0a/06/000a06295781fa4de08b08d58b375e46.jpg,579,1278,0,2026-04-18
2026-09-01,saia longa fluida,AXe6OIAG4UHRDhphbZkbQkRSqjWcvE9QgWOjzMw9gnMGOQ8YC_9R2e12d_CVUHu8uTXBNUZzq4qBtxhVXxGVVFE,9,24,0,Timormode Women Flowy,amazon.com,https://www.amazon.com/Timormode-Summer-Elastic-Chiffon-TMS8006/dp/B0F2H8DFLB/ref=asc_df_B0F2H8DFLB?hvdev=%7Bdevice%7D&hvcampaign=%7Bcampaignid%7D&hvadgroupid=%7Badgroupid%7D&hvprdptid=%7Bproduct_partition_id%7D&hvprdgrpid=%7Bpromoted_product_group_id%7D&hvcr=%7Bcreative_id%7D&hvadid=%7Badid%7D&hvprdid=%7Bproduct_id%7D&hvplc=%7Bplacement%7D&psc=1&tag=%7Bifnotmobile:ushpadpinde-20%7D%7Bifmobile:ush,https://i.pinimg.com/originals/7f/17/09/7f1709aca5d608dc63f89927ce639e71.jpg,1248,1824,0,2026-04-17
2026-09-01,saia longa fluida,4591490273785818496,10,0,0,Saia Longa de Tule Feminina Camadas Fluida Elegante Cintura Alta para Festa Passeio e Verão,br.shein.com,https://br.shein.com/ark/default?scene=1&test=5051&ad_type=DPA&goods_id=486945760&pf=PINTEREST&link_type=link&url_from=PINADSDPA&ismg=b8edd1cc7bd755bd9347b9706d91cb19872375178cb65538c0b7074d1dffcc69_01_1788195893,https://i.pinimg.com/originals/d8/81/98/d88198bf2b026c71b261553309d0260f.jpg,1086,1448,0,2026-08-05
2026-09-01,saia longa fluida,Acty9NM8rjmauVGQeCf7z_T7UrLgzJMqOKSU2TEA9SBb3P7ZRmgB5sAwb7_p3VAksZFLe2_IHurLxz9d2WtMhvw,11,1,0,MAMA Asymmetric Satin,www2.hm.com,https://www2.hm.com/en_us/productpage.1351400002.html?utm_medium=unpl&utm_source=pinterest&utm_campaign=Global%20Performance_Dynamic%20Shopping&utm_content=performance&utm_term=us,https://i.pinimg.com/originals/df/3b/e3/df3be31a8f72e5225b7c16baf4e294a8.jpg,2333,3500,0,2026-07-21
2026-09-01,saia longa fluida,AcblDIxVdbzZLtsf2oyT9rM_BLN3YEC5gdzvV8UGz3lRY9Hb0gQ_qiMibgs4KLJJEttfkR1RkMtA5N0KjEGSWGw,12,7,0,Quince | Women's Maxi,quince.com,https://www.quince.com/women/100-washable-silk-maxi-skirt?color=wine-tasting-red&size=l&utm_source=pinterest&utm_medium=paid_social&utm_campaign=%7Bcampaign_name%7D&utm_adgroup=%20%7Badgroup_name%7D&utm_campaignid=%7Bcampaignid%7D&utm_adgroupid=%7Badgroupid%7D&utm_adid=%7Badid%7D&utm_creative=%20%7Bcreative_id%7D&utm_content=%7Badid%7D&utm_term=%7Badgroupid%7D&productid=%7Bproduct_id%7D,https://i.pinimg.com/originals/68/69/62/686962506a5f0d597d2b70b323acde82.jpg,1000,1500,0,2026-01-06
2026-09-01,saia longa fluida,AT5SPvsF0FjGbwsvao9rhRmu7-dB46DVw0TGpZEV__kZ-NTxILOxIj5hcGIIdY9AUrcnWh5oior2omtLmZTwTLo,13,5,0,Avanova Women Boho Floral,amazon.com,https://www.amazon.com/Avanova-Floral-Waisted-Apricot-X-Large/dp/B0DBZ7TX2Y/ref=asc_df_B0DBZ7TX2Y?hvdev=%7Bdevice%7D&hvcampaign=%7Bcampaignid%7D&hvadgroupid=%7Badgroupid%7D&hvprdptid=%7Bproduct_partition_id%7D&hvprdgrpid=%7Bpromoted_product_group_id%7D&hvcr=%7Bcreative_id%7D&hvadid=%7Badid%7D&hvprdid=%7Bproduct_id%7D&hvplc=%7Bplacement%7D&psc=1&tag=%7Bifnotmobile:ushpadpinde-20%7D%7Bifmobile:ushpa,https://i.pinimg.com/originals/f1/cd/6d/f1cd6d6f1a20f2a7d609ff2d5b41db32.jpg,1074,1612,0,2026-05-25
2026-09-01,saia longa fluida,43065740182534425,14,577,0,,,,https://i.pinimg.com/originals/c2/a6/18/c2a618176c84a027d2e47e3f4c0db7b6.png,1023,1537,0,2026-08-11
2026-09-01,saia longa fluida,AVSsWjr6VhNgpiHP2_FdFwc54eFOHt8F9svRo9YnqQi5UHB-qkgXYkhaBlngmEyFz1AyHWsSGsPAzKWM87MFvTU,15,15,0,Scarlet Darkness Maxi,amazon.com,https://www.amazon.com/Scarlet-Darkness-Casual-Bohemian-Renaissance/dp/B0D5YZRX8H/ref=asc_df_B0D5YZRX8H?hvdev=%7Bdevice%7D&hvcampaign=%7Bcampaignid%7D&hvadgroupid=%7Badgroupid%7D&hvprdptid=%7Bproduct_partition_id%7D&hvprdgrpid=%7Bpromoted_product_group_id%7D&hvcr=%7Bcreative_id%7D&hvadid=%7Badid%7D&hvprdid=%7Bproduct_id%7D&hvplc=%7Bplacement%7D&psc=1&tag=%7Bifnotmobile:ushpadpinde-20%7D%7Bifmobile,https://i.pinimg.com/originals/d6/29/c1/d629c10a3e252b02a92d090379ecd500.jpg,1248,1824,0,2026-05-20
2026-09-01,saia longa fluida,7670261862839700,16,2702,0,,,,https://i.pinimg.com/originals/b1/51/38/b15138b8ec163ac00ee71f42ab190f8b.jpg,719,1278,0,2026-06-15
2026-09-01,saia longa fluida,241013017556532799,17,141,0,✨️,,,https://i.pinimg.com/originals/4a/37/38/4a37382e06061414d73ede2d313040c8.png,1023,1537,0,2026-08-22
2026-09-01,saia longa fluida,1132796112550432537,18,151,0,Cute dress,,,https://i.pinimg.com/originals/59/a7/e8/59a7e891b7fe2b46e49bdb066d3b4b1b.jpg,736,1104,0,2026-05-31
2026-09-01,saia longa fluida,ASR933o3PXHqninri_y9IiyyBUjlxD3hO2Cchc6rM1TUeRfB5cEqjphur_-esWx3ow0p3UTQbua-fvug4qQMLek,19,42,0,SCARLET DARKNESS Long,amazon.com,https://www.amazon.com/Scarlet-Darkness-Casual-Elastic-Ruffled/dp/B0DTT85M4X/ref=asc_df_B0DTT85M4X?hvdev=%7Bdevice%7D&hvcampaign=%7Bcampaignid%7D&hvadgroupid=%7Badgroupid%7D&hvprdptid=%7Bproduct_partition_id%7D&hvprdgrpid=%7Bpromoted_product_group_id%7D&hvcr=%7Bcreative_id%7D&hvadid=%7Badid%7D&hvprdid=%7Bproduct_id%7D&hvplc=%7Bplacement%7D&psc=1&tag=%7Bifnotmobile:ushpadpinde-20%7D%7Bifmobile:ushp,https://i.pinimg.com/originals/95/a2/97/95a2975b08b33b42cbf5549d641cdb89.jpg,1248,1824,0,2026-01-23
2026-09-01,saia longa fluida,AYrMjAETS0EOWNPo1rzr4iaNMA2LygWB-HURBrCaKg37d78Sz76zMVEzwdI4Hb2dCGLW9o3Kh_uQ6hdsq8SKPlo,20,0,0,Temu | Elegant Satin Midi,temu.com,https://www.temu.com/ul/kuiper/un3.html?subj=dpa-un&_bg_fs=1&_p_jump_id=1082&_x_vst_scene=adg&goods_id=606563263690055&adg_ctx=a-ef47c271~c-2bb7aa67&_p_rfs=1&_x_ads_channel=pinterest&_x_ads_creative_id=%7Bproduct_partition_id%7D&_x_ads_id=%7Badgroupid%7D&_x_ads_set=%7Bcampaignid%7D&_x_ads_sub_channel=shopping&_x_ns_catalog_id=1567707391772&_x_ns_creative=%7Badid%7D&_x_ns_gid=606563263690055&_x_ns_,https://i.pinimg.com/originals/fe/d7/30/fed7301fe9b93448ee690f26bd606d18.jpg,2000,3000,0,2026-08-05
2026-09-01,saia longa fluida,AeRx9xtMvom6tWUXITq5vlDstnRZm8JT-tObOl2VgC13oRFLEeyJAwDOgmOki3sAHdLgElvVMxOawnK6_FGPdQE,21,0,0,Temu | Falda Larga,temu.com,https://www.temu.com/ul/kuiper/un3.html?subj=dpa-un&_bg_fs=1&_p_jump_id=1082&_x_vst_scene=adg&goods_id=601099835023760&adg_ctx=a-276cc4e6~c-29f62d5a&_p_rfs=1&_x_ads_channel=pinterest&_x_ads_creative_id=%7Bproduct_partition_id%7D&_x_ads_id=%7Badgroupid%7D&_x_ads_set=%7Bcampaignid%7D&_x_ads_sub_channel=shopping&_x_ns_catalog_id=1580405374697&_x_ns_creative=%7Badid%7D&_x_ns_gid=601099835023760&_x_ns_,https://i.pinimg.com/originals/06/a4/a4/06a4a4c72b28aa08de630fefcb304e29.jpg,1350,1350,0,2026-08-30
2026-09-01,saia longa fluida,ASVa7LmFBAsQEJcXkb18Q0Qy7VBHS1aJkRzPzyU3K-0f9lCMNTpJO9b7DCiLQ4Y5SpPYLqSme9fyssgria3vNUU,22,1,0,Xuani Maxi Skirt for,amazon.com,https://www.amazon.com/Xuani-Skirts-Ruffle-Elastic-Elegant/dp/B0F2T3VSV9/ref=asc_df_B0F2T3VSV9?hvdev=%7Bdevice%7D&hvcampaign=%7Bcampaignid%7D&hvadgroupid=%7Badgroupid%7D&hvprdptid=%7Bproduct_partition_id%7D&hvprdgrpid=%7Bpromoted_product_group_id%7D&hvcr=%7Bcreative_id%7D&hvadid=%7Badid%7D&hvprdid=%7Bproduct_id%7D&hvplc=%7Bplacement%7D&psc=1&tag=%7Bifnotmobile:ushpadpinde-20%7D%7Bifmobile:ushpadpi,https://i.pinimg.com/originals/34/0c/64/340c647784862e60e3fcb62fcb9ea216.jpg,1340,1785,0,2026-07-19
2026-09-01,saia longa fluida,373235887892866636,23,12,0,Elegant White Crop Top and Brown Ruffle Midi Skirt Outfit for Chic Summer Style,,,https://i.pinimg.com/originals/bd/eb/8a/bdeb8a3638878b40d7a2279452d62800.png,1023,1537,0,2026-07-12
2026-09-01,saia longa fluida,1052505375439689419,24,1,0,"Saia Longa Plissada de Chiffon Cintura Alta Vintage Feminina, Saia Longa Fluida Azul Suave em Linha A para Resort, Uso Diário Elegante & Estilo de Volta às Aulas",onelink.shein.com,https://onelink.shein.com/48/5za1vephmpnv?ismg_ol=Br6t1XJZZbJ_01_KOC-C,https://i.pinimg.com/originals/4e/00/b1/4e00b119483507976257734309e07107.jpg,1086,1448,0,2026-08-18
2026-09-01,saia longa fluida,1124562969482147319,25,20,0,Spring-boho themed outfit,,,https://i.pinimg.com/originals/82/18/9f/82189fde767f9764002226967b0c8fcd.jpg,736,1104,0,2026-05-02
2026-09-01,saia longa fluida,AWnpK8h4oIqQjmS3KbdTCuH4cjmjOgz6uaPNoEObCGhAgbOdd2vpyCDHo9mR8ewsaOqEWwrw6I2jn1EymrHzXzM,26,1,0,Women's High-Waisted,temu.com,https://www.temu.com/ul/kuiper/un3.html?subj=dpa-un&_bg_fs=1&_p_jump_id=1082&_x_vst_scene=adg&goods_id=601100292867331&adg_ctx=a-df98a58c~c-f5d7577e&_p_rfs=1&_x_ads_channel=pinterest&_x_ads_creative_id=%7Bproduct_partition_id%7D&_x_ads_id=%7Badgroupid%7D&_x_ads_set=%7Bcampaignid%7D&_x_ads_sub_channel=shopping&_x_ns_catalog_id=1567707391772&_x_ns_creative=%7Badid%7D&_x_ns_gid=601100292867331&_x_ns_,https://i.pinimg.com/originals/c3/8f/47/c38f478951b29bdd697270beb0570153.jpg,2000,3000,0,2026-06-25
2026-09-01,saia longa fluida,Adx12u5KjsZrB4RrZ7JvthuhNLY4x9VeJHE7baIhhOtPf1T_7jRxDrTm13HF9Ai84PUaipIB_xYWRYhccCqormM,27,1,0,Temu | Elegant Women's,temu.com,https://www.temu.com/ul/kuiper/un3.html?subj=dpa-un&_bg_fs=1&_p_jump_id=1082&_x_vst_scene=adg&goods_id=601105821237210&adg_ctx=a-4c266d1a~c-01a2093b&_p_rfs=1&_x_ads_channel=pinterest&_x_ads_creative_id=%7Bproduct_partition_id%7D&_x_ads_id=%7Badgroupid%7D&_x_ads_set=%7Bcampaignid%7D&_x_ads_sub_channel=shopping&_x_ns_catalog_id=1567707391772&_x_ns_creative=%7Badid%7D&_x_ns_gid=601105821237210&_x_ns_,https://i.pinimg.com/originals/15/c6/f2/15c6f21c9c4a5121f76cfef31ab53175.jpg,2000,3000,0,2026-06-14
2026-09-01,saia longa fluida,401453754303099515,28,194,0,Saia looks,instagram.com,https://www.instagram.com/reel/DGN9YHGR1F8/?igsh=MW5mcTZtNXQ1b2Jsbg==,https://i.pinimg.com/originals/f9/77/3a/f9773a38257f1b8f50f6a338f01c39ed.jpg,679,1115,0,2025-02-18
2026-09-01,saia longa fluida,AZhI8JavtYiJ3k7X0pSYYsjak_n0UdbrU8egVb-aiMim27wJ_ET8NcHok-mRhz7iv9kMMBUQmw8uk1fLWaQ_D78,29,16,0,Women's Stretchy Elastic,amazon.com,https://www.amazon.com/Womens-Stretchy-Elastic-Breathable-Outfits/dp/B0FH28D51X/ref=asc_df_B0FH28D51X?hvdev=%7Bdevice%7D&hvcampaign=%7Bcampaignid%7D&hvadgroupid=%7Badgroupid%7D&hvprdptid=%7Bproduct_partition_id%7D&hvprdgrpid=%7Bpromoted_product_group_id%7D&hvcr=%7Bcreative_id%7D&hvadid=%7Badid%7D&hvprdid=%7Bproduct_id%7D&hvplc=%7Bplacement%7D&psc=1&tag=%7Bifnotmobile:ushpadpinde-20%7D%7Bifmobile:u,https://i.pinimg.com/originals/a8/51/40/a85140f0b2e8dbd75d8e2a450a17bd2e.jpg,800,1200,0,2026-04-17
2026-09-01,saia longa fluida,910923462148152149,30,4,0,Saia Elegante com babado,s.shopee.com.br,https://s.shopee.com.br/6AiIniKYb8?channel_type=pinterest,https://i.pinimg.com/originals/61/44/1e/61441e3fee160722aaa533b2fb558b94.png,941,1672,0,2026-06-01
2026-09-01,saia longa fluida,616641374026924393,31,4,0,Saia Longa Feminina Plissada Cintura Alta Moda Evangélica,meli.la,https://meli.la/2DH6cKr,https://i.pinimg.com/originals/10/2f/b2/102fb2516919ccffe98d38e088502a86.png,768,1365,0,2026-08-07
2026-09-01,saia longa fluida,485333297370994075,32,714,0,,,,https://i.pinimg.com/originals/76/77/c1/7677c174cde1f04ced3844158a8fc7d0.jpg,591,884,0,2026-05-03
2026-09-01,saia longa fluida,ARQrD5pB0_rH4LpzFgp54UMZAJTdz4nO7tt5I9OAiaS1Il2xn93VCiftm9uaVMU4m1ds-IFvbUDXZ9Dvg-p8AAQ,33,1,0,"Temu | Women's Skirt,",temu.com,https://www.temu.com/ul/kuiper/un3.html?subj=dpa-un&_bg_fs=1&_p_jump_id=1082&_x_vst_scene=adg&goods_id=606468908632808&adg_ctx=a-f2e3bf7b~c-5817fcc3&_p_rfs=1&_x_ads_channel=pinterest&_x_ads_creative_id=%7Bproduct_partition_id%7D&_x_ads_id=%7Badgroupid%7D&_x_ads_set=%7Bcampaignid%7D&_x_ads_sub_channel=shopping&_x_ns_catalog_id=1567707391772&_x_ns_creative=%7Badid%7D&_x_ns_gid=606468908632808&_x_ns_,https://i.pinimg.com/originals/bf/14/38/bf14387040993b4039d215f9792a74e0.jpg,2000,3000,0,2026-06-22
2026-09-01,saia longa fluida,4609997288466304896,34,10,0,25 Chic Pleated Skirt Outfit Ideas for Effortless Style,sewmamasew.com,https://www.sewmamasew.com/25-chic-pleated-skirt-outfit-ideas/,https://i.pinimg.com/originals/13/8a/d2/138ad2abf42762e626d59c564da0a302.jpg,720,1280,0,2026-07-24
2026-09-01,saia longa fluida,AYHP-MPgQCJgE95jiBw1Ne5wKGTbjXjpG7xY7I0NqKy01U7u5Ywanx1K-KruF053BTujYRx1dKstQgwrnf4BZIU,35,3,0,Chilco Maxi Skirt by Free,freepeople.com,https://www.freepeople.com/shop/chilco-maxi-skirt/?color=055&size=US+4&type=STANDARD,https://i.pinimg.com/originals/c7/eb/15/c7eb1500380d08bfef03b7f90ee3e795.jpg,975,1463,0,2026-04-24
2026-09-01,saia longa fluida,ASkmK47HKT2y1KPJYtCaREw3wuMGuKpUczFL7yXThyYJyo6ikLPYwOqiFi_mJCK2lXMXlFxHK7Lz3ZX4iJA6-t4,36,1,0,Temu | Paisley Print Maxi,temu.com,https://www.temu.com/ul/kuiper/un3.html?subj=dpa-un&_bg_fs=1&_p_jump_id=1082&_x_vst_scene=adg&goods_id=605537571844776&adg_ctx=a-2a6e9d0f~c-6cc7beb4&_p_rfs=1&_x_ads_channel=pinterest&_x_ads_creative_id=%7Bproduct_partition_id%7D&_x_ads_id=%7Badgroupid%7D&_x_ads_set=%7Bcampaignid%7D&_x_ads_sub_channel=shopping&_x_ns_catalog_id=1567707391772&_x_ns_creative=%7Badid%7D&_x_ns_gid=605537571844776&_x_ns_,https://i.pinimg.com/originals/11/0d/5a/110d5a171798452e8532292bd84118a0.jpg,2000,3000,0,2026-07-15
2026-09-01,saia longa fluida,4602678908216307584,37,0,0,Saia Longa Babados Plissada Feminina Moda Chic Casual,br.shein.com,https://br.shein.com/ark/default?scene=1&test=5051&ad_type=DPA&goods_id=533379443&pf=PINTEREST&link_type=link&url_from=PINADSDPA&ismg=102aafb3de7b1c44de8fca43e3e6bfd34d8d1dab2e785d34568350986217285a_01_1788195786,https://i.pinimg.com/originals/d7/36/c6/d736c6fd494b6c3a28668464efcd4968.jpg,1340,1785,0,2026-08-18
2026-09-01,saia longa fluida,413697915795517125,38,63,0,look elegante e versátil,s.shopee.com.br,https://s.shopee.com.br/6L3LIOb22o?channel_type=pinterest,https://i.pinimg.com/originals/40/56/ca/4056ca943b5ebd040a7055e9789c4a90.png,941,1672,0,2026-08-21
2026-09-01,saia longa fluida,AZU5w6lqwM5q_aKu8o6vpqs1F_MyO8mzL4e--ZoUssscjAOv_Gv_mfOqroCFednOJzjaWhavAS_NMdPTZ5i985o,39,1,0,Lepunuo Womens Casual,amazon.com,https://www.amazon.com/Lepunuo-Elastic-Waisted-Maxi-Skirts/dp/B0DN6KX568/ref=asc_df_B0DN6KX568?hvdev=%7Bdevice%7D&hvcampaign=%7Bcampaignid%7D&hvadgroupid=%7Badgroupid%7D&hvprdptid=%7Bproduct_partition_id%7D&hvprdgrpid=%7Bpromoted_product_group_id%7D&hvcr=%7Bcreative_id%7D&hvadid=%7Badid%7D&hvprdid=%7Bproduct_id%7D&hvplc=%7Bplacement%7D&psc=1&tag=%7Bifnotmobile:ushpadpinde-20%7D%7Bifmobile:ushpadpi,https://i.pinimg.com/originals/9e/e1/74/9ee1740b19a00273c65c3ad64213f52b.jpg,965,1448,0,2026-01-23
2026-09-01,saia longa fluida,1097119159268814868,40,199,0,✨ Poá Manteiga & Chocolate: O Look Elegante Que Une Sofisticação e Feminilidade Atemporal,,,https://i.pinimg.com/originals/84/b7/5b/84b75b0b219629bd350243b7f53ca6ac.jpg,1168,1752,0,2026-05-31
2026-09-01,saia longa fluida,1126181450611447043,41,1147,0,Coastal White Skirt Summer Style,,,https://i.pinimg.com/originals/db/27/56/db27561d1ce3d2f10c05828d2977401c.jpg,473,844,0,2026-03-01
2026-09-01,saia longa fluida,ASXFGG8-Lfv-145qOD8lX7FcAo1FLQDkxxA_WryeQOpCigwyR6w7RbEa4jl1kvuA-rfPEyfOozVspkGdFizHrUw,42,0,0,Temu | Elegant Soft 2PCS,temu.com,https://www.temu.com/ul/kuiper/un3.html?subj=dpa-un&_bg_fs=1&_p_jump_id=1082&_x_vst_scene=adg&goods_id=601105686829312&adg_ctx=a-404d7dc2~c-0e5be363&_p_rfs=1&_x_ads_channel=pinterest&_x_ads_creative_id=%7Bproduct_partition_id%7D&_x_ads_id=%7Badgroupid%7D&_x_ads_set=%7Bcampaignid%7D&_x_ads_sub_channel=shopping&_x_ns_catalog_id=1567707391772&_x_ns_creative=%7Badid%7D&_x_ns_gid=601105686829312&_x_ns_,https://i.pinimg.com/originals/c6/eb/75/c6eb757468a2f08d088e6cb890812fc4.jpg,2000,3000,0,2026-08-06
2026-09-01,saia longa fluida,1087056428843674457,43,77,0,conjunto feminino elegante,onelink.shein.com,https://onelink.shein.com/44/5wv9k1tokqos,https://i.pinimg.com/originals/27/3d/20/273d207570f8f2ec686675557ce96eed.png,941,1672,0,2026-07-25
2026-09-01,saia longa fluida,8162843070579912,44,546,0,,,,https://i.pinimg.com/originals/8f/c6/49/8fc649663f9cd84a541f6c2cd6fb6c58.jpg,624,1047,0,2025-12-07
2026-09-01,saia longa fluida,AVMHwm2qfiGaEkvcNs2yYqXBfuHzEur0-n11mTZJ11Z_vnNo6yypAufR-8IJdJggOSH2d7KQp7lVXq8sCFfLpUs,45,0,0,The Golden Cocoon,lilysilk.com,https://www.lilysilk.com/us/golden-cocoon-amaranth-skirt.html,https://i.pinimg.com/originals/94/aa/7e/94aa7ef765997b26fdc1194f843e4fb7.jpg,355,532,0,2026-08-04
2026-09-01,saia longa fluida,528469337521216168,46,9,0,,,,https://i.pinimg.com/originals/05/20/ea/0520eaadedb2f8918c45915f1eff4104.jpg,564,1150,0,2018-07-30
2026-09-01,saia longa fluida,AUpftSz2O98wQ1g4qGTl9wBq4ne4LweBsZ2LrjIuU2jcx0bYRLGGGPlYDTtSsCNVRN2jibfWvo3NDviFRyfK8PE,47,26,0,Afibi Women Full/Ankle,amazon.com,https://www.amazon.com/Afibi-Length-Blending-Chiffon-Coffee/dp/B0F17JXG4V/ref=asc_df_B0F17JXG4V?hvdev=%7Bdevice%7D&hvcampaign=%7Bcampaignid%7D&hvadgroupid=%7Badgroupid%7D&hvprdptid=%7Bproduct_partition_id%7D&hvprdgrpid=%7Bpromoted_product_group_id%7D&hvcr=%7Bcreative_id%7D&hvadid=%7Badid%7D&hvprdid=%7Bproduct_id%7D&hvplc=%7Bplacement%7D&psc=1&tag=%7Bifnotmobile:ushpadpinde-20%7D%7Bifmobile:ushpadp,https://i.pinimg.com/originals/44/3b/5b/443b5b153bba73d799592d163c874e13.jpg,1258,2560,0,2026-04-04
2026-09-01,saia longa fluida,914862422432412,48,604,0,,,,https://i.pinimg.com/originals/c3/59/96/c3599613b3a54cc650fb8d037ab633a4.jpg,1080,1920,0,2026-08-05
2026-09-01,saia longa fluida,793900240610362683,49,258,0,Saia de pó,onelink.shein.com,https://onelink.shein.com/40/5txraz9m6ma2,https://i.pinimg.com/originals/58/65/4e/58654eae53a58577eac0ff8d4c5061f3.jpg,1080,1920,0,2026-06-27
2026-09-01,saia longa fluida,182395853666584734,50,11,0,Done 💕 Black one-shoulder top ke saath floral flowy skirt look,,,https://i.pinimg.com/originals/92/8a/91/928a916032c4f425d8cd691b39a170f0.png,1086,1448,0,2026-08-22
2026-09-01,saia longa fluida,AX2Z89_tW2DvnTUPUMdL7GOxCPy8jPBL1M0Hcu1UhQ_YySQ3lwaavip3IcKeW2ZUAmH2VExQQiuM3AYSiuqNduI,51,39,0,Temu | Retro High-end,temu.com,https://www.temu.com/ul/kuiper/un3.html?subj=dpa-un&_bg_fs=1&_p_jump_id=1082&_x_vst_scene=adg&goods_id=601102741442079&adg_ctx=a-012aff46~c-0347bf08&_p_rfs=1&_x_ads_channel=pinterest&_x_ads_creative_id=%7Bproduct_partition_id%7D&_x_ads_id=%7Badgroupid%7D&_x_ads_set=%7Bcampaignid%7D&_x_ads_sub_channel=shopping&_x_ns_catalog_id=1567707391772&_x_ns_creative=%7Badid%7D&_x_ns_gid=601102741442079&_x_ns_,https://i.pinimg.com/originals/a0/94/e1/a094e1a8cd80ff428b05db9a26a57179.jpg,2000,3000,0,2026-08-19
2026-09-01,saia longa fluida,AfeFNMS-Wnn3brLzVgomTmKH3mBRxSUIR8O6lRrB4odpHHPSc8tyJTM-mIlvdExN91u_Oxuh6lfn6Kjv4elotkI,52,0,0,Women's Creamy Apricot,us.shein.com,https://us.shein.com/ark/default?scene=1&test=5051&ad_type=DPA&goods_id=35641850&pf=PINTEREST&url_from=PINADSDPA&ismg=9698c38a5942410a4c1a5b52f1fd42ae2d50d8d1bc146d5725a7f1089b009e41_01_1788193849,https://i.pinimg.com/originals/d0/ca/30/d0ca30959d513ad53db0cc9f132b3ff7.jpg,1340,1785,0,2026-07-10
2026-09-01,saia longa fluida,AaqAqHVHE58YDXNRf8n42dzrZ8PEokE3lnZJNcxN9utHLICk4PSI_TiL3UgZHnK0ywr-P7n3W1__G94MVKrohJ8,53,63,0,20TH ANNIVERSARY SALE! –,barbaradever.com,https://barbaradever.com/products/alba-complete-with-gray-lace-panel-top-and-long-pleated-skirt?variant=57098038215031&utm_source=multifeeds&utm_medium=organic&utm_campaign=best%20selling%20dresses&utm_content=Alba%20-%20Complete%20with%20gray%20lace%20panel%20top%20and%20long%20pleated%20skirt,https://i.pinimg.com/originals/1f/bc/18/1fbc185e24e4c216f6d6a68813d3e4a9.jpg,1066,1600,0,2026-05-31
2026-09-01,saia longa fluida,398990848258994738,54,1282,0,,,,https://i.pinimg.com/originals/9a/99/9f/9a999f1444724471bd7697ace4c31530.jpg,602,1284,0,2025-06-10
2026-09-01,saia longa fluida,AeM3sPjuPqYtGPKn-uWwldoYTP_a4m9ZAJpd9gpg1TCGFLBZXNbg7K19FfyQxuSkRbXZRK4JK8PCtnv_8okOGZ4,55,1,0,Temu | Ruffled Hem A-Line,temu.com,https://www.temu.com/ul/kuiper/un3.html?subj=dpa-un&_bg_fs=1&_p_jump_id=1082&_x_vst_scene=adg&goods_id=601100875291393&adg_ctx=a-9e892bae~c-15240adc&_p_rfs=1&_x_ads_channel=pinterest&_x_ads_creative_id=%7Bproduct_partition_id%7D&_x_ads_id=%7Badgroupid%7D&_x_ads_set=%7Bcampaignid%7D&_x_ads_sub_channel=shopping&_x_ns_catalog_id=1567707391772&_x_ns_creative=%7Badid%7D&_x_ns_gid=601100875291393&_x_ns_,https://i.pinimg.com/originals/28/01/3b/28013ba5c807fcc2262e16ec3603d3d8.jpg,2666,4000,0,2026-06-02
2026-09-01,saia longa fluida,4362930885074995,56,319,0,casual outfit,,,https://i.pinimg.com/originals/97/aa/06/97aa0697606e6c6b8717235e931e2a35.png,1023,1537,0,2026-07-22
2026-09-01,saia longa fluida,61994932366858598,57,281,0,🥂 Cream Tube Top & Maxi Skirt Set ✨| Elegant Quiet Luxury Summer Outfit for Women,,,https://i.pinimg.com/originals/55/73/63/557363dfb6f0697e7e52c76f02de0503.png,1086,1448,0,2026-07-10
2026-09-01,saia longa fluida,AZNaFUJk8V6pzr317eSOchTbveLOrovWox8BCrI4n7sNUf1YutCY6rVFaiU3umUYcUaD1fWe6iX47CnW7EyWTj0,58,84,0,Tropical Daydream Maxi,lascana.com,"https://www.lascana.com/Ruffled-Maxi-Skirt,7503?d=Bottoms",https://i.pinimg.com/originals/d8/36/c7/d836c72c0ece6afb1a92492caaee38cd.jpg,910,1300,0,2026-04-09
2026-09-01,saia longa fluida,AXSCzb3RRf8G2saqKrC-IAJJlHcad2CP5V7CNAaIC7fRjvRfEAN33Uyq_k5Gfo2_8vFyUcQUFOhyla4qAlMS-40,59,422,0,Luxury-Inspired Amazon,amzlink.to,https://amzlink.to/az0KozhwDROKZ,https://i.pinimg.com/originals/ba/f7/13/baf7133b4344967c8b2af6a99c7ddda8.png,1000,1500,0,2026-05-14
2026-09-01,saia longa fluida,AbBIryUyl0YWGRGlXmtynMrV_nSH_cLzgXlZeruPl2W4peUoSU9A0JBSgOD4O_FUoAWhHo23DFSZ8s7cOZnExko,60,8053,0,Looks Expensive But It's,amzlink.to,https://amzlink.to/az0u2a9l3C7cj,https://i.pinimg.com/originals/25/77/be/2577befbd11f92940b084e862b4080eb.png,1000,1500,0,2026-02-04
2026-09-01,saia longa fluida,903464375250427438,61,582,0,,,,https://i.pinimg.com/originals/fc/e4/62/fce4621429aa6a4c4cb33b453886b60d.jpg,1080,1920,0,2025-04-20
2026-09-01,saia longa fluida,Aa2NRNXyI0UPI-Cjshj7d8SS3dDrhK51rsYZtrqsETxq0nG4h9KZdkf8bTWAPgUJI54GzTg8mgTnBmvhaLOJg4k,62,292,0,Summer Dresses from,amzlink.to,https://amzlink.to/az0XUzjtCYf75,https://i.pinimg.com/originals/84/12/cd/8412cd5032aa7a8f223ae8cab2463346.png,1856,2304,0,2026-05-23
2026-09-01,saia longa fluida,56928382801826221,63,130,0,,,,https://i.pinimg.com/originals/72/9e/77/729e77ad64c3ff873414619e301c585b.jpg,940,1671,0,2026-08-11
2026-09-01,saia longa fluida,855332154282224284,64,4,0,Saia Longa Listrada SHEIN | Look Elegante 🤎,,,https://i.pinimg.com/originals/75/73/bc/7573bc730884a99149710101992caef9.jpg,960,1280,0,2026-08-14
2026-09-01,saia longa fluida,40884309114881394,65,1340,0,Look cristão🤍✨ Compre aqui 👇🏼,onelink.shein.com,https://onelink.shein.com/44/5wkl5qm62gxu,https://i.pinimg.com/originals/ed/81/34/ed81340f890c4a768de9ffb64e300c75.jpg,1080,1920,0,2026-08-11
2026-09-01,saia longa fluida,14636767537245665,66,189,0,🤎 Elegant Boho Summer Outfit Inspiration ✨🌿,,,https://i.pinimg.com/originals/e1/bf/84/e1bf84b32e6aa0a60cbe2f63db5dea73.png,1023,1537,0,2026-08-01
2026-09-01,saia longa fluida,937030266217321919,68,1264,0,,,,https://i.pinimg.com/originals/02/f2/c0/02f2c002fe7ddc211ebe2f6780ec3e52.jpg,565,814,0,2024-10-24
2026-09-01,saia longa fluida,36028865764598775,69,162,0,Estilo Girlie: o charme do feminino com toques modernos,delirioscotidianos.com,https://www.delirioscotidianos.com/2024/10/estilo-girlie.html,https://i.pinimg.com/originals/2b/fc/94/2bfc94bb708085cd0b9d9171e605b5f4.jpg,564,732,0,2025-08-06
2026-09-01,saia longa fluida,396668679707271339,70,11,0,"20 Feminine Top Outfit Ideas for a Soft, Modern Wardrobe",sewmamasew.com,https://www.sewmamasew.com/20-feminine-top-outfit-ideas/,https://i.pinimg.com/originals/b2/59/a7/b259a78fc53882349120f48527bf123e.jpg,720,1280,0,2026-08-22
2026-09-01,saia longa fluida,1097119159268011234,71,750,0,Como usar saia acetinada com tênis e blazer para um look elegante e moderno,,,https://i.pinimg.com/originals/ca/0d/9e/ca0d9e51652d0a284ec2f11ea5170bd3.jpg,1168,1752,0,2026-05-20
2026-09-01,saia longa fluida,6614730698130655,72,10447,0,,,,https://i.pinimg.com/originals/7a/9c/e5/7a9ce51287c5b118f0b14569c22361a9.jpg,599,960,0,2025-01-22
2026-09-01,saia longa fluida,325596248086601824,73,22,0,25 Eid Outfit Ideas for Women 2026: Elegant Modest...,sewmamasew.com,https://www.sewmamasew.com/25-eid-outfit-ideas-for-women-2026/,https://i.pinimg.com/originals/41/e6/1e/41e61ef390246447c055d8009296a82b.jpg,720,1279,0,2026-08-14
2026-09-01,saia longa fluida,589338301284497926,74,4,0,"Saia Longa Plissada de Cintura Alta, Férias Primavera/Verão",onelink.shein.com,https://onelink.shein.com/46/5yab3wu9d5x0?ismg_ol=5eb66e458701928121f8163da1093ea82727ff10219add2365055d12bfc674e5_01_KOC-C,https://i.pinimg.com/originals/2f/22/96/2f2296f4d34b4921e82c794d7ad5f0bc.png,1023,1537,0,2026-08-17
2026-09-01,saia longa fluida,101049585387049271,75,12190,0,,,,https://i.pinimg.com/originals/01/4d/96/014d964c1801bed88d4ac42d09fd244f.jpg,750,1125,0,2025-01-07
2026-09-01,tricot feminino,AZ9YBv19v09_ucUrEUEUuOqyGnggmlsBTAzzxWMy13L5Q0G9_mwJQVyNlge_eO0-G1035ggoNa-EGjaLJ0XTagY,2,318,0,Cozy Fall Outfit Ideas,amzlink.to,https://amzlink.to/az08UibolE3dL,https://i.pinimg.com/originals/4a/2a/12/4a2a12f22a5c1c696b8352094ad533af.png,1000,1500,0,2026-08-12
2026-09-01,tricot feminino,751186412893730683,3,3,0,Look Confortável e Estiloso: Suéter de Tricô,onelink.shein.com,https://onelink.shein.com/46/5y42cb3cej3y?ismg_ol=5531c2545ce56b2c11e6ad4aeaf3c3104e93037aa5a4a239662f67b59b2cce82_01_KOC-C,https://i.pinimg.com/originals/c7/e0/fe/c7e0feb40da1ae3bc75e5bc61dfed350.png,1086,1448,0,2026-08-09
2026-09-01,tricot feminino,AcOHzosdZtZPYKMPtiKfBDGGKvtz69whBdkvwlx1zQ2xmcZ1S5noZ59joodPeiLM9H2APORUPYU3oP55C8CaZGI,4,86,0,CABLE-KNIT MERINO WOOL,cos.com,https://www.cos.com/en-us/women/womenswear/knitwear/cardigans/product/cable-knit-merino-wool-cardigan-ivory-1333861003,https://i.pinimg.com/originals/52/ae/15/52ae153c9666685a30b750afafba41d0.jpg,800,1200,0,2026-01-30
2026-09-01,tricot feminino,4598738244059177856,5,0,0,Casaco Feminino Tricot Cardigan Moda Inverno Manga Bufante Tricô CAGE,br.shein.com,https://br.shein.com/ark/default?scene=1&test=5051&ad_type=DPA&goods_id=425877240&pf=PINTEREST&link_type=link&url_from=PINADSDPA&ismg=b7bb4d54174a475096528edc7242d34d53a8d10b1bffdea7cb232003d338cb0a_01_1788195802,https://i.pinimg.com/originals/68/08/cf/6808cf5fb679c833220917108f785d67.jpg,1080,1440,0,2026-08-15
2026-09-01,tricot feminino,AdT5x71iGpd3rcxgSgLdD3aLmXfBreHsNjey14RCRJqB_utMO186VQNFalQ2OnqmpZ9TYWn35zXdrirXKTKN1Dg,6,204,0,Rich Girl Aesthetic on an,amzlink.to,https://amzlink.to/az0yY7lgxNa78,https://i.pinimg.com/originals/89/78/b4/8978b49139c219157a1b1b166993e331.png,1000,1500,0,2026-06-05
2026-09-01,tricot feminino,15058980001057068,7,194,0,Inspiração look de tricô,,,https://i.pinimg.com/originals/03/27/dc/0327dc95e9cef104664d99152b31af23.jpg,863,1534,0,2026-07-27
2026-09-01,tricot feminino,1096908053018785920,8,269,0,Cozy Floral Knit Sweater Outfit for Women | Soft Pink Winter Aesthetic Look,,,https://i.pinimg.com/originals/40/63/b8/4063b801961ea9691348498134598db8.png,1024,1244,0,2026-05-17
2026-09-01,tricot feminino,1092897034670495866,9,1345,0,Cozy Crochet Crop: Knitted Winter Wardrobe Essential,,,https://i.pinimg.com/originals/d2/f3/1f/d2f31f74d17aff524084a7e5478061bd.jpg,1024,1536,0,2026-01-30
2026-09-01,tricot feminino,ATbQfw6k-QKF9eQPHzqLD7-Cb72dXtS_g9Xb71uYVqVuMbWK6Hp_p2Q1mzeke6j_ovD_qKzA6IHo-DPijFP4mxs,10,0,0,Plus Size Women Solid,us.shein.com,https://us.shein.com/ark/default?scene=1&test=5051&ad_type=DPA&goods_id=468483113&pf=PINTEREST&url_from=PINADSDPA&ismg=f981f461d54a3bcc0a101f9a1fe457803e93e5a8458b5c9d066b3448fce057a9_01_1788193861,https://i.pinimg.com/originals/ea/06/c5/ea06c5b7ac8a46851def01e4de67a5e6.jpg,1065,1598,0,2026-08-07
2026-09-01,tricot feminino,883198176958402460,11,116,0,,,,https://i.pinimg.com/originals/ff/53/52/ff5352a48d98e90586b514df755f3a01.jpg,1080,1920,0,2026-06-17
2026-09-01,tricot feminino,AWnAw7MhK2bGgxc5oyhxJY5rwbbrG1jXgjJ24T2RrF8AsLxQ4XggUH_ELvYorvb8sHVTshzGjPxRz3PYrFgGQHI,12,27,0,Light Coffee Patchwork,modlily.com,https://www.modlily.com/light-coffee-patchwork-long-sleeve-round-neck-sweater-g368849.html?currency=USD&lkid=105714&utm_source=pinterest&utm_medium=paid_social&utm_campaign=pin_catalog_video,https://i.pinimg.com/originals/5b/3f/12/5b3f12c81521527c4d280f76b50f6f7b.jpg,1080,1510,1,2026-02-18
2026-09-01,tricot feminino,AS0sMnxI4tRZewJyl4HNKexA-aTp_RRdrWuT9MdpxoJyaUFbrUFLrQCmjC6Lk4W5ZBFHEyQuDG65CdrDfAikcYE,13,0,0,Temu | Suéter tipo de,temu.com,https://www.temu.com/ul/kuiper/un3.html?subj=dpa-un&_bg_fs=1&_p_jump_id=1082&_x_vst_scene=adg&goods_id=601099732778817&adg_ctx=a-6c557319~c-b63f2a44&_p_rfs=1&_x_ads_channel=pinterest&_x_ads_creative_id=%7Bproduct_partition_id%7D&_x_ads_id=%7Badgroupid%7D&_x_ads_set=%7Bcampaignid%7D&_x_ads_sub_channel=shopping&_x_ns_catalog_id=1580405374697&_x_ns_creative=%7Badid%7D&_x_ns_gid=601099732778817&_x_ns_,https://i.pinimg.com/originals/54/d5/56/54d5562f59a648a2bfa1030683d5cf64.jpg,2000,3000,0,2026-08-24
2026-09-01,tricot feminino,AcYT-THdQ-gY5PRMAJ_kl0fa14v-4_nFPxqc41ZAjqQuTDaxE6gHnxH7ywVlPDrGKQEQNfc9pK3veeOESoATPqo,14,0,0,Kiwi & Co Orla hand knit,asos.com,https://www.asos.com/us/kiwi-co/kiwi-co-orla-hand-knit-balloon-sleeve-cable-knit-mini-sweater-dress-in-mocha/prd/209188788?browseCountry=US&browseCurrency=USD,https://i.pinimg.com/originals/b0/dd/70/b0dd708c3a8d5d381992787a257ce983.jpg,1080,1620,0,2026-05-05
2026-09-01,tricot feminino,1047649932088701499,15,2290,0,#Pretty😍,,,https://i.pinimg.com/originals/7d/49/5f/7d495fd9b6b5f40de1d947fbbaf68669.jpg,1080,1920,0,2026-05-06
2026-09-01,tricot feminino,359513982776164232,16,69,0,,,,https://i.pinimg.com/originals/98/8c/1e/988c1e132095eb70accfaba06714607b.jpg,675,1200,0,2026-08-22
2026-09-01,tricot feminino,AaOnKNii-haDNkIaJcU5NzjHTcEFwyTgjPJqhEG5Xb2IexwomUrFaOYgUUtn-m-UcuLHtIb-kQsXGmmgzTAgzuQ,17,1,0,EVALESS Women's Crochet,amazon.com,https://www.amazon.com/EVALESS-Sweaters-Lightweight-Oversized-Halloween/dp/B0F7L837V6/ref=asc_df_B0F7L837V6?hvdev=%7Bdevice%7D&hvcampaign=%7Bcampaignid%7D&hvadgroupid=%7Badgroupid%7D&hvprdptid=%7Bproduct_partition_id%7D&hvprdgrpid=%7Bpromoted_product_group_id%7D&hvcr=%7Bcreative_id%7D&hvadid=%7Badid%7D&hvprdid=%7Bproduct_id%7D&hvplc=%7Bplacement%7D&psc=1&tag=%7Bifnotmobile:ushpadpinde-20%7D%7Bifmo,https://i.pinimg.com/originals/a8/66/12/a86612b7830500ddb07c99641174bd04.jpg,1134,1636,0,2026-06-17
2026-09-01,tricot feminino,AYcd3ECoKtPEJFqSE4ec1m44eQ53bkiWbyqpxWHfSLSATv1-KF5IFTfD38CtsPxZ0wAnGh50xexh49w6oga9qEw,18,3,0,ZAFUL Sweaters for Women,amazon.com,https://www.amazon.com/ZAFUL-Shoulder-Sweater-Pullover-2-Apricot/dp/B0DD7LP8T1/ref=asc_df_B0DD7LP8T1?hvdev=%7Bdevice%7D&hvcampaign=%7Bcampaignid%7D&hvadgroupid=%7Badgroupid%7D&hvprdptid=%7Bproduct_partition_id%7D&hvprdgrpid=%7Bpromoted_product_group_id%7D&hvcr=%7Bcreative_id%7D&hvadid=%7Badid%7D&hvprdid=%7Bproduct_id%7D&hvplc=%7Bplacement%7D&psc=1&tag=%7Bifnotmobile:ushpadpinde-20%7D%7Bifmobile:us,https://i.pinimg.com/originals/98/af/9e/98af9ea94f63e5027e3b0bd8de4a0346.jpg,1600,2000,0,2026-03-11
2026-09-01,tricot feminino,961237114265630594,19,147,0,Heart Knit Sweater Outfit | Cozy Aesthetic Winter Outfit with High-Waisted Jeans,,,https://i.pinimg.com/originals/63/67/d0/6367d084547fe0d0cb9649153b24a56d.png,1024,1536,0,2026-02-07
2026-09-01,tricot feminino,AVo9LR0TLKIhMwtzwf9DpNPl0Rc72uZxDVHDvRpxjPaxRlrLJl3biJfVIiMr1UXOn9vHO4Mp4wXr7jZti97XJSw,20,0,0,Women's Sweater Pullover,lightinthebox.com,https://www.lightinthebox.com/p/women-s-sweater-pullover-sweater-jumper-daily-work-casual-cable-crew-neck-knitted-long-sleeve-regular-tops-knit-white-black-fall-winter_p16164938.html?litb_from=pinterest_sns_paid&utm_source=pinterest_sns_paid&utm_medium=sns&utm_campaign=litb_catalogs&sku=1_196%7C2_287&country_code=us,https://i.pinimg.com/originals/9a/2d/5e/9a2d5ef718dc7ec24a796e83ac553565.jpg,900,1200,0,2026-08-25
2026-09-01,tricot feminino,ARYW9QWRs6GrWdq2J6Afx6hAX1MJZfOb1hsLwq7A7LBGk29iKh-tEwMmfQVL57dM7XPtryOpzpN77ahwyjH9y80,21,0,0,Temu | Autumn-winter,temu.com,https://www.temu.com/ul/kuiper/un3.html?subj=dpa-un&_bg_fs=1&_p_jump_id=1082&_x_vst_scene=adg&goods_id=601099511747896&adg_ctx=a-0f22dd59~c-7fa05d19&_p_rfs=1&_x_ads_channel=pinterest&_x_ads_creative_id=%7Bproduct_partition_id%7D&_x_ads_id=%7Badgroupid%7D&_x_ads_set=%7Bcampaignid%7D&_x_ads_sub_channel=shopping&_x_ns_catalog_id=1567707391772&_x_ns_creative=%7Badid%7D&_x_ns_gid=601099511747896&_x_ns_,https://i.pinimg.com/originals/b7/fa/c9/b7fac99d5b9e1fb0586d96d9834d2be8.jpg,2000,3000,0,2026-08-22
2026-09-01,tricot feminino,428264245841483382,22,16,0,Suéter Feminino Rosa em Tricô Trançado com Modelagem Soltinha,onelink.shein.com,https://onelink.shein.com/43/5w9oppp9mhrm,https://i.pinimg.com/originals/52/de/14/52de146c6e4e81521623cf7906e39db3.png,941,1672,0,2026-08-20
2026-09-01,tricot feminino,ATvLf0B8-r3c7IM_bLUOsw1tjPKVh6M_K9UeYanL1gQJ30702C125KUSds8UDz08akfDA_6jtEHZ2a4mbzI2OUk,23,0,0,Cicy Bell Women's Open,amazon.com,https://www.amazon.com/Cicy-Bell-Cardigan-Lantern-Oversized/dp/B08HGHYXFV/ref=asc_df_B08HGHYXFV?hvdev=%7Bdevice%7D&hvcampaign=%7Bcampaignid%7D&hvadgroupid=%7Badgroupid%7D&hvprdptid=%7Bproduct_partition_id%7D&hvprdgrpid=%7Bpromoted_product_group_id%7D&hvcr=%7Bcreative_id%7D&hvadid=%7Badid%7D&hvprdid=%7Bproduct_id%7D&hvplc=%7Bplacement%7D&psc=1&tag=%7Bifnotmobile:ushpadpinde-20%7D%7Bifmobile:ushpadp,https://i.pinimg.com/originals/71/59/0d/71590d1196e292e2dd940bb4ea448799.jpg,756,1000,0,2026-07-11
2026-09-01,tricot feminino,20899585767522117,24,755,0,,,,https://i.pinimg.com/originals/b0/a8/77/b0a8779660f0484d06336370221b0068.jpg,564,1002,0,2026-08-06
2026-09-01,tricot feminino,AUjQ0txpE_hpmcJhJSQzH5rgHVvqhpUUqrvaHZEJLfPIANcev4PsSrk7jiUVnHUNtVWh4ZP8b7LzmoNwjR6xwco,25,4,0,Cakulo Womens Off,amazon.com,https://www.amazon.com/Cakulo-Shoulder-Oversized-Pullover-Sweaters/dp/B0F18S1JDP/ref=asc_df_B0F18S1JDP?hvdev=%7Bdevice%7D&hvcampaign=%7Bcampaignid%7D&hvadgroupid=%7Badgroupid%7D&hvprdptid=%7Bproduct_partition_id%7D&hvprdgrpid=%7Bpromoted_product_group_id%7D&hvcr=%7Bcreative_id%7D&hvadid=%7Badid%7D&hvprdid=%7Bproduct_id%7D&hvplc=%7Bplacement%7D&psc=1&tag=%7Bifnotmobile:ushpadpinde-20%7D%7Bifmobile:,https://i.pinimg.com/originals/ed/2a/f4/ed2af4b347c0d288060d68a25067ae2b.jpg,1600,2130,0,2026-06-12
2026-09-01,tricot feminino,AdRLcY71WDC_-7VSQ5N-ZrpTThwK5vLuSQAKLiRqxwGKiTXv5Fz1Gwld1TkhgmTR36-W6A-uuluEX1rp4At2YSs,26,2,0,SAACHI Granny Square,nordstromrack.com,https://www.nordstromrack.com/s/saachi-granny-square-crochet-cardigan/7655568,https://i.pinimg.com/originals/30/81/a6/3081a687dce335f1dde9826eb68fc3c6.jpg,2640,4048,0,2026-08-25
2026-09-01,tricot feminino,1196337398067102,27,5201,0,,,,https://i.pinimg.com/originals/4d/4d/ab/4d4dab920230c3f4373cda5bdd1a9cd2.jpg,1080,1090,0,2022-11-02
2026-09-01,tricot feminino,467600373835340627,28,40,0,,,,https://i.pinimg.com/originals/b8/45/84/b84584da1a95cb98fceefea713c95049.jpg,750,999,0,2026-06-22
2026-09-01,tricot feminino,AcldMSQppTrPuXGShWCV2qEH804x5fyJdgSwXt4BysIGOwDUh2-wUF310myx6R_08YHimQJDP2Ft__ujQp3Dxnc,29,3,0,BEAUDRM Women's Hollow,amazon.com,https://www.amazon.com/BEAUDRM-Pullover-Sweaters-Lightweight-Oversize/dp/B0DMR8QWNW/ref=asc_df_B0DMR8QWNW?hvdev=%7Bdevice%7D&hvcampaign=%7Bcampaignid%7D&hvadgroupid=%7Badgroupid%7D&hvprdptid=%7Bproduct_partition_id%7D&hvprdgrpid=%7Bpromoted_product_group_id%7D&hvcr=%7Bcreative_id%7D&hvadid=%7Badid%7D&hvprdid=%7Bproduct_id%7D&hvplc=%7Bplacement%7D&psc=1&tag=%7Bifnotmobile:ushpadpinde-20%7D%7Bifmobi,https://i.pinimg.com/originals/41/02/66/4102668a20c52f2600b213c404e91b15.jpg,1340,1785,0,2026-04-17
2026-09-01,tricot feminino,4601412308298426240,30,0,0,Blusa Feminina Tricô Rendado Manga Longa Elegante Vazada Moda Inverno 21247,br.shein.com,https://br.shein.com/ark/default?scene=1&test=5051&ad_type=DPA&goods_id=514005821&pf=PINTEREST&link_type=link&url_from=PINADSDPA&ismg=6d196aeb4c3630db1f54a83e7e3b52d1f5e029e92058f09e829e6266c87674c2_01_1788195790,https://i.pinimg.com/originals/ae/4f/13/ae4f13ecff8d5f26cbe5003df1108cb4.jpg,1086,1448,0,2026-08-06
2026-09-01,tricot feminino,281543725171983,31,5436,0,,,,https://i.pinimg.com/originals/7e/0e/12/7e0e12cb70ea2210069ce42bedac2d3f.jpg,640,800,0,2025-02-17
2026-09-01,tricot feminino,873276184016525162,32,2,0,Suéter feminino,s.shopee.com.br,https://s.shopee.com.br/BSMPTfCKN?channel_type=pinterest,https://i.pinimg.com/originals/cc/61/0e/cc610e46cc82c829c21106b2e0fefe0b.jpg,736,1104,0,2026-08-06
2026-09-01,tricot feminino,AeDUKfrQUIqq-U2t8KPLc0ovi9EQLeITnvaIPex1nqLpJZyqqeoLYpflahtrrHItXn4bmy5gvn-Np-wcOKPTjKc,33,2,0,PRETTYGARDEN Womens,amazon.com,https://www.amazon.com/PRETTYGARDEN-Crewneck-Oversized-Pullover-Sweaters/dp/B0C77TFN8P/ref=asc_df_B0C77TFN8P?hvdev=%7Bdevice%7D&hvcampaign=%7Bcampaignid%7D&hvadgroupid=%7Badgroupid%7D&hvprdptid=%7Bproduct_partition_id%7D&hvprdgrpid=%7Bpromoted_product_group_id%7D&hvcr=%7Bcreative_id%7D&hvadid=%7Badid%7D&hvprdid=%7Bproduct_id%7D&hvplc=%7Bplacement%7D&psc=1&tag=%7Bifnotmobile:ushpadpinde-20%7D%7Bifm,https://i.pinimg.com/originals/8a/0f/9b/8a0f9bbf9cab8e40a875b4a4bb0eccd2.jpg,1100,1600,0,2025-11-13
2026-09-01,tricot feminino,1144899536548558012,34,324,0,🍂 Suéter Feminino Tricot Vinho – Elegância e Conforto para os Dias Frios,onelink.shein.com,https://onelink.shein.com/39/5tmr8w8d338r,https://i.pinimg.com/originals/b7/43/f0/b743f03c8da037906d967b5529a32674.png,1023,1537,0,2026-06-24
2026-09-01,tricot feminino,975310863078365875,35,1923,0,Coquette Core 🌷,,,https://i.pinimg.com/originals/ee/07/3e/ee073e714766ce18bb5cd509c61397e3.png,768,1364,0,2026-04-19
2026-09-01,tricot feminino,AXUpVCP903AZrSAWM-SV66YdNmJciQvg1jA42VNBub3hlJhZZqIQIyP3Q-fkemHvf5jns_WiYUW4Ih8J6oMMScw,36,1,0,Temu | Autumn Winter,temu.com,https://www.temu.com/ul/kuiper/un3.html?subj=dpa-un&_bg_fs=1&_p_jump_id=1082&_x_vst_scene=adg&goods_id=601103631439887&adg_ctx=a-bd4754a2~c-97d78fda&_p_rfs=1&_x_ads_channel=pinterest&_x_ads_creative_id=%7Bproduct_partition_id%7D&_x_ads_id=%7Badgroupid%7D&_x_ads_set=%7Bcampaignid%7D&_x_ads_sub_channel=shopping&_x_ns_catalog_id=1567707391772&_x_ns_creative=%7Badid%7D&_x_ns_gid=601103631439887&_x_ns_,https://i.pinimg.com/originals/43/d6/e1/43d6e18f4137df1827d61e810da90c47.jpg,2000,2000,0,2026-07-31
2026-09-01,tricot feminino,AayfBBcIlZ-wk1cdhWoqBSAKeZoYS-mzkOBCKTH-HEwGqc0Z-9TOJdph2BycifL7f2FCmrIRIDd2hb72pTpLfDk,37,5,0,ZAFUL Women's Color Block,amazon.com,https://www.amazon.com/ZAFUL-Striped-Sweater-Lantern-Sweaters/dp/B0CMH5K2ZH/ref=asc_df_B0CMH5K2ZH?hvdev=%7Bdevice%7D&hvcampaign=%7Bcampaignid%7D&hvadgroupid=%7Badgroupid%7D&hvprdptid=%7Bproduct_partition_id%7D&hvprdgrpid=%7Bpromoted_product_group_id%7D&hvcr=%7Bcreative_id%7D&hvadid=%7Badid%7D&hvprdid=%7Bproduct_id%7D&hvplc=%7Bplacement%7D&psc=1&tag=%7Bifnotmobile:ushpadpinde-20%7D%7Bifmobile:ushpa,https://i.pinimg.com/originals/13/38/32/133832577ba9f6724c31ffa54d8bbc59.jpg,1500,2000,0,2026-03-03
2026-09-01,tricot feminino,1105985621004058049,38,132,0,Warmth in every stitch. 🤎☕,,,https://i.pinimg.com/originals/1f/97/09/1f97099e321815accb0a63f6ea24b439.jpg,1024,1536,0,2026-01-15
2026-09-01,tricot feminino,29414203814646754,39,10,0,Casaco Feminino Tricot com Botões Charmoso e Elegante,s.shopee.com.br,https://s.shopee.com.br/6VLfsq7rXf?channel_type=pinterest,https://i.pinimg.com/originals/93/5a/f5/935af5ba924f24f925a119b47c28d6bd.jpg,944,1669,0,2026-07-26
2026-09-01,tricot feminino,AeviJ4hE8oaLYYJphtjflmNAPBdMVWWSvSDeQ208Ydc0Y85IGvSXVezWm6_TT3OFrCWG1_GIpo0-sNfpoTbaoZk,40,0,0,Cute Bubble Sleeve,chicwild.com,https://chicwild.com/products/cute-bubble-sleeve-popcorn-crochet-hand-knit-chunky-yarn-cardigan-army-green?variant=43944080343213,https://i.pinimg.com/originals/39/97/0a/39970aafb3bd0e58660189e4f5e3a5d8.jpg,808,1200,0,2025-03-14
2026-09-01,tricot feminino,10907224093374318,41,3406,0,,,,https://i.pinimg.com/originals/24/54/9b/24549b42e22b5477585cab6c68f8057e.jpg,1179,1818,0,2025-11-18
2026-09-01,tricot feminino,Ab9x3p0PHULJFQ3ykNpDgOg1sSfpNnPHDh-gzGW7bJi-AuWtZHY51VO9BghNUyY8m6slQK3dm-7URqfk3RqU2sA,42,1,0,Temu | Chaleco de suéter,temu.com,https://www.temu.com/ul/kuiper/un3.html?subj=dpa-un&_bg_fs=1&_p_jump_id=1082&_x_vst_scene=adg&goods_id=606018692046144&adg_ctx=a-952e4e75~c-95d70c60&_p_rfs=1&_x_ads_channel=pinterest&_x_ads_creative_id=%7Bproduct_partition_id%7D&_x_ads_id=%7Badgroupid%7D&_x_ads_set=%7Bcampaignid%7D&_x_ads_sub_channel=shopping&_x_ns_catalog_id=1580405374697&_x_ns_creative=%7Badid%7D&_x_ns_gid=606018692046144&_x_ns_,https://i.pinimg.com/originals/db/12/38/db12389131ce42e84122a2967c0e387f.jpg,2000,3000,0,2026-07-17
2026-09-01,tricot feminino,4607464010136133696,43,0,0,Blusa Trico Emma Feminina Lisa Básica Manga Longa Bufante Tricot Outono Inverno,br.shein.com,https://br.shein.com/ark/default?scene=1&test=5051&ad_type=DPA&goods_id=447130594&pf=PINTEREST&link_type=link&url_from=PINADSDPA&ismg=017f8cbecca8e28a82f7083ac6f1cfd2eab2c737d9a03d8b8359eebad6e661b1_01_1788109685,https://i.pinimg.com/originals/83/f9/31/83f931a13a35443089ea30a7b5f36c6d.jpg,1340,1785,0,2026-08-09
2026-09-01,tricot feminino,682647256036455637,44,3933,0,,revistaartesanato.com.br,https://www.revistaartesanato.com.br/trico-para-iniciantes-cardigan/,https://i.pinimg.com/originals/47/04/20/470420c40b97ee477bcd30617392c4f8.jpg,640,1129,0,2022-07-08
2026-09-01,tricot feminino,139330182217324998,45,67,0,,,,https://i.pinimg.com/originals/ed/b5/8e/edb58e896dbfabf32488d75f6ccec628.jpg,1200,1600,0,2026-02-13
2026-09-01,tricot feminino,ASXcO6_ifFwbP00aob5Chf4LoVCFaRKy2AwokJXyFyeuWZ2kRtOh0WA9OdQ4a-Rr5Jg-LBVQQv55nFRMcR5ykCY,46,9,0,Cable-Knit Sweater with,www2.hm.com,https://www2.hm.com/en_us/productpage.1314368001.html?utm_medium=unpl&utm_source=pinterest&utm_campaign=Global%20Performance_Dynamic%20Shopping&utm_content=performance&utm_term=us,https://i.pinimg.com/originals/33/11/0b/33110b07aafd8880d72fa2ef66416292.jpg,2333,3500,0,2025-10-22
2026-09-01,tricot feminino,ATAy3tk27asS4QjcrwlH9fTrCNi4E_P7sDYcjfAS3UYDKQRUjL1kAiHvd961pOH1gZepgBl9EX3YKA0xdK0Ud2o,51,8053,0,Looks Expensive But It's,amzlink.to,https://amzlink.to/az0u2a9l3C7cj,https://i.pinimg.com/originals/25/77/be/2577befbd11f92940b084e862b4080eb.png,1000,1500,0,2026-02-04
2026-09-01,tricot feminino,1125266656923252391,52,2452,0,Cozy Pink Winter Outfit Ideas 🌸 | Cute Oversized Sweater Dress & Scarf Aesthetic,,,https://i.pinimg.com/originals/1f/59/f5/1f59f542787ef398728e48393c514d1f.jpg,941,1672,0,2026-07-02
2026-09-01,tricot feminino,1079104760732569756,53,3,0,Calvaya Mock Neck Trumpet Sleeve Crop Sweater,,,https://i.pinimg.com/originals/fc/f5/15/fcf515db237a69c202054ce6f2f75baa.jpg,1340,1785,0,2025-12-23
2026-09-01,tricot feminino,AVhzu-5P4OzPnzlh5cWiPcj77GBKFcBfl5tit3MAMRpIgcMjkWl9KL0cgK3x9vrA4zw526eQwKs39HJDSR9ELxw,54,0,0,Quince Women's Cable,quince.com,https://www.quince.com/women/women-s-100-organic-cotton-cable-crewneck-sweater?color=ivory&size=l,https://i.pinimg.com/originals/9a/62/6c/9a626c78a58e75bd26e2c113f1c17043.jpg,1000,1500,0,2026-07-07
2026-09-01,tricot feminino,1068901292823871584,55,5,0,minimal sweater that never goes out of style,onelink.shein.com,https://onelink.shein.com/26/5d8x0us4t1d3,https://i.pinimg.com/originals/ad/15/48/ad15484d5cd6697c01ed5b589873ad9a.jpg,1340,1785,0,2026-01-13
2026-09-01,tricot feminino,AfzSV8m-0DfJ-rzSisIRD1FHevrO70pSB2ikM_BAhRtL6JLVoUw4ScCfHhfoFUEFO9s-r4iuu00yEi-lQ2WoP00,56,44,0,Chic Business Casual,amzlink.to,https://amzlink.to/az0H7rRfKxwXO,https://i.pinimg.com/originals/0c/16/1e/0c161edac420de4803a086271c49aa7e.png,1000,1500,0,2026-07-28
2026-09-01,tricot feminino,AX5OA2B9HFQThKpDUls52gW_dwrPoNYbgC30tsP7mspdYq3_2TNA9U-9YdnmhtnT8muSDhfQw08cHtBQmtWZdQs,57,201,0,How to Get the Old Money,amzlink.to,https://amzlink.to/az0yY7lgxNa78,https://i.pinimg.com/originals/11/2b/23/112b2306b6a93d551a4b18f68d9ee526.png,1000,1500,0,2026-06-08
2026-09-01,tricot feminino,Aa8fNYP_IOkqedGQAL0SlTVmye1xAEQhBmksn8hgSEw6EkJdkcCGgY9od4TFD5r96hYzwhGruia63JQVFQDnplY,58,0,0,New Ariat Revel,ariat.com,https://www.ariat.com/womens-jeans,https://i.pinimg.com/originals/50/cc/d6/50ccd657503596be71a1e7fa74fe10b8.jpg,1080,1920,1,2026-07-21
2026-09-01,tricot feminino,1092193347144890789,59,6354,0,✨|Suéter em tricot!,onelink.shein.com,https://onelink.shein.com/21/58khe1y7a6td,https://i.pinimg.com/originals/a0/48/fa/a048fa94c6d4fa5017ce869079c1d9d2.jpg,736,1121,0,2025-11-28
2026-09-01,tricot feminino,4714774605470830,60,109,0,Sweater Outfits for Women 2026 – Trendy & Cozy Knitwear Ideas,styles-4-you.com,https://styles-4-you.com/sweater-outfits-for-women-2026-knitwear-trends,https://i.pinimg.com/originals/ec/cb/5d/eccb5d497931087e09dd980eea492bea.webp,736,1312,0,2026-02-11
2026-09-01,tricot feminino,4604649265417822080,61,0,0,"Cardigan Feminino Casual de Cor Sólida Fino para Outono, Cardigan Casual de Gola Redonda Solto e Ajustado, Roupa para Uso Externo, Roupa de Inverno e Outono",br.shein.com,https://br.shein.com/ark/default?scene=1&test=5051&ad_type=DPA&goods_id=541981434&pf=PINTEREST&link_type=link&url_from=PINADSDPA&ismg=cae1ce93f9df91bec6d829b3bd44086a763633f3b376694e85cbf28f7003418a_01_1788195785,https://i.pinimg.com/originals/f2/52/c4/f252c454ef613fdd98bc4b4258606cd9.jpg,1340,1785,0,2026-08-18
2026-09-01,tricot feminino,703756189262821,62,7077,0,,,,https://i.pinimg.com/originals/ed/e9/f7/ede9f79eb76f14c20800215342355918.jpg,1308,1585,0,2026-04-17
2026-09-01,tricot feminino,696087686184545960,63,17,0,"Flirla Colorblock Drop Shoulder Sweater,Long Sleeve Tops",us.shein.com,https://us.shein.com/Colourblock-Drop-Shoulder-Jumper-p-11177674-cat-1734.html?utm_source=pinterest.com&utm_medium=cpc&utm_campaign=uspin_dpa_women_sw2206277417464980_Spanish&url_from=uspin_dpa_women_sw2206277417464980_Spanish,https://i.pinimg.com/originals/ba/db/a3/badba35875048012b56a724c08be64ea.jpg,1340,1785,0,2023-12-20
2026-09-01,tricot feminino,12314598977072847,64,995,0,,,,https://i.pinimg.com/originals/bb/58/9a/bb589af50f8d580556642a0faea5825f.jpg,828,1018,0,2025-02-10
2026-09-01,tricot feminino,523050944243490371,65,9343,0,Shop — Crochet by Kristine,,,https://i.pinimg.com/originals/0d/b6/32/0db6324038556bff05faa377d5b076d0.jpg,2500,3333,0,2025-05-13
2026-09-01,tricot feminino,802696333628292555,66,28,0,19 Free Crochet Cardigan Patterns You’ll Want to Make and Wear - Spesh View,speshview.com,https://speshview.com/19-free-crochet-cardigan-patterns-youll-want-to-make-and-wear/,https://i.pinimg.com/originals/67/8c/36/678c36cbf4fb9393d0a5140fed8fcdb5.jpg,832,1248,0,2025-08-28
2026-09-01,tricot feminino,1094445146964337646,67,345,0,,,,https://i.pinimg.com/originals/9e/2d/33/9e2d33d53020d7c4619c3b42dc8a9462.png,1024,1536,0,2026-03-04
2026-09-01,tricot feminino,4608238051788044672,68,597,0,35 Trendy Pinterest Outfits to Inspire Your...,sewmamasew.com,https://www.sewmamasew.com/35-pinterest-outfits/,https://i.pinimg.com/originals/6d/10/2f/6d102f091d31e433cc190eac640b04c8.jpg,720,1260,0,2026-05-16
2026-09-01,tricot feminino,677721443976237820,69,6,0,Blusa Feminin Tricô Trança Manga Bufante Blogueira,onelink.shein.com,https://onelink.shein.com/12/4pemzhp4pidh,https://i.pinimg.com/originals/87/7d/0d/877d0dbbc963320ddd7acb9e4ea2c9c3.jpg,405,539,0,2026-06-15
2026-09-01,tricot feminino,214976582209528517,70,15,0,"￼Blusa de frio feminina, blusa tricot manga bufante✨✨",s.shopee.com.br,https://s.shopee.com.br/W4EdeUr0Z?channel_type=pinterest,https://i.pinimg.com/originals/40/82/77/4082776d5a23a38696b62c00be553f8e.jpg,736,1104,0,2026-07-19
2026-09-01,tricot feminino,153755774769489802,71,825,0,Free Returns ✓ Free Shipping On Orders $49+ ✓. Striped Mock Neck Drop Shoulder Sweater- Women Sweaters at SHEIN.,us.shein.com,https://us.shein.com/Striped-Mock-Neck-Drop-Shoulder-Sweater-p-3421578-cat-1734.html,https://i.pinimg.com/originals/e1/d9/68/e1d96854bdc7a92cf0382da79035396c.jpg,750,999,0,2022-02-27
2026-09-01,tricot feminino,27584616464060861,72,522,0,,,,https://i.pinimg.com/originals/9f/ce/ae/9fceaef520751ad970303ca131d5d577.jpg,900,1200,0,2026-04-03
2026-09-01,tricot feminino,4605141834284208000,73,0,0,Blusa Feminina Tricot Oversized Manga longa Bufante Tricô Sofisticado Elegante Crochê Inverno,br.shein.com,https://br.shein.com/ark/default?scene=1&test=5051&ad_type=DPA&goods_id=548800178&pf=PINTEREST&link_type=link&url_from=PINADSDPA&ismg=99381fc47ed6f7619f4f7dffba7550f2b6b1246fbb7b3114e1b9650b1e6352ec_01_1788195893,https://i.pinimg.com/originals/4e/fa/03/4efa0327faf2d80ec67fb0570a880d3d.jpg,1340,1785,0,2026-08-11
2026-09-01,tricot feminino,12314598977066959,74,1218,0,,,,https://i.pinimg.com/originals/85/ff/f6/85fff60db69789def2b42af641afa628.jpg,1242,1533,0,2025-02-08
2026-09-01,look academia feminino,1111685489295405270,2,2713,0,Gym Girl Energy,,,https://i.pinimg.com/originals/a1/88/b5/a188b535bfec7caba0ea87688dde6876.jpg,1200,1803,0,2026-06-11
2026-09-01,look academia feminino,AQWyIdFDeityWPmbay03Q5aCRGOzkioTtKKPAFK1mphhEHNHiKo-RP7cgjJ_JfpXMvYwupfxe_g5AR6LSEbyE2k,3,431,0,Amazon Workout Essentials,amzlink.to,https://amzlink.to/az0hQHzBlmvL4,https://i.pinimg.com/originals/30/c2/11/30c211934f5128660b642a9ceeeaa06e.png,1000,1500,0,2026-06-16
2026-09-01,look academia feminino,AdccbDal-g7TjHq8VMLwvwK5MbkIkA4v0l2_XUbAW1nS6dDzKN42-2kz3Oe-FN5A0AX9F6Tv4743E2FqeB2M4tE,4,316,0,Amazon Workout Pieces,amzlink.to,https://amzlink.to/az0Vd3bXPYd4E,https://i.pinimg.com/originals/7a/f5/88/7af588c46af4fc8bcc6f38f0d4498fb6.png,1000,1500,0,2026-04-15
2026-09-01,look academia feminino,1087619378807688310,5,62,0,,,,https://i.pinimg.com/originals/e1/08/8e/e1088ef0bad2132c72d37ddeee925244.jpg,736,981,0,2026-07-21
2026-09-01,look academia feminino,AfWRL8wYEpBLyCPs9H8jwsZlK2aYeI4SWoeAIw-2u4iZ9kcXeMA1hdB676CB6q5O8RRaV8f6ohdN7UyCKkdWx_g,6,1,0,BlissBlend™ Collection by,vuoriclothing.com,https://vuoriclothing.com/collections/vuori-blissblend,https://i.pinimg.com/originals/c6/56/55/c656551e75e7b5f23ae4b7b063826b0a.jpg,1200,1500,0,2026-06-22
2026-09-01,look academia feminino,926897167088024418,7,4,0,💜 Look fitness feminino que é puro estilo!,onelink.shein.com,https://onelink.shein.com/48/5zd9xsgq1yuw?ismg_ol=AcMEwdmPybT_01_KOC-C,https://i.pinimg.com/originals/5c/21/53/5c2153a0fc9e5676ae1b27d577a5f95e.png,1023,1537,0,2026-08-19
2026-09-01,look academia feminino,AUzFUHi76E-1DzFywYSoZNU9L00Z78hTd8EBNhO-ObORZbBuHiBbmmpp3ZdPphu_sbG1G9BbfND2tgdFjk1jpeM,8,1,0,New Color Drop!,fabletics.com,https://www.fabletics.com/dmg/A39B3F?utm_medium=paid_social_media&utm_source=pinterest&utm_campaign=pin_campaign_id_%7Bcampaignid%7D&utm_content=pin_adgroup_id_%7Badgroupid%7D&utm_term=pin_id_%7Badid%7D&nbt=nb:pinterest::%7Bcampaignid%7D:%7Badgroupid%7D:%7Badid%7D&nb_kwd=%7Bkeyword%7D&nb_device=%7Bdevice%7D&nb_platform=pinterest&nb_pn=%7Bproduct_name%7D&nb_ppgid=%7Bpromoted_product_group_id%7D&nb_,https://i.pinimg.com/originals/95/cb/7c/95cb7c21a3889f5b23f0c9486196fc49.jpg,1000,1500,0,2026-08-19
2026-09-01,look academia feminino,ARmT2CnwwCqBoLyj3WyeuB5mRknLMg0rWSUm9-TJRLaTIjZRW6uBGCJmcInGFZkx_5_UcmcLAHVigHtVYg8prvM,9,3,0,3pcs Women's Sports Suit,us.shein.com,https://us.shein.com/ark/default?scene=1&test=5051&ad_type=DPA&goods_id=448838924&pf=PINTEREST&url_from=PINADSDPA&ismg=8f346a86606d1b51f98e6a6be8b048a180c2e90b1c79008cba28e4d4d3d77f61_01_1788193941,https://i.pinimg.com/originals/18/5b/a1/185ba17429b7dd990bbf12cab2d170b9.jpg,1065,1598,0,2026-06-05
2026-09-01,look academia feminino,4605001115539495808,10,271,0,20 Fitness Trainer Outfit Ideas for Confident...,sewmamasew.com,https://www.sewmamasew.com/20-fitness-trainer-outfit-ideas/,https://i.pinimg.com/originals/69/bb/38/69bb388ddbcf25a255162b0d9f82b339.jpg,720,1279,0,2026-07-24
2026-09-01,look academia feminino,ARE9wOIwBWyM8sC7A2QCBYia7ZQGqZ2lCcTUgA9AVReZtk5QVpiupYXnpsg8SJoZjW28UMwTHa0NIns2TwWtbhM,11,2257,0,Amazon Trendy Athleisure,urlgeni.us,https://urlgeni.us/amzn/jLz8i,https://i.pinimg.com/originals/aa/8f/2d/aa8f2d16a20ce82d72fa5334c3a910af.png,1000,1500,0,2026-01-15
2026-09-01,look academia feminino,120471358777813712,12,46,0,,,,https://i.pinimg.com/originals/98/84/88/988488c5b81152e9e69db7a8ce3ee2c4.png,1024,1536,0,2026-08-04
2026-09-01,look academia feminino,AalVEYjk5eMfnNv2n0pZ172WjvH1xMwOX2fDdTjHNJNphNb6zJ_hiueszqzgWvpkQ8G1AHz1YFpuuhXwJRSSMqU,13,78,0,Pink and White Spring,amzn.markable.ai,https://amzn.markable.ai/GcGug1Qo,https://i.pinimg.com/originals/ab/06/bd/ab06bd529350946cbdcfaf0de6d34dfd.png,1000,1500,0,2026-04-16
2026-09-01,look academia feminino,AYExFVKaG_VemnPI_KbsYnEIdm6eJ1G3DYyGLfVlLjiUqgOYONM0nWfuB0OhI0ck2k95zBQyyF2MxEeWUfNoW4w,14,1,0,Temu | 2pcs Solid Color,temu.com,https://www.temu.com/ul/kuiper/un3.html?subj=dpa-un&_bg_fs=1&_p_jump_id=1082&_x_vst_scene=adg&goods_id=606565864190733&adg_ctx=a-c6e016fa~c-b64f3e18&_p_rfs=1&_x_ads_channel=pinterest&_x_ads_creative_id=%7Bproduct_partition_id%7D&_x_ads_id=%7Badgroupid%7D&_x_ads_set=%7Bcampaignid%7D&_x_ads_sub_channel=shopping&_x_ns_catalog_id=1567707391772&_x_ns_creative=%7Badid%7D&_x_ns_gid=606565864190733&_x_ns_,https://i.pinimg.com/originals/fc/1c/7a/fc1c7af5aa92e99061c5c13266d1c486.jpg,2000,3000,0,2026-06-24
2026-09-01,look academia feminino,205476801746040788,15,34,0,conjunto academia,onelink.shein.com,https://onelink.shein.com/46/5yajbhnxv6ko?ismg_ol=91bbbe1b95bf54650c6ab974354b77c485711bc69d2e440fd24ad9dce23e4bcb_01_KOC-C,https://i.pinimg.com/originals/35/d0/67/35d06720d32a029c8128760d63f3541c.webp,1184,2096,0,2026-08-21
2026-09-01,look academia feminino,AY3urKRjj235lKragzfUFuRg4a5ydrhd2lvdLDE5IyDz8v1FYR7EInLxZXebMKDyGSkQsyGaB6Boyuq_HPShfdY,16,2,0,Fall Athleisure You’ll,amzlink.to,https://amzlink.to/az0YY8fy6517X,https://i.pinimg.com/originals/60/57/de/6057de7b13feb39c11fd41ef1086d2c9.png,1000,1500,0,2026-08-07
2026-09-01,look academia feminino,AaMOk8xFkCqcOXWcNKHK-oE7oXQuF_sdUcFBwtI3phpHWVImWVjdvcTYa2b86BLpQKqsEJvw9vELx1X77CviTro,17,1,0,Temu | Conjunto deportivo,temu.com,https://www.temu.com/ul/kuiper/un3.html?subj=dpa-un&_bg_fs=1&_p_jump_id=1082&_x_vst_scene=adg&goods_id=605982855895656&adg_ctx=a-dcf11b8e~c-ecfdb6b7&_p_rfs=1&_x_ads_channel=pinterest&_x_ads_creative_id=%7Bproduct_partition_id%7D&_x_ads_id=%7Badgroupid%7D&_x_ads_set=%7Bcampaignid%7D&_x_ads_sub_channel=shopping&_x_ns_catalog_id=1580405374697&_x_ns_creative=%7Badid%7D&_x_ns_gid=605982855895656&_x_ns_,https://i.pinimg.com/originals/a3/2e/4e/a32e4eecf9731ce56a6617ffe491bc3c.jpg,2000,3000,0,2026-07-17
2026-09-01,look academia feminino,47358233578706606,18,21,0,,,,https://i.pinimg.com/originals/b1/1c/63/b11c63e1197e627a98f6e5649974bc31.png,749,1316,0,2026-07-16
2026-09-01,look academia feminino,AXfEH9PO5aAnzGpfcP9Fmn5GnIHLjZRXoubG_uw4FYaZVIwoFnx-hrD6aQWQRMUu2WOOOrVWvxsia80a4nWkt30,19,1,0,Nike Tempo Swoosh,nike.com,https://www.nike.com/t/tempo-swoosh-womens-dri-fit-cap-sleeve-running-top-ssn6kOGn/IF4998-010?dplnk=member?nikemt=true,https://i.pinimg.com/originals/e9/65/1e/e9651e1780c671780882dd5c38870e6f.jpg,1080,1350,1,2026-05-01
2026-09-01,look academia feminino,4503668374551022,20,117,0,conjunto de academia 😍👇🏻,onelink.shein.com,https://onelink.shein.com/45/5x6aiiy7a3o5,https://i.pinimg.com/originals/90/8e/2b/908e2b0e9940d60c4fefcff6ecb1835b.png,941,1672,0,2026-08-11
2026-09-01,look academia feminino,AegT8GRbDH5bAO2P1oRqBoIRUNx9ERcRnZTI1DNvvktBs_A6z7DBpKCiM_tL5cwXL9NTTl5jI2z0wfqZnRWwTqA,21,0,0,Temu | Moisture-Wicking,temu.com,https://www.temu.com/ul/kuiper/un3.html?subj=dpa-un&_bg_fs=1&_p_jump_id=1082&_x_vst_scene=adg&goods_id=601103650383100&adg_ctx=a-ccf6de7c~c-7d3d144f&_p_rfs=1&_x_ads_channel=pinterest&_x_ads_creative_id=%7Bproduct_partition_id%7D&_x_ads_id=%7Badgroupid%7D&_x_ads_set=%7Bcampaignid%7D&_x_ads_sub_channel=shopping&_x_ns_catalog_id=1567707391772&_x_ns_creative=%7Badid%7D&_x_ns_gid=601103650383100&_x_ns_,https://i.pinimg.com/originals/42/bc/f9/42bcf943f09f09f00f67e74182f248f3.jpg,2000,3000,0,2026-08-07
2026-09-01,look academia feminino,491877590576071137,22,4341,0,,,,https://i.pinimg.com/originals/f7/40/a8/f740a8e8b79c3ac39fac54017f455e76.jpg,752,1524,0,2026-04-20
2026-09-01,look academia feminino,AXJqpe6HM3Td7hR-NfOHFWgwDIM2O66PVuTOMhBSakYXcFO1Wd91ce9jdb31cPfgp43L_hi6N3OdDZ-CmQcI8iA,23,1,0,Temu | Women's Athletic,temu.com,https://www.temu.com/ul/kuiper/un3.html?subj=dpa-un&_bg_fs=1&_p_jump_id=1082&_x_vst_scene=adg&goods_id=601099936365448&adg_ctx=a-15c4dc6a~c-8a7293d4&_p_rfs=1&_x_ads_channel=pinterest&_x_ads_creative_id=%7Bproduct_partition_id%7D&_x_ads_id=%7Badgroupid%7D&_x_ads_set=%7Bcampaignid%7D&_x_ads_sub_channel=shopping&_x_ns_catalog_id=1567707391772&_x_ns_creative=%7Badid%7D&_x_ns_gid=601099936365448&_x_ns_,https://i.pinimg.com/originals/ce/c0/f9/cec0f965460c9118f22c9a353fa3e542.jpg,2000,3000,0,2026-06-14
2026-09-01,look academia feminino,3799980931381945,24,6143,0,,,,https://i.pinimg.com/originals/4b/95/cf/4b95cff0c9aef3d310cd8da0ef77ec90.png,1080,1632,0,2026-03-29
2026-09-01,look academia feminino,11188699074464960,25,5905,0,,,,https://i.pinimg.com/originals/2a/9f/c9/2a9fc9651b622595ecb4b2657082ca8c.jpg,675,1200,0,2025-06-29
2026-09-01,look academia feminino,ASxl8tckm7SDzr26p1YbC0YcxnrfN3tH-eqc5oJzxSqQoBUu0pYsWdmuH2P8EbCY13t-0yd-rlV7bH3z2g_gMzM,26,1,0,Women Seamless Yoga Set,inspireuplift.com,https://www.inspireuplift.com/women-seamless-yoga-set-gym-outfit-high-waist-leggings/iu/21866572?variant=476733106,https://i.pinimg.com/originals/91/78/e5/9178e5ff298d81046898cf3775db5e1d.png,1340,1785,0,2026-07-08
2026-09-01,look academia feminino,Abs2SVVE3syiwfo8tLDDvu_kpVr6unHyfKQSORCf4wqwx5ZQ7hrktHIlW8RwaEm4kAmq66OhDK-6NGYtv14PDFI,27,1,0,Temu | Tummy Control For,temu.com,https://www.temu.com/ul/kuiper/un3.html?subj=dpa-un&_bg_fs=1&_p_jump_id=1082&_x_vst_scene=adg&goods_id=601103704921005&adg_ctx=a-0a0dfd38~c-80b6cf5b&_p_rfs=1&_x_ads_channel=pinterest&_x_ads_creative_id=%7Bproduct_partition_id%7D&_x_ads_id=%7Badgroupid%7D&_x_ads_set=%7Bcampaignid%7D&_x_ads_sub_channel=shopping&_x_ns_catalog_id=1567707391772&_x_ns_creative=%7Badid%7D&_x_ns_gid=601103704921005&_x_ns_,https://i.pinimg.com/originals/df/74/58/df74586e85debb1cf2b93d986a6d1fc7.jpg,2000,3000,0,2026-07-12
2026-09-01,look academia feminino,1111966964270483249,28,205,0,"Gym Aesthetic: Confident, Fit, and Fearlessly You",,,https://i.pinimg.com/originals/d3/3e/f8/d33ef8dbaa1ffcb6268296352506da02.png,941,1672,0,2026-05-31
2026-09-01,look academia feminino,729935052159606539,29,34,0,Outfit Calça Legging Academia,onelink.shein.com,https://onelink.shein.com/46/5y4udz6pdc8m?ismg_ol=4bb2f743ace941b64ec5e588b9be96fca6acd6e9e171e3f0152926cbe394eebc_01_KOC-C,https://i.pinimg.com/originals/84/a7/82/84a7823a20bd9580e3900a62c28a1521.jpg,736,1308,0,2026-08-21
2026-09-01,look academia feminino,1126885138050705369,30,2,0,Conjunto Fitness Feminino Rosa | Look para Academia,onelink.shein.com,https://onelink.shein.com/48/5za2q1nrdnpy?ismg_ol=J1GPsZve5z0_01_KOC-C,https://i.pinimg.com/originals/72/f4/bf/72f4bf40fcc62f67e0f3906b9f014747.png,1023,1537,0,2026-08-18
2026-09-01,look academia feminino,1099159852834951734,31,898,0,Maroon Gym Girl Essentials 🤎🍂,,,https://i.pinimg.com/originals/a4/4e/a5/a44ea549f2d92673a77034f02518308c.png,1024,1536,0,2026-07-28
2026-09-01,look academia feminino,AduIW1CNOOrb-a6KTvi9QP9rWqxuTalEOa_2lhhLxOzVTNWaQgajrjZAS4qut_eAfzAgFI3xVYnbRdorjJS_qNE,32,3,0,Trendy Queen Womens 2,amazon.com,https://www.amazon.com/Trendy-Queen-Womens-Clothes-Loungewear/dp/B0CWYWN52Y/ref=asc_df_B0CWYWN52Y?hvdev=%7Bdevice%7D&hvcampaign=%7Bcampaignid%7D&hvadgroupid=%7Badgroupid%7D&hvprdptid=%7Bproduct_partition_id%7D&hvprdgrpid=%7Bpromoted_product_group_id%7D&hvcr=%7Bcreative_id%7D&hvadid=%7Badid%7D&hvprdid=%7Bproduct_id%7D&hvplc=%7Bplacement%7D&psc=1&tag=%7Bifnotmobile:ushpadpinde-20%7D%7Bifmobile:ushpa,https://i.pinimg.com/originals/28/d0/0b/28d00b09af2aa38ab28e8fec2732b5e6.jpg,1200,1600,0,2025-11-12
2026-09-01,look academia feminino,1151232723524584401,33,319,0,,,,https://i.pinimg.com/originals/ae/cc/92/aecc9206a847a25de9eebf5080c7091e.jpg,736,1306,0,2026-07-04
2026-09-01,look academia feminino,1108800370790994912,34,34,0,,,,https://i.pinimg.com/originals/73/0f/4d/730f4d315c2fc433be72f02e79fa00a6.jpg,1023,1537,0,2026-07-04
2026-09-01,look academia feminino,330381322687444685,35,934,0,Pearl's Amazon Page,amazon.com,https://www.amazon.com/shop/moodmade?ref_=cm_sw_r_apann_aipsfshop_5P24BPHGA1H957ZY2SSH&language=en-US&ccs_id=357f6e80-b65a-403f-bcf8-c0b9e69d3e40,https://i.pinimg.com/originals/21/99/14/21991452025fbc0407f1e67984831eca.jpg,736,1104,0,2025-12-21
2026-09-01,look academia feminino,974888650615038687,36,107,0,Corpo tonificado,,,https://i.pinimg.com/originals/93/29/e6/9329e66cd6d917d5d2a3b157937dc55d.png,941,1672,0,2026-07-18
2026-09-01,look academia feminino,AaSsKzISDa90bw10bG5zb1uQIfDC7yoU5lTTQUnGVI9i3w6v0RQYq9xkVLhtAcC3gNi764aTy7udvPoV6GnxuT0,37,1,0,Temu | Conjunto de ropa,temu.com,https://www.temu.com/ul/kuiper/un3.html?subj=dpa-un&_bg_fs=1&_p_jump_id=1082&_x_vst_scene=adg&goods_id=606141283159234&adg_ctx=a-ca6e4f2a~c-8e6e7211&_p_rfs=1&_x_ads_channel=pinterest&_x_ads_creative_id=%7Bproduct_partition_id%7D&_x_ads_id=%7Badgroupid%7D&_x_ads_set=%7Bcampaignid%7D&_x_ads_sub_channel=shopping&_x_ns_catalog_id=1580405374697&_x_ns_creative=%7Badid%7D&_x_ns_gid=606141283159234&_x_ns_,https://i.pinimg.com/originals/ca/0b/31/ca0b31eee303e6007575b7f27cfa6590.jpg,2000,3000,0,2026-07-17
2026-09-01,look academia feminino,1124422231995874056,38,51,0,,,,https://i.pinimg.com/originals/29/26/13/292613ebc62a1269ab3f80c3e91e0159.jpg,236,419,0,2026-07-14
2026-09-01,look academia feminino,33636328462642163,39,77,0,,,,https://i.pinimg.com/originals/c2/94/a4/c294a400c9af80de260f615b63de02dd.jpg,720,1280,0,2026-07-03
2026-09-01,look academia feminino,683139837272244460,40,520,0,Todos os posts • Instagram,instagram.com,https://www.instagram.com/p/DYqAPBAmYn2/?img_index=1,https://i.pinimg.com/originals/ae/f7/7d/aef77d84b04d09e3021f3877f12b5a0a.jpg,640,853,0,2026-06-30
2026-09-01,look academia feminino,ASnzLI5Ql1iAe0FRrkX9zeZ5maO0301w4tlBWZ3CT32q0WAwJeUP6e8Fhsye73DVjf_t5Szpe5Du4RrdKlHFZfg,41,1,0,Temu | Conjunto de yoga,temu.com,https://www.temu.com/ul/kuiper/un3.html?subj=dpa-un&_bg_fs=1&_p_jump_id=1082&_x_vst_scene=adg&goods_id=601104439097219&adg_ctx=a-0822485c~c-80a15c06&_p_rfs=1&_x_ads_channel=pinterest&_x_ads_creative_id=%7Bproduct_partition_id%7D&_x_ads_id=%7Badgroupid%7D&_x_ads_set=%7Bcampaignid%7D&_x_ads_sub_channel=shopping&_x_ns_catalog_id=1580405374697&_x_ns_creative=%7Badid%7D&_x_ns_gid=601104439097219&_x_ns_,https://i.pinimg.com/originals/f6/d4/44/f6d4449f7255de9083fff148f290c5e4.jpg,2000,3000,0,2026-07-29
2026-09-01,look academia feminino,598697344267187437,42,43,0,,,,https://i.pinimg.com/originals/b6/09/c8/b609c81965c759173b3d1bb7ea3f5ac0.png,1000,1500,0,2026-07-23
2026-09-01,look academia feminino,864761565977478715,43,43,0,"Look Academia Feminino Marrom com Top, Legging e Jaqueta Fitness",meli.la,https://meli.la/16tTUhC,https://i.pinimg.com/originals/b5/d1/81/b5d181e7167cb2fde47c4784225e30ad.png,941,1672,0,2026-06-23
2026-09-01,look academia feminino,AVWiXwY0b2vcRXdp_jCF4GY9fN4bhsm60qJ3DnTGvgSso6S90RaAH-nI9_7ovhJYRh7__jOsrkPYswEsVFEpUBw,44,3,0,SUUKSESS Women 2 Piece,amazon.com,https://www.amazon.com/SUUKSESS-Workout-Scrunch-Seamless-Leggings/dp/B0DHRKHDV1/ref=asc_df_B0DHRKHDV1?hvdev=%7Bdevice%7D&hvcampaign=%7Bcampaignid%7D&hvadgroupid=%7Badgroupid%7D&hvprdptid=%7Bproduct_partition_id%7D&hvprdgrpid=%7Bpromoted_product_group_id%7D&hvcr=%7Bcreative_id%7D&hvadid=%7Badid%7D&hvprdid=%7Bproduct_id%7D&hvplc=%7Bplacement%7D&psc=1&tag=%7Bifnotmobile:ushpadpinde-20%7D%7Bifmobile:u,https://i.pinimg.com/originals/e8/45/8f/e8458f2609163a3990ee0bf6e35c1082.jpg,1000,1500,0,2026-03-20
2026-09-01,look academia feminino,ASuNomnbwLLLwmKQn28UCDSpG4iY4rsnaC2rIs-IDqrNs8B5n2uGErBFsb3mxdL8fRmjADFeDJL9rZ1GB96l0OM,45,1,0,Temu | 1 juego de,temu.com,https://www.temu.com/ul/kuiper/un3.html?subj=dpa-un&_bg_fs=1&_p_jump_id=1082&_x_vst_scene=adg&goods_id=601104543321324&adg_ctx=a-40671aee~c-93c508ff&_p_rfs=1&_x_ads_channel=pinterest&_x_ads_creative_id=%7Bproduct_partition_id%7D&_x_ads_id=%7Badgroupid%7D&_x_ads_set=%7Bcampaignid%7D&_x_ads_sub_channel=shopping&_x_ns_catalog_id=1580405374697&_x_ns_creative=%7Badid%7D&_x_ns_product_id=17615264526927&,https://i.pinimg.com/originals/5e/f8/45/5ef845ab56920db5901fceeffcbd6feb.jpg,2000,3000,0,2026-07-07
2026-09-01,look academia feminino,66991113213135144,46,149,0,20 Stylish Barry's Bootcamp Outfit Ideas to Sweat,sewmamasew.com,https://www.sewmamasew.com/20-barrys-bootcamp-outfit-ideas/,https://i.pinimg.com/originals/dd/bf/cf/ddbfcfd20ad7db887768a1bac9e507e9.jpg,720,1279,0,2026-08-04
2026-09-01,look academia feminino,1108800370789707119,47,402,0,,,,https://i.pinimg.com/originals/5a/95/be/5a95be781f6d44d4dc9ce7596a551741.png,1024,1536,0,2026-06-16
2026-09-01,look academia feminino,AcAE0fw2ewct3iT0P6I7YjYM8DaPAjU1xZQAVTX21DwU-cum_u_GLTtF3H22KkT8Y4nEJwPYTo5_zlNraJnSvug,48,3,0,Temu | Conjuntos,temu.com,https://www.temu.com/ul/kuiper/un3.html?subj=dpa-un&_bg_fs=1&_p_jump_id=1082&_x_vst_scene=adg&goods_id=601105663806774&adg_ctx=a-a0da210a~c-68176d2c&_p_rfs=1&_x_ads_channel=pinterest&_x_ads_creative_id=%7Bproduct_partition_id%7D&_x_ads_id=%7Badgroupid%7D&_x_ads_set=%7Bcampaignid%7D&_x_ads_sub_channel=shopping&_x_ns_catalog_id=1580405374697&_x_ns_creative=%7Badid%7D&_x_ns_product_id=17620557384667&,https://i.pinimg.com/originals/8d/50/b2/8d50b2e736efe362ecf85daac08bd50d.jpg,2000,3000,0,2026-07-06
2026-09-01,look academia feminino,AfHXCt1eqzjmWNXTx_m7KjEcjcJW5WgRP9lvrbrM-sJLIJil30Yc6fL3h7spGrXKo7AP4vl1LSEga2lJf-r7upQ,51,970,0,Title: Amazon Activewear,amzlink.to,https://amzlink.to/az0K3VqzW7hMp,https://i.pinimg.com/originals/a9/da/16/a9da16ef0047e7f67a035dd56cd4ffa9.png,1000,1500,0,2026-04-15
2026-09-01,look academia feminino,233694668162233238,52,17,0,CONJUNTO FEMININO FITNESS,s.shopee.com.br,https://s.shopee.com.br/4VbMdftJFT?share_channel_code=1&channel_type=pinterest,https://i.pinimg.com/originals/36/fa/b6/36fab687f54ecab14bfaf40685aa0cfe.jpg,1080,1920,0,2026-08-21
2026-09-01,look academia feminino,12877548933461854,53,320,0,Cute Gym Outfit Aesthetic for Your Next Workout🌸✨,tr.ee,https://tr.ee/6OIC1idnH9,https://i.pinimg.com/originals/75/35/6f/75356f941c3bf4314d34a665b4b649f5.jpg,1200,2132,0,2026-08-21
2026-09-01,look academia feminino,AaMkHjtvxlacdWq2ianWMD2dNUcL4QfCHBLzoa9iRwDVxnTJUjf8LnAGs24ZhSfWXkuxvs5LZaldBvuIUvhC0Wc,54,2,0,Amazon Activewear That,amzlink.to,https://amzlink.to/az0aKL5louKsO,https://i.pinimg.com/originals/a8/8d/5d/a88d5dbf131da96527fdee35eaf1e40d.jpg,1000,1500,0,2026-08-22
2026-09-01,look academia feminino,ATQhCaIh5yXapwnJVs3pDhmfrX9oa6VPTjH75WfBizunbQ2hjolJbo7KE1ewDPRqDoKkzpsYDNlwsPT1mb4NCaU,55,32,0,Find flared leggings,kohls.com,https://www.kohls.com/catalog/womens-flx.jsp?CN=Gender:Womens+Brand:FLX&BST=5015153&icid=social-paid-pnvid-wflxleggingslooks-np-2608wk2&cid=SO26PDPIN0609&utm_campaign=paid_social&utm_medium=paid_social&utm_source=pinterest&utm_content=2026pdpin609,https://i.pinimg.com/originals/b2/db/00/b2db008b854f55ea2f7fc1c895999e6e.jpg,1000,1500,1,2026-08-05
2026-09-01,look academia feminino,Ad57tTg9yYvn2oZqevcNxO7EyGRXJiV7-uauFm8A0EHYM91tro3VvVXHPeFMAmrOKDjaF8pOMSzBTvPmgcyOPPA,56,730,0,Amazon Workout Outfit,urlgeni.us,https://urlgeni.us/amzn/dEfjJ2,https://i.pinimg.com/originals/15/5c/48/155c48e1f8e50621a814310d09b8ad2d.png,1000,1500,0,2026-02-03
2026-09-01,look academia feminino,AcVaDc9xoCc9f9zLReRjj9W6Ilnf8gNMOwiBRd374ku9_xuzlEqEZEi3Px0544oaKffw1R9ta_zaguCXJlmxPBg,57,87,0,Casual Athleisure Outfit,amzn.markable.ai,https://amzn.markable.ai/GcCODmkx,https://i.pinimg.com/originals/95/8e/d5/958ed5339cbafe41746119124f313c12.png,1000,1500,0,2026-04-15
2026-09-01,look academia feminino,233694668162227369,58,17,0,30 Gym Outfit Ideas For Summer To Stay Cool And Stylish,sewmamasew.com,https://www.sewmamasew.com/30-gym-outfit-ideas-for-summer/,https://i.pinimg.com/originals/e0/f7/eb/e0f7eb31848adcdff457b28b724215a7.jpg,720,1279,0,2026-08-19
2026-09-01,look academia feminino,911556780894666385,59,7,0,Conjunto feminino de academia Suplex Poliamida com top de abertura,s.shopee.com.br,https://s.shopee.com.br/9zwk54iEyc?share_channel_code=1&channel_type=pinterest,https://i.pinimg.com/originals/c7/f8/ef/c7f8ef40b9d76acf2af08a5b1c01a13b.jpg,1536,2752,0,2026-08-21
2026-09-01,look academia feminino,857654322838724716,60,182,0,Inspiração de look fitness | Link aqui 👇🏼,bio.site,https://bio.site/dicasdagrazi,https://i.pinimg.com/originals/4b/fc/22/4bfc2292fc049d234a9b8460979f22e7.jpg,1080,1920,0,2026-07-24
2026-09-01,look academia feminino,ARLoP2dIlw1TRnk1idL5kAENgSsTGUdygAVcau5qhtd5pf2nWUtys-BhyXy2avBIlnuACSQs5VazPFmQbCjkWaQ,61,1,0,Chic Fall Athleisure,amzlink.to,https://amzlink.to/az0YY8fy6517X,https://i.pinimg.com/originals/74/8d/c1/748dc1bf14ffc6de92278cf57c2d032b.png,1000,1500,0,2026-08-07
2026-09-01,look academia feminino,AeXyyRORAeQCs2_ZPKseBvhzpYzBRVM0-BuKmXl8M5s_KQMyrjd1qJhdNEA9TxtzEZlArZrFEtoqr-fqvdtkSUo,62,1,0,Skechers D'Lites® 330,skechers.com,https://www.skechers.com/skechers-slip-ins-arch-fit-dlites-330---modern-retro/150743_WHT.html,https://i.pinimg.com/originals/c3/6d/8e/c36d8e01b7ee3cce26b8dbbca05acfa6.jpg,5304,7952,0,2026-08-11
2026-09-01,look academia feminino,AYKkNCQTwCBIp9dQr_Nkby8Et6XM2rYObONsxo2pLV_yHEjSszPB90ddmp7vpAODUH77TZNFr7bV1B7KV84rFqY,63,3,0,Scrunch butt lifting gym,herwell-life.com,https://herwell-life.com/product/voyjoy-women-workout-impact-shorts-2-5-3-6-4-5-6-scrunch-butt-lifting-gym-seamless-booty-biker-shorts/,https://i.pinimg.com/originals/d6/93/c7/d693c78a8ba43c26cc0ffa50051a5227.png,992,1056,0,2026-06-27
2026-09-01,look academia feminino,AQ7RAoHGi2N9cGfY1VK_FMvctrq9XjuRWmLNM21IBZ4mjsVRaPjASLmsgUAJBkOypOBg1soTfQXtf8mZD994X8I,64,1,0,New Summer Drops!,fabletics.com,https://www.fabletics.com/dmg/A39B3F?utm_medium=paid_social_media&utm_source=pinterest&utm_campaign=pin_campaign_id_%7Bcampaignid%7D&utm_content=pin_adgroup_id_%7Badgroupid%7D&utm_term=pin_id_%7Badid%7D&nbt=nb:pinterest::%7Bcampaignid%7D:%7Badgroupid%7D:%7Badid%7D&nb_kwd=%7Bkeyword%7D&nb_device=%7Bdevice%7D&nb_platform=pinterest&nb_pn=%7Bproduct_name%7D&nb_ppgid=%7Bpromoted_product_group_id%7D&nb_,https://i.pinimg.com/originals/0e/37/0d/0e370d0ecd221b83cc118747814c201c.png,1000,1500,0,2026-08-06
2026-09-01,look academia feminino,4598667916165076352,65,169,0,25 Gym Outfit Ideas Modest Girls Can Wear With Confidence,sewmamasew.com,https://www.sewmamasew.com/25-gym-outfit-ideas-modest/,https://i.pinimg.com/originals/a0/c1/0b/a0c10baece1d058a6dcf2c7f46ded400.jpg,720,1280,0,2026-07-24
2026-09-01,look academia feminino,225109681371539237,66,99,0,💖,onelink.shein.com,https://onelink.shein.com/44/5wrwl4rxckko,https://i.pinimg.com/originals/2b/95/a2/2b95a2aa5b59b229d58640fc8d690dfa.jpg,1080,1920,0,2026-08-11
2026-09-01,look academia feminino,879679739736620099,67,26,0,Corpo Escultural,,,https://i.pinimg.com/originals/ba/23/65/ba236548b146255bd07b000d0651584c.png,941,1672,0,2026-08-17
2026-09-01,look academia feminino,1094022934507075644,68,36,0,healthy lifestyle vision board | Descubre las,,,https://i.pinimg.com/originals/55/89/40/55894089170a963e81a7a0bc599673ab.jpg,736,1300,0,2026-06-23
2026-09-01,look academia feminino,329185054037343728,69,62,0,,,,https://i.pinimg.com/originals/a6/71/ec/a671ec80735c9f690bbf2e6c681226f1.jpg,736,1307,0,2026-08-19
2026-09-01,look academia feminino,1092897034679357326,70,318,0,,,,https://i.pinimg.com/originals/b8/0a/8f/b80a8f8361f21643247a9006e720eb24.png,1024,1536,0,2026-06-19
2026-09-01,look academia feminino,Abe-26cEau-VMlVJywIooT_GC-IWQFbFoyBpwmJbdpK4qfnLeV2tFCAU_0l1-QLwqeKyyOf5h7L2U2hiqmt7Ux0,71,3998,0,WISKII Season's Must -,wiskiiactive.com,https://wiskiiactive.com/collections/2024-winter-essentials,https://i.pinimg.com/originals/bd/20/08/bd2008f4a93cc18aad384f1c8247909d.jpg,720,1280,1,2024-12-11
2026-09-01,look academia feminino,863213453624003486,72,51,0,esse conjunto fitness não é transparente é muito lindo e confortável,br.shp.ee,https://br.shp.ee/ibentfna?smtt=0.0.9,https://i.pinimg.com/originals/fe/d3/1d/fed31dfb2765fcc791ff7b14bed924a0.jpg,768,1365,0,2026-05-15
2026-09-01,look academia feminino,747527238194196992,73,1367,0,𝑮ɏෆ,,,https://i.pinimg.com/originals/de/79/5e/de795e28a43bcd58e6c56b6cc979ac17.jpg,1080,1920,0,2026-06-14
2026-09-01,look academia feminino,4606830678886210432,74,66,0,25 Gym Outfit Ideas Upper Body Day for Strong Style,sewmamasew.com,https://www.sewmamasew.com/25-gym-outfit-ideas-upper-body-day/,https://i.pinimg.com/originals/41/ee/a2/41eea231cb58d7ad4c630feb0ecc4969.jpg,720,1280,0,2026-07-24
2026-09-01,calca jeans flare,4597119808352638336,2,341,0,30 Outfit Ideas for Long Legs to Elevate Your...,sewmamasew.com,https://www.sewmamasew.com/30-outfit-ideas-for-long-legs/,https://i.pinimg.com/originals/bd/da/08/bdda08de60c4e4a147056e493e269326.jpg,720,1279,0,2026-07-24
2026-09-01,calca jeans flare,135882113755800354,3,155,0,Calça flare jeans: look elegante e feminino para se inspirar ✨,clubgirls.lovable.app,https://clubgirls.lovable.app/blog/looks-com-calca-flare-jeans-3-ideias-para-usar-em-diferentes-ocasioes,https://i.pinimg.com/originals/4e/18/02/4e1802ce49273c3128cb0eec2e3d2992.jpg,900,1600,0,2026-08-21
2026-09-01,calca jeans flare,1083608360376672681,4,463,0,Boot cut jeans styling✨,,,https://i.pinimg.com/originals/1f/db/e6/1fdbe660aa979ebecc7ae0914db76eae.png,1024,1536,0,2026-07-28
2026-09-01,calca jeans flare,ASBlz7hVG7LISEXlyJzzXjkVsjvxguOlPPHlo9Ii2BX79wLs0-6dm2SfNtwmjV5zKyVp79WjK07kB2LBbIAlZVY,5,0,0,Tecovas Women's Mid-Rise,tecovas.com,https://www.tecovas.com/products/womens-mid-rise-slim-flare?color=medium-wash-stretch-denim,https://i.pinimg.com/originals/70/33/0b/70330bb2551c04e6d727593eea310e4f.png,2000,2500,0,2026-08-27
2026-09-01,calca jeans flare,104568022596790596,6,406,0,Instagram,instagram.com,https://www.instagram.com/p/DXm5v_ACQmX/,https://i.pinimg.com/originals/6e/6d/7b/6e6d7b1997667d695dddd4e1fe0eea10.jpg,1080,1440,0,2026-05-16
2026-09-01,calca jeans flare,229613280997178658,7,1011,0,,,,https://i.pinimg.com/originals/4d/e9/90/4de9903d13067736b3a1cc00d6ffa19b.png,1047,1501,0,2026-07-27
2026-09-01,calca jeans flare,ASUOAvbb5moFm3tj_9dXd7XzIzZQ0KbfU2QPjPR-YyicUmQzwrTrp8Cf6_Ip_kL4Jd9RnR0MdLjNbk-l1NOKaX4,8,2266,0,Amazon Basics For Endless,amzlink.to,https://amzlink.to/az06JQMXkCIEA,https://i.pinimg.com/originals/74/9b/38/749b3894147f7d3e0a0ee1e17f48bc8a.png,1000,1500,0,2026-04-22
2026-09-01,calca jeans flare,ARynR5Hx3Gr0tTAmlB7H3JgtJ00DKABWB4l9vWDGQWX3nUsWfeVUS4YVyf82RDo3fSp-5TuLD1Y2xQGoTrfbl48,9,2,0,New Women's Stretch Denim,us.shein.com,https://us.shein.com/ark/default?scene=1&test=5051&ad_type=DPA&goods_id=438385586&pf=PINTEREST&url_from=PINADSDPA&ismg=6d10ce83c1293bc3df35d1ceae628e5e3ef388374f4914d6c766415f6bcd7aa4_01_1788193834,https://i.pinimg.com/originals/d3/96/ab/d396ab54c87561156a26f1770cf5c777.jpg,1350,1800,0,2026-06-09
2026-09-01,calca jeans flare,AZoxWb-kG5NB-iMyXGgvjLxuFSlJIx38xNKoDUbIJYHbQR81XslpBKQF0Zy7EhjQWLNxgG0AWwHJpZwykRY8W1U,10,1,0,Behind every original is,levi.com,https://www.levi.com/US/en_US/features/behindeveryoriginal?Camp=Brand_Pinterest_NA_NA_NA_26H2_BRD_US_BEO*pin_%7Bcampaignid%7D_%7Badgroupid%7D_%7Bcreative_id%7D,https://i.pinimg.com/originals/1c/e9/9a/1ce99aaa9e6650a404df5e533758fc61.jpg,1080,1920,1,2026-01-30
2026-09-01,calca jeans flare,4601201201488587648,11,158,0,30 Flare Jeans Outfit Ideas With a Sweater for Cozy Chic,sewmamasew.com,https://www.sewmamasew.com/30-flare-jeans-outfit-ideas-with-a-sweater/,https://i.pinimg.com/originals/31/84/dd/3184ddc9ad781d77b2d2bd74161cc3d6.jpg,720,1280,0,2026-07-24
2026-09-01,calca jeans flare,592223419798837986,12,80,0,calça flare SHEIN,onelink.shein.com,https://onelink.shein.com/47/5yl2l5kdrbie,https://i.pinimg.com/originals/f0/a5/87/f0a587f141c498ca9ed8cfb8f400be9a.jpg,736,1308,0,2026-08-21
2026-09-01,calca jeans flare,ASs-kAS3rGsid3GIzuAX0MSgmCT_mdDT5gl1EPDcxgkHxD3q370aci9SAifP8kPtenYdwmXZBV_tdWyUt_HhAwo,13,5,0,Shyanne High Rise Super,ebay.com,https://www.ebay.com/itm/178187963609?norover=1&siteid=1&mkevt=1&mkcid=16&chn=psoc,https://i.pinimg.com/originals/80/4e/2c/804e2c409959bfb8baa41693dcf8971c.jpg,583,1099,0,2026-06-13
2026-09-01,calca jeans flare,816629344978905496,14,1,0,Calça Jeans Flare Feminina Cintura Alta | Look Elegante e Modelador,vt.tiktok.com,https://vt.tiktok.com/ZS9kddGRsQfKR-3W1hO/,https://i.pinimg.com/originals/7f/43/9b/7f439b449a0e9baaeafb9d8073e8707a.png,1023,1537,0,2026-08-11
2026-09-01,calca jeans flare,Aeerby7Qnvn9d4yHOW8AJrIwdE2rL1UBH3OIdRh0clX-s8tVbxzkJwSn5HM7-1r9e_ICGPnwSinxykOVOiOPHsk,15,9,0,Fiona High Waisted Bell,etsy.com,https://www.etsy.com/listing/4319117286/fiona-high-waisted-bell-bottom-jeans,https://i.pinimg.com/originals/0a/08/27/0a082759bae297dc8b428e6bb20e7d31.jpg,2250,3000,0,2026-07-24
2026-09-01,calca jeans flare,Ac8OGX3o8dKOnHG5IQreoVoHSSfFk24NWK21yyrb7mZ6jVCv-MPw7Zi1V3UrwOUmEMbaJKKjUZ6gAHt3hAZXY-E,16,15,0,Bell Bottom Jeans for,amazon.com,https://www.amazon.com/Bottom-Butterfly-Vintage-Waisted-Blue_XXX-Large/dp/B0DS5LJC9F/ref=asc_df_B0DS5LJC9F?hvdev=%7Bdevice%7D&hvcampaign=%7Bcampaignid%7D&hvadgroupid=%7Badgroupid%7D&hvprdptid=%7Bproduct_partition_id%7D&hvprdgrpid=%7Bpromoted_product_group_id%7D&hvcr=%7Bcreative_id%7D&hvadid=%7Badid%7D&hvprdid=%7Bproduct_id%7D&hvplc=%7Bplacement%7D&psc=1&tag=%7Bifnotmobile:ushpadpinde-20%7D%7Bifmob,https://i.pinimg.com/originals/af/48/f7/af48f7f0bd1a0e33b54c8f4c2220e844.jpg,687,1600,0,2026-04-18
2026-09-01,calca jeans flare,224335625191232000,17,1020,0,Chicago Flare Jeans Outfit Every Woman Needs,amazon.com,https://www.amazon.com/shop/influencer-9c142fbe?ref_=hype_hm_sf_e&ccs_id=e1b7cba4-a558-41d8-aeab-f2959bc481b8,https://i.pinimg.com/originals/a8/57/71/a8577120996460b9d4751720a7dc78ef.png,941,1672,0,2026-08-22
2026-09-01,calca jeans flare,1084734260250746357,18,25048,0,,,,https://i.pinimg.com/originals/c0/63/37/c06337d6156c8074ea6bacc9a1904001.jpg,857,1297,0,2025-01-14
2026-09-01,calca jeans flare,AZB7Mg5zFZ9ua1bYbvbKIFWRHV-TxfTpAR64PXhPL6TUup7IKBjC_eV4seTDtaqE7UM-L6B4-xIqqOuNqHSw05M,19,3,0,Women's Bell Bottom Jeans,amazon.com,https://www.amazon.com/Embroidery-Butterfly-Bottom-Distressed-BlueDenim/dp/B09PYKXBDK/ref=asc_df_B09PYKXBDK?hvdev=%7Bdevice%7D&hvcampaign=%7Bcampaignid%7D&hvadgroupid=%7Badgroupid%7D&hvprdptid=%7Bproduct_partition_id%7D&hvprdgrpid=%7Bpromoted_product_group_id%7D&hvcr=%7Bcreative_id%7D&hvadid=%7Badid%7D&hvprdid=%7Bproduct_id%7D&hvplc=%7Bplacement%7D&psc=1&tag=%7Bifnotmobile:ushpadpinde-20%7D%7Bifmo,https://i.pinimg.com/originals/cd/5e/4d/cd5e4d7342a0170a4bf3066ea9f01f92.jpg,1000,1950,0,2026-05-07
2026-09-01,calca jeans flare,AQRwJUv1Q-JZfiuJBJTqdYpkMRHdW9GsUUGmqQA3_n2GXNzILW-QqVP4NQEcrzgyvr4xLEx9CkML3hMOctlDpjI,20,1,0,Fiona Leather Leopard,willowboutique.com,https://willowboutique.com/products/fiona-leather-leopard-high-waisted-bell-bottom-flare-jeans-black-midnight?variant=47993140347123,https://i.pinimg.com/originals/71/b2/0d/71b20d8280958d8c7b940d40273d91b4.jpg,2316,3088,0,2026-01-30
2026-09-01,calca jeans flare,ARs_zIQbGbzdhVCKA5avw-99EhXgNF7AEC4G1T4h0rCranSnlQvgnmTVg_gfqxvMjcq_QBLYzDeT_ch3JyulTsM,21,4,0,Farrah Denim Distressed,ashandaudrey.com,https://ashandaudrey.com/products/farrah-denim-distressed-high-waisted-flares-medium-wash?variant=45419251204275,https://i.pinimg.com/originals/8f/fe/2c/8ffe2c3bd97c7a0f147e4ee288fe831d.jpg,525,700,0,2026-06-30
2026-09-01,calca jeans flare,151785449938030568,22,995,0,,,,https://i.pinimg.com/originals/56/5a/12/565a12c6333f611af4e87dbf61387691.jpg,736,1104,0,2026-08-12
2026-09-01,calca jeans flare,4362930884563651,23,442,0,Instagram,instagram.com,https://www.instagram.com/p/CyPIPWQtOQj/,https://i.pinimg.com/originals/9b/02/0d/9b020d4362f039a05ba0515b61eaa4c9.png,640,853,0,2026-01-21
2026-09-01,calca jeans flare,4601130837091889024,24,0,0,Calça Flare Jeans feminina Infantil Juvenil 10 ao 16 Perna Larga,br.shein.com,https://br.shein.com/ark/default?scene=1&test=5051&ad_type=DPA&goods_id=538953931&pf=PINTEREST&link_type=link&url_from=PINADSDPA&ismg=c6f4cf19d2edeac2ed0c22382d13b011986f9dec32c1cde58ef8574d5aab64ae_01_1788195881,https://i.pinimg.com/originals/62/0a/03/620a031c31a780cb01ff41a20d40f092.jpg,1340,1785,0,2026-08-17
2026-09-01,calca jeans flare,AeBH_AXg7km9VIpUstXE7H2knyDNxuUdLbicz83BVzcFJykaVmigV87oBdKch46LyhLe6vjaDPu9z91iVrbNJlU,25,39,0,Bell Bottom Jeans for,amazon.com,https://www.amazon.com/Butterfly-Elastic-Classic-2229Light-Blue_X-Large/dp/B0D9HHDMKX/ref=asc_df_B0D9HHDMKX?hvdev=%7Bdevice%7D&hvcampaign=%7Bcampaignid%7D&hvadgroupid=%7Badgroupid%7D&hvprdptid=%7Bproduct_partition_id%7D&hvprdgrpid=%7Bpromoted_product_group_id%7D&hvcr=%7Bcreative_id%7D&hvadid=%7Badid%7D&hvprdid=%7Bproduct_id%7D&hvplc=%7Bplacement%7D&psc=1&tag=%7Bifnotmobile:ushpadpinde-20%7D%7Bifmo,https://i.pinimg.com/originals/d1/c8/59/d1c859007cb12ca7a1a493218d90bfeb.jpg,879,1600,0,2026-04-18
2026-09-01,calca jeans flare,AYJaJa5uPw28JJY16kHqN757PEKOnXbgKg6mGgt2vJ2WvotCpPCMv_i5E47eLKq_PspIY4VDUoS9bbBpyeQPWPY,26,17,0,Skinny Ripped Bell Bottom,amazon.com,https://www.amazon.com/LaiyiVic-Bottom-Waisted-Ripped-Frayed/dp/B0C5LJW9J2/ref=asc_df_B0C5LJW9J2?hvdev=%7Bdevice%7D&hvcampaign=%7Bcampaignid%7D&hvadgroupid=%7Badgroupid%7D&hvprdptid=%7Bproduct_partition_id%7D&hvprdgrpid=%7Bpromoted_product_group_id%7D&hvcr=%7Bcreative_id%7D&hvadid=%7Badid%7D&hvprdid=%7Bproduct_id%7D&hvplc=%7Bplacement%7D&psc=1&tag=%7Bifnotmobile:ushpadpinde-20%7D%7Bifmobile:ushpad,https://i.pinimg.com/originals/ef/ef/54/efef5478e751e7c0b79fcb7a195e2f93.jpg,561,1000,0,2026-01-23
2026-09-01,calca jeans flare,AS7FCjx54h2C7MaobArQizA-Isn_BAg9mVdiXuOIeissjFcsOikC36TB52-jXSYE8YuNchT7FWAx88s1Z38SDMU,27,5,0,Girls High-Rise Flare,hollisterco.com,https://www.hollisterco.com/shop/us/p/high-rise-medium-wash-flare-jeans-60534819,https://i.pinimg.com/originals/fd/f2/0f/fdf20f0ff1b322e3e233ab5187c090bb.jpg,800,1000,0,2025-12-02
2026-09-01,calca jeans flare,4595008724430865280,28,0,0,Calça Jeans Flare Feminina Modeladora Cintura Alta Boca Larga Azul Escuro,br.shein.com,https://br.shein.com/ark/default?scene=1&test=5051&ad_type=DPA&goods_id=546281691&pf=PINTEREST&link_type=link&url_from=PINADSDPA&ismg=5be926884c432cc5bc9dc3f5bf4f080f7e7a41fd74f5d70af33100256c409098_01_1788195810,https://i.pinimg.com/originals/a2/50/fc/a250fcade7db541b46bc90f84a9b2217.jpg,1340,1785,0,2026-08-18
2026-09-01,calca jeans flare,1143984742879818114,29,2,0,calça flare SHEIN,onelink.shein.com,https://onelink.shein.com/47/5yl2l5kdrbie,https://i.pinimg.com/originals/2a/05/ce/2a05cedcbb85f71ffddc17d6f23fa422.jpg,720,959,0,2026-08-11
2026-09-01,calca jeans flare,1105281933572592905,30,155,0,calça boca larga jeans cintura alta,s.shopee.com.br,https://s.shopee.com.br/4ftNb4PYp8?channel_type=pinterest,https://i.pinimg.com/originals/b4/41/d5/b441d5ab069e09afd2180784eabca180.jpg,736,1318,0,2026-05-27
2026-09-01,calca jeans flare,Adxbnf6iuaItiuui5QNzHEwu40mUcm0teVZ05QC_7Y6AOWdQVQejTb0LJxx9EXFODCHVn_DeWldaSjPYb5Yt8tg,31,2,0,Bell Bottom Jeans for,amazon.com,https://www.amazon.com/Womens-Elastic-Waist-Classic-Bottom/dp/B09C1T1DC2/ref=asc_df_B09C1T1DC2?hvdev=%7Bdevice%7D&hvcampaign=%7Bcampaignid%7D&hvadgroupid=%7Badgroupid%7D&hvprdptid=%7Bproduct_partition_id%7D&hvprdgrpid=%7Bpromoted_product_group_id%7D&hvcr=%7Bcreative_id%7D&hvadid=%7Badid%7D&hvprdid=%7Bproduct_id%7D&hvplc=%7Bplacement%7D&psc=1&tag=%7Bifnotmobile:ushpadpinde-20%7D%7Bifmobile:ushpadpi,https://i.pinimg.com/originals/d6/19/8b/d6198b0c6b805a3aba0734a6e49db352.jpg,832,1600,0,2026-03-20
2026-09-01,calca jeans flare,4611404661620979776,32,636,0,30 Flare Jeans Outfit Ideas With Flats for Easy Chic Days,sewmamasew.com,https://www.sewmamasew.com/30-flare-jeans-outfit-ideas-with-flats/,https://i.pinimg.com/originals/67/af/f3/67aff38c34bd1b4fdc7be0b2f289a3b4.jpg,720,1280,0,2026-07-24
2026-09-01,calca jeans flare,AReQjU8XE9tIiNOOi5FecghnULcUj80S9PEbrOcwOS4mWE0_17XrrVOcy5R00UMgPZC7DmRIi3VZzEw-_zD8Thk,33,22,0,CutieLove Women's Ripped,amazon.com,https://www.amazon.com/CutieLove-Womens-Bottom-Destroyed-Stretch/dp/B0DLWDBSS3/ref=asc_df_B0DLWDBSS3?hvdev=%7Bdevice%7D&hvcampaign=%7Bcampaignid%7D&hvadgroupid=%7Badgroupid%7D&hvprdptid=%7Bproduct_partition_id%7D&hvprdgrpid=%7Bpromoted_product_group_id%7D&hvcr=%7Bcreative_id%7D&hvadid=%7Badid%7D&hvprdid=%7Bproduct_id%7D&hvplc=%7Bplacement%7D&psc=1&tag=%7Bifnotmobile:ushpadpinde-20%7D%7Bifmobile:us,https://i.pinimg.com/originals/dd/83/92/dd83923e9b0d8f972d79be46b47057a6.jpg,1100,1600,0,2025-11-13
2026-09-01,calca jeans flare,237424211601602720,34,221,0,,,,https://i.pinimg.com/originals/0b/bc/44/0bbc444f842fef435923164e3012cdd9.jpg,940,1671,0,2026-07-05
2026-09-01,calca jeans flare,Ael0BDUO8a5LACqgCyzPQRT4UvfyUAOgGza_D9O9bwvF-SWoHnpxT4_QgDzU5dlvPfE9MJQ7phOVsv7ArG1oM8o,35,1,0,True Religion Women's,buckle.com,https://www.buckle.com/true-religion-joey-flare-stretch-jean/prd-8516521003/sku-1810892333?color=ridge+mist/blue&size=23/33,https://i.pinimg.com/originals/b5/c3/77/b5c377e430a2f13bd4761861bd99c079.jpg,845,990,0,2026-06-26
2026-09-01,calca jeans flare,1033787289478348408,36,7084,0,,,,https://i.pinimg.com/originals/87/93/8a/87938a1fcb5f4288a256499b7b41859d.jpg,736,1308,0,2025-02-14
2026-09-01,calca jeans flare,Ac5PC7mxixaT0a6zWJMIYaQ8tpJKYYdIl1nUHRlVOBXcevbrdWy3W9bfs_DafLb0DR7v8_qxx0j88nEW-gSZ6Qw,37,24,0,Womens Low Waisted,amazon.com,https://www.amazon.com/Womens-Waisted-Stretchy-Causal-Bootcut/dp/B0CZL6161B/ref=asc_df_B0CZL6161B?hvdev=%7Bdevice%7D&hvcampaign=%7Bcampaignid%7D&hvadgroupid=%7Badgroupid%7D&hvprdptid=%7Bproduct_partition_id%7D&hvprdgrpid=%7Bpromoted_product_group_id%7D&hvcr=%7Bcreative_id%7D&hvadid=%7Badid%7D&hvprdid=%7Bproduct_id%7D&hvplc=%7Bplacement%7D&psc=1&tag=%7Bifnotmobile:ushpadpinde-20%7D%7Bifmobile:ushpa,https://i.pinimg.com/originals/7e/98/df/7e98dfc944c1439334134cc105c7a5b4.jpg,1000,1500,0,2025-11-13
2026-09-01,calca jeans flare,765260161728172992,38,3,0,Calça Flare Country Lavagem Escura e Clara Marmorizada Jeans Premium,s.shopee.com.br,https://s.shopee.com.br/196gEL00W?channel_type=pinterest,https://i.pinimg.com/originals/66/6f/b2/666fb28eac0ecc4c16bce7bfb274cc05.jpg,736,974,0,2026-07-27
2026-09-01,calca jeans flare,6896205674218101,39,766,0,Flared Jeans,,,https://i.pinimg.com/originals/77/ab/d2/77abd29738cc9433ef14a5eee8dd7046.jpg,1168,1436,0,2026-06-01
2026-09-01,calca jeans flare,13299761394848565,40,13014,0,,,,https://i.pinimg.com/originals/8a/07/7c/8a077cfaef9dc5b32dbf503c23932096.jpg,1340,1785,0,2024-07-20
2026-09-01,calca jeans flare,4593249476578413184,41,1840,0,35 Flattering Outfit Ideas for Hourglass Figure...,sewmamasew.com,https://www.sewmamasew.com/35-outfit-ideas-for-hourglass-figure/,https://i.pinimg.com/originals/14/69/2d/14692da714a78779c742dbc6dd8df82b.jpg,720,1279,0,2026-05-16
2026-09-01,calca jeans flare,Aca3eSVcLYEgQAvnyjGhkPabun4vhFMIWfAb76_qXaEKFdLof0qU1TZaiGHy6LrfVg1zkQ1N9Duy2HJBlP6hl-E,42,147,0,TKMUNY Women's Lace-up,amazon.com,https://www.amazon.com/Womens-Lace-up-Stretchy-Trouser-Leggings/dp/B0B2J7SLWX/ref=asc_df_B0B2J7SLWX?hvdev=%7Bdevice%7D&hvcampaign=%7Bcampaignid%7D&hvadgroupid=%7Badgroupid%7D&hvprdptid=%7Bproduct_partition_id%7D&hvprdgrpid=%7Bpromoted_product_group_id%7D&hvcr=%7Bcreative_id%7D&hvadid=%7Badid%7D&hvprdid=%7Bproduct_id%7D&hvplc=%7Bplacement%7D&psc=1&tag=%7Bifnotmobile:ushpadpinde-20%7D%7Bifmobile:ush,https://i.pinimg.com/originals/cb/40/eb/cb40eb435daf9c89f82b8c788cc073cb.jpg,1000,1500,0,2025-12-01
2026-09-01,calca jeans flare,4604156683953315712,43,1,0,CALÇA FEMININA FLARE,br.shein.com,https://br.shein.com/ark/default?scene=1&test=5051&ad_type=DPA&goods_id=542473071&pf=PINTEREST&link_type=link&url_from=PINADSDPA&ismg=f3136bbbf2fcef1e16576a0d4aabc4b2929a1565f83d56a1051463ec26c02dbb_01_1788195820,https://i.pinimg.com/originals/6f/f8/e2/6ff8e278107aefe7274aea2036a4b7bb.jpg,1340,1785,0,2026-08-18
2026-09-01,calca jeans flare,4601623371286785920,44,1,0,Calça Jeans Feminina Flare Boca de Sino Comfortavel Blue Azul Ziper e Bolso Cintura Alta Modela Corpo look,br.shein.com,https://br.shein.com/ark/default?scene=1&test=5051&ad_type=DPA&goods_id=489266661&pf=PINTEREST&link_type=link&url_from=PINADSDPA&ismg=2c68d562fcc3706e607616363e2c8a8838b0532ae25aaaf9354d0229830ddeec_01_1788195780,https://i.pinimg.com/originals/3c/ca/79/3cca796780158d6a8ff374837fdd3827.jpg,1208,1600,0,2026-08-17
2026-09-01,calca jeans flare,AcLWUD3QP1gmAJQ80IoPd1sZBZcGY2ZhCGH5XrcPBiARG0eEzYzfglES-Fw77TuIocr9CPY2d-6xH4AS6RZgZlE,45,8,0,LaiyiVic Bell Bottom,amazon.com,https://www.amazon.com/Bottom-Jeans-Waisted-Classic-Flared/dp/B08V4QDVFZ/ref=asc_df_B08V4QDVFZ?hvdev=%7Bdevice%7D&hvcampaign=%7Bcampaignid%7D&hvadgroupid=%7Badgroupid%7D&hvprdptid=%7Bproduct_partition_id%7D&hvprdgrpid=%7Bpromoted_product_group_id%7D&hvcr=%7Bcreative_id%7D&hvadid=%7Badid%7D&hvprdid=%7Bproduct_id%7D&hvplc=%7Bplacement%7D&psc=1&tag=%7Bifnotmobile:ushpadpinde-20%7D%7Bifmobile:ushpadpi,https://i.pinimg.com/originals/8c/47/71/8c47714d17c411ff2cd321589ce22c6b.jpg,834,1600,0,2026-06-09
2026-09-01,calca jeans flare,AYZsp7yvcnaHjR9D-VhEkYb_-AXMvoHViQ-gYbKopXHEN4-yGkdtVPxZDv08RmW0qJL92vGgHdCEuOmVsiivNHI,46,1,0,Z. Cavaricci Jeans | Z.,poshmark.com,https://poshmark.com/listing/Z-Cavaricci-Light-Blue-Embroidered-Flare-Jeans-6a2d8056b7f0acd7d6d20d2d?utm_source=pin_txn,https://i.pinimg.com/originals/b8/c2/3d/b8c23d0e9385206b2d2c53d46cd5cfb1.jpg,706,1024,0,2026-06-14
2026-09-01,calca jeans flare,840484349187253013,47,12876,0,Calça Flare Elisabeth - Daluky,daluky.com.br,https://www.daluky.com.br/Calca-Flare-Bianca,https://i.pinimg.com/originals/bd/f8/f1/bdf8f1ec95530e3e043f8150975c4260.jpg,544,800,0,2019-02-26
2026-09-01,calca jeans flare,4596204995516343680,48,44,0,25 Flare Jeans Outfit Ideas With White Sneakers for Casual Chic,sewmamasew.com,https://www.sewmamasew.com/25-flare-jeans-outfit-ideas-with-white-sneakers/,https://i.pinimg.com/originals/82/fc/7c/82fc7cabca8defcc83b7f3226c3d4bb9.jpg,720,1280,0,2026-07-24
2026-09-01,calca jeans flare,25121710419054094,49,849,0,,i.pinimg.com,https://i.pinimg.com/1200x/28/85/17/288517bc9be345aab0b28861424f4046.jpg,https://i.pinimg.com/originals/3b/d6/b9/3bd6b9768f0439002e5d936613978238.png,564,846,0,2026-05-18
2026-09-01,calca jeans flare,ATSMsGPhdjb-SPk3XT8bKbB3q30rZw99CDlT98MCNs8kPP9AWqhoA895fh7JtX7yxcbGK_iWHS89jfbY6DmnNcg,51,290,0,Shop BDG at Urban,urbanoutfitters.com,https://www.urbanoutfitters.com/shop-bdg?utm_source=pinterest&utm_medium=paid_social&utm_campaign=%7Bcampaignid%7D&utm_term=%7Badgroupid%7D&utm_content=%7Badid%7D&p_campaign=%7Bcampaignname%7D&p_campaignid=%7Bcampaignid%7D&p_adgroup=%7Badgroupname%7D&p_adgroupid=%7Badgroupid%7D&p_adid=%7Badgroupid%7D,https://i.pinimg.com/originals/a5/f8/33/a5f833653b480e771d1f7583a9c236f6.jpg,360,640,0,2026-08-07
2026-09-01,calca jeans flare,Ac27uzjJzXzI_mrkaRUFwEg02wRL3bB5wIn_SAKn6WWpsn9MzDaGRbwkD-qnoud1aymX03LRvPZvi9xPgyL39UM,52,0,0,Cute And Sexy Women's,us.shein.com,https://us.shein.com/ark/default?scene=1&test=5051&ad_type=DPA&goods_id=497049617&pf=PINTEREST&url_from=PINADSDPA&ismg=f423890b3c571a6f190a34f6c5f60bd5ede9f20e07516f5bebd6e57aa567c2b3_01_1788193873,https://i.pinimg.com/originals/6e/c5/2f/6ec52f33331ac01da228d507b1cbcbd3.jpg,1440,1920,0,2026-07-13
2026-09-01,calca jeans flare,AV83aP86Axuzd1QEqi7cagtEssb_CC9oEE8PdSWuxekLyAc4yGJo0R-ZI8JsL2WeYCXq_mP_YoU36ZaIp-VaLS0,53,8053,0,Looks Expensive But It's,amzlink.to,https://amzlink.to/az0u2a9l3C7cj,https://i.pinimg.com/originals/25/77/be/2577befbd11f92940b084e862b4080eb.png,1000,1500,0,2026-02-04
2026-09-01,calca jeans flare,1108378158333522544,54,607,0,jeans,amzn.to,https://amzn.to/4cp3Zl2,https://i.pinimg.com/originals/31/83/de/3183de171663f5a8cb00164bc4616208.png,1024,1536,0,2026-04-03
2026-09-01,calca jeans flare,Ae_aUTHMx49s3FK8SueJSDdybeXYxpZoVjpuS8Wai4saP7sTIjhXWMfAyAXHVxLuKMrJmnu6btmoZgh85O27-xg,55,8,0,Find the latest denim at,kohls.com,https://www.kohls.com/catalog/womens-jeans-bottoms-clothing.jsp?CN=Gender:Womens+Product:Jeans+Category:Bottoms+Department:Clothing&BST=6125774:7922007:8134347&icid=social-paid-pnstatcoll-denimtrendbadge1-wjeans-np-2608wk3&cid=SO26PDPIN0626&utm_campaign=paid_social&utm_medium=paid_social&utm_source=pinterest&utm_content=2026pdpin626,https://i.pinimg.com/originals/b9/b3/ea/b9b3ea1c8802488ed08d562bd1512f0a.png,1000,1500,0,2026-08-14
2026-09-01,calca jeans flare,914019686902943329,56,14923,0,YouTube,youtube.com,https://www.youtube.com/redirect?event=comments&redir_token=QUFFLUhqbk5SLU5Jb29rOHJBWG51Y19reHhnMk1CZVlqQXxBQ3Jtc0tselcwSW5QcnI1SkdyU3gtdGtPVFJuUUFTaUFQTHVrYU1FNGxXYmxxWGZWZHpqYk9HVERJM3dDVlQ2N3NOTFp3SE0xYUdHR05JRUk2dHVXelZTZUpGc21zN2xYUmliTVJ5N0JURkZteXdaUXRVLWdjdw&q=https://tumblrnewquiz.blogspot.com/&stzid=Ugx2rFmHpZ5dqmiOx0V4AaABAg,https://i.pinimg.com/originals/0a/45/7d/0a457da7fc2fe5dadb2fe5c7b3ed24b4.jpg,704,1344,0,2025-11-12
2026-09-01,calca jeans flare,Ae4eiDua639mk8HAKS7MtQ0BqLqpxjbs71A6BPsH8M8r7zG7yiHo7Yd1nx2FzJkaJx1jm_0p1xaekVQfpKL8bU8,57,21,0,Marina Wide Leg Jeans -,mollysbloom.com,https://mollysbloom.com/products/marina-wide-leg-jeans?variant=45129756967047,https://i.pinimg.com/originals/7c/ef/ba/7cefba73a5da43e288a7f873842b8c19.jpg,2158,4240,0,2026-07-03
2026-09-01,calca jeans flare,AZNFhEyj81MJPjo0tAmkybgMrYUyisMA7kECVbKd2qvn464MueE4CVtNeZ75O6TV0q-VvjKfBm5Y1Ib3LamOpIE,58,1,0,New Ariat Revel,ariat.com,https://www.ariat.com/womens-jeans,https://i.pinimg.com/originals/ac/51/7e/ac517e29a6ad020f1d6f4916cc2a9573.jpg,1000,1500,0,2026-08-18
2026-09-01,calca jeans flare,390757705189996625,59,32,0,"Calça Flare azul - Effortless Denim, outfit idea.",s.shopee.com.br,https://s.shopee.com.br/6fgGgta63Y?channel_type=pinterest,https://i.pinimg.com/originals/7a/47/b4/7a47b43f6ed92e500caf208dfb5e7aad.jpg,2160,3840,0,2026-08-14
2026-09-01,calca jeans flare,AfsH8W6aUXzoI4Ze-f89VeoSRvp-d3GypuxRmnwTFStYZxovkK8STKDPHTY4DJhLbDLAw5EpNTqCf1_CsCsP-Ko,60,336,0,Cute Going Out Outfit,amzlink.to,https://amzlink.to/az0sMRyAHOgsO,https://i.pinimg.com/originals/f2/4b/88/f24b888564dfb748062ecc013128d11b.png,1000,1500,0,2025-08-05
2026-09-01,calca jeans flare,AV3xY5Jj8p_nXExXyI7fWBAbzMp6AaJ7gSnZFzs0a-vECfcrYcFG_Ze36s6xHzzq8zTkrkrwRAndxZBo_9VjPvs,61,1,0,Shop Viral Amazon Tummy,amzlink.to,https://amzlink.to/az0jkKL89fKJg,https://i.pinimg.com/originals/26/b9/ea/26b9eacea059c85ce507766933b2fc9f.jpg,1440,2560,1,2026-08-05
2026-09-01,calca jeans flare,315603886413354123,62,8,0,Manon Store Calça Flare Jeans Feminina Cintura Alta Cós Alto Modeladora Jeans Indigo Escuro Trabalho e Casual Minimalista Old Money Chic,onelink.shein.com,https://onelink.shein.com/45/5xf1j6wa0tnr?shc=2_RXhcLJqNEha,https://i.pinimg.com/originals/7e/57/9c/7e579c68acab2d4b78b928860186ea8d.jpg,1340,1785,0,2026-08-17
2026-09-01,calca jeans flare,77546424830426397,63,29,0,Dark Blue Flare Jeans Outfit | Effortless Everyday Style,amzn.to,https://amzn.to/3TZ0ACJ,https://i.pinimg.com/originals/9b/bb/4b/9bbb4b1b28a1d05ddd94ba8d7f4cbdd6.png,1023,1537,0,2026-08-20
2026-09-01,calca jeans flare,582231058120788117,64,8,0,💚Calça Jeans Flare Feminina Cintura Alta Com Elastano,meli.la,https://meli.la/24nJ2wj,https://i.pinimg.com/originals/55/e0/5b/55e05bff9c6d5230e04462a4e0438877.png,941,1672,0,2026-08-08
2026-09-01,calca jeans flare,4603312257251724160,65,2,0,Calça Jeans FLARE Feminina Cintura Alta Elastano Empina Bumbum Boca de Sino Elegante,br.shein.com,https://br.shein.com/ark/default?scene=1&test=5051&ad_type=DPA&goods_id=514965331&pf=PINTEREST&link_type=link&url_from=PINADSDPA&ismg=e11095284a2342aedcf8cb9e8e90fc7e91d0cd8dd2880acf46ddf04dd14b8d04_01_1788195780,https://i.pinimg.com/originals/98/aa/9d/98aa9df3d1144cfe37ec901015571bd3.jpg,1340,1785,0,2026-07-21
2026-09-01,calca jeans flare,633387444101831,67,2524,0,,,,https://i.pinimg.com/originals/d4/20/56/d4205621a72aed846b900db85309935f.webp,2160,3136,0,2025-11-24
2026-09-01,calca jeans flare,319474167340702430,68,54,0,Women's Dark Blue High-Rise Flared Jeans | Slim Fit Bootcut Denim Pants,,,https://i.pinimg.com/originals/17/15/34/171534613988f1b125abe2452ac23165.png,976,1612,0,2026-07-29
2026-09-01,calca jeans flare,770819292518405299,69,14,0,Light Wash High Waist Flared Jeans Outfit | Trendy Denim Style,link.amazon,https://link.amazon/B06FQOjkD,https://i.pinimg.com/originals/81/36/6d/81366dedd82cdffbc880bd6df94d7348.jpg,1200,1760,0,2026-08-11
2026-09-01,calca jeans flare,87749892734881401,70,3722,0,,,,https://i.pinimg.com/originals/0c/8b/ec/0c8becbd36dd433bdfc1197f7124a26c.jpg,828,1071,0,2024-05-08
2026-09-01,calca jeans flare,1138003399619808546,71,49,0,Flare Jeans Outfit Ideas for Women,amazon.com,https://www.amazon.com/shop/influencer-9c142fbe?ref_=hype_hm_sf_e&ccs_id=0b7fb012-87a9-401e-9022-871c6c1fa47e,https://i.pinimg.com/originals/77/fe/01/77fe011167ad9d0775ed428bfb21c6b8.png,1024,1536,0,2026-07-13
2026-09-01,calca jeans flare,298715387808047142,72,151,0,,,,https://i.pinimg.com/originals/0d/25/21/0d2521ae4a6e69f538a3f56169468490.jpg,736,1307,0,2026-08-18
2026-09-01,calca jeans flare,1135470124850195248,73,347,0,Calça Flare Feminina ✨ Elegância e Estilo que Alongam a Silhueta,s.shopee.com.br,https://s.shopee.com.br/901rpJWyBP?channel_type=pinterest,https://i.pinimg.com/originals/10/e6/64/10e664176ae0db1beb05dc683582be03.jpg,1080,1920,0,2026-05-08
2026-09-01,calca jeans flare,740419995035333113,74,18,0,"Trendy Women's Jeans Collection | High Waist, Wide Leg & Flared Denim",,,https://i.pinimg.com/originals/24/42/2a/24422a552c04c9eb4dee5fdc9958291c.png,1000,1500,0,2026-07-05
2026-09-01,calca jeans flare,4605634384169382784,75,40,0,Calça Jeans Flare Denise - Trama Jeans,tramajeans.com.br,https://www.tramajeans.com.br/produto/calca-jeans-flare-denise-2481,https://i.pinimg.com/originals/9c/70/cf/9c70cf4bce8303a76617063505d799a3.png,900,1350,0,2026-07-13
2026-09-01,calca jeans flare,148829962682961683,76,1200,0,,,,https://i.pinimg.com/originals/1b/19/4e/1b194e902def695ab5be58a30cc3a645.jpg,704,1344,0,2025-09-04
2026-09-01,blusa cropped,1080652873100096249,2,17,0,Blusa/Cropped,tr.ee,https://tr.ee/1kMumK,https://i.pinimg.com/originals/11/18/0a/11180a08acca4d8011c6b8d482910edf.jpg,736,1308,0,2025-12-14
2026-09-01,blusa cropped,19562579627057381,3,778,0,Cropped com amarração,,,https://i.pinimg.com/originals/39/7f/69/397f6976af04d8dfebff14457fe6a956.jpg,1200,1360,0,2026-07-10
2026-09-01,blusa cropped,4599230855644757376,4,0,0,BLUSA CROPPED FEMININA TRANSPASSADO MANGA BUFANTE LISTRADO ELEGANTE,br.shein.com,https://br.shein.com/ark/default?scene=1&test=5051&ad_type=DPA&goods_id=506481215&pf=PINTEREST&link_type=link&url_from=PINADSDPA&ismg=8e688ea1e446bb3072844511ce555a3ceeeb275ee481d042af314227fff641d5_01_1788195815,https://i.pinimg.com/originals/91/0b/77/910b77240db0d6409d463215b1120158.jpg,1340,1785,0,2026-08-08
2026-09-01,blusa cropped,ASa1lJfEeTThHFYRG9j4nQafYbM1ftVG2aDXZAxN3yJBJG9IeGm9NwtYJOvmg4BSgReedyOJa-wc8dcrzvMhVwc,5,8053,0,Looks Expensive But It's,amzlink.to,https://amzlink.to/az0u2a9l3C7cj,https://i.pinimg.com/originals/25/77/be/2577befbd11f92940b084e862b4080eb.png,1000,1500,0,2026-02-04
2026-09-01,blusa cropped,443252788351281742,6,142,0,,,,https://i.pinimg.com/originals/8a/86/a7/8a86a7d2e2bdfbb8f5ca4d4a73314cf3.jpg,675,1200,0,2026-08-13
2026-09-01,blusa cropped,AcV0UAJzXhc595xA_xw-P9jQfK2GEY5waM3l9-ui9fKkAzpmMtHOxHR1flGfPW7JUzyiqGQrsR6qC8LpUrFF8aE,7,1,0,College Clothing Haul,walmart.com,https://www.walmart.com/shop/back-to-college/tech,https://i.pinimg.com/originals/90/e5/63/90e5636608e01d103e4a6789c140fbd4.jpg,406,720,1,2026-08-14
2026-09-01,blusa cropped,51721095718697764,8,99,0,￼Blusa Feminina Cropped Strass Nula Manga✨♥️,s.shopee.com.br,https://s.shopee.com.br/2g7rCsJdph?channel_type=pinterest,https://i.pinimg.com/originals/2a/a3/ef/2aa3ef1cbae80db9a672d42d6a639291.jpg,1086,1557,0,2026-07-20
2026-09-01,blusa cropped,AdmD-Zj554tuRrzXtFwmatuEz5Q8IGgqUJkmlZzNztQen4pLKtLOXSjwdTslQbq7VpsqAAHrFgG_hUGKdJFZi2o,9,0,0,Women's Solid Color Cross,us.shein.com,https://us.shein.com/ark/default?scene=1&test=5051&ad_type=DPA&goods_id=294350964&pf=PINTEREST&url_from=PINADSDPA&ismg=2403f71613f3450f822e99a2c93752bcbaf08722930c90a09b81117dec587840_01_1788193936,https://i.pinimg.com/originals/66/02/9b/66029babd00fd977671e05a0a8e3cb93.jpg,1340,1785,0,2026-06-07
2026-09-01,blusa cropped,1106970783437990294,10,4,0,Novo cropped | Durabilidade e Leveza,s.shopee.com.br,https://s.shopee.com.br/6ffwViNJqM?channel_type=pinterest,https://i.pinimg.com/originals/62/88/f6/6288f6f30f8a0f2bfebea80b3b837f3f.jpg,600,881,0,2026-07-24
2026-09-01,blusa cropped,AfO03r66V4e5qrXijTDbBeekA0q-CIsCT19zHCGzOOWh0N4kNd2ycEjiItW6IVaslpMCuw8rHEQlm2f77HI25Jw,11,0,0,Flounced One-Shoulder Top,www2.hm.com,https://www2.hm.com/en_us/productpage.1302257003.html?utm_source=pinterest&utm_medium=social,https://i.pinimg.com/originals/03/fa/19/03fa1994a89086f0fe361500a59101d5.jpg,2333,3500,0,2025-05-21
2026-09-01,blusa cropped,AZLJWHSuG8Pcn8qDSsJKzuLtSnb7kIwGCD-GOtd9-BRZSTO3s9glrxU8tLChR4OKGwG_mr1-xh_sqF_O3_NgKZ4,12,1,0,Temu | Women's Y2k,temu.com,https://www.temu.com/ul/kuiper/un3.html?subj=dpa-un&_bg_fs=1&_p_jump_id=1082&_x_vst_scene=adg&goods_id=601103045015341&adg_ctx=a-ac71890a~c-b504e6d0&_p_rfs=1&_x_ads_channel=pinterest&_x_ads_creative_id=%7Bproduct_partition_id%7D&_x_ads_id=%7Badgroupid%7D&_x_ads_set=%7Bcampaignid%7D&_x_ads_sub_channel=shopping&_x_ns_catalog_id=1567707391772&_x_ns_creative=%7Badid%7D&_x_ns_gid=601103045015341&_x_ns_,https://i.pinimg.com/originals/a6/dd/46/a6dd465b53eae29958955c225f7f86d9.jpg,2000,3000,0,2026-06-17
2026-09-01,blusa cropped,Ad53LfrDh6sN4fHl05ATuehJRr9IuY6vWXxoYpkM1Adoc6P9cllk4W-SB4J-DqJxxD5nxP7dNGkgwDU8ggoKRfE,13,1,0,Temu | Blazer corto para,temu.com,https://www.temu.com/ul/kuiper/un3.html?subj=dpa-un&_bg_fs=1&_p_jump_id=1082&_x_vst_scene=adg&goods_id=605645969420123&adg_ctx=a-b66d5999~c-e999ee5d&_p_rfs=1&_x_ads_channel=pinterest&_x_ads_creative_id=%7Bproduct_partition_id%7D&_x_ads_id=%7Badgroupid%7D&_x_ads_set=%7Bcampaignid%7D&_x_ads_sub_channel=shopping&_x_ns_catalog_id=1580405374697&_x_ns_creative=%7Badid%7D&_x_ns_gid=605645969420123&_x_ns_,https://i.pinimg.com/originals/54/81/2c/54812c76f6ed038fc6024b13cffd1baf.jpg,2000,3000,0,2026-07-01
2026-09-01,blusa cropped,106679084920497630,14,583,0,,,,https://i.pinimg.com/originals/96/fd/b4/96fdb4c290345946e414a5875655d5be.jpg,740,1180,0,2026-08-22
2026-09-01,blusa cropped,ARMeo_1I9n2t61Ai2f4KFe7hr1RsmgqjoB9fvVDtpBIwFA3h9DgDMlSy8_B5C_tQ7ZWloPyVwOkI3Ap-tQVqtKQ,15,4,0,MIRACMODA Womens Elegant,amazon.com,https://www.amazon.com/MIRACMODA-Elegant-Shoulder-Blouses-Pleated/dp/B095JXZDN7/ref=asc_df_B095JXZDN7?hvdev=%7Bdevice%7D&hvcampaign=%7Bcampaignid%7D&hvadgroupid=%7Badgroupid%7D&hvprdptid=%7Bproduct_partition_id%7D&hvprdgrpid=%7Bpromoted_product_group_id%7D&hvcr=%7Bcreative_id%7D&hvadid=%7Badid%7D&hvprdid=%7Bproduct_id%7D&hvplc=%7Bplacement%7D&psc=1&tag=%7Bifnotmobile:ushpadpinde-20%7D%7Bifmobile:u,https://i.pinimg.com/originals/de/78/25/de7825fac1f0b8397bad3aeb43157915.jpg,1300,1600,0,2026-05-23
2026-09-01,blusa cropped,61854194877252501,16,1272,0,,,,https://i.pinimg.com/originals/31/dc/f8/31dcf8921240161e1d0edc703985e064.jpg,474,711,0,2025-10-15
2026-09-01,blusa cropped,67765169390192527,17,235,0,White Halter Neck Top Outfit | Minimal Aesthetic Summer Look for Women,,,https://i.pinimg.com/originals/40/61/3c/40613cc129f3cdef815657cdd1b60d7a.jpg,768,1344,0,2026-07-30
2026-09-01,blusa cropped,370350769381586778,18,513,0,,,,https://i.pinimg.com/originals/63/b6/86/63b686e63de14687cfbedc18a52e6eb7.jpg,1170,1517,0,2026-06-30
2026-09-01,blusa cropped,AaTu_7GDrYQrksg528cXcEbdGwLEIw-OZF2uvfBnjiWUrmdXXl3F4oxL-rHrDU8b72qf7CaD3SGveCkrej1uIcc,19,9,0,Women's Tank Top Blouse,lightinthebox.com,https://www.lightinthebox.com/women-s-tank-top-blouse-camisole-tank-top-sleeveless-shirt-plain-bohemia-classic-casual-sleeveless-halter-neck-crop-tops-daily-holiday-going-out-fring_p13917371.html?litb_from=pinterest_sns_paid&utm_source=pinterest_sns_paid&utm_medium=sns&utm_campaign=litb_catalogs?litb_from=pinterest_sns_paid&utm_source=pinterest_sns_paid&utm_medium=sns&utm_campaign=litb_catalogs,https://i.pinimg.com/originals/d0/e4/7b/d0e47b9fcd3ddfe55084eec2e1edbc66.jpg,500,500,0,2026-03-27
2026-09-01,blusa cropped,AZ2m8G42A93MpLTSe37MalQ14y53rDyCCZHFvVoa29gav6QWBfzbnDytOGGdhp7ulEwK9KzHbbKfc-SO4jVLbss,20,49,0,Verdusa Women's Floral,amazon.com,https://www.amazon.com/Verdusa-Womens-Floral-Ruched-Sweetheart/dp/B0CHVY7KCV/ref=asc_df_B0CHVY7KCV?hvdev=%7Bdevice%7D&hvcampaign=%7Bcampaignid%7D&hvadgroupid=%7Badgroupid%7D&hvprdptid=%7Bproduct_partition_id%7D&hvprdgrpid=%7Bpromoted_product_group_id%7D&hvcr=%7Bcreative_id%7D&hvadid=%7Badid%7D&hvprdid=%7Bproduct_id%7D&hvplc=%7Bplacement%7D&psc=1&tag=%7Bifnotmobile:ushpadpinde-20%7D%7Bifmobile:ushp,https://i.pinimg.com/originals/7d/9c/2b/7d9c2b5769c2e593169cc3fce8257f72.jpg,1065,1598,0,2026-04-19
2026-09-01,blusa cropped,AYwFe5WuFAca8-s5brzfXkZ2gfF7oaLLmQID_ogtCYuuH1pKCML_eNArEaPpDaF8SyMwEzZZproztLzc1NMspmE,21,7,0,GORGLITTER Women's Bell,amazon.com,https://www.amazon.com/GORGLITTER-Womens-Shoulder-Sleeve-Ruched/dp/B0CXSDPC7G/ref=asc_df_B0CXSDPC7G?hvdev=%7Bdevice%7D&hvcampaign=%7Bcampaignid%7D&hvadgroupid=%7Badgroupid%7D&hvprdptid=%7Bproduct_partition_id%7D&hvprdgrpid=%7Bpromoted_product_group_id%7D&hvcr=%7Bcreative_id%7D&hvadid=%7Badid%7D&hvprdid=%7Bproduct_id%7D&hvplc=%7Bplacement%7D&psc=1&tag=%7Bifnotmobile:ushpadpinde-20%7D%7Bifmobile:ush,https://i.pinimg.com/originals/75/b3/23/75b32337e7106ec304ec9fec5c304927.jpg,1065,1598,0,2026-04-21
2026-09-01,blusa cropped,AajJm806Z9zkCto4Nh5Knzo9i6H_O6iMf02Amw_rRVRL-Ev_16ome-Tw0wblhdPBYKwKujf2IYqIWqZxcYGWMro,22,2,0,Corduroy Knitted Crop Top,mauv-studio.com,https://mauv-studio.com/fr/products/corduroy-knitted-crop-top?variant=45245474078978,https://i.pinimg.com/originals/3f/b4/b2/3fb4b2430103d5e10ac3a29cc3f57521.jpg,800,800,0,2025-12-31
2026-09-01,blusa cropped,1196337405591500,23,1073,0,ALICE CROP TOP,,,https://i.pinimg.com/originals/4f/40/b9/4f40b97b3bbba329a42c49f4c0d9ef60.jpg,683,1024,0,2026-05-10
2026-09-01,blusa cropped,1016546947328231820,24,19,0,Molde em PDF Blusa Cropped Bia,go.hotmart.com,https://go.hotmart.com/B105811676E,https://i.pinimg.com/originals/0e/c9/5c/0ec95c9bde3cde340bb3a3ff72676b5e.jpg,720,1058,0,2026-05-14
2026-09-01,blusa cropped,6122149489293572,25,1345,0,,,,https://i.pinimg.com/originals/8e/07/f4/8e07f48399ce0b5e146b7729a4535a03.jpg,1080,1920,0,2026-08-13
2026-09-01,blusa cropped,AUmgWJN3uAMLjM9-PqZ64DI4pwEN_6gnWyXpi_8BrLQQAQatR6KXUxmdMw6lKQiJUwJnxT8rKVx8FfHALVv55bo,26,1,0,VETIOR Women's Sexy Deep,amazon.com,https://www.amazon.com/KIRA-Womens-Sleeve-Unique-X-Large/dp/B01N3151KY/ref=asc_df_B01N3151KY?hvdev=%7Bdevice%7D&hvcampaign=%7Bcampaignid%7D&hvadgroupid=%7Badgroupid%7D&hvprdptid=%7Bproduct_partition_id%7D&hvprdgrpid=%7Bpromoted_product_group_id%7D&hvcr=%7Bcreative_id%7D&hvadid=%7Badid%7D&hvprdid=%7Bproduct_id%7D&hvplc=%7Bplacement%7D&psc=1&tag=%7Bifnotmobile:ushpadpinde-20%7D%7Bifmobile:ushpadpins,https://i.pinimg.com/originals/fa/d5/6b/fad56b3d0858f2b3ad7d589c41ac604c.jpg,1248,1824,0,2026-05-11
2026-09-01,blusa cropped,AZBlHqY1VUZNXytITHyQAimpXLh-1hMvWM8jzfHR-DJxZlZZ1u7VnUxW2at36bWedVI08spu4VVupcmtmp3k_VI,27,1,0,Temu | For Summer Lace,temu.com,https://www.temu.com/ul/kuiper/un3.html?subj=dpa-un&_bg_fs=1&_p_jump_id=1082&_x_vst_scene=adg&goods_id=606494544248494&adg_ctx=a-641f078f~c-b368b4e3&_p_rfs=1&_x_ads_channel=pinterest&_x_ads_creative_id=%7Bproduct_partition_id%7D&_x_ads_id=%7Badgroupid%7D&_x_ads_set=%7Bcampaignid%7D&_x_ads_sub_channel=shopping&_x_ns_catalog_id=1567707391772&_x_ns_creative=%7Badid%7D&_x_ns_gid=606494544248494&_x_ns_,https://i.pinimg.com/originals/87/89/47/878947fb54c361ec022d4cce057697a0.jpg,2000,3000,0,2026-06-14
2026-09-01,blusa cropped,279012139409798147,28,22,0,,,,https://i.pinimg.com/originals/54/fc/72/54fc722aabff88d795145661a4edcddd.jpg,675,1200,0,2025-09-05
2026-09-01,blusa cropped,AWd2ytF2B44UBPt9XCOvRlyvbPKCiCKMW_znH4lFANqLj8E2szL7h7o9jGqMQm-GiPzQvraaDPKeCAm8xhfB31Y,29,1,0,Temu | Women' Floral Bell,temu.com,https://www.temu.com/ul/kuiper/un3.html?subj=dpa-un&_bg_fs=1&_p_jump_id=1082&_x_vst_scene=adg&goods_id=601099838224814&adg_ctx=a-63eeea53~c-20775283&_p_rfs=1&_x_ads_channel=pinterest&_x_ads_creative_id=%7Bproduct_partition_id%7D&_x_ads_id=%7Badgroupid%7D&_x_ads_set=%7Bcampaignid%7D&_x_ads_sub_channel=shopping&_x_ns_catalog_id=1567707391772&_x_ns_creative=%7Badid%7D&_x_ns_gid=601099838224814&_x_ns_,https://i.pinimg.com/originals/dd/93/44/dd9344833fc9f5ef23ccf525999d38b1.jpg,2000,3000,0,2026-08-27
2026-09-01,blusa cropped,6051780744287562,30,1009,0,,,,https://i.pinimg.com/originals/f6/a6/2d/f6a62dacf8224aae0f5435db6f62f40f.jpg,720,959,0,2024-12-28
2026-09-01,blusa cropped,8022105583189999,31,687,0,,,,https://i.pinimg.com/originals/89/51/37/895137f0af83c65c7695bd2fe8939e51.jpg,1170,1569,0,2026-07-05
2026-09-01,blusa cropped,660551470394310240,32,833,0,Camiseta Cropped,onelink.shein.com,https://onelink.shein.com/38/5smjc9h6kr33,https://i.pinimg.com/originals/55/29/30/552930940723357de7e82a72ffd05012.jpg,1340,1785,0,2026-06-14
2026-09-01,blusa cropped,AceXVRolr5Sk2vQIsK0STZgk0FpMTKfaGb8CPIGVcCLM3SzJ_3TVVWPhMCMkFaav3vbs9FGbqvyvx1J5cBi1JtI,33,0,0,Temu | Top rosa con,temu.com,https://www.temu.com/ul/kuiper/un3.html?subj=dpa-un&_bg_fs=1&_p_jump_id=1082&_x_vst_scene=adg&goods_id=606424700670988&adg_ctx=a-57a6a5cd~c-102c4a47&_p_rfs=1&_x_ads_channel=pinterest&_x_ads_creative_id=%7Bproduct_partition_id%7D&_x_ads_id=%7Badgroupid%7D&_x_ads_set=%7Bcampaignid%7D&_x_ads_sub_channel=shopping&_x_ns_catalog_id=1580405374697&_x_ns_creative=%7Badid%7D&_x_ns_gid=606424700670988&_x_ns_,https://i.pinimg.com/originals/82/66/ba/8266ba996906406ea8c07f29401db483.jpg,2000,3000,0,2026-08-11
2026-09-01,blusa cropped,604749056247737344,34,151,0,off shoulders crop top5,,,https://i.pinimg.com/originals/b8/b4/1d/b8b41d5eba3417f6674129421063a4e0.jpg,736,980,0,2024-10-22
2026-09-01,blusa cropped,AVo37Fz5QiFX9jh1Usz_4zGFgjD9IHaH44tVtQTvFgr_qePOzbr5RHB8ss6buLwNfrZNf9BNfW_llH5yQJf7y4g,35,5,0,SOLY HUX Women's Halter,amazon.com,https://www.amazon.com/SOLY-HUX-Sleeveless-Backless-Outfits/dp/B0DSDMP382/ref=asc_df_B0DSDMP382?hvdev=%7Bdevice%7D&hvcampaign=%7Bcampaignid%7D&hvadgroupid=%7Badgroupid%7D&hvprdptid=%7Bproduct_partition_id%7D&hvprdgrpid=%7Bpromoted_product_group_id%7D&hvcr=%7Bcreative_id%7D&hvadid=%7Badid%7D&hvprdid=%7Bproduct_id%7D&hvplc=%7Bplacement%7D&psc=1&tag=%7Bifnotmobile:ushpadpinde-20%7D%7Bifmobile:ushpadp,https://i.pinimg.com/originals/35/02/7c/35027cc398c274e2c9cfad32931f6f85.jpg,1065,1598,0,2026-08-01
2026-09-01,blusa cropped,AQq5OSHJRzULjBMX6MrXfc25WI-rkj2aKXXDFDoJK_fKpwEFGjC-ce2Foqv8b01n48c52MxuN7WEILSRqroNJ98,36,2,0,SHENHE Women's Crochet,amazon.com,https://www.amazon.com/SHENHE-Knitted-Backless-Embroidered-X-Large/dp/B0F6T42GJW/ref=asc_df_B0F6T42GJW?hvdev=%7Bdevice%7D&hvcampaign=%7Bcampaignid%7D&hvadgroupid=%7Badgroupid%7D&hvprdptid=%7Bproduct_partition_id%7D&hvprdgrpid=%7Bpromoted_product_group_id%7D&hvcr=%7Bcreative_id%7D&hvadid=%7Badid%7D&hvprdid=%7Bproduct_id%7D&hvplc=%7Bplacement%7D&psc=1&tag=%7Bifnotmobile:ushpadpinde-20%7D%7Bifmobile:,https://i.pinimg.com/originals/9c/74/f9/9c74f924b1aaaf1d810eec1fb4101bf7.jpg,1248,1824,0,2026-04-11
2026-09-01,blusa cropped,907616131196958360,37,2,0,Cropped Feminino Ombro A Ombro Fashion Estiloso Festa,mercadolivre.com,https://mercadolivre.com/sec/2QKFWKs,https://i.pinimg.com/originals/9b/41/ed/9b41edf9e96fa9b30390644acc9d99d7.webp,896,1152,0,2025-10-06
2026-09-01,blusa cropped,717057571926924383,38,108,0,Fashion💄👠,,,https://i.pinimg.com/originals/1a/c5/c7/1ac5c7b1ec10d11274a66c0f28255ee2.jpg,500,790,0,2021-06-16
2026-09-01,blusa cropped,AaySRD7OvEgavLhyhEpfD73dVFGq09lPvGlN12RUcSVOJcnWnE3Bds8XgFJ3qr1bVvDEPtV88v1xCqc68L_Rb7A,39,1,0,Temu | 's Selección de,temu.com,https://www.temu.com/ul/kuiper/un3.html?subj=dpa-un&_bg_fs=1&_p_jump_id=1082&_x_vst_scene=adg&goods_id=601099705288856&adg_ctx=a-75b67671~c-c604f832&_p_rfs=1&_x_ads_channel=pinterest&_x_ads_creative_id=%7Bproduct_partition_id%7D&_x_ads_id=%7Badgroupid%7D&_x_ads_set=%7Bcampaignid%7D&_x_ads_sub_channel=shopping&_x_ns_catalog_id=1580405374697&_x_ns_creative=%7Badid%7D&_x_ns_gid=601099705288856&_x_ns_,https://i.pinimg.com/originals/86/f2/32/86f232d37cd3b0843b0d2edec8647564.jpg,2000,3000,0,2026-06-05
2026-09-01,blusa cropped,68328119342355349,40,320,0,,,,https://i.pinimg.com/originals/78/0d/68/780d68152e4feaa701326aea0a5c65ba.jpg,736,980,0,2026-02-08
2026-09-01,blusa cropped,96968198220394251,41,384,0,,,,https://i.pinimg.com/originals/8f/94/17/8f94179a98921181e514ac4d318955b7.jpg,736,980,0,2024-03-05
2026-09-01,blusa cropped,AU5GP7YZLgSkS9_PnE4bgO5YRLOlockvFyr-KPUr5EV73GMCubTp3ol4_y6l78AiNmV_eVWu1PxE5xgmOAFDERM,42,9,0,Cross back v neck solid,obeey.com,https://obeey.com/products/corss-back-v-neck-solid-crop-top?variant=48127313772872,https://i.pinimg.com/originals/01/ee/10/01ee106f46c6092e7f8b5a2f957a177d.jpg,1200,1200,0,2024-08-17
2026-09-01,blusa cropped,389913280257988136,43,51,0,"top cropped com bojo de alfaiataria ,amarra atras",m.shein.com,https://m.shein.com/br/Women-Tops-p-13636978-cat-2223.html?utm_source=pinterest.com&utm_medium=cpc&utm_campaign=mbrpin_dpa_women_sz2303088870843399&url_from=mbrpin_dpa_women_sz2303088870843399&main_attr=27_112&mallCode=2&isFromSwitchColor=1,https://i.pinimg.com/originals/77/5e/cf/775ecf1be97e4885f92caea5a0301dba.jpg,405,539,0,2024-11-02
2026-09-01,blusa cropped,462181980533689940,44,31,0,,,,https://i.pinimg.com/originals/7b/ef/c9/7befc912ddd074ef11eb48e8820c36ec.jpg,736,980,0,2024-06-22
2026-09-01,blusa cropped,AWOhxRj0vNhCcWh9CADvnq3DONBij8-t1eQ-ySySyweTKrVP2noOulo_5kTLfbO6DoRtqrs5jzhYshzYEawHowM,45,6,0,Verdusa Women's Going Out,amazon.com,https://www.amazon.com/Verdusa-Womens-Sleeveless-Halter-Front/dp/B0C8NF4HGJ/ref=asc_df_B0C8NF4HGJ?hvdev=%7Bdevice%7D&hvcampaign=%7Bcampaignid%7D&hvadgroupid=%7Badgroupid%7D&hvprdptid=%7Bproduct_partition_id%7D&hvprdgrpid=%7Bpromoted_product_group_id%7D&hvcr=%7Bcreative_id%7D&hvadid=%7Badid%7D&hvprdid=%7Bproduct_id%7D&hvplc=%7Bplacement%7D&psc=1&tag=%7Bifnotmobile:ushpadpinde-20%7D%7Bifmobile:ushpa,https://i.pinimg.com/originals/e1/9b/ea/e19beaa90c73117de692e21e01e4ed62.jpg,1248,1824,0,2026-03-24
2026-09-01,blusa cropped,351912463856508,46,5731,0,,,,https://i.pinimg.com/originals/7a/40/b4/7a40b4b34b760729df2fca154293a595.jpg,550,650,0,2023-02-26
2026-09-01,blusa cropped,Af0sXpa6pVQmlykRZa8t0OUvvXu9pYFFXloi8sr3nC2YvVV2aLXN66OH5n5_9DLLgTP9TyPrGJrJoP8YMNb2RoI,47,1,0,Temu | Women's Elegant,temu.com,https://www.temu.com/ul/kuiper/un3.html?subj=dpa-un&_bg_fs=1&_p_jump_id=1082&_x_vst_scene=adg&goods_id=601100361270418&adg_ctx=a-182469db~c-f311edee&_p_rfs=1&_x_ads_channel=pinterest&_x_ads_creative_id=%7Bproduct_partition_id%7D&_x_ads_id=%7Badgroupid%7D&_x_ads_set=%7Bcampaignid%7D&_x_ads_sub_channel=shopping&_x_ns_catalog_id=1567707391772&_x_ns_creative=%7Badid%7D&_x_ns_gid=601100361270418&_x_ns_,https://i.pinimg.com/originals/42/aa/ae/42aaae4c008691c25021e566fc7e69a5.jpg,2000,3000,0,2026-08-27
2026-09-01,blusa cropped,ASbUD5wi1i0cc0OeJ231-_2qfpiDy-AQQ6E2NzJLRBkmQ6YXhi1imkXcS5awPKxmmQBXtEj5DJLocQVQDnzM0Ag,51,1,0,Your passport to summer,poshmark.com,https://poshmark.com/?utm_source=pinterest&utm_medium=paidsocial&utm_campaign=%7Bcampaignid%7D&utm_content=%7Badgroupid%7D_%7Badid%7D_%7Bdevice%7D,https://i.pinimg.com/originals/2a/af/9f/2aaf9ffdd2687157ba4d9bb96b8b595e.png,1000,1500,0,2026-05-19
2026-09-01,blusa cropped,AWybidoq5MBorj4p5VACmwtBBI4kzrGcwEDJKkjMghVVixAljKHLnubke2avGSi53vyN8-aMybXMkBPlxxZreIQ,52,41,0,Find fall outfits for,kohls.com,https://www.kohls.com/catalog/womens-career.jsp?CN=Gender:Womens+Occasion:Career&BST=7940326:7873079:4928223&icid=social-paid-pncrsl-wfallworkoutfits-np-2608wk2-frame1&cid=SO26PDPIN0599&utm_campaign=paid_social&utm_medium=paid_social&utm_source=pinterest&utm_content=2026pdpin599,https://i.pinimg.com/originals/21/0b/a5/210ba56e27019e60e0ab1e8d79d8ab90.jpg,1000,1500,0,2026-08-06
2026-09-01,blusa cropped,AUT6_N_NryFbdtFlgAxyercWOGpcUkeVmPrXodCnq1DMiFWNKX_89EWVrkeOMX_2uLhT0rv1ieNfnx9M22L_uXM,53,223,0,Chic Summer Outfit Ideas,amzlink.to,https://amzlink.to/az0oAuRbbp6jQ,https://i.pinimg.com/originals/17/86/6d/17866d3c895bd36e882162480e49cfcb.png,1000,1500,0,2026-04-24
2026-09-01,blusa cropped,5911043262995431,54,723,0,,,,https://i.pinimg.com/originals/b1/e7/bf/b1e7bf763e3d36190ea2d032afb6c9a9.jpg,1179,1560,0,2026-08-18
2026-09-01,blusa cropped,4595712383384812928,55,0,0,Cropped Feminino Gola Polo Manga Curta – Blusa Básica Ajustada Casual com Tecido Confortável,br.shein.com,https://br.shein.com/ark/default?scene=1&test=5051&ad_type=DPA&goods_id=542885841&pf=PINTEREST&link_type=link&url_from=PINADSDPA&ismg=3d3ca115b97471a1a3c8ebf25d84e371ccbaad540423d6bdac3004ab4aeb58c6_01_1788195810,https://i.pinimg.com/originals/56/12/2e/56122e6b5a27554e03719d2f1ad294fe.jpg,1340,1785,0,2026-08-15
2026-09-01,blusa cropped,Aeb45lUOaM_c7BfKoT_fEcFOJsFHjMLeRjQnvuzslBxPGrGDV8RTTpSTmPQuK18fxa_HAJmHIZ-5tdLqN7ZcWa0,56,0,0,Shop Viral Amazon Date,amzlink.to,https://amzlink.to/az0NNZ8sGylhW,https://i.pinimg.com/originals/d1/b6/c4/d1b6c4738564760183fbe85c8f8b9746.jpg,1078,1920,1,2026-08-11
2026-09-01,blusa cropped,23010648089355701,57,521,0,,,,https://i.pinimg.com/originals/e8/ca/9c/e8ca9c5fb79ef3a5c45230756e27d233.jpg,736,980,0,2023-01-04
2026-09-01,blusa cropped,314337249016141542,58,402,0,,,,https://i.pinimg.com/originals/d8/d4/ae/d8d4aee550ecc10fcb1ff1026c72a2da.jpg,627,838,0,2026-06-03
2026-09-01,blusa cropped,4608449165865320512,59,2,0,Cropped Feminino Manga Nula com Franzido Lateral Top Assimétrico Enrugado Suplex Premium Moda Básica Look Elegante,br.shein.com,https://br.shein.com/ark/default?scene=1&test=5051&ad_type=DPA&goods_id=539059531&pf=PINTEREST&link_type=link&url_from=PINADSDPA&ismg=71c46fb053e2db899237d5514252ef1d4e5f3472e04219ef8f930625318e74ab_01_1788195798,https://i.pinimg.com/originals/4f/71/22/4f712293063a6a77868e7f2d1bdf8df9.jpg,1122,1402,0,2026-08-05
2026-09-01,blusa cropped,645422190393220455,60,1,0,blusa cropped com bojo e atrás com amarrado,onelink.shein.com,https://onelink.shein.com/16/50ozx3q73in6,https://i.pinimg.com/originals/bb/2a/53/bb2a53c0dd5a128c74ef79f9da634881.jpg,405,540,0,2025-09-11
2026-09-01,blusa cropped,120049146314329138,61,535,0,,,,https://i.pinimg.com/originals/c1/ee/b4/c1eeb45aba05804fb7924e27e6de6083.jpg,736,1104,0,2026-06-14
2026-09-01,blusa cropped,606719381045518774,62,3679,0,5 Blusas com decote Atrás - Estilo Próprio By Sir como usar decote atras,estilopropriobysir.com,https://estilopropriobysir.com/5-blusas-com-decote-atras/,https://i.pinimg.com/originals/95/14/1f/95141f039304fcc6b919c05d2b862730.jpg,564,846,0,2020-11-10
2026-09-01,blusa cropped,24347654232299114,63,2034,0,,,,https://i.pinimg.com/originals/57/f3/b9/57f3b9464695de9d9f1dd5cc33c4095b.jpg,736,981,0,2026-06-01
2026-09-01,blusa cropped,251146116757221236,64,474,0,Elegant Top,,,https://i.pinimg.com/originals/87/a2/79/87a2792a8db15e45fa89150179d91c72.jpg,1080,1920,0,2026-08-21
2026-09-01,blusa cropped,329044316525262865,65,1071,0,,,,https://i.pinimg.com/originals/75/1d/b7/751db7c80a6561d85e4d105c5e65b856.jpg,515,711,0,2019-04-22
2026-09-01,blusa cropped,66639269483755331,66,228,0,,instagram.com,https://www.instagram.com/reel/C8p1Yw3R1pq/?igsh=bzF0MTlhMGpndHNk,https://i.pinimg.com/originals/56/d3/e7/56d3e716ce765a54a559dd365d5fd341.jpg,360,640,0,2025-12-09
2026-09-01,blusa cropped,1070801248964142300,67,10,0,Blusa/Top,tr.ee,https://tr.ee/YLjnAI,https://i.pinimg.com/originals/e2/8c/80/e28c80259d4474c0c9721c0b7baaec91.jpg,736,1308,0,2026-08-16
2026-09-01,blusa cropped,4608800983209331840,68,2,0,"Top Feminina de Alça com Adorno de Flor 3D, Top Floral",br.shein.com,https://br.shein.com/ark/default?scene=1&test=5051&ad_type=DPA&goods_id=28152341&pf=PINTEREST&link_type=link&url_from=PINADSDPA&ismg=ff2c00844fa770bc24de060adc759ec357c44e2832c97f1a36def9d28ec73ad2_01_1788195874,https://i.pinimg.com/originals/74/c0/66/74c066db0578da87e7b1dc48b75f76c7.jpg,1340,1785,0,2026-02-08
2026-09-01,blusa cropped,457185799649076918,69,4519,0,"What: Kimono style crop topPrice: Rs.11,500Where to buy: Turquoise & Gold.com",idiva.com,http://idiva.com/photogallery-style-beauty/dare-to-bare-with-sexy-summer-crop-tops/28972,https://i.pinimg.com/originals/ca/53/85/ca5385a23d5ee0ddaa98b55a4469751b.jpg,450,600,0,2015-05-20
2026-09-01,blusa cropped,1108589264552069727,70,1,0,Kit 3 blusa cropped manga morcego,s.shopee.com.br,https://s.shopee.com.br/3B6MvgWxGx?channel_type=pinterest,https://i.pinimg.com/originals/fb/ec/77/fbec778d5a2afada2ffa2cc86a647103.jpg,1080,1920,0,2026-08-05
2026-09-01,blusa cropped,484207397445696251,71,1471,0,Outfits que te harán florecer esta primavera,eslamoda.com,https://eslamoda.com/outfits-que-te-haran-florecer-esta-primavera,https://i.pinimg.com/originals/3c/a9/d0/3ca9d032a00ccaabc67d1211d5bbf6b0.jpg,564,705,0,2021-03-23
2026-09-01,blusa cropped,921126930005137749,72,18,0,Outfit,,,https://i.pinimg.com/originals/18/ec/50/18ec5027aad97fbf4a98a879dc3f8ca9.jpg,564,705,0,2021-03-10
2026-09-01,blusa cropped,332070172546865817,73,68,0,,,,https://i.pinimg.com/originals/92/2c/78/922c7890646970e8a4ae6db1c96ba52c.jpg,1080,1350,0,2026-08-01
2026-09-01,blusa cropped,324329610665757202,74,2562,0,"Secrets For Healthy, Strong Hair | Want more? Follow | Pinterest | @DynashMarie | •❁• | Instagram| @Dynash | SuccessfulMess.com",,,https://i.pinimg.com/originals/84/e3/af/84e3af81036b455082422700e1537cb4.jpg,290,515,0,2019-07-17
2026-09-01,organizacao de geladeira,AdqvnkAlrcl12z6C7jh3vEWT9ViGnGSR61Nc0aKbwFOLAOuCq8KvbIWLSWNA0UsVb-InTXo_qWJZAPhaHyJOu5w,2,17,0,"I didn’t hate my fridge because it was messy. I hated it because it was inefficient. This setup fixed that. Clear zones. Easy access. No digging, no forgotten food in the back, and way less mental loa",instagram.com,https://www.instagram.com/reel/DTQF9BnEQ2a/,https://i.pinimg.com/originals/79/0e/8c/790e8ca3a435292800e288c2a0542035.jpg,1152,2048,1,2026-01-09
2026-09-01,organizacao de geladeira,665125438766880317,3,121,0,Luxury Fridge Organization Ideas,,,https://i.pinimg.com/originals/25/53/51/255351f41b9995b39802dcfb7adc1371.png,1024,1536,0,2026-07-17
2026-09-01,organizacao de geladeira,AfTmrvst4-8e8bk2q0lYHkW4vvq_oDUKK9OsoJ5X4BTqXMIB0cUrJlXrn562oth5_6oImRDdykAxDCX9257iB8w,4,3,0,Refrigerator Organization,amzlink.to,https://amzlink.to/az0jpieIk2fBj,https://i.pinimg.com/originals/fd/93/da/fd93dadf1fddd987184d2de98ecb761a.png,1000,1500,0,2026-08-24
2026-09-01,organizacao de geladeira,AUIrafj6_7dh6cWZTolQ8bF7CC9qx1zHkinwFkyqUNtBcjboMye9u6t0bGZXayKcDB5E2KCIH5Qh7FD3rxBJ7NA,5,3,0,10-Pack Fridge Organizer,homedepot.com,https://www.homedepot.com/p/Numhew-10-Pack-Fridge-Organizer-Bins-with-Lids-for-Kitchen-Countertop-Cabinet-Fridge-Drinks-Fruits-Vegetable-Cereal-Z2B9B0Q4/340145677?cm_mmc=psoc-pinprg-%7Bcampaignid%7D-%7Badgroupid%7D,https://i.pinimg.com/originals/50/54/35/50543501eeb01429ce616eb7f39e5386.jpg,1000,1000,0,2025-12-20
2026-09-01,organizacao de geladeira,10907224094148280,6,2018,0,Fridge Organization Bins That Make Everything Easier to Find,amazon.com,https://www.amazon.com/dp/B0B9BDQTV9?tag=ordinly-20,https://i.pinimg.com/originals/d9/67/c2/d967c2ea97285f439a89c025d5f1d3e4.png,1000,1500,0,2026-08-17
2026-09-01,organizacao de geladeira,1032239177108466939,7,3613,0,dream fridge,,,https://i.pinimg.com/originals/4f/d8/5a/4fd85a3e5826b72b0dbaa4fd90b1bc45.png,954,1648,0,2026-05-14
2026-09-01,organizacao de geladeira,AaQwDczsh6FuhqTmE6m0toKeim68CORZwgGxt425OXbv-3nS4DElmnT60Lrzi2gNFMgxQzaSUItoK1yPQ6pv-v4,8,1,0,14 Pack Fridge Organizers,wayfair.com,https://www.wayfair.com/Tianfukaimei--14-Pack-Fridge-Organizers-and-Storage-Refrigerator-Organizer-Bins-with-Lids-SDKB0CBX1PGD6-L831-K~CENQ1673.html,https://i.pinimg.com/originals/36/e9/b4/36e9b489a322398962c989cd7d88f958.jpg,400,400,0,2026-08-04
2026-09-01,organizacao de geladeira,1077627017104024161,9,11325,0,,,,https://i.pinimg.com/originals/74/4b/c3/744bc314c461120898847f86355b698d.jpg,736,1104,0,2025-01-09
2026-09-01,organizacao de geladeira,1087689747523779165,10,2461,0,,,,https://i.pinimg.com/originals/25/57/f0/2557f00881c339cd15cd117033764936.jpg,736,1092,0,2026-02-10
2026-09-01,organizacao de geladeira,840765824200477239,11,4249,0,Como organizar a casa: 50 dicas para todos os cômodos,dicasdemulher.com.br,https://www.dicasdemulher.com.br/como-organizar-a-casa/,https://i.pinimg.com/originals/aa/70/68/aa7068410c00cfd527426f5c27e2a7c4.jpg,750,938,0,2022-07-07
2026-09-01,organizacao de geladeira,642396334394127139,12,12,0,GELADEIRA ORGANIZADA,meli.la,https://meli.la/1ry4aid,https://i.pinimg.com/originals/55/59/78/555978ca37ff221dc50dabcbddd4a4f2.png,1024,1536,0,2026-06-19
2026-09-01,organizacao de geladeira,Ae7iz6f4ndSXQAuOra34EN4k9wdeiTA6YYfAoLPl7xeU9L5yzkWt5RJv_4TxpwG48TUqv8stGLjMcHMwv5NwqbU,13,24,0,1pc/2pcs Drawer-Style,us.shein.com,https://us.shein.com/ark/default?scene=1&test=5051&ad_type=DPA&goods_id=146307910&pf=PINTEREST&link_type=link&url_from=PINADSDPA&ismg=6af9a522c12680e79b4889de82af1ea4dc414cb81ee7cc83599b5f6b6f574bfe_01_1788107513,https://i.pinimg.com/originals/b1/1c/2c/b11c2cc831b94c7e811a8dcf9f354b9c.jpg,1340,1785,0,2026-04-13
2026-09-01,organizacao de geladeira,Adpp--CLBogHxSDjZdkC9rLFEBGf-xYpSfwzk6Db1-xEvsiAEHHMSdfXi3KtkgAZypqcFDIt52SHx9r3ffljrfk,14,0,0,KEMETHY 11 Pack,amazon.com,https://www.amazon.com/KEMETHY-Refrigerator-Organizers-Stackable-Containers/dp/B0DJR74QXF/ref=asc_df_B0DJR74QXF?hvdev=%7Bdevice%7D&hvcampaign=%7Bcampaignid%7D&hvadgroupid=%7Badgroupid%7D&hvprdptid=%7Bproduct_partition_id%7D&hvprdgrpid=%7Bpromoted_product_group_id%7D&hvcr=%7Bcreative_id%7D&hvadid=%7Badid%7D&hvprdid=%7Bproduct_id%7D&hvplc=%7Bplacement%7D&psc=1&tag=%7Bifnotmobile:ushpadpinde-20%7D%7B,https://i.pinimg.com/originals/fc/e3/ee/fce3eee73c06e6dc1ff8b3c254f23a5c.jpg,1200,1530,0,2026-06-04
2026-09-01,organizacao de geladeira,AVGaDUK5oRP81mvvsPhIexC5wU5UIwYOMtjVsk43um75dlASLbS6aa1lQ82wh3yu1rApWQ9qC0WUDtsUPiOwZDg,15,37,0,"LALASTAR Fridge Drawers,",amazon.com,https://www.amazon.com/LALASTAR-Stackable-Refrigerator-Containers-Organization/dp/B0CWKQ41F9/ref=asc_df_B0CWKQ41F9?hvdev=%7Bdevice%7D&hvcampaign=%7Bcampaignid%7D&hvadgroupid=%7Badgroupid%7D&hvprdptid=%7Bproduct_partition_id%7D&hvprdgrpid=%7Bpromoted_product_group_id%7D&hvcr=%7Bcreative_id%7D&hvadid=%7Badid%7D&hvprdid=%7Bproduct_id%7D&hvplc=%7Bplacement%7D&psc=1&tag=%7Bifnotmobile:ushpadpinde-20%7D,https://i.pinimg.com/originals/34/a0/83/34a08379dcd0347e8ec3e5fdd5acf48e.jpg,1600,1600,0,2026-04-17
2026-09-01,organizacao de geladeira,581738476912684012,16,580,0,,,,https://i.pinimg.com/originals/b9/3c/98/b93c988c06ca1d4f2e88e6a2bf87beaa.jpg,736,1349,0,2026-05-20
2026-09-01,organizacao de geladeira,AXiYLBcIppfqQymTEHPaw5Wohxu43kCcIptOtgJPMlAvLrIooYkmWb2piF1tPrnlCfvRM7cH9thzkN7xTOvgVdI,17,37,0,Amazon Kitchen,amzlink.to,https://amzlink.to/az0qicnNPEmXi,https://i.pinimg.com/originals/b9/c2/1d/b9c21dee25d8f1f94aff46a72183e3ee.jpg,1080,1920,1,2026-07-19
2026-09-01,organizacao de geladeira,873839133969917064,18,1820,0,,,,https://i.pinimg.com/originals/a2/c9/1c/a2c91c809c4f5296e57d185d2926dceb.jpg,1024,1536,0,2026-04-03
2026-09-01,organizacao de geladeira,1106970783433900016,19,709,0,Healthy Fridge Reset Ideas for Weight Loss & Clean Eating 🫐🥣,,,https://i.pinimg.com/originals/5d/86/09/5d8609be3aa3a05e49a085ddfffd87aa.jpg,939,1678,0,2026-05-29
2026-09-01,organizacao de geladeira,AbxidAvoscp4blzxAVNxgvY7pWNaT41mcWiNl9_bxozpVXhf1jtGk4P3QFmwNscqZtZ9fD1DvMoDxfhuITODlFY,20,2,0,YekouMax Pantry,amazon.com,https://www.amazon.com/YekouMax-Organization-Refrigerator-Organizer-Containers/dp/B09XCNXM26/ref=asc_df_B09XCNXM26?hvdev=%7Bdevice%7D&hvcampaign=%7Bcampaignid%7D&hvadgroupid=%7Badgroupid%7D&hvprdptid=%7Bproduct_partition_id%7D&hvprdgrpid=%7Bpromoted_product_group_id%7D&hvcr=%7Bcreative_id%7D&hvadid=%7Badid%7D&hvprdid=%7Bproduct_id%7D&hvplc=%7Bplacement%7D&psc=1&tag=%7Bifnotmobile:ushpadpinde-20%7D,https://i.pinimg.com/originals/cc/00/31/cc003106e3cdded3d245dba3bc5a0fd2.jpg,500,500,0,2026-03-22
2026-09-01,organizacao de geladeira,AdDbqSPLRGXcnYEF_4FpuLnrsy6xap4ZwnVRW2k7MATNxfD-P8V6OLA9ClQyyywYfZtHvESDP2qku4rKrbmV8iA,21,44,0,MineSign 9 Pack Stackable,amazon.com,https://www.amazon.com/MineSign-Stackable-Refrigerator-Containers-Organization/dp/B0C89QTV1F/ref=asc_df_B0C89QTV1F?hvdev=%7Bdevice%7D&hvcampaign=%7Bcampaignid%7D&hvadgroupid=%7Badgroupid%7D&hvprdptid=%7Bproduct_partition_id%7D&hvprdgrpid=%7Bpromoted_product_group_id%7D&hvcr=%7Bcreative_id%7D&hvadid=%7Badid%7D&hvprdid=%7Bproduct_id%7D&hvplc=%7Bplacement%7D&psc=1&tag=%7Bifnotmobile:ushpadpinde-20%7D,https://i.pinimg.com/originals/31/0f/e8/310fe8900ad4d44e6ae7d34cc8e0e10e.jpg,1600,1600,0,2026-05-18
2026-09-01,organizacao de geladeira,816277501256809679,22,1043,0,,,,https://i.pinimg.com/originals/a7/3f/d0/a73fd0d7298199c87f11720dafbfe26e.jpg,1080,1920,0,2026-07-13
2026-09-01,organizacao de geladeira,AadL44oQnwYW46PsV_ihTBA6TIjCZyxpXoX7dPK-CGyxwjT6U3FWhRgvDnwxQ0QpF4z_IIGbceXzGeTSCueTGKs,23,1,0,3+3 FREE | FrigoBox –,maldaro.com,https://maldaro.com/products/frigobox?variant=52012826657096,https://i.pinimg.com/originals/a3/3c/85/a33c851a84caf37b62d55ad5f5aca6c4.png,800,800,0,2026-05-29
2026-09-01,organizacao de geladeira,1124211125769270034,24,216,0,Beautiful Fridge Organization Ideas | Butter Yellow & Mint Green Kitchen,,,https://i.pinimg.com/originals/38/de/6f/38de6fa54c5df559a2aae01bd9c12bf1.png,1024,1536,0,2026-07-24
2026-09-01,organizacao de geladeira,AW5d9NF-e5AUuXLmlWOV-LiIdIZLT-FGOXSrv4kzmNhcIDU4ECeHQhCEAZd6glEwAQDExetevt4T8Eum6Ecd3Lc,25,1,0,Expandable Fridge Storage,7catbox.com,https://7catbox.com/products/fridgex-expandable-fridge-storage-box?variant=52810942939454,https://i.pinimg.com/originals/50/16/9a/50169af12b35fcd231295de78142381f.jpg,800,800,0,2025-12-31
2026-09-01,organizacao de geladeira,AczXdYCViesZdZY-bGkFLgeoMnxHYeP0b4UoGZ_fVS49p0zI1QiVIcxAoKkyGRc21_vkuiK6l_OBYfE00PTtXr0,26,1,0,Adjustable Snap-Close,temu.com,https://www.temu.com/ul/kuiper/un3.html?subj=dpa-un&_bg_fs=1&_p_jump_id=1082&_x_vst_scene=adg&goods_id=601101109313402&adg_ctx=a-058aa128~c-55d00e61&_p_rfs=1&_x_ads_channel=pinterest&_x_ads_creative_id=%7Bproduct_partition_id%7D&_x_ads_id=%7Badgroupid%7D&_x_ads_set=%7Bcampaignid%7D&_x_ads_sub_channel=shopping&_x_ns_catalog_id=1567707391772&_x_ns_creative=%7Badid%7D&_x_ns_gid=601101109313402&_x_ns_,https://i.pinimg.com/originals/9f/81/bd/9f81bd2efa5958041289e0edb0edcc9e.jpg,1600,1600,0,2026-01-15
2026-09-01,organizacao de geladeira,ARa76rJ6q39DDvbd64qffKafSuvZT7BiooUITajsDywu0hH0zHd0Vm4LCifPQqZK0a3ricGsMXSWQL-TUAanyog,27,1,0,Real Simple Gray Produce,athome.com,https://www.athome.com/real-simple-grey-produce-fridge-storage-with-date-marker-lid-7l/125025153.html,https://i.pinimg.com/originals/41/f1/c2/41f1c26ef0a7e1286785db45a410ffe9.jpg,1000,1500,0,2026-07-22
2026-09-01,organizacao de geladeira,1124281494496653828,28,2515,0,Cozy Fridge Organization Ideas 🧊 |Amazon Kitchen Finds,,,https://i.pinimg.com/originals/23/7d/06/237d06392b7192a5d921c49a0a05182e.png,1024,1536,0,2026-05-12
2026-09-01,organizacao de geladeira,591308626102246402,29,1165,0,,,,https://i.pinimg.com/originals/a2/fd/8e/a2fd8e90a56535ade86f0a37109e212e.jpg,736,1308,0,2023-09-30
2026-09-01,organizacao de geladeira,AezPjWyvzhq_tryMN05NRmguzJogPH_rxCdbSShS2sMs6CQkPKlxLmF-TubVDEBgS-U7SNHFHKlM7tKiclarESE,30,70,0,The Home Edit Divided,containerstore.com,https://www.containerstore.com/s/kitchen/food-storage/the-home-edit-divided-fridge-drawer/12d?productId=11012909&country=US&currency=USD&skuId=10080430,https://i.pinimg.com/originals/a9/61/37/a96137cc545190b4ac5936b08f8f7025.jpg,1159,1578,0,2022-08-05
2026-09-01,organizacao de geladeira,AZmjRnrhwNO1sozyQLV-gasKDTnS0G7x3HC6J_VzdgcsQ9i5dCgcF3uxtmZhxgz9Rr5EPTh_wsnIKh43jYPcgPQ,31,1,0,Temu | 4pcs Refrigerator,temu.com,https://www.temu.com/ul/kuiper/un3.html?subj=dpa-un&_bg_fs=1&_p_jump_id=1082&_x_vst_scene=adg&goods_id=605564499239650&adg_ctx=a-c31182d5~c-2c73fc0a&_p_rfs=1&_x_ads_channel=pinterest&_x_ads_creative_id=%7Bproduct_partition_id%7D&_x_ads_id=%7Badgroupid%7D&_x_ads_set=%7Bcampaignid%7D&_x_ads_sub_channel=shopping&_x_ns_catalog_id=1567707391772&_x_ns_creative=%7Badid%7D&_x_ns_gid=605564499239650&_x_ns_,https://i.pinimg.com/originals/17/19/b0/1719b0eb41b1704f01da5154bea682aa.jpg,2560,2560,0,2026-07-18
2026-09-01,organizacao de geladeira,AZic3VuQ5HCW-zTYtNEJLaLXtQo4MQO_q5wQVESXWDISPn7jkuEn_Nt47t62JNgl-sKYtCez86XndyvfoTVWEmE,32,0,0,"Get So Much More from your refrigerator with Zero Clearance™ Hinges that offer a sleek look, a Tall Ice & Water Dispenser for everyday ease and three types of ice—including LG’s exclusive Craft Ice™—f",lg.com,https://www.lg.com/us/zero-clearance-refrigerator?utm_source=pinterest&utm_medium=paid-social&utm_campaign=lg_2026_hs_xhs_awareness_traffic_paid-social_pinterest_kitchen&utm_content=hs_all_plp_04-01-26_12-31-26_awareness_lg-kitchen-smm-ref-15s_other_lifestyle_video_na_16x9_15s_mix_x&utm_term=hs_xhs_prospecting_us_interest_lifestyle_en_all_mix_x,https://i.pinimg.com/originals/7f/bc/b7/7fbcb7bc909532ec86381f65ad6c0ee9.jpg,1080,1920,1,2026-03-31
2026-09-01,organizacao de geladeira,844493676666298,33,1114,0,,,,https://i.pinimg.com/originals/77/6c/f4/776cf45d27b9360384e7d8d4a855adf1.jpg,735,1101,0,2026-04-27
2026-09-01,organizacao de geladeira,AeDH9_AqJJmu1ko6hYAdLTW5FQ_eum1zXIScPwmfXJ7ZNuAy6ZurmcDNhKHgIVlyfRx50RrHq7F1ya_EUYZuhrg,34,1,0,SORBUS 6-Piece,nordstromrack.com,https://www.nordstromrack.com/s/6-piece-refrigerator-freezer-organizer-bins/6038796,https://i.pinimg.com/originals/41/bc/74/41bc74785b388fb8e8bd0fb4cfdb6a1b.jpg,1200,1800,0,2026-06-07
2026-09-01,organizacao de geladeira,24980972930537701,35,549,0,,,,https://i.pinimg.com/originals/a0/8d/ba/a08dba64e80c306d0a5d206925c50b55.jpg,1024,1536,0,2026-08-12
2026-09-01,organizacao de geladeira,AaeSQcFXwrDGEzDLLDenYR8NhaEz_P5CaHSS3IjWWZleMcdAZSro5JuZ87GbQu2YtLISSk1usSv3nyPeTMJh8vg,36,0,0,Transparent Storage Boxes,vela-avenue.com,https://vela-avenue.com/products/transparent-storage-boxes-for-the-fridge-4-pieces-cool-organize?variant=56530330517844&utm_source=multifeeds&utm_medium=organic&utm_campaign=Multifeeds&utm_content=Transparent%20Storage%20Boxes%20for%20the%20Fridge%20(4%20Pieces)%20-%20CoolOrganize,https://i.pinimg.com/originals/3e/95/f6/3e95f6edbdfa1310f4a70f168725b482.jpg,1080,1242,0,2026-07-22
2026-09-01,organizacao de geladeira,596375175703506911,37,2,0,Ideia de organização de geladeira com potes herméticos transparentes,aiboosterhub.com,https://aiboosterhub.com/foxuseKT31060repinter,https://i.pinimg.com/originals/55/dc/19/55dc196e36163f2769eefa62d5f30d58.jpg,736,1106,0,2026-08-12
2026-09-01,organizacao de geladeira,1128714725387655524,38,2116,0,,,,https://i.pinimg.com/originals/79/ea/4d/79ea4dcadb83e9f74d0463afc5a91a42.jpg,1242,1527,0,2026-07-19
2026-09-01,organizacao de geladeira,785596728775398515,39,65,0,,,,https://i.pinimg.com/originals/79/1a/b2/791ab28d0b538099ee76476251c2da76.jpg,720,960,0,2022-07-12
2026-09-01,organizacao de geladeira,ATTN3fhnEI8aq980XHvxWlxx9H2S4UxoXlGbY7eKMqiKJslZx5g3VuEzKharsDGNBC0RttEqpRiUGCkr3XUyZuE,40,0,0,Temu | 6pcs(3pcs Boxs +,temu.com,https://www.temu.com/ul/kuiper/un3.html?subj=dpa-un&_bg_fs=1&_p_jump_id=1082&_x_vst_scene=adg&goods_id=601103831978044&adg_ctx=a-0c9d815b~c-a0488ac7&_p_rfs=1&_x_ads_channel=pinterest&_x_ads_creative_id=%7Bproduct_partition_id%7D&_x_ads_id=%7Badgroupid%7D&_x_ads_set=%7Bcampaignid%7D&_x_ads_sub_channel=shopping&_x_ns_catalog_id=1567707391772&_x_ns_creative=%7Badid%7D&_x_ns_gid=601103831978044&_x_ns_,https://i.pinimg.com/originals/b5/d5/7c/b5d57cb341bb834e5781bc003f045da4.jpg,2560,2560,0,2026-08-19
2026-09-01,organizacao de geladeira,974536806889349803,41,811,0,,,,https://i.pinimg.com/originals/a8/7a/cf/a87acf4b751567695b2388819630953a.jpg,736,1104,0,2026-06-01
2026-09-01,organizacao de geladeira,ATvX3gz9hEBcYMk1DQ6o2BbJuchH0uaT5h57U1kq0_zkfOKPrWaX2T98QuNDQWVXr_MWM7snyB1kUrRdaDUU3vQ,42,1,0,"Temu | 1-pack/2-pack,",temu.com,https://www.temu.com/ul/kuiper/un3.html?subj=dpa-un&_bg_fs=1&_p_jump_id=1082&_x_vst_scene=adg&goods_id=601099577961440&adg_ctx=a-9895a5b9~c-ec5790a4&_p_rfs=1&_x_ads_channel=pinterest&_x_ads_creative_id=%7Bproduct_partition_id%7D&_x_ads_id=%7Badgroupid%7D&_x_ads_set=%7Bcampaignid%7D&_x_ads_sub_channel=shopping&_x_ns_catalog_id=1567707391772&_x_ns_creative=%7Badid%7D&_x_ns_gid=601099577961440&_x_ns_,https://i.pinimg.com/originals/31/bd/c4/31bdc4f9d97cd9b833a8959e281a3c08.jpg,2000,3000,0,2026-08-15
2026-09-01,organizacao de geladeira,1116470563900189770,43,267,0,Fridge Organization Hack You Need,beacons.ai,https://beacons.ai/zee.effortlessliving,https://i.pinimg.com/originals/f7/c4/bb/f7c4bb213fcdd236f71130129d36de4b.png,715,1271,0,2026-04-03
2026-09-01,organizacao de geladeira,AcqF-y5jntoogKtduTz0Ua_uPGL_uOZI3y_Iqb4ZSTIEEY1KcdSY87hnBkBZMD2sRTeQ6f7VVa5qoXeQ2UJAzJ0,44,0,0,Adjustable Fridge,bestjas.com,https://bestjas.com/products/adjustable-fridge-organizer-divider?variant=48116984840451,https://i.pinimg.com/originals/47/b1/b8/47b1b864f47e5f2ae18b2a20d0548a6d.jpg,800,800,0,2026-08-04
2026-09-01,organizacao de geladeira,1138988562035694402,45,1235,0,,,,https://i.pinimg.com/originals/69/4f/e7/694fe7db08afbe483d700d879e622ef0.png,1024,1536,0,2026-01-31
2026-09-01,organizacao de geladeira,AYay83FVI5x5lxgvzXdl9SlQy9iNCHhJSJtu5nieZ2ZOLMAqcq_wY9U3h4gmMwWZ2J3RTfeXEw8qrK3qWz38P3g,46,1,0,2 Pack Retractable,inspireuplift.com,https://www.inspireuplift.com/2-pack-retractable-refrigerator-hanging-drawer-organizer-pull-out-fridge-storage/iu/21885679?variant=477144553,https://i.pinimg.com/originals/a0/44/cc/a044cc4cba812a264430d388182ee15a.png,481,510,0,2026-07-10
2026-09-01,organizacao de geladeira,776237685825054712,47,6232,0,Мой холодильник,,,https://i.pinimg.com/originals/cb/ba/d2/cbbad21ba14821211e1eeeb79bc78948.jpg,960,1280,0,2026-05-23
2026-09-01,organizacao de geladeira,AZkuEdfEegqJqQ5fPOdHpqmRDk7DF563xlxU_ZPVN5G9r4QWI2cA8ToMIROm9iBma53-Bq336YQfatocLGnRLso,48,82,0,Fridge & Pantry,target.com,https://www.target.com/c/kitchen-storage-dining/-/N-5xtr6,https://i.pinimg.com/originals/76/9d/aa/769daaf4aa4c9fa1d00a01e6050080a1.jpg,600,1066,1,2021-08-26
2026-09-01,organizacao de geladeira,678706606390585627,49,25,0,Antes e Depois: Uma Geladeira Organizada Faz Toda a Diferença,,,https://i.pinimg.com/originals/4f/d7/df/4fd7dfc09d51d2ae6d8a3f6f2046a1ac.png,1024,1536,0,2026-08-16
2026-09-01,organizacao de geladeira,1128714725390045403,50,57,0,Fridge Organization Hacks for a Clean,,,https://i.pinimg.com/originals/7b/cf/e4/7bcfe4c3c947e01e438787ad36675473.png,887,1774,0,2026-08-18
2026-09-01,organizacao de geladeira,Ad5_9sxSTuTdH7lA21My9QfWPXmZ5HIgs03xxOX0GPn8hAP29nKptKhEpQw5ERIJN-KMRs78cvyu3uA4qtXluec,51,1,0,Find the right appliance,lowes.com,https://www.lowes.com/c/Appliances,https://i.pinimg.com/originals/87/bf/d9/87bfd9f25cc13cd9dcf8a5e40acecc58.jpg,1000,1500,0,2026-01-16
2026-09-01,organizacao de geladeira,Aec07MxxliwSOtxHRvY2Qps-7lm2QdnS1_RJTcVO3Px5XDbpEN8kAM8v2d0opADjdjk4hECb7oK_IXZowCtHOec,52,1,0,Amazon Fridge,amzlink.to,https://amzlink.to/az0jpieIk2fBj,https://i.pinimg.com/originals/ec/10/71/ec10710cdc14cc6e29a0eae0c16cd6a4.png,1000,1500,0,2026-08-24
2026-09-01,organizacao de geladeira,AXyzVVSfkZMMfJ3vvuNGfP4uBbW4VLXzrFDsfw1IcU8RvJRHVKghMDj6tIrnpYZvJz8EBvmwB5PQDFDENO-J260,53,110,0,Amazon Kitchen Storage,amzlink.to,https://amzlink.to/az0qicnNPEmXi,https://i.pinimg.com/originals/ee/c9/ff/eec9ffcc3b085b60fc67d89b6358abb2.png,1000,1500,0,2026-06-24
2026-09-01,organizacao de geladeira,536209899407051472,54,967,0,fridge organization,,,https://i.pinimg.com/originals/fa/c1/f3/fac1f3c7fc993c2060cdeceee9dcb78a.png,1023,1537,0,2026-06-12
2026-09-01,organizacao de geladeira,Af2ScPZtfQXFzi_1ohOZSuNVHknsWv3v6E0FI1LIlnRbx_OpABl2t0Op0ie45wTFrg9S3reoXjsV9YyrRFHbnc8,55,1,0,Homewood Suites by Hilton,expedia.com,https://www.expedia.com/Hotel-Search?destination=Gainesville&selected=1312672&startDate=2026-09-29&endDate=2026-09-30,https://i.pinimg.com/originals/f8/61/14/f861142c29f4e717920fb00316950cd3.jpg,1000,1500,0,2026-06-10
2026-09-01,organizacao de geladeira,20688479532286196,56,1381,0,Carne,,,https://i.pinimg.com/originals/9e/12/86/9e12862245328bd1d9d5f93ae6e57237.jpg,736,920,0,2025-03-03
2026-09-01,organizacao de geladeira,AR8zgjF6g9b-AeSqtJ6ymN_0jjD_tPPHD20D_hir5QtSre_mRUoLajqhHDZeFFGb8MVYJMedk2TETQPbSyUeVX4,57,5,0,True Residential True 24,bbqguys.com,https://www.bbqguys.com/i/3167443/true-residential/24-inch-5-6-cu-ft-right-hinge-glass-door-outdoor-refrigerator-stainless-steel-tur-24-r-sg-c,https://i.pinimg.com/originals/15/a2/ac/15a2acc535acb13fea73ac2d089de394.jpg,609,913,0,2024-06-14
2026-09-01,organizacao de geladeira,ARBUVvzrKGkEGUrzKe_2WXZa9jS4PyJX-B0PObJdCGIZOo_i99HB3pj9XRk4QGv3xWAMCsHoXtpSr4yslIa3TAc,58,22,0,Modern Frameless High,buywholesalecabinets.com,https://buywholesalecabinets.com/kitchen-cabinets/frameless-high-gloss-gray-cabinets/,https://i.pinimg.com/originals/ab/20/77/ab2077914a5273d5ef07d5e05be95bfd.jpg,1000,1500,0,2025-01-17
2026-09-01,organizacao de geladeira,883620389413093618,59,4478,0,Grab-and-Go Healthy Fridge Zones | Smart Family Organisation 2026,,,https://i.pinimg.com/originals/0d/b3/89/0db38928451ccd1ef0c9cb3554e76189.png,1536,2569,0,2026-03-07
2026-09-01,organizacao de geladeira,AdkIQyuKpGt71Lf_mnb9CZ39yi5wH2GMwc9jFVWeSXZl0ddVEJx7lu32H2yrRuW8rtv3LrZJ67vlBVMJmbl4oGM,60,1,0,Bold Cement is Served,ziatile.com,https://ziatile.com/collections/cement-tile?nbt=nb:pinterest::%7Bcampaignid%7D:%7Badgroupid%7D:%7Badid%7D&nb_kwd=%7Bkeyword%7D&nb_device=%7Bdevice%7D&nb_platform=pinterest&nb_pn=%7Bproduct_name%7D&nb_ppgid=%7Bpromoted_product_group_id%7D&nb_pid=%7Bproduct_id%7D&nb_ppid=%7Bproduct_partition_id%7D&utm_medium=paid&utm_source=pinterest&utm_campaign=%7Bcampaign_name%7D&utm_term=%7Badgroup_name%7D?nbt=n,https://i.pinimg.com/originals/21/78/83/217883ca691d4b3ae700a40a1e237d15.jpg,1080,1620,0,2026-08-04
2026-09-01,organizacao de geladeira,AfBBUpRa6jU7T3baTdhg0Qgq4xEcYs_3jc1UWEhU4pcg0bVL8siFaHinWnJEz1zE0VR5KIo84L_zhppjXV6E-3o,61,7639,0,Our best deals on ILVE,homeoutletdirect.com,https://homeoutletdirect.com/,https://i.pinimg.com/originals/15/b0/86/15b086b8f45fd142eb88aa24703eaf14.jpg,2000,3000,0,2023-09-03
2026-09-01,organizacao de geladeira,6966574421945155,62,255,0,Fridge Organization Ideas – Clear Bins & Stackable Storage for a Clutter‑Free Kitchen,amazon.com,https://www.amazon.com/shop/influencer-b6afdfbb/list/1A1AU1FHEZIP?ref_=aipsflist,https://i.pinimg.com/originals/7f/9e/c1/7f9ec19fbebed0e167efe522d944836c.png,3072,4608,0,2026-07-19
2026-09-01,organizacao de geladeira,1020487596829205654,63,2,0,Organizador de Geladeira com Tampa – Alimentos Frescos por Mais Tempo,mercadolivre.com,https://mercadolivre.com/sec/1M63hrz,https://i.pinimg.com/originals/e3/64/63/e3646321289baa26e94b62e612150188.png,1000,1500,0,2026-01-21
2026-09-01,organizacao de geladeira,AWvF7AeWYrnRdVxM8HbphyhtoAfbpehMCwMLZjGKagiDDGaq9T77mi6zMEP9JdshlU9loIawggxpgo_0_qxr5ks,64,136,0,Amazon Fridge,amzlink.to,https://amzlink.to/az0I6c1zcE0RB,https://i.pinimg.com/originals/d8/69/9e/d8699e35bfc7bdfe09cfb3d9e4a45966.jpg,1080,1920,1,2026-07-18
2026-09-01,organizacao de geladeira,1096274734324585336,65,1,0,Organizador transparente para geladeira pequena,s.shopee.com.br,https://s.shopee.com.br/60QiVOboXD?channel_type=pinterest,https://i.pinimg.com/originals/ee/c4/d8/eec4d864bf2abfa0de47a7eaec35ad71.png,1024,1536,0,2026-08-12
2026-09-01,organizacao de geladeira,2674081026760393,66,4780,0,🫧,,,https://i.pinimg.com/originals/bc/4c/08/bc4c08f71d3824bba0c47fa5e453a836.jpg,1080,1920,0,2026-08-21
2026-09-01,organizacao de geladeira,820429257153974598,67,3531,0,,,,https://i.pinimg.com/originals/35/f0/a1/35f0a1119ab235f480af645f24b2bfae.jpg,736,981,0,2024-12-16
2026-09-01,organizacao de geladeira,1078682548265080155,68,2954,0,Fridge Organization Hacks for a Clean & Efficient Kitchen 🥗❄️,amazon.com,https://www.amazon.com/shop/sixberfashiontrends/list/19TEJ88J7Y6Q5?ref_=aipsflist,https://i.pinimg.com/originals/5c/5c/69/5c5c697cdfc99572411510fc0f9541ae.jpg,747,1024,0,2026-01-15
2026-09-01,organizacao de geladeira,1130825787714635278,69,297,0,,,,https://i.pinimg.com/originals/7f/86/ad/7f86ad9bb840e6f4c70e505005f8dadf.jpg,695,1244,0,2026-07-28
2026-09-01,organizacao de geladeira,1099230221585370013,70,3,0,Como organizar a geladeira e conservar mais ✨,link.amazon,https://link.amazon/B0dSBzMeX,https://i.pinimg.com/originals/5a/d9/16/5ad916ee53927c4d9248ccabfb283a69.jpg,843,1054,0,2026-08-14
2026-09-01,organizacao de geladeira,1140325568178598931,71,3,0,Fridge Reset for a Productive Week,,,https://i.pinimg.com/originals/a0/0d/5b/a00d5bedc98aef02ae88c93af5ac6c75.jpg,735,1099,0,2026-08-16
2026-09-01,organizacao de geladeira,1059190406129738049,72,48,0,ANTES E DEPOIS: Sua Geladeira Nunca Mais Será a Mesma,,,https://i.pinimg.com/originals/f7/e6/dc/f7e6dc7927b13745510876ba3caa3a1d.jpg,768,1365,0,2026-04-06
2026-09-01,organizacao de geladeira,2392606049361531,73,823,0,حلم كل فتاة,,,https://i.pinimg.com/originals/c4/ff/23/c4ff2390c8c09595d61b0e6fe51f4578.jpg,899,1536,0,2026-07-29
2026-09-01,organizacao de geladeira,56717276553475720,74,332,0,,,,https://i.pinimg.com/originals/18/42/66/184266e30f789b1a0e9f6a006f21da36.jpg,1024,1536,0,2026-05-17
2026-09-01,organizacao de geladeira,38210296835857820,75,176,0,Cómo organizar tus comidas semanales en el refrigerador,,,https://i.pinimg.com/originals/dd/36/94/dd369423f128002951a29e1919b81477.jpg,1242,1856,0,2026-07-04
2026-09-01,organizacao de armario pequeno,385691155611821184,2,1648,0,Guarda roupa,,,https://i.pinimg.com/originals/5d/e3/e3/5de3e3ac70b29ce86fd9c77ab59b1a08.jpg,1080,1920,0,2026-06-02
2026-09-01,organizacao de armario pequeno,ATBQa2Kt22eGKEw4WY03IXbAJFe35S5ajoanZgnY2m1FO1O866thYe7j-qCQkiyTq53QoqkG6z8owIdUNUsOiYc,3,823,0,Amazon Closet,amzlink.to,https://amzlink.to/az0Zr8WhocscL,https://i.pinimg.com/originals/c9/67/bb/c967bbb6c8f53f14839643056568ef7c.png,1000,1500,0,2026-03-18
2026-09-01,organizacao de armario pequeno,AXPi6b-98y39lS_SaVU-_6ror6HNk104nZD6CJWatVROXSSV9iodiaoFw2Zgxu9pzJp37tFGSHZ357m1gLlGfSk,4,33,0,Aesthetic Amazon,amzlink.to,https://amzlink.to/az0f11WQVn2Ig,https://i.pinimg.com/originals/aa/cd/ef/aacdef0b44f4d19c5d8f8aa940f8287c.png,1000,1500,0,2026-06-29
2026-09-01,organizacao de armario pequeno,1083186147905013188,5,6,0,Como Organizar o Guarda-Roupa e Ganhar Muito Mais Espaço,meli.la,https://meli.la/1aeutv5,https://i.pinimg.com/originals/e7/42/1d/e7421dad90e5816ad356838a8a850c5a.jpg,736,1104,0,2026-07-19
2026-09-01,organizacao de armario pequeno,AfFFjLCQTUqC7AXvInugrVLe49zSV6O1RT1B3PYVPMQUQktaTwwAxVsh-6H-zahxjGzIiLhj8Gfu31IZDs2xrew,6,2,0,The Amazon Closet,amzlink.to,https://amzlink.to/az0dsl4kwYcTE,https://i.pinimg.com/originals/3f/35/5e/3f355e629fea2856b155353653910f26.png,1000,1500,0,2026-08-10
2026-09-01,organizacao de armario pequeno,1125125919702203437,7,5125,0,,,,https://i.pinimg.com/originals/73/c6/35/73c635a68dbd2ade3c5eb0d2b271d1b2.png,941,1672,0,2026-07-15
2026-09-01,organizacao de armario pequeno,AejmVbF1J6UIjR_sH0cl9le3Cu8o3EPhxttNzQFYYbfsPgsKN-9A5M9ZF7oyz0vhk0f-uvC2fG0uJXRJsMLMlyc,8,5,0,Homieasy Adjustable 5-8ft,walmart.com,https://www.walmart.com/ip/Homieasy-96-Closet-Organizer-System-3-Hanging-Rods-8FT-Systems-Wall-Mount-Bedroom-Wardrobe-Wood-Drawers-Adjustable-Garment-Rack-5-8FT-White/13137269009?wmlspartner=wlpa&selectedSellerId=101253865,https://i.pinimg.com/originals/c9/6b/39/c96b390bc81872d25dc58becd9b97ea9.jpg,450,450,0,2026-08-10
2026-09-01,organizacao de armario pequeno,175781191702601168,9,3708,0,,,,https://i.pinimg.com/originals/90/59/69/90596918cdade199244071a555f6c347.png,1086,1448,0,2026-06-09
2026-09-01,organizacao de armario pequeno,AZb-qHN4WK1GOjUol-J1wKwQIRObTQRcxyRILGCFYaiWIARR9FfdFYosK8kM5wcgmTCT0yokU3shdSClUwPFX0U,10,2,0,Homieasy 20.5 - 120'' W,walmart.com,https://www.walmart.com/ip/Homieasy-Closet-System-20-5-120-W-Organizer-System-5-Hanging-Rods-Shelving-Tower-Wooden-Walk-in-Wardrobe-Storage-White/19111624413?wmlspartner=wlpa&selectedSellerId=101253865,https://i.pinimg.com/originals/27/23/b6/2723b64241aa49eed3f390f9924a3173.jpg,450,450,0,2026-06-03
2026-09-01,organizacao de armario pequeno,AT6g-6IFo01VjdBN7jgmEA8ABUb_UTtnIN84YWgQ_fLtyNaOecIxE5uZpmo0PGqJSnORZANQ6kWK72d-JZ2CNVo,11,77,0,ShelfTrack 120.5 in. W,homedepot.com,https://www.homedepot.com/p/ClosetMaid-ShelfTrack-120-5-in-W-White-Reach-In-Wall-Mount-5-Shelf-Wire-Closet-System-Organizer-Kit-2091/206448546?cm_mmc=psoc-pinprg-%7Bcampaignid%7D-%7Badgroupid%7D,https://i.pinimg.com/originals/6f/89/a0/6f89a0458b18d4f4c4c485516dbda62f.jpg,1000,1000,0,2023-04-06
2026-09-01,organizacao de armario pequeno,939352434799072122,12,13976,0,Cleaning Closet: Clóset de Limpieza Organizado para Espacios Pequeños,,,https://i.pinimg.com/originals/37/f0/ad/37f0ad20a46d86876be14b06e30e3640.jpg,1242,1858,0,2026-07-20
2026-09-01,organizacao de armario pequeno,AVADbLuzNVsyezfPgRhGT8IVdnRZDe5D0kSlVnThmjeFlaLY5wg4iPjXV5BSe2Vp5NEafekqW6olz_yllU5c4X8,13,1067,0,No-reno closet upgrade,amzlink.to,https://amzlink.to/az0rlOJ1Woljm,https://i.pinimg.com/originals/f3/88/71/f38871c5a220bfea49d2351bb9a16e8f.jpg,720,1280,1,2026-06-23
2026-09-01,organizacao de armario pequeno,AbUGWJZrZ7kaGFNND5OQ8L8NZWjvD1dL4-UxviwLMqdnsRTJcl9Hlpg0r2tc7D_GZV7mUf62j9GN_P5WdbA4PuY,14,0,0,Homieasy Adjustable,walmart.com,https://www.walmart.com/ip/Homieasy-Adjustable-Closet-Organizer-System-6-15Ft-8-Wooden-Drawers-Modular-Tower-Walk-In-Wardrobe-Storage-4-Hanging-Rods-Expandable-Garment-Rack-Whi/15929423555?wmlspartner=wlpa&selectedSellerId=101253865,https://i.pinimg.com/originals/35/7c/29/357c29e85a394fe4cd71498f7caf7060.jpg,450,457,0,2026-08-22
2026-09-01,organizacao de armario pequeno,1079034391991583794,15,2798,0,,,,https://i.pinimg.com/originals/e6/aa/a5/e6aaa59ce56ee54cfd8a0c02de37c30d.png,1086,1448,0,2026-06-28
2026-09-01,organizacao de armario pequeno,Af1vg6ngoSNmwSGD21f1aCcTT9lz4eRhg7fSN9v-TJOpO7adjiWMSsMNH6k2TQYJ6QkBY3kZ-Ifg6Cr9McJfX8s,16,0,0,"Freestanding 56.5"" Closet",walmart.com,https://www.walmart.com/ip/Freestanding-56-5-Inch-Closet-Organizer-System-4-Drawers-Homieasy-Corner-2-Rods-6-shelves-Walk-In-Closets-Bedroom-White/17348567081?wmlspartner=wlpa&selectedSellerId=101253865,https://i.pinimg.com/originals/0f/9d/68/0f9d683f686b4b42c07c804025a353d6.jpg,399,450,0,2026-08-10
2026-09-01,organizacao de armario pequeno,4611545371779218304,17,1721,0,30 Clever Bedroom Reach-in Closet Ideas for Better...,lostateminor.com,https://www.lostateminor.com/30-bedroom-reach-in-closet-ideas/,https://i.pinimg.com/originals/7a/3c/41/7a3c410431932c58673eacd2113aa9a7.jpg,720,964,0,2026-04-03
2026-09-01,organizacao de armario pequeno,AekWu4Pt-H1TsvXB_ivaJKC3RG6oVoaAkDMFbT4QhyVz0RZPqnuPPSM4awwxzDBEJHgFjY5JBc8xD9zNY1LIiYU,18,244,0,Amazon Closet,urlgeni.us,https://urlgeni.us/amzn/3aqm0o,https://i.pinimg.com/originals/4a/36/ec/4a36ece65f02c0a4daaffe56e62be0c9.png,1000,1500,0,2026-02-07
2026-09-01,organizacao de armario pequeno,AeJvuQ1VsN1UvsF8XgjS80LWMwV-uE9AcDF3VMjoM9KigxJDE4025-2vf8mL0gPXYmYxPjX3HYQ0C8yilaGNJeA,19,238,0,Walk in closet design,alicelaneinteriordesign.com,https://www.alicelaneinteriordesign.com/st-johns,https://i.pinimg.com/originals/b7/be/a8/b7bea82e5663190acd338c5f249bfa4d.jpg,3981,5971,0,2024-12-03
2026-09-01,organizacao de armario pequeno,3659243442048538,20,708,0,Cómo organizar un closet completo para sentir más calma visual,,,https://i.pinimg.com/originals/8b/e9/88/8be988400b06d4cbb0de675fa961f5bc.jpg,1242,1850,0,2026-06-21
2026-09-01,organizacao de armario pequeno,AVGwibGyyVPF5hiF6GATpa7a9ZRekiDbV0tCDnlIsGVhTLCzaGE4ojrKBg7TGHAU9xC8m-SPZwGtudTFo8JnbjU,21,1,0,Homieasy 20.2'' - 96'' W,walmart.com,https://www.walmart.com/ip/Homieasy-96-Inches-Closet-System-8FT-Walk-In-Organizer-3-Shelving-Towers-Heavy-Duty-Clothes-Rack-Drawers-Built-In-Garment-Rack-96-L-x-16-W-75-H-Max-L/3508617616?wmlspartner=wlpa&selectedSellerId=101253865,https://i.pinimg.com/originals/36/51/7e/36517e0be8d13d97cd5b6490799dd909.jpg,2000,2000,0,2026-08-27
2026-09-01,organizacao de armario pequeno,954622452287020548,22,12844,0,Idea de armario,,,https://i.pinimg.com/originals/4f/3b/bb/4f3bbbd63e8b41420386848ebc126b63.png,1086,1448,0,2026-06-29
2026-09-01,organizacao de armario pequeno,AS3x3OX0PGJHFWBuS3c2aL_-krW6wyKpiAAK03ASNcUM6pCZC-1WtV6D_wAu0qIva_zXtvYYQO8OaoZjwgTxcO4,23,0,0,Taimasi 5 Pack Stackable,walmart.com,https://www.walmart.com/ip/TAIMASI-5-Pack-Stackable-Closet-Storage-Basket-Multifunctional-Foldable-Organizer-Kitchen-Bathroom-Laundry-Room-Wardrobe-Storage-Space-Saving-Clothes/18642057273?wmlspartner=wlpa&selectedSellerId=101203282,https://i.pinimg.com/originals/ee/d0/0c/eed00c5342a29b1f390d985bb2f23dd7.jpg,430,450,0,2026-08-22
2026-09-01,organizacao de armario pequeno,351912467473287,24,2408,0,,,,https://i.pinimg.com/originals/39/e5/0f/39e50fde005063f06324c9a68d650ee7.jpg,1080,1441,0,2026-06-30
2026-09-01,organizacao de armario pequeno,AVCEs7yOwkUuVd_D96LHv2cyOn6B7xhQvqTFcOo2V3F7macGnS830lNDatvPJepSvLs1WKwMsHUAeLDjYm2e4B8,25,1,0,Temu | 3pcs Unikito,temu.com,https://www.temu.com/ul/kuiper/un3.html?subj=dpa-un&_bg_fs=1&_p_jump_id=1082&_x_vst_scene=adg&goods_id=605903399038480&adg_ctx=a-abc9a3c5~c-3578bfe9&_p_rfs=1&_x_ads_channel=pinterest&_x_ads_creative_id=%7Bproduct_partition_id%7D&_x_ads_id=%7Badgroupid%7D&_x_ads_set=%7Bcampaignid%7D&_x_ads_sub_channel=shopping&_x_ns_catalog_id=1567707391772&_x_ns_creative=%7Badid%7D&_x_ns_gid=605903399038480&_x_ns_,https://i.pinimg.com/originals/cb/eb/4a/cbeb4a12ec1fd1ea6ceb5fd0103195be.jpg,2000,3000,0,2026-07-19
2026-09-01,organizacao de armario pequeno,ASO221Iv_wFE5EsNGn7FpiRlpuR1WchLVdjJTr4Vr6dBDxl7FBnryCEXaXQWpTDtZNbP_P-o7z7qZXHQBlJDoQk,26,1,0,"57"" W Closet System with",wayfair.com,https://www.wayfair.com/Rebrilliant--57-W-Closet-System-with-Drawers-and-Hanging-Rods-X227542201-L6289-K~W116431190.html,https://i.pinimg.com/originals/a2/c9/6e/a2c96e13233780288370d8de9e1624c5.jpg,400,400,0,2026-08-12
2026-09-01,organizacao de armario pequeno,23855073023435737,27,385,0,,,,https://i.pinimg.com/originals/2f/d1/da/2fd1da6051ef2844fc901cdddb7dcbc7.jpg,736,1302,0,2026-08-03
2026-09-01,organizacao de armario pequeno,633387444632412,28,8112,0,,,,https://i.pinimg.com/originals/ea/48/1e/ea481e403116592c504e6a5692a0116a.jpg,1006,1379,0,2026-06-11
2026-09-01,organizacao de armario pequeno,14425661318852066,29,310,0,Minimal Closet Makeover • Over-the-Door Closet Cascaders You'll Love,,,https://i.pinimg.com/originals/0e/62/35/0e6235bab65d0de235d87b66fd658ff8.jpg,768,1365,0,2026-08-13
2026-09-01,organizacao de armario pequeno,385761524362050451,30,9,0,Small Closet Organization Ideas to Maximize Storage in Any Space,,,https://i.pinimg.com/originals/ba/f2/dc/baf2dc603bbf3e677ef4fcea25da8d31.png,941,1672,0,2026-08-17
2026-09-01,organizacao de armario pequeno,1133147956272038389,31,224,0,Small Closet Ideas for Apartments These closet storage essentials are perfect for studio ap...,tr.ee,https://tr.ee/1ax5C1?gadgets+design+car+kitchen,https://i.pinimg.com/originals/c2/69/aa/c269aa449684c8ce726b2b800214a88c.png,1024,1536,0,2026-07-25
2026-09-01,organizacao de armario pequeno,281543727163557,32,6848,0,Cleaning Cupboard Organisation Ideas for a Clutter-Free Home,,,https://i.pinimg.com/originals/37/8a/92/378a9229d94a98b29fda9768baab2657.png,1023,1537,0,2026-08-22
2026-09-01,organizacao de armario pequeno,ATYq-954dRmwSFRXiBUs8MLVraQv05Dl0sc144XYXYzt36pvtM3yTRranhT5PWjEk2bdv6PC90PQn-BuEPmTUxY,33,0,0,Homieasy 8FT (96 Inch),walmart.com,https://www.walmart.com/ip/Homieasy-8FT-96-Inch-Closet-Organizer-System-Set-of-4-12-Wood-Drawers-4-Hanging-Rods-4-Shelves-Heavy-Duty-Walk-in-Closet-Storage-White/16255061981?wmlspartner=wlpa&selectedSellerId=101253865,https://i.pinimg.com/originals/b8/95/90/b895901fc8b6bf849402f8b19f993365.jpg,1124,1260,0,2026-08-13
2026-09-01,organizacao de armario pequeno,841750986647647658,34,766,0,,,,https://i.pinimg.com/originals/61/4f/e9/614fe991dcf34469b85f5429fcf72c81.jpg,1080,1920,0,2026-03-23
2026-09-01,organizacao de armario pequeno,26740191533123859,35,463,0,Closet Organization Hacks That Actually Work,bloggingperspective.com,https://bloggingperspective.com/closet-organization-ideas-that-actually-make-a-huge-difference/,https://i.pinimg.com/originals/80/b0/4c/80b04cd28e2a0334fc96d851a9e9da3c.jpg,1000,1500,0,2026-08-16
2026-09-01,organizacao de armario pequeno,Aeg-f0qrjafEI0wKPizOIfMFcCFmc-Ox0LQcI-6XUu7I5-_78lNANQslI7f4QcyMgkUZDSNGCcuqIvlruySzYS4,36,69,0,10 Amazon Finds to,urlgeni.us,https://urlgeni.us/amazon/E9fXMf,https://i.pinimg.com/originals/a2/e6/7a/a2e67a2cbbf26ac70d153c4327fc5294.jpg,720,1280,1,2026-08-26
2026-09-01,organizacao de armario pequeno,1196337405662046,37,333,0,Small Closet Organization,amazon.com,https://www.amazon.com/shop/sixberfashiontrends/list/34D13TM6HGE1O?ref_=aipsflist,https://i.pinimg.com/originals/d5/d9/b3/d5d9b3c2c57db01674b4237029212561.jpg,683,1024,0,2026-06-06
2026-09-01,organizacao de armario pequeno,ARhs6J28W7PDFzFGqQMhueED6FDmmeW2ym43r3SDeAmWiAM_iTqhlwS2PO0OY1VuNe_ioDLHpM1HP3IhO2RZETE,38,19,0,organizadores para guarda-roupa,s.shopee.com.br,https://s.shopee.com.br/3B4QuA4tUJ?pp=1&channel_type=pinterest,https://i.pinimg.com/originals/f8/91/ca/f891cab8a6ae5b74eabca83fcac6b25d.jpg,1024,1536,0,2026-06-25
2026-09-01,organizacao de armario pequeno,774124931878820,39,1970,0,Drawer Organization,,,https://i.pinimg.com/originals/ae/c7/2e/aec72e2dd35c685fddf906957873cd29.png,1024,1536,0,2026-07-12
2026-09-01,organizacao de armario pequeno,1970393584526484,40,3794,0,Perfect View for My Drawer,,,https://i.pinimg.com/originals/e1/1f/26/e11f2645b98b197896c3ed5a14a000a0.png,1024,1536,0,2026-06-29
2026-09-01,organizacao de armario pequeno,540572761538008233,41,9,0,Armário organizado.,fashionbubbles.com,https://www.fashionbubbles.com/decoracao-2/decoracao-para-esconder-a-bagunca/,https://i.pinimg.com/originals/66/3b/4b/663b4b4e3c391f7fa914125750fb6d52.jpg,563,906,0,2023-01-14
2026-09-01,organizacao de armario pequeno,157063105752654053,42,57,0,Top 17 Small Apartment Closet Organization Tips...,soliaavenue.com,https://soliaavenue.com/small-apartment-closet-organization-tips/,https://i.pinimg.com/originals/a7/e4/8f/a7e48f3d48e254db0ef6789cd08a9c6c.jpg,1024,1536,0,2026-08-13
2026-09-01,organizacao de armario pequeno,812336851590855082,43,2,0,Small Closet Organization Ideas That Maximize Every Inch,amazon.com,https://www.amazon.com/shop/influencer-e6744de0/list/FIJS9541YKPT?ccs_id=ef34b9e6-5ad8-46df-b1d7-7bf01ef7612d&linkCode=ll2&tag=aesthvine-20&linkId=5170dd761ba54c125ec8e6de8d81d28b&language=en_US&ref_=as_li_ss_tl,https://i.pinimg.com/originals/45/82/32/45823257ef2a1efe0da9bb0ff4b05ca7.jpg,1200,2133,0,2026-08-15
2026-09-01,organizacao de armario pequeno,1133288693760812476,44,748,0,Completely Organized Closet,,,https://i.pinimg.com/originals/0f/de/ce/0fdecea9cb77433cc209f4f607e2a85d.png,1024,1536,0,2026-05-24
2026-09-01,organizacao de armario pequeno,ASe9gWBhy-329DEHIJXZMaoJRZeDcWEohlfT32US2Dl7kvlxy8XWCwOWx094eJNjlUzm5K_7eArF5BdAgaTVU_0,45,0,0,Untimaty Portable Closet,walmart.com,https://www.walmart.com/ip/LZNIOZ-Portable-Closet-Wardrobe/19725352030?wmlspartner=wlpa&selectedSellerId=103032293,https://i.pinimg.com/originals/45/52/04/4552047170e8db5806d2d5061085d81f.jpg,396,450,0,2026-08-01
2026-09-01,organizacao de armario pequeno,439663982369328618,46,15374,0,,,,https://i.pinimg.com/originals/7a/b5/ab/7ab5ab3b067051f99427909c66c86e0e.jpg,750,874,0,2019-01-09
2026-09-01,organizacao de armario pequeno,AdXavV6UT_ZKPF48_CfvTaTQbBMqTHO4MVRA-8Zgw4PRBcyCWv6hhHNg49QoZxn20O3JDu9JoGsvpjc01xMsr0A,47,5,0,Eolstice Wardrobe Storage,walmart.com,https://www.walmart.com/ip/Eolstice-Wardrobe-Storage-Artifact-Clothes-Arrangement-Layered-Partition-Multi-layer-Shelf-Bedroom-Storage-Closet-Organizer-M/19366222339?wmlspartner=wlpa&selectedSellerId=102615147,https://i.pinimg.com/originals/b6/ff/ae/b6ffae661b2df6bf10f5b16613c654a1.jpg,450,450,0,2026-03-26
2026-09-01,organizacao de armario pequeno,1477812375599582,51,384,0,Luxury Dresser Drawer Organization Ideas | Elegant Closet Storage Inspiration,,,https://i.pinimg.com/originals/15/d1/a6/15d1a611a1876be98c3b9e20efc2e897.png,1024,1536,0,2026-08-16
2026-09-01,organizacao de armario pequeno,AW6la_V8bEEdhQWziEAPNNfexpqhOMMrKvwIxM4wGzlzGhyNPOAPrxCmCa5ltAK1TbQt9xU6VSSkc-F5RezplnE,52,758,0,Best Amazon Organization,amzlink.to,https://amzlink.to/az0dXHe4oFRhg,https://i.pinimg.com/originals/11/27/1a/11271ac6aaf91a5fcc8ab8471e860af3.jpg,1000,1500,1,2026-06-23
2026-09-01,organizacao de armario pequeno,Ae7RsPxMjUOmSoB_2TjcWDJWqVyzyjRjAVKLoQViW7yrnANt14QBGxtDesOowFrgcHxVi5d7gU78sGM_5GRR-0g,53,44,0,Amazon Closet,amzlink.to,https://amzlink.to/az0dsl4kwYcTE,https://i.pinimg.com/originals/0e/af/7f/0eaf7fbc9a17de64c558569a17c4bcf7.png,1000,1500,0,2026-08-10
2026-09-01,organizacao de armario pequeno,5488830793311291,54,172,0,Cómo organizar un closet pequeño de forma funcional y bonita,,,https://i.pinimg.com/originals/a3/10/37/a31037e80bf97ed6a511b3742439e574.jpg,1242,1860,0,2026-06-07
2026-09-01,organizacao de armario pequeno,AWWbc0neVBd2iFUfxNeGV8Gc_LfQ2nsyCPW3SEG4hURL4MQfTRueard-63CZCxjaAXGlCsw2s7Ramiqm0LJod94,55,0,0,Organized Living,dkhardware.com,https://www.dkhardware.com/organized-living-7313147211-freedomrail-6-ft-w-x-14-in-d-melamine-closet-shelf-white-product-8285763.html,https://i.pinimg.com/originals/38/a5/b4/38a5b4948d40e5a01a0ef493c41ad669.jpg,1063,1201,0,2026-06-30
2026-09-01,organizacao de armario pequeno,AaeMeGVX2NV85rpSyhoGnKCb3MyXDxsPMroU64OzEOkjpjXkU8-f5kfcQCoFLvtCw0xtVLxrD8axbH55KzrQF90,56,47,0,Temu | 20-pack,temu.com,https://www.temu.com/ul/kuiper/un3.html?subj=dpa-un&_bg_fs=1&_p_jump_id=1082&_x_vst_scene=adg&goods_id=601103782769019&adg_ctx=a-5cfb7803~c-0af31134&_p_rfs=1&_x_ads_channel=pinterest&_x_ads_creative_id=%7Bproduct_partition_id%7D&_x_ads_id=%7Badgroupid%7D&_x_ads_set=%7Bcampaignid%7D&_x_ads_sub_channel=shopping&_x_ns_catalog_id=1567707391772&_x_ns_creative=%7Badid%7D&_x_ns_product_id=17611541096984&,https://i.pinimg.com/originals/9d/65/eb/9d65eb5602f94a560b15966208f9a313.jpg,800,800,0,2026-04-01
2026-09-01,organizacao de armario pequeno,1062990318332646560,57,416,0,Минималистичный шкаф с открытым хранением для спальни,sirtomebel.ru,https://sirtomebel.ru/,https://i.pinimg.com/originals/ab/8b/8d/ab8b8dca85aa4c76cb78f6a414e1b130.jpg,1072,1920,0,2026-05-21
2026-09-01,organizacao de armario pequeno,AaiU5r82ehNCvnUO7q-4t7F5NmyoqCI9b99b01eiIKmLyCFtwXOaDTKEkxRK5z1u15r1Eot0cNJs3eFq16BzVfw,58,1,0,Shop College Living with,containerstore.com,https://www.containerstore.com/s/the-college-shop/1,https://i.pinimg.com/originals/45/21/0f/45210f26e2d4682beb330186e6dbd331.jpg,1000,1500,0,2026-07-29
2026-09-01,organizacao de armario pequeno,AWjX8Y5ekXBZSeV3XTMd5XDD41Jl8c68g5_ZB1kjbuzEHoLeAZixQc6Ec3jE5ShULIBKy-P6-7HTkhwY4pwGmRs,59,1,0,Temu 10-Pack Stackable,temu.com,https://www.temu.com/ul/kuiper/un3.html?subj=dpa-un&_bg_fs=1&_p_jump_id=1082&_x_vst_scene=adg&goods_id=601104500583341&adg_ctx=a-c34e6e21~c-579e0fc8&_p_rfs=1&_x_ads_channel=pinterest&_x_ads_creative_id=%7Bproduct_partition_id%7D&_x_ads_id=%7Badgroupid%7D&_x_ads_set=%7Bcampaignid%7D&_x_ads_sub_channel=shopping&_x_ns_catalog_id=1567707391772&_x_ns_creative=%7Badid%7D&_x_ns_gid=601104500583341&_x_ns_,https://i.pinimg.com/originals/a8/65/d2/a865d2506e63322a44d2ea059aa9e1cb.jpg,800,800,0,2026-06-15
2026-09-01,organizacao de armario pequeno,687361961895987957,60,4876,0,Dressing room,ikea.com,https://www.ikea.com/il/he/p/pax-wardrobe-combination-white-s29478181/,https://i.pinimg.com/originals/d1/e3/39/d1e339e5090a345cc5535a58123377cd.jpg,749,917,0,2022-09-04
2026-09-01,organizacao de armario pequeno,ATxVWfV8QDz_K6nHf6xs4LYxZ1YelHZHwRd3e_yf900vXIaPISicfYQ_UJxjTCAIUv27PYjyvuNuXyF9G4Gj_VA,61,17,0,The Bedroom Storage Rule,realestatespice.com,https://realestatespice.com/bedroom-rule-of-3-storage/,https://i.pinimg.com/originals/b9/0c/b3/b90cb37bbdf27b3d5d2185ee5962c8c6.webp,750,1550,0,2026-08-08
2026-09-01,organizacao de armario pequeno,AbniHnh03MlI1aJfp_nK4g45onvrWMksmsgvpqf7adN9bWeg85QAFRd8XWBfToGnWb8cn0g6x5E0L5YKbH-XlCQ,62,1,0,Find Your Perfect Dresser,go.roomandboard.com,https://go.roomandboard.com/fUCNdW,https://i.pinimg.com/originals/15/e2/d9/15e2d9be299a34a0bb256035fddfd27a.png,1000,1500,0,2024-11-26
2026-09-01,organizacao de armario pequeno,10485011627304973,63,6281,0,Organização de calças e roupas fitness,,,https://i.pinimg.com/originals/70/a4/31/70a43111bb5e3539be6ea46bee353cd6.jpg,1161,2064,0,2023-01-05
2026-09-01,organizacao de armario pequeno,ASVfMtaT_CKLY3GSHSvQxZYR8iMjR-EsU7-_aqolyE10FsGaj6mzzR-YgQ3vYFFCnnxaOy61RCithIDRL8r1VmU,64,39,0,Modern 3-Drawer Dresser -,plankandbeam.com,https://plankandbeam.com/products/modern-solid-wood-3-drawer-dresser?variant=44639593529506,https://i.pinimg.com/originals/79/0a/eb/790aeb09e84b85cb769c57377f1c1bd1.jpg,824,1200,0,2026-02-04
2026-09-01,organizacao de armario pequeno,AcGM0c_iZnoN-K-c12azdhzLPy48VVqltoEAQqshZHxfjnCkRNkU_rq_P4JC-9avQYDkwiIIpu_ndfEUjPmfuJc,65,2,0,Luxury Closet Details:,jewelrytraysdirect.com,https://jewelrytraysdirect.com/products/plain-tray?variant=50278126485809,https://i.pinimg.com/originals/9b/ed/29/9bed298c13cc16a2388848dc28ee8f55.jpg,1000,1500,0,2026-07-06
2026-09-01,organizacao de armario pequeno,556194622753750848,66,8505,0,,,,https://i.pinimg.com/originals/62/0c/f8/620cf82166dcac15becffeff65945d89.png,1086,1448,0,2026-05-16
2026-09-01,organizacao de armario pequeno,AfwU6ZO0ZNxbLHRp9kJInhS8gaeJNsvFM45CdjPZvKs73-Eza6rrz3mAYZx8QIPKcBCvCq8t4cmxo2NoeZ5y2aI,67,1,0,Put Your Design Skills to,designwithfriends.com,https://designwithfriends.com/,https://i.pinimg.com/originals/8e/9c/6c/8e9c6ca4b13201d7f182c719564b8570.jpg,1080,1920,1,2026-05-28
2026-09-01,organizacao de armario pequeno,ATG9j8gYTKE8_GItNCYGUA_P7m0NkfXDhZ6_9QZtUnJ0BLvrolXNYVk_Ya4nnDwx6sQcKzEbDMiskxcX_tx475I,68,7,0,See what @laurawgodfrey,target.com,https://www.target.com/p/13-75-34-x-6-34-x-6-34-small-rectangular-wire-natural-wood-handles-basket-white-brightroom-8482/-/A-83378216,https://i.pinimg.com/originals/7c/0a/5b/7c0a5b0c5a3b1ca09a50120e05c0ea79.jpg,1440,1800,0,2026-08-20
2026-09-01,organizacao de armario pequeno,337770040831579591,69,7,0,,,,https://i.pinimg.com/originals/8f/10/b2/8f10b221d7f9efc402a39fa4357e3b9f.png,941,1672,0,2026-08-18
2026-09-01,organizacao de armario pequeno,95138610874645262,70,19619,0,,i.pinimg.com,https://i.pinimg.com/736x/a0/bc/2a/a0bc2a01e7c1b34a1e309ddee9c9285e.jpg,https://i.pinimg.com/originals/9c/e6/84/9ce684dcb0d6d8962b7f72e29d3f5719.jpg,736,909,0,2026-08-07
2026-09-01,organizacao de armario pequeno,ASLgXDkh4mVmYEN3rbGXad7A6mqTwb35IMm37CXz0GV8sWicoBa9OErycNwh0_QNFLB7Xm1o3RO4iit70FzIxok,71,22,0,Amazon Dorm Idea,amzn.to,https://amzn.to/4wIVvN1,https://i.pinimg.com/originals/82/b3/1d/82b31d793072844287756d5998fbf6a0.jpg,1000,1500,0,2026-07-15
2026-09-01,organizacao de armario pequeno,34832597116699271,72,661,0,Como organizar seu armário,instagram.com,https://www.instagram.com/casailuminada.a/,https://i.pinimg.com/originals/07/1c/29/071c29a3e8ae8fcda506e9c6db5ce936.png,1024,1536,0,2026-07-03
2026-09-01,organizacao de armario pequeno,1055599909607226,73,1502,0,"👗 Chic Closet Decor Ideas for a Stylish, Aesthetic Space",,,https://i.pinimg.com/originals/d6/c5/67/d6c567108811c9db7ffbdaa33a25dcfe.png,736,1312,0,2026-07-26
2026-09-01,organizacao de armario pequeno,675540012832287546,74,789,0,*-*,,,https://i.pinimg.com/originals/17/5e/9c/175e9cb9d8669552ad3b9a0665ea09f1.jpg,564,720,0,2018-08-24
2026-09-01,decoracao quarto pequeno,AYPrpG2ZEIhIR9JetcAC0YbxfLiY_Q-zhDfpUkqyvoZMFqUDUUaQHQ98Bk_B6Mahk-7uOHUxhIO-9HvnAVsvMPY,2,47,0,Bundle auto and home,libertymutual.com,https://www.libertymutual.com/multi-online-quotes?selectedOpt=auto_home&cid=soc&cmpgncde=2405&keyCode=SMFCTC00&src=cm-dsoc-aut-pin,https://i.pinimg.com/originals/d2/ea/e2/d2eae2794ac9c7110ee749801c329255.jpg,1080,1620,1,2026-08-11
2026-09-01,decoracao quarto pequeno,68750329949,3,1795,0,Cozy Small Dream Bedroom Ideas ✨,,,https://i.pinimg.com/originals/91/81/82/918182e8c05eaa86585925cf6f1e0ec3.png,1024,1536,0,2026-08-17
2026-09-01,decoracao quarto pequeno,AQW221w7xBtw95ncdXOVGMx0ckzRgzG-JeFlhDmabGmm6lCMLud21Tyf-nr_rgpt5m4-dk0Cd7X1RyRyyeUhC_s,4,2,0,Have you had that,mattressfirm.com,https://www.mattressfirm.com/mattresses/5637147600.c?src=finance,https://i.pinimg.com/originals/ff/1d/9f/ff1d9fe8b11fdc41542a9ba90f713906.png,1000,1500,0,2026-07-21
2026-09-01,decoracao quarto pequeno,985231165811165,5,2763,0,,,,https://i.pinimg.com/originals/94/b6/6f/94b66ffbd7228e8f0f4d9ac1b82251e0.jpg,1024,1468,0,2026-08-14
2026-09-01,decoracao quarto pequeno,AR8USr_LQyZQiaQ4s6WyjYHtN9S46NfSH90rr-6k327ovzlJe7YhunEfuUYWIu8hN1iP8veiPAnhiGLmzmnfl60,6,9,0,Sonoro Kate Queen,walmart.com,https://www.walmart.com/ip/SONORO-KATE-Queen-Comforter-Set-7-Pieces-Bedding-Sets-All-Season-Bed-Bag-Pleated-Flat-Sheet-Fitted-Pillowcases-Shams-Gray/14966212539?wmlspartner=wlpa&selectedSellerId=101092145,https://i.pinimg.com/originals/61/7e/a7/617ea71e15c0237172149e8c2506cdcc.jpg,450,450,0,2026-08-16
2026-09-01,decoracao quarto pequeno,AUICSQHYXTcsrm2HgFvhqUSBl4Awk6H8jEKm2H4eBN-mJZ_rlWGCZ53e0TzfGc4gomtBO5nDJKQ4ZXxUgFmxZrY,7,1,0,My Texas House Flynn,walmart.com,https://www.walmart.com/ip/My-Texas-House-Flynn-Boucle-Platform-Bed-Queen-Cream/7703416814?wmlspartner=wlpa&selectedSellerId=0,https://i.pinimg.com/originals/53/74/07/537407b0a95a12f6c2fe333ab5de72ca.jpg,1149,1249,0,2026-08-27
2026-09-01,decoracao quarto pequeno,1407443631239489,8,1070,0,,,,https://i.pinimg.com/originals/cb/5e/84/cb5e842a4edf3adf9ee96e7ebfeeba07.jpg,960,1123,0,2026-08-22
2026-09-01,decoracao quarto pequeno,AXpr6v1gFhcdBLqrCQLAQMjEdnvOtprbAUBcPhrqeoASHjZYp1apINRRGdOh2x10raLYpmem69gx61LyeJ142Dw,9,7,0,Luxury Amazon Bedroom,amzlink.to,https://amzlink.to/az0v1ZLkdSQuc,https://i.pinimg.com/originals/fb/10/74/fb1074fb384af003a1d19924caa45aef.png,1000,1500,0,2026-08-02
2026-09-01,decoracao quarto pequeno,1094585884462861029,10,65,0,,,,https://i.pinimg.com/originals/98/c2/6e/98c26e5e65ba732aa5c30b6e79fadb7c.png,1024,1536,0,2026-08-13
2026-09-01,decoracao quarto pequeno,AUqN-xWPBO8TMPKRv-GMCMEq5xlpgOt_xy4u17-E1k8s5uXXzFyWVXpzIiXO0-VBp9tPYVkcaaqdOP1pXvxb1dQ,11,23,0,Shop Casper Mattresses,casper.com,https://casper.com/products/casper-cloud-one-foam?utm_source=Pinterest&utm_medium=psm&utm_campaign=%7Bcampaign_name%7D&utm_content=%7Badid%7D,https://i.pinimg.com/originals/39/a3/1c/39a31c7c999f74aff9f1c519b8d73185.jpg,1000,1500,0,2025-09-02
2026-09-01,decoracao quarto pequeno,3166662233772887,12,4735,0,Quarto pequeno com parede ripada e iluminação aconchegante estilo luxo,,,https://i.pinimg.com/originals/2b/63/d1/2b63d1411e97e2bd28bd9318bbbae076.jpg,843,1264,0,2026-04-20
2026-09-01,decoracao quarto pequeno,AaTmDOQxAC_m4oECXReQrLW4Zp0KVVcOnLvCIAAJzFaJmRhTB7wEAbqE6AM3lGvIh53KJAwNS_yV7WnM94uG9PQ,13,4,0,Hotel Airport Hilton Sky,expedia.com,https://www.expedia.com/Hotel-Search?destination=New+Delhi&selected=133681098&startDate=2026-09-30&endDate=2026-10-01,https://i.pinimg.com/originals/8f/cf/01/8fcf01ead050b4134f33e209ecdfdef2.jpg,1000,1501,0,2026-08-08
2026-09-01,decoracao quarto pequeno,AcipT8h4q9WT6YIsBvipIPPEAq3lzlDPGnORhVNPUQfySeb4PPPWJhxvpk6H5vMX5D54YOUNODxM42T_hYxDBV0,14,9,0,Find furniture and decor,homedepot.com,https://www.homedepot.com/b/Home-Decor/N-5yc1vZas6p,https://i.pinimg.com/originals/3f/d4/78/3fd478a0f5d7fdd93b5c3fd190ed844e.jpg,1000,1500,0,2026-08-10
2026-09-01,decoracao quarto pequeno,412290541034758334,15,445,0,Small Bedroom With Vanity Ideas,,,https://i.pinimg.com/originals/03/c2/7d/03c27d4213a9c28ffde0b5382bc93f42.jpg,720,1072,0,2026-08-22
2026-09-01,decoracao quarto pequeno,Ac06dpb4J5-uXrr2lgppwwyevaALnkEEg1VZdTeRKjeu7nVqD2FeTvHm6cqa2IdUVrWtJ_pAmKojdgUQKCT_A2w,16,1,0,A Daybed Dream 🩷🧸,maxandlily.com,https://maxandlily.com/,https://i.pinimg.com/originals/75/1a/bd/751abd30e6913f05ef5f259a548c0d82.jpg,736,1097,0,2026-07-23
2026-09-01,decoracao quarto pequeno,AcQ6KeBoeRc3i8SjJNvK96d146xsmqEtio3N-XDiVEKBxeJnB4C4R27TuFGEgAxwSq0xO6bngVQ6zowxT3QBvWs,17,1470,0,Pottery Barn or Amazon?,amzlink.to,https://amzlink.to/az09FPrubmW6B,https://i.pinimg.com/originals/a0/2d/a4/a02da4089789f77b521e084aa2cdc9f4.jpg,1080,1920,1,2025-10-07
2026-09-01,decoracao quarto pequeno,1119496419896594809,18,999,0,,,,https://i.pinimg.com/originals/3b/ca/d2/3bcad23fa698a2b527c97e4a47ab7d25.jpg,1023,1537,0,2026-07-06
2026-09-01,decoracao quarto pequeno,163677767706579438,19,2166,0,,,,https://i.pinimg.com/originals/c0/35/b6/c035b64dc172e3a00f504a7288fc75e3.png,1102,1427,0,2026-08-22
2026-09-01,decoracao quarto pequeno,AeUeqjQbgSg-2iUpw-PHqXtPoN4EQlnzpfxfNtAFjQ2QbSWbbJpQcUEyExpxJF7uz0UUhYJlJGa0iXDTl8J931A,20,5,0,Purple Metal Platform -,purple.com,https://www.purple.com/bed-frames/metal-platform,https://i.pinimg.com/originals/f2/e6/61/f2e661a9cd661d7f1f7e756f9049795f.jpg,1200,1200,0,2025-12-23
2026-09-01,decoracao quarto pequeno,AUwJVy72T_WJJ0A4juOI9di5THHIyLDCNh-DDhh2-dS09iXrbhWCsmwaxcKN4ZdulCxoJIswPo-QBstycYnOaCw,21,10,0,Modern Bedroom | Lucerne,stickley.com,https://www.stickley.com/collections/lucerne,https://i.pinimg.com/originals/53/4e/b1/534eb15305d4e94a7fe54235352f1b44.jpg,1000,1500,0,2026-07-22
2026-09-01,decoracao quarto pequeno,1150810511080834899,22,34,0,,,,https://i.pinimg.com/originals/06/81/f0/0681f0a7015341b313e17f0acf54cf5b.jpg,675,1200,0,2026-08-20
2026-09-01,decoracao quarto pequeno,AbKmkaom7Si_Tf3XJ9xdAzItSnfroAjNys-29tK8TAA8uv5P2rKywzRa9yOu9kmg0A7x9ln41CPMBlLu043zzD4,23,0,0,Dan River Queen Fitted,walmart.com,https://www.walmart.com/ip/DAN-RIVER-100-Cotton-Jersey-Queen-Fitted-Sheet-Single-Sheet-Only-Heather-Wrinkle-Free-Snug-Fit-Queen-Bed-Sheets-16-Inches-Deep-Pocket-Light-Gray/2663673907?wmlspartner=wlpa&selectedSellerId=101107287,https://i.pinimg.com/originals/21/0e/5c/210e5c707223acac596c4eb6d0d89271.jpg,1073,1200,0,2026-08-27
2026-09-01,decoracao quarto pequeno,398639004542191026,24,2901,0,,,,https://i.pinimg.com/originals/36/9c/79/369c7996f2bfdceb5e3653934c719f3f.png,941,1672,0,2026-07-09
2026-09-01,decoracao quarto pequeno,1152147517214760022,25,9,0,Skandinavische Schlafzimmer-Inspiration in Salbeigrün,iptaletmek.com,https://iptaletmek.com/de/schlafzimmer-in-salbeigruen-und-naturholz?utm_source=pinterest&utm_medium=pin&utm_campaign=schlafzimmer-deko&utm_content=153&utm_id=f39c30&utm_term=schlafzimmer-deko,https://i.pinimg.com/originals/70/a4/10/70a4109e8023dee89aa35a67339e79c4.png,1000,1500,0,2026-08-16
2026-09-01,decoracao quarto pequeno,Aeg8n4YwwPtg7Mx1lxcmnwZ_HSe7pK4OOEXHeujJtbVSovQAlss8VwTlB9Sjw5aaSNFWl813xOAh0bCkLjPFMc0,26,303,0,Room Idea Time!,hulalahome.com,http://www.hulalahome.com/,https://i.pinimg.com/originals/08/1e/4b/081e4b2129168951ae77620c5f53a2cd.jpg,1000,1500,0,2025-11-06
2026-09-01,decoracao quarto pequeno,112167846967462657,27,372,0,(5) Instagram,instagram.com,https://www.instagram.com/p/Daz9Ki7se1m/,https://i.pinimg.com/originals/94/e7/51/94e751a21ddd7215ff0a26a1018d0fd8.jpg,1080,1352,0,2026-08-06
2026-09-01,decoracao quarto pequeno,351912467551780,28,16412,0,Scandinavian Bedroom Ideas | Cozy Minimalist Bedroom Decor,,,https://i.pinimg.com/originals/96/71/d1/9671d1d946a751e7e665eb603b81fe0c.png,1024,1536,0,2026-08-03
2026-09-01,decoracao quarto pequeno,4503668374504223,29,6360,0,,,,https://i.pinimg.com/originals/d9/6d/8a/d96d8a54182bcdb60dccb44b6e4a37d9.png,1086,1448,0,2026-07-25
2026-09-01,decoracao quarto pequeno,7177680653215288,30,268,0,🌿 Small Bedroom Makeover | Cozy & Aesthetic,,,https://i.pinimg.com/originals/08/39/8f/08398fda00934f414250e2f0ac07b813.png,1024,1536,0,2026-08-21
2026-09-01,decoracao quarto pequeno,201676889558908304,31,471,0,,,,https://i.pinimg.com/originals/8a/31/1c/8a311c734fbe889a857f1a7e7404cf39.jpg,1536,1024,0,2026-08-16
2026-09-01,decoracao quarto pequeno,1106407833483575338,32,3435,0,so unic ideas 💡😁,,,https://i.pinimg.com/originals/00/0b/61/000b61bce731c384d907d7298c4bb7ad.jpg,736,1307,0,2026-06-11
2026-09-01,decoracao quarto pequeno,AawwGGRerAUXJoqeogFWDTUvX4tKqCX0ZzPn79wlSAXz978l56Ee4SkzFkFixdDbpzPB9AFkKpPW-P0YUXlGGWo,33,0,0,Labor Day Sale,sleepnumber.com,https://www.sleepnumber.com/categories/labor-day-mattress-sale,https://i.pinimg.com/originals/e5/38/3e/e5383ea5162bfbc40b144396adb7eafd.jpg,1080,1080,1,2026-08-12
2026-09-01,decoracao quarto pequeno,1067423549204051848,34,25,0,Cozy Small Bedroom Ideas Warm Apartment Bedroom Decor Inspiration,,,https://i.pinimg.com/originals/77/b4/ff/77b4ff5c2ae6585a9b22fbb6a590bfea.png,1023,1537,0,2026-08-16
2026-09-01,decoracao quarto pequeno,71494712831750288,35,4483,0,,,,https://i.pinimg.com/originals/03/f8/c9/03f8c9c43933272f1ff2d8a9b9be731d.jpg,736,1104,0,2026-07-12
2026-09-01,decoracao quarto pequeno,AeRalD0Mu117AFMONDFBQkeXnm3uNT-42VaU2ys624qifAlAJWdSdrGleRbUFJLDJZKjX_yGudV8nsGaYoxF_xU,36,7,0,Taupe Brown Ticking,spoonflower.com,https://www.spoonflower.com/en/wallpaper/12821589,https://i.pinimg.com/originals/b6/ed/08/b6ed081b5bb19c15fada3a6b6f5220fb.jpg,736,1104,0,2026-03-03
2026-09-01,decoracao quarto pequeno,1266706142306213,37,2439,0,,,,https://i.pinimg.com/originals/4f/99/2f/4f992fbb69c7cd9bf29eb1286fd852cc.jpg,768,1376,0,2026-08-22
2026-09-01,decoracao quarto pequeno,50876670786235353,38,671,0,Cozy Black & White Bedroom Ideas | Modern Minimalist Bedroom Decor,,,https://i.pinimg.com/originals/9c/77/c5/9c77c53716cd060819586a562a4666fb.png,1024,1536,0,2026-08-19
2026-09-01,decoracao quarto pequeno,ATcHaXJHrBQowt5q6A2vxfndpO6WDcL-m-VI-s1JKqYwhrAnFm3goHhZXSLJjfR8w-j3f7aaye4GG6qktq62LtM,39,751,0,Bedroom Decor,joybird.com,https://joybird.com/bedroom/,https://i.pinimg.com/originals/7f/e2/d9/7fe2d9423bb43b1618de47d503e0544c.jpg,1128,847,0,2025-02-05
2026-09-01,decoracao quarto pequeno,2533343539354062,40,3118,0,This Cozy Bedroom Setup Feels Like a Luxury Apartment ✨,,,https://i.pinimg.com/originals/f1/98/b1/f198b1bafcee4610ad36bdd8b7c267de.png,1024,1536,0,2026-08-10
2026-09-01,decoracao quarto pequeno,1073686367419867456,41,37101,0,,,,https://i.pinimg.com/originals/42/0d/d3/420dd3b22737e78a6b1ea1ff123674be.jpg,473,794,0,2025-07-23
2026-09-01,decoracao quarto pequeno,1548181186917612,42,3294,0,Inspiração de quarto ✨💖,,,https://i.pinimg.com/originals/f9/95/d3/f995d38223daae763f37e6b57cf7fd11.png,1086,1448,0,2026-07-21
2026-09-01,decoracao quarto pequeno,281543727156313,43,2138,0,Little Cozy Bedroom 🌼🤎,,,https://i.pinimg.com/originals/f3/39/49/f3394909d7c829fbd304bb16a982c4d8.png,1024,1536,0,2026-08-19
2026-09-01,decoracao quarto pequeno,703756189479463,44,1219,0,Quarto Pequeno Moderno,,,https://i.pinimg.com/originals/de/04/14/de04146dcded5644fedf88459e6d0200.png,941,1672,0,2026-07-02
2026-09-01,decoracao quarto pequeno,AVpciGAovHTrXY46PdpGU9vJp0qkia0y6qPoqCUScaZV6M3RwhafZxp2saQCi1NffogoCHevjNppUpdu8X-SNbM,45,1506,0,Girls Bedroom Wallpaper,wallblush.com,https://wallblush.com/products/cocos-cottage,https://i.pinimg.com/originals/60/d8/dd/60d8dd8c0902a22b17c68ae85eaeacee.png,1792,2400,0,2026-04-30
2026-09-01,decoracao quarto pequeno,693695148902545680,46,724,0,,,,https://i.pinimg.com/originals/cb/82/39/cb8239658aaff4f61a9b46d3f2533aa2.jpg,676,1200,0,2026-08-22
2026-09-01,decoracao quarto pequeno,1407443631181023,47,2184,0,Remodel ideas Landry,,,https://i.pinimg.com/originals/00/21/85/002185a20d4db8bd7380d4bfd31c1147.jpg,675,1200,0,2026-08-04
2026-09-01,decoracao quarto pequeno,AZ8zw6DcqQq6FQxAFpnSiHgMz1DqqTJHkqDok41u_T57QZDySHykO7DOvww14UAwcHZxhFgFw0uENiOaBlLV15Q,48,3129,0,Comfy Knit Blanket,target.com,https://www.target.com/p/chunky-knit-bed-blanket-casaluna/-/A-78347066?preselect=78203609#lnk=sametab&TCID=SMO,https://i.pinimg.com/originals/a5/c3/5d/a5c35d381e62792724e9a91b63503e84.jpg,1000,1800,1,2025-03-07
2026-09-01,decoracao quarto pequeno,655907133278981204,49,7,0,,,,https://i.pinimg.com/originals/c8/d8/74/c8d87498728d7a3dd1404c4c12cebaac.jpg,675,1200,0,2026-08-17
2026-09-01,decoracao quarto pequeno,1055599909545966,50,4525,0,,,,https://i.pinimg.com/originals/8a/3c/35/8a3c351ba02c415ae554e33a2dadf964.jpg,1254,1254,0,2026-07-01
2026-09-01,decoracao quarto pequeno,1033646551984760640,51,1074,0,cuarto aesthetic,,,https://i.pinimg.com/originals/19/ed/ba/19edbaf88eb438ebcc45d7371a149a17.jpg,736,1308,0,2025-09-08
2026-09-01,decoracao quarto pequeno,AQQlaA_dxfQJLp0qRCMBbLYf_O30Fi51dUMFJQQTvtFT_6Z0WA7X5_HsOyu8FjzOW7sXSXWfmQMUScMMKrfaSsc,52,940,0,Cozy Bedroom Ideas With,amzlink.to,https://amzlink.to/az0rnCRJeRnph,https://i.pinimg.com/originals/ec/cc/61/eccc6188fd8ed958b531de2ec451a29b.png,1000,1500,0,2026-02-28
2026-09-01,decoracao quarto pequeno,AdNUaPee9OEYtKMn1D-pF7agGFadFTBFrPvFH8fiwg17YRY9-a0WNXpT_I12CAETCy4vEVgbTSuP0nyj9YxdBik,53,8,0,Don't settle for mediocre,mattressfirm.com,https://www.mattressfirm.com/mattresses/5637147600.c?src=3BACK,https://i.pinimg.com/originals/fa/56/09/fa56091f9391d277fe31fe0fda7df6d2.png,1000,1500,0,2026-07-21
2026-09-01,decoracao quarto pequeno,AS59k-mNDzsgMIMvSVLXuOn2bJ4PCzCnFm1HZrA8a7nq5vBiKFgYFv5L5PqqUYc5yG28p486OO_0KxSMy7lc3DY,54,1,0,Their Dream Room Come to,maxandlily.com,https://maxandlily.com/,https://i.pinimg.com/originals/1a/24/af/1a24afa7cee2578f388a429af7f76c45.jpg,735,1104,0,2026-07-23
2026-09-01,decoracao quarto pequeno,AQaLx_C6vf3itZY2SrEe0L2690mQraZZJEs44qmOjE5JiMYM4_5b-yODhHgXpbxxWDzMFB07cUTHI15aX4btszQ,55,390,0,Adjustable Height 3,wayfair.com,https://www.wayfair.com/17-Stories--Adjustable-Height-3-Lights-Metal-Body-Cage-Cluster-Pendant-X222837318-L6087-K~W111726207.html?refid=PSO49-W111726207,https://i.pinimg.com/originals/35/ba/15/35ba159a8bf10abbb80cd895a4e4f2f0.jpg,400,400,0,2026-04-07
2026-09-01,decoracao quarto pequeno,5207355816329708,56,1629,0,Beige Bedroom Aesthetic Mirror Decoration | Cozy Neutral Room Decor,,,https://i.pinimg.com/originals/f4/eb/e1/f4ebe1cab2dca697d66c3f2a835e1b22.png,1024,1536,0,2026-08-15
2026-09-01,decoracao quarto pequeno,492649955162214,57,9828,0,Cute Girls Small Bedroom Setup with Minimalist Study Table | Aesthetic Room Inspiration 2026,,,https://i.pinimg.com/originals/3d/a8/8d/3da88d56df308e768430945ed29cab3f.jpg,1080,1920,0,2026-07-15
2026-09-01,decoracao quarto pequeno,ASS8aUB03TRMHM6ipkY4XlxMRWlXkwUla1Z1SPlj_8uGJcWTRZ9a0-JXWHpBt0tHvpnuEsvT6SmnTweD42B55TA,58,91,0,Curate a dream college,walmart.com,https://www.walmart.com/cp/dorm-room-essentials/1225229?sourceid=dsn_pin_fe6229ea-cd44-4854-9ab4-7cea85d8bf6f&veh=dsn&wmlspartner=dsn_pin_fe6229ea-cd44-4854-9ab4-7cea85d8bf6f&cn=01em_fy27_btc_btc_up_int_soc_static-video-pin,https://i.pinimg.com/originals/0d/f9/85/0df9858378ca0744cf5df20a7935fa6d.jpg,1000,1500,0,2026-06-10
2026-09-01,decoracao quarto pequeno,36873290702714840,59,90,0,,,,https://i.pinimg.com/originals/6f/df/4d/6fdf4d4c5eafa43ec8519689dffc74b6.jpg,1170,1752,0,2026-08-05
2026-09-01,decoracao quarto pequeno,Af6Nx4BcRKsQpqSksgMTvrB6Q5dFlBS0E61sETY5lXRN3QjNLcLZCYoylbbdpcUjZidFoW0QGHhRAVHxjCHBDSs,60,14,0,Moody Neutral Primary,twopagescurtains.com,https://twopagescurtains.com/collections/best-sellers,https://i.pinimg.com/originals/73/bb/06/73bb0631c6f97711f965c0b42e8c6550.png,1000,1500,0,2026-07-21
2026-09-01,decoracao quarto pequeno,897060819547678733,61,503,0,,,,https://i.pinimg.com/originals/18/8d/1c/188d1cbe4e2d140c3d4f77514032f33d.jpg,1080,1920,0,2026-08-20
2026-09-01,decoracao quarto pequeno,211174978770072,62,18238,0,,,,https://i.pinimg.com/originals/3c/b1/57/3cb15707bcefd78317fd34f57b250eb6.jpg,736,1308,0,2025-10-21
2026-09-01,decoracao quarto pequeno,ASCetgpkuLaLPYZaWYidc0CJJgF46Bl3cfOb1Zif-3w2FXZNNcI15UOFYWBcgG_UnwkgJMBvLiv-K9YyldDNPDQ,63,2,0,2026 Bedroom Trends You Can’t Miss – 25 Game-Changing Ideas to Transform Your Space,realestatespice.com,https://realestatespice.com/bedroom-trends/?tp_image_id=96455,https://i.pinimg.com/originals/24/50/93/245093b3ea63a8c1121ab37b8181f5af.webp,750,1555,0,2026-04-15
2026-09-01,decoracao quarto pequeno,Ae8GlyytgeIeOVK0K0P-I_Mq_GsB2et_EqO0NbErdlkJaVi_UEB1V9CEqWtNdVmLwMDU3xR98GYG4CRhIW-A6gY,64,181,0,Home & Bedroom Decor,amzlink.to,https://amzlink.to/az0EPq7P0qLpI,https://i.pinimg.com/originals/f9/5d/61/f95d61026c2383623b2b0c1849cb7bc8.png,1000,1500,0,2025-08-04
2026-09-01,decoracao quarto pequeno,904238431459320061,65,16,0,Blush Pink Small Bedroom Ideas With Cozy Floral Lights ✨,,,https://i.pinimg.com/originals/7d/c2/d2/7dc2d2b635280f6dd3113ce7256bf4ed.jpg,1200,1800,0,2026-08-19
2026-09-01,decoracao quarto pequeno,AVMpzn0ue6jMkRvUorLcqWKA9SIFhtOzrwzlCpUXcQHKBH1EHhaK1H-3FxmSJtJLwys1sGfqIeHcXu-sDlEc8ug,66,1,0,A mattress that helps you,sleepnumber.com,https://www.sleepnumber.com/?acid=soc&ascid=%7Bcampaignname%7D&atid=%7Badgroupname%7D&platid=PIN&ogid=%7Bcampaignid%7D%7C%7Badgroupid%7D%7C%7Bcreative_id%7D,https://i.pinimg.com/originals/0b/aa/b7/0baab77b6a569579e1ecf4ec45437f97.png,1000,1500,0,2026-04-27
2026-09-01,decoracao quarto pequeno,AeA6dyrgB9FLMHK6QcPit1ZuAXt5FP8L5hu-A7VD06m2VUiW0l1gt-2sajYD3gm5gG2zn6UFCOEb6eBvqGJrCLE,67,1,0,pousada aguas claras,expedia.com,https://www.expedia.com/Hotel-Search?destination=Delfinopolis&selected=109938390&startDate=2027-03-03&endDate=2027-03-04,https://i.pinimg.com/originals/aa/5d/0a/aa5d0a0c94d280268b527718e88dac4c.jpg,1000,1500,0,2026-07-29
2026-09-01,decoracao quarto pequeno,2392606049131077,68,3272,0,Ideias para quarto,,,https://i.pinimg.com/originals/6a/23/bf/6a23bf8ecd4ddf6ce70cacab17666376.jpg,1024,1536,0,2026-05-13
2026-09-01,decoracao quarto pequeno,AQ8Sp4yGaAblwEusfu34zBTMvzzjswzLWpdi7LZCg7aO4trbnNWxlYlmvDKgKl07BbAHs7uDk4Jvsclu4_dabmk,69,3,0,Realyn Chipped White Full,homedepot.com,https://www.homedepot.com/p/Signature-DESIGN-BY-ASHLEY-Realyn-Chipped-White-Full-Upholstered-Panel-Headboard-B743-87/334311160?cm_mmc=psoc-pinprg-%7Bcampaignid%7D-%7Badgroupid%7D,https://i.pinimg.com/originals/4b/9d/48/4b9d48cccd62be413100ec847801826b.jpg,1000,1000,0,2026-04-23
2026-09-01,decoracao quarto pequeno,1477812375594501,70,2727,0,,,,https://i.pinimg.com/originals/b7/c0/2d/b7c02d192aa8fcb9e94c5d32f1815b9e.png,1122,1402,0,2026-08-15
2026-09-01,decoracao quarto pequeno,9359111722810647,71,1173,0,,,,https://i.pinimg.com/originals/1e/9c/58/1e9c588c74cfea72918c52169909c5a5.jpg,1024,1536,0,2026-07-31
2026-09-01,decoracao quarto pequeno,AfyWrInK0KoGFC-Ec9YhT2hsBR90NlBrLJn5ygDPT_xZPz12ZTJrzSWwbTOB2MMPzFWxurCTuE7fprnFuEIMshs,72,3008,0,Bedroom Decor,liketk.it,https://liketk.it/4V2Q6,https://i.pinimg.com/originals/23/6f/ed/236fed3c78766868e8b0e1007825e1a1.jpg,837,1255,0,2025-01-23
2026-09-01,decoracao quarto pequeno,4292562141088838,73,647,0,,,,https://i.pinimg.com/originals/d5/6d/02/d56d02d17a35805f3593e4055d57a971.jpg,564,846,0,2026-01-31
2026-09-01,decoracao quarto pequeno,1119074207434137096,74,2156,0,,,,https://i.pinimg.com/originals/2d/db/32/2ddb32732f6eeba3be75a3e06f80bfdc.jpg,736,1104,0,2026-04-10
2026-09-01,organizacao de cozinha,AQjckL_5a6ohtJLsE0WI3hSD4w_qWjimPUa9tSTNA4GAyq1nbxS3rVuEPIc14IhuZJPce6sr9FH97DocP0rBfWI,2,707,0,My Kitchen Must-Haves,amzlink.to,https://amzlink.to/az0vIvb80HWeG,https://i.pinimg.com/originals/fe/6f/71/fe6f71d765faa2211712c7cfebe5e2c4.png,1000,1500,0,2026-01-11
2026-09-01,organizacao de cozinha,1041387113944548703,3,1,0,Ideias de Organização de Despensa de Cozinha para um Espaço Livre de Bagunça!,s.shopee.com.br,https://s.shopee.com.br/8AVRJk8fDD?channel_type=pinterest,https://i.pinimg.com/originals/64/58/9b/64589b2c74bef7818b5b687341b7f4af.jpg,736,1308,0,2026-08-20
2026-09-01,organizacao de cozinha,1063131055807732295,4,3708,0,Modern Kitchen Counter Styling Ideas ✨,amazon.com,https://www.amazon.com/shop/influencer-9490fc14/list/J5BNET3Y62OT?ref_=aipsflist,https://i.pinimg.com/originals/4e/34/e7/4e34e7ff7024a492222a4ce5f1a3091a.jpg,687,1024,0,2026-07-28
2026-09-01,organizacao de cozinha,1090434128560759938,5,3,0,Cozinha Organizada,s.shopee.com.br,https://s.shopee.com.br/9V0el3Qlmq?channel_type=pinterest,https://i.pinimg.com/originals/d7/f5/06/d7f506a64d2c760f54d17f54309b9405.jpg,1000,1500,0,2026-08-14
2026-09-01,organizacao de cozinha,AZJXNN_Y-BNCqBc-gJ5w3dmrZyAqeRbJGv5tYpXE9X1a8fzV2gjo0eWwYWdAG_-w20PxyxBR6QobjvtGCaEQTX4,6,97,0,Amazon Kitchen,amzlink.to,https://amzlink.to/az0lykUWEDQge,https://i.pinimg.com/originals/ef/a6/ad/efa6adcdde8408d9b4c0e345a96a446e.png,1000,1500,0,2026-04-23
2026-09-01,organizacao de cozinha,AcYGbRnFRhwzsMT_tHThSv37bmNqbVhvzmWgYoPx5uHej3QQGQ4ggDfw-_Bl9u1JOQSBVOB9PbUWAS4bHa66jNY,7,1432,0,Luxe Looks for Less to,amzlink.to,https://amzlink.to/az0R1pvbaq2dE,https://i.pinimg.com/originals/14/09/18/1409180f35ebf9cdce002f695238c76e.png,1000,1500,0,2025-09-04
2026-09-01,organizacao de cozinha,1084452785298978613,8,9426,0,Space-Saving Modern Modular Kitchen Organizer Rack 🍽️✨,smarthomeusfinds.com,https://www.smarthomeusfinds.com/2026/07/9-small-kitchen-ideas-that-make-every.html,https://i.pinimg.com/originals/39/bf/b0/39bfb040988d92a0b56dd88aabf44b40.jpg,1080,1920,0,2026-07-04
2026-09-01,organizacao de cozinha,1548181186930902,9,8390,0,,,,https://i.pinimg.com/originals/75/08/92/750892b2ab9b5ff789aaa0d0dd9f6f0d.jpg,735,1104,0,2026-07-27
2026-09-01,organizacao de cozinha,41799102787077291,10,1570,0,Modern Kitchen Organization Ideas | Spice Rack & Pantry Storage,,,https://i.pinimg.com/originals/1b/90/dd/1b90ddaed4841b1aab56a0afe668e806.png,925,1701,0,2026-08-22
2026-09-01,organizacao de cozinha,AVggpK21tETgqtTWzfN3gpL7Y2fTzTkr-XJVIhrQA9Ngugxh8VhKMVa_moaIMHyRfFKzskebVrD8tmmYce2013s,11,0,0,Cabinet install done,thumbtack.com,https://www.thumbtack.com/k/cabinet-installation/near-me/,https://i.pinimg.com/originals/d7/7c/2e/d77c2e0a58c1dc4a8d695efa98a5b027.jpg,1080,1960,1,2025-11-21
2026-09-01,organizacao de cozinha,Af6P--aBUzK5gpQfhoJ1I9b3B_HJCYvAoVApcj5jtqTq5NlZG0wIYCpKSwkon85Dw5PCDRlfJpYevPwL50xZNjs,12,35,0,Kitchen & Pantry Storage,target.com,https://www.target.com/c/hearth-hand-with-magnolia-kitchen-dining/household-food-or-beverage-storage-containers/-/N-jnzodZ8t1zgZ1kqbcgw6j4b?type=products&Nao=0,https://i.pinimg.com/originals/30/4b/3b/304b3b3f380c9dd0671698ac5957758e.jpg,600,900,0,2022-01-18
2026-09-01,organizacao de cozinha,AQLB4S96D9khJeU11_OgCu_Ag63B6rprOB1pQBuSb7Jq7OdCwydU9qsVbEe5zmyV5dIJ2B0Q9VEKqslu3tRBCl0,13,1,0,Introducing the,brizo.com,https://www.brizo.com/faircroft-kitchen-collection,https://i.pinimg.com/originals/4a/b1/13/4ab113f57c4d57b2a254adb89a9fe6a8.jpg,1000,1500,0,2026-05-18
2026-09-01,organizacao de cozinha,838302918179917690,14,3788,0,,,,https://i.pinimg.com/originals/52/f0/87/52f087a883a277eab30ad9216b508d71.jpg,736,1308,0,2024-12-20
2026-09-01,organizacao de cozinha,1266706142302045,15,392,0,Pot Lid Organizer Ideas | Kitchen Organization,,,https://i.pinimg.com/originals/9a/90/9e/9a909e3d7c5b49415daea48411febb01.jpg,935,1662,0,2026-08-20
2026-09-01,organizacao de cozinha,AdKQcTFXpyXMhd5ENjiKgEdbr8UjpZU5TkIc9RMACp6mvz1TJIlXvrRyA2pq9zlqzMVlfqAWdGwfTz_HhLOf8Zs,16,0,0,Beddle Kitchen Baker's,walmart.com,https://www.walmart.com/ip/Beddle-Kitchen-Baker-s-Rack-with-Power-Outlet-23-Industrial-4-Tier-Storage-Shelf-Metal-Frame-with-Gray-Wood-Shelves/18968709206?wmlspartner=wlpa&selectedSellerId=101082666,https://i.pinimg.com/originals/d3/cb/61/d3cb61d495fe7a5c0a0484931f7818e4.jpg,450,450,0,2026-08-17
2026-09-01,organizacao de cozinha,AZdZS-eCCijHN-Mkfvfcv82psyPsfUAwRjh6Gw15e5BPgFjP-hqPqE0nr2iKQqWjaksWAOKz2UxV77aNNi83ALg,17,5,0,Natural Onyx Marble,etsy.com,https://www.etsy.com/ca/listing/1884184442/natural-onyx-marble-utensil-holder,https://i.pinimg.com/originals/ca/1c/fb/ca1cfbb941fa06eac0e5cf28ee30ee9d.png,1024,1536,0,2026-08-20
2026-09-01,organizacao de cozinha,AefOLnGKOzDel4x6tCUvZxEH5V4w2dGHx3gjQrYD9WrvOuQKJnbtvOCwrMO3IqrZSyqrqruSnkrCom5tdYf50gE,18,2081,0,Project Highlight: The,traditionhardware.com,https://www.traditionhardware.com/pages/the-bell-house,https://i.pinimg.com/originals/f0/f5/9f/f0f59fd22f70f21c18ad26086ad808a6.jpg,750,1064,0,2025-12-10
2026-09-01,organizacao de cozinha,ATv7Es-eWSL3WDyBowgDkR87TAjjsies1TpGcuKyMfmHKkgaeu59zcDK6O44JyABti3z3yIJ1DRRiobjXcluRFQ,19,1368,0,British Classic Meets,twopagescurtains.com,https://twopagescurtains.com/collections/rebecca-hughes-x-twopages,https://i.pinimg.com/originals/f3/43/3d/f3433ddc468555940b0e1a38969e6b7c.png,1000,1500,0,2026-03-04
2026-09-01,organizacao de cozinha,5277724560676514,20,304,0,How to Organize Kitchen Cabinets,,,https://i.pinimg.com/originals/9c/21/ca/9c21ca8a5b80864d119467e26d267706.jpg,1024,1536,0,2026-08-18
2026-09-01,organizacao de cozinha,379780181102432123,21,53,0,Small Kitchen Organisation Ideas to Create More Space,,,https://i.pinimg.com/originals/96/31/b9/9631b9ff5b6921045cf1a0f345b2a4c3.png,1024,1536,0,2026-08-20
2026-09-01,organizacao de cozinha,1111404014317460984,22,1963,0,Customer Favorite Kitchen Organization Aesthetic Products Discover Aesthetic Kitchen Organiz...,tr.ee,https://tr.ee/rU9Gdu?Cabinet+Storage+Aesthetic+Organizer,https://i.pinimg.com/originals/e9/71/c4/e971c47b8e748db9669f0e629a65f6ec.jpg,900,1600,0,2026-06-26
2026-09-01,organizacao de cozinha,805581452138913138,23,704,0,Smart Cabinet Space: Ultimate Kitchen Organization,,,https://i.pinimg.com/originals/21/d9/0d/21d90d86fc43201fbd8d102f230b686a.png,800,1280,0,2026-06-12
2026-09-01,organizacao de cozinha,168392473566514405,24,229,0,Luxury Pantry Organization Ideas | Aesthetic Kitchen Storage,pinterest.com,https://www.pinterest.com/theorganizedcasapk/aesthetic-kitchen-organization/,https://i.pinimg.com/originals/cc/2a/e6/cc2ae6da738d259bda34e49440197698.jpg,1024,1500,0,2026-08-19
2026-09-01,organizacao de cozinha,1066649493010188661,25,5,0,Horderly | Kitchen Organization Ideas,tumblr.com,https://tumblr.com/ZiiBBOgjeu-_Cu00/?ref=73594/76118/,https://i.pinimg.com/originals/06/08/4d/06084d2ba1d0b92ab5cab4347fba2052.jpg,1048,1901,0,2025-09-12
2026-09-01,organizacao de cozinha,Ab1Dx_vnv5gq00dFm1cLPj1ziR19upuUr8lAt6tj9K8jrghF1RO_ghEJdL3axYI_HsArEESYnSXRfrcakV3_FCA,26,0,0,So Much More Than a,lg.com,https://www.lg.com/us/?utm_source=pinterest&utm_medium=paid-social&utm_campaign=lg_2026_hs_xhs_awareness_views_paid-social_pinterest_kitchen&utm_content=hs_all_plp_04-01-26_12-31-26_awareness_lg-kitchen-suite-mfyk-6s_other_lifestyle_video_na_16x9_6s_mix_x&utm_term=hs_xhs_prospecting_us_interest_movers-remodelers_en_all_mix_x,https://i.pinimg.com/originals/fd/62/e5/fd62e54d0f41abc7241a67ce95a3094f.jpg,1080,1920,1,2026-03-30
2026-09-01,organizacao de cozinha,ATVJekelUlggtkl-ISNRlF9HGrPmiULVd-3x29VvXlWB1nxjwL6v7ppNNqkPjJQ-wqsDXwMAH_CDXJ6exBoNmkg,27,24,0,The Organized Kitchen,amazon.com,https://www.amazon.com/Organized-Kitchen-Cabinet-Handbook-Everything/dp/B0FBH12WNS/ref=asc_df_B0FBH12WNS?hvdev=%7Bdevice%7D&hvcampaign=%7Bcampaignid%7D&hvadgroupid=%7Badgroupid%7D&hvprdptid=%7Bproduct_partition_id%7D&hvprdgrpid=%7Bpromoted_product_group_id%7D&hvcr=%7Bcreative_id%7D&hvadid=%7Badid%7D&hvprdid=%7Bproduct_id%7D&hvplc=%7Bplacement%7D&psc=1&tag=%7Bifnotmobile:ushpadpinde-20%7D%7Bifmobil,https://i.pinimg.com/originals/eb/b2/ae/ebb2ae442a125c2bb97fab59b883050c.jpg,1000,1499,0,2026-05-17
2026-09-01,organizacao de cozinha,825777281729606714,28,5550,0,"counter, detachable ceramic that keeps everything organized",amazon.com,https://www.amazon.com/dp/B0D65XSV57?tag=smartpinsho02-20,https://i.pinimg.com/originals/6f/79/40/6f7940dcafe62a8c95f1e83a60f8cbca.png,1014,1521,0,2026-05-11
2026-09-01,organizacao de cozinha,1100285752842230825,29,5720,0,"Ultimate Home Organisation Guide: Practical Tips for a Calm, Clutter-Free Space",amazon.com,https://www.amazon.com/Amazing-Home-Organisation-20260711045134/s?k=home+organisation&low-price=&high-price=&tag=cathdge05-20,https://i.pinimg.com/originals/6b/3c/ef/6b3cef00b0f02e2caa2dd46b57cd4539.jpg,1000,1500,0,2026-07-19
2026-09-01,organizacao de cozinha,AeD_n1r4kBbkC_X9NzcA5SuXWZ5sHdNT8-HYnS890tqw7cF_OrxCubzajkPP9TYnH0PZZvqkkTJZZJi3iXlJflk,30,0,0,1pc Expandable Kitchen,us.shein.com,https://us.shein.com/ark/default?scene=1&test=5051&ad_type=DPA&goods_id=161953804&pf=PINTEREST&url_from=PINADSDPA&ismg=689d90f728c756b9d567274452cff39493abc70c7489c9b66fe8af3e64f1b375_01_1788107652,https://i.pinimg.com/originals/b7/eb/0d/b7eb0d60bf95e07482d43a638bf2e360.jpg,1340,1785,0,2026-08-09
2026-09-01,organizacao de cozinha,1031113277200642641,31,8225,0,Under $30 Kitchen Storage That Actually Saves Space,amazon.com,https://www.amazon.com/shop/hairstyledhub/list/3N0C4J2OOTNM2?ref_=aipsflist,https://i.pinimg.com/originals/4f/2b/35/4f2b35b38b8fcd5f24079d68774c9a64.jpg,1080,1920,0,2026-03-01
2026-09-01,organizacao de cozinha,1970393584039398,32,20174,0,Pantry Organization Ideas for a Clean & Functional Kitchen 🥫✨,amazon.com,https://www.amazon.com/shop/sixberfashiontrends?ref_=cm_sw_r_cp_ud_aipsfshop_P4WHARGGCEPXHCKVQSAM_13,https://i.pinimg.com/originals/ea/44/e0/ea44e061f2e1b43a67754dd03eb3d07f.png,1536,2816,0,2026-01-05
2026-09-01,organizacao de cozinha,972285007071468478,33,444,0,Stroller Envy — Real Life Advice for Modern Moms,stroller-envy.com,https://stroller-envy.com/18-pantry-organization-hacks-using-clear-bins-and-baskets/?utm_source=pinterest&utm_medium=social&utm_campaign=grow-social-pro,https://i.pinimg.com/originals/85/16/0b/85160bd4bccbddbcecec22acaabe1549.jpg,816,1456,0,2026-03-12
2026-09-01,organizacao de cozinha,5981412002680587,34,596,0,Kitchen Organizers That Actually Make Life Easier ✨,,,https://i.pinimg.com/originals/ea/5a/91/ea5a91e05f7a67c00019d3b7d502cef7.png,1024,1536,0,2026-07-23
2026-09-01,organizacao de cozinha,13721973862283047,35,2,0,Inspiração para a organização de um armário 🌸 #superorganizada #casa #decoração #cozinha #inspiração,instagram.com,https://www.instagram.com/p/DcGTm3xjU0O/,https://i.pinimg.com/originals/0c/3b/60/0c3b60658ec0dec1a5754a6ef8797286.jpg,1024,1280,0,2026-08-16
2026-09-01,organizacao de cozinha,AcuKfIInmuUAbWDn850FMwUIyk-bu-s5MC46Vms0PfTLgi9VJ434ZfoXfAQMjuRbOtpAFMDB2Ri1GG5LQXY0mDA,36,1,0,Shop and Save on Home,hobbylobby.com,https://www.hobbylobby.com/kitchen-baking/c/71?utm_source=pinterest&utm_medium=traffic&utm_campaign=HomeEssentials_CD,https://i.pinimg.com/originals/95/7b/80/957b80742ea2490d366d721395941abe.jpg,719,1280,0,2026-07-06
2026-09-01,organizacao de cozinha,764063893060287017,37,3663,0,decoration cuisine moderne idees rangement pratique gain de place intérieur placard,cocondedecoration.com,https://www.cocondedecoration.com/blog/2023/05/reussir-decoration-cuisine/,https://i.pinimg.com/originals/11/48/47/11484749940f812bdcc8b7e741b5840e.jpg,1000,1500,0,2024-02-29
2026-09-01,organizacao de cozinha,AR8Air6pWlKM6xNsJynWU8sXf5XrJ79AKZSobPrBOyGmMFMP6HFyTtLvmR3x-O12kRCz24Qp_g5bJqoSmjytUJk,38,12,0,50 Kitchen Design Styling,realestatespice.com,https://realestatespice.com/kitchen-design-ideas/,https://i.pinimg.com/originals/5d/0e/3d/5d0e3dff20b000b0a3ae717b379394b7.webp,750,1550,0,2026-01-23
2026-09-01,organizacao de cozinha,1900024840231101,39,2722,0,,,,https://i.pinimg.com/originals/17/39/94/173994d0952b3b3d112ee193f62b9271.jpg,944,1360,0,2026-08-22
2026-09-01,organizacao de cozinha,70650287901752034,40,148,0,Cozinha Organizada do Zero,s.shopee.com.br,https://s.shopee.com.br/9paxBiAiAb?channel_type=pinterest,https://i.pinimg.com/originals/a3/00/15/a300156cab580619a409c05af3aca743.jpg,736,1104,0,2026-08-14
2026-09-01,organizacao de cozinha,727823989826626447,41,7806,0,The Best Beautiful and Practical Kitchen Open Shelving Decor Ideas,mychicobsession.com,https://www.mychicobsession.com/kitchen-open-shelving-decor/,https://i.pinimg.com/originals/87/2e/a1/872ea1dfb2b3039e089b28029e81dc7c.jpg,493,740,0,2026-07-21
2026-09-01,organizacao de cozinha,AT1ALiNHd_4f7L2m-s4jTC4SY9O44zeIOKCEtTKXrD8bOuJMsyhiYE1DHQGCty9QC29w24sSAN7FVc1S-HH6o5o,42,666,0,My Amazon organization,amzlink.to,https://amzlink.to/az0RMKmjRoQVe,https://i.pinimg.com/originals/eb/09/29/eb0929d2ad9f06e7763bb78c1d706388.jpg,720,1280,1,2026-04-23
2026-09-01,organizacao de cozinha,1021120915513665782,43,274,0,Gorgeous Artificial flowers and Elegant Pots Collection for Stunning Home Decor | Best home decor,youtube.com,https://www.youtube.com/watch?v=wfVa1BP6xwg,https://i.pinimg.com/originals/60/cf/35/60cf3590eee191f62e99386c52122432.jpg,540,960,0,2025-02-25
2026-09-01,organizacao de cozinha,AbQF-8lcN1-JHXoqxD0TpfqlQst672JTMY6uEgHsOeEQB1axnGCPZJl3VtkzdnQaOkTwCpkAbb9n2Z-kOhAhqX8,44,9,0,2-Piece Hanging Rack,homedepot.com,https://www.homedepot.com/p/Everyday-Home-60-in-x-19-in-x-5-in-6-Tier-Steel-Hanging-Rack-M050018/301034640?cm_mmc=psoc-pinprg-%7Bcampaignid%7D-%7Badgroupid%7D,https://i.pinimg.com/originals/c9/6b/5d/c96b5d6c15472356d1379a1da4630c68.jpg,1000,1000,0,2026-05-28
2026-09-01,organizacao de cozinha,647533252717031226,45,17116,0,Fridge Organization #BringMyPinterestToLifeContestEntry,amazon.com,https://www.amazon.com/shop/alexaanu2/photo/amzn1.shoppablemedia.v1.73aa6f9a-b6e5-41a5-910c-ab3f623793f8?ref_=cm_sw_r_apann_aipsfphoto_EG4GZ6JK5JK8HQJNXP26&language=en-US,https://i.pinimg.com/originals/34/a6/b8/34a6b81e7cae7f5b6637debd434ef474.jpg,611,995,0,2026-02-12
2026-09-01,organizacao de cozinha,495044184065505036,46,3332,0,This Hidden Kitchen Storage Spot Is Genius,,,https://i.pinimg.com/originals/b5/5d/22/b55d2208658adf877a7bb68c45180831.jpg,1080,1920,0,2026-06-07
2026-09-01,organizacao de cozinha,Aeudh2qz3z3FdyT8l-oKpr08C8CvsJsDVtE96WhsxpwDbILVaN_4mCml0Jwq6GV04GfuyDvxeew-zpQhzrmMvAQ,47,8,0,Modern Gold Square,comforsyco.com,https://comforsyco.com/products/gold-square-brushed-brass-kitchen-handles,https://i.pinimg.com/originals/09/58/37/095837426c0683be556a34e3a3976492.jpg,1000,1500,0,2026-07-15
2026-09-01,organizacao de cozinha,704039354277925945,48,19811,0,¿Cómo ordenar y organizar la cocina? | Gourmet,gourmet.cl,https://www.gourmet.cl/ordenar-organizar-la-cocina/?utm_campaign=noviembre-blog-gourmet_&utm_medium=linkad&utm_source=facebook&utm_content=como-ordenar-la-cocina&fbclid=PAAaYn48T306Mqvas-jLWNAUO95lpKQLGZS7rzbwyQiXziU2V0MQdCbAxZVPU,https://i.pinimg.com/originals/88/2a/dd/882addd04183ac7e96c3bd1805e84099.jpg,1200,1679,0,2024-04-04
2026-09-01,organizacao de cozinha,1618549865370318,49,6015,0,tidy 🤎,,,https://i.pinimg.com/originals/67/e0/e5/67e0e5838e29a2fe92af5699d0edd926.jpg,1168,1752,0,2026-07-07
2026-09-01,organizacao de cozinha,9992430419240991,50,1209,0,,,,https://i.pinimg.com/originals/7a/ac/51/7aac5191c99b66a0292763889614adbc.jpg,1024,1536,0,2026-06-22
2026-09-01,organizacao de cozinha,22658804371189901,51,177,0,Cozinha Organizada do Zero,s.shopee.com.br,https://s.shopee.com.br/1BIyrmhdUv?channel_type=pinterest,https://i.pinimg.com/originals/da/62/77/da6277b9476ba97e82f38b7a1e80c4a1.jpg,736,1104,0,2026-08-06
2026-09-01,organizacao de cozinha,Ae-4JtM6mRdRfY-qoD535xlCs0YZOr7eISBOFBy5csyVJzaggMGYQPIWX_LQr3d-KHxd881pT7664dhUBLXd5Ko,51,594,0,Chic Coffee Bar Finds,amzlink.to,https://amzlink.to/az0KEYfvVygqn,https://i.pinimg.com/originals/29/b7/3c/29b73cf32e6a37310d9a1e352d147a6a.jpg,2160,3840,0,2026-07-25
2026-09-01,organizacao de cozinha,AaHTn4qV4kopisW3kj6ongwn3cgjZqRhwLLCxCy8Wzc0V-qhfqcFTKoOe3ywi2Eop9hptCnFb3SjUc1VxNL9ziw,52,13,0,Amazon Organization Finds,amzlink.to,https://amzlink.to/az0f8SUB9CVTs,https://i.pinimg.com/originals/cd/5f/6f/cd5f6f46ae466a10f1256d3c801c3a91.png,1000,1500,0,2026-08-10
2026-09-01,organizacao de cozinha,AWgCjWIooLBKtfj3BARfH8nVOA8wgtL_CEIto0PH55-3DMz8IDsS7Kf6UaMraxSfzA4YbXXgRh49sC2-zuVqQzg,53,21,0,Slim Kitchen Cabinets in,buywholesalecabinets.com,http://www.buywholesalecabinets.com/,https://i.pinimg.com/originals/37/ac/61/37ac61b0c185947097825d27621ede66.jpg,1000,1500,0,2024-08-07
2026-09-01,organizacao de cozinha,1150951248554237084,54,654,0,Dream Kitchen Pantry Organization | Neat and Warm Storage Ideas,amazon.com,https://www.amazon.com/shop/influencer-0b83097b/list/1TYET4QE5R2MO?ref_=aipsflist,https://i.pinimg.com/originals/13/1e/85/131e857368b817c82023b829c262c36a.jpg,736,1104,0,2026-07-08
2026-09-01,organizacao de cozinha,8866530509332317,55,7588,0,,amazon.com,https://www.amazon.com/gp/product/B00KAZ12OS/ref=as_li_tl?ie=UTF8&amp;camp=1789&amp;creative=9325&amp;creativeASIN=B00KAZ12OS&amp;linkCode=as2&amp;tag=cessclusive-20&amp;linkId=50c574743e3db0ec29d4221f932f3c40,https://i.pinimg.com/originals/2c/73/c5/2c73c516666376c4f660a2e4d83f208e.jpg,564,704,0,2023-10-09
2026-09-01,organizacao de cozinha,AShHftRl-b-pF4V-J465Vmm3sI04ir1vxl0NNPPhFR6AOFTuuuHvbi2NEsjkosoBXhTciL50daPCYsaBctkL-fU,56,55,0,"Comment PANTRY for links! 🍅 Pantry organization hacks you’ll either love… or hate. 🤭 I know this organization approach isn’t for everyone, but for me, having bins and containers that corral everything",instagram.com,https://www.instagram.com/reel/DOHXteQCQ2d/,https://i.pinimg.com/originals/a9/e8/49/a9e849d35f86fee95a26fc21f4c46e2d.jpg,1080,1920,1,2025-09-03
2026-09-01,organizacao de cozinha,Aek8vDyTMgdl5IktsKmB9WWuQdfO9nRTEkOKwXNfw8Jyhg_wfgRiDP2MlmES8GQVNH_UQ8sBsgT1_ZeslGcU3LQ,57,226,0,Conversions | Minimalist,prado.com,https://prado.com/us/products/unifit-outlet/?cvg_source=pinterest&cvg_adid=%7Badid%7D&cvg_cid=%7Bcampaignid%7D&utm_source=pinterest&utm_medium=cpc&utm_campaign=%7Bcampaign_name%7D&utm_term=%7Badgroupname%7D&utm_content=%7Badid%7D,https://i.pinimg.com/originals/af/79/e4/af79e43173f737cee28732bfd2a67599.jpg,5444,8162,0,2026-03-23
2026-09-01,organizacao de cozinha,1049760994415014322,58,2326,0,10 Amazon Home Organization Products Professional Organizers Secretly Buy,amazon.com,https://www.amazon.com/shop/musthavz.viviana?ref_=cm_sw_r_apin_aipsfshop_CBGJ7H5GZA8BDXNC22AT&language=en-US,https://i.pinimg.com/originals/22/5d/4e/225d4e32c6823875d5a28267dfd92c78.jpg,735,1174,0,2026-07-16
2026-09-01,organizacao de cozinha,AYuujPEBKArV_EgrB41Rjw9Fv-4mOo2XrDb8abfTJK6okl2H7_SpYgcHi-Wn-pPiLFPMQZClBr9VNkXpggh2bIo,59,254,0,Dreamy Butler's Pantry |,traditionhardware.com,https://www.traditionhardware.com/products/bougie-pull,https://i.pinimg.com/originals/29/f6/9d/29f69dfedf9017faf9d62b5b825c2124.jpg,2000,3000,0,2026-03-18
2026-09-01,organizacao de cozinha,702913454370242921,60,1965,0,Kitchen Organization Best Practices To Transform Your Space Shea Co Design,,,https://i.pinimg.com/originals/17/b0/96/17b0967afa988a0718881fc3e82514d4.jpg,500,749,0,2024-01-14
2026-09-01,organizacao de cozinha,AbAdBOZ0Gpq-gv4pzhLIGl6qc4dZdGj-Lana5Jys0OtKPARwDrN_33DFKECezrNCKGn0xNkyHvUV-6CKVY1Ug3A,61,14,0,How to Style a Modern,twopagescurtains.com,https://twopagescurtains.com/collections/linen?utm_source=preciso&utm_medium=cpc,https://i.pinimg.com/originals/34/dd/69/34dd694ee27183d172017ee367fc2fc3.png,1000,1500,0,2026-07-29
2026-09-01,organizacao de cozinha,667306869833621143,62,1,0,Como Organizar os Mantimentos e Ganhar Mais Espaço na Cozinha 🏠✨,,,https://i.pinimg.com/originals/b6/8e/de/b68ede7df3dfd568e08e1517cfdf168f.png,848,1264,0,2026-08-12
2026-09-01,organizacao de cozinha,AeIW-5ieq3RhaRwMB7JwBjWfYLF_9n5-AYQ71I1nCMBuxwMesqYrcqVcDDJpPafJ8QggQX8Gw1kEE1zlVFgUzvA,63,40,0,"Do you call it the scullery? The “dirty kitchen”? The butler’s pantry? Whatever you call it, we’re here for it. Sink is our bestselling NativeStone Farmhouse 3018 in Ash. Design is by the incredible @",instagram.com,https://www.instagram.com/p/DCy36ShOusP/,https://i.pinimg.com/originals/cc/a9/70/cca97061d6499a551e22a874c953887b.jpg,1080,1350,0,2025-04-15
2026-09-01,organizacao de cozinha,667306869833616847,64,8,0,Maneiras de Organizar o Armário da Cozinha e Ganhar Mais Espaço ✨,,,https://i.pinimg.com/originals/44/3a/73/443a73d5679a3611e63cb79bb2413e2a.png,848,1264,0,2026-08-12
2026-09-01,organizacao de cozinha,473089135882725536,65,2,0,Prateleiras Organizadoras para Cozinha | Mais Espaço no Armário,link.amazon,https://link.amazon/B04CAWPdC,https://i.pinimg.com/originals/56/6c/bf/566cbf5498aed839aa22634bf4d66ba9.png,1024,1536,0,2026-08-22
2026-09-01,organizacao de cozinha,1109996639438381563,66,3714,0,Nobody Thinks To Use This Cabinet Space,homekitchensolutions.net,https://homekitchensolutions.net/en/cabinet-door-cutting-board-wrap-storage,https://i.pinimg.com/originals/74/e5/51/74e5511cd1efc071d11bfa672bb06641.jpg,1080,1920,0,2026-07-06
2026-09-01,organizacao de cozinha,AVLS6F56Mlk4OHQTL6VEe8WpO3kVOjP6pRpDEe8M6PoybavqMtMf6IQGwUa9T5psActYP75UR8A6vMZ091T9scw,67,0,0,Real Simple Set Of 12,athome.com,https://www.athome.com/real-simple-set-of-12-spice-jars-with-tiered-acacia-wood-tiered-rack/125025202.html,https://i.pinimg.com/originals/ea/cd/10/eacd107d8e23829f7350641a4ece04bd.jpg,1000,1500,0,2026-08-29
2026-09-01,organizacao de cozinha,461759768057815184,68,7,0,"Cozinha: Cozinhar, Organizar e Limpar!",organizaracasa.com,http://www.organizaracasa.com/cozinha-cozinhar-organizar-e-limpar/,https://i.pinimg.com/originals/fb/33/63/fb3363bc7855c11594937180cf9bf80e.jpg,400,600,0,2023-02-03
2026-09-01,organizacao de cozinha,AX3UDhfEyW-V-GNcTuF32sC5bTExXvw7ZVyuf7plMZFTnP5orGTXQUd2Bt-9LnpiV-FZUO6kmq5PyPe_YzwFrMc,69,187,0,Modern Kitchen Design |,l8r.it,https://l8r.it/qwhs,https://i.pinimg.com/originals/a1/19/61/a11961ca9cd5e4168b0c9cd07c56d3dd.jpg,1024,1536,0,2022-11-22
2026-09-01,organizacao de cozinha,AdWxwpm0Uw6fpoGmRn4QnTa8nT0l_IevgIUg5gbRn_4un7D8_rWbw0jryx6NwhyUq4RIC43UIWgdiLsjN3cQC3A,70,7,0,See what @kayleejump is,target.com,https://www.target.com/p/2pc-acacia-turned-salt-shaker-and-pepper-grinder-set-threshold-8482/-/A-81815141,https://i.pinimg.com/originals/f3/61/b8/f361b8ded9486d1f8235a7b5eea81c3c.jpg,1440,1791,0,2026-08-19
2026-09-01,organizacao de cozinha,844493676972913,71,1143,0,,amzlink.to,https://amzlink.to/az0l1QxhsIKbj,https://i.pinimg.com/originals/5f/65/15/5f6515562bc5ec7b2b3fd236f2ff1de0.jpg,675,1200,0,2026-08-17
2026-09-01,organizacao de cozinha,Aay-2hWqWl_JnyRRwPzvOGmNWFvtMdl3TL3NlsB1ds2YmAUcy4YwJV7n5Wdo8AhpA0V51M0zo5XIjIXGUjZdWoI,72,1,0,There’s nothing quite like a luxury kitchen…. Where the insides of the cabinets and drawers are as beautiful as the outside. ✨ #customkitchen #bespoke #interiordesign #kitchendesign #3ddesign #accessi,instagram.com,https://www.instagram.com/reel/DDIVDA3Ss2E/,https://i.pinimg.com/originals/d4/20/0c/d4200cbfdce207fb731a3398f8feca50.jpg,720,1280,1,2025-04-02
2026-09-01,organizacao de cozinha,AflJGJtpkkrgFQ1Q7gmebJtWrR70EVE-JPREkZg4Cx-ZD9g2MCFEIZemnNSNFE1iXvKsMAS48LxMjXlNbqLDiac,73,1,0,Warm Neutral Kitchen With,drift-ia.com,http://www.drift-ia.com/,https://i.pinimg.com/originals/1a/f9/8c/1af98c7dfd98b2a8654766215bbafc0f.jpg,4000,5997,0,2026-08-05
2026-09-01,organizacao de cozinha,1130825787714635278,74,297,0,,,,https://i.pinimg.com/originals/7f/86/ad/7f86ad9bb840e6f4c70e505005f8dadf.jpg,695,1244,0,2026-07-28
2026-09-01,organizacao de cozinha,792774340702115402,75,5808,0,,amazon.com,https://www.amazon.com/shop/alexaanu2/photo/amzn1.shoppablemedia.v1.2c288db7-7f19-4ea1-b8b1-86f27016e33a?ref_=cm_sw_r_apann_aip_sf_photo_spv_ofs_mixed_m_pspvrd_T8EQ666PC4S8369A4CHF&language=en-US&utm_source=Pinterest&utm_medium=organic&ccs_id=373cea07-716b-4a83-8569-6a1666bcd3dc,https://i.pinimg.com/originals/f2/a5/2a/f2a52a99754589dc0bb555d84db33381.jpg,900,1260,0,2026-03-20
2026-09-01,home office pequeno,Acl06oIsc4JZgq7KUHs1zvH9i7NHjISUiOw_eEnYmfRts1Nv3SDjFJ4sJKY8lj2bpAFaXMZw_fEj0E3XnPIuHko,1,48,0,Shop this room,wayfair.com,https://www.wayfair.com/discover/filters/idea/398373640?creative_id=663663,https://i.pinimg.com/originals/84/c3/cf/84c3cf8a21af0b0ede35d8f1ee9a0d39.png,1000,1500,0,2026-03-11
2026-09-01,home office pequeno,417357090489912014,2,148,0,O Home Office Integrado ao Quarto que Parece um Projeto Sob Medida ✨,,,https://i.pinimg.com/originals/b5/5b/c0/b55bc0432f59db8fdcd6bf3921c7bccc.png,1023,1537,0,2026-08-22
2026-09-01,home office pequeno,AXmTi9ByELaFxeklPuiJGImefTkFzopcC8zJupISLEPDAH5EFhHg3xXvnw0C5t-Pj5GI83PMMSIzvnJ0GbIYOXI,3,172,0,Simple Home Office,amzlink.to,https://amzlink.to/az0GzNC3s91tx,https://i.pinimg.com/originals/5c/d6/84/5cd684701361beec9422225838f1d55b.png,1000,1500,0,2026-04-11
2026-09-01,home office pequeno,912612311996001281,4,358,0,A Verdade é Que Ninguém Te contou sobre decoração para Home Office Pequeno — Veja Como Acertar Agora,decoreorganize.com.br,https://decoreorganize.com.br/ideias-de-decoracao-para-home-office-pequeno/,https://i.pinimg.com/originals/c4/d9/b0/c4d9b09f512858920b8cda1273ced9e8.jpg,672,1024,0,2025-07-07
2026-09-01,home office pequeno,AazHJnqlEd5NmBQRIv3N0EVCw1GS0gK7gaX0UZkpjArrcneCkh80juL8QrsRXeDdEExSYa1fCnP2DCp3rklCNKc,5,6,0,Modern Office Design with,eurekaergonomic.com,https://eurekaergonomic.com/products/two-drawer-electric-standing-desk-60?utm_source=pinterest&utm_medium=social&utm_campaign=pina,https://i.pinimg.com/originals/74/0c/7c/740c7c98fb499050563dd9c622fe4bf3.png,1000,1500,0,2026-08-17
2026-09-01,home office pequeno,140806235326841,6,10752,0,,,,https://i.pinimg.com/originals/24/c0/18/24c018dd5d65e3aaae31646aed464bea.jpg,1024,1536,0,2026-07-26
2026-09-01,home office pequeno,62698619808899701,7,462,0,,,,https://i.pinimg.com/originals/0b/90/b0/0b90b0000aec61bee51a5faa670f07d1.jpg,1080,1920,0,2026-08-22
2026-09-01,home office pequeno,23432860626323812,8,187,0,Small Study Table Ideas for a Cozy and Modern Home Office Setup,insaneglaciersun.github.io,https://insaneglaciersun.github.io/?id=/small-study-table-ideas-for-a-cozy-and-modern-home-office-setup/,https://i.pinimg.com/originals/9b/8e/ea/9b8eeaafe1cc75ba0494090d2f359e6a.png,941,1672,0,2026-08-22
2026-09-01,home office pequeno,AW5XR1ZMjYPcVrj6RDbFxgrcv2hi4M76xeIZEzqv4VH2cEpZ_WWto7vlc_rhaLbIJXvr--TJ_YSXsHhKJ3EV92Y,9,0,0,HULALA HOME Adjustable,hulalahome.com,https://hulalahome.com/pages/adjustable-stand-up-desk,https://i.pinimg.com/originals/cd/0e/24/cd0e2476c6ba0a5192083da23b6ac5c1.jpg,720,1280,1,2026-06-29
2026-09-01,home office pequeno,1118722363716813199,10,123,0,Green-Luxe Home Office: Minimalist Desk Glow,,,https://i.pinimg.com/originals/9a/71/8b/9a718bbec413afec5925a7eab5ee6155.png,1024,1536,0,2026-08-11
2026-09-01,home office pequeno,AUFcHpL5Y9k5qXRmP6upPXmiCbwdUGuVSstjAugQUwy46rC-e1rG0fahmKmctt3mV_RaDVCfYMBdkEQLkF5CXtM,11,14,0,"LITTLE TREE 63"" Long",amazon.com,https://www.amazon.com/LITTLE-TREE-Farmhouse-Executive-Workstaticon/dp/B0GYRQ8ZYM/ref=asc_df_B0GYRQ8ZYM?hvdev=%7Bdevice%7D&hvcampaign=%7Bcampaignid%7D&hvadgroupid=%7Badgroupid%7D&hvprdptid=%7Bproduct_partition_id%7D&hvprdgrpid=%7Bpromoted_product_group_id%7D&hvcr=%7Bcreative_id%7D&hvadid=%7Badid%7D&hvprdid=%7Bproduct_id%7D&hvplc=%7Bplacement%7D&psc=1&tag=%7Bifnotmobile:ushpadpinde-20%7D%7Bifmobile,https://i.pinimg.com/originals/3d/46/8b/3d468bd6d42dbad2c222cccf805800a8.jpg,1001,1200,0,2026-05-26
2026-09-01,home office pequeno,AST2AlZb28dP6usumn6jZ4qcVnTcqDRNMI2S_6SQjZ-7km0CUM_9_-9bWR5bHsVe-9AejSr4ARj_v6u-RWTdi8o,12,0,0,"Bestier 52"" Gaming Desk",walmart.com,https://www.walmart.com/ip/Bestier-52-Gaming-Desk-with-LED-Lights-L-Shaped-Desk-with-Power-Outlet-Monitor-Stand-Corner-Computer-Desk-in-Carbon-Fiber/5324111696?wmlspartner=wlpa&selectedSellerId=101066018,https://i.pinimg.com/originals/07/7a/62/077a62131fa9cb389ecffdc0c958090b.jpg,2000,2000,0,2026-08-28
2026-09-01,home office pequeno,AUT1wKtGlDfItf2YnrzgUODpbj_C4swpI6G5ky6xUnx-2L7SotSa6p2jfzPEwC0SVTr7wBN1GTJr2lpV1Sc271s,13,16,0,40 Women's Home Office,realestatespice.com,https://realestatespice.com/home-office-ideas-for-her/,https://i.pinimg.com/originals/b0/af/41/b0af41b26e4aef8f0529a186f54e8f3a.webp,750,1550,0,2026-08-12
2026-09-01,home office pequeno,7670261863016190,14,1347,0,,,,https://i.pinimg.com/originals/8e/8d/c0/8e8dc0061783d49dbe1ad0c5ca83db42.jpg,1009,1200,0,2026-08-21
2026-09-01,home office pequeno,380132024822224685,15,52,0,,,,https://i.pinimg.com/originals/6a/8c/e0/6a8ce0512a7af769d77b4ae73dc044a4.jpg,1024,1536,0,2026-08-22
2026-09-01,home office pequeno,AZKiRsarT5MIkoBnT0NrWOoWDw_xAY1dwsfsVFiG13Cp0I104v54hhpXP8vkcTN3w7WULRnktosgtdhfI520-h4,16,2,0,Realyn 60 in. Rectangular,homedepot.com,https://www.homedepot.com/p/Signature-DESIGN-BY-ASHLEY-Realyn-60-in-Rectangular-White-Brown-2-Drawer-Desk-with-Storage-Power-Outlets-and-USB-Ports-H743-34/332593549?cm_mmc=psoc-pinprg-%7Bcampaignid%7D-%7Badgroupid%7D,https://i.pinimg.com/originals/67/af/b5/67afb5eb33ca654dc2b0573fcd2861e6.jpg,1000,1000,0,2026-03-04
2026-09-01,home office pequeno,ASBYgsIuXJA-cVEeEXPYTCEUe6pmffPzkqfxrwQdZ-OeD7LLWjbfA4edIIqBH0Ta-Wqv57OFjauGexwZNVgxMYE,17,372,0,Amazon Office Idea,amzn.to,https://amzn.to/4fjwZew,https://i.pinimg.com/originals/45/7f/a8/457fa826c9f6b75e85349f0fb8d97575.jpg,1000,1500,0,2026-07-15
2026-09-01,home office pequeno,1110348483158108615,18,2594,0,Computer Desk Ideas | Floating Corner Desk Setup with LED Lighting,,,https://i.pinimg.com/originals/6d/cb/59/6dcb59a68cd5fcb5cb4540502fcfc44b.png,1792,2400,0,2026-07-18
2026-09-01,home office pequeno,AZy9YjLF4DMDvWEsKKuCTh3Rc9oqqetj39z3zwUU-QT1an8H9j1qDNNEJijNFv3aB16_poxq8gNIx2ZGVb8XZlk,19,7,0,Humply Modern Minimalist,homary.com,https://www.homary.com/lditem/modern-minimalist-style-l-shaped-desk-solid-with-3-drawers-60-inch-executive-office-desk-47667.html?currency=usd&language=en&country_code=us,https://i.pinimg.com/originals/b8/ac/ed/b8acedabe9fd6b34607b8ff16e494939.jpg,1000,1000,0,2026-07-07
2026-09-01,home office pequeno,ASC-w0svSHRpzrcLwC-oUCqfXiO1oMWBxfNRpYoVA-j0QYFazv4FM9EbmKGlHb2rU4FSrylw5hxXiEa2mnliQCc,20,537,0,Home Office,shopltk.com,https://www.shopltk.com/explore/Salt_and_Home/posts/038ec15e-0791-11ee-bfdb-0242ac110005,https://i.pinimg.com/originals/ce/cb/67/cecb6760a621f1f280fa45b170356b8d.jpg,1290,1900,0,2025-01-23
2026-09-01,home office pequeno,6544361955476295,21,109,0,Cozy Small Apartment Home Office Ideas for a Productive Workspace,,,https://i.pinimg.com/originals/fa/2a/ad/fa2aad5d91298685bd218b202a46e6a9.png,1024,1536,0,2026-08-18
2026-09-01,home office pequeno,AewBbS8NPWijkkPy_SFxipMj_a4skFCZFqjcZ835R0xtuGwH4t7fmBBAmY7W9ZYbY-dSslg2a8cw5a6gikhtSeA,22,1,0,Creme Brulee Paint the,grahambrown.com,https://www.grahambrown.com/uk/product/creme-brulee-paint/145308-master/?utm_source=pinterest.com&utm_medium=social&utm_campaign=pinterest,https://i.pinimg.com/originals/13/6b/5e/136b5eb47e2a969fd6db3e8e826cd5df.png,1050,1575,0,2026-07-08
2026-09-01,home office pequeno,88594317665641771,23,446,0,,,,https://i.pinimg.com/originals/5e/46/54/5e4654254a60841d0929f743a4ff59e5.png,1024,1536,0,2026-08-21
2026-09-01,home office pequeno,Abjib8Pcnp4R70AWz6rWbgIknAw8_tt-3onAUoE4wraJ6zm3rjqueN5WQjLYIyBk_HS5LVnEyZsGsOucILfkIdw,24,1,0,Create a Home Office That,go.roomandboard.com,https://go.roomandboard.com/8E19DC,https://i.pinimg.com/originals/08/50/26/08502672d27858ffb0be0bce4a4c0143.jpg,1080,1920,1,2024-08-09
2026-09-01,home office pequeno,AQ4TnlEnvc5TcQkpZGw9CZBBZ95vDdZ-pzIwmxVeeaXqa0tLFfzi0qG1dRV11_r79wKndO3t54c-hqDBq6ZBQFQ,25,0,0,"Tribesigns 78"" L Shaped",amazon.com,https://www.amazon.com/Tribesigns-Executive-Computer-Furniture-Workstation/dp/B0HFR23SDJ/ref=asc_df_B0HFR23SDJ?hvdev=%7Bdevice%7D&hvcampaign=%7Bcampaignid%7D&hvadgroupid=%7Badgroupid%7D&hvprdptid=%7Bproduct_partition_id%7D&hvprdgrpid=%7Bpromoted_product_group_id%7D&hvcr=%7Bcreative_id%7D&hvadid=%7Badid%7D&hvprdid=%7Bproduct_id%7D&hvplc=%7Bplacement%7D&psc=1&tag=%7Bifnotmobile:ushpadpinde-20%7D%7Bi,https://i.pinimg.com/originals/b8/3f/32/b83f3292b3b445c6faf44c9275e986dd.jpg,1800,1800,0,2026-08-24
2026-09-01,home office pequeno,703756189610499,26,378,0,Home Office Decor for a Calm Organic Modern Study Corner,,,https://i.pinimg.com/originals/4d/c1/4e/4dc14e9e1010f2746280f8e5fab48cac.jpg,1024,1536,0,2026-08-20
2026-09-01,home office pequeno,68750331808151906,27,50,0,Cozy Home Office & Study Corner Ideas,,,https://i.pinimg.com/originals/46/2c/61/462c616194f391978bd5b8873e2782f8.jpg,1200,1800,0,2026-08-19
2026-09-01,home office pequeno,ARaZil_P7m2veGcbS6eUc1Qn8z__UGW9JPoCcSGrfSscroLq-_zOnx88UHt3bP3ulO-3y6SvONA3RrzVDG_D8Qc,28,5,0,LITTLE TREE 63-Inch,amazon.com,https://www.amazon.com/LITTLE-TREE-63-Inch-31-5-Inch-Computer/dp/B0DL9G6326/ref=asc_df_B0DL9G6326?hvdev=%7Bdevice%7D&hvcampaign=%7Bcampaignid%7D&hvadgroupid=%7Badgroupid%7D&hvprdptid=%7Bproduct_partition_id%7D&hvprdgrpid=%7Bpromoted_product_group_id%7D&hvcr=%7Bcreative_id%7D&hvadid=%7Badid%7D&hvprdid=%7Bproduct_id%7D&hvplc=%7Bplacement%7D&psc=1&tag=%7Bifnotmobile:ushpadpinde-20%7D%7Bifmobile:ushpa,https://i.pinimg.com/originals/21/ca/87/21ca871abb55e49d3043f190e7ad47ac.jpg,1800,1800,0,2026-04-07
2026-09-01,home office pequeno,1114429870323966686,29,1263,0,Luxury Study Table Decor Ideas 2026 | Elegant Gold & Beige Desk Setup for a Premium Workspace,,,https://i.pinimg.com/originals/16/49/c7/1649c729569f615d824293f6d4e08cb0.jpg,1024,1536,0,2026-07-22
2026-09-01,home office pequeno,1149051292437570900,30,7300,0,55 Office ideas,,,https://i.pinimg.com/originals/ae/9e/e8/ae9ee8b9b3b55e0d367a83179ec98c2a.jpg,736,1104,0,2025-06-27
2026-09-01,home office pequeno,5066618331790339,31,391,0,,,,https://i.pinimg.com/originals/67/1a/04/671a049ef9fcdefdd61713093efd6058.png,1036,1519,0,2026-08-13
2026-09-01,home office pequeno,AQrMZgurUjDxZJFO8ClM_jLZU2aTOKnJBP4kwVpOg1KPzTXe5vz2mM4w9tb-0pmpVoDa2RaRyn-hVnA31l0t0Xk,32,0,0,SimpArt Executive,amazon.com,https://www.amazon.com/SimpArt-Executive-L-Shaped-Workstation-Furniture/dp/B0GYCJR2J3/ref=asc_df_B0GYCJR2J3?hvdev=%7Bdevice%7D&hvcampaign=%7Bcampaignid%7D&hvadgroupid=%7Badgroupid%7D&hvprdptid=%7Bproduct_partition_id%7D&hvprdgrpid=%7Bpromoted_product_group_id%7D&hvcr=%7Bcreative_id%7D&hvadid=%7Badid%7D&hvprdid=%7Bproduct_id%7D&hvplc=%7Bplacement%7D&psc=1&tag=%7Bifnotmobile:ushpadpinde-20%7D%7Bifmo,https://i.pinimg.com/originals/b6/1b/15/b61b15a9f262ee0bb4112c881dd22cd4.jpg,1185,1200,0,2026-05-20
2026-09-01,home office pequeno,63965257213225910,33,248,0,Vem Montar Comigo Esse Home Office Pronta Entrega,,,https://i.pinimg.com/originals/ad/20/91/ad209123397e5dd0fef0e0774c301068.png,1024,1536,0,2026-08-12
2026-09-01,home office pequeno,1092756297111765342,34,804,0,Estilo de oficinas modernos,,,https://i.pinimg.com/originals/e8/79/b2/e879b253fe73c6541a8cdd5f86590612.jpg,736,1104,0,2026-06-29
2026-09-01,home office pequeno,ASZLf9nmRGLCwgY_LIvLgJ2zgkcDk29SeouOnlI1Rikm3nQmfB6FFHOIGky9lvkIdkhPUzk-UJq3GxnHunFMSHk,35,5,0,"LITTLE TREE 63"" Long",amazon.com,https://www.amazon.com/LITTLE-TREE-Farmhouse-Executive-Workstaticon/dp/B0GTP6FT1V/ref=asc_df_B0GTP6FT1V?hvdev=%7Bdevice%7D&hvcampaign=%7Bcampaignid%7D&hvadgroupid=%7Badgroupid%7D&hvprdptid=%7Bproduct_partition_id%7D&hvprdgrpid=%7Bpromoted_product_group_id%7D&hvcr=%7Bcreative_id%7D&hvadid=%7Badid%7D&hvprdid=%7Bproduct_id%7D&hvplc=%7Bplacement%7D&psc=1&tag=%7Bifnotmobile:ushpadpinde-20%7D%7Bifmobile,https://i.pinimg.com/originals/4a/a2/b1/4aa2b1c227091c3d6954f92e292ddb90.jpg,1500,1500,0,2026-05-18
2026-09-01,home office pequeno,ASunK6WnKFj0YwHRHq9z4mBuY93bIMHGw5k1iH4O_qZUPtb2EyLdUZuZeaq_hUPCW8hNglI2z85gBoMn1r2zfaw,36,0,0,Luxurious Modern,maoters.com,https://www.maoters.com/luxurious-modern-executive-office-desk?variant=MTL61052,https://i.pinimg.com/originals/65/fd/a0/65fda070e342eeb216ae699303510b03.webp,1000,1000,0,2026-08-07
2026-09-01,home office pequeno,1970393584637558,37,8804,0,,,,https://i.pinimg.com/originals/37/67/81/3767816f02cd39d9e4421cb787475ed1.jpg,736,981,0,2026-08-14
2026-09-01,home office pequeno,288230444925452712,38,93,0,"Home Office Organisieren, So Wird Dein Arbeitsplatz Produktiv (Inspo!)",,,https://i.pinimg.com/originals/9c/aa/d3/9caad3e3b63bf460bec19538f005956c.png,1000,1500,0,2026-08-19
2026-09-01,home office pequeno,ATOvyWMbH5A3xWsuYTnNNlo6JTatA6exEbdo0U3Yg2graMHREdPdRXI2cWttjnOyEr6RLZiSlWhVSvw9_9av_J8,39,0,0,Elevate Your Workday,store.haworth.com,https://store.haworth.com/collections/a-home-for-life,https://i.pinimg.com/originals/63/22/31/6322312c4809eb771604d6d798b570d9.jpg,720,1280,1,2025-10-03
2026-09-01,home office pequeno,1149262398689775476,40,17,0,Cozy Home Office: Modern Study Corner,,,https://i.pinimg.com/originals/dc/e5/d4/dce5d4a1177dbf169b6fff3fe0e94c40.png,941,1672,0,2026-08-15
2026-09-01,home office pequeno,AS4VehWw5N-uH06TGUcUHJsGRWcDMvXj062SNaZ2Gy1iV9UBvhGlLe6zKpfmPwqqKVFmdjWyoW3esR5CtCR-Xt8,41,1,0,LBCZJYX L Shaped,amazon.com,https://www.amazon.com/LBCZJYX-Executive-Workstation-Furniture-Workspace/dp/B0GZJW3XRD/ref=asc_df_B0GZJW3XRD?hvdev=%7Bdevice%7D&hvcampaign=%7Bcampaignid%7D&hvadgroupid=%7Badgroupid%7D&hvprdptid=%7Bproduct_partition_id%7D&hvprdgrpid=%7Bpromoted_product_group_id%7D&hvcr=%7Bcreative_id%7D&hvadid=%7Badid%7D&hvprdid=%7Bproduct_id%7D&hvplc=%7Bplacement%7D&psc=1&tag=%7Bifnotmobile:ushpadpinde-20%7D%7Bifm,https://i.pinimg.com/originals/58/4c/78/584c78cb0f1d9cdc431b4a3cada9c0f4.jpg,1119,1200,0,2026-06-24
2026-09-01,home office pequeno,1098456165386301012,42,814,0,,,,https://i.pinimg.com/originals/1a/13/7b/1a137b1c90b127e00314cc8831c518d8.jpg,736,1051,0,2026-04-06
2026-09-01,home office pequeno,298011700367966147,43,9,0,Small Home Office Ideas: Cozy Pink & Gold Aesthetic Desk Setup,,,https://i.pinimg.com/originals/e0/09/51/e00951be30c6e0589090dd730f5fde8e.jpg,2731,4096,0,2026-08-22
2026-09-01,home office pequeno,103301385198554844,44,41,0,"Kleines Homeoffice einrichten – stilvoll, modern & platzsparend",,,https://i.pinimg.com/originals/a0/3b/74/a03b74a90b492e1e13656528a092fc70.png,1024,1536,0,2026-08-18
2026-09-01,home office pequeno,AdzapQjMzhY0LbocKQyiHupuhntNJuuw_xiNTUqA1JWC01l1SlNGDiQmRLlbrxJg_l7Pg0wcyNOm_PV5TpOMl88,45,1,0,Temu | Escritorio en,temu.com,https://www.temu.com/ul/kuiper/un3.html?subj=dpa-un&_bg_fs=1&_p_jump_id=1082&_x_vst_scene=adg&goods_id=606071439598139&adg_ctx=a-72822887~c-df194dcb&_p_rfs=1&_x_ads_channel=pinterest&_x_ads_creative_id=%7Bproduct_partition_id%7D&_x_ads_id=%7Badgroupid%7D&_x_ads_set=%7Bcampaignid%7D&_x_ads_sub_channel=shopping&_x_ns_catalog_id=1580405374697&_x_ns_creative=%7Badid%7D&_x_ns_gid=606071439598139&_x_ns_,https://i.pinimg.com/originals/f2/73/c8/f273c841012bda45067e337636215bc2.jpg,1500,1500,0,2026-07-24
2026-09-01,home office pequeno,1088182328739119827,46,889,0,Solução Inteligente Para Espaços Compactos,,,https://i.pinimg.com/originals/ae/9f/da/ae9fdaeb1db8e9f98b4f995a30baad17.png,1122,1402,0,2026-06-23
2026-09-01,home office pequeno,AV8XEdzCVYvN7Qi_NDv1fAAl2ks5yPIWR1ObbDYKkNiRtvKFSN6wDbpN7B_q7xk_sZbb5Qhq37zS6m3VazuMdHk,47,1,0,Temu | 59'' Farmhouse,temu.com,https://www.temu.com/ul/kuiper/un3.html?subj=dpa-un&_bg_fs=1&_p_jump_id=1082&_x_vst_scene=adg&goods_id=606278051025193&adg_ctx=a-55e63507~c-f2504cd0&_p_rfs=1&_x_ads_channel=pinterest&_x_ads_creative_id=%7Bproduct_partition_id%7D&_x_ads_id=%7Badgroupid%7D&_x_ads_set=%7Bcampaignid%7D&_x_ads_sub_channel=shopping&_x_ns_catalog_id=1567707391772&_x_ns_creative=%7Badid%7D&_x_ns_gid=606278051025193&_x_ns_,https://i.pinimg.com/originals/ca/af/3d/caaf3dbb307c142ed454a96f8e86bf81.jpg,2000,2000,0,2026-06-26
2026-09-01,home office pequeno,1127236981795146987,48,4,0,Small Home Office Ideas for a Cozy Apartment 💻🤎,a.co,https://a.co/d/08EjZuDT,https://i.pinimg.com/originals/7d/e7/00/7de7005ff52dc2ba09194fce4378f2b1.png,1023,1537,0,2026-08-18
2026-09-01,home office pequeno,AQmup_uAO3rlU_zMvAcdVZisO9Z2tWeQHPVUaPR6CMN_v1M2_q5UJCAeXkrHQ1ORRlIkc-PgAC4d2gPGVkCsPRs,49,0,0,"Tribesigns 79"" Executive",amazon.com,https://www.amazon.com/Tribesigns-79-Inch-Executive-Cabinet-L-Shaped/dp/B0FYDV8TH9/ref=asc_df_B0FYDV8TH9?hvdev=%7Bdevice%7D&hvcampaign=%7Bcampaignid%7D&hvadgroupid=%7Badgroupid%7D&hvprdptid=%7Bproduct_partition_id%7D&hvprdgrpid=%7Bpromoted_product_group_id%7D&hvcr=%7Bcreative_id%7D&hvadid=%7Badid%7D&hvprdid=%7Bproduct_id%7D&hvplc=%7Bplacement%7D&psc=1&tag=%7Bifnotmobile:ushpadpinde-20%7D%7Bifmobil,https://i.pinimg.com/originals/34/00/fc/3400fc128098fe3ce8dc2274c060cd19.jpg,1200,1216,0,2026-08-14
2026-09-01,home office pequeno,839780661814460179,51,25,0,Cozy Modern Study Corner 🤎✨ | Small Home Office Ideas,,,https://i.pinimg.com/originals/96/3a/bb/963abb591389ae02cc98ecdac63c7b62.png,1024,1536,0,2026-08-19
2026-09-01,home office pequeno,112660428174528674,52,18,0,Home Office Ideas for Small Spaces That Boost Focus & Look Beautiful,,,https://i.pinimg.com/originals/0e/df/de/0edfde6f0569ad34033a57a2a78b1634.png,1024,1536,0,2026-08-18
2026-09-01,home office pequeno,ATQGIuY5qp7DvJq0mCuMlItXSyR6iEj5jMg7-NCu-5s-60fHVuaE_Q8Bsw5HR4tAPJPiLxnDsg7vuQ_OjDLbEJ0,53,40,0,Black Writing Desk,homedepot.com,https://www.homedepot.com/p/FUFU-GAGA-63-in-W-Rectangle-Walnut-and-Black-Solid-Red-Oak-No-Drawer-Writing-Desk-Computer-Desk-Dining-Table-with-Metal-Base-L-THD-590047-01/340675335?cm_mmc=psoc-pinprg-%7Bcampaignid%7D-%7Badgroupid%7D,https://i.pinimg.com/originals/03/19/72/031972a35d4ff467639ac063c3294e22.jpg,1000,1000,0,2026-04-25
2026-09-01,home office pequeno,AYqiLPDM8oGhnBoqvQswMLFGgvhUNXhcwITpAUXrvt4gXEDcPQy0e7IBTjz5ByAM7aTPUbaZKAUJA3W-z5VcL4s,54,1,0,Design a Real Room Online,designwithfriends.com,https://designwithfriends.com/,https://i.pinimg.com/originals/54/a4/e8/54a4e830285f07653881cbd76da761c6.jpg,1080,1920,1,2026-08-14
2026-09-01,home office pequeno,Ac-0kPydVeOuN9WTcRvdwKMLSnBRCwji9IOrFhXx5Zm-6RvIjkyu6k--7bpLfWjHnpow2FJpABzwU-Dgy1z7MBM,55,32,0,Cute Amazon Finds for,amzlink.to,https://amzlink.to/az0SwUyxbris7,https://i.pinimg.com/originals/4e/a8/f0/4ea8f02d92aae1fe8a969cacb38a61bc.png,1000,1500,0,2026-04-10
2026-09-01,home office pequeno,AfKAlBwexfsW97uLDKdHBpAqDNpDkmwQIzddUHWms9cgkVdRvESsChchFR3FSV6dWnrI77TVP833AUZ-mun_oDw,56,1,0,Save up to 80% OFF,rugs.com,https://rugs.com/rugs?collections=outdoor,https://i.pinimg.com/originals/18/07/fb/1807fb5b288bf0b8264b83978ac109ad.jpg,1000,1500,0,2026-04-04
2026-09-01,home office pequeno,1337074889479644,57,30418,0,,,,https://i.pinimg.com/originals/43/16/8f/43168f429c89b4e96c92d94d425787fc.jpg,801,1200,0,2025-07-12
2026-09-01,home office pequeno,1050253575610943597,58,13972,0,,,,https://i.pinimg.com/originals/5d/68/d2/5d68d213c16e109b9fcda0dab2d56935.jpg,736,1104,0,2025-06-15
2026-09-01,home office pequeno,1088182328739126413,59,1508,0,A Solução Perfeita Para Trabalhar Sem Perder Espaço,,,https://i.pinimg.com/originals/c2/e2/75/c2e2751946f0b36cbcce92b994af7b92.png,1024,1536,0,2026-06-23
2026-09-01,home office pequeno,AZHBhPyPSBa5vDD9m0QsEmZh5UOfFZdnCE_xvtnxbTK8PoBgm4y8MexRWPNYKWgRIMi53-ViT-d15Vqq6h9rr_s,60,3,0,L-Shaped Standing Desk,eurekaergonomic.com,https://eurekaergonomic.com/collections/computer-desks/products/tx60r-wn-standing-desk?utm_source=pinterest&utm_medium=social&utm_campaign=pina,https://i.pinimg.com/originals/27/c5/47/27c547c06b49a1ccd458028ff3662c0a.jpg,736,1104,0,2026-08-13
2026-09-01,home office pequeno,AZZnuIBUsq1Z8rYaySRUEm76_q37186xBcQj1-se_MGyn4SLUvsntvxkfP6yVm32E30gAR8B4NaZSPTGOCQbqrA,61,1,0,Cool Blue Aesthetic: Home,ruggable.com,https://ruggable.com/collections/office-rugs,https://i.pinimg.com/originals/cd/19/c8/cd19c863804504a5e1dbf647b338ed9c.png,1080,1620,0,2026-07-13
2026-09-01,home office pequeno,AcUZqHPwrNA9lnXqAyMkhmw1YuZUdFfsAHFYrdYRaETOFLgoEgSH2d4wKtkqZnRO_KE5_56rvzA0L351nXw1Is4,62,20,0,Gold Antique Brass Iron,fourhands.com,https://fourhands.com/product/253833-001?utm_source=pinterest&utm_medium=organic&utm_campaign=prod_sum_26_designer&utm_content=kivo,https://i.pinimg.com/originals/60/ab/6b/60ab6baf5ba273138ec1ed33595823de.jpg,2999,4500,0,2026-07-21
2026-09-01,home office pequeno,31032684930087592,63,1035,0,,,,https://i.pinimg.com/originals/e5/2c/d3/e52cd36e4e22cf9607504aeb1d5816c6.jpg,1024,1536,0,2026-08-11
2026-09-01,home office pequeno,AdmYIlC48qJ05yBa7aacqRQRGClUXlZQGcxEFQLEciwKM0GwP9fDZnRH5zMIaFXBfsP0JEG932-RpKK6BVRRzzY,64,1,0,Inez Medium LED Flush,lights.com,https://lights.com/products/inez-led-flush-mount-16-inch-brass-and-alabaster?variant=52539084865906,https://i.pinimg.com/originals/cc/16/c2/cc16c2230181ace4222f139b7769c410.jpg,1000,1500,0,2026-08-07
2026-09-01,home office pequeno,6473993212709647,65,282,0,,,,https://i.pinimg.com/originals/8f/79/eb/8f79ebed431d631b5c1780b12ca759b1.jpg,1144,2048,0,2026-05-23
2026-09-01,home office pequeno,ATPJJ4mV-FR5pDuxNfaQmnYsX1MEXaW6zF1fqPuy21_ygVGgD_Ct_29LgL0PHXIj1NE5wIA3ZjcV0hF6DYKNlsQ,66,4,0,,walmart.com,https://www.walmart.com/cp/dorm-room-essentials/1225229?sourceid=dsn_pin_fe6229ea-cd44-4854-9ab4-7cea85d8bf6f&veh=dsn&wmlspartner=dsn_pin_fe6229ea-cd44-4854-9ab4-7cea85d8bf6f&cn=01em_fy27_btc_btc_up_int_soc_static-video-pin,https://i.pinimg.com/originals/d9/31/b3/d931b348778da732c3c6aab0813b8c0c.png,1000,1500,0,2026-08-04
2026-09-01,home office pequeno,AWp58pJ3L7n9ghw03KUnTuWLiV2GJMZ2gUXPlNK7ZP9fvmmdafkAR8b_24ivrgXs2jC9mkCY2kMoFxE3nebqVOU,67,217,0,Daisy Spring - Peel &,wildcombhome.com,https://wildcombhome.com/products/daisy-spring-dreams?variant=42227066241083,https://i.pinimg.com/originals/8e/8d/31/8e8d31554881f487f24a58a352028a5a.jpg,3291,4302,0,2026-07-15
2026-09-01,home office pequeno,AYSZu9yi_pm9pomqu4aRtAdRdL798Ctww2ADtwF0FViMKseqXvf-R0DXfl_ekF4uWFA3izGNcP4eFFYpINCO5x0,68,226,0,Konsole Tribesigns:,bit.ly,https://bit.ly/3NvS6jC,https://i.pinimg.com/originals/91/35/da/9135dad2718c246ce3ab1176169cb9a0.jpg,1080,1920,0,2026-03-19
2026-09-01,home office pequeno,820851469635195210,69,49,0,Cozy Home Office Ideas | Modern Workspace Decor,,,https://i.pinimg.com/originals/68/46/9a/68469a1e49a16ce62d63735b8cc59d23.png,1024,1536,0,2026-08-22
2026-09-01,home office pequeno,AcQ6XVAkDsZZ60u3_OmM1_thpt9BiByasOTY1mCMTmtg-LIny-pXFNtJxE0EeGHKKERBpBslH6CpVRdQ5cEi-lE,70,8443,0,Amazon Home Finds That,amzlink.to,https://amzlink.to/az03WcZKt3RXP,https://i.pinimg.com/originals/59/b7/56/59b7568fae2e0534c723dc210c04c085.jpg,720,1280,1,2026-03-18
2026-09-01,home office pequeno,1132233162601353484,71,1,0,Transforme qualquer cantinho em um Home Office Boho,br.pinterest.com,https://br.pinterest.com/curadoriadecorcasa/home-office-produtividade-estilo/,https://i.pinimg.com/originals/47/db/50/47db50b15edb64176e83212e3ae0de24.jpg,736,1120,0,2026-08-19
2026-09-01,home office pequeno,AaIRjALBn3ejf4G9LItqZoGtOZBsWOvzMdGKsbXndB2qzhoqhrLjPCJHIIvzlv9pfbBTKNMhJnpJj1wOF3JlpU4,72,91,0,Interior Design Made Easy,homedesigns.ai,https://homedesigns.ai/,https://i.pinimg.com/originals/1f/96/52/1f9652e334d84bb27daae4cbbf9fc152.jpg,736,1308,0,2026-05-15
2026-09-01,home office pequeno,AWH-fC6jjt5LbTfqhmi3T_Xozg6_XK9rsdlHhaJSTFuuQjRmFROwmT0QqCuVEUUgL5F9SDeONnV4N-rlO_jB2nw,73,1891,0,Project Highlight: The,traditionhardware.com,https://www.traditionhardware.com/pages/the-storybook-playroom,https://i.pinimg.com/originals/0e/5e/02/0e5e02f467f75b24978e1965fb784817.jpg,2000,3000,0,2026-03-18
2026-09-01,home office pequeno,3518505955857903,74,198,0,,,,https://i.pinimg.com/originals/65/b8/d7/65b8d7ad8a4977cce45f6fb7ba21c62b.jpg,1024,1536,0,2026-07-28
2026-09-01,home office pequeno,48976714692628638,75,515,0,"Home Office Moderno 3x2m | Pequeno, Funcional e Estiloso",,,https://i.pinimg.com/originals/98/e2/f9/98e2f98a9f7be82f36fd12329e2acac4.png,1024,1536,0,2026-04-28
2026-09-01,receitas fitness,AQMnG4bwVVdYD4BMj1n0Vc0PbgTBA1U5h4KRzkrQMo6ilqBXYvl-jVvbLZT94Uj_jZo8ptpbDHgyxriSp-3aUO8,2,137,0,High Protein Banana Oat,instacart.com,https://www.instacart.com/store/recipes/15252182?utm_source=Pinterest&utm_medium=cpm&utm_campaign=flip,https://i.pinimg.com/originals/31/84/2b/31842b47d038d965e58e7d5187dfce80.png,1000,1500,0,2026-06-05
2026-09-01,receitas fitness,11751649024004830,3,3229,0,,,,https://i.pinimg.com/originals/37/0a/28/370a280deceebd888fb941042546e8c5.jpg,736,839,0,2026-08-07
2026-09-01,receitas fitness,ATcyyBXuzK_Pd4CGsDb32tOCrwy7ZWfklbY-PNKHNztwaj9hJtIaVLc1UjBSlsY75bIejglfPH_2tS4qXr_lWbM,4,441,0,Start Transformation Now!,quiz.betterme.world,https://quiz.betterme.world/first-page-generated?flow=3068&utm_source=pinterest&utm_medium=organic&utm_content=27_2025-07-11_ira_H-FemaleCutting_K-Remake_CT-29985_Ver-1_pn.jpg,https://i.pinimg.com/originals/8b/a0/46/8ba046a20a7d73109e4eab2401947f90.jpg,1080,1920,0,2026-01-31
2026-09-01,receitas fitness,AU63q4mWcCTMFZDJyJro-Q07-uRldDnegFpbsk9x-0C40ctyeTTjsvzlHu9ydaIZZFHGmh7k-DinZOtn6NhgYQQ,5,1,0,Check GoodRx,goodrx.com,https://www.goodrx.com/well-being/diet-nutrition/best-food-sources-protein,https://i.pinimg.com/originals/95/7d/aa/957daac28a1ae04bbe80050037f6f349.jpg,736,1308,0,2026-07-23
2026-09-01,receitas fitness,137922807336179972,6,166,0,Brownie Fit de Frigideira 🍫💪 | Receita Proteica Fácil com Whey,,,https://i.pinimg.com/originals/40/85/de/4085de2306dd5b564e6c155526732bd5.jpg,1080,1920,0,2026-08-19
2026-09-01,receitas fitness,78179743527970546,7,249,0,"🥕🍰 Bolo de Cenoura Saudável: fofinho, saboroso e sem abrir mão da saúde!",,,https://i.pinimg.com/originals/00/5e/9e/005e9e1de2ee91aa7acdc011251b12a2.jpg,736,1104,0,2026-08-13
2026-09-01,receitas fitness,AR0xHrGjCOZ0CGJpbnuu1NER-R1LeTteFtdwQj7LdUYtOuCkDIrRKofwd_o6aiZRR3oDAvazBLwqSNAmvgM0dBE,8,432,0,Easy Post-Workout Meals,athleticlift.com,https://athleticlift.com/high-protein-post-workout-meals/,https://i.pinimg.com/originals/eb/8b/49/eb8b49bb66f168f9f58736db85d8688a.png,887,1774,0,2026-06-25
2026-09-01,receitas fitness,612067405650494690,9,2914,0,,,,https://i.pinimg.com/originals/59/9e/b4/599eb43d743194b2d9987dce32db9a45.jpg,992,1200,0,2025-12-30
2026-09-01,receitas fitness,753508581458908772,10,3787,0,,,,https://i.pinimg.com/originals/ec/d1/25/ecd125e91c012c9d19edd9d941ceb37d.jpg,736,981,0,2025-06-19
2026-09-01,receitas fitness,1086493478877153555,11,1710,0,,,,https://i.pinimg.com/originals/75/cf/20/75cf20c3ef23b4ae1ce5c34e8ff59c00.png,1024,1536,0,2026-04-09
2026-09-01,receitas fitness,636485359853908864,12,9263,0,"Um pós treino aí pra vocês , uma delícia é muito prático #fitness #Postreino",,,https://i.pinimg.com/originals/e3/07/68/e30768d8b7d31e83b6d12e296409877e.jpg,1080,1920,0,2022-09-02
2026-09-01,receitas fitness,AXWKjQDYWYNnudwjDB0-EWpcoYA_hI6Em3gHk3xeenvkJY48mgTb4Q8XuOe_jZk1gQe_6jcy294NquKND6w68pQ,13,1,0,Jamie Oliver's,uk.pinterest.com,https://uk.pinterest.com/jamieoliver/back-to-school-recipes/,https://i.pinimg.com/originals/8c/f5/68/8cf56820fa5d18a953add6ec8ea5d18b.jpg,969,1279,0,2026-08-13
2026-09-01,receitas fitness,AeVmWmbk1cGnDmCL6l28-dSVfYAhGE67K-cKsw92DLDStDg1Ps3sHKvKppV6nAuT4R_ok09r4eWS47WaXY2rLDo,14,22,0,High Protein & Airfryer -,amazon.com,https://www.amazon.com/High-Protein-Airfryer-Lifestyle-Breakfasts/dp/B0DYYFP44B/ref=asc_df_B0DYYFP44B?hvdev=%7Bdevice%7D&hvcampaign=%7Bcampaignid%7D&hvadgroupid=%7Badgroupid%7D&hvprdptid=%7Bproduct_partition_id%7D&hvprdgrpid=%7Bpromoted_product_group_id%7D&hvcr=%7Bcreative_id%7D&hvadid=%7Badid%7D&hvprdid=%7Bproduct_id%7D&hvplc=%7Bplacement%7D&psc=1&tag=%7Bifnotmobile:ushpadpinde-20%7D%7Bifmobile:u,https://i.pinimg.com/originals/1a/d2/55/1ad2551d204a47aac77ad9a7c8855642.jpg,1000,1499,0,2025-10-20
2026-09-01,receitas fitness,AVydcMJcOIPA8t_nRoz_MgB_DgvZtvCpjLl6yV22OeSOQakPXUwUNODEWppMHCB-wxO86ZKkP-HC1CGNf9rUw_4,15,1,0,Protein Breakfasts Made,amazon.com,https://www.amazon.com/Protein-Breakfasts-Delicious-Recipes-Strong-ebook/dp/B0C2D425XZ/ref=asc_df_B0C2D425XZ?hvdev=%7Bdevice%7D&hvcampaign=%7Bcampaignid%7D&hvadgroupid=%7Badgroupid%7D&hvprdptid=%7Bproduct_partition_id%7D&hvprdgrpid=%7Bpromoted_product_group_id%7D&hvcr=%7Bcreative_id%7D&hvadid=%7Badid%7D&hvprdid=%7Bproduct_id%7D&hvplc=%7Bplacement%7D&psc=1&tag=%7Bifnotmobile:ushpadpinde-20%7D%7Bifm,https://i.pinimg.com/originals/e5/0e/50/e50e500161141655d03e756251edbe9b.jpg,1600,2560,0,2026-03-24
2026-09-01,receitas fitness,676947387781084313,16,3779,0,Receitas fit,,,https://i.pinimg.com/originals/3f/1d/3b/3f1d3be38cb268bedd5d51b7d22d429d.jpg,1080,1920,0,2025-06-12
2026-09-01,receitas fitness,ATEWAIh-war72LMbhD_0uDw_47v6wDjno28-DAPrjhT2Qc7gZ0XnWLLjlaBdRTDRtCdEjbtCFoE3iWjx984-gGI,17,174,0,Minced Chicken and Quinoa,stroller-envy.com,https://stroller-envy.com/minced-chicken-recipes/#wprm-recipe-container-64147,https://i.pinimg.com/originals/8d/c7/4e/8dc74e457aedd7254d778d7546250466.png,2000,3556,0,2026-05-27
2026-09-01,receitas fitness,1196337405712387,18,3709,0,"Grilled Chicken with Fresh Sides & Salad | Healthy, Balanced Dinner Idea",,,https://i.pinimg.com/originals/cb/e6/63/cbe663964f747460c22390fd8e1c8bc3.png,1024,1536,0,2026-06-26
2026-09-01,receitas fitness,347269821291183340,19,71,0,Panqueca Fit🥞,,,https://i.pinimg.com/originals/de/db/37/dedb3739528bdace270e5d76a85bfb79.png,1024,1536,0,2026-08-12
2026-09-01,receitas fitness,AbTdq4YljxcOaSn7E2AwzqDPRMKhlSq3P0Kn5sp9sHN9ffact2m5Ru3CXVSA4EbGx_DXgHOcBrctbXUxNv7WKCo,20,47,0,50 COTTAGE CHEESE BOWL,amazon.com,https://www.amazon.com/COTTAGE-CHEESE-BOWL-RECIPES-BREAKFAST/dp/B0F8VHSPRR/ref=asc_df_B0F8VHSPRR?hvdev=%7Bdevice%7D&hvcampaign=%7Bcampaignid%7D&hvadgroupid=%7Badgroupid%7D&hvprdptid=%7Bproduct_partition_id%7D&hvprdgrpid=%7Bpromoted_product_group_id%7D&hvcr=%7Bcreative_id%7D&hvadid=%7Badid%7D&hvprdid=%7Bproduct_id%7D&hvplc=%7Bplacement%7D&psc=1&tag=%7Bifnotmobile:ushpadpinde-20%7D%7Bifmobile:ushpad,https://i.pinimg.com/originals/4d/00/c5/4d00c532ccf59773bdd7afc504151730.jpg,1000,1293,0,2025-10-25
2026-09-01,receitas fitness,AUWxp5JE8ZGKmXvgBguQdGaUixIidrJCb0PdRSdhwLxoo82rkO4inonx6TqRkER7l0AKofzGBtoZM-ApIOk7RBE,21,2445,0,Probiotic Sweet Potato,lifewaykefir.com,https://lifewaykefir.com/recipes/probiotic-sweet-potato-protein-bowl/,https://i.pinimg.com/originals/02/27/5c/02275cacd643cee98f8eae8060477a3c.png,1000,1500,0,2025-05-02
2026-09-01,receitas fitness,836191855815074768,22,664175,0,,eatwell101.com,https://www.eatwell101.com/roasted-potatoes-carrots-zucchini-recipe,https://i.pinimg.com/originals/fb/bf/12/fbbf12bc47e4356fbd1487ee0c47dce7.jpg,1080,1620,0,2021-04-03
2026-09-01,receitas fitness,AZdpN-RQt0k3fE1qZUzJ9DzoZhCknQm1TSmIxQPYrGGpAteLfpdkYYvWmac20DWhlYypQi-KRp8tniudkMEaR_8,23,3,0,High-Protein Salads —,amazon.com,https://www.amazon.com/High-Protein-Salads-Protein-Packed-Weeknight-beans-plus/dp/B0GC4C9RV8/ref=asc_df_B0GC4C9RV8?hvdev=%7Bdevice%7D&hvcampaign=%7Bcampaignid%7D&hvadgroupid=%7Badgroupid%7D&hvprdptid=%7Bproduct_partition_id%7D&hvprdgrpid=%7Bpromoted_product_group_id%7D&hvcr=%7Bcreative_id%7D&hvadid=%7Badid%7D&hvprdid=%7Bproduct_id%7D&hvplc=%7Bplacement%7D&psc=1&tag=%7Bifnotmobile:ushpadpinde-20%7D,https://i.pinimg.com/originals/d2/0b/cc/d20bcc11f8642fe48ed9b036ba2eac53.jpg,1000,1545,0,2026-04-17
2026-09-01,receitas fitness,92323861106664252,24,17194,0,"Healthy Chicken Pasta Salad - #chicken #salad #eatwell101 #recipe - Packed with flavor, protein and veggies! This healthy chicken pasta salad is loaded with tomatoes, avocado, and fresh basil. - #reci",eatwell101.com,https://www.eatwell101.com/healthy-chicken-pasta-salad-recipe,https://i.pinimg.com/originals/a6/20/35/a6203565d624c291cb4453c80d8731ef.jpg,1080,1620,0,2024-07-11
2026-09-01,receitas fitness,AdwixTHju0OHRNkFoljFGi8rcb4cTUnYfAhVrT8QUlrihqzeK-Anyca4phrkZzhCfXF7aibFpX_uI_yBSh_G-3c,25,687,0,High Protein,organicvalley.coop,https://www.organicvalley.coop/recipes/high-protein-fluffy-pancakes/,https://i.pinimg.com/originals/52/14/5e/52145e534723c73e0e4dc6d0bb8fc6fb.jpg,1000,1500,0,2026-01-14
2026-09-01,receitas fitness,Abs07S7jIXZ2S8vwbv21zb7BAoynHaHqh15PPloR8zBDqONLVUKUQftsyCCv3D2fT3Xi-0XUXKuhLcv_bPORFiQ,26,0,0,50 High Protein Bowls:,amazon.com,https://www.amazon.com/50-High-Protein-Bowls-Flavor-Packed/dp/B0HDNHRFFR/ref=asc_df_B0HDNHRFFR?hvdev=%7Bdevice%7D&hvcampaign=%7Bcampaignid%7D&hvadgroupid=%7Badgroupid%7D&hvprdptid=%7Bproduct_partition_id%7D&hvprdgrpid=%7Bpromoted_product_group_id%7D&hvcr=%7Bcreative_id%7D&hvadid=%7Badid%7D&hvprdid=%7Bproduct_id%7D&hvplc=%7Bplacement%7D&psc=1&tag=%7Bifnotmobile:ushpadpinde-20%7D%7Bifmobile:ushpadpi,https://i.pinimg.com/originals/b8/d3/24/b8d324096e7475d1134e910113ff3e3b.jpg,1000,1293,0,2026-08-14
2026-09-01,receitas fitness,AUqI7Jl1_byj2LY3DOjFiiqfXnztaABhGy9HGuIAQeHxHlVmZhnCva9UP0CZGJx3Ni082EpvwCcyIgY-Aj6F1t8,27,234,0,15 Creamy Coffee Smoothie,roastycoffee.com,https://www.roastycoffee.com/best-coffee-smoothie-bowl-recipes/?utm_source=pinterest&utm_medium=paid&utm_campaign=coffee-desserts-smoothies-pairings,https://i.pinimg.com/originals/82/a7/22/82a722f2a1465fe5a29dbe05b2a38e90.png,2000,3000,0,2026-05-05
2026-09-01,receitas fitness,351912467402081,28,66174,0,,,,https://i.pinimg.com/originals/95/1e/49/951e49ba47a503171dc776ff86d874fd.jpg,992,1200,0,2026-05-31
2026-09-01,receitas fitness,141230138307078016,29,7222,0,"Healthy Sesame Chicken is a delicious, healthy dinner! Packed with protein, low carb, paleo and gluten free - it's simple to make & better than takeout!",thecleaneatingcouple.com,https://thecleaneatingcouple.com/healthy-sesame-chicken/,https://i.pinimg.com/originals/bc/9b/c2/bc9bc23897da5b3d7bb85f13500de6a6.jpg,1200,1800,0,2023-10-30
2026-09-01,receitas fitness,AWak5UckPNirTOfNroQs1cF6GSrBMZvwg0rEm4CZBmJOOf7k6XA-64CqIVutOh2SzojJ0_FU0UKYTwx-o6gawnA,30,6,0,50 Healthy Dinner Recipes,amazon.com,https://www.amazon.com/50-Healthy-Dinner-Recipes-Home/dp/B0DG4KKTY4/ref=asc_df_B0DG4KKTY4?hvdev=%7Bdevice%7D&hvcampaign=%7Bcampaignid%7D&hvadgroupid=%7Badgroupid%7D&hvprdptid=%7Bproduct_partition_id%7D&hvprdgrpid=%7Bpromoted_product_group_id%7D&hvcr=%7Bcreative_id%7D&hvadid=%7Badid%7D&hvprdid=%7Bproduct_id%7D&hvplc=%7Bplacement%7D&psc=1&tag=%7Bifnotmobile:ushpadpinde-20%7D%7Bifmobile:ushpadpinsp-2,https://i.pinimg.com/originals/59/74/49/597449b4a65b20b40d2d330c53871cdf.jpg,1051,1360,0,2026-04-20
2026-09-01,receitas fitness,AUA-FLuis4ghYAsugJbQhem46rWCcj5I1SiTYE7VE9krrDDLV5yPSmN72MrvsMLTg88yNEsCsDa6eDwLUHM4vkg,31,1,0,Green Dream Smoothie with,ediblearrangements.com,https://www.ediblearrangements.com/fruit-gifts/green-dream-smoothie-with-matcha-10407,https://i.pinimg.com/originals/1f/06/78/1f0678fe2e14606641425e096ded4ff6.jpg,1248,1824,0,2026-08-07
2026-09-01,receitas fitness,AeEbkREl9N4Uh3YgzhdJlwAHolngZo12aRGmOc4o4a1JzRA-gK0hoIe4QyH-c1aL9pRkiXMbiEQ_BFi-qWoPEq4,32,1,0,50 Salades Repas Healthy:,amazon.com,https://www.amazon.com/Salades-Repas-Healthy-seulement-ingr%C3%A9dients/dp/B0H98ZQQ93/ref=asc_df_B0H98ZQQ93?hvdev=%7Bdevice%7D&hvcampaign=%7Bcampaignid%7D&hvadgroupid=%7Badgroupid%7D&hvprdptid=%7Bproduct_partition_id%7D&hvprdgrpid=%7Bpromoted_product_group_id%7D&hvcr=%7Bcreative_id%7D&hvadid=%7Badid%7D&hvprdid=%7Bproduct_id%7D&hvplc=%7Bplacement%7D&psc=1&tag=%7Bifnotmobile:ushpadpinde-20%7D%7Bifmo,https://i.pinimg.com/originals/9d/3e/45/9d3e45fbdef6f3e9c01194beff6dd67a.jpg,1000,1499,0,2026-07-22
2026-09-01,receitas fitness,6051780743254784,33,1750,0,Bolinho de cenoura saudável e rápida de prepara,,,https://i.pinimg.com/originals/e6/98/92/e69892291ec833712dc396c5a9782c83.png,720,1280,0,2024-06-10
2026-09-01,receitas fitness,AZrNlMQppJOziD6XMxWbuhabdRNrg_4sxaq_FYeeAehip5VrYvJ7qlA421BXGraM_P70NoSc8OlpbDTvZtmYP_A,34,1,0,Best Egg-Free,homeviable.com,https://homeviable.com/high-protein-breakfasts-that-arent-eggs/,https://i.pinimg.com/originals/c4/4e/85/c44e858085b4f7887100150302f52180.png,887,1774,0,2026-05-15
2026-09-01,receitas fitness,41587996555902679,35,1002,0,,,,https://i.pinimg.com/originals/7d/c0/d5/7dc0d55b433e213ba2538b6f5c3a2b13.jpg,736,1104,0,2026-08-17
2026-09-01,receitas fitness,AVa5KlXBOpcZYb_smk82Wt8KuNhgsEQiFtF-fL6s_A_ZLnKxYMW5aPaBwmiMMH9ty8QNYPifPcqlxHUR8TYG7sI,36,3,0,Air Fryer High Protein,amazon.com,https://www.amazon.com/Air-Fryer-High-Protein-Cookbook/dp/B0F74N3RMX/ref=asc_df_B0F74N3RMX?hvdev=%7Bdevice%7D&hvcampaign=%7Bcampaignid%7D&hvadgroupid=%7Badgroupid%7D&hvprdptid=%7Bproduct_partition_id%7D&hvprdgrpid=%7Bpromoted_product_group_id%7D&hvcr=%7Bcreative_id%7D&hvadid=%7Badid%7D&hvprdid=%7Bproduct_id%7D&hvplc=%7Bplacement%7D&psc=1&tag=%7Bifnotmobile:ushpadpinde-20%7D%7Bifmobile:ushpadpinsp-,https://i.pinimg.com/originals/c8/dc/c9/c8dcc9ac158728c00c95f134a09fae35.jpg,1000,1250,0,2026-04-17
2026-09-01,receitas fitness,4081455908049828,37,16429,0,,,,https://i.pinimg.com/originals/24/33/7e/24337ef7ca75b00cdd4e8492ae24bb13.jpg,1024,1024,0,2026-05-21
2026-09-01,receitas fitness,872079915361621087,38,1711,0,,,,https://i.pinimg.com/originals/fa/44/63/fa44633891b28216f4c0fc5339cda7b9.jpg,1091,1281,0,2025-09-09
2026-09-01,receitas fitness,592364157283882750,39,30,0,"🔥 Os Caldos Fitness que Todo Mundo Deveria Fazer Neste Inverno! 🥣 Se você quer emagrecer sem passar fome, esse carrossel é para você! Separei 4 receitas de caldos fitness que são leves, nutritivas, ri",instagram.com,https://www.instagram.com/reel/Da32ceLAxq2/,https://i.pinimg.com/originals/c4/0a/ff/c40aff87ada524da0aca16f057ab5266.jpg,640,1136,0,2026-08-21
2026-09-01,receitas fitness,AbPLQQnoV1StCH3v1AEoEGoulyWW_a5BlUZDdb-pFTgSzkvk1tb8ANPJ7qzgOlWksotgLu1njduOyBPj9h3gSR8,40,647,0,50 CHIA PUDDING RECIPES,amazon.com,https://www.amazon.com/CHIA-PUDDING-RECIPES-BREAKFAST-Nutrient-Packed/dp/B0F2ZD6WDW/ref=asc_df_B0F2ZD6WDW?hvdev=%7Bdevice%7D&hvcampaign=%7Bcampaignid%7D&hvadgroupid=%7Badgroupid%7D&hvprdptid=%7Bproduct_partition_id%7D&hvprdgrpid=%7Bpromoted_product_group_id%7D&hvcr=%7Bcreative_id%7D&hvadid=%7Badid%7D&hvprdid=%7Bproduct_id%7D&hvplc=%7Bplacement%7D&psc=1&tag=%7Bifnotmobile:ushpadpinde-20%7D%7Bifmobi,https://i.pinimg.com/originals/8d/cf/aa/8dcfaa32a49563eeed03b64c9ea39938.jpg,1000,1293,0,2026-03-20
2026-09-01,receitas fitness,776167317077704339,41,3289,0,,,,https://i.pinimg.com/originals/80/94/2a/80942a7ceb11257bb75d83738f687f83.jpg,720,900,0,2026-05-05
2026-09-01,receitas fitness,AfmLZz24dM5jp45Hm5f82_qL5ZCQytMuFctOXxH2HW-5Jx_O9AThNY7V3ocEhb0Kk4Wz7WEbs1q0hAUJ_Vk9SXU,42,2,0,Recetas para Ganar Masa,amazon.com,https://www.amazon.com/Recetas-para-Ganar-Masa-Muscular/dp/B0DJKKGJ8Q/ref=asc_df_B0DJKKGJ8Q?hvdev=%7Bdevice%7D&hvcampaign=%7Bcampaignid%7D&hvadgroupid=%7Badgroupid%7D&hvprdptid=%7Bproduct_partition_id%7D&hvprdgrpid=%7Bpromoted_product_group_id%7D&hvcr=%7Bcreative_id%7D&hvadid=%7Badid%7D&hvprdid=%7Bproduct_id%7D&hvplc=%7Bplacement%7D&psc=1&tag=%7Bifnotmobile:ushpadpinde-20%7D%7Bifmobile:ushpadpinsp,https://i.pinimg.com/originals/ad/d4/56/add4561422e8cb38534a31a45306902e.jpg,1000,1499,0,2025-12-17
2026-09-01,receitas fitness,944770828096340479,43,21,0,,,,https://i.pinimg.com/originals/33/f4/4f/33f44f7a02ccac5d42181dbb3be7e2b1.jpg,1024,1024,0,2026-01-16
2026-09-01,receitas fitness,ASK__msNzTonziAwFsbU6mh_zpWL5Zd9R_lC-6FvNh2YZrlM3RPRYm9l9du3evPuw23xWN6t-zWGleOdJ-FoQ-4,44,1,0,The Easiest Way to Eat,eat.hungryroot.com,https://eat.hungryroot.com/oct-2025-different-30/?utm_source=pinads-sub&utm_medium=cpc&utm_campaign=ACQ-Pin-S114_P+&utm_content=PNEW1083&wm_source=pinterest&wm_medium=ads&wm_ad_id=%7Badid%7D,https://i.pinimg.com/originals/ad/e6/ca/ade6ca5bae13292fc58185f3e4962043.png,1000,1500,0,2026-08-21
2026-09-01,receitas fitness,1125196288187212049,45,49,0,,tastyreads.com,https://tastyreads.com/pre-post-workout-nutrition/?utm_source=hina&utm_medium=link&utm_campaign=airport,https://i.pinimg.com/originals/9a/94/82/9a9482575a58fe54adac4b1cf1f497d4.jpg,736,1104,0,2026-07-23
2026-09-01,receitas fitness,AWdIQA19cXzbYHzYP0de2VR2g7tTNhZ0_dwfwMEvInPWWc8BG4F1W01U5-vT-h0r2vy1XR_q-USGflylJP9pJUE,46,3,0,100 Recetas Saludables,amazon.com,https://www.amazon.com/Recetas-Saludables-Ganar-Muscular-Fuerza/dp/B0FL1QL3F8/ref=asc_df_B0FL1QL3F8?hvdev=%7Bdevice%7D&hvcampaign=%7Bcampaignid%7D&hvadgroupid=%7Badgroupid%7D&hvprdptid=%7Bproduct_partition_id%7D&hvprdgrpid=%7Bpromoted_product_group_id%7D&hvcr=%7Bcreative_id%7D&hvadid=%7Badid%7D&hvprdid=%7Bproduct_id%7D&hvplc=%7Bplacement%7D&psc=1&tag=%7Bifnotmobile:ushpadpinde-20%7D%7Bifmobile:ush,https://i.pinimg.com/originals/a1/e2/8c/a1e28c0b90b17f283e4a96a3cf69bc15.jpg,1000,1293,0,2026-01-23
2026-09-01,receitas fitness,351912467393351,47,15323,0,,,,https://i.pinimg.com/originals/bb/8e/9d/bb8e9da23f4302aa5fbcdd8832ac459c.jpg,600,900,0,2026-05-27
2026-09-01,receitas fitness,ATr7AfiNwK41PeYUVWmYgTmSI4e0wOp9eTJXsF0Y87_DovDvTs4Omt7FSyRmjn-A8qwx_kxrVn2l9krQO6Qn48g,48,2,0,High Protein Cookbook: 80,amazon.com,https://www.amazon.com/High-Protein-Cookbook-Nutritious-Breakfast/dp/B0H5RB1VLP/ref=asc_df_B0H5RB1VLP?hvdev=%7Bdevice%7D&hvcampaign=%7Bcampaignid%7D&hvadgroupid=%7Badgroupid%7D&hvprdptid=%7Bproduct_partition_id%7D&hvprdgrpid=%7Bpromoted_product_group_id%7D&hvcr=%7Bcreative_id%7D&hvadid=%7Badid%7D&hvprdid=%7Bproduct_id%7D&hvplc=%7Bplacement%7D&psc=1&tag=%7Bifnotmobile:ushpadpinde-20%7D%7Bifmobile:u,https://i.pinimg.com/originals/1a/db/71/1adb71b5f4db709257d5257cf2571321.jpg,1000,1293,0,2026-06-27
2026-09-01,receitas fitness,704109723041648161,49,10,0,Curso de Marmitas Fitness: Renda Extra Cozinhando em Casa 🍱,go.hotmart.com,https://go.hotmart.com/D106085027V,https://i.pinimg.com/originals/ee/62/47/ee6247ebaf03f7b18e8a6932da6a2b66.png,1000,1500,0,2026-08-11
2026-09-01,receitas fitness,1104156033664930508,50,7,0,"Savory Spinach & Feta Egg Muffins: A Quick, Healthy Breakfast Delight!",,,https://i.pinimg.com/originals/a1/38/0a/a1380a9381e5964d02711685e53c38b2.jpg,564,1128,0,2026-02-08
2026-09-01,receitas fitness,21181060744184259,51,2595,0,,,,https://i.pinimg.com/originals/d8/cd/02/d8cd02f8c4b7145b1b38192076b981f5.jpg,563,857,0,2026-04-22
2026-09-01,receitas fitness,1085015735254546692,51,61,0,"Sopa de Lentilhas Fitness | Receita Saudável, Nutritiva e Fácil",s.shopee.com.br,https://s.shopee.com.br/50YC8B1Dg1?channel_type=pinterest,https://i.pinimg.com/originals/93/9d/18/939d18077633c1ab6b954bfa2d9c30ae.png,1024,1536,0,2026-08-12
2026-09-01,receitas fitness,422281213018344,52,3474,0,,,,https://i.pinimg.com/originals/68/ba/3b/68ba3b4ea21dfe0e865a410122e74ca4.jpg,1024,1024,0,2026-08-18
2026-09-01,receitas fitness,AepA2dKiIjuFJUEPWvWh7Cfdh5FKTPYuPWhdsGQuajpNL253OGK2tfhIBUX-acfIIC202poXT9eUlsZi54xz3Mc,53,23,0,Broom Hall Inn,expedia.com,https://www.expedia.com/Hotel-Search?destination=Alcester&selected=4054577&startDate=2026-09-01&endDate=2026-09-02,https://i.pinimg.com/originals/89/40/ff/8940ffb9f8735828afef4b8495315a51.jpg,1000,1500,0,2026-06-17
2026-09-01,receitas fitness,AbeLVCfigj1GvLTCpwnCSM_ZvvUDjmjSHkVL2oGDvhCqSRQY8vW6CGuTOtNKBYL51RzhwBkkkKYNdXHs66zneWg,54,1,0,"Quick, simple, delicious Butter Chicken is just two steps away with New Campbell’s® Sauces",shop.mikmak.ai,https://shop.mikmak.ai/social/6a2057793ef48977baef033b?utm_source=pinterest&utm_medium=paid_social&utm_campaign=sauce_innovation_foundational&utm_term=ad25+_meal_planning&utm_content=final_butter_chicken_dish&utm_placement=in_feed&utm_marketing_tactic=awareness&utm_format=static,https://i.pinimg.com/originals/e1/45/a6/e145a633edef8441accfb85ccc7fead7.png,1080,1620,0,2026-08-27
2026-09-01,receitas fitness,AVArZt0yHDwPFRQtXIY7c_JHIk0zdMk91loO4KyhcqZB6a9hOvVYZ2l6A2waAfvhMtayk8WvoFnH4GGG1d8ZqKc,55,1131,0,Fiber Packed Banana Oat,instacart.com,https://www.instacart.com/store/recipes/15252182?utm_source=PinterestxInstacart&utm_medium=ProjectFlip,https://i.pinimg.com/originals/58/95/68/58956811f584b103427340af7ab3a194.jpg,1080,1920,1,2026-06-30
2026-09-01,receitas fitness,AYktDLgvyJHB1tPAPeAK0VhGYZ3w35U36HjgIpQgSmwusFQHx5JPTLFkfiKrF23ap-4ldoOgljguBrp_82mgvPs,56,20,0,FixtureDisplays Snow Cone,wayfair.com,https://www.wayfair.com/FixtureDisplays--FixtureDisplays-Snow-Cone-Syrup-877PIT004253-L971-K~FXTU7662.html,https://i.pinimg.com/originals/f8/52/63/f852632a8806d3bbfa7915fcdbe42223.jpg,400,400,0,2026-03-25
2026-09-01,receitas fitness,7318418142258366,57,3151,0,,,,https://i.pinimg.com/originals/a7/3d/be/a73dbe1483327088e3dcb6a6a44195e0.jpg,1024,1536,0,2026-07-03
2026-09-01,receitas fitness,4644405861393222,58,6445,0,,,,https://i.pinimg.com/originals/46/2d/b5/462db58e553bf4391f47fc344a1e36bc.jpg,908,2016,0,2026-04-14
2026-09-01,receitas fitness,AQWD1rOplKC96uMJGeJbZxrenauta2V3BtRvJ3FMbtm0PpD-OjzH0tHP9QRaUl7I32NFCXEJSj3Qi7nwDEuv0ws,59,11003,0,Caprese Chicken With,stroller-envy.com,https://stroller-envy.com/healthy-chicken-and-vegetable-recipes/#wprm-recipe-container-64303,https://i.pinimg.com/originals/24/06/3e/24063eb9a3180cc4c28f00c0a009e4a2.png,2000,3556,0,2026-05-27
2026-09-01,receitas fitness,ATVi-jp2vdf4aeSndI5eFHr55Kv4u7GzgT52GtvK8c6FXEgt5XrVwejlTDSOykNLRXX8wIhduDU9NlymHcI-JZw,60,25,0,Start Transformation Now!,quiz.betterme.world,https://quiz.betterme.world/first-page-generated?flow=3068&utm_source=pinterest&utm_medium=organic&utm_content=27_2025-07-11_ira_H-FemaleCutting_K-Remake_CT-29985_Ver-3_pn.jpg,https://i.pinimg.com/originals/d3/95/10/d395106263f85c91ed1a97121c12b0d4.jpg,1080,1920,0,2026-01-31
2026-09-01,receitas fitness,1101200546408338855,61,668,0,,,,https://i.pinimg.com/originals/3c/fd/f8/3cfdf8c58c0a373208ef2f36ece25ac0.jpg,566,800,0,2026-04-17
2026-09-01,receitas fitness,AcrnCIKai4xmmFXgBZzJwMwnmtsXSFqpenys2B6onkNGnThBQjnEb97XhACgpLxAm2NJI35T7SxloO-nmwZOKHA,62,178,0,Probiotic Banana Split,lifewaykefir.com,https://lifewaykefir.com/recipes/probiotic-banana-split-smoothie/,https://i.pinimg.com/originals/6d/9b/41/6d9b412299becff6a276aca595ae4cd9.png,1000,1500,0,2026-08-05
2026-09-01,receitas fitness,10696117861228293,63,410,0,"🍮 PUDIM DE IOGURTE FITNESS Delicioso, leve e com uma textura supercremosa! Uma sobremesa simples para matar a vontade de comer doce sem exagerar. 💚 Ingredientes: 2 potes (340 g) de iogurte natural int",instagram.com,https://www.instagram.com/p/DbTBZzxmmsa/,https://i.pinimg.com/originals/85/f2/93/85f293cfd0732ec8bdbd916b63a13f77.jpg,1122,1402,0,2026-08-08
2026-09-01,receitas fitness,ASKtHM75Po6gICdiikQXi8im8-30veSGVvY_262BBF7hSscH4VSdOMTk6yc2SlUSNId3EvpkLVKeVkBvXemHJDs,64,48,0,Menya Jiro Ramen - Rich,goldbelly.com,https://www.goldbelly.com/restaurants/menya-jiro-ramen/rich-tonkotsu-ramen-meal-kit-for-4,https://i.pinimg.com/originals/ca/db/f8/cadbf89d10c20845a914ef9e94ec3c73.jpg,1200,1200,0,2025-04-30
2026-09-01,receitas fitness,714242822186802662,65,6301,0,Wholesome Hawaiian Chicken Salad: Gluten-Free and Flexi-Plan Friendly,etsy.com,https://www.etsy.com/listing/1827275475/chocolate-seed-sticks-with-tahini?4579947618=,https://i.pinimg.com/originals/b5/77/a9/b577a9f82a2ecc6c93c72f69fdcc6ec3.jpg,2988,4536,0,2024-11-17
2026-09-01,receitas fitness,9288742976520762,66,3827,0,TORTINHA DE MORANGO FIT,,,https://i.pinimg.com/originals/fd/9f/a4/fd9fa4928fcee57579144e2fa39848d1.jpg,1120,1851,0,2025-02-11
2026-09-01,receitas fitness,1021261653030730770,67,1731,0,,,,https://i.pinimg.com/originals/79/f9/df/79f9df1605edd4d87ff97e3ad9c45653.jpg,736,920,0,2026-02-28
2026-09-01,receitas fitness,AU2abB_wkM3GcW1VLEaxVY0lS1k4mPNywoxgnQKKbXikzyeqAlRroWH5D9BZfBPMN_KGeOVIEi97Kbcc8EXls1c,68,200,0,Spicy Cheddar Omelet,organicvalley.coop,https://www.organicvalley.coop/recipes/spicy-cheddar-omelet/,https://i.pinimg.com/originals/84/fb/89/84fb891974b8b8cddaeda81961126105.jpg,1000,1500,0,2026-01-14
2026-09-01,receitas fitness,AWcpN_fJwb4XZb0p9SmLMt9iIZ1H1ZJuKM6RVG9qFKfR4PCboHilCucc3JP92PA4urmwby0sc5Doe0PYe-POpcA,69,1,0,Free Heart-Friendly,ubiquinol.org,https://ubiquinol.org/healthy-dinner-cookbook/?utm_source=pinterest&utm_medium=cpc&utm_campaign=cookbook,https://i.pinimg.com/originals/b4/39/98/b43998d82b60d285d3236bcc87161c3a.jpg,1440,1440,0,2026-02-09
2026-09-01,receitas fitness,888616570241794531,70,7,0,Easy Vegetarian Broccoli and Mushroom Stir Fry for a Healthy Dinner,payhip.com,https://payhip.com/SimpleVeggieTable/blog/news/easy-vegetarian-dinners-for-people-who-are-over-it?easy-vegetarian-broccoli-and-mushroom-stir-fry-for-a-healthy-dinner,https://i.pinimg.com/originals/c9/89/31/c9893165a5863e1add02a09bd2c72177.png,1707,2560,0,2026-01-27
2026-09-01,receitas fitness,ATIndNLCloffRBPlhczjTmPnoWvdlYAvPQUdpgsAgWI0W3wJ-cVNMDWxJVD-FpNiBNavmIZSLwu1-tuGtpOzwYQ,71,162,0,An Easy Recipe for Fig +,californiagrown.org,https://californiagrown.org/recipes/stuffed-sweet-potato/,https://i.pinimg.com/originals/57/89/2b/57892bac050b2189ac77a981d626a3b4.jpg,1000,1777,0,2026-07-30
2026-09-01,receitas fitness,AX9ntt2s77kngkYi-wK2EAmr4DcVajSEpOWJYbwNtIk2MPioV8ZvSA7U5JKYT2k-ne06WYSzATaCzxfNdwsy3ZY,72,631,0,Brown Sugar Chicken,san-j.com,https://san-j.com/recipes/brown-sugar-soy-sauce-chicken-thighs/?utm_source=pinterest&utm_medium=paid-social&utm_campaign=traffic&utm_content=int-brown-sugar-chicken-thighs,https://i.pinimg.com/originals/7d/39/aa/7d39aacd7ce6f458b0098d3068ba032e.png,1000,1500,0,2026-01-13
2026-09-01,receitas fitness,1055599909617751,73,194,0,🍫✨ Brigadeiro Fit de Colher,,,https://i.pinimg.com/originals/0d/d9/40/0dd940005248812dd8fdaabcddc24776.png,1024,1536,0,2026-07-30
2026-09-01,receitas fitness,578923727123692264,74,226,0,,panelinhadesabores.blogspot.com,https://panelinhadesabores.blogspot.com/2023/07/salada-de-atum-nutritiva.html?m=1,https://i.pinimg.com/originals/71/c6/16/71c6168f206cf422f7a49838d7ef150e.jpg,3024,4032,0,2023-10-06
2026-09-01,receita low carb,AQaLHU9XAwbO_Dd9-NGnfZSrg0qSlrZdk9iFKKsn15DZ-QkKQatoycL_HHsit29RokGrq4hjeshOFIeNj-7Sh-M,1,836,0,28 High-Protein Low-Carb,athleticlift.com,https://athleticlift.com/high-protein-keto-meals/,https://i.pinimg.com/originals/24/0d/2b/240d2b50746770bb54a30cc551bf3bce.png,887,1774,0,2026-06-13
2026-09-01,receita low carb,612489618120896615,2,42,0,Lasanha de Abobrinha Fit | Receita Low Carb Fácil e Cremosa,,,https://i.pinimg.com/originals/99/de/e1/99dee16f65d8382f3314ab9803a4f8b4.png,848,1264,0,2026-08-21
2026-09-01,receita low carb,ARyvI8KICY-miaWDbL71javRsgUEtK9zf63uqpib7rP3m4I4LF1TQ4ooZq6eYTDIT04Ac7hMWifdLkr1efXZaDA,3,441,0,Start Transformation Now!,quiz.betterme.world,https://quiz.betterme.world/first-page-generated?flow=3068&utm_source=pinterest&utm_medium=organic&utm_content=27_2025-07-11_ira_H-FemaleCutting_K-Remake_CT-29985_Ver-1_pn.jpg,https://i.pinimg.com/originals/8b/a0/46/8ba046a20a7d73109e4eab2401947f90.jpg,1080,1920,0,2026-01-31
2026-09-01,receita low carb,712835447281800733,4,7337,0,,archzine.net,https://archzine.net/lifestyle/kochen-und-geniessen/essen/low-carb-abendessen-2022-1/,https://i.pinimg.com/originals/81/5d/c8/815dc88ad53dba5c949ff781fcce9575.jpg,700,1048,0,2022-04-05
2026-09-01,receita low carb,ASJVhkCVDZyK68h6l8j5HD9ducSk8iBcyNp6DIsfQ2_jJyUcY1e6DKpaEBRE_399P7qmMr5zzGe-8ynG0-NB5-Q,5,1316,0,13 Easy Keto Dinners Your,stroller-envy.com,https://stroller-envy.com/13-keto-recipes-i-actually-wanted-again-the-next-week/,https://i.pinimg.com/originals/0a/97/17/0a97172f1f0ff5d1a3c3c091a96f043c.png,1728,3072,0,2026-06-01
2026-09-01,receita low carb,1064679168590185603,6,10360,0,,,,https://i.pinimg.com/originals/ff/3c/f1/ff3cf14d3dcb828597c6a97fdcfab373.jpg,736,1472,0,2025-10-14
2026-09-01,receita low carb,1125968743878480,7,437,0,"🎃 Pão de Abóbora Low Carb Macio, nutritivo e delicioso! Uma opção perfeita para quem quer um pãozinho caseiro, saudável e cheio de sabor para o café da manhã ou lanche. 😍 Ingredientes: 4 ovos 1 xícara",instagram.com,https://www.instagram.com/p/DaYjLdpDBCu/,https://i.pinimg.com/originals/61/45/e3/6145e3f28ba17d463f0b25216e108887.jpg,1122,1402,0,2026-08-15
2026-09-01,receita low carb,335307134780794821,8,34,0,"🥓 Muffins low carb de bacon e espinafre: práticos, saborosos e ricos em proteínas! 🧀💚",,,https://i.pinimg.com/originals/0a/90/ba/0a90ba21e539e6eff534bd408c15992e.jpg,736,920,0,2026-08-12
2026-09-01,receita low carb,AdtIUh6NzvTwUpw9xy_GC9yQJK7CNbTNvMAV_QBxpRSpMj7-XuYz3vSLsALcbcF67zrFL8fb5kRracpfy68AM5k,9,1,0,The Easiest Way to Eat,eat.hungryroot.com,https://eat.hungryroot.com/oct-2025-different-30/?utm_source=pinads-sub&utm_medium=cpc&utm_campaign=ACQ-Pin-S114_P+&utm_content=PNEW1085&wm_source=pinterest&wm_medium=ads&wm_ad_id=%7Badid%7D,https://i.pinimg.com/originals/38/fa/57/38fa57e4b26f28f9dc9f1e59bdbd0506.jpg,1080,1920,1,2026-08-27
2026-09-01,receita low carb,1073545629916068129,10,3761,0,,,,https://i.pinimg.com/originals/ce/17/8f/ce178fae708b96504abbed2f3fd111a4.jpg,236,462,0,2024-05-31
2026-09-01,receita low carb,AU1bsikydoF6_j60XOeArmVJI-aWmRQ_yXZ_eoecFuwBqB_QXqRRhkvef1QFw7KeIHaU6f-gqj_BD7Ht5o3yzGg,11,2,0,AIR FRYER LOW CARB,amazon.com,https://www.amazon.com/AIR-FRYER-LOW-CARB-COOKBOOK/dp/B0BSDFR8DS/ref=asc_df_B0BSDFR8DS?hvdev=%7Bdevice%7D&hvcampaign=%7Bcampaignid%7D&hvadgroupid=%7Badgroupid%7D&hvprdptid=%7Bproduct_partition_id%7D&hvprdgrpid=%7Bpromoted_product_group_id%7D&hvcr=%7Bcreative_id%7D&hvadid=%7Badid%7D&hvprdid=%7Bproduct_id%7D&hvplc=%7Bplacement%7D&psc=1&tag=%7Bifnotmobile:ushpadpinde-20%7D%7Bifmobile:ushpadpinsp-20%7,https://i.pinimg.com/originals/98/b6/17/98b6175164b8dbc1589f5f25e4bf9187.jpg,1000,1294,0,2026-05-17
2026-09-01,receita low carb,AYr73c7x4vSq4hYHhiBcrza4_DxtDJF6Ftc-B1mzBTCmtLYvKZeXaB7sMzYqu9Dux3tMD1SZjusLle9aLXs1ddI,12,2,0,Keto Diet Cookbook For,amazon.com,https://www.amazon.com/Keto-Cookbook-Beginners-Easy-Cook/dp/B09RFNM3BZ/ref=asc_df_B09RFNM3BZ?hvdev=%7Bdevice%7D&hvcampaign=%7Bcampaignid%7D&hvadgroupid=%7Badgroupid%7D&hvprdptid=%7Bproduct_partition_id%7D&hvprdgrpid=%7Bpromoted_product_group_id%7D&hvcr=%7Bcreative_id%7D&hvadid=%7Badid%7D&hvprdid=%7Bproduct_id%7D&hvplc=%7Bplacement%7D&psc=1&tag=%7Bifnotmobile:ushpadpinde-20%7D%7Bifmobile:ushpadpins,https://i.pinimg.com/originals/b3/3c/df/b33cdfb8d051991951877ed2b9d448fa.jpg,1000,1294,0,2026-03-03
2026-09-01,receita low carb,ATWMRDX06JSx6iTNZFcdh922Siuw9-r8P25PKn6_KqHej9qnntDygCJrmPlcyqP3TU_wOO2IAEHAsiUABL4vbPM,13,1,0,Temu | Keto Cookbook For,temu.com,https://www.temu.com/ul/kuiper/un3.html?subj=dpa-un&_bg_fs=1&_p_jump_id=1082&_x_vst_scene=adg&goods_id=606112426346089&adg_ctx=a-37b77c70~c-545fe509&_p_rfs=1&_x_ads_channel=pinterest&_x_ads_creative_id=%7Bproduct_partition_id%7D&_x_ads_id=%7Badgroupid%7D&_x_ads_set=%7Bcampaignid%7D&_x_ads_sub_channel=shopping&_x_ns_catalog_id=1567707391772&_x_ns_creative=%7Badid%7D&_x_ns_gid=606112426346089&_x_ns_,https://i.pinimg.com/originals/f8/c8/5f/f8c85fe8890b608ce13d9bd837b6c29d.jpg,2000,3000,0,2026-07-23
2026-09-01,receita low carb,493003490465962092,14,54,0,30+ Healthy Chicken Recipes To Make For Dinner,momooze.com,https://www.momooze.com/healthy-chicken-recipes/,https://i.pinimg.com/originals/da/4f/78/da4f788f8c50af5c8cea1e385621f50c.jpg,550,825,0,2021-05-15
2026-09-01,receita low carb,1104156033664930508,15,7,0,"Savory Spinach & Feta Egg Muffins: A Quick, Healthy Breakfast Delight!",,,https://i.pinimg.com/originals/a1/38/0a/a1380a9381e5964d02711685e53c38b2.jpg,564,1128,0,2026-02-08
2026-09-01,receita low carb,AfNnA5cmhDm3s-OjERPAmTF5RLfp6FF02hoQtwDJrF8vKB_axLipohSJZcVaCd6O2IRxjIU8hOQ4X0m4agLdIQw,16,1467,0,Low Carb Keto Eggplant,momscravings.com,https://momscravings.com/low-carb-keto-eggplant-lasagna/,https://i.pinimg.com/originals/15/02/26/1502261d822ddebadaaa05034ecfe59d.jpg,704,1408,0,2026-04-27
2026-09-01,receita low carb,AW2xALNBJSXbTjYV0kekg_SPqTkZU8prSxgfjRkX3mKJO6pQiSpSK93fpBHriFbBTJuu9ZgZFQWd-yFYyKVZ6Rg,17,2,0,Low Carb Air Fryer,amazon.com,https://www.amazon.com/Low-Carb-Fryer-Cookbook-Keto-Friendly/dp/B0GZDY5HFX/ref=asc_df_B0GZDY5HFX?hvdev=%7Bdevice%7D&hvcampaign=%7Bcampaignid%7D&hvadgroupid=%7Badgroupid%7D&hvprdptid=%7Bproduct_partition_id%7D&hvprdgrpid=%7Bpromoted_product_group_id%7D&hvcr=%7Bcreative_id%7D&hvadid=%7Badid%7D&hvprdid=%7Bproduct_id%7D&hvplc=%7Bplacement%7D&psc=1&tag=%7Bifnotmobile:ushpadpinde-20%7D%7Bifmobile:ushpad,https://i.pinimg.com/originals/3c/77/36/3c7736fd689001f85693771c6f6c7988.jpg,1000,1499,0,2026-05-30
2026-09-01,receita low carb,409264684907094078,18,3933,0,Low Carb Dieta e Receitas,facebook.com,https://www.facebook.com/story.php?story_fbid=pfbid0quLZc7aA9U24mVL5y96sWxyFPUuKRX9MAh9t1vJyaxMCbo791viCBNDJWvJMAVxnl&id=100065213631966&sfns=mo,https://i.pinimg.com/originals/c1/d3/22/c1d322bd1ce5a3b466b7a9b0ff12dd57.jpg,600,900,0,2025-06-30
2026-09-01,receita low carb,Acg98h8ZrJj8WInNowBTcJnAd-ejWKq65KgRhIcQ4dRLeYRZ2mqnRcok_yWZMDGxejQtzzurzFy7fwGO5lDeWfc,19,2,0,60 recetas KETO en la air,amazon.com,https://www.amazon.com/recetas-KETO-air-fryer-ingredientes/dp/B0DNYG27GY/ref=asc_df_B0DNYG27GY?hvdev=%7Bdevice%7D&hvcampaign=%7Bcampaignid%7D&hvadgroupid=%7Badgroupid%7D&hvprdptid=%7Bproduct_partition_id%7D&hvprdgrpid=%7Bpromoted_product_group_id%7D&hvcr=%7Bcreative_id%7D&hvadid=%7Badid%7D&hvprdid=%7Bproduct_id%7D&hvplc=%7Bplacement%7D&psc=1&tag=%7Bifnotmobile:ushpadpinde-20%7D%7Bifmobile:ushpadpi,https://i.pinimg.com/originals/ef/e8/36/efe836e46ae77a880936ebc5919f224d.jpg,1000,1499,0,2026-05-03
2026-09-01,receita low carb,ATqmzUYBYc_eyxLEqQ0uWiN1byJxp2mponhPVh7jK7Xbwx5uU9GzahifYcmNDJyc8R0l07wNWwNs2vVOwb9UtpM,20,60,0,Easy High-Protein Beef,beefitswhatsfordinner.com,https://www.beefitswhatsfordinner.com/recipes/collection/33358/protein-for-strength?utm_source=Pinterest&utm_medium=SocialMedia&utm_campaign=%23010526-05%20&%20%23122225-04%20-%20January%20Nutrition,https://i.pinimg.com/originals/72/bb/58/72bb58736112b6da22655eae1918717b.jpg,1000,1500,0,2026-01-07
2026-09-01,receita low carb,763712049296275002,21,7111,0,Lasanha de Abobrinha Low Carb – Receita Natureba,receitanatureba.com,https://receitanatureba.com/lasanha-de-abobrinha-low-carb/,https://i.pinimg.com/originals/f4/c5/2b/f4c52b017dfaa8b882c3b496b5161c09.jpg,650,650,0,2019-12-04
2026-09-01,receita low carb,AaRsieEouv2eCn5FEXdGh3qC9h_eAZleS8inHc4gUE0EbESjQCBVKnSbkU-78tGMjVOrRKGOa2lRA-i35K1J7m0,22,1,0,Carbolicious Low Carb,walmart.com,https://www.walmart.com/ip/Carbolicious-Low-Carb-Ready-to-Eat-Muffins-6-Pack-Flavor-Chocolate/149662568?wmlspartner=wlpa&selectedSellerId=101110355,https://i.pinimg.com/originals/87/7d/7e/877d7e2b30adc2dd506ae440d266d1ea.jpg,412,560,0,2026-06-03
2026-09-01,receita low carb,186969822025451640,23,76,0,Keto Spinach Wrap - Beauty and the Foodie,beautyandthefoodie.com,https://beautyandthefoodie.com/keto-spinach-wrap/,https://i.pinimg.com/originals/ed/aa/90/edaa906700ee8986fa6f3beb5d3f6f32.jpg,1121,1950,0,2025-12-15
2026-09-01,receita low carb,Aa_y1IK7aHEbxWa5urOu3atcORiaThPmOBFAtiQZnUwYTG4uEkZwMfNeTSfVgNSD5LPByCLQlJoMkv0LdhOc5nc,24,1,0,Keto Air Fryer Cookbook:,amazon.com,https://www.amazon.com/Keto-Air-Fryer-Cookbook-Ketogenic/dp/B08LNLG3VL/ref=asc_df_B08LNLG3VL?hvdev=%7Bdevice%7D&hvcampaign=%7Bcampaignid%7D&hvadgroupid=%7Badgroupid%7D&hvprdptid=%7Bproduct_partition_id%7D&hvprdgrpid=%7Bpromoted_product_group_id%7D&hvcr=%7Bcreative_id%7D&hvadid=%7Badid%7D&hvprdid=%7Bproduct_id%7D&hvplc=%7Bplacement%7D&psc=1&tag=%7Bifnotmobile:ushpadpinde-20%7D%7Bifmobile:ushpadpins,https://i.pinimg.com/originals/26/2b/82/262b8298180eb8e06533f83bc420eba4.jpg,1000,1294,0,2025-12-13
2026-09-01,receita low carb,Ae-1TkOJdavVJnS_13XhB_CK7oc9blVRLQow_-X7RuhRWqOctExAdkYThLp-mmsViUSJCDlFM-UROMa6UCpHuuI,25,1,0,Keto Diet Cookbook for,amazon.com,https://www.amazon.com/Keto-Diet-Cookbook-Easy-Recipes/dp/B0DJLJPY1M/ref=asc_df_B0DJLJPY1M?hvdev=%7Bdevice%7D&hvcampaign=%7Bcampaignid%7D&hvadgroupid=%7Badgroupid%7D&hvprdptid=%7Bproduct_partition_id%7D&hvprdgrpid=%7Bpromoted_product_group_id%7D&hvcr=%7Bcreative_id%7D&hvadid=%7Badid%7D&hvprdid=%7Bproduct_id%7D&hvplc=%7Bplacement%7D&psc=1&tag=%7Bifnotmobile:ushpadpinde-20%7D%7Bifmobile:ushpadpinsp-,https://i.pinimg.com/originals/10/a6/d7/10a6d7f9d153d217b4c6c34bc3b9a82b.jpg,1000,1293,0,2026-01-23
2026-09-01,receita low carb,693061830201702894,26,1503,0,,,,https://i.pinimg.com/originals/d8/c1/d7/d8c1d7c2a3bda039ab5313685550e455.jpg,720,872,0,2026-03-29
2026-09-01,receita low carb,1124211125758686887,27,1172,0,High Protein Burger Bowl Recipe: Low Carb & Delicious Meal Idea,payhip.com,https://payhip.com/LiamAnderson/blog/news/high-protein-meals-for-people-who-hate-boring-food?high-protein-burger-bowl-recipe-low-carb-and-delicious-meal-idea,https://i.pinimg.com/originals/14/91/be/1491be20494ce9f202aaa5e9bb670fbe.png,928,1232,0,2026-02-21
2026-09-01,receita low carb,AVnItTbZ5jc8iVaQkvCw0xtL7cMt-fWC-cOxRvGlMeApcUU9mNi0Vj_PtFAsDk8c2X-mzNDDNQ3J3Bxg_VkkeRs,28,16,0,"""Essential Keto Slow",kohls.com,https://www.kohls.com/product/prd-3928107/essential-keto-slow-cooker-cookbook.jsp?skuid=38700353&ci_mcc=ci&utm_campaign=EC%20TEAM%20APPAREL&utm_medium=CSE&utm_source=pinterest&utm_product=93668431&CID=shopping29,https://i.pinimg.com/originals/d7/17/0f/d7170f71ddb758d4f1be720c66963dca.jpg,882,882,0,2026-02-04
2026-09-01,receita low carb,204632376814547874,29,50,0,,,,https://i.pinimg.com/originals/04/8c/18/048c18330207f931a9fac0dd5a30707b.jpg,1024,1536,0,2026-08-03
2026-09-01,receita low carb,300474606411245757,30,23,0,"Salgado low carb recheado: prático, saboroso e perfeito para qualquer hora! 🥟💚",hotmart.com,https://hotmart.com/pt-br/marketplace/produtos/hagsxd-guia-completo-para-dieta-low-carb-2uq0e/E105670769K?fbclid=PAb21jcAS3xzhleHRuA2FlbQIxMQBzcnRjBmFwcF9pZA81NjcwNjczNDMzNTI0MjcAAacWAUYM92eHlqThGfy24bTl6oyB_wsvnHiog5UDFIbaqagogCUnM_yqp4o8tw_aem_AG1Sus_POBAFesUlYDOYYA&utm_medium=social&utm_source=ig&utm_content=link_in_bio,https://i.pinimg.com/originals/5a/40/ff/5a40ff925880c91357f755d56a8aa99b.png,1024,1536,0,2026-07-25
2026-09-01,receita low carb,251075747975165407,31,99,0,20 Easy High-Protein Low-Carb Dinner Ideas,thesavvymama.com,https://thesavvymama.com/high-protein-low-carb-dinner-ideas/?utm_source=Pinterest&utm_medium=organic,https://i.pinimg.com/originals/3f/db/c1/3fdbc12d3f236a238ccb77933c6d5807.jpg,1024,1280,0,2026-06-18
2026-09-01,receita low carb,AcYSwRjH6o06oLUKS9xgFacEgpxM2kEBLN4tRpg0vuF0tXKQA8M2HKBbFRAXaUXjn1mg8nH4eevSDe5n0vAPi_Y,32,15,0,Effortless Low-Carb Meal,amazon.com,https://www.amazon.com/Effortless-Low-Carb-Meal-Prep-Recipes/dp/B0FBGSP7CK/ref=asc_df_B0FBGSP7CK?hvdev=%7Bdevice%7D&hvcampaign=%7Bcampaignid%7D&hvadgroupid=%7Badgroupid%7D&hvprdptid=%7Bproduct_partition_id%7D&hvprdgrpid=%7Bpromoted_product_group_id%7D&hvcr=%7Bcreative_id%7D&hvadid=%7Badid%7D&hvprdid=%7Bproduct_id%7D&hvplc=%7Bplacement%7D&psc=1&tag=%7Bifnotmobile:ushpadpinde-20%7D%7Bifmobile:ushpad,https://i.pinimg.com/originals/c4/c3/85/c4c3857aecf552495ab6a6b4de840242.jpg,1000,1499,0,2026-03-03
2026-09-01,receita low carb,71987294041279871,33,3,0,5 Receitas Low Carb Para Emagrecer — GRÁTIS,,,https://i.pinimg.com/originals/88/b1/1d/88b11db6d73fda25294e1bba86a67e2e.png,4082,6123,0,2026-08-13
2026-09-01,receita low carb,944770828096340479,34,21,0,,,,https://i.pinimg.com/originals/33/f4/4f/33f44f7a02ccac5d42181dbb3be7e2b1.jpg,1024,1024,0,2026-01-16
2026-09-01,receita low carb,AR4Fy4w8NKTyE0GfSL2Yj-z3ewcGvDJFECw3-C4fZwMJuJSC3oorZwcyJN7bHFWXTlyUvH9JyDNighYh1ryksSo,35,2,0,Low Carb Cauliflower,amazon.com,https://www.amazon.com/Low-Carb-Cauliflower-Cookbook-Casseroles/dp/B0FLWCFTBP/ref=asc_df_B0FLWCFTBP?hvdev=%7Bdevice%7D&hvcampaign=%7Bcampaignid%7D&hvadgroupid=%7Badgroupid%7D&hvprdptid=%7Bproduct_partition_id%7D&hvprdgrpid=%7Bpromoted_product_group_id%7D&hvcr=%7Bcreative_id%7D&hvadid=%7Badid%7D&hvprdid=%7Bproduct_id%7D&hvplc=%7Bplacement%7D&psc=1&tag=%7Bifnotmobile:ushpadpinde-20%7D%7Bifmobile:ush,https://i.pinimg.com/originals/4b/9e/b7/4b9eb7e382d15e8f8f5471b3bf01ad1b.jpg,1000,1499,0,2026-02-27
2026-09-01,receita low carb,AX82XiFRqScHHCTBxIWRI3CWievhJZ0ZdGUSgeWsOrB_BvllI9TMab8MNQPLKID8Br3iVWkDZOZUMi5n37vVsko,36,9431,0,Keto Instant Pot,beautyandthefoodie.com,https://beautyandthefoodie.com/instant-pot-keto-smothered-pork-chops/,https://i.pinimg.com/originals/3c/03/de/3c03deee0c22d8c41e7c70c4397fb3a1.png,1080,1920,1,2019-03-19
2026-09-01,receita low carb,953918764797462566,37,10,0,RECEITA DE BROWNIE SUPER FÁCIL,,,https://i.pinimg.com/originals/40/6a/30/406a3060099c08b32eac8684f71c18b3.jpg,843,1500,0,2022-05-01
2026-09-01,receita low carb,1086493478877153555,38,1710,0,,,,https://i.pinimg.com/originals/75/cf/20/75cf20c3ef23b4ae1ce5c34e8ff59c00.png,1024,1536,0,2026-04-09
2026-09-01,receita low carb,AZ24K1-DLHrHkYANrGfNSKlzF_GBsrq38X_qWBxznaqAWdYmhuQhwpyvcha-Daz5VpvHnGcE15qn3aYjOW_yozE,39,2,0,5-Dollar or less Keto,amazon.com,https://www.amazon.com/5-Dollar-less-Keto-cookbook-Nutrient-rich/dp/B09TMZ33BT/ref=asc_df_B09TMZ33BT?hvdev=%7Bdevice%7D&hvcampaign=%7Bcampaignid%7D&hvadgroupid=%7Badgroupid%7D&hvprdptid=%7Bproduct_partition_id%7D&hvprdgrpid=%7Bpromoted_product_group_id%7D&hvcr=%7Bcreative_id%7D&hvadid=%7Badid%7D&hvprdid=%7Bproduct_id%7D&hvplc=%7Bplacement%7D&psc=1&tag=%7Bifnotmobile:ushpadpinde-20%7D%7Bifmobile:us,https://i.pinimg.com/originals/fc/5c/13/fc5c13883d22a712a561eddb1af1fb91.jpg,1000,1294,0,2026-06-14
2026-09-01,receita low carb,1075867798476387046,40,4695,0,Tasty Low-Carb Fish Taco Bowl with Pineapple Lime Cauliflower Rice Recipe,thenatureofhome.com,https://thenatureofhome.com/low-carb-fish-taco-bowls-recipe/,https://i.pinimg.com/originals/d0/99/80/d09980a7a9940cd81aa195de688d313d.png,1000,1500,0,2024-07-31
2026-09-01,receita low carb,AY955V1NK25R-Sddp9920mvo0bY6vcNvKNsQgE33xcHtMTirn4_rAzzMgiG53idojbdieiEIltqdA18061LGZxc,41,0,0,Cocina Keto Visual en,amazon.com,https://www.amazon.com/Cocina-Keto-Visual-Freidora-Principiantes/dp/B0GPGWP62K/ref=asc_df_B0GPGWP62K?hvdev=%7Bdevice%7D&hvcampaign=%7Bcampaignid%7D&hvadgroupid=%7Badgroupid%7D&hvprdptid=%7Bproduct_partition_id%7D&hvprdgrpid=%7Bpromoted_product_group_id%7D&hvcr=%7Bcreative_id%7D&hvadid=%7Badid%7D&hvprdid=%7Bproduct_id%7D&hvplc=%7Bplacement%7D&psc=1&tag=%7Bifnotmobile:ushpadpinde-20%7D%7Bifmobile:us,https://i.pinimg.com/originals/04/ba/71/04ba71e29c032b5683e587e4425bad05.jpg,1000,1293,0,2026-07-31
2026-09-01,receita low carb,959618633109463926,42,11726,0,"Keto Breakfast Plate 🥑🍳 A low-carb, nutrient-packed breakfast with creamy scrambled eggs, buttery mushrooms, fresh avocado, and vibrant broccoli—a perfect way to start the day! Ingredients: 2 large eg",instagram.com,https://www.instagram.com/p/DG0f_c7olf_/,https://i.pinimg.com/originals/c4/a9/0d/c4a90d8790d2324d3cb6d019fecbe92b.jpg,928,1232,0,2025-06-14
2026-09-01,receita low carb,753508581458908772,43,3787,0,,,,https://i.pinimg.com/originals/ec/d1/25/ecd125e91c012c9d19edd9d941ceb37d.jpg,736,981,0,2025-06-19
2026-09-01,receita low carb,141230138307078016,44,7222,0,"Healthy Sesame Chicken is a delicious, healthy dinner! Packed with protein, low carb, paleo and gluten free - it's simple to make & better than takeout!",thecleaneatingcouple.com,https://thecleaneatingcouple.com/healthy-sesame-chicken/,https://i.pinimg.com/originals/bc/9b/c2/bc9bc23897da5b3d7bb85f13500de6a6.jpg,1200,1800,0,2023-10-30
2026-09-01,receita low carb,AQ00Pco1fy3sJcjWxQvbxvsPO6jx4GJc1P2HJiBt6XuXG_KHtxNmfCQoWbsVmWWyBU8i2-0qK03MlE3Iuh8n8PA,45,2,0,Low Carb Instant Pot,amazon.com,https://www.amazon.com/Low-Carb-Instant-Cookbook-Beginners/dp/B0F88GXCFZ/ref=asc_df_B0F88GXCFZ?hvdev=%7Bdevice%7D&hvcampaign=%7Bcampaignid%7D&hvadgroupid=%7Badgroupid%7D&hvprdptid=%7Bproduct_partition_id%7D&hvprdgrpid=%7Bpromoted_product_group_id%7D&hvcr=%7Bcreative_id%7D&hvadid=%7Badid%7D&hvprdid=%7Bproduct_id%7D&hvplc=%7Bplacement%7D&psc=1&tag=%7Bifnotmobile:ushpadpinde-20%7D%7Bifmobile:ushpadpi,https://i.pinimg.com/originals/0d/89/60/0d89600752b93bd8a6f65a3dc8b566a7.jpg,1000,1293,0,2026-03-03
2026-09-01,receita low carb,1050675788082393494,46,2231,0,Descubre las mejores formas de preparar café,,,https://i.pinimg.com/originals/5f/ba/40/5fba409c9e722e247b42f0f044ab2f55.jpg,736,1051,0,2026-02-01
2026-09-01,receita low carb,Aaa6NzRnfYnwwgEHBOeCwRIQhqBHpdUKXE23rJawvksfOYbnL5dG42jD1Kx6dBE50rRmjzroZD9M-la5QQbAx2c,47,22,0,High Protein & Airfryer -,amazon.com,https://www.amazon.com/High-Protein-Airfryer-Lifestyle-Breakfasts/dp/B0DYYFP44B/ref=asc_df_B0DYYFP44B?hvdev=%7Bdevice%7D&hvcampaign=%7Bcampaignid%7D&hvadgroupid=%7Badgroupid%7D&hvprdptid=%7Bproduct_partition_id%7D&hvprdgrpid=%7Bpromoted_product_group_id%7D&hvcr=%7Bcreative_id%7D&hvadid=%7Badid%7D&hvprdid=%7Bproduct_id%7D&hvplc=%7Bplacement%7D&psc=1&tag=%7Bifnotmobile:ushpadpinde-20%7D%7Bifmobile:u,https://i.pinimg.com/originals/1a/d2/55/1ad2551d204a47aac77ad9a7c8855642.jpg,1000,1499,0,2025-10-20
2026-09-01,receita low carb,20055160840961592,48,1305,0,(1) Pãezinhos de Cenoura e Grão-de-Bico 😋🫓... - Low Carb Dieta e Receitas | Facebook,facebook.com,https://www.facebook.com/story.php?story_fbid=1152864490230661&id=100065213631966,https://i.pinimg.com/originals/d1/ce/a4/d1cea4ddc55e3a4524954fc71b6593f8.jpg,1024,1536,0,2026-07-27
2026-09-01,receita low carb,AU88zXcwRpJjWNrHjk-91Zmuw3qaZDoGjZMrfkEK0mn9bpGdBOAtuQ2o31nQRX2n4ututMg2gI7feJI0-1Eieng,49,1900,0,21 Anti-Inflammation,panfetti.com,https://panfetti.com/summer-high-protein-anti-inflammatory-dinner-ideas/,https://i.pinimg.com/originals/00/6f/c8/006fc80490a43b1fedeb6ee8bc72bfcb.jpg,736,1472,0,2026-04-18
2026-09-01,receita low carb,92323861106664252,51,17194,0,"Healthy Chicken Pasta Salad - #chicken #salad #eatwell101 #recipe - Packed with flavor, protein and veggies! This healthy chicken pasta salad is loaded with tomatoes, avocado, and fresh basil. - #reci",eatwell101.com,https://www.eatwell101.com/healthy-chicken-pasta-salad-recipe,https://i.pinimg.com/originals/a6/20/35/a6203565d624c291cb4453c80d8731ef.jpg,1080,1620,0,2024-07-11
2026-09-01,receita low carb,10907224093217536,52,1404,0,"Nhoque LOW CARB e sem gluten, de ricota com espinafre! - Monta Encanta",montaencanta.com.br,https://www.montaencanta.com.br/lado-leve-2/low-carb/nhoque-low-carb/amp/,https://i.pinimg.com/originals/38/40/88/384088a6666b034af1d2d1f4aeb1361c.jpg,1140,2200,0,2025-09-27
2026-09-01,receita low carb,AcPUEntawrGdmnqJD6xMoKGPCzJQ1L2l1JS_5cSQOvOiUBn2-rvKA1CObH8JSS-HZyOMhy6I-H--VIdBxu1F72o,53,1,0,Check GoodRx,goodrx.com,https://www.goodrx.com/well-being/diet-nutrition/gluten-free-grains,https://i.pinimg.com/originals/71/00/4a/71004a36cdf0c58a0fd4ea331fcf9ba6.jpg,736,1308,0,2026-07-23
2026-09-01,receita low carb,Abf8C1sZ_FRJnPu6Tf5yQz7bwSxNPULzuST1LS0oYfKS-ydLFk2-OaZNpbX7uk0mmu3ykgq1uaxHjaEcDxGW0EQ,55,1,0,Gluten-Free Garden,amazon.com,http://amazon.com/dp/B0BLPCSDC6,https://i.pinimg.com/originals/eb/ef/d7/ebefd7a11979cf80db7533a451718192.png,1081,1081,0,2026-08-11
2026-09-01,receita low carb,AY1R0rvxzeZYhv6Oa-djsWiTrEah3eQxp1TLK7xc2MFzGkhLo3QW0SjsztbkDxS-0fcKIJOplZIAxVfnXnVetmk,56,3469,0,Honey Garlic Sheet Pan,stroller-envy.com,https://stroller-envy.com/30-budget-friendly-family-dinners-under-10/#Sheet_Pan_Chicken_Family_Dinner-2,https://i.pinimg.com/originals/0f/5c/6e/0f5c6e06bda5dfcba8f9df0860207935.png,1696,2528,0,2026-03-05
2026-09-01,receita low carb,Acz6EFWBrVU1o7WbffcaOl936av82O5Dw1-c3iNn7TytvOZMe-edvWHLt-xIeqtCNB3nZHsUd_e_-mniRuqFV0U,57,0,0,Assorted Dessert,ediblearrangements.com,https://www.ediblearrangements.com/fruit-gifts/assorted-dessert-indulgent-cups-9154,https://i.pinimg.com/originals/30/55/d0/3055d06731c61acbfc09919071ee1fc3.png,1200,1800,0,2026-08-07
2026-09-01,receita low carb,1142577367993654371,58,24,0,🌿 Whole foods provide the essential nutrients your body desperately needs during ketosis. 🚀 Click here to generate custom low carb recipes tailored just for you!,,,https://i.pinimg.com/originals/36/ab/e3/36abe31ad155e62179cc39cd9d373998.webp,896,1344,0,2026-05-17
2026-09-01,receita low carb,1148980923706889074,59,1,0,🥗 Discovering low carb lunches easy enough for everyday cooking is fantastic. 🥩 Go to our site to plan your meals in mere seconds.,,,https://i.pinimg.com/originals/55/9d/af/559daf5e849e1414997353cc8f0bc0d0.jpg,736,828,0,2026-06-06
2026-09-01,receita low carb,AVGMfhw9RJwOeyhR5s3-wDtCeyOZCkaB8uABrfy79G56YRcCfGsTRY58zPzcPtSwC0hDVYYNdnXCYblW-86JyFY,60,14143,0,Cheesy Marinara Chicken,cookingchew.com,https://cookingchew.com/cheesy-marinara-chicken-bake.html,https://i.pinimg.com/originals/5b/3a/f1/5b3af187a90c8620fdb88def0c46fc92.jpg,736,1472,0,2025-04-28
2026-09-01,receita low carb,743656957212968740,61,31,0,16 receitas saudáveis para matar a vontade de doce sem sair da dieta,revistacasaejardim.globo.com,https://revistacasaejardim.globo.com/Casa-e-Comida/Receitas/noticia/2020/03/16-receitas-saudaveis-para-matar-vontade-de-doce-sem-sair-da-dieta.html,https://i.pinimg.com/originals/f9/69/fb/f969fbcc259aa05e3fba25f03a38463d.jpg,620,624,0,2020-07-05
2026-09-01,receita low carb,AUO2S7FURoQGrqAb2HbqudUrX8rzIXVpzGvvfRMwBCxjD24YWpOSOwK-mtZy7sloNG25KbJIu9sCaPrkAtDoe-A,62,2,0,Plastic Dessert Cups,homedepot.com,https://www.homedepot.com/p/LAIFUCAM-Clear-5-oz-Plastic-Dessert-Cups-with-Lids-and-Spoons-Parfait-Appetizer-Food-Storage-Disposable-20-Pack-QE9X645/341552623?cm_mmc=psoc-pinprg-%7Bcampaignid%7D-%7Badgroupid%7D,https://i.pinimg.com/originals/aa/e0/9e/aae09eb7ffbf5f1e3631bd293a154e1d.jpg,1000,1000,0,2026-03-14
2026-09-01,receita low carb,1111544751843843307,63,5,0,,,,https://i.pinimg.com/originals/28/88/91/288891eb9ed4e48ed5ed7685d2fc7cd5.jpg,640,849,0,2025-10-04
2026-09-01,receita low carb,Ac1luflNQaooninNVZ4tuTWTdgvnJ1W6dX8oSPmqoaxv0KeDQrquQvB1MQXRd1Pg0SOxJcxogLZo6qfXv2aMIHo,64,25,0,Start Transformation Now!,quiz.betterme.world,https://quiz.betterme.world/first-page-generated?flow=3068&utm_source=pinterest&utm_medium=organic&utm_content=27_2025-07-11_ira_H-FemaleCutting_K-Remake_CT-29985_Ver-3_pn.jpg,https://i.pinimg.com/originals/d3/95/10/d395106263f85c91ed1a97121c12b0d4.jpg,1080,1920,0,2026-01-31
2026-09-01,receita low carb,AdVVWAnrSRsnnJf7Y6ULoNVKqqN-EnPpGjiN3GlEuaWyUZZg-4dIWkt73EZPsoYvYqR-NnzmN68Iqeh1C9s9a_o,65,119,0,High-Protein Cottage,instacart.com,https://www.instacart.com/store/recipes/15251753?utm_source=PinterestxInstacart&utm_medium=ProjectFlip,https://i.pinimg.com/originals/26/94/22/26942233e182d96233cbe25086dd509a.jpg,1080,1920,1,2026-06-30
2026-09-01,receita low carb,AVq4k6bMWjxUkzhYR5d2FS_uh3o1Tr3tZy_1CJ2-vlXiQW6oF-hi0l1nFd70YAPIBKPxxBnB3EbXUwaAEtphp9U,66,51067,0,Glazed Soy Sauce Brown,bunnyswarmoven.net,https://bunnyswarmoven.net/glazed-soy-sauce-brown-sugar-chicken-thighs/,https://i.pinimg.com/originals/a7/24/c2/a724c25f391408a4bed6250b70577451.png,564,1170,0,2021-03-10
2026-09-01,receita low carb,807973989391837672,67,2755,0,Receita de bolo de chocolate low carb - Receiteria,receiteria.com.br,https://www.receiteria.com.br/receita/bolo-de-chocolate-low-carb/,https://i.pinimg.com/originals/1f/a1/9a/1fa19a2012d2caebeaf67c52767ba7e9.jpg,730,1460,0,2020-09-06
2026-09-01,receita low carb,Aclzj3szDHulxLTJAH3cU7WPcbYmOVU4Xbik-vgB0Bd8ynBmDtncqztnPsiGbabCQFaCKQWCIVZQJvOny4WilyA,68,1,0,Free Heart-Friendly,ubiquinol.org,https://ubiquinol.org/healthy-dinner-cookbook/?utm_source=pinterest&utm_medium=cpc&utm_campaign=cookbook,https://i.pinimg.com/originals/b4/39/98/b43998d82b60d285d3236bcc87161c3a.jpg,1440,1440,0,2026-02-09
2026-09-01,receita low carb,1151584567291453662,69,2488,0,Simple low carb banana bread,,,https://i.pinimg.com/originals/cf/2c/d8/cf2cd8e426684168173fac0605ad200a.png,1000,1500,0,2026-05-14
2026-09-01,receita low carb,Afcsi3wsIrKZu9k6WGOjR5anSmkUdytvXxOAOGRtBQdbnf_y0TwW1-ghbGarOsBnxV7kV6U86wX7XGZVAPwT0eg,70,1,0,"Try NEW Campbell's® Sauces in Butter Chicken, Smothered Chicken, Creamy Garlic, and Thai Curry",shop.mikmak.ai,https://shop.mikmak.ai/social/6a84a57a325bd9fee3075179?utm_source=pinterest&utm_medium=paid_social&utm_campaign=sauce_innovation_foundational&utm_term=ad25+_meal_planning&utm_content=how_to_smothered_chicken&utm_placement=in_feed&utm_marketing_tactic=awareness&utm_format=carousel,https://i.pinimg.com/originals/cf/a0/b9/cfa0b9ed61aa3aedd64c7a60d18a1cde.png,1080,1620,0,2026-08-27
2026-09-01,receita low carb,Aa84bhb7C8_IOdpdyCrfjYm26hpZzkwX5FNcrEAywWygyRsOUJGMqO22kmRFW3DF2KaZvXmrNCNZvCAYE_KVQxc,71,200,0,Spicy Cheddar Omelet,organicvalley.coop,https://www.organicvalley.coop/recipes/spicy-cheddar-omelet/,https://i.pinimg.com/originals/84/fb/89/84fb891974b8b8cddaeda81961126105.jpg,1000,1500,0,2026-01-14
2026-09-01,receita low carb,Ae91ZvgFwjjqsTv8JNR1hrFHx4SjYMDGbziTFZo8qvdNfcRaZnDyRXiDtFT00tjOX2HDi558O1-14Suqnpc8_qs,72,1,0,Ready to get cookin’? Dig,delish.com,https://www.delish.com/cooking/recipe-ideas/g71297511/weeknight-chicken-dinners/,https://i.pinimg.com/originals/f7/5c/b1/f75cb127ba93639593ffa20b633bb5b9.jpg,2000,3000,0,2026-05-18
2026-09-01,receita low carb,538954280431170411,73,597,0,"Anti-Inflammatory & High Protein & Low Carb Recipes | **Broccoli, Mushroom & Carrot Stir-Fry** | Facebook",m.facebook.com,https://m.facebook.com/groups/diabeticrecipesideas1/permalink/1952813042776163/,https://i.pinimg.com/originals/4b/db/23/4bdb230ff0a2914274e83b86a9993533.jpg,526,637,0,2026-05-08
2026-09-01,receita low carb,AZv7utq03hW0IQ8iyuI4_jds5tSzvBz_zCLUMXYQ68Wz2S1I3Mx7EwxDBpghC44toyKZr-Mg3G3ZLQE8JXY16tE,74,178,0,Probiotic Banana Split,lifewaykefir.com,https://lifewaykefir.com/recipes/probiotic-banana-split-smoothie/,https://i.pinimg.com/originals/6d/9b/41/6d9b412299becff6a276aca595ae4cd9.png,1000,1500,0,2026-08-05
2026-09-01,receita low carb,836191855815074768,75,664175,0,,eatwell101.com,https://www.eatwell101.com/roasted-potatoes-carrots-zucchini-recipe,https://i.pinimg.com/originals/fb/bf/12/fbbf12bc47e4356fbd1487ee0c47dce7.jpg,1080,1620,0,2021-04-03
2026-09-01,receita low carb,1124211125745730941,76,3342,0,,,,https://i.pinimg.com/originals/d9/9d/f3/d99df35a708161910e74a861801de383.webp,960,1200,0,2025-06-02
2026-09-01,marmita fitness,AedWHOzlFqmlf52jxshaK8VrDIAzcD0Jh-sa1joNmYEWwcE9xBxFYzRJj-IpH1maHLgZXwOd7xlBYaDV6pqaAd8,2,240,0,20-Minute Protein Meal,athleticlift.com,https://athleticlift.com/20-minute-high-protein-meal-prep-ideas/,https://i.pinimg.com/originals/19/06/a9/1906a99a685cf249c99cd18ea28a101d.png,887,1774,0,2026-06-24
2026-09-01,marmita fitness,633387444391899,3,2337,0,,,,https://i.pinimg.com/originals/d8/c6/39/d8c6390e8188fba1de2a40fcd1557210.jpg,2976,3968,0,2026-03-11
2026-09-01,marmita fitness,AUqTSD_OBOkHww5BdRGBr5hil0bqyX42qsRbUVPzOd1BdZ_RE9d6sS-8ixIMLv3r1o8-Wmi3El0DY97boaYMrT0,4,25,0,Start Transformation Now!,quiz.betterme.world,https://quiz.betterme.world/first-page-generated?flow=3068&utm_source=pinterest&utm_medium=organic&utm_content=27_2025-07-11_ira_H-FemaleCutting_K-Remake_CT-29985_Ver-3_pn.jpg,https://i.pinimg.com/originals/d3/95/10/d395106263f85c91ed1a97121c12b0d4.jpg,1080,1920,0,2026-01-31
2026-09-01,marmita fitness,Aa5pkqeZvw1lKbOLxIsXBROrmDmAHfdJsGUuChG89hnMfvgvFpi77r3diKqelkZglGZ7jLzCG84fIL8b4r6pGAo,5,1,0,39 High-Protein Meal Prep,homeviable.com,https://homeviable.com/high-protein-meal-prep-lunches/,https://i.pinimg.com/originals/b8/b3/37/b8b3376dcec7c34c78a44257a9eef07e.png,887,1774,0,2026-05-20
2026-09-01,marmita fitness,23010648094513388,6,232,0,"🍱 Marmitas Fitness: aprenda a montar marmitas saudáveis, baratas e fáceis para a semana inteira — perfeitas para quem quer praticidade, alimentação saudável e manter o foco no emagrecimento sem perder",instagram.com,https://www.instagram.com/p/DV4Cik0GpH6/?img_index=2,https://i.pinimg.com/originals/5f/51/16/5f5116168d573662dee8656db4597ff6.jpg,1080,1440,0,2026-08-21
2026-09-01,marmita fitness,1052223900447163872,7,701,0,Aprenda a fazer sua marmita fitness de forma fácil e rápida!!,,,https://i.pinimg.com/originals/38/15/69/3815698408d70b37703107d5a123c5a5.jpg,736,920,0,2024-08-23
2026-09-01,marmita fitness,ARCg1BtZ0vtqPgrADBBxQWfHpZXUnZvxGn7w39YZ-umGTwtd_QXQgyi-9sjsLKuBUaNt-HXHu0-qBtqx-BVpoCw,8,0,0,Crismon Hotel,expedia.com,https://www.expedia.com/Hotel-Search?destination=Tema&selected=36496287&startDate=2026-09-30&endDate=2026-10-01,https://i.pinimg.com/originals/37/7a/eb/377aeb71a99ec385b7f8a5f3ddf49d2c.jpg,1000,1500,0,2026-08-04
2026-09-01,marmita fitness,498210777550836798,9,1,0,"Kit de marmitas fitness de 750 ml 🍱✨ Com travas laterais, reutilizáveis e BPA FREE — perfeito para organizar as refeições e deixar a rotina muito mais prática! ID: AMZ-AHH-YBH #Marmitas #MealPrep #Org",instagram.com,https://www.instagram.com/reel/DcMXwSJSP5o/,https://i.pinimg.com/originals/48/37/76/4837765a8cdf31f2944ca600809e83ad.jpg,941,1672,0,2026-08-19
2026-09-01,marmita fitness,5277724559921258,10,222,0,Como Fazer Marmita Fit Congelada para Vender - Veja como ganhar dinheiro com essa delicia!,empreendedorasquebrilham.blogspot.com,https://empreendedorasquebrilham.blogspot.com/2021/02/marmita-fit-congelada.html,https://i.pinimg.com/originals/82/9b/65/829b65b37d9e1eb56244600b8d535e2d.jpg,564,846,0,2025-11-05
2026-09-01,marmita fitness,705657835381429110,11,1744,0,"Vera Senerine/ marmitas saudáveis congeladas on Instagram: ""Uma obra de arte 🥰. Essa marmita ficou linda de bonita e muito saborosa 😋 Aqui temos cubos de frango cremoso, batata doce assada e mix de br",instagram.com,https://www.instagram.com/p/CoD48JipDaW/?igshid=NTU1Mzc3ZGM=,https://i.pinimg.com/originals/98/07/d0/9807d0ba2c6e6bca24f625273b2b0eb3.jpg,511,640,0,2023-02-16
2026-09-01,marmita fitness,704109723041648161,12,10,0,Curso de Marmitas Fitness: Renda Extra Cozinhando em Casa 🍱,go.hotmart.com,https://go.hotmart.com/D106085027V,https://i.pinimg.com/originals/ee/62/47/ee6247ebaf03f7b18e8a6932da6a2b66.png,1000,1500,0,2026-08-11
2026-09-01,marmita fitness,AVRBNhGWZitTa5R4ArBtQU4rjn97nBOSw1_6Q2wbaK7jNRqnosNfLFy0OoF75ucY5Of2xHNvBCiWnYPqrfyPZuU,13,2,0,The Happy Lunch Box,amazon.com,https://www.amazon.com/Happy-Lunch-Box-Johnson-143/dp/B0GCM1W5CV/ref=asc_df_B0GCM1W5CV?hvdev=%7Bdevice%7D&hvcampaign=%7Bcampaignid%7D&hvadgroupid=%7Badgroupid%7D&hvprdptid=%7Bproduct_partition_id%7D&hvprdgrpid=%7Bpromoted_product_group_id%7D&hvcr=%7Bcreative_id%7D&hvadid=%7Badid%7D&hvprdid=%7Bproduct_id%7D&hvplc=%7Bplacement%7D&psc=1&tag=%7Bifnotmobile:ushpadpinde-20%7D%7Bifmobile:ushpadpinsp-20%7,https://i.pinimg.com/originals/d9/4b/ba/d94bba15b43be793344c32b58726aa81.jpg,1000,1499,0,2026-07-08
2026-09-01,marmita fitness,AS_cQur0_kz14POA4Ekdk_CGfvwHoRo0MCnVqcgelBcOPfp2WDmod4131trYaE4fd5Hny5FR2SYDNVJmtxbYzrQ,14,71,0,Easy Meal Prep: Save Time,amazon.com,https://www.amazon.com/Easy-Meal-Prep-Healthy-Recipes/dp/1577155068/ref=asc_df_1577155068?hvdev=%7Bdevice%7D&hvcampaign=%7Bcampaignid%7D&hvadgroupid=%7Badgroupid%7D&hvprdptid=%7Bproduct_partition_id%7D&hvprdgrpid=%7Bpromoted_product_group_id%7D&hvcr=%7Bcreative_id%7D&hvadid=%7Badid%7D&hvprdid=%7Bproduct_id%7D&hvplc=%7Bplacement%7D&psc=1&tag=%7Bifnotmobile:ushpadpinde-20%7D%7Bifmobile:ushpadpinsp-2,https://i.pinimg.com/originals/4c/9b/ee/4c9bee26382e6875e4d759b4899ec7fe.jpg,1940,2560,0,2026-04-13
2026-09-01,marmita fitness,AdPntwAFF8YRRSEaWt8cFUF7B2E49hDPtvLJaVjZeZV4sCUzOqBIWXD9vV3rgifxX0rk6ayPFlDutCRrKV-DXGE,15,1,0,Temu 100g+ Protein a Day,temu.com,https://www.temu.com/ul/kuiper/un3.html?subj=dpa-un&_bg_fs=1&_p_jump_id=1082&_x_vst_scene=adg&goods_id=601102363834275&adg_ctx=a-e83cfdaa~c-de209830&_p_rfs=1&_x_ads_channel=pinterest&_x_ads_creative_id=%7Bproduct_partition_id%7D&_x_ads_id=%7Badgroupid%7D&_x_ads_set=%7Bcampaignid%7D&_x_ads_sub_channel=shopping&_x_ns_catalog_id=1567707391772&_x_ns_creative=%7Badid%7D&_x_ns_gid=601102363834275&_x_ns_,https://i.pinimg.com/originals/a9/85/20/a985208c2c410b1c7717bc04bb188de0.jpg,2000,3000,0,2026-03-29
2026-09-01,marmita fitness,856598791628595589,16,323,0,,,,https://i.pinimg.com/originals/3d/84/02/3d8402055bc4fc9a085cb2510e86ac92.jpg,736,1103,0,2021-06-26
2026-09-01,marmita fitness,AUCyTZ7AxCqLcaCGksa7HYck-pAIFCAnYdi5SVr565QkqByhJ1aaFyalgLWZriULeZ_8yCTnnRRIAaGaWR51hxs,17,495,0,High Protein Maple,instacart.com,https://www.instacart.com/store/recipes/15563487?utm_source=PinterestxInstacart&utm_medium=ProjectFlip,https://i.pinimg.com/originals/92/25/47/9225477cd454abe84266a5146b479e64.jpg,1080,1920,1,2026-06-30
2026-09-01,marmita fitness,798755683958761938,18,3670,0,Marmitas saudáveis para a semana,,,https://i.pinimg.com/originals/eb/1d/47/eb1d477926bc982464478c046e208623.png,864,1728,0,2026-05-10
2026-09-01,marmita fitness,Ab_OsdGsXU3Qeh0R2H82HnWruZ7I5QEEkXEo7rOAcrP_EQfO8fFbwb9XNTCk_qoP5DqV4tzs_W_qi0cAf8wVmk8,19,3,0,🍱✨ Marmita 1200ml com Divisória + Talheres – Praticidade Total!,s.shopee.com.br,https://s.shopee.com.br/4fs5wGDH5x?pp=1&channel_type=pinterest,https://i.pinimg.com/originals/d1/38/2b/d1382b475ebc8c7e0d89eb6ffcbbc5eb.jpg,768,1408,0,2026-07-01
2026-09-01,marmita fitness,AYvqSSXxuzD5VAoo0FYpLB03XVa5ph5Bw5cgyK6wPVDhl2y8H-XM5dyRJZzNq9xef6sVtUI0Q1oyE59Pw8Unwn4,20,1,0,50 Salades Repas Healthy:,amazon.com,https://www.amazon.com/Salades-Repas-Healthy-seulement-ingr%C3%A9dients/dp/B0H98ZQQ93/ref=asc_df_B0H98ZQQ93?hvdev=%7Bdevice%7D&hvcampaign=%7Bcampaignid%7D&hvadgroupid=%7Badgroupid%7D&hvprdptid=%7Bproduct_partition_id%7D&hvprdgrpid=%7Bpromoted_product_group_id%7D&hvcr=%7Bcreative_id%7D&hvadid=%7Badid%7D&hvprdid=%7Bproduct_id%7D&hvplc=%7Bplacement%7D&psc=1&tag=%7Bifnotmobile:ushpadpinde-20%7D%7Bifmo,https://i.pinimg.com/originals/9d/3e/45/9d3e45fbdef6f3e9c01194beff6dd67a.jpg,1000,1499,0,2026-07-22
2026-09-01,marmita fitness,AfxUEA5SwTT254NtIf-5UahDM8kPcYWXLG4lpwpG0w3Zc6xFChmqxmsB5yKnclbvQ1NM8n2VMYQDR7kjmBDUo3Q,21,274,0,21 Powerful High Protein,panfetti.com,https://panfetti.com/cheap-high-protein-meal-prep-ideas/,https://i.pinimg.com/originals/2c/b1/b5/2cb1b5152d8a502f18de0c0ac74cd13c.jpg,736,1472,0,2026-05-13
2026-09-01,marmita fitness,765893480388375698,22,880,0,O que colocar na marmita fit?,deliway.com.br,https://www.deliway.com.br/blog/marmita-fitness?utm_source=pinterest&utm_medium=organico&utm_campaign=post,https://i.pinimg.com/originals/b6/5e/6d/b65e6d7f153bf2e475e00e6c74ad27d0.jpg,736,1166,0,2021-11-01
2026-09-01,marmita fitness,AceGzeZFQhEDAD5WdZrm-IKZ0Y7qi0k9N0nm-cjEIhlX3LyLG0kYSfzyCuOn0nxmAZiZWnbFWgz-5Ul-awIng7U,23,99,0,14 Easy Lunch Ideas to,stroller-envy.com,https://stroller-envy.com/14-easy-lunch-ideas-that-arent-the-same-turkey-sandwich-again/,https://i.pinimg.com/originals/67/79/8a/67798a850c08a8e95d1f4c207123055d.png,1728,2592,0,2026-06-13
2026-09-01,marmita fitness,577797827217415127,24,1762,0,food | alimentação saudável,,,https://i.pinimg.com/originals/c2/7c/10/c27c106f0e6f5c88d46811eca39a2f1a.jpg,675,1200,0,2023-08-14
2026-09-01,marmita fitness,AQfituznGiVhbtwQM8LJsIXCvdw71MBkPkUwKHat5pb_nOA6xLpC0UjKrqJfMeZiQrT3apCl_Y5-Z9gU_59bCFE,25,0,0,Temu | High-protein Meal,temu.com,https://www.temu.com/ul/kuiper/un3.html?subj=dpa-un&_bg_fs=1&_p_jump_id=1082&_x_vst_scene=adg&goods_id=607168703070479&adg_ctx=a-3a86d90e~c-5e597b2a&_p_rfs=1&_x_ads_channel=pinterest&_x_ads_creative_id=%7Bproduct_partition_id%7D&_x_ads_id=%7Badgroupid%7D&_x_ads_set=%7Bcampaignid%7D&_x_ads_sub_channel=shopping&_x_ns_catalog_id=1567707391772&_x_ns_creative=%7Badid%7D&_x_ns_gid=607168703070479&_x_ns_,https://i.pinimg.com/originals/0f/59/56/0f59563771932786d883f74d87591c63.jpg,1254,1254,0,2026-08-17
2026-09-01,marmita fitness,AZD1oCo-y5Cc2bh_lHKishu1jDp-OGM2sK5wZxXiL-QyJmF6MC_-KI_XPnjRGMT3Nk9fNzXHT4ixj-f15i5IUTo,26,3,0,High-Protein Salads —,amazon.com,https://www.amazon.com/High-Protein-Salads-Protein-Packed-Weeknight-beans-plus/dp/B0GC4C9RV8/ref=asc_df_B0GC4C9RV8?hvdev=%7Bdevice%7D&hvcampaign=%7Bcampaignid%7D&hvadgroupid=%7Badgroupid%7D&hvprdptid=%7Bproduct_partition_id%7D&hvprdgrpid=%7Bpromoted_product_group_id%7D&hvcr=%7Bcreative_id%7D&hvadid=%7Badid%7D&hvprdid=%7Bproduct_id%7D&hvplc=%7Bplacement%7D&psc=1&tag=%7Bifnotmobile:ushpadpinde-20%7D,https://i.pinimg.com/originals/d2/0b/cc/d20bcc11f8642fe48ed9b036ba2eac53.jpg,1000,1545,0,2026-04-17
2026-09-01,marmita fitness,AR8DiKD-BTODEhRfQS-sVNq3gQKjUgd5kFLfn-DKen_AObgCpdXQpEQkwQgm3Z5VIerLVameb0-4IdtnIJXAGOQ,27,0,0,Recipes for Simple,amazon.com,https://www.amazon.com/Recipes-Simple-Nutrition-High-Protein-Beginners/dp/B0H6GSPJWJ/ref=asc_df_B0H6GSPJWJ?hvdev=%7Bdevice%7D&hvcampaign=%7Bcampaignid%7D&hvadgroupid=%7Badgroupid%7D&hvprdptid=%7Bproduct_partition_id%7D&hvprdgrpid=%7Bpromoted_product_group_id%7D&hvcr=%7Bcreative_id%7D&hvadid=%7Badid%7D&hvprdid=%7Bproduct_id%7D&hvplc=%7Bplacement%7D&psc=1&tag=%7Bifnotmobile:ushpadpinde-20%7D%7Bifmob,https://i.pinimg.com/originals/ac/5e/5a/ac5e5a698508998a0090d444336692d4.jpg,1000,1499,0,2026-08-18
2026-09-01,marmita fitness,971088738460624454,28,169,0,Kit 10 Potes de Vidro 640ml Hermético Marmita Fit com Tampa 4 Travas,s.shopee.com.br,https://s.shopee.com.br/2BARHNFgah?channel_type=pinterest,https://i.pinimg.com/originals/03/29/15/03291505cefb966f9640e1aedf2935a6.jpg,736,890,0,2026-03-26
2026-09-01,marmita fitness,12877548933151460,29,373,0,marmitas fit,,,https://i.pinimg.com/originals/60/cf/3e/60cf3e306eb5ce85f635c33bc6a41321.png,1024,1536,0,2026-04-13
2026-09-01,marmita fitness,AT-4tr4KE5qAbIJ52oTCdm99Q6CpoLDSsG_qfIiY70WgJ-ZdygP_ZRQNx5Xs39UroCrteS-zJ2dHdt6KvYekWcw,30,1,0,Meal Prep for Weight,temu.com,https://www.temu.com/ul/kuiper/un3.html?subj=dpa-un&_bg_fs=1&_p_jump_id=1082&_x_vst_scene=adg&goods_id=602446990526503&adg_ctx=a-7309d301~c-d0e52bb9&_p_rfs=1&_x_ads_channel=pinterest&_x_ads_creative_id=%7Bproduct_partition_id%7D&_x_ads_id=%7Badgroupid%7D&_x_ads_set=%7Bcampaignid%7D&_x_ads_sub_channel=shopping&_x_ns_catalog_id=1567707391772&_x_ns_creative=%7Badid%7D&_x_ns_product_id=40028021500295&,https://i.pinimg.com/originals/5b/56/63/5b5663b2d94b8fdc955def853931da46.jpg,1500,1500,0,2026-04-29
2026-09-01,marmita fitness,AR46rY1pHBWg_oZK5BBF1d6fMM8S97R0TbFMk0jpjj6WLfIFXlskQ-QFKToqjGQ5_ZKkoOCZ_ef3owuTFL8vQqA,31,2445,0,Probiotic Sweet Potato,lifewaykefir.com,https://lifewaykefir.com/recipes/probiotic-sweet-potato-protein-bowl/,https://i.pinimg.com/originals/02/27/5c/02275cacd643cee98f8eae8060477a3c.png,1000,1500,0,2025-05-02
2026-09-01,marmita fitness,ASXuRZz1ox_CChwUrFFMzjB7c21RQ9heLtdsqpq8SVEEVWRr2PiF4A1in8MsoUmXbrlvxYqcFWTiuy7jzTK_eTo,32,1,0,The Easiest Way to Eat,eat.hungryroot.com,https://eat.hungryroot.com/oct-2025-different-30/?utm_source=pinads-sub&utm_medium=cpc&utm_campaign=ACQ-Pin-S114_P+&utm_content=PNEW1082&wm_source=pinterest&wm_medium=ads&wm_ad_id=%7Badid%7D,https://i.pinimg.com/originals/19/3b/81/193b81b28b2676864eef9da68a4df590.png,1000,1500,0,2026-08-21
2026-09-01,marmita fitness,70437490372459,33,2885,0,Curso de Preparação de Marmita Fit 100% Online.,linktr.ee,https://linktr.ee/marmitasfit.mark,https://i.pinimg.com/originals/a0/a8/84/a0a8846515c6adfd7e49c88564823db3.jpg,800,1200,0,2025-07-07
2026-09-01,marmita fitness,AX05rROWMsyKELN4eBxBJVmCrnUejcl6xAFNsGDJg85H7jxm3vpO-0NinhYt5eInXboiv5yHhLS0YXYjVQBSsk0,34,2,0,100 Meal Prep Recipes in,amazon.com,https://www.amazon.com/100-Meal-Prep-Recipes-Minutes/dp/B0GPDCCF8Z/ref=asc_df_B0GPDCCF8Z?hvdev=%7Bdevice%7D&hvcampaign=%7Bcampaignid%7D&hvadgroupid=%7Badgroupid%7D&hvprdptid=%7Bproduct_partition_id%7D&hvprdgrpid=%7Bpromoted_product_group_id%7D&hvcr=%7Bcreative_id%7D&hvadid=%7Badid%7D&hvprdid=%7Bproduct_id%7D&hvplc=%7Bplacement%7D&psc=1&tag=%7Bifnotmobile:ushpadpinde-20%7D%7Bifmobile:ushpadpinsp-20,https://i.pinimg.com/originals/74/02/97/7402974c3f232b5f84ba4bb640075e48.jpg,1000,1499,0,2026-04-14
2026-09-01,marmita fitness,64387469668529132,35,394,0,organização fitness,,,https://i.pinimg.com/originals/ea/45/d2/ea45d24124a059dc89c404d65d864fa3.jpg,675,1200,0,2026-01-21
2026-09-01,marmita fitness,AfYCfbI5ASkG-3F-ojiZJX-e5JPL8d5r6T1AQLCYPH5cA3aRI4ilfSEtSF9xnQ7rURSKTIu791ZoKJs0Prf60K8,36,1,0,🐔 High Protein Fast Food,blogging.org,https://blogging.org/high-protein-fast-food/,https://i.pinimg.com/originals/17/c3/5a/17c35a30d171adcd5b5f7b89efce264d.png,1024,1536,0,2026-08-07
2026-09-01,marmita fitness,7177680652129765,37,2036,0,#marmitafit #marmitasaudavel #comida #comidasaudavel,,,https://i.pinimg.com/originals/02/d7/90/02d790ec1954117bad1986ec7ff6dcae.jpg,1080,1920,0,2025-08-09
2026-09-01,marmita fitness,313774299051544637,38,1577,0,Marmitas Saudáveis fit 🔥🔥,vidasaudavelcomsaude.wordpress.com,https://vidasaudavelcomsaude.wordpress.com/2020/12/09/curso-online-marmitas-saudaveis-fitness/,https://i.pinimg.com/originals/52/68/07/52680707ab0ba289b1860f05a5668b6e.jpg,736,1103,0,2023-01-08
2026-09-01,marmita fitness,722827808988385473,39,10,0,Frango Grelhado com Legumes para Marmita,receitas.falagalera.com.br,https://receitas.falagalera.com.br/frango-grelhado-legumes-marmita/,https://i.pinimg.com/originals/67/0e/16/670e164f39568f5f437eafc9fb8d5154.jpg,848,1264,0,2026-07-01
2026-09-01,marmita fitness,AezS7q_G0YbBSZMthEHl4km8cRbjjWucFW5cFPD-bcUkgcgsJFzitjc1QV5fYUDIilyfWZUC2UbbxAUt9fk9xjU,40,3,0,Salades en bocal haute,amazon.com,https://www.amazon.com/Salades-bocal-haute-prot%C3%A9ine-pour/dp/B0H4133Z64/ref=asc_df_B0H4133Z64?hvdev=%7Bdevice%7D&hvcampaign=%7Bcampaignid%7D&hvadgroupid=%7Badgroupid%7D&hvprdptid=%7Bproduct_partition_id%7D&hvprdgrpid=%7Bpromoted_product_group_id%7D&hvcr=%7Bcreative_id%7D&hvadid=%7Badid%7D&hvprdid=%7Bproduct_id%7D&hvplc=%7Bplacement%7D&psc=1&tag=%7Bifnotmobile:ushpadpinde-20%7D%7Bifmobile:ushpa,https://i.pinimg.com/originals/35/72/82/357282997613df5b00e4005d1818ff81.jpg,1000,1293,0,2026-06-27
2026-09-01,marmita fitness,920915823829856027,41,9397,0,Fitness desde el primer plato con estas recetas,,,https://i.pinimg.com/originals/98/34/ce/9834cea86eca585e58f48f0ed145741c.jpg,736,890,0,2026-02-27
2026-09-01,marmita fitness,AVWHCRRVwoyRueJLJ3agQs4hK3Ler_aaDUUlI6UqRgjV6i-KJXeFaACN9iU4Le5XU3kVWWwO-IGPrZmiRYdHplw,42,1,0,Protein Made Simple: Easy,amazon.com,https://www.amazon.com/Protein-Made-Simple-Recipes-Results/dp/B0H6T3HH29/ref=asc_df_B0H6T3HH29?hvdev=%7Bdevice%7D&hvcampaign=%7Bcampaignid%7D&hvadgroupid=%7Badgroupid%7D&hvprdptid=%7Bproduct_partition_id%7D&hvprdgrpid=%7Bpromoted_product_group_id%7D&hvcr=%7Bcreative_id%7D&hvadid=%7Badid%7D&hvprdid=%7Bproduct_id%7D&hvplc=%7Bplacement%7D&psc=1&tag=%7Bifnotmobile:ushpadpinde-20%7D%7Bifmobile:ushpadpi,https://i.pinimg.com/originals/5a/71/9c/5a719c86ef932516396d41611825c837.jpg,1000,1499,0,2026-07-03
2026-09-01,marmita fitness,774196992237401731,43,4409,0,,,,https://i.pinimg.com/originals/22/62/71/2262714fd061a4e4d68a51a1945a9764.jpg,736,839,0,2026-05-25
2026-09-01,marmita fitness,AY2jso7DInaIMT9P140iVR4SqcwEl1j9fKHZul_YlLrVp2qsU0iQwXrZNAOHA0Pppj78QE-P7HzQC2GugqxJ2-w,44,0,0,Temu | High Protein,temu.com,https://www.temu.com/ul/kuiper/un3.html?subj=dpa-un&_bg_fs=1&_p_jump_id=1082&_x_vst_scene=adg&goods_id=605867931982784&adg_ctx=a-eb2334af~c-718bd27b&_p_rfs=1&_x_ads_channel=pinterest&_x_ads_creative_id=%7Bproduct_partition_id%7D&_x_ads_id=%7Badgroupid%7D&_x_ads_set=%7Bcampaignid%7D&_x_ads_sub_channel=shopping&_x_ns_catalog_id=1567707391772&_x_ns_creative=%7Badid%7D&_x_ns_gid=605867931982784&_x_ns_,https://i.pinimg.com/originals/58/30/d6/5830d626eb0796a120227e8b301cbd2a.jpg,1500,1500,0,2026-08-03
2026-09-01,marmita fitness,70368812924964392,45,236,0,marmitas fitness 🫶🏻 #fitness,,,https://i.pinimg.com/originals/20/4e/65/204e6530364784c8a14ec1c04ab5fa81.jpg,1224,1632,0,2026-07-11
2026-09-01,marmita fitness,AU8jK0RgA7WB9WYJQwKPpEnRtDfdxbJux7FY7ERr34yj6z1shN2cRU7PhbLxNHYBvC-_-yRLERJU6iu3RGaClp4,46,2,0,20 Protein Recipes for,amazon.com,https://www.amazon.com/20-Protein-Recipes-muscle-building/dp/B0GMQF4V7W/ref=asc_df_B0GMQF4V7W?hvdev=%7Bdevice%7D&hvcampaign=%7Bcampaignid%7D&hvadgroupid=%7Badgroupid%7D&hvprdptid=%7Bproduct_partition_id%7D&hvprdgrpid=%7Bpromoted_product_group_id%7D&hvcr=%7Bcreative_id%7D&hvadid=%7Badid%7D&hvprdid=%7Bproduct_id%7D&hvplc=%7Bplacement%7D&psc=1&tag=%7Bifnotmobile:ushpadpinde-20%7D%7Bifmobile:ushpadpin,https://i.pinimg.com/originals/6a/6b/13/6a6b13dfa3e6e529eec888ecff7c7ac0.jpg,1000,1499,0,2026-06-16
2026-09-01,marmita fitness,1337074887215925,47,3806,0,FAÇA MARMITAS FITNES FACIL E RAPIDAS E SEJA SAUDAVEL SEM SOFRIMENTO.,linktr.ee,https://linktr.ee/penteadosfaceisrapidos,https://i.pinimg.com/originals/2d/95/bc/2d95bc3019ee75769ef5a4ad4101efe5.jpg,474,932,0,2024-01-15
2026-09-01,marmita fitness,Afo6qOp3720I4cFew3W5rcVL7nZc9mwsokAnA2NxwFaSW-MFflkM6rIht7hfB0P3fb__bsQPbxQ-C_F7nbE9qtw,48,1,0,"Temu | High-protein,",temu.com,https://www.temu.com/ul/kuiper/un3.html?subj=dpa-un&_bg_fs=1&_p_jump_id=1082&_x_vst_scene=adg&goods_id=606004330744739&adg_ctx=a-784ac797~c-7a1f0e16&_p_rfs=1&_x_ads_channel=pinterest&_x_ads_creative_id=%7Bproduct_partition_id%7D&_x_ads_id=%7Badgroupid%7D&_x_ads_set=%7Bcampaignid%7D&_x_ads_sub_channel=shopping&_x_ns_catalog_id=1567707391772&_x_ns_creative=%7Badid%7D&_x_ns_gid=606004330744739&_x_ns_,https://i.pinimg.com/originals/7e/3c/27/7e3c27953a7e949af88a3e42bb9b6eb1.jpg,2000,3000,0,2026-06-10
2026-09-01,marmita fitness,709035535072843605,49,1214,0,Marmita fit,,,https://i.pinimg.com/originals/32/62/19/326219b9b2e6a48862fe0668cf8a12f1.jpg,1000,1500,0,2020-04-07
2026-09-01,marmita fitness,351912467402081,50,66174,0,,,,https://i.pinimg.com/originals/95/1e/49/951e49ba47a503171dc776ff86d874fd.jpg,992,1200,0,2026-05-31
2026-09-01,marmita fitness,AVpBkfvcgJwOFxwSMUWWcI_4nceG2bMI0mJvM6cfW130cJ2nHuJgl9_5Nbk05Y8E1TeZ7C8igME_fkVRgvYkYc0,51,1,0,Hillshire Reserve™ Lunch,shop.mikmak.ai,https://shop.mikmak.ai/social/6a394a3a3b29ed6f193e389e?utm_campaign=hillshirefarm-premiumlunchmeat-plm-fy26-q4-us&utm_source=social-pi-na&utm_medium=reach&utm_term=psk&utm_content=toast-static-dynamic,https://i.pinimg.com/originals/3d/d9/d0/3dd9d05283aaf3d8afbe3e3cc30caaa2.jpg,1000,1500,0,2026-08-25
2026-09-01,marmita fitness,77616793575710528,52,23,0,Aprenda a fazer Marmita Fit Congelada,vivabemavida.com,https://vivabemavida.com/marmita-fit-congelada/,https://i.pinimg.com/originals/2f/5e/38/2f5e3868cb6890e4f8773328e5873288.jpg,564,846,0,2026-04-19
2026-09-01,marmita fitness,AS_HlGmcqISLeaLCyw6ZrndrxNxowLFyIC5eWVLB3VlSpDdEaqL3gP5XY6QudQGGCvQwwrs_pUGJqHvhhlHBpY4,53,1,0,Is REESE'S why so many,amazon.com,https://www.amazon.com/stores/page/C742F08D-F14A-4B88-8C82-09911045292F?channel=pinterest-paidsocial,https://i.pinimg.com/originals/cc/8b/94/cc8b94a80d8d4d7b30115e5e17b68b4e.jpg,1000,1500,0,2026-07-31
2026-09-01,marmita fitness,AT-drH_dqyGXGlnUitq7xH9gwtaj5oFrUSvYDGpotAXY-EmrlmaR8po6Y4xs0YDucpS4OfVLmBGDzN2kkhkE4iA,54,2,0,Strong Girl Salmon Bowl:,seatopia.fish,https://seatopia.fish/blogs/seafood-recipes/strong-girl-salmon-bowl-high-protein-recipe,https://i.pinimg.com/originals/57/7c/d7/577cd7385a6cfea1d360fe5e96213d00.jpg,1080,1920,1,2026-08-20
2026-09-01,marmita fitness,AffHiPFJImI_cbx2KMK_-fvOYqlFZz51kM2OcAlD3cHfmlVPZ3r7-0npiu8yRJbYZFiXooijT7WoC_MQHUYfseI,55,2873,0,34 Under-500-Calorie,athleticlift.com,https://athleticlift.com/high-protein-meals-under-500-calories/,https://i.pinimg.com/originals/59/09/40/5909404521de9362279f5ce488f588b8.png,887,1774,0,2026-05-05
2026-09-01,marmita fitness,900860731750059490,56,32,0,Marmitas Fit para Emagrecer: Cardápio Semanal Completo 🥗✨,carolcarlosfit.com.br,https://carolcarlosfit.com.br/curso-marmita-fit-congelada/,https://i.pinimg.com/originals/ad/73/58/ad73584ac1aaf0f2bb3d6a52894b3787.jpg,474,632,0,2026-03-05
2026-09-01,marmita fitness,AYhLDlKuhuOT4GtRS0zbOKIOrjK__0UOPW4PLgZwujaVOQ0ocXWYJ88aHMKEUsLNXf104EJC7A4s-yXhbX8g3no,57,7,0,Kit de Marmitas: Organização e Praticidade para Sua Rotina,s.shopee.com.br,https://s.shopee.com.br/9pXmbOWoKV?pp=1&channel_type=pinterest,https://i.pinimg.com/originals/07/ed/09/07ed0907ea918d9df414ff96e9215812.jpg,736,1288,0,2026-04-21
2026-09-01,marmita fitness,AQ7gibJ9QhL5dJfKCWKkQ6bwnNqIwD5RWgZXcbKZwNgzs9gOJLJHO5Fm7fnjwWM4f9aOqX1uNQRIgMmN9ICQR5U,58,441,0,Start Transformation Now!,quiz.betterme.world,https://quiz.betterme.world/first-page-generated?flow=3068&utm_source=pinterest&utm_medium=organic&utm_content=27_2025-07-11_ira_H-FemaleCutting_K-Remake_CT-29985_Ver-1_pn.jpg,https://i.pinimg.com/originals/8b/a0/46/8ba046a20a7d73109e4eab2401947f90.jpg,1080,1920,0,2026-01-31
2026-09-01,marmita fitness,AQJyDX4l9UiESaCl3xBUeKnyPhgUNbY5u-MzhZJKz6_-xtmovOUGOcPxO_D1npqUeCdkoRKok-DRD_981R02QJs,59,48,0,Menya Jiro Ramen - Rich,goldbelly.com,https://www.goldbelly.com/restaurants/menya-jiro-ramen/rich-tonkotsu-ramen-meal-kit-for-4,https://i.pinimg.com/originals/ca/db/f8/cadbf89d10c20845a914ef9e94ec3c73.jpg,1200,1200,0,2025-04-30
2026-09-01,marmita fitness,Ac0x4ES3bPJjXEFgETheB0poDYBqAerWHgvmc4ZcJQeUaPpaZtQ1wXHoHN1kPnTi7MMFNGJjHXhc8z3MGS0zuws,60,20,0,FixtureDisplays Snow Cone,wayfair.com,https://www.wayfair.com/FixtureDisplays--FixtureDisplays-Snow-Cone-Syrup-877PIT004253-L971-K~FXTU7662.html,https://i.pinimg.com/originals/f8/52/63/f852632a8806d3bbfa7915fcdbe42223.jpg,400,400,0,2026-03-25
2026-09-01,marmita fitness,AfpQPxjOZfApVIMk4I_uLtkbN-NP0XsnHp9FwtefczEB9HoTDisDkUg01Cj4N4KMNUffSxuSWPvlLV8b1shbYwo,61,1,0,Easy Skewers & Kebabs,goya.com,https://www.goya.com/en/creation/easy-skewers-kebabs-recipes/,https://i.pinimg.com/originals/ef/51/29/ef51294310a3206eb9d67de3e91c27bf.jpg,1058,1198,0,2026-06-23
2026-09-01,marmita fitness,182677328633119285,62,63,0,"🍱 Marmitas Fitness: aprenda a montar marmitas saudáveis, baratas e fáceis para a semana inteira — perfeitas para quem quer praticidade, alimentação saudável e manter o foco no emagrecimento sem perder",instagram.com,https://www.instagram.com/p/DV4Cik0GpH6/?img_index=5,https://i.pinimg.com/originals/69/15/86/69158631ee972362d87cb5d7edab295a.jpg,1080,1440,0,2026-08-21
2026-09-01,marmita fitness,908460556063279884,63,1072,0,Curso Ebook - Marmitas Saudáveis,vidasaudavelcomsaude.wordpress.com,https://vidasaudavelcomsaude.wordpress.com/marmitas-saudaveis-fitness/,https://i.pinimg.com/originals/04/76/01/04760160bd4034d93623a344c523e5cb.jpg,736,981,0,2023-04-04
2026-09-01,marmita fitness,1147080967619736674,64,20,0,ROTINA SEMANAL IDEIAS DE MARMITAS,s.shopee.com.br,https://s.shopee.com.br/1LdntviIC2?channel_type=pinterest,https://i.pinimg.com/originals/90/d2/3d/90d23d42803f8d136bf68c4f867da60d.jpg,736,1104,0,2026-06-30
2026-09-01,marmita fitness,Aa_RVSLA8P_7-XcxeZ1zIfbuPTEay32GjNKjy-a-DAEH8dbf2PA-KzgpSRS2FAt3jsR4ov48adYH3B0tRt_ezeE,65,14143,0,Cheesy Marinara Chicken,cookingchew.com,https://cookingchew.com/cheesy-marinara-chicken-bake.html,https://i.pinimg.com/originals/5b/3a/f1/5b3af187a90c8620fdb88def0c46fc92.jpg,736,1472,0,2025-04-28
2026-09-01,marmita fitness,AWJmu9dXnccR7u4SESsA1Fb5FHo42f_AmKD7USHgERkMQysnQ_TIwkIlXKQoqy_IanxFWDwIpHOsxXEZKk-p-ng,66,7461,0,Lemon Chicken Orzo with,stroller-envy.com,https://stroller-envy.com/pasta-and-chicken-recipes/#wprm-recipe-container-64337,https://i.pinimg.com/originals/4b/f2/c4/4bf2c4724f01cea8f142248b610690d4.png,2000,3556,0,2026-05-27
2026-09-01,marmita fitness,Abz07WR_tSpQzmrGg7PQrzBO4g_uQB77eyjfHXbOhZMkrst-menK4S6NNE5tVG9WvxOAPcjVoNH_0DCfUJ8nDQc,67,178,0,Shrimp Ceviche Lettuce,purewesson.com,https://www.purewesson.com/recipe/spicy-shrimp-ceviche-lettuce-wraps/,https://i.pinimg.com/originals/1e/b0/9a/1eb09a533af5eea0c99e98c4822c2cf1.png,1000,1500,0,2026-07-30
2026-09-01,marmita fitness,1120340844828032413,68,15,0,,,,https://i.pinimg.com/originals/53/2c/c8/532cc855dc5f6489a2f040f0973b1b05.jpg,896,1344,0,2026-05-22
2026-09-01,marmita fitness,AYqTihMH_Gd3qIIeyOKoIg_Y3CM7h8MGbAx6rcZiQnBPuW0V-KIG3En3D80Hf5f2idUMkEbhtbVPJTEdStatqk8,69,1131,0,Fiber Packed Banana Oat,instacart.com,https://www.instacart.com/store/recipes/15252182?utm_source=PinterestxInstacart&utm_medium=ProjectFlip,https://i.pinimg.com/originals/58/95/68/58956811f584b103427340af7ab3a194.jpg,1080,1920,1,2026-06-30
2026-09-01,marmita fitness,89860955060154939,70,81,0,Marmitas fit,,,https://i.pinimg.com/originals/95/9d/35/959d354867679a03133d26415265916b.jpg,1080,1920,0,2026-05-26
2026-09-01,marmita fitness,AXZ78p3_f0zLwKSoshDLkByCVYUgE5gv5wqQge0CBk3gqs85eqeNw57KmyLu2c9tMfA3twaGo5gJMhx-NwRSa_Q,71,1,0,Free Heart-Friendly,ubiquinol.org,https://ubiquinol.org/healthy-dinner-cookbook/?utm_source=pinterest&utm_medium=cpc&utm_campaign=cookbook,https://i.pinimg.com/originals/b4/39/98/b43998d82b60d285d3236bcc87161c3a.jpg,1440,1440,0,2026-02-09
2026-09-01,marmita fitness,ASUaV-gAg8lLPdfrAXytv1y5lEnc3WPA8ay2BweYsXvinc1NwtabvOuIXLk4FPRtpjzqT4T5zmvrS55uoN5wD2M,72,6,0,BBQ Pulled Chicken,hamiltonbeach.com,https://hamiltonbeach.com/bbq-pulled-chicken-burgers-sandwiches-and-sliders,https://i.pinimg.com/originals/46/48/ae/4648ae6bbb59bd46156280ea53e97001.png,4167,6250,0,2026-07-23
2026-09-01,marmita fitness,ATLOCd46sj2T1A5p_lOt1KVPO1u8LCkKd5hYIiUzShoDfL6uGAw7aZnrkKp6I14cWed9Tqc5OMTtJ_nzukjnl6k,73,3,0,DoubleTree by Hilton,expedia.com,https://www.expedia.com/Hotel-Search?destination=Gaithersburg&selected=4695&startDate=2026-09-06&endDate=2026-09-07,https://i.pinimg.com/originals/58/69/3c/58693ccce3e8b1575cd46cf6b0575fe4.jpg,1000,1500,0,2026-06-10
2026-09-01,marmita fitness,914862420401511,74,2762,0,,,,https://i.pinimg.com/originals/94/f2/1c/94f21cac37afd6fb92d81f5b06fb6caa.jpg,2976,3968,0,2024-10-23
2026-09-01,marmita fitness,218635756907140952,75,99,0,Fitness | marmita fit | marmitinha | marmitinha fitness |,,,https://i.pinimg.com/originals/bd/bf/dc/bdbfdc6f044686829144693e96894d9f.jpg,1080,1920,0,2026-04-26
2026-09-01,receita barata para o mes,4785143352512401,2,1136,0,30 IDEIAS DE ALMOÇO,,,https://i.pinimg.com/originals/66/6f/85/666f855c30d67498e0b8fd3b0065b03e.png,1024,1536,0,2026-08-01
2026-09-01,receita barata para o mes,9992430419178351,3,1848,0,,,,https://i.pinimg.com/originals/a5/16/57/a5165748a6379861a84c1bbd88ec4f67.jpg,506,1251,0,2026-05-31
2026-09-01,receita barata para o mes,728246202287754397,4,1508,0,Rotina saudável! Dicas de alimentação ✨,,,https://i.pinimg.com/originals/e0/c1/25/e0c12557475d0c054be38323169a3898.jpg,1080,1920,0,2026-02-04
2026-09-01,receita barata para o mes,ASTAkSsd8_db5aRCXrVxj5a5HTTgzJt6nkDCSNoAf5L8xlq7q5tG0AWJT3PiLR5okUneI0LqDMKe4tD4H44f-oI,5,240,0,20-Minute Protein Meal,athleticlift.com,https://athleticlift.com/20-minute-high-protein-meal-prep-ideas/,https://i.pinimg.com/originals/19/06/a9/1906a99a685cf249c99cd18ea28a101d.png,887,1774,0,2026-06-24
2026-09-01,receita barata para o mes,1055599909530709,6,4375,0,Almoço Semanal,,,https://i.pinimg.com/originals/1f/54/d2/1f54d2dadc04c7c99b16c9c0e77b3914.png,1024,1536,0,2026-06-25
2026-09-01,receita barata para o mes,11751649023872640,7,934,0,,,,https://i.pinimg.com/originals/15/31/12/153112fa20bdcd44edbc1b60e546f259.jpg,1179,2298,0,2026-06-16
2026-09-01,receita barata para o mes,ATweyCFxXTyqGh8AM-C-uSS5watg3DgGTXeCOVgn2jgRsq-HHOb1RQQu22D67qGlt1n4cIPs_LH5Ou-S9AcLmGk,8,441,0,Start Transformation Now!,quiz.betterme.world,https://quiz.betterme.world/first-page-generated?flow=3068&utm_source=pinterest&utm_medium=organic&utm_content=27_2025-07-11_ira_H-FemaleCutting_K-Remake_CT-29985_Ver-1_pn.jpg,https://i.pinimg.com/originals/8b/a0/46/8ba046a20a7d73109e4eab2401947f90.jpg,1080,1920,0,2026-01-31
2026-09-01,receita barata para o mes,AaTRVEKGis3_O8nXpUwSM8fOwBvSPes6ehwSbPR3fSUezBkRxVgpzu5YlMm4BcL0-cMD-0uGR50mlutA2M-DdBc,9,1,0,30 Healthy Family Meals,homeviable.com,https://homeviable.com/easy-weeknight-family-dinners/,https://i.pinimg.com/originals/ed/77/21/ed7721560479a3c2a00c9e7714ebf91d.png,887,1774,0,2026-07-20
2026-09-01,receita barata para o mes,AcBz1wwO3lSRWBf-u0MuE24rRkleeMTQV74KoqyC6J6C4SfzNmUc94mvDw-p25jyTbqB4bLKUzo5U5Tcom8eyNI,10,1927,0,Sheet Pan Roast Chicken,stroller-envy.com,https://stroller-envy.com/15-budget-sheet-pan-dinners-almost-no-cleanup/#1-sheet-pan-roast-chicken-thighs-with-potatoes-and-carrots,https://i.pinimg.com/originals/bc/63/27/bc6327474384f9219e79375f59689026.png,941,1672,0,2026-06-25
2026-09-01,receita barata para o mes,54324739251991654,11,251,0,"Durante 7 dias, faça essas refeições.",instagram.com,https://www.instagram.com/p/DaScca_FptI/?img_index=6,https://i.pinimg.com/originals/65/99/f8/6599f895a0d956eae0230707b4ef6e86.jpg,1080,1344,0,2026-08-12
2026-09-01,receita barata para o mes,5488830793513008,12,9218,0,,,,https://i.pinimg.com/originals/2d/63/8b/2d638ba274b00b99068c37087cf277c2.jpg,736,1104,0,2026-08-20
2026-09-01,receita barata para o mes,AdR05YUkmDK7xiLejLkSDQ-QyQKfg8JXMdlsLMbbNRBLTeWl5EIfo6snhO8ulVnYeO4ycfzDoQ7yDnDqIgsprJQ,13,14143,0,Cheesy Marinara Chicken,cookingchew.com,https://cookingchew.com/cheesy-marinara-chicken-bake.html,https://i.pinimg.com/originals/5b/3a/f1/5b3af187a90c8620fdb88def0c46fc92.jpg,736,1472,0,2025-04-28
2026-09-01,receita barata para o mes,843439836515731898,14,5960,0,Opção de almoço/ jantar saudável para emagrecer 😋,,,https://i.pinimg.com/originals/cb/7b/9d/cb7b9d0d3ab389e769f69113c06d5606.jpg,1200,2133,0,2025-04-24
2026-09-01,receita barata para o mes,AXftiX_TvwTIsL7Fslxygpst9H6EkuQMTChFnb7xG_ZblIoUO1BwbtWaGevLaMjY95ctEdkIysMw3gf0VtJiOLo,15,1,0,50 Salades Repas Healthy:,amazon.com,https://www.amazon.com/Salades-Repas-Healthy-seulement-ingr%C3%A9dients/dp/B0H98ZQQ93/ref=asc_df_B0H98ZQQ93?hvdev=%7Bdevice%7D&hvcampaign=%7Bcampaignid%7D&hvadgroupid=%7Badgroupid%7D&hvprdptid=%7Bproduct_partition_id%7D&hvprdgrpid=%7Bpromoted_product_group_id%7D&hvcr=%7Bcreative_id%7D&hvadid=%7Badid%7D&hvprdid=%7Bproduct_id%7D&hvplc=%7Bplacement%7D&psc=1&tag=%7Bifnotmobile:ushpadpinde-20%7D%7Bifmo,https://i.pinimg.com/originals/9d/3e/45/9d3e45fbdef6f3e9c01194beff6dd67a.jpg,1000,1499,0,2026-07-22
2026-09-01,receita barata para o mes,Aafv3RxVTl4F302htwARA1d06sgS6goRwM_fCDNYMiwWb5AX1pxb-B_IRpxHyS0EOmwVxklkgeuVmihq9avKlOQ,16,3,0,Salades en bocal haute,amazon.com,https://www.amazon.com/Salades-bocal-haute-prot%C3%A9ine-pour/dp/B0H4133Z64/ref=asc_df_B0H4133Z64?hvdev=%7Bdevice%7D&hvcampaign=%7Bcampaignid%7D&hvadgroupid=%7Badgroupid%7D&hvprdptid=%7Bproduct_partition_id%7D&hvprdgrpid=%7Bpromoted_product_group_id%7D&hvcr=%7Bcreative_id%7D&hvadid=%7Badid%7D&hvprdid=%7Bproduct_id%7D&hvplc=%7Bplacement%7D&psc=1&tag=%7Bifnotmobile:ushpadpinde-20%7D%7Bifmobile:ushpa,https://i.pinimg.com/originals/35/72/82/357282997613df5b00e4005d1818ff81.jpg,1000,1293,0,2026-06-27
2026-09-01,receita barata para o mes,700380179593537515,17,1824,0,Emagreça de Vez com Esse Cardápio Simples e Barato 🥗🔥,,,https://i.pinimg.com/originals/0f/82/47/0f824799d960d00de730ad855aadb660.png,1024,1536,0,2026-04-22
2026-09-01,receita barata para o mes,68117013110051288,18,366,0,"🍚 Cardápio Alimentar Sem Arroz: ideias de refeições saudáveis, práticas e equilibradas para variar o dia a dia sem abrir mão do sabor e da alimentação saudável! 🥗✨ Procurando um cardápio alimentar sem",instagram.com,https://www.instagram.com/p/DbI5ctqlgM0/?img_index=6,https://i.pinimg.com/originals/0b/57/02/0b57022ba18baab56917e551d5ad7c3f.jpg,1080,1344,0,2026-08-15
2026-09-01,receita barata para o mes,ASHU_u92Bsg1djrRT8dscvW2zfFhyNl-O2d9YB8RVY3Pza8l1FQsr7I-D8_FLyPpbhVHhBJpjQSYdf7jOoskNwM,19,1,0,Dinners You Can Make in,momscravings.com,https://momscravings.com/back-to-school-dinners-you-can-make-in-30-minutes-or-less/,https://i.pinimg.com/originals/b5/c1/87/b5c1871df606f556fb478e0c53356a2c.jpg,887,1774,0,2026-05-12
2026-09-01,receita barata para o mes,AZmD8Te8MPONnvkCwIwR3e13qiWERK3XKzHRzD6Pp5uk2daBgp_n3NfJwK4Q6Yzygo8tMx5MeMJ7REOCYaaf-nY,20,274,0,21 Powerful High Protein,panfetti.com,https://panfetti.com/cheap-high-protein-meal-prep-ideas/,https://i.pinimg.com/originals/2c/b1/b5/2cb1b5152d8a502f18de0c0ac74cd13c.jpg,736,1472,0,2026-05-13
2026-09-01,receita barata para o mes,AQeAEsiO4y3HsXfzflZemtGEeV0xkwC5PRO1a_kOhxoLLrPr5s8oEkJ2LB1xw2OT9y8Uj18LzeHwsXYVgB5QUwE,21,943,0,Cabbage Roll Creations:,amazon.com,https://www.amazon.com/Cabbage-Roll-Creations-Quick-Recipes/dp/B0DJTFZ1JW/ref=asc_df_B0DJTFZ1JW?hvdev=%7Bdevice%7D&hvcampaign=%7Bcampaignid%7D&hvadgroupid=%7Badgroupid%7D&hvprdptid=%7Bproduct_partition_id%7D&hvprdgrpid=%7Bpromoted_product_group_id%7D&hvcr=%7Bcreative_id%7D&hvadid=%7Badid%7D&hvprdid=%7Bproduct_id%7D&hvplc=%7Bplacement%7D&psc=1&tag=%7Bifnotmobile:ushpadpinde-20%7D%7Bifmobile:ushpadp,https://i.pinimg.com/originals/39/1b/ef/391bef2800bfed043eb28b3d718189c4.jpg,1000,1499,0,2026-04-18
2026-09-01,receita barata para o mes,615445105373710989,22,9,0,,,,https://i.pinimg.com/originals/5f/96/e9/5f96e9eb1eec73957427658181b82c6e.jpg,554,731,0,2026-05-21
2026-09-01,receita barata para o mes,1147995761289739093,23,4,0,Seu corpo não muda por esforço… muda quando você faz do jeito certo. Treino e alimentação andam juntos.,,,https://i.pinimg.com/originals/d8/53/29/d853295bc1c3021fab0ff6a09555764a.jpg,736,920,0,2026-07-06
2026-09-01,receita barata para o mes,21181060744184259,24,2595,0,,,,https://i.pinimg.com/originals/d8/cd/02/d8cd02f8c4b7145b1b38192076b981f5.jpg,563,857,0,2026-04-22
2026-09-01,receita barata para o mes,AYvIBXiSEo9Fgjnkww24Pu0r5bJLYLE-mSJCU1c2TCcMTkjPijUty7Qd_mPLIj3wqC-aCy4Liq60HfzVj0em4sc,25,2,0,50 The Instant Pot Dinner,amazon.com,https://www.amazon.com/Instant-Pot-Dinner-Collection-Recipes/dp/B0DPLJ6MS9/ref=asc_df_B0DPLJ6MS9?hvdev=%7Bdevice%7D&hvcampaign=%7Bcampaignid%7D&hvadgroupid=%7Badgroupid%7D&hvprdptid=%7Bproduct_partition_id%7D&hvprdgrpid=%7Bpromoted_product_group_id%7D&hvcr=%7Bcreative_id%7D&hvadid=%7Badid%7D&hvprdid=%7Bproduct_id%7D&hvplc=%7Bplacement%7D&psc=1&tag=%7Bifnotmobile:ushpadpinde-20%7D%7Bifmobile:ushpad,https://i.pinimg.com/originals/63/88/fd/6388fddb452eec75871d5044586ed80b.jpg,1051,1360,0,2026-05-16
2026-09-01,receita barata para o mes,AedhmvK5RmMF5h8rn-1zEjJTKiIpRk1O0PAESAlqG73PoYEBsxXj-kg0MEgozvjlGD98rpWF7I8q4-IvA06IyP8,26,473,0,Cheap Dinner Ideas for a,mommyonpurpose.com,https://mommyonpurpose.com/dirt-cheap-dinner-ideas/,https://i.pinimg.com/originals/39/2a/89/392a899cc49fdde0b41c244086d7827e.jpg,750,1500,0,2023-12-13
2026-09-01,receita barata para o mes,AXuuo39rO3chm10XK8w1AfHbPnwbcabVHj9rlkF05cL2l_mRfkfFYdVcl4FDoqkyFX6Z6_B8NrpSk1kZUwkmObc,27,16065,0,Creamy Ravioli Soup,insanelygoodrecipes.com,https://insanelygoodrecipes.com/creamy-ravioli-soup/?utm_source=convertkit&utm_medium=email&utm_campaign=%E2%9D%A4%EF%B8%8F+Ridiculously+Easy+Recipes+You%E2%80%99ll+Love+-+16083261,https://i.pinimg.com/originals/62/e3/90/62e3906936632435c0f1a07b53d08b75.jpg,1200,1800,0,2025-10-24
2026-09-01,receita barata para o mes,29062360091639165,28,910,0,,,,https://i.pinimg.com/originals/c5/e3/e1/c5e3e1d262b8eb9b0c2fa1bf23cea05c.jpg,1080,1920,0,2026-08-17
2026-09-01,receita barata para o mes,1055599909453127,29,2355,0,bolinhos de arroz,,,https://i.pinimg.com/originals/5a/0e/61/5a0e61207f2c9c5e74b35e2ee12d58f5.jpg,720,1280,0,2026-05-25
2026-09-01,receita barata para o mes,86623992828915365,30,415,0,Power Salad,,,https://i.pinimg.com/originals/c2/53/c4/c253c48d53bd3a812f8f33613f8671e0.jpg,720,1280,0,2026-08-22
2026-09-01,receita barata para o mes,AZhTvPG-Ml-coPbeV7GP-DxfOHTrCAMCkI2BDj_wl1c-kz1db8rEpS_HU_QE2AbE5vPUvKxNjBoT8DdVfblo57Q,31,2,0,No Cook Jar Meals: Zero,amazon.com,https://www.amazon.com/No-Cook-Jar-Meals-Recipes/dp/B0GJ3K19N7/ref=asc_df_B0GJ3K19N7?hvdev=%7Bdevice%7D&hvcampaign=%7Bcampaignid%7D&hvadgroupid=%7Badgroupid%7D&hvprdptid=%7Bproduct_partition_id%7D&hvprdgrpid=%7Bpromoted_product_group_id%7D&hvcr=%7Bcreative_id%7D&hvadid=%7Badid%7D&hvprdid=%7Bproduct_id%7D&hvplc=%7Bplacement%7D&psc=1&tag=%7Bifnotmobile:ushpadpinde-20%7D%7Bifmobile:ushpadpinsp-20%7D,https://i.pinimg.com/originals/6d/b5/d0/6db5d0ab7931760f54b656df63fc5a53.jpg,1000,1499,0,2026-05-20
2026-09-01,receita barata para o mes,573997915008391544,32,213,0,"17 receitas rápidas, fáceis e baratas para uma refeição | Receitas",anamariabraga.globo.com,https://anamariabraga.globo.com/materia/receitas-faceis-rapidas-e-baratas-para-quem-mora-sozinho/?utm_source=pinterest&utm_medium=social&utm_campaign=receita&utm_term=receitas-faceis-rapidas-e-baratas-para-quem-mora-sozinho&utm_content=ana-junho,https://i.pinimg.com/originals/7a/93/5f/7a935f355f355f9dbe0751b94a0df692.jpg,289,434,0,2019-06-27
2026-09-01,receita barata para o mes,AbVWiPbyQGMDktLhJbyaphYOdydVeuXqYu2Nz942518ovc6sn_lLRZEYmTjMw6dUT12L8tYFTITswLt1dGmyxpw,33,51,0,50 Delicious Rice Bowl,amazon.com,https://www.amazon.com/Delicious-Rice-Bowl-Recipes-Summer/dp/B0DJQ3CTWQ/ref=asc_df_B0DJQ3CTWQ?hvdev=%7Bdevice%7D&hvcampaign=%7Bcampaignid%7D&hvadgroupid=%7Badgroupid%7D&hvprdptid=%7Bproduct_partition_id%7D&hvprdgrpid=%7Bpromoted_product_group_id%7D&hvcr=%7Bcreative_id%7D&hvadid=%7Badid%7D&hvprdid=%7Bproduct_id%7D&hvplc=%7Bplacement%7D&psc=1&tag=%7Bifnotmobile:ushpadpinde-20%7D%7Bifmobile:ushpadpin,https://i.pinimg.com/originals/47/5c/63/475c6372f9a0d43fc0bf4ce5171aaff9.jpg,1051,1360,0,2026-04-17
2026-09-01,receita barata para o mes,23010648094513388,34,232,0,"🍱 Marmitas Fitness: aprenda a montar marmitas saudáveis, baratas e fáceis para a semana inteira — perfeitas para quem quer praticidade, alimentação saudável e manter o foco no emagrecimento sem perder",instagram.com,https://www.instagram.com/p/DV4Cik0GpH6/?img_index=2,https://i.pinimg.com/originals/5f/51/16/5f5116168d573662dee8656db4597ff6.jpg,1080,1440,0,2026-08-21
2026-09-01,receita barata para o mes,AbhXDL10JqRyqJ0sdc9p8TcPlf1fkkj290cF5e-bRnUGgRMgvv8Zn2d5YL9AATPfJQ__TdI56cS9x3lVa2QZwBM,35,136,0,Birria Rice Bowls,simplyorganic.com,https://www.simplyorganic.com/recipes/birria-rice-bowls,https://i.pinimg.com/originals/13/37/24/13372489fd13cb542161a6df46a9f686.jpg,1080,1920,1,2026-08-05
2026-09-01,receita barata para o mes,703756189233448,36,1460,0,Instagram,instagram.com,https://www.instagram.com/corpo.emforma3/p/DUK8bMMAu8N/,https://i.pinimg.com/originals/7a/83/d7/7a83d744a5f97d28713e3cd2f187b615.webp,810,1080,0,2026-04-08
2026-09-01,receita barata para o mes,ARLil9Ac6rRgNON_hNeRG3Oj59RIO4ansjHqt87d2bRbAXkGQhZ5rhp7u29OI4Uj7x7gCwPdj4oXDg022hJtV0A,37,6,0,50 Healthy Dinner Recipes,amazon.com,https://www.amazon.com/50-Healthy-Dinner-Recipes-Home/dp/B0DG4KKTY4/ref=asc_df_B0DG4KKTY4?hvdev=%7Bdevice%7D&hvcampaign=%7Bcampaignid%7D&hvadgroupid=%7Badgroupid%7D&hvprdptid=%7Bproduct_partition_id%7D&hvprdgrpid=%7Bpromoted_product_group_id%7D&hvcr=%7Bcreative_id%7D&hvadid=%7Badid%7D&hvprdid=%7Bproduct_id%7D&hvplc=%7Bplacement%7D&psc=1&tag=%7Bifnotmobile:ushpadpinde-20%7D%7Bifmobile:ushpadpinsp-2,https://i.pinimg.com/originals/59/74/49/597449b4a65b20b40d2d330c53871cdf.jpg,1051,1360,0,2026-04-20
2026-09-01,receita barata para o mes,770185973796994952,38,313,0,Essas receitas são ótimas p/ emagrecer galera aproveite!,,,https://i.pinimg.com/originals/22/ab/d4/22abd42d4006e5bba72b15991ca89636.jpg,646,1149,0,2023-05-04
2026-09-01,receita barata para o mes,4222193396116782,39,1593,0,Torta de Frango Fácil,,,https://i.pinimg.com/originals/0e/74/53/0e745340854681e2b413b3b1a393889f.jpg,576,1024,0,2026-04-22
2026-09-01,receita barata para o mes,37084396931905038,40,580,0,Almoço Econômico para Alimentar a Família Sem Gastar Muito,,,https://i.pinimg.com/originals/b0/77/99/b07799a94c8bd2a66b82498b81938590.png,1024,1536,0,2026-07-31
2026-09-01,receita barata para o mes,33565959719200566,41,361,0,,,,https://i.pinimg.com/originals/d1/3c/44/d13c446a195e2bf6435272aa778d4a99.jpg,576,1024,0,2026-05-07
2026-09-01,receita barata para o mes,ASraqiWhFscF6yAZ_9vNG_PPVMtX4d47JV3lGA4csvC4K5DUYnscSqCWaZPLBBy4R40yUOQ4Rzh8tzqYz5c40g4,42,2,0,50 Recetas con Carnes y,amazon.com,https://www.amazon.com/50-Recetas-Carnes-Aves-Caseras/dp/B0GGH2GQ1W/ref=asc_df_B0GGH2GQ1W?hvdev=%7Bdevice%7D&hvcampaign=%7Bcampaignid%7D&hvadgroupid=%7Badgroupid%7D&hvprdptid=%7Bproduct_partition_id%7D&hvprdgrpid=%7Bpromoted_product_group_id%7D&hvcr=%7Bcreative_id%7D&hvadid=%7Badid%7D&hvprdid=%7Bproduct_id%7D&hvplc=%7Bplacement%7D&psc=1&tag=%7Bifnotmobile:ushpadpinde-20%7D%7Bifmobile:ushpadpinsp-2,https://i.pinimg.com/originals/9a/71/6c/9a716cb24793458425170923b7e8afb4.jpg,1000,1293,0,2026-05-18
2026-09-01,receita barata para o mes,613334043048846322,43,4,0,Dieta Barata: Plano Fácil de 15 Dias | Coma Bem Gastando Pouco,bright-taffy-8aa407.netlify.app,http://bright-taffy-8aa407.netlify.app/,https://i.pinimg.com/originals/14/78/03/147803bfe95d365a12edf33d4da4fed1.png,1024,1536,0,2026-08-20
2026-09-01,receita barata para o mes,700380179593733781,44,565,0,DIETA FÁCIL E BARATA | COMER BEM SEM GASTAR MUITO 💪,,,https://i.pinimg.com/originals/b0/a5/f8/b0a5f816c9c4a3dfa9765236a0180638.png,1024,1536,0,2026-05-04
2026-09-01,receita barata para o mes,AWIghL5dVyzpUNnBWlcramyzl2FEBkDVCIz7yB2xmmUlv6LWIN0kFoILfIaiNbMcFo8invgOFc1-zspTAhXV9Eg,45,0,0,5-Ingredient Cookbook,amazon.com,https://www.amazon.com/5-Ingredient-Cookbook-Recipes-Budget-Friendly-Ingredients/dp/B0H7SC3DFD/ref=asc_df_B0H7SC3DFD?hvdev=%7Bdevice%7D&hvcampaign=%7Bcampaignid%7D&hvadgroupid=%7Badgroupid%7D&hvprdptid=%7Bproduct_partition_id%7D&hvprdgrpid=%7Bpromoted_product_group_id%7D&hvcr=%7Bcreative_id%7D&hvadid=%7Badid%7D&hvprdid=%7Bproduct_id%7D&hvplc=%7Bplacement%7D&psc=1&tag=%7Bifnotmobile:ushpadpinde-20%,https://i.pinimg.com/originals/dc/6d/57/dc6d576abe523130f8f2c24a4c810a9a.jpg,1000,1293,0,2026-07-30
2026-09-01,receita barata para o mes,Ac1tCgQ2VLBNK0ujrGAvSJdyy4TM1tsjafXpAOWhKog4j1NizBRuZWG0BLWZVBRYm0Bk_NEpqfB1IwZckdfRiZY,46,1,0,Free Heart-Friendly,ubiquinol.org,https://ubiquinol.org/healthy-dinner-cookbook/?utm_source=pinterest&utm_medium=cpc&utm_campaign=cookbook,https://i.pinimg.com/originals/b4/39/98/b43998d82b60d285d3236bcc87161c3a.jpg,1440,1440,0,2026-02-09
2026-09-01,receita barata para o mes,1115133557765183811,47,3,0,RECEITA SAUDÁVEL,s.shopee.com.br,https://s.shopee.com.br/5fnqRXSzBJ?channel_type=pinterest,https://i.pinimg.com/originals/5c/81/2d/5c812db3877ba8a34ded7df184f3bb9d.jpg,736,976,0,2026-08-10
2026-09-01,receita barata para o mes,633387443245036,48,7859,0,OPINIÕES DE JANTAR SALDAVEU,,,https://i.pinimg.com/originals/a8/19/4c/a8194c7f007eb1b2b3b782aa531bedc9.jpg,736,1308,0,2025-01-29
2026-09-01,receita barata para o mes,622130136014419331,49,62,0,20 Pratos Baratos e Nutritivos para Economizar! - Manga com Pimenta,mangacompimenta.com,https://mangacompimenta.com/2020/03/18/pratos-baratos-e-nutritivos/,https://i.pinimg.com/originals/0f/db/cb/0fdbcb954964350aa74f83a5ad21b102.jpg,236,542,0,2020-04-23
2026-09-01,receita barata para o mes,1055599909530706,50,5545,0,,,,https://i.pinimg.com/originals/12/8e/88/128e88ebf9198067482caa5b39567bd1.jpg,1024,1536,0,2026-06-25
2026-09-01,receita barata para o mes,AWtzFKjPTbOthWzHKhQo1IhdDxnKi17ENg3ere_hGZvqG5yhI60w6I2C5WJz_M0Em525wIOx5HI3SrtafuURFuI,51,0,0,Assorted Dessert,ediblearrangements.com,https://www.ediblearrangements.com/fruit-gifts/assorted-dessert-indulgent-cups-9154,https://i.pinimg.com/originals/30/55/d0/3055d06731c61acbfc09919071ee1fc3.png,1200,1800,0,2026-08-07
2026-09-01,receita barata para o mes,14284923813883572,52,1094,0,Cardápio Semanal 🤎✨,,,https://i.pinimg.com/originals/97/63/1f/97631fb957096f273ded8fd7329627ae.png,1024,1536,0,2026-08-04
2026-09-01,receita barata para o mes,AYtWSgxIplGnAOZZxOOWGb2hvrqfUl42MRqiuKTKTP345bjuLnbYSLqnwlWU15RIenw_nPhQOAl7v43hg8RPSTA,53,10,0,30 Pieces Gray Airtight,homedepot.com,https://www.homedepot.com/p/Numhew-30-Pieces-Gray-Airtight-Glass-Food-Storage-Containers-with-Snap-Locking-Lids-Microwave-Oven-Freezer-and-Dishwasher-E5N8I1F6/339936710?cm_mmc=psoc-pinprg-%7Bcampaignid%7D-%7Badgroupid%7D,https://i.pinimg.com/originals/40/10/57/40105780a957735ac886b501e053bcac.jpg,1000,1000,0,2025-12-11
2026-09-01,receita barata para o mes,Abhox_nilgMzLwPzrG8pq5YNghLohg8nAVKkod6N6jVJhXG0oWwTlXV5geJ7mgCw2xlAF59NkX_ZUv_Hd4h6M34,54,3469,0,Honey Garlic Sheet Pan,stroller-envy.com,https://stroller-envy.com/30-budget-friendly-family-dinners-under-10/#Sheet_Pan_Chicken_Family_Dinner-2,https://i.pinimg.com/originals/0f/5c/6e/0f5c6e06bda5dfcba8f9df0860207935.png,1696,2528,0,2026-03-05
2026-09-01,receita barata para o mes,AdkE6j8LcW3cANf8tyvg8YaUxrbTGqbqEr3SwQ4tFs82uY0OyEZRA4g_8k3XNou6ot-JkNvn6XuBwWblKdYUm6c,55,25,0,Start Transformation Now!,quiz.betterme.world,https://quiz.betterme.world/first-page-generated?flow=3068&utm_source=pinterest&utm_medium=organic&utm_content=27_2025-07-11_ira_H-FemaleCutting_K-Remake_CT-29985_Ver-3_pn.jpg,https://i.pinimg.com/originals/d3/95/10/d395106263f85c91ed1a97121c12b0d4.jpg,1080,1920,0,2026-01-31
2026-09-01,receita barata para o mes,1015702522216546577,56,2,0,REFEIÇÕES BARATAS E DELICIOSAS PARA ECONOMIZAR,terra.com.br,"https://www.terra.com.br/vida-e-estilo/degusta/7-receitas-faceis-e-baratas-para-o-almoco-de-domingo,cd7ea2a5497e5c7012f3acfb2078b3958kvu1rxw.html",https://i.pinimg.com/originals/06/2d/3a/062d3ac602ea2d647b1dc23e1dd6df3c.png,1000,1500,0,2025-02-22
2026-09-01,receita barata para o mes,89579480086215585,57,43,0,15 Receitas para Refeições Fáceis e Deliciosas,malasepanelas.com,https://malasepanelas.com/15-receitas-para-refeicoes-faceis-e-deliciosas/,https://i.pinimg.com/originals/53/4d/ef/534defa08b584f8216d7c75f0b13fed3.png,700,1500,0,2026-04-30
2026-09-01,receita barata para o mes,AQL4nT-clrdRUdjIS9Tg-r0fSSFqN1X6pF86Jugvxx0W2nmo3i7Zx8INhFM9NQJcgHOXblcGHOTiSemRMdvW19Y,58,0,0,The Easiest Way to Eat,eat.hungryroot.com,https://eat.hungryroot.com/oct-2025-different-30/?utm_source=pinads-sub&utm_medium=cpc&utm_campaign=ACQ-Pin-S114_P+&utm_content=PNEW1090&wm_source=pinterest&wm_medium=ads&wm_ad_id=%7Badid%7D,https://i.pinimg.com/originals/15/66/85/156685b1d5167afc4859102e968d5045.jpg,1080,1920,1,2026-08-27
2026-09-01,receita barata para o mes,AcrzHQOscIZDupBIpsKZ_b1ebMlVAOg5uHugfUn4jpLM0Pkdv4gEhYEa7jc9Jdl6oDvlXUdorSGeqXF2aynJwIc,59,6,0,Kils Hotell & Restaurang,expedia.com,https://www.expedia.com/Hotel-Search?destination=Kil&selected=53349278&startDate=2026-09-30&endDate=2026-10-01,https://i.pinimg.com/originals/dd/38/37/dd383788816f64457287084d1b5361bd.jpg,1000,1500,0,2026-07-12
2026-09-01,receita barata para o mes,9077636744836344,60,503,0,Legumes,,,https://i.pinimg.com/originals/30/fd/c1/30fdc1407c5087cf6a6b5f527477aca8.jpg,1080,1920,0,2025-10-13
2026-09-01,receita barata para o mes,6544361955407288,61,277,0,Marmitas da Semana: Organização e Saúde,,,https://i.pinimg.com/originals/9e/0d/bf/9e0dbf05d97c606ee9a7a0d74ae8a9da.png,1152,2048,0,2026-07-21
2026-09-01,receita barata para o mes,2040762329120348,62,477,0,,,,https://i.pinimg.com/originals/f1/6a/02/f16a02956ebb099ea55fd267466c0f24.jpg,736,919,0,2026-01-10
2026-09-01,receita barata para o mes,633387444792348,63,5032,0,TORTA DE BRÓCOLIS FÁCIL E DELICIOSA,s.shopee.com.br,https://s.shopee.com.br/2B7pqDeVMD?channel_type=pinterest,https://i.pinimg.com/originals/43/bc/ce/43bcce8467ee5adaa1de0ba654aa0b54.png,720,1280,0,2026-08-18
2026-09-01,receita barata para o mes,1055599909477544,64,1702,0,,,,https://i.pinimg.com/originals/2f/43/ed/2f43ede503d3ad3a56c531ea832daff3.jpg,1024,1536,0,2026-06-04
2026-09-01,receita barata para o mes,5066618331739202,65,1969,0,"Maria Carolina no Instagram: ""🍲✨ 6 CALDOS CASEIRO",instagram.com,https://www.instagram.com/p/DavKbWzxWEv/?igsh=NnZvZnJ3NXQ2NWVo,https://i.pinimg.com/originals/e8/04/a7/e804a746e838dae4d47ffa02c93ccc81.jpg,1403,1753,0,2026-07-28
2026-09-01,receita barata para o mes,185773553375744693,67,2323,0,Marmite-se | Método para ficar livre da cozinha por 15 dias,misturasdobem.com.br,https://misturasdobem.com.br/lp-marmite-se,https://i.pinimg.com/originals/84/0a/7e/840a7e98a11d4ac635c3138b04f66538.jpg,810,1080,0,2026-08-19
2026-09-01,receita barata para o mes,88875792643761620,68,629,0,"Sugestões de Pratos Saudáveis: 5 ideias simples e equilibradas para quem quer emagrecer, melhorar a alimentação saudável e manter a constância sem dietas restritivas 🍽️✨ SUGESTÕES DE PRATOS SAUDÁVEIS ",instagram.com,https://www.instagram.com/p/DZoE7mEmrJz/,https://i.pinimg.com/originals/00/02/ce/0002cefec729827d025b90a6d200e221.jpg,1080,1350,0,2026-08-07
2026-09-01,receita barata para o mes,1143421792877050423,69,1384,0,Substitua o arroz por isso:,,,https://i.pinimg.com/originals/8b/76/53/8b7653d0bc91bf203857eebe3f9d30a1.jpg,576,1024,1,2023-07-22
2026-09-01,receita barata para o mes,59461657574186509,70,108,0,"5 dias de trabalho, 5 marmitas!",organizaracasa.com,http://www.organizaracasa.com/5-dias-de-trabalho-5-marmitas-20/,https://i.pinimg.com/originals/2e/f2/42/2ef242c25486f4490513abb7d373193b.jpg,858,1404,0,2024-02-29
2026-09-01,receita barata para o mes,1044694444793687848,71,14263,0,LANCHE DE FRANGO,,,https://i.pinimg.com/originals/e5/82/e1/e582e131292edbba3c602d12ee2c30e8.jpg,1080,1920,0,2023-07-05
2026-09-01,receita barata para o mes,Ab0nd2KM5ELQ7afL3jrvUBAZtrZI-BELs5DpMXgvKDba0LZH6fSwVedVklSg52YP5HWXh1BHh9m9honjC6JXOGc,72,30,0,"Air Fryer Britânia 4,2L – Praticidade na Cozinha 🍽️",s.shopee.com.br,https://s.shopee.com.br/8zxuuDR3F2?pp=1&channel_type=pinterest,https://i.pinimg.com/originals/ec/ed/86/eced8600207678fa31e6c09c0d1c8cee.jpg,1080,1920,0,2025-12-25
2026-09-01,receita barata para o mes,5488830792163813,73,988,0,"Sabia que temos vários eBooks de receitas incríveis? 📚 Desde massas, sobremesas até opções práticas para o dia a dia, tudo para facilitar sua vida na cozinha e deixar suas refeições ainda mais delicio",instagram.com,https://www.instagram.com/reel/DHCfZgiTl6e/,https://i.pinimg.com/originals/b4/a9/e6/b4a9e6aa7525496ef955d897ed001c78.jpg,720,1280,0,2025-05-11
2026-09-01,receita barata para o mes,12877548933151460,74,373,0,marmitas fit,,,https://i.pinimg.com/originals/60/cf/3e/60cf3e306eb5ce85f635c33bc6a41321.png,1024,1536,0,2026-04-13
2026-09-01,receita barata para o mes,837669599448171268,75,1299,0,Receita para secar,,,https://i.pinimg.com/originals/19/5c/4a/195c4a1dbb317a37a5a65276eaa6b990.jpg,640,640,0,2021-10-05
2026-09-01,receita barata para o mes,36591815719138728,76,159,0,,,,https://i.pinimg.com/originals/b9/cb/8b/b9cb8bb104c997e5e4bff43e35ed891b.jpg,900,1600,0,2026-05-22
2026-09-01,lanche saudavel,AUXpKVstsqs9MAqRm0_cBQXx6QbGythbSRoB-8KtVK0y1wu8I310a6wxQfOG2E-K-5HHQHRD-RmuTZXhu-x117Y,2,73,0,Private vacation home in,vrbo.com,https://www.vrbo.com/search?selected=24106067,https://i.pinimg.com/originals/91/e0/73/91e073630dad0a21f2fb57824b913c0e.webp,1000,1500,0,2025-05-03
2026-09-01,lanche saudavel,10485011664254486,3,235,0,Wraps de Frango com Abacate e Iogurte Grego 🌯🥑,,,https://i.pinimg.com/originals/10/2d/e6/102de6379f228ee8e20b434f8b3f39a8.png,1024,1820,0,2025-01-15
2026-09-01,lanche saudavel,AQ7kEQPQbR_xaHgqVkl1cg6U3TW7ddyud96F1Iug6NCHRHThVv3gt1fOub0-RlOxx_GS9TBaXQrfWipjHoZ3fCQ,4,1,0,Check GoodRx,goodrx.com,https://www.goodrx.com/well-being/diet-nutrition/best-food-sources-protein,https://i.pinimg.com/originals/95/7d/aa/957daac28a1ae04bbe80050037f6f349.jpg,736,1308,0,2026-07-23
2026-09-01,lanche saudavel,1900024840228372,5,6525,0,,,,https://i.pinimg.com/originals/00/0d/5c/000d5cb936b23306d9d7a35e6679ca2a.jpg,1080,1920,0,2026-08-21
2026-09-01,lanche saudavel,AVqHx9hS4V_8V8-_Kj5mER30Jvi-kU3Y5jiA5fHzT5fouGoTcDqc4U3xjpn2tie3O3zd1UUv_sO1coFTab5Ot4M,6,0,0,Summer Brunch,cabotcreamery.com,https://cabotcreamery.com/blogs/recipes/eggs-in-red-peppers,https://i.pinimg.com/originals/ec/4f/76/ec4f76e30cd58c81eeea7256ee649f8e.jpg,1080,1920,1,2026-07-20
2026-09-01,lanche saudavel,AdSPbWKdxO0sXflXPtyAy2XWknp5J7Nrv-Bis0HOcyUOEyZgvCznxUEDm75NRqoGgSoIiMVelJbNiEbqqHwjhdg,7,1,0,"Try NEW Campbell's® Sauces in Butter Chicken, Smothered Chicken, Creamy Garlic, and Thai Curry",shop.mikmak.ai,https://shop.mikmak.ai/social/6a84a57a325bd9fee3075179?utm_source=pinterest&utm_medium=paid_social&utm_campaign=sauce_innovation_foundational&utm_term=ad25+_meal_planning&utm_content=how_to_smothered_chicken&utm_placement=in_feed&utm_marketing_tactic=awareness&utm_format=carousel,https://i.pinimg.com/originals/cf/a0/b9/cfa0b9ed61aa3aedd64c7a60d18a1cde.png,1080,1620,0,2026-08-27
2026-09-01,lanche saudavel,1000995454671671598,8,25713,0,,,,https://i.pinimg.com/originals/71/33/b5/7133b56cb67f8da3d91612b8a9f20a9c.jpg,736,965,0,2024-08-05
2026-09-01,lanche saudavel,AVBIMBEfvcW9TGCgj-nQQD_T7T1KLVSKKohAhxsfRFMT1IqbqFJWfcWkla-mOa30luQjU_xBrEZBO-2kIKt4wsE,9,1331,0,40 Meal Prep Lunches That,athleticlift.com,https://athleticlift.com/meal-prep-lunches-dont-get-soggy/,https://i.pinimg.com/originals/0f/ea/a1/0feaa1928d9c0577079df02cded89a60.png,887,1774,0,2026-05-15
2026-09-01,lanche saudavel,1099582065802424013,10,831,0,Lanches saudáveis para o dia a dia,,,https://i.pinimg.com/originals/43/77/ba/4377bac26f21f24ff550eef08173bb30.jpg,736,981,0,2026-03-06
2026-09-01,lanche saudavel,Aa8faSn2JwM1Ixq4vB1jqcJAhttwI39K6t4y4YckndTi2RhALRpSYUKe_GwRF60lG1fsHwj5LUhGt5gMZMDxIFA,11,1,0,Is REESE'S why so many,instacart.com,https://www.instacart.com/store/brands/reeses/everyday?ic_source=pinterest&ic_medium=paidsocial,https://i.pinimg.com/originals/f8/a2/9b/f8a29b178047d116f3318c887298ace4.jpg,1000,1500,0,2026-07-31
2026-09-01,lanche saudavel,937100634956903129,12,259,0,Receita rápida e deliciosa 🍕 . . #receitafit#receitasimples#receitasaudavel#receitadocefit#receitafacil#receitarapida#bolodechocolatefit#bolodechocolate,instagram.com,https://www.instagram.com/p/C3tgFQURrBk/,https://i.pinimg.com/originals/a5/9a/42/a59a42f811c7bcf3a9d713ed6c428b41.jpg,1080,1350,0,2024-05-04
2026-09-01,lanche saudavel,AbLpreq5uyMbzX-ye1OVLPTWTrwLrH37CgMMoteWhHFnb7qs3-60Two9OBgvsIpz-dyvQ8_5bHp9DKwrHENQliw,13,99,0,14 Easy Lunch Ideas to,stroller-envy.com,https://stroller-envy.com/14-easy-lunch-ideas-that-arent-the-same-turkey-sandwich-again/,https://i.pinimg.com/originals/67/79/8a/67798a850c08a8e95d1f4c207123055d.png,1728,2592,0,2026-06-13
2026-09-01,lanche saudavel,AZTgg6QcXS57pVT2cRmrgVQrLr-adj6FKszRsjcMj-tTbcuiQgrlrAFYwLdfOG-P_LnFSMhDExc1OLakLFDEV1E,14,4,0,Tanoreen - Mini Falafel,goldbelly.com,https://www.goldbelly.com/restaurants/tanoreen/falafel-kit-for-4,https://i.pinimg.com/originals/e1/16/20/e116201685ed05c155a4d5fedf9959e2.jpg,3612,3651,0,2025-09-05
2026-09-01,lanche saudavel,14003448838506589,15,1633,0,,,,https://i.pinimg.com/originals/f5/17/b0/f517b0e4cde2c5869475ec455f216553.jpg,1080,1920,0,2026-06-04
2026-09-01,lanche saudavel,AV-szzcb5C_dWTy0TWrFeNmr4jYXtdTDBXFAaa74GYpSK_F9ZGJudtR-tMYlMaM5D918b1GPueQNiZzGxzv9HVo,16,1,0,Jamie Oliver's,uk.pinterest.com,https://uk.pinterest.com/jamieoliver/back-to-school-recipes/,https://i.pinimg.com/originals/8c/f5/68/8cf56820fa5d18a953add6ec8ea5d18b.jpg,969,1279,0,2026-08-13
2026-09-01,lanche saudavel,Acg6n76dXUwJtRC3Gq6UXMRldFaBFdzPiDp6pnmnWnuUjvEyMJbEotehXZEDb7pwQx4M-woU8QV45n29-S3q3JM,17,448,0,14 Easy High Protein Low,panfetti.com,https://panfetti.com/power-packed-high-protein-low-fat-snacks/,https://i.pinimg.com/originals/32/ae/ac/32aeacbf22bb9fc29b74d4e5bc7cd04c.jpg,736,1472,0,2026-06-03
2026-09-01,lanche saudavel,1548181186522027,18,1636,0,,,,https://i.pinimg.com/originals/84/bf/20/84bf2032b80b7945135b1c58946013ed.jpg,2268,4032,0,2026-02-11
2026-09-01,lanche saudavel,351912467529017,19,16017,0,,,,https://i.pinimg.com/originals/de/9d/59/de9d594e4f25594785223bb6f91f78fe.jpg,736,1308,0,2026-07-24
2026-09-01,lanche saudavel,ARPHnlnPvSzcauWFafG9YTlQB1qwN0VJCsC58XZfkTZJ2ZqIZrsqqFsmNWHrujULje73BP5nAhyG_aW2-eZLpOQ,20,20,0,FixtureDisplays Snow Cone,wayfair.com,https://www.wayfair.com/FixtureDisplays--FixtureDisplays-Snow-Cone-Syrup-877PIT004253-L971-K~FXTU7662.html,https://i.pinimg.com/originals/f8/52/63/f852632a8806d3bbfa7915fcdbe42223.jpg,400,400,0,2026-03-25
2026-09-01,lanche saudavel,AUJmhU2QC6SlZArSQSJPIvCPTwZIOYcqFmrWG9lf69k_zN6HcqizeL8o6OmeWAy7ZhjuCFZBY7LeCapUjot6JMA,21,2,0,The Happy Lunch Box,amazon.com,https://www.amazon.com/Happy-Lunch-Box-Johnson-143/dp/B0GCM1W5CV/ref=asc_df_B0GCM1W5CV?hvdev=%7Bdevice%7D&hvcampaign=%7Bcampaignid%7D&hvadgroupid=%7Badgroupid%7D&hvprdptid=%7Bproduct_partition_id%7D&hvprdgrpid=%7Bpromoted_product_group_id%7D&hvcr=%7Bcreative_id%7D&hvadid=%7Badid%7D&hvprdid=%7Bproduct_id%7D&hvplc=%7Bplacement%7D&psc=1&tag=%7Bifnotmobile:ushpadpinde-20%7D%7Bifmobile:ushpadpinsp-20%7,https://i.pinimg.com/originals/d9/4b/ba/d94bba15b43be793344c32b58726aa81.jpg,1000,1499,0,2026-07-08
2026-09-01,lanche saudavel,578923727123692264,22,226,0,,panelinhadesabores.blogspot.com,https://panelinhadesabores.blogspot.com/2023/07/salada-de-atum-nutritiva.html?m=1,https://i.pinimg.com/originals/71/c6/16/71c6168f206cf422f7a49838d7ef150e.jpg,3024,4032,0,2023-10-06
2026-09-01,lanche saudavel,AQmZ87Nc75AB45Es_U8Hu_VJMeciyxZ77NRoGA9Xuu3YBkXDCfU9jqKSmgWhRrF0zdxHqUXYmMpdx00PU2uOBjI,23,1,0,50 Salades Repas Healthy:,amazon.com,https://www.amazon.com/Salades-Repas-Healthy-seulement-ingr%C3%A9dients/dp/B0H98ZQQ93/ref=asc_df_B0H98ZQQ93?hvdev=%7Bdevice%7D&hvcampaign=%7Bcampaignid%7D&hvadgroupid=%7Badgroupid%7D&hvprdptid=%7Bproduct_partition_id%7D&hvprdgrpid=%7Bpromoted_product_group_id%7D&hvcr=%7Bcreative_id%7D&hvadid=%7Badid%7D&hvprdid=%7Bproduct_id%7D&hvplc=%7Bplacement%7D&psc=1&tag=%7Bifnotmobile:ushpadpinde-20%7D%7Bifmo,https://i.pinimg.com/originals/9d/3e/45/9d3e45fbdef6f3e9c01194beff6dd67a.jpg,1000,1499,0,2026-07-22
2026-09-01,lanche saudavel,1103522714946800860,24,4729,0,,,,https://i.pinimg.com/originals/0b/57/aa/0b57aa44bf44ca82197b8c9ec502c5a2.jpg,735,985,0,2025-03-18
2026-09-01,lanche saudavel,157555686958789554,25,406,0,,,,https://i.pinimg.com/originals/e0/75/fb/e075fb2d4ab4691c12c7958dd8b7c2d6.jpg,736,981,0,2023-09-21
2026-09-01,lanche saudavel,Abpoqc9Y2Z6vea88-1M9uzQa6f0aNUXCZJlrIdj6-UkPtUsJ3sDuszlApsmTTEon46RZNZFg55k8enc8B1FnOuc,26,1,0,28 High-Protein,homeviable.com,https://homeviable.com/high-protein-breakfasts-that-arent-eggs/,https://i.pinimg.com/originals/23/09/6c/23096ccd435814a95ee42c8acf731502.png,887,1774,0,2026-05-15
2026-09-01,lanche saudavel,26317979063016430,27,4589,0,385 Receitas de comidas | Fáceis e Simples ! [Clica no Pin e adquira todas as receitas],go.hotmart.com,https://go.hotmart.com/A43636401U,https://i.pinimg.com/originals/8f/f6/7a/8ff67a0ff145e8c71d1bd89f05201222.jpg,736,920,0,2021-02-01
2026-09-01,lanche saudavel,81275968272297876,28,637,0,,,,https://i.pinimg.com/originals/18/1f/d2/181fd234d2bc0586e24fbc2030ad0a21.jpg,736,1308,0,2026-06-14
2026-09-01,lanche saudavel,962433382852916851,29,28561,0,,,,https://i.pinimg.com/originals/b7/ca/93/b7ca930c51cd97d247a3193cea980601.jpg,675,1200,0,2023-10-11
2026-09-01,lanche saudavel,4855512093959374,30,1150,0,"Opção de lanche saudável com iogurte natural Danone, duas maçãs e granola",,,https://i.pinimg.com/originals/87/76/94/8776944dbd6a2d023a23a54beac3fb85.jpg,1080,1920,0,2024-10-05
2026-09-01,lanche saudavel,2181499817686685,31,16657,0,,,,https://i.pinimg.com/originals/37/39/29/373929414599472e3270b73dcffc0cd7.jpg,720,900,0,2026-08-19
2026-09-01,lanche saudavel,125537908358101075,32,48,0,Café da manhã saudável | lanche da tarde saudável | frutas e iogurte,,,https://i.pinimg.com/originals/b7/b9/bc/b7b9bc41a2bb7489220aef026ece67e4.jpg,1080,1920,0,2026-02-06
2026-09-01,lanche saudavel,AThkJSiGQhwsYWjbe9s35-qp4MUsXVb7vfIu9FkNRQlXYNLE45HJC-LEwKWHVUIPJiRVnDNON16dKNztNidrwpA,33,3,0,Salades en bocal haute,amazon.com,https://www.amazon.com/Salades-bocal-haute-prot%C3%A9ine-pour/dp/B0H4133Z64/ref=asc_df_B0H4133Z64?hvdev=%7Bdevice%7D&hvcampaign=%7Bcampaignid%7D&hvadgroupid=%7Badgroupid%7D&hvprdptid=%7Bproduct_partition_id%7D&hvprdgrpid=%7Bpromoted_product_group_id%7D&hvcr=%7Bcreative_id%7D&hvadid=%7Badid%7D&hvprdid=%7Bproduct_id%7D&hvplc=%7Bplacement%7D&psc=1&tag=%7Bifnotmobile:ushpadpinde-20%7D%7Bifmobile:ushpa,https://i.pinimg.com/originals/35/72/82/357282997613df5b00e4005d1818ff81.jpg,1000,1293,0,2026-06-27
2026-09-01,lanche saudavel,6403624466201789,34,2713,0,,,,https://i.pinimg.com/originals/7d/19/0c/7d190cad9661bf61b5aa556c15dfe8ed.jpg,1080,1918,0,2025-12-10
2026-09-01,lanche saudavel,315814992632801190,35,621,0,"Muffin de queijo, tomate e manjericão é fácil de fazer e ótima opção de lanche da tarde",guiadasemana.com.br,https://www.guiadasemana.com.br/stories/67871/receita-muffin-de-queijo-tomate-e-manjericao,https://i.pinimg.com/originals/0e/f7/76/0ef7766b3075742b8f30ff275fba26be.jpg,720,1280,0,2022-07-08
2026-09-01,lanche saudavel,AcBBTfpiklB5ckg4egJuEsvFmk0IipB8Up4_Pf-OIpRhwRPNAY3HBThhfSPixr0xjD8Pya0EW_bkQNrlvV-62R8,36,1,0,Protein Breakfasts Made,amazon.com,https://www.amazon.com/Protein-Breakfasts-Delicious-Recipes-Strong-ebook/dp/B0C2D425XZ/ref=asc_df_B0C2D425XZ?hvdev=%7Bdevice%7D&hvcampaign=%7Bcampaignid%7D&hvadgroupid=%7Badgroupid%7D&hvprdptid=%7Bproduct_partition_id%7D&hvprdgrpid=%7Bpromoted_product_group_id%7D&hvcr=%7Bcreative_id%7D&hvadid=%7Badid%7D&hvprdid=%7Bproduct_id%7D&hvplc=%7Bplacement%7D&psc=1&tag=%7Bifnotmobile:ushpadpinde-20%7D%7Bifm,https://i.pinimg.com/originals/e5/0e/50/e50e500161141655d03e756251edbe9b.jpg,1600,2560,0,2026-03-24
2026-09-01,lanche saudavel,17592254793716736,37,8180,0,,,,https://i.pinimg.com/originals/e0/1b/a8/e01ba8cd750ba03dc79f39ba58351ad4.jpg,736,981,0,2026-06-18
2026-09-01,lanche saudavel,688698968046239576,38,18629,0,,,,https://i.pinimg.com/originals/4c/76/c5/4c76c5d083ba9126065727499dce0518.jpg,720,900,0,2023-09-16
2026-09-01,lanche saudavel,AWEfDfkT1tJTjd_wTXPWBW9_bk9os9l2OUnS3TVG22RKn_DU_22ZyQyku9mfH57ZZja-ZBe9mnD6LYOxhwV0N14,39,47,0,50 COTTAGE CHEESE BOWL,amazon.com,https://www.amazon.com/COTTAGE-CHEESE-BOWL-RECIPES-BREAKFAST/dp/B0F8VHSPRR/ref=asc_df_B0F8VHSPRR?hvdev=%7Bdevice%7D&hvcampaign=%7Bcampaignid%7D&hvadgroupid=%7Badgroupid%7D&hvprdptid=%7Bproduct_partition_id%7D&hvprdgrpid=%7Bpromoted_product_group_id%7D&hvcr=%7Bcreative_id%7D&hvadid=%7Badid%7D&hvprdid=%7Bproduct_id%7D&hvplc=%7Bplacement%7D&psc=1&tag=%7Bifnotmobile:ushpadpinde-20%7D%7Bifmobile:ushpad,https://i.pinimg.com/originals/4d/00/c5/4d00c532ccf59773bdd7afc504151730.jpg,1000,1293,0,2025-10-25
2026-09-01,lanche saudavel,70437490214344,40,8829,0,,,,https://i.pinimg.com/originals/f0/0d/7e/f00d7e3e496ede603fc7bf627d888566.jpg,1656,2048,0,2025-05-20
2026-09-01,lanche saudavel,1133922012462469619,41,3130,0,(⁠◍⁠•⁠ᴗ⁠•⁠◍⁠)⁠✧,,,https://i.pinimg.com/originals/be/97/55/be975553f84cb35b785d8896093ccc61.png,765,882,0,2026-01-11
2026-09-01,lanche saudavel,16395986140842324,42,4208,0,,,,https://i.pinimg.com/originals/09/4d/d1/094dd18bed4613fd7d29d19a3b723b37.jpg,676,1200,0,2025-12-09
2026-09-01,lanche saudavel,26599454046673723,43,225,0,,,,https://i.pinimg.com/originals/55/66/47/556647e8cc27ebd0a7544543f53005da.png,1086,1448,0,2026-08-03
2026-09-01,lanche saudavel,6262886974976918,44,3945,0,Café da manhã,instagram.com,https://instagram.com/bru.receitasfit?igshid=YmMyMTA2M2Y=,https://i.pinimg.com/originals/fc/aa/d0/fcaad0244c1e7144cdc53eaaede1f606.jpg,564,1002,0,2023-06-30
2026-09-01,lanche saudavel,AehK5I8qhNGErpgjmf_vVmV89LAFEHwWN8iE-2QDvh1LZ1zpIf3u-a7mHUxvTX8YodBJ1UByKbgAfm7i7h4GgZM,45,18,0,50 Healthy Snacks for,amazon.com,https://www.amazon.com/Healthy-Snacks-Work-School-Recipes/dp/B0D3FQR6FP/ref=asc_df_B0D3FQR6FP?hvdev=%7Bdevice%7D&hvcampaign=%7Bcampaignid%7D&hvadgroupid=%7Badgroupid%7D&hvprdptid=%7Bproduct_partition_id%7D&hvprdgrpid=%7Bpromoted_product_group_id%7D&hvcr=%7Bcreative_id%7D&hvadid=%7Badid%7D&hvprdid=%7Bproduct_id%7D&hvplc=%7Bplacement%7D&psc=1&tag=%7Bifnotmobile:ushpadpinde-20%7D%7Bifmobile:ushpadpin,https://i.pinimg.com/originals/f5/aa/6c/f5aa6c8f3d4901780fb4ad7ed55696ca.jpg,1051,1360,0,2026-04-18
2026-09-01,lanche saudavel,1118792732413579561,46,144,0,"𝓘𝓷𝓯𝓵𝓾𝓮𝓷𝓬𝓮𝓻 𝓕𝓲𝓽 on Instagram: “Boa tarde, gente! ⁣ ⁣ ✔️ Banana com canela e morangos. ⁣ ⁣ Lanche rápido e saudável para matar aquela fome da tarde. ⁣ ⁣ Se está sem ideia…”",instagram.com,https://www.instagram.com/p/CE99QxJnhhB/?igshid=af9wzijr6lum,https://i.pinimg.com/originals/32/95/cc/3295ccac24bc28c2ff819aa8dbbbb5c1.jpg,1080,1349,0,2023-07-07
2026-09-01,lanche saudavel,318418636175697928,47,144855,0,,,,https://i.pinimg.com/originals/aa/50/cb/aa50cbc90bae15eb40020e923c8db747.png,736,981,0,2024-04-17
2026-09-01,lanche saudavel,AcwOhnppVcyt3Bi8VJWL5af2mscZtEUHhddOGvOnLjseq8x5tjnurJPA8NqmLTSk9xgfFm07rfYxlC5V47PekGQ,48,1,0,The Easiest Way to Eat,eat.hungryroot.com,https://eat.hungryroot.com/oct-2025-different-30/?utm_source=pinads-sub&utm_medium=cpc&utm_campaign=ACQ-Pin-S114_P+&utm_content=PNEW1089&wm_source=pinterest&wm_medium=ads&wm_ad_id=%7Badid%7D,https://i.pinimg.com/originals/5f/3d/bf/5f3dbf58a190f31863e87de73a1ff997.jpg,1080,1920,1,2026-08-27
2026-09-01,lanche saudavel,44262008833615495,49,400,0,alimentação saudável,,,https://i.pinimg.com/originals/e4/67/14/e46714bb511b33ffdb98b8afbcdc6657.heic,3024,4032,0,2026-05-12
2026-09-01,lanche saudavel,1102185708796290022,50,53,0,8 recetas fáciles y ligeras para almorzar - Adelgazar en casa,inshape.blog,https://inshape.blog/category/healthy-food?fN4sR3vEz,https://i.pinimg.com/originals/ca/da/ee/cadaee91f8f0d2ee7bfbcf56550c8747.jpg,564,704,0,2024-04-01
2026-09-01,lanche saudavel,AVECYrwB2_VhiE5ZWp5HDlXUBOsjOG7NXEfshoTuRCJMdeEii-SYY0c2Ctr7YgS2MRXDt7JYL-iQ4gi2joiXjgY,51,1,0,Gluten-Free Garden,amazon.com,http://amazon.com/dp/B0BLPCSDC6,https://i.pinimg.com/originals/eb/ef/d7/ebefd7a11979cf80db7533a451718192.png,1081,1081,0,2026-08-11
2026-09-01,lanche saudavel,ATZ_oqiW4yOVzbggJQ6zflRZkhn7qZN0wLXzOP4xupYR019QuRZ3Dov9lwyDl5_OyrdQj8tl-F7HfE_FAjQn3zc,52,1404,0,Greek Yogurt Lime Chicken,stroller-envy.com,https://stroller-envy.com/17-crockpot-chicken-tacos-bowls-busy-families/#7-greek-yogurt-lime-chicken-tacos-with-avocado-crema,https://i.pinimg.com/originals/ec/22/8f/ec228f74f2eb7a7ec1ba4fa9ab258807.png,941,1672,0,2026-06-25
2026-09-01,lanche saudavel,AdRpaWDWn75d1EEsFlIT5QmBn4aZLQ5hQe4RxzhhJpj4kpeW8AwwpYo6F86j6Qu42rAGkIc7tAgLiTl-BxSXdPM,53,1,0,Forest,expedia.com,https://www.expedia.com/Hotel-Search?destination=Burnley&selected=19818333&startDate=2026-09-03&endDate=2026-09-04,https://i.pinimg.com/originals/ce/7a/94/ce7a94f04a0f7cc1989b62af04fe7dc4.jpg,1000,1500,0,2026-08-15
2026-09-01,lanche saudavel,1144055111615257809,54,190,0,"Clean eating is all about enjoying whole, natural foods that nourish your body, and a buffalo chicken wrap can fit right into this lifestyle with a few simple tweaks. Imagine a wrap filled with spicy,",,,https://i.pinimg.com/originals/c4/02/bd/c402bdf02b68bcb882b9f30bb5a6da5c.jpg,736,920,0,2026-04-05
2026-09-01,lanche saudavel,46091596182130044,55,609,0,Lanche da Tarde Saudável,go.hotmart.com,https://go.hotmart.com/J101187734Q?dp=1,https://i.pinimg.com/originals/0a/72/7a/0a727ac2b5dbeda82bf2432c3c161cca.jpg,736,1308,0,2026-08-11
2026-09-01,lanche saudavel,1063623637038183438,56,49,0,,,,https://i.pinimg.com/originals/4a/98/f1/4a98f14d4db67ad5cba178fbb71613aa.jpg,736,965,0,2025-07-31
2026-09-01,lanche saudavel,985231165766515,57,44496,0,,,,https://i.pinimg.com/originals/09/74/e3/0974e34ea71372b6780784cbf4a94014.jpg,992,1200,0,2026-07-28
2026-09-01,lanche saudavel,874613190115753021,58,1121,0,Lanche Saudáveis,bio.site,https://bio.site/formafit,https://i.pinimg.com/originals/0c/ba/14/0cba14554ecfe12c1d6e77efeb0ebc48.jpg,675,1200,0,2023-07-03
2026-09-01,lanche saudavel,AWpbJR8jwhowoouhMK98dHmXaVVGeACE4XwyL-06ZhvtDgDUeyk2EbYd_Ro5xMb0hJk05TvmbKO7Fr0SEnkUKs0,59,25,0,Start Transformation Now!,quiz.betterme.world,https://quiz.betterme.world/first-page-generated?flow=3068&utm_source=pinterest&utm_medium=organic&utm_content=27_2025-07-11_ira_H-FemaleCutting_K-Remake_CT-29985_Ver-3_pn.jpg,https://i.pinimg.com/originals/d3/95/10/d395106263f85c91ed1a97121c12b0d4.jpg,1080,1920,0,2026-01-31
2026-09-01,lanche saudavel,950048483875788118,60,34889,0,Bolinho de Cenoura| Petisco Saudável| Lanche Fácil| Dieta Fácil,,,https://i.pinimg.com/originals/75/74/2d/75742dd4fba51a52c03ee67e52b146fd.jpg,720,1280,1,2023-09-27
2026-09-01,lanche saudavel,5488830793513008,61,9218,0,,,,https://i.pinimg.com/originals/2d/63/8b/2d638ba274b00b99068c37087cf277c2.jpg,736,1104,0,2026-08-20
2026-09-01,lanche saudavel,ARy-_v5GAbxzc3qSzvweicupgaQPGq4fPmWUIP402sT7TDJZqMVQC-2wUzueVG_mdpRyVsGwOgLCj5WF-tkXLS8,62,119,0,High-Protein Cottage,instacart.com,https://www.instacart.com/store/recipes/15251753?utm_source=PinterestxInstacart&utm_medium=ProjectFlip,https://i.pinimg.com/originals/26/94/22/26942233e182d96233cbe25086dd509a.jpg,1080,1920,1,2026-06-30
2026-09-01,lanche saudavel,5911043262162509,63,471,0,"café da manhã , saudável.",,,https://i.pinimg.com/originals/1e/04/0c/1e040cba482d8e55d9d3fbe97c2dfbb4.jpg,2250,3075,0,2025-11-20
2026-09-01,lanche saudavel,1106970783399252635,64,506,0,"Dica de #lanche da tarde 😋 . . . 🌟 Transforme sua alimentação e melhore sua qualidade de vida com o nosso novo ebook ""Culinária para alívio do lipedema""! 📚✨ Por apenas R$19,90, você terá acesso a mais",instagram.com,https://www.instagram.com/p/C6efr7rpa5v/,https://i.pinimg.com/originals/4d/e0/98/4de098ab447468d1f221e947015ffc9a.jpg,736,920,0,2024-05-03
2026-09-01,lanche saudavel,7740630607035307,66,923,0,Café da manhã,,,https://i.pinimg.com/originals/d0/54/00/d05400bfab0265aaddfa8c4d86cede1b.jpg,2250,4000,0,2026-07-23
2026-09-01,lanche saudavel,755549275006411079,67,3198,0,,,,https://i.pinimg.com/originals/a3/54/a9/a354a94716663a26b47a2941ecebe3d5.jpg,513,771,0,2023-04-07
2026-09-01,lanche saudavel,992199361670093101,68,4213,0,"APRENDA A EMAGRECER ATÉ 12 KILOS EM APENAS 6 SEMANAS E COMENDO BEM! QUER SABER COMO? VÁ NO MEU PERFIL, APROVEITA E ME SEGUE PARA MAIS RECEITAS SAUDÁVEIS! #emagrecersaudavel #lanchefit #lanche #foco #s",instagram.com,https://www.instagram.com/p/DKNUaugxrSx/?img_index=4,https://i.pinimg.com/originals/8c/57/d1/8c57d17f70baf816302362b194657122.jpg,1440,1440,0,2025-07-25
2026-09-01,lanche saudavel,790522540872266108,69,419,0,Café da manhã saudável,,,https://i.pinimg.com/originals/b0/26/8a/b0268aaaf8c7b2ca52ad1cd4eff65d32.jpg,1080,1920,0,2024-02-23
2026-09-01,lanche saudavel,914862422414401,70,1121,0,,,,https://i.pinimg.com/originals/3a/ce/d8/3aced83b362bedf7f6be91252d90f832.jpg,900,1200,0,2026-07-30
2026-09-01,lanche saudavel,6825836928732239,71,8348,0,maluvegana on instagram.,,,https://i.pinimg.com/originals/dc/d4/7b/dcd47b540cd989c50f1ae0127fd39145.jpg,1080,1406,0,2024-10-01
2026-09-01,lanche saudavel,2392606048804934,72,7045,0,,,,https://i.pinimg.com/originals/35/5d/8a/355d8abbbe099302dfcd9c883fe2e1b8.jpg,1080,1920,0,2026-01-25
2026-09-01,lanche saudavel,513480795041997346,73,45,0,Pão francês com frango desfiado,,,https://i.pinimg.com/originals/97/6f/1d/976f1d50c7cb8bca27760f3e6f935c47.jpg,1080,1920,0,2026-08-04
2026-09-01,lanche saudavel,1337074890619055,74,3440,0,,,,https://i.pinimg.com/originals/b1/f5/d7/b1f5d7eac479fc1110b0865826706e72.jpg,1284,2282,0,2026-08-09
2026-09-01,lanche saudavel,1106900414635572558,75,305,0,,,,https://i.pinimg.com/originals/8f/07/ae/8f07aef9fcade7428bf4ae9b15d3e182.jpg,736,803,0,2021-10-14
2026-09-01,lanche saudavel,68749424668,76,1996,0,panqueca fitness | lanche da tarde saudável| panqueca de chocolate com morango,,,https://i.pinimg.com/originals/35/36/03/353603c302cf81d5487078dd9163b571.jpg,720,1267,0,2025-10-15
2026-09-01,bolo caseiro simples,AVEjUTpxIvfPNmj82ZNcVzRmAghr26cyw19N91kKs3Ps6h3bm89ny96hC_ITe8D_so2mGcnsdPXV-IClXV1KKBc,1,0,0,Chocolate Cake with,ediblearrangements.com,https://www.ediblearrangements.com/fruit-gifts/chocolate-cake-with-dipped-strawberries,https://i.pinimg.com/originals/86/75/cc/8675cc86cf64bd56de5c5080ce3cd0e6.jpg,1248,1824,0,2026-08-07
2026-09-01,bolo caseiro simples,1103663452446059612,2,406,0,"Bolo fofo de Requeijão fácil 😋💖😋💖 ✅️ Ingredientes: 3 ovos 1 copo de requeijão (250g) 2 xícaras de chá de açucar 1/2 xícara de chá de óleo 1 pacote de coco ralado (100gr) – usei uns 50 gramas, porque e",instagram.com,https://www.instagram.com/p/DL2i6Fix7C4/,https://i.pinimg.com/originals/08/c2/12/08c212e81507f92696885e8f8bfcc11b.jpg,1080,1350,0,2025-07-09
2026-09-01,bolo caseiro simples,191332684167076286,3,58,0,,,,https://i.pinimg.com/originals/9c/80/4f/9c804f209f482a533257e7c4a4b1cb73.jpg,600,857,0,2026-08-22
2026-09-01,bolo caseiro simples,AYmJeM-ilvgDHb5erx5MucuvWS_dmUl6DIJDaQ-kDIFy1yXK2UTUam9DjPIf5U7xHsoHPwtpZe3rfAAJHFOGHxY,4,2,0,RECEITA_DOCE_BOLO | Moderno e Único,s.shopee.com.br,https://s.shopee.com.br/2VnPVYROJl?pp=1&channel_type=pinterest,https://i.pinimg.com/originals/38/45/33/384533c92774e4ca754bbc6c07e605c2.jpg,736,1103,0,2026-08-07
2026-09-01,bolo caseiro simples,Ae-48PWvoXqDp_CtPlcjeMml3_ijE5QzNmGz3JdRY2ktEvg0oIrwGx6ZpmHuJD5EhvAlRh4RhDEbUlU_5aETbwk,5,2,0,Loaf Cake Recipes: Easy,amazon.com,https://www.amazon.com/Loaf-Cake-Recipes-Easy/dp/B0DRT7KK4B/ref=asc_df_B0DRT7KK4B?hvdev=%7Bdevice%7D&hvcampaign=%7Bcampaignid%7D&hvadgroupid=%7Badgroupid%7D&hvprdptid=%7Bproduct_partition_id%7D&hvprdgrpid=%7Bpromoted_product_group_id%7D&hvcr=%7Bcreative_id%7D&hvadid=%7Badid%7D&hvprdid=%7Bproduct_id%7D&hvplc=%7Bplacement%7D&psc=1&tag=%7Bifnotmobile:ushpadpinde-20%7D%7Bifmobile:ushpadpinsp-20%7D,https://i.pinimg.com/originals/fe/b4/33/feb43370f08657f74b3e61647a8527d1.jpg,1000,1422,0,2026-04-17
2026-09-01,bolo caseiro simples,12525705209393449,6,1106,0,,,,https://i.pinimg.com/originals/13/c2/65/13c265c9b48fced6f8b27f7564ad45d3.jpg,736,1308,0,2026-03-18
2026-09-01,bolo caseiro simples,507429083038299043,7,34,0,Bolo Caseiro | passo a passo,pin.it,https://pin.it/3cN3MxTwS,https://i.pinimg.com/originals/38/21/04/38210497e4dddbb78b73b2049081729d.jpg,1080,1356,0,2026-08-04
2026-09-01,bolo caseiro simples,1103663452446059613,8,225,0,Bolinho Fofinho de Trigo 🎂😋 📝 Ingredientes 3 ovos (gemas e claras separadas) 1 xícara (chá) de leite 1 xícara (chá) de açúcar (240 ml) 2 xícaras (chá) de farinha de trigo peneirada 4 colheres (sopa) d,instagram.com,https://www.instagram.com/p/DL3Qhxppn69/,https://i.pinimg.com/originals/d3/5b/79/d35b795d5a45a20d59106eddd26645fe.jpg,1080,1350,0,2025-07-09
2026-09-01,bolo caseiro simples,691935930279481082,9,502,0,Bolo Mesclado PERFEITO,youtu.be,https://youtu.be/Sacehl-WIf4,https://i.pinimg.com/originals/01/89/33/0189334e9f877711dba573800c85daf4.jpg,800,1200,0,2024-07-06
2026-09-01,bolo caseiro simples,26599454046130578,10,226,0,Por que o bolo fica solado? Aprenda 4 truques para fazer bolos fofinhos,search.app,https://search.app/dWsrn8ZFZmnhgzx5A,https://i.pinimg.com/originals/ab/83/27/ab8327b93eeb4eb939ac46e400270d59.jpg,600,921,0,2026-02-08
2026-09-01,bolo caseiro simples,AUUA2YHrQ3NYRKw_G6tgsKd4HQwYCSYK-RfgyuuItgnRlYKJrnXLDzlucK3ZwttkK1hNcujpiraswZSop0-kKRM,11,1,0,Loaf Cake Recipes: Easy,amazon.com,https://www.amazon.com/Loaf-Cake-Recipes-Easy/dp/B0DRNSPNN9/ref=asc_df_B0DRNSPNN9?hvdev=%7Bdevice%7D&hvcampaign=%7Bcampaignid%7D&hvadgroupid=%7Badgroupid%7D&hvprdptid=%7Bproduct_partition_id%7D&hvprdgrpid=%7Bpromoted_product_group_id%7D&hvcr=%7Bcreative_id%7D&hvadid=%7Badid%7D&hvprdid=%7Bproduct_id%7D&hvplc=%7Bplacement%7D&psc=1&tag=%7Bifnotmobile:ushpadpinde-20%7D%7Bifmobile:ushpadpinsp-20%7D,https://i.pinimg.com/originals/b9/05/78/b90578715c0846c3771a29b3aa010885.jpg,1000,1430,0,2025-10-20
2026-09-01,bolo caseiro simples,546413367309713231,12,177,0,Receitas de Arrasar e Confeitar,facebook.com,https://www.facebook.com/share/12LUMaVXbRi/,https://i.pinimg.com/originals/3d/41/15/3d41157ae00b2aa96bf0816f33683326.jpg,1080,1350,0,2025-05-21
2026-09-01,bolo caseiro simples,612489618120772108,13,7,0,,,,https://i.pinimg.com/originals/85/a3/85/85a385006f9b25147d533dc781cadf60.jpg,1080,1920,0,2026-08-14
2026-09-01,bolo caseiro simples,AchFCW-Yu8-wO2YFlrFu2n2V-5EbYRp80BzwZgm0zs4uizKWwBGv-EQF61Zjc5AhaGuJHaRsXBHLlk2dfyc1NnA,14,13,0,50 Decadent Layer,amazon.com,https://www.amazon.com/Decadent-Layer-Strawberry-Cake-Recipes/dp/B0DPRFKS56/ref=asc_df_B0DPRFKS56?hvdev=%7Bdevice%7D&hvcampaign=%7Bcampaignid%7D&hvadgroupid=%7Badgroupid%7D&hvprdptid=%7Bproduct_partition_id%7D&hvprdgrpid=%7Bpromoted_product_group_id%7D&hvcr=%7Bcreative_id%7D&hvadid=%7Badid%7D&hvprdid=%7Bproduct_id%7D&hvplc=%7Bplacement%7D&psc=1&tag=%7Bifnotmobile:ushpadpinde-20%7D%7Bifmobile:ushpa,https://i.pinimg.com/originals/df/74/3d/df743d42ac91cce7e3a14b66e0f8d0ba.jpg,1051,1360,0,2026-05-02
2026-09-01,bolo caseiro simples,AWgSL30tU5PNa4oJQq_cctctmYvIIr66Przf7Jvx9Yzf4twByo6OhcKDmL9Cdv6eFk3JFhfzvmh6yVQecf5KKDY,15,1,0,Janie's Cakes - More,goldbelly.com,https://www.goldbelly.com/restaurants/janies-cakes/more-amour-jane-pound-cake,https://i.pinimg.com/originals/fc/20/52/fc20521bfc22f1a45f7cdcf59b2d6b3c.jpg,1200,1200,0,2025-04-30
2026-09-01,bolo caseiro simples,656258976997602205,17,15,0,BOLO 6 INGREDIENTES DE LIQUIDIFICADOR 🍰,,,https://i.pinimg.com/originals/6d/f0/59/6df0593baee9f300672f52a3345fd769.jpg,1536,1920,0,2026-06-12
2026-09-01,bolo caseiro simples,AfUPGeKUil2VJaK4ytcT8XFkwlig_i5HfHQ9nowR6DoHkC1YznzY_WV4aEIeCjVTrub5JDYYl-6_ma0wRLq6jwU,18,111,0,Pound Cake Perfection: 98,amazon.com,https://www.amazon.com/Pound-Cake-Perfection-Simple-Recipes/dp/B0CM31X3HH/ref=asc_df_B0CM31X3HH?hvdev=%7Bdevice%7D&hvcampaign=%7Bcampaignid%7D&hvadgroupid=%7Badgroupid%7D&hvprdptid=%7Bproduct_partition_id%7D&hvprdgrpid=%7Bpromoted_product_group_id%7D&hvcr=%7Bcreative_id%7D&hvadid=%7Badid%7D&hvprdid=%7Bproduct_id%7D&hvplc=%7Bplacement%7D&psc=1&tag=%7Bifnotmobile:ushpadpinde-20%7D%7Bifmobile:ushpadp,https://i.pinimg.com/originals/6b/88/1e/6b881e7128c7dae4c67da9634cffa45e.jpg,1000,1499,0,2026-05-13
2026-09-01,bolo caseiro simples,AdFQKmohO8jnazEe34KBG_hvuYIUKgevKmCbov17JwtGTqFHRwyywxyUKB90SVoqxG0Pk3Wl4HRqvLKNxIL1WMY,19,1105,0,15 Small-Batch Cakes &,stroller-envy.com,https://stroller-envy.com/15-mini-cake-recipes-for-the-weeks-you-want-dessert-without-a-9x13/,https://i.pinimg.com/originals/b7/27/bc/b727bc149379432985296997fa9227bd.png,1728,3072,0,2026-06-15
2026-09-01,bolo caseiro simples,737323770291521986,20,8,0,Bolo Formigueiro,go.hotmart.com,https://go.hotmart.com/G106901957S?dp=1,https://i.pinimg.com/originals/e4/e8/00/e4e800aacb19daf2f72cd4b6762bf742.webp,1632,2176,0,2026-08-16
2026-09-01,bolo caseiro simples,AWiDju1sLcPNiEpcdqBvEVYILsVvDIQuSXBJb_MESHoCfO9zF-Boy4MHtoqixqK8dNu150jS8pZ-auU6sO3d1ko,21,0,0,From You Flowers,walmart.com,https://www.walmart.com/ip/From-You-Flowers-Traditional-Austrian-Coffee-Cake-for-Birthday-Anniversary-Get-Well-Congratulations-Thank-You/1898167843?wmlspartner=wlpa&selectedSellerId=101038368,https://i.pinimg.com/originals/d5/79/97/d57997e0d60554042dd43dfc8acb62e8.jpg,2000,2000,0,2026-08-29
2026-09-01,bolo caseiro simples,504614333270047065,22,34,0,BOLO CASEIRO DE LARANJA,,,https://i.pinimg.com/originals/73/88/1b/73881b27c4f9fd4a1a521b22073abbab.jpg,1200,1200,0,2025-11-12
2026-09-01,bolo caseiro simples,1108730002045703230,23,1,0,Descomplica a ideia de fazer bolos em casa,pay.kiwify.com.br,https://pay.kiwify.com.br/iBtf0mg?afid=MYKM7bJY,https://i.pinimg.com/originals/0a/99/e7/0a99e71dc0e5489fe600f20e0fafe9a4.jpg,736,1104,0,2026-08-20
2026-09-01,bolo caseiro simples,12525705209393855,24,145,0,,,,https://i.pinimg.com/originals/26/66/f1/2666f1c3567e7cf436d86ad6bf2617b5.jpg,1284,2282,0,2026-03-18
2026-09-01,bolo caseiro simples,8514686792057547,25,856,0,bolo de limão,,,https://i.pinimg.com/originals/f8/35/4e/f8354e6e0cc351bdda6720ef1aa99fbb.jpg,720,960,0,2026-05-18
2026-09-01,bolo caseiro simples,AdyAhlVdMLg9Q_3rklrnbkxel8qksYb22uM4O-4mC6EPW4dDRBfGRI8FXYRk_TeSglw-cy6hWIC4aK8U_jPpHfo,26,11,0,Southern Pecan Bourbon,vermontcountrystore.com,https://www.vermontcountrystore.com/southern-pecan-bourbon-cake/product/91575,https://i.pinimg.com/originals/a5/ab/7f/a5ab7f06793d0380ef2ece60f1a80693.jpg,1127,1499,0,2026-04-22
2026-09-01,bolo caseiro simples,741334788702009204,27,675,0,"Bolo de Cenoura com Chocolate 🍫🥕 Clássico, fofinho e com aquela calda de chocolate que escorre conquistando corações! 💛 Esse é o tipo de bolo que abraça a alma e faz qualquer tarde ficar mais doce! 📲 ",instagram.com,https://www.instagram.com/p/DNA-NvjOC9Y/,https://i.pinimg.com/originals/72/54/f8/7254f897523545557f1b78c643b12cfe.jpg,1199,1199,0,2025-08-07
2026-09-01,bolo caseiro simples,AfFDG0yFn0-3cCp5QkYgFtYM3l8P8g7Xcj6vP_E-t6pu5L7PslP4ZmvzR_4RLd5wjneLK95XBB21ZHi61Txx8m4,28,1,0,Andy Anand Keto-Friendly,temu.com,https://www.temu.com/ul/kuiper/un3.html?subj=dpa-un&_bg_fs=1&_p_jump_id=1082&_x_vst_scene=adg&goods_id=602803137291124&adg_ctx=a-c7bdf1af~c-41e7c56d&_p_rfs=1&_x_ads_channel=pinterest&_x_ads_creative_id=%7Bproduct_partition_id%7D&_x_ads_id=%7Badgroupid%7D&_x_ads_set=%7Bcampaignid%7D&_x_ads_sub_channel=shopping&_x_ns_catalog_id=1567707391772&_x_ns_creative=%7Badid%7D&_x_ns_gid=602803137291124&_x_ns_,https://i.pinimg.com/originals/93/5b/1e/935b1e8e51e365bccd52865f5321c70d.jpg,1024,1024,0,2026-04-29
2026-09-01,bolo caseiro simples,674484481674932410,29,214,0,Bolo de cenoura de liquidificador: aprenda a receita em 3 passos,gazetadopovo.com.br,https://www.gazetadopovo.com.br/bomgourmet/bolo-de-cenoura-de-liquidificador/,https://i.pinimg.com/originals/5c/57/55/5c57556c735d58a6fa2c31a8e2618f4e.jpg,670,991,0,2019-06-18
2026-09-01,bolo caseiro simples,AfxwgVsKdnyTV24dTDE8LnejhgeK94he6yXVDSi0-Mqz9tuVBEjTjgU68pOpcSXiMAKg542bmsF56aNFgcX2bgg,30,1,0,Misha's Cupcakes and,sharperimage.com,https://sharperimage.com/products/mishas-cupcakes-and-cakes-6-carrot-cake?variant=51214065074465,https://i.pinimg.com/originals/6d/4f/90/6d4f904907f9a1a0d15c6b6f1e0aa12f.jpg,1200,1200,0,2026-08-20
2026-09-01,bolo caseiro simples,63613413481935949,31,237,0,Bolo Caseiro: Amor em forma de massa!,go.hotmart.com,https://go.hotmart.com/H105326276T?dp=1,https://i.pinimg.com/originals/2e/35/b6/2e35b6fbe3e1ea7510bc6128d7212151.jpg,1080,1177,0,2026-05-29
2026-09-01,bolo caseiro simples,775393260873720504,33,368,0,Bolo de laranja húmido e fofo | Ruralea,ruralea.com,https://ruralea.com/bolo-de-laranja-humido-e-fofo/,https://i.pinimg.com/originals/47/15/80/471580387d41cd29d289883030e27d40.jpg,910,1366,0,2023-06-04
2026-09-01,bolo caseiro simples,226657793743383596,34,211,0,,,,https://i.pinimg.com/originals/f5/6e/7d/f56e7dd46f23fd0ec337e4d4fb095583.jpg,3024,3024,0,2025-12-12
2026-09-01,bolo caseiro simples,23221754320746455,35,409,0,Bolo de Laranja fofinho,medium.com,https://medium.com/@adrianafitness/bolo-de-laranja-fofinho-38b0a84718b9,https://i.pinimg.com/originals/61/d6/0b/61d60b55d469c34a0586041ce17dd493.jpg,564,705,0,2023-01-21
2026-09-01,bolo caseiro simples,816418238721464997,36,2334,0,,,,https://i.pinimg.com/originals/48/2c/b6/482cb622914f07a2926cf30bbbdafe79.jpg,736,736,0,2023-06-28
2026-09-01,bolo caseiro simples,Aa6myUr3BsFth5aMI7v7cXE3C5V_bAb8L-tCkbYikQ9ib07_SzSI8kmjWtZOyl7vqO8Viru47tZ16kX_cKOo0Uk,37,11,0,Looking for something Zesty? This Blueberry & Lemon Olive Oil Cake is perfect for any occasion 🫐🍋 Enjoy with a triple berry breez'r! Find the full recipe on our website!,instagram.com,https://www.instagram.com/reel/DMvzxvJ1Kdd/,https://i.pinimg.com/originals/57/30/49/5730494214a71df9a84506fe5bd66a0c.jpg,1080,1919,1,2025-07-31
2026-09-01,bolo caseiro simples,11751649023286424,38,1080,0,Caseirinho,,,https://i.pinimg.com/originals/d6/e2/6c/d6e26ca6ca639d05cbc93850a3077f77.jpg,1224,1632,0,2025-11-24
2026-09-01,bolo caseiro simples,847028642442161414,39,250,0,Bolo de Fubá + Versões Mega Tradicionais Para Se Deliciar,sabornamesa.com.br,https://www.sabornamesa.com.br/bolos/bolo-de-fuba-simples-e-rapido,https://i.pinimg.com/originals/90/94/e7/9094e77c66b0886ba54c06bb9828443b.jpg,1000,1500,0,2023-08-17
2026-09-01,bolo caseiro simples,1103663452445612378,40,319,0,🎂 Bolo de Chocolate Fácil no Liquidificador Perfeito pra quem ama praticidade e sabor!😋😍 📝 Ingredientes Para o bolo: 3 ovos 1 xícara de leite 1/2 xícara de óleo 2 xícaras de açúcar 1 xícara de chocola,instagram.com,https://www.instagram.com/p/DLczkIgRGFl/,https://i.pinimg.com/originals/b6/37/6f/b6376f1407bdc841addc3fa691106e69.jpg,1080,1350,0,2025-06-29
2026-09-01,bolo caseiro simples,16044142417035526,41,525,0,Bolo de fubá com leite condensado - receita com 4 ingredientes,naminhapanela.com,https://naminhapanela.com/2023/06/bolo-de-fuba-com-leite-condensado/,https://i.pinimg.com/originals/1f/97/38/1f9738f025a2a2d1613242f50c7612cc.png,1000,1500,0,2024-07-19
2026-09-01,bolo caseiro simples,744993963370124085,42,1689,0,Bolo verde de limão,ricotaemaricota.com,https://ricotaemaricota.com/bolo-verde-de-limao/,https://i.pinimg.com/originals/c1/08/6c/c1086cf4bcb7392a3c6558e1cb564bdc.jpg,736,1104,0,2022-03-13
2026-09-01,bolo caseiro simples,AeBXb7e1IcmzEeyQWa5LOQm2YeCQXJFvEew7t01z2rwG1w2Q3WU21XzSZZU58_HeejOZjtcoCssY6Jtxbr-okM0,43,1,0,Pastel de piña invertido,temu.com,https://www.temu.com/ul/kuiper/un3.html?subj=dpa-un&_bg_fs=1&_p_jump_id=1082&_x_vst_scene=adg&goods_id=602411154430406&adg_ctx=a-f0113574~c-a2e4f30f&_p_rfs=1&_x_ads_channel=pinterest&_x_ads_creative_id=%7Bproduct_partition_id%7D&_x_ads_id=%7Badgroupid%7D&_x_ads_set=%7Bcampaignid%7D&_x_ads_sub_channel=shopping&_x_ns_catalog_id=1580405374697&_x_ns_creative=%7Badid%7D&_x_ns_gid=602411154430406&_x_ns_,https://i.pinimg.com/originals/88/2d/74/882d740502006b6f06493c4130476909.jpg,2560,2560,0,2026-07-02
2026-09-01,bolo caseiro simples,72690981482623695,44,64,0,Bolo de Leite Fofinho 📝 Ingredientes • 3 ovos • 1 xícara de açúcar • 2 xícaras de farinha de trigo • 1 xícara de leite • 3 colheres de sopa de óleo • 1 colher de sopa de fermento em pó 👩‍🍳 Modo de pre,instagram.com,https://www.instagram.com/p/DV420gZjWnw/,https://i.pinimg.com/originals/3f/cd/91/3fcd91a791879dd188c61ae0d191c777.jpg,1080,1440,0,2026-08-15
2026-09-01,bolo caseiro simples,AYnDJ0miz4riVZvpx2tl-dhhqEKvtyP5PP2I8kS7_jzOQyUPCcFuqVPqttePVc0hTtDd3cX4wofeDvglz7OPSrs,45,3,0,50 French Cake Recipes,amazon.com,https://www.amazon.com/French-Cake-Recipes-Kelly-Johnson/dp/B0F8GZWY4Z/ref=asc_df_B0F8GZWY4Z?hvdev=%7Bdevice%7D&hvcampaign=%7Bcampaignid%7D&hvadgroupid=%7Badgroupid%7D&hvprdptid=%7Bproduct_partition_id%7D&hvprdgrpid=%7Bpromoted_product_group_id%7D&hvcr=%7Bcreative_id%7D&hvadid=%7Badid%7D&hvprdid=%7Bproduct_id%7D&hvplc=%7Bplacement%7D&psc=1&tag=%7Bifnotmobile:ushpadpinde-20%7D%7Bifmobile:ushpadpins,https://i.pinimg.com/originals/c6/d8/67/c6d86774c861ca35b9559dbbd6afdc75.jpg,1051,1360,0,2026-05-12
2026-09-01,bolo caseiro simples,45036065014472635,46,209,0,,,,https://i.pinimg.com/originals/c1/9d/74/c19d74e21227fa907ef11d60d08f3ef1.jpg,1128,1505,0,2022-02-03
2026-09-01,bolo caseiro simples,11751649023264313,47,187,0,Bolo de mandioca com coco cremoso Ingredientes: • 3 xícaras (chá) de mandioca crua ralada • 2 xícaras (chá) de açúcar • 3 ovos • 100 g de manteiga ou margarina • 200 ml de leite de coco • 1 xícara (ch,instagram.com,https://www.instagram.com/p/DQXoMsDDeSS/,https://i.pinimg.com/originals/75/b8/54/75b854b459ac06e4f26c669f0d6f30c5.jpg,1079,1440,0,2025-11-16
2026-09-01,bolo caseiro simples,842313936573739604,48,1914,0,,instagram.com,https://www.instagram.com/reel/CYpI_Ikq8HG/?igshid=MGMzMDdjNjc=,https://i.pinimg.com/originals/83/e8/43/83e84305001dfe28dbea2542637b946e.jpg,360,640,0,2022-09-28
2026-09-01,bolo caseiro simples,15903404931109651,49,63,0,Bolo de tapioca fofinho e muito fácil de preparar perfeito para o café ou o lanche Ingredientes da receita de bolo de tapioca 4 ovos inteiros 1 xícara (chá) de goma de tapioca 1 xícara (chá) de farinh,instagram.com,https://www.instagram.com/p/DJeVnF9N_bb/,https://i.pinimg.com/originals/fa/90/7b/fa907be017256a0cfc4b62e401f4dbb2.jpg,1080,1350,0,2026-07-08
2026-09-01,bolo caseiro simples,896005288368189379,50,148,0,O simples bem feito tem um sabor que encanta. #bolo #confeitaria #bolosafetivo #caseirinhos #confeitaria #confeitaria artesanal,instagram.com,https://www.instagram.com/p/DJO7_Tgt1Kx/,https://i.pinimg.com/originals/1a/6d/6f/1a6d6f09ab2ab9ac8ddd0c04f57e46e5.jpg,1440,1800,0,2025-05-05
2026-09-01,bolo caseiro simples,596515913198096498,51,12,0,,facebook.com,https://www.facebook.com/share/p/1DEDppTNn8/,https://i.pinimg.com/originals/b8/12/42/b812420ef223feec5657251869b0e982.jpg,600,750,0,2026-08-01
2026-09-01,bolo caseiro simples,ATmzv9L2N7XbXXDt2hbKtwi93LwHOL2oRPRCKivet5GImAMwwJT1Yl4dmtDXMzUdgj6r0-ayPHt1kjNZsWeHP4g,51,1,0,Dessert is essential,amazon.com,https://www.amazon.com/stores/page/C742F08D-F14A-4B88-8C82-09911045292F?channel=pinterest-paidsocial,https://i.pinimg.com/originals/b4/f0/93/b4f09353468f4f573175fa5739370a0b.jpg,1080,1920,1,2026-07-31
2026-09-01,bolo caseiro simples,AWwWsPMXpbRGYRoXG6kdpUx6E0HaVGZa7e69yz_x3RRS_V4kVyyQtuoiiG0-Z1aJO8ugDa8nDMjc5d-QTZDkw8A,52,2,0,Pink Butterfly Cake,wayfair.com,https://www.wayfair.com/Lynyon--Pink-Butterfly-Cake-Toppers-11pcs-Cupcake-Toppers-Happy-Birthday-Metal-Gold-Topper-for-Girls-Womens-Party-Decorations-cakedelin05-L1225-K~LNYO1694.html,https://i.pinimg.com/originals/39/67/ef/3967ef5046b7120717d9fe8629a77ead.jpg,400,400,0,2026-08-04
2026-09-01,bolo caseiro simples,26599454045979986,53,457,0,,,,https://i.pinimg.com/originals/8c/87/63/8c87638b655cb4956905dc29b9654b9e.jpg,1284,2282,0,2025-12-26
2026-09-01,bolo caseiro simples,AaqBEkhBF_8ebT5SL2NkmhmesCN4Gbe29Xy_9vzR6aB3pQxM1PK_Xz5YerWn-WnzLvbU4rPju1qO4xvhMDuzFaQ,54,9,0,5 oz Plastic Dessert Cups,homedepot.com,https://www.homedepot.com/p/Numhew-Disposable-Food-Grade-Plastic-Dessert-Cups-with-Lids-and-Spoons-BPA-Free-Clear-Reusable-Party-Serving-Cups-50-Pack-V2L8K8G6/342868457?cm_mmc=psoc-pinprg-%7Bcampaignid%7D-%7Badgroupid%7D,https://i.pinimg.com/originals/b7/1c/e7/b71ce74c0c9cb72ab9ee70c6940b7ba3.jpg,1000,1000,0,2026-05-15
2026-09-01,bolo caseiro simples,1044694444802237926,55,289,0,"Nosso bolo vulcão de Ninho. Massa de baunilha suuuper fofinha que derrete na boca, e um brigadeiro bem cremoso de leite ninho integral, finalizado com leite Ninho povilhado. Perfeito para um café da m",instagram.com,https://www.instagram.com/p/C6i3ib9AMpz/,https://i.pinimg.com/originals/87/fc/7f/87fc7fde088cb509d1a3a9bd1ffde8a9.jpg,733,736,0,2024-05-05
2026-09-01,bolo caseiro simples,AfLmyhxE2iYVcT0XrGvrlXSQhPApLBzHWdKb8Kla_FbmQO0s1Wq3ZA8n08WlS2Nl2c5GgxHj-CC2B8AS5H-yVIQ,56,70,0,Toasted Coconut Pumpkin,kodiakcakes.com,https://kodiakcakes.com/blogs/recipes/toasted-coconut-pumpkin-donuts?utm_source=Pinterest&utm_medium=Awareness+&utm_campaign=PancakeFALL,https://i.pinimg.com/originals/31/1d/c3/311dc330e91cd5ddcfc4d23082e2e13c.png,1000,1500,0,2026-07-29
2026-09-01,bolo caseiro simples,26599454046040506,57,815,0,,,,https://i.pinimg.com/originals/d7/bb/47/d7bb476dd9853e5ce3181af6a00b5084.jpg,361,640,0,2026-01-13
2026-09-01,bolo caseiro simples,847028642441019819,58,2428,0,Receita Com Farinha de Maracujá E uma Série de Opções Inesquecíveis para Toda A Família,sabornamesa.com.br,https://www.sabornamesa.com.br/outras-receitas/farinha-de-maracuja,https://i.pinimg.com/originals/47/f9/01/47f9013aeb21290f9a81a21ee6d79f68.jpg,1000,1500,0,2023-06-30
2026-09-01,bolo caseiro simples,619737598729027035,59,2597,0,Bolo simples com cobertura de Ninho,receiteria.com.br,https://www.receiteria.com.br/receita/bolo-simples-com-cobertura-de-ninho/,https://i.pinimg.com/originals/81/0d/8a/810d8a93a6ccffc4fab527ddef775c21.jpg,730,818,0,2021-08-15
2026-09-01,bolo caseiro simples,667236501119556021,60,86,0,"✨ Bolo de Chocolate Fofinho 🍫🍰 Um clássico que nunca sai de moda! Simples, macio e irresistível para qualquer ocasião. --- 📝 Ingredientes: 180 g de açúcar 3 ovos 1 pitada de sal 150 ml de óleo 150 ml ",instagram.com,https://www.instagram.com/p/DN61KKrlPKP/,https://i.pinimg.com/originals/b9/62/5d/b9625d5ea43431c7d7926ffe0b5ecd5e.jpg,1080,1080,0,2025-08-29
2026-09-01,bolo caseiro simples,735494182927084217,61,268,0,Bolo caseiro de cenoura com chocolate. O clássico que não pode faltar no café da tarde. Disponível no delivery 🛵 #bolocaseirocenourasalvador #bolocaseirosalvador,instagram.com,https://www.instagram.com/p/C9GDupOxaHb/,https://i.pinimg.com/originals/c5/9f/ab/c59fab5ddbe909288a6b1e5dd8ccd6f1.jpg,900,900,0,2024-08-21
2026-09-01,bolo caseiro simples,808677676884928622,62,5,0,,facebook.com,https://www.facebook.com/share/p/1GXuNQkPom/,https://i.pinimg.com/originals/ea/6a/d1/ea6ad17ee994c71f1720b1c0c0178650.jpg,600,750,0,2026-07-01
2026-09-01,bolo caseiro simples,203013895697417124,63,36,0,Bolo de Maisena 🎂😋 Ingredientes: 1 xícara de manteiga 2 xícaras de açúcar 3 ovos (claras e gemas separadas) 2 xícaras de farinha de trigo 1 xícara de maisena 1 xícara de leite 1 colher (sopa) de ferme,instagram.com,https://www.instagram.com/p/DMBSGzupLaI/,https://i.pinimg.com/originals/04/83/03/0483038ceeceb84fa9c14d34e1a1d1c5.jpg,1080,1080,0,2025-07-25
2026-09-01,bolo caseiro simples,631137335382078764,64,12,0,O Bolo Fofinho de Chocolate (R$25) da #casadebolos é um clássico suuuper macio e cheio de amor 😍 A escolha perfeita para deixar esta época de #páscoa ainda mais saborosa 🍫 Esperamos por você! ☎️,instagram.com,https://www.instagram.com/p/DWRzId7kaeX/,https://i.pinimg.com/originals/66/d2/77/66d277c8d8ff8bd9bcff49b595a91163.jpg,1350,1687,0,2026-06-14
2026-09-01,bolo caseiro simples,944067140628562591,65,570,0,Bolo Caseiro,instagram.com,https://www.instagram.com/p/C7HuOyEJnVB/?igsh=MWg2dGxkbHNmODZhaA==,https://i.pinimg.com/originals/23/ed/86/23ed865ce240c89a03ab492531614e5a.jpg,1080,1080,0,2024-05-27
2026-09-01,bolo caseiro simples,AVN4w-6kICNOgCOVPoHckTrRGkdZl2zSuH_RQn1b7KFlB9ah-9T-RPBsmcRPiwjxt5--2vnj2z207GkQCGFMROw,66,3668,0,Blueberry Lemon Loaf |,northcoast.organic,https://www.northcoast.organic/blueberry-lemon-loaf-recipe/,https://i.pinimg.com/originals/ec/f3/a0/ecf3a0d1bfe066b9aed55f81a483e266.jpg,720,1280,1,2023-07-12
2026-09-01,bolo caseiro simples,26599454046645414,67,126,0,,,,https://i.pinimg.com/originals/23/2b/2d/232b2d9996a0889aa3c24b4cda42ac2e.jpg,1080,1920,0,2026-07-25
2026-09-01,bolo caseiro simples,23643966790301222,68,86,0,Receita de Bolo de Baunilha de Liquidificador,receitadodia.com,https://receitadodia.com/bolo-de-baunilha-de-liquidificador/,https://i.pinimg.com/originals/ae/e9/90/aee990e5a1762a29f82222e7b2cc3679.webp,768,555,0,2026-07-21
2026-09-01,bolo caseiro simples,718464946835818001,69,991,0,Curso de Bolo Caseiro Para Vender - Marrara Bortoloti,doceriagourmetdesucesso.com,https://doceriagourmetdesucesso.com/curso-de-bolo-caseiro-para-vender/,https://i.pinimg.com/originals/54/dd/98/54dd98082ad2c0a38c45356d2ad143f2.jpg,768,1024,0,2024-10-17
2026-09-01,bolo caseiro simples,1105704145997361173,70,564,0,Bolo de milho delicioso na mesa Bolo típico brasileiro | Foto Premium,br.freepik.com,https://br.freepik.com/fotos-premium/bolo-de-milho-delicioso-na-mesa-bolo-tipico-brasileiro_20576769.htm,https://i.pinimg.com/originals/11/73/d6/1173d6e2005aa16ca859aa2e634a45fe.jpg,417,626,0,2023-07-12
2026-09-01,bolo caseiro simples,847028642441097214,71,64,0,Receita de Bolo Caçarola Com Preparos Que Você Nunca Viu,sabornamesa.com.br,https://www.sabornamesa.com.br/bolos/bolo-cacarola,https://i.pinimg.com/originals/28/c9/b1/28c9b1de87949ee6699e6bd8f5d930f1.jpg,1000,1500,0,2023-07-04
2026-09-01,bolo caseiro simples,344666177749986528,72,628,0,"Bolo {Bundt} de Fubá e Limão, com casquinha açucarada",acozinhacoletiva.blogspot.com,http://acozinhacoletiva.blogspot.com/2016/11/bolo-bundt-de-fuba-e-limao-com.html?m=1,https://i.pinimg.com/originals/dd/e0/b2/dde0b2cbac10d5667e9fe3bfbff029a0.png,546,820,0,2024-10-19
2026-09-01,bolo caseiro simples,589619776255552587,73,29,0,Bolo de milho simples no liquidificador para festa julina,share.google,https://share.google/8tobe6P9n5K76J8i6,https://i.pinimg.com/originals/2f/a4/68/2fa468a5cf4397e4139f65e1d487c06b.jpg,1200,1600,0,2025-07-12
2026-09-01,bolo caseiro simples,168955423517024387,74,578,0,,,,https://i.pinimg.com/originals/c2/f6/f8/c2f6f8536589ac57d18f9aa3346acfbc.jpg,360,640,0,2026-01-19
2026-09-01,bolo caseiro simples,8725793025416027,75,4258,0,,,,https://i.pinimg.com/originals/fe/37/c4/fe37c45a699150c941c3815115343c34.jpg,2268,4032,0,2025-11-25
2026-09-01,unhas decoradas,1110207745672550902,1,6,0,Elegant Burgundy Stiletto Nails with Gold Accents Design,,,https://i.pinimg.com/originals/29/20/96/292096f061a7412a9da6679f39dda5f4.jpg,2158,2870,0,2026-08-14
2026-09-01,unhas decoradas,Aa_uYOHkP6iqkycUMXNiKow1N_wPQIUmR64Y6w1sX58OlHnisG-AVKwMHtVLsqrxPfnlCR-sIyjnrpD4Wgq904Q,2,52,0,Holiday Mani Inspo,target.com,https://www.target.com/p/olive-38-june-press-on-oval-medium-fake-nails-velvet-42ct/-/A-88708392?ref=tgt_soc_odl&afid=pin,https://i.pinimg.com/originals/53/f7/fc/53f7fcb0fd5822aac572a6600f2e7c26.jpg,1000,1000,0,2024-12-06
2026-09-01,unhas decoradas,712131759887867193,3,76,0,nails design 2026 😍,onelink.shein.com,https://onelink.shein.com/48/5ze88c3vi0yo?ismg_ol=0CzfliuCyeu_01_KOC-C,https://i.pinimg.com/originals/ce/8b/ed/ce8bed59767f4161d6edd508a92c0285.jpg,735,1105,0,2026-08-19
2026-09-01,unhas decoradas,Acq4jbsx0StT4Keittxj3sCbAwHfNsIoe3tTpGYSthXrvfmU1OtcqL-T_1Ex50lGh2fBpQKvSVRwq06oq3hue1k,4,46,0,24 Pcs Orange Gradient,amazon.com,https://www.amazon.com/Orange-Gradient-Glitter-Acrylic-Manicure/dp/B0F4888X86/ref=asc_df_B0F4888X86?hvdev=%7Bdevice%7D&hvcampaign=%7Bcampaignid%7D&hvadgroupid=%7Badgroupid%7D&hvprdptid=%7Bproduct_partition_id%7D&hvprdgrpid=%7Bpromoted_product_group_id%7D&hvcr=%7Bcreative_id%7D&hvadid=%7Badid%7D&hvprdid=%7Bproduct_id%7D&hvplc=%7Bplacement%7D&psc=1&tag=%7Bifnotmobile:ushpadpinde-20%7D%7Bifmobile:ush,https://i.pinimg.com/originals/47/be/ce/47beceaf0fa172963d8d32046e54167b.jpg,1200,1200,0,2026-04-05
2026-09-01,unhas decoradas,44473115066488254,5,10971,0,,,,https://i.pinimg.com/originals/f4/83/42/f4834282ea49b7817bd46980123d8a34.png,1150,1622,0,2026-08-19
2026-09-01,unhas decoradas,638877897187361564,6,1,0,Inspiração de Unha Decorada! 💅✨,s.shopee.com.br,https://s.shopee.com.br/6L3jPUpugO?channel_type=pinterest,https://i.pinimg.com/originals/db/a1/14/dba114e6474ee153665d19b64d5bd4a3.jpg,736,1104,0,2026-08-18
2026-09-01,unhas decoradas,90986854973041640,7,2369,0,Aquela nails poderosa 🩵🤍🥰 . . . . . . #instagram #unhasinstagram #nailsinstagram😍💅♥️ #manicurefortaleza #unhasgringas,instagram.com,https://www.instagram.com/reel/DcAEno1tUaG/,https://i.pinimg.com/originals/ab/9c/e9/ab9ce9688add5e58938a3b0e4b7b61b6.jpg,756,1340,0,2026-08-21
2026-09-01,unhas decoradas,AWG9GPq00m8bstygLWq5UNXZMxV1VJpbKy-1bX0O5BKfterN-JzB5Blc3IuEj3c3eT3Ze-9-1wl0EDCmFvlVp2M,8,1,0,Temu | Cat-eye Blue,temu.com,https://www.temu.com/ul/kuiper/un3.html?subj=dpa-un&_bg_fs=1&_p_jump_id=1082&_x_vst_scene=adg&goods_id=601105786810981&adg_ctx=a-4c9e5440~c-b3c8769a&_p_rfs=1&_x_ads_channel=pinterest&_x_ads_creative_id=%7Bproduct_partition_id%7D&_x_ads_id=%7Badgroupid%7D&_x_ads_set=%7Bcampaignid%7D&_x_ads_sub_channel=shopping&_x_ns_catalog_id=1567707391772&_x_ns_creative=%7Badid%7D&_x_ns_gid=601105786810981&_x_ns_,https://i.pinimg.com/originals/be/16/49/be164972750b140d20946047c9659f3c.jpg,2000,3000,0,2026-06-08
2026-09-01,unhas decoradas,1096626578043923298,9,14,0,Blue & Nude Nail Art 💙✨ | Elegant Almond Nails,,,https://i.pinimg.com/originals/4d/9a/13/4d9a13b660826b7aad406b2b1d039f03.png,1024,1536,0,2026-08-19
2026-09-01,unhas decoradas,AcmTlCkZCGpYff7KV8_szeLAjv1Hd6urm-LMCg-hlIddy66AHZYO5OrwBxbjC3MBKW38_Y4Es-O-ntmlgqPOvBQ,10,198,0,Medium Press on Nails,amazon.com,https://www.amazon.com/Medium-Square-Rhinestones-Acrylic-Reusable/dp/B0DZ72QB92/ref=asc_df_B0DZ72QB92?hvdev=%7Bdevice%7D&hvcampaign=%7Bcampaignid%7D&hvadgroupid=%7Badgroupid%7D&hvprdptid=%7Bproduct_partition_id%7D&hvprdgrpid=%7Bpromoted_product_group_id%7D&hvcr=%7Bcreative_id%7D&hvadid=%7Badid%7D&hvprdid=%7Bproduct_id%7D&hvplc=%7Bplacement%7D&psc=1&tag=%7Bifnotmobile:ushpadpinde-20%7D%7Bifmobile:u,https://i.pinimg.com/originals/d4/44/c1/d444c11198b32d55fa22813d437d8b01.jpg,1500,1500,0,2026-04-17
2026-09-01,unhas decoradas,1138284874607463363,11,2,0,,,,https://i.pinimg.com/originals/23/52/ef/2352efcba147279e73c81b786bbf3529.png,941,1672,0,2026-08-17
2026-09-01,unhas decoradas,AXd4QJ9TvwxR-ok5_Vv0mMr1csWrRLKd-IGHh4fTmmI_wtOY3IeDSZCDOTUStiPCfebuJn4ke3VH8dSq0wzR6rM,12,145,0,YoYoee Medium Coffin,amazon.com,https://www.amazon.com/YoYoee-Medium-Gradient-Acrylic-Reusable/dp/B0CG19239W/ref=asc_df_B0CG19239W?hvdev=%7Bdevice%7D&hvcampaign=%7Bcampaignid%7D&hvadgroupid=%7Badgroupid%7D&hvprdptid=%7Bproduct_partition_id%7D&hvprdgrpid=%7Bpromoted_product_group_id%7D&hvcr=%7Bcreative_id%7D&hvadid=%7Badid%7D&hvprdid=%7Bproduct_id%7D&hvplc=%7Bplacement%7D&psc=1&tag=%7Bifnotmobile:ushpadpinde-20%7D%7Bifmobile:ushp,https://i.pinimg.com/originals/e6/6b/d5/e66bd58848174956ae033a12f7212536.jpg,1600,1600,0,2026-05-19
2026-09-01,unhas decoradas,ARe2_3c10g98Wa6qzgwjqcwuunZQVwsv-AoWEIjTfKuNm_sZgkVrvSZsjMgQvlNe1bQ17woQOa2kPWpk_oHRPxo,13,1,0,Temu | Retro Fine Glitter,temu.com,https://www.temu.com/ul/kuiper/un3.html?subj=dpa-un&_bg_fs=1&_p_jump_id=1082&_x_vst_scene=adg&goods_id=601100293865530&adg_ctx=a-c9ccb58e~c-b63a51d2&_p_rfs=1&_x_ads_channel=pinterest&_x_ads_creative_id=%7Bproduct_partition_id%7D&_x_ads_id=%7Badgroupid%7D&_x_ads_set=%7Bcampaignid%7D&_x_ads_sub_channel=shopping&_x_ns_catalog_id=1567707391772&_x_ns_creative=%7Badid%7D&_x_ns_gid=601100293865530&_x_ns_,https://i.pinimg.com/originals/4f/2f/46/4f2f46bf0e2f11ca29cd22ee58b45560.jpg,2000,3000,0,2026-03-31
2026-09-01,unhas decoradas,1084874997768461312,14,5,0,Chic nails for a beautiful you 🤍🤎,,,https://i.pinimg.com/originals/0e/1f/36/0e1f366dba630b60f2515bab059e3891.jpg,736,1307,0,2026-08-12
2026-09-01,unhas decoradas,17381148558678675,15,2380,0,,,,https://i.pinimg.com/originals/01/9d/75/019d7519de82685822a33cfe122814df.jpg,800,1200,0,2026-08-22
2026-09-01,unhas decoradas,ARBCaidDy2cdHzKx23OWek6OMo3JXjnfF2XXaZBfsoL2lXTedPnlnGxIQdwPxCx7SAqAm0dtfXg-DPooWXH0ppA,17,19,0,MERVF Almond Press on,amazon.com,https://www.amazon.com/MERVF-Almond-Stiletto-Rhinestones-Acrylic/dp/B0DM1B26SF/ref=asc_df_B0DM1B26SF?hvdev=%7Bdevice%7D&hvcampaign=%7Bcampaignid%7D&hvadgroupid=%7Badgroupid%7D&hvprdptid=%7Bproduct_partition_id%7D&hvprdgrpid=%7Bpromoted_product_group_id%7D&hvcr=%7Bcreative_id%7D&hvadid=%7Badid%7D&hvprdid=%7Bproduct_id%7D&hvplc=%7Bplacement%7D&psc=1&tag=%7Bifnotmobile:ushpadpinde-20%7D%7Bifmobile:us,https://i.pinimg.com/originals/a1/13/af/a113af22b356472cabac57009391d33f.jpg,1164,1200,0,2026-03-03
2026-09-01,unhas decoradas,4011087182108920,18,1788,0,Stylish Unique Floral Nail Art Ideas,,,https://i.pinimg.com/originals/c8/69/35/c86935b0d183d4b9c7277d07de91f90e.png,941,1672,0,2026-08-18
2026-09-01,unhas decoradas,Afa2iORDzydQRlvIH7cPgsrqOifkfC6m8TGwO4qXc-ZLkh66tQvVk_MAwG_tZfQy27OHARTPLwRyXvK_ORtMCS8,19,390,0,YOSOMMK French Tip Chrome,amazon.com,https://www.amazon.com/YOSOMMK-French-Chrome-Designs-Acrylic/dp/B0D1FY34Q2/ref=asc_df_B0D1FY34Q2?hvdev=%7Bdevice%7D&hvcampaign=%7Bcampaignid%7D&hvadgroupid=%7Badgroupid%7D&hvprdptid=%7Bproduct_partition_id%7D&hvprdgrpid=%7Bpromoted_product_group_id%7D&hvcr=%7Bcreative_id%7D&hvadid=%7Badid%7D&hvprdid=%7Bproduct_id%7D&hvplc=%7Bplacement%7D&psc=1&tag=%7Bifnotmobile:ushpadpinde-20%7D%7Bifmobile:ushpad,https://i.pinimg.com/originals/64/77/64/647764ae4c67a4e5b603f1939ff504d7.jpg,1185,1200,0,2026-03-20
2026-09-01,unhas decoradas,AUdFQULcS6E7136YoKCK_wmP_jYEjLaP_YmK0O0IWKuHt8RQsBIzgGw48tzDRTH4gHNnsfVYtJFnOty7SIV0wHM,20,39,0,Temu | 24pcs Medium-long,temu.com,https://www.temu.com/ul/kuiper/un3.html?subj=dpa-un&_bg_fs=1&_p_jump_id=1082&_x_vst_scene=adg&goods_id=601101679165379&adg_ctx=a-574ed0df~c-105d22ec&_p_rfs=1&_x_ads_channel=pinterest&_x_ads_creative_id=%7Bproduct_partition_id%7D&_x_ads_id=%7Badgroupid%7D&_x_ads_set=%7Bcampaignid%7D&_x_ads_sub_channel=shopping&_x_ns_catalog_id=1567707391772&_x_ns_content_id=100000001705474183&_x_ns_creative=%7Badid,https://i.pinimg.com/originals/8e/38/9e/8e389e968471d6227523e9ed91c426e7.jpg,2000,3000,0,2026-07-13
2026-09-01,unhas decoradas,824440275583501323,21,3,0,,s.shopee.com.br,https://s.shopee.com.br/LmNk6xqyr?channel_type=pinterest,https://i.pinimg.com/originals/73/e5/58/73e558e6f91111eff14e9385245664bb.jpg,736,1308,0,2026-08-12
2026-09-01,unhas decoradas,AbdGAYUI22xpKL-OEtUtcVNMqqcs04Zt7IKvztmJl89PEukwcSWzkHvhC0nDA3h-YBOYAno8t9zMMmE-DzZnVcQ,22,1,0,Temu | 48pcs Women's,temu.com,https://www.temu.com/ul/kuiper/un3.html?subj=dpa-un&_bg_fs=1&_p_jump_id=1082&_x_vst_scene=adg&goods_id=601101562146892&adg_ctx=a-3aeb9565~c-9e0bc1af&_p_rfs=1&_x_ads_channel=pinterest&_x_ads_creative_id=%7Bproduct_partition_id%7D&_x_ads_id=%7Badgroupid%7D&_x_ads_set=%7Bcampaignid%7D&_x_ads_sub_channel=shopping&_x_ns_catalog_id=1567707391772&_x_ns_content_id=100000003703864176&_x_ns_creative=%7Badid,https://i.pinimg.com/originals/49/07/39/490739931b14b0d69253ed8ef9f37dea.jpg,2738,4108,0,2026-04-28
2026-09-01,unhas decoradas,1112670651722239677,23,901,0,,,,https://i.pinimg.com/originals/8b/32/e3/8b32e30dd05683011c9dc0902ccd24e6.jpg,1080,1920,0,2026-08-13
2026-09-01,unhas decoradas,38562140560001404,24,552,0,,,,https://i.pinimg.com/originals/be/f0/07/bef007c65bf434e0baafecb059155eaa.jpg,1080,1920,0,2026-08-21
2026-09-01,unhas decoradas,1111685489300345383,25,1,0,,,,https://i.pinimg.com/originals/4c/3d/b3/4c3db3fcb1c055861263624854953fdb.jpg,769,1365,0,2026-08-17
2026-09-01,unhas decoradas,AT-WeF6dS6qTDbCCLtr0oWcYZzyNeI61CK7Tf3lYYxe8Xk1TQs1asE_fJK4rAOvLKVTTLI9oJWAOHIRv2dXLOYk,26,43,0,AkiliBIELY Medium Press,amazon.com,https://www.amazon.com/AkiliBIELY-Rhinestone-Acrylic-Wedding-Birthday/dp/B0D1C1PWHN/ref=asc_df_B0D1C1PWHN?hvdev=%7Bdevice%7D&hvcampaign=%7Bcampaignid%7D&hvadgroupid=%7Badgroupid%7D&hvprdptid=%7Bproduct_partition_id%7D&hvprdgrpid=%7Bpromoted_product_group_id%7D&hvcr=%7Bcreative_id%7D&hvadid=%7Badid%7D&hvprdid=%7Bproduct_id%7D&hvplc=%7Bplacement%7D&psc=1&tag=%7Bifnotmobile:ushpadpinde-20%7D%7Bifmobi,https://i.pinimg.com/originals/d9/f8/00/d9f8008559defcf94434cdcefa39edd1.jpg,981,1200,0,2026-05-31
2026-09-01,unhas decoradas,486248091042442057,27,1038,0,beautiful nail art 2026,,,https://i.pinimg.com/originals/73/45/53/7345537ca59f2fc618ba570c6e286492.png,941,1672,0,2026-08-22
2026-09-01,unhas decoradas,AQAemypymHVCHrGqUrfr3OR2IniRlEF16oVK-j3tQwHauq3ZDiBvHsrj0JRipLcDf_bhePr0T4v6-_CRmHGAlOI,28,67,0,Almond Press On Nails -,amazon.com,https://www.amazon.com/Almond-Leopard-French-Designs-Acrylic/dp/B0DF4SV78J/ref=asc_df_B0DF4SV78J?hvdev=%7Bdevice%7D&hvcampaign=%7Bcampaignid%7D&hvadgroupid=%7Badgroupid%7D&hvprdptid=%7Bproduct_partition_id%7D&hvprdgrpid=%7Bpromoted_product_group_id%7D&hvcr=%7Bcreative_id%7D&hvadid=%7Badid%7D&hvprdid=%7Bproduct_id%7D&hvplc=%7Bplacement%7D&psc=1&tag=%7Bifnotmobile:ushpadpinde-20%7D%7Bifmobile:ushpad,https://i.pinimg.com/originals/57/ad/12/57ad12f2b98f48e8ab4df4e14fb24046.jpg,1093,1200,0,2026-04-27
2026-09-01,unhas decoradas,ATN6Hhwa6HY9p9rkwu6KAvlg5ufP8KeB9wBr8vFO9uTHnJTwU19B7ELH_bfem2akMzAPVw5X8v7cfICx1X8UFZ8,29,2,0,Temu | 48pcs Luxury,temu.com,https://www.temu.com/ul/kuiper/un3.html?subj=dpa-un&_bg_fs=1&_p_jump_id=1082&_x_vst_scene=adg&goods_id=605841172302603&adg_ctx=a-e65cf311~c-75ef91e3&_p_rfs=1&_x_ads_channel=pinterest&_x_ads_creative_id=%7Bproduct_partition_id%7D&_x_ads_id=%7Badgroupid%7D&_x_ads_set=%7Bcampaignid%7D&_x_ads_sub_channel=shopping&_x_ns_catalog_id=1567707391772&_x_ns_creative=%7Badid%7D&_x_ns_gid=605841172302603&_x_ns_,https://i.pinimg.com/originals/89/2a/bc/892abccacb740528a30fc041d460bcb8.jpg,2000,3000,0,2026-06-19
2026-09-01,unhas decoradas,AfSiDIlGnK-7g3IgC2Hsk2oL8UY5O7nxugz-OgCzjVVQONXmRuNgA-KjzlQ1H0KAQTjVO4dqcckE5OjokQV034U,30,27,0,Temu | 24pcs Almond Shape,temu.com,https://www.temu.com/ul/kuiper/un3.html?subj=dpa-un&_bg_fs=1&_p_jump_id=1082&_x_vst_scene=adg&goods_id=605998005743032&adg_ctx=a-a9b4b011~c-593f9566&_p_rfs=1&_x_ads_channel=pinterest&_x_ads_creative_id=%7Bproduct_partition_id%7D&_x_ads_id=%7Badgroupid%7D&_x_ads_set=%7Bcampaignid%7D&_x_ads_sub_channel=shopping&_x_ns_catalog_id=1567707391772&_x_ns_creative=%7Badid%7D&_x_ns_product_id=93469561352255&,https://i.pinimg.com/originals/44/6c/96/446c966d7e957a4c491a5db282ae01c6.jpg,2000,2000,0,2026-07-12
2026-09-01,unhas decoradas,494621971598547531,31,30,0,Luxury Mauve Bow Nails | Elegant 3D Bow Almond Nail Art,,,https://i.pinimg.com/originals/94/b4/9a/94b49abdfdc8e14f0a1a59f577d6f63b.png,1024,1536,0,2026-08-21
2026-09-01,unhas decoradas,1092193347161542031,32,3,0,69 Gorgeous Spring Nail Designs You’ll Want to Copy,nabilax.netlify.app,https://nabilax.netlify.app/?u=https://dijbi.com/69-stunning-spring-nail-designs-and-spring-nails-you-have-to-copy-this-year/%3Futm_campaign%3Dmussa%26utm_source%3Dsameeha09%26utm_medium%3Dsocial,https://i.pinimg.com/originals/21/1e/3d/211e3de1da9c626debfc377a1ccf4905.jpg,736,981,0,2026-08-21
2026-09-01,unhas decoradas,856880266648947124,33,69,0,❤️ Red & White Daisy Nail Art 🌼,,,https://i.pinimg.com/originals/cd/41/79/cd4179a1aa48368f0fd78ec45767b7ee.jpg,1080,1920,0,2026-08-19
2026-09-01,unhas decoradas,1125337025672701805,34,7,0,Blue and White Floral Nails Elegant Flower Nail Art Ideas for a Fresh and Delicate Look,,,https://i.pinimg.com/originals/98/cb/40/98cb4085b2c0caec804364ccef830dea.png,1024,1536,0,2026-08-18
2026-09-01,unhas decoradas,Ada_sj1LyRamxTzUTMajDN3pgQm7R60qrnYI27zEvoNZV8vp6hjAzxyHjIbtnlDyEzfWF-7Cb0EqWeiO82lCDWk,35,238,0,3D Handmade Press on,amazon.com,https://www.amazon.com/Handmade-Medium-Almond-Designer-Wedding/dp/B0FBRNXK3P/ref=asc_df_B0FBRNXK3P?hvdev=%7Bdevice%7D&hvcampaign=%7Bcampaignid%7D&hvadgroupid=%7Badgroupid%7D&hvprdptid=%7Bproduct_partition_id%7D&hvprdgrpid=%7Bpromoted_product_group_id%7D&hvcr=%7Bcreative_id%7D&hvadid=%7Badid%7D&hvprdid=%7Bproduct_id%7D&hvplc=%7Bplacement%7D&psc=1&tag=%7Bifnotmobile:ushpadpinde-20%7D%7Bifmobile:ushp,https://i.pinimg.com/originals/e3/5c/47/e35c4714f1e4970c3357bce38f91772f.jpg,1500,1500,0,2026-03-03
2026-09-01,unhas decoradas,AaataaoqK5YZkg4CS4opb9C-oyHsfYeXZUo-QpwsS13Srnm4pAP-PYqqmAnAZG2ksA1qHxCUDRmYz-I8nF6d2cY,36,153,0,Almond Press on Nails,amazon.com,https://www.amazon.com/Almond-French-Summer-Acrylic-Artificial/dp/B0F4PFFMGF/ref=asc_df_B0F4PFFMGF?hvdev=%7Bdevice%7D&hvcampaign=%7Bcampaignid%7D&hvadgroupid=%7Badgroupid%7D&hvprdptid=%7Bproduct_partition_id%7D&hvprdgrpid=%7Bpromoted_product_group_id%7D&hvcr=%7Bcreative_id%7D&hvadid=%7Badid%7D&hvprdid=%7Bproduct_id%7D&hvplc=%7Bplacement%7D&psc=1&tag=%7Bifnotmobile:ushpadpinde-20%7D%7Bifmobile:ushp,https://i.pinimg.com/originals/00/d9/3c/00d93c5d240936f0cf5f1d85aaeaa6fb.jpg,951,1281,0,2026-06-06
2026-09-01,unhas decoradas,924363892288983294,37,882,0,UNHAS EM GEL DECORADAS ELEGANTE,s.shopee.com.br,https://s.shopee.com.br/8V5mJswtIP?channel_type=pinterest,https://i.pinimg.com/originals/80/d8/fe/80d8fe36b7b89c25af9bb2fce90c589c.jpg,736,1104,0,2026-05-15
2026-09-01,unhas decoradas,4222193396420630,38,2275,0,,,,https://i.pinimg.com/originals/e3/b9/28/e3b9289fadbe5cfe604a57ddd9151b28.jpg,800,1200,0,2026-08-22
2026-09-01,unhas decoradas,973059063258492952,39,246,0,Sunny Summer Nails ☀️💅,,,https://i.pinimg.com/originals/78/ae/cf/78aecf44b9c6194c83901f0eedca53d6.png,1086,1448,0,2026-08-18
2026-09-01,unhas decoradas,1140677411906557411,40,9,0,Custom Sunny Yellow Floral Press on Nails Summer Daisy Flower Aesthetic Nail Art Cream B,,,https://i.pinimg.com/originals/94/63/7f/94637ffdb7d3a6a421e52abfe1f1b0e9.jpg,1200,1593,0,2026-08-06
2026-09-01,unhas decoradas,AZk6WD1Lvvo7v-2yAi1vdp-D10_CXR3uWJs1_DFjJ_l2v4a4o-5tXXtg-yb76QCMZfdqjw-y7mAuJuWbcqmZ2dU,41,9,0,IQXGE Medium Almond Press,amazon.com,https://www.amazon.com/IQXGE-Glitter-Acrylic-Artificial-Reusable/dp/B0F5QBKNSR/ref=asc_df_B0F5QBKNSR?hvdev=%7Bdevice%7D&hvcampaign=%7Bcampaignid%7D&hvadgroupid=%7Badgroupid%7D&hvprdptid=%7Bproduct_partition_id%7D&hvprdgrpid=%7Bpromoted_product_group_id%7D&hvcr=%7Bcreative_id%7D&hvadid=%7Badid%7D&hvprdid=%7Bproduct_id%7D&hvplc=%7Bplacement%7D&psc=1&tag=%7Bifnotmobile:ushpadpinde-20%7D%7Bifmobile:us,https://i.pinimg.com/originals/19/ba/15/19ba156a44620cfba2c5b2a3cd4ea909.jpg,1600,1600,0,2026-06-06
2026-09-01,unhas decoradas,AYT2e0dlBnv-_fc5qkVPQr0Sz_L_51qW0nY5QdHaCHZA3PhYOAKl9CJO9K4fas0ILYwVyCvNx-HhJ8SpUAIwzqs,42,19,0,Brown Press on Nails,amazon.com,https://www.amazon.com/Medium-Flower-Pattern-Artificial-Acrylic/dp/B0DY1P4BJH/ref=asc_df_B0DY1P4BJH?hvdev=%7Bdevice%7D&hvcampaign=%7Bcampaignid%7D&hvadgroupid=%7Badgroupid%7D&hvprdptid=%7Bproduct_partition_id%7D&hvprdgrpid=%7Bpromoted_product_group_id%7D&hvcr=%7Bcreative_id%7D&hvadid=%7Badid%7D&hvprdid=%7Bproduct_id%7D&hvplc=%7Bplacement%7D&psc=1&tag=%7Bifnotmobile:ushpadpinde-20%7D%7Bifmobile:ush,https://i.pinimg.com/originals/0e/d9/a4/0ed9a4097869a3f0a3371a50bc3060af.jpg,1500,1500,0,2026-03-20
2026-09-01,unhas decoradas,11962755257878184,43,9555,0,,,,https://i.pinimg.com/originals/65/0d/92/650d92f9a920e8fbfca55cc8df0c4d23.jpg,736,1308,0,2026-08-15
2026-09-01,unhas decoradas,1046594400942729418,44,4,0,✨🦋 Beautiful Nail Fashion 2026 🌸💅 Elegant & Trendy Nail Design's,,,https://i.pinimg.com/originals/0b/11/92/0b11927eafc3089d61d6fa6aa5099d9a.webp,1152,2048,0,2026-08-12
2026-09-01,unhas decoradas,AUl1FVTuT0-DVZDzM7tenJyXJ2TAc-e9PDdlo0T628CKXksaEnMZstrNuj_bvctyUsJwjgvVscOp_oTUL9CcsLU,45,19,0,Santorini Spritz -,dashingdiva.com,https://www.dashingdiva.com/products/magic-press-santorini-spritz?variant=45245813850249utm_source=google&utm_medium=shopping&utm_campaign=shopping_feed,https://i.pinimg.com/originals/37/a1/36/37a1366f8ac2b885f1175e612e70c5e9.jpg,874,1256,0,2026-05-19
2026-09-01,unhas decoradas,33143747256464119,46,2083,0,,,,https://i.pinimg.com/originals/f3/34/0c/f3340c39ee9726bb8a056192faf80724.jpg,1152,2048,0,2026-08-20
2026-09-01,unhas decoradas,8725793026241386,47,2084,0,25 Elegant Luxury Almond Nail Designs 2026 Chic Marble Nail Art Inspiration,,,https://i.pinimg.com/originals/f2/e4/ff/f2e4ff6cef6669047b0bfcce9dd24dcc.png,1023,1537,0,2026-08-22
2026-09-01,unhas decoradas,19281104653495462,48,907,0,Colourful nails,,,https://i.pinimg.com/originals/20/1c/e9/201ce9c0cf578a7e4d3ec902a6394de1.png,1000,1500,0,2026-08-21
2026-09-01,unhas decoradas,422281213008199,49,3965,0,,,,https://i.pinimg.com/originals/4f/1f/6f/4f1f6f0b41028edeacc82c6419727e56.jpg,1080,1920,0,2026-08-14
2026-09-01,unhas decoradas,1083537991638272431,51,3,0,Rani Pink Nails | Elegant Dark Pink & Gold Floral Nail Art,,,https://i.pinimg.com/originals/bf/b4/73/bfb4734dcdd746ce4fa558a33218edd8.png,1024,1536,0,2026-08-20
2026-09-01,unhas decoradas,807973990414633050,52,73,0,,vt.tiktok.com,https://vt.tiktok.com/ZS9hKj4DqunaX-WPvsx/,https://i.pinimg.com/originals/b9/1d/f7/b91df792dc4c4f091a5b5fdd316ce028.jpg,1199,1596,0,2026-08-10
2026-09-01,unhas decoradas,557039047683964862,53,220,0,,,,https://i.pinimg.com/originals/05/94/b7/0594b7a0a27ae9ac387f3cd637e44023.jpg,736,1318,0,2026-08-13
2026-09-01,unhas decoradas,1090223022322757416,54,1,0,Elegant Nude Floral Glitter Nails | Trendy Nail Art 2026,,,https://i.pinimg.com/originals/93/d6/e0/93d6e041a42bd2eda83934f5ea09806c.png,1000,1500,0,2026-08-19
2026-09-01,unhas decoradas,676806650296794341,55,157,0,,,,https://i.pinimg.com/originals/83/bc/63/83bc63569f1ecf2ba539e3c066d03ff2.png,1024,1536,0,2026-08-12
2026-09-01,unhas decoradas,2674081026763798,56,4218,0,,,,https://i.pinimg.com/originals/97/0c/d0/970cd029836b25b5d8dfb5a96186246b.jpg,1080,1920,0,2026-08-22
2026-09-01,unhas decoradas,1407443631223724,57,3579,0,💅,,,https://i.pinimg.com/originals/06/3e/39/063e393bc16c3ed9b99a06ea8b1a4197.jpg,1080,1920,0,2026-08-16
2026-09-01,unhas decoradas,926756429594063288,58,129,0,,,,https://i.pinimg.com/originals/67/36/d7/6736d73d4f25c1d7d21c59447e630661.jpg,1080,1920,0,2026-08-17
2026-09-01,unhas decoradas,1083537991638272239,59,3,0,Lavender Luxury Bow Nails | Elegant Lilac & Pearl Bow Nail Art,,,https://i.pinimg.com/originals/56/4d/89/564d89fc2a67e9f4ee389bbc78d225d7.png,1024,1536,0,2026-08-20
2026-09-01,unhas decoradas,584764332933567111,60,51,0,Unhas Postiças Autocolantes Decoradas,meli.la,https://meli.la/2FDNtSG,https://i.pinimg.com/originals/d4/b4/4a/d4b44adfe05d28cac9911935cd8da6e5.png,1023,1537,0,2026-08-21
2026-09-01,unhas decoradas,984458799819246410,61,1651,0,..............,,,https://i.pinimg.com/originals/51/54/d3/5154d3858fce84d4cb587d92f445c4e8.jpg,736,1308,0,2026-06-28
2026-09-01,unhas decoradas,1116611302518851569,62,1,0,Nails,nailsbeautyzone.com,https://nailsbeautyzone.com/korean-gel-nail-polish/,https://i.pinimg.com/originals/8a/17/21/8a17211dd4c162df9bce1478544319c4.png,941,1672,0,2026-08-19
2026-09-01,unhas decoradas,766034217916249955,63,39,0,#tendencia #romantica #marrom,s.shopee.com.br,https://s.shopee.com.br/3g31Y2KWuG?channel_type=pinterest,https://i.pinimg.com/originals/be/eb/64/beeb64a483eed3ddc99b74db541875f2.jpg,1122,1402,0,2026-08-20
2026-09-01,unhas decoradas,1759287349501822,64,21103,0,,,,https://i.pinimg.com/originals/f0/90/4c/f0904c32e2ba8181e9c894c4b8bdb623.jpg,736,1308,0,2026-08-22
2026-09-01,unhas decoradas,492649955178506,65,35812,0,,,,https://i.pinimg.com/originals/f8/d0/4e/f8d04ee415e9f69cf3d3dbe13b5b9f1d.jpg,735,919,0,2026-07-22
2026-09-01,unhas decoradas,856880266648948949,66,8,0,🎀 Navy Blue & Pink Bow Nail Art 💙🩷,,,https://i.pinimg.com/originals/e2/87/9d/e2879db1768d8acbf16a6f1af3938575.jpg,1080,1920,0,2026-08-19
2026-09-01,unhas decoradas,1087267535074401411,67,4,0,Lavender Butterfly Acrylic Nails 🦋💜 | Dreamy Purple Nail Ideas,,,https://i.pinimg.com/originals/af/36/79/af3679d994a3bbd8cfee9f00fd21a865.png,1024,1536,0,2026-08-18
2026-09-01,unhas decoradas,2251868559639781,68,3967,0,,,,https://i.pinimg.com/originals/bd/c6/b8/bdc6b8d61b35a8107365146c9a8b4aaf.jpg,736,1331,0,2026-08-18
2026-09-01,unhas decoradas,7599893118063213,69,7571,0,,,,https://i.pinimg.com/originals/91/42/ba/9142ba1eff24ed94a599d1d84af2d59d.png,1031,1510,0,2026-07-19
2026-09-01,unhas decoradas,1100426490230656567,70,19,0,,,,https://i.pinimg.com/originals/61/7b/a1/617ba169fd59b40733a66c2841b6545a.png,1086,1448,0,2026-08-17
2026-09-01,unhas decoradas,900579256760957488,71,10,0,Beautiful nails,,,https://i.pinimg.com/originals/80/33/0d/80330d49d9e74a502022c72dde592ff4.png,1024,1536,0,2026-08-20
2026-09-01,unhas decoradas,6966574422021281,72,13889,0,,,,https://i.pinimg.com/originals/41/94/d9/4194d9016470f5e3b23f7d9cd27e1ca4.jpg,1080,1920,0,2026-08-13
2026-09-01,unhas decoradas,747034656986707233,73,194,0,Preety nail art ✨,,,https://i.pinimg.com/originals/af/6d/a8/af6da8fdf8d5462e0832a08019b6baea.jpg,736,1308,0,2026-08-16
2026-09-01,unhas decoradas,83105555620207636,74,1188,0,,,,https://i.pinimg.com/originals/ea/1a/87/ea1a87139151e00a74ea872bd6dfcc33.jpg,675,1200,0,2026-08-21
2026-09-01,cabelo cacheado cuidados,ASsPQKGQ7-vxBW7AiHF-Mn791N9uWjgKj4Te3qs15jnbxP6ziOzwBvxKIVyGGkC5hGzsO438S-SAKw0WBI5DEkI,1,0,0,Kérastase's Bestselling,kerastase-usa.com,https://www.kerastase-usa.com/collections/elixir-ultime/lhuile-original-hair-oil-refillable-for-hair-shine.html?utm_source=pinterest&utm_medium=traffic&utm_campaign=serums,https://i.pinimg.com/originals/df/db/0e/dfdb0ea9772714fb7ca306a19665cb6e.jpg,1080,1350,1,2026-08-24
2026-09-01,cabelo cacheado cuidados,Ae9YnJmFJ89ri7eguoMluAdH0ZXotyOWlWwLeVbQyfkw8cq2JFDmbVcN3DkQs39DwY-qi94UIDDnkkAT6DcInic,2,685,0,Get blowout hair with,kohls.com,https://www.kohls.com/catalog/sephora-hair-care.jsp?CN=Partnership:Sephora+Category:Hair%20Care&BST=7416733:5585314:5080412:6970322:5597839&icid=social-paid-pnstatcoll-trendingsephorahairblowouts-np-2608wk2&cid=SO26PDPIN0625&utm_campaign=paid_social&utm_medium=paid_social&utm_source=pinterest&utm_content=2026pdpin625,https://i.pinimg.com/originals/3f/8a/0a/3f8a0a3361f12833fb8b002c3f4388a4.jpg,1080,1920,0,2026-08-18
2026-09-01,cabelo cacheado cuidados,520025088247016307,3,52,0,🤎 Rotina de cuidados para cabelos cacheados,,,https://i.pinimg.com/originals/b9/4d/b8/b94db88ae470addaae4d9da69e643352.png,1086,1448,0,2026-08-15
2026-09-01,cabelo cacheado cuidados,794674296758278337,4,100,0,"Cabelo cacheado saudável! Os itens para investir de modo certeiro ao tratar, definir e secar os fios",purepeople.com.br,https://www.purepeople.com.br/noticia/cabelo-cacheado-itens-de-black-friday-para-cuidar-e-tratar-dos-fios_a330723/1?utm_source=pinterest&utm_medium=post&utm_campaign=glam,https://i.pinimg.com/originals/ae/f5/f0/aef5f0ba84a59dd4f465851c27c8ecfe.jpg,736,1104,0,2021-11-08
2026-09-01,cabelo cacheado cuidados,Ab0E8B-fBYNyvIzaqkrSaOvYH9my1rXgwBkzCMiR_iXdkBR8HANhqN5eCPSjYjyZQu4AyZ7RODqWej3aXbXalTw,5,1,0,Botanic Hearth Tea Tree,walmart.com,https://www.walmart.com/ip/Botanic-Hearth-Tea-Tree-Shampoo-and-Conditioner-Set-with-Vegan-Collagen-16-fl-oz-Each/911093296?wmlspartner=wlpa&selectedSellerId=101173670,https://i.pinimg.com/originals/dc/4b/1c/dc4b1c197e50b48f2986770a2c913990.jpg,911,1232,0,2026-08-15
2026-09-01,cabelo cacheado cuidados,4785143352422537,6,1077,0,Como acordar com o cabelo cacheado perfeito.,,,https://i.pinimg.com/originals/74/07/82/740782e1a0155b677f3fc0b361aaeb30.png,1024,1536,0,2026-06-30
2026-09-01,cabelo cacheado cuidados,360006563998850782,7,256,0,👩🏻‍🦱Guia completa de dicas para o seu cabelo cacheado 🌷,,,https://i.pinimg.com/originals/00/86/a0/0086a06907b3c863014d82e670178ad3.png,1024,1536,0,2026-08-22
2026-09-01,cabelo cacheado cuidados,1022317184154404279,8,906,0,,,,https://i.pinimg.com/originals/cd/09/77/cd097792f14e124321eb7ab9a83dc70d.jpg,736,983,0,2024-06-16
2026-09-01,cabelo cacheado cuidados,ASdKndlCOYLN6kOTKxWSHsX9Mpk_xWc9JX6A0THcAOjYjtUXC3VZ-ZiJURjyPNEID0ZHjmc1zLK-z0DI9LqN9Fo,9,7,0,Beautiful Hair with Tea:,amazon.com,https://www.amazon.com/Beautiful-Hair-Tea-Protocols-Healthier/dp/B0H32STZWP/ref=asc_df_B0H32STZWP?hvdev=%7Bdevice%7D&hvcampaign=%7Bcampaignid%7D&hvadgroupid=%7Badgroupid%7D&hvprdptid=%7Bproduct_partition_id%7D&hvprdgrpid=%7Bpromoted_product_group_id%7D&hvcr=%7Bcreative_id%7D&hvadid=%7Badid%7D&hvprdid=%7Bproduct_id%7D&hvplc=%7Bplacement%7D&psc=1&tag=%7Bifnotmobile:ushpadpinde-20%7D%7Bifmobile:ushpa,https://i.pinimg.com/originals/8b/16/81/8b1681d95cf98f5e997ce6d042ef83e2.jpg,1000,1499,0,2026-08-09
2026-09-01,cabelo cacheado cuidados,AZuJQdhbH9fZpsmTiPlBH8S3q-y8EpKdfK2N4FOo3xf8-400FPr7s9fMxypzlYSOACzAWvvzCiSD8_bOUvv6Euc,10,0,0,EELHOE Curly Hair Mousse,us.shein.com,https://us.shein.com/ark/default?scene=1&test=5051&ad_type=DPA&goods_id=528072726&pf=PINTEREST&url_from=PINADSDPA&ismg=7fbeba76e7e13c3a8929b1dcfb4b9788fbf4fa447e88ffa03686cb495e726751_01_1788193871,https://i.pinimg.com/originals/c2/3d/48/c23d48a400ebed5bba737f09891a0b5e.jpg,1600,1600,0,2026-07-24
2026-09-01,cabelo cacheado cuidados,4785143352422527,11,110,0,"Cachos lindos começam com pequenos cuidados! Hidrate, proteja e valorize a beleza natural",,,https://i.pinimg.com/originals/78/02/e0/7802e0e7924cb2239ba4fe6ce6569d3e.png,1024,1536,0,2026-06-30
2026-09-01,cabelo cacheado cuidados,AQ1sWgl1hcUJJxYF9ZeNUHYOPaG3_8MbxHKcVlipMutUrfFnOAtgyfrrdUaszyaQ96ElB-5Y6J2l01bpKW7uaOc,12,1,0,Curly Wavy Styling Cream,inspireuplift.com,https://www.inspireuplift.com/curly-hair-styling-cream-moisturizing-curl-defining-cream/iu/21717375?variant=474837688,https://i.pinimg.com/originals/d2/16/b8/d216b8be5081a9db1581a81a77fd5c3a.jpg,1600,1600,0,2026-07-10
2026-09-01,cabelo cacheado cuidados,1044412969827617127,13,2353,0,Cuidados com Cabelo Cacheado! Como evitar Frizz no cabelo!,,,https://i.pinimg.com/originals/6a/6f/99/6a6f99c597e8c076b2e5ddb2fa2385a3.jpg,676,1201,0,2024-06-20
2026-09-01,cabelo cacheado cuidados,AcWgBTl6p8HTUD9kzDtOxh_3JLkrIzCrqoH9-piM47o-uQ1IOk5OlJHgRIrip6hgxhgpqh0LmtCS8POOFSh2NgM,14,2,0,Curl Oil - 3 fl oz,verbproducts.com,https://www.verbproducts.com/products/curl-oil?variant=42987028185177,https://i.pinimg.com/originals/d6/1e/ab/d61eabd107b364de39e35daba0c3c3a1.jpg,2000,2000,0,2026-04-29
2026-09-01,cabelo cacheado cuidados,Aanltefqr6IdE5UvE80KCXT33kPIhvnVdf8FMlFqXprDvrb0q02Eub1YqVU2L36AJePBCYuYn6Kg7GjlIQSfQIc,15,2,0,Temu | Un Juego de 3,temu.com,https://www.temu.com/ul/kuiper/un3.html?subj=dpa-un&_bg_fs=1&_p_jump_id=1082&_x_vst_scene=adg&goods_id=606204013176642&adg_ctx=a-3fa98599~c-a79641d4&_p_rfs=1&_x_ads_channel=pinterest&_x_ads_creative_id=%7Bproduct_partition_id%7D&_x_ads_id=%7Badgroupid%7D&_x_ads_set=%7Bcampaignid%7D&_x_ads_sub_channel=shopping&_x_ns_catalog_id=1580405374697&_x_ns_creative=%7Badid%7D&_x_ns_gid=606204013176642&_x_ns_,https://i.pinimg.com/originals/03/3e/b9/033eb962a1d4ed639e9a3058aa1566f0.jpg,1254,1254,0,2026-08-09
2026-09-01,cabelo cacheado cuidados,173951604352515127,17,9129,0,@beabeloti 🩷,,,https://i.pinimg.com/originals/94/82/ae/9482ae2202602968b45b1c55334b908f.jpg,1080,1898,0,2026-01-26
2026-09-01,cabelo cacheado cuidados,26317979065685880,18,16765,0,Como acabar com o frizz em cabelo cacheado,mylifeasgi.wordpress.com,https://mylifeasgi.wordpress.com/2020/08/31/como-acabar-com-o-frizz-em-cabelo-cacheado/,https://i.pinimg.com/originals/0c/1a/e2/0c1ae243db7c74677150baf5aa7f01af.png,819,1024,0,2023-01-15
2026-09-01,cabelo cacheado cuidados,ATxfpbQRpln5ZoWu5JnWRo_ccYnvNIuztmZrqRemReJkKf92LLjax-pl64pYPWaGFKYjIJ0NPUQd37ATA2u0gpY,19,190,0,A Routine Built Around,prose.com,https://prose.com/consultation/haircare/first-question,https://i.pinimg.com/originals/23/16/f3/2316f36759900818290d2485292d5d49.jpg,1080,1920,1,2026-06-29
2026-09-01,cabelo cacheado cuidados,678073287692945656,20,7,0,Dicas preciosas para os seus cachos 🥰⭐,,,https://i.pinimg.com/originals/de/dc/b3/dedcb3a41d59f11eb96d31a5cd5c331d.png,1024,1536,0,2026-07-15
2026-09-01,cabelo cacheado cuidados,AYp54tTHxZTC7Jr0a8tU3fg1yMFaVF3VbtzjNtxlD5pYvizO8e57BC2F487GhVMSbrOMtVob8d2wC3BXZDF5-qA,21,0,0,Shield Duo & Serum Deal,gkhair.com,https://www.gkhair.com/products/shield-duo-and-serum-deal?variant=41943289954406&utm_medium=cpc&utm_source=pinterest&utm_campaign=Pinterest%20Shopping&country=US,https://i.pinimg.com/originals/48/0e/77/480e77f8772c0f37037a4165a8e921e8.jpg,1024,1024,0,2026-08-29
2026-09-01,cabelo cacheado cuidados,77968637295780658,22,116,0,Projeto Rapunzel: 6 Segredos para o Cabelo Cacheado Crescer Rápido e Forte ✨🌸,,,https://i.pinimg.com/originals/97/51/b8/9751b8bac275b33ff80d59a29d21d018.jpg,1200,1800,0,2026-04-22
2026-09-01,cabelo cacheado cuidados,Ac3dO0DvQ4Z3nFsCX2F8HG5aQgPAMjVoVF9_EcsHbDX3hroV76TbSc-UWn9y1XxgwNCE7QExbrUUCPlfC5s3KLY,23,1,0,Temu | Moisturizing,temu.com,https://www.temu.com/ul/kuiper/un3.html?subj=dpa-un&_bg_fs=1&_p_jump_id=1082&_x_vst_scene=adg&goods_id=601101784645682&adg_ctx=a-a3697aaa~c-fe53b8cc&_p_rfs=1&_x_ads_channel=pinterest&_x_ads_creative_id=%7Bproduct_partition_id%7D&_x_ads_id=%7Badgroupid%7D&_x_ads_set=%7Bcampaignid%7D&_x_ads_sub_channel=shopping&_x_ns_catalog_id=1567707391772&_x_ns_creative=%7Badid%7D&_x_ns_gid=601101784645682&_x_ns_,https://i.pinimg.com/originals/14/8e/61/148e61a941eb5ac711ccacf013cf2430.jpg,800,800,0,2026-08-03
2026-09-01,cabelo cacheado cuidados,79164905947569817,24,150,0,Erros na lavagem do cabelo cacheado.,,,https://i.pinimg.com/originals/86/c4/65/86c46548278967bee91fa574b11b23a0.png,1024,1536,0,2026-05-07
2026-09-01,cabelo cacheado cuidados,AfZDGk5apmEXz62_0PsYnp-CIPf3d7Srq6R-GnhBNrAi2xLib_5kBXK3hQI7_cAQwH1F5IINQSlGpsJwAdOtBIk,25,0,0,Kit de capilar brasileño,temu.com,https://www.temu.com/ul/kuiper/un3.html?subj=dpa-un&_bg_fs=1&_p_jump_id=1082&_x_vst_scene=adg&goods_id=602680730689396&adg_ctx=a-25e05cb2~c-79ccebfe&_p_rfs=1&_x_ads_channel=pinterest&_x_ads_creative_id=%7Bproduct_partition_id%7D&_x_ads_id=%7Badgroupid%7D&_x_ads_set=%7Bcampaignid%7D&_x_ads_sub_channel=shopping&_x_ns_catalog_id=1580405374697&_x_ns_creative=%7Badid%7D&_x_ns_gid=602680730689396&_x_ns_,https://i.pinimg.com/originals/87/8a/e5/878ae5e91b8dcc211b9ce37d7cadd423.jpg,2000,2000,0,2026-08-21
2026-09-01,cabelo cacheado cuidados,AS6e0NqMrTpXS3rjtvQfNNzKSG7U95Ooy6ylUncrxKjvwe_OApvFmYsRsoMOjUxMo4DndmvFzzT3M51K_Stxgw0,26,0,0,VivifyCurl™ — Instantly,luvilea.com,https://luvilea.com/products/vivifycurl%E2%84%A2-instantly-wake-up-your-curls-with-weightless-all-day-bounce?variant=51814473138513,https://i.pinimg.com/originals/b0/60/bc/b060bc69067d2ef42f9e3ff6d2f4cb05.jpg,923,1254,0,2026-05-06
2026-09-01,cabelo cacheado cuidados,1142155155523562411,27,451,0,"Se você tem cabelo cacheado, precisa conhecer estas dicas! 💜",instagram.com,https://www.instagram.com/ju.estetica.avancada,https://i.pinimg.com/originals/39/56/37/3956372bdc6ec9e0044a928e49a20fd8.png,1024,1536,0,2026-05-30
2026-09-01,cabelo cacheado cuidados,972214638328740824,28,1,0,,,,https://i.pinimg.com/originals/b7/4b/65/b74b6536cf2a5b99828b8d4a1aa629cf.jpg,736,1104,0,2026-07-16
2026-09-01,cabelo cacheado cuidados,281543726536133,29,1362,0,,,,https://i.pinimg.com/originals/dc/19/96/dc199687612678c53808c2a81593ef4d.jpg,1080,1920,0,2026-01-05
2026-09-01,cabelo cacheado cuidados,975873813011315851,30,1052,0,"✨Dicas: Hidratação ,Nutrição e Reconstrução ✨",,,https://i.pinimg.com/originals/d9/9c/a2/d99ca27e50df823bfe0785d31d1e6535.jpg,1168,1752,0,2025-04-24
2026-09-01,cabelo cacheado cuidados,ARPRSB5rfYxAur2gNIcMEQa0XYSq6WM2QWkCNg6b_Q5H8f9VimlZtHYyUzbMf8Th2n-kkrcFmk6m0YZNtAQa2c4,31,0,0,Temu | 7-in-1 Moroccan,temu.com,https://www.temu.com/ul/kuiper/un3.html?subj=dpa-un&_bg_fs=1&_p_jump_id=1082&_x_vst_scene=adg&goods_id=601105360564127&adg_ctx=a-070dd8c3~c-2b91a20c&_p_rfs=1&_x_ads_channel=pinterest&_x_ads_creative_id=%7Bproduct_partition_id%7D&_x_ads_id=%7Badgroupid%7D&_x_ads_set=%7Bcampaignid%7D&_x_ads_sub_channel=shopping&_x_ns_catalog_id=1567707391772&_x_ns_creative=%7Badid%7D&_x_ns_gid=601105360564127&_x_ns_,https://i.pinimg.com/originals/f2/d7/3d/f2d73d23bab61e1cfd4a8f740db5f0ba.jpg,2000,3000,0,2026-08-14
2026-09-01,cabelo cacheado cuidados,20195898327096265,32,2436,0,cuidados capilar,,,https://i.pinimg.com/originals/98/19/71/9819710a8c3453702ba71ebb1e038245.jpg,1080,1758,0,2025-11-18
2026-09-01,cabelo cacheado cuidados,919297342754286568,33,6,0,,,,https://i.pinimg.com/originals/3f/34/cf/3f34cf9fa5d8db793abfd80fb2d4866d.jpg,1200,1800,0,2026-08-15
2026-09-01,cabelo cacheado cuidados,657455245637051420,34,1949,0,Como cuidar do seu cabelo cacheado 🎀❤,,,https://i.pinimg.com/originals/2c/84/0b/2c840b949da62b1ef2f489c4e966ffae.jpg,720,1280,0,2024-11-16
2026-09-01,cabelo cacheado cuidados,1107955945856839882,35,298,0,Como acordar com os cachos mais bonitos.,,,https://i.pinimg.com/originals/6d/2d/85/6d2d8571e13656c6b91241f380a33452.png,1024,1536,0,2026-05-11
2026-09-01,cabelo cacheado cuidados,1139340405722748472,36,4182,0,Vai cuidar do cabelo? faça da forma correta!!,,,https://i.pinimg.com/originals/8a/e8/d8/8ae8d807cc48e88854a31c7af16d2f43.jpg,736,1308,0,2024-07-02
2026-09-01,cabelo cacheado cuidados,142004194499794157,37,432,0,Como cuidar do seu crespo!😊🍪,,,https://i.pinimg.com/originals/0e/34/71/0e347108b3c495eeb192ac1869a8f9df.png,1122,1402,0,2026-07-27
2026-09-01,cabelo cacheado cuidados,12596073951187414,38,8726,0,,pinterest.com,https://www.pinterest.com/pin/841399142885259908/,https://i.pinimg.com/originals/bf/a4/5b/bfa45b4717aa685ea3fa533633abc686.jpg,736,1308,0,2023-07-24
2026-09-01,cabelo cacheado cuidados,AX42SKmWdHoZJ9CjICQL0vWYEUdss635tx69DZ6rJPI6MDdpbFfU18damMNIqB_nHr4YeMl3hA93YyOCQtLSs2k,39,0,0,stay for the results 👀✨,elfcosmetics.com,https://www.elfcosmetics.com/collections/hair,https://i.pinimg.com/originals/af/1d/09/af1d09d540c3721d4fac3fd2fb06b86c.jpg,1080,1920,1,2026-08-21
2026-09-01,cabelo cacheado cuidados,185773553373853026,40,5789,0,Salon line 🩷💜,,,https://i.pinimg.com/originals/46/d8/f6/46d8f6462f3e389e5533af433451bfec.jpg,1080,1920,0,2024-12-30
2026-09-01,cabelo cacheado cuidados,9992430419386093,41,1216,0,,,,https://i.pinimg.com/originals/6a/20/62/6a20629c3d1dfcceae3070d1aa5f6663.webp,1150,1370,0,2026-08-11
2026-09-01,cabelo cacheado cuidados,ASIgJfjeG4qH9HNbOQvfeIvAdICQbKeZ_jw6R0WCYolYXWTH8NQLwKVeaq7Ao6_yR2nL83s0A28n_EqtUvm_5jY,42,1,0,Temu | 100g -one Curly,temu.com,https://www.temu.com/ul/kuiper/un3.html?subj=dpa-un&_bg_fs=1&_p_jump_id=1082&_x_vst_scene=adg&goods_id=601104225045871&adg_ctx=a-3ce81427~c-c0d55b8e&_p_rfs=1&_x_ads_channel=pinterest&_x_ads_creative_id=%7Bproduct_partition_id%7D&_x_ads_id=%7Badgroupid%7D&_x_ads_set=%7Bcampaignid%7D&_x_ads_sub_channel=shopping&_x_ns_catalog_id=1567707391772&_x_ns_creative=%7Badid%7D&_x_ns_product_id=17613727245422&,https://i.pinimg.com/originals/41/97/39/419739fc8d8bdcd1243e0660c518d6ff.jpg,2000,2000,0,2026-06-26
2026-09-01,cabelo cacheado cuidados,89227636379332817,43,205,0,Cuidados com os cabelos,,,https://i.pinimg.com/originals/78/de/59/78de59cbb8444320c64b8f3de702c2c5.jpg,675,1200,0,2024-07-20
2026-09-01,cabelo cacheado cuidados,518758450829054015,44,15601,0,,instagram.com,https://www.instagram.com/p/B1MKJf5jGdx/?igshid=57w27m3ojpe7,https://i.pinimg.com/originals/59/43/c1/5943c12c5a29e0437ccf12721f5f9ea9.jpg,1080,1338,0,2019-08-17
2026-09-01,cabelo cacheado cuidados,32651166043298281,45,161,0,4 Cuidados Essenciais para seus Cabelos Cacheados!,enroladasblogbr.wixsite.com,https://enroladasblogbr.wixsite.com/enroladas/post/5-dicas-para-finalizar-cabelo-cacheado,https://i.pinimg.com/originals/0d/fc/f9/0dfcf9ae898e81a4a9ac79610e09a7f5.jpg,675,1200,0,2025-03-02
2026-09-01,cabelo cacheado cuidados,AUWweGfng_OT9NW_7etjVtcgfCzykFCmPamWStPlLJR8CKef1ZdUZX7mEYgx1AFIJRHzQk8CMIqkGQVvXc54rG8,46,1,0,Temu | Moisturizing,temu.com,https://www.temu.com/ul/kuiper/un3.html?subj=dpa-un&_bg_fs=1&_p_jump_id=1082&_x_vst_scene=adg&goods_id=601104656525791&adg_ctx=a-0772e7fc~c-bcf2f338&_p_rfs=1&_x_ads_channel=pinterest&_x_ads_creative_id=%7Bproduct_partition_id%7D&_x_ads_id=%7Badgroupid%7D&_x_ads_set=%7Bcampaignid%7D&_x_ads_sub_channel=shopping&_x_ns_catalog_id=1567707391772&_x_ns_creative=%7Badid%7D&_x_ns_gid=601104656525791&_x_ns_,https://i.pinimg.com/originals/6b/19/b0/6b19b0203aa6085ed7833cd08a44cfc0.jpg,800,800,0,2026-06-11
2026-09-01,cabelo cacheado cuidados,1078471442022755531,47,705,0,,,,https://i.pinimg.com/originals/0f/d3/37/0fd33752919c457fdcd5927e4b3c4577.jpg,735,1368,0,2025-06-11
2026-09-01,cabelo cacheado cuidados,AVSWiwc5LTbxPdK-sxQH7dRcQ7yrUg2f3y9HbjnykHP5yiYOmqGBXIDhATwZ1w2wEHUOO2_gtCFkcJhFtlANbB8,48,0,0,Boost Defining Cream,lenovotv.com,https://www.lenovotv.com/products/boost-defining-cream?variant=8e5efcac-16ae-4bc1-b329-9e5ca599a647,https://i.pinimg.com/originals/a4/46/09/a44609e6f59cc36f509122bc108c1e3c.jpg,1000,1000,0,2026-08-15
2026-09-01,cabelo cacheado cuidados,1022317184183461018,49,3,0,cachos dos sonhos 🤌💫,,,https://i.pinimg.com/originals/e4/e9/30/e4e930a2e5b8e067af61ff8413e18e11.png,1772,2229,0,2026-08-22
2026-09-01,cabelo cacheado cuidados,1086423110131970547,50,37,0,"Como cuidar do seu cabelo cacheado, e ter a textura que só ele tem.",,,https://i.pinimg.com/originals/7e/90/bb/7e90bb62e2e40e6e6c1d6c08095a83c4.jpg,844,1501,0,2026-02-13
2026-09-01,cabelo cacheado cuidados,15762667444647585,51,341,0,,,,https://i.pinimg.com/originals/4b/34/f7/4b34f7a8ed0cd1a9630ef3907b5d74bf.jpg,736,1104,0,2026-08-10
2026-09-01,cabelo cacheado cuidados,AZlRCHv3QfL0-mnpdCkvEn1q6UI5XB4HlBcSl3TrVC9f8DID33-bEfMg5Lz08WWH2eoZzmD6cbEqLb70gPqGyR8,51,30,0,Learn how to increase,shopify.com,https://www.shopify.com/blog/skin-care-marketing-online-store,https://i.pinimg.com/originals/56/c3/91/56c3917ddff4551d4cd74be8efc3fa40.jpg,736,1104,0,2024-12-14
2026-09-01,cabelo cacheado cuidados,561050066093859037,52,51,0,8 coisas que você não deveria fazer com o seu cabelo • Um Toque de Framboesa,sinceramenterafa.com,https://sinceramenterafa.com/coisas-que-voce-nao-deveria-fazer-com-o-seu-cabelo/,https://i.pinimg.com/originals/d8/6a/a2/d86aa2f8592eb27a03ceca2799ae57b1.jpg,800,1200,0,2022-07-31
2026-09-01,cabelo cacheado cuidados,AWwYGtKv9kD5xnlUmNdW0K2uwwmcOw1ufeX0YXWlQa2f3TUXpH3fO-ez-ngMcmN_RA3xPZgfa3At1uIfhELOjwE,53,113,0,Struggling with hair,kiierr.com,https://kiierr.com/regrow-your-hair-tan/,https://i.pinimg.com/originals/be/3b/94/be3b947f939d81529ed459a37f175c5e.jpg,718,1280,1,2025-07-11
2026-09-01,cabelo cacheado cuidados,ATj1emfjlFlV8niVTuYtPXY3MBGnYOQb799j4p_7nX_-ADB_pbhEHculTnbNO3PANlG0RoBD65PHa_gntPo7szk,54,1,0,"TRICHYRA™ Deep Black Hair Dye Shampoo – 5-Minute Gray Coverage, 500ml/16.9 fl oz",ebay.com,https://www.ebay.com/itm/236921901816,https://i.pinimg.com/originals/0c/cc/b2/0cccb259cd8bdf21101bb6bbc9ede450.png,1200,960,0,2026-08-13
2026-09-01,cabelo cacheado cuidados,1087900853746180358,55,66,0,,,,https://i.pinimg.com/originals/41/da/98/41da980a9065731964827aec4488bae2.jpg,720,1280,0,2025-09-02
2026-09-01,cabelo cacheado cuidados,AWsVUmCxke7Iio0hv0whwgw2FGmTGkO5l_sKZysP5-EONVOmW4TPJnw3mZxOga2ZVwD5toeBTQ4j7JCESW3Vf2c,56,2,0,Steam Purple Heat Cap,homedepot.com,https://www.homedepot.com/p/Wudkey-Purple-Cordless-Deep-Conditioning-Heat-Cap-100-Natural-Cotton-Flaxseed-Interior-Microwave-Treatment-Steam-Hot-Cap-IX0J91-2/343487125?cm_mmc=psoc-pinprg-%7Bcampaignid%7D-%7Badgroupid%7D,https://i.pinimg.com/originals/25/d4/02/25d40293295b7af163a24d222b594f06.jpg,1000,1000,0,2026-06-27
2026-09-01,cabelo cacheado cuidados,331085010127033855,57,12,0,Cuidados com Cabelo Cacheado: 7 Segredos para Cachos DefinidosCrescendo aos Poucos,crescendoaospoucos.com,https://crescendoaospoucos.com/2025/02/08/cuidados-com-cabelo-cacheado/,https://i.pinimg.com/originals/fb/cb/1c/fbcb1ca3cd9fdd54f05becc9e6628c39.jpg,736,853,0,2025-02-09
2026-09-01,cabelo cacheado cuidados,AfGO_vqgoSG6FbDM2wdixZAKw0gELjzbYmFYw8_7U4zqOB0wc7WUV0bXFj4jD2CVvc1vU7oaEQYw8wEItpD1HV4,58,0,0,UltraSoft Microfiber Hair,wayfair.com,https://www.wayfair.com/Hokku-Designs--UltraSoft-Microfiber-Hair-Towel-Wrap-Super-Absorbent-Extra-Large-for-Long-Thick-Curly-Hair-Elastic-Loop-41x30-Perfect-Camel-X225452920-L2244-K~W114341819.html,https://i.pinimg.com/originals/fc/fe/2d/fcfe2d2088ea0ac18f92ea2e2d1879a1.jpg,400,400,0,2026-08-08
2026-09-01,cabelo cacheado cuidados,1050394313073359406,59,11,0,Cuidados com o cabelo cacheado. 8 dicas para cabelos crespos.,,,https://i.pinimg.com/originals/7f/a6/9b/7fa69b431dd14fffb774645579be71da.jpg,1080,1920,0,2023-09-12
2026-09-01,cabelo cacheado cuidados,ARllM5mHNpeF8Q1wCda_UuUrAOIkFNdOCv5MKV5A7UW-b3RCUFsugDCF9lO2MGo8xY3fGkvZALpVHJ_mg3xKubU,60,3,0,Hyaluronic acid hair,herwellness-hub.com,https://herwellness-hub.com/product/loreal-paris-elvive-hyaluron-plump-moisture-plump-hair-serum-for-dehydrated-dry-hair-with-hyaluronic-acid-care-complex-paraben-free-4-4-fl-oz/,https://i.pinimg.com/originals/79/a6/17/79a617d7ab87a45979d2ac78362b5111.png,1024,1024,0,2026-06-06
2026-09-01,cabelo cacheado cuidados,AeUX_aTTuql2O85Q_tRr1T_6QrYTTFlXmQw7qOUl8FYmzAEhW5FPAkCRiGZVcMsux-weQFGUvFTvBDTr0qLqKSc,61,1,0,HiBAR Maintain,rei.com,https://www.rei.com/product/181335/hibar-maintain-conditioner-bar?cm_mmc=sm_pin_76513-_-ao-_-pinterest-_-conv&CAWELAID=120217890010614206,https://i.pinimg.com/originals/d9/b7/09/d9b70989f0039c171aad1433957ec3b6.jpg,1307,1767,0,2023-10-08
2026-09-01,cabelo cacheado cuidados,AXdNtMfzNicmNIyfd7a2G3nWLPIo2EM_Nh2PgbW5BtN5nXHr5g3XlHcS1OJsHTwxOPebVO8M29F-8o3ZdpROHoE,62,0,0,Quince | Women's,quince.com,https://www.quince.com/women/silk/silk-scrunchies?color=black&size=one-size,https://i.pinimg.com/originals/6f/2e/1b/6f2e1b254e274271da323dcb195907b2.jpg,1000,1500,0,2025-02-02
2026-09-01,cabelo cacheado cuidados,422281211448118,63,3176,0,,,,https://i.pinimg.com/originals/80/71/a1/8071a12f124e8521db64de0f958aa3d3.jpg,736,1104,0,2025-03-05
2026-09-01,cabelo cacheado cuidados,590393832458748434,65,24,0,Como cuidar do cabelo ondulado,,,https://i.pinimg.com/originals/df/15/68/df15686c53027e26c0bddb88571e51d1.jpg,675,1200,0,2026-08-22
2026-09-01,cabelo cacheado cuidados,201325045839438575,66,288,0,link do canal whatsapp: https://whatsapp.com/channel/0029Vb8ND8iKWEKm1m1Lo51z,whatsapp.com,https://whatsapp.com/channel/0029Vb8ND8iKWEKm1m1Lo51z,https://i.pinimg.com/originals/8a/34/55/8a345516edaee0b2d83ed4511ea605db.png,1024,1536,0,2026-08-17
2026-09-01,cabelo cacheado cuidados,3659243441815642,67,2085,0,,,,https://i.pinimg.com/originals/cb/fa/a8/cbfaa8237ce353ceb6eef03c72547060.jpg,1080,1920,0,2026-03-24
2026-09-01,cabelo cacheado cuidados,335799715990998464,68,24,0,Cabelo ressecado ou poroso ?,,,https://i.pinimg.com/originals/97/77/0b/97770ba3fa0393cf0304b6d7010d40ce.png,1024,1536,0,2026-07-17
2026-09-01,cabelo cacheado cuidados,AU5cK1AQL-7ko5ncYgWKGa02I_FNrE1kywQmk5XD5vv1fk9W35NZQMHnPYkw2ZhEjvKWNT_MtViO_-FWetYTV8g,69,0,0,Kérastase's Bestselling,kerastase-usa.com,https://www.kerastase-usa.com/collections/elixir-ultime/lhuile-original-hair-oil-refillable-for-hair-shine.html?utm_source=pinterest&utm_medium=traffic&utm_campaign=serums,https://i.pinimg.com/originals/30/46/3f/30463fec2b4b417d221de128d8a91192.jpg,1080,1350,1,2026-08-11
2026-09-01,cabelo cacheado cuidados,AV0LStOXcqoObJwIGCDLhXAXQI4Wn-3awtboSSsFjyIMHxutPVxn063HkLG11ITZwFhM89ZUvrsFp70rCvnJpQQ,70,3,0,Dicas de beleza,s.shopee.com.br,https://s.shopee.com.br/5LAKe0EqFi?pp=1&channel_type=pinterest,https://i.pinimg.com/originals/8b/f3/0b/8bf30ba2e1123767c6337e5ed2cdc04c.jpg,736,1104,0,2026-07-16
2026-09-01,cabelo cacheado cuidados,1023231977859061177,71,5,0,5 cuidados essenciais para manter os cabelos crespos hidratados e saudáveis,,,https://i.pinimg.com/originals/64/2c/3a/642c3a925f90e1a56fa411027fec027d.png,1024,1536,0,2026-08-12
2026-09-01,cabelo cacheado cuidados,95279348361946733,72,849,0,curlyhair routine 💕,,,https://i.pinimg.com/originals/81/e9/bd/81e9bd5665d4fd224733cc3cf1e69166.heic,4592,6652,0,2026-06-22
2026-09-01,cabelo cacheado cuidados,677228862730237293,73,1645,0,"Dicas de cabelo, cronograma capilar, dicas para o cabelo , cabelos saudáveis , recuperar cabelo | Pinterest",pinterest.com,https://www.pinterest.com/pin/841399142886520765/,https://i.pinimg.com/originals/14/d1/a6/14d1a626debc346648f357ada73ff7c4.jpg,736,1308,0,2022-03-13
2026-09-01,cabelo cacheado cuidados,1075375217266722811,74,1040,0,Dica da Ju ✨💞,,,https://i.pinimg.com/originals/c8/d6/93/c8d693f91f17450c7c3b099a90b62cc1.jpg,564,790,0,2024-07-14
2026-09-01,cabelo cacheado cuidados,9851692934560124,75,9524,0,,,,https://i.pinimg.com/originals/a2/e2/52/a2e25281adf74664e0cc4d8f6430d900.jpg,736,1308,0,2025-12-15
2026-09-01,cabelo cacheado cuidados,4785143350624868,76,15433,0,,,,https://i.pinimg.com/originals/5f/cf/f1/5fcff15b6dba42340be8d2f37a0aa45a.jpg,1080,1566,0,2024-12-25
2026-09-01,maquiagem natural dia a dia,AQnx7E_7Sp7OOKC3S4qDj40UwPPUcU92pR60sUE78LI7ZnttzhkLaPrYSxXiCmxrQ6cZJzAPv-yLlAjUQdVOBZU,1,1,0,Shop brands you love and,rakuten.com,https://www.rakuten.com/mktg50?utm_source=pinterest&utm_medium=social&utm_content=%7Bad_id%7D&utm_term=%7Bcreative_name%7D&utm_size=%7Bad_group_id%7D&utm_pub=%7Bad_group_name%7D&utm_ebs=0&utm_campaign=%7Bcampaignid%7D,https://i.pinimg.com/originals/6d/74/65/6d74654bc832b58e9d0920440a1fd704.jpg,1000,1500,0,2026-08-07
2026-09-01,maquiagem natural dia a dia,963840757778924852,2,2311,0,,,,https://i.pinimg.com/originals/54/06/f7/5406f7b703c2e2e7c1944633b5181b36.jpg,736,1104,0,2026-04-22
2026-09-01,maquiagem natural dia a dia,AZietDP-oORpF8QlWf4rserwScGMa_z59lpHUsKJl1OMzZS4neJi4B7__sDfBm9P_uxfr2Xotgu0i8BeWVMdczE,3,531,0,Quick start guide: How to,shopify.com,https://www.shopify.com/blog/sell-makeup-online,https://i.pinimg.com/originals/a1/58/cf/a158cf3eac8510dcbc5cb730b5a08e89.jpg,736,1104,0,2024-12-14
2026-09-01,maquiagem natural dia a dia,518195500896756569,4,3524,0,,,,https://i.pinimg.com/originals/fc/12/54/fc12544c00cc7860b6392a6b3ae074b9.jpg,736,1227,0,2026-06-29
2026-09-01,maquiagem natural dia a dia,AXEvzqSX8bFatRmXN3_-Bi3IuWO1unkCAXhcLhwFp9hdPwIgp47JM0HPS-30UJV3DQhrXASt1U0XHiMr37rp9Ts,5,13,0,Summer Beauty Essentials,target.com,https://www.target.com/p/e-l-f-halo-glow-skin-tint-light-coverage-foundation-mineral-spf-50-1-fl-oz/-/A-94480966?TCID=SMO,https://i.pinimg.com/originals/a1/e6/f3/a1e6f3d88ffa076922b039bc17b3ad23.jpg,1000,1800,1,2025-07-04
2026-09-01,maquiagem natural dia a dia,AW8jsna4ID1LCp1a6E4L7q0ZMnUe0RVS5CuR9fhb1np-HwdepidUPZLFl5SJY-gc6bTg8bZfTM-ElgCtSMV9Hx8,6,573,0,55 Bougie Things That,bustle.com,https://www.bustle.com/shopping/bougie-things-that-make-you-look-hotter-are-so-freakin-cheap?utm_medium=pro&utm_source=pinterest&utm_campaign=pinproaff469093802,https://i.pinimg.com/originals/c2/9e/0b/c29e0bc628319a44dfb215c9c08190f7.png,1000,1500,0,2026-06-23
2026-09-01,maquiagem natural dia a dia,633387443778190,7,5559,0,,,,https://i.pinimg.com/originals/65/b3/0f/65b30fef74dd3966a2ceecaf60de6590.jpg,736,1104,0,2025-08-02
2026-09-01,maquiagem natural dia a dia,19914423348869536,8,332,0,,,,https://i.pinimg.com/originals/67/35/ec/6735ec729f4ad6bed19df93055557000.jpg,744,1519,0,2026-08-21
2026-09-01,maquiagem natural dia a dia,1086141635178737418,9,421,0,,,,https://i.pinimg.com/originals/21/76/1b/21761b5172e9cfb44a4d1479c1c7bcf4.jpg,736,1104,0,2026-04-26
2026-09-01,maquiagem natural dia a dia,1148910555079769106,10,570,0,,,,https://i.pinimg.com/originals/57/05/39/5705398fd2da5932115cc66eec2536c8.jpg,736,1104,0,2026-03-25
2026-09-01,maquiagem natural dia a dia,Aa4KxljJzduuYjgre26Kgw4867TvNgsWMte_jRXcsOxsxPPnMSD-LL2WtZYXM5APNOOmhF5-OHUPswfP59tjHKM,11,1,0,Cool-Toned Makeup at Ulta,ulta.com,https://www.ulta.com/featured/cool_toned_a?cmpid=p_pi_awareness_mediahub_cool-toned-makeup_wk30_ubm&utm_medium=paid_social&utm_source=pinterest&utm_campaign=awareness_mediahub_cool-toned-makeup_wk30_ubm&utm_content=ubm,https://i.pinimg.com/originals/56/20/bb/5620bb3a77729161e8cd64f9e2e8bf4c.png,1000,1500,0,2026-08-19
2026-09-01,maquiagem natural dia a dia,110267890876571893,12,162,0,"best beauty products, makeup looks, beginner makeup, flawless makeup, everyday makeup routine, beauty products that actually work dewy skin makeup, soft glam makeup, natural makeup look, long lasting ",,,https://i.pinimg.com/originals/65/55/d1/6555d19eb14ef1dd850b1aeb58169c5e.jpg,736,1104,0,2026-06-27
2026-09-01,maquiagem natural dia a dia,1101059809002780144,13,297,0,,,,https://i.pinimg.com/originals/64/62/96/646296a3da2c6b9c812a9013c6ab22c9.jpg,736,1313,0,2026-01-17
2026-09-01,maquiagem natural dia a dia,704672672988853087,14,6076,0,,,,https://i.pinimg.com/originals/66/1e/7a/661e7a3ad84f423524b80bb5cbbba520.jpg,736,1104,0,2026-02-16
2026-09-01,maquiagem natural dia a dia,AUmSUMFqkDu29_CuR68aVILfsgYKuZyRL08knDZQPHslBWiSCu63tUom-B9y3hsQU3Tsg5NpwZu52HZnt9YQMT0,15,1,0,Makeup Guide for Your,quiz.color-analysis.pro,https://quiz.color-analysis.pro/form/243760-makeup.html,https://i.pinimg.com/originals/24/bf/c9/24bfc9d94a7307ba5b556ee4bdfa053c.png,1086,1448,0,2026-05-20
2026-09-01,maquiagem natural dia a dia,AZqpFqdcnahklkdT8Zfgodk-hpgTasfvr7k4yjszKKW5-E9EwY3NYl5VCJvm8ok29MUAalya9WRZcAZHFQr-NbQ,17,19,0,LumiLips – Long Lasting,shonobo.com,https://shonobo.com/products/lumilips?variant=45183325306949,https://i.pinimg.com/originals/2b/98/26/2b9826def17f0fed364c54cefe6892e4.png,1086,1448,0,2026-06-20
2026-09-01,maquiagem natural dia a dia,Aag-oKBnQa4bi1obLqltLY9Gah3RlYwncTJtK8gngRTMgMHbrEQj1mnK06SXxpEvObT62nJkJrkDrElQWau7fuM,18,75,0,LESS IS MORE BLACK,staticnails.com,https://staticnails.com/products/maglashlessismoreblk?variant=39817866641491,https://i.pinimg.com/originals/13/d2/01/13d201e2ff1a10eb394c7c933a2c078d.jpg,1050,1400,0,2022-05-15
2026-09-01,maquiagem natural dia a dia,1057008975065160703,19,4382,0,,,,https://i.pinimg.com/originals/24/aa/52/24aa52d1aa5278d90079de7b64686d5e.jpg,1080,1920,0,2026-03-03
2026-09-01,maquiagem natural dia a dia,AbCyycuFQbILQ8xhhzkAhMn6JL8K13ToaM02sBcN07SCoVraELnYOPbqClQWLHYSu9MaZb3sZwahovbnsBU_WGw,20,2,0,Crystal Jelly Glaze,us.shein.com,https://us.shein.com/ark/default?scene=1&test=5051&ad_type=DPA&goods_id=240409162&pf=PINTEREST&url_from=PINADSDPA&ismg=e07f5e429cb2595dfa9907f7e852249fd35219536480b3191cb9b1319b79b6b8_01_1788193891,https://i.pinimg.com/originals/a7/c7/be/a7c7be8a8c15d7376f1dee6839af7d96.jpg,1340,1785,0,2026-07-10
2026-09-01,maquiagem natural dia a dia,351912467492490,21,2032,0,,,,https://i.pinimg.com/originals/1e/90/85/1e908519101b4f87a30954aefeb5c1b9.jpg,736,1183,0,2026-07-08
2026-09-01,maquiagem natural dia a dia,1095219203161134539,22,2216,0,,,,https://i.pinimg.com/originals/ac/50/e0/ac50e0d1a611aca9526b8f3d88a73c99.jpg,736,1308,0,2026-07-11
2026-09-01,maquiagem natural dia a dia,AeqxrJpRNTN9aDxRa30k0rLubNFKJ9ilHVJhortHT0UrW0ZgACgogCv-UitnsqLnbvg-UJe_jXb1U8qqBl6S6h4,23,1,0,Sephora takes the,sephora.com,https://www.sephora.com/beauty/best-foundations,https://i.pinimg.com/originals/95/da/81/95da81daa4103e8143cd4c56669718fa.jpg,1080,1920,1,2026-08-12
2026-09-01,maquiagem natural dia a dia,963840757778924845,24,2318,0,,,,https://i.pinimg.com/originals/db/3b/96/db3b963fa04d5db15cbcc00476b848d5.jpg,736,1104,0,2026-04-22
2026-09-01,maquiagem natural dia a dia,AY-TmbCgQQoSemEiD74woCxCfF5dqmtkdaJt8DabXaHWO4tUoDz1RSCAeRYpRlAoDf7j_fAy51mVLKwaRnzXacI,25,3,0,PrismAura™ Glitter,luvilea.com,https://luvilea.com/products/prismaura%E2%84%A2-glitter-gradient-eyeshadow-stick-turn-every-glance-into-captivating-all-day-radiance?variant=51419318255953,https://i.pinimg.com/originals/3e/5b/ae/3e5bae313cb1f232bf3319f0d55526af.jpg,590,590,0,2026-05-05
2026-09-01,maquiagem natural dia a dia,AU4FFP9PKe4CKrq9PqAh3VEJcyTqRxRffu-y1sKQS8ASmuo9FFfK-yG4-l-zcEeqkEJ7RPxl-PwkoiAtP54ko1s,26,6,0,Cover Fx Makeup | Cover,poshmark.com,https://poshmark.com/listing/cover-fx-monochromatic-lip-color-warm-honey-69f4ffd0420644fbf1180249?utm_source=pin_txn,https://i.pinimg.com/originals/c5/c6/df/c5c6df164b061cc6556613e683eca481.jpg,912,1256,0,2026-05-02
2026-09-01,maquiagem natural dia a dia,1049479519437351636,27,17089,0,,,,https://i.pinimg.com/originals/e0/2e/e5/e02ee52abe8bd384cee403a20754fb00.jpg,736,1075,0,2026-01-15
2026-09-01,maquiagem natural dia a dia,140806235060206,28,33350,0,,,,https://i.pinimg.com/originals/27/8f/49/278f4919b051f83d3cf7b346814b9a33.jpg,736,1313,0,2026-04-19
2026-09-01,maquiagem natural dia a dia,1095430309388598149,29,7034,0,Natural Soft Glam Makeup | Glowing Skin & Elegant Beauty Aesthetic,,,https://i.pinimg.com/originals/50/05/61/5005619ed375856f54a5613dc141b1ee.png,941,1672,0,2026-05-12
2026-09-01,maquiagem natural dia a dia,2322237303608019,30,2656,0,,,,https://i.pinimg.com/originals/5e/88/19/5e88193ca67541f5f5f1bf9e0508dbcd.jpg,1070,1782,0,2026-08-19
2026-09-01,maquiagem natural dia a dia,AStMiuawO3J8jtswnAs7K6jA56fS9rSDWu4uFAxNUlGjnM9Yt2_15jpIJCml9CO5-_1Pp_RiDA7PUD86U4hBGEE,31,1,0,Temu | 3pcs Golden,temu.com,https://www.temu.com/ul/kuiper/un3.html?subj=dpa-un&_bg_fs=1&_p_jump_id=1082&_x_vst_scene=adg&goods_id=601102088960251&adg_ctx=a-de9303bf~c-aaf104f8&_p_rfs=1&_x_ads_channel=pinterest&_x_ads_creative_id=%7Bproduct_partition_id%7D&_x_ads_id=%7Badgroupid%7D&_x_ads_set=%7Bcampaignid%7D&_x_ads_sub_channel=shopping&_x_ns_catalog_id=1567707391772&_x_ns_creative=%7Badid%7D&_x_ns_gid=601102088960251&_x_ns_,https://i.pinimg.com/originals/2e/05/41/2e05415cd11ff3640bf32133601a5b67.jpg,800,800,0,2026-06-15
2026-09-01,maquiagem natural dia a dia,747175394478582922,32,9882,0,,,,https://i.pinimg.com/originals/c0/7c/d6/c07cd6cef06ae840805be4fcc0638799.jpg,703,1149,0,2026-05-18
2026-09-01,maquiagem natural dia a dia,945333778056911476,33,6701,0,,,,https://i.pinimg.com/originals/22/b4/e1/22b4e1b19cf07dc17c9fc5c9ed533037.jpg,798,1062,0,2026-07-23
2026-09-01,maquiagem natural dia a dia,ATFc-v7mH-20KB699zyCVvfO5J18cP_zAXl5uWaIa5P8FvLAbhAEhoRtw7-Lx1TFXSCvTXf4ql14kYSG31XIiLY,34,0,0,Flawless Face: The,amazon.com,https://www.amazon.com/Flawless-Face-Ultimate-Mastery-Techniques/dp/B0F5P5LGYF/ref=asc_df_B0F5P5LGYF?hvdev=%7Bdevice%7D&hvcampaign=%7Bcampaignid%7D&hvadgroupid=%7Badgroupid%7D&hvprdptid=%7Bproduct_partition_id%7D&hvprdgrpid=%7Bpromoted_product_group_id%7D&hvcr=%7Bcreative_id%7D&hvadid=%7Badid%7D&hvprdid=%7Bproduct_id%7D&hvplc=%7Bplacement%7D&psc=1&tag=%7Bifnotmobile:ushpadpinde-20%7D%7Bifmobile:us,https://i.pinimg.com/originals/1c/dd/bd/1cddbd614bb050df456d5eb0b2c48d1f.jpg,1000,1293,0,2026-08-22
2026-09-01,maquiagem natural dia a dia,705868941644994283,35,136,0,,,,https://i.pinimg.com/originals/bf/ed/ef/bfedef37c63722fe7e58b42623a37a2b.jpg,1080,1920,0,2026-08-19
2026-09-01,maquiagem natural dia a dia,1116329826396062211,36,538,0,,,,https://i.pinimg.com/originals/6c/39/00/6c3900d8c9dd0ec2f83061d919082af6.jpg,1080,1920,0,2025-09-02
2026-09-01,maquiagem natural dia a dia,AUZNIvlftOeQeCq71V2DP0VEKGmHJkHntOzC8MLkgD6XNpJC991LQIjFO6aFfcsNQ_9vEcziEMXdo0ef26I4ssM,37,0,0,Temu | 3 piezas de de,temu.com,https://www.temu.com/ul/kuiper/un3.html?subj=dpa-un&_bg_fs=1&_p_jump_id=1082&_x_vst_scene=adg&goods_id=601102088974891&adg_ctx=a-c8492199~c-d1834760&_p_rfs=1&_x_ads_channel=pinterest&_x_ads_creative_id=%7Bproduct_partition_id%7D&_x_ads_id=%7Badgroupid%7D&_x_ads_set=%7Bcampaignid%7D&_x_ads_sub_channel=shopping&_x_ns_catalog_id=1580405374697&_x_ns_creative=%7Badid%7D&_x_ns_gid=601102088974891&_x_ns_,https://i.pinimg.com/originals/eb/11/81/eb11811cfc5a595f9a08c5d656a87e35.jpg,800,800,0,2026-08-06
2026-09-01,maquiagem natural dia a dia,898257088194656681,38,154,0,,,,https://i.pinimg.com/originals/4d/d3/5e/4dd35ed7d8ed96b2a4e805aabd59dc1e.jpg,1000,1500,0,2025-09-06
2026-09-01,maquiagem natural dia a dia,844493676982853,39,214,0,Brown Eyes Makeup And Glowy Skin Soft Glam Look,beautyinspo.netlify.app,https://beautyinspo.netlify.app/#/brown-eyes-makeup-and-glowy-skin-soft-glam-look,https://i.pinimg.com/originals/3d/0a/0a/3d0a0a05bc09b3e80bcefb2efea77a9c.jpg,1009,1402,0,2026-08-21
2026-09-01,maquiagem natural dia a dia,1096908053025534881,40,14,0,,,,https://i.pinimg.com/originals/fd/bd/4c/fdbd4c02e004f96bca9ce5a2d823c60c.jpg,736,1104,0,2026-08-16
2026-09-01,maquiagem natural dia a dia,356417758029564446,41,8717,0,,,,https://i.pinimg.com/originals/bd/2b/b6/bd2bb658d11e9e8e24fa35eee0e53457.jpg,600,900,0,2025-06-10
2026-09-01,maquiagem natural dia a dia,1127307350509164949,42,6457,0,,,,https://i.pinimg.com/originals/7e/b7/b5/7eb7b5271717bb6af65bb126749e0587.jpg,1000,1500,0,2026-04-20
2026-09-01,maquiagem natural dia a dia,1074390054865378513,43,8839,0,"Effortless Chic Makeup 🌟""",,,https://i.pinimg.com/originals/73/16/e9/7316e97435a1375586d6d1f70f2a8c08.jpg,768,1365,0,2025-09-17
2026-09-01,maquiagem natural dia a dia,Ab1THeQYMkoojnpblfAMlE9j6W4sL66vgD8mKLyxJLcJHj1IN2KyoSwgbViampJc0F3lg1b7ZlQOLVTvx6tOLuA,44,3299,0,Hate wearing foundation?,ilmakiage.com,https://www.ilmakiage.com/powermatch-2-0-quiz-TBYB,https://i.pinimg.com/originals/c2/95/b3/c295b3cfd9582f47e1cd6777420bdf12.jpg,1080,1920,1,2025-04-29
2026-09-01,maquiagem natural dia a dia,2111131074038516,45,299,0,15 Clean Girl Makeup Looks For Black Women |...,thrivenaija.com,https://www.thrivenaija.com/clean-girl-makeup-looks-for-black-women/,https://i.pinimg.com/originals/e2/b4/97/e2b497571ad2db3b85f7422eaa4ed817.jpg,1024,1536,0,2026-08-18
2026-09-01,maquiagem natural dia a dia,1106830045935473171,46,10184,0,🌞,,,https://i.pinimg.com/originals/f8/d4/17/f8d4170b94d55c054de0eaf7946b096d.jpg,768,1365,0,2025-09-12
2026-09-01,maquiagem natural dia a dia,Adg3cGv7HbKR0Ax8NaYsupZwYFm82QFK94GW3RfRHbmbU0qdpLSa1PzLkwPwXp9qyKF28oEi5v2UlgO_2ANPfiU,47,2,0,Temu | Free! 2pcs,temu.com,https://www.temu.com/ul/kuiper/un3.html?subj=dpa-un&_bg_fs=1&_p_jump_id=1082&_x_vst_scene=adg&goods_id=606562055751680&adg_ctx=a-02ada569~c-66f3c759&_p_rfs=1&_x_ads_channel=pinterest&_x_ads_creative_id=%7Bproduct_partition_id%7D&_x_ads_id=%7Badgroupid%7D&_x_ads_set=%7Bcampaignid%7D&_x_ads_sub_channel=shopping&_x_ns_catalog_id=1567707391772&_x_ns_creative=%7Badid%7D&_x_ns_gid=606562055751680&_x_ns_,https://i.pinimg.com/originals/03/24/c2/0324c2a7a56641a34a4dcaaa2730e9fa.jpg,2000,3000,0,2026-08-13
2026-09-01,maquiagem natural dia a dia,1091911872191988387,48,1403,0,Beauty Dewy Makeup,,,https://i.pinimg.com/originals/b3/81/1d/b3811d16c651e45ccc9655997c883af3.jpg,737,1319,0,2026-04-20
2026-09-01,maquiagem natural dia a dia,72972456459390159,49,616,0,Brown Eye Makeup for Girls ✨,,,https://i.pinimg.com/originals/fa/85/fe/fa85fe90b8a3e45c69ba443ac04d1a7a.png,982,1601,0,2026-08-07
2026-09-01,maquiagem natural dia a dia,1110770695621136055,50,40991,0,,,,https://i.pinimg.com/originals/85/93/0f/85930f27137aca031a2c798a2488acd5.jpg,736,1313,0,2025-04-02
2026-09-01,maquiagem natural dia a dia,563018699693688,51,424,0,,,,https://i.pinimg.com/originals/98/14/c4/9814c457da335698b0a310cced06af17.jpg,736,1104,0,2026-05-06
2026-09-01,maquiagem natural dia a dia,1126674031813573954,52,1259,0,,,,https://i.pinimg.com/originals/63/05/bd/6305bd4e8816fed5e276e681f136cbce.jpg,1324,2208,0,2026-06-04
2026-09-01,maquiagem natural dia a dia,1085086103996120372,53,3312,0,Clean Girl Makeup Look 🤍,,,https://i.pinimg.com/originals/49/d5/e2/49d5e2f5d43c449a207b881af4eaba48.png,736,1288,0,2026-03-23
2026-09-01,maquiagem natural dia a dia,1086282372648547242,54,4921,0,,,,https://i.pinimg.com/originals/45/56/de/4556de39839feaacbd072cbeb5a9f439.jpg,735,919,0,2026-07-13
2026-09-01,maquiagem natural dia a dia,3940718421059892,55,8281,0,UMA,,,https://i.pinimg.com/originals/6f/d7/15/6fd715bcdd486a01d6ef90e159cd654e.jpg,1064,1892,0,2026-03-18
2026-09-01,maquiagem natural dia a dia,955044664756351022,56,3831,0,,,,https://i.pinimg.com/originals/7e/a4/a0/7ea4a0e7563699b15da0364dc4a0c2e5.jpg,816,1456,0,2026-04-01
2026-09-01,maquiagem natural dia a dia,1040190845218630750,57,630,0,,,,https://i.pinimg.com/originals/fc/d1/80/fcd180b912748f7a8859c717cdeec1a2.jpg,736,1213,0,2026-04-27
2026-09-01,maquiagem natural dia a dia,AZG-3pP_sa_Atba-tlkPbZeIEXY0RUFPT9oxoLkcOnZ0-rFdhj3G-IEIcdYknxGYybNKoyaQfCofIdvG9xvoecM,58,1,0,Makeup Minimalist Duo -,drmtlgy.com,https://www.drmtlgy.com/products/makeup-minimalist-duo-tan?variant=40718546501687,https://i.pinimg.com/originals/86/de/ee/86deee580e14aca672d921b23752c56d.jpg,1080,1080,1,2026-08-14
2026-09-01,maquiagem natural dia a dia,928445279444764195,59,5308,0,MAQUIAGEM 💖💄,s.shopee.com.br,https://s.shopee.com.br/40bGBIoUHU?channel_type=pinterest,https://i.pinimg.com/originals/0e/5b/89/0e5b89f6168c5bd8054250cce4d85323.jpg,736,1313,0,2026-03-01
2026-09-01,maquiagem natural dia a dia,11329436559727322,60,1048,0,Soft Pink Makeup on Brown Skin 🩷🤎✨,,,https://i.pinimg.com/originals/e9/f7/f0/e9f7f07f8a8002d9ef422a54375cd015.png,1105,1423,0,2026-07-18
2026-09-01,maquiagem natural dia a dia,68749135063,61,13905,0,,,,https://i.pinimg.com/originals/5b/bd/41/5bbd416f5ece0de30014145aedfa07c0.jpg,1284,1779,0,2025-07-19
2026-09-01,maquiagem natural dia a dia,1144829167817708922,62,609,0,The Ultimate Clean Girl Makeup Tutorial for Everyday Glow | Makeup looks inspo,,,https://i.pinimg.com/originals/ca/98/54/ca9854347440e9e4ea44d328d653a004.png,848,1264,0,2026-07-20
2026-09-01,maquiagem natural dia a dia,358739926590914648,64,147,0,Natural Makeup Look Minimal Glam Selfie Inspo,,,https://i.pinimg.com/originals/81/b2/b3/81b2b3a3cb23a7f4ab68399686630271.jpg,995,1402,0,2026-06-15
2026-09-01,maquiagem natural dia a dia,1337074890555067,65,559,0,,,,https://i.pinimg.com/originals/b3/56/9a/b3569a651962667ee711fe8b352a1055.png,864,1232,0,2026-07-15
2026-09-01,maquiagem natural dia a dia,15481192464757014,66,175,0,Alouette (Louie) Fury,,,https://i.pinimg.com/originals/f0/e6/22/f0e622a249a35b5869af4193ae40b60f.jpg,576,986,0,2026-06-15
2026-09-01,maquiagem natural dia a dia,1122874119625778426,67,1554,0,,,,https://i.pinimg.com/originals/25/11/92/2511921f1a90c922d1a5d80517bb57ee.jpg,1080,1920,0,2026-07-16
2026-09-01,maquiagem natural dia a dia,1125055550683037074,68,3755,0,,,,https://i.pinimg.com/originals/2b/c5/5e/2bc55ec63638a403e778dd8719c8ea4a.jpg,960,1328,0,2026-02-14
2026-09-01,maquiagem natural dia a dia,929711916842062653,69,1972,0,Soft Glam Glow Up ✨ Golden Eyes & Nude Lip Perfection,,,https://i.pinimg.com/originals/36/d7/ee/36d7eeaf1e1510e4d61bd08184340079.png,1000,1500,0,2026-05-17
2026-09-01,maquiagem natural dia a dia,492649954110780,70,2941,0,,,,https://i.pinimg.com/originals/5b/e5/1e/5be51edc77b6283db27fca13d355f0d3.jpg,736,1313,0,2025-06-05
2026-09-01,maquiagem natural dia a dia,1084030572884801129,71,1,0,"Soft Pink Glam Makeup Look ✨ | Glowing Skin, Shimmer Eyeshadow & Glossy Pink Lips",amazon.com,"https://www.amazon.com/Charlotte-Tilbury-Holiday-Kit-Exagger-Eyes/dp/B0FV3XCQSH?crid=LCBKQ8IKV0MX&s=beauty&sprefix=pinkgasm,aps,347&sr=1-1&th=1&linkCode=ll2&tag=archgabriel-20&linkId=5ecd63d491f531170e7746775c7a8546&language=en_US&gaOptInStatus=true&ref_=as_li_ss_tl",https://i.pinimg.com/originals/3d/fd/d3/3dfdd3210460b7346c609e19a74d3554.jpg,832,1248,0,2026-07-07
2026-09-01,maquiagem natural dia a dia,641481540719348170,72,3775,0,💞,,,https://i.pinimg.com/originals/c8/52/a4/c852a44250866101296b5205fdf1ea7f.png,1023,1537,0,2026-05-24
2026-09-01,maquiagem natural dia a dia,10485011627375244,73,236,0,,,,https://i.pinimg.com/originals/07/3c/d1/073cd19eef5f3b6f60c2cb6b8c8d60b6.jpg,750,901,0,2023-01-24
2026-09-01,maquiagem natural dia a dia,1124774075708922657,74,5204,0,Soft Glam Eye Makeup 👁️✨ | Shimmer Glow Aesthetic 💖,amithasri25-jpg.github.io,https://amithasri25-jpg.github.io/AM-Beauty/,https://i.pinimg.com/originals/3a/01/78/3a017802f38557d6becc7e9a1e6fafe1.png,941,1672,0,2026-05-05
2026-09-01,maquiagem natural dia a dia,962292645404537025,75,3631,0,Summer Makeup Looks 2025,,,https://i.pinimg.com/originals/55/ba/ce/55bace42bb9eda5e86e75efeebb39b86.png,768,1408,0,2025-07-25
2026-09-01,skincare pele oleosa,AS9kdWkyMBYmefZ8wEDYJmkel3zTG4YRqamgW8rbOvBmXbXH43wg15q8hNtW0k8htyQBlgboLglfJq3d9jlC_d0,1,1,0,Shop brands you love and,rakuten.com,https://www.rakuten.com/mktg50?utm_source=pinterest&utm_medium=social&utm_content=%7Bad_id%7D&utm_term=%7Bcreative_name%7D&utm_size=%7Bad_group_id%7D&utm_pub=%7Bad_group_name%7D&utm_ebs=0&utm_campaign=%7Bcampaignid%7D,https://i.pinimg.com/originals/6d/74/65/6d74654bc832b58e9d0920440a1fd704.jpg,1000,1500,0,2026-08-07
2026-09-01,skincare pele oleosa,Ab3VrqZnuJE8wQRFPshVKGKUuFLtaipXiDhwxxs_v6T0J_92ae0W2f8PLU_8ZcSKD_41tps0XMDEpGs0Yy-1a4A,2,30,0,Learn how to increase,shopify.com,https://www.shopify.com/blog/skin-care-marketing-online-store,https://i.pinimg.com/originals/56/c3/91/56c3917ddff4551d4cd74be8efc3fa40.jpg,736,1104,0,2024-12-14
2026-09-01,skincare pele oleosa,112378953199372241,3,11,0,Hydragel Oil Control Creamy | Melhor hidratante para pele oleosa?,,,https://i.pinimg.com/originals/97/2b/df/972bdf96c5fd8ed0d4564b58df2bdc9d.png,1366,2046,0,2026-08-05
2026-09-01,skincare pele oleosa,AZhaIXT5gKedlB3fzWvuX08K1-i1i8ZPAeGqqxEf2jmElEQ-AOPweU1NMQS7SXV_VR7LeGLyQP7wwel2vyDq6sY,4,0,0,Check GoodRx,goodrx.com,https://www.goodrx.com/health-topic/dermatology/starting-skincare-routine,https://i.pinimg.com/originals/bd/e7/30/bde73039a97b304e453a465c7ff714c8.jpg,1080,1920,1,2026-07-23
2026-09-01,skincare pele oleosa,246290673366703526,5,22,0,Rotina simples para controlar a oleosidade,,,https://i.pinimg.com/originals/7d/58/d9/7d58d9aa99c0453c0d1285818a67e20e.jpg,853,1280,0,2026-07-07
2026-09-01,skincare pele oleosa,AQ3sucDX_D2u4l5-CPGc4nw71u8OVpNqZA4M_N7EGEjMejDd6ERvEJ4y-3C9dd2s1mqirOBSNxZnZWNfDxhEnMk,6,62,0,A Cleanser For Every Skin,herocosmetics.us,https://www.herocosmetics.us/collections/cleanser?utm_source=pinterest&utm_medium=pinterest-paid-awareness&utm_campaign=%7Bcampaign.id%7D&utm_term=%7Badgroupid%7D&utm_content=%7Badid%7D,https://i.pinimg.com/originals/e0/a5/6b/e0a56b0e777a9545d22fbd2f466df35e.jpg,1000,1500,0,2026-07-15
2026-09-01,skincare pele oleosa,AV6tbFsMOAWvlbfTFcQ4G75My70fLJKbQOr5degJCLRaQicJppfc0AGI05MQKNFSGqtM5yp9enSVeRRMfpT_lsU,7,0,0,La Roche-Posay Pure,walmart.com,https://www.walmart.com/ip/La-Roche-Posay-Retinol-B3-Anti-Aging-and-Anti-Wrinkle-Serum-30-ml/128067066?wmlspartner=wlpa&selectedSellerId=0,https://i.pinimg.com/originals/84/2c/9c/842c9cc978d8ba597de1787c8e0d9a3a.jpg,800,1200,0,2026-08-27
2026-09-01,skincare pele oleosa,789818853448380906,8,29,0,beleza geraçao z,s.shopee.com.br,https://s.shopee.com.br/9KfJUMf35j?channel_type=pinterest,https://i.pinimg.com/originals/42/f4/a9/42f4a96933f827c5c5ad31791fe3279b.jpg,736,1104,0,2026-05-31
2026-09-01,skincare pele oleosa,1150458667331252112,9,48,0,Rotina de skincare para pele oleosa ✨,,,https://i.pinimg.com/originals/05/1f/24/051f24b22acc7ff26353d3819ade9e89.jpg,736,1104,0,2026-03-15
2026-09-01,skincare pele oleosa,1126674031818995297,10,1,0,Dicas de skincare para pele oleosa ~De uma estudante de farmácia🩷,,,https://i.pinimg.com/originals/14/30/4b/14304b6a22c450d0c6261d6f73103e0a.jpg,768,1365,0,2026-08-16
2026-09-01,skincare pele oleosa,AZeSX2S_327soFvqr5OzXAKmqwdePFMjYDKXXoMvqocXz2jadRHUHLNzmOe3t1yMfhPLVkb5ko7OQI1u_evwITE,11,0,0,La Roche-Posay Vitamin,walmart.com,https://www.walmart.com/ip/La-Roche-Posay-Pure-Vitamin-C-Anti-Aging-Face-Serum-1-0-FL-OZ/923517973?wmlspartner=wlpa&selectedSellerId=100001374,https://i.pinimg.com/originals/18/b3/eb/18b3eb3c0ff724a18e89f0ff0f28023e.png,2000,2000,0,2026-08-27
2026-09-01,skincare pele oleosa,Acr6St896VVVN-ccu4000bNg5ez0hvfEdgAcH3ToscxDAEtRsSZNHyGeY2WmKWHxgu7P2au4EvJjAjWt-jI8CgY,12,2,0,Face Serums Worth The,phia.com,https://phia.com/editorials/face-serums-worth-the-shelf-space,https://i.pinimg.com/originals/22/db/c0/22dbc001d4881dfeff80b7f68eba29d4.jpg,1000,1500,0,2026-08-24
2026-09-01,skincare pele oleosa,AXXw97pHLLRLoPyVPlXpMsXKvJnUsOvHEUy7WaVScS9DFRzAA7ddjJiRNlxKTU_KXZRYOBUdXDMIMRm1EVyXJKg,13,0,0,Cerave Skin Care Acne,walmart.com,https://www.walmart.com/ip/CeraVe-Acne-Face-Wash-Acne-Cleanser-with-Salicylic-Acid-and-Purifying-Clay-for-Oily-Skin-16-fl-oz/2909536912?wmlspartner=wlpa&selectedSellerId=0,https://i.pinimg.com/originals/cf/8a/a0/cf8aa09d913b88a9d90a82b53ada4fe4.jpg,300,450,0,2026-08-24
2026-09-01,skincare pele oleosa,614671049193714914,14,1,0,Rotina de Skincare Noturna para Pele Oleosa | Cremy - Shopee,,,https://i.pinimg.com/originals/52/d5/20/52d5200fdf6edcf05b3ae7bc21c08166.png,1024,1536,0,2026-08-13
2026-09-01,skincare pele oleosa,AUMAG5ZPInqL078792ZC7AU0nTgfjOVnlcgP0U6-6pGz1ulYU1BIpI6xnU7rBkj75nppBy6XLzLn86njKYbKL9c,15,27,0,Amazon Restock List,amzlink.to,https://amzlink.to/az0WQbIms9hBx,https://i.pinimg.com/originals/04/61/e2/0461e2c2eccee134ffcc088502b5b721.png,1080,1620,0,2026-07-17
2026-09-01,skincare pele oleosa,900649625474281450,17,1920,0,Skincare para a pele oleosa e acneica!,,,https://i.pinimg.com/originals/5d/8b/ed/5d8bedb18a3f0310aa80185e164473c6.jpg,720,1280,0,2024-08-16
2026-09-01,skincare pele oleosa,AfbLuogI_R0DrHReSxNVn2d2c9SX2FaoYvbH7w6oAMpzJOoYve7G5a61z5FmrNjeG29iaxa7et-Sqp274kIJ3eY,18,0,0,Cerave Skin Care Acne,walmart.com,https://www.walmart.com/ip/CeraVe-Acne-Face-Wash-Acne-Cleanser-with-Salicylic-Acid-and-Purifying-Clay-for-Oily-Skin-8-fl-oz/206652170?wmlspartner=wlpa&selectedSellerId=0,https://i.pinimg.com/originals/91/9b/37/919b37cb80e7f3657a122c54608697c4.jpg,2000,2000,0,2026-08-28
2026-09-01,skincare pele oleosa,1094163672014434656,19,38,0,Skincare para Pele Oleosa: 3 Passos Básicos que Funcionam de Verdade,creamy.com.br,https://www.creamy.com.br/kit-essencial/p,https://i.pinimg.com/originals/d6/54/1d/d6541d9c82e8accc85f2b3cb933026ab.png,1000,1500,0,2025-07-17
2026-09-01,skincare pele oleosa,Ac76-1qyjkqwUPgrC8yXuMPvazIv_w3i-b5HkqcByiXf2BRvVAaSykxOAjiYv5WuFaSBmUyUNq5X9_j513JElqQ,20,22,0,Vitamin C + E + Ferulic,target.com,https://www.target.com/p/e-l-f-skin-bright-icon-vitamin-c-e-ferulic-face-serum-1-fl-oz/-/A-94427933?TCID=PDS-%7Bcampaignid%7D-%7Badgroupid%7D,https://i.pinimg.com/originals/da/dc/ae/dadcaedec1e1d78b3abab666729b8e18.jpg,1000,1800,1,2025-12-05
2026-09-01,skincare pele oleosa,1074390054877191026,21,2,0,Pele Oleosa | Skincare Routine | Rotina Skincare Simples,,,https://i.pinimg.com/originals/4a/86/5e/4a865ed05f7e2313c8dd9e1c1648904b.png,1000,1500,0,2026-07-28
2026-09-01,skincare pele oleosa,911556780893026376,22,19,0,Nunca mais sofra com a pele oleosa!,,,https://i.pinimg.com/originals/ec/fa/23/ecfa23d6311ed264bf5cdc023da25907.png,1080,1920,0,2026-07-04
2026-09-01,skincare pele oleosa,AU3nnCPjuPp1j11Ds1fa4qBay1PSA_bJQ82UY654FAr_qaOumIXandqaM4KaiVn5OEJXrcov8CCJG_fAsNOFUAY,23,0,0,Cetaphil Gentle Clear,walmart.com,https://www.walmart.com/ip/Cetaphil-Gentle-Clear-Acne-Face-Wash-with-2-Salicylic-Acid-Cream-Facial-Cleanser-8oz/5483446626?wmlspartner=wlpa&selectedSellerId=0,https://i.pinimg.com/originals/04/25/73/04257363163455e65a5b0d350f932024.jpg,2000,2000,0,2026-08-27
2026-09-01,skincare pele oleosa,614671049193713225,24,1,0,Rotina de Skincare para Pele Oleosa | Cremy - Shopee,,,https://i.pinimg.com/originals/34/ff/fc/34fffcd9710b8ab8258788a3a727305c.png,1024,1536,0,2026-08-13
2026-09-01,skincare pele oleosa,AVBc5QBydWtATER0cZVXhktU9PvgR6OE-duuchI3LGvkK5lV_lMiaEv3i_Bw4E0XGwJj-pwiXq0LoWvrhjVJDRE,25,0,0,La Roche-Posay Hyalu B5,walmart.com,https://www.walmart.com/ip/La-Roche-Posay-Hyalu-B5-Serum-1-0-FL-OZ/712177191?wmlspartner=wlpa&selectedSellerId=0,https://i.pinimg.com/originals/75/77/1a/75771a835b7554b19b9d2be57b5d44bf.png,1500,1500,0,2026-08-28
2026-09-01,skincare pele oleosa,911556780893097290,26,30,0,Nunca mais sofra com a pele oleosa!,,,https://i.pinimg.com/originals/25/f4/a6/25f4a64eca8ba7970a1fb0995f740907.png,1080,1920,0,2026-07-06
2026-09-01,skincare pele oleosa,AQLCbx3PDGz3Eo1u0hIdslSb7oICiaz_6gVXFDYdS71dS_dAvm3ZmigJ2xBwIhmeMDHJr4cIiKgRHwP7v_jZpHg,27,3,0,Beauty of Joseon Glow,kohls.com,https://www.kohls.com/product/prd-8001756/beauty-of-joseon-glow-serum-for-oil-control-with-propolis-niacinamide.jsp?skuid=82713061&ci_mcc=ci&utm_campaign=EC%20TEAM%20APPAREL&utm_medium=CSE&utm_source=pinterest&utm_product=93668431&CID=shopping29,https://i.pinimg.com/originals/80/e1/29/80e1294e05145fff09cb73c4d20fe689.jpg,800,800,0,2026-07-11
2026-09-01,skincare pele oleosa,760334349635452796,28,1232,0,Luxury Skincare Textures | Minimal Beauty Flat Lay,,,https://i.pinimg.com/originals/0c/46/c2/0c46c26eb905044ada706d59ffab7d6f.png,1024,1536,0,2026-06-24
2026-09-01,skincare pele oleosa,ATmCmZ5AEUMsycDMcdsPfgPkzwDn7AkUxa_ljF3Kt2wTcwgYyxg79jBVQEH5iSOP1zdGa6b2n8iWjP3I3w8LJbU,29,0,0,Ultimate Skincare Routine,us.shein.com,https://us.shein.com/ark/default?scene=1&test=5051&ad_type=DPA&goods_id=64152112&pf=PINTEREST&url_from=PINADSDPA&ismg=7bdb9a98aa17d42413c913d010faf13ac9d9099ec69977fa5f5019556936ebff_01_1788193857,https://i.pinimg.com/originals/93/56/e7/9356e7076ff478339ba3265b3060b33c.jpg,1536,2048,0,2026-08-27
2026-09-01,skincare pele oleosa,AfnxHpQO_V5NzSeZioapGlmMdHpEmMd9q27duCocq4Wan4Ku3_WaWGwwKGjIILO7tsX2ISRLrntWRsEvRUB8GBs,30,0,0,Cetaphil Daily Facial,walmart.com,https://www.walmart.com/ip/Cetaphil-Daily-Facial-Cleanser-Lotion-for-Combination-to-Oily-Sensitive-Skin-16-oz/977248033?wmlspartner=wlpa&selectedSellerId=0,https://i.pinimg.com/originals/e1/39/c8/e139c8c6cb7a47111a32bfb12b8cca96.jpg,2000,2000,0,2026-08-26
2026-09-01,skincare pele oleosa,AfJJKW8xxd4mQzH5qCcq6uQEZeQ1y4J4t03r_f9v_dPoSGtcQtGaiEiPd9pmNaoxTNA25Q24p2V9eMBqqPO_KEE,31,0,0,EQQUALBERRY NAD+ Peptide,amazon.com,https://www.amazon.com/EQQUALBERRY-Peptide-Boosting-Smoothie-Serum/dp/B0FGQ3J31K/ref=asc_df_B0FGQ3J31K?hvdev=%7Bdevice%7D&hvcampaign=%7Bcampaignid%7D&hvadgroupid=%7Badgroupid%7D&hvprdptid=%7Bproduct_partition_id%7D&hvprdgrpid=%7Bpromoted_product_group_id%7D&hvcr=%7Bcreative_id%7D&hvadid=%7Badid%7D&hvprdid=%7Bproduct_id%7D&hvplc=%7Bplacement%7D&psc=1&tag=%7Bifnotmobile:ushpadpinde-20%7D%7Bifmobile:,https://i.pinimg.com/originals/18/7d/4e/187d4e5efd13090ca2132b9207743e2a.jpg,800,1200,0,2026-06-19
2026-09-01,skincare pele oleosa,61009769947195779,32,20,0,Rotina de Skincare Simples para Peles Sensíveis,carenb.com,https://carenb.com/collections/skincare?utm_source=pinterest&utm_medium=social&utm_campaign=&utm_content=rotina-pele-sensivel,https://i.pinimg.com/originals/8a/60/58/8a6058b94afad35fe4116c386bcc449e.jpg,800,1200,0,2025-09-12
2026-09-01,skincare pele oleosa,9429480465060104,33,149,0,Checklist: Produtos Essenciais para Cuidar da Pele Oleosa,,,https://i.pinimg.com/originals/b8/e6/83/b8e683eb6c01761e0b0e054b180ced40.jpg,675,1200,0,2024-06-18
2026-09-01,skincare pele oleosa,251920172899893024,34,652,0,Cuidados com a pele oleosa,,,https://i.pinimg.com/originals/9a/dd/04/9add04ccd24568f2536af0e141191a79.jpg,564,846,0,2023-05-16
2026-09-01,skincare pele oleosa,ASJ9fhDP7fsd9N91_AyOuQCNBbgjWZX1f6PoBQz-VjExPE-BQ-T_-y2NidjLvxKmGse7H6UqAlcl-dh2IXLG924,35,6,0,Dewy Skin Ritual,tataharperskincare.com,https://tataharperskincare.com/,https://i.pinimg.com/originals/d6/4e/df/d64edf3205b807fbef85488b8d2ed920.jpg,720,1280,1,2026-08-19
2026-09-01,skincare pele oleosa,911556780892494651,36,11,0,Dicas valiosas para pele oleosa!,,,https://i.pinimg.com/originals/ba/68/7a/ba687aab17538e6e3027eb3e5d710f2a.png,1080,1920,0,2026-06-18
2026-09-01,skincare pele oleosa,911556780891631953,37,14,0,De um fim a pele oleosa com o Ácido Salicílico!,,,https://i.pinimg.com/originals/49/a2/18/49a21841326efc28d9f1e3b4488a7b35.png,1080,1920,0,2026-05-23
2026-09-01,skincare pele oleosa,911556780892960569,38,20,0,Nunca mais sofra com a pele oleosa!,,,https://i.pinimg.com/originals/4a/8e/cb/4a8ecb123d30691e8841b90774d660b4.png,1080,1920,0,2026-07-02
2026-09-01,skincare pele oleosa,258323728622297806,39,2,0,5 Cuidados Essenciais Pele Oleosa,beacons.ai,https://beacons.ai/glowessencia,https://i.pinimg.com/originals/43/16/57/43165781552902e40972464c99bd338b.png,1000,1500,0,2026-03-15
2026-09-01,skincare pele oleosa,924434261012049878,40,59,0,Rotina de cuidados com a pele oleosa,,,https://i.pinimg.com/originals/8c/c1/71/8cc17163fd290034ec648eae1363b990.jpg,1080,1920,0,2024-11-06
2026-09-01,skincare pele oleosa,AcOPNaFEwe2ys4fuqrK10jADH4_i-0MwskEimGEytJPFyrBMqb1tS_uyWgDXxqSdq3xemYys3m6KpRPjKVxaPrQ,41,11,0,Gentle Exfoliating Scrub,fablerune.com,https://fablerune.com/products/face-scrub-rosehip-mud,https://i.pinimg.com/originals/a8/74/44/a87444993f0ebe05837cfbfc950c6419.png,1000,1500,0,2026-07-10
2026-09-01,skincare pele oleosa,AasKcIC6H8iyIw_ymRkI5JJJyG1P1uxlH08XF2k-YrVxFVjcQNxa04OdhmByo7SlLbWr8quoWnlCcnvC7LRLMUM,42,2,0,COSRX 6X Peptide Collagen,amazon.com,https://www.amazon.com/COSRX-Collagen-Boosting-Niacinamide-Hyaluronic/dp/B0CCJ3SRB9/ref=asc_df_B0CCJ3SRB9?hvdev=%7Bdevice%7D&hvcampaign=%7Bcampaignid%7D&hvadgroupid=%7Badgroupid%7D&hvprdptid=%7Bproduct_partition_id%7D&hvprdgrpid=%7Bpromoted_product_group_id%7D&hvcr=%7Bcreative_id%7D&hvadid=%7Badid%7D&hvprdid=%7Bproduct_id%7D&hvplc=%7Bplacement%7D&psc=1&tag=%7Bifnotmobile:ushpadpinde-20%7D%7Bifmobi,https://i.pinimg.com/originals/df/0d/de/df0dde66f9f1197e1468afcc2a485491.jpg,1248,1824,0,2026-04-19
2026-09-01,skincare pele oleosa,68257750597770627,43,25,0,Dicas Valiosas para Pele Oleosa!,,,https://i.pinimg.com/originals/a4/b9/43/a4b943d65efa258bd58e37f2428026cd.jpg,800,1200,0,2025-04-22
2026-09-01,skincare pele oleosa,911556780894538327,44,4,0,Ativo skincare que poucas divulgam! Acido azelaico!,,,https://i.pinimg.com/originals/18/05/32/1805325baf85513941fd03a75d87774e.png,1080,1920,0,2026-08-17
2026-09-01,skincare pele oleosa,ARdCJMVChzH5bKD_1uKQe_yQOW59TlRMzQm7K86Bc8WDwbNVG_WaJAUjBckJDOsl0cx5TqxyPpkohT3dDY6_eV4,45,4,0,Hydration Superstars Kit,drmtlgy.com,https://www.drmtlgy.com/products/hydration-superstars-kit?variant=32361136193591,https://i.pinimg.com/originals/77/24/37/7724375f0f919180eb1d48d527f6ff79.jpg,1200,1200,0,2026-04-23
2026-09-01,skincare pele oleosa,758223287306308641,46,19,0,𐙚 clean skin,,,https://i.pinimg.com/originals/11/55/b0/1155b02a38c68a4e9120644465b87088.jpg,576,1024,0,2025-12-18
2026-09-01,skincare pele oleosa,258323728622720881,47,5,0,Pele Oleosa | Pele Desidratada | Hidratação Facial,,,https://i.pinimg.com/originals/2e/36/bc/2e36bc8cf301174b46c41767655dd07c.png,1000,1500,0,2026-08-16
2026-09-01,skincare pele oleosa,598064025534597518,48,1448,0,Botik Para Pele Oleosa,boticario.com.br,https://www.boticario.com.br/botik/?utm_source=Pinterest&utm_medium=Paid&utm_campaign=OBoticario_W3haus_AlwaysOn_Botik-Acelera_Awareness_Pinterest_Alcance_CPM_-_BTC001&utm_content=OBoticario_W3haus_AlwaysOn_Botik-Acelera_Awareness_Pinterest_Alcance_CPM_-_BTC001_Desk-Mob-Tab_AUD_-_Interesses_25+_BR_Fem_-_BTG001&utm_term=OBoticario_W3haus_AlwaysOn_Botik-Acelera_Awareness_Pinterest_Alcance_CPM_-_BTC0,https://i.pinimg.com/originals/b4/50/52/b4505218f25c91bd4a0de0acd37919ab.jpg,736,1104,0,2022-12-02
2026-09-01,skincare pele oleosa,894668282244044127,49,6,0,Rotina de skincare para iniciantes: 5 passos para uma pele bonita.,,,https://i.pinimg.com/originals/08/00/0d/08000da3b71be491feefc1d00be968c0.jpg,344,544,0,2026-07-11
2026-09-01,skincare pele oleosa,AVzyt-bYgcCSNDkxHj3V-R7C_9chRx6y7VrRtMiVfRUbhmnA0IFbShyXl0fRVoZxdPCu9cO8cTw8y07RcoV6EnE,51,1,0,The Latest Beauty Drops,dermstore.com,https://www.dermstore.com/c/new-arrivals/,https://i.pinimg.com/originals/e1/85/ec/e185ec384d0d7c889ce1e885d63372b8.jpg,1080,1920,0,2026-08-10
2026-09-01,skincare pele oleosa,AZaXLKxGHpxqGPv0kPim6Cf6l3zzUWyYtnoZzDi1DnZxLHHGTVqQvKCds3G7AT2-zMDjEvM_hP__3spXeIxc9iY,52,57,0,A Cleanser For Every Skin,herocosmetics.us,https://www.herocosmetics.us/collections/cleanser?utm_source=pinterest&utm_medium=pinterest-paid-awareness&utm_campaign=%7Bcampaign.id%7D&utm_term=%7Badgroupid%7D&utm_content=%7Badid%7D,https://i.pinimg.com/originals/6a/ef/b2/6aefb265ffbce8dd834bd540d0db51e9.jpg,1000,1500,0,2026-07-15
2026-09-01,skincare pele oleosa,AQkb1nuTIj9L-aO7jBWtuXFi3YCu_t6_Mz21MrdEQ162OXsxGvwc0nsIU46Z3lZX1lNRRPycq-sngETufYTjejc,53,0,0,Toner Pads - Korean,amazon.com,https://www.amazon.com/Toning-Polish-Pads-Hydrating-Niacinamide/dp/B0DC156Y5X?crid=3QK2LAGJKRVII&dib=eyJ2IjoiMSJ9.H8xsYMkK8LaTpDLa4MR4R89Acr89WnLURn5jdT-CsGgM4uLERjLzpWEsV1Hje7IaLDRIFJoJfYjB3c3Vaz6JPlAAz8lZ0p-UCkXyGTK6_THVbai6jDZpOt3DrS68Fj7UqYnGv959fqswL6-OHNd2lM6eXl6eNtIXJt4EsFlGZNzUe1VdkMJwfr7Mn5y-0u0bgv3HUqBpsj7Btk27v66CoaMFBF20pONCj0q8PB4IFNF8DSobEw02e41jTeLayScPAXjXYbJwUToA7qNan8BU-k2K_xMi7J,https://i.pinimg.com/originals/85/62/f3/8562f3e931775b840bbeca7c7f47ab2f.jpg,1080,1920,1,2026-08-13
2026-09-01,skincare pele oleosa,863354191109373602,54,3,0,Benefícios da Niacinamida para Pele Oleosa ✨,mercadolivre.com,https://mercadolivre.com/sec/1dTAd7u,https://i.pinimg.com/originals/2a/8f/c2/2a8fc2b944217b6877d1cf8695e23ba2.jpg,1200,1800,0,2026-03-24
2026-09-01,skincare pele oleosa,AYVlCbPT7SEkUeFkWqiPXGbQkoMfiaEeWiaby7IOfVl8eyc-0I6nQI2l5pijhBNO5x1gsn74_JnWR11QrnFkoU8,55,15284,0,Personalized skin care,y-ourskin.com,https://y-ourskin.com/personalized-skincare/?skin_issue=acne&skin_issue_type=hormonal&utm_source=pinterest&utm_medium=organic&utm_campaign=organic&utm_content=snapchat_hormonal_acne,https://i.pinimg.com/originals/f3/26/ff/f326ff84abdf80555ef66a11bebe6776.jpg,1122,2208,0,2019-12-31
2026-09-01,skincare pele oleosa,673921531787919444,56,4,0,"Pele oleosa também precisa de hidratação. 💧 O segredo está no equilíbrio: limpar, hidratar, tratar e proteger com os produtos certos para as necessidades da sua pele. Salve para consultar sempre que p",instagram.com,https://www.instagram.com/p/DagXM0aACbL/,https://i.pinimg.com/originals/d6/be/2e/d6be2e98a73a9af5ebce2936f1dc05b9.jpg,1080,1350,0,2026-07-28
2026-09-01,skincare pele oleosa,AbNup5thwyA2gyR3UMrM6_8JLq2nSnLdvFVvxwlLm7RqqFBvuU8DMqXVcKeya4cZIdGO7abR4wjSavIrG33nllE,57,478,0,Amazon Wellness Favs,urlgeni.us,https://urlgeni.us/amzn/icmcDN,https://i.pinimg.com/originals/d4/b1/fa/d4b1faa0f99fa793ba026d6a854a6a6a.png,1000,1500,0,2026-02-06
2026-09-01,skincare pele oleosa,AagfqJX8o7ZRNMXOfPi5euAHJh6pPpOzVChXfXbxVLzXwveMUCs-1xgS6kqmiFXekzoHzc-zT-xQNd5bVIYQHow,58,30,0,Hydrafacial Results for,myaestheticspro.com,https://www.myaestheticspro.com/BN/index.cfm?2D2CE78058B5283CD29002B7B3366288FBC66F7FCA968DDF12B85466368C5E81,https://i.pinimg.com/originals/65/e7/10/65e71076a536393a471e6eaff60b5da4.jpg,1080,1620,0,2026-02-17
2026-09-01,skincare pele oleosa,911556780892729031,59,31,0,Importante! Skincare para acne facial!,,,https://i.pinimg.com/originals/80/e5/a1/80e5a1b4c2bf5d12e146f48226bd287b.png,1080,1920,0,2026-06-25
2026-09-01,skincare pele oleosa,AYt9FsMLQkRORNla0p44ZYgIgNuP_T8FEyCUA6ImOpEUer6LS6kPto3DJukcU0HNTQswtbP-0WuRgyhk7G4VpuM,60,62,0,Skin Detox Starts With,fablerune.com,https://fablerune.com/products/face-tools-guasha?_pos=1&_sid=2b8b59840&_ss=r,https://i.pinimg.com/originals/e2/96/97/e296973c876cdb2436a258d102ded6cf.jpg,736,1104,0,2026-04-29
2026-09-01,skincare pele oleosa,973833119405545914,61,7,0,Rotina de cuidados com a pele Oleosa,,,https://i.pinimg.com/originals/21/d1/8f/21d18fc6518c8e2f80a68cb61a1e9092.jpg,736,1308,0,2023-02-17
2026-09-01,skincare pele oleosa,160792649199528708,62,3032,0,Rotina de Skincare,,,https://i.pinimg.com/originals/44/2b/3f/442b3f9f7670a99514cb67bdeb9cb5b0.jpg,1200,1600,0,2024-05-14
2026-09-01,skincare pele oleosa,625437467041548563,63,177,0,✨ O tratamento que sua pele merece está aqui! ✨,,,https://i.pinimg.com/originals/44/68/e3/4468e3b505f0d8aefed2ccdb42b7c7b2.jpg,576,1024,0,2025-09-16
2026-09-01,skincare pele oleosa,681239881178134375,64,235,0,Qual seu tipo de pele ? #oleosa #mista #seca,instagram.com,https://www.instagram.com/p/DVZ3qMTAAlq/,https://i.pinimg.com/originals/42/83/0a/42830a6c746353eb91992980a0c48b49.jpg,1350,1688,0,2026-05-28
2026-09-01,skincare pele oleosa,2603712281991372,65,8625,0,skincare 🫧,,,https://i.pinimg.com/originals/20/0b/d2/200bd2d637ea4d643fd8e6ebcde2c39c.jpg,1080,1920,0,2025-08-28
2026-09-01,skincare pele oleosa,1060034831020321173,66,81,0,Dicas de skincare para pele oleosa,,,https://i.pinimg.com/originals/10/64/cc/1064cc1aa4c438070c9aa5e809d442be.jpg,1000,1500,0,2022-11-24
2026-09-01,skincare pele oleosa,698620960989944256,68,2,0,Skincare para pele oleosa | Como controlar a oleosidade,,,https://i.pinimg.com/originals/c0/3f/e4/c03fe4c66c364b7ffef8d3f94aeb3135.png,1080,1350,0,2026-02-22
2026-09-01,skincare pele oleosa,AcaaIggEgFgLapK-0S3QvU_7VYsr_vNOlQmJNEm5J1o1qcoR-G72t_u3J2rBs0kFAEJV_Z8rGKjuhP-VEyMNk3k,69,0,0,Jet Lag Collection,summerfridays.com,https://summerfridays.com/collections/jet-lag-collection?utm_source=pinterest&utm_medium=paidsocial&utm_campaign=%7Bcampaign_name%7D&utm_campaignid=%7Bcampaignid%7D&utm_adgroup=%7Badgroupname%7D&utm_adid=%7Badid%7D&utm_keyword=%7Bkeyword%7D&tw_source=pinterest&tw_adid=%7Badid%7D,https://i.pinimg.com/originals/80/6c/d9/806cd985486b8a3929962a41eaed231c.jpg,1080,1920,1,2026-07-21
2026-09-01,skincare pele oleosa,127367495707958117,70,67,0,Cuidados que precisa ter com a sua pele oleosa,,,https://i.pinimg.com/originals/8c/83/11/8c83117825228924f0d3c85cb53162e5.jpg,800,1200,0,2026-02-22
2026-09-01,skincare pele oleosa,440789882307879480,71,4,0,"Monte sua rotina para pele oleosa com a linha antioleosidade: limpeza, hidratação, tratamento e proteção sob medida para o seu tipo de pele",sallve.com.br,https://www.sallve.com.br/,https://i.pinimg.com/originals/6f/cb/bc/6fcbbc0f7a5bf5972afe9fcbab964167.jpg,474,842,0,2025-12-20
2026-09-01,skincare pele oleosa,295689531808979847,72,8,0,💙 Pele hidratada sem aquela sensação pesada? Esse virou um achadinho de skincare!,meli.la,https://meli.la/2jrp3Y2,https://i.pinimg.com/originals/d9/1e/b3/d91eb3e5bf2b3d3f0262b3ffdeac16c4.jpg,1080,1920,0,2026-08-13
2026-09-01,skincare pele oleosa,507499451777853714,73,19,0,Skincare pele oleosa | Rotina de skincare | Cuidados com a pele oleosa e acneica,,,https://i.pinimg.com/originals/49/88/f7/4988f76ab1f9b71332ccf6ad3f14a0c3.jpg,1080,1920,0,2022-07-10
2026-09-01,skincare pele oleosa,875105771358933644,74,1,0,Oily skin care routine,bio.site,http://bio.site/Skinritualoficial,https://i.pinimg.com/originals/fd/ca/c8/fdcac85d973f9f1874e481e926d61855.png,1000,1500,0,2026-02-24
2026-09-01,skincare pele oleosa,1145321749017377116,75,1,0,Melhores Hidratantes para Pele Oleosa: Recomendação de Dermatologista,dermaguia.com.br,https://dermaguia.com.br/melhor-hidratante-para-pele-oleosa/,https://i.pinimg.com/originals/d3/45/6b/d3456b22f673f841b9a6dfd62d091176.jpg,1080,1920,0,2026-08-17
2026-09-01,skincare pele oleosa,919297342749260885,76,6,0,Skincare para Pele Oleosa: Como Controlar o Brilho sem Ressecar ✅,,,https://i.pinimg.com/originals/a9/0b/ce/a90bce25318a2a95e56f029f2974ebee.jpg,1200,1800,0,2026-03-19
2026-09-01,economia domestica,AWB-E_1Ph3kB9XZuKdnOWRz_ENJmltEDIy9dKe4nxFeC-SkTV7BuparscULa9MHTQQpijPdcUc8G90EdS2C5Rh0,1,412,0,Bundle auto and home,libertymutual.com,https://www.libertymutual.com/multi-online-quotes?selectedOpt=auto_home&cid=soc&cmpgncde=2405&keyCode=SMFCTC00&src=cm-dsoc-aut-pin,https://i.pinimg.com/originals/b4/86/02/b486029a82aefb00281e84e7a9889131.jpg,1000,1500,0,2024-02-14
2026-09-01,economia domestica,945967096699934951,2,145,0,Economia doméstica O que é a economia doméstica? A economia doméstica é uma ferramenta de controle e administração das reservas financeiras do lar e da família. É também o modo mais eficaz de gerencia,,,https://i.pinimg.com/originals/9f/0b/f6/9f0bf65a439c9e19c23428b939fab107.jpg,746,644,0,2021-04-04
2026-09-01,economia domestica,79235274681685374,3,7,0,Áreas de la Economía Doméstica o familiar | ▶ Economía Simple,economiasimple.net,https://www.economiasimple.net/economia-domestica,https://i.pinimg.com/originals/8d/65/16/8d651672c7bbafbd8aeda11ba303943a.jpg,500,340,0,2019-05-21
2026-09-01,economia domestica,AeF9ApWaku-W5YgsChmNE1YHEI_5Y_ZdHcfG5sPFVHb8VK4v8kEyGa9GbIu65Yc7n9pLOUMDo1SL7eC9gofcyjU,4,169,0,Explore 23 creative,shopify.com,https://www.shopify.com/blog/make-money-online,https://i.pinimg.com/originals/ef/c5/1c/efc51c50f927fd275d5428f4f2c8e8b1.jpg,736,1104,0,2024-12-14
2026-09-01,economia domestica,903956956441279814,5,20,0,Economia doméstica: 53 dicas para colocar em prática no seu lar,inspirandoideias.com.br,https://inspirandoideias.com.br/organizacao/economia-domestica-53-dicas-para-colocar-em-pratica-no-seu-lar/,https://i.pinimg.com/originals/c3/c8/6d/c3c86de5e2dc387dfb301a8bc8fa9957.png,375,562,0,2023-10-10
2026-09-01,economia domestica,13370130133065430,6,8822,0,Economia doméstica: 43 dicas para economizar dentro de casa,tuacasa.com.br,https://www.tuacasa.com.br/economia-domestica/,https://i.pinimg.com/originals/f4/8d/31/f48d31afa80af7e6d39fffb764d0932a.png,735,1102,0,2020-07-26
2026-09-01,economia domestica,1407443630713332,7,291,0,,,,https://i.pinimg.com/originals/25/69/66/25696657bd9b9d7ada8d22634b578678.jpg,1536,2752,0,2026-03-08
2026-09-01,economia domestica,303781937390836494,8,88,0,The Silent Squeeze: How the Global Cost-of-Living...,vocal.media,https://vocal.media/theSwamp/the-silent-squeeze-how-the-global-cost-of-living-crisis-is-reshaping-everyday-life-in-the-u-s-and-europe,https://i.pinimg.com/originals/65/05/8e/65058ef90936103c94eaaf5094f878d1.jpg,1024,1536,0,2026-07-21
2026-09-01,economia domestica,AZNGPABPDbGcwvTTXRnpNcYA6KQa4zkNT4GwT8Pre4YbNIUoudKFQhkbN3mPY65nVVfXuK42JJwOXRJL6CbFjYE,9,68,0,Private vacation home in,vrbo.com,https://www.vrbo.com/search?selected=33912259,https://i.pinimg.com/originals/45/6f/35/456f35f288519012dfc0ad9ac49d9f53.webp,1000,1500,0,2025-11-13
2026-09-01,economia domestica,40250990416061251,10,216,0,Best Budget Planner For Beginners (2026),,,https://i.pinimg.com/originals/6e/72/96/6e7296847233a308ebffa24628926e61.jpg,736,1104,0,2026-05-03
2026-09-01,economia domestica,Abb8ckI-vCYezN25bM7FC-vrB-mXhwfTEak3_NMHK9yL-hJa8STRKt-zmqldrQyynA8jucz6BdLsKIZvVp3DeMM,11,1,0,Start Your Online,sellvia.com,https://sellvia.com/get-your-store-free/?utm_source=pinterest&utm_medium=cpc&utm_campaign=c4&utm_content=cartoon3,https://i.pinimg.com/originals/70/aa/34/70aa344b94cf6ab1cb2273c212083ba8.jpg,1080,1920,1,2026-06-24
2026-09-01,economia domestica,AUr9PWX2j8Vjd1l2w00GX7tBmfI5C7SD9BA-_4WY-_4xaQ2xgDosxt0LLH7c85-mzgbKYJjpb3tws_JzDpJX84E,12,3,0,Ludlow Cozy Apartment,expedia.com,https://www.expedia.com/Hotel-Search?destination=Ludlow&selected=73405141&startDate=2026-09-03&endDate=2026-09-04,https://i.pinimg.com/originals/70/d4/f6/70d4f67d1118b7e5c344e0e8016cb806.jpg,1000,1500,0,2026-08-19
2026-09-01,economia domestica,AQrRYA_RfPdMH5sDQTNQBGYlgDwQJ76bzob6fACcyGgFo_EsKQBFwemSvLCwrevqXUvrKtkMIt0j7jLImoq7rKs,13,41,0,✟ Study Your Bible Daily,biblestudyorganizer.com,https://www.biblestudyorganizer.com/bsodzi/lp?uid=0&lid=0&sid=%7Bcampaignid%7D&sid2=%7Badgroupid%7D&sid3=%7Bcreative%7D&sid4=%7Bkeyword%7D&sid5=%7Bplacement%7D&sid6=&sid7=&sid8=&rid=%7Bgclid%7D&_agid=0&aid=0&r=1003,https://i.pinimg.com/originals/c8/ab/33/c8ab33832df59463e465d05e42c9ba02.png,1024,1536,0,2026-08-24
2026-09-01,economia domestica,65443000831623153,14,84,0,,,,https://i.pinimg.com/originals/32/33/bc/3233bc79477433f83b87b68e75f81d74.webp,800,800,0,2026-02-19
2026-09-01,economia domestica,Ac8rkTBIJbHcsLiT0j96CjC3rqh5rnIPIOuAYuy4qb7LbcxHULc5vS3bRQ9TZi9gimx9KDiiW7G_MpiKlGmE7dY,15,476,0,See How Much You Can Get,lendgo.com,https://www.lendgo.com/heloc/la/?tg_ref=pnt6926&camp_id=%7Bcampaign_name%7D&keyword=%7Bad_group_name%7D&sub2=%7Bcreative_id%7D,https://i.pinimg.com/originals/78/ed/d7/78edd7ffe6da7fac05e371deb63b40a8.jpg,736,1104,0,2026-06-09
2026-09-01,economia domestica,816558976196133092,16,11,0,4 Dicas de Economia Domestica,investireviver.com.br,https://investireviver.com.br/economia-domestica-4-passos-para-te-ajudar-no-orcamento/,https://i.pinimg.com/originals/d8/bb/7f/d8bb7f054967728fe079d05844144497.jpg,736,1104,0,2021-09-20
2026-09-01,economia domestica,AZWPkSHFuksdtEQau0RV4pLUvab3IJzFMmgXREOw0-QBV4jao-7_CDeeK1NhKT0uT7rRiPl0uEnmYVTbtVzBtkg,17,68,0,8 Ways to Make Money If,financebuzz.com,https://financebuzz.com/supplement-income-yaez?&utm_source=pinterest&utm_medium=paid-social&utm_campaign=%7Bcampaign_name%7D-%7Badgroupname%7D&adgroupid=%7Badgroupid%7D&utm_content=%7Badid%7D&utm_term=ad1,https://i.pinimg.com/originals/9e/8b/fa/9e8bfa9c711f01c40a1f42799a7c6635.png,1000,1500,0,2025-12-04
2026-09-01,economia domestica,965881451358999668,18,2,0,💡Economia e Consumo: Estratégias e Dicas para Superar a Incerteza🔒,moneystart.com.br,https://moneystart.com.br/economia-e-consumo-em-tempos-de-incerteza/,https://i.pinimg.com/originals/a4/c6/75/a4c6758ead356f16f0897766017d06af.jpg,576,1024,0,2026-08-13
2026-09-01,economia domestica,679339925084901844,19,14,0,"Eased food prices may indicate a shifting economic landscape, potentially enhancing housing...",,,https://i.pinimg.com/originals/f3/8a/81/f38a81c984d360a6a1ce57bd031cd9cb.png,1024,1024,0,2026-06-22
2026-09-01,economia domestica,AXD-tROhZ84BLFZQ9rJuWELb19KH_-uRVNRnJMdW7EXT0jkrWdckEWwahUvmc3Vf06Kox8dS39mnSzwcu1bDx_k,20,739,0,Richmond Vesuvius Gray,homedepot.com,https://www.homedepot.com/p/MILL-S-PRIDE-Richmond-Vesuvius-Gray-Plywood-Shaker-Ready-to-Assemble-Base-Kitchen-Cabinet-Laundry-Room-132-in-W-x-24-in-D-x-90-in-H-LDRY-2T132-RVG/322114843,https://i.pinimg.com/originals/bb/16/bc/bb16bc6b7d90a9ad4d289d1c057f57df.jpg,1000,1000,0,2023-06-29
2026-09-01,economia domestica,84653668203485766,21,165,0,Arte por IA by Aline,,,https://i.pinimg.com/originals/13/ac/0d/13ac0d11c5ea518d39b0c968d3f666b8.jpg,1024,1024,0,2025-11-23
2026-09-01,economia domestica,AaLrnntZGDLGLZVfDmP6O73lkQyPWTlSRPqPEVEmkZBg6GwydhKgEtYCkB2IiPMpNPfed0qpGxZGOw4FOJOmPpg,22,9,0,Your Next Career is,cfp.net,https://www.cfp.net/get-cfp-certified/new-career?utm_medium=cpc&utm_source=mgipinterest&utm_campaign=careerchangerleadgen0826,https://i.pinimg.com/originals/80/8b/fb/808bfb6183dce8e32e7fd3d46105f0db.png,4167,6250,0,2026-08-21
2026-09-01,economia domestica,AdcxsUEx5PkAha3tCMw2MhxSpXwSfb0-_S40IRE9BnfykcSBPt2qPNQQRwPziGXOuqUyGlwXTkkap4mz_vodKas,23,1,0,👵 Timeless Money Habits,blogging.org,https://blogging.org/grandparents-money-habits/,https://i.pinimg.com/originals/8f/b2/09/8fb2095dad45c4dec7d26ed383775cb5.png,1024,1536,0,2026-08-06
2026-09-01,economia domestica,86553624084834601,24,207,0,,,,https://i.pinimg.com/originals/d8/a5/20/d8a520247f35c98039fb8d419e904c23.png,1024,1536,0,2026-01-28
2026-09-01,economia domestica,AbD4UhsiSM4ih7gnCYOk_-R-KsPzWCJeUU_r2mQatau9Kam_mTPYqYCSAHYpSUPKxUh2GhNkPYeDJ4hdONAqFZo,25,154,0,Thoughtful Swaps for,amzlink.to,https://amzlink.to/az02AxeSfVha1,https://i.pinimg.com/originals/fb/49/2c/fb492cc53b8499e86a1e04c7483107f9.png,1000,1500,0,2026-06-19
2026-09-01,economia domestica,776167317060917120,26,96,0,Tratado de economia doméstica - Aristóteles,,,https://i.pinimg.com/originals/71/4d/99/714d991e3120150d3ea8f4b0341b581f.jpg,1168,1752,0,2024-02-16
2026-09-01,economia domestica,1127518456806850772,27,1,0,Economia Doméstica: Guia Completo pra Fazer o Dinheiro Render,vidaritmolivre.com,https://vidaritmolivre.com/economia-domestica/,https://i.pinimg.com/originals/bb/4a/8e/bb4a8e375a9373de7cb208fa9a10e285.png,1000,1500,0,2026-08-18
2026-09-01,economia domestica,188236459420769697,28,91,0,,,,https://i.pinimg.com/originals/ed/b6/e8/edb6e841e185e8ec00fb3b0b76e178c4.jpg,1200,1200,0,2026-01-13
2026-09-01,economia domestica,89860955060261887,29,115,0,"𝐃𝐞𝐚𝐫 𝐛𝐫𝐞𝐚𝐝𝐰𝐢𝐧𝐧𝐞𝐫𝐬/𝐩𝐚𝐫𝐞𝐧𝐭𝐬, 𝘋𝘰𝘯’𝘵 𝘭𝘦𝘵 𝘺𝘰𝘶𝘳 𝘩𝘶𝘴𝘵𝘭𝘦 𝘢𝘯𝘥 𝘴𝘢𝘷𝘪𝘯𝘨𝘴 𝘨𝘰 𝘵𝘰 𝘸𝘢𝘴𝘵𝘦. 𝘐𝘮𝘢𝘨𝘪𝘯𝘦, 𝘺𝘰𝘶 𝘢𝘳𝘦 𝘸𝘰𝘳𝘬𝘪𝘯𝘨 𝘴𝘰 𝘩𝘢𝘳𝘥 𝘵𝘰 𝘣𝘶𝘪𝘭𝘥 𝘵𝘩𝘦 𝘧𝘶𝘵𝘶𝘳𝘦 𝘺𝘰𝘶 𝘸𝘢𝘯𝘵 𝘧𝘰𝘳 𝘺𝘰𝘶𝘳 𝘧𝘢𝘮𝘪𝘭𝘺… -𝘢 𝘣𝘪𝘨𝘨𝘦𝘳 𝘩𝘰𝘶𝘴𝘦 -𝘢 𝘯𝘪𝘤𝘦 𝘤𝘢𝘳 -𝘢 𝘲𝘶𝘢𝘭𝘪𝘵𝘺 𝘦𝘥𝘶𝘤𝘢𝘵𝘪𝘰",instagram.com,https://www.instagram.com/p/DLJaF6MPZeb/,https://i.pinimg.com/originals/ac/e4/60/ace460d9541f0ac9e88555de33ef9744.jpg,1024,1536,0,2026-07-10
2026-09-01,economia domestica,AWvnBffox5prKQoTLEzJ5NMNywmEGeIxGCBfScjGZmGHU_FzW6_2jHa3oQgkiZCizSZMP5_XVK0Bh0_cePD_89Y,30,1,0,Design a Real Room Online,designwithfriends.com,https://designwithfriends.com/,https://i.pinimg.com/originals/54/a4/e8/54a4e830285f07653881cbd76da761c6.jpg,1080,1920,1,2026-08-14
2026-09-01,economia domestica,899242250617034018,31,34,0,Rebuilding My Credit Era,soulfulwealthsis.com,https://soulfulwealthsis.com/rebuilding-credit-in-your-20s-financial-healing/,https://i.pinimg.com/originals/c7/15/d4/c715d4102f8cc9a8ce7c659ee197277d.png,1024,1536,0,2026-02-25
2026-09-01,economia domestica,889320257688076139,32,21,0,Planejamento financeiro para quem trabalha em casa 💰✨,,,https://i.pinimg.com/originals/14/30/ef/1430ef472bdd67f54847d473322d7c1d.png,1080,1920,0,2026-05-25
2026-09-01,economia domestica,140806235256627,33,86,0,10 Ultimate Budget Planner Tricks to Transform Your Money,xn--sprche-zitate-yob.de,https://xn--sprche-zitate-yob.de/budget-planner-tricks-8243/,https://i.pinimg.com/originals/aa/bf/3c/aabf3cf040694fb3cc312b05d8b218f9.jpg,1024,1536,0,2026-06-29
2026-09-01,economia domestica,Ae7T8czmKD0eTOiiESsYPJxDCVuLQatO_3K7bcAVSwNPlmsHen0qmcHjbRzQDksgaqhCbELvK17Gah3WMsQ0DK0,34,23,0,How to Build Passive,stan.store,https://stan.store/TheIntentionalCollective,https://i.pinimg.com/originals/5b/0e/7f/5b0e7fb34e81a76e96fe369ba11d5af5.png,1024,1536,0,2026-07-19
2026-09-01,economia domestica,1150106823623729133,35,1,0,5 hábitos para economizar em casa.,go.hotmart.com,https://go.hotmart.com/R107251112N,https://i.pinimg.com/originals/96/c2/ae/96c2aed01a66bbff7af79a73038aeb6b.jpg,848,1264,0,2026-08-21
2026-09-01,economia domestica,509329039112378276,36,3987,0,,,,https://i.pinimg.com/originals/81/0b/56/810b560de7521963e273bcaed99097ec.png,4267,3200,0,2019-12-12
2026-09-01,economia domestica,114630753015744432,37,142,0,How to Start Your First Realistic Budget,,,https://i.pinimg.com/originals/62/9d/a8/629da80ec38b1084651e5d4b21c7dfd2.png,1000,1500,0,2026-05-01
2026-09-01,economia domestica,4601834487235919744,38,0,0,Family Budgeting: Www.lifeasmama.com Explained,lifeasmama.com,https://lifeasmama.com/family-budgeting-www-lifeasmama-com-explained-2/,https://i.pinimg.com/originals/8f/05/99/8f059976da1aa9995a31303d2647c167.jpg,1024,768,0,2026-08-24
2026-09-01,economia domestica,792985446901902509,39,364,0,,,,https://i.pinimg.com/originals/37/2f/0a/372f0ab3ed779e1c443ae6f9807d8d58.png,598,395,0,2022-05-07
2026-09-01,economia domestica,10766486607025794,40,999,0,Reserva de emergência,pay.hotmart.com,http://pay.hotmart.com/V100130171M,https://i.pinimg.com/originals/be/95/94/be9594950e56ae404a07251caa167c98.jpg,1636,2046,0,2026-01-09
2026-09-01,economia domestica,188869778107778606,41,9,0,"Mãos que prestam, manual de Economia doméstica.",i.pinimg.com,https://i.pinimg.com/736x/64/6b/57/646b5713ac29c5c0a950091283a4df83.jpg,https://i.pinimg.com/originals/64/6b/57/646b5713ac29c5c0a950091283a4df83.jpg,641,768,0,2018-04-02
2026-09-01,economia domestica,385550418112947359,42,57,0,Dependencia del consumo de los hogares le pasará factura a la economía colombiana,bloomberglinea.com,https://www.bloomberglinea.com/latinoamerica/colombia/dependencia-del-consumo-de-los-hogares-le-pasara-factura-a-la-economia-colombiana/,https://i.pinimg.com/originals/3e/e1/1c/3ee11cb0770c0c8d7ac16264757ed418.jpg,1024,683,0,2023-05-23
2026-09-01,economia domestica,656258976994079909,43,13,0,Inside the Laundromat: How Criminal Organizations Clean Billions Amidst Legal Loopholes,compliance-edge.us,https://www.compliance-edge.us/inside-the-laundromat-how-criminal-organizations-clean-billions-amidst-legal-loopholes/,https://i.pinimg.com/originals/12/05/bb/1205bbf2faf9387f4a0639f724555046.png,1024,1024,0,2025-12-11
2026-09-01,economia domestica,1046946244631913454,44,57,0,Saving money for a new home is illustrated by a hand and coin Stock Vector,stock.adobe.com,https://stock.adobe.com/uk/stock-photo/id/1554101159,https://i.pinimg.com/originals/5c/f2/ab/5cf2ab2bf29c1d7633458df419eb35a3.jpg,1000,1000,0,2025-06-30
2026-09-01,economia domestica,1086423110136059820,45,2,0,portadas faciles estudio economia domestica,,,https://i.pinimg.com/originals/d0/c1/94/d0c19441af4df802e7e30d073566662f.png,832,1248,0,2026-04-18
2026-09-01,economia domestica,24980972930537701,46,549,0,,,,https://i.pinimg.com/originals/a0/8d/ba/a08dba64e80c306d0a5d206925c50b55.jpg,1024,1536,0,2026-08-12
2026-09-01,economia domestica,7177680647476136,47,485,0,Davide Bonazzi - Stock Illustration,theispot.com,https://www.theispot.com/stock/dbonazzi,https://i.pinimg.com/originals/3b/ba/2b/3bba2bde1aac15b6926517cf38977b04.jpg,400,400,0,2021-11-29
2026-09-01,economia domestica,21814379443035201,48,21,0,Title: Master Your Money: The Ultimate Personal Finance Guide for Beginners,,,https://i.pinimg.com/originals/48/6b/0d/486b0deb0f7b23a506e64a0bd7f7113a.png,1024,1536,0,2026-08-03
2026-09-01,economia domestica,634233560071185330,51,28,0,Alimentação em Casa Fica Mais Cara no Fim de 2024: O Que Executivos e Investidores Precisam Saber,executivoinformal.com.br,https://executivoinformal.com.br/alimentacao/,https://i.pinimg.com/originals/b8/43/fe/b843fe9e08d65840df80ee858bd0e3f2.webp,1024,1024,0,2026-07-14
2026-09-01,economia domestica,757378862383976827,52,8,0,"Semana do Consumo Inteligente: Dia 14/40 - planejar as compras da semana. Quando planejamos as compras da semana, evitamos desperdícios, economizamos dinheiro e ainda facilitamos muito a rotina da cas",instagram.com,https://www.instagram.com/p/DVzjF6BDUJN/,https://i.pinimg.com/originals/5e/63/c7/5e63c741873ce471bc8f70944ba0337d.jpg,1365,1820,0,2026-03-13
2026-09-01,economia domestica,Ae8tbw4nyO0GdzIPpuHuzybviGrdxRCyS_z6Aet7fqaTvPx7cL4AQut4aXSFQF7kv-NTfxP_LjwItWmlFLWHtvk,53,13,0,Save on car insurance,libertymutual.com,https://www.libertymutual.com/multi-online-quotes?selectedOpt=auto_home&cid=soc&cmpgncde=2405&keyCode=SMFCTC00&src=cm-dsoc-aut-pin,https://i.pinimg.com/originals/9f/4e/12/9f4e1214099f199183af63ba06db76c1.jpg,1080,1350,0,2026-08-11
2026-09-01,economia domestica,785244885067977493,54,172,0,"Quem põe metas, alcança objetivos.",,,https://i.pinimg.com/originals/f8/d7/14/f8d71486c20b74fa646292cf9c386597.png,1024,1536,0,2025-06-07
2026-09-01,economia domestica,AUjYUosXkAsV4qMGmo19RX1MIeXLIpeBT7-1nMk0kB_RjmGnZrmsS0AyWCG5upjMMHwc_ROU0Y4iO4GoineR96c,55,670,0,19 Bills to Cut if Money,financebuzz.com,https://financebuzz.com/money-moves-tight-budget-yaez?adheadline=19+Bills+to+Cut+if+Money+Feels+Tight+(Many+Wealthy+Families+Already+Did)&utm_source=pinterest&utm_medium=paid-social&utm_campaign=%7Bcampaign_name%7D-%7Badgroupname%7D&adgroupid=%7Badgroupid%7D&adid=%7Badid%7D,https://i.pinimg.com/originals/d1/3c/b2/d13cb299173c930d67ddd3b799d9622d.png,1000,1500,0,2026-04-08
2026-09-01,economia domestica,AR1upTIxVX16-LYRpjqiRfLJ7dPdIEv9BdrbHRiqnTKRHn541pGB-i26Xs4-pc6E5P5ZpWsBLhvZM34lolH84YU,56,2,0,Finally Take Control of,planningforwhatmatters.com,https://planningforwhatmatters.com/money-reset,https://i.pinimg.com/originals/93/a3/6b/93a36b3c63ca310c694298a17c759591.jpg,1080,1920,1,2026-07-07
2026-09-01,economia domestica,690880399087040638,57,1093,0,Como Economizar No Dia a Dia,,,https://i.pinimg.com/originals/42/df/d5/42dfd542d22510f87d5f68a65edb4853.jpg,736,1840,0,2021-03-01
2026-09-01,economia domestica,AVnGD5bDNXaRcYxeqKNfh_HW3_ZRlxFTUFKvxW02M6pBY7O0A0JUsehlv7i1jtrBAcyZDoVdVn8Qle_Y_orU1ak,58,22,0,Fresh Produce Saver For,wayfair.com,https://www.wayfair.com/Prep-and-Savour--Fresh-Produce-Saver-For-Fridge-Vent-ALL-IN-ONE-Fruit-Veggie-Washing-Basket-Container-With-Drain-Colander-Strainer-Tray--Kitchen-Refrigerator-Bin-For-Berry-Vegetable-Salad-Keeper-Gifts-X224041017-L1289-K~W113930906.html?refid=PSO49-W113930906,https://i.pinimg.com/originals/4d/1d/ca/4d1dca9a8f1cca33da91804e03cafef5.jpg,400,400,0,2026-05-22
2026-09-01,economia domestica,AfmEI-sRkAB3R4IXHs7bo3gIv6w20SQSdeFM-wqbYO2EHWDdwUMHyvj3HugKOWH4xSgc9rdqDGpl5DoTHZ0ZstA,59,7,0,Budget & Expense Tracker,gum.co,https://gum.co/u/odjiwmbw,https://i.pinimg.com/originals/97/d3/c6/97d3c6e1964f8c3c26c6091114319f2d.jpg,736,1104,0,2026-08-27
2026-09-01,economia domestica,606226799885874050,61,56,0,10 Surefire Ways How To Budget Paychecks Effectively,xn--sprche-zitate-yob.de,https://xn--sprche-zitate-yob.de/ways-how-to-budget-paychecks-6713/,https://i.pinimg.com/originals/0e/be/ba/0ebebafe37bed398cde4a5c537d451ac.jpg,1024,1536,0,2026-08-18
2026-09-01,economia domestica,AeQ23TybonOg1T3mWRAmcOtwpBuDlvDFGyLjeZUg4hZl0xjKw3TOi6dpTTDnOnjUgOSBt4wZzXw40N5B0pz1ceY,62,1,0,How to Use 1 hr/Week to,thepinterestlab.jennakutcher.com,https://thepinterestlab.jennakutcher.com/masterclass?utm_source=pinterest&utm_medium=ad&utm_campaign=tpinlab&utm_term=evergreen-2026-jan-feb&utm_content=pin-ad-2026-jan-feb&utm_creative_format=button,https://i.pinimg.com/originals/ac/b4/3f/acb43f9fdd76effee32192217daf9938.png,1000,1500,0,2026-03-06
2026-09-01,economia domestica,182818066119215507,63,4,0,5 hábitos que ajudam a economizar dinheiro,,,https://i.pinimg.com/originals/e8/9e/bc/e89ebc9fc30ef2133657831e517a9c55.png,1024,1536,0,2026-06-30
2026-09-01,economia domestica,Ad8uCuxZSMl_nZ0Srva_PkVidkV57i49oTCMkT2gCgaFyOi7QEScx-MnUKxX8pT1Q5gyiao5VYPT8Hx70CrvyQo,64,1,0,Winnipeg Holiday,expedia.com,https://www.expedia.com/Hotel-Search?destination=Winnipeg&selected=100988391&startDate=2026-09-04&endDate=2026-09-05,https://i.pinimg.com/originals/03/19/7d/03197dab15c92a5610e58e398c3aaafc.jpg,1000,1500,0,2026-08-26
2026-09-01,economia domestica,733734964317052981,65,2,0,feminino investir finanças em casa,pt.vecteezy.com,https://pt.vecteezy.com/arte-vetorial/10941637-feminino-investir-financas-em-casa?utm_source=pinterest&utm_medium=social,https://i.pinimg.com/originals/5c/82/1c/5c821c3fa3b31b42608ae15f647f8226.jpg,1470,980,0,2023-11-18
2026-09-01,economia domestica,298574650323848302,66,52,0,,,,https://i.pinimg.com/originals/2d/46/3f/2d463fd0b39c0e7e049207a014afff4c.jpg,1254,1254,0,2026-08-15
2026-09-01,economia domestica,156148312077374022,67,235,0,Título: 🛒✨ Compras do Mês: Tudo o que Você Precisa no MercadoHora de abastecer a despensa! 🥖🥛🍎,,,https://i.pinimg.com/originals/10/b4/ee/10b4eee9e14897507e0f09ce90b1e423.png,1024,1536,0,2026-08-09
2026-09-01,economia domestica,1001769510886447533,68,1,0,📈 Inflação e Investimentos: Estratégias para Preservar Rendimento 💰,moneystart.com.br,https://moneystart.com.br/o-efeito-da-inflacao-sobre-os-investimentos/,https://i.pinimg.com/originals/3c/a6/87/3ca687dbfd534b7ac93401fbd72b6375.jpg,576,1024,0,2026-07-15
2026-09-01,economia domestica,233131718207112606,69,30,0,"In capitalist economies, work no longer serves only as a means of contribution or personal growth. It has become the lifeline to survival. You work to pay rent, buy food, and cover bills. The system k",medium.com,https://medium.com/@Voxvento/work-employment-and-the-weight-of-survival-in-capitalism-d0581e2cc430,https://i.pinimg.com/originals/0e/29/76/0e29769847f52d87b67ecc671f37e4f6.png,1024,1536,0,2026-03-29
2026-09-01,economia domestica,464574517833307150,70,26,0,,,,https://i.pinimg.com/originals/94/d7/be/94d7be442cdd6944b19bf4cf5284ab2c.jpg,1080,1920,0,2026-06-30
2026-09-01,economia domestica,33917803438857703,71,116,0,10 Maneiras Criativas de Ganhar Dinheiro Extra,,,https://i.pinimg.com/originals/1b/09/16/1b091652698d18210ef689afb0bbd4a3.jpg,1024,1024,0,2024-12-16
2026-09-01,economia domestica,5629568280757959,72,1556,0,Aprenda a organizar suas finanças,,,https://i.pinimg.com/originals/ba/83/5d/ba835dbbc7d85bb2442d31dd250b76e2.png,1024,1024,0,2026-08-19
2026-09-01,economia domestica,433612270395109301,73,12,0,"Vida Simples, Conta Organizada: O Jeito Inteligente de Lidar com o Dinheiro",,,https://i.pinimg.com/originals/aa/35/4b/aa354b14170df0fda5725c5123a55a74.jpg,640,640,0,2025-04-20
2026-09-01,economia domestica,5840674512338108,74,580,0,,,,https://i.pinimg.com/originals/b9/3c/98/b93c988c06ca1d4f2e88e6a2bf87beaa.jpg,736,1349,0,2026-06-29
2026-09-01,economia domestica,22658804371103514,75,914,0,,,,https://i.pinimg.com/originals/8e/9a/89/8e9a89f0e6f66fb0b581d0c23b870caf.jpg,1476,2576,0,2026-07-06
2026-09-01,planilha financeira,612841461838288287,2,17,0,Planilha Financeira para Controle de Gastos Pessoais,digitalartscanva.com.br,https://www.digitalartscanva.com.br/2025/04/planilha-financeira-para-controle-de.html,https://i.pinimg.com/originals/54/2b/13/542b1363572663130255142f77c9f47e.png,1000,1500,0,2026-02-09
2026-09-01,planilha financeira,1102678290072805647,3,2,0,Planilha Financeira Pessoal | Organize suas Finanças,organizzaplanilha.lovable.app,https://organizzaplanilha.lovable.app/,https://i.pinimg.com/originals/9e/ae/aa/9eaeaa3ebacfe1739fcdbd9eab8093e0.png,1023,1537,0,2026-08-14
2026-09-01,planilha financeira,AUDqTlwAHHpt8yIAxWuIRScaR5zRUUUywmL45HVizfx9ddYjeyXVK2SZb8wcHLyuBzBlHrOymQjmtglAtPCav9I,4,29,0,How To Make Money on,shopify.com,https://www.shopify.com/blog/how-to-make-money-from-pinterest,https://i.pinimg.com/originals/21/b3/43/21b343ca6fb544b013e8aa3c50cca606.jpg,474,711,0,2025-04-24
2026-09-01,planilha financeira,5066618331712104,5,1354,0,,,,https://i.pinimg.com/originals/60/45/2a/60452a70fe4098211dfb4973362d56ec.png,1414,2000,0,2026-07-19
2026-09-01,planilha financeira,1042864857495941510,6,345,0,,,,https://i.pinimg.com/originals/5e/fb/c7/5efbc7b065f857cb3377c7b5b6762a79.png,1024,1536,0,2026-07-25
2026-09-01,planilha financeira,1016687684626231479,7,32,0,Planilha financeira gratuita,rosaurearosadeouroo.blogspot.com,https://rosaurearosadeouroo.blogspot.com/2026/05/planilha-financeira-gratuita.html,https://i.pinimg.com/originals/85/67/9e/85679ef0adbbaaed83ee2433755207f4.png,1080,1920,0,2024-12-19
2026-09-01,planilha financeira,132996995242453524,8,224,0,Planilha de orçamento mensal.,,,https://i.pinimg.com/originals/af/44/44/af4444444e537d305099f0fc067a1734.png,1024,1536,0,2026-08-03
2026-09-01,planilha financeira,AUIjCrCVo3fA3Sc6YjG4EnumOAn4gpQrLX-Qq4IuLOHT7FEkaFnat9O5Mt-jRhsb_-cb8Evkl2prV7Ghp-su_v4,9,0,0,Avery?? Budgeting Planner,avery.com,https://www.avery.com/products/labels/6788,https://i.pinimg.com/originals/77/2c/fa/772cfab4f0c2f8ee86be7677a5621707.jpg,1424,1424,0,2026-08-05
2026-09-01,planilha financeira,1548181169897028,10,15177,0,Planner Financeiro,,,https://i.pinimg.com/originals/54/e5/db/54e5db3238d99a1deb1fbf931eb95418.png,794,1123,0,2024-06-14
2026-09-01,planilha financeira,1073827104917652207,11,51,0,Travel Budget Planner Bullet Journal Template for Yearly Savings 2026,payhip.com,https://payhip.com/travelbudgetplannertemplate/blog/news/explore-the-magic-top-27-free-travel-planners/?travel-budget-planner-bullet-journal-template-for-yearly-savings-2026,https://i.pinimg.com/originals/1e/d0/8f/1ed08f3b63ad251eb8f681e405fa4b8b.jpg,1536,2048,0,2026-02-04
2026-09-01,planilha financeira,667799451043814846,12,507,0,Controle financeiro,,,https://i.pinimg.com/originals/fb/0c/10/fb0c1010c37c03beaa88d66d7db30283.png,1023,1537,0,2026-07-25
2026-09-01,planilha financeira,1120411213577369409,13,1,0,Plano financeiro,,,https://i.pinimg.com/originals/eb/ca/2a/ebca2acaf6f7edd6bfb0cf7fa207c322.png,1024,1536,0,2026-08-24
2026-09-01,planilha financeira,AZitzONkcGVh3H-EdJWVArNyRzRoGitKZ4737gHk0ZSSLgSXLQUV6DTFzfuwaob3s9DAMNwAVs4bo3omCXnY1PU,14,6,0,Money Journal - Printable,commit30.com,https://commit30.com/products/money-journal-printable-pdf?variant=52183016931626,https://i.pinimg.com/originals/33/13/0b/33130bc70618951a2d48775b5aff7352.jpg,1712,2480,0,2026-08-06
2026-09-01,planilha financeira,585045807888269950,15,172,0,,,,https://i.pinimg.com/originals/c9/20/b3/c920b336ffa56a164de86a848d632770.png,1024,1536,0,2026-07-29
2026-09-01,planilha financeira,AYljQO5S54XY3sb5QzXIRkpMzpYPvHUQ_twZKULG4RFV7ihwL8ssucqGEbsV3ckbI-l5tfKhJ3GHZqjJpJXneqs,16,18,0,A Simple Money Reset For,planningforwhatmatters.com,https://planningforwhatmatters.com/money-reset,https://i.pinimg.com/originals/b6/eb/9d/b6eb9d1022d5faa3a0dc34f4aeb9270c.png,1000,1500,0,2026-06-19
2026-09-01,planilha financeira,AWZSahEhKtVzpHqzgPwiC_uRObX4S1LGFe-l03wwWSWE3QqguavjUqK3lZNTgJk3IHAFqBnT4yrAaAp9sfjs8BM,17,15,0,9 Tips for Teaching Kids,ad.doubleclick.net,https://ad.doubleclick.net/ddm/trackclk/N6036.2293319PINTEREST/B34673803.436720696;dc_trk_aid=645220827;dc_trk_cid=259356449;dc_lat=;dc_rdid=;tag_for_child_directed_treatment=;tfua=;ltd=;dc_tdv=1,https://i.pinimg.com/originals/0d/3e/61/0d3e611d934a9c6d2b51acbd2a30588a.jpg,1000,1500,0,2026-07-02
2026-09-01,planilha financeira,ARs_LoRAFP3dzee__AWCT4bWW1q8ZwjRZn9fh694Rd5ncwHKIgjUk8rLpnp1C50sticXiL89PXJozPPJe53jxMc,18,1,0,Someday Starts Today,zillow.com,https://www.zillow.com/homes/,https://i.pinimg.com/originals/bd/45/c9/bd45c917388bbb080eb203fc5ed46800.png,1000,1500,0,2026-03-30
2026-09-01,planilha financeira,8725793026188702,19,778,0,orçamento mensal. para você se organizar mensalmente. é não deixar o dinheiro fugir da sua mão,,,https://i.pinimg.com/originals/44/d7/69/44d769dc92ff92b0cc24775f671b3b40.png,1024,1536,0,2026-08-03
2026-09-01,planilha financeira,1052364637948624579,20,316,0,50/30/20,,,https://i.pinimg.com/originals/55/22/35/55223512f67897e737e5c60aaabff8a0.jpg,1080,1920,0,2026-07-31
2026-09-01,planilha financeira,201465783329069827,21,14,0,Organizing ideas with planners digitales 2026,behance.net,https://www.behance.net/gallery/242468933/Planners-templates/?organizing-ideas-with-planners-digitales-2026,https://i.pinimg.com/originals/7e/0a/05/7e0a05fc7efa511b38729a15194af413.png,1187,777,0,2026-06-15
2026-09-01,planilha financeira,1085437947687943829,22,5,0,Controle seu dinheiro de forma simples! Clique aqui e confira!,jessica-planilhas.netlify.app,https://jessica-planilhas.netlify.app/,https://i.pinimg.com/originals/ab/5f/c3/ab5fc31d017a97a2f90269162079bd3e.png,1587,2245,0,2024-11-09
2026-09-01,planilha financeira,AT7hyANwqDzjcwZUvpD-m6M5atf4aqaERNc-bgc8qAQt5yUMR7ZUVXEtbi0wAhr6e6YyWN3yNaRfOWuv23b4JiE,23,7,0,Budget & Expense Tracker,gum.co,https://gum.co/u/odjiwmbw,https://i.pinimg.com/originals/97/d3/c6/97d3c6e1964f8c3c26c6091114319f2d.jpg,736,1104,0,2026-08-27
2026-09-01,planilha financeira,380483868530265792,24,1149,0,Freebie: Planner Financeiro Gratuito - Controle de ganhos e gastos!,asweetmagic.com.br,https://www.asweetmagic.com.br/2022/07/freebie-planner-financeiro-gratuito.html,https://i.pinimg.com/originals/8d/18/60/8d1860354af3478d7141f1a604a8f734.png,757,1259,0,2022-07-08
2026-09-01,planilha financeira,Ac9LtFHyOUy3nhxOmiMaT28JU7BHXMAOvnMV6y32KThhrhwefQ85F6EF-m93_F_ldOxd51lYZTHbOPkqKO_7f8U,25,10,0,Extend payments with 0%,usbank.com,https://www.usbank.com/business-banking/business-credit-cards/business-shield-credit-card.html,https://i.pinimg.com/originals/97/e3/9c/97e39c8eaa618048880448c082faf72e.jpg,1000,1500,1,2026-06-10
2026-09-01,planilha financeira,AYwHLb06QuEun_uRco4e5qm5XMqZZfuYdGtSUa4IktdfmhApxjKiTqVZg_bfmj8W6MRZtiRJZoXtcFM1ofr60HQ,26,0,0,Monthly Bill Pay,walmart.com,https://www.walmart.com/ip/Monthly-Bill-Pay-Checklist-Inserts-Budget-Planner-for-11-Disc-Planners/2702138879?wmlspartner=wlpa&selectedSellerId=101012626,https://i.pinimg.com/originals/b0/5a/82/b05a8234e483d84651a6ea0df6eaf667.jpg,364,484,0,2026-08-06
2026-09-01,planilha financeira,AVOaV3l36Nv4dR7CCh0iJ1P4Pi6ZcDXcaBjQpvMh1jmX4jeP2505Ln6zBu1ZGB3qi3vqBcnVTVbDrCvQd3RSuNA,27,558,0,9 Ways to Make Money,financebuzz.com,https://financebuzz.com/supplement-income-yaez?&utm_source=pinterest&utm_medium=paid-social&utm_campaign=%7Bcampaign_name%7D-%7Badgroupname%7D&adgroupid=%7Badgroupid%7D&utm_content=%7Badid%7D&utm_term=ad1,https://i.pinimg.com/originals/6a/af/9b/6aaf9be341029521880f9f9583ceacc7.png,1000,1500,0,2025-11-06
2026-09-01,planilha financeira,5066618331712107,28,596,0,Planner financeiro,,,https://i.pinimg.com/originals/bf/b4/77/bfb477fd3108f57a461025168e5e7357.png,1024,1536,0,2026-07-19
2026-09-01,planilha financeira,821203313350207119,29,520,0,,,,https://i.pinimg.com/originals/0c/c7/96/0cc79654a5f7cdf9769962cd91c047da.jpg,1098,1536,0,2026-02-02
2026-09-01,planilha financeira,AVCIQqc8gXSiQq49dptEle23CZVOL4cEI3ttlA5OQNZYEa-gejHiZuK2SRmvJe9PKX3OyEnb-WGcO2j-evlM8QA,30,41,0,✟ Study Your Bible Daily,biblestudyorganizer.com,https://www.biblestudyorganizer.com/bsodzi/lp?uid=0&lid=0&sid=%7Bcampaignid%7D&sid2=%7Badgroupid%7D&sid3=%7Bcreative%7D&sid4=%7Bkeyword%7D&sid5=%7Bplacement%7D&sid6=&sid7=&sid8=&rid=%7Bgclid%7D&_agid=0&aid=0&r=1003,https://i.pinimg.com/originals/c8/ab/33/c8ab33832df59463e465d05e42c9ba02.png,1024,1536,0,2026-08-24
2026-09-01,planilha financeira,AWG6co-v3EfNHzr1gr44-ZC4uI0r_c1E8Y4WLIk7tj9_SGqtIJwl7dSI-u8TM0PPJ9LRHGvmq3Xq1VF1Ng9HML8,31,1,0,"Beauty Business Client & Income Tracker: A, Britt: 9798192239568: Amazon.com: Books",amazon.com,https://www.amazon.com/dp/B0HF7FNKNH?ref=cm_sw_r_ffobk_cso_cp_apin_dp_PHZRWQN8BD3J4HNKMGNS&ref_=cm_sw_r_ffobk_cso_cp_apin_dp_PHZRWQN8BD3J4HNKMGNS&social_share=cm_sw_r_ffobk_cso_cp_apin_dp_PHZRWQN8BD3J4HNKMGNS&bestFormat=true,https://i.pinimg.com/originals/3b/c1/b2/3bc1b27836b25a123e9fd7439d786a8c.jpg,773,1000,0,2026-08-16
2026-09-01,planilha financeira,ATXFeufYS4QFmM-CqQddIqfoq6ewBWwlKZaRO5I4ROGEDjFq2mhZRFeqLAYfMEQx4CmNpaNXG7IQiwdusyf2KTI,32,2,0,Where Money Meets Purpose,cfp.net,https://www.cfp.net/get-cfp-certified/new-career?utm_medium=cpc&utm_source=mgipinterest&utm_campaign=careerchangerleadgen0826,https://i.pinimg.com/originals/bb/ad/14/bbad148d40f75d5065e88367da106ef5.png,4167,6250,0,2026-08-21
2026-09-01,planilha financeira,Aet5mv2ulO9TnNLV6uIY27oF_RgZVbAALEto94FW9nkL_C8I4E2dXCdqg_bGfAHoANO-DBuk-GrJQrhwQilHCmU,33,1,0,Flo App Settlement,periodtrackerdataprivacylitigation.com,https://periodtrackerdataprivacylitigation.com/,https://i.pinimg.com/originals/66/91/cb/6691cb98a09b9b427c96f81b3cc8c177.jpg,1000,1500,0,2026-08-05
2026-09-01,planilha financeira,1115063189019089448,34,49,0,PARA ONDE ESTÁ INDO SEU DINHEIRO? 😳,s.shopee.com.br,https://s.shopee.com.br/AUtGmMJzNy?channel_type=pinterest,https://i.pinimg.com/originals/a4/c2/ab/a4c2ab2ff1b4258c7f2636897a9d44e0.jpg,848,1200,0,2026-08-17
2026-09-01,planilha financeira,1105704146054727012,35,5,0,Planner de Organização Financeira 💰✨ | Organize seu dinheiro e realize seus sonhos.,go.hotmart.com,https://go.hotmart.com/M106963837Q?dp=1,https://i.pinimg.com/originals/e7/8d/8e/e78d8e1f6bf597673f1b2df826661f23.png,1024,1536,0,2026-08-22
2026-09-01,planilha financeira,AYviPIjyIiWib2P7F2JauTUjHwhcl57OMcNc6PKDASqQJpTCvApiCDIeHY4-tpHl1kckrAlt1Dzjmv6dsWqimUg,36,476,0,See How Much You Can Get,lendgo.com,https://www.lendgo.com/heloc/la/?tg_ref=pnt6926&camp_id=%7Bcampaign_name%7D&keyword=%7Bad_group_name%7D&sub2=%7Bcreative_id%7D,https://i.pinimg.com/originals/78/ed/d7/78edd7ffe6da7fac05e371deb63b40a8.jpg,736,1104,0,2026-06-09
2026-09-01,planilha financeira,914862422071177,37,1536,0,Monthly Budget Planner Google Sheets Template,payhip.com,https://payhip.com/OrganizeThrive/blog/news/budget-planners-your-step-by-step-guide-to-financial-freedom/?monatliche-budget-tabelle-google-sheets-budget-vorlage-monatlicher-budgetplaner-monatliches-budget-bundle,https://i.pinimg.com/originals/c5/a7/81/c5a7812b0a69c344e5b4f941305e9160.jpg,2000,2000,0,2026-03-26
2026-09-01,planilha financeira,AQ435XMITNQhwBvZQj-Ifm5uK-UiUeOCW65krjza7m4e_ESjqxogUMZFKbNcvSRo7hU4e8N3tv16JZV3IYWEEME,38,23,0,How to Build Passive,stan.store,https://stan.store/TheIntentionalCollective,https://i.pinimg.com/originals/5b/0e/7f/5b0e7fb34e81a76e96fe369ba11d5af5.png,1024,1536,0,2026-07-19
2026-09-01,planilha financeira,114630753015744432,39,142,0,How to Start Your First Realistic Budget,,,https://i.pinimg.com/originals/62/9d/a8/629da80ec38b1084651e5d4b21c7dfd2.png,1000,1500,0,2026-05-01
2026-09-01,planilha financeira,AQvyOAem4EL6Z6uaeqDRZrRUd95ZCXaH4vBrjlBAgRevH6sqdngB996XAmcO1qmQEylbuexOO9Y9sKJsPCnc1VE,40,0,0,SoFi Personal Loans,sofi.com,https://www.sofi.com/atr/p/v1/c?cid=802b8968-c676-4238-aee6-408fc3595a67,https://i.pinimg.com/originals/a6/ac/69/a6ac6961b12de9cf16da7d39f465d534.jpg,1000,1500,1,2024-10-14
2026-09-01,planilha financeira,1266706142260976,41,1127,0,Planilha Financeira,,,https://i.pinimg.com/originals/80/d4/d8/80d4d89b817b7d5d8aed3a7e07cbe86e.png,1055,1491,0,2026-08-05
2026-09-01,planilha financeira,8725793026232820,42,243,0,Pink Budget Planner,,,https://i.pinimg.com/originals/3b/3b/09/3b3b098df1530da7ddfd70b8be6f7858.png,1024,1536,0,2026-08-19
2026-09-01,planilha financeira,1048072144536056469,43,1501,0,Planner floral Neutro completo e grátis,,,https://i.pinimg.com/originals/c4/ec/36/c4ec36bb9c3d6787de4ba507e5be09ae.jpg,1414,2000,0,2025-04-27
2026-09-01,planilha financeira,104286547620864857,44,99,0,,,,https://i.pinimg.com/originals/d9/f8/9a/d9f89a1f8a851a99c16fed9403971bce.jpg,675,1200,0,2026-07-19
2026-09-01,planilha financeira,932667404168941139,45,3,0,Planilha de Organização Financeira Grátis | Baixe em Excel,eujacquie.com,https://eujacquie.com/planilha-de-organizacao-financeira-gratis/,https://i.pinimg.com/originals/c5/41/74/c541740c1c7bf3d59bab7fe8ee0a1e8d.png,1024,1536,0,2026-08-15
2026-09-01,planilha financeira,477803841743684873,46,18,0,,,,https://i.pinimg.com/originals/c1/0e/99/c10e99a731f98fb715c1ae6395193a71.png,1024,1536,0,2026-08-10
2026-09-01,planilha financeira,1118159413769494479,47,8,0,💰 Planner Financeiro: organize seu dinheiro sem complicação! ✨👩‍❤️‍👨,s.shopee.com.br,https://s.shopee.com.br/9V0uuDw0Su?channel_type=pinterest,https://i.pinimg.com/originals/bf/e2/bd/bfe2bd93ec75f746240a47da0f0870b5.png,1024,1536,0,2026-08-24
2026-09-01,planilha financeira,1091982240924476799,48,702,0,Controle de gastos,,,https://i.pinimg.com/originals/cb/39/51/cb39519b7a66983da66f26faadf571a8.png,1024,1536,0,2026-07-11
2026-09-01,planilha financeira,460704236903562399,49,814,0,Finanças organizadas!,,,https://i.pinimg.com/originals/30/b5/ce/30b5cef582d97fb938b06d2d4d2bdd26.jpg,1024,1536,0,2026-03-19
2026-09-01,planilha financeira,15762667444640821,50,66,0,,,,https://i.pinimg.com/originals/96/9f/be/969fbe58ab20209eb52513910e53cf3b.png,1024,1536,0,2026-08-08
2026-09-01,planilha financeira,59391288834107115,51,29,0,Free Budget Planner Template Google Sheets,behance.net,https://www.behance.net/gallery/223353413/Budget-Planner-Printable-Free/?free-budget-planner-template-google-sheets,https://i.pinimg.com/originals/93/0c/8f/930c8f853a34b6f9136f0f668da7d5af.png,768,1738,0,2026-06-09
2026-09-01,planilha financeira,Ae2K6K9jZsiOETIl8klSLRY1TwBMzuf8sfpk-_TW80fqHWdmE5Zid3RCdm2BkjQ61f_KTg3X0Pr5UBlWLxe30iQ,51,1,0,Stop Manual Budgeting:,gum.co,https://gum.co/u/6eql44l1,https://i.pinimg.com/originals/c3/7c/85/c37c85ca17ff33996d247124717a337d.jpg,736,1104,0,2026-08-27
2026-09-01,planilha financeira,AQx3Q5JAThhSUBCNYCq2E62B9uec6-JKwyArBmarq3jBfyRlgiJkoXqNHZvYeMeAkXraGI0kVtBJ1jdEuXXaz40,52,29,0,You should be rewarded,usbank.com,https://www.usbank.com/business-banking/business-credit-cards/business-triple-cash-back-credit-card.html,https://i.pinimg.com/originals/8f/3a/a2/8f3aa22c6c70a7551d721ebdaf668e86.jpg,1000,1500,0,2026-06-02
2026-09-01,planilha financeira,Ac1Sy_WfvCDcal-ONXVZPGltBXD_8cI6JFQq9Mi8p6f7iN6xNSVJOMq9zdmwlH-1XHdUItqPgIvjFsqE7t5egNM,53,670,0,19 Bills to Cut if Money,financebuzz.com,https://financebuzz.com/money-moves-tight-budget-yaez?adheadline=19+Bills+to+Cut+if+Money+Feels+Tight+(Many+Wealthy+Families+Already+Did)&utm_source=pinterest&utm_medium=paid-social&utm_campaign=%7Bcampaign_name%7D-%7Badgroupname%7D&adgroupid=%7Badgroupid%7D&adid=%7Badid%7D,https://i.pinimg.com/originals/d1/3c/b2/d13cb299173c930d67ddd3b799d9622d.png,1000,1500,0,2026-04-08
2026-09-01,planilha financeira,AWT_-jUEG4B8tF7nGJBIpx4ZJgxBeaUByjqnSHRgP_lSjEIPodAvcvY3i8GJ_9o9Pu00YigtUMsZCiHJ7uJQ3IY,54,2,0,Finally Take Control of,planningforwhatmatters.com,https://planningforwhatmatters.com/money-reset,https://i.pinimg.com/originals/93/a3/6b/93a36b3c63ca310c694298a17c759591.jpg,1080,1920,1,2026-07-07
2026-09-01,planilha financeira,80572280836098800,55,12,0,Planilha Financeira Grátis pra fechar 2025 e começar 2026 com as finanças organizadas? Temos! O link pra garantir a sua tá na bio 😉,instagram.com,https://www.instagram.com/reel/DQsga-LDYBR/,https://i.pinimg.com/originals/02/67/2d/02672d63778f8163f715b9c372c7d919.jpg,610,1084,1,2025-11-06
2026-09-01,planilha financeira,1087689747517927621,56,439,0,Create Your Perfect Monthly Budget with Our Easy Excel Spreadsheet Template,payhip.com,https://payhip.com/FreeBudgetPrintables1/blog/news/10-must-have-budget-planners-to-master-your-finances-effortlessly/?ultimate-monthly-budget-spreadsheet-template-for-excel,https://i.pinimg.com/originals/f0/e5/bc/f0e5bc352a4f61fedf2e4bfa8565c573.jpg,2880,1800,0,2025-10-06
2026-09-01,planilha financeira,AVCimn9el59kj3UQ9jsAGK0lRmVSUxw7a1sPBcKXjnnfsrrteu6whtw7dMyce8P5PKSpVtJa0HfwWYJaSq9GIWw,57,444,0,See How Much You Can Get,lendgo.com,https://www.lendgo.com/heloc/la/?tg_ref=pnt6926&camp_id=%7Bcampaign_name%7D&keyword=%7Bad_group_name%7D&sub2=%7Bcreative_id%7D,https://i.pinimg.com/originals/c4/15/c0/c415c01a6b667ca2e8ddd007ef8d823b.jpg,736,1104,0,2026-06-09
2026-09-01,planilha financeira,5418462047448860,58,1427,0,How to Manage Your Money Like a Pro 💰📊,,,https://i.pinimg.com/originals/4b/52/b3/4b52b3bdf0c6c521413a16432916859e.png,1024,1024,0,2026-02-21
2026-09-01,planilha financeira,387309636726854046,59,11,0,A Planilha de Controle Financeiro Que Todo Negócio Digital Precisa,,,https://i.pinimg.com/originals/1a/31/e4/1a31e4ecb20ecf2ab0ae31400035f50a.png,941,1672,0,2026-06-30
2026-09-01,planilha financeira,138837601009332783,60,238,0,Planner Financeiro para Imprimir 2026 Completo para Download,queromeformar.com,http://www.queromeformar.com/p/planner-financeiro-para-download.html,https://i.pinimg.com/originals/f8/e1/ed/f8e1edd6516a6634536d4c8228552d11.png,621,1552,0,2025-11-20
2026-09-01,planilha financeira,14707136281005367,61,3121,0,Controle financeiro,,,https://i.pinimg.com/originals/82/05/d9/8205d9bd00a6ffbe33b1c3c6495e16d2.png,1414,2000,0,2025-04-19
2026-09-01,planilha financeira,1125968743270294,62,1806,0,,,,https://i.pinimg.com/originals/bd/cd/a8/bdcda841575d24ea5c03cdfabd0ba8d2.jpg,736,1104,0,2025-12-19
2026-09-01,planilha financeira,238479742766307506,64,182,0,planner financeiro personalizado,,,https://i.pinimg.com/originals/a0/5c/29/a05c29f148112257a4d67dc2a36513ec.png,1024,1536,0,2026-08-05
2026-09-01,planilha financeira,65513369574655534,65,269,0,Dica: Use a tecnologia a favor das suas finanças pessoais,,,https://i.pinimg.com/originals/0a/4d/7e/0a4d7ee22907fe453a8b9300ea926c86.jpg,736,1104,0,2024-12-26
2026-09-01,planilha financeira,2603712282704048,66,4411,0,,,,https://i.pinimg.com/originals/92/12/c3/9212c3a8a0081eac27c7ca3358ba63c6.jpg,1065,1515,0,2026-04-21
2026-09-01,planilha financeira,24418022976913211,67,210,0,,,,https://i.pinimg.com/originals/da/33/2c/da332c8db9cfecaaea4dd8471d30111e.png,1536,1024,0,2026-07-15
2026-09-01,planilha financeira,402931497938974360,68,85,0,Dia de organizar as despesas do mês,,,https://i.pinimg.com/originals/0a/e5/1d/0ae51d2361bfda62927aea4c61b6437a.jpg,3072,4080,0,2026-07-19
2026-09-01,planilha financeira,523473156707832604,69,48,0,Monthly Budget Spreadsheets,medium.com,https://medium.com/@campbell.tamara499632/monthly-budget-spreadsheets-d3acfb234fcc/?ultimate-monthly-budget-spreadsheet-template-for-excel-sinking-funds-tracker-monthly-budget,https://i.pinimg.com/originals/f4/f5/14/f4f51492d544c9cc759fa56659afbf5f.jpg,474,296,0,2025-05-05
2026-09-01,planilha financeira,Ad0HNkDccoo3QKCw6aYKs9u9eLwY6oZqItSPE786ywmdwZclZCIoQHPsHI2kgxpKb9Qxo4xIuVjCMxgkGgl1684,70,0,0,Free Download: 8 Ways to,jennakutcher.com,https://jennakutcher.com/8ways?utm_source=pinterest&utm_medium=ad&utm_campaign=lll&utm_term=evergreen-&utm_content=pinterest-ad-freebie&utm_creative_format=button,https://i.pinimg.com/originals/79/d6/94/79d69462d9592ebd7545d4e75f2648a7.jpg,1080,1920,1,2025-07-14
2026-09-01,planilha financeira,1143703267899536147,71,4,0,financas,aiboosterhub.com,https://aiboosterhub.com/QdUhEjyK86010repinter,https://i.pinimg.com/originals/76/f9/cf/76f9cfe00d06d47108ec0ec80fbb39e7.jpg,736,1108,0,2026-08-13
2026-09-01,planilha financeira,34410384649564403,72,545,0,,,,https://i.pinimg.com/originals/03/79/67/03796786b83924dd237a81cc24879e54.jpg,1199,1702,0,2026-07-05
2026-09-01,planilha financeira,473933560787815836,73,1790,0,"15. Após lançar as despesas, o campo ''Quanto Sobrou?'' ficou atualizado com o saldo total do mês de janeiro. Neste caso, o saldo da planilha ficou positivo na conta em R$ 87,74, supondo que ele tenha",tecnologia.uol.com.br,http://tecnologia.uol.com.br/album/planilha_de_gastos_excel_album.htm#fotoNav=15,https://i.pinimg.com/originals/61/c4/cc/61c4ccbd437cc5904ae1abaf9ec5e6c0.jpg,600,500,0,2019-10-29
2026-09-01,planilha financeira,19492210990245232,74,245,0,,,,https://i.pinimg.com/originals/1a/16/aa/1a16aa28cad25dbaf5f5f27d835df767.jpg,736,1308,0,2026-08-19
2026-09-01,planilha financeira,633387444005212,75,4002,0,,,,https://i.pinimg.com/originals/b2/1c/eb/b21ceb3c5cdc88015e75edf5e87ee084.jpg,3024,4032,0,2025-10-21
2026-09-01,renda extra em casa,AebUcGIQX9U0Sj-Zm--FyCGUt7PhjMxZxlrbi7oG1PhKfzZnCCthg3HLUkpWuCok8n3L7ZGp1tddestMfb4kHH4,1,412,0,Bundle auto and home,libertymutual.com,https://www.libertymutual.com/multi-online-quotes?selectedOpt=auto_home&cid=soc&cmpgncde=2405&keyCode=SMFCTC00&src=cm-dsoc-aut-pin,https://i.pinimg.com/originals/b4/86/02/b486029a82aefb00281e84e7a9889131.jpg,1000,1500,0,2024-02-14
2026-09-01,renda extra em casa,1010143391443078257,2,1,0,7 Formas de Fazer Renda Extra em Casa 💰 | Ideias Simples e Lucrativas,mundomaterrno.blogspot.com,https://mundomaterrno.blogspot.com/2026/08/7-formas-de-fazer-uma-renda-extra-em.html,https://i.pinimg.com/originals/de/c2/9b/dec29b11a374c3b1fb64ec60743f84ae.png,1024,1536,0,2026-08-15
2026-09-01,renda extra em casa,Aa6sCBZhfGjPYtPCdNigKbaUsqdyQmMeUJ28uBUOoPo-SVYnYyp7gid5NJQzRUywpmO0TYLQ5MrM_MTjFGMsdzo,3,106,0,Best Secret Websites To,shopify.com,https://www.shopify.com/blog/secret-websites-to-make-money,https://i.pinimg.com/originals/fc/b0/c6/fcb0c61a7b50a88f7ef886b098fd76f1.jpg,474,711,0,2025-04-24
2026-09-01,renda extra em casa,389772542774148313,4,11,0,Como fazer R$250 por DIA em casa!!,docs.google.com,https://docs.google.com/document/d/1kuzVn5kIkJIf7uXSnIc_5OWxSZzNhmVv32NZcDHC3Jc/edit?usp=sharing,https://i.pinimg.com/originals/c6/c5/20/c6c5205cc0293bd48383b537f70a4752.jpg,1000,1500,0,2026-08-04
2026-09-01,renda extra em casa,AaJuyHnNgXuxHquJRp6JzJ-m5a1-XN7bNWbPoDl2XH8WdvgZtu9MkYGSe3TYgzuwI_SMSo9qesRXreehTMjVWTU,5,1,0,Shop brands you love and,rakuten.com,https://www.rakuten.com/mktg50?utm_source=pinterest&utm_medium=social&utm_content=%7Bad_id%7D&utm_term=%7Bcreative_name%7D&utm_size=%7Bad_group_id%7D&utm_pub=%7Bad_group_name%7D&utm_ebs=0&utm_campaign=%7Bcampaignid%7D,https://i.pinimg.com/originals/6d/74/65/6d74654bc832b58e9d0920440a1fd704.jpg,1000,1500,0,2026-08-07
2026-09-01,renda extra em casa,801922277452077450,6,4,0,Ideias para ganhar dinheiro/renda extra em casa!,7-ideias-geniais-de-rendas-extras-online.my.canva.site,https://7-ideias-geniais-de-rendas-extras-online.my.canva.site/,https://i.pinimg.com/originals/df/8c/c9/df8cc962a66f4e152b2f17ae1e191aeb.jpg,800,1200,0,2026-08-05
2026-09-01,renda extra em casa,1010143391443193155,7,1,0,15 Ideias de Renda Extra em Casa para Começar com Pouco Dinheiro,mundomaterrno.blogspot.com,https://mundomaterrno.blogspot.com/2026/08/15-ideias-de-renda-extra-em-casa-para.html,https://i.pinimg.com/originals/7d/25/fb/7d25fbb3796c24afe3798262cfc5b4d5.png,1024,1536,0,2026-08-18
2026-09-01,renda extra em casa,1266706142282160,8,1774,0,Pra ganhar din din,,,https://i.pinimg.com/originals/02/8d/5a/028d5a5e3f5645ee069f1574d13dfd82.png,1024,1536,0,2026-08-13
2026-09-01,renda extra em casa,AaK7aZt52w4WjPYhQSiKJu9_E0syrt6n9bE8lREkcdYlQ4XOdNAP2bRVo97ekAZC6L9BHDMdh9SXNNwoHAfyP4U,9,1,0,Design a Real Room Online,designwithfriends.com,https://designwithfriends.com/,https://i.pinimg.com/originals/54/a4/e8/54a4e830285f07653881cbd76da761c6.jpg,1080,1920,1,2026-08-14
2026-09-01,renda extra em casa,747316131960692036,10,4,0,Descubra como ganhar dinheiro com 12 ideias de renda extra em casa.,drive.google.com,https://drive.google.com/file/d/1cmSdVawPVwIS3JVQ1Arz0fm14ue4fkCh/view,https://i.pinimg.com/originals/87/82/ce/8782ce1245a79f04c4224e7363e8129b.png,1080,1920,0,2026-08-22
2026-09-01,renda extra em casa,AQGi68_edEOECWil8EsI8IlsimnBTbFuaGSdZT-M9R-CS-WFgXg-tjcLpCi3RoZ5PU1eg-3M77j3mGsTMsADXFI,11,132,0,9 Ways to Make Money,financebuzz.com,https://financebuzz.com/supplement-income-yaez?adheadline=9+Ways+to+Make+Money+Before+9AM&utm_source=pinterest&utm_medium=paid-social&utm_campaign=%7Bcampaign_name%7D-%7Badgroupname%7D&adgroupid=%7Badgroupid%7D&adid=%7Badid%7D,https://i.pinimg.com/originals/0b/44/f4/0b44f454b1b95cb0a872563c2133f50d.png,1000,1500,0,2026-06-09
2026-09-01,renda extra em casa,AR7OoVrWPHq7h7gEP4kOLKFs1OL_e2hWL-bBOSwowlnM7_QsVXsjt3Xmmi4eJ6uDC8szj17ftQrziXkvjncb5Fw,12,23,0,How to Build Passive,stan.store,https://stan.store/TheIntentionalCollective,https://i.pinimg.com/originals/5b/0e/7f/5b0e7fb34e81a76e96fe369ba11d5af5.png,1024,1536,0,2026-07-19
2026-09-01,renda extra em casa,AQMHSqM8Gc1DgfR9T_pFQ-rWZBGaqHLxw0rT66JwVKSy79KZRzyGXw--W0d99yiq2Z3qV4L4W2uhbBYoSczHN00,13,0,0,Granville Penthouse,expedia.com,https://www.expedia.com/Hotel-Search?destination=Lekki&selected=100930261&startDate=2026-09-01&endDate=2026-09-02,https://i.pinimg.com/originals/a5/be/1f/a5be1f23762ea024068ac153ef72900f.jpg,1000,1500,0,2026-06-10
2026-09-01,renda extra em casa,389772542774017299,14,24,0,Como Ganhar Dinheiro em casa com 7 ideias de Renda Extra lucrativas para Mulheres,rendaextrainfinitas.com.br,https://www.rendaextrainfinitas.com.br/2026/04/ideias-renda-extra-para-mulheres-em-casa.html,https://i.pinimg.com/originals/c8/ca/82/c8ca8290416e2751694e08148bf50a42.png,1080,1920,0,2026-07-17
2026-09-01,renda extra em casa,1073827104924238334,15,1,0,🏠 Renda Extra Sem Sair de Casa — Comece Hoje Mesmo! 💰,pay.kiwify.com.br,https://pay.kiwify.com.br/NUcYFqu,https://i.pinimg.com/originals/c8/b9/33/c8b933f3ea1469f76f8fab264516de2f.png,1773,2364,0,2026-08-14
2026-09-01,renda extra em casa,ASYQqa9LPARhe76ZFIH4BtWOpRh-31bxyZ57qgtZdfKPagZCyYxSaJHmSsuitA9N94upUY6GO_OJI0sEY3ZfRsY,16,8,0,1 lb. Paper Shred Filler,homedepot.com,https://www.homedepot.com/p/N-A-1-lb-Burgundy-Crinkle-Cut-Paper-Shred-Filler-for-Gift-Wrapping-Party-Decor-Eco-Friendly-Recyclable-Material-PH00522C270/336621695?cm_mmc=psoc-pinprg-%7Bcampaignid%7D-%7Badgroupid%7D,https://i.pinimg.com/originals/62/dd/f2/62ddf25a0c668aa04b03e351afa9a728.jpg,1000,1000,0,2025-07-19
2026-09-01,renda extra em casa,AYj43MyRC4jrxwYDfAQ-wuAkhp43lNBVI-gqq8noOUrccrx1MVn0VMf7PjmAj5TbLGkyKmgQLDGtQZ2NZWgBgM8,17,444,0,See How Much You Can Get,lendgo.com,https://www.lendgo.com/heloc/la/?tg_ref=pnt6926&camp_id=%7Bcampaign_name%7D&keyword=%7Bad_group_name%7D&sub2=%7Bcreative_id%7D,https://i.pinimg.com/originals/c4/15/c0/c415c01a6b667ca2e8ddd007ef8d823b.jpg,736,1104,0,2026-06-09
2026-09-01,renda extra em casa,46232333733829218,18,1063,0,,,,https://i.pinimg.com/originals/db/49/60/db4960ce93e93cf60378016ca2de7dcd.jpg,750,1125,0,2026-01-16
2026-09-01,renda extra em casa,306244843433514101,19,8,0,6 Ideias de renda extra em casa para ter mais liberdade financeira,rendaextrainfinitas.com.br,https://www.rendaextrainfinitas.com.br/2026/06/ideias-de-renda-extra-para-mulheres-em-casa.html,https://i.pinimg.com/originals/50/1f/fa/501ffa7a104ad766b3b37b11abfce925.png,1080,1920,0,2026-07-21
2026-09-01,renda extra em casa,1102467183811469978,20,1,0,Como ganhar dinheiro no conforto do lar com 13 ideias simples de renda extra em 2026.,drive.google.com,https://drive.google.com/file/d/1gZ1LHbm8bsykwp0o9Iz4UAE6DMKW1Sfi/view,https://i.pinimg.com/originals/7b/cc/1e/7bcc1ef8a6b1bf9e71d73bcee6d45c8d.png,1080,1920,0,2026-08-19
2026-09-01,renda extra em casa,1141873680550805241,21,1,0,Renda Extra em Casa,docs.google.com,https://docs.google.com/document/d/1Q070gPdzJClnq0srXLeiBZupPiRPPMOY/edit?usp=sharing&ouid=116208897982711891593&rtpof=true&sd=true,https://i.pinimg.com/originals/66/bc/16/66bc16043e8a4e166b9408d90c0d39da.jpg,736,1104,0,2026-07-27
2026-09-01,renda extra em casa,915497430500238702,22,287,0,Renda extra em casa!!,,,https://i.pinimg.com/originals/16/b5/39/16b539693304ebb308f69b338fd46875.jpg,350,436,0,2024-11-14
2026-09-01,renda extra em casa,1102467183811394136,23,1,0,Aprenda 10 formas de renda extra para mulheres conquistar liberdade.,drive.google.com,https://drive.google.com/file/d/1KiVglkmA48oNNGsDNfRqyldV8affxS8g/view?usp=sharing,https://i.pinimg.com/originals/8f/2e/b6/8f2eb6cec05d4e3eee3936ee0ee17eb2.png,1080,1920,0,2026-08-18
2026-09-01,renda extra em casa,AYd9NrfoPSYplJSp_8TOh_krPX-_iiuP_3fvwS_wIXXJfNiQ0iiFl33NS_Vp5sM4FeMslleElply86pbvFfR4r4,24,0,0,"Meet Groupsy, the new way",my.photobucket.com,https://my.photobucket.com/groupsy-family?utm_medium=paid_social&utm_source=pinterest&utm_campaign=2608_groupsy_ugc&utm_term=broad&utm_content=2608_video_ugc-family,https://i.pinimg.com/originals/3a/72/9a/3a729a8177ceb2a4ce508398bb0535ac.jpg,1080,1920,1,2026-08-11
2026-09-01,renda extra em casa,605945324904378391,25,4,0,Como ganhar dinheiro!,,,https://i.pinimg.com/originals/c0/51/44/c051441a0f9e3c4e5552929d6e1dbafd.jpg,675,1200,0,2026-03-13
2026-09-01,renda extra em casa,ASolPM5GFB72QkVezrOZk8nS0ij5lfKRuZAQ0Rn7jURcqabiHrPCSZkwtU7r9NAbpjw2YUJRB0mcGa_oHc1ZsQg,26,50,0,CLIQUE AQUI e aprenda a ganhar dinheiro em casa 100% online🏠💻,br.jobandhiring.com,https://br.jobandhiring.com/veja-como-ganhar-dinheiro-agora-mesmo-por-bancos-que-pagam-por-cadastro-clique-e-saiba-mais/?pp=1,https://i.pinimg.com/originals/a9/ca/5a/a9ca5a341acee3dcc572ba125c19ed38.jpg,720,1080,0,2023-05-10
2026-09-01,renda extra em casa,2603712282669298,27,700,0,20 Ideias Lucrativas para Gerar Renda Extra em 2026,,,https://i.pinimg.com/originals/77/d9/70/77d9705f2bc008a3d3fbe42077caf301.png,1696,2528,0,2026-04-09
2026-09-01,renda extra em casa,746542075782344039,28,6,0,40 ideias reais de renda extra feminina para iniciar seu negócio em casa hoje,rendaextrainfinitas.com.br,https://www.rendaextrainfinitas.com.br/2026/03/40-ideias-de-renda-extra-para-mulheres.html,https://i.pinimg.com/originals/71/5c/57/715c57f18fdf86143a41cc6cf15ca0dd.png,1080,1920,0,2026-08-04
2026-09-01,renda extra em casa,926334217127796033,29,4,0,Descubra 15 ideias de renda extra para mães trabalharem em casa e lucrarem muito.,drive.google.com,https://drive.google.com/file/d/10U-Koe6My7vzF95KH2mfzStV7qV3ANPs/view,https://i.pinimg.com/originals/05/29/00/052900010fb6ecae82ff0ba4caecdbd4.png,1080,1920,0,2026-08-22
2026-09-01,renda extra em casa,926334217127796420,30,2,0,Descubra ideias de renda extra para lucrar sem sair de casa para Mulheres,drive.google.com,https://drive.google.com/file/d/1Kfki-aaGAqhceGrqxMqEKl-Ot2wGWXn1/view?usp=sharing,https://i.pinimg.com/originals/56/86/1c/56861cc0b67c0bf12f116b59b323ef3e.png,1080,1920,0,2026-08-22
2026-09-01,renda extra em casa,1085226841486022224,32,462,0,PROSPERIDADE CHEGANDO 💰✨ ENERGIA DE RIQUEZA E ABUNDÂNCIA PARA SUA VIDA,s.shopee.com.br,https://s.shopee.com.br/50VVgAaOkA?channel_type=pinterest,https://i.pinimg.com/originals/6b/89/89/6b8989eff2bdcbc57802f0e4c81e626f.jpg,736,1104,0,2026-04-29
2026-09-01,renda extra em casa,645985140360899436,33,3,0,Renda Extra em Casa,,,https://i.pinimg.com/originals/c1/85/67/c18567885971a619bd26436982299bc6.png,1000,1500,0,2026-02-08
2026-09-01,renda extra em casa,18647785951302101,34,86,0,12 maneiras inteligentes de fazer renda extra em 2025,simplesbellablog.com,https://www.simplesbellablog.com/2025/05/ideias-de-renda-extra.html?m=1,https://i.pinimg.com/originals/3d/cf/a1/3dcfa1aa8a47999dcbadbe2c0bddaa05.png,1000,1500,0,2025-09-28
2026-09-01,renda extra em casa,1102467183810927653,35,3,0,10 Ideias práticas de renda extra para mulheres criar uma nova fonte de renda,drive.google.com,https://drive.google.com/file/d/1ZLKFQJ9mhlLnezRfsqKvsiMKFI9QHo9-/view,https://i.pinimg.com/originals/15/f5/c1/15f5c1f8b0021213fa50c5438909114c.png,1080,1920,0,2026-08-12
2026-09-01,renda extra em casa,762586149453203185,36,2,0,Como Ganhar Dinheiro Com Pinterest em 2026 Mesmo Começando do Zero,edeniaborges.com,https://edeniaborges.com/como-ganhar-dinheiro-no-pinterest/,https://i.pinimg.com/originals/38/9e/71/389e71564ac6b40c5d2b1ff47a5bce41.png,1000,1500,0,2026-06-10
2026-09-01,renda extra em casa,917960336527921058,37,45,0,Renda Extra: Tudo O Que Você Precisa Saber Para Ganhar DINHEIRO em CASA!,lucrandocomigo.com.br,https://lucrandocomigo.com.br/manual-da-renda-extra/,https://i.pinimg.com/originals/7c/3a/58/7c3a58aa55219e32cbce232e53b6f404.png,600,1200,0,2023-02-02
2026-09-01,renda extra em casa,1032168808366972936,38,1,0,Quer aprender como fazer uma renda extra sem sair de casa. vou te ensinar,maternidadenaoeofim.blogspot.com,https://maternidadenaoeofim.blogspot.com/2026/08/recomeco-profissional-depois-da-maternidade.html,https://i.pinimg.com/originals/7f/69/e9/7f69e9551605732d82d6fddbf3877434.png,843,1264,0,2026-08-14
2026-09-01,renda extra em casa,1032942866211953347,39,5,0,💰Renda Extra: Descubra formas inteligentes de ganhar dinheiro online,,,https://i.pinimg.com/originals/1f/b8/5f/1fb85f419cd3f250fdf40c3f51a3ee88.png,1024,1536,0,2026-07-24
2026-09-01,renda extra em casa,AQv9ZOOqZAsGjneVyeOplI3pTrRjD2iQmm6moLTYKzgAulgBXA1j1q3I6f3YVE-FMI7UDk3ktmSGJs-Zk3RXeQI,40,1,0,Start Your Online,sellvia.com,https://sellvia.com/get-your-store-free/?utm_source=pinterest&utm_medium=cpc&utm_campaign=c4&utm_content=cartoon3,https://i.pinimg.com/originals/70/aa/34/70aa344b94cf6ab1cb2273c212083ba8.jpg,1080,1920,1,2026-06-24
2026-09-01,renda extra em casa,1029776271068777333,41,3,0,Veja como é Possível ter Renda Extra a partir do Celular ou Computador,docs.google.com,https://docs.google.com/document/d/1YsHjSewqm91vPosNqo52OOftFgwlEcl0o9UGSg2_tJ0/edit?usp=sharing,https://i.pinimg.com/originals/d1/f6/26/d1f6263db2bcf8562225d787ac24941f.jpg,800,1200,0,2026-08-14
2026-09-01,renda extra em casa,306244843433708211,42,16,0,10 ideias de renda extra sem gastar nada para começar do zero,avitrinedeofertas.com,https://avitrinedeofertas.com/renda-extra-sem-gastar-nada/,https://i.pinimg.com/originals/c9/d7/84/c9d7848dc8de0694a4b040afc4e36715.png,1000,1500,0,2026-08-20
2026-09-01,renda extra em casa,1102467183805892856,43,3,0,Aprenda a criar sua renda extra feminina com ideias simples e lucrativas em casa,,,https://i.pinimg.com/originals/ac/f7/e7/acf7e76d5961b117a34b217daa878ab3.png,1080,1920,0,2026-06-06
2026-09-01,renda extra em casa,306244843433514100,44,4,0,Descubra 7 ideias de renda extra em casa para mulheres ganhar dinheiro online,,,https://i.pinimg.com/originals/b5/f8/f1/b5f8f18c7283d328602d234c6dcfe413.png,1080,1920,0,2026-07-21
2026-09-01,renda extra em casa,740208888795882941,45,43,0,Sua renda em casa,,,https://i.pinimg.com/originals/15/c3/d5/15c3d5affd70cff085057ed60ede34e2.png,1080,1920,0,2025-09-06
2026-09-01,renda extra em casa,10977592837889951,46,80,0,7 Formas de Ganhar Renda Extra em 2026 Mesmo Começando do Zero,,,https://i.pinimg.com/originals/77/fc/2c/77fc2cd4c19aaf4cc02d3dca1925945d.png,1024,1536,0,2026-07-26
2026-09-01,renda extra em casa,389772542774017301,47,22,0,27 ideias de Renda Extra para Mulheres lucrarem em casa e terem liberdade,rendaextrainfinitas.com.br,https://www.rendaextrainfinitas.com.br/2026/03/ideias-de-renda-extra-em-2026-mulheres.html,https://i.pinimg.com/originals/cf/e4/52/cfe45211750d5be5bb1e9e7eaf58bc6b.png,1080,1920,0,2026-07-17
2026-09-01,renda extra em casa,409264684909730449,48,43,0,Renda extra em casa para mulheres ✨💖,,,https://i.pinimg.com/originals/a2/f1/41/a2f14119137999365c075120e7a35c52.png,1000,1500,0,2026-06-17
2026-09-01,renda extra em casa,10977592837889996,49,32,0,6 formas de monetizar o Pinterest e gerar renda extra na internet trabalhando de Casa,,,https://i.pinimg.com/originals/0d/0c/b0/0d0cb0d20c341da644a9d811bb4897e2.png,1080,1920,0,2026-07-26
2026-09-01,renda extra em casa,832743787393735167,50,2,0,"Renda extra, trabalhe de casa.",linktr.ee,https://linktr.ee/viihsanttos1806,https://i.pinimg.com/originals/da/5d/d8/da5dd818208f4ac9602f4313c20e37be.jpg,736,1104,0,2026-05-20
2026-09-01,renda extra em casa,891149845048770085,51,4880,0,manifestação dinheiro,,,https://i.pinimg.com/originals/4a/92/6a/4a926afaceea552f99025674a527a697.jpg,675,1200,0,2025-11-28
2026-09-01,renda extra em casa,917960336521282348,51,686,0,12 IDEIAS de RENDA EXTRA em casa [As ideias mais CRIATIVAS para ganhar dinheiro em CASA],lucrandocomigo.com.br,https://lucrandocomigo.com.br/ideias-para-ganhar-dinheiro-em-casa/,https://i.pinimg.com/originals/5b/0c/6b/5b0c6bbc0ab9807b7b9be1f2d5a9712c.jpg,600,1200,0,2022-05-17
2026-09-01,renda extra em casa,966866613793811421,52,167,0,#kiwify,,,https://i.pinimg.com/originals/48/5d/fe/485dfe975a24db2a3a00a40e98a6b389.png,1080,1920,0,2026-04-02
2026-09-01,renda extra em casa,127297126962894534,53,38,0,10 Ideias de RENDA EXTRA para MÃES,lucrandocomigo.com.br,https://lucrandocomigo.com.br/ideias-de-renda-extra-para-maes/,https://i.pinimg.com/originals/3b/44/67/3b4467f7027e6cc5c76554f8c567a549.jpg,512,1024,0,2024-10-12
2026-09-01,renda extra em casa,75224256274832938,54,6,0,Descubra 10 ideias para mulheres empreender em casa do zero,,,https://i.pinimg.com/originals/39/b3/18/39b318b9d14fbb6e4ec78cb8e0c34cce.png,1080,1920,0,2026-05-17
2026-09-01,renda extra em casa,476466835599170441,55,5,0,10 ideias de renda extra rápida para mulheres começar a lucrar em casa,,,https://i.pinimg.com/originals/05/cb/75/05cb757e00e384ee0a74557ce7c8f9c5.png,1080,1920,0,2026-07-22
2026-09-01,renda extra em casa,AZksOotDwU3jOEa9xCnw3_k0jVbLp6lO5N91ZdYL7wSZhrgBC8l11jiWcjV-DscZ2R1a898B5I_pBSW2pl688UM,56,29,0,How To Make Money on,shopify.com,https://www.shopify.com/blog/how-to-make-money-from-pinterest,https://i.pinimg.com/originals/21/b3/43/21b343ca6fb544b013e8aa3c50cca606.jpg,474,711,0,2025-04-24
2026-09-01,renda extra em casa,188517934387156965,58,95,0,9 formas de ganhar dinheiro extra trabalhando pela internet,simplesbellablog.com,https://www.simplesbellablog.com/2018/09/9-ideias-de-negocios-para-ganhar-dinheiro-em-casa.html,https://i.pinimg.com/originals/76/ce/b8/76ceb812b3711cb18334e2f5cc1289b3.png,700,1102,0,2018-09-10
2026-09-01,renda extra em casa,22518066882158200,59,16,0,Como Trabalhar em Casa pela Internet,casaefinancas.com.br,https://casaefinancas.com.br/como-trabalhar-em-casa-pela-internet/,https://i.pinimg.com/originals/30/9a/93/309a934b04b168c8759c4e4c41d0fc9c.png,1000,1500,0,2026-01-17
2026-09-01,renda extra em casa,AcUwAvc-fcT4RAdc0HWqhgxuNV0-g2elE-n9vuUk6Zoc1NNzPLgyfrfPh5DAb0TBKzgcv_fTEqx82yF8In7di6g,60,0,0,We know homes. Hire the,thumbtack.com,http://www.thumbtack.com/,https://i.pinimg.com/originals/13/00/6b/13006bf26b60d25ca3770a5ec375a45c.jpg,1080,1920,1,2025-09-13
2026-09-01,renda extra em casa,AZPp5AM_3twiVWeAC9EHf6FNMIlZiPahoFOypdNVhczD3I2qUAPwYVDZTIBOUuDEXlUf6_d2VGW7kW9ARj9ZbFc,61,285,0,6 Dumb Ways To Make Money,financebuzz.com,https://financebuzz.com/supplement-income-yaez?&utm_source=pinterest&utm_medium=paid-social&utm_campaign=%7Bcampaign_name%7D-%7Badgroupname%7D&adgroupid=%7Badgroupid%7D&adid=%7Badid%7D,https://i.pinimg.com/originals/ad/71/24/ad7124ccc88b83757989bb04553c5075.png,1000,1500,0,2026-04-16
2026-09-01,renda extra em casa,15621929952842655,62,43,0,15 Ideias de Projetos no Canva para fazer Renda Extra em casa todos os Meses,,,https://i.pinimg.com/originals/34/c3/a0/34c3a0a2a8768679eea03d54718625b2.png,1080,1920,0,2026-06-25
2026-09-01,renda extra em casa,AaHwwz_-oesflfXzeLcYAkI2JVrFBPUQtbRILOqr0y2iNQnVL2reYcDuWtmcXOzxCa2mVUguKQycijJOUM8vFB4,63,0,0,Everlasting Preserved,ediblearrangements.com,https://www.ediblearrangements.com/fruit-gifts/everlasting-preserved-floral-bouquet-10059,https://i.pinimg.com/originals/1a/72/2a/1a722a4b53d9206deeb52ff8cbd43f47.jpg,1000,1500,0,2026-08-07
2026-09-01,renda extra em casa,ASbftL7oi16n0U3h69cwPfhaoVGYajVYzxGHMBrRJmXj-yz4NWrxjgSm5bd72jGwFu91_X2qvrh3EDXCCNH62gQ,64,0,0,Cezve STP Goods Turkish,wayfair.com,https://www.wayfair.com/STP-Goods--Cezve-STP-Goods-Turkish-Coffee-Pot-114559-L896-K~APGO1438.html,https://i.pinimg.com/originals/76/7c/3d/767c3de09105d0ed294fdab6eb1e6d6e.jpg,400,400,0,2026-07-02
2026-09-01,renda extra em casa,760756562100003987,65,1,0,"Renda extra em casa em 2026 não é sorte. É método. Separei os caminhos que realmente funcionam, os erros mais comuns de quem desiste cedo e um passo a passo de 60 dias pra sair do zero. Guia completo ",instagram.com,https://www.instagram.com/p/DcZGjs5CSoi/,https://i.pinimg.com/originals/b7/4e/b9/b74eb946b5244e083875a2f0cdf2acaf.jpg,1254,1254,0,2026-08-24
2026-09-01,renda extra em casa,AYFu7BTx83iNFd1Y6apSLF_knE0vVf8q3gJSqxXC0TDrhCCNz8bpzC3T_SFX2MXR2rUkDd7ULk8WxSJ-kDRoieI,66,476,0,See How Much You Can Get,lendgo.com,https://www.lendgo.com/heloc/la/?tg_ref=pnt6926&camp_id=%7Bcampaign_name%7D&keyword=%7Bad_group_name%7D&sub2=%7Bcreative_id%7D,https://i.pinimg.com/originals/78/ed/d7/78edd7ffe6da7fac05e371deb63b40a8.jpg,736,1104,0,2026-06-09
2026-09-01,renda extra em casa,605452743701748952,67,5,0,Renda Extra Online Para Iniciantes (Guia Completo),linktr.ee,https://linktr.ee/comoganharemdolaronline?utm_source=linktree_profile_share&ltsid=7649eb8f-882e-4bdb-a37d-cda847bccec7,https://i.pinimg.com/originals/f8/c7/11/f8c711640e2b6f14807c60320eb621e8.jpg,1024,1536,0,2026-08-15
2026-09-01,renda extra em casa,Ab3PPh0qMGW7LUDlaYO_I4moeqwakeSdLzhxTCjuyfmBhLG0saFuws8fiRS2FYckkGhcAI_vb0LcCDdKb5dZEhE,68,41,0,✟ Study Your Bible Daily,biblestudyorganizer.com,https://www.biblestudyorganizer.com/bsodzi/lp?uid=0&lid=0&sid=%7Bcampaignid%7D&sid2=%7Badgroupid%7D&sid3=%7Bcreative%7D&sid4=%7Bkeyword%7D&sid5=%7Bplacement%7D&sid6=&sid7=&sid8=&rid=%7Bgclid%7D&_agid=0&aid=0&r=1003,https://i.pinimg.com/originals/c8/ab/33/c8ab33832df59463e465d05e42c9ba02.png,1024,1536,0,2026-08-24
2026-09-01,renda extra em casa,575405289896590624,69,42,0,Renda extra em plataformas home office,sendoutil.com,https://sendoutil.com/renda-extra-on-line/,https://i.pinimg.com/originals/5c/95/38/5c95382e54003c07d22363b381510fab.png,1000,1500,0,2020-09-06
2026-09-01,renda extra em casa,95771929571291354,70,97,0,Desapego Lucrativo — Dinheiro Rápido com Usados — Economia Circular ♻️,,,https://i.pinimg.com/originals/8b/87/b9/8b87b9748d8ca16a0856fc74af0f8274.jpg,768,1376,0,2026-06-12
2026-09-01,renda extra em casa,AdHBa99e471IADjgIDLvReAa9O-F12hQrkL1ymk7d35PgU5y143S_ghmlKBqQzVwOCEEcPVWc9oYcvy4snpIb3c,71,2,0,Shangri-La Manzhouli,expedia.com,https://www.expedia.com/Hotel-Search?destination=Hulunbuir&selected=4315425&startDate=2026-09-01&endDate=2026-09-02,https://i.pinimg.com/originals/d6/be/e2/d6bee25a8f869b0a5feab2f95658ca0c.jpg,1000,1500,0,2026-06-10
2026-09-01,renda extra em casa,ASexjkKJh_pufQveFt6a7UMeuZhHo5H-Cqwv17LchUn03FZwBMmtGZRuJzXHSZjwiee8gSPTPnU3oLlvmPxTmTE,72,10,0,Jawara Luxury Extra Long,twopagescurtains.com,https://twopagescurtains.com/products/jawara-luxury-linen-cotton-curtain-pleated-copy?variant=52015900197175,https://i.pinimg.com/originals/4a/6c/2b/4a6c2b087d75ef71e1f034fdffb03816.jpg,1093,1200,0,2026-04-28
2026-09-01,renda extra em casa,744923594643283772,73,138,0,"Cansada de trabalhar fora? então veja as 17 opções de renda extra, que podem perfeitamente se tornar um negócio extremamente lucrativo. #trabalharemcasa#rendaextra#comoterrendaextra#comofazerrendaextr",meuolharempreendedor.com.br,http://meuolharempreendedor.com.br/como-ganhar-renda-extra/,https://i.pinimg.com/originals/25/f5/fd/25f5fd9661ebecdcae72ecb717e13008.jpg,564,845,0,2024-02-26
2026-09-01,renda extra em casa,AS_Y0UBFBx9HLboZCQUzyXcIzIFc1M-3ndr-14UGtR0kWpwZ1PkCEJxyVADsba8V65YzMTmftqNgihoF7pUwYm4,74,1,0,"Real Products, Shipped",sellvia.com,https://sellvia.com/get-your-store-free/?utm_source=pinterest&utm_medium=cpc&utm_campaign=c6prf&utm_content=us_warehouse,https://i.pinimg.com/originals/e3/ec/50/e3ec50fda731a55f922a35601278f28e.jpg,1696,2528,0,2026-08-27
2026-09-01,renda extra em casa,29766047532125065,75,1551,0,"""Descubra o Segredo: Ganhe Dinheiro em Casa com o Pinterest!""",,,https://i.pinimg.com/originals/28/86/dd/2886dd4b4e6459485031bd8d635716b0.png,375,666,0,2024-11-21
2026-09-01,renda extra em casa,1102467183806604424,76,2,0,Ideias de renda extra para mulheres trabalhar em casa,,,https://i.pinimg.com/originals/dd/7f/47/dd7f47ef20dc7eeb27379703fc83fe18.png,1080,1920,0,2026-06-16
2026-09-01,planejamento semanal,ATu-g69Q58DanQ44vCCP5hLHi4Ffl9Gr5HpFB0UwepN4HncACnEmVDY0h4KnJes-C7nKbLTy-aW_XUNLnPpdDHo,2,56,0,Etsy vs. Amazon Handmade:,shopify.com,https://www.shopify.com/blog/amazon-handmade-vs-etsy,https://i.pinimg.com/originals/19/14/79/1914797b68ad7d7f7093b87f9441c806.jpg,474,711,0,2025-04-24
2026-09-01,planejamento semanal,25262447905613229,3,334,0,PLANNER SEMANAL,,,https://i.pinimg.com/originals/d3/09/cd/d309cd25025a41a8ce7a85229e839f9f.png,1536,1024,0,2026-06-26
2026-09-01,planejamento semanal,AQGVlKViby7ICrsYbHg3AQZNEQkYslFXMhFo3Q-SHSSnlFZ0YlsBzoZh8Wx-_a5WTv0zQ9lMDHxBeJB6i4wfXeU,4,1,0,Over 70% off for,adobe.com,https://www.adobe.com/education/students/creativecloud.html?sdid=VG52K6RS&mv=social&mv2=paidsoc,https://i.pinimg.com/originals/99/8d/69/998d698096736e16d203db49fe773e4c.jpg,2160,3840,1,2026-08-28
2026-09-01,planejamento semanal,858639485216908688,5,1135,0,Planejamento semanal,,,https://i.pinimg.com/originals/63/a3/2a/63a32af115274cbd9ab52730f3cff48d.jpg,1414,2000,0,2022-01-26
2026-09-01,planejamento semanal,AVBlJSirek8XuhFOpbP6fNTEGDv8iFTdkUSANA8wiKyIj2UFfhnSs02iNzBjpsWEMPB2NV7t976oASDD28Ob7B0,6,0,0,Avery?? Budgeting Planner,avery.com,https://www.avery.com/products/labels/6788,https://i.pinimg.com/originals/77/2c/fa/772cfab4f0c2f8ee86be7677a5621707.jpg,1424,1424,0,2026-08-05
2026-09-01,planejamento semanal,28217935162404935,7,583,0,Plenjamento Semanal,,,https://i.pinimg.com/originals/4b/e5/0a/4be50a9e55d9f5da8bd812a65a7f79ea.jpg,1217,1703,0,2026-07-07
2026-09-01,planejamento semanal,620511654954722526,8,35,0,,,,https://i.pinimg.com/originals/1c/cb/cd/1ccbcdd18e832225e09d965cc6db5974.jpg,1080,1920,0,2026-08-17
2026-09-01,planejamento semanal,84090718040282585,9,250,0,Planner semanal para imprimir [Modelo 2022] - Artesanato Passo a Passo!,medium.com,https://medium.com/@davidmartin1288/planner-design-studio-fcada8e443b9/?planner-semanal-para-imprimir-modelo-2022-artesanato-passo-a,https://i.pinimg.com/originals/f0/6b/12/f06b12e9c0eb216753df5e44e2c4d95e.jpg,735,1040,0,2026-04-04
2026-09-01,planejamento semanal,AWCdPIjiuNimFOMUwOhShKafIeM3fiO_WzntUuIXH-STcdm0dnV4EWzaRqkn5w07x52x_2u_3ofjTNjad_10M8o,10,38,0,workout planner,canva.com,https://www.canva.com/design/DAHPwqt1mYA/PIlmsVEPz1AGv1k7K2F-Fg/edit?ui=eyJBIjp7fX0,https://i.pinimg.com/originals/cf/aa/0b/cfaa0bd51f9ae7423e8bb7ac89d76801.png,2000,1414,0,2026-07-18
2026-09-01,planejamento semanal,1116118720189051256,11,9,0,📒 Planejador Semanal Fofo e Estético para Imprimir,,,https://i.pinimg.com/originals/4a/e3/37/4ae337aba1306f9053332a83e73605ec.jpg,1000,1500,0,2026-08-20
2026-09-01,planejamento semanal,ARz-R3Z3Z7l0vUvA9meNN_k7boQXHFj-5irJJsX1dGQOJ2tcGNbzJZFBy3BhIDhoSgp5UJa8gVF9ZCdyvUsHXfM,12,7,0,Budget & Expense Tracker,gum.co,https://gum.co/u/odjiwmbw,https://i.pinimg.com/originals/97/d3/c6/97d3c6e1964f8c3c26c6091114319f2d.jpg,736,1104,0,2026-08-27
2026-09-01,planejamento semanal,AZ5_koM0raVs0bP3zpITmdxiwFh6zZpFBMSLK_4WbJ4yEo3EL8hyKxU4cyj5a0lwCdXYIgQ8oWsiXVqUVE-8-ak,13,441,0,Start Transformation Now!,quiz.betterme.world,https://quiz.betterme.world/first-page-generated?flow=3068&utm_source=pinterest&utm_medium=organic&utm_content=27_2025-07-11_ira_H-FemaleCutting_K-Remake_CT-29985_Ver-1_pn.jpg,https://i.pinimg.com/originals/8b/a0/46/8ba046a20a7d73109e4eab2401947f90.jpg,1080,1920,0,2026-01-31
2026-09-01,planejamento semanal,AQvwuAPaEsJy-GjNiJ57Vxo59wklWmK8Lyjbnc6C82KnL6dyMiVVsdp1VSudr5K4YPdzgyLjkZ8K1Xwfosmngmk,14,41,0,✟ Study Your Bible Daily,biblestudyorganizer.com,https://www.biblestudyorganizer.com/bsodzi/lp?uid=0&lid=0&sid=%7Bcampaignid%7D&sid2=%7Badgroupid%7D&sid3=%7Bcreative%7D&sid4=%7Bkeyword%7D&sid5=%7Bplacement%7D&sid6=&sid7=&sid8=&rid=%7Bgclid%7D&_agid=0&aid=0&r=1003,https://i.pinimg.com/originals/c8/ab/33/c8ab33832df59463e465d05e42c9ba02.png,1024,1536,0,2026-08-24
2026-09-01,planejamento semanal,2462974792895025,15,2838,0,planejamento semanal,,,https://i.pinimg.com/originals/13/d7/cd/13d7cd3d5da88154e8edb9a19b69fea3.jpg,902,1280,0,2025-09-30
2026-09-01,planejamento semanal,79938962132003417,16,266,0,Planner semanal,,,https://i.pinimg.com/originals/d7/4f/46/d74f46617f675997ca06406d75d79d3b.png,1086,1448,0,2026-08-02
2026-09-01,planejamento semanal,8585055536718775,17,1254,0,Planner semanal,,,https://i.pinimg.com/originals/6d/dd/6f/6ddd6f97691785eb00f944ce029f0d12.jpg,1200,1680,0,2026-05-20
2026-09-01,planejamento semanal,13721973862266368,18,41,0,,,,https://i.pinimg.com/originals/d1/17/7e/d1177e26a9a448c44b1e1c8d2226c3b8.jpg,1200,1699,0,2026-08-10
2026-09-01,planejamento semanal,10977592837889388,19,264,0,Como planear a semana em 10 minutos com ChatGPT ✨,,,https://i.pinimg.com/originals/77/e0/4d/77e04d5323538538643e1c539011e77e.png,1024,1536,0,2026-07-26
2026-09-01,planejamento semanal,AeS1xVhurMoMo1RS-i-1-4G3Cz1xjCNJohGzTa1v-agS4ZNpKG5UUscJewWAh4ZnF4csOytTBSqxzgIOUJsGaoI,20,0,0,Free Download: 8 Ways to,jennakutcher.com,https://jennakutcher.com/8ways?utm_source=pinterest&utm_medium=ad&utm_campaign=lll&utm_term=evergreen-&utm_content=pinterest-ad-freebie&utm_creative_format=button,https://i.pinimg.com/originals/79/d6/94/79d69462d9592ebd7545d4e75f2648a7.jpg,1080,1920,1,2025-07-14
2026-09-01,planejamento semanal,1135962706036112711,21,1067,0,"Planner semanal, versión primavera",,,https://i.pinimg.com/originals/0b/18/f0/0b18f0f777ff5789737c72b554dcdfda.png,1086,1448,0,2026-06-05
2026-09-01,planejamento semanal,68747605071,22,5739,0,Planner semanal de mesa para imprimir,,,https://i.pinimg.com/originals/b5/dc/42/b5dc4209d1676a4813b94e6d9f769abf.jpg,850,1200,0,2024-06-18
2026-09-01,planejamento semanal,161918549098893151,23,32,0,planejamento semanal,,,https://i.pinimg.com/originals/4b/75/9d/4b759d4d6f9c6a3e3a074a75d83b2d9c.png,2000,1414,0,2026-05-02
2026-09-01,planejamento semanal,1145321749017509657,24,6,0,PLANNER SEMANAL 🌸,,,https://i.pinimg.com/originals/50/c1/b4/50c1b428c233c765a93f30d9e757b657.png,1054,1492,0,2026-08-19
2026-09-01,planejamento semanal,788904059771635865,25,1,0,Planejamento semanal,,,https://i.pinimg.com/originals/f4/e3/62/f4e3623e9e6c2fcbbb0b7513465cf20c.png,1024,1536,0,2026-08-19
2026-09-01,planejamento semanal,735071970470966340,26,1417,0,cronograma de estudo semanal,,,https://i.pinimg.com/originals/74/f5/dc/74f5dc24fc894867b8c5174db3b9502a.png,1536,1024,0,2025-04-05
2026-09-01,planejamento semanal,594334482122174018,27,29,0,Cute Pastel Weekly Planner Printable | Undated Weekly Schedule | A4 PDF | Kawaii Weekly Organizer |,,,https://i.pinimg.com/originals/04/7c/f6/047cf6c553d8ceacb216fb9931669e9d.jpg,1080,1920,0,2026-08-19
2026-09-01,planejamento semanal,1136244180997167400,28,32,0,planner planejamento semanal mensal rotina 2025 2026 calendário mudança,s.shopee.com.br,https://s.shopee.com.br/BLWQspP2d?channel_type=pinterest,https://i.pinimg.com/originals/50/58/70/5058709f32d35f3cde623d1325055279.jpg,736,1041,0,2025-10-27
2026-09-01,planejamento semanal,1106196727254066332,29,1,0,Planner Digital para Faculdade | Organize Seu Semestre com Mais Leveza,,,https://i.pinimg.com/originals/07/0a/8a/070a8ae9ee51061585013f1509c142a7.png,1024,1536,0,2026-08-05
2026-09-01,planejamento semanal,1139903355732336491,30,1,0,Como Organizar Sua Semana: 7 Dicas Práticas,plannerdigitalvida.netlify.app,https://plannerdigitalvida.netlify.app/,https://i.pinimg.com/originals/65/dd/8e/65dd8ec5271c162f465c9986306ebcce.jpg,1000,1500,0,2026-08-15
2026-09-01,planejamento semanal,734860864243007703,31,3,0,Daniela,,,https://i.pinimg.com/originals/ea/09/2c/ea092c78722dead4701381b6addb8367.jpg,1080,1920,0,2026-04-18
2026-09-01,planejamento semanal,211809988721502976,32,65,0,Weekly Planner Ideas to Stay Organized & Productive,,,https://i.pinimg.com/originals/a9/dc/b1/a9dcb12b4006f1d2f9ada5f43f7fd9bd.png,1055,1491,0,2026-08-15
2026-09-01,planejamento semanal,1106196727254065680,33,1,0,Planejamento Semanal para Estudantes | Organize Sua Semana com Mais Produtividade,,,https://i.pinimg.com/originals/b6/8b/52/b68b5204593815526b2520233c83dc2b.png,1024,1536,0,2026-08-05
2026-09-01,planejamento semanal,384776361939833854,34,1,0,Planner semanal preenchido: exemplo simples para organizar sua rotina,linkme.bio,https://linkme.bio/planner.transforma,https://i.pinimg.com/originals/16/3f/a5/163fa555395d0ab180bab5b0a2d7bce3.png,1000,1500,0,2026-08-04
2026-09-01,planejamento semanal,1126744400503940244,35,1130,0,Planner 2023 para Imprimir: Modelos Semanais e Mensais em PDF,atividadesprofessores.com.br,https://atividadesprofessores.com.br/planner2023paraimprimir/,https://i.pinimg.com/originals/bb/5c/28/bb5c28c1228c980351b22efe481441f6.jpg,474,653,0,2023-04-12
2026-09-01,planejamento semanal,27232772742467664,36,517,0,PLANNER,,,https://i.pinimg.com/originals/01/57/d9/0157d903f7f5ceda893d3dc352440d83.png,1055,1491,0,2026-07-11
2026-09-01,planejamento semanal,362539838776211037,37,31,0,Weekly Planner,payhip.com,https://payhip.com/b/MBsg3,https://i.pinimg.com/originals/43/60/14/43601473e6a55221884d66c7cf3e4d53.png,1024,1536,0,2026-08-19
2026-09-01,planejamento semanal,887842514040471791,38,589,0,,,,https://i.pinimg.com/originals/8a/5a/9b/8a5a9b2b21376cd41351e0e61269969c.jpg,736,1040,0,2025-01-25
2026-09-01,planejamento semanal,751608625353636304,39,36,0,Planner Semanal - Rosa.pdf - Google Drive,drive.google.com,https://drive.google.com/file/d/10xJbNHQR773qMb0W9qzLcTbRLQI34VIF/view,https://i.pinimg.com/originals/ae/19/b5/ae19b55e01a22b76108ccd9e28ef8282.webp,1024,1448,0,2026-01-21
2026-09-01,planejamento semanal,70437491598400,40,423,0,Casa Organizada,,,https://i.pinimg.com/originals/53/5f/a2/535fa2771cfc12cc9ba186cd7cc7ce67.png,1024,1536,0,2026-08-09
2026-09-01,planejamento semanal,69242913017414992,41,125,0,Planner semanal ✍🏻💗,,,https://i.pinimg.com/originals/ff/2f/ef/ff2fef0543582374d04e7cacfcf1f01e.jpg,724,1024,0,2026-08-13
2026-09-01,planejamento semanal,719379740494653653,42,3418,0,Planner semanal para imprimir [Modelo 2022] - Artesanato Passo a Passo!,artesanatopassoapassoja.com.br,https://www.artesanatopassoapassoja.com.br/planner-semanal-para-imprimir/,https://i.pinimg.com/originals/20/c1/b3/20c1b3611e31582937fc839aceda9867.png,770,1089,0,2022-09-12
2026-09-01,planejamento semanal,8514686792270892,43,344,0,Casa Organizada - Planner da Rô,,,https://i.pinimg.com/originals/74/44/7a/74447af5802bf0921f5e23bffa7f06c5.png,1024,1536,0,2026-08-08
2026-09-01,planejamento semanal,599963981651594828,44,16,0,Planner semanal | Planner 2023 completo para imprimir 503,behance.net,https://www.behance.net/gallery/227126405/Free-Planner/?planner-semanal-planner-2023-completo-para-imprimir,https://i.pinimg.com/originals/33/c1/38/33c13813d29ac5a6d417b2fe0f58d60c.png,1414,2000,0,2026-03-08
2026-09-01,planejamento semanal,5911043261705552,45,1040,0,#planejamentosemanal #plannergratuito #planner,,,https://i.pinimg.com/originals/67/c5/ab/67c5aba0ebd281f6bc635dd23b8ccdac.png,1414,1999,0,2025-07-09
2026-09-01,planejamento semanal,533887730850874965,46,12,0,,,,https://i.pinimg.com/originals/0a/7f/43/0a7f43145c95d20a25bde1f5915ce23b.jpg,1080,1920,0,2026-08-04
2026-09-01,planejamento semanal,273664114852859963,47,78,0,Plano semanal,,,https://i.pinimg.com/originals/d0/d6/4f/d0d64f8d0e99c35964a919bf04247c52.png,1023,1537,0,2026-08-09
2026-09-01,planejamento semanal,17803361027070273,48,685,0,,,,https://i.pinimg.com/originals/d3/d4/37/d3d43767c9cd9a6236196f9b79a0d40a.jpg,656,924,0,2026-07-22
2026-09-01,planejamento semanal,1688918603265604,49,1186,0,Planner Semanal Simples,,,https://i.pinimg.com/originals/07/53/cc/0753cc1c203c623fe9d2f97e2f9ac55d.jpg,850,1200,0,2022-10-19
2026-09-01,planejamento semanal,89016530130516212,50,143,0,,,,https://i.pinimg.com/originals/c5/85/9f/c5859f0a0f266b3a64c0ea3751de20d2.png,1024,1536,0,2026-08-08
2026-09-01,planejamento semanal,522065781819199000,51,20837,0,ROTINA SEMANAL DE LIMPEZA,,,https://i.pinimg.com/originals/be/d8/5d/bed85d3dafa00dcadfa226d0152edba0.jpg,1414,2000,0,2023-02-12
2026-09-01,planejamento semanal,AVUVnMyCCN1AZ0BuLido_Q2Oz95506yPsGErRXs1Zcxf_KVovZRfD-j-mg410aJkwz6eebeRL6_I29V0OIPxsPU,51,1,0,68.9 in. Farmhouse,homedepot.com,https://www.homedepot.com/p/Harper-Bright-Designs-68-9-in-Farmhouse-L-Shaped-White-4-Drawer-Home-Office-Computer-Writing-Desk-with-Keyboard-Tray-Charging-Stations-LXY182AAK/343504134?cm_mmc=psoc-pinprg-%7Bcampaignid%7D-%7Badgroupid%7D,https://i.pinimg.com/originals/ae/05/38/ae0538eeb31322615a7da0476e6a8141.jpg,1000,1000,0,2026-06-27
2026-09-01,planejamento semanal,609323024633311084,52,1,0,✨ Planner Semanal Gratuito | Organize sua semana com mais leveza,,,https://i.pinimg.com/originals/01/70/8d/01708d8c94c51b6672cb5ff2fd342b37.png,1920,1080,0,2026-08-06
2026-09-01,planejamento semanal,215398794674359337,53,122,0,"Planner Semanal Minimalista: Simples, Bonito e Funcional",geovirmond.com.br,https://geovirmond.com.br/planner-semanal/,https://i.pinimg.com/originals/ae/23/ce/ae23ce74aaffa48b8bffc929e533a95b.png,1506,1064,0,2026-07-01
2026-09-01,planejamento semanal,AaaY6LiMAbzDlCLovHwFy_6HrlOyzel5uqzXfAeHWEshj2RZ4i8rPhFhFHqwJJAx2MwYkrhiWFmFRsv8YsEZZlo,55,2,0,My Budget System That,gum.co,https://gum.co/u/zmnyglar,https://i.pinimg.com/originals/29/55/16/2955163dcc0ab98ad8d3205d455d0909.png,1000,1500,0,2026-08-26
2026-09-01,planejamento semanal,59602395064013740,56,85,0,Planner semanal grátis,,,https://i.pinimg.com/originals/b4/99/f4/b499f45dc55663acf5346569b189d22a.jpg,1600,1131,0,2026-06-01
2026-09-01,planejamento semanal,ASQ7cfqWVr0xV1tDRQgSyUHA6WBCrlZT9CHK3GZR1Kxh_AI7VcN9XWh6sR_dFrSLSoM4M0Ui7JQFBTN5JOsLwXw,57,53,0,Start Transformation Now!,quiz.betterme.world,https://quiz.betterme.world/first-page-generated?flow=3068&utm_source=pinterest&utm_medium=organic&utm_content=27_2026-02-20_Nastya_H-FemaleCutting_K-TopVariationCutting_CR-15585_Ver-3_pn.jpg,https://i.pinimg.com/originals/47/09/ca/4709ca7dc9ff377a2e9fe646cb5a8282.jpg,1080,1920,0,2026-02-20
2026-09-01,planejamento semanal,AWx2iV9tQ0DVBdSaWZEY0ZYuKm-g3SmMIJdVyOVVJjTxvUUZCg9VfQt6Uw3eN_IZF2YGhlVb0BJYfQj7PIIawos,58,15,0,Love Bible Journaling?,biblestudyorganizer.com,https://www.biblestudyorganizer.com/bsodzi/lp?uid=0&lid=0&sid=%7Bcampaignid%7D&sid2=%7Badgroupid%7D&sid3=%7Bcreative%7D&sid4=%7Bkeyword%7D&sid5=%7Bplacement%7D&sid6=&sid7=&sid8=&rid=%7Bgclid%7D&_agid=0&aid=0&r=1003,https://i.pinimg.com/originals/a6/29/1c/a6291c719976900d1026f22bd19f86d4.png,1024,1536,0,2026-08-24
2026-09-01,planejamento semanal,77898268550852422,59,527,0,,,,https://i.pinimg.com/originals/b8/a8/00/b8a8008bf3f8aa765ff73138fddf4e36.jpg,720,1052,0,2025-01-10
2026-09-01,planejamento semanal,20477373300812669,60,269,0,Planner Semanal para Imprimir e Baixar,keepo.io,https://keepo.io/nossoimperiobr,https://i.pinimg.com/originals/62/5d/11/625d111e0db0a5eed61d8a77616ac69d.png,1414,2000,0,2025-10-19
2026-09-01,planejamento semanal,1144758799057722150,61,675,0,Como usar ChatGPT para organizar as refeições da semana 🍽️,,,https://i.pinimg.com/originals/2c/37/67/2c3767c789998c13fe98abf27f1df23c.png,1024,1536,0,2026-06-08
2026-09-01,planejamento semanal,1071504936360526235,62,3070,0,Aesthetic Weekly Planner ✨ Pastel Study Timetable,,,https://i.pinimg.com/originals/a5/87/a9/a587a9ebb88c0477aeefe973b03e0d3f.png,1124,1404,0,2026-05-11
2026-09-01,planejamento semanal,1548181180613068,63,569,0,[GRÁTIS] Planner semanal para imprimir | Clique para baixar!,drive.google.com,https://drive.google.com/file/d/1fDxu2rtEzFyINwzdUrc7fMrxbppyndoZ/view?usp=sharing,https://i.pinimg.com/originals/32/07/2e/32072edbaf1e0deea42f0c606b9e165a.jpg,849,1200,0,2025-03-12
2026-09-01,planejamento semanal,1146658755154167969,64,1,0,PLANLY | Planejamento semanal para estudos,largest-operator-562725.framer.app,https://largest-operator-562725.framer.app/,https://i.pinimg.com/originals/bc/09/d1/bc09d1cb6ef1f37d57c29da2ef30839f.png,768,1365,0,2026-08-13
2026-09-01,planejamento semanal,648729521364482245,65,136,0,Planejamento Semanal para Imprimir: A4 - Retrato,000dlx.com.br,https://www.000dlx.com.br/planejamento-semanal-para-imprimir-em-a4.php,https://i.pinimg.com/originals/7f/81/ab/7f81abfd87b49b22cae5e64b3612ab5d.jpg,795,1124,0,2025-05-27
2026-09-01,planejamento semanal,10344274147281895,66,2051,0,weekly planner,,,https://i.pinimg.com/originals/6e/f8/14/6ef814c8e854c558c962d17a823e324f.jpg,1080,1527,0,2026-01-03
2026-09-01,planejamento semanal,15621929952167189,67,325,0,Agenda da semana,,,https://i.pinimg.com/originals/41/7d/72/417d724526cfd47892833802035004ee.png,1000,1500,0,2025-10-17
2026-09-01,planejamento semanal,15903404930230706,68,538,0,Planner semanal,,,https://i.pinimg.com/originals/2f/bc/e7/2fbce7afc7a3c5ec92f8414b8f064def.jpg,1413,1999,0,2025-09-10
2026-09-01,planejamento semanal,25755029114910964,69,81,0,,,,https://i.pinimg.com/originals/d5/21/40/d52140c72d1942769c65e5e92314e2fa.png,1024,1536,0,2026-08-13
2026-09-01,planejamento semanal,2462974791943494,70,1549,0,Planner segunda a domingo,,,https://i.pinimg.com/originals/97/bd/d9/97bdd954fb4a5c78490c92d1b7a83607.jpg,1212,1711,0,2024-12-27
2026-09-01,planejamento semanal,579768152039797954,71,1847,0,Planejador/Organizador Semanal,,,https://i.pinimg.com/originals/06/fc/ed/06fced3ca79d62e571bb3c9f83b7ca23.jpg,736,1041,0,2021-12-16
2026-09-01,planejamento semanal,27232772741892002,72,313,0,Cronograma Semanal,,,https://i.pinimg.com/originals/e7/e3/6a/e7e36a51ff8cb09b6cd605c2bb452e71.jpg,1280,904,0,2025-12-20
2026-09-01,planejamento semanal,642396334394994262,73,10,0,PLANNER SEMANAL DE ESTUDOS,instagram.com,https://www.instagram.com/edussan7os/,https://i.pinimg.com/originals/d1/f1/1d/d1f11d95dc6d017d15784e96a6516390.png,1024,1536,0,2026-08-09
2026-09-01,planejamento semanal,830914200007167729,74,376,0,,drive.google.com,https://drive.google.com/drive/mobile/folders/1x8kUZecr4WqHGOY2W6LFVr5JG_-pa1JS,https://i.pinimg.com/originals/a1/b4/79/a1b4790a43ab8d70801cc3547e6fcdd5.png,828,518,0,2021-11-17
2026-09-01,planejamento semanal,185703184625718737,75,1330,0,Planner 2021 para Imprimir Grátis,queromeformar.com,https://www.queromeformar.com/2020/10/planners-2021-gratuitos-para-download.html,https://i.pinimg.com/originals/93/34/35/93343536e115ac2138e46b6959190cfe.png,735,1102,0,2020-12-18
2026-09-01,planejamento semanal,646829565274565551,76,122,0,planejamento,,,https://i.pinimg.com/originals/ed/9d/2f/ed9d2f12eb16715f4b20306a697e980a.jpg,736,1308,0,2026-02-23
