data,palavra,pin_id,posicao,saves,comentarios,titulo,dominio,link,imagem,largura,altura,video,criado_em
2026-09-11,look feminino verao,1140677411907706513,2,58,0,compre aqui👇,onelink.shein.com,https://onelink.shein.com/48/5zhcldcwncqh?ismg_ol=G21FxbDFSD0_01_KOC-C,https://i.pinimg.com/originals/89/f5/0e/89f50e684d87cb05e939f81916b547f6.png,941,1672,0,2026-08-20
2026-09-11,look feminino verao,950822540101603142,3,7,0,CLIQUE AQUI,s.shopee.com.br,https://s.shopee.com.br/AKa96Zv1P9?channel_type=pinterest,https://i.pinimg.com/originals/c8/1a/ee/c81aeebc620759845a78e8789d25b7e4.jpg,1080,1920,0,2026-08-28
2026-09-11,look feminino verao,242912973648530581,4,428,0,Macacão amarelo,onelink.shein.com,https://onelink.shein.com/47/5yw0q4jngbah,https://i.pinimg.com/originals/7a/db/83/7adb83c62d94628d8d06b7c5ca78ae30.jpg,1080,1920,0,2026-08-26
2026-09-11,look feminino verao,131097039148838392,5,67,0,,,,https://i.pinimg.com/originals/39/cf/bf/39cfbfe62b4509e34ee91d068e5713d4.jpg,736,1104,0,2026-09-02
2026-09-11,look feminino verao,845762005071009530,6,2,0,compre aqui 👇🏼,s.shopee.com.br,https://s.shopee.com.br/7fZPvy35mh?channel_type=pinterest,https://i.pinimg.com/originals/68/7e/ae/687eae39cea60ab5f19dcbc8849eea04.jpg,736,1104,0,2026-08-29
2026-09-11,look feminino verao,1132444268831354982,7,2308,0,,,,https://i.pinimg.com/originals/f1/3f/d4/f13fd4cc505c01911b114b8c716f8864.jpg,736,1104,0,2026-08-10
2026-09-11,look feminino verao,422142165100210191,8,104,0,Conjunto Feminino 💛,onelink.shein.com,https://onelink.shein.com/48/5zkyek35yo86?ismg_ol=DIE4hxftE5V_01_KOC-C,https://i.pinimg.com/originals/b1/d7/8a/b1d78a68825d83f665298ec227aefc13.png,1568,2784,0,2026-09-05
2026-09-11,look feminino verao,1112178070510990376,9,7,0,Short Alfaiataria Feminino Cintura Alta com Cinto 🤎 | Elegante e Moderno,s.shopee.com.br,https://s.shopee.com.br/AUtVswIjo4?channel_type=pinterest,https://i.pinimg.com/originals/fb/af/50/fbaf50176d497fbf18ed4546751d9c26.png,1086,1448,0,2026-08-26
2026-09-11,look feminino verao,404690716542315735,10,15,0,,cdn.sewmamasew.com,https://cdn.sewmamasew.com/wp-content/uploads/2026/05/Yellow-Crop-Top-With-White-Flowy-Palazzo-Pants.jpg?width=500&quality=75,https://i.pinimg.com/originals/7a/e8/cb/7ae8cb5500e3f865eadfb76d3eb545a7.jpg,500,889,0,2026-09-02
2026-09-11,look feminino verao,51932201950365692,11,269,0,,,,https://i.pinimg.com/originals/c6/03/e3/c603e375b9c04e3e67ebaf096a4526b7.jpg,736,1308,0,2026-09-05
2026-09-11,look feminino verao,1056023812692900824,12,3,0,Estilo farm,onelink.shein.com,https://onelink.shein.com/48/5zhmi452krvs?ismg_ol=E5hFtVJNRL2_01_KOC-C,https://i.pinimg.com/originals/8e/9e/0c/8e9e0cf1d4e5fcb93cf4737e28d0ce60.png,941,1672,0,2026-08-24
2026-09-11,look feminino verao,1045046288661239640,13,120,0,ideias de Looks,s.shopee.com.br,https://s.shopee.com.br/6Aj3iRMnAX?channel_type=pinterest,https://i.pinimg.com/originals/57/3c/86/573c8664fa047fff5cebbe2ef458f060.png,941,1672,0,2026-06-30
2026-09-11,look feminino verao,982910687442456959,14,1145,0,Affordable Luxe Sunset Yacht Party Outfits from Amazon,,,https://i.pinimg.com/originals/05/c1/ce/05c1cefbee1ce24c9b286e602f1844a1.jpg,1536,2752,0,2026-04-18
2026-09-11,look feminino verao,95420085853715012,15,82,0,Black One-Shoulder Top Outfit | Chic Summer Style 🌸,,,https://i.pinimg.com/originals/f9/05/d2/f905d21e434d0b58bf05dc1b3775d88a.png,1023,1537,0,2026-09-03
2026-09-11,look feminino verao,1064890274429146281,16,1,0,Vestido Branco Curto: Look de Verão Feminino,clubgirls.lovable.app,https://clubgirls.lovable.app/blog/vestido-branco-feminino-2-looks-do-casual-ao-elegante,https://i.pinimg.com/originals/ce/df/34/cedf344600573c1b32b18343f95135ff.png,941,1672,0,2026-08-22
2026-09-11,look feminino verao,1127588825505904523,17,3,0,Women Casual Outfit Ideas for a Chic & Effortless Look 🤎,,,https://i.pinimg.com/originals/26/44/c5/2644c5a8e78e13558fab09d91e0cc3f0.png,1000,1500,0,2026-08-31
2026-09-11,look feminino verao,190980840445904021,18,26,0,35 Crochet Swim Top Outfit Ideas for Effortless...,crochetme.com,https://www.crochetme.com/35-crochet-swim-top-outfit-ideas/,https://i.pinimg.com/originals/48/94/53/489453a3d7c126b21d255da2ef92e032.jpg,720,1269,0,2026-09-05
2026-09-11,look feminino verao,742671794859959116,19,6,0,Kit 2 Body Feminino Regata Canelado Moda 2024,s.shopee.com.br,https://s.shopee.com.br/7KwHOrDNjJ?channel_type=pinterest,https://i.pinimg.com/originals/5b/d7/e8/5bd7e88174c8fd04f87f515be0ff0fb9.jpg,736,1308,0,2026-08-18
2026-09-11,look feminino verao,22377329394995960,20,396,0,blusinha estilo bata - shopee,,,https://i.pinimg.com/originals/fc/c7/af/fcc7afcaa2fc88c420da3df2905d38b0.png,941,1672,0,2026-08-26
2026-09-11,look feminino verao,584131014216242902,21,13,0,,cdn.sewmamasew.com,https://cdn.sewmamasew.com/wp-content/uploads/2026/05/Satin-Shorts-Co-Ord-Set-Outfit.jpg?width=500&quality=75,https://i.pinimg.com/originals/96/ce/a4/96cea4a880f9e2384d390ca24e58fe3b.jpg,500,889,0,2026-08-26
2026-09-11,look feminino verao,4601130837555822656,22,0,0,Short Sarja Gabrielly - Sallus Moda Feminina,sallusmodafeminina.com.br,https://www.sallusmodafeminina.com.br/short-e-saia/short-sarja-gabrielly,https://i.pinimg.com/originals/f5/15/c7/f515c7620f3e77e6e872b5d370388f2e.jpg,1086,1448,0,2026-08-28
2026-09-11,look feminino verao,1138355243343372803,23,1,0,look do dia com 50%de desconto,onelink.shein.com,https://onelink.shein.com/50/60bc6w9gt1dn?ismg_ol=HjVDQb8hNPo_01_KOC-C,https://i.pinimg.com/originals/b7/8f/58/b78f5803ee4490c6ed1903c528fa4c8d.png,941,1672,0,2026-08-28
2026-09-11,look feminino verao,688065649365411000,24,5,0,short,s.shopee.com.br,https://s.shopee.com.br/9KhTzWD2eK?channel_type=pinterest,https://i.pinimg.com/originals/d8/1e/e9/d81ee93124f926d093e2f0da84be6296.jpg,736,981,0,2026-09-04
2026-09-11,look feminino verao,1044624076089716916,25,534,0,20+ Summer Outfit Inspo 2026 ☀️ | Trendy & Cute Summer Fashion Ideas,amazon.com,https://www.amazon.com/shop/influencer-7ca27c6e/list/73L0V00DVFAL?ref_=aipsflist,https://i.pinimg.com/originals/2b/d4/20/2bd420fd4045759d2f159940848ffcf6.jpg,736,1308,0,2026-05-29
2026-09-11,look feminino verao,1054827544028414159,26,63,0,,amzlink.to,https://amzlink.to/az07XI90epzUH,https://i.pinimg.com/originals/3a/2f/a7/3a2fa7c81d0452a2b5ac1bb83675a137.jpg,675,1200,0,2026-07-19
2026-09-11,look feminino verao,892768326156562444,27,2,0,"Óculos de Sol Retrô com Armação Retangular de Plástico, Óculos Clássicos com Proteção UV para Viagens ao Ar Livre, Praia, Férias e Uso Diário",onelink.shein.com,https://onelink.shein.com/49/606h11fke1pr?ismg_ol=2bAnH64EWp8_01_KOC-C,https://i.pinimg.com/originals/16/90/ee/1690ee9883720d305bd47e0e7762fbd2.png,1086,1448,0,2026-08-27
2026-09-11,look feminino verao,202521314489522797,28,18,0,Greek Island Escape: Flowy Botanical Skirt & Woven Basket,,,https://i.pinimg.com/originals/33/21/cc/3321cc99d113b0ba56dc8d260758e954.png,1024,1535,0,2026-09-04
2026-09-11,look feminino verao,885520345515683668,29,1453,0,Soft feminine outfit for Summers...🩵,,,https://i.pinimg.com/originals/de/37/5c/de375c4893136fd14f8f1bc9543c3a2c.png,1023,1537,0,2026-05-07
2026-09-11,look feminino verao,864761565979422801,30,3,0,Conjunto Feminino Viscolinho Blusa + Short,meli.la,https://meli.la/2zeRywX,https://i.pinimg.com/originals/d6/9e/a8/d69ea882a6e69c77d86520df775cb3dc.png,941,1672,0,2026-08-21
2026-09-11,look feminino verao,1086352741402012114,31,985,0,Fabulous Linen Shorts Outfit Ideas Perfect For The Season,,,https://i.pinimg.com/originals/2b/d8/61/2bd8614f30d1f21fef79cd70c8529dcb.png,799,1421,0,2026-05-26
2026-09-11,look feminino verao,1337074890568893,32,3637,0,,,,https://i.pinimg.com/originals/8b/42/57/8b4257062a007f96a9df572c419ba4d0.jpg,768,1408,0,2026-07-20
2026-09-11,look feminino verao,1097119159262813013,33,785,0,Como se vestir elegante todos os dias (sem gastar muito),,,https://i.pinimg.com/originals/e8/04/91/e80491598d1bce4380f8db72464fc2ca.png,1024,1536,0,2026-02-26
2026-09-11,look feminino verao,134896951334877272,34,21,0,25 Summer Outfits With Belts For A Flattering Chic Look,sewmamasew.com,https://www.sewmamasew.com/25-summer-outfits-with-belts/,https://i.pinimg.com/originals/94/4e/38/944e3865b71933c0134fe2bf12681bd9.jpg,720,1260,0,2026-08-15
2026-09-11,look feminino verao,1138144137110405855,35,1,0,cropped e shorts,s.shopee.com.br,https://s.shopee.com.br/9AO9GDwp7O?channel_type=pinterest,https://i.pinimg.com/originals/34/51/2b/34512b329f037c2fc7968b6f2e5b3d9c.jpg,1000,1500,0,2026-08-27
2026-09-11,look feminino verao,1047790669577247866,36,764,0,🌴💙 Dreamy Beach Vacation Outfit | Blue Halter Top & White Maxi Skirt Look,,,https://i.pinimg.com/originals/51/4d/32/514d32433abdb98dd965cb5cf338e02e.jpg,1080,1831,0,2026-07-02
2026-09-11,look feminino verao,905293962592534448,37,197,0,,,,https://i.pinimg.com/originals/25/fe/ab/25feab072d1357ee1a8f7ff9163bae3f.jpg,720,1280,0,2024-12-06
2026-09-11,look feminino verao,1140677411903876519,38,1288,0,Green Leaf Print Halter Top & Shorts Set | Tropical Women Summer Outfit | Vacation Resort Wear,,,https://i.pinimg.com/originals/50/86/fa/5086fa6acd2fd2721cc66dc264d18e5c.png,941,1672,0,2026-07-01
2026-09-11,look feminino verao,383509724541153480,39,36,0,16 Brunch Outfit Ideas That Look Expensive (Without Feeling Overdressed),moodandmarble.com,https://www.moodandmarble.com/16-brunch-outfit-ideas-that-look-expensive-without-feeling-overdressed/,https://i.pinimg.com/originals/05/3d/c5/053dc5037885486ce1e1ade1d31f9472.jpg,768,1024,0,2026-09-01
2026-09-11,look feminino verao,1122592644648440459,40,24,0,Mexico Outfit Ideas Worth Packing,dbsguy.com,https://dbsguy.com/30-mexico-vacation-outfit-ideas-for-great-photos/?utm_source=pinterest&utm_medium=partner&utm_campaign=omeima,https://i.pinimg.com/originals/0e/61/4b/0e614b37aafdcd7b2c9ef7263949c9ca.png,941,1672,0,2026-08-25
2026-09-11,look feminino verao,431853051792369067,41,9,0,"All-White Summer Resort Outfit | White Shorts, Tank Top & Linen Shirt",,,https://i.pinimg.com/originals/0f/a0/1d/0fa01d53f690130049c67a6dfec9d1fa.png,1000,1500,0,2026-09-05
2026-09-11,look feminino verao,1081989879249600036,42,15,0,25 Cute Outfits for Hourglass Figure to Highlight Curves,sewmamasew.com,https://www.sewmamasew.com/25-cute-outfits-for-hourglass-figure/,https://i.pinimg.com/originals/d1/df/1e/d1df1e1edfa146d2762238f9184e3053.jpg,720,1260,0,2026-08-28
2026-09-11,look feminino verao,990932724281618106,43,3,0,Conjunto Perfeito,s.shopee.com.br,https://s.shopee.com.br/4qF8DqY8S9?channel_type=pinterest,https://i.pinimg.com/originals/37/92/e1/3792e1e4c5aae54aea6e0e4b2415bfb9.png,1080,1350,0,2026-08-26
2026-09-11,look feminino verao,578008933469752457,44,4,0,Conjunto Feminino ✨️,onelink.shein.com,https://onelink.shein.com/48/5z3jdb3wlsoh,https://i.pinimg.com/originals/77/1e/33/771e3347a35746c73243a1d4a634e90b.png,941,1672,0,2026-08-16
2026-09-11,look feminino verao,1124985181970743435,45,1,0,Conjunto Top e Saia Estampado,onelink.shein.com,https://onelink.shein.com/50/609z6ymsezpa?ismg_ol=Ak1kQ5wHBR5_01_KOC-C,https://i.pinimg.com/originals/72/a3/b2/72a3b2843f09c63b88dee5d6010fab27.png,941,1672,0,2026-08-28
2026-09-11,look feminino verao,1087126797583888259,46,137,0,Polka Dot Summer Outfit from Amazon,amazon.com,https://www.amazon.com/shop/ysdailyfinds/photo/amzn1.shoppablemedia.v1.8dee656b-c659-4861-bcda-7d023eb29a3a?ref_=aipsfphoto,https://i.pinimg.com/originals/7a/d4/d9/7ad4d9374de4f9fa4b97fe84cc5f2090.png,1080,1920,0,2026-06-09
2026-09-11,look feminino verao,225813368811486484,47,23,0,30 Mykonos Vacation Outfit Ideas for Dreamy Island Style,sewmamasew.com,https://www.sewmamasew.com/30-mykonos-vacation-outfit-ideas/,https://i.pinimg.com/originals/48/8d/6d/488d6d69c24340116036828ed8490f8e.jpg,720,1280,0,2026-08-22
2026-09-11,look feminino verao,1108026314605633381,48,51,0,Short Alfaiataria Feminino com Cinto e Bolso | 🔥 Promoção do Dia 🔥 Descrição 2,s.shopee.com.br,https://s.shopee.com.br/3g29qGU4mQ?channel_type=pinterest,https://i.pinimg.com/originals/70/91/20/709120fffcbaa49640b45fbd17397d1a.png,1024,1536,0,2026-07-17
2026-09-11,look feminino verao,6122149488972528,49,909,0,,,,https://i.pinimg.com/originals/4b/51/05/4b5105c47dfbfd17cc7dbd9194f87913.jpg,1079,1919,0,2026-04-11
2026-09-11,look feminino verao,1136736762240738142,51,2,0,Aahwan Solid Formal High-Waisted Pleat Detail Shorts for Women's & Girl's,link.amazon,https://link.amazon/B0gjhCWFp,https://i.pinimg.com/originals/71/6c/27/716c2788fca29aaffa96bc6a7755907a.png,1086,1448,0,2026-08-30
2026-09-11,look feminino verao,1147855023806517784,52,2,0,Look casual chic: regata preta + shorts jeans destroyed 🖤👖,meli.la,https://meli.la/17mGBSi,https://i.pinimg.com/originals/37/83/80/3783802d07e09e43b6b06c95a4590a89.png,1086,1448,0,2026-08-29
2026-09-11,look feminino verao,422281212961258,53,980,0,35 Summer Travel Outfits for Stylish Getaways,sewmamasew.com,https://www.sewmamasew.com/35-summer-travel-outfits/,https://i.pinimg.com/originals/8d/ff/db/8dffdb54fd9f61748bf642f3a8f1d793.jpg,720,1280,0,2026-07-29
2026-09-11,look feminino verao,251638697930332283,54,24,0,conjunto shein,onelink.shein.com,https://onelink.shein.com/49/5zw4jth05ord?ismg_ol=L0mUY3mCGhN_01_KOC-C,https://i.pinimg.com/originals/21/de/09/21de0965b84e6e883c7ee775def60929.jpg,768,1365,0,2026-09-05
2026-09-11,look feminino verao,4595079094475230080,55,0,0,Conjunto Verão Feminino Shorts Blusa Regata Elastico KARINA,br.shein.com,https://br.shein.com/ark/default?scene=1&test=5051&ad_type=DPA&goods_id=553627874&pf=PINTEREST&link_type=link&url_from=PINADSDPA&ismg=ad7017fbec5cb23d0d92e3da77911cd064e320c2e24c2651dd496dd23f641487_01_1789059762,https://i.pinimg.com/originals/d8/d8/0c/d8d80cd73b9afa3d0f179ee263831cd5.jpg,1340,1785,0,2026-08-29
2026-09-11,look feminino verao,1133570168740468843,56,334,0,White Linen Vest Shorts Set | Model Summer Co-ord,amzn.to,https://amzn.to/3R0Re8z,https://i.pinimg.com/originals/c5/c3/23/c5c3232eeeab74b996ac50972613625d.jpg,810,1440,0,2026-07-05
2026-09-11,look feminino verao,771030398750166708,57,1,0,conjunto Shein 🔗 aqui ⬆️,onelink.shein.com,https://onelink.shein.com/49/5zpm3186h9ik?ismg_ol=6tNqL4XwtBw_01_KOC-C,https://i.pinimg.com/originals/ff/e6/c2/ffe6c2ad0c9358d8ae1c4938583c0b32.jpg,1080,1920,0,2026-08-22
2026-09-11,look feminino verao,176977460353700091,58,370,0,Clean Girl Rome Outfit 🤍 What to Wear on a Cruise Port Day,about2cruise.co.uk,https://about2cruise.co.uk/rome-outfits-that-wont-scream-tourist-what-to-wear-for-every-season/,https://i.pinimg.com/originals/02/63/63/02636372f1a5a6abcd44e1cd3dc2f6c5.jpg,737,1313,0,2026-06-11
2026-09-11,look feminino verao,4606830662653991808,59,522,0,25 Florence Outfit Ideas for Dreamy Italian Travel...,sewmamasew.com,https://www.sewmamasew.com/25-florence-outfit-ideas/,https://i.pinimg.com/originals/fb/60/c0/fb60c02ca24f15f1d48dc66dc6fed711.jpg,720,1280,0,2026-07-24
2026-09-11,look feminino verao,917397386619678108,60,8,0,,,,https://i.pinimg.com/originals/a7/60/ab/a760ab00de1b1fed54765924c5bb8abe.jpg,736,1104,0,2026-08-26
2026-09-11,look feminino verao,4606267756683026816,61,9843,0,40 Cute Spring Vacation Outfits for Your Getaway,sewmamasew.com,https://www.sewmamasew.com/40-spring-vacation-outfits/,https://i.pinimg.com/originals/df/02/52/df0252d9aab8831209ad58372129cbbc.jpg,720,1280,0,2026-05-16
2026-09-11,look feminino verao,1150106823622535080,62,8,0,Conjunto alfaiataria Verão🌞✨,s.shopee.com.br,https://s.shopee.com.br/9Kh2rDIoZo?channel_type=pinterest,https://i.pinimg.com/originals/c4/4e/f6/c44ef6a5f9dca5ba1382b0acfb553830.jpg,736,1307,0,2026-08-06
2026-09-11,look feminino verao,1085226841492525650,64,128,0,look com bermuda de alfaiataria,meli.la,https://meli.la/2LyaW3q,https://i.pinimg.com/originals/d7/3e/ce/d73ecea1c59182ccffbe376b13d67591.png,941,1672,0,2026-07-29
2026-09-11,look feminino verao,64457838418817501,65,21,0,,cdn.sewmamasew.com,https://cdn.sewmamasew.com/wp-content/uploads/2026/07/White-Tube-Top-With-Linen-Pants-Outfit.jpg?width=500&quality=75,https://i.pinimg.com/originals/7c/aa/43/7caa430693494d41608526e04e41db5b.jpg,500,889,0,2026-09-02
2026-09-11,look feminino verao,2744449770366740,66,648,0,,,,https://i.pinimg.com/originals/2c/fb/22/2cfb22ccc6d33ad977577faf775ddc9a.jpg,941,1672,0,2026-08-26
2026-09-11,look feminino verao,1096626578039818912,67,5318,0,Summer Old Money Outfit ✨ | Elegant White Linen Shorts & Chic Minimal Style | Quiet Luxury Aesthetic,,,https://i.pinimg.com/originals/23/9d/b0/239db0bedc0ee71d79c0e2172a5086ea.png,1086,1448,0,2026-06-28
2026-09-11,look feminino verao,1096204365582233850,68,1,0,Conjunto Feminino • Moda Feminina • Moda Verão ✨,s.shopee.com.br,https://s.shopee.com.br/8plNNCMgrk?channel_type=pinterest,https://i.pinimg.com/originals/d2/e9/6a/d2e96af144dbb1a31985c24ca2d5ffdc.png,941,1672,0,2026-08-30
2026-09-11,look feminino verao,1118722363680423081,69,2705,0,,,,https://i.pinimg.com/originals/19/99/27/199927b547439043324d044ec06958ae.jpg,736,1227,0,2024-08-19
2026-09-11,look feminino verao,1142718105493004429,70,50,0,Kimono para Praia de Verão e Férias🏝 😍,onelink.shein.com,https://onelink.shein.com/48/5z32oq38btwo,https://i.pinimg.com/originals/88/40/e8/8840e8808b32e9b78046b11b99e2ebb8.png,941,1672,0,2026-08-16
2026-09-11,look feminino verao,536772849361917104,71,14,0,This White Linen Set Is Peak European Summer Style 🍋🌊,,,https://i.pinimg.com/originals/6c/b4/ff/6cb4ff0fde21baf4a3f5629cbf417710.jpg,1024,1536,0,2026-09-05
2026-09-11,look feminino verao,4604297428686363520,72,78,0,30 Summer Resort Wear Outfit Ideas for Chic...,sewmamasew.com,https://www.sewmamasew.com/30-summer-resort-wear-outfit-ideas/,https://i.pinimg.com/originals/01/12/8b/01128bea101321a7a9827ec2bd022cd4.jpg,720,1280,0,2026-07-24
2026-09-11,look feminino verao,1094937728177526135,73,783,0,Chocolate Coast Co-Ord Set,,,https://i.pinimg.com/originals/68/e7/71/68e7719b6cdaecd95bef9b8334de623b.png,1023,1537,0,2026-05-23
2026-09-11,look feminino verao,1132936850046141339,74,1,0,Kit 2 Short Feminino Alfaiataria Social com dois Cinto Cintura Alta PROMOÇÃO,s.shopee.com.br,https://s.shopee.com.br/4VcQqITLeE?channel_type=pinterest,https://i.pinimg.com/originals/8f/71/4f/8f714f9090eaa5270470b3a061f5be15.jpg,1200,1600,0,2026-08-31
2026-09-11,calca legging canelada,1123296332089276567,1,1,0,Calça Legging Marrom Canelada Feminina 🤎,s.shopee.com.br,https://s.shopee.com.br/8AVZMy5D8a?channel_type=pinterest,https://i.pinimg.com/originals/81/d9/f3/81d9f3cb70297b70ab26b2a1949684cc.png,1023,1537,0,2026-08-27
2026-09-11,calca legging canelada,442408363419155078,2,1,0,🔍 Calça legging canelada sem costura,meli.la,https://meli.la/2XNrQqS,https://i.pinimg.com/originals/24/4b/68/244b68e8271c49631daa699a6487fb99.png,941,1672,0,2026-08-17
2026-09-11,calca legging canelada,1128503619166717682,3,1,0,"￼Calça Legging Canelada de Cintura Alta Sem Costura para Academia Feminina, Elástica e Fitness ✨",s.shopee.com.br,https://s.shopee.com.br/2VrBCKJ3Vb?channel_type=pinterest,https://i.pinimg.com/originals/be/52/a1/be52a1cd2c66c3219f7620b498b4d812.jpg,1080,1920,0,2026-08-24
2026-09-11,calca legging canelada,4597893871423431552,4,0,0,Calça Legging Canelada Poliamida Sem Transparência Academia Cintura Alta Alta Qualidade e Conforto,br.shein.com,https://br.shein.com/ark/default?scene=1&test=5051&ad_type=DPA&goods_id=541759614&pf=PINTEREST&link_type=link&url_from=PINADSDPA&ismg=28fd37792304261789bfe2f4e7f513062f9b4f1de39794f4ad91d6033576ce1b_01_1789059832,https://i.pinimg.com/originals/49/f6/73/49f673abc8cedc9921b417b606b4433c.jpg,1200,1540,0,2026-08-15
2026-09-11,calca legging canelada,632052129002671901,5,1,0,Calça Legging Flare,meli.la,https://meli.la/1ni6hZA,https://i.pinimg.com/originals/56/8a/59/568a5958d1da2d32b8277309ed8b081b.jpg,750,950,0,2026-08-20
2026-09-11,calca legging canelada,4592897644372566912,6,0,0,Calça Legging Fitness Canelada Cintura Alta Poliamida Sem Transparência Confortável Que Não Marca,br.shein.com,https://br.shein.com/ark/default?scene=1&test=5051&ad_type=DPA&goods_id=541721282&pf=PINTEREST&link_type=link&url_from=PINADSDPA&ismg=3515360debcdb29e1a6a87f6adc0a14f8f89b26329b89c245e0af755d4a72fa4_01_1789059730,https://i.pinimg.com/originals/f5/5a/dd/f55add2c37548da5cb88bb1a981b572f.jpg,1200,1540,0,2026-08-18
2026-09-11,calca legging canelada,1128855462876321789,7,3,0,"Calça Legging Canelada de Cintura Alta Sem Costura para Academia Feminina, Elástica e Fitness 🤎",,,https://i.pinimg.com/originals/b1/eb/49/b1eb49da80f1d3c7a8c122a8edd7417b.jpg,736,1008,0,2026-06-19
2026-09-11,calca legging canelada,967007351249567720,8,18,0,"👋 Oii Galera 🏋️ Calça Legging Canelada de Cintura Alta Conforto, estilo e performance para seus treinos! ✨ ✔️ Modelo sem costura para mais liberdade de movimento ✔️ Cintura alta que valoriza a silhuet",instagram.com,https://www.instagram.com/p/DNvpBjGWjqs/?img_index=3,https://i.pinimg.com/originals/e9/03/f7/e903f705e359144b911f5f1eec9cbdfc.jpg,800,1060,0,2025-08-25
2026-09-11,calca legging canelada,1128785094132007520,9,1,0,"Calça Legging Canelada de Cintura Alta Sem Costura para Academia Feminina, Elástica e Fitness🌸",s.shopee.com.br,https://s.shopee.com.br/9ANGpaCtgN?channel_type=pinterest,https://i.pinimg.com/originals/d5/f3/be/d5f3be351106a0ebdf3113fd4f060084.jpg,736,1104,0,2026-07-24
2026-09-11,calca legging canelada,757941812334409486,10,1,0,calça legging canelada,br.shp.ee,https://br.shp.ee/lit6rtb8?fromSource=copy_link&smtt=0.0.9,https://i.pinimg.com/originals/47/13/29/471329f05242b1b4b52bb37c0ccb2ef8.jpg,720,1280,0,2026-08-28
2026-09-11,calca legging canelada,949274427729503036,11,1,0,Calça legging mais vendida do momento ✨💥😍,meli.la,https://meli.la/276Z2zj,https://i.pinimg.com/originals/d6/d6/25/d6d62550fcad99f1aa54dc187217358c.jpg,1200,1600,0,2026-08-20
2026-09-11,calca legging canelada,4594656902521627520,12,0,0,Sport Studio Leggings esportivas Calça Canelada modeladoras sem costura de cintura alta em cor sólida,br.shein.com,https://br.shein.com/ark/default?scene=1&test=5051&ad_type=DPA&goods_id=511412036&pf=PINTEREST&link_type=link&url_from=PINADSDPA&ismg=d73c08921d0096c9acec9ad5e2f3157cbb6e90485a40aea37f9a54ff5dc8ecb9_01_1789059810,https://i.pinimg.com/originals/a1/80/e1/a180e17f5c954dc2df7f007fc3feed3d.jpg,1340,1785,0,2026-08-19
2026-09-11,calca legging canelada,308567011992678287,13,1,0,￼Calça Legging Canelada de Cintura Alta Sem Costura para academia,s.shopee.com.br,https://s.shopee.com.br/3qMaqNq8yw?channel_type=pinterest,https://i.pinimg.com/originals/52/9c/0d/529c0d6c3d4b1bfea5628e7d9b129c2c.jpg,720,959,0,2026-08-25
2026-09-11,calca legging canelada,4591701397527382912,14,0,0,Sport Studio Leggings esportivas Calça Canelada modeladoras sem costura de cintura alta em cor sólidaYI-83,br.shein.com,https://br.shein.com/ark/default?scene=1&test=5051&ad_type=DPA&goods_id=558182630&pf=PINTEREST&link_type=link&url_from=PINADSDPA&ismg=e00491425c8eb72b012c6f000b2d4fb7447f397a6bffddb37e2e215e8cbe8bf2_01_1789059917,https://i.pinimg.com/originals/8f/ba/7a/8fba7a0c139d38740f9e04d67fdf562e.jpg,1340,1785,0,2026-08-30
2026-09-11,calca legging canelada,1124281494504293167,15,1,0,"Calça Legging Canelada de Cintura Alta Sem Costura para Academia Feminina, Elástica e Fitness",s.shopee.com.br,https://s.shopee.com.br/1VyfbLFF37?channel_type=pinterest,https://i.pinimg.com/originals/cb/85/01/cb8501113c12d249ea42ccdea050f898.jpg,768,1376,0,2026-08-25
2026-09-11,calca legging canelada,1102326446326301776,16,2,0,"Calça legging canelada de cintura alta sem costura para academia feminina, elástica e firness🤎",,,https://i.pinimg.com/originals/4d/9b/31/4d9b3118ff8a8dadddfb2b0f6da16b04.jpg,736,1308,0,2026-07-23
2026-09-11,calca legging canelada,1124422231998973223,17,1,0,Calça Legging Canelada Premium de Cintura Alta Sem Costura Academia Feminina Elástica e Fitness,s.shopee.com.br,https://s.shopee.com.br/5LBKv7LQn5?channel_type=pinterest,https://i.pinimg.com/originals/4a/1d/1f/4a1d1f9982e7239c339477b9d7f8a470.jpg,736,1104,0,2026-08-23
2026-09-11,calca legging canelada,705798572896844880,18,2,0,Legging Canelada cintura alta para academia,s.shopee.com.br,https://s.shopee.com.br/112L9S9PQq?channel_type=pinterest,https://i.pinimg.com/originals/af/47/5a/af475aa8abc8b44ce2e5d1fd8e4be4dd.png,941,1672,0,2026-08-23
2026-09-11,calca legging canelada,674062269274595589,19,1,0,"Calça Legging Canelada de Cintura Alta Sem Costura para Academia Feminina, Elástica e Fitness",s.shopee.com.br,https://s.shopee.com.br/2BERkZvJRG?channel_type=pinterest,https://i.pinimg.com/originals/a8/3d/e7/a83de7b7841486940a81269e084903eb.webp,1024,1024,0,2026-08-28
2026-09-11,calca legging canelada,1046735138413506411,20,1,0,"Calça Legging Canelada de Cintura Alta Sem Costura para Academia Feminina, Elástica e Fitness",s.shopee.com.br,https://s.shopee.com.br/903nEULirP?channel_type=pinterest,https://i.pinimg.com/originals/98/b6/55/98b655d0132bd9490e36042a4062ddec.jpg,736,1104,0,2026-07-21
2026-09-11,calca legging canelada,790170697170160374,21,1,0,￼Calça Legging Canelada de Cintura Alta Sem Costura para Academia Fitness,s.shopee.com.br,https://s.shopee.com.br/7VFtVWUJYA?channel_type=pinterest,https://i.pinimg.com/originals/cc/f4/07/ccf40799378db333a07ebe461934d0c9.jpg,1440,1440,0,2026-08-26
2026-09-11,calca legging canelada,263460646946701717,22,42,0,Calça legging canelada premium,s.shopee.com.br,https://s.shopee.com.br/4fsnJo1K7H?channel_type=pinterest,https://i.pinimg.com/originals/b0/01/22/b0012261cdc4deeedf41b69b3db3e243.jpg,1056,1892,1,2026-08-21
2026-09-11,calca legging canelada,697495061087212708,23,1,0,"Calça Legging Canelada de Cintura Alta Sem Costura para Academia Feminina, Elástica e Fitness",s.shopee.com.br,https://s.shopee.com.br/LmXdo5Ctg?channel_type=pinterest,https://i.pinimg.com/originals/e2/80/83/e28083ab1b1cefa5893ce734d0899f0d.jpg,1024,1024,0,2026-08-18
2026-09-11,calca legging canelada,663788432619090709,24,36,0,"A calça perfeita existe e eu posso provar! Seu toque é aveludado proporcionando conforto, qualidade e zero transparência! Treine com segurança e estilo ✨ #canelado #legging #gym #academia #roupafitnes",instagram.com,https://www.instagram.com/p/DQaUHUCibQy/,https://i.pinimg.com/originals/d2/cf/ea/d2cfeaa7a17476040cc60ebcaec1bfe4.jpg,1242,1650,0,2025-10-30
2026-09-11,calca legging canelada,4591701421070990976,25,5,0,Legging Fitness Feminina Preto Canelada Com Cós Alto Seamless+ Dlk - PRETO / M,dlk.com.br,https://dlk.com.br/products/legging-fitness-feminina-preto-canelada-com-cos-alto-seamless-dlk?variant=47689374761172,https://i.pinimg.com/originals/50/32/fe/5032febf641389f0a9d3f0966ceb473f.jpg,1000,1428,0,2026-06-18
2026-09-11,calca legging canelada,1109715164490607638,26,21,0,"🔥 Conforto e estilo que modelam seu corpo! Essa legging canelada é perfeita para seus treinos ou looks casuais. Cintura alta, tecido que valoriza e super confortável. Disponíveis nas Cores: ❤️💙🖤 Garan",instagram.com,https://www.instagram.com/p/DFc6c6tOHe3/,https://i.pinimg.com/originals/f6/83/a2/f683a2783e460bfd9fdb01bf906d47bb.jpg,1440,1800,0,2025-05-07
2026-09-11,calca legging canelada,708613322668894443,27,10,0,🤌🏻🤌🏻🤌🏻Comprei sem expectativa e me surpreendeu muitoooo,br.shp.ee,https://br.shp.ee/07bwjgzt?smtt=0.0.9,https://i.pinimg.com/originals/26/13/c4/2613c4e3089a6abc2a747e4c4b1f5e48.jpg,1200,1200,0,2026-06-09
2026-09-11,calca legging canelada,4603734422302383872,28,1,0,Calça Legging Feminina Canelada em Poliamida Premium Sem Transparência Cintura Alta para Academia e Moda Fitness,br.shein.com,https://br.shein.com/ark/default?scene=1&test=5051&ad_type=DPA&goods_id=142656792&pf=PINTEREST&link_type=link&url_from=PINADSDPA&ismg=65ecf29ef2483433f3d7d3081c75fd0fefbbf026cb2c562420213f81605d07d4_01_1789059766,https://i.pinimg.com/originals/02/bb/06/02bb06ba350ccc97fcecdc0f5202fa90.jpg,1340,1785,0,2026-01-03
2026-09-11,calca legging canelada,383861568261175834,29,64,0,"Calça Legging Canelada de Cintura Alta Sem Costura para Academia Feminina, Elástica, Esportiva e Fitness por R$39,99. Compre na Shopee agora! https://s.shopee.com.br/2LQ38MVxb4",instagram.com,https://www.instagram.com/reel/DQX0SIdD9JA/,https://i.pinimg.com/originals/05/97/30/059730b8eb03f5e97a8adfc816e7e1c3.jpg,564,1000,1,2026-06-01
2026-09-11,calca legging canelada,4605352942409584704,30,0,0,Calça Legging Fitness Canelada Cintura Alta Poliamida Sem Transparência Confortável Que Não Marca,br.shein.com,https://br.shein.com/ark/default?scene=1&test=5051&ad_type=DPA&goods_id=541721934&pf=PINTEREST&link_type=link&url_from=PINADSDPA&ismg=75919d6c1115e527b2c7f93b57f537e0dc35967b4736144b8282189faf5ac592_01_1789059760,https://i.pinimg.com/originals/cd/08/23/cd0823ae31ce901769e188422dec6583.jpg,1200,1540,0,2026-09-01
2026-09-11,calca legging canelada,967007351249567724,31,3,0,"👋 Oii Galera 🏋️ Calça Legging Canelada de Cintura Alta Conforto, estilo e performance para seus treinos! ✨ ✔️ Modelo sem costura para mais liberdade de movimento ✔️ Cintura alta que valoriza a silhuet",instagram.com,https://www.instagram.com/p/DNvpBjGWjqs/?img_index=7,https://i.pinimg.com/originals/c4/59/61/c459617f47e9fa0f0cfb77dffad2c6c7.jpg,800,1060,0,2025-08-25
2026-09-11,calca legging canelada,4595290237824701312,32,0,0,Calça Legging Canelada Feminina Cintura Alta,br.shein.com,https://br.shein.com/ark/default?scene=1&test=5051&ad_type=DPA&goods_id=406586353&pf=PINTEREST&link_type=link&url_from=PINADSDPA&ismg=a332b26be32b2af692e720628bcd11221e088b9885c1a05d3042b9b5f8e9c23f_01_1789059804,https://i.pinimg.com/originals/4e/c5/00/4ec500c040c2a8df06af322a5c210cec.jpg,1340,1785,0,2026-08-23
2026-09-11,calca legging canelada,4603453005082001472,33,0,0,Calça Legging Feminina Canelada Premium Sem Transparência Cintura Alta Academia Yoga Treino Fitness,br.shein.com,https://br.shein.com/ark/default?scene=1&test=5051&ad_type=DPA&goods_id=557511024&pf=PINTEREST&link_type=link&url_from=PINADSDPA&ismg=d194bd958da6e6c82cc565ddfc2e22dd112e5c3449635660d42682597679e085_01_1789059821,https://i.pinimg.com/originals/41/f0/8f/41f08f6c83fd822fc9f5f5b36e0063af.jpg,1254,1254,0,2026-08-27
2026-09-11,calca legging canelada,988469818236453480,34,1,0,"Calça Legging Canelada de Cintura Alta Sem Costura para Academia Feminina, Elástica",s.shopee.com.br,https://s.shopee.com.br/9AO3UxQR4p?channel_type=pinterest,https://i.pinimg.com/originals/53/fa/f2/53faf20c0be65bc7e28e6d4dc771d8e8.png,711,711,0,2026-08-23
2026-09-11,calca legging canelada,4595360566566865792,35,0,0,Legging Sara cor marsala canelada,heatzoficial.com.br,https://www.heatzoficial.com.br/produtos/legging-sara-cor-marsala-canelada/,https://i.pinimg.com/originals/db/a0/87/dba0876aeb5e0d514bd3e09e3f33e1a5.jpg,666,1000,0,2026-08-30
2026-09-11,calca legging canelada,833025262367874887,36,2,0,jelik fashions Calça Legging Tecido Poliamida Canelado Premium Sem Transparência Academia Fitness,onelink.shein.com,https://onelink.shein.com/17/52u7bdctia02,https://i.pinimg.com/originals/72/a9/09/72a909bad750e403f26cb6365fb13330.jpg,1340,1785,0,2025-10-03
2026-09-11,calca legging canelada,4603664090924638272,37,0,0,Calça Legging Feminina Canelada Sem Costura Cintura Alta Poliamida Fitness Academia - Preto | Netshoes,netshoes.com.br,https://www.netshoes.com.br/R7I-0048-006?campaign=netpro_rt_geral&amp&amp&amp&amp,https://i.pinimg.com/originals/cb/1d/85/cb1d850088af2937bd7534daf5318616.jpg,1200,1200,0,2026-09-01
2026-09-11,calca legging canelada,593208582207040563,38,3,0,Calça Legging de Cintura Alta | Academia | Fitness,s.shopee.com.br,https://s.shopee.com.br/7pjx9mHbzr?channel_type=pinterest,https://i.pinimg.com/originals/0d/2d/d0/0d2dd02a95ec62bffef075af45d6c117.jpg,1024,1536,0,2025-09-18
2026-09-11,calca legging canelada,1076149273475976140,39,2,0,Calça Legging Sem Costura Canelada Feminina Fitness,mercadolivre.com,https://mercadolivre.com/sec/2CkthAG,https://i.pinimg.com/originals/f7/da/fe/f7dafe07bc0ff66925e056192de292f7.webp,389,500,0,2025-11-16
2026-09-11,calca legging canelada,4598034606946462592,40,0,0,Calça Legging Feminina Canelada Premium Sem Transparência Cintura Alta Academia Yoga Treino Fitness,br.shein.com,https://br.shein.com/ark/default?scene=1&test=5051&ad_type=DPA&goods_id=557510930&pf=PINTEREST&link_type=link&url_from=PINADSDPA&ismg=2698972118b0e429398558b375db02b4fcb7fef10f550c1b3dd5b05cb474d801_01_1789059815,https://i.pinimg.com/originals/b2/13/a2/b213a2a90fb1b2dd24aea8b6359644f5.jpg,1254,1254,0,2026-08-28
2026-09-11,calca legging canelada,4590645837908259712,41,0,0,Calça Legging Fitness Canelada Cintura Alta Poliamida Sem Transparência Confortável Que Não Marca,br.shein.com,https://br.shein.com/ark/default?scene=1&test=5051&ad_type=DPA&goods_id=541726882&pf=PINTEREST&link_type=link&url_from=PINADSDPA&ismg=374fe61e20fe68afc7e350de177fb0b39d77d2dc944a032ba73b924a4b482661_01_1789059736,https://i.pinimg.com/originals/1d/fd/87/1dfd8734068cdb424326e6cbf8299331.jpg,1200,1540,0,2026-08-26
2026-09-11,calca legging canelada,267471665368207188,42,1,0,Calça legging canelada,s.shopee.com.br,https://s.shopee.com.br/20ujW6rCSK?channel_type=pinterest,https://i.pinimg.com/originals/e4/30/e5/e430e544df1fb4ff4c3e66958c2b12e9.jpg,1080,1920,0,2026-08-17
2026-09-11,calca legging canelada,663788432617722822,43,2,0,,,,https://i.pinimg.com/originals/e9/a6/82/e9a682246cdf99f60b89e5da0f268b7c.jpg,915,1226,0,2025-08-19
2026-09-11,calca legging canelada,1083045410422226382,44,1,0,Calça legging,s.shopee.com.br,https://s.shopee.com.br/8V8UszI9GH?channel_type=pinterest,https://i.pinimg.com/originals/12/9d/94/129d940936fb84d7f02769de5558df3c.jpg,800,800,0,2026-08-28
2026-09-11,calca legging canelada,800726008795451531,45,3,0,Roupa fitness,s.shopee.com.br,https://s.shopee.com.br/8KkYHcLcu6?channel_type=pinterest,https://i.pinimg.com/originals/07/cd/a9/07cda9dacce0eaa5c6a90cab1f79f9ab.jpg,853,1280,0,2026-03-05
2026-09-11,calca legging canelada,1118651995020340497,47,1,0,"Calça Legging Canelada de Cintura Alta Sem Costura para Academia Feminina, Elástica e Fitness💙",s.shopee.com.br,https://s.shopee.com.br/9ANXtM7rJ2?channel_type=pinterest,https://i.pinimg.com/originals/c7/c9/76/c7c9769cf3a9207c2e3ae032a145cc92.jpg,736,736,0,2026-08-03
2026-09-11,calca legging canelada,4606760300163559296,48,0,0,Calça Legging fitness Canelada alto relevo Poliamida Ultra Premium Chill Cor:;Tamanho:GG - Off White | Netshoes,netshoes.com.br,https://www.netshoes.com.br/p/calca-legging-fitness-canelada-alto-relevo-poliamida-ultra-premium-chill-cortamanhogg-off+white-GH6-0051-205,https://i.pinimg.com/originals/19/4f/e4/194fe419fdfd652b2862910f8721a67b.jpg,1088,1088,0,2026-08-17
2026-09-11,calca legging canelada,35536284556595382,49,11,0,Calça legging LUARA! Aquela peça que esgota rapidinho por aqui✨ com muito elastano e conforto também Disponível do P ao G,instagram.com,https://www.instagram.com/p/DKfhtuRSdo-/?img_index=3,https://i.pinimg.com/originals/ef/ee/6a/efee6ac7a3d21e188fabe17dae9682f0.jpg,1440,1920,0,2026-04-14
2026-09-11,calca legging canelada,1060034831054894508,51,1,0,"Calça Legging Canelada de Cintura Alta Sem Costura para Academia Feminina, Elástica e Fitness",s.shopee.com.br,https://s.shopee.com.br/803umeCyys?channel_type=pinterest,https://i.pinimg.com/originals/e9/5f/68/e95f68c25940558190cf884c517fa9cb.png,1024,1536,0,2025-10-09
2026-09-11,calca legging canelada,376895062587712077,52,1,0,Shopee Brasil | Ofertas incríveis. Melhores preços do mercado,shopee.com.br,https://shopee.com.br/Cal%C3%A7a-Legging-Canelada-Premium-de-Cintura-Alta-Sem-Costura-Academia-Feminina-El%C3%A1stica-e-Fitness-i.790634216.22699042632?channel_type=pinterest,https://i.pinimg.com/originals/e3/3a/81/e33a814acf627c48424bb3269efce7d2.webp,828,828,0,2026-03-04
2026-09-11,calca legging canelada,4601201157263769664,53,0,0,Calça Legging Tecido Poliamida Canelado Premium Sem Transparência Academia Fitness,br.shein.com,https://br.shein.com/ark/default?scene=1&test=5051&ad_type=DPA&goods_id=367995212&pf=PINTEREST&link_type=link&url_from=PINADSDPA&ismg=3ee619e7beb562b6e0f31117ad1de7eb93e5224b2b8476e0a87e0859b82be753_01_1789059760,https://i.pinimg.com/originals/70/b4/88/70b488f8b7f7a8952169c95a9a51beb4.jpg,1340,1785,0,2026-08-29
2026-09-11,calca legging canelada,1094515515717388802,54,1,0,Calça Legging Canelada de Cintura Alta Sem Costura Academia Feminina Elástica e Fitness,s.shopee.com.br,https://s.shopee.com.br/2qScSuN29n?channel_type=pinterest,https://i.pinimg.com/originals/87/e0/32/87e032a8957b32e1429f770e042d7832.jpg,1000,1000,0,2026-06-30
2026-09-11,calca legging canelada,1108026314594581927,55,2,0,Calça Legging Feminina Canelada de Cintura Alta Sem Costura Look Casual Academia Fitness - Marrom,s.shopee.com.br,https://s.shopee.com.br/gKIkvLDo8?channel_type=pinterest,https://i.pinimg.com/originals/6a/d8/e0/6ad8e0b8b57c973e69d6330421a0202b.jpg,800,1066,0,2026-02-02
2026-09-11,calca legging canelada,233694668162224203,56,11,0,Calça canelada sem costura,onelink.shein.com,https://onelink.shein.com/45/5x8jzob7rtaa,https://i.pinimg.com/originals/05/01/f4/0501f43b2d65e7874ab79fbbe4dd034d.jpg,1080,1920,0,2026-08-18
2026-09-11,calca legging canelada,747175394477007251,57,1,0,"Calça Legging Canelada Feminina Cintura Alta Sem Costura Compressão Modeladora Fitness Academia, Yoga e Casual – Tecido Premium PULSE FITNESS",onelink.shein.com,https://onelink.shein.com/30/5hcmeklkzfae,https://i.pinimg.com/originals/e7/99/6f/e7996fad96d30fb052bc88c779af02a3.jpg,405,539,0,2026-02-23
2026-09-11,calca legging canelada,1123085225860579614,58,3,0,Calça Legging Canelada Preta - Cintura Alta Com Costura Realça Bumbum,s.shopee.com.br,https://s.shopee.com.br/4LB2EXyYTA?channel_type=pinterest,https://i.pinimg.com/originals/73/57/2a/73572a7455908c8bbac3055c68088036.jpg,750,750,0,2026-02-06
2026-09-11,calca legging canelada,1091982240928056862,59,1,0,ARARA SPORT KIT 2 Calça Legging Canelada Poliamida Sem Costura Sem Empina Cintura Alta Zero Transpar,vt.tiktok.com,https://vt.tiktok.com/ZS9BY4KBdWWjy-MFbTY/,https://i.pinimg.com/originals/d5/29/db/d529db8fc4522c3a6e50e0e38bbcaecb.jpg,1220,1273,0,2026-08-25
2026-09-11,calca legging canelada,4593390222885767808,60,0,0,Calça legging fitness feminina canelada cintura alta com brilho para treino premium,br.shein.com,https://br.shein.com/ark/default?scene=1&test=5051&ad_type=DPA&goods_id=381710559&pf=PINTEREST&link_type=link&url_from=PINADSDPA&ismg=14e27af22d35c909eb9018199eeaa49cd147a5ae013bfd6b03cad80a64b5afcf_01_1789059810,https://i.pinimg.com/originals/c2/e1/07/c2e1071123d4756d354eb6033815a6e6.jpg,1340,1785,0,2026-05-19
2026-09-11,calca legging canelada,1084945366512823367,61,2,0,calça legging marrom,onelink.shein.com,https://onelink.shein.com/46/5y2ni40a5kbr?ismg_ol=2d2cb03d503335bce2ebb708385f0265b66e0890bddcac363a8fbfdd7a1a5154_01_KOC-C,https://i.pinimg.com/originals/6c/81/72/6c8172c526735662bd35838687cd836b.jpg,736,981,0,2026-08-06
2026-09-11,calca legging canelada,1045257394789429849,62,2,0,Calsa Leggings Estilosa,s.shopee.com.br,https://s.shopee.com.br/4AzeyrascI?channel_type=pinterest,https://i.pinimg.com/originals/76/7b/79/767b79a14cd7e80a54bafcaa165b9a56.jpg,735,1105,0,2026-09-03
2026-09-11,calca legging canelada,4591560678618352512,64,0,0,"Legging N. C. Virginia Fitness Feminina Textura Canelada Premium, Alta Compressão, Proteção UV50+ e Transparência Zero",larahsmart.com.br,https://www.larahsmart.com.br/produtos/legging-n-c-virginia-fitness-feminina-textura-canelada-premium-alta-compressao-protecao-uv50-e-transparencia-zero/,https://i.pinimg.com/originals/ee/38/eb/ee38eb06a016951da46ee18d7647de3b.png,1024,1271,0,2026-08-30
2026-09-11,calca legging canelada,4596979023473120896,65,0,0,"Legging Feminina Academia, Legging Sem Costura Canelado Premium, Zero Transparência",br.shein.com,https://br.shein.com/ark/default?scene=1&test=5051&ad_type=DPA&goods_id=179225309&pf=PINTEREST&link_type=link&url_from=PINADSDPA&ismg=7e707edf8d3e1f82b4a6b96eb8333dad782377ae4b04fddd6e7504ae7d5b3221_01_1789059766,https://i.pinimg.com/originals/04/92/ac/0492acb0397b06876a0c0ebe38077b7e.jpg,1228,1600,0,2026-05-31
2026-09-11,calca legging canelada,1067001336722979401,66,1,0,Legging Canelada de Cintura Alta Sem Costura,s.shopee.com.br,https://s.shopee.com.br/801wLXerGS?channel_type=pinterest,https://i.pinimg.com/originals/ad/b9/6e/adb96ed6cddeaa1ff0fab6971fa872f0.jpg,1000,1500,0,2025-07-24
2026-09-11,calca legging canelada,4592897684088636288,67,0,0,Juju Lanconi - Legging Fitness Posh Branca Canelada - 33331737 - Hipkini,jujulanconi.com.br,https://jujulanconi.com.br/legging-fitness-posh-branca-canelada-33331737-hipkini/product/187350/,https://i.pinimg.com/originals/40/fb/3e/40fb3efd795c894ee50dc6c499ebbca2.jpg,800,1200,0,2026-08-16
2026-09-11,calca legging canelada,975521969306137042,68,3,0,Legging Feminina,meli.la,https://meli.la/14VoWMZ,https://i.pinimg.com/originals/90/3b/de/903bde4df1b8f525dcfeb8938888ac54.webp,390,500,0,2026-07-04
2026-09-11,calca legging canelada,932245191641703279,69,1,0,Calça Legging Canelada Feminina Academia Sem Costura Fitness,meli.la,https://meli.la/1pStrRz,https://i.pinimg.com/originals/b2/e2/b1/b2e2b104d1fedc682ad2d7caf19c9058.jpg,1200,1600,0,2026-08-02
2026-09-11,calca legging canelada,784611566398053036,70,1,0,Calça Flare,s.shopee.com.br,https://s.shopee.com.br/8pl77xggad?channel_type=pinterest,https://i.pinimg.com/originals/66/88/1f/66881f7dcd4b670d3090bff870cef521.jpg,853,1280,0,2026-08-19
2026-09-11,calca legging canelada,1122311169758105972,71,29,0,legging SHEIN,onelink.shein.com,https://onelink.shein.com/44/5wrpvlepf3ep,https://i.pinimg.com/originals/41/a5/94/41a594f7dc1c62fba9cf690b83ef55d9.png,941,1672,0,2026-07-25
2026-09-11,calca legging canelada,814166438927091827,72,1,0,"Calça Legging Canelada de Cintura Alta Sem Costura para Academia Feminina, Elástica, Esportiva e Fitness | Shopee Brasil",s.shopee.com.br,https://s.shopee.com.br/1qR5BsiUTh?channel_type=pinterest,https://i.pinimg.com/originals/86/de/21/86de21fc43d7555393df3346b057b533.jpg,1000,1000,0,2025-07-16
2026-09-11,calca legging canelada,782993085260009395,73,2,0,LEGGING SEAMLESS CANELADA BLACK CIG891 ZNG,fityou.com.br,https://www.fityou.com.br/legging-seamless-canelada-black-cig891-zng/product/187440/,https://i.pinimg.com/originals/74/43/03/744303c3cfedd3b0e7d6c9e5ac19f059.jpg,800,1200,0,2026-04-29
2026-09-11,conjunto fitness feminino,347410558778175531,2,14,0,,,,https://i.pinimg.com/originals/76/f4/59/76f45990e55c34ebbc25a5b037a17731.jpg,1024,1536,0,2026-08-31
2026-09-11,conjunto fitness feminino,735986764156450746,3,1,0,Conjunto Fitness Feminino Marsala | Look de Academia,s.shopee.com.br,https://s.shopee.com.br/50YWwQKlEl?channel_type=pinterest,https://i.pinimg.com/originals/82/83/ce/8283ce0a82371706b9ebfab0b2fe7549.jpg,1080,1920,0,2026-08-25
2026-09-11,conjunto fitness feminino,1115766876490232046,4,13,0,Conjunto Feminino De Academia Regata De Um Ombro E Legging Esportiva Com Levamento Sem Costura,onelink.shein.com,https://onelink.shein.com/49/5zwsjha11mcc?ismg_ol=LRzCcta5GcN_01_KOC-C,https://i.pinimg.com/originals/dd/86/35/dd8635c3f458012385affee407912982.png,1024,1536,0,2026-08-24
2026-09-11,conjunto fitness feminino,639511215880705707,5,2,0,roupas para academia,s.shopee.com.br,https://s.shopee.com.br/4fvRY0hDx1?channel_type=pinterest,https://i.pinimg.com/originals/ba/bc/e1/babce197ceb3491c149cb7c3104915b7.jpg,736,1308,0,2026-08-15
2026-09-11,conjunto fitness feminino,706854104062201432,6,3,0,Conjunto fitness feminino rosa,onelink.shein.com,https://onelink.shein.com/50/60e7gq805yxk?ismg_ol=CUDd3jMfd9O_01_KOC-C,https://i.pinimg.com/originals/2d/43/eb/2d43ebc3dcd94f316dc7fb8cd6530e7a.jpg,1080,1920,0,2026-08-29
2026-09-11,conjunto fitness feminino,953566921129148422,7,3,0,￼Conjunto Selene Feminino Academia Top e Legging Empina Bumbum Fitness Original,s.shopee.com.br,https://s.shopee.com.br/50YWfsuyNY?channel_type=pinterest,https://i.pinimg.com/originals/e3/2e/93/e32e93c673ec023afde916578015e187.jpg,1080,1920,0,2026-08-24
2026-09-11,conjunto fitness feminino,1047368457110591659,8,1,0,"Top, legging e short no mesmo kit. ✨",s.shopee.com.br,https://s.shopee.com.br/AKa5ezyVRl?channel_type=pinterest,https://i.pinimg.com/originals/b2/d8/36/b2d836968172d274a5a3c3921db2f255.jpg,851,1280,0,2026-08-29
2026-09-11,conjunto fitness feminino,1147503180090365126,9,11,0,Conjunto Fitness Feminino Legging + Top,onelink.shein.com,https://onelink.shein.com/49/608c0h1de7v4?ismg_ol=A4jkuKLtkR6_01_KOC-C,https://i.pinimg.com/originals/0c/fc/46/0cfc46a1d53a09909c7016f0a89b5246.jpg,1080,1920,0,2026-08-28
2026-09-11,conjunto fitness feminino,1091841503438311562,10,66,0,,,,https://i.pinimg.com/originals/98/84/88/988488c5b81152e9e69db7a8ce3ee2c4.png,1024,1536,0,2026-07-14
2026-09-11,conjunto fitness feminino,1129981362787780899,11,4,0,Conjunto Manga Longa de Academia Fitness Feminino com Legging Forrada Cós Alto e Top Manga Comprida,shopee.com.br,https://shopee.com.br/product/1612501137/58204011306?exp_group=rollout&fbclid=PAcGRvZgRleHRuA2FlbQIxMQBzcnRjBmFwcF9pZAwyNTYyODEwNDA1NTgAAaf7pzHmTQXFVeEYxZ3Le0bwTjlAAgSL0vim-O0vdg44y4tYKQycelxHp1MNoQ_aem_E9YI6KveIMrBRT10CPKT0Q&gads_t_sig=gqRjZGVrxHCFomtpsTE0MjUxOnRzc19zZGtfa2V5omt20QACpGFsZ2_SAAAAZKNkZWvAomN0xEAAAAAMaaRlZwa4TmRr35EbRKe45opqqWzquDpxLoPl6a_nP90XlrFndAmj-Eti4LViLnnfxaArnW_92wfHWioVqmN,https://i.pinimg.com/originals/a1/f9/0c/a1f90ce7d8c72a0fdba9e95457f08e96.png,1121,1403,0,2026-08-28
2026-09-11,conjunto fitness feminino,803962971024901821,12,1,0,O conjunto fitness que entrega zero transparência e ainda fica lindo no corpo 👀🔥,vt.tiktok.com,https://vt.tiktok.com/ZS9Bp1BPaDP16-btm11/,https://i.pinimg.com/originals/8e/0a/a8/8e0aa81cc25b929d457efdbc7a1bed10.jpg,893,1588,0,2026-09-01
2026-09-11,conjunto fitness feminino,600949144076605039,13,4,0,Look pra treinar 🩵,s.shopee.com.br,https://s.shopee.com.br/5q7jczSQNa?channel_type=pinterest,https://i.pinimg.com/originals/17/90/e5/1790e51c5925eceb496f321eba0e82dc.jpg,1080,1920,0,2026-08-28
2026-09-11,conjunto fitness feminino,220676450489024539,14,41,0,Conjunto esportivo Feminino,onelink.shein.com,https://onelink.shein.com/47/5yux8sn5f9qv,https://i.pinimg.com/originals/3f/85/ae/3f85ae934768880b817aa306d80887f6.jpg,1080,1920,0,2026-09-04
2026-09-11,conjunto fitness feminino,1102678290073855038,15,4,0,iD SHEIN: E42UD55,onelink.shein.com,https://onelink.shein.com/49/605x150lv87k?ismg_ol=4PhipL5XAzf_01_KOC-C,https://i.pinimg.com/originals/93/4d/36/934d36907ee32d0668f8db3cd5d82d55.jpg,1080,1920,0,2026-08-27
2026-09-11,conjunto fitness feminino,157555686962424799,16,119,0,,,,https://i.pinimg.com/originals/3b/09/95/3b0995d7e460202281255ee9884dbf93.jpg,736,1338,0,2026-07-12
2026-09-11,conjunto fitness feminino,870179959277390608,17,1,0,"O Conjunto Fitness Que Você Vai Querer Usar Até Fora da Academia ✨APENAS R$ 52,30",meli.la,https://meli.la/27e1B8e,https://i.pinimg.com/originals/75/bb/12/75bb1282a473956c03ba6cc6c2a22ea6.png,1086,1448,0,2026-09-02
2026-09-11,conjunto fitness feminino,1079034391993294053,18,1,0,Conjunto fitness bicolor,s.shopee.com.br,https://s.shopee.com.br/9pdeKyIKQ6?channel_type=pinterest,https://i.pinimg.com/originals/90/ac/8c/90ac8cde81bfa5f56892e1364d986f9b.png,941,1672,0,2026-08-19
2026-09-11,conjunto fitness feminino,1096345103069367154,19,1,0,"Look com Conjunto Feminino de Top e Calça Fitness | Academia, Casual e Confortável",s.shopee.com.br,https://s.shopee.com.br/6q0GHRKEjY?channel_type=pinterest,https://i.pinimg.com/originals/96/d2/06/96d206152ca4e690a3d8b25b2beb9350.png,1023,1537,0,2026-08-30
2026-09-11,conjunto fitness feminino,1032520652091188179,20,1,0,Conjuntinho Fitness | Shein | Roupa de Academia | Treino,onelink.shein.com,https://onelink.shein.com/50/60m73ch11dm7?ismg_ol=FhIBuqFvLJK_01_KOC-C,https://i.pinimg.com/originals/9a/49/2e/9a492ef1736fef1b87434124cc00e4c8.png,1086,1448,0,2026-08-31
2026-09-11,conjunto fitness feminino,761952830753556310,21,33,0,Look Fitness Feminino Vermelho e Preto: Poder e Estilo na Academia,meli.la,https://meli.la/31nj6sy,https://i.pinimg.com/originals/fc/db/e6/fcdbe61a2e1b8154d0780d11f6859ee3.png,1023,1537,0,2026-08-15
2026-09-11,conjunto fitness feminino,1025976358880876973,22,1,0,Conjunto fitness 💪🏻,s.shopee.com.br,https://s.shopee.com.br/6fgnRzsnV8?channel_type=pinterest,https://i.pinimg.com/originals/d8/a9/dd/d8a9dd84387a07201407dedb630436cd.jpg,1080,1920,0,2026-08-26
2026-09-11,conjunto fitness feminino,1115766876490234105,23,8,0,"Conjunto Esportivo Feminino 3 Peças Azul Blusa Com Zíper, Regata E Legging De Cintura Alta",onelink.shein.com,https://onelink.shein.com/49/5zwuusczjqkn?ismg_ol=3Uq7SPX11cg_01_KOC-C,https://i.pinimg.com/originals/c5/d7/c6/c5d7c6fdbd0013a53a21c3d64aa723de.png,1023,1537,0,2026-08-24
2026-09-11,conjunto fitness feminino,787285578657994211,24,1,0,Conjunto Selene Top E Legging Feminino Academia Cós Alto,meli.la,https://meli.la/31bSJbk,https://i.pinimg.com/originals/1d/da/50/1dda504ea5f4620aaeb4bb3988df39fa.jpg,1152,2048,0,2026-08-28
2026-09-11,conjunto fitness feminino,863213453624003486,25,55,0,esse conjunto fitness não é transparente é muito lindo e confortável,br.shp.ee,https://br.shp.ee/ibentfna?smtt=0.0.9,https://i.pinimg.com/originals/fe/d3/1d/fed31dfb2765fcc791ff7b14bed924a0.jpg,768,1365,0,2026-05-15
2026-09-11,conjunto fitness feminino,66991113213135144,26,157,0,20 Stylish Barry's Bootcamp Outfit Ideas to Sweat,sewmamasew.com,https://www.sewmamasew.com/20-barrys-bootcamp-outfit-ideas/,https://i.pinimg.com/originals/dd/bf/cf/ddbfcfd20ad7db887768a1bac9e507e9.jpg,720,1279,0,2026-08-04
2026-09-11,conjunto fitness feminino,1114007657859807468,27,2,0,Conjunto Fitness Feminino com Short,s.shopee.com.br,https://s.shopee.com.br/6fgksQThwE?channel_type=pinterest,https://i.pinimg.com/originals/1f/f1/d4/1ff1d4d79735bb556a7c88b27e06ae7e.jpg,1022,1536,0,2026-08-25
2026-09-11,conjunto fitness feminino,419257046583269186,28,58,0,Workout wear,amzn.to,https://amzn.to/4gccOAL,https://i.pinimg.com/originals/27/9c/4c/279c4ca5fa4f51efdd9b06905f514e70.jpg,1024,1536,0,2026-08-22
2026-09-11,conjunto fitness feminino,1108518895818993880,29,1,0,Conjunto Legging E Top Fitness Cintura Alta Roupa Academia,meli.la,https://meli.la/15rSpod,https://i.pinimg.com/originals/37/5d/c2/375dc200adfd1258ffbfce0b211df3b2.jpg,852,1515,0,2026-09-02
2026-09-11,conjunto fitness feminino,644929609185357846,30,2,0,looks de academia shein,,,https://i.pinimg.com/originals/b4/97/06/b49706c4a563f73ecac1ee95bbf42d68.png,1023,1537,0,2026-08-20
2026-09-11,conjunto fitness feminino,1132373900087225162,31,3,0,Conjunto Fitness | Academia | Conjunto Feminino,s.shopee.com.br,https://s.shopee.com.br/19nUd4YwS?channel_type=pinterest,https://i.pinimg.com/originals/ec/10/5f/ec105fc72d6f609866b11eaffe3e0efe.png,1023,1537,0,2026-08-27
2026-09-11,conjunto fitness feminino,1064397693209319677,32,1,0,conjunto feminino fitness (saiba mais 👇),onelink.shein.com,https://onelink.shein.com/50/60a6869ktw7f?ismg_ol=I3amuo0BKXh_01_KOC-C,https://i.pinimg.com/originals/13/01/6d/13016d1083aa2464ea20ccf59e93ecff.jpg,1200,2133,0,2026-08-28
2026-09-11,conjunto fitness feminino,1151654935991145686,33,59,0,Roupa de Academia Feminina | Roupas Bonitas de Academia | Conjunto de Academia,meli.la,https://meli.la/1JJdA6M,https://i.pinimg.com/originals/c4/eb/98/c4eb9885d2640deec9ca70a22dceca50.png,941,1672,0,2026-08-06
2026-09-11,conjunto fitness feminino,1086845322607964664,34,1,0,Conjunto fitness Feminino,br.shp.ee,https://br.shp.ee/82kr9uod?fromSource=copy_link&smtt=0.0.9,https://i.pinimg.com/originals/d3/9a/a9/d39aa9e7bef0b1138280cab7d86b9cec.png,1000,1500,0,2026-08-27
2026-09-11,conjunto fitness feminino,743868063500155604,35,1,0,Roupa de malhar Linda,onelink.shein.com,https://onelink.shein.com/48/5zklia4cd0l0?ismg_ol=BoDyCTYtiaz_01_KOC-C,https://i.pinimg.com/originals/70/c7/6c/70c76c9190bbdc68e439948e8d034683.jpg,1080,1920,0,2026-08-21
2026-09-11,conjunto fitness feminino,1002543567070776286,36,13,0,Kit Conjunto Fitness Feminino: Top e Legging para Academia,meli.la,https://meli.la/2HAuDTr,https://i.pinimg.com/originals/8e/c5/90/8ec5909e27c08a2cb103c8eab5947891.png,1024,1536,0,2026-07-29
2026-09-11,conjunto fitness feminino,40743571625860315,37,33,0,"25 Yoga Outfit Ideas 2026 for Comfy, Trendy Studio Style",sewmamasew.com,https://www.sewmamasew.com/25-yoga-outfit-ideas-2026/,https://i.pinimg.com/originals/1f/d6/36/1fd6362917882ad9beb642cb78d6ef70.jpg,720,1279,0,2026-08-23
2026-09-11,conjunto fitness feminino,1114007657859807466,38,9,0,Conjunto de Academia Feminino Zero Transparência,s.shopee.com.br,https://s.shopee.com.br/AKa3FUKrwA?channel_type=pinterest,https://i.pinimg.com/originals/d7/9a/65/d79a6596f0c59c5419a4aca35c503f6a.jpg,1022,1536,0,2026-08-25
2026-09-11,conjunto fitness feminino,1064397693209319720,39,2,0,conjunto fitness,onelink.shein.com,https://onelink.shein.com/50/60a6ddpij3t3?ismg_ol=IMVTnsW2m7E_01_KOC-C,https://i.pinimg.com/originals/40/13/24/401324303d34b1b64d4e97eb3adc02b6.jpg,1200,2133,0,2026-08-28
2026-09-11,conjunto fitness feminino,14707136282189088,40,956,0,Pearl's Amazon Page,amazon.com,https://www.amazon.com/shop/moodmade?ref_=cm_sw_r_apann_aipsfshop_5P24BPHGA1H957ZY2SSH&language=en-US&ccs_id=357f6e80-b65a-403f-bcf8-c0b9e69d3e40,https://i.pinimg.com/originals/21/99/14/21991452025fbc0407f1e67984831eca.jpg,736,1104,0,2026-02-18
2026-09-11,conjunto fitness feminino,1139270037018342208,41,59,0,Conjunto feminino esportivo estiloso,onelink.shein.com,https://onelink.shein.com/47/5ywqni3zm1ih,https://i.pinimg.com/originals/1c/de/83/1cde830410a1f3ddf0c96839dead7ff6.png,1042,1508,0,2026-08-17
2026-09-11,conjunto fitness feminino,133771051428444187,42,59,0,20 Crop Top With Flare Leggings Outfit Ideas for...,sewmamasew.com,https://www.sewmamasew.com/20-crop-top-with-flare-leggings-outfit-ideas/,https://i.pinimg.com/originals/21/25/65/212565ceb23eb8f59f2bb7e0799bad62.jpg,720,1280,0,2026-08-30
2026-09-11,conjunto fitness feminino,1099582065812221753,43,241,0,Red Pilates Outfit Set for Women | Halter Top & Flared Leggings,amzn.to,https://amzn.to/45w2qO6,https://i.pinimg.com/originals/ae/4d/05/ae4d05da3e3cfeeb5e57a2207b47ea12.png,941,1672,0,2026-07-30
2026-09-11,conjunto fitness feminino,1142858842968409142,44,274,0,The Ultimate Everyday Fitness Dress | Shaping & Flattering,,,https://i.pinimg.com/originals/98/ad/5a/98ad5a34efa9828bd0a111d59c1ef9c7.jpg,1536,2752,0,2026-07-07
2026-09-11,conjunto fitness feminino,974888650615038687,45,117,0,Corpo tonificado,,,https://i.pinimg.com/originals/93/29/e6/9329e66cd6d917d5d2a3b157937dc55d.png,941,1672,0,2026-07-18
2026-09-11,conjunto fitness feminino,1133710906228906706,47,1,0,Conjunto fitness rosa: look clean girl para Pilates,vt.tiktok.com,https://vt.tiktok.com/ZS9kt73RbnsJe-FWKvX/,https://i.pinimg.com/originals/8d/b7/b2/8db7b26545d12d56d913d1c1e1401934.png,1024,1536,0,2026-08-20
2026-09-11,conjunto fitness feminino,1149614242411484603,51,1,0,Kit 2 Blusas Ou Individual Dry Fit Camiseta Yoga Moda Fitness Esportiva,s.shopee.com.br,https://s.shopee.com.br/3B6vRzMQHT?channel_type=pinterest,https://i.pinimg.com/originals/44/cb/28/44cb28f52f68653ad7ddac6eff90efb8.jpg,955,1280,0,2026-08-26
2026-09-11,conjunto fitness feminino,609041549655696922,52,1,0,Conjunto Fitness Feminino Top E Short Alta Performance,meli.la,https://meli.la/33XeDGS,https://i.pinimg.com/originals/8a/b6/aa/8ab6aa875e7e14ccb042bfd9902e27b5.webp,900,1200,0,2026-08-27
2026-09-11,conjunto fitness feminino,612278511889312191,53,1,0,Conjuntinho fitness da Shein,onelink.shein.com,https://onelink.shein.com/50/60ejpvjqwps8?ismg_ol=EZjAYXqYrdZ_01_KOC-C,https://i.pinimg.com/originals/df/6e/16/df6e16f70fa0873b244b0ff44c4b9416.png,941,1672,0,2026-08-29
2026-09-11,conjunto fitness feminino,1130333206523441733,54,1,0,conjunto feminino de academia,s.shopee.com.br,https://s.shopee.com.br/7VG6FEXRGB?channel_type=pinterest,https://i.pinimg.com/originals/80/1c/6f/801c6f02c14a07ddaf872e4c84a07c78.jpg,940,1671,0,2026-09-03
2026-09-11,conjunto fitness feminino,1102748658790668471,55,23,0,,,,https://i.pinimg.com/originals/b1/1c/63/b11c63e1197e627a98f6e5649974bc31.png,749,1316,0,2026-06-20
2026-09-11,conjunto fitness feminino,606930487329874094,56,14,0,Conjunto Tactel Poliamida ✨,,,https://i.pinimg.com/originals/17/a1/1e/17a11e1c9510a3fbad97ba720691441b.jpg,1200,2133,0,2026-08-13
2026-09-11,conjunto fitness feminino,1114007657859807469,57,2,0,Conjunto de Academia Feminino com Short,s.shopee.com.br,https://s.shopee.com.br/4fvgUubXn7?channel_type=pinterest,https://i.pinimg.com/originals/06/3e/88/063e88562d6c8aec20570c5ae2c9186c.jpg,1022,1536,0,2026-08-25
2026-09-11,conjunto fitness feminino,129408189289932918,58,20,0,,,,https://i.pinimg.com/originals/e4/f1/c6/e4f1c6d29a98e771f50e4b7d777be0dc.jpg,1080,1920,0,2026-09-04
2026-09-11,conjunto fitness feminino,1108941108278182939,59,1,0,Conjunto Bermuda Feminino Academia Blackout Zero Transparenc,meli.la,https://meli.la/1wcxhSc,https://i.pinimg.com/originals/b5/22/d2/b522d2b9c7f8218e8dc7de315321de3b.jpg,720,1280,0,2026-08-19
2026-09-11,conjunto fitness feminino,1126251819344807532,60,1,0,Conjunto Esportivo Feminino,onelink.shein.com,https://onelink.shein.com/51/60xd0bx830c1?ismg_ol=JsfAs22N0Ya_01_KOC-C,https://i.pinimg.com/originals/66/55/41/665541709841ddf0515b96120e2d1f87.png,1080,1920,0,2026-09-03
2026-09-11,conjunto fitness feminino,1094937728185111389,61,3,0,"Conjunto short duplo, top, casaco e faixa de cabelo 4 peças de academia fitness",s.shopee.com.br,https://s.shopee.com.br/40gCTkfMBM?channel_type=pinterest,https://i.pinimg.com/originals/ac/0d/61/ac0d61853ad3556dbad3dfce42b8e9d3.jpg,1080,1920,0,2026-09-02
2026-09-11,conjunto fitness feminino,961096376749293050,62,492,0,,,,https://i.pinimg.com/originals/f8/36/bc/f836bc0108f2ae7fd6ce3bc1efba9d48.jpg,864,1184,0,2026-02-16
2026-09-11,conjunto fitness feminino,611082243235412353,63,21,0,Look para academia | Conjunto top e shorts fúcsia | Look academia para usar no verão,onelink.shein.com,https://onelink.shein.com/48/5zf6s19830bd?ismg_ol=HGmn1BD07hR_01_KOC-C,https://i.pinimg.com/originals/89/3e/9c/893e9ca6d143edd082e738aab6fcaee2.png,941,1672,0,2026-08-20
2026-09-11,conjunto fitness feminino,924152786057842968,64,2,0,￼Conjunto legging e top marrom modinha ombro a mostra premium,s.shopee.com.br,https://s.shopee.com.br/4fvtKpUTa7?channel_type=pinterest,https://i.pinimg.com/originals/ad/1f/f5/ad1ff5adc24bc9f654d645a168d2b2bb.jpg,1159,1358,0,2026-09-02
2026-09-11,conjunto fitness feminino,491877590576071137,65,4477,0,,,,https://i.pinimg.com/originals/f7/40/a8/f740a8e8b79c3ac39fac54017f455e76.jpg,752,1524,0,2026-04-20
2026-09-11,conjunto fitness feminino,959196420659703916,66,2,0,Conjunto Fitness Vinho com Detalhe Cruzado na Cintura – Top Regata e Legging 🍷,onelink.shein.com,https://onelink.shein.com/50/60jkxhfgjos9?ismg_ol=CEpJ55zzrQ8_01_KOC-C,https://i.pinimg.com/originals/40/71/fc/4071fce0f24db05c59e7105baa9b0cca.jpg,1200,2133,0,2026-08-31
2026-09-11,conjunto fitness feminino,1134977543663161652,67,1,0,CONJUNTO DE ACADEMIA ✨😍,s.shopee.com.br,https://s.shopee.com.br/2BDogjv8Lt?channel_type=pinterest,https://i.pinimg.com/originals/76/f6/6a/76f66a1d31aaebf4f09046942fe55bd4.jpg,1080,1920,0,2026-08-04
2026-09-11,conjunto fitness feminino,606367537376270431,68,38,0,Conjunto 3 peças academia rosa,onelink.shein.com,https://onelink.shein.com/48/5z2eg0q3vjpk,https://i.pinimg.com/originals/05/69/ba/0569bae8f83520c135f5e614aaf00699.jpg,1080,1920,0,2026-08-30
2026-09-11,conjunto fitness feminino,1100215383999815402,69,2,0,Conjunto look academia,onelink.shein.com,https://onelink.shein.com/49/5zr9mua2jlz9?ismg_ol=APaIAVCSigm_01_KOC-C,https://i.pinimg.com/originals/a2/10/a5/a210a5bea792ec1081186942a97a99f6.jpg,1080,1920,0,2026-08-23
2026-09-11,conjunto fitness feminino,665618019974790768,70,13,0,Conjunto Fitness Academia 2 Peças Manga Cumprida,onelink.shein.com,https://onelink.shein.com/48/5z87zhoxz77q,https://i.pinimg.com/originals/07/22/d7/0722d7ddb0fbdd7aed2192857e7eca55.jpg,1080,1920,0,2026-08-18
2026-09-11,conjunto fitness feminino,1115766876490231635,71,2,0,Conjunto De Academia Feminino Top Esportivo E Short Ciclista Sem Costura Alta Elasticidade,onelink.shein.com,https://onelink.shein.com/49/5zws4gnk7adj?ismg_ol=BelwVuxNNPu_01_KOC-C,https://i.pinimg.com/originals/7d/24/0a/7d240a9bec85a66911c1252de53fc156.png,1023,1537,0,2026-08-24
2026-09-11,conjunto fitness feminino,686236062018864916,72,12,0,Look paty da shein,onelink.shein.com,https://onelink.shein.com/49/5zm8wa0z5ffz?ismg_ol=FP23WkkMFFc_01_KOC-C,https://i.pinimg.com/originals/ce/40/4b/ce404b3ef281c81e5e10ea84544fccb8.jpg,1080,1920,0,2026-08-22
2026-09-11,conjunto fitness feminino,202873158211445515,73,201,0,Conjunto fitness 🤎,onelink.shein.com,https://onelink.shein.com/46/5xv5erp6vn0r,https://i.pinimg.com/originals/1d/5a/50/1d5a50bac0f61b4b3a3e0589f982732c.jpg,1536,2752,0,2026-08-28
2026-09-11,conjunto fitness feminino,1115766876490232410,74,2,0,Conjunto Feminino De Academia Camiseta Slim Fit Gola Redonda E Calça Cintura Alta Confortável,onelink.shein.com,https://onelink.shein.com/49/5zwt8yredqag?ismg_ol=JU4sYnH2BWI_01_KOC-C,https://i.pinimg.com/originals/24/b9/e5/24b9e5a8bd454e645a6198e819992e20.png,1023,1537,0,2026-08-24
2026-09-11,vestido midi,1098667271651098020,2,24,0,Vestido Midi Estampado,onelink.shein.com,https://onelink.shein.com/49/5zzebb7op9hz?ismg_ol=AApH1LJCWgC_01_KOC-C,https://i.pinimg.com/originals/2a/ed/e7/2aede7da7b0c48b9f6474090351380d1.png,941,1672,0,2026-08-25
2026-09-11,vestido midi,978829300286063453,3,6,0,um vestido em forma de jardim!,s.shopee.com.br,https://s.shopee.com.br/AAGfY5IDD7?channel_type=pinterest,https://i.pinimg.com/originals/6f/1f/48/6f1f48268a4b7487a038067051adc9cd.png,1023,1537,0,2026-08-26
2026-09-11,vestido midi,1098667271651044017,4,4,0,Vestido Midi Estampado,onelink.shein.com,https://onelink.shein.com/49/5zwqb2ro3udm?ismg_ol=1j6dvRIh9q7_01_KOC-C,https://i.pinimg.com/originals/6c/8b/a0/6c8ba06ebc17707cb15d0463cfb3c959.png,941,1672,0,2026-08-24
2026-09-11,vestido midi,887631407832728693,5,7,0,Vestido Floral Midi Feminino 🌸 Elegância e Charme para o Verão,meli.la,https://meli.la/1dxEt2h,https://i.pinimg.com/originals/dc/d1/fa/dcd1fabf1e52903dc4ab8fc4ebfe3611.jpg,864,1536,0,2026-08-20
2026-09-11,vestido midi,4599934566306835328,6,0,0,Vestido Midi Feminino Tomara que Caia Tricot Rendado com Babados Elegante Festa,br.shein.com,https://br.shein.com/ark/default?scene=1&test=5051&ad_type=DPA&goods_id=536078484&pf=PINTEREST&link_type=link&url_from=PINADSDPA&ismg=3ed509692dc75cebfa0a18291b866a82eb52ca520be63afb31d14f0a756e0d9b_01_1789059754,https://i.pinimg.com/originals/54/e8/96/54e896f5549bd9449cf7beaa70e13e6a.jpg,1340,1785,0,2026-08-29
2026-09-11,vestido midi,299700550224558183,7,26,0,Elegant Western Dress Outfit Ideas 🤍✨,,,https://i.pinimg.com/originals/68/c2/ee/68c2eee7990b541333bdde0110fa7d28.png,1023,1537,0,2026-09-05
2026-09-11,vestido midi,1098667271650764845,8,49,0,Vestido Midi Delicado,onelink.shein.com,https://onelink.shein.com/48/5zkotjjlgevy?ismg_ol=2ZQCVGQUeAz_01_KOC-C,https://i.pinimg.com/originals/10/94/bb/1094bb32779c16c1ec02b1019592f296.png,941,1672,0,2026-08-21
2026-09-11,vestido midi,1087971222508391360,9,1162,0,Romantic Summer Dress Look 🌸,amazon.com,https://www.amazon.com/KUTUMAI-Shoulder-Wedding-Sundress-PinkFloral/dp/B0G7T1SZVT?crid=278IHIEH1AO8I&dib=eyJ2IjoiMSJ9.LUKtdQKg2T3mPDZVSU7GH8pT4Nm9HZ6IzqsE-4NVhYgtJd4dAO1hxLnS0_HeAFYmPN8ywCue4EpYCEI-SjoN7IknUmcVojup-yRLZB2PglvITVUT3Og4MaRDdZ7O1ILwzPHYI4VYvy9n55XYIRwfFVtfQhT_jdeohI5zoLZQTwI0SI_K16vjBr7fRHt9REb_wjYKvKKMlSAgFtb9gdAiIKWI3s8gmeH9Ts4BYIbZ2Dk2R5lhvARHtZnufB5h8HgPcZznmPnf_NVgM-JGyVScnAbTqd,https://i.pinimg.com/originals/cc/ed/18/cced1887cc16955fe1d808eda1996bf8.png,941,1672,0,2026-04-29
2026-09-11,vestido midi,1026891152557313638,10,3,0,Vestido Feminino Midi Elegante Moda Tendência Branco Com Azul Florido Único 36-42,meli.la,https://meli.la/2Zx7do2,https://i.pinimg.com/originals/5b/6e/62/5b6e62fb6ec0dd8e1056c6b7efe4093c.png,768,1364,0,2026-08-22
2026-09-11,vestido midi,69524387998096004,11,176,0,"Terracotta Midi Slip Dress With Gold Accessories - 35 Terracotta Outfit Ideas for a Warm, Earthy",sewmamasew.com,https://www.sewmamasew.com/35-terracotta-outfit-ideas/,https://i.pinimg.com/originals/20/bb/53/20bb534d218927272f20181252c5ce1e.jpg,1080,1920,0,2026-06-24
2026-09-11,vestido midi,16888567449154115,12,460,0,Olive Green Midi Dress Outfit Inspiration💚,,,https://i.pinimg.com/originals/d7/56/2c/d7562c4f9bee1b6a42bc32f6351c9476.png,1024,1526,0,2026-08-30
2026-09-11,vestido midi,1094093303298625533,13,13,0,Vestido MIDI elegante,onelink.shein.com,https://onelink.shein.com/49/5zwy7b5yw9w0?ismg_ol=IqPrvpklK3A_01_KOC-C,https://i.pinimg.com/originals/20/56/7c/20567c6810f31a66579af528441d68ae.png,941,1672,0,2026-08-24
2026-09-11,vestido midi,1010917447625489636,14,8,0,Vestido mídi que eu amo✨🤎,onelink.shein.com,https://onelink.shein.com/48/5z2y56f08suz,https://i.pinimg.com/originals/25/cb/1f/25cb1fee9e7b94eb93ca09facaac1a3f.jpg,1080,1920,0,2026-08-16
2026-09-11,vestido midi,1098667271650874090,15,5,0,Vestido Midi Elegante,onelink.shein.com,https://onelink.shein.com/49/5zp7ojvszlnw?ismg_ol=DLwGixuafDa_01_KOC-C,https://i.pinimg.com/originals/b5/8e/bc/b58ebcc0e4c135e4d4ed5aee5998d9e4.png,941,1672,0,2026-08-22
2026-09-11,vestido midi,745768019592877427,16,2,0,🤍 Elegant Beige Fringe Midi Dress ✨ Chic Cocktail Party Outfit | Quiet Luxury Style 💫,tr.ee,https://tr.ee/thjj0V,https://i.pinimg.com/originals/83/22/61/832261e528f27b5aee4a91e3b8282563.jpg,1200,1803,0,2026-09-02
2026-09-11,vestido midi,790874384611795443,17,2,0,Link aqui 👇,onelink.shein.com,https://onelink.shein.com/50/60iu8t9qxt7w?ismg_ol=0XKNiXQTnZu_01_KOC-C,https://i.pinimg.com/originals/06/c7/40/06c740b5a696abb64c6238df7e8bf0c9.jpg,893,1588,0,2026-08-30
2026-09-11,vestido midi,843439836525137901,18,55,0,"Vestido Midi Feminino Elegante Estilo Francês para Férias de Verão, Verde Menta, Sem Mangas, Plissad",onelink.shein.com,https://onelink.shein.com/47/5ysfr30ejbs4,https://i.pinimg.com/originals/1c/b8/e5/1cb8e5addd23fb42c4ce254c0b9f66b8.jpg,768,1365,0,2026-08-16
2026-09-11,vestido midi,12877548933482137,19,398,0,30 Gold Jewelry Outfit Ideas for Polished Everyday...,sewmamasew.com,https://www.sewmamasew.com/30-gold-jewelry-outfit-ideas/,https://i.pinimg.com/originals/37/2e/ec/372eec3753c51d59f827d433567f8a84.jpg,720,1279,0,2026-08-29
2026-09-11,vestido midi,69524387998086208,20,506,0,Linen Midi Dress With Block Heels - 35 Summer Garden Party Outfit Ideas to Try Now - Sew Mama Sew,sewmamasew.com,https://www.sewmamasew.com/35-summer-garden-party-outfit-ideas/,https://i.pinimg.com/originals/88/e9/6e/88e96ebf797661acf243c050e8342268.jpg,1080,1920,0,2026-06-20
2026-09-11,vestido midi,593349319701516422,21,6,0,vestido midi verão,onelink.shein.com,https://onelink.shein.com/49/5zpublkey5vb?ismg_ol=FqxTCiIDutW_01_KOC-C,https://i.pinimg.com/originals/c6/c4/5a/c6c45a1211b7902ad45ce8074c3465ef.jpg,768,1365,0,2026-09-02
2026-09-11,vestido midi,5981412002760919,22,120,0,vestido midi elegante,onelink.shein.com,https://onelink.shein.com/44/5wqp75y4cuaq,https://i.pinimg.com/originals/27/54/f8/2754f82422e83f96f5a3edcddee25c3d.png,941,1672,0,2026-08-21
2026-09-11,vestido midi,1094093303298625644,23,22,0,Vestido MIDI feminino vintage,onelink.shein.com,https://onelink.shein.com/49/5zwy9k28iixd?ismg_ol=2g04wpSLeaj_01_KOC-C,https://i.pinimg.com/originals/e9/1a/a6/e91aa6d07f760a37bfc147fc9ef7d699.png,941,1672,0,2026-08-24
2026-09-11,vestido midi,1098667271650223941,24,10,0,Vestido Midi Estampado,onelink.shein.com,https://onelink.shein.com/47/5ywcbjj18sqb,https://i.pinimg.com/originals/3a/f6/8f/3af68fed63752e109ea3a4b0b9251ea6.jpg,877,1559,0,2026-08-14
2026-09-11,vestido midi,69524387998053852,25,304,0,White midi dress with espadrilles - 40 Italy Outfits for the Chicest Vacation Looks - Sew Mama Sew,sewmamasew.com,https://www.sewmamasew.com/40-italy-outfits/,https://i.pinimg.com/originals/97/68/4f/97684f36d30d30d907fdd1ef02e843f3.jpg,941,1672,0,2026-06-10
2026-09-11,vestido midi,41587996555944262,26,100,0,vestido midi,onelink.shein.com,https://onelink.shein.com/48/5z37p7g07taf,https://i.pinimg.com/originals/52/57/45/525745827eab8047ddc42d47abf3cf56.png,1536,2730,0,2026-09-02
2026-09-11,vestido midi,1091208184873739796,27,1,0,Vestido Feminino Elegante,onelink.shein.com,https://onelink.shein.com/48/5z7k8xf1qyvq?shc=2_RpiTdmf1cku,https://i.pinimg.com/originals/03/89/76/038976d2faba8a149e7979da98c110f0.jpg,1080,1920,0,2026-08-18
2026-09-11,vestido midi,1098667271651553770,28,6,0,Vestido Midi Assimétrico,onelink.shein.com,https://onelink.shein.com/50/60iviunplb1v?ismg_ol=Di2euWTiDaH_01_KOC-C,https://i.pinimg.com/originals/68/5a/a3/685aa30b92a013a5e41260a9e06606fe.png,941,1672,0,2026-08-30
2026-09-11,vestido midi,231091024626546176,29,16,0,Vestido de Renda Casamento civil,onelink.shein.com,https://onelink.shein.com/48/5zemkikyasef?ismg_ol=4TMwKnunfzY_01_KOC-C,https://i.pinimg.com/originals/43/ae/6c/43ae6c4aeb35409d41eeaffc8a322514.png,1023,1537,0,2026-08-19
2026-09-11,vestido midi,1135892337298312562,30,37,0,Vestido midi azul marinho,onelink.shein.com,https://onelink.shein.com/48/5z6xxc3wg37d,https://i.pinimg.com/originals/c0/82/37/c082370f3f41e069c8a59747e8800536.jpg,1080,1920,0,2026-08-17
2026-09-11,vestido midi,706854104062154636,31,3,0,Vestido midi azul-claro,onelink.shein.com,https://onelink.shein.com/49/603tuai6dg04?ismg_ol=4RBSlgq9pwL_01_KOC-C,https://i.pinimg.com/originals/45/ed/4f/45ed4f8c7b64ea35d4a87412f11df5eb.jpg,1080,1920,0,2026-08-26
2026-09-11,vestido midi,336081190966438836,32,73,0,Vestido feminino de poa,onelink.shein.com,https://onelink.shein.com/48/5z7jxuuszvz7?shc=2_RpiCMRoca3k,https://i.pinimg.com/originals/20/e2/cf/20e2cf9be75ae50b27f7ca5ddc68043d.jpg,1080,1920,0,2026-09-02
2026-09-11,vestido midi,1098667271650835916,33,32,0,Vestido Midid Modesto,onelink.shein.com,https://onelink.shein.com/49/5znwjz63bpdb?ismg_ol=5wFiIRfakfo_01_KOC-C,https://i.pinimg.com/originals/4d/fc/61/4dfc617dbb9f8e6bfb8c4f93ae758f0a.png,941,1672,0,2026-08-22
2026-09-11,vestido midi,386746686774693847,34,35,0,Timeless White Linen Look,benable.com,https://benable.com/naomivalera/revolve-dc/details?detail_id=23257954,https://i.pinimg.com/originals/00/18/76/0018767c3d268f5347bc3cd8029b9486.jpg,1536,2752,0,2026-09-04
2026-09-11,vestido midi,169729479702237575,35,24,0,Shein✨,onelink.shein.com,https://onelink.shein.com/48/5zdt5yi1iww8?ismg_ol=CyadBgB0Cf0_01_KOC-C,https://i.pinimg.com/originals/c9/fc/f5/c9fcf5b09f5b0bd8b99b458e57b6668d.jpg,1832,3200,0,2026-09-03
2026-09-11,vestido midi,231091024626546181,36,31,0,Vestido de Renda Casamento civil,onelink.shein.com,https://onelink.shein.com/48/5zemynmxf1u8?ismg_ol=Gm5BsFPYCgz_01_KOC-C,https://i.pinimg.com/originals/ca/14/32/ca1432e86c240a6db59257d324b856fd.png,1023,1537,0,2026-08-19
2026-09-11,vestido midi,1098667271650711637,37,24,0,Vestido Midi,onelink.shein.com,https://onelink.shein.com/48/5zi7rzyyjius?ismg_ol=27SIXrbwaxF_01_KOC-C,https://i.pinimg.com/originals/2c/d4/f0/2cd4f03bb68c4a3e03e1534ec3ff02bf.png,941,1672,0,2026-08-20
2026-09-11,vestido midi,915427061786486002,38,224,0,"Elegant, timeless, and perfect for special occasions.",amazon.com,https://www.amazon.com/shop/homeschooling_work_at_home_mom/list/19C0Q34WECTTL?ref_=aip_sf_list_spv_s_ofs_mixed_m_lspvrd,https://i.pinimg.com/originals/68/a4/37/68a437eecfaf9d29eef9e2f50bf39265.png,1000,1500,0,2026-06-15
2026-09-11,vestido midi,535998793192452531,39,908,0,30 Ideias de Looks para um Casamento de Verão: Looks Deslumbrantes - Sew Mama Sew,sewmamasew.com,https://www.sewmamasew.com/30-what-to-wear-to-a-summer-wedding/?utm_source=Pinterest&utm_medium=organic,https://i.pinimg.com/originals/2c/ce/2a/2cce2a3218984d5e77214592682a346f.jpg,720,1279,0,2026-06-14
2026-09-11,vestido midi,12877548933484519,40,136,0,30 Midi Dress Outfit Ideas With Heels for...,sewmamasew.com,https://www.sewmamasew.com/30-midi-dress-outfit-ideas-with-heels/,https://i.pinimg.com/originals/fd/a1/6b/fda16bd4a115d81844e20e4fa73ff604.jpg,720,1279,0,2026-08-30
2026-09-11,vestido midi,4596345702630598016,41,123,0,30 Midi Dress Outfit Ideas for Summer That Look...,sewmamasew.com,https://www.sewmamasew.com/30-midi-dress-outfit-ideas-for-summer/,https://i.pinimg.com/originals/42/be/52/42be52bfba28ccad0181101d146073c0.jpg,720,1279,0,2026-07-24
2026-09-11,vestido midi,14847873768272156,42,540,0,Rich Burgundy Ruched Midi Dress with Slit | Pari.Luxe Bold Elegant Look 2026,,,https://i.pinimg.com/originals/af/b2/13/afb213249e6ddb02c29b60d67189f4b8.png,1023,1537,0,2026-08-23
2026-09-11,vestido midi,85216617947480632,43,100,0,vestido elegante para festa midi,onelink.shein.com,https://onelink.shein.com/44/5wqmuxbm8ia6,https://i.pinimg.com/originals/f3/63/d2/f363d2fb9667576717323bf0ed7cf2c9.png,941,1672,0,2026-09-01
2026-09-11,vestido midi,369717450683773934,44,9,0,Women’s Cream Sleeveless Midi Dress | Classic Crew Neck Fitted Elegant Dress,,,https://i.pinimg.com/originals/9e/04/b9/9e04b9943e8bb5982fbb6bb1b9ce4671.png,1024,1536,0,2026-09-05
2026-09-11,vestido midi,1098667271651540889,45,9,0,Vestido Midi Estampado Floral,onelink.shein.com,https://onelink.shein.com/50/60ic3k4dh81y?ismg_ol=Ibo07cp3vIw_01_KOC-C,https://i.pinimg.com/originals/1a/7e/4a/1a7e4a663e94041fce8bfbf8f83995c1.png,941,1672,0,2026-08-30
2026-09-11,vestido midi,457537643416726639,46,11,0,Luxury Wedding Guest Dress Ideas | Elegant Sage Green Midi Dress,onelink.shein.com,https://onelink.shein.com/48/5zhfwymc7cr5?ismg_ol=HVFmn7GJR6x_01_KOC-C,https://i.pinimg.com/originals/6c/c0/45/6cc045362c2863fabee8e4514fff5a4d.png,896,1195,0,2026-08-30
2026-09-11,vestido midi,4598316064131312256,47,1372,0,30 Aesthetic Wedding Guest Outfits to Steal the Show,sewmamasew.com,https://www.sewmamasew.com/30-wedding-guest-outfits-aesthetic/,https://i.pinimg.com/originals/32/36/85/3236856aa9d5f954fc3d24edb918bbd3.jpg,720,1440,0,2026-05-16
2026-09-11,vestido midi,212513676164414218,48,6,0,30 Summer Midi Dress Outfit Ideas for Effortless Style,sewmamasew.com,https://www.sewmamasew.com/30-summer-midi-dress-outfit-ideas/,https://i.pinimg.com/originals/47/43/e6/4743e6d8fabc440ece5d2df5a98e6a28.jpg,720,1280,0,2026-08-21
2026-09-11,vestido midi,740138520054229218,51,15,0,Vestido mídi,onelink.shein.com,https://onelink.shein.com/49/606wwul0ii6x?ismg_ol=2nBQty5lWDZ_01_KOC-C,https://i.pinimg.com/originals/5f/bd/d0/5fbdd0271ce7382277f611f4dab41405.jpg,1080,1920,0,2026-08-27
2026-09-11,vestido midi,12455336471985230,52,540,0,Vestido midi amarelo-claro,onelink.shein.com,https://onelink.shein.com/46/5y5xcq7q49qd?ismg_ol=802ef9a0e5c1dc2129f6c1480c1f7c3f736820620a25de20088ac8e30cc62dea_01_KOC-C,https://i.pinimg.com/originals/c8/e4/48/c8e448a9fd99f6503f57afbfff3916b4.jpg,1080,1920,0,2026-08-27
2026-09-11,vestido midi,6544361955514758,53,475,0,"Firerie Vestido Feminino Branco Elegante de Verão para Férias, Uso Diário e Casamento, com Estampa Floral, Plissado e Silhueta A, Alças Finas, Estilo Havaiano, para Chá da Tarde e Formatura",onelink.shein.com,https://onelink.shein.com/46/5xr197bjw1vp,https://i.pinimg.com/originals/e6/a8/ff/e6a8ff7cbf272925fb1219ec2dc4aefc.jpg,1080,1920,0,2026-09-03
2026-09-11,vestido midi,28710516371301438,54,362,0,30 Flattering Wedding Guest Outfits for Hourglass Body,sewmamasew.com,https://www.sewmamasew.com/30-wedding-guest-outfits-for-hourglass-body/,https://i.pinimg.com/originals/54/d7/d9/54d7d9d514959dde61b3fa8d61f69a2e.jpg,720,1279,0,2026-06-12
2026-09-11,vestido midi,1003880573243029825,55,28,0,Vestido Shein,onelink.shein.com,https://onelink.shein.com/47/5ymzb4ggyofr,https://i.pinimg.com/originals/87/0a/25/870a25aee3ab324eba507d95283a194b.jpg,1200,2133,0,2026-08-12
2026-09-11,vestido midi,4598245658339857792,56,40,0,30 Midi Dress Outfit Ideas With Sandals for Sunny...,sewmamasew.com,https://www.sewmamasew.com/30-midi-dress-outfit-ideas-with-sandals/,https://i.pinimg.com/originals/35/0e/ae/350eae934c29a6d5c18a9a51093eeac6.jpg,720,1279,0,2026-07-24
2026-09-11,vestido midi,1091208184873819270,57,301,0,Vestido Poá para Verão,onelink.shein.com,https://onelink.shein.com/48/5zbblq3uyvyd?ismg_ol=1bNHoCajxlo_01_KOC-C,https://i.pinimg.com/originals/cf/2d/cf/cf2dcff1318b6e071a2e04fd11bd631c.jpg,1080,1920,0,2026-08-19
2026-09-11,vestido midi,2040762329704082,58,239,0,Vestido midi azul-marinho,onelink.shein.com,https://onelink.shein.com/46/5xrxkvrrd1m8,https://i.pinimg.com/originals/f1/62/83/f16283312f7fc57bbe039078f70a0e4e.jpg,1080,1920,0,2026-08-19
2026-09-11,vestido midi,1102748658790668461,59,605,0,,,,https://i.pinimg.com/originals/06/ed/b7/06edb798993bedeb285db0c8d26dc338.png,1023,1537,0,2026-06-20
2026-09-11,vestido midi,90564642501744070,60,28,0,The trendy Outfit || Dress Look||,,,https://i.pinimg.com/originals/f3/14/b7/f314b7c2f51fa987af4c6894fdb71d5f.png,1023,1537,0,2026-09-02
2026-09-11,vestido midi,979814463081972283,61,158,0,Toile de Jouy Dreams 🌹,,,https://i.pinimg.com/originals/e3/67/42/e367421e5d5254f46d8c292d94a7927f.jpg,704,1252,0,2026-05-22
2026-09-11,vestido midi,1098667271651777015,62,2,0,Vestido Midi Elegante,onelink.shein.com,https://onelink.shein.com/50/60t8yrku2zvr?ismg_ol=H83ahAHny7V_01_KOC-C,https://i.pinimg.com/originals/91/5b/92/915b92d7c4314d151caf8dcad4e4f6f8.png,941,1672,0,2026-09-02
2026-09-11,vestido midi,790874384611470008,63,47,0,Link aqui 👇,onelink.shein.com,https://onelink.shein.com/47/5ymrf1za7oyx,https://i.pinimg.com/originals/12/b0/3b/12b03be7d4e9f22ee29a2b01ddd77a14.jpg,893,1588,0,2026-08-12
2026-09-11,vestido midi,858217272783827278,64,557,0,Evelina Midi Dress,,,https://i.pinimg.com/originals/6a/b9/10/6ab910a46847ae262566aa8384a216a8.jpg,720,1080,0,2025-05-24
2026-09-11,vestido midi,4597541975643417472,65,0,0,Vestido Feminino Midi Poa Com Estampa De Bolinha - Crepinho,br.shein.com,https://br.shein.com/ark/default?scene=1&test=5051&ad_type=DPA&goods_id=557020000&pf=PINTEREST&link_type=link&url_from=PINADSDPA&ismg=0c7739169da7d7dff9aa0facefc3a4758869a4776fa39215f1fe0b5254049309_01_1789059815,https://i.pinimg.com/originals/e1/13/99/e1139982b1c55c26d8cb69d719d2a9bd.jpg,1062,1224,0,2026-08-29
2026-09-11,vestido midi,4591208795845715328,66,226,0,30 Bridal Shower Outfit Ideas for Women: Chic Guest Looks,sewmamasew.com,https://www.sewmamasew.com/30-bridal-shower-outfit-ideas-for-women/,https://i.pinimg.com/originals/4f/a6/b6/4fa6b6a7e7e15bcab5ea6aaeb4354550.jpg,720,1280,0,2026-07-24
2026-09-11,vestido midi,1107955945854052214,67,2973,0,🤌🥰,,,https://i.pinimg.com/originals/4a/fa/d4/4afad424bffe92ab381fd9554e48b565.jpg,736,1104,0,2026-03-30
2026-09-11,vestido midi,893472013597052278,68,9,0,conjunto branco um ombro so saia midi verao,onelink.shein.com,https://onelink.shein.com/48/5zan9w9yx5k6?ismg_ol=0oi6GuM4oDs_01_KOC-C,https://i.pinimg.com/originals/ec/8f/f4/ec8ff443a2a0ee6310d29cc0be11f87d.png,1086,1448,0,2026-08-19
2026-09-11,vestido midi,353462270779556181,69,8,0,Baby Pink Textured Midi Dress Outfit | Elegant Square Neck Spaghetti Strap Evening Dress,onelink.shein.com,https://onelink.shein.com/48/5zb2uwqbrzmd?ismg_ol=5GtlHkPBLh0_01_KOC-C,https://i.pinimg.com/originals/ab/53/23/ab53232bed28a705a3f7c9341d98515c.png,1086,1448,0,2026-08-31
2026-09-11,vestido midi,65935582039887652,70,6,0,Women’s Cream Sleeveless Midi Dress | Ruched Waist Wrap Front Elegant Summer Dress,,,https://i.pinimg.com/originals/2f/5a/0b/2f5a0be7d553ed4cf409584d18f6f1a2.png,1024,1536,0,2026-09-02
2026-09-11,vestido midi,30188259997711391,71,386,0,Vestido Feminino Verde,onelink.shein.com,https://onelink.shein.com/43/5w1ua1mmjoej,https://i.pinimg.com/originals/89/e6/f3/89e6f3cf3b89bf3a8a4b0fa053e30988.jpg,768,1365,0,2026-08-08
2026-09-11,vestido midi,4593882851613219712,72,0,0,Cressida Midi Dress - Red - L,glavongirl.com,https://glavongirl.com/products/cressida-midi-dress-red?variant=46127332950207,https://i.pinimg.com/originals/03/a4/ba/03a4bafb818ed02dc53fac27b023cf70.jpg,1000,1533,0,2026-09-04
2026-09-11,vestido midi,887631407832448126,73,17,0,Vestido Midi Elegante com Alça Grossa | Look para Festa e Ocasiões Especiais ❤️,meli.la,https://meli.la/24gbEEp,https://i.pinimg.com/originals/a1/11/25/a111251e42a4b39a010681187767d843.jpg,926,1646,0,2026-08-11
2026-09-11,vestido midi,141933825754161360,74,61,0,35 Elegant Wedding Guest Outfits for Women to Stun In,sewmamasew.com,https://www.sewmamasew.com/35-wedding-guest-outfits-for-women/,https://i.pinimg.com/originals/67/fa/a4/67faa4d23f9e4aad0959931c49a2b887.jpg,500,889,0,2026-07-03
2026-09-11,saia longa fluida,1146236542702513168,2,3,0,"saia longa, moda social",s.shopee.com.br,https://s.shopee.com.br/9V13wQ5X8z?channel_type=pinterest,https://i.pinimg.com/originals/82/56/a2/8256a2e35c078063d05891c23ea59272.png,941,1672,0,2026-08-29
2026-09-11,saia longa fluida,922675042428565261,3,17,0,Conjunto Saia Longa e Cropped Shein.,onelink.shein.com,https://onelink.shein.com/49/5zob7k1l3q5z?ismg_ol=Bc11qClKkEv_01_KOC-C,https://i.pinimg.com/originals/4f/d3/fe/4fd3fe61af529a10590238e3e4caac9f.png,736,1309,0,2026-09-05
2026-09-11,saia longa fluida,304907837300584066,4,6,0,A Saia Longa que Deixa Qualquer Look Mais Elegante,s.shopee.com.br,https://s.shopee.com.br/60QsDInvyS?channel_type=pinterest,https://i.pinimg.com/originals/1d/0b/b4/1d0bb448a605ad4264d515c3759841eb.png,1024,1536,0,2026-08-27
2026-09-11,saia longa fluida,1118440888751096780,5,6,0,Conjunto Saia Longa e Crepped Tomara que Caia Shein.,onelink.shein.com,https://onelink.shein.com/49/5zobtj8z9q8z?ismg_ol=77YeAdA3zYo_01_KOC-C,https://i.pinimg.com/originals/82/2c/41/822c41207fbeca13aca5d680224b8995.png,941,1672,0,2026-08-31
2026-09-11,saia longa fluida,855332154282224284,6,64,0,Saia Longa Listrada SHEIN | Look Elegante 🤎,,,https://i.pinimg.com/originals/75/73/bc/7573bc730884a99149710101992caef9.jpg,960,1280,0,2026-08-14
2026-09-11,saia longa fluida,1085226841494684316,7,1,0,Look Preto com Saia Longa Estampada: Elegante e Minimalista,tiktok.com,https://www.tiktok.com/@rafaela.amaral0?_r=1&_t=ZS-99AKnHmTh4h,https://i.pinimg.com/originals/f3/76/e8/f376e8fe06415413f4305fb28d98958e.jpg,1200,2133,0,2026-08-25
2026-09-11,saia longa fluida,1009510072747780032,8,1,0,Conjunto feminino,onelink.shein.com,https://onelink.shein.com/49/606kbn6g433a?ismg_ol=7jkEslFILHV_01_KOC-C,https://i.pinimg.com/originals/05/4e/84/054e844f1ae0a58dcc6cbc0b1b92c6db.jpg,1080,1920,0,2026-08-27
2026-09-11,saia longa fluida,396668679707271339,9,11,0,"20 Feminine Top Outfit Ideas for a Soft, Modern...",sewmamasew.com,https://www.sewmamasew.com/20-feminine-top-outfit-ideas/,https://i.pinimg.com/originals/b2/59/a7/b259a78fc53882349120f48527bf123e.jpg,720,1280,0,2026-08-22
2026-09-11,saia longa fluida,371406300544363481,10,13,0,"Dê uma olhada em ZA Seaside Holiday Style Fungus Edge manga larga Top curto + saia 316788 por R$235,00. Compre na Shopee agora!",s.shopee.com.br,https://s.shopee.com.br/9pdLZjGM49?channel_type=pinterest,https://i.pinimg.com/originals/ea/b8/b2/eab8b2aba7b9817ba2e15df200be326c.jpg,1080,1920,0,2026-08-08
2026-09-11,saia longa fluida,3659243442150144,11,688,0,30 Spring Maxi Skirt Outfit Ideas for Effortless Chic,sewmamasew.com,https://www.sewmamasew.com/30-spring-maxi-skirt-outfit-ideas/,https://i.pinimg.com/originals/f8/1a/a2/f81aa29a72cdebfa11ce751d33044245.jpg,720,1279,0,2026-07-31
2026-09-11,saia longa fluida,328622104082925428,12,97,0,,,,https://i.pinimg.com/originals/41/01/04/41010440552401c826650dc7a07d6921.png,1023,1537,0,2026-08-09
2026-09-11,saia longa fluida,977703400493979662,13,2,0,Santorini-Ready: White Silk Tulle Maxi Skirt,go.shopmy.us,https://go.shopmy.us/p-79790431?utm_source=Pinterest&utm_medium=organic,https://i.pinimg.com/originals/d7/ad/96/d7ad96d4ec0508edd011024bb9e9d307.png,1086,1360,0,2026-08-19
2026-09-11,saia longa fluida,401453754303099515,14,198,0,Saia looks,instagram.com,https://www.instagram.com/reel/DGN9YHGR1F8/?igsh=MW5mcTZtNXQ1b2Jsbg==,https://i.pinimg.com/originals/f9/77/3a/f9773a38257f1b8f50f6a338f01c39ed.jpg,679,1115,0,2025-02-18
2026-09-11,saia longa fluida,942237553315801623,15,2,0,conjunto Shein,onelink.shein.com,https://onelink.shein.com/49/5zth5u3jxpvj?ismg_ol=0kPcOWHQb6L_01_KOC-C,https://i.pinimg.com/originals/cd/17/40/cd17401767405995159b297fe67f1563.png,941,1672,0,2026-08-24
2026-09-11,saia longa fluida,373235887892866636,16,17,0,Elegant White Crop Top and Brown Ruffle Midi Skirt Outfit for Chic Summer Style,,,https://i.pinimg.com/originals/bd/eb/8a/bdeb8a3638878b40d7a2279452d62800.png,1023,1537,0,2026-07-12
2026-09-11,saia longa fluida,1141451468119976256,17,1,0,Conjunto longo,s.shopee.com.br,https://s.shopee.com.br/6VNXRRSGjh?channel_type=pinterest,https://i.pinimg.com/originals/21/b2/bf/21b2bffb870a270d660815379d605f29.jpg,1080,1920,0,2026-09-02
2026-09-11,saia longa fluida,591519732353159735,18,1,0,Saia Plissada Rendada: Elegância em Tom Caramelo,onelink.shein.com,https://onelink.shein.com/50/60dauyq33z9d?ismg_ol=HG01IVa9Ey5_01_KOC-C,https://i.pinimg.com/originals/34/0e/27/340e275c56c110b524f0bd10299c7040.jpg,768,1376,0,2026-08-29
2026-09-11,saia longa fluida,739927413806708822,19,3,0,,,,https://i.pinimg.com/originals/71/55/4c/71554c1439621af1e481266eddefa124.jpg,1080,1920,0,2024-03-09
2026-09-11,saia longa fluida,747879081923421080,20,10,0,20 Crop Top and Maxi Skirt Outfit Ideas: Easy Elegant Looks,sewmamasew.com,https://www.sewmamasew.com/20-crop-top-and-maxi-skirt-outfit-ideas/,https://i.pinimg.com/originals/16/6e/b2/166eb272db3140559dae08651441677e.jpg,720,1280,0,2026-08-19
2026-09-11,saia longa fluida,1094163672037071075,21,2,0,🤍 O conjunto branco que é puro charme!,onelink.shein.com,https://onelink.shein.com/48/5zd38stt6xjz?ismg_ol=02E66FoRYJM_01_KOC-C,https://i.pinimg.com/originals/14/b7/79/14b7799f217026be09948845ef3639ab.png,1086,1448,0,2026-08-19
2026-09-11,saia longa fluida,1131036893947188623,22,5,0,Dreamy Pink Tulle Skirt Outfit for Effortless Feminine Style 🌸🤍,link.amazon,https://link.amazon/B0gnePILI,https://i.pinimg.com/originals/58/aa/bc/58aabc26960624cd86a95d9e56096f90.jpg,735,1105,0,2026-08-05
2026-09-11,saia longa fluida,65935582039885240,23,15,0,,,,https://i.pinimg.com/originals/9a/60/81/9a6081d74fb265c17c405ee309e59a40.jpg,1080,2400,0,2026-09-01
2026-09-11,saia longa fluida,793900240610362683,24,281,0,Saia de pó,onelink.shein.com,https://onelink.shein.com/40/5txraz9m6ma2,https://i.pinimg.com/originals/58/65/4e/58654eae53a58577eac0ff8d4c5061f3.jpg,1080,1920,0,2026-06-27
2026-09-11,saia longa fluida,4362930885074995,25,336,0,casual outfit,,,https://i.pinimg.com/originals/97/aa/06/97aa0697606e6c6b8717235e931e2a35.png,1023,1537,0,2026-07-22
2026-09-11,saia longa fluida,351914158408187700,26,22,0,conjunto feminino saia e cropped,onelink.shein.com,https://onelink.shein.com/49/600ff34xujpl?ismg_ol=8XOL2DFdjlS_01_KOC-C,https://i.pinimg.com/originals/3f/b8/e4/3fb8e42edad603ca97e36de373265e8b.png,942,1670,0,2026-09-04
2026-09-11,saia longa fluida,754212268895889110,27,2,0,Blusa alça e saia longa! Look completo código 6LKHY,onelink.shein.com,https://onelink.shein.com/49/5zqe8x8wgf1a?ismg_ol=EOMCJ8cvkCl_01_KOC-C,https://i.pinimg.com/originals/8f/0d/a4/8f0da48314d56027241d7df04e21b85a.jpg,1085,1417,0,2026-08-28
2026-09-11,saia longa fluida,691021136631863713,28,6,0,"Elenzga Conjunto de Top Cropped com Torção na Frente e Saia Folgada em Tecido Jacquard de Malha Verde, Elegante e Estiloso, Adequado para Aniversário, Encontro, Festa, Ocasião Formal, Coquetel, Festiv",onelink.shein.com,https://onelink.shein.com/31/5i516w0u9bh2,https://i.pinimg.com/originals/26/00/9f/26009f274c2cc3e6bdfd6e8ce2fef36a.webp,720,1280,0,2026-03-02
2026-09-11,saia longa fluida,579345939608741561,29,5,0,✨🤍 Timeless Elegance – Pleated Midi Skirt for Effortless Chic Style 💃,share.google,https://share.google/JkxLmJOu8jUfoHNz6,https://i.pinimg.com/originals/bf/80/c6/bf80c6d81df4d7b6546479c3853b42d0.png,1024,1536,0,2026-08-22
2026-09-11,saia longa fluida,486177722298549528,30,9,0,25 Wedding Guest Skirt Outfit Ideas For Romantic...,sewmamasew.com,https://www.sewmamasew.com/25-wedding-guest-skirt-outfit-ideas/,https://i.pinimg.com/originals/81/97/ae/8197ae54ec8e837f57a05fbbe790dceb.jpg,720,1279,0,2026-08-08
2026-09-11,saia longa fluida,1093108140838287487,31,3,0,REGATA COM PÉROLAS + SAIA LONGA PLISSADA (LINKS NA DESCRIÇÃO),onelink.shein.com,https://onelink.shein.com/46/5yabk2wdm1xp?ismg_ol=6c55ee9bdce486fc17d62bb2abf6069172d2b4d62bbb79aea99ecb14162151d7_01_KOC-C,https://i.pinimg.com/originals/8f/4b/fd/8f4bfd404c6f7e85e30a424c8925b2a2.png,1023,1537,0,2026-08-08
2026-09-11,saia longa fluida,589338301284497926,32,5,0,"Saia Longa Plissada de Cintura Alta, Férias Primavera/Verão",onelink.shein.com,https://onelink.shein.com/46/5yab3wu9d5x0?ismg_ol=5eb66e458701928121f8163da1093ea82727ff10219add2365055d12bfc674e5_01_KOC-C,https://i.pinimg.com/originals/2f/22/96/2f2296f4d34b4921e82c794d7ad5f0bc.png,1023,1537,0,2026-08-17
2026-09-11,saia longa fluida,749849406751706693,33,698,0,,,,https://i.pinimg.com/originals/a2/24/98/a224983e9a851a8ec13470257dc605a3.jpg,1200,1626,0,2026-04-26
2026-09-11,saia longa fluida,1064397693204075597,34,11152,0,,,,https://i.pinimg.com/originals/c7/1b/31/c71b317283a572580ac513fd39209690.jpg,1170,2181,0,2026-03-23
2026-09-11,saia longa fluida,1014998834799461504,35,4,0,Look Verão Elegante: Conjunto Off-White Saia Longa e Top / White Skirt Set Outfit,onelink.shein.com,https://onelink.shein.com/48/5z01frser511,https://i.pinimg.com/originals/dd/c6/8f/ddc68f1197707a82d0533a60c2f0a970.jpg,1200,2133,0,2026-08-15
2026-09-11,saia longa fluida,25051341672325321,36,575,0,Elegant White Summer Dress Outfit 🤍 | Coastal Chic & Vacation Style Inspiration,,,https://i.pinimg.com/originals/1b/53/2e/1b532e3aeb19965d56e502a6c5120dd4.png,1023,1537,0,2026-08-06
2026-09-11,saia longa fluida,531565562291331417,37,22,0,Esse conjunto me conquistou🤎,onelink.shein.com,https://onelink.shein.com/41/5v7yl1pbimbi,https://i.pinimg.com/originals/51/15/07/511507603a6b244d511da0da6cf5ae2d.png,941,1672,0,2026-08-05
2026-09-11,saia longa fluida,1141521836849687045,38,1,0,Lindo conjunto da SHEIN ✨💛🧡,onelink.shein.com,https://onelink.shein.com/43/5w4rclsnm6aw,https://i.pinimg.com/originals/9f/00/aa/9f00aa6e09942c7ea371f805089c15b7.jpg,900,1600,0,2026-07-18
2026-09-11,saia longa fluida,28710516371380461,39,589,0,,,,https://i.pinimg.com/originals/fc/e4/62/fce4621429aa6a4c4cb33b453886b60d.jpg,1080,1920,0,2026-07-15
2026-09-11,saia longa fluida,4599019733253561216,40,0,0,Saia Em Croche Com Forro Verão 2026 elegante Casual Boho Tecido Praia Férias Verão,br.shein.com,https://br.shein.com/ark/default?scene=1&test=5051&ad_type=DPA&goods_id=315489357&pf=PINTEREST&link_type=link&url_from=PINADSDPA&ismg=97cd011a5472fbe3c1594525d51c044949ddb930b3b0d606b80710575ae7adc4_01_1789059762,https://i.pinimg.com/originals/41/a3/e8/41a3e8b27bb855d8f723c34120b140be.jpg,1340,1785,0,2026-08-31
2026-09-11,saia longa fluida,1030691064749000821,41,2256,0,Pretty Girl,,,https://i.pinimg.com/originals/a9/50/0a/a9500a6080b6a2cd58c922c936bdf5da.jpg,1224,1632,0,2025-08-03
2026-09-11,saia longa fluida,771030398750166708,42,1,0,conjunto Shein 🔗 aqui ⬆️,onelink.shein.com,https://onelink.shein.com/49/5zpm3186h9ik?ismg_ol=6tNqL4XwtBw_01_KOC-C,https://i.pinimg.com/originals/ff/e6/c2/ffe6c2ad0c9358d8ae1c4938583c0b32.jpg,1080,1920,0,2026-08-22
2026-09-11,saia longa fluida,363454632451844883,43,9,0,🌸 Conjunto Floral que Vai Transformar Seu Estilo,onelink.shein.com,https://onelink.shein.com/46/5xw1zlnjm4pu,https://i.pinimg.com/originals/25/3c/6a/253c6ae5627aeb933461ab741596a0d8.png,971,1620,0,2026-08-30
2026-09-11,saia longa fluida,887983251556062444,44,3,0,Conjunto rosa romântico para um look feminino e delicado 🌸✨,onelink.shein.com,https://onelink.shein.com/48/5z48f65hcm4i,https://i.pinimg.com/originals/1f/15/c3/1f15c37b38893e223b997a3b2551f857.jpg,1200,2133,0,2026-08-25
2026-09-11,saia longa fluida,81838918227723051,45,146,0,Site Maintenance,myntra.com,https://www.myntra.com/mailers/bottomwear/zastraa/zastraa-aw-2025-high-waisted-straight-midi-skirt/36876518/buy?utm_source=ugc_affiliate&utm_medium=social_share_pdp&utm_campaign=z8v2NdWCMq&affiliate_id=z8v2NdWCMq,https://i.pinimg.com/originals/bd/ce/1d/bdce1d69b4c617aeba8dd25cc6c3b290.png,1024,1536,0,2026-08-18
2026-09-11,saia longa fluida,4608589911141632064,46,0,0,Saia Em Croche Com Forro Verão 2026 elegante Casual Boho Tecido Praia Férias Verão,br.shein.com,https://br.shein.com/ark/default?scene=1&test=5051&ad_type=DPA&goods_id=315488063&pf=PINTEREST&link_type=link&url_from=PINADSDPA&ismg=1d598e95e6971d89dddbb05b5b033ce50b6776c5b1a3461e28f198c893573ec2_01_1789059808,https://i.pinimg.com/originals/8e/b3/d7/8eb3d77126b9051e9b038b5e96c57632.jpg,1340,1785,0,2026-08-21
2026-09-11,saia longa fluida,1097119159268011234,51,822,0,Como usar saia acetinada com tênis e blazer para um look elegante e moderno,,,https://i.pinimg.com/originals/ca/0d/9e/ca0d9e51652d0a284ec2f11ea5170bd3.jpg,1168,1752,0,2026-05-20
2026-09-11,saia longa fluida,1087056428843674457,52,89,0,conjunto feminino elegante,onelink.shein.com,https://onelink.shein.com/44/5wv9k1tokqos,https://i.pinimg.com/originals/27/3d/20/273d207570f8f2ec686675557ce96eed.png,941,1672,0,2026-07-25
2026-09-11,saia longa fluida,1113444707905652917,53,1,0,saia longa,s.shopee.com.br,https://s.shopee.com.br/1qbhysa9XO?channel_type=pinterest,https://i.pinimg.com/originals/7d/61/44/7d614441bb5a771751da8c150dcdfb19.jpg,1000,1500,0,2026-09-02
2026-09-11,saia longa fluida,1136666393479256409,54,5732,0,Dark Feminine Aesthetic,,,https://i.pinimg.com/originals/85/77/1d/85771d0bc0bbd5c68fe5b361035a747a.png,941,1672,0,2026-05-24
2026-09-11,saia longa fluida,990932724279488751,55,1,0,Looks SHEIN conjunto,onelink.shein.com,https://onelink.shein.com/39/5t47rcix2equ,https://i.pinimg.com/originals/18/1c/1c/181c1c10174f7b1b7a2ecf38ceda66ea.png,1086,1448,0,2026-06-19
2026-09-11,saia longa fluida,610026712068943327,56,13,0,Elenzga Conjunto Top Cropped Torcido e Saia Longa Franzida,onelink.shein.com,https://onelink.shein.com/42/5viawy9voqsu,https://i.pinimg.com/originals/3a/5b/3d/3a5b3d94a8955ffc8c131d1119bfda60.jpg,853,1516,0,2026-08-18
2026-09-11,saia longa fluida,485333297370994075,57,779,0,,,,https://i.pinimg.com/originals/76/77/c1/7677c174cde1f04ced3844158a8fc7d0.jpg,591,884,0,2026-05-03
2026-09-11,saia longa fluida,720013059221965137,58,7,0,Conjunto Azul Efeito Jeans Leve - Look de Verão Elegante,onelink.shein.com,https://onelink.shein.com/44/5wqxc04960b5,https://i.pinimg.com/originals/09/9a/4b/099a4bfc1af59d0f353d63ed00f653ac.jpg,1200,2133,0,2026-07-24
2026-09-11,saia longa fluida,346003183894415145,59,32,0,Conjunto Off-White Texturizado Tomara que Caia - Chique e Minimalista,onelink.shein.com,https://onelink.shein.com/44/5wnmd5o3ynv1,https://i.pinimg.com/originals/aa/01/94/aa01942659a42d0033601f6f30e849c1.jpg,1200,2133,0,2026-08-18
2026-09-11,saia longa fluida,582864376820331475,60,16,0,Não perca esta oferta grande na SHEIN! Economize muito agora!​,onelink.shein.com,https://onelink.shein.com/48/5zat5kbbwcuk?ismg_ol=9NEV9oxXsMJ_01_KOC-C,https://i.pinimg.com/originals/9d/8a/47/9d8a473c053298cfb60e3dd14d4efd24.jpg,1080,1920,0,2026-08-18
2026-09-11,saia longa fluida,1090926709830182646,61,1,0,CONJUNTO SHEIN,onelink.shein.com,https://onelink.shein.com/50/60mmnna0d7or?ismg_ol=6erR4fzNEDk_01_KOC-C,https://i.pinimg.com/originals/de/cd/f7/decdf77ae89f9767101675af5317f1a0.webp,1080,1920,0,2026-09-01
2026-09-11,saia longa fluida,843932417721259671,62,7,0,Malibu Vacation Outfit | Coastal Summer Style,amazon.com,https://www.amazon.com/shop/influencer-9c142fbe/list/11H4D9C3DD7X6?tag=onamzsushil00-20&ref_=hype_hm_sf_e&ccs_id=a0e21566-4a50-42f2-abc2-1b11a885b648,https://i.pinimg.com/originals/a6/64/7f/a6647f1e29f89c0f770d3a814c628d13.png,1054,1492,0,2026-07-16
2026-09-11,saia longa fluida,4604789964736200768,64,0,0,Saia plissada Amora,quetto.com.br,https://www.quetto.com.br/parte-de-baixo/saia/saia-plissada-amora-cores,https://i.pinimg.com/originals/ff/3c/cd/ff3ccd1f89f503d45f0746c5447dc4c1.jpg,1200,1600,0,2026-08-25
2026-09-11,saia longa fluida,4596205012020967040,65,0,0,"Saia Plissada com Zíper, Design Fluido em Linha A, em Chiffon Apricot e Amarelo Pálido, Elegante, Minimalista, Romântica, para Passeio, Praia, Uso Diário e Trabalho, Primavera/Verão",br.shein.com,https://br.shein.com/ark/default?scene=1&test=5051&ad_type=DPA&goods_id=475655126&pf=PINTEREST&link_type=link&url_from=PINADSDPA&ismg=5ef7e1b2608fd84d35d22ff0f3ad949542a7d11ef1430275b57aa3e8b8ecfe00_01_1789060213,https://i.pinimg.com/originals/19/30/bc/1930bc9e150aed61a9a1d2039e0c9275.jpg,1340,1785,0,2026-06-06
2026-09-11,saia longa fluida,1097119159268814868,66,212,0,✨ Poá Manteiga & Chocolate: O Look Elegante Que Une Sofisticação e Feminilidade Atemporal,,,https://i.pinimg.com/originals/84/b7/5b/84b75b0b219629bd350243b7f53ca6ac.jpg,1168,1752,0,2026-05-31
2026-09-11,saia longa fluida,1126533294321420319,67,1,0,Conjunto de Regata & Saia Longa ✨,onelink.shein.com,https://onelink.shein.com/49/6075n0a64bck?ismg_ol=1MTf9hablNS_01_KOC-C,https://i.pinimg.com/originals/3b/c6/9f/3bc69f86926c6e8b8cc76b3df888961e.png,896,1192,0,2026-08-27
2026-09-11,saia longa fluida,1072771573748200327,68,30,0,women fashion,,,https://i.pinimg.com/originals/d0/66/d9/d066d91f965da9f968a3410893ba3d3f.jpg,704,1408,0,2025-08-20
2026-09-11,saia longa fluida,578431145935445796,69,13,0,Conjunto Top Cropped Torcido e Saia Longa Franzida,onelink.shein.com,https://onelink.shein.com/42/5vianczh2njf,https://i.pinimg.com/originals/71/40/3f/71403fad2cad1f744fe473bdacb864f2.jpg,853,1516,0,2026-08-08
2026-09-11,saia longa fluida,4607112179329503296,70,0,0,Conjunto Feminino Saia Longa Com Fenda E Top Cropped Tipo Corset Visco Sarja Moda Elegante de Verão,br.shein.com,https://br.shein.com/ark/default?scene=1&test=5051&ad_type=DPA&goods_id=558142146&pf=PINTEREST&link_type=link&url_from=PINADSDPA&ismg=16f1542e78f3ffff5d95a3e6baf4a6412e9a995bb57d631222b5e09955a25d16_01_1789059817,https://i.pinimg.com/originals/22/c7/3e/22c73ee44bf2a24380f1f37cc9a0fb89.jpg,1340,1785,0,2026-09-01
2026-09-11,saia longa fluida,4598456824812753792,71,0,0,Saia Longa de Tule Feminina Camadas Fluida Elegante Cintura Alta para Festa Passeio e Verão,br.shein.com,https://br.shein.com/ark/default?scene=1&test=5051&ad_type=DPA&goods_id=486946043&pf=PINTEREST&link_type=link&url_from=PINADSDPA&ismg=1a6f070b02eee66d3c7898a0d5dc830f77d8fd3950e9d6d14036db890b8ae1c2_01_1789059795,https://i.pinimg.com/originals/f7/99/26/f79926be10953e22d723b37256c263b3.jpg,1086,1448,0,2026-08-20
2026-09-11,saia longa fluida,422281212020996,72,2169,0,,,,https://i.pinimg.com/originals/4e/02/4b/4e024bfadba01dc1dd6782bbbb8eeb7d.jpg,1148,1609,0,2025-09-10
2026-09-11,saia longa fluida,182395853666584734,73,13,0,Done 💕 Black one-shoulder top ke saath floral flowy skirt look,,,https://i.pinimg.com/originals/92/8a/91/928a916032c4f425d8cd691b39a170f0.png,1086,1448,0,2026-08-22
2026-09-11,saia longa fluida,20688479533832064,74,78,0,25 How to Style a Tank Top Outfits That Look...,sewmamasew.com,https://www.sewmamasew.com/25-how-to-style-a-tank-top/,https://i.pinimg.com/originals/46/5d/5e/465d5e331cf298c55d5aaf673722a385.jpg,720,1280,0,2026-08-27
2026-09-11,tricot feminino,1407443631280688,2,55,0,🤍 Cream Sweater Dress with Brown Belt | Chic Fall Outfit,,,https://i.pinimg.com/originals/38/28/ca/3828cac4968b2972e58250d37a2528d7.jpg,944,1680,0,2026-09-04
2026-09-11,tricot feminino,773282198563907907,3,1,0,￼Conjunto Tricot Feminino Inverno Colete e Saia Plissada | Conjunto Trico Moda Feminina Inverno,s.shopee.com.br,https://s.shopee.com.br/W696MAQGe?channel_type=pinterest,https://i.pinimg.com/originals/75/9a/e6/759ae6577daaff26dc36face068870e1.jpg,1080,1920,0,2026-08-26
2026-09-11,tricot feminino,897694138264519364,4,1,0,Blusa feminina gola alta tricô,s.shopee.com.br,https://s.shopee.com.br/7VFuWrIyTo?channel_type=pinterest,https://i.pinimg.com/originals/a2/d2/c2/a2d2c243c6b531f3079a28e2b8ab7bc0.webp,765,1020,0,2026-08-31
2026-09-11,tricot feminino,15058980001057068,5,206,0,Inspiração look de tricô,,,https://i.pinimg.com/originals/03/27/dc/0327dc95e9cef104664d99152b31af23.jpg,863,1534,0,2026-07-27
2026-09-11,tricot feminino,1126744400554380101,6,1,0,Blusa gola alta de tricot — a peça de frio mais aesthetic do inverno 2026,onelink.shein.com,https://onelink.shein.com/47/5ygrwep46ggh?ismg_ol=a16bd2160fe9fbb94d91f90a4eedf8b322056cd3e0c4b677338ea1898be0785c_01_KOC-C,https://i.pinimg.com/originals/61/38/d3/6138d3a4b65e6e075d0bfc7402825337.jpg,1216,1600,0,2026-08-19
2026-09-11,tricot feminino,4598738244059177856,7,1,0,Casaco Feminino Tricot Cardigan Moda Inverno Manga Bufante Tricô CAGE,br.shein.com,https://br.shein.com/ark/default?scene=1&test=5051&ad_type=DPA&goods_id=425877240&pf=PINTEREST&link_type=link&url_from=PINADSDPA&ismg=16aa2404216302c990279b59c85339856de96550a45fe3306b9218290021eeb2_01_1789059762,https://i.pinimg.com/originals/68/08/cf/6808cf5fb679c833220917108f785d67.jpg,1080,1440,0,2026-08-15
2026-09-11,tricot feminino,4595219829629848448,8,0,0,Croped feminino manga bufante furadinha decote V detalhe de amarração nas costas tricô tricot malha,br.shein.com,https://br.shein.com/ark/default?scene=1&test=5051&ad_type=DPA&goods_id=558027468&pf=PINTEREST&link_type=link&url_from=PINADSDPA&ismg=1c34bf12a569267af42e8b2beb96b60c564ce61ade9f2c8bd7c25eb7ce55e720_01_1789059815,https://i.pinimg.com/originals/44/72/27/447227a9a242088f25edcaa28654a68f.jpg,1340,1785,0,2026-08-29
2026-09-11,tricot feminino,4606549210487529536,9,0,0,Tricot Hellenah Black - Sallus Moda Feminina,sallusmodafeminina.com.br,https://www.sallusmodafeminina.com.br/blusas/tricot-hellenah-black,https://i.pinimg.com/originals/54/b8/ec/54b8ec451f35ed69eddfeb3927370e1c.jpg,1086,1448,0,2026-08-28
2026-09-11,tricot feminino,916201117962498552,10,7,0,BLUSA DE TRICÔ GOLA ALTA CONFORTÁVEL... 🍁🍂🤎,s.shopee.com.br,https://s.shopee.com.br/2gA1F9xGuN?channel_type=pinterest,https://i.pinimg.com/originals/a6/11/16/a611165640b76cdbdb9051591c24a262.jpg,735,1105,0,2026-08-01
2026-09-11,tricot feminino,1028791108652953813,11,4,0,Blusa feminina tricot,s.shopee.com.br,https://s.shopee.com.br/30loESap2W?channel_type=pinterest,https://i.pinimg.com/originals/4c/09/9d/4c099d7f3d24b19c5c40290e66b26d8f.jpg,736,1104,0,2026-06-21
2026-09-11,tricot feminino,4600145641628513152,12,0,0,Casaco Trico Moda Feminina Elegante Chique Trico Tricot,br.shein.com,https://br.shein.com/ark/default?scene=1&test=5051&ad_type=DPA&goods_id=545385192&pf=PINTEREST&link_type=link&url_from=PINADSDPA&ismg=594275e80b6492a2220a4f8e7df757364e9804719617bfaea933f9f7de8f9f26_01_1789059915,https://i.pinimg.com/originals/32/11/f2/3211f2fd76838dac3eccfb1be67fda5d.jpg,1086,1448,0,2026-08-21
2026-09-11,tricot feminino,4602045608607624064,13,0,0,Cardigan Feminino Malha Tricô Premium Casaco De Frio Botões Pérola Decote V Elegante,br.shein.com,https://br.shein.com/ark/default?scene=1&test=5051&ad_type=DPA&goods_id=507295617&pf=PINTEREST&link_type=link&url_from=PINADSDPA&ismg=250ac96a4bf7b8ec8acc860734e000ca26d81a4420cdddd965415dc6e20cba7b_01_1789059924,https://i.pinimg.com/originals/72/57/89/7257890ebf19c3fa088cf5bdce5673c0.jpg,1340,1785,0,2026-07-22
2026-09-11,tricot feminino,728527677265756548,14,4,0,15 Oversize Crochet Sweater Outfit Ideas for Cozy...,crochetme.com,https://www.crochetme.com/15-oversize-crochet-sweater-outfit-ideas/,https://i.pinimg.com/originals/fa/45/91/fa4591ff902d86e3833e8a2d08f89091.jpg,720,1269,0,2026-09-05
2026-09-11,tricot feminino,1118792732491872981,15,2,0,В коллекцию схем — красивое вязаное изделие с бесплатным описанием,beacons.ai,https://beacons.ai/vyazhemtyt/vyaza,https://i.pinimg.com/originals/16/38/1c/16381c25d133c4b0bd85f9d5c17396c4.jpg,944,1680,0,2026-08-26
2026-09-11,tricot feminino,4593530998983035776,16,0,0,Casaco de Tricô de Gola Alta Estilo Europeu Grosso Feminina Manga Longa Inverno Estampada Simples Blusa,br.shein.com,https://br.shein.com/ark/default?scene=1&test=5051&ad_type=DPA&goods_id=524329252&pf=PINTEREST&link_type=link&url_from=PINADSDPA&ismg=a43ac0127982d56daeec57db1c84a45bd33edb746a080e90f4036d22b39f9453_01_1789059915,https://i.pinimg.com/originals/5c/52/16/5c521603abf45fcc8edc1be225bb5719.jpg,1340,1785,0,2026-08-29
2026-09-11,tricot feminino,1092193347145490521,17,31,0,✨|Suéter em tricot!,onelink.shein.com,https://onelink.shein.com/22/59zi725lo6ka,https://i.pinimg.com/originals/c1/5c/c0/c15cc028ffadf9513eedfb6ad6716c06.jpg,736,1178,0,2025-12-12
2026-09-11,tricot feminino,4599864189547162240,18,368,0,35 Cozy Cable Knit Sweater Outfit Ideas to Try,sewmamasew.com,https://www.sewmamasew.com/35-cable-knit-sweater-outfit-ideas/,https://i.pinimg.com/originals/ee/72/96/ee7296bd1f58146afb8d300157b11617.jpg,720,1279,0,2026-05-15
2026-09-11,tricot feminino,66991113213205909,19,20,0,Conjunto de Bodysuit com calça em trico,onelink.shein.com,https://onelink.shein.com/46/5xrgnyudfrxc,https://i.pinimg.com/originals/89/ed/78/89ed7807de4b0f3f6659722a15a25e65.png,941,1672,0,2026-08-30
2026-09-11,tricot feminino,4601271562368139136,20,0,0,Colete Feminino Tricot Decote em V Detalhe Trançado Canelado Sem Manga Elegante tricô Moda Inverno,br.shein.com,https://br.shein.com/ark/default?scene=1&test=5051&ad_type=DPA&goods_id=557997371&pf=PINTEREST&link_type=link&url_from=PINADSDPA&ismg=f2ea4e2901a825a51489d779cebfa69be5a1804b3861eaa9c1e217f009e1e06e_01_1789059804,https://i.pinimg.com/originals/19/f0/3d/19f03de2e356e5597b2e9eaaaae2d9f9.jpg,1340,1785,0,2026-08-24
2026-09-11,tricot feminino,602215781471948029,21,15,0,Women’s Cream Cable Knit Sweater | Chic Oversized Off-Shoulder Winter Fashion,,,https://i.pinimg.com/originals/cd/41/f8/cd41f89b8eb63213c120494934e07dde.png,941,1586,0,2026-08-25
2026-09-11,tricot feminino,4604578874636812160,22,0,0,"Suéter de Tricô Solto com Gola Redonda Feminino, Azul Mescla de Manga Longa com Punho e Bainha Solta, Mistura de Lã, Top Básica Casual de Outono/Inverno",br.shein.com,https://br.shein.com/ark/default?scene=1&test=5051&ad_type=DPA&goods_id=541344440&pf=PINTEREST&link_type=link&url_from=PINADSDPA&ismg=e1f4d24c2a877a2f3ca95108a8059de33e7d29c1ad9c393e6cef9a1b66a1569e_01_1789059778,https://i.pinimg.com/originals/a3/f1/30/a3f13094da44dcb0e5a4f88dda329990.jpg,1340,1785,0,2026-08-22
2026-09-11,tricot feminino,1094304409470291023,23,46,0,Classic Parisian Capsule Outfit Cream Knit Black Pants,,,https://i.pinimg.com/originals/3b/13/e1/3b13e1be94f05eae690d9326c74631d0.png,1024,1536,0,2025-12-24
2026-09-11,tricot feminino,4590575487559502720,24,0,0,Conjunto Calça e Blusa Tricot Modal Alta Elasticidade Aerolook Manga Longa Tamanho Único Estilo Conforto Toque Macio Zero Transparência para Ocasiões Modernas,br.shein.com,https://br.shein.com/ark/default?scene=1&test=5051&ad_type=DPA&goods_id=499266583&pf=PINTEREST&link_type=link&url_from=PINADSDPA&ismg=bca25b2861931fefb7bc3bd366f19976fce43529e7dfd05ec1033f481bb836d2_01_1789059838,https://i.pinimg.com/originals/2b/8e/76/2b8e76c4c9c75e28d0c40b0123d52974.jpg,1340,1785,0,2026-08-29
2026-09-11,tricot feminino,211106301279010579,25,27,0,Cardigan a crochet,,,https://i.pinimg.com/originals/c8/cc/b0/c8ccb0a489a533321a10f9b70112f974.jpg,962,1323,0,2026-08-31
2026-09-11,tricot feminino,4609997263509764160,26,0,0,Conjunto Calça e Blusa Tricot Modal Alta Elasticidade Aerolook Manga Longa Tamanho Único Estilo Conforto Toque Macio Zero Transparência para Ocasiões Modernas,br.shein.com,https://br.shein.com/ark/default?scene=1&test=5051&ad_type=DPA&goods_id=499266560&pf=PINTEREST&link_type=link&url_from=PINADSDPA&ismg=cccfb96581a13b97c9e42f135e466838975921442de10dfafebcf7ee86637f15_01_1789059815,https://i.pinimg.com/originals/9f/01/45/9f0145543e60ecf8be675d564fde98cb.jpg,1340,1785,0,2026-08-29
2026-09-11,tricot feminino,25473554138102883,27,62,0,Casual Chic Date Night Outfit: Off-Shoulder Sweater & Jeans,,,https://i.pinimg.com/originals/51/db/33/51db33e486168a11e30c1bd314fe91f1.jpg,1000,1500,0,2026-01-07
2026-09-11,tricot feminino,4598034612957276800,28,66,0,35 Chic Outfit Ideas for Women to Elevate Your...,sewmamasew.com,https://www.sewmamasew.com/35-chic-outfit-ideas-for-women/,https://i.pinimg.com/originals/e2/58/ef/e258ef62619444de7cafdfa9c7201663.jpg,720,1280,0,2026-05-16
2026-09-11,tricot feminino,4598808609344607616,29,310,0,25 Hot Girl Walk Outfit Ideas for Chic Daily Motivation,sewmamasew.com,https://www.sewmamasew.com/25-hot-girl-walk-outfit-ideas/,https://i.pinimg.com/originals/54/2e/b4/542eb4495cc2b0b031fc81aaf1d7331e.jpg,720,1280,0,2026-07-05
2026-09-11,tricot feminino,1085719422756979207,30,1,0,Blusa De Frio Listrada Suéter Feminino Tricot Moda Tricô,meli.la,https://meli.la/1C5duei,https://i.pinimg.com/originals/a9/74/02/a9740268b7fcfb9632fb201ba709693c.webp,896,1152,0,2026-08-25
2026-09-11,tricot feminino,836965912046041022,31,22,0,Blusa Feminina Oversize Tricot Manga Longa Elegante,vt.tiktok.com,https://vt.tiktok.com/ZS9krdwbUvMmS-9ofl4/,https://i.pinimg.com/originals/6a/06/bc/6a06bc2472d11a6b52a9a0ee92e86671.webp,1080,1920,0,2026-08-14
2026-09-11,tricot feminino,902338475407649130,32,2,0,"blusa trico, quentinha e confortável",meli.la,https://meli.la/27vDRnG,https://i.pinimg.com/originals/ff/25/8b/ff258be38ab3bc122d69f2e2efc883e4.jpg,736,981,0,2026-08-17
2026-09-11,tricot feminino,267612402854181378,33,7,0,Casaco pérolas,,,https://i.pinimg.com/originals/d1/f4/fe/d1f4fec3484348c97bdd637f3bef79d1.png,1070,1470,0,2026-08-25
2026-09-11,tricot feminino,694328467599760265,34,1,0,Blusa de Frio Feminina Estilosa Tricot Corações Elegante de Inverno.,s.shopee.com.br,https://s.shopee.com.br/6VN8mL6tX5?channel_type=pinterest,https://i.pinimg.com/originals/93/3c/fe/933cfe200b7a80dba81ce8b66e9a04d8.png,941,1672,0,2026-08-17
2026-09-11,tricot feminino,4608308416893981568,35,2,0,Conjunto Tricot Cardigan Com Regata Bege Liso Jake,hajaamor.com.br,https://hajaamor.com.br/produtos/conjunto-tricot-cardigan-com-regata-bege-liso-jake-m5asn/,https://i.pinimg.com/originals/c7/fd/4d/c7fd4d7ed7821d7e1991f8d74f17540b.jpg,1024,1820,0,2026-06-17
2026-09-11,tricot feminino,68748566760,36,4204,0,,,,https://i.pinimg.com/originals/04/85/5e/04855e3c6c69e69afc34acbb1000fa1c.jpg,736,1308,0,2025-02-20
2026-09-11,tricot feminino,56154326599524376,37,292,0,,,,https://i.pinimg.com/originals/fa/94/6d/fa946d1d5d1da47ccd0dcd0842e8560c.jpg,1170,2392,0,2026-08-26
2026-09-11,tricot feminino,4608238051788044672,38,696,0,35 Trendy Pinterest Outfits to Inspire Your...,sewmamasew.com,https://www.sewmamasew.com/35-pinterest-outfits/,https://i.pinimg.com/originals/6d/10/2f/6d102f091d31e433cc190eac640b04c8.jpg,720,1260,0,2026-05-16
2026-09-11,tricot feminino,923589836103759910,39,1,0,"FOR BEAUTY Suéter Feminino de Malha Canelada de Manga Longa com Gola Alta, Ajuste Slim, Cor Sólida, Estilo Casual Elegante Minimalista Clássico para Escritório e Deslocamento",onelink.shein.com,https://onelink.shein.com/38/5swedtpsun3a,https://i.pinimg.com/originals/0f/e9/d8/0fe9d88a1fed37c8c1332c6ce02f75b8.jpg,1340,1785,0,2026-06-16
2026-09-11,tricot feminino,1077908492082412726,40,51,0,25 Cozy Winter Outfits Ideas 2025 – 2026 | Cute & Comfy Looks,vexorna.com,https://vexorna.com/cozy-winter-outfits-ideas-2025-2026-casual/,https://i.pinimg.com/originals/a0/60/25/a06025d263873c0247f72eaa8d465cbd.webp,736,1312,0,2026-04-19
2026-09-11,tricot feminino,675188169163045412,41,3,0,Tendências em Tricô para 2024 ✨,priflor.com,https://priflor.com/guia-completo-de-tendencias-em-trico-para-2024/,https://i.pinimg.com/originals/01/6b/68/016b689fe4f02e6b98736223e8983c3f.jpg,800,1200,0,2024-03-17
2026-09-11,tricot feminino,1129207306677749994,42,3,0,Conjunto elegante de tricot,s.shopee.com.br,https://s.shopee.com.br/8fOgGMzvoP?channel_type=pinterest,https://i.pinimg.com/originals/d3/bc/2f/d3bc2f92eed54cce9ffbb4b126e73b10.png,1086,1448,0,2026-04-24
2026-09-11,tricot feminino,1124422231999316388,43,1,0,Вязаный проект с красивым результатом — бесплатная схема по ссылке,beacons.ai,https://beacons.ai/loaia,https://i.pinimg.com/originals/b6/1b/d3/b61bd32b42505c4e8fb41241f4b527e1.png,1023,1537,0,2026-08-27
2026-09-11,tricot feminino,10203536652247389,44,269,0,,,,https://i.pinimg.com/originals/36/86/33/368633136849246cdd516b25592fad39.jpg,786,1163,0,2026-03-30
2026-09-11,tricot feminino,916552961670981210,45,3,0,MakeMeChic Women's Cable Knit Sweaters Drop Shoulder Long Sleeve Crew Neck Casual Pullover Tops,go.shopmy.us,https://go.shopmy.us/p-22217140,https://i.pinimg.com/originals/ad/15/48/ad15484d5cd6697c01ed5b589873ad9a.jpg,1340,1785,0,2025-08-01
2026-09-11,tricot feminino,841610249158610423,46,1,0,Blusão Tricot,meli.la,https://meli.la/1oxvtob,https://i.pinimg.com/originals/3e/59/84/3e59842474a27d0c37a1d7e21a6e49a5.jpg,1440,1843,0,2026-08-15
2026-09-11,tricot feminino,4714774605470830,47,115,0,Sweater Outfits for Women 2026 – Trendy & Cozy Knitwear Ideas,styles-4-you.com,https://styles-4-you.com/sweater-outfits-for-women-2026-knitwear-trends,https://i.pinimg.com/originals/ec/cb/5d/eccb5d497931087e09dd980eea492bea.webp,736,1312,0,2026-02-11
2026-09-11,tricot feminino,4604508488424542272,51,0,0,Blusa Gola Rolê Losango Areia,seguro.hortelatricot.com.br,https://seguro.hortelatricot.com.br/r/PDW3GY6TLA,https://i.pinimg.com/originals/5a/19/c8/5a19c829636b9401be41bee44c949e86.png,768,1344,0,2026-09-02
2026-09-11,tricot feminino,492649955266203,52,2142,0,Look feminino chic para qualquer ocasião suéter de tricô marrom,onelink.shein.com,https://onelink.shein.com/40/5u4omcxw1dte,https://i.pinimg.com/originals/15/98/52/159852aff29f207db5e0847a2e4b7e12.jpg,1080,1920,0,2026-08-26
2026-09-11,tricot feminino,805933295859927158,53,3819,0,,,,https://i.pinimg.com/originals/f6/b4/44/f6b4443a7d7d4cd7d1c27e8d6f63263c.jpg,736,1444,0,2025-07-27
2026-09-11,tricot feminino,139330182217324998,54,68,0,,,,https://i.pinimg.com/originals/ed/b5/8e/edb58e896dbfabf32488d75f6ccec628.jpg,1200,1600,0,2026-02-13
2026-09-11,tricot feminino,1097119159267074489,55,97,0,Conjunto de Tricô Bege Elegante com Calça Wide Leg | Quiet Luxury Feminino 2026,,,https://i.pinimg.com/originals/0d/86/ea/0d86eaa1d9c4d19eaf1df3a3cf940aad.png,1023,1537,0,2026-05-05
2026-09-11,tricot feminino,787848528613316506,56,2,0,Achei na shoppe 💖,s.shopee.com.br,https://s.shopee.com.br/8fPwNtl5gU?channel_type=pinterest,https://i.pinimg.com/originals/5a/57/a1/5a57a14b2dfccf1f8d4f867d03d59342.jpg,720,1280,0,2026-06-12
2026-09-11,tricot feminino,914862422023729,57,3313,0,Saia Mini de Tricô Floral | Moda Feminina Verão,onelink.shein.com,https://onelink.shein.com/26/5dizhxmm8shj,https://i.pinimg.com/originals/7e/74/5d/7e745d44e34ea99f3cc33c802788cd9f.jpg,736,1308,0,2026-03-09
2026-09-11,tricot feminino,1130966525281164303,58,1,0,-Blusa Tricot Feminino Cropped Trança Tricô Modal Manga Long,meli.la,https://meli.la/1B2aP4D,https://i.pinimg.com/originals/c6/64/ca/c664caa69a7ec433bb4d1f278f7c97d4.png,802,960,0,2026-08-16
2026-09-11,tricot feminino,2111131073929063,59,4972,0,,,,https://i.pinimg.com/originals/2f/4a/57/2f4a5717f40154c0857e4bcbf03c1112.jpg,1179,1669,0,2026-07-06
2026-09-11,tricot feminino,156781630774255131,60,366,0,25 Stylish Winter Office Outfits Inspiration 2025 - 2026 | Classy & Cute Ideas for Women,trevalix.com,https://trevalix.com/stylish-winter-office-outfits-inspiration-2025-classy-ideas/,https://i.pinimg.com/originals/84/3b/a8/843ba850dd8adcae350d9bcc69ed5c79.webp,704,1344,0,2025-11-03
2026-09-11,tricot feminino,813251645257780657,61,1,0,Blusa Tricô Oversized Feminina,s.shopee.com.br,https://s.shopee.com.br/6AjBheNP4d?channel_type=pinterest,https://i.pinimg.com/originals/b4/c1/bf/b4c1bf3dd68fad78c6c14683ef2d712a.jpg,960,1280,0,2026-07-05
2026-09-11,tricot feminino,4601482672682200448,62,1,0,Conjunto Tricot Guta,petitrosestore.com.br,https://petitrosestore.com.br/produtos/conjunto-tricot-guta/,https://i.pinimg.com/originals/a5/e5/2e/a5e52ea3e4fc7a31df8cf7d645d53b7f.png,640,853,0,2026-06-25
2026-09-11,tricot feminino,5699937024921385,63,536,0,Cozy Autumn Home Decor Ideas,,,https://i.pinimg.com/originals/fc/4e/be/fc4ebe364cae70613bb7318eea05fc83.jpg,736,1252,0,2026-02-14
2026-09-11,tricot feminino,4611334246652392512,64,1,0,"Vintage Balloon Sleeve Sweater Crochet Pattern PDF, Cropped Bishop Sleeve Pullover, Sizes XS-4XL, Ribbed Waist Jumper, Instant Download",etsy.com,https://www.etsy.com/listing/4552538263/vintage-balloon-sleeve-sweater-crochet,https://i.pinimg.com/originals/49/ed/34/49ed3491feb3bdd695cfc37ce74ae33f.jpg,1122,1402,0,2026-08-12
2026-09-11,tricot feminino,57069120276498727,65,103,0,Sweater Outfits for Women 2026: Understated Sophistication in Navy,woman-trend.com,https://woman-trend.com/fashion-trends/sweater-outfits-for-women-2026-knit-style/,https://i.pinimg.com/originals/87/14/d7/8714d72452fe328addf206b164d5ca76.jpg,737,1313,0,2026-08-27
2026-09-11,tricot feminino,349803096082611521,66,20,0,. Ivory All White Ribbed Knit Set,,,https://i.pinimg.com/originals/3a/7e/c9/3a7ec9981e4eb3f8d8a3ba0618893d95.jpg,1024,1536,0,2026-07-22
2026-09-11,tricot feminino,11399805459198854,67,537,0,Forever,,,https://i.pinimg.com/originals/80/a4/f2/80a4f28e1a8879b183ebd5cf79dab6d7.jpg,2136,3796,0,2025-11-29
2026-09-11,tricot feminino,607423068548936356,68,3,0,Conjunto Tricot Feminino Saia Godê Curta e Blusa Manga Bufante Moda Blogueira Gringa Outono Inverno,onelink.shein.com,https://onelink.shein.com/23/5a94v2i6w206,https://i.pinimg.com/originals/1b/c7/89/1bc78949f42193ca0ce130e75536e3a3.jpg,1340,1785,0,2026-05-09
2026-09-11,tricot feminino,336925615898035158,69,16,0,Suéter feminino,s.shopee.com.br,https://s.shopee.com.br/BSMPTfCKN?channel_type=pinterest,https://i.pinimg.com/originals/75/a0/6f/75a06fe4b3714f304271379b96a1b400.jpg,736,1307,0,2026-08-06
2026-09-11,tricot feminino,4598456800147463040,70,0,0,Blusa Tramas Caramelo,seguro.hortelatricot.com.br,https://seguro.hortelatricot.com.br/r/7DTULBZYY6,https://i.pinimg.com/originals/95/78/29/9578295eb776e5379fecbd60d8c2bfe7.png,563,1000,0,2026-09-02
2026-09-11,tricot feminino,985231165774699,71,1376,0,,,,https://i.pinimg.com/originals/79/37/8f/79378fc83453cb6778fb5d16280de07b.jpg,675,1200,0,2026-07-30
2026-09-11,look academia feminino,1115766876490232046,2,13,0,Conjunto Feminino De Academia Regata De Um Ombro E Legging Esportiva Com Levamento Sem Costura,onelink.shein.com,https://onelink.shein.com/49/5zwsjha11mcc?ismg_ol=LRzCcta5GcN_01_KOC-C,https://i.pinimg.com/originals/dd/86/35/dd8635c3f458012385affee407912982.png,1024,1536,0,2026-08-24
2026-09-11,look academia feminino,639511215880705707,3,2,0,roupas para academia,s.shopee.com.br,https://s.shopee.com.br/4fvRY0hDx1?channel_type=pinterest,https://i.pinimg.com/originals/ba/bc/e1/babce197ceb3491c149cb7c3104915b7.jpg,736,1308,0,2026-08-15
2026-09-11,look academia feminino,594545588352113980,4,1,0,"Legging verde , clique em ACESSAR para compra!",onelink.shein.com,https://onelink.shein.com/49/5zvfee6fejbg?ismg_ol=DK5g8ZxxtAW_01_KOC-C,https://i.pinimg.com/originals/e4/ab/99/e4ab99871ca1855298d6fd5694f5e508.jpg,1080,1920,0,2026-08-24
2026-09-11,look academia feminino,735986764156450746,5,1,0,Conjunto Fitness Feminino Marsala | Look de Academia,s.shopee.com.br,https://s.shopee.com.br/50YWwQKlEl?channel_type=pinterest,https://i.pinimg.com/originals/82/83/ce/8283ce0a82371706b9ebfab0b2fe7549.jpg,1080,1920,0,2026-08-25
2026-09-11,look academia feminino,761952830753556310,6,33,0,Look Fitness Feminino Vermelho e Preto: Poder e Estilo na Academia,meli.la,https://meli.la/31nj6sy,https://i.pinimg.com/originals/fc/db/e6/fcdbe61a2e1b8154d0780d11f6859ee3.png,1023,1537,0,2026-08-15
2026-09-11,look academia feminino,625226360817101396,7,74,0,conjunto academia,onelink.shein.com,https://onelink.shein.com/46/5yajbhnxv6ko?ismg_ol=91bbbe1b95bf54650c6ab974354b77c485711bc69d2e440fd24ad9dce23e4bcb_01_KOC-C,https://i.pinimg.com/originals/35/d0/67/35d06720d32a029c8128760d63f3541c.webp,1184,2096,0,2026-08-09
2026-09-11,look academia feminino,741475526197581270,8,1,0,look para seu momento de treinar,s.shopee.com.br,https://s.shopee.com.br/8Kp5w7fm2e?channel_type=pinterest,https://i.pinimg.com/originals/72/1d/c9/721dc93c1cb86867e11dfe72e38c1bd8.png,941,1672,0,2026-08-29
2026-09-11,look academia feminino,974888650612502145,9,91,0,Inspiração academia,,,https://i.pinimg.com/originals/c2/e5/c7/c2e5c7253c1b19343cffc8b187a294db.jpg,694,1234,0,2026-05-02
2026-09-11,look academia feminino,1119918632364869529,10,119,0,,,,https://i.pinimg.com/originals/3b/09/95/3b0995d7e460202281255ee9884dbf93.jpg,736,1338,0,2026-06-06
2026-09-11,look academia feminino,1091841503438311562,11,66,0,,,,https://i.pinimg.com/originals/98/84/88/988488c5b81152e9e69db7a8ce3ee2c4.png,1024,1536,0,2026-07-14
2026-09-11,look academia feminino,706854104062201432,12,3,0,Conjunto fitness feminino rosa,onelink.shein.com,https://onelink.shein.com/50/60e7gq805yxk?ismg_ol=CUDd3jMfd9O_01_KOC-C,https://i.pinimg.com/originals/2d/43/eb/2d43ebc3dcd94f316dc7fb8cd6530e7a.jpg,1080,1920,0,2026-08-29
2026-09-11,look academia feminino,202591683234199242,13,4,0,,linktr.ee,https://linktr.ee/Looksdiaadia,https://i.pinimg.com/originals/7c/c7/44/7cc7440102caa06130de5ff149961958.jpg,736,1107,0,2026-09-05
2026-09-11,look academia feminino,1151654935991145686,14,59,0,Roupa de Academia Feminina | Roupas Bonitas de Academia | Conjunto de Academia,meli.la,https://meli.la/1JJdA6M,https://i.pinimg.com/originals/c4/eb/98/c4eb9885d2640deec9ca70a22dceca50.png,941,1672,0,2026-08-06
2026-09-11,look academia feminino,1047368457110591659,15,1,0,"Top, legging e short no mesmo kit. ✨",s.shopee.com.br,https://s.shopee.com.br/AKa5ezyVRl?channel_type=pinterest,https://i.pinimg.com/originals/b2/d8/36/b2d836968172d274a5a3c3921db2f255.jpg,851,1280,0,2026-08-29
2026-09-11,look academia feminino,611082243235412353,16,21,0,Look para academia | Conjunto top e shorts fúcsia | Look academia para usar no verão,onelink.shein.com,https://onelink.shein.com/48/5zf6s19830bd?ismg_ol=HGmn1BD07hR_01_KOC-C,https://i.pinimg.com/originals/89/3e/9c/893e9ca6d143edd082e738aab6fcaee2.png,941,1672,0,2026-08-20
2026-09-11,look academia feminino,347410558778175531,17,14,0,,,,https://i.pinimg.com/originals/76/f4/59/76f45990e55c34ebbc25a5b037a17731.jpg,1024,1536,0,2026-08-31
2026-09-11,look academia feminino,1096345103069367154,18,1,0,"Look com Conjunto Feminino de Top e Calça Fitness | Academia, Casual e Confortável",s.shopee.com.br,https://s.shopee.com.br/6q0GHRKEjY?channel_type=pinterest,https://i.pinimg.com/originals/96/d2/06/96d206152ca4e690a3d8b25b2beb9350.png,1023,1537,0,2026-08-30
2026-09-11,look academia feminino,780178335491602170,19,9,0,"Jaqueta feminina elegante fitness, mulher saudável",meli.la,https://meli.la/2AdXooX,https://i.pinimg.com/originals/17/6c/68/176c6886fb49340f0f38bf94fcbed14c.png,1024,1536,0,2026-08-21
2026-09-11,look academia feminino,1144406955338931936,20,97,0,LOOKS DE ACADEMIA,vt.tiktok.com,https://vt.tiktok.com/ZS9j92ku77tnr-UffPX/,https://i.pinimg.com/originals/a4/30/52/a430523390bab0684e94c9800b82b763.png,940,1672,0,2026-06-16
2026-09-11,look academia feminino,719450109269647303,21,38,0,Conjunto 3 peças academia rosa,onelink.shein.com,https://onelink.shein.com/48/5z2eg0q3vjpk,https://i.pinimg.com/originals/05/69/ba/0569bae8f83520c135f5e614aaf00699.jpg,1080,1920,0,2026-08-17
2026-09-11,look academia feminino,129408189289932918,22,20,0,,,,https://i.pinimg.com/originals/e4/f1/c6/e4f1c6d29a98e771f50e4b7d777be0dc.jpg,1080,1920,0,2026-09-04
2026-09-11,look academia feminino,600949144076605039,23,4,0,Look pra treinar 🩵,s.shopee.com.br,https://s.shopee.com.br/5q7jczSQNa?channel_type=pinterest,https://i.pinimg.com/originals/17/90/e5/1790e51c5925eceb496f321eba0e82dc.jpg,1080,1920,0,2026-08-28
2026-09-11,look academia feminino,1129981362788050908,24,4,0,Treino | Fitness | Look academia 💙,s.shopee.com.br,https://s.shopee.com.br/1qbfpUO0X7?channel_type=pinterest,https://i.pinimg.com/originals/e1/0a/85/e10a850c3847f4497970fc365ce6e7b4.png,941,1672,0,2026-08-31
2026-09-11,look academia feminino,611082243235423335,25,5,0,Look academia | Macacão para usar na academia | Macacão mula manca para usar na academia,onelink.shein.com,https://onelink.shein.com/48/5zivqo9fmwcy?ismg_ol=JuNys5LnRCy_01_KOC-C,https://i.pinimg.com/originals/e8/fa/4d/e8fa4d214bae5c3a5787e9e2e1d2f5d3.png,941,1672,0,2026-08-21
2026-09-11,look academia feminino,1122311169760550880,26,2,0,Regata Feminina Alcinha Básica Poliamida Com Bojo Removível UV50 Academia Casual,s.shopee.com.br,https://s.shopee.com.br/30nTHwrqWd?channel_type=pinterest,https://i.pinimg.com/originals/84/a5/f2/84a5f2d16d980d40bc0b350d5590d65b.jpg,900,1600,0,2026-08-25
2026-09-11,look academia feminino,491877590576071137,27,4477,0,,,,https://i.pinimg.com/originals/f7/40/a8/f740a8e8b79c3ac39fac54017f455e76.jpg,752,1524,0,2026-04-20
2026-09-11,look academia feminino,644929609185357846,28,2,0,looks de academia shein,,,https://i.pinimg.com/originals/b4/97/06/b49706c4a563f73ecac1ee95bbf42d68.png,1023,1537,0,2026-08-20
2026-09-11,look academia feminino,1115766876490231635,29,2,0,Conjunto De Academia Feminino Top Esportivo E Short Ciclista Sem Costura Alta Elasticidade,onelink.shein.com,https://onelink.shein.com/49/5zws4gnk7adj?ismg_ol=BelwVuxNNPu_01_KOC-C,https://i.pinimg.com/originals/7d/24/0a/7d240a9bec85a66911c1252de53fc156.png,1023,1537,0,2026-08-24
2026-09-11,look academia feminino,1107885577117023990,30,1,0,Meia alo que as ratinhas de academia amam!,s.shopee.com.br,https://s.shopee.com.br/2Vr6erJimT?channel_type=pinterest,https://i.pinimg.com/originals/e0/4a/ba/e04abaa061abf780c567bd33d9d431d6.png,1024,1536,0,2026-08-23
2026-09-11,look academia feminino,611082243235423360,31,20,0,Look academia | Macacão preto para usar na academia | Roupas para usar na academia | Look fitness,onelink.shein.com,https://onelink.shein.com/48/5ziuvrfzw84y?ismg_ol=41FPrB9B88G_01_KOC-C,https://i.pinimg.com/originals/0a/56/63/0a566359b65e2cc74e639a43217cf1c2.png,941,1672,0,2026-08-21
2026-09-11,look academia feminino,827325394091648279,32,1,0,Macaquinho Fitness Feminino,s.shopee.com.br,https://s.shopee.com.br/4AzT7dt41q?channel_type=pinterest,https://i.pinimg.com/originals/51/c1/cf/51c1cfa9ecf49343b1881da540e91948.jpg,768,1365,0,2026-08-27
2026-09-11,look academia feminino,1129981362787780899,33,4,0,Conjunto Manga Longa de Academia Fitness Feminino com Legging Forrada Cós Alto e Top Manga Comprida,shopee.com.br,https://shopee.com.br/product/1612501137/58204011306?exp_group=rollout&fbclid=PAcGRvZgRleHRuA2FlbQIxMQBzcnRjBmFwcF9pZAwyNTYyODEwNDA1NTgAAaf7pzHmTQXFVeEYxZ3Le0bwTjlAAgSL0vim-O0vdg44y4tYKQycelxHp1MNoQ_aem_E9YI6KveIMrBRT10CPKT0Q&gads_t_sig=gqRjZGVrxHCFomtpsTE0MjUxOnRzc19zZGtfa2V5omt20QACpGFsZ2_SAAAAZKNkZWvAomN0xEAAAAAMaaRlZwa4TmRr35EbRKe45opqqWzquDpxLoPl6a_nP90XlrFndAmj-Eti4LViLnnfxaArnW_92wfHWioVqmN,https://i.pinimg.com/originals/a1/f9/0c/a1f90ce7d8c72a0fdba9e95457f08e96.png,1121,1403,0,2026-08-28
2026-09-11,look academia feminino,611082243235423358,34,28,0,Look academia | Macaquinho curto com decote nas costas para academia | Macaquinho de manga longa,onelink.shein.com,https://onelink.shein.com/48/5zivmy3cg0un?ismg_ol=4A4GGBmeLUm_01_KOC-C,https://i.pinimg.com/originals/ae/d3/d3/aed3d374c3317325bbacac91e1383e79.png,941,1672,0,2026-08-21
2026-09-11,look academia feminino,974888650615973194,35,51,0,Corpo Escultural,,,https://i.pinimg.com/originals/ba/23/65/ba236548b146255bd07b000d0651584c.png,941,1672,0,2026-08-16
2026-09-11,look academia feminino,1108518895818993880,36,1,0,Conjunto Legging E Top Fitness Cintura Alta Roupa Academia,meli.la,https://meli.la/15rSpod,https://i.pinimg.com/originals/37/5d/c2/375dc200adfd1258ffbfce0b211df3b2.jpg,852,1515,0,2026-09-02
2026-09-11,look academia feminino,14707136282189088,37,956,0,Pearl's Amazon Page,amazon.com,https://www.amazon.com/shop/moodmade?ref_=cm_sw_r_apann_aipsfshop_5P24BPHGA1H957ZY2SSH&language=en-US&ccs_id=357f6e80-b65a-403f-bcf8-c0b9e69d3e40,https://i.pinimg.com/originals/21/99/14/21991452025fbc0407f1e67984831eca.jpg,736,1104,0,2026-02-18
2026-09-11,look academia feminino,803188914839799084,38,3,0,Kit 3 Blusas Femininas Básicas | Look Fitness e Casual ✨,meli.la,https://meli.la/2e1L366,https://i.pinimg.com/originals/e1/87/66/e1876621c75bb856a2a6345ef7a008f0.png,971,1619,0,2026-08-26
2026-09-11,look academia feminino,19421842140691481,39,102,0,Roupa fitness ideias,onelink.shein.com,https://onelink.shein.com/46/5y2dh79reucc?ismg_ol=f4c52257576e9cb3e25d65750dcf0bb7c9dbf705467cc204dc9910f3fa03572e_01_KOC-C,https://i.pinimg.com/originals/5f/da/b7/5fdab72ad80e4f7cefdd516d1373b75c.jpg,1080,1920,0,2026-08-31
2026-09-11,look academia feminino,129408189289861641,40,117,0,Corpo tonificado,,,https://i.pinimg.com/originals/93/29/e6/9329e66cd6d917d5d2a3b157937dc55d.png,941,1672,0,2026-08-09
2026-09-11,look academia feminino,1114007657859809221,41,1,0,Conjunto Academia,s.shopee.com.br,https://s.shopee.com.br/qixvevfDA?channel_type=pinterest,https://i.pinimg.com/originals/0b/6e/f4/0b6ef40ab5ee4cf22db0f4a1d83adff8.jpg,1022,1536,0,2026-08-25
2026-09-11,look academia feminino,1114007657859807468,42,2,0,Conjunto Fitness Feminino com Short,s.shopee.com.br,https://s.shopee.com.br/6fgksQThwE?channel_type=pinterest,https://i.pinimg.com/originals/1f/f1/d4/1ff1d4d79735bb556a7c88b27e06ae7e.jpg,1022,1536,0,2026-08-25
2026-09-11,look academia feminino,665618019974824011,43,10,0,Conjunto Fitness Academia Feminino com Top Preto,onelink.shein.com,https://onelink.shein.com/48/5zetxmdg6atf?ismg_ol=5J3vOjqGBh6_01_KOC-C,https://i.pinimg.com/originals/c4/07/d3/c407d3ede44c3adc3c71da7ed7a1a21e.jpg,1080,1920,0,2026-08-20
2026-09-11,look academia feminino,1094937728185111389,44,3,0,"Conjunto short duplo, top, casaco e faixa de cabelo 4 peças de academia fitness",s.shopee.com.br,https://s.shopee.com.br/40gCTkfMBM?channel_type=pinterest,https://i.pinimg.com/originals/ac/0d/61/ac0d61853ad3556dbad3dfce42b8e9d3.jpg,1080,1920,0,2026-09-02
2026-09-11,look academia feminino,524387950385112968,45,6,0,Look Academia: Chic Gym Fits for Women,,,https://i.pinimg.com/originals/b1/1c/63/b11c63e1197e627a98f6e5649974bc31.png,749,1316,0,2026-06-18
2026-09-11,look academia feminino,600597300351233182,46,382,0,,,,https://i.pinimg.com/originals/53/f8/f4/53f8f4a838caf1a0259fd553002d82f0.png,852,1846,0,2026-05-20
2026-09-11,look academia feminino,1101622758881701410,47,1,0,Calça Legging Feminina Cintura Alta com Bolso – Suplex Fitness | Cobertura Reforçada,s.shopee.com.br,https://s.shopee.com.br/4AzVm65xNK?channel_type=pinterest,https://i.pinimg.com/originals/37/63/1f/37631fbf243949c98a45b0d1caa92003.png,1023,1537,0,2026-08-28
2026-09-11,look academia feminino,157555686962426244,48,61,0,,analweb.netlify.app,https://analweb.netlify.app/?u=https://dijbi.com/fitness-blogger-without-shaving/%3Futm_campaign%3Dengineer%26utm_source%3Dmomo%26utm_medium%3Dsocial,https://i.pinimg.com/originals/98/03/ff/9803ffb54ba8af0ecd77b5cfb1a461a3.jpg,694,1234,0,2026-07-12
2026-09-11,look academia feminino,1115766876490232410,49,2,0,Conjunto Feminino De Academia Camiseta Slim Fit Gola Redonda E Calça Cintura Alta Confortável,onelink.shein.com,https://onelink.shein.com/49/5zwt8yredqag?ismg_ol=JU4sYnH2BWI_01_KOC-C,https://i.pinimg.com/originals/24/b9/e5/24b9e5a8bd454e645a6198e819992e20.png,1023,1537,0,2026-08-24
2026-09-11,look academia feminino,112308584464903173,51,204,0,Inspiração academia,,,https://i.pinimg.com/originals/d5/6a/2e/d56a2e5ae408a8d3310a806a2b4c4e33.jpg,698,1241,0,2026-06-13
2026-09-11,look academia feminino,926897167088024418,52,5,0,💜 Look fitness feminino que é puro estilo!,onelink.shein.com,https://onelink.shein.com/48/5zd9xsgq1yuw?ismg_ol=AcMEwdmPybT_01_KOC-C,https://i.pinimg.com/originals/5c/21/53/5c2153a0fc9e5676ae1b27d577a5f95e.png,1023,1537,0,2026-08-19
2026-09-11,look academia feminino,974888650615300694,53,270,0,Inspiração academia,,,https://i.pinimg.com/originals/0f/f8/20/0ff820c923dd12535c4fb019d3e48d35.png,941,1672,0,2026-07-26
2026-09-11,look academia feminino,1091208184874308536,54,6,0,Macacão Fitness,onelink.shein.com,https://onelink.shein.com/49/5zx6w7he9nag?ismg_ol=JrPCMzsgFZx_01_KOC-C,https://i.pinimg.com/originals/0d/07/44/0d0744674ea446b030036896d30272ee.jpg,1080,1920,0,2026-08-25
2026-09-11,look academia feminino,1121748219717058331,55,7,0,Roupa de Academia Feminina | Look Fitness Shein,onelink.shein.com,https://onelink.shein.com/50/60vza75qztzy?ismg_ol=1NLzwBayedw_01_KOC-C,https://i.pinimg.com/originals/a9/e8/1a/a9e81aa2d07b281b1dedebfe1c262702.jpg,1080,1920,0,2026-09-03
2026-09-11,look academia feminino,941252390894963595,56,6,0,COMPRE AQUI ⬇️,meli.la,https://meli.la/34dZYaM,https://i.pinimg.com/originals/d8/89/f2/d889f2899d7f3a79d265071a7d139a69.png,841,1419,0,2026-08-20
2026-09-11,look academia feminino,1126251819344807532,57,1,0,Conjunto Esportivo Feminino,onelink.shein.com,https://onelink.shein.com/51/60xd0bx830c1?ismg_ol=JsfAs22N0Ya_01_KOC-C,https://i.pinimg.com/originals/66/55/41/665541709841ddf0515b96120e2d1f87.png,1080,1920,0,2026-09-03
2026-09-11,look academia feminino,13440498884795067,58,205,0,Look Fitness Básico e Estiloso🤍,onelink.shein.com,https://onelink.shein.com/42/5vg28so7db2w,https://i.pinimg.com/originals/c9/b5/03/c9b5033a14952ec3b8d048f3236e9d8f.jpg,1080,1920,0,2026-08-08
2026-09-11,look academia feminino,863213453624003486,59,55,0,esse conjunto fitness não é transparente é muito lindo e confortável,br.shp.ee,https://br.shp.ee/ibentfna?smtt=0.0.9,https://i.pinimg.com/originals/fe/d3/1d/fed31dfb2765fcc791ff7b14bed924a0.jpg,768,1365,0,2026-05-15
2026-09-11,look academia feminino,1138425612100530377,60,1,0,Conjunto Fitness Feminino Rosa Pink Top e Legging Cintura Alta,s.shopee.com.br,https://s.shopee.com.br/30nYcFDLXJ?channel_type=pinterest,https://i.pinimg.com/originals/ba/b4/b7/bab4b7eff894d0abbddcd2d630491873.png,1024,1536,0,2026-09-01
2026-09-11,look academia feminino,1130333206523441733,61,1,0,conjunto feminino de academia,s.shopee.com.br,https://s.shopee.com.br/7VG6FEXRGB?channel_type=pinterest,https://i.pinimg.com/originals/80/1c/6f/801c6f02c14a07ddaf872e4c84a07c78.jpg,940,1671,0,2026-09-03
2026-09-11,look academia feminino,1130333206523441537,62,1,0,conjunto feminino de academia,s.shopee.com.br,https://s.shopee.com.br/4fvurnjTne?channel_type=pinterest,https://i.pinimg.com/originals/17/b4/4e/17b44ebb995a3861c88146ffb72a7165.jpg,941,1672,0,2026-09-03
2026-09-11,look academia feminino,1126885138050705369,64,5,0,Conjunto Fitness Feminino Rosa | Look para Academia,onelink.shein.com,https://onelink.shein.com/48/5za2q1nrdnpy?ismg_ol=J1GPsZve5z0_01_KOC-C,https://i.pinimg.com/originals/72/f4/bf/72f4bf40fcc62f67e0f3906b9f014747.png,1023,1537,0,2026-08-18
2026-09-11,look academia feminino,956522408381023335,65,2,0,Conjunto Moletinho Feminino Moletom Academia 🤍,s.shopee.com.br,https://s.shopee.com.br/6L43CPYCTI?channel_type=pinterest,https://i.pinimg.com/originals/fc/bb/7b/fcbb7b981da03bb4e88d2d3d4ffab1ee.jpg,1184,2096,0,2026-08-30
2026-09-11,look academia feminino,1114007657859807469,66,2,0,Conjunto de Academia Feminino com Short,s.shopee.com.br,https://s.shopee.com.br/4fvgUubXn7?channel_type=pinterest,https://i.pinimg.com/originals/06/3e/88/063e88562d6c8aec20570c5ae2c9186c.jpg,1022,1536,0,2026-08-25
2026-09-11,look academia feminino,695243261272546843,67,15,0,Conjunto Casual de Camiseta de Manga Curta e Legging de Atividade Física | Roupa Esportiva Ajustada,onelink.shein.com,https://onelink.shein.com/48/5zjihrycf2u7?ismg_ol=FREzfgQssHn_01_KOC-C,https://i.pinimg.com/originals/69/ea/1a/69ea1a6a53d725347b5bdce90e7b2255.jpg,1079,1851,0,2026-09-01
2026-09-11,look academia feminino,939211697329823743,68,1,0,Roupa de Academia,onelink.shein.com,https://onelink.shein.com/50/60t7fujuk4zi?ismg_ol=GDYk6POZmb6_01_KOC-C,https://i.pinimg.com/originals/de/32/b6/de32b62702687c4de4d6955534a1cfee.jpg,940,1671,0,2026-09-02
2026-09-11,look academia feminino,974888650610547244,69,190,0,Inspiração gym,,,https://i.pinimg.com/originals/f3/3e/02/f33e023e40fa33fd1b501d180e25118b.png,768,1280,0,2026-03-07
2026-09-11,look academia feminino,471400286022294622,70,6,0,ID: 667P5B3,onelink.shein.com,https://onelink.shein.com/48/5zitzt4z88kz?ismg_ol=BACxQVZORUM_01_KOC-C,https://i.pinimg.com/originals/b4/15/c1/b415c100a82430684a996f6b62c92aa7.jpg,1200,2132,0,2026-08-21
2026-09-11,look academia feminino,846536061254995825,71,120,0,💖,onelink.shein.com,https://onelink.shein.com/44/5wrwl4rxckko,https://i.pinimg.com/originals/2b/95/a2/2b95a2aa5b59b229d58640fc8d690dfa.jpg,1080,1920,0,2026-07-25
2026-09-11,look academia feminino,1094022934507075644,72,41,0,healthy lifestyle vision board | Descubre las,,,https://i.pinimg.com/originals/55/89/40/55894089170a963e81a7a0bc599673ab.jpg,736,1300,0,2026-06-23
2026-09-11,look academia feminino,93801604735602760,73,154,0,,,,https://i.pinimg.com/originals/0d/a7/66/0da76689a0a2b812090eb91d5e531d62.png,971,1619,0,2026-07-30
2026-09-11,look academia feminino,809662839307582936,74,12,0,Conjunto Fitness sem Costura | Shein,onelink.shein.com,https://onelink.shein.com/48/5z640yrx8vtg,https://i.pinimg.com/originals/71/51/3f/71513feaab0e24f48a1a36d33995a752.jpg,829,1036,0,2026-08-17
2026-09-11,calca jeans flare,1125407394439282985,2,3,0,Calça Jeans Flare Escura | Corte que Alonga a Silhueta,meli.la,https://meli.la/1SFgSZ5,https://i.pinimg.com/originals/bb/db/ef/bbdbefc188e075e8bcc38cff8d64a3c8.png,1023,1537,0,2026-08-26
2026-09-11,calca jeans flare,690106342946537223,3,4,0,Calça jeans feminina flare cintura alta que alonga a silhueta,s.shopee.com.br,https://s.shopee.com.br/3g39CpCtJ1?channel_type=pinterest,https://i.pinimg.com/originals/02/4b/6a/024b6ada2c5bf67904daed4727e1cd57.png,1023,1537,0,2026-08-24
2026-09-11,calca jeans flare,6122149489315834,4,488,0,30 Outfit Ideas for Long Legs to Elevate Your...,sewmamasew.com,https://www.sewmamasew.com/30-outfit-ideas-for-long-legs/,https://i.pinimg.com/originals/bd/da/08/bdda08de60c4e4a147056e493e269326.jpg,720,1279,0,2026-08-22
2026-09-11,calca jeans flare,4595501338872324992,5,0,0,Calça Flare Jeans Feminina Modeladora Cintura Alta Boca Larga Premium,br.shein.com,https://br.shein.com/ark/default?scene=1&test=5051&ad_type=DPA&goods_id=546283086&pf=PINTEREST&link_type=link&url_from=PINADSDPA&ismg=2445652b23f0fb7b89be3b4a46e6c790d0e580f809c7449b85f58934c9688bce_01_1789059923,https://i.pinimg.com/originals/30/eb/e0/30ebe06b5b830381f6bcf9e6431900c9.jpg,1086,1448,0,2026-08-19
2026-09-11,calca jeans flare,416934878028281093,6,43,0,Trending look under budget,link.amazon,https://link.amazon/B07Uu06P4,https://i.pinimg.com/originals/a5/2d/ac/a52dac08c2c01c0ce7b7390113de0714.jpg,1170,1767,0,2026-09-03
2026-09-11,calca jeans flare,921267667544583833,7,2,0,CALÇA FEMININA,s.shopee.com.br,https://s.shopee.com.br/2BEHm6JrsS?channel_type=pinterest,https://i.pinimg.com/originals/a4/91/89/a491899ade54cc2ba6ba85cd747e167a.jpg,774,1024,0,2026-08-22
2026-09-11,calca jeans flare,50665564555654125,8,208,0,30 Flare Jeans Outfit Ideas With a Sweater for...,sewmamasew.com,https://www.sewmamasew.com/30-flare-jeans-outfit-ideas-with-a-sweater/,https://i.pinimg.com/originals/31/84/dd/3184ddc9ad781d77b2d2bd74161cc3d6.jpg,720,1280,0,2026-08-23
2026-09-11,calca jeans flare,1064890274429178757,9,17,0,Look elegante para trabalhar com calça flare e blazer,clubgirls.lovable.app,https://clubgirls.lovable.app/blog/3-calcas-para-ter-no-guarda-roupa,https://i.pinimg.com/originals/9b/6a/e0/9b6ae0011cd6c31faeadf18fe3b9cbd6.png,941,1672,0,2026-08-23
2026-09-11,calca jeans flare,740842207498713906,10,8,0,Light-Wash Flared Jeans 🤍,amazon.in,https://www.amazon.in/KOTTY-Wrinkle-Resistant-Quantum-KTTLADIESJEANS3098M/dp/B0FKM1XDL6?crid=OO4ZOBQ2FI7G&dib=eyJ2IjoiMSJ9.Wakc6UjJReXZIb_41rz8r9DuykErP9-F_7RPyV1Kzk9FPho24-TJ8HtrzeD11NctHNxnuSvTPyb52GAaSP_ZF5XxgGBID8GD2caqlIj2YMwNHE6aTsYne3P__V2awpACwU6Gw6Y_EZ9BBsKPEUK7jNybJ4f0w_t8yCEQh7WN6j5t_xLtFzUVztlFye_-Xvn5tqgsI4xGd8jMNeZrZw8jV8X2QNmJ-2MvJ8xmhqTha_IAYzRWY9g5WP4mCD0ght_njoC6DbKHit9w-HJMplehs,https://i.pinimg.com/originals/12/e9/a4/12e9a476eb8d0b6c9fd09d36d7430296.png,1023,1537,0,2026-09-01
2026-09-11,calca jeans flare,1146869861391138738,11,2,0,На что обратить внимание при выборе джинсов с высокой посадкой и клешем,wildberries.ru,https://www.wildberries.ru/seller/1321201?articul=244613657,https://i.pinimg.com/originals/eb/f6/0e/ebf60ebda17b2a77628e7a9718e5ca9a.webp,900,1200,0,2026-08-29
2026-09-11,calca jeans flare,853150723207436121,12,1,0,Calça Jeans Feminina,meli.la,https://meli.la/1jBzncW,https://i.pinimg.com/originals/b5/b2/9e/b5b29e9a4aa3d32344e626206eb70421.png,1024,1536,0,2026-08-21
2026-09-11,calca jeans flare,1141732943087571113,13,26,0,Id Shein Outfit: T242572 | Link 👇🏼,onelink.shein.com,https://onelink.shein.com/48/5z2bf66q6knr,https://i.pinimg.com/originals/6c/5f/22/6c5f22b09bef6ce67e98a2e95d6b3fb7.jpg,1080,1920,0,2026-08-16
2026-09-11,calca jeans flare,4609223227149826944,14,7,0,Calça Jeans Flare Feminina Cintura Alta Boca de Sino Blogueira Moda Feminina Jeans Confortável Premium,br.shein.com,https://br.shein.com/ark/default?scene=1&test=5051&ad_type=DPA&goods_id=514903220&pf=PINTEREST&link_type=link&url_from=PINADSDPA&ismg=e35a3c753034649e5db5268e9d0be559ae5ba175f60772adeab4f19a9c8f62bd_01_1789059754,https://i.pinimg.com/originals/f2/e1/07/f2e1072de06c5cc1c2f10587b11c800e.jpg,1345,1780,0,2026-07-07
2026-09-11,calca jeans flare,451345193930840857,15,4,0,High waist flared jeans 🎀✨,link.amazon,https://link.amazon/B0da6atIr,https://i.pinimg.com/originals/66/0d/f2/660df2c1a2d3b1bcac89cf1ac0f47286.png,1086,1448,0,2026-09-05
2026-09-11,calca jeans flare,2392606049441579,16,269,0,Calça flare jeans: look elegante e feminino para se inspirar ✨,clubgirls.lovable.app,https://clubgirls.lovable.app/blog/looks-com-calca-flare-jeans-3-ideias-para-usar-em-diferentes-ocasioes,https://i.pinimg.com/originals/4e/18/02/4e1802ce49273c3128cb0eec2e3d2992.jpg,900,1600,0,2026-08-27
2026-09-11,calca jeans flare,670191988365939388,17,2,0,Calça Flare Country 🎀💝🎀💝,s.shopee.com.br,https://s.shopee.com.br/5VUwh4tOdU?channel_type=pinterest,https://i.pinimg.com/originals/7d/01/90/7d0190e6cd873e7eafc9200b905fb8a7.png,941,1672,0,2026-08-30
2026-09-11,calca jeans flare,761952830753721642,18,5,0,Uma inspiração atemporal para a sua vitrine. ✨,meli.la,https://meli.la/1DPcYYv,https://i.pinimg.com/originals/99/d8/97/99d897af5ba22eaacab0d6fc48d37fea.png,1023,1537,0,2026-08-24
2026-09-11,calca jeans flare,4609575050677016640,19,0,0,CALÇA WID LEG BLOGUEIRA CHARMOSA LANÇAMENTO,br.shein.com,https://br.shein.com/ark/default?scene=1&test=5051&ad_type=DPA&goods_id=559318344&pf=PINTEREST&link_type=link&url_from=PINADSDPA&ismg=5a7a46ab59c4fb00c3c1048407ba5a2bd4ebf224d6d110a2826ada59e8d36258_01_1789059754,https://i.pinimg.com/originals/77/5f/b7/775fb75149297be90a9d8375f9aa79e8.jpg,1086,1448,0,2026-08-27
2026-09-11,calca jeans flare,4591208795868259712,20,416,0,30 Flare Jeans Outfit Ideas With Heels for Elevated Style,sewmamasew.com,https://www.sewmamasew.com/30-flare-jeans-outfit-ideas-with-heels/,https://i.pinimg.com/originals/7f/af/1b/7faf1b298471c902abd09d22e52aba3e.jpg,720,1280,0,2026-07-24
2026-09-11,calca jeans flare,1141451468118937526,21,3,0,High-Waisted Dark Blue Flared Jeans,wishlink.com,https://www.wishlink.com/share/nqbbar,https://i.pinimg.com/originals/8d/e4/94/8de4945aa29a9bab8b90c8b5c891bc20.png,1023,1537,0,2026-08-20
2026-09-11,calca jeans flare,715790934573151379,22,3,0,SHEIN!!Jeans talle alto corte bota acampanado,onelink.shein.com,https://onelink.shein.com/49/5zsqdjprs6qk?ismg_ol=2ewQ78XLlCq_01_KOC-C,https://i.pinimg.com/originals/e0/74/7f/e0747fb1f08f8290de26b4cda9ea1f5d.jpg,1086,1448,0,2026-09-03
2026-09-11,calca jeans flare,18999629675697262,23,72,0,Living in soft tones and denim days. https://vogatiques.com/ . . . . #Denim #Jeans #Fashion #Vogatiques #DenimStyle #FashionAddict #StyleInspo #Chic #onesodenim #bbl #ootd #outfitideas #viralfashion #,instagram.com,https://www.instagram.com/p/Dag2jSnDS4f/,https://i.pinimg.com/originals/5d/b7/c8/5db7c8af600294d5e75cca1fced7cfe9.jpg,1019,1274,0,2026-08-05
2026-09-11,calca jeans flare,1070167930224930761,24,1,0,"Sales Outfits, Bootcut Jeans With Blouse, Womens Classy Casual Outfits, Fit And Flare Outfit, 30s...",amzn.to,"https://amzn.to/4fWvMdp?utm_medium=social_organic&utm_source=pinterest&utm_campaign=global_item&keyword=Sales+Outfits,+Bootcut+Jeans+With+Blouse,+Womens+Classy+Casual+Outfits,+Fit+And+Flare+Outfit,+30s+Women+Outfits,+Jean+Outfits+Dressy,+Hourglass+Casual+Outfits,+Women%E2%80%99s+Outfits+30s,+Jean+Outfits+For+Women",https://i.pinimg.com/originals/d2/2f/d4/d22fd4bc0b089e7734622c910779afcc.jpg,720,1279,0,2026-08-06
2026-09-11,calca jeans flare,4600075275439647616,25,0,0,Calça Flare Preta Feminina Modeladora Elegante e Versátil,br.shein.com,https://br.shein.com/ark/default?scene=1&test=5051&ad_type=DPA&goods_id=546304387&pf=PINTEREST&link_type=link&url_from=PINADSDPA&ismg=a55d2e1d4beab0d1fa527483b95bc678ec365a2d4db754eec0755852e1731a23_01_1789059821,https://i.pinimg.com/originals/b4/53/ee/b453ee8fe193021a96f4d157300feb57.jpg,1086,1448,0,2026-08-28
2026-09-11,calca jeans flare,675540012901101054,26,1,0,Calça Jeans Feminina Flare,br.shp.ee,https://br.shp.ee/qtpo9gjs?smtt=0.0.9,https://i.pinimg.com/originals/63/84/8b/63848bff92a6a663b507912375b7c106.jpg,1200,2133,0,2026-07-04
2026-09-11,calca jeans flare,1111474383091053602,27,2,0,Calça Jeans Flare Cós e Cintura Alta Levanta Bumbum Com Lycra Elastano 🤎✨,s.shopee.com.br,https://s.shopee.com.br/9ANRbP6eee?channel_type=pinterest,https://i.pinimg.com/originals/6f/c6/38/6fc63815d53f393fdf04e02733b1b655.jpg,736,1104,0,2026-07-30
2026-09-11,calca jeans flare,1135047912361527237,28,45,0,Women's High Waist Flared Jeans Outfit | Chic Street Style Fashion Look,,,https://i.pinimg.com/originals/c0/c1/7e/c0c17ee3fdcb46cd49216dcf59bc8e71.jpg,1200,1800,0,2026-07-09
2026-09-11,calca jeans flare,339247784453287360,29,449,0,Instagram,instagram.com,https://www.instagram.com/p/CyPIPWQtOQj/,https://i.pinimg.com/originals/9b/02/0d/9b020d4362f039a05ba0515b61eaa4c9.png,640,853,0,2025-10-18
2026-09-11,calca jeans flare,1100637596461955532,30,47,0,Dark Blue Flare Jeans Outfit | Effortless Everyday Style,amzn.to,https://amzn.to/3TZ0ACJ,https://i.pinimg.com/originals/9b/bb/4b/9bbb4b1b28a1d05ddd94ba8d7f4cbdd6.png,1023,1537,0,2026-08-08
2026-09-11,calca jeans flare,1064890274428791605,31,9,0,look casual com calça flare jeans,clubgirls.lovable.app,https://clubgirls.lovable.app/blog/calca-flare-jeans-4-looks-para-usar-em-diferentes-ocasioes,https://i.pinimg.com/originals/86/75/71/8675714f997682739b8020e3c7d398db.png,941,1672,0,2026-08-12
2026-09-11,calca jeans flare,400257485657498684,32,14,0,casual look,,,https://i.pinimg.com/originals/1e/76/b8/1e76b8161ad2419dff30560c62013332.png,1000,1500,0,2026-08-31
2026-09-11,calca jeans flare,1106970783441123934,33,2,0,"Calça Flare - Calça Flare Feminina de Denim Elástico Slim Fit com Botões Simples, Casual",sovrn.co,https://sovrn.co?key=19ae9590335c9d75012f2591728f7dce&u=https%3A%2F%2Fonelink.shein.com%2F50%2F60slr21knqwx%3Fismg_ol%3DAEKCn3JlOfn_01_KOC-C&cuid=scale,https://i.pinimg.com/originals/3c/4a/b9/3c4ab9289b4e64c258189c6ce33b0428.png,1023,1537,0,2026-09-02
2026-09-11,calca jeans flare,1103663452469061963,34,2,0,calça flare jeans,tiktok.com,https://www.tiktok.com/view/product/1733262100858242442?_t=ZS-98wvgn8YpCE,https://i.pinimg.com/originals/6b/76/f4/6b76f4abea82ef56884b584807686d57.jpg,1080,1920,0,2026-08-17
2026-09-11,calca jeans flare,4362930884812819,35,597,0,,scontent-lga3-3.xx.fbcdn.net,https://scontent-lga3-3.xx.fbcdn.net/v/t51.82787-15/515937585_18516843511022225_5266618338646866350_n.jpg?_nc_cat=108&ccb=1-7&_nc_sid=127cfc&_nc_ohc=B9nJBDtCq9UQ7kNvwF70n2M&_nc_oc=Adm2YCdkHZ35NGCY-xB9KOl_pZ2bfIM1hP_Dg6_8vtrdKzdAlqJ_d_HxdDvxbQhlzX19BfdT4uDb6ncjPj33uTfp&_nc_zt=23&_nc_ht=scontent-lga3-3.xx&_nc_gid=MMBrY1zyCZQB8gJiG0VjXQ&oh=00_AfQgO3PchWAMofThzLhKnNRjbWp-eCuWAmF1cqI875nHug&oe=68848BBA,https://i.pinimg.com/originals/cc/87/fc/cc87fc4bdb3bea5b608481d69a29eebf.png,1000,1333,0,2026-04-14
2026-09-11,calca jeans flare,4594586524302861696,36,0,0,"Calça Flare Feminina de Denim Elástico Slim Fit com Botões Simples, Casual, Primavera/Outono",br.shein.com,https://br.shein.com/ark/default?scene=1&test=5051&ad_type=DPA&goods_id=39362380&pf=PINTEREST&link_type=link&url_from=PINADSDPA&ismg=8020abb8bea02aa7308658027f0de680d9e839217e108b80b4bb8d521bd111cf_01_1789059818,https://i.pinimg.com/originals/d2/c8/20/d2c820696f69de047cadb39222bdbdd7.jpg,1340,1785,0,2026-07-26
2026-09-11,calca jeans flare,17803361027152149,37,96,0,30 Petite Jeans Outfit Ideas for a Flattering Everyday Fit,sewmamasew.com,https://www.sewmamasew.com/30-petite-jeans-outfit-ideas/,https://i.pinimg.com/originals/2d/eb/2c/2deb2cf0f3c9c80a060e8e2717c77881.jpg,720,1280,0,2026-08-25
2026-09-11,calca jeans flare,4599582678127383424,38,0,0,CALÇA JEANS FLARE COMFORT 9320 ALCANCE,vintedoisk.com.br,https://vintedoisk.com.br/collections/all/products/calca-jeans-flare-comfort-9320-alcance,https://i.pinimg.com/originals/54/96/90/549690cb7108c9fbf65c0dd2457df9e2.jpg,934,1400,0,2026-08-18
2026-09-11,calca jeans flare,4611404631556208704,39,45,0,30 Flare Jeans Outfit Ideas With Flats for Easy...,sewmamasew.com,https://www.sewmamasew.com/30-flare-jeans-outfit-ideas-with-flats/,https://i.pinimg.com/originals/34/85/71/348571ffb56d3b2811ffacd3867a2338.jpg,720,1280,0,2026-07-24
2026-09-11,calca jeans flare,9288742977873137,40,448,0,Instagram,instagram.com,https://www.instagram.com/p/DXm5v_ACQmX/,https://i.pinimg.com/originals/6e/6d/7b/6e6d7b1997667d695dddd4e1fe0eea10.jpg,1080,1440,0,2026-06-17
2026-09-11,calca jeans flare,4601975224634982464,41,1,0,"Kit 3 Calças Jeans Flare Feminina Preta, Azul e Grafite Cintura Alta e Modelagem Perfeita",dafiti.com.br,"https://www.dafiti.com.br/Kit-3-Calcas-Jeans-Flare-Feminina-Preta,-Azul-e-Grafite-Cintura-Alta-e-Modelagem-Perfeita-14436708.html",https://i.pinimg.com/originals/bc/b1/93/bcb193c95b316759be9f9485bb58e83e.jpg,1104,1600,0,2026-08-28
2026-09-11,calca jeans flare,4596486451925820800,42,94,0,30 High Waisted Jeans Outfit Ideas With A Button...,sewmamasew.com,https://www.sewmamasew.com/30-high-waisted-jeans-outfit-ideas-with-a-button-down/,https://i.pinimg.com/originals/c8/14/56/c81456eabb54e76b4d44b7eb2553b7d3.jpg,720,1280,0,2026-07-24
2026-09-11,calca jeans flare,74168725109976217,43,59,0,Blue Halter Top & Flared Jeans 💙✨,,,https://i.pinimg.com/originals/1f/ae/0a/1fae0a608680138bb60bb9554023e3b1.jpg,1200,2132,0,2026-08-06
2026-09-11,calca jeans flare,4604156683953315712,44,3,0,CALÇA FEMININA FLARE,br.shein.com,https://br.shein.com/ark/default?scene=1&test=5051&ad_type=DPA&goods_id=542473071&pf=PINTEREST&link_type=link&url_from=PINADSDPA&ismg=8e9205b2bd8f55562db2cc6d07efca9a482633aae40b42b0d37234a0faa5819b_01_1789059821,https://i.pinimg.com/originals/6f/f8/e2/6ff8e278107aefe7274aea2036a4b7bb.jpg,1340,1785,0,2026-08-18
2026-09-11,calca jeans flare,1105281933579786276,45,1,0,calça boca larga,s.shopee.com.br,https://s.shopee.com.br/5LBWlTc3JW?channel_type=pinterest,https://i.pinimg.com/originals/d7/62/73/d76273ca8c7c39c848bfe3ca46944a06.jpg,736,1104,0,2026-08-30
2026-09-11,calca jeans flare,900579256759768121,46,3683,0,Elegant White Lace Top & Pearl Detail Flared Jeans Outfit 🤍 | Soft Girl Aesthetic Fashion Inspo,,,https://i.pinimg.com/originals/07/2a/6b/072a6bda8d1fae67c6f0dfa33362813f.png,941,1672,0,2026-07-14
2026-09-11,calca jeans flare,440578776078476193,51,2,0,Elegant Flared Jeans Outfit,amzn.to,https://amzn.to/4xkD7ua,https://i.pinimg.com/originals/10/a5/b6/10a5b6069293ec2a5da0c12e925b9bba.png,505,764,0,2026-09-04
2026-09-11,calca jeans flare,405112929005396918,52,40,0,Elegant Pink Top & Flared Jeans Outfit | Soft Girl Fashion Inspo,,,https://i.pinimg.com/originals/00/89/11/008911ed5567276727479f92bc4242ee.png,1023,1537,0,2026-08-23
2026-09-11,calca jeans flare,770819292518405299,53,18,0,Light Wash High Waist Flared Jeans Outfit | Trendy Denim Style,link.amazon,https://link.amazon/B06FQOjkD,https://i.pinimg.com/originals/81/36/6d/81366dedd82cdffbc880bd6df94d7348.jpg,1200,1760,0,2026-08-11
2026-09-11,calca jeans flare,1105281933572592905,54,169,0,calça boca larga jeans cintura alta,s.shopee.com.br,https://s.shopee.com.br/4ftNb4PYp8?channel_type=pinterest,https://i.pinimg.com/originals/b4/41/d5/b441d5ab069e09afd2180784eabca180.jpg,736,1318,0,2026-05-27
2026-09-11,calca jeans flare,677369600251459977,55,79,0,Look básico,meli.la,https://meli.la/2FY8XBT,https://i.pinimg.com/originals/c8/1f/19/c81f19e3d4dcb1712cf4a5d7c026c8a4.jpg,1080,1920,0,2026-08-13
2026-09-11,calca jeans flare,902408844104905814,56,12,0,Stylish High-Waisted Jeans Outfit,,,https://i.pinimg.com/originals/7f/b5/a6/7fb5a6e892030e94db7833c26a458e35.jpg,1200,1803,0,2026-08-16
2026-09-11,calca jeans flare,434738170303693919,57,19,0,30 Spring Outfits With Flare Jeans: Chic 2026...,sewmamasew.com,https://www.sewmamasew.com/30-spring-outfits-with-flare-jeans/,https://i.pinimg.com/originals/56/b6/67/56b6674cc9c619e42871fee43246caec.jpg,720,1279,0,2026-08-13
2026-09-11,calca jeans flare,1138003399621793925,58,1847,0,Chicago Flare Jeans Outfit Every Woman Needs,amazon.com,https://www.amazon.com/shop/influencer-9c142fbe?ref_=hype_hm_sf_e&ccs_id=e1b7cba4-a558-41d8-aeab-f2959bc481b8,https://i.pinimg.com/originals/a8/57/71/a8577120996460b9d4751720a7dc78ef.png,941,1672,0,2026-08-07
2026-09-11,calca jeans flare,2040762329710498,59,91,0,25 Flare Jeans Outfit Ideas With White Sneakers...,sewmamasew.com,https://www.sewmamasew.com/25-flare-jeans-outfit-ideas-with-white-sneakers/,https://i.pinimg.com/originals/82/fc/7c/82fc7cabca8defcc83b7f3226c3d4bb9.jpg,720,1280,0,2026-08-22
2026-09-11,calca jeans flare,830491987577848488,60,12,0,Women’s High Waist Jeans || Flared Bell Bottom Bootcut Pants || Wide Leg Stretch Denim,,,https://i.pinimg.com/originals/ad/66/f7/ad66f7804535641ebb79b7ce8aa24120.png,1024,1536,0,2026-03-25
2026-09-11,calca jeans flare,32369691068556534,61,7,0,Women's High Waisted Wide Leg Jeans | Stretch Denim Casual Chic Outfit,amzn.to,https://amzn.to/4xwKYVQ,https://i.pinimg.com/originals/a9/bd/0c/a9bd0c1077d256a2c42c9a689a9c76c3.png,1023,1537,0,2026-09-05
2026-09-11,calca jeans flare,1149966086138471100,62,5,0,✨ Calça Jeans Flare Feminina Cintura Alta com Elastano ✨,meli.la,https://meli.la/2CRkVr2,https://i.pinimg.com/originals/75/1b/3a/751b3a92b410a1c68b6554063c0bbc1d.png,1023,1537,0,2026-05-28
2026-09-11,calca jeans flare,886575876673875273,63,2,0,Calça Jeans Flare Azul Escuro Premium | Cintura Alta.,vt.tiktok.com,https://vt.tiktok.com/ZS9BPYwbEhvnG-FHAKG/,https://i.pinimg.com/originals/31/88/51/3188513e55bf102110871152e7aed72f.jpg,768,1365,0,2026-08-28
2026-09-11,calca jeans flare,699746860899515393,64,5,0,body branco,onelink.shein.com,https://onelink.shein.com/44/5wnv3j9eg55e,https://i.pinimg.com/originals/32/c9/dc/32c9dced762cabdad1abf6358253cdaa.png,941,1672,0,2026-08-30
2026-09-11,calca jeans flare,633387444101831,65,2541,0,,,,https://i.pinimg.com/originals/d4/20/56/d4205621a72aed846b900db85309935f.webp,2160,3136,0,2025-11-24
2026-09-11,calca jeans flare,605804587424702218,66,27,0,tap to buy,,,https://i.pinimg.com/originals/db/6c/fb/db6cfbafb44315a62ba95435207763be.png,1023,1537,0,2026-08-08
2026-09-11,calca jeans flare,4594516122039486848,67,3,0,Calça Jeans Flare Feminina Lavagem Clara Cintura Alta Jeans Boca de Sino Premium Elegante Moda Feminina,br.shein.com,https://br.shein.com/ark/default?scene=1&test=5051&ad_type=DPA&goods_id=514904062&pf=PINTEREST&link_type=link&url_from=PINADSDPA&ismg=22282fd26ddf03cce538b771ae03ef96d1f75628d70a53526c95c350ddc19a51_01_1789059838,https://i.pinimg.com/originals/60/ea/1c/60ea1cb054bb9b558dac1d1aad8fddc9.jpg,1345,1780,0,2026-07-07
2026-09-11,calca jeans flare,302515299995523173,68,31,0,Trendy White Ruched Top & Flared Ripped Jeans Outfit | Chic Casual Look for Women,amazon.in,https://www.amazon.in/Womens-Classic-Ripped-Bottom-Destroyed/dp/B0BJQ6K1SF?pd_rd_w=YDsng&content-id=amzn1.sym.41279fa1-dd23-4c70-9745-af6d0ebf3670:amzn1.symc.30e3dbb4-8dd8-4bad-b7a1-a45bcdbc49b8&pf_rd_p=41279fa1-dd23-4c70-9745-af6d0ebf3670&pf_rd_r=S3Q8T0Z1WRRE1PY329GC&pd_rd_wg=phoBB&pd_rd_r=c8f7510d-2f73-41f4-a0a1-fc1b4cc7a6a7&pd_rd_i=B0BJQ6K1SF&th=1&psc=1&linkCode=ll2&tag=dimplefashi0d-21&linkId=,https://i.pinimg.com/originals/ee/99/06/ee99060d2ddcc1291f8dfec30e0bfe22.png,1024,1535,0,2026-08-15
2026-09-11,calca jeans flare,442478732168829371,69,19,0,Women's Black Long Sleeve Crop Top with High-Waist Flared Blue Jeans,,,https://i.pinimg.com/originals/2a/ad/19/2aad19736bdacb6566f828b050208d56.png,1029,1528,0,2026-08-29
2026-09-11,calca jeans flare,1138144137106293700,70,1468,0,Calça Jeans Feminina com corte da calça em destaque,s.shopee.com.br,https://s.shopee.com.br/AAFFuHj1XB?channel_type=pinterest,https://i.pinimg.com/originals/9c/a0/77/9ca0775f7997cd35ca0d638dbefc345c.png,941,1672,0,2026-07-04
2026-09-11,calca jeans flare,4595008724430865280,71,0,0,Calça Jeans Flare Feminina Modeladora Cintura Alta Boca Larga Azul Escuro,br.shein.com,https://br.shein.com/ark/default?scene=1&test=5051&ad_type=DPA&goods_id=546281691&pf=PINTEREST&link_type=link&url_from=PINADSDPA&ismg=a1d8e997a46f70f634db64e0a4a39f4b7879d5a3e4d3f0252b385d4c98f593e3_01_1789059924,https://i.pinimg.com/originals/a2/50/fc/a250fcade7db541b46bc90f84a9b2217.jpg,1340,1785,0,2026-08-18
2026-09-11,calca jeans flare,4591630997086250368,72,45,0,30 How to Style Flare Jeans: Retro Looks for...,sewmamasew.com,https://www.sewmamasew.com/30-how-to-style-flare-jeans/,https://i.pinimg.com/originals/63/69/f5/6369f5dbefd981fc73da959f326bef95.jpg,720,1279,0,2026-07-24
2026-09-11,calca jeans flare,1150317929851553779,73,1,0,jeans feminino,s.shopee.com.br,https://s.shopee.com.br/5As8PpiZqx?channel_type=pinterest,https://i.pinimg.com/originals/b9/36/83/b93683d070758aa6fc93e6524553cb2f.jpg,1000,1500,0,2026-09-01
2026-09-11,blusa cropped,1131318368926000461,2,12,0,Blusa Feminina com Decote V e Franzido ✨🔥 O Look Que Vai Fazer Você Se Apaixonar! 😍,onelink.shein.com,https://onelink.shein.com/48/5z3yy3o5380x,https://i.pinimg.com/originals/88/fd/3c/88fd3c2da2979ff8f20353dcc24dfd21.png,1024,1536,0,2026-08-17
2026-09-11,blusa cropped,1079034391993675476,3,1,0,ID SHEIN: FL4BVE2,onelink.shein.com,https://onelink.shein.com/50/60kws1dtk6u4?ismg_ol=DI1sbPVWskJ_01_KOC-C,https://i.pinimg.com/originals/2e/96/1d/2e961d29824fe4d235c6028603193e99.jpg,1340,1785,0,2026-08-31
2026-09-11,blusa cropped,1111404014321336055,4,1,0,Blusa Croped Multiformas Feminina Poliamida Sexy Decotado Foro Duplo🤍🎀,s.shopee.com.br,https://s.shopee.com.br/6VN5My7lXc?channel_type=pinterest,https://i.pinimg.com/originals/ac/22/01/ac2201471ddeff307bf73315da96bfb9.jpg,736,736,0,2026-08-15
2026-09-11,blusa cropped,4602819668518117248,5,1,0,"Conjunto de duas (2) peças: Cropped babado, Short saia frente e costa com ziper lateral ASPE112",br.shein.com,https://br.shein.com/ark/default?scene=1&test=5051&ad_type=DPA&goods_id=54343014&pf=PINTEREST&link_type=link&url_from=PINADSDPA&ismg=a77afbf15ccc4644c66d859f5fc6c886c141b29b9b88dc016074a4d201d95633_01_1789059924,https://i.pinimg.com/originals/33/67/40/336740b12d3f87e27efdec1af1caf749.jpg,1340,1785,0,2026-08-20
2026-09-11,blusa cropped,4603593693353664576,6,0,0,Top Feminino Cropped Tricõ Modal Premium Frente Única Moda Blogueira Amarração,br.shein.com,https://br.shein.com/ark/default?scene=1&test=5051&ad_type=DPA&goods_id=540742785&pf=PINTEREST&link_type=link&url_from=PINADSDPA&ismg=43c05f58de8082b9492652428c07405e76eb1f2a9ebba5a56a1a9d3e112307b6_01_1789059915,https://i.pinimg.com/originals/b9/07/07/b907076e7bde07b8050e3c72d50cbac3.jpg,1123,1401,0,2026-09-01
2026-09-11,blusa cropped,1056938606323705497,7,1,0,Cropped Preto Manga Bufante ✨🖤,onelink.shein.com,https://onelink.shein.com/50/60bkesxcmk9g?ismg_ol=I98JKWuh0oW_01_KOC-C,https://i.pinimg.com/originals/ee/51/80/ee5180b0dfcc91b614341e61da5bc2e5.png,876,1350,0,2026-08-28
2026-09-11,blusa cropped,891149845058353556,8,19,0,Loção Hidratante Para Pele Seca A Extra Seca Refil 237ml Cerave,meli.la,https://meli.la/2AJZdhC,https://i.pinimg.com/originals/6b/69/fd/6b69fdab5d0d5775dd2faf7bd6bbaa28.png,1086,1448,0,2026-08-14
2026-09-11,blusa cropped,4607393603475648576,9,0,0,Blusa Cropped Feminino Tomara Que Caia Amarrar Tripa Básico Casual Versátil Gringa Festa Noite Jovem Essencial Forrada Dupla Estilosa Festival Show,br.shein.com,https://br.shein.com/ark/default?scene=1&test=5051&ad_type=DPA&goods_id=539560801&pf=PINTEREST&link_type=link&url_from=PINADSDPA&ismg=2bde2c149aa26b0eb7d06fbf5b867572eae938d1312ae2060df7dd42178f5a9e_01_1789059923,https://i.pinimg.com/originals/bd/1e/e2/bd1ee2f88ea9a603f8835a10b3f267bb.jpg,1340,1785,0,2026-08-15
2026-09-11,blusa cropped,4603734434569723968,10,0,0,Cropped amarelo manteiga - Savanna Concept,savannaconcept.com.br,https://www.savannaconcept.com.br/linha-savanna/cropped-amarelo-manteiga,https://i.pinimg.com/originals/91/1f/50/911f503ac678ab4740db8449e68580b7.jpg,683,1024,0,2026-08-30
2026-09-11,blusa cropped,4598808669179911040,11,0,0,CROPPED ALCINHA DUPLO - Kafre Moda Feminina,kafreloja.com.br,https://kafreloja.com.br/c/atacado/produto/1855121/62986250519,https://i.pinimg.com/originals/55/8c/f5/558cf53359c83acddc62c57f8709fde6.webp,750,1000,0,2026-08-31
2026-09-11,blusa cropped,4603101121927307136,12,1,0,"Conjunto feminino casual e sexy de duas peças com top cropped frente única com babados e saia-shorts, sem mangas e com alças finas.",br.shein.com,https://br.shein.com/ark/default?scene=1&test=5051&ad_type=DPA&goods_id=559269654&pf=PINTEREST&link_type=link&url_from=PINADSDPA&ismg=c2cc4bf5cac0dcb735df15769e713a5331dc6c277476d4a69c0919902cf4b8be_01_1789059924,https://i.pinimg.com/originals/a1/1c/36/a11c36d37705475bad9e06e1502a4e92.jpg,1340,1785,0,2026-08-23
2026-09-11,blusa cropped,4607534397041662016,13,1,0,Blusa Feminina Drapeada Gola Alta Costas Nuas Elegante Cropped Soltinho Moda Gringa Blogueira Festa Noite Dia Verao Europeu Casual Premium Chique Sexy,br.shein.com,https://br.shein.com/ark/default?scene=1&test=5051&ad_type=DPA&goods_id=496990757&pf=PINTEREST&link_type=link&url_from=PINADSDPA&ismg=fff930f09b3414099952c16133b89ad281e4a8258df0f4282c701cf11090226c_01_1789059804,https://i.pinimg.com/originals/ac/fa/a6/acfaa69cf23d39c573ef43563dc195b6.jpg,1340,1785,0,2026-08-28
2026-09-11,blusa cropped,353673377011859100,14,73,0,black crop-top 👗,,,https://i.pinimg.com/originals/4c/01/4a/4c014af1a7842b509e203b39d38259c3.png,1024,1536,0,2026-07-11
2026-09-11,blusa cropped,1080652873100096249,15,20,0,Blusa/Cropped,tr.ee,https://tr.ee/1kMumK,https://i.pinimg.com/originals/11/18/0a/11180a08acca4d8011c6b8d482910edf.jpg,736,1308,0,2025-12-14
2026-09-11,blusa cropped,996210380097512918,16,1,0,Kit cropped com amarrações✨🎀,s.shopee.com.br,https://s.shopee.com.br/40g0gRNK1g?channel_type=pinterest,https://i.pinimg.com/originals/22/ae/61/22ae61a6b46cea2f8c6997bc4f722a6b.jpg,1168,1752,0,2026-08-25
2026-09-11,blusa cropped,1107463364633502604,17,951,0,blusa croped plissada,onelink.shein.com,https://onelink.shein.com/23/5ahu81rmha8p,https://i.pinimg.com/originals/fb/3d/db/fb3ddb45958b1906bab7e0596254d89d.jpg,736,1293,0,2025-12-18
2026-09-11,blusa cropped,19562579627057381,18,794,0,Cropped com amarração,,,https://i.pinimg.com/originals/39/7f/69/397f6976af04d8dfebff14457fe6a956.jpg,1200,1360,0,2026-07-10
2026-09-11,blusa cropped,281543726428484,19,4368,0,,,,https://i.pinimg.com/originals/77/0c/54/770c543fe1af2ae35c63434484bc5ab7.jpg,639,1200,0,2025-12-01
2026-09-11,blusa cropped,4597893855608548224,20,0,0,Cropped Feminino Alças De Babado Amarração nas Costas,br.shein.com,https://br.shein.com/ark/default?scene=1&test=5051&ad_type=DPA&goods_id=521502728&pf=PINTEREST&link_type=link&url_from=PINADSDPA&ismg=26e205010eca6dc7533acc61e0b19b5554870f27ba0af6bd9d6c0227044b02d0_01_1788975799,https://i.pinimg.com/originals/7c/5c/44/7c5c44eabe4a2e56caeaa88a7b2cd449.jpg,1340,1785,0,2026-08-29
2026-09-11,blusa cropped,4604438161055514688,21,0,0,Cropped uma alça com fivela suplex toque poliamida,br.shein.com,https://br.shein.com/ark/default?scene=1&test=5051&ad_type=DPA&goods_id=315967483&pf=PINTEREST&link_type=link&url_from=PINADSDPA&ismg=f5e31f83d5bcf53a8887000b653f22492293b9eac98ed4fe2008b6ff849acfbe_01_1789059736,https://i.pinimg.com/originals/0a/26/6c/0a266c7592ee82291c677f381a3e882f.jpg,1201,1600,0,2026-08-26
2026-09-11,blusa cropped,4608449174549553216,22,0,0,Blusa Cropped Feminino Tomara Que Caia Amarrar Tripa Básico Casual Versátil Gringa Festa Noite Jovem Essencial Forrada Dupla Estilosa Festival Show,br.shein.com,https://br.shein.com/ark/default?scene=1&test=5051&ad_type=DPA&goods_id=539598056&pf=PINTEREST&link_type=link&url_from=PINADSDPA&ismg=eb0727c05a6e367e37c01df71cb9ed08c270522b9d07e054ea879ea014b0367c_01_1789059923,https://i.pinimg.com/originals/74/13/88/741388558383bd92571760c39978b127.jpg,1340,1785,0,2026-08-11
2026-09-11,blusa cropped,218846863143134498,23,11,0,O básico que transforma seu look!,meli.la,https://meli.la/34dRK7W,https://i.pinimg.com/originals/19/bf/61/19bf616fa1e616bd2f48121848e811a3.png,1023,1537,0,2026-08-23
2026-09-11,blusa cropped,565764771962133285,24,58,0,Cropped coração,vt.tiktok.com,https://vt.tiktok.com/ZS9RVArhA8jkE-VQN2u/,https://i.pinimg.com/originals/58/3b/0a/583b0a8fa790a7cc7698c0f8506d301b.jpg,754,1024,0,2026-08-18
2026-09-11,blusa cropped,725290715039922882,25,5,0,Cute College Outfit Idea | Pastel Ruched Crop Top,amzn.to,https://amzn.to/4pEyIjb,https://i.pinimg.com/originals/0c/d4/05/0cd4058e722a5160f5d67b3a3f3b4739.png,1000,1500,0,2026-08-16
2026-09-11,blusa cropped,651755377369866851,26,8,0,Cropped Blusa Feminina Drapeado Frente Única Marrom - Mercado Livre 🤎,meli.la,https://meli.la/24dhTJx,https://i.pinimg.com/originals/e5/93/f7/e593f70969bec15b337239806045f095.webp,800,1200,0,2026-08-04
2026-09-11,blusa cropped,660551470394310240,27,895,0,Camiseta Cropped,onelink.shein.com,https://onelink.shein.com/38/5smjc9h6kr33,https://i.pinimg.com/originals/55/29/30/552930940723357de7e82a72ffd05012.jpg,1340,1785,0,2026-06-14
2026-09-11,blusa cropped,4610208347533318208,28,0,0,"Top Cropped Feminino de Verão Elegante para Noite, com Alça Lateral um Ombro só, Assimétrico em Suplex Duplo",br.shein.com,https://br.shein.com/ark/default?scene=1&test=5051&ad_type=DPA&goods_id=557468969&pf=PINTEREST&link_type=link&url_from=PINADSDPA&ismg=61fbba24017edd1fb899abd7d55e57914bebb1770975696502090c89028dad3b_01_1789059754,https://i.pinimg.com/originals/4a/b6/16/4ab616fdd8131b419493535ccd1f8cb9.jpg,1087,1447,0,2026-08-26
2026-09-11,blusa cropped,4593390221218194304,29,2,0,Cropped feminino ombro único com amarração lateral,br.shein.com,https://br.shein.com/ark/default?scene=1&test=5051&ad_type=DPA&goods_id=540138074&pf=PINTEREST&link_type=link&url_from=PINADSDPA&ismg=a2094a7c1fbc77bbb8db36566e413db4e7ac4b529869a021e1fefbcbad5db94a_01_1789059807,https://i.pinimg.com/originals/9e/65/53/9e6553c7ccbe8b03779fb2a7cefd92ca.jpg,1340,1785,0,2026-08-20
2026-09-11,blusa cropped,4607112155865571200,30,0,0,Top Luanna 017,br.shein.com,https://br.shein.com/ark/default?scene=1&test=5051&ad_type=DPA&goods_id=519490829&pf=PINTEREST&link_type=link&url_from=PINADSDPA&ismg=be6c71c44ef221555d5c5838dcc65ddbb3ff2129a6648ee849f3e5b5dcd2ce7f_01_1789059795,https://i.pinimg.com/originals/88/fd/c8/88fdc82a4a3f06428c14727c779281b7.jpg,1122,1402,0,2026-08-19
2026-09-11,blusa cropped,4608449165865320512,31,3,0,Cropped Feminino Manga Nula com Franzido Lateral Top Assimétrico Enrugado Suplex Premium Moda Básica Look Elegante,br.shein.com,https://br.shein.com/ark/default?scene=1&test=5051&ad_type=DPA&goods_id=539059531&pf=PINTEREST&link_type=link&url_from=PINADSDPA&ismg=f4d4ea51e1529076746f6b3dd5a05bf729eb5c83d89222f2e407aff1782e323e_01_1789059742,https://i.pinimg.com/originals/4f/71/22/4f712293063a6a77868e7f2d1bdf8df9.jpg,1122,1402,0,2026-08-05
2026-09-11,blusa cropped,4597119822365939072,32,80,0,20 Old Money Crop Top Outfit Ideas for Quiet...,sewmamasew.com,https://www.sewmamasew.com/20-old-money-crop-top-outfit-ideas/,https://i.pinimg.com/originals/5b/34/36/5b3436bdb3e4655d1869bcec259f5d89.jpg,720,1280,0,2026-07-24
2026-09-11,blusa cropped,4595079128818389888,33,0,0,Top Cropped Ciganinha com Renda Manga Longa Com Amarração Ombro a Ombro Casual estiloso Primavera Verão 2027,br.shein.com,https://br.shein.com/ark/default?scene=1&test=5051&ad_type=DPA&goods_id=556467584&pf=PINTEREST&link_type=link&url_from=PINADSDPA&ismg=6c9302adb9b04bfcc8bd7a64509366c1c386f3e41774127b2253c5202d1eaf1c_01_1789059742,https://i.pinimg.com/originals/03/11/01/03110125f2c67859a89e8040338689e0.jpg,1079,1338,0,2026-08-22
2026-09-11,blusa cropped,907616131196958360,34,2,0,Cropped Feminino Ombro A Ombro Fashion Estiloso Festa,mercadolivre.com,https://mercadolivre.com/sec/2QKFWKs,https://i.pinimg.com/originals/9b/41/ed/9b41edf9e96fa9b30390644acc9d99d7.webp,896,1152,0,2025-10-06
2026-09-11,blusa cropped,370350769381586778,35,535,0,,,,https://i.pinimg.com/originals/63/b6/86/63b686e63de14687cfbedc18a52e6eb7.jpg,1170,1517,0,2026-06-30
2026-09-11,blusa cropped,51932201948801088,36,1091,0,ALICE CROP TOP,,,https://i.pinimg.com/originals/4f/40/b9/4f40b97b3bbba329a42c49f4c0d9ef60.jpg,683,1024,0,2025-04-17
2026-09-11,blusa cropped,250372060530800959,37,6,0,🔍 Cole este texto no buscador do Mercado Livre: 7F1EAD-HUMX 🔗 Ou acesse o link: https://meli.la/1r21wux,instagram.com,https://www.instagram.com/p/DXZGnfDjks6/,https://i.pinimg.com/originals/a3/f3/d4/a3f3d47cb51d6cd40f94cef7605e441e.jpg,1079,1390,0,2026-06-15
2026-09-11,blusa cropped,68328119342355349,38,313,0,,,,https://i.pinimg.com/originals/78/0d/68/780d68152e4feaa701326aea0a5c65ba.jpg,736,980,0,2026-02-08
2026-09-11,blusa cropped,755760381203821646,39,2,0,Nanushka Salome satin wrap top,cebilangors.com,http://www.cebilangors.com/35-chic-comfortable-winter-outfit-ideas-for-2019/,https://i.pinimg.com/originals/38/08/55/3808553adc8a6c1cd654eec538c8a958.jpg,1598,2560,0,2019-10-22
2026-09-11,blusa cropped,1127659194227737865,40,3,0,Blusa de Alcinha,s.shopee.com.br,https://s.shopee.com.br/AKZz90o1sF?channel_type=pinterest,https://i.pinimg.com/originals/70/24/1f/70241fcf7670f7f3c6ef8da3eef3d83e.jpg,941,1672,0,2026-08-22
2026-09-11,blusa cropped,4600215994131323776,41,0,0,REGATA TRICOT PEPLUM,laboutiquedamoda.com.br,https://laboutiquedamoda.com.br/produtos/regata-tricot-peplum-1fey6/,https://i.pinimg.com/originals/ca/f9/3f/caf93fc22148fb29b980571264dbb219.webp,1024,1366,0,2026-08-31
2026-09-11,blusa cropped,721490802797568206,42,1558,0,,instagram.com,https://www.instagram.com/p/CDrShruJOLv/?igshid=h64w1ed5jqcn,https://i.pinimg.com/originals/25/65/bc/2565bc2407c2728d9b146fceffb95528.jpg,1080,1350,0,2020-08-11
2026-09-11,blusa cropped,997406648746445734,43,2,0,Não perca esta oferta grande na SHEIN! Economize muito agora!​,onelink.shein.com,https://onelink.shein.com/49/60800x017gga?ismg_ol=KF2pWFLfk2A_01_KOC-C,https://i.pinimg.com/originals/55/53/49/5553499d740bb52031db6567a0a3143e.png,972,1619,0,2026-08-28
2026-09-11,blusa cropped,1028580002368532494,44,3,0,,m.shein.com,https://m.shein.com/us/Ruched-Bust-Frill-Trim-Seam-Front-Cami-Top-p-2067438-cat-1779.html?utm_source=pinterest.com&utm_medium=cpc&utm_campaign=uspin_rmt_dpa_women_swvest07201230413&url_from=uspin_rmt_dpa_women_swvest07201230413&ref=us&rep=dir&ret=mus,https://i.pinimg.com/originals/62/ee/50/62ee5072fcdf2a20d65bbf0a857bce5b.jpg,750,999,0,2022-05-01
2026-09-11,blusa cropped,749356825542233611,45,8,0,Cropped feminino manga longa ✨,onelink.shein.com,https://onelink.shein.com/33/5joye979mvx0,https://i.pinimg.com/originals/f8/67/10/f8671074c0c70204b0711fffef305cd1.png,1024,1536,0,2026-04-08
2026-09-11,blusa cropped,1142999580449365021,46,1,0,Cropped tendência look inverno outono,onelink.shein.com,https://onelink.shein.com/4/5nsz1nrhunn4,https://i.pinimg.com/originals/35/c3/70/35c370d8f25164c2eea92f3c4efb1a70.jpg,900,1200,0,2026-04-27
2026-09-11,blusa cropped,4605001114621017728,51,1,0,Cadeia Tubo Simples ocasional Regata & Camisa,br.shein.com,https://br.shein.com/ark/default?scene=1&test=5051&ad_type=DPA&goods_id=10371666&pf=PINTEREST&link_type=link&url_from=PINADSDPA&ismg=dd3a9f64851c8791d65620c1e5b16e9719a93b5cd770a9104002f7cfc2cdbc59_01_1789059743,https://i.pinimg.com/originals/1f/34/6b/1f346b33da1fa81db1a4b0d68a978dfd.jpg,1340,1785,0,2026-05-10
2026-09-11,blusa cropped,1131318368926000073,52,2,0,Top Feminino com Decote V Profundo 🤎✨ | Elegância e Estilo para o Verão,onelink.shein.com,https://onelink.shein.com/48/5z3yl41te7t8,https://i.pinimg.com/originals/21/cb/7b/21cb7bbc3d2d875e02f84cf9d1757951.png,1023,1537,0,2026-08-17
2026-09-11,blusa cropped,1114570607801323086,53,370,0,|Cropped Nice + short jeans básico| LANÇAMENTO DE COLEÇÃO!🌸🐚💛 Já disponível nas lojas físicas & site! #vemparacitrika,instagram.com,https://www.instagram.com/p/DOeumg5CSM7/,https://i.pinimg.com/originals/6d/54/12/6d5412f4f489b9a4385278e1c3eaff01.jpg,1440,1789,0,2026-03-02
2026-09-11,blusa cropped,624452304627240453,54,6,0,Cropped Feminino Alcinha Básico e Elegante para o Verão,meli.la,https://meli.la/2EkcDLD,https://i.pinimg.com/originals/9e/a0/f7/9ea0f7cc13f94c5ef828e296eccc4486.jpg,720,1280,0,2026-06-07
2026-09-11,blusa cropped,5911043262995431,55,807,0,,,,https://i.pinimg.com/originals/b1/e7/bf/b1e7bf763e3d36190ea2d032afb6c9a9.jpg,1179,1560,0,2026-08-18
2026-09-11,blusa cropped,632333603921490028,56,803,0,,,,https://i.pinimg.com/originals/c0/05/8f/c0058f6320110798192be30b6a2788bd.jpg,485,728,0,2020-06-11
2026-09-11,blusa cropped,242420392441884221,57,180,0,Look casual arrumado,s.shopee.com.br,https://s.shopee.com.br/9pbFctYFan?channel_type=pinterest,https://i.pinimg.com/originals/70/9e/f3/709ef3fc5993bb26497a72a7fbde461f.png,941,1672,0,2026-06-19
2026-09-11,blusa cropped,23010648089355701,58,521,0,,,,https://i.pinimg.com/originals/e8/ca/9c/e8ca9c5fb79ef3a5c45230756e27d233.jpg,736,980,0,2023-01-04
2026-09-11,blusa cropped,4600427150432776256,59,0,0,Regata Feminina Ajustada Um Ombro Com Bojo Alças cruzadas Vazada Casual Top Cropped Tendencia Primavera Verão,br.shein.com,https://br.shein.com/ark/default?scene=1&test=5051&ad_type=DPA&goods_id=536244766&pf=PINTEREST&link_type=link&url_from=PINADSDPA&ismg=9a27dc5a6e70106323389b198558bf84deb09a341d6aded79db2739597a86ecb_01_1789059762,https://i.pinimg.com/originals/80/32/8e/80328e8ee3a4d6b312c8d6e973a46f44.jpg,1086,1448,0,2026-09-06
2026-09-11,blusa cropped,1128573987899822203,60,1,0,cropped Versátil | Versatilidade no Dia a Dia,s.shopee.com.br,https://s.shopee.com.br/6VMLNRS8Jg?channel_type=pinterest,https://i.pinimg.com/originals/29/b4/21/29b42135dba7ab02188f233a7f8d062d.jpg,736,980,0,2026-07-17
2026-09-11,blusa cropped,61854194877252501,61,1279,0,,,,https://i.pinimg.com/originals/31/dc/f8/31dcf8921240161e1d0edc703985e064.jpg,474,711,0,2025-10-15
2026-09-11,blusa cropped,4599441980334371712,62,1,0,"Top Cropped Sexy Vermelha Y2K com Decote em Forma de U, Regata, Estilo Simples de Cor Sólida",br.shein.com,https://br.shein.com/ark/default?scene=1&test=5051&ad_type=DPA&goods_id=45182728&pf=PINTEREST&link_type=link&url_from=PINADSDPA&ismg=5406ad5a8db03df4fcd01e657f24867fe5d40db533bede3dda84bcf623dde766_01_1789059827,https://i.pinimg.com/originals/a7/00/fc/a700fc0ae2e5ac0a080e3d2cf2d288e5.jpg,1340,1785,0,2026-08-23
2026-09-11,blusa cropped,821344050819739439,64,3,0,yiang blusa cropped com bojo e atras com amarrar tecido duna,m.shein.com,https://m.shein.com/br/Women-Tops-p-21097724-cat-2214.html?utm_source=pinterest.com&utm_medium=cpc&utm_campaign=mbrpin_dpa_women_sz2308082966120747&url_from=mbrpin_dpa_women_sz2308082966120747,https://i.pinimg.com/originals/55/87/96/55879640d164f893d583be588c8b9d0b.jpg,564,751,0,2023-11-19
2026-09-11,blusa cropped,552394710549842121,65,4,0,ジェミニオフショルダークロップホワイト,storage.googleapis.com,https://storage.googleapis.com/rootstorage0053/summer-fashion-outfits-summer-trends-outfits-cool-summer-outfits-D3FA0F.jpg,https://i.pinimg.com/originals/0e/11/43/0e11434df6e0929d26ae79eec8033727.png,778,1200,0,2020-07-31
2026-09-11,blusa cropped,1084663891522242563,66,2,0,Dê uma olhada em Cropped Multiformas Top Amarração Decote Sexy Forrado Festa Moda Gringa Decotado Su,s.shopee.com.br,https://s.shopee.com.br/9fFUb5fNwq?channel_type=pinterest,https://i.pinimg.com/originals/97/91/eb/9791eb7ddec2f965dfce021b17cc9840.png,713,713,0,2026-02-16
2026-09-11,blusa cropped,4604578881570316352,67,0,0,Cropped Avulso Taiti Feminino Tomara Que Caia com Babado - Estilo e Conforto,jxtricotmodas.com.br,https://www.jxtricotmodas.com.br/verao/blusas/cropped-avulso-taiti,https://i.pinimg.com/originals/54/7b/e4/547be40d6ac7bf18b01aa29eaf9d3b3a.jpg,960,1280,0,2026-08-28
2026-09-11,blusa cropped,96968198220394251,68,387,0,,,,https://i.pinimg.com/originals/8f/94/17/8f94179a98921181e514ac4d318955b7.jpg,736,980,0,2024-03-05
2026-09-11,blusa cropped,4610912077439048064,69,1,0,Cropped Com Amarraçao Frente Única Top Decote Moda Verão,magazineluiza.com.br,https://www.magazineluiza.com.br/cropped-com-amarracao-frente-unica-top-decote-moda-verao-dayu-variedades/p/ac1ged21k7/md/tpfm/?&utm_source=pinterest&utm_medium=organico&partner_id=77417&seller_id=fast300xstore,https://i.pinimg.com/originals/bc/ae/0a/bcae0a74a91f30951ffd029d8ca72cfe.jpg,500,500,0,2026-05-11
2026-09-11,blusa cropped,4596908712030423424,70,4,0,Blusa Halter Feminina Cropped Top Frente Única Costas Nua,br.shein.com,https://br.shein.com/ark/default?scene=1&test=5051&ad_type=DPA&goods_id=501883868&pf=PINTEREST&link_type=link&url_from=PINADSDPA&ismg=0321d7426d81ad80c23ef39480e8f8069a93435e83038edece79981801d455ad_01_1789059762,https://i.pinimg.com/originals/a2/7a/41/a27a414b8ad0aba048062ceaaf349a7d.jpg,1340,1785,0,2026-07-04
2026-09-11,organizacao de geladeira,1128714725390045403,2,1132,0,Fridge Organization Hacks for a Clean,,,https://i.pinimg.com/originals/7b/cf/e4/7bcfe4c3c947e01e438787ad36675473.png,887,1774,0,2026-08-18
2026-09-11,organizacao de geladeira,1085508316469312362,3,1,0,Entregando os melhores achados Para a organização de sua geladeira 🐧 🧊🍧 Comenta: GELADEIRA que eu vou te enviar os links desses itens selecionados. → ME SIGA para mais achadinhos como esses & para rec,instagram.com,https://www.instagram.com/reel/DcmrEvzNHnq/,https://i.pinimg.com/originals/c6/bd/c7/c6bdc71b845314d0990c44c77a37aa9e.jpg,624,1104,0,2026-08-30
2026-09-11,organizacao de geladeira,1009580441487974149,4,600,0,,,,https://i.pinimg.com/originals/34/b0/72/34b0725c4ca9bd92e99fa2422f4bb093.jpg,675,1200,0,2026-04-08
2026-09-11,organizacao de geladeira,208854501467491368,5,43,0,Vibrant Aesthetic Organized Fridge Restock,,,https://i.pinimg.com/originals/77/bd/79/77bd79d6271b45b0de9e90a257142261.jpg,736,1104,0,2026-09-05
2026-09-11,organizacao de geladeira,1124422231999479722,6,1,0,Itens de Cozinha,link.amazon,https://link.amazon/B0aFmQk75,https://i.pinimg.com/originals/95/26/19/952619def19c853521e1544983b69676.png,1000,1500,0,2026-08-29
2026-09-11,organizacao de geladeira,754564112617585784,7,1,0,Organizador de Geladeira 5L com 3 Cestos Ou Natural Tampa Porta Frutas Legumes Vegetais Clear Fresh,s.shopee.com.br,https://s.shopee.com.br/3B6lk69gws?channel_type=pinterest,https://i.pinimg.com/originals/44/19/e4/4419e4b13e2b3546badebb8832fc0bef.webp,1152,2048,0,2026-08-20
2026-09-11,organizacao de geladeira,606437906117418132,8,2500,0,,,,https://i.pinimg.com/originals/25/57/f0/2557f00881c339cd15cd117033764936.jpg,736,1092,0,2026-02-23
2026-09-11,organizacao de geladeira,1099230221586487589,9,1,0,Organização de geladeira com potes,link.amazon,https://link.amazon/B080adstK,https://i.pinimg.com/originals/ce/13/ad/ce13ad5acfecd2101108f9a59e7b0b88.jpg,1080,1350,0,2026-08-28
2026-09-11,organizacao de geladeira,1077627017104024161,10,11306,0,,,,https://i.pinimg.com/originals/74/4b/c3/744bc314c461120898847f86355b698d.jpg,736,1104,0,2025-01-09
2026-09-11,organizacao de geladeira,171488698309738451,11,18,0,Ideia de organização de geladeira com potes herméticos transparentes,aiboosterhub.com,https://aiboosterhub.com/fdXfhMOT31060repinter,https://i.pinimg.com/originals/55/dc/19/55dc196e36163f2769eefa62d5f30d58.jpg,736,1106,0,2026-07-22
2026-09-11,organizacao de geladeira,665125438766880317,12,136,0,Luxury Fridge Organization Ideas,,,https://i.pinimg.com/originals/25/53/51/255351f41b9995b39802dcfb7adc1371.png,1024,1536,0,2026-07-17
2026-09-11,organizacao de geladeira,959618633125232231,13,2,0,Fridge Organization Ideas | Fresh Food Storage,amzn.to,https://amzn.to/4xTT3Us,https://i.pinimg.com/originals/ee/58/8d/ee588d892637aadeda1cd80dd77146dc.png,896,1200,0,2026-08-24
2026-09-11,organizacao de geladeira,916412224212423538,14,6,0,✨ Geladeira organizada e prática! 🥝🍓 Pequenos detalhes fazem toda a diferença na organização,meli.la,https://meli.la/2TF5gu2,https://i.pinimg.com/originals/08/fc/e0/08fce015c556c0fc23ef7d778cea7b7a.png,1023,1537,0,2026-08-24
2026-09-11,organizacao de geladeira,249175791881019588,15,70,0,Organizadores de Geladeira em Acrílico. Cozinha mais prática e bonita.,mercadolivre.com,https://mercadolivre.com/sec/16yorgq,https://i.pinimg.com/originals/fd/22/6e/fd226e605918e964a545050c615ef1ba.png,1024,1536,0,2026-02-26
2026-09-11,organizacao de geladeira,709246641366035868,16,55,0,Geladeira cheia e organizada,meli.la,https://meli.la/2T1QJoC,https://i.pinimg.com/originals/73/0e/29/730e29841f755be42db377a397c29a9e.jpg,1086,1448,0,2026-08-22
2026-09-11,organizacao de geladeira,463870830398791459,17,28,0,Fridge Meal Prep Storage Ideas for Produce,,,https://i.pinimg.com/originals/dd/17/ec/dd17ec628ca86d28c6fe86dbca6dc8a6.jpg,1536,2752,0,2026-09-05
2026-09-11,organizacao de geladeira,1101622758881038087,18,3,0,Uma Geladeira Organizada Desse Jeito Dá Até Gosto de Abrir,link.amazon,https://link.amazon/B08Lis58o,https://i.pinimg.com/originals/5b/ec/b6/5becb6f3df5370a5cbec505e0d539b2d.png,1024,1536,0,2026-08-20
2026-09-11,organizacao de geladeira,1104015296188303403,19,1,0,Kit organizador de geladeira,s.shopee.com.br,https://s.shopee.com.br/9fKJAmXOgv?channel_type=pinterest,https://i.pinimg.com/originals/5f/87/b0/5f87b03d3e70c3b68807a73fff77b6c4.jpg,1080,1920,0,2026-08-25
2026-09-11,organizacao de geladeira,7318418142417550,20,500,0,Refrigerator Organization Ideas 2026 | Fridge Organization & Storage,,,https://i.pinimg.com/originals/c2/37/ed/c237edb23575c61657ba8ae0dc57ac7a.jpg,935,1662,0,2026-08-29
2026-09-11,organizacao de geladeira,4151824653285095,21,276,0,Fridge Organization Hack You Need,beacons.ai,https://beacons.ai/zee.effortlessliving,https://i.pinimg.com/originals/f7/c4/bb/f7c4bb213fcdd236f71130129d36de4b.png,715,1271,0,2026-04-30
2026-09-11,organizacao de geladeira,5840674512338108,22,609,0,,,,https://i.pinimg.com/originals/b9/3c/98/b93c988c06ca1d4f2e88e6a2bf87beaa.jpg,736,1349,0,2026-06-29
2026-09-11,organizacao de geladeira,698902435971821455,23,10,0,Kühlschrank organisieren: Clevere Ideen für mehr Ordnung,,,https://i.pinimg.com/originals/a9/4a/3d/a94a3dad3976f38b1271f01b5af07f5d.png,1023,1537,0,2026-08-31
2026-09-11,organizacao de geladeira,648799890115510139,24,18,0,Leak-Proof Meal Prep Containers That Keep Your Fridge Organized,homenestfinds0404.blogspot.com,https://homenestfinds0404.blogspot.com/2026/08/8-meal-prep-containers-that-made.html,https://i.pinimg.com/originals/9e/2e/f8/9e2ef83c1104f3b1ed0d9d5cc17df4fd.png,1024,1536,0,2026-08-31
2026-09-11,organizacao de geladeira,709246641366035821,25,22,0,Organizadores de acrílico para uma geladeira impecável ✨,meli.la,https://meli.la/1dL1JWp,https://i.pinimg.com/originals/df/cb/7d/dfcb7db6057bde4413b9a2f321060522.jpg,1086,1448,0,2026-08-22
2026-09-11,organizacao de geladeira,974536806889349803,26,861,0,,,,https://i.pinimg.com/originals/a8/7a/cf/a87acf4b751567695b2388819630953a.jpg,736,1104,0,2026-06-01
2026-09-11,organizacao de geladeira,1135610862317617946,27,2,0,Stylish Fridge Organization Ideas That Look Clean,,,https://i.pinimg.com/originals/bd/3b/e8/bd3be845029d4276ff9bbdbabf9df1bb.jpg,1024,1536,0,2026-08-24
2026-09-11,organizacao de geladeira,1097400634237208720,28,5,0,,,,https://i.pinimg.com/originals/e6/8c/56/e68c560cbc5f8939cc1d64bd37be1ab6.jpg,1280,1920,0,2026-08-26
2026-09-11,organizacao de geladeira,129337820546429497,29,99,0,The Ultimate Organized Fridge Inspiration 🥬✨,,,https://i.pinimg.com/originals/4f/5a/7f/4f5a7fbb87243085ec543022c632b74e.png,916,1376,0,2026-09-03
2026-09-11,organizacao de geladeira,463870830398791413,30,16,0,Fridge Organization Ideas for a Clean Kitchen,dissamarkethomedecor.blogspot.com,https://dissamarkethomedecor.blogspot.com/2026/08/clear-stackable-pantry-cabinet-storage.html,https://i.pinimg.com/originals/cc/29/cc/cc29cc8ba8c01df82ace86486c64b30e.jpg,1536,2752,0,2026-09-05
2026-09-11,organizacao de geladeira,927108273266651656,31,249,0,Asmr ganizing clean satisfying organizing restock fridge organization,,,https://i.pinimg.com/originals/1f/8e/3d/1f8e3de673ccecd3c865ba39287537cc.jpg,864,1536,0,2022-10-25
2026-09-11,organizacao de geladeira,376472850122451017,32,2121,0,,,,https://i.pinimg.com/originals/00/f1/3b/00f13b2052130038940419881551a207.jpg,1080,1920,0,2026-06-29
2026-09-11,organizacao de geladeira,840765824200477239,33,4283,0,Como organizar a casa: 50 dicas para todos os cômodos,dicasdemulher.com.br,https://www.dicasdemulher.com.br/como-organizar-a-casa/,https://i.pinimg.com/originals/aa/70/68/aa7068410c00cfd527426f5c27e2a7c4.jpg,750,938,0,2022-07-07
2026-09-11,organizacao de geladeira,1106970783433900016,34,801,0,Healthy Fridge Reset Ideas for Weight Loss & Clean Eating 🫐🥣,,,https://i.pinimg.com/originals/5d/86/09/5d8609be3aa3a05e49a085ddfffd87aa.jpg,939,1678,0,2026-05-29
2026-09-11,organizacao de geladeira,880524164718458539,35,1,0,"Organizador de Geladeira com Tampa Acrílico Drenagem 2,2 Litros",s.shopee.com.br,https://s.shopee.com.br/20utMLSLNK?channel_type=pinterest,https://i.pinimg.com/originals/18/08/94/180894448487afcafbe57bea1d1abc79.jpg,1080,1920,0,2026-08-23
2026-09-11,organizacao de geladeira,5770305769938482,36,1841,0,Fridge Organization That Saves Money,,,https://i.pinimg.com/originals/d5/08/c5/d508c59598d2e711d1bf28d280d193bf.jpg,810,1440,0,2026-05-05
2026-09-11,organizacao de geladeira,1133429431340138169,37,3,0,Como Ganhar Espaço na Geladeira Pequena - Organizadores de Geladeira,link.amazon,https://link.amazon/B0fBdebg8,https://i.pinimg.com/originals/76/9a/53/769a53e8d4a5c7d12487d041c031f5e7.png,1080,1920,0,2026-08-24
2026-09-11,organizacao de geladeira,939352434799816398,38,361,0,Cajón de Verduras Organizado con Recipientes Transparentes,,,https://i.pinimg.com/originals/22/8a/58/228a584887d57ef894848cdc633cd5c3.jpg,1242,1869,0,2026-08-12
2026-09-11,organizacao de geladeira,68750350718,39,2367,0,Fridge Organization Bins That Make Everything Easier to Find,amazon.com,https://www.amazon.com/dp/B0B9BDQTV9?tag=ordinly-20,https://i.pinimg.com/originals/d9/67/c2/d967c2ea97285f439a89c025d5f1d3e4.png,1000,1500,0,2026-08-24
2026-09-11,organizacao de geladeira,642396334394127139,40,13,0,GELADEIRA ORGANIZADA,meli.la,https://meli.la/1ry4aid,https://i.pinimg.com/originals/55/59/78/555978ca37ff221dc50dabcbddd4a4f2.png,1024,1536,0,2026-06-19
2026-09-11,organizacao de geladeira,844493676666298,41,1220,0,,,,https://i.pinimg.com/originals/77/6c/f4/776cf45d27b9360384e7d8d4a855adf1.jpg,735,1101,0,2026-04-27
2026-09-11,organizacao de geladeira,993958580280234846,42,3660,0,dream fridge,,,https://i.pinimg.com/originals/4f/d8/5a/4fd85a3e5826b72b0dbaa4fd90b1bc45.png,954,1648,0,2026-09-06
2026-09-11,organizacao de geladeira,39195459254006648,43,1255,0,,,,https://i.pinimg.com/originals/69/4f/e7/694fe7db08afbe483d700d879e622ef0.png,1024,1536,0,2026-03-12
2026-09-11,organizacao de geladeira,816277501256809679,44,1143,0,,,,https://i.pinimg.com/originals/a7/3f/d0/a73fd0d7298199c87f11720dafbfe26e.jpg,1080,1920,0,2026-07-13
2026-09-11,organizacao de geladeira,1124281494496653828,45,2562,0,Cozy Fridge Organization Ideas 🧊 |Amazon Kitchen Finds,,,https://i.pinimg.com/originals/23/7d/06/237d06392b7192a5d921c49a0a05182e.png,1024,1536,0,2026-05-12
2026-09-11,organizacao de geladeira,38210296835857820,46,178,0,Cómo organizar tus comidas semanales en el refrigerador,,,https://i.pinimg.com/originals/dd/36/94/dd369423f128002951a29e1919b81477.jpg,1242,1856,0,2026-07-04
2026-09-11,organizacao de geladeira,1130544312740677147,48,1,0,Fridge Organization Hacks for a Clean &amp; Efficient Kitchen 🥗❄️,aiboosterhub.com,https://aiboosterhub.com/TpPfuUHI31062repinter,https://i.pinimg.com/originals/b3/dd/c2/b3ddc24c452277d8e51e2085f8fef040.jpg,747,1026,0,2026-08-06
2026-09-11,organizacao de geladeira,1096978421761130271,51,7,0,Organizador de geladeira,s.shopee.com.br,https://s.shopee.com.br/5L9HUoH66L?channel_type=pinterest,https://i.pinimg.com/originals/4e/4b/8a/4e4b8ac105b08e76f584241853bbd4ea.png,941,1672,0,2026-06-04
2026-09-11,organizacao de geladeira,652318327320216521,52,6,0,Kit organizador de geladeira,onelink.shein.com,https://onelink.shein.com/34/5kd1rcrcv4hh,https://i.pinimg.com/originals/00/50/82/0050824ec9a458c8799fd7be6a611cb9.jpg,1024,1536,0,2026-03-24
2026-09-11,organizacao de geladeira,788270741057657813,53,37,0,Organizadores de geladeira,ou.com.br,https://www.ou.com.br/lancamentos,https://i.pinimg.com/originals/10/f4/f6/10f4f6887c69e1c870b8f53b38f9e3bb.jpg,2752,4128,0,2023-12-14
2026-09-11,organizacao de geladeira,1098104321670872369,54,2,0,Como aproveitar melhor o espaço da geladeira ✨,link.amazon,https://link.amazon/B00hFGT1K,https://i.pinimg.com/originals/69/a9/81/69a981a056aff4ccdf60614765d1b542.jpg,832,1248,0,2026-08-16
2026-09-11,organizacao de geladeira,1477812375381338,55,1055,0,Organized Fridge Goals | Kitchen Organization Inspiration,amzlink.to,https://amzlink.to/az0xLij1b1fOQ,https://i.pinimg.com/originals/be/51/21/be5121721fa5f1fc4295e0b5a8920602.jpg,1206,1783,0,2026-05-29
2026-09-11,organizacao de geladeira,1130403575251040291,56,1,0,Organized Fridge with Glass Containers & Wooden Labels,,,https://i.pinimg.com/originals/15/df/cb/15dfcbf8076d99a4b6b73f852c407784.jpg,687,1024,0,2026-08-30
2026-09-11,organizacao de geladeira,839499186835898351,57,4,0,Ultimate Aesthetic Fridge Organization Ideas That Will Inspire Your Kitchen! 🧊✨,,,https://i.pinimg.com/originals/39/97/97/3997973ac37816b60f9c69c206e89d81.jpg,736,1104,0,2026-08-11
2026-09-11,organizacao de geladeira,873839133969917064,58,1895,0,,,,https://i.pinimg.com/originals/a2/c9/1c/a2c91c809c4f5296e57d185d2926dceb.jpg,1024,1536,0,2026-04-03
2026-09-11,organizacao de geladeira,7248049397163168,59,2000,0,,,,https://i.pinimg.com/originals/dc/dd/14/dcdd14b55f5fd971531b7eb0b3d830b7.jpg,1080,1920,0,2026-08-10
2026-09-11,organizacao de geladeira,667869819774111680,60,13348,0,,i.pinimg.com,https://i.pinimg.com/736x/98/ba/46/98ba4617748329bf8a64be249aada071.jpg,https://i.pinimg.com/originals/55/bf/6f/55bf6f249c93c433699c563a0cae5e38.jpg,736,981,0,2024-06-15
2026-09-11,organizacao de geladeira,758434393540192769,61,8,0,Organizador de Geladeira com Tampa – Adeus Bagunça e Alimentos Perdidos,mercadolivre.com,https://mercadolivre.com/sec/1M63hrz,https://i.pinimg.com/originals/ad/7d/34/ad7d345517af49cc1561530f6d7e64fd.png,1000,1500,0,2026-01-31
2026-09-11,organizacao de geladeira,1104930089878708895,62,1,0,Geladeira organizada: o detalhe que deixa tudo mais prático,meli.la,https://meli.la/1ekWvtk,https://i.pinimg.com/originals/1e/ae/d1/1eaed1378bfbb107dbe2880407a5b3a1.png,1024,1536,0,2026-09-03
2026-09-11,organizacao de geladeira,8162843071336755,63,133,0,Genius Refrigerator Organization Ideas for Meal Prep & Snacks,,,https://i.pinimg.com/originals/12/fe/99/12fe99d1c2384723159ae72ae76a2da2.png,1536,2752,0,2026-08-23
2026-09-11,organizacao de geladeira,75224256275174493,64,5,0,Cómo Organizar la Heladera | Ideas de Almacenamiento con Organizadores Transparentes,,,https://i.pinimg.com/originals/3b/e4/db/3be4dbb14bf2e2cc3c27792138fd11af.jpg,832,1248,0,2026-08-26
2026-09-11,organizacao de geladeira,662029213994109499,65,383,0,,,,https://i.pinimg.com/originals/13/cd/7e/13cd7eab85eaa96764cad882156f1e0c.jpg,736,1104,0,2023-02-27
2026-09-11,organizacao de geladeira,489344315784011851,66,8,0,Fridge Reset for a Productive Week,,,https://i.pinimg.com/originals/a0/0d/5b/a00d5bedc98aef02ae88c93af5ac6c75.jpg,735,1099,0,2026-08-31
2026-09-11,organizacao de geladeira,65020788365968100,67,69,0,Satisfying Juice Fridge Restock 🌈🍹 | Aesthetic Kitchen,,,https://i.pinimg.com/originals/67/30/92/673092e3d6db2161aa94692a0d89942a.jpg,1006,1508,0,2026-08-20
2026-09-11,organizacao de geladeira,68749528359,68,9018,0,Geladeira organizada,,,https://i.pinimg.com/originals/26/dd/db/26dddb0173bb747cb463e972bb87ef6b.jpg,1080,1920,0,2025-11-18
2026-09-11,organizacao de geladeira,735775657911006662,69,1,0,Kit 8 peças organizadoras de geladeira/dispensa,s.shopee.com.br,https://s.shopee.com.br/2g1IKgGEHU?channel_type=pinterest,https://i.pinimg.com/originals/42/9a/16/429a161d365516938ca05c36e674f728.png,1024,1536,0,2025-08-27
2026-09-11,organizacao de geladeira,1128714725387655524,70,2182,0,,,,https://i.pinimg.com/originals/79/ea/4d/79ea4dcadb83e9f74d0463afc5a91a42.jpg,1242,1527,0,2026-07-19
2026-09-11,organizacao de geladeira,56224695344161883,71,479,0,~Geladeira organizada~,,,https://i.pinimg.com/originals/ce/5c/ee/ce5cee8a95f172468133e1f3f846efee.jpg,736,1308,0,2026-01-17
2026-09-11,organizacao de geladeira,70228075435528819,72,346,0,,,,https://i.pinimg.com/originals/18/42/66/184266e30f789b1a0e9f6a006f21da36.jpg,1024,1536,0,2026-05-12
2026-09-11,organizacao de geladeira,1147573548827148912,73,1,0,Kit 4 cestos para geladeira organizada,meli.la,https://meli.la/2deqCEh,https://i.pinimg.com/originals/2c/db/fc/2cdbfc5a927eed56e342f041233ae831.jpg,832,1248,0,2026-07-17
2026-09-11,organizacao de geladeira,1114640976513448334,74,3513,0,,,,https://i.pinimg.com/originals/d8/6c/da/d86cdaea966abf6b7bee9bbb5bbd3d40.png,667,882,0,2024-04-05
2026-09-11,organizacao de geladeira,1132585006319415525,75,15,0,Organização de geladeira com organizadores acrílicos para evitar bagunça,aiboosterhub.com,https://aiboosterhub.com/KzmXyyBz32096repinter,https://i.pinimg.com/originals/6c/19/7c/6c197ca0e5a8464485e1bf02ce63ee32.jpg,736,1310,0,2026-08-11
2026-09-11,organizacao de armario pequeno,385691155611821184,2,1801,0,Guarda roupa,,,https://i.pinimg.com/originals/5d/e3/e3/5de3e3ac70b29ce86fd9c77ab59b1a08.jpg,1080,1920,0,2026-06-02
2026-09-11,organizacao de armario pequeno,983544006155006714,3,1,0,Small Closet Organization Ideas: Maximizing Space with Capsule Wardrobe Styling,amzn.to,https://amzn.to/4icfoZ3,https://i.pinimg.com/originals/ef/3b/67/ef3b67856659584b9895d231218f1346.jpg,2176,3264,0,2026-09-01
2026-09-11,organizacao de armario pequeno,1096626578044167476,4,22,0,Dream Reach-In Closet Organization | Backlit Built-In Storage Ideas,go.shopmy.us,https://go.shopmy.us/p-80816345,https://i.pinimg.com/originals/40/af/4f/40af4fbe5b36cd343a964c0b3c6bed5f.jpg,1320,1946,0,2026-08-22
2026-09-11,organizacao de armario pequeno,303922674882579601,5,11,0,Como Organizar o Guarda-Roupa e Ganhar Muito Mais Espaço,meli.la,https://meli.la/1aeutv5,https://i.pinimg.com/originals/e7/42/1d/e7421dad90e5816ad356838a8a850c5a.jpg,736,1104,0,2026-08-29
2026-09-11,organizacao de armario pequeno,3659243442048538,6,747,0,Cómo organizar un closet completo para sentir más calma visual,,,https://i.pinimg.com/originals/8b/e9/88/8be988400b06d4cbb0de675fa961f5bc.jpg,1242,1850,0,2026-06-21
2026-09-11,organizacao de armario pequeno,422281212970571,7,4245,0,Cozy Small Walk-In Closet Inspiration 🤍✨,instagram.com,https://www.instagram.com/dreamspacedecor.official?igsh=MWc3aTN4ZTV0aDloMA==,https://i.pinimg.com/originals/26/36/f6/2636f6ad9d1c88f374d6f5564e6a4bac.png,1024,1536,0,2026-08-01
2026-09-11,organizacao de armario pequeno,18788523443017086,8,8,0,,,,https://i.pinimg.com/originals/56/ae/fa/56aefa3865a10e333590e3971fa27917.png,1000,1500,0,2026-08-30
2026-09-11,organizacao de armario pequeno,108086459803396222,9,31,0,Closet Organization Ideas | Aesthetic Wardrobe Storage & Closet Makeover,,,https://i.pinimg.com/originals/f9/31/2b/f9312b8aba6ade8cd50fb8561427a1ab.png,848,1126,0,2026-08-25
2026-09-11,organizacao de armario pequeno,1090152653581232184,10,2,0,25 Aesthetic Low-Maintenance Closet Organization Ideas Worth Copying,captionglobe.com,https://captionglobe.com/home-projects/low-maintenance-closet-organization-ideas,https://i.pinimg.com/originals/a0/1d/b9/a01db9a143518bd7bb07507e771d85a1.jpg,1024,1536,0,2026-08-24
2026-09-11,organizacao de armario pequeno,42643527719833373,11,95,0,Small Walk-In Closet Organization Ideas for a Luxury Bedroom,,,https://i.pinimg.com/originals/23/48/72/23487219136da799224a635e8e23bb39.jpg,687,1024,0,2026-08-25
2026-09-11,organizacao de armario pequeno,17521886048310385,12,2612,0,,,,https://i.pinimg.com/originals/39/e5/0f/39e50fde005063f06324c9a68d650ee7.jpg,1080,1441,0,2026-02-03
2026-09-11,organizacao de armario pequeno,226517056255647448,13,18,0,Closet Organization Ideas for Small Bedrooms,,,https://i.pinimg.com/originals/f3/c8/68/f3c868fa393adf0f70778731c62927af.png,1024,1536,0,2026-09-01
2026-09-11,organizacao de armario pequeno,10907224094193902,14,578,0,Closet Organization Hacks That Actually Work,bloggingperspective.com,https://bloggingperspective.com/closet-organization-ideas-that-actually-make-a-huge-difference/,https://i.pinimg.com/originals/80/b0/4c/80b04cd28e2a0334fc96d851a9e9da3c.jpg,1000,1500,0,2026-09-02
2026-09-11,organizacao de armario pequeno,3940718421465045,15,3542,0,,,,https://i.pinimg.com/originals/80/bb/2d/80bb2d3850dbae031e81d9dde072371e.jpg,736,1104,0,2026-08-18
2026-09-11,organizacao de armario pequeno,725853664989703549,16,801,0,,,,https://i.pinimg.com/originals/a0/6f/83/a06f83d5cb93facf340e57739f6b1354.jpg,675,1200,0,2026-08-26
2026-09-11,organizacao de armario pequeno,446067538119032205,17,7,0,Budget-Friendly Small Closet Organization Ideas That Work,,,https://i.pinimg.com/originals/2e/b2/d8/2eb2d81945b17664beb183124143cdc0.png,1024,1536,0,2026-08-21
2026-09-11,organizacao de armario pequeno,1136596024737921671,18,1,0,Amazon Closet Storage Solutions For Small Spaces,kwikafinds.my.canva.site,https://kwikafinds.my.canva.site/the-best-deals?Must+Must+Ideas+Ideas,https://i.pinimg.com/originals/40/04/13/4004130806d46f1e147e03e38d4043f8.png,1024,1536,0,2026-08-31
2026-09-11,organizacao de armario pequeno,87186942780620777,19,70,0,Top 17 Small Apartment Closet Organization Tips...,soliaavenue.com,https://soliaavenue.com/small-apartment-closet-organization-tips/,https://i.pinimg.com/originals/a7/e4/8f/a7e48f3d48e254db0ef6789cd08a9c6c.jpg,1024,1536,0,2026-08-26
2026-09-11,organizacao de armario pequeno,492649955289385,20,2361,0,Space-Saving Small Linen Closet Organization Hacks,,,https://i.pinimg.com/originals/e0/6e/b6/e06eb65604e6e44c938b59014bbd855c.png,1023,1537,0,2026-09-05
2026-09-11,organizacao de armario pequeno,1266706142319769,21,4366,0,Perfect View for My Drawer,,,https://i.pinimg.com/originals/e1/1f/26/e11f2645b98b197896c3ed5a14a000a0.png,1024,1536,0,2026-08-27
2026-09-11,organizacao de armario pequeno,351912467267145,22,1836,0,Minimalist Wardrobe Design Ideas for a Calm Aesthetic Bedroom.,,,https://i.pinimg.com/originals/2c/f6/1b/2cf61b308676dca4254a913c986b0675.png,1024,1536,0,2026-04-05
2026-09-11,organizacao de armario pequeno,20477373301660602,23,39,0,Seasonal Clothes Storage That Saves So Much Space,,,https://i.pinimg.com/originals/52/ef/ce/52efcebdd9d2a6321dfe750687211e69.png,1023,1537,0,2026-08-12
2026-09-11,organizacao de armario pequeno,357543657942018386,24,33,0,,,,https://i.pinimg.com/originals/48/fa/4b/48fa4b85fb1a1874a0ce9ec7acc1e297.jpg,1086,1448,0,2026-06-23
2026-09-11,organizacao de armario pequeno,774124931878820,25,2325,0,Drawer Organization,,,https://i.pinimg.com/originals/ae/c7/2e/aec72e2dd35c685fddf906957873cd29.png,1024,1536,0,2026-07-12
2026-09-11,organizacao de armario pequeno,385761524362050451,26,11,0,Small Closet Organization Ideas to Maximize Storage in Any Space,,,https://i.pinimg.com/originals/ba/f2/dc/baf2dc603bbf3e677ef4fcea25da8d31.png,941,1672,0,2026-08-17
2026-09-11,organizacao de armario pequeno,125045327152291104,27,9,0,Simple Closet Organization Ideas to Make More Room,,,https://i.pinimg.com/originals/5a/22/70/5a2270166b6aa54b4477305a53e7e0ca.webp,1280,1920,0,2026-09-03
2026-09-11,organizacao de armario pequeno,70437491619029,28,4171,0,,,,https://i.pinimg.com/originals/90/59/69/90596918cdade199244071a555f6c347.png,1086,1448,0,2026-08-16
2026-09-11,organizacao de armario pequeno,474989091974249188,29,5,0,Closet Organization Ideas | Simple Clothing Storage,link.amazon,https://link.amazon/B044VouxU,https://i.pinimg.com/originals/6a/da/7a/6ada7a6db84d962c5068c33a5c4fcf35.png,1024,1536,0,2026-09-05
2026-09-11,organizacao de armario pequeno,392024342588197769,30,11,0,Transform Your Small Dorm Closet,ighomestyling.com,https://ighomestyling.com/dorm-closet-organization-college-dorms/,https://i.pinimg.com/originals/25/c7/23/25c723616d93688f807ac417673a20a2.jpg,1125,2000,0,2026-08-29
2026-09-11,organizacao de armario pequeno,72550243993012106,31,8,0,🏡 The Closet Organization Setup Everyone Needs,,,https://i.pinimg.com/originals/b9/00/e2/b900e2887805dc9d92c5fe6c8cf4f07d.png,1024,1536,0,2026-07-31
2026-09-11,organizacao de armario pequeno,1127166613008993882,32,2959,0,,,,https://i.pinimg.com/originals/90/f7/c6/90f7c67db735b073fce0950b7c7c64f4.jpg,737,1313,0,2026-04-07
2026-09-11,organizacao de armario pequeno,1407443631045859,33,1108,0,,,,https://i.pinimg.com/originals/37/88/2d/37882d147faabbc5c267bf5e0aa48237.jpg,737,1313,0,2026-06-20
2026-09-11,organizacao de armario pequeno,450008187789273475,34,7,0,This Small Closet Organization Idea Brings Every Trick Together,keadecor.com,https://keadecor.com/small-closet-organization/,https://i.pinimg.com/originals/a1/8c/63/a18c63471153976f3bd1a91dd1ae31a6.png,1000,1500,0,2026-08-14
2026-09-11,organizacao de armario pequeno,1900024840023354,35,932,0,,,,https://i.pinimg.com/originals/75/dc/ed/75dced09371a964553c0ace8d5f44737.jpg,736,1308,0,2026-05-23
2026-09-11,organizacao de armario pequeno,79376012181545261,36,541,0,closet,,,https://i.pinimg.com/originals/e4/99/f5/e499f541ebc43fa5c9dc4126d77fb1a0.jpg,736,981,0,2026-09-01
2026-09-11,organizacao de armario pequeno,1079034391991583794,37,2902,0,,,,https://i.pinimg.com/originals/e6/aa/a5/e6aaa59ce56ee54cfd8a0c02de37c30d.png,1086,1448,0,2026-06-28
2026-09-11,organizacao de armario pequeno,834714112230556158,38,1996,0,,,,https://i.pinimg.com/originals/19/45/82/19458227c6801c5c42281ddc7b9612db.jpg,1080,1920,0,2026-01-08
2026-09-11,organizacao de armario pequeno,660269995394288227,39,4629,0,,,,https://i.pinimg.com/originals/45/bb/b8/45bbb8eb1d5f7b860de1ceac6ffa4e39.jpg,878,1518,0,2023-08-28
2026-09-11,organizacao de armario pequeno,496029346479112442,40,2075,0,Small Walk in Closet Ideas,aunonno.com,https://aunonno.com/small-walk-in-closet-ideas-12118,https://i.pinimg.com/originals/7e/53/09/7e5309acfa7c2e0451621284bfbb2505.jpg,1024,1820,0,2026-01-05
2026-09-11,organizacao de armario pequeno,7459155630961519,41,730,0,Check out this photo from influencer-b3a8454d,a.co,https://a.co/d/0dvVoppC,https://i.pinimg.com/originals/0c/35/5c/0c355c1ce3e5570a6b5c211dfdedd20f.jpg,1122,1402,0,2026-08-27
2026-09-11,organizacao de armario pequeno,23010648094555880,42,316,0,Ultimate Dorm Closet Set-Up,,,https://i.pinimg.com/originals/80/2c/4e/802c4e98a17fe62b4441bd203513c68c.png,1024,1536,0,2026-09-03
2026-09-11,organizacao de armario pequeno,830562356294923445,43,22475,0,,,,https://i.pinimg.com/originals/d7/d6/d7/d7d6d70fa2b31db8dfd7745bce2bce03.jpg,720,1216,0,2022-09-15
2026-09-11,organizacao de armario pequeno,928726754380242417,44,201,0,"Você não precisa de um guarda-roupas maior, você precisa disso:",,,https://i.pinimg.com/originals/f8/7c/40/f87c4009352b003c5ad1a48312aec78e.jpg,1080,1920,0,2022-06-03
2026-09-11,organizacao de armario pequeno,6614730699674237,45,272,0,20 Home Organization Essentials From Amazon That...,soliaavenue.com,https://soliaavenue.com/home-organization-essentials-amazon/,https://i.pinimg.com/originals/1c/6f/71/1c6f71178a2521acb729bbd9bdbef80c.jpg,1024,1536,0,2026-07-19
2026-09-11,organizacao de armario pequeno,1136596024737912759,47,8,0,Small Apartment Closet Storage Solutions,kwikafinds.my.canva.site,https://kwikafinds.my.canva.site/the-best-deals?Apartment+Ideas+Apartment+Small,https://i.pinimg.com/originals/ea/e7/ce/eae7ce5d4867e3f5816350980b15daec.png,1000,1500,0,2026-08-31
2026-09-11,organizacao de armario pequeno,249598004344640069,51,26,0,Small Closet Organization Ideas You'll Love,amazon.com,https://www.amazon.com/shop/influencer-e6744de0/list/FIJS9541YKPT?ccs_id=56760ec6-f57a-45f9-89c5-c19b1749d166&linkCode=ll2&tag=aesthvine-20&linkId=70dfe7dedb2cfc089b8677496fde402c&language=en_US&ref_=as_li_ss_tl,https://i.pinimg.com/originals/e8/d6/ac/e8d6ac71b8cc705b3d31fcda0be95d59.jpg,1200,1800,0,2026-09-02
2026-09-11,organizacao de armario pequeno,23855073023435737,52,466,0,,,,https://i.pinimg.com/originals/2f/d1/da/2fd1da6051ef2844fc901cdddb7dcbc7.jpg,736,1302,0,2026-08-03
2026-09-11,organizacao de armario pequeno,6966574422050955,53,321,0,"aesthetic closet, closet organization, ikea pax, closet tour, organized closet, dream closet, glam room",,,https://i.pinimg.com/originals/a7/e9/1c/a7e91cd239f7e6c35f6d6ed9f8f75b3e.jpg,1080,1920,0,2026-08-23
2026-09-11,organizacao de armario pequeno,29554941302352642,54,410,0,,,,https://i.pinimg.com/originals/03/95/07/039507c4a26650d8cdd4a68739a19f8f.png,1086,1448,0,2026-09-01
2026-09-11,organizacao de armario pequeno,703756189413835,55,9174,0,,,,https://i.pinimg.com/originals/62/0c/f8/620cf82166dcac15becffeff65945d89.png,1086,1448,0,2026-06-08
2026-09-11,organizacao de armario pequeno,1055599909607226,56,1610,0,"👗 Chic Closet Decor Ideas for a Stylish, Aesthetic Space",,,https://i.pinimg.com/originals/d6/c5/67/d6c567108811c9db7ffbdaa33a25dcfe.png,736,1312,0,2026-07-26
2026-09-11,organizacao de armario pequeno,48343395996936811,57,1436,0,Drawer organisers ideas,,,https://i.pinimg.com/originals/3d/62/11/3d62114cf40a435e90474f23414322b0.png,1024,1536,0,2026-09-04
2026-09-11,organizacao de armario pequeno,20125529581780149,58,349,0,"Built-In Kids Wardrobe with Double Hanging Rails, Drawer Organization & Toy Storage",,,https://i.pinimg.com/originals/40/27/5f/40275fef1336b9231ecef77a8dbe5cce.jpg,1080,1920,0,2026-09-04
2026-09-11,organizacao de armario pequeno,6473993213014290,59,485,0,Минималистичный шкаф с открытым хранением для спальни,sirtomebel.ru,https://sirtomebel.ru/,https://i.pinimg.com/originals/ab/8b/8d/ab8b8dca85aa4c76cb78f6a414e1b130.jpg,1072,1920,0,2026-09-01
2026-09-11,organizacao de armario pequeno,141019032077797462,60,26,0,7 ideas inspiradoras para maximizar un pequeño vestidor con hacks de almacenamiento inteligentes,amazon.com,https://www.amazon.com/Remarkable-Small-Walk-In-Closet-Storage-Hacks-20260718012804/s?k=Small+Walk-In+Closet+Storage+Hacks&tag=spacefinds-narrow-20,https://i.pinimg.com/originals/95/29/e5/9529e5bea53171c21f047ec67cc4628f.jpg,1000,1500,0,2026-08-26
2026-09-11,organizacao de armario pequeno,1100848702704016754,61,42,0,Small Bedroom Organization,,,https://i.pinimg.com/originals/f4/f2/47/f4f247fa5d7394cc902f57525b1c431d.jpg,736,1104,0,2026-08-28
2026-09-11,organizacao de armario pequeno,3025924747235958,62,1674,0,Closet casero básico y funcional,,,https://i.pinimg.com/originals/f4/bd/c2/f4bdc2305a351792a2d1bb910df30588.jpg,1080,1920,0,2026-08-24
2026-09-11,organizacao de armario pequeno,46513808652235179,63,24,0,Small Closet Organization Ideas on a Budget,,,https://i.pinimg.com/originals/1b/ff/c0/1bffc0ee50e72048949ff1e0b6417d59.png,1024,1536,0,2026-09-01
2026-09-11,organizacao de armario pequeno,19210735906299808,64,950,0,,,,https://i.pinimg.com/originals/61/4f/e9/614fe991dcf34469b85f5429fcf72c81.jpg,1080,1920,0,2026-09-03
2026-09-11,organizacao de armario pequeno,1131529475156857496,65,61,0,Closet Pequeno Planejado: Organização e Elegância em Cada Detalhe,,,https://i.pinimg.com/originals/1c/2c/21/1c2c21a75ad87abef8ba4019b4127f98.png,1024,1536,0,2026-08-20
2026-09-11,organizacao de armario pequeno,11047961583092254,66,1866,0,30 Clever Bedroom Reach-in Closet Ideas for Better Organization,lostateminor.com,https://www.lostateminor.com/30-bedroom-reach-in-closet-ideas/,https://i.pinimg.com/originals/7a/3c/41/7a3c410431932c58673eacd2113aa9a7.jpg,720,964,0,2026-06-16
2026-09-11,organizacao de armario pequeno,211174979655294,67,432,0,Home Organization Ideas That Make Every Room Feel Bigger,amzn.to,https://amzn.to/4fWnnGD,https://i.pinimg.com/originals/aa/3e/25/aa3e25dcc60e0d7f790ef898574ec644.png,1024,1536,0,2026-08-31
2026-09-11,organizacao de armario pequeno,30469734975000521,68,23,0,Organização guarda roupa pequeno,,,https://i.pinimg.com/originals/b7/64/7c/b7647cea3ad1408f9c3fb1c38df0e97b.png,1000,1500,0,2026-07-06
2026-09-11,organizacao de armario pequeno,334744184825933892,69,8,0,GUARDA-ROUPA ORGANIZADO,meli.la,https://meli.la/33Ng5Tk,https://i.pinimg.com/originals/b1/07/d9/b107d90665b8c142d10f790881ec2ff4.png,1024,1536,0,2026-07-08
2026-09-11,organizacao de armario pequeno,23573598048356895,70,63,0,Closet Organization Ideas: 8 Small Space Storage Solutions,,,https://i.pinimg.com/originals/64/49/e3/6449e39fdd24086b49e088ac97463d2d.jpg,572,1024,0,2026-08-31
2026-09-11,organizacao de armario pequeno,22799541860692536,71,685,0,Wardrobe organisation ideas for small rooms,,,https://i.pinimg.com/originals/ea/2c/1f/ea2c1fc17df429d4a411a9c1f54bb4ec.png,1024,1536,0,2026-07-11
2026-09-11,organizacao de armario pequeno,12947917675960494,72,265,0,Stylish Doorless Closet Inspirations - Serene & Space,sereneandspace.com,https://sereneandspace.com/blog/closets-doorless-ideas/,https://i.pinimg.com/originals/1a/c2/54/1ac254291c9d2a745ee9dd4b945bf967.webp,1024,1536,0,2026-04-10
2026-09-11,organizacao de armario pequeno,167266573656665892,73,97,0,"Kleiderschrank Organisieren, Das Perfekte Ordnungssystem (Die Du Kennen Musst!)",,,https://i.pinimg.com/originals/ba/89/e6/ba89e63defe0c4874474524c1a5a79dd.png,1000,1500,0,2026-09-01
2026-09-11,decoracao quarto pequeno,1099019115347257952,2,3,0,Quarto Pequeno Feminino 😍 Ideias Lindíssimas!,s.shopee.com.br,https://s.shopee.com.br/70JgAsPzKK?channel_type=pinterest,https://i.pinimg.com/originals/8a/4d/a0/8a4da0d55682078ae4e6c2b081dfe0a6.jpg,736,1307,0,2026-08-28
2026-09-11,decoracao quarto pequeno,1146588386416557575,3,5,0,Small Bedroom Organization Inspo: Built-in Wardrobe & Floating Shelves,,,https://i.pinimg.com/originals/04/2f/f1/042ff14a2a6e8b4b495db207e505db28.jpg,1200,2133,0,2026-08-26
2026-09-11,decoracao quarto pequeno,1092404453394142685,4,7,0,"Decoração Quarto Pequeno - Espelho de penteadeira triplo de 3 vias, espelho vintage arqueado dourado",link.amazon,https://link.amazon/B0dcuSYlW,https://i.pinimg.com/originals/c6/6b/5c/c66b5c278ca12c2bd2479c88a53e9245.png,941,1672,0,2026-08-29
2026-09-11,decoracao quarto pequeno,3166662233772887,5,4750,0,Quarto pequeno com parede ripada e iluminação aconchegante estilo luxo,,,https://i.pinimg.com/originals/2b/63/d1/2b63d1411e97e2bd28bd9318bbbae076.jpg,843,1264,0,2026-04-20
2026-09-11,decoracao quarto pequeno,1122381538412159574,6,1927,0,Cozy Small Dream Bedroom Ideas ✨,,,https://i.pinimg.com/originals/91/81/82/918182e8c05eaa86585925cf6f1e0ec3.png,1024,1536,0,2026-06-09
2026-09-11,decoracao quarto pequeno,5559199538644391,7,902,0,,,,https://i.pinimg.com/originals/29/9f/b3/299fb3ec635f42f5dd09d9bf18b5e05d.jpg,2160,2700,0,2026-08-30
2026-09-11,decoracao quarto pequeno,317714948739787820,8,157,0,,,,https://i.pinimg.com/originals/76/f4/09/76f409f6e99186da6abc8bc83b1247a2.jpg,1080,1920,0,2026-09-04
2026-09-11,decoracao quarto pequeno,1033576183254428274,9,53,0,ideais para decorar seu quarto,s.shopee.com.br,https://s.shopee.com.br/1LfHFaFj3G?channel_type=pinterest,https://i.pinimg.com/originals/58/d8/d8/58d8d888a2709d88473b41dfaf261c5f.jpg,736,1104,0,2026-08-26
2026-09-11,decoracao quarto pequeno,873909502719179296,10,3,0,Small Bedroom Decor | Small Bedroom Ideas & Bedroom Storage Ideas for Small Spaces,smallbedroomideas05.blogspot.com,https://smallbedroomideas05.blogspot.com/2026/07/blog-post.html,https://i.pinimg.com/originals/83/e7/bf/83e7bfc94892b7fa4cf4b071ff709cbe.png,736,1096,0,2026-08-24
2026-09-11,decoracao quarto pequeno,24699498006595071,11,140,0,quarto solteiro feminino,,,https://i.pinimg.com/originals/31/14/a4/3114a4b14b21633d12ff24ba11f9d421.png,1122,1402,0,2026-09-05
2026-09-11,decoracao quarto pequeno,1067282812344913142,12,3,0,ideia de quarto decorado..,,,https://i.pinimg.com/originals/fa/ee/24/faee240b7ae50f617e8bcd53e883b2ef.jpg,720,1280,0,2026-08-28
2026-09-11,decoracao quarto pequeno,664914332534962927,13,306,0,Quarto solteiro pequeno com manta terracota aconchegante,s.shopee.com.br,https://s.shopee.com.br/2gARGniHsv?channel_type=pinterest,https://i.pinimg.com/originals/67/a0/72/67a072f81ab4457b46be844f1d7a5621.jpg,960,1440,0,2026-08-18
2026-09-11,decoracao quarto pequeno,601300987795969308,14,2430,0,,,,https://i.pinimg.com/originals/10/a6/0b/10a60b1f1b6c20da3431aa394503a4a9.jpg,736,1104,0,2026-07-27
2026-09-11,decoracao quarto pequeno,211174978770072,15,18514,0,,,,https://i.pinimg.com/originals/3c/b1/57/3cb15707bcefd78317fd34f57b250eb6.jpg,736,1308,0,2025-10-21
2026-09-11,decoracao quarto pequeno,1096556209312301428,16,21,0,Quarto feminino/quadros para quarto,s.shopee.com.br,https://s.shopee.com.br/70JeCfgEPj?channel_type=pinterest,https://i.pinimg.com/originals/a4/43/b2/a443b2d4a81bc22058e794a0c7303392.jpg,1080,1920,0,2026-08-26
2026-09-11,decoracao quarto pequeno,664421751326469006,17,3476,0,Decoração de quarto aconchegante,,,https://i.pinimg.com/originals/eb/a3/f3/eba3f3a5e4c954bb9c395e53fd26334d.png,1086,1448,0,2026-07-19
2026-09-11,decoracao quarto pequeno,384565255700496083,18,9696,0,,,,https://i.pinimg.com/originals/76/e3/e4/76e3e4a5381873d373c1aee821c500e9.jpg,736,1308,0,2025-07-06
2026-09-11,decoracao quarto pequeno,928093435741275704,19,1879,0,Check out my new wall art!,amazon.com,https://www.amazon.com/shop/influencer-1b9ff8e3/photo/amzn1.shoppablemedia.v1.9e81bc30-418d-4521-b958-6062a19aaec9?ref_=aip_sf_photo_spv_ons_mixed_m_pspvrd,https://i.pinimg.com/originals/b0/47/f7/b047f7e65e2c64ea95c846447d552641.jpg,1024,1536,0,2026-08-11
2026-09-11,decoracao quarto pequeno,703756189647330,20,1302,0,Small Bedroom With Vanity Ideas,,,https://i.pinimg.com/originals/03/c2/7d/03c27d4213a9c28ffde0b5382bc93f42.jpg,720,1072,0,2026-09-02
2026-09-11,decoracao quarto pequeno,1128081406692975291,21,2,0,Apartment Room minimalist decor,,,https://i.pinimg.com/originals/16/e7/8a/16e78a2fc7e005cc17460c0a0d6797b1.jpg,784,1168,0,2026-08-31
2026-09-11,decoracao quarto pequeno,7248049397232300,22,351,0,,,,https://i.pinimg.com/originals/00/0b/61/000b61bce731c384d907d7298c4bb7ad.jpg,736,1307,0,2026-09-04
2026-09-11,decoracao quarto pequeno,714524297178116530,23,19113,0,room decor ideas 💡/ girly/ room decoration,,,https://i.pinimg.com/originals/5b/7b/43/5b7b434571b28ff4e6fa1b77962b4070.png,1024,1536,0,2026-03-15
2026-09-11,decoracao quarto pequeno,7107311909145919,24,106,0,"Small Bedroom Ideas That Feel Cozy, Organized & Spacious",,,https://i.pinimg.com/originals/e4/08/a5/e408a502a8c6bccad190c732dbe59abd.png,1024,1536,0,2026-09-01
2026-09-11,decoracao quarto pequeno,971370213401661008,25,16,0,Cama King Box Estofada 😍✨💕,meli.la,https://meli.la/19vpwb9,https://i.pinimg.com/originals/f9/9a/3c/f99a3c615d91a6286e6f0130026cc365.jpg,736,981,0,2026-08-24
2026-09-11,decoracao quarto pequeno,259660734762025516,26,38,0,,,,https://i.pinimg.com/originals/c8/c9/c9/c8c9c92ce1786b9cd642a02278c9b38b.jpg,736,1308,0,2026-08-04
2026-09-11,decoracao quarto pequeno,822469950755115589,27,3,0,Aesthetic Small Bedroom & Vanity Setup | Cozy Room Decor Inspiration,,,https://i.pinimg.com/originals/56/ba/54/56ba547581f1463afef50fb501883eec.jpg,920,1152,0,2026-09-03
2026-09-11,decoracao quarto pequeno,6192518233482180,28,349,0,Small Bedroom Ideas That Make a Room Feel Bigger,,,https://i.pinimg.com/originals/ae/bc/5d/aebc5d09b7df6fc6d514048c8b20d8e6.jpg,1168,1752,0,2026-08-29
2026-09-11,decoracao quarto pequeno,8585055536949662,29,283,0,Cozy Small Bedroom with Built-In Home Office,,,https://i.pinimg.com/originals/17/41/75/1741756c68bbb3d0fd1e6f961839cc06.jpg,1200,2133,0,2026-08-29
2026-09-11,decoracao quarto pequeno,7107311909146503,30,1213,0,💫Simple and Aesthetic Bedroom Ideas💡🎀,,,https://i.pinimg.com/originals/15/9c/75/159c7525f04d22bfbf2acdf5b09592b9.png,1024,1536,0,2026-09-02
2026-09-11,decoracao quarto pequeno,3166662233877889,31,1976,0,Check out this photo from Misleidy,amazon.com,https://www.amazon.com/shop/leidy_ari/photo/amzn1.shoppablemedia.v1.7580ee4d-e6a1-4880-9ef9-5decf8d2f10f?ref_=cm_sw_r_pi_ud_aipsfphoto_9RAARNFPMM4E58C3G6BV_7,https://i.pinimg.com/originals/22/2f/99/222f99d3194ed77c2badd39e0ce5f115.jpg,736,1104,0,2026-05-28
2026-09-11,decoracao quarto pequeno,426082814773618334,32,1793,0,,,,https://i.pinimg.com/originals/85/dc/c3/85dcc375d84cb07de410f9c6fed1edef.jpg,674,1200,0,2026-03-09
2026-09-11,decoracao quarto pequeno,1090434128560605163,33,359,0,Ideias de Quarto Feminino,s.shopee.com.br,https://s.shopee.com.br/9V0bSavHAv?channel_type=pinterest,https://i.pinimg.com/originals/d9/44/4c/d9444cca486927d0dccb01a089c8ffba.jpg,736,1307,0,2026-08-12
2026-09-11,decoracao quarto pequeno,1105704146054081362,34,13,0,O Segredo da decoração de quarto de casal! O que ninguém mostra sobre ter um quarto aconchegante,s.shopee.com.br,https://s.shopee.com.br/BT0uc9Bhc?channel_type=pinterest,https://i.pinimg.com/originals/59/a2/d2/59a2d2061c4362c07b310aea0839a3b8.jpg,736,981,0,2026-08-14
2026-09-11,decoracao quarto pequeno,536069161918304075,35,221,0,COMO COUBE TUDO NESSE QUARTO? 😱,s.shopee.com.br,https://s.shopee.com.br/3LQ6B8uXm0?channel_type=pinterest,https://i.pinimg.com/originals/ca/25/69/ca2569ccab716d77c4da0ec1419cccb2.jpg,736,1104,0,2026-09-05
2026-09-11,decoracao quarto pequeno,1130192469038814940,36,5,0,Small Bedroom Ideas to Maximize Space Without Sacrificing Style,technestdecor.net,https://www.technestdecor.net/simple-bedroom-interior-ideas/,https://i.pinimg.com/originals/17/13/ad/1713ad7eb3d1a0d2d6472e69ef2b7693.png,1000,1500,0,2026-08-29
2026-09-11,decoracao quarto pequeno,242561130000020740,37,21,0,Apartment Room Ideas | Small Apartment Decorating on a Budget,,,https://i.pinimg.com/originals/b7/c1/ed/b7c1ed8f2183c1bfb6f9076fa0100736.jpg,768,1365,0,2026-09-05
2026-09-11,decoracao quarto pequeno,230739180902836020,38,19045,0,Casa • Instagram,instagram.com,https://www.instagram.com/p/C8DN7H-veW1/?img_index=1,https://i.pinimg.com/originals/8f/cc/d0/8fccd0e3bf750a14b3cfc10fe3c2c747.jpg,612,1086,0,2024-07-02
2026-09-11,decoracao quarto pequeno,3307399722858334,39,1683,0,,,,https://i.pinimg.com/originals/d7/79/94/d77994a48e43e4f8724a414debdc0f96.jpg,1080,1920,0,2026-09-02
2026-09-11,decoracao quarto pequeno,917256649325019347,40,17124,0,Scandinavian Bedroom Ideas | Cozy Minimalist Bedroom Decor,,,https://i.pinimg.com/originals/96/71/d1/9671d1d946a751e7e665eb603b81fe0c.png,1024,1536,0,2026-07-06
2026-09-11,decoracao quarto pequeno,718324209374492950,41,1107,0,Calm University Room: Cozy Wood Furniture Ideas,,,https://i.pinimg.com/originals/7a/d8/9d/7ad89deeef5cfe22d7c0604c5627d85a.jpg,1023,1537,0,2026-08-20
2026-09-11,decoracao quarto pequeno,887209195381745754,42,1764,0,Beige Bedroom Aesthetic Mirror Decoration | Cozy Neutral Room Decor,,,https://i.pinimg.com/originals/f4/eb/e1/f4ebe1cab2dca697d66c3f2a835e1b22.png,1024,1536,0,2026-07-17
2026-09-11,decoracao quarto pequeno,1118440888749036564,43,581,0,"Cozy Small Girly Bedroom Ideas That Feel Warm, Peaceful, and Luxurious",,,https://i.pinimg.com/originals/97/6c/92/976c92fa8fa2baea3225f4d53c9fea74.png,1024,1536,0,2026-07-28
2026-09-11,decoracao quarto pequeno,1100778333952426534,44,64,0,quarto_decorado | Não Fique Sem o Seu,s.shopee.com.br,https://s.shopee.com.br/6pzR0zWdpA?channel_type=pinterest,https://i.pinimg.com/originals/f1/13/ac/f113ac30bdec53802047363998ef4ae1.jpg,600,1065,0,2026-07-27
2026-09-11,decoracao quarto pequeno,56928382801894905,45,200,0,Quarto verde com painel ripado,,,https://i.pinimg.com/originals/bb/eb/97/bbeb974ea757eece31fa992e821452b4.jpg,1095,1437,0,2026-09-05
2026-09-11,decoracao quarto pequeno,112167846967462644,46,1023,0,(5) Instagram,instagram.com,https://www.instagram.com/p/Da6dDk5jK-y/?img_index=2,https://i.pinimg.com/originals/65/c8/3c/65c83c12818f7cdac3686850bd2decef.jpg,720,900,0,2026-08-06
2026-09-11,decoracao quarto pequeno,453948837465784703,48,3168,0,,,,https://i.pinimg.com/originals/b7/c0/2d/b7c02d192aa8fcb9e94c5d32f1815b9e.png,1122,1402,0,2026-06-18
2026-09-11,decoracao quarto pequeno,8585055536943955,51,3159,0,,,,https://i.pinimg.com/originals/c0/35/b6/c035b64dc172e3a00f504a7288fc75e3.png,1102,1427,0,2026-08-26
2026-09-11,decoracao quarto pequeno,161003755426291810,52,27,0,Cozy Small Bedroom Ideas | Warm Minimalist Decor,,,https://i.pinimg.com/originals/05/25/a4/0525a4c974805093ac62cca060740825.png,1122,1402,0,2026-08-30
2026-09-11,decoracao quarto pequeno,4714774605921519,53,464,0,decoração quarto pequeno,s.shopee.com.br,https://s.shopee.com.br/7prw9rf38a?channel_type=pinterest,https://i.pinimg.com/originals/30/4b/ac/304bac5c79ddbb61474f822e8ebeb14f.png,1086,1448,0,2026-08-17
2026-09-11,decoracao quarto pequeno,555490935313072765,54,92,0,,,,https://i.pinimg.com/originals/86/78/d3/8678d3847374ec668e70cbf729a6e76f.png,1086,1448,0,2026-09-02
2026-09-11,decoracao quarto pequeno,585468020353300388,55,25,0,Inspiração Quarto Chat,,,https://i.pinimg.com/originals/0e/b4/4b/0eb44b756d5548390829faf932d2d8fc.png,941,1672,0,2026-08-30
2026-09-11,decoracao quarto pequeno,609111918400228200,56,54,0,Ideias Criativas para um Quarto Feminino Moderno Pequeno Simples,s.shopee.com.br,https://s.shopee.com.br/7psFXgimq3?channel_type=pinterest,https://i.pinimg.com/originals/a3/e1/2e/a3e12ef8f9bed5a2196f598ddc350554.jpg,736,1104,0,2026-08-21
2026-09-11,decoracao quarto pequeno,703756188515119,57,34827,0,,,,https://i.pinimg.com/originals/d8/00/97/d80097c287140693ad1911879e902d21.jpg,675,1200,0,2025-08-09
2026-09-11,decoracao quarto pequeno,692709986482739148,58,579,0,Daneida Castro's Amazon Page,amazon.com,https://www.amazon.com/shop/baneidalopez14/photo/amzn1.shoppablemedia.v1.00c3075b-8fdf-4ac7-93ad-79d14f4113c3?tag=daneidacastro-20&ref_=cm_sw_r_cso_pi_apin_aipsfphoto_ZMJG6P560Y20HNBV196V_pspvrd_pf,https://i.pinimg.com/originals/39/68/ef/3968ef7ed426f7c6aed18ee6a161e788.jpg,768,1369,0,2026-08-12
2026-09-11,decoracao quarto pequeno,1128573987902323969,59,3215,0,Dreamy Pink Cozy Bedroom 🌸🎀,,,https://i.pinimg.com/originals/85/35/fe/8535fed6a69c3b345877f93fbbf0544a.jpg,1200,2133,0,2026-08-18
2026-09-11,decoracao quarto pequeno,1133851643712011526,60,47,0,decoração de casa pequena,s.shopee.com.br,https://s.shopee.com.br/3qLZ97NVC5?channel_type=pinterest,https://i.pinimg.com/originals/31/83/03/318303ad4aa26582b7010d5b9b58ffb1.jpg,736,1104,0,2026-07-16
2026-09-11,decoracao quarto pequeno,661114420319764650,61,19660,0,Quarto Casal,,,https://i.pinimg.com/originals/d3/ab/68/d3ab688fdb6e541f1ac374d23987efc4.jpg,1002,1335,0,2022-12-16
2026-09-11,decoracao quarto pequeno,1013450722419406160,62,73,0,,feri.trendspace.vip,https://feri.trendspace.vip/bedroom-ideas?f=caaeaf80b059d5e57,https://i.pinimg.com/originals/26/8c/95/268c95000c759d54e78c975a5210e149.png,941,1672,0,2026-08-20
2026-09-11,decoracao quarto pequeno,1090997079021452876,63,2,0,Ideias Para Quarto 😍 Você Vai Querer Copiar!,s.shopee.com.br,https://s.shopee.com.br/5foS2ATpT2?channel_type=pinterest,https://i.pinimg.com/originals/42/87/77/4287779f7275d3f79122c6e5f800e641.jpg,736,1104,0,2026-09-03
2026-09-11,decoracao quarto pequeno,869476271831724307,64,3282,0,Ideias para quarto,,,https://i.pinimg.com/originals/6a/23/bf/6a23bf8ecd4ddf6ce70cacab17666376.jpg,1024,1536,0,2026-03-05
2026-09-11,decoracao quarto pequeno,1149403136183441995,65,1173,0,,,,https://i.pinimg.com/originals/e0/d9/05/e0d9057b7b6f0b72f2a7bd5ed468378c.jpg,736,1288,0,2026-07-27
2026-09-11,decoracao quarto pequeno,766597167868707289,66,6,0,"Pink Aesthetic Bedroom 2026 | Cute, Simple & Cozy Room Decor Ideas",,,https://i.pinimg.com/originals/0a/f1/f5/0af1f5e6fa94f9ddf9f98e28e8d60131.png,1024,1536,0,2026-08-29
2026-09-11,decoracao quarto pequeno,502784745922898035,67,15,0,"Small Bedroom Ideas That Maximize Space, Storage & Style",theinfovibe.com,https://theinfovibe.com/bedroom-ideas-for-very-small-rooms/,https://i.pinimg.com/originals/da/c9/cd/dac9cd728626ce779bf8a51e8db5cf26.png,941,1672,0,2026-08-29
2026-09-11,decoracao quarto pequeno,1081708404304169431,68,78,0,,liara.humadecor.vip,https://liara.humadecor.vip/room-decor?h=9d56cdfee9e,https://i.pinimg.com/originals/77/54/b2/7754b243659b9ff6845a15a578f7c17f.jpg,720,1280,0,2026-08-18
2026-09-11,decoracao quarto pequeno,16395986141595393,69,550,0,,,,https://i.pinimg.com/originals/3b/ca/d2/3bcad23fa698a2b527c97e4a47ab7d25.jpg,1023,1537,0,2026-08-29
2026-09-11,decoracao quarto pequeno,1052364637949533764,70,13,0,"Stunning Bedroom Corner Ideas | Wood Panel Wall, Mirror & Cozy Lighting",,,https://i.pinimg.com/originals/73/68/77/73687766f516fb031075049b31b10e3f.png,1024,1536,0,2026-08-29
2026-09-11,decoracao quarto pequeno,26458716564379945,71,29,0,Blush Pink Small Bedroom Ideas With Cozy Floral Lights ✨,,,https://i.pinimg.com/originals/7d/c2/d2/7dc2d2b635280f6dd3113ce7256bf4ed.jpg,1200,1800,0,2026-08-30
2026-09-11,decoracao quarto pequeno,1007750854138147302,72,23880,0,,,,https://i.pinimg.com/originals/e7/46/15/e746151c33df9ee79bc4526579f87363.png,1122,1402,0,2026-05-13
2026-09-11,decoracao quarto pequeno,1112459545485366720,73,1082,0,Royal Blue Bedroom Decor 💙 Elegant & Cozy Home Inspiration,,,https://i.pinimg.com/originals/85/84/25/858425a95ab345191f9248eea25518ea.png,1024,1536,0,2026-08-18
2026-09-11,decoracao quarto pequeno,1086352741407412247,74,326,0,Cozy Small Apartment Bedroom Ideas | Purple Aesthetic Room Decor,amazon.com,https://www.amazon.com/shop/influencer-a5e294df/photo/amzn1.shoppablemedia.v1.ee7118d2-69cd-49fa-a5d7-357c9a8c11d0?ref_=aipsfphoto,https://i.pinimg.com/originals/d9/1a/26/d91a26796e29f4e1080ef08592561147.jpg,1023,1537,0,2026-08-06
2026-09-11,decoracao quarto pequeno,1147573548825187440,75,6347,0,How to Style an Aesthetic & Organized Desk 💻🌷,,,https://i.pinimg.com/originals/5c/43/dd/5c43dd68198002adc98ffdd6e83c2882.png,1023,1537,0,2026-06-20
2026-09-11,organizacao de cozinha,849280442275080257,2,21213,0,Farmhouse kitchen counter decor ideas with white cabinets and wood accents,,,https://i.pinimg.com/originals/8e/9a/3e/8e9a3e9fd90978f7b8cc9008527b1d7f.png,1024,1536,0,2026-05-28
2026-09-11,organizacao de cozinha,1093600722044096369,3,893,0,Kitchen Drawer Organization Ideas With Adjustable Peg Dividers for Lids and Containers,,,https://i.pinimg.com/originals/06/59/24/065924275754f093600e545d48d16bff.png,941,1672,0,2026-08-19
2026-09-11,organizacao de cozinha,838302918179917690,4,3813,0,,,,https://i.pinimg.com/originals/52/f0/87/52f087a883a277eab30ad9216b508d71.jpg,736,1308,0,2024-12-20
2026-09-11,organizacao de cozinha,1111404014317460984,5,2050,0,Customer Favorite Kitchen Organization Aesthetic Products Discover Aesthetic Kitchen Organiz...,tr.ee,https://tr.ee/rU9Gdu?Cabinet+Storage+Aesthetic+Organizer,https://i.pinimg.com/originals/e9/71/c4/e971c47b8e748db9669f0e629a65f6ec.jpg,900,1600,0,2026-06-26
2026-09-11,organizacao de cozinha,1096626578044452988,6,3,0,Utensílios de Cozinha 😍 Você Vai Querer Todos,s.shopee.com.br,https://s.shopee.com.br/AAGeghi5rw?channel_type=pinterest,https://i.pinimg.com/originals/d1/32/a3/d132a3d1e54fffb36751d663e94d7a22.jpg,736,1104,0,2026-08-26
2026-09-11,organizacao de cozinha,978618194047023656,7,422,0,Sleek Kitchen Organization: Wood Shelf Pantry,,,https://i.pinimg.com/originals/b3/65/16/b365164109822618229202044ef03211.jpg,1080,1920,0,2026-05-26
2026-09-11,organizacao de cozinha,914862422421147,8,12073,0,Space-Saving Modern Modular Kitchen Organizer Rack 🍽️✨,smarthomeusfinds.com,https://www.smarthomeusfinds.com/2026/07/9-small-kitchen-ideas-that-make-every.html,https://i.pinimg.com/originals/39/bf/b0/39bfb040988d92a0b56dd88aabf44b40.jpg,1080,1920,0,2026-08-01
2026-09-11,organizacao de cozinha,831406781254404050,9,33330,0,Modern Kitchen Counter Styling Ideas ✨,,,https://i.pinimg.com/originals/3c/1b/3f/3c1b3f8abb8c82f3b214b99d7f0357da.png,1086,1448,0,2026-06-25
2026-09-11,organizacao de cozinha,914862422513585,10,2016,0,Kitchen Cabinet Organization Ideas That Actually Work,,,https://i.pinimg.com/originals/be/84/9c/be849cae611f61b30126507b5d691220.jpg,1200,1800,0,2026-09-03
2026-09-11,organizacao de cozinha,1126814769314050056,11,3554,0,Kitchen Drawer Organization Ideas That Maximize Every Cabinet Space|,,,https://i.pinimg.com/originals/bb/1a/6a/bb1a6ab16534bb0122b9d256ab15b6ea.png,1024,1536,0,2026-06-22
2026-09-11,organizacao de cozinha,1337074890685211,12,929,0,Ultimate Kitchen Organization Ideas | Smart Storage Solutions for a Clutter-Free Home,,,https://i.pinimg.com/originals/53/93/46/5393467635c283a68e3deb4a2a4b95b5.png,1024,1536,0,2026-09-05
2026-09-11,organizacao de cozinha,1106548570973300881,13,366,0,Amazon Kitchen Organization Finds | Cozy Coffee & Pantry Storage Ideas,,,https://i.pinimg.com/originals/09/86/79/098679ca9c1039f965af2f2f660d1fa2.png,1023,1537,0,2026-08-17
2026-09-11,organizacao de cozinha,975662706795286598,14,1,0,Potes Herméticos para uma Cozinha Organizada ✨,s.shopee.com.br,https://s.shopee.com.br/8fRzuC2PwX?channel_type=pinterest,https://i.pinimg.com/originals/9c/53/b8/9c53b816753390cb34269d807d06a241.jpg,1696,2528,0,2026-08-31
2026-09-11,organizacao de cozinha,1102607921298364764,15,2158,0,,,,https://i.pinimg.com/originals/f2/06/6e/f2066e31db628035f2cdda0d70979216.jpg,675,1200,0,2026-08-24
2026-09-11,organizacao de cozinha,70437491664080,16,3949,0,Smart Kitchen Organization Ideas | Luxury Kitchen Storage & Drawer Organization,,,https://i.pinimg.com/originals/bf/6a/0c/bf6a0ccc0e7693c4eaaee050ddab4cd2.png,1024,1536,0,2026-08-31
2026-09-11,organizacao de cozinha,783133822754688800,17,348,0,,,,https://i.pinimg.com/originals/e2/3a/1a/e23a1ae37e3d87b9fb072762c25c31a1.jpg,720,1324,0,2026-08-26
2026-09-11,organizacao de cozinha,137008013661298624,18,70,0,An organized kitchen just feels different. 🤎✨,,,https://i.pinimg.com/originals/fc/59/0a/fc590a260f3bb4e33a3cf8ab71418fe4.png,1024,1536,0,2026-09-03
2026-09-11,organizacao de cozinha,1110700326883541705,19,1,0,Organizadores de cocina para aprovechar el espacio,,,https://i.pinimg.com/originals/f6/11/3e/f6113e1105bcac505f2666e9a02fedaf.png,1024,1536,0,2026-08-24
2026-09-11,organizacao de cozinha,323414817014701704,20,20,0,Deep Pantry? These Sliding Drawers Make Everything Finally Reachable,,,https://i.pinimg.com/originals/e7/f8/a1/e7f8a10d697bd119e861a258769e6c73.jpg,768,1365,0,2026-09-03
2026-09-11,organizacao de cozinha,380132024821940976,21,11209,0,,,,https://i.pinimg.com/originals/75/08/92/750892b2ab9b5ff789aaa0d0dd9f6f0d.jpg,735,1104,0,2026-07-12
2026-09-11,organizacao de cozinha,211174979655271,22,399,0,Small Bathroom Decor Ideas on a Budget | Cozy Fall Details,organizedpad.com,https://organizedpad.com/kitchen-pantry-shelves-with-wooden-dividers-for-plates-and-bowls/,https://i.pinimg.com/originals/98/36/9e/98369e927c075e40e88b7e9726582d2b.webp,800,1280,0,2026-08-31
2026-09-11,organizacao de cozinha,768074911490968226,23,14809,0,,,,https://i.pinimg.com/originals/42/e4/fd/42e4fdd11642feb703a4087286b73922.jpg,1200,1771,0,2026-03-25
2026-09-11,organizacao de cozinha,1054827544029562466,24,570,0,,,,https://i.pinimg.com/originals/e0/a1/bd/e0a1bd198789ca44826b85b16b4411a4.jpg,675,1200,0,2026-08-25
2026-09-11,organizacao de cozinha,1147573548823946431,25,512,0,Modern Kitchen Cabinet Organization Hacks,,,https://i.pinimg.com/originals/45/3c/65/453c65954fef74dfbb6dd0294097db02.jpg,736,1061,0,2026-06-02
2026-09-11,organizacao de cozinha,997899229956888169,26,1,0,5 Products That Keep Your Kitchen Organized & Cozy,amazon.com,https://www.amazon.com/shop/influencer-3ab7e6ff/photo/amzn1.shoppablemedia.v1.906588fe-87ce-4491-a598-aa44c0aa419f?ref_=aipsfphoto,https://i.pinimg.com/originals/8c/29/a5/8c29a5be0376c39d3d6f546e71aaccf4.png,1023,1537,0,2026-08-27
2026-09-11,organizacao de cozinha,490188740719342847,27,26,0,,,,https://i.pinimg.com/originals/0e/2e/14/0e2e144f7c7dc40e80316b39e07f1d44.jpg,1320,2299,0,2026-08-26
2026-09-11,organizacao de cozinha,65372632087424383,28,75,0,Kitchen Cabinet Organization Hacks,,,https://i.pinimg.com/originals/ce/89/fe/ce89fecfaefd6de761e05b08afe8d1a8.png,1024,1536,0,2026-08-28
2026-09-11,organizacao de cozinha,1134977543665332402,29,2,0,Amazon Kitchen Shelving Finds,kwikafinds.my.canva.site,https://kwikafinds.my.canva.site/the-best-deals?Kitchen+Kitchen+Kitchen+Storage,https://i.pinimg.com/originals/79/71/65/7971652f544e8054fe85937d223a11a2.png,1024,1536,0,2026-08-31
2026-09-11,organizacao de cozinha,845762005070991206,30,2,0,compre aqui 👇🏼,s.shopee.com.br,https://s.shopee.com.br/40g5tZYzEx?channel_type=pinterest,https://i.pinimg.com/originals/47/84/f8/4784f818b5c26c823b1f5a65266c6d74.jpg,735,1105,0,2026-08-28
2026-09-11,organizacao de cozinha,293508100738666955,31,87,0,✨ Luxury Modern Kitchen Organization Ideas | Dream Pantry & Smart Storage Inspiration,,,https://i.pinimg.com/originals/5f/3c/2a/5f3c2a8020db0325d8475fc07810aff5.png,1023,1537,0,2026-08-26
2026-09-11,organizacao de cozinha,853291460693541270,32,53,0,Dinnerware & Glassware Organization Ideas for Kitchen Cabinets | Kitchen Organization,,,https://i.pinimg.com/originals/06/74/14/067414d9eec94668628c442bb9c45bc7.jpg,736,981,0,2026-08-25
2026-09-11,organizacao de cozinha,5207355815952233,33,6032,0,,,,https://i.pinimg.com/originals/c9/7b/52/c97b52ce06a230e820016ecab860dfa4.png,1206,2036,0,2026-03-29
2026-09-11,organizacao de cozinha,380132024821940977,34,703,0,,,,https://i.pinimg.com/originals/19/6e/2f/196e2f59b882394b0f807d8d56881164.jpg,736,1104,0,2026-07-12
2026-09-11,organizacao de cozinha,1125196288186417205,35,327,0,perfectly organized pantry,,,https://i.pinimg.com/originals/40/07/44/400744009ef59fb7c34fe457ccdf772e.jpg,1200,2133,0,2026-07-12
2026-09-11,organizacao de cozinha,1142084786789884484,36,383,0,🌿 Elegant Kitchen Counter Styling for a Modern Home ✨,,,https://i.pinimg.com/originals/8a/48/c7/8a48c70f1a135e44ca355ccdd76e71d2.jpg,736,1307,0,2026-07-27
2026-09-11,organizacao de cozinha,1032661389579640328,37,3410,0,Kitchen decore,,,https://i.pinimg.com/originals/b6/52/ec/b652ecd2f135dfe70c489cd3b89a9cf2.png,1023,1537,0,2026-07-28
2026-09-11,organizacao de cozinha,16607092373368712,38,616,0,Luxury Pantry Organization Ideas | Aesthetic Kitchen Storage,pinterest.com,https://www.pinterest.com/theorganizedcasapk/aesthetic-kitchen-organization/,https://i.pinimg.com/originals/cc/2a/e6/cc2ae6da738d259bda34e49440197698.jpg,1024,1500,0,2026-09-02
2026-09-11,organizacao de cozinha,844493676980320,39,5500,0,Modern Kitchen Counter Styling Ideas ✨,amazon.com,https://www.amazon.com/shop/influencer-9490fc14/list/J5BNET3Y62OT?ref_=aipsflist,https://i.pinimg.com/originals/4e/34/e7/4e34e7ff7024a492222a4ce5f1a3091a.jpg,687,1024,0,2026-08-20
2026-09-11,organizacao de cozinha,1134977543665167565,40,237,0,Best Aesthetic Kitchen Organization Finds,tr.ee,https://tr.ee/SNAmcu?Modern+Dra+Finds+Finds,https://i.pinimg.com/originals/e2/0c/23/e20c23349494aaab07b2f7e6c024f2e1.jpg,934,1660,0,2026-08-29
2026-09-11,organizacao de cozinha,121526889941022067,41,56,0,Must-Have Pantry Organization Tools to Simplify Your Life,,,https://i.pinimg.com/originals/38/1b/50/381b504575bcc1e937793b8d5e6b785e.jpg,1536,2752,0,2026-09-02
2026-09-11,organizacao de cozinha,500955158576391805,42,2,0,Aesthetic Pantry Organization Ideas | Kitchen Storage Baskets 🤎✨,link.amazon,https://link.amazon/B07r1kvFw,https://i.pinimg.com/originals/bd/c2/9b/bdc29b321d8cc6a84726aadbcdc96c17.jpg,736,1288,0,2026-09-03
2026-09-11,organizacao de cozinha,703756189574456,43,4122,0,,,,https://i.pinimg.com/originals/1c/62/5e/1c625ec8cb9ac194004666ef9a895d35.jpg,736,1104,0,2026-08-07
2026-09-11,organizacao de cozinha,4714774605340753,44,734,0,Genius Kitchen Cabinet Organization Ideas,bestkitchenz.com,https://bestkitchenz.com/kitchen-cabinet-organization/,https://i.pinimg.com/originals/de/22/ee/de22ee1608202a12841b41b7dc6b4be8.jpg,1024,1536,0,2025-12-30
2026-09-11,organizacao de cozinha,351912467566927,45,1342,0,,,,https://i.pinimg.com/originals/38/d6/2f/38d62f07eec0e2a842fcbe8343e35693.png,1024,1536,0,2026-08-09
2026-09-11,organizacao de cozinha,1122381538415649538,47,155,0,Stackable Wire-Frame Kitchen Risers That Double Cabinet Storage Space,,,https://i.pinimg.com/originals/74/a1/c3/74a1c369eee0ca7ed76c98139b63cfac.jpg,768,1365,0,2026-07-26
2026-09-11,organizacao de cozinha,1080230660639902763,51,938,0,Chic Spring Home Makeover Ideas,,,https://i.pinimg.com/originals/3a/68/d2/3a68d276731d760f5111d83c696e298e.png,1122,1402,0,2026-06-10
2026-09-11,organizacao de cozinha,858850591505177375,52,1,0,,,,https://i.pinimg.com/originals/d2/19/ba/d219bab2f4c9af36e6babd715cfddd21.png,1024,1536,0,2026-08-26
2026-09-11,organizacao de cozinha,1121959326100507402,53,1,0,7 maneiras de organizar uma cozinha pequena,,,https://i.pinimg.com/originals/e9/61/72/e96172385a83546b7f5858e6d3f343e9.png,1024,1536,0,2026-08-28
2026-09-11,organizacao de cozinha,1131459106411359343,54,1083,0,Genius Amazon Kitchen Cabinet Organizers for More Storage,amazon.com,https://www.amazon.com/shop/violashaus/list/2JNOIEAA8VLS7?ref_=aip_sf_cur_spv_ofs_m_lspvrd,https://i.pinimg.com/originals/00/4f/a2/004fa260dbfc0ab71554e33295885f24.jpg,1024,1536,0,2026-08-11
2026-09-11,organizacao de cozinha,121737996173765834,55,15,0,Organizador suspenso: o dobro de espaço no mesmo armário ✨,camilazalewska.com,https://www.camilazalewska.com/organizar-armarios-cozinha/,https://i.pinimg.com/originals/4b/11/5d/4b115d84b7d07a4b3ef1dc495d7906be.jpg,1000,1500,0,2026-08-29
2026-09-11,organizacao de cozinha,1021261653033208034,56,80,0,Cozinha Organizada do Zero,s.shopee.com.br,https://s.shopee.com.br/6fdvPtRANi?channel_type=pinterest,https://i.pinimg.com/originals/65/49/9b/65499b1e02416281e1faeb8a91160068.jpg,1024,1536,0,2026-05-07
2026-09-11,organizacao de cozinha,2181499817711513,57,1157,0,Hidden Kitchen Storage Ideas for a Luxury Clutter-Free Home ✨,,,https://i.pinimg.com/originals/71/6e/4a/716e4a6c4cb9a5b6aa790c046370970f.png,1024,1536,0,2026-08-28
2026-09-11,organizacao de cozinha,2814818513369684,58,1178,0,,,,https://i.pinimg.com/originals/d8/56/61/d85661f19ded9c728eb8a54abcf35721.jpg,675,1200,0,2026-08-26
2026-09-11,organizacao de cozinha,186477240817938282,59,64,0,"O organizador que transforma o espaço perdido em praticidade 🤍 Onde adquirir: - Copie o seguinte ID AKR-WYB-CES na Shopee - Deixei o link no Destaque ""Reel 1-50"" - Me pede o link que te envio no direc",instagram.com,https://www.instagram.com/reel/Dbd2mOLxZ79/,https://i.pinimg.com/originals/0b/f7/e1/0bf7e104141af5cf8ebb16519820435f.jpg,540,960,0,2026-08-29
2026-09-11,organizacao de cozinha,294704369389434872,60,17622,0,,,,https://i.pinimg.com/originals/8f/a0/c4/8fa0c499d051b404da026d6bb99ff454.png,1024,1536,0,2026-01-25
2026-09-11,organizacao de cozinha,299982025201755762,61,216,0,,,,https://i.pinimg.com/originals/ef/65/b2/ef65b2b6174613f9898fa0e7802420aa.png,943,1667,0,2026-09-04
2026-09-11,organizacao de cozinha,1082834304188357655,62,215,0,Under Sink Organization | Kitchen Cabinet Storage Ideas,,,https://i.pinimg.com/originals/1d/42/83/1d428326d26294ec235638bb6e6ef2ab.jpg,936,1664,0,2026-08-16
2026-09-11,organizacao de cozinha,1146166174169481777,63,11761,0,Pantry Perfection: Smart and Stylish Storage Ideas That Work for Real Life,,,https://i.pinimg.com/originals/de/cb/75/decb75ea5838dca01c7a061257710c4a.png,1024,1536,0,2025-06-03
2026-09-11,organizacao de cozinha,358247345383345073,64,10,0,Minimalist Kitchen Organizer Ideas ✨🤍,,,https://i.pinimg.com/originals/02/84/1d/02841d26d900e823ea1dfaa057e925d5.png,1024,1536,0,2026-09-03
2026-09-11,organizacao de cozinha,176695985378179645,65,9,0,Aesthetic Pantry Goals 🌾 Glass & Bamboo Storage Jars from Amazon,link.amazon,https://link.amazon/B0byqOsFb,https://i.pinimg.com/originals/36/3d/a6/363da62bc424b5ac4a6283633a68d5c0.jpg,1696,2528,0,2026-08-25
2026-09-11,organizacao de cozinha,1082693566757889964,66,1,0,Adeus Bagunça na Despensa,meli.la,https://meli.la/2aYhmHb,https://i.pinimg.com/originals/7e/1d/59/7e1d59fae21183daedca274b0e4c7c3b.png,941,1672,0,2026-09-02
2026-09-11,organizacao de cozinha,867646684485529612,67,522,0,How to Organize Kitchen Cabinets,,,https://i.pinimg.com/originals/9c/21/ca/9c21ca8a5b80864d119467e26d267706.jpg,1024,1536,0,2026-08-10
2026-09-11,organizacao de cozinha,380132024821940978,68,12400,0,,,,https://i.pinimg.com/originals/bf/dd/fe/bfddfe5ca10c4a4df60ac3b66df5c641.jpg,736,1104,0,2026-07-12
2026-09-11,organizacao de cozinha,606437906117418132,69,2500,0,,,,https://i.pinimg.com/originals/25/57/f0/2557f00881c339cd15cd117033764936.jpg,736,1092,0,2026-02-23
2026-09-11,organizacao de cozinha,90775748735885929,70,23,0,,,,https://i.pinimg.com/originals/83/1a/8f/831a8f43bff264aebb35d6afa7a1f68f.jpg,675,1200,0,2026-08-06
2026-09-11,organizacao de cozinha,19632948395384458,71,35,0,,,,https://i.pinimg.com/originals/14/28/47/142847331f59cd4433b8227634ca0db7.jpg,1000,1500,0,2026-07-13
2026-09-11,organizacao de cozinha,1139058930783812912,72,3202,0,,,,https://i.pinimg.com/originals/e0/aa/4a/e0aa4a90faf6b38be3b2f1f577c6ddf2.jpg,403,783,0,2026-04-04
2026-09-11,organizacao de cozinha,699465385921069231,73,10,0,Modern Organized Kitchen Design | Smart Storage & Clean Space Inspiration,,,https://i.pinimg.com/originals/cd/34/65/cd34656c5f460f21f631aab86969bd10.jpg,810,1440,0,2026-07-27
2026-09-11,organizacao de cozinha,31454897394373163,74,13,0,10 ideias para organizar cozinha pequena e se livrar do caos!,decoreorganize.com.br,https://decoreorganize.com.br/organizar-cozinha-pequena/,https://i.pinimg.com/originals/fe/fc/ca/fefccaacf5f3b8affdbbdea7b3754c39.jpg,1024,1393,0,2026-08-11
2026-09-11,organizacao de cozinha,1113515076648362935,75,2,0,Ideias de Cozinha 😍 Sua Cozinha Pode Ficar Assim!,s.shopee.com.br,https://s.shopee.com.br/7VFwlVR5qt?channel_type=pinterest,https://i.pinimg.com/originals/44/42/98/444298f1d43113f8028f2dc5dd2928d8.jpg,736,1104,0,2026-08-28
2026-09-11,home office pequeno,1131529475156453491,1,445,0,O Home Office Integrado ao Quarto que Parece um Projeto Sob Medida ✨,,,https://i.pinimg.com/originals/b5/5b/c0/b55bc0432f59db8fdcd6bf3921c7bccc.png,1023,1537,0,2026-08-15
2026-09-11,home office pequeno,481392647692342497,2,93,0,,,,https://i.pinimg.com/originals/99/7e/04/997e04993127f029da348b9212fb4bde.jpg,1024,1535,0,2026-09-05
2026-09-11,home office pequeno,918241811565423542,3,1,0,Compact Floating Desk Small Space Office,,,https://i.pinimg.com/originals/fa/72/9c/fa729c59847a4c4ecc8fe2ec4fe316bc.png,1024,1536,0,2026-09-02
2026-09-11,home office pequeno,1090434128561536342,4,47,0,Escritório em Casa 😍 Ideias que Dão Vontade de Trabalhar,s.shopee.com.br,https://s.shopee.com.br/AKa1UvTc7r?channel_type=pinterest,https://i.pinimg.com/originals/c5/cf/96/c5cf968969767a9b06d4129c7796f099.jpg,736,1307,0,2026-08-23
2026-09-11,home office pequeno,557531628904611444,5,21,0,Cozy Small Home Office Nook Setup Ideas✨,pinterest.com,https://www.pinterest.com/sofidecorhome/bedroom-organization/,https://i.pinimg.com/originals/bd/ea/61/bdea616d92805fce76a49182efb99f3e.webp,1000,1500,0,2026-09-05
2026-09-11,home office pequeno,1098526534139941507,6,3,0,This Tiny Corner Became the Most Productive Spot in My Apartment — No Extra Room Needed,,,https://i.pinimg.com/originals/6b/be/72/6bbe724d379179e37f5e9c0794504acd.jpg,768,1376,0,2026-08-26
2026-09-11,home office pequeno,240238961369276924,7,1219,0,,,,https://i.pinimg.com/originals/40/c9/a9/40c9a93964f0a60d4d880aeadb7dae8a.jpg,1080,1920,0,2025-08-23
2026-09-11,home office pequeno,1096696946786405966,8,26,0,,,,https://i.pinimg.com/originals/ff/c9/83/ffc983dfa9abb775d36f5537b5aef187.png,941,1672,0,2026-07-18
2026-09-11,home office pequeno,140806235326841,9,14608,0,,,,https://i.pinimg.com/originals/24/c0/18/24c018dd5d65e3aaae31646aed464bea.jpg,1024,1536,0,2026-07-26
2026-09-11,home office pequeno,804596289760476806,10,4,0,Small Apartment Home Office Ideas for a Stylish and Functional Workspace,,,https://i.pinimg.com/originals/27/f5/a6/27f5a6eb4cbad9ff8bc261709fc4e4d2.jpg,687,1024,0,2026-09-03
2026-09-11,home office pequeno,904519906431700107,11,3,0,🤍 Check out these floating home office built ins feeling so airy,open.substack.com,https://open.substack.com/pub/kayellison/p/home-office-decor-ideas-for-every?r=75bpjj&utm_campaign=post&utm_medium=web&showWelcomeOnShare=true#home-office-built-ins339,https://i.pinimg.com/originals/6e/ed/3b/6eed3b9c9e4a20469090ff53e9e5bdda.jpg,1080,1920,0,2026-09-04
2026-09-11,home office pequeno,718113103133201930,12,77,0,"Home office com marcenaria planejada e iluminação natural. 🤍 A marcenaria aproveita muito bem o espaço, reunindo armários superiores, bancada de trabalho e gaveteiro em uma composição clean e funciona",instagram.com,https://www.instagram.com/p/DcLar9mnOMK/,https://i.pinimg.com/originals/d5/0f/be/d50fbe56055e32bad4a7fddc0c4bf847.jpg,1440,1920,0,2026-08-19
2026-09-11,home office pequeno,1001558404665032561,13,20,0,📚 Moody Library small room office ideas,,,https://i.pinimg.com/originals/72/0a/31/720a31a121cf7dbd56df5f3c2e50d516.webp,1024,1536,0,2026-08-30
2026-09-11,home office pequeno,1110348483158108615,14,3601,0,Computer Desk Ideas | Floating Corner Desk Setup with LED Lighting,,,https://i.pinimg.com/originals/6d/cb/59/6dcb59a68cd5fcb5cb4540502fcfc44b.png,1792,2400,0,2026-07-18
2026-09-11,home office pequeno,1024991196464605632,15,27,0,,,,https://i.pinimg.com/originals/14/7c/94/147c94ed9fee79bd6aa0e31a45046675.jpg,1080,1920,0,2026-08-27
2026-09-11,home office pequeno,244461086018979249,16,1,0,,,,https://i.pinimg.com/originals/72/59/8a/72598a3b5138542a6932ded46f67aa70.jpg,736,1104,0,2026-08-31
2026-09-11,home office pequeno,993114155355098279,17,342,0,,,,https://i.pinimg.com/originals/a7/09/68/a70968e2043f15105db6d68ce6d9a9ee.png,1024,1536,0,2026-07-11
2026-09-11,home office pequeno,408983209933535866,18,20,0,Home office decor ideas for a small Scandinavian apartment,,,https://i.pinimg.com/originals/15/9b/5d/159b5d8c00e3df1c03725155a9829839.jpg,1024,1536,0,2026-09-04
2026-09-11,home office pequeno,821414419581320622,19,7810,0,,,,https://i.pinimg.com/originals/95/61/2c/95612ceb702c815253484f8898da6f5d.jpg,1200,1800,0,2025-11-22
2026-09-11,home office pequeno,767441592798120890,20,5,0,Home Office Moderno e Aconchegante em Tons Neutros 🤍💻,s.shopee.com.br,https://s.shopee.com.br/70JXOVBYch?channel_type=pinterest,https://i.pinimg.com/originals/5b/44/cd/5b44cdf69e7a5d9cb5f5739192b5ff04.jpg,736,1104,0,2026-08-28
2026-09-11,home office pequeno,1087267535071528369,21,486,0,,,,https://i.pinimg.com/originals/67/1a/04/671a049ef9fcdefdd61713093efd6058.png,1036,1519,0,2026-07-12
2026-09-11,home office pequeno,366058275988388690,22,20,0,Tiny Home Office Ideas That Look Designer Made 💻,,,https://i.pinimg.com/originals/69/23/06/692306acfc4c0ff66cd47467f3338c45.jpg,1200,2133,0,2026-07-19
2026-09-11,home office pequeno,361906520077640694,23,10,0,vallecito......,,,https://i.pinimg.com/originals/4d/f2/4f/4df24fedc0da2012944e0de504efbd3e.jpg,736,1308,0,2026-08-31
2026-09-11,home office pequeno,844493675876643,24,205,0,Top 15 Unique Small Home Office pink Inspo Ideas You 'll Love 2025,elitedesignworld.com,https://elitedesignworld.com/decor-small-home-office-pink-inspo/,https://i.pinimg.com/originals/4a/d2/ff/4ad2ff3de6d4d284d48b8a8153ccd3a2.jpg,664,1176,0,2025-08-17
2026-09-11,home office pequeno,1140607043158018142,25,4,0,Cozy Minimalist Home Office Setup Ideas for Small Spaces,,,https://i.pinimg.com/originals/34/3c/af/343caf5f6f36c8ad38f046aaf748a6be.png,1000,1500,0,2026-08-24
2026-09-11,home office pequeno,1134273856187550801,26,5,0,Home office em apartamento pequeno: cabe em 1 metro ✨,camilazalewska.com,https://www.camilazalewska.com/home-office-perfeito/,https://i.pinimg.com/originals/3f/d7/d7/3fd7d7cc856768082b09cfd7fa600b3a.jpg,1000,1500,0,2026-08-19
2026-09-11,home office pequeno,1087408272561908502,27,1,0,"Onde colocar tudo? Aqui, com charme! 🤍",link.amazon,https://link.amazon/B00TobOOa,https://i.pinimg.com/originals/4b/a9/44/4ba9443a712e1c2a12f50af72e47527e.png,1080,1920,0,2026-08-29
2026-09-11,home office pequeno,1143492161668499335,28,3004,0,Cozy Home Office Setup | Modern Workspace Inspiration,,,https://i.pinimg.com/originals/b5/5c/b6/b55cb6ac231221d529d274d085e63eb8.png,1024,1536,0,2026-06-10
2026-09-11,home office pequeno,6403624466981503,29,810,0,,,,https://i.pinimg.com/originals/5e/46/54/5e4654254a60841d0929f743a4ff59e5.png,1024,1536,0,2026-08-31
2026-09-11,home office pequeno,332140541291200778,30,8,0,The Ultimate Aesthetic Minimalist Home Office Inspiration,s.shopee.com.my,https://s.shopee.com.my/4fvWIqsiNa?channel_type=pinterest,https://i.pinimg.com/originals/07/81/26/078126ed97151f0409d884fe59a2ddc1.jpg,572,1024,0,2026-08-19
2026-09-11,home office pequeno,264164334388885733,32,53,0,,,,https://i.pinimg.com/originals/c2/7b/87/c27b87dda9013f44187fc7cfbc4a2f70.png,1024,1536,0,2026-09-01
2026-09-11,home office pequeno,23995810511585092,33,1725,0,,,,https://i.pinimg.com/originals/1a/92/6a/1a926ae8078b8baf148b4e3947d3290f.jpg,896,1344,0,2026-04-17
2026-09-11,home office pequeno,1133077587529425700,34,1,0,Home Office Aconchegante: Ideias de Decoração para Trabalhar com Estilo,,,https://i.pinimg.com/originals/a1/fa/09/a1fa0977b60ca01686cf3f3e78e58862.png,1632,2176,0,2026-08-30
2026-09-11,home office pequeno,492649954519844,35,1648,0,,,,https://i.pinimg.com/originals/f9/06/bc/f906bcb7e55c79f56833da8c8398ac18.jpg,664,1184,0,2025-11-05
2026-09-11,home office pequeno,1114429870323966686,36,1679,0,Luxury Study Table Decor Ideas 2026 | Elegant Gold & Beige Desk Setup for a Premium Workspace,,,https://i.pinimg.com/originals/16/49/c7/1649c729569f615d824293f6d4e08cb0.jpg,1024,1536,0,2026-07-22
2026-09-11,home office pequeno,1122803750883507346,37,2,0,Aesthetic Small Home Office Decor Ideas for a Cozy & Productive Workspace,,,https://i.pinimg.com/originals/a1/ed/49/a1ed49faab824fc4324eb3b91fa03ea0.png,1023,1537,0,2026-08-30
2026-09-11,home office pequeno,6473993211900544,38,970,0,,,,https://i.pinimg.com/originals/31/42/2f/31422fc61e4a58218f8b526fa0339a3c.jpg,1120,2048,0,2025-09-21
2026-09-11,home office pequeno,158822324357329341,39,4,0,Warm & Cozy Home Office Inspiration,,,https://i.pinimg.com/originals/3c/ab/e8/3cabe8ade441688cb839e2ad7f0125cc.png,1024,1536,0,2026-09-02
2026-09-11,home office pequeno,26951297767432542,40,698,0,Home Office Decor for a Calm Organic Modern Study Corner,,,https://i.pinimg.com/originals/4d/c1/4e/4dc14e9e1010f2746280f8e5fab48cac.jpg,1024,1536,0,2026-08-16
2026-09-11,home office pequeno,601300987795969308,41,2430,0,,,,https://i.pinimg.com/originals/10/a6/0b/10a60b1f1b6c20da3431aa394503a4a9.jpg,736,1104,0,2026-07-27
2026-09-11,home office pequeno,1114007657856198313,42,5750,0,Modern Japandi Home Office Ideas for a Cozy & Minimalist Workspace,,,https://i.pinimg.com/originals/27/8e/f4/278ef45d13545ecab88bd9f02eac8c5d.jpg,1023,1537,0,2026-07-11
2026-09-11,home office pequeno,3237030979286472,43,1398,0,"Hidden Desk Magic: Tiny Space, Big Productivity",,,https://i.pinimg.com/originals/21/3c/11/213c1193608818fa382fdfa527a3b404.jpg,768,1376,0,2026-08-17
2026-09-11,home office pequeno,1096626578044785822,44,1,0,Escritório Pequeno 😍 Olha Esse Setup!,s.shopee.com.br,https://s.shopee.com.br/20v3DyhGf0?channel_type=pinterest,https://i.pinimg.com/originals/1d/9a/46/1d9a4686449d4540aef7216dcec7f4bf.jpg,736,1104,0,2026-08-30
2026-09-11,home office pequeno,918241811565269712,45,3,0,Warm Minimalist Desk Setup Ideas,medium.com,https://medium.com/@bayker0000/5-must-have-items-for-a-cozy-productive-small-home-office-setup-c41edf6de29b,https://i.pinimg.com/originals/e6/5e/2c/e65e2c9365e2150bd82e6a0ec57509a0.jpg,848,1264,0,2026-08-28
2026-09-11,home office pequeno,840273243022503259,46,75,0,"Kleines Homeoffice einrichten – stilvoll, modern & platzsparend",,,https://i.pinimg.com/originals/a0/3b/74/a03b74a90b492e1e13656528a092fc70.png,1024,1536,0,2026-08-08
2026-09-11,home office pequeno,1133147956273703187,48,71,0,Cozy Home Office Ideas | Modern Workspace Decor,,,https://i.pinimg.com/originals/68/46/9a/68469a1e49a16ce62d63735b8cc59d23.png,1024,1536,0,2026-08-15
2026-09-11,home office pequeno,330451691432555991,51,30,0,Aesthetic Home Office Setup Ideas | Cozy Corner Desk Inspo,pinterest.com,https://www.pinterest.com/earthyeditfinds/,https://i.pinimg.com/originals/86/3e/77/863e7702fb02e040fd962dd80601798e.png,1024,1536,0,2026-08-28
2026-09-11,home office pequeno,158822324357329340,52,102,0,Cozy Modern Study Corner 🤎✨ | Small Home Office Ideas,,,https://i.pinimg.com/originals/96/3a/bb/963abb591389ae02cc98ecdac63c7b62.png,1024,1536,0,2026-09-02
2026-09-11,home office pequeno,1103241240023289862,53,5,0,Home Office | Prateleira | Prateleiras Suspensas,s.shopee.com.br,https://s.shopee.com.br/5q7aYN95vv?channel_type=pinterest,https://i.pinimg.com/originals/44/0a/0c/440a0c3d60ce3d9bceefdc06bb0814c6.png,1024,1536,0,2026-08-17
2026-09-11,home office pequeno,126382333290414038,54,6,0,,,,https://i.pinimg.com/originals/aa/4c/de/aa4cdefaba1f6c6672818339175e4bab.png,1024,1536,0,2026-07-27
2026-09-11,home office pequeno,298574650324002907,55,22,0,,,,https://i.pinimg.com/originals/5f/20/67/5f206774364f86973919b59cefa57b52.png,977,1609,0,2026-09-05
2026-09-11,home office pequeno,1108096683349527243,56,214,0,Modern Study Room Setup Ideas ✨,,,https://i.pinimg.com/originals/eb/fc/a2/ebfca2c5b4db745bea74245b399c6a21.png,941,1672,0,2026-07-21
2026-09-11,home office pequeno,294845106879415833,57,14,0,Moody Green Study Nook Ideas for a Small Space That Feel Luxurious✨,,,https://i.pinimg.com/originals/4a/4d/c9/4a4dc932fb37c4ede6bf699c841ced5e.png,941,1672,0,2026-09-05
2026-09-11,home office pequeno,48976714692628638,58,523,0,"Home Office Moderno 3x2m | Pequeno, Funcional e Estiloso",,,https://i.pinimg.com/originals/98/e2/f9/98e2f98a9f7be82f36fd12329e2acac4.png,1024,1536,0,2026-04-28
2026-09-11,home office pequeno,463941199137757718,59,12,0,Modern Home Office Desk Setup with Smart Storage,amazon.com,https://www.amazon.com/Lufeiya-White-Small-Desk-Drawers/dp/B0BZVX58WF?crid=H0MXL3K2UO5Y&dib=eyJ2IjoiMSJ9.nobfIxWYs6gccDUl1JjjVm4ka7T9egUqW2tGyZyZbrUK3rbgIU6VSCMYIygL6BSQziJVCQcD0ET32mAeUr7fHDoe1SKIh-4wUghnyKOtYIobIPU_PKtPIPIwvOLMtgiAvvxaxji6H9kk5MgtHLXKiVXM58AbWK_rRfdAOZm_jGmVRIyj2AaRRehlouEaXuOUfIbUqWx1Icq4NONwxFOU3QASrN0YWFqbDOBfp0BO5ZAUCq5Eo_thLK6pARDFFZddhAr-i3seRe7xPaHg4l01_gOybtPw_jjtCrr1Qen,https://i.pinimg.com/originals/9d/a0/ea/9da0ea1b68e0816d307fd99a3032855f.jpg,853,1280,0,2026-09-03
2026-09-11,home office pequeno,6544361955476295,60,203,0,Cozy Small Apartment Home Office Ideas for a Productive Workspace,,,https://i.pinimg.com/originals/fa/2a/ad/fa2aad5d91298685bd218b202a46e6a9.png,1024,1536,0,2026-08-18
2026-09-11,home office pequeno,1088182328738917944,61,2,0,"Home Office para Apartamento Pequeno: Simples, Funcional e Elegante",meli.la,https://meli.la/1cuAnDV,https://i.pinimg.com/originals/46/61/30/466130d94a2071457cc149368a107fe5.png,1122,1402,0,2026-06-20
2026-09-11,home office pequeno,1130403575251036852,62,2,0,Escrivaninha Quarto Escritório Sala,s.shopee.com.br,https://s.shopee.com.br/80CHZXJ7zM?channel_type=pinterest,https://i.pinimg.com/originals/56/f6/a6/56f6a6440b9fd0f5d2da68ee25a5533c.png,1024,1536,0,2026-08-30
2026-09-11,home office pequeno,763641680613975393,63,53,0,Bedroom Office Setup: Small L-Shaped Desk with Built In Shelves,,,https://i.pinimg.com/originals/7c/2b/2b/7c2b2b82afefec89cae579202f51f265.jpg,1024,1536,0,2026-08-14
2026-09-11,home office pequeno,101894010314701994,64,16,0,"Cozy Cream Home Office With Monitor, Wood Desk, Plants and Soft Lighting",,,https://i.pinimg.com/originals/30/f3/52/30f3529a5ddd020df85ddf2ad325cf3c.jpg,1536,2752,0,2026-08-29
2026-09-11,home office pequeno,1087267535070715052,65,762,0,,,,https://i.pinimg.com/originals/f4/a7/77/f4a777d9ff3a9fad81ca79cea7691d35.jpg,736,1104,0,2026-07-01
2026-09-11,home office pequeno,63472675994992695,66,326,0,Vem Montar Comigo Esse Home Office Pronta Entrega,,,https://i.pinimg.com/originals/ad/20/91/ad209123397e5dd0fef0e0774c301068.png,1024,1536,0,2026-08-27
2026-09-11,home office pequeno,40884309114877671,67,45,0,Small Home Office Ideas for Apartments | Cozy Space-Saving Desk Setup,,,https://i.pinimg.com/originals/a5/9e/0a/a59e0a818a00c353de7d17ab33d76fe4.png,1024,1536,0,2026-08-10
2026-09-11,home office pequeno,969118413583183999,68,11117,0,,,,https://i.pinimg.com/originals/b4/58/73/b458731f7a248e8eaae64d28188ddba4.jpg,1086,1448,0,2026-06-08
2026-09-11,home office pequeno,1150177192358846178,69,8,0,Escrivaninha Compacta e Moderna para Criar um Espaço de Trabalho Organizado,s.shopee.com.br,https://s.shopee.com.br/10xtrIUJrl?channel_type=pinterest,https://i.pinimg.com/originals/6a/c4/ca/6ac4ca875040c44c8df46bb02399a91a.webp,768,1376,0,2026-04-02
2026-09-11,home office pequeno,885731451741482004,70,3,0,Рабочий стол 🤍,,,https://i.pinimg.com/originals/41/2c/2d/412c2d8da3ebe04a80b336c647b6e0e7.jpg,1080,1920,0,2026-08-25
2026-09-11,home office pequeno,35817759534406605,71,672,0,Small Balcony Office Ideas for a Productive Home Workspace,,,https://i.pinimg.com/originals/ea/3e/89/ea3e893f5363cd2763f0a3e52e0cbcca.jpg,1080,1920,0,2026-08-31
2026-09-11,home office pequeno,614108099234924336,72,2,0,13 Home Office Desk Setup Ideas for a Productive Stylish Space,homedishy.com,https://www.homedishy.com/home-office-desk-setup-ideas/,https://i.pinimg.com/originals/1e/2d/4a/1e2d4a6aaf517b5627a83da63262d906.webp,576,1024,0,2026-08-16
2026-09-11,home office pequeno,47850814787036179,73,86,0,Cozy Modern Home Office Ideas with a Window Seat,,,https://i.pinimg.com/originals/17/a4/47/17a4477d495ea1d2de6b5dcfd032ca83.png,1023,1537,0,2026-08-29
2026-09-11,home office pequeno,73676143900068061,74,5,0,Cozy Home Office Ideas: 15 Small Workspace Setups That Feel Warm And Productive - Home Style Vibes,homestylevibes.com,https://homestylevibes.com/cozy-home-office-ideas-15-small-workspace-setups-that-feel-warm-and-productive/,https://i.pinimg.com/originals/8c/b1/2f/8cb12ffdad5067c53120d7aa546ec61a.webp,900,1600,0,2026-08-28
2026-09-11,home office pequeno,786159678749863683,75,11,0,Home Office,,,https://i.pinimg.com/originals/05/8a/9d/058a9d564e59591c9933f8fb717b98dc.jpg,848,1264,0,2026-08-30
2026-09-11,receitas fitness,938015428657041913,2,4110,0,,,,https://i.pinimg.com/originals/37/0a/28/370a280deceebd888fb941042546e8c5.jpg,736,839,0,2026-04-12
2026-09-11,receitas fitness,1107955945863547853,3,26,0,"Pizza de Frigideira Proteica: Receita Fitness Fácil, Rápida e Rica em Proteína para Emagrecer",,,https://i.pinimg.com/originals/31/1f/69/311f694b044501299c84c03a138dd0be.png,1024,1536,0,2026-08-10
2026-09-11,receitas fitness,825073594282255840,4,6117,0,Healthy Eating Ideas for a Balanced Lifestyle,,,https://i.pinimg.com/originals/61/56/ac/6156acab37e367cca1d171b5097b8fdc.png,1000,1500,0,2026-03-21
2026-09-11,receitas fitness,1147925392568234728,5,3,0,É DE GRAÇA RECEITA SALADA SAÚDAVEL,,,https://i.pinimg.com/originals/2e/1d/d2/2e1dd2d51efb79f7089f90e053629c7d.png,1000,1500,0,2026-08-26
2026-09-11,receitas fitness,300193131437356989,6,32,0,"🍝 Espaguete de Abobrinha: leve, saudável e cheio de sabor!",,,https://i.pinimg.com/originals/c5/f8/e1/c5f8e1f8408e37c0365622d2057b5da0.jpg,736,1104,0,2026-08-26
2026-09-11,receitas fitness,6403624466201789,7,2816,0,,,,https://i.pinimg.com/originals/7d/19/0c/7d190cad9661bf61b5aa556c15dfe8ed.jpg,1080,1918,0,2025-12-10
2026-09-11,receitas fitness,2322237303627355,8,10085,0,,,,https://i.pinimg.com/originals/2d/63/8b/2d638ba274b00b99068c37087cf277c2.jpg,736,1104,0,2026-08-27
2026-09-11,receitas fitness,350858627231851197,9,10983,0,,instagram.com,https://www.instagram.com/reel/CkEFbyKDevJ/?igshid=MDJmNzVkMjY=,https://i.pinimg.com/originals/54/1b/14/541b140b736970a12659d6803cf41b9f.jpg,360,640,0,2022-10-24
2026-09-11,receitas fitness,1132655375073439030,10,1,0,Healthy Chickpea & Avocado Salad Bowl | Easy & Nutritious Meal,surl.li,https://surl.li/behbro,https://i.pinimg.com/originals/82/36/7f/82367f509f836d2375b27b8da6a07dec.png,1122,1402,0,2026-08-31
2026-09-11,receitas fitness,418553359142901565,11,12,0,Curso de Marmitas Fitness: Renda Extra Cozinhando em Casa 🍱,go.hotmart.com,https://go.hotmart.com/D106085027V,https://i.pinimg.com/originals/ee/62/47/ee6247ebaf03f7b18e8a6932da6a2b66.png,1000,1500,0,2026-08-25
2026-09-11,receitas fitness,148478118961443187,12,53,0,Receita Fit,,,https://i.pinimg.com/originals/ef/df/7f/efdf7f438bc6a59a9b561a5da8c559a7.jpg,720,1069,0,2026-08-10
2026-09-11,receitas fitness,4081455908049828,13,17929,0,,,,https://i.pinimg.com/originals/24/33/7e/24337ef7ca75b00cdd4e8492ae24bb13.jpg,1024,1024,0,2026-05-21
2026-09-11,receitas fitness,95349717108053603,14,17,0,Healthy Salmon Quinoa Bowl - High Protein Dinner Idea,,,https://i.pinimg.com/originals/99/40/b7/9940b755a919f0b6ab505e80f838adc4.jpg,1120,1991,0,2026-08-30
2026-09-11,receitas fitness,1124211125758686887,15,1419,0,High Protein Burger Bowl Recipe: Low Carb & Delicious Meal Idea,payhip.com,https://payhip.com/LiamAnderson/blog/news/high-protein-meals-for-people-who-hate-boring-food?high-protein-burger-bowl-recipe-low-carb-and-delicious-meal-idea,https://i.pinimg.com/originals/14/91/be/1491be20494ce9f202aaa5e9bb670fbe.png,928,1232,0,2026-02-21
2026-09-11,receitas fitness,714242822186802662,16,6307,0,Wholesome Hawaiian Chicken Salad: Gluten-Free and Flexi-Plan Friendly,etsy.com,https://www.etsy.com/listing/1827275475/chocolate-seed-sticks-with-tahini?4579947618=,https://i.pinimg.com/originals/b5/77/a9/b577a9f82a2ecc6c93c72f69fdcc6ec3.jpg,2988,4536,0,2024-11-17
2026-09-11,receitas fitness,1145392117743701904,17,77,0,Almoço fit,,,https://i.pinimg.com/originals/14/d8/3a/14d83a0dd2ac71f526ece7d37cad5e98.jpg,564,1002,0,2025-12-26
2026-09-11,receitas fitness,753508581458908772,18,4307,0,,,,https://i.pinimg.com/originals/ec/d1/25/ecd125e91c012c9d19edd9d941ceb37d.jpg,736,981,0,2025-06-19
2026-09-11,receitas fitness,847028642443014898,19,94,0,Almondegas Fit Fitness Com Diferentes Sugestões para Deixar A Dieta Em Dia,sabornamesa.com.br,https://www.sabornamesa.com.br/receita-de-carnes/almondegas-fit-fitness,https://i.pinimg.com/originals/ed/ea/4f/edea4fe3bd5ca0e9d86f1580997c6d9b.jpg,1000,1500,0,2023-09-23
2026-09-11,receitas fitness,1108659633296336558,20,277,0,,,,https://i.pinimg.com/originals/b7/15/1e/b7151e6702ed312d3e8df89478bf7733.jpg,736,1104,0,2026-01-23
2026-09-11,receitas fitness,693061830184324823,21,1088,0,Gratinado de espinafres com cenoura (saudável e fit),panelinhadesabores.blogspot.com,https://panelinhadesabores.blogspot.com/2024/03/gratinado-de-espinafres-com-cenoura.html,https://i.pinimg.com/originals/4f/c3/a5/4fc3a52b4f611e4bbbc3bf5e3ff6a849.jpg,3024,4032,0,2024-03-30
2026-09-11,receitas fitness,1128925831624229859,22,1,0,🍎 Comer Bem: Receitas e Dicas para uma Vida Mais Saudável,,,https://i.pinimg.com/originals/3b/ea/3b/3bea3bffa98dadcea83c35f781b18b40.jpg,512,910,0,2026-08-26
2026-09-11,receitas fitness,985231165862172,23,1403,0,,,,https://i.pinimg.com/originals/65/de/59/65de59148c35150f2c64da8f36dbc5cd.jpg,928,1232,0,2026-09-03
2026-09-11,receitas fitness,ATFv-LMTeQe9hcrhJM2Iyv9aPFwosMtaKia0F4r8puWM05tSHLUJ2slBnCIcUL0AXZJqCH1x82ZASwKkmDOJu8k,24,91,0,Receitas Fáceis\ receitas gostosas\ receitas fit\ lista de ingredientes\ culinária nutritiva,s.shopee.com.br,https://s.shopee.com.br/6fZT1pb4Hv?pp=1&channel_type=pinterest,https://i.pinimg.com/originals/ae/a1/7e/aea17e88b7da3372d927fd9540dc69a2.jpg,736,1104,0,2026-02-11
2026-09-11,receitas fitness,1043146332431668944,25,25826,0,,,,https://i.pinimg.com/originals/ff/21/9b/ff219ba7c4984fcc799c52adf56baa72.jpg,736,965,0,2023-09-22
2026-09-11,receitas fitness,840062136777616982,26,11791,0,,,,https://i.pinimg.com/originals/9e/02/af/9e02af8eaff126437ff1d8b020047c57.jpg,736,975,0,2024-09-13
2026-09-11,receitas fitness,260223684714944304,27,1,0,Discover a tasty and nutritious Paleo Grilled Chicken Cobb Salad topped with homemade Honey Dijon Dressing. A perfect choice for a healthy meal.,northeastnosh.com,https://northeastnosh.com/paleo-grilled-chicken-cobb-salad/,https://i.pinimg.com/originals/72/d9/af/72d9af964d384fc2a16fd087c1062a7c.jpg,960,1200,0,2026-03-17
2026-09-11,receitas fitness,1134766437378359910,28,1797,0,🥬 Salada mix!,,,https://i.pinimg.com/originals/4d/f4/24/4df424b2ce3914580a6444d61143552c.jpg,1199,1599,0,2026-02-06
2026-09-11,receitas fitness,633387444713540,29,32368,0,,,,https://i.pinimg.com/originals/70/4c/1f/704c1ff69264a2a908672457503894ef.jpg,1137,1363,0,2026-07-16
2026-09-11,receitas fitness,2814818513340627,30,2584,0,,,,https://i.pinimg.com/originals/e5/1c/05/e51c05dfb93acb4a978e92a4c5b1031c.jpg,600,797,0,2026-08-15
2026-09-11,receitas fitness,78179743527970546,31,249,0,"🥕🍰 Bolo de Cenoura Saudável: fofinho, saboroso e sem abrir mão da saúde!",,,https://i.pinimg.com/originals/00/5e/9e/005e9e1de2ee91aa7acdc011251b12a2.jpg,736,1104,0,2026-08-13
2026-09-11,receitas fitness,253538654020491737,32,89,0,,,,https://i.pinimg.com/originals/52/a6/d5/52a6d519a7d73b0b0faefed7f403df56.jpg,736,1308,0,2026-08-19
2026-09-11,receitas fitness,1081215823041009067,33,95,0,Salada de atum nutritiva,panelinhadesabores.blogspot.com,https://panelinhadesabores.blogspot.com/2023/07/salada-de-atum-nutritiva.html,https://i.pinimg.com/originals/e8/21/e0/e821e03ecd53e215e692c77d05f83328.jpg,3024,4032,0,2024-11-22
2026-09-11,receitas fitness,872079915361621087,34,1770,0,,,,https://i.pinimg.com/originals/fa/44/63/fa44633891b28216f4c0fc5339cda7b9.jpg,1091,1281,0,2025-09-09
2026-09-11,receitas fitness,154459462215236526,35,26,0,,,,https://i.pinimg.com/originals/45/7a/42/457a42460b52f5ab9429f82213148948.webp,1080,1920,0,2026-09-05
2026-09-11,receitas fitness,623537510956641979,36,8,0,Healthy Chicken Avocado Salad | Easy High-Protein Meal,amazon.com,https://www.amazon.com/GLP-1-Cookbook-Sustainable-Weight-Loss/dp/B0GSZKPNN1/ref=tmm_pap_swatch_0?_encoding=UTF8&dib_tag=se&dib=eyJ2IjoiMSJ9.Tq_jTZpBHO57E4oFv0JzGQ.q8sxboKTZGMnftBzAz_12DnWeu_2Vs0Q_402UcLjWkM&qid=1773329455&sr=1-1,https://i.pinimg.com/originals/66/3b/94/663b9412613193107fa6e33746e9896b.png,1023,1537,0,2026-08-31
2026-09-11,receitas fitness,889109151451444827,37,17,0,,,,https://i.pinimg.com/originals/c8/ad/11/c8ad1173d82a8234ee20bc85c655328b.jpg,736,1104,0,2026-02-21
2026-09-11,receitas fitness,920915823830685665,38,3271,0,Nutrición desde el comienzo con estas comidas,,,https://i.pinimg.com/originals/14/4e/ff/144eff65a7afc079d75fc2d398badd1e.jpg,736,1011,0,2026-03-20
2026-09-11,receitas fitness,805299977160649427,39,241,0,Receitas Fitness Fáceis e Baratas🍐🍉 | 🍅 Frango à Toscana com Alho e Creme de Cogumelos Secos ao Sol | Facebook,facebook.com,https://www.facebook.com/share/p/18jnQGUPff/?mibextid=wwXIfr,https://i.pinimg.com/originals/e9/c0/e0/e9c0e096c0fb57f601413cffdbe470b3.jpg,600,848,0,2025-05-20
2026-09-11,receitas fitness,693061830201702895,40,182,0,,,,https://i.pinimg.com/originals/fa/c4/a0/fac4a00e49e660e67ece2b79df71ff94.jpg,736,920,0,2026-03-29
2026-09-11,receitas fitness,897060819544628337,41,8,0,Doces saudáveis que não estragam o teu progresso 🍫🍧,beacons.ai,http://beacons.ai/lineaslim,https://i.pinimg.com/originals/9c/33/46/9c334607e5323418c6fd988f42f4252b.jpg,1024,1536,0,2026-05-17
2026-09-11,receitas fitness,317714948737778948,42,16,0,11 Healthy Anti Inflammatory Breakfast Ideas To Start Your Day Right(Quick And Easy) - Thrive With Janie,thrivewithjanie.com,https://thrivewithjanie.com/anti-inflammatory-breakfast-ideas/,https://i.pinimg.com/originals/c8/d4/65/c8d465f54ebed5de3af3c06665f5da88.jpg,576,1024,0,2025-11-24
2026-09-11,receitas fitness,417708934213806435,43,6,0,Clean Eating Habits for Sustainable Weight Loss,vitaminshak.puretrim.com,http://vitaminshak.puretrim.com/,https://i.pinimg.com/originals/9e/a3/bc/9ea3bce40d264899e4be597426248b68.jpg,1125,1674,0,2026-09-03
2026-09-11,receitas fitness,1120340844828032413,45,16,0,,,,https://i.pinimg.com/originals/53/2c/c8/532cc855dc5f6489a2f040f0973b1b05.jpg,896,1344,0,2026-05-22
2026-09-11,receitas fitness,641481540712077414,51,151,0,Refeição Proteica e Saudável,lufitness.com.br,https://lufitness.com.br/meu-guia-fitness-alimentar/,https://i.pinimg.com/originals/d9/09/2f/d9092f08a31b2f5bdde48594f163ac2f.jpg,736,736,0,2025-05-10
2026-09-11,receitas fitness,1125618500651383868,52,2,0,Grilled Shrimp & Veggie Power Bowl | Fresh & Colorful Healthy Meal,,,https://i.pinimg.com/originals/c1/8b/d4/c18bd4a31dd5b68dcbc9d42b60f8ddfb.png,1024,1536,0,2026-09-02
2026-09-11,receitas fitness,1128573987902493957,53,1,0,"Receitas fitness, emagreça com saúde e sabor!",go.hotmart.com,https://go.hotmart.com/Y107234808X,https://i.pinimg.com/originals/17/a1/b0/17a1b0b79ef54880da2609adc26219e3.jpg,1024,1536,0,2026-08-20
2026-09-11,receitas fitness,820992207060410452,54,7553,0,,,,https://i.pinimg.com/originals/c7/54/e8/c754e84704ef0a55b24e8436657f9444.jpg,750,1190,0,2020-04-13
2026-09-11,receitas fitness,328481366597925126,55,43,0,meal ideas,pinterest.com,https://www.pinterest.com/?show_error=true,https://i.pinimg.com/originals/c5/7d/31/c57d310013d9f0be81405c69edc88fb6.jpg,736,1104,0,2026-09-05
2026-09-11,receitas fitness,157555686958789554,56,409,0,,,,https://i.pinimg.com/originals/e0/75/fb/e075fb2d4ab4691c12c7958dd8b7c2d6.jpg,736,981,0,2023-09-21
2026-09-11,receitas fitness,590956782398467792,57,1,0,,,,https://i.pinimg.com/originals/35/ac/3b/35ac3bc17ca95d67cb69b066ed867d1d.png,1024,1536,0,2026-08-30
2026-09-11,receitas fitness,356910339245061480,58,15,0,,,,https://i.pinimg.com/originals/88/0f/f3/880ff3e5e5563ddecadd22a31a8fc21e.jpg,1080,1920,0,2026-08-22
2026-09-11,receitas fitness,582934745569381403,59,3,0,Cuide-se com estas otimas variaçoes fitness,,,https://i.pinimg.com/originals/b4/6a/9e/b46a9ed113e8031bb39d9feb7b690361.png,1024,1536,0,2026-08-30
2026-09-11,receitas fitness,394276142401029447,60,20834,0,,,,https://i.pinimg.com/originals/92/df/c9/92dfc944d9f81c9d8340cd6e2ea7edce.jpg,1543,2048,0,2025-03-30
2026-09-11,receitas fitness,1063131055785600117,61,819,0,"Salada de Atum com Abacate, Milho e Limão Siciliano 🥗🐟🥑",,,https://i.pinimg.com/originals/af/e0/27/afe027170a8ac74166f5060ba949618f.png,1080,1920,0,2024-12-25
2026-09-11,receitas fitness,555068722842522194,62,1053,0,Salada fresca e nutritiva,panelinhadesabores.blogspot.com,https://panelinhadesabores.blogspot.com/2023/06/salada-fresca-e-nutritiva.html?m=1,https://i.pinimg.com/originals/c1/2f/b5/c12fb527fb44be8efae4fffbdbff84be.jpg,3024,4032,0,2024-08-22
2026-09-11,receitas fitness,300193131437376762,63,12,0,Dica de hoje,,,https://i.pinimg.com/originals/5c/22/10/5c2210f4db6b95fe75585068ebaa180d.jpg,768,1365,0,2026-08-29
2026-09-11,receitas fitness,938859853578997459,64,81,0,🥒🥕 Ultimate Layered Salad Bowl 🍅🌽,,,https://i.pinimg.com/originals/ab/59/a5/ab59a5735802341e3cc081c767fc4d54.jpg,736,1037,0,2025-10-01
2026-09-11,receitas fitness,658158933055727096,65,18529,0,"Courgettes poêlées faciles, rapides et parfaites pour l'été",deavita.fr,https://deavita.fr/recettes/courgettes-poelees-recette-curry-tomate-champignons-391759/,https://i.pinimg.com/originals/4e/fc/f1/4efcf128420d24175df693111f0ae98b.jpg,750,1099,0,2021-07-24
2026-09-11,receitas fitness,607704543517641714,66,1,0,Receitas Fitness Fáceis: Opções Saudáveis para Emagrecer e Ganhar Energia,saudeemagrecimen.blogspot.com,https://saudeemagrecimen.blogspot.com/,https://i.pinimg.com/originals/b1/22/55/b12255acf7c498bf1cfee63afe4ac510.png,1024,1536,0,2026-08-22
2026-09-11,receitas fitness,1088886016578577473,67,22,0,,,,https://i.pinimg.com/originals/f6/77/70/f677703b41a5df9c49810049eefc5667.jpg,736,1104,0,2026-08-28
2026-09-11,receitas fitness,1025131933936512386,68,292,0,,,,https://i.pinimg.com/originals/9c/76/ed/9c76edb09bf8269c6ef303bbe7438f8c.jpg,736,981,0,2025-02-11
2026-09-11,receitas fitness,777433954446245785,69,106,0,o almoço mais rápido para o verão,casalmisterio.com,https://www.casalmisterio.com/o-almoco-mais-rapido-para-o-verao/,https://i.pinimg.com/originals/06/81/24/0681247535fd81f21bb796a90348c456.jpg,600,900,0,2023-05-02
2026-09-11,receitas fitness,1120481582323321522,70,1,0,🤩 ESSA RECEITA FIT VAI VIRAR SUA FAVORITA!,kiwify.app,https://kiwify.app/S3ZGEdY,https://i.pinimg.com/originals/fc/eb/0d/fceb0d45929dcd58619effc7c04eb7a5.png,941,1672,0,2026-06-18
2026-09-11,receitas fitness,106538347431330546,71,114,0,Refreshing Mango Salad with Lime Dressing – Perfect Summer Healthy Dish,payhip.com,https://payhip.com/HighProteinDinnerIdeasSimpleRecipesMarkIvanov/blog/news/12-healthy-dishes-for-people-who-hate-healthy-food?refreshing-mango-salad-with-lime-dressing-perfect-summer-healthy-dish,https://i.pinimg.com/originals/fd/c4/e3/fdc4e32087008f48d3abdd90d0a1f0ed.webp,896,1344,0,2026-03-04
2026-09-11,receitas fitness,883057439475573902,72,860,0,"🍽️ Opções de Jantar para a Semana: 5 ideias de jantar saudável, rápido e fácil que ajudam no emagrecimento, evitam a monotonia da dieta e deixam sua alimentação saudável muito mais prática! Já me segu",instagram.com,https://www.instagram.com/p/DZdxBa4Ghuw/,https://i.pinimg.com/originals/41/30/23/413023a76ce05bafb9933fdc460009e5.jpg,1080,1440,0,2026-07-15
2026-09-11,receitas fitness,941041284678773734,73,5460,0,Salade méditerranéenne facile aux pois chiches et feta : recette saine et rapide,,,https://i.pinimg.com/originals/af/74/7b/af747b9ca03c3d839ff15f5c0f7b5120.png,768,1536,0,2025-02-24
2026-09-11,receitas fitness,174303448076833020,74,61,0,"🍽️📚 Cardápios Saudáveis para a Semana Inteira: ideias práticas de refeições para facilitar a alimentação saudável, economizar tempo e manter uma rotina equilibrada • Weekly Healthy Meal Plan | Healthy",instagram.com,https://www.instagram.com/p/DblTvgAkbes/?img_index=5,https://i.pinimg.com/originals/80/33/91/803391ee5093548320d7b2637e46e7d0.jpg,1080,1340,0,2026-08-29
2026-09-11,receitas fitness,351912467393351,75,15336,0,,,,https://i.pinimg.com/originals/bb/8e/9d/bb8e9da23f4302aa5fbcdd8832ac459c.jpg,600,900,0,2026-05-27
2026-09-11,receita low carb,1124211125758686887,2,1419,0,High Protein Burger Bowl Recipe: Low Carb & Delicious Meal Idea,payhip.com,https://payhip.com/LiamAnderson/blog/news/high-protein-meals-for-people-who-hate-boring-food?high-protein-burger-bowl-recipe-low-carb-and-delicious-meal-idea,https://i.pinimg.com/originals/14/91/be/1491be20494ce9f202aaa5e9bb670fbe.png,928,1232,0,2026-02-21
2026-09-11,receita low carb,84301824258533600,3,5604,0,Low carb: 14 receitas de jantar para quem quer emagrecer Opções para quem quer perder peso comendo,anamariabraga.globo.com,http://anamariabraga.globo.com/acorda-menina/comida-e-bebida/emagrecer-carboidrato-low-carb,https://i.pinimg.com/originals/04/23/fd/0423fd74d7c588d25b2afb3dee699d74.jpg,1140,2400,0,2017-11-16
2026-09-11,receita low carb,447193438020731637,4,8,0,Receita: Pão de Frigideira Saudável (Low Carb),receitacomfe.com.br,https://receitacomfe.com.br/receita-saudavel-que-emagrece-rapido-pronta-em-5-minutos-e-sem-farinha/,https://i.pinimg.com/originals/fc/8e/57/fc8e576f608e4a47ac717f15ac97de93.webp,853,1280,0,2026-06-09
2026-09-11,receita low carb,1146025436447575523,5,178,0,,,,https://i.pinimg.com/originals/95/3a/9a/953a9a25b272823e60027695b3448c64.jpg,735,862,0,2026-02-20
2026-09-11,receita low carb,409264684907094078,6,3930,0,Low Carb Dieta e Receitas,facebook.com,https://www.facebook.com/story.php?story_fbid=pfbid0quLZc7aA9U24mVL5y96sWxyFPUuKRX9MAh9t1vJyaxMCbo791viCBNDJWvJMAVxnl&id=100065213631966&sfns=mo,https://i.pinimg.com/originals/c1/d3/22/c1d322bd1ce5a3b466b7a9b0ff12dd57.jpg,600,900,0,2025-06-30
2026-09-11,receita low carb,907475393646209212,7,1504,0,Pizza Low Carb,,,https://i.pinimg.com/originals/9e/a4/42/9ea4429b69203864ebdb5dbb5fe295f5.jpg,965,1715,0,2023-05-17
2026-09-11,receita low carb,300193131437356989,8,32,0,"🍝 Espaguete de Abobrinha: leve, saudável e cheio de sabor!",,,https://i.pinimg.com/originals/c5/f8/e1/c5f8e1f8408e37c0365622d2057b5da0.jpg,736,1104,0,2026-08-26
2026-09-11,receita low carb,1085015735251524282,9,12,0,Almoço Low Carb Simples e Saudável,,,https://i.pinimg.com/originals/fe/0d/6f/fe0d6f0dd5b867bbe85cf8c28c8b73f6.jpg,1024,1536,0,2026-07-04
2026-09-11,receita low carb,1019572803149882974,10,41,0,"Panqueca de Frango Low Carb – Leve, deliciosa e fácil de fazer! 🥞💪",,,https://i.pinimg.com/originals/46/82/00/46820095b5f76673f1b90d1a372ace8d.png,1024,1536,0,2025-06-09
2026-09-11,receita low carb,462604192996069162,11,654,0,Comida vegetariana!,,,https://i.pinimg.com/originals/9f/92/66/9f9266e552331df61be1b42d646fb2f2.jpg,736,977,0,2025-06-19
2026-09-11,receita low carb,700380179593652032,12,125,0,✨ Dieta Low Carb – Dia 2 para Emagrecimento Rápido!,,,https://i.pinimg.com/originals/be/b5/c7/beb5c721460864eb7aa5fa8ad4afd66c.png,1024,1536,0,2026-04-29
2026-09-11,receita low carb,1002965779535076086,13,1,0,TORTA LOWCARB DE ESPINAFRE (receita fácil),m.youtube.com,https://m.youtube.com/shorts/gToZ6yom3Do,https://i.pinimg.com/originals/38/31/4b/38314b94f57a0b76d1dfbb6a424ffda0.jpg,405,720,0,2025-12-23
2026-09-11,receita low carb,1015843259738060735,14,174,0,,facebook.com,https://www.facebook.com/share/p/1FFQ7zGRgh/,https://i.pinimg.com/originals/f5/71/30/f571306384e62a6d705bd876e1d543a6.jpg,512,640,0,2026-04-25
2026-09-11,receita low carb,649362840060113938,15,10009,0,"Jantar Low Carb! ""Aprenda a fazer um jantar Low Carb que fica uma delícia, e é muito fácil de fazer!"" 🍚🍲🍆 Segue e curte, para mais receitas como essa.... #emagrecer #emagrecimento #emagrecercomsaude #",instagram.com,https://www.instagram.com/reel/DH1q9LEpTV3/,https://i.pinimg.com/originals/2f/e1/8d/2fe18dac0c9dc16a0ed0f3620f3268c9.jpg,640,1136,1,2025-03-31
2026-09-11,receita low carb,1068830924069572374,16,10124,0,Omelet keto de espinacas y champiñones con queso – bajo en carbohidratos,,,https://i.pinimg.com/originals/9e/a7/32/9ea732f2a6de4d2e2545260187e96944.jpg,1024,1820,0,2025-05-04
2026-09-11,receita low carb,715579828335491543,17,11532,0,,,,https://i.pinimg.com/originals/27/af/9f/27af9f9c3b10061e1df78cad9e1ac0ba.jpg,600,797,0,2026-01-24
2026-09-11,receita low carb,152911349845242578,18,578,0,"23K views · 129 reactions | Healthy Sautéed Vegetables 🍽️ Description This Healthy Sautéed Vegetables recipe is a quick, colorful, and nutrient-packed dish made with fresh veggies lightly cooked to re",facebook.com,https://www.facebook.com/share/r/186C7b5k2N/?mibextid=wwXIfr,https://i.pinimg.com/originals/ff/7a/9f/ff7a9fc76967fb75b4b4b766a0755476.jpg,675,1200,0,2026-04-29
2026-09-11,receita low carb,321303754692294026,19,1588,0,(1) Pãezinhos de Cenoura e Grão-de-Bico 😋🫓... - Low Carb Dieta e Receitas | Facebook,facebook.com,https://www.facebook.com/story.php?story_fbid=1152864490230661&id=100065213631966,https://i.pinimg.com/originals/d1/ce/a4/d1cea4ddc55e3a4524954fc71b6593f8.jpg,1024,1536,0,2026-03-09
2026-09-11,receita low carb,40391727905562266,20,58,0,Low Carb Dieta e Receitas,facebook.com,https://www.facebook.com/share/p/16fdEiLkZY/,https://i.pinimg.com/originals/e9/b4/69/e9b46999e6a8833da8c97acf8614c01a.jpg,600,900,0,2026-08-14
2026-09-11,receita low carb,651896114850282346,21,244,0,Schmackhaft | 🥒 Zucchini-Frikadellen mit Käse | Facebook,facebook.com,https://www.facebook.com/share/p/1Ent2ZoCfY/?mibextid=wwXIfr,https://i.pinimg.com/originals/bf/1a/5d/bf1a5d3e88ef06d99d69c582e507210c.jpg,600,900,0,2025-07-11
2026-09-11,receita low carb,896005288377674874,22,17,0,Marmitas Fit,connectdigitalhub.com,https://connectdigitalhub.com/transforme-sua-alimentacao-com-marmitas-fit-o-guia-definitivo-para-refeicoes-saudaveis-e-praticas/?amp=1,https://i.pinimg.com/originals/56/df/a5/56dfa5c72032274502d8f8618198d74e.jpg,736,736,0,2026-01-11
2026-09-11,receita low carb,708613322662172720,23,85,0,Low Carb Dieta e Receitas,m.facebook.com,https://m.facebook.com/story.php?story_fbid=pfbid0MhUrt4KKch7y2hbxs1LUG5ZsCh4Tn3DECa2QjC2jwvjmWeifVga4D8xerRmUxMW5l&id=100065213631966,https://i.pinimg.com/originals/92/d2/80/92d280067f1438e89e60f375f0bbe9ad.jpg,600,900,0,2025-07-02
2026-09-11,receita low carb,938015428657041913,24,4110,0,,,,https://i.pinimg.com/originals/37/0a/28/370a280deceebd888fb941042546e8c5.jpg,736,839,0,2026-04-12
2026-09-11,receita low carb,1057571924975501151,25,216,0,DESAFIO 19 DIAS PARA EMAGRECER!,linktr.ee,https://linktr.ee/garrasdemulher,https://i.pinimg.com/originals/4c/9e/fd/4c9efd4815794cd1ff915a1608f05fe2.jpg,600,900,0,2023-03-12
2026-09-11,receita low carb,430093833178648020,26,42,0,"Adotar uma alimentação Low Carb ou Cetogênica, não é um bicho de sete cabeças! É mais prazeroso do que te contaram! Clique no link da Bio e venha ganhar mais saúde e longevidade! 😍",instagram.com,https://www.instagram.com/p/C6EQolML2hI/?img_index=7,https://i.pinimg.com/originals/53/32/19/53321916c0200fa54b1638f5ed0ffaa4.jpg,345,345,0,2024-05-09
2026-09-11,receita low carb,385831893090807122,27,12455,0,A melhor receita Fit Low Carb que você já viu,go.hotmart.com,https://go.hotmart.com/E71812802K?dp=1,https://i.pinimg.com/originals/6a/43/ce/6a43ce527ca3b2762b307e5810c8aefb.jpg,352,640,1,2023-03-16
2026-09-11,receita low carb,422281212813673,28,1372,0,,,,https://i.pinimg.com/originals/8d/19/86/8d19860498c16df034c2420df0526bab.jpg,1024,1460,0,2026-06-05
2026-09-11,receita low carb,1089519334871205511,29,6949,0,,,,https://i.pinimg.com/originals/fe/d5/35/fed53534ca193fad3215175dbce18179.jpg,736,1104,0,2026-02-27
2026-09-11,receita low carb,1125968743878480,30,473,0,"🎃 Pão de Abóbora Low Carb Macio, nutritivo e delicioso! Uma opção perfeita para quem quer um pãozinho caseiro, saudável e cheio de sabor para o café da manhã ou lanche. 😍 Ingredientes: 4 ovos 1 xícara",instagram.com,https://www.instagram.com/p/DaYjLdpDBCu/,https://i.pinimg.com/originals/61/45/e3/6145e3f28ba17d463f0b25216e108887.jpg,1122,1402,0,2026-08-15
2026-09-11,receita low carb,840062136777616982,31,11791,0,,,,https://i.pinimg.com/originals/9e/02/af/9e02af8eaff126437ff1d8b020047c57.jpg,736,975,0,2024-09-13
2026-09-11,receita low carb,485685141085398906,32,13507,0,,,,https://i.pinimg.com/originals/8b/d4/f2/8bd4f270ee532c1e63d9d6ec0094ee8a.jpg,1024,1536,0,2026-03-02
2026-09-11,receita low carb,838795499386197507,33,1603,0,Low Carb Dieta e Receitas,facebook.com,https://www.facebook.com/share/p/1AvLmqcCUr/,https://i.pinimg.com/originals/6f/4e/de/6f4ede2fa26e1119c962b1f2627da441.jpg,600,900,0,2025-08-04
2026-09-11,receita low carb,744008800980905322,34,505,0,Low Carb Dieta e Receitas,facebook.com,https://www.facebook.com/100065213631966/posts/1192578982925878/?mibextid=rS40aB7S9Ucbxw6v,https://i.pinimg.com/originals/72/c2/0b/72c20bd0af062c7dd7b6bdddb4a42e95.jpg,600,900,0,2025-08-13
2026-09-11,receita low carb,140806234570291,35,861,0,Low Carb Dieta e Receitas,facebook.com,https://www.facebook.com/100065213631966/posts/1142865374563906/?mibextid=rS40aB7S9Ucbxw6v,https://i.pinimg.com/originals/98/7f/88/987f88ac8a4d25fe7ed34206181e543f.jpg,600,900,0,2025-11-07
2026-09-11,receita low carb,1124351863239369391,36,4445,0,,,,https://i.pinimg.com/originals/4b/0a/da/4b0ada8dbebf2068773065bb8294a89e.jpg,960,1200,0,2026-01-17
2026-09-11,receita low carb,888616570241794531,37,9,0,Easy Vegetarian Broccoli and Mushroom Stir Fry for a Healthy Dinner,payhip.com,https://payhip.com/SimpleVeggieTable/blog/news/easy-vegetarian-dinners-for-people-who-are-over-it?easy-vegetarian-broccoli-and-mushroom-stir-fry-for-a-healthy-dinner,https://i.pinimg.com/originals/c9/89/31/c9893165a5863e1add02a09bd2c72177.png,1707,2560,0,2026-01-27
2026-09-11,receita low carb,204632376814547874,38,52,0,,,,https://i.pinimg.com/originals/04/8c/18/048c18330207f931a9fac0dd5a30707b.jpg,1024,1536,0,2026-08-03
2026-09-11,receita low carb,1148980923707513263,39,10,0,🍱 Inspiring low carb lunch ideas make healthy eating the highlight of your day. 🌐 Visit us to start your smart intermittent fasting journey.,,,https://i.pinimg.com/originals/3f/ec/1a/3fec1a0c4cc0cde8f2852fc63650b146.jpg,960,1200,0,2026-06-15
2026-09-11,receita low carb,465348574020707792,40,13404,0,,,,https://i.pinimg.com/originals/05/fd/b2/05fdb2b8ad6bdb9a3a3ac952d3e7e502.jpg,600,726,0,2026-05-04
2026-09-11,receita low carb,578923727123692264,41,250,0,,panelinhadesabores.blogspot.com,https://panelinhadesabores.blogspot.com/2023/07/salada-de-atum-nutritiva.html?m=1,https://i.pinimg.com/originals/71/c6/16/71c6168f206cf422f7a49838d7ef150e.jpg,3024,4032,0,2023-10-06
2026-09-11,receita low carb,963700020278570592,42,5416,0,Crispy Roasted Veggie Bowl with Maple Dijon Tahini,,,https://i.pinimg.com/originals/00/b1/db/00b1dbe6c42673c557501b2fb81ae13c.jpg,1000,1500,0,2026-04-05
2026-09-11,receita low carb,866380047092405474,43,2,0,"Pão de Batata-Doce Low Carb: Receita Fácil, Macia e com 3g de Carboidratos",,,https://i.pinimg.com/originals/16/cd/48/16cd48c33446d3bd5bcc56bb5a1caf2c.png,736,1308,0,2026-08-17
2026-09-11,receita low carb,1030550327259482663,44,13192,0,Low carb and High protein Wrap,open.substack.com,https://open.substack.com/pub/reviveyourplate/p/the-lean-plate-low-carb-gyro-wrap?r=6yry0h&utm_medium=ios&shareImageVariant=overlay,https://i.pinimg.com/originals/48/76/04/4876044513b30c9f9ac20ee9c9a57383.jpg,1080,1920,0,2026-02-04
2026-09-11,receita low carb,1119637157392988465,46,4025,0,,,,https://i.pinimg.com/originals/68/ba/3b/68ba3b4ea21dfe0e865a410122e74ca4.jpg,1024,1024,0,2026-06-01
2026-09-11,receita low carb,774124932000517,51,1068,0,Low Carb Dieta e Receitas,facebook.com,https://www.facebook.com/share/p/182vqNGPHK/,https://i.pinimg.com/originals/27/8f/28/278f28706f1c3cb8561b77541b06e8ee.jpg,600,900,0,2026-08-31
2026-09-11,receita low carb,836191855815074768,52,663827,0,,eatwell101.com,https://www.eatwell101.com/roasted-potatoes-carrots-zucchini-recipe,https://i.pinimg.com/originals/fb/bf/12/fbbf12bc47e4356fbd1487ee0c47dce7.jpg,1080,1620,0,2021-04-03
2026-09-11,receita low carb,648307308846442654,53,1562,0,12 receitas de jantar low carb para você não sair da dieta,receiteria.com.br,https://www.receiteria.com.br/receitas-de-jantar-low-carb/,https://i.pinimg.com/originals/03/02/5f/03025f254a91dd3190b50fdb9963fa17.png,735,1102,0,2020-02-21
2026-09-11,receita low carb,844493676519118,54,2118,0,Receita de torta de legumes low carb,,,https://i.pinimg.com/originals/09/5b/13/095b13016f0d5b8e3a07bdc2aefa81bf.jpg,1200,1500,0,2026-03-11
2026-09-11,receita low carb,6051780746487647,55,971,0,Low - 🥧🧀 Torta de Espinafre com Queijo Low Carb 🥬✨ ✅ INGREDIENTES ✅ 3 ovos ✅ 200 g de espinafre refogado ✅ 200 g de creme de leite ✅ 150 g de queijo ralado (muçarela ou outro de sua preferência) ✅ ½ c,facebook.com,https://www.facebook.com/share/16p4u8kMbq/?mibextid=wwXIfr,https://i.pinimg.com/originals/a7/2a/3a/a72a3a56d5f2014f33d851be743ee037.jpg,1024,1536,0,2026-07-13
2026-09-11,receita low carb,939141328564857733,56,645,0,effdeesea ⭐︎⋆⁺,,,https://i.pinimg.com/originals/fb/37/47/fb3747235fae4f7a3b59e9114efb4a03.jpg,640,1136,0,2026-08-07
2026-09-11,receita low carb,58898707623375647,57,24,0,Creamy Low Carb Chicken Casserole for Easy Dinners,,,https://i.pinimg.com/originals/16/c4/5b/16c45b7ee73bdf4d296208d7b546a383.png,1000,2100,0,2026-09-04
2026-09-11,receita low carb,753508581458908772,58,4307,0,,,,https://i.pinimg.com/originals/ec/d1/25/ecd125e91c012c9d19edd9d941ceb37d.jpg,736,981,0,2025-06-19
2026-09-11,receita low carb,1117807570044788672,59,16,0,5 receitas Low Carb fáceis e rápidas,,,https://i.pinimg.com/originals/62/42/0a/62420af407f3980b09b93df326286192.png,1024,1536,0,2026-05-18
2026-09-11,receita low carb,10485011674680812,60,49,0,"🥓 Muffins low carb de bacon e espinafre: práticos, saborosos e ricos em proteínas! 🧀💚",,,https://i.pinimg.com/originals/0a/90/ba/0a90ba21e539e6eff534bd408c15992e.jpg,736,920,0,2026-08-28
2026-09-11,receita low carb,6333255724252571,61,63,0,GRATINADO PROTEICO LOW CARB!,,,https://i.pinimg.com/originals/3c/30/b3/3c30b3dcee265a39bc83eddb67369006.jpg,640,1136,1,2025-08-11
2026-09-11,receita low carb,717198309453741062,62,18,0,LOW CARB: Torta de Frango SEM FARINHA que ajuda emagrecer,youtube.com,https://www.youtube.com/watch?v=04ojgjzWxMw,https://i.pinimg.com/originals/74/c1/bd/74c1bdb78106f04accc8989568b9a8ce.jpg,1080,1920,0,2026-05-08
2026-09-11,receita low carb,872924340292980305,63,1142,0,,,,https://i.pinimg.com/originals/4c/03/f1/4c03f119ac5afa43c0bd8c6fa02db017.jpg,736,977,0,2025-08-05
2026-09-11,receita low carb,694609942571372892,64,626,0,,facebook.com,https://www.facebook.com/share/p/1Bzm8vpGCA/,https://i.pinimg.com/originals/a3/05/0c/a3050c8d186296bea762b055bc38a356.jpg,600,900,0,2026-01-06
2026-09-11,receita low carb,6192518233244951,65,799,0,,facebook.com,https://www.facebook.com/share/p/1EUsnc3fP1/,https://i.pinimg.com/originals/f3/bb/b7/f3bbb7cd3a880a0cb9c0c75332335da1.jpg,600,750,0,2026-05-19
2026-09-11,receita low carb,908953137708279293,66,1,0,FACILITE SUA DIETA | Clique no Pin,docs.google.com,https://docs.google.com/document/d/12J-I2V-6H328AK1qMBZMrYRGjVcZonpyCYlcBURzkG8/edit?usp=sharing,https://i.pinimg.com/originals/bc/17/e7/bc17e7626152bbcc19517d92f65bd35b.jpg,1080,1920,0,2024-05-20
2026-09-11,receita low carb,1109222583230302825,67,6128,0,Substitua o jantar com estilo e saúde! 🌿 Essa tortinha leve e nutritiva é perfeita pra quem quer emagrecer comendo bem e sem passar fome. Ingredientes: 3 ovos 150g de brócolis cozido 40g de cenoura ra,,,https://i.pinimg.com/originals/1e/6f/af/1e6fafd2694778668c5dce3f8a94afb8.jpg,720,1280,0,2024-11-25
2026-09-11,receita low carb,1152780835899706701,68,921,0,,,,https://i.pinimg.com/originals/15/c2/af/15c2af9b92859d745a7dc5dd7034b063.jpg,736,1104,0,2026-04-18
2026-09-11,receita low carb,315040936434044874,69,2848,0,nhoque low carb,montaencanta.com.br,https://www.montaencanta.com.br/lado-leve-2/low-carb/nhoque-low-carb/,https://i.pinimg.com/originals/0c/50/b1/0c50b1aa87f2bc9d2fce16d390da18fa.jpg,531,1024,0,2019-02-28
2026-09-11,receita low carb,400679698108668715,70,7,0,15 receitas de torta low carb que vão animar a sua dieta,receiteria.com.br,https://www.receiteria.com.br/receitas-de-torta-low-carb/,https://i.pinimg.com/originals/21/a4/a3/21a4a3e37c8707bb8d86c62bbd36b70b.jpg,345,517,0,2022-04-03
2026-09-11,receita low carb,80079699620666938,71,74,0,Lasanha de Abobrinha Fit | Receita Low Carb Fácil e Cremosa,,,https://i.pinimg.com/originals/99/de/e1/99dee16f65d8382f3314ab9803a4f8b4.png,848,1264,0,2026-08-28
2026-09-11,receita low carb,342344009200318616,72,23,0,Low Carb Dieta e Receitas,facebook.com,https://www.facebook.com/share/p/1Hvtf4scKR/?mibextid=wwXIfr,https://i.pinimg.com/originals/d6/97/ba/d697ba417cba0ffde287a061f517ec38.jpg,600,900,0,2026-08-26
2026-09-11,receita low carb,952652127406966260,73,1075,0,Torta Lowcarb sem farinha,,,https://i.pinimg.com/originals/76/4b/7a/764b7ad7bda0a94244d1a90c9ad98e36.jpg,1080,1920,0,2023-02-19
2026-09-11,receita low carb,492649946648697,74,9239,0,"Panini low carb é delicioso e rapidinho de fazer, basta misturar todos os ingredientes e levar ao micro ondas por 3 minutos em potência alta. Depois é desenformar, rechear e levar para sanduicheira pa",montaencanta.com.br,https://www.montaencanta.com.br/lado-leve-2/low-carb/panini-low-carb/,https://i.pinimg.com/originals/9b/09/e0/9b09e047a9d0d503e65d8fa414b1a9b5.jpg,1140,2200,0,2019-09-05
2026-09-11,receita low carb,317714948737778948,75,16,0,11 Healthy Anti Inflammatory Breakfast Ideas To Start Your Day Right(Quick And Easy) - Thrive With Janie,thrivewithjanie.com,https://thrivewithjanie.com/anti-inflammatory-breakfast-ideas/,https://i.pinimg.com/originals/c8/d4/65/c8d465f54ebed5de3af3c06665f5da88.jpg,576,1024,0,2025-11-24
2026-09-11,marmita fitness,498210777550836798,2,2,0,"Kit de marmitas fitness de 750 ml 🍱✨ Com travas laterais, reutilizáveis e BPA FREE — perfeito para organizar as refeições e deixar a rotina muito mais prática! ID: AMZ-AHH-YBH #Marmitas #MealPrep #Org",instagram.com,https://www.instagram.com/reel/DcMXwSJSP5o/,https://i.pinimg.com/originals/48/37/76/4837765a8cdf31f2944ca600809e83ad.jpg,941,1672,0,2026-08-19
2026-09-11,marmita fitness,750904937889946503,3,411,0,organização fitness,,,https://i.pinimg.com/originals/ea/45/d2/ea45d24124a059dc89c404d65d864fa3.jpg,675,1200,0,2023-03-12
2026-09-11,marmita fitness,1041387113943987597,4,1,0,Kit 10 Pote De Vidro Marmita Hermético 370ml Freezer Fitness Rishon,meli.la,https://meli.la/1FrdR1C,https://i.pinimg.com/originals/18/e2/ae/18e2aec3572f40789bcf18294e8fd1a3.jpg,736,981,0,2026-08-02
2026-09-11,marmita fitness,1147925392567742631,5,3,0,Kit 10 Pote De Vidro,meli.la,https://meli.la/2Qg2em4,https://i.pinimg.com/originals/18/c8/ff/18c8ff6b026c2579c2bf461d2f517538.jpg,1080,1920,0,2026-08-20
2026-09-11,marmita fitness,757519599853236271,6,222,0,Como Fazer Marmita Fit Congelada para Vender - Veja como ganhar dinheiro com essa delicia!,empreendedorasquebrilham.blogspot.com,https://empreendedorasquebrilham.blogspot.com/2021/02/marmita-fit-congelada.html,https://i.pinimg.com/originals/82/9b/65/829b65b37d9e1eb56244600b8d535e2d.jpg,564,846,0,2024-03-25
2026-09-11,marmita fitness,6966574419832888,7,702,0,Aprenda a fazer sua marmita fitness de forma fácil e rápida!!,,,https://i.pinimg.com/originals/38/15/69/3815698408d70b37703107d5a123c5a5.jpg,736,920,0,2024-11-03
2026-09-11,marmita fitness,633387444391899,8,2345,0,,,,https://i.pinimg.com/originals/d8/c6/39/d8c6390e8188fba1de2a40fcd1557210.jpg,2976,3968,0,2026-03-11
2026-09-11,marmita fitness,856598791628595589,9,322,0,,,,https://i.pinimg.com/originals/3d/84/02/3d8402055bc4fc9a085cb2510e86ac92.jpg,736,1103,0,2021-06-26
2026-09-11,marmita fitness,7177680652129765,10,2044,0,#marmitafit #marmitasaudavel #comida #comidasaudavel,,,https://i.pinimg.com/originals/02/d7/90/02d790ec1954117bad1986ec7ff6dcae.jpg,1080,1920,0,2025-08-09
2026-09-11,marmita fitness,2040762329718296,11,177,0,Aggressive Cut Meals | High Protein Recipes for Weight Loss,,,https://i.pinimg.com/originals/9d/04/e8/9d04e8644d0de0f70ceefac8b2f27b41.png,1024,1536,0,2026-08-25
2026-09-11,marmita fitness,ATT0OZaDdG4p7sv8qASU3wnunmrAkaBRgE-u7Bh_oo6AwkzJIFmMOLRKu1tdgZtTA4FHIUtL-yFbgp03pbPxTJQ,12,18,0,"marmita, dieta para emagrecer, refeição saudável, marmita fitness, potes de vidro, cozinha",s.shopee.com.br,https://s.shopee.com.br/5VKQ56Va95?pp=1&channel_type=pinterest,https://i.pinimg.com/originals/4d/2d/76/4d2d7637006a9659239a5d56194cad25.jpg,736,1288,0,2025-08-20
2026-09-11,marmita fitness,162974080261201567,13,11,0,Comida Fit,,,https://i.pinimg.com/originals/43/af/19/43af190ff25906b4138d249955163923.jpg,1080,1920,0,2026-03-23
2026-09-11,marmita fitness,418553359142901565,14,12,0,Curso de Marmitas Fitness: Renda Extra Cozinhando em Casa 🍱,go.hotmart.com,https://go.hotmart.com/D106085027V,https://i.pinimg.com/originals/ee/62/47/ee6247ebaf03f7b18e8a6932da6a2b66.png,1000,1500,0,2026-08-25
2026-09-11,marmita fitness,1145040274137446918,15,1,0,kit de potes para organizar marmitas fitnes.,s.shopee.com.br,https://s.shopee.com.br/BTGpSgCZW?channel_type=pinterest,https://i.pinimg.com/originals/48/be/6f/48be6fb3f7f4d65d96c87635578317e5.png,941,1672,0,2026-08-24
2026-09-11,marmita fitness,1100215384000214635,16,1,0,Kit 20 Potes 500 Ml Transparente Marmita Fitness Bpa Free Reutilizável Tampa Hermética Micro E Freezer Ponte Lar Utilidades,meli.la,https://meli.la/23KgQJV,https://i.pinimg.com/originals/49/ca/b8/49cab87ad0bea17728fa83152cab8628.webp,320,320,0,2026-08-28
2026-09-11,marmita fitness,908953137802340760,17,2,0,Marmitas saudáveis,s.shopee.com.br,https://s.shopee.com.br/B9rd57EO3?channel_type=pinterest,https://i.pinimg.com/originals/fc/e8/fa/fce8fa631b26992368acb8fd39c8868b.jpg,1080,1920,0,2024-07-31
2026-09-11,marmita fitness,847943436138391735,18,9,0,Comida saudável ideias de marmita saudável Fit Fitness almoço saudável e equilibrado marmitas para a semana,,,https://i.pinimg.com/originals/fa/3c/4b/fa3c4bc9b22677336de915db8702cfa5.jpg,3000,4000,0,2026-08-22
2026-09-11,marmita fitness,AYhLDlKuhuOT4GtRS0zbOKIOrjK__0UOPW4PLgZwujaVOQ0ocXWYJ88aHMKEUsLNXf104EJC7A4s-yXhbX8g3no,19,7,0,Kit de Marmitas: Organização e Praticidade para Sua Rotina,s.shopee.com.br,https://s.shopee.com.br/9pXmbOWoKV?pp=1&channel_type=pinterest,https://i.pinimg.com/originals/07/ed/09/07ed0907ea918d9df414ff96e9215812.jpg,736,1288,0,2026-04-21
2026-09-11,marmita fitness,354869645653708468,20,111,0,21 Receitas de Marmita Fitness - Fit Low Carb Saudáveis Para Cardápio Semanal,sabornamesa.com.br,https://www.sabornamesa.com.br/cardapios/marmita-fitness-fit-low-carb-saudaveis-para-cardapio-semanal,https://i.pinimg.com/originals/5a/16/38/5a163859273c60c3e54b0ceaa090e67f.jpg,1000,1500,0,2024-04-02
2026-09-11,marmita fitness,605100899983104233,21,8,0,Quer ter uma alimentação saudável? Invista em marmitas fitness!,shope.ee,https://shope.ee/1VTjJN5OnQ,https://i.pinimg.com/originals/d3/e7/2f/d3e72f4d75139767842e055214d60275.jpg,1000,1500,0,2026-08-08
2026-09-11,marmita fitness,722827808988385473,22,10,0,Frango Grelhado com Legumes para Marmita,receitas.falagalera.com.br,https://receitas.falagalera.com.br/frango-grelhado-legumes-marmita/,https://i.pinimg.com/originals/67/0e/16/670e164f39568f5f437eafc9fb8d5154.jpg,848,1264,0,2026-07-01
2026-09-11,marmita fitness,976225656750428992,23,1,0,Dumpzinho das produções de Agosto! #marmitafit #comidasaudavel #marmitacongelada #alimentaçaosaudavel #sorocaba,instagram.com,https://www.instagram.com/p/DcuRs3wEezw/,https://i.pinimg.com/originals/11/e1/e7/11e1e74d4565d492e38dd459d6da176f.jpg,900,1200,0,2026-09-01
2026-09-11,marmita fitness,1068971661610012319,24,1,0,Mais praticidade e sabor! Coma saudável e emagreça sem neura com nossas marmitas personalizadas!💚,instagram.com,https://www.instagram.com/esp.essencianatural_?igsi=NTJ0aTNuNmJyeTZz&utm_source=qr,https://i.pinimg.com/originals/65/7f/50/657f50c054a5164932140f2b7ebf30b9.jpg,736,1104,0,2026-08-21
2026-09-11,marmita fitness,643381496815786489,25,34,0,Marmitas para Semana: ideias práticas e saudáveis para deixar as refeições prontas e facilitar sua alimentação no trabalho • Healthy Meal Prep | Meal Prep Ideas 🍱💚 Marmitas para a semana: uma estratég,instagram.com,https://www.instagram.com/p/DcOhPGjEUHn/?img_index=7,https://i.pinimg.com/originals/97/f3/33/97f3332afe7640c1382f283874e53ad7.jpg,1080,1439,0,2026-08-19
2026-09-11,marmita fitness,737183032794143807,26,24,0,"A vida aqui é corrida, eu sei. Às vezes a gente almoça no carro, às vezes pega qualquer coisa na rua só pra matar a fome. Mas olha isso: COR, VIDA, NUTRIÇÃO! 🌈💪 Cada marmita dessas foi pensada para te",instagram.com,https://www.instagram.com/p/DOYi5b2jc_U/,https://i.pinimg.com/originals/f9/a4/00/f9a40017c32e240fd281e7a5f88a45fb.jpg,1440,1920,0,2025-09-25
2026-09-11,marmita fitness,991777149206629928,27,8,0,🥗 Saladas vegetarianas com grão-de-bico: marmita sabor irresistível e prática🌿,formulafit.app.br,https://formulafit.app.br/saladas-vegetarianas-com-grao-de-bico-molho-de-ervas-frescas-para-marmita/,https://i.pinimg.com/originals/ed/5e/23/ed5e234a4ac007c08ba1294aa0d205bb.jpg,576,1024,0,2026-03-06
2026-09-11,marmita fitness,577234877285938924,28,7,0,18 Truques de Marmitas que Todo Mundo Quer Copiar,,,https://i.pinimg.com/originals/cf/2c/3e/cf2c3e7e0236f0a05cca2eab15c386e4.webp,1080,1920,0,2026-08-19
2026-09-11,marmita fitness,89860955060154939,29,85,0,Marmitas fit,,,https://i.pinimg.com/originals/95/9d/35/959d354867679a03133d26415265916b.jpg,1080,1920,0,2026-05-26
2026-09-11,marmita fitness,305611524738373288,30,3,0,marmitas da semana,,,https://i.pinimg.com/originals/d8/a0/16/d8a016fca796ad9107fc0d1f54bbe6ca.jpg,2296,4080,0,2026-08-23
2026-09-11,marmita fitness,AfwpKTtj8bkrvSolPA5XnGLdsK5uOMBS4VAbQdYeAnVtx1hXbKeW3mp6rWJTfx3ZLLfZKkprue_gP0Vkl0bw4ko,31,6,0,Receitas Leves Revistas Saúde & Fitness | Marmitas de Verão Criativas,s.shopee.com.br,https://s.shopee.com.br/3LKNzlmfXg?pp=1&channel_type=pinterest,https://i.pinimg.com/originals/37/d9/62/37d96277db05f7b822433079b574d0fe.jpg,736,1104,0,2026-01-26
2026-09-11,marmita fitness,671036413275740641,32,29,0,Marmitas para Semana: ideias práticas e saudáveis para deixar as refeições prontas e facilitar sua alimentação no trabalho • Healthy Meal Prep | Meal Prep Ideas 🍱💚 Marmitas para a semana: uma estratég,instagram.com,https://www.instagram.com/p/DcOhPGjEUHn/?img_index=8,https://i.pinimg.com/originals/d9/49/1b/d9491b6cb96736204909a8df643e034f.jpg,1080,1439,0,2026-08-20
2026-09-11,marmita fitness,972214638324692287,33,391,0,marmitas fit,,,https://i.pinimg.com/originals/60/cf/3e/60cf3e306eb5ce85f635c33bc6a41321.png,1024,1536,0,2026-03-16
2026-09-11,marmita fitness,AbKadQXLX7JWkv60gwUtNlTV3rvQ_Eq9_D2Fh2t7ku13PgKCo7dA5StO8zDaxJ-MxeAbqgRYMX0ytygcC_TXE1g,34,3,0,🍱✨ Marmita 1200ml com Divisória + Talheres – Praticidade Total!,s.shopee.com.br,https://s.shopee.com.br/4fs5wGDH5x?pp=1&channel_type=pinterest,https://i.pinimg.com/originals/d1/38/2b/d1382b475ebc8c7e0d89eb6ffcbbc5eb.jpg,768,1408,0,2026-08-16
2026-09-11,marmita fitness,AUCSPNEr6zlFdXI5lC_0JPWeS08LwqT8PWyMboxVMzg9qYyWMTaboanGUTNkGEhl80qcAKBibCArZAFRo6EK7mQ,35,5,0,Camisão Vestido Feminino Dry Fit Esportivo 🌟🏃‍♀️,s.shopee.com.br,https://s.shopee.com.br/134ipqxeG?pp=1&channel_type=pinterest,https://i.pinimg.com/originals/49/6b/6f/496b6f484b6be6de20cb33eb9ad8504d.jpg,736,981,0,2025-12-29
2026-09-11,marmita fitness,705657835381429110,36,1745,0,"Vera Senerine/ marmitas saudáveis congeladas on Instagram: ""Uma obra de arte 🥰. Essa marmita ficou linda de bonita e muito saborosa 😋 Aqui temos cubos de frango cremoso, batata doce assada e mix de br",instagram.com,https://www.instagram.com/p/CoD48JipDaW/?igshid=NTU1Mzc3ZGM=,https://i.pinimg.com/originals/98/07/d0/9807d0ba2c6e6bca24f625273b2b0eb3.jpg,511,640,0,2023-02-16
2026-09-11,marmita fitness,814166438935079249,37,6,0,Chicken Quinoa Power Bowl Meal Prep Idea,,,https://i.pinimg.com/originals/79/c7/ba/79c7bac80ab636f72afd841d2c3eb4c5.webp,1024,1536,0,2026-08-29
2026-09-11,marmita fitness,589619776247676193,38,6,0,,,,https://i.pinimg.com/originals/1b/e7/90/1be790e3d1cb69391f20304890d7c0b0.jpg,800,1200,0,2024-07-07
2026-09-11,marmita fitness,798755683958761938,39,3820,0,Marmitas saudáveis para a semana,,,https://i.pinimg.com/originals/eb/1d/47/eb1d477926bc982464478c046e208623.png,864,1728,0,2026-05-10
2026-09-11,marmita fitness,1115555770225961062,40,1,0,Receitas fitness para o seu dia a dia,go.hotmart.com,https://go.hotmart.com/O106607253T,https://i.pinimg.com/originals/80/e3/d4/80e3d4319af0370562a7f90a566a7241.jpg,1080,1920,0,2026-07-05
2026-09-11,marmita fitness,588493876353224668,41,3,0,Marmita fit barata,go.hotmart.com,https://go.hotmart.com/D107274938C,https://i.pinimg.com/originals/73/fc/ca/73fccaeeb127a4dfe24587848f0ef36c.jpg,1280,1920,0,2026-08-24
2026-09-11,marmita fitness,773352567310985632,42,3,0,Marmita fit,,,https://i.pinimg.com/originals/3c/d1/66/3cd166b5b10006dfc592d781ec6fce59.png,1264,1264,0,2026-08-17
2026-09-11,marmita fitness,118712140174607824,43,34,0,🔴 40 Receitas de Marmita Fitness para uma Refeição Saudável e Prática,,,https://i.pinimg.com/originals/42/4a/17/424a17e6fd8ab964e160b08a2a7840f9.jpg,1080,1350,0,2025-07-11
2026-09-11,marmita fitness,739997782568938302,44,1,0,Marmita Fitness de Lasanha de Abobrinha,,,https://i.pinimg.com/originals/c7/78/ef/c778ef2a64bf0013cfde939f1ecf40da.png,1000,1500,0,2026-06-05
2026-09-11,marmita fitness,928234173189569878,45,2891,0,Curso de Preparação de Marmita Fit 100% Online.,linktr.ee,https://linktr.ee/marmitasfit.mark,https://i.pinimg.com/originals/a0/a8/84/a0a8846515c6adfd7e49c88564823db3.jpg,800,1200,0,2024-07-17
2026-09-11,marmita fitness,140806234349693,46,2742,0,,,,https://i.pinimg.com/originals/6d/78/22/6d7822c31f3c0bc6e313e2ea5a4bfeac.jpg,736,1104,0,2025-08-27
2026-09-11,marmita fitness,77616793575710528,48,26,0,Aprenda a fazer Marmita Fit Congelada,vivabemavida.com,https://vivabemavida.com/marmita-fit-congelada/,https://i.pinimg.com/originals/2f/5e/38/2f5e3868cb6890e4f8773328e5873288.jpg,564,846,0,2026-04-19
2026-09-11,marmita fitness,340514421844096808,51,20,0,,,,https://i.pinimg.com/originals/a9/a0/25/a9a02580f21486b688b30adf5b546fd6.jpg,1080,1920,0,2024-12-19
2026-09-11,marmita fitness,831688256205907617,52,1310,0,👩🏼‍🍳Vão ficar fora dessa?👩🏼‍🍳 Corra aprender a deixar sua marmita coloridinha assim😍,,,https://i.pinimg.com/originals/a8/3d/77/a83d77fbc0004f8ab215db3e6be4eda0.jpg,1080,1920,0,2023-02-07
2026-09-11,marmita fitness,629237379227558863,53,310,0,"divas no cutting com comida gostosa!!!! pq aqui não queremos um projeto verão, e sim um estilo de vida! 🫴🏻 #cutting #dieta",instagram.com,https://www.instagram.com/p/DQCC3fUjh31/?img_index=15,https://i.pinimg.com/originals/e4/10/ab/e410abeb060672c9f78636550d7d643e.jpg,1440,1920,0,2025-10-20
2026-09-11,marmita fitness,2040762329120348,54,483,0,,,,https://i.pinimg.com/originals/f1/6a/02/f16a02956ebb099ea55fd267466c0f24.jpg,736,919,0,2026-01-10
2026-09-11,marmita fitness,Ab0fHyENKsG0VjkSwAHbzPnpVcizeeIVgaLxpTLezEjjHOxzJwJW20ZhReyRf-MG7ZLQmpUe27peSGoCRJ0m9R4,55,19,0,🍱🔥 Kit 24 Marmitas para Sua Rotina Sem Stress!,s.shopee.com.br,https://s.shopee.com.br/5AoZghXZEm?pp=1&channel_type=pinterest,https://i.pinimg.com/originals/12/29/f4/1229f4df7d844ef7d966603d0eb4d377.jpg,816,1456,0,2026-04-18
2026-09-11,marmita fitness,625015254581412752,56,230,0,"🍱 Marmitas Fitness: aprenda a montar marmitas saudáveis, baratas e fáceis para a semana inteira — perfeitas para quem quer praticidade, alimentação saudável e manter o foco no emagrecimento sem perder",instagram.com,https://www.instagram.com/p/DV4Cik0GpH6/?img_index=2,https://i.pinimg.com/originals/5f/51/16/5f5116168d573662dee8656db4597ff6.jpg,1080,1440,0,2026-08-05
2026-09-11,marmita fitness,847943436138391744,57,8,0,Comida saudável ideias de marmita saudável Fit Fitness almoço saudável e equilibrado marmitas para a semana,,,https://i.pinimg.com/originals/f7/d8/d2/f7d8d28ae99ae758e4188ca08410272f.jpg,3000,4000,0,2026-08-22
2026-09-11,marmita fitness,54746951715059055,58,64,0,"Rotina corrida, mas com escolhas que fazem bem. 🤍 As marmitas da @marmitasmarmitay entraram no meu dia a dia pela praticidade, pelo equilíbrio e pelo sabor de comida feita com cuidado. É sobre se alim",instagram.com,https://www.instagram.com/p/DT2edkllaNa/,https://i.pinimg.com/originals/0c/83/0a/0c830a783d4ca67fd4aaddb5b006c9c2.jpg,1440,1920,0,2026-02-24
2026-09-11,marmita fitness,1085015735255287726,59,1,0,,,,https://i.pinimg.com/originals/ac/d6/d6/acd6d64e256b884104143ab91c543d86.png,1254,1254,0,2026-08-20
2026-09-11,marmita fitness,AQV1fmF2JMitGZ7I8riivmXRMJPAB8CyF4W2myqlVi2m-9Yp7xWMdfIHDvf-5qXBSHdrpJeCPj6jdDtRKAL_4SY,60,2,0,Kit Pote Retangular Com Tampa Plastico Marmitinha Fit para receitas,s.shopee.com.br,https://s.shopee.com.br/8zyZ3gnZk4?pp=1&channel_type=pinterest,https://i.pinimg.com/originals/14/da/06/14da063674fde888995b67e8999affa6.jpg,736,981,0,2026-03-17
2026-09-11,marmita fitness,218635756907239737,61,35,0,Como economizar no mercado e comer bem todos os dias 🛒,carolcarlosfit.com.br,https://carolcarlosfit.com.br/curso-marmita-fit-congelada,https://i.pinimg.com/originals/21/30/eb/2130ebe0ae5cf4ed40e602453d7c8e48.jpg,735,913,0,2026-05-25
2026-09-11,marmita fitness,460563499405506936,62,2997,0,Marmitas congeladas saudáveis.,,,https://i.pinimg.com/originals/a0/45/19/a045190e6b577f829fc13d5d152630e1.jpg,900,1200,0,2023-01-21
2026-09-11,marmita fitness,315322411434178840,63,757,0,,,,https://i.pinimg.com/originals/52/70/11/52701143aef5c31b0e9c83f1258b2411.jpg,1024,1024,0,2026-03-11
2026-09-11,marmita fitness,214202526016239448,64,4351,0,,,,https://i.pinimg.com/originals/52/68/07/52680707ab0ba289b1860f05a5668b6e.jpg,736,1103,0,2020-10-07
2026-09-11,marmita fitness,630363279115920540,65,476,0,Marmitas fitnes,,,https://i.pinimg.com/originals/a9/9f/e2/a99fe2758caf47cb721aaeda07a7d82b.jpg,1134,2016,0,2023-04-17
2026-09-11,marmita fitness,155726099611898499,66,16,0,🍱 Grilled Chicken Meal Prep Boxes,,,https://i.pinimg.com/originals/0a/cf/aa/0acfaa40472fd2688bc21af981d44589.jpg,768,1365,0,2026-08-30
2026-09-11,marmita fitness,70368812924964392,67,240,0,marmitas fitness 🫶🏻 #fitness,,,https://i.pinimg.com/originals/20/4e/65/204e6530364784c8a14ec1c04ab5fa81.jpg,1224,1632,0,2026-07-11
2026-09-11,marmita fitness,69876231728995006,68,244,0,,,,https://i.pinimg.com/originals/90/eb/d1/90ebd12dd72f02bd73a2de26b9eb70b3.jpg,900,1200,0,2026-05-08
2026-09-11,marmita fitness,225320787611682885,69,10,0,,,,https://i.pinimg.com/originals/ac/0d/4d/ac0d4d7217cb2a9c88b98b383fe53d79.jpg,675,1200,0,2025-12-15
2026-09-11,marmita fitness,43558321392767562,70,12,0,,,,https://i.pinimg.com/originals/61/b8/6f/61b86fac3dfc0559a408eea6e1d56653.jpg,1125,2000,0,2026-09-05
2026-09-11,marmita fitness,847943436138391751,71,14,0,Comida saudável ideias de marmita saudável Fit Fitness almoço saudável e equilibrado marmitas para a semana,,,https://i.pinimg.com/originals/04/61/37/046137571fab1d38cfaa042e98a38ee8.jpg,3000,4000,0,2026-08-22
2026-09-11,marmita fitness,431571576817604083,72,9,0,"🥗 Dicas práticas de saúde para melhorar sua qualidade de vida. Para uma vida fitness. 👉 Curso de Marmitas Fitness - Você aprenderá com aulas gravadas, tudo o que precisa saber para criar marmitas fitn",linkbio.co,https://linkbio.co/Suajornadafitness,https://i.pinimg.com/originals/13/37/42/133742deda7834885d89d22240e8b8c7.jpg,1440,1440,0,2026-08-05
2026-09-11,marmita fitness,4605915887934722112,73,0,0,Marmita Fitness - Frango Grelhado,benaturalfoods.com.br,https://benaturalfoods.com.br/produtos/marmita-frango-grelhado/,https://i.pinimg.com/originals/0b/3c/ff/0b3cffb597e658b354912855a8606419.webp,1024,1366,0,2026-09-01
2026-09-11,marmita fitness,29625310047666561,74,289,0,,,,https://i.pinimg.com/originals/ec/1a/a3/ec1aa36dac2b3f3b037707479b9213b3.jpg,1080,1920,0,2026-06-23
2026-09-11,marmita fitness,900860731750890374,75,1,0,Renda Extra com Marmitas (Mesmo Sem Experiência),carolcarlosfit.com.br,https://carolcarlosfit.com.br/curso-marmita-fit-congelada-oferta,https://i.pinimg.com/originals/12/64/0e/12640eec1f292b87a2225098506e8c15.jpg,400,600,0,2026-03-26
2026-09-11,receita barata para o mes,4785143352512401,2,1404,0,30 IDEIAS DE ALMOÇO,,,https://i.pinimg.com/originals/66/6f/85/666f855c30d67498e0b8fd3b0065b03e.png,1024,1536,0,2026-08-01
2026-09-11,receita barata para o mes,573997915008391544,3,213,0,"17 receitas rápidas, fáceis e baratas para uma refeição | Receitas",anamariabraga.globo.com,https://anamariabraga.globo.com/materia/receitas-faceis-rapidas-e-baratas-para-quem-mora-sozinho/?utm_source=pinterest&utm_medium=social&utm_campaign=receita&utm_term=receitas-faceis-rapidas-e-baratas-para-quem-mora-sozinho&utm_content=ana-junho,https://i.pinimg.com/originals/7a/93/5f/7a935f355f355f9dbe0751b94a0df692.jpg,289,434,0,2019-06-27
2026-09-11,receita barata para o mes,1970393584670057,4,1489,0,,,,https://i.pinimg.com/originals/c5/e3/e1/c5e3e1d262b8eb9b0c2fa1bf23cea05c.jpg,1080,1920,0,2026-08-28
2026-09-11,receita barata para o mes,625015254581412752,5,230,0,"🍱 Marmitas Fitness: aprenda a montar marmitas saudáveis, baratas e fáceis para a semana inteira — perfeitas para quem quer praticidade, alimentação saudável e manter o foco no emagrecimento sem perder",instagram.com,https://www.instagram.com/p/DV4Cik0GpH6/?img_index=2,https://i.pinimg.com/originals/5f/51/16/5f5116168d573662dee8656db4597ff6.jpg,1080,1440,0,2026-08-05
2026-09-11,receita barata para o mes,1010002653985691678,6,77,0,"🍱 Marmitas Fitness: aprenda a montar marmitas saudáveis, baratas e fáceis para a semana inteira — perfeitas para quem quer praticidade, alimentação saudável e manter o foco no emagrecimento sem perder",instagram.com,https://www.instagram.com/p/DV4Cik0GpH6/?img_index=4,https://i.pinimg.com/originals/72/09/f1/7209f1a89ca1a9b43d936dd41583816d.jpg,1080,1440,0,2026-08-05
2026-09-11,receita barata para o mes,1055599909530709,7,4768,0,Almoço Semanal,,,https://i.pinimg.com/originals/1f/54/d2/1f54d2dadc04c7c99b16c9c0e77b3914.png,1024,1536,0,2026-06-25
2026-09-11,receita barata para o mes,5488830792163813,8,988,0,"Sabia que temos vários eBooks de receitas incríveis? 📚 Desde massas, sobremesas até opções práticas para o dia a dia, tudo para facilitar sua vida na cozinha e deixar suas refeições ainda mais delicio",instagram.com,https://www.instagram.com/reel/DHCfZgiTl6e/,https://i.pinimg.com/originals/b4/a9/e6/b4a9e6aa7525496ef955d897ed001c78.jpg,720,1280,0,2025-05-11
2026-09-11,receita barata para o mes,622130136014419331,9,62,0,20 Pratos Baratos e Nutritivos para Economizar! - Manga com Pimenta,mangacompimenta.com,https://mangacompimenta.com/2020/03/18/pratos-baratos-e-nutritivos/,https://i.pinimg.com/originals/0f/db/cb/0fdbcb954964350aa74f83a5ad21b102.jpg,236,542,0,2020-04-23
2026-09-11,receita barata para o mes,841680617898688677,10,47,0,Simplifica,facebook.com,https://www.facebook.com/story.php?story_fbid=122162336744516043&id=61565481306807,https://i.pinimg.com/originals/58/6c/c1/586cc19cdcee2f3b2d3c6401064b354a.jpg,600,750,0,2025-08-09
2026-09-11,receita barata para o mes,700380179593537515,11,1824,0,Emagreça de Vez com Esse Cardápio Simples e Barato 🥗🔥,,,https://i.pinimg.com/originals/0f/82/47/0f824799d960d00de730ad855aadb660.png,1024,1536,0,2026-04-22
2026-09-11,receita barata para o mes,1147995761289739093,12,4,0,Seu corpo não muda por esforço… muda quando você faz do jeito certo. Treino e alimentação andam juntos.,,,https://i.pinimg.com/originals/d8/53/29/d853295bc1c3021fab0ff6a09555764a.jpg,736,920,0,2026-07-06
2026-09-11,receita barata para o mes,9077636745794746,13,458,0,"🍚 Cardápio Alimentar Sem Arroz: ideias de refeições saudáveis, práticas e equilibradas para variar o dia a dia sem abrir mão do sabor e da alimentação saudável! 🥗✨ Procurando um cardápio alimentar sem",instagram.com,https://www.instagram.com/p/DbI5ctqlgM0/?img_index=6,https://i.pinimg.com/originals/0b/57/02/0b57022ba18baab56917e551d5ad7c3f.jpg,1080,1344,0,2026-08-29
2026-09-11,receita barata para o mes,AbPYqtk4yZsmtc-30BvZmJcL4tnc2zB0OcJ-zVEELf3TVrWHLSZUa-t1DUtp71L6gsdHrEP1GWUSDvFaDrRZcYc,14,4402,0,Lancheira Marmita 1L Para Dieta e Rotina Saudável 🍱,s.shopee.com.br,https://s.shopee.com.br/7AYVs1uScQ?pp=1&channel_type=pinterest,https://i.pinimg.com/originals/5d/56/40/5d5640d797bb3c5f96b283c8fd25d5b3.jpg,736,1308,0,2026-05-11
2026-09-11,receita barata para o mes,813814595170573486,15,4,0,"20 Receitas De Comidas Rápidas, Fáceis e Baratas que facilitam o seu dia",sabornamesa.com.br,https://www.sabornamesa.com.br/cardapios/receitas-de-comidas-rapidas-faceis-baratas-e-simples,https://i.pinimg.com/originals/bd/e5/a0/bde5a0b2c882f8727c46c75710d31f05.jpg,1000,1500,0,2021-08-24
2026-09-11,receita barata para o mes,844493676988560,16,1803,0,"🍚 Cardápio Alimentar Sem Arroz: ideias de refeições saudáveis, práticas e equilibradas para variar o dia a dia sem abrir mão do sabor e da alimentação saudável! 🥗✨ Procurando um cardápio alimentar sem",instagram.com,https://www.instagram.com/p/DbI5ctqlgM0/,https://i.pinimg.com/originals/2b/3f/0c/2b3f0ca1d6b489ea073dfe94d361ec67.jpg,1080,1344,0,2026-08-23
2026-09-11,receita barata para o mes,621707923539827542,17,14,0,10 sobremesas fáceis e baratas para fazer no fim do mês!,daninoce.com.br,https://www.daninoce.com.br/gastronomia/pequenos-prazeres/10-sobremesas-faceis-e-baratas-para-fazer-no-fim-do-mes/,https://i.pinimg.com/originals/50/15/9e/50159e71a558767110f847ddb7139d68.jpg,1125,1687,0,2019-04-13
2026-09-11,receita barata para o mes,3096293491571505,18,9167,0,frango com creme de milho * INGREDIENTES: 1kg de peito de frango Sal e pimenta do reino 1 1/2 lata de milho 200g de creme de leite 1 xícara de leite 2 dentes de alho Queijo mussarela Batata Palha,,,https://i.pinimg.com/originals/3f/77/ac/3f77acbd2ab3bf351840f39980e45884.jpg,1080,1920,1,2026-02-13
2026-09-11,receita barata para o mes,8866530512654444,19,699,0,Power Salad,,,https://i.pinimg.com/originals/c2/53/c4/c253c48d53bd3a812f8f33613f8671e0.jpg,720,1280,0,2026-08-25
2026-09-11,receita barata para o mes,883057439475573908,20,632,0,"Sugestões de Pratos Saudáveis: 5 ideias simples e equilibradas para quem quer emagrecer, melhorar a alimentação saudável e manter a constância sem dietas restritivas 🍽️✨ SUGESTÕES DE PRATOS SAUDÁVEIS ",instagram.com,https://www.instagram.com/p/DZoE7mEmrJz/,https://i.pinimg.com/originals/00/02/ce/0002cefec729827d025b90a6d200e221.jpg,1080,1350,0,2026-07-15
2026-09-11,receita barata para o mes,78742693482312424,21,300,0,"🍽️📚 Cardápios Saudáveis para a Semana Inteira: ideias práticas de refeições para facilitar a alimentação saudável, economizar tempo e manter uma rotina equilibrada • Weekly Healthy Meal Plan | Healthy",instagram.com,https://www.instagram.com/p/DblTvgAkbes/?img_index=3,https://i.pinimg.com/originals/51/2e/b2/512eb2a981771ce158239c8cd1a1b342.jpg,1080,1340,0,2026-08-28
2026-09-11,receita barata para o mes,222576406581206500,22,74,0,"Quer construir músculo de verdade? Então não é só treinar — é comer certo todos os dias. 💪 Para crescer, seu corpo precisa de: 🥩 Proteínas — frango, ovos, carne, peixe, iogurte, feijão 🍚 Carboidratos ",instagram.com,https://www.instagram.com/p/DUyj_RDkSVt/?img_index=5,https://i.pinimg.com/originals/e5/78/7b/e5787b29234a056601bd80ec415c9865.jpg,1080,1440,0,2026-03-29
2026-09-11,receita barata para o mes,1125968743589416,23,2422,0,Como economizar tempo e dinheiro na cozinha: Almoço Saudável 🥗,,,https://i.pinimg.com/originals/a8/b3/92/a8b392cef573b908cbcb3209e3c137d4.jpg,720,1280,0,2026-04-20
2026-09-11,receita barata para o mes,1116400195111298040,24,4525,0,,,,https://i.pinimg.com/originals/86/92/c8/8692c803ee818a838470988e72bb59c3.jpg,1200,2133,0,2023-07-26
2026-09-11,receita barata para o mes,9007268002799864,25,825,0,Maionese protéica,,,https://i.pinimg.com/originals/a7/ca/38/a7ca38c6f656e4fa8a8f47211f5c41b1.jpg,1080,1920,0,2026-02-25
2026-09-11,receita barata para o mes,899242250610706999,26,5,0,10 Refeições Práticas para Dias corridos,cozinharesaborear.com,https://cozinharesaborear.com/10-receitas-rapidas-para-jantar-simples/,https://i.pinimg.com/originals/39/6e/32/396e328e31a3b92989e129978bee4b9c.png,1000,1500,0,2025-09-14
2026-09-11,receita barata para o mes,935693260059149667,27,395,0,Frango cremoso com brócolis 🥦 Fica uma delícia e é super fácil de fazer!,,,https://i.pinimg.com/originals/d8/3a/87/d83a874ad4a4bbcc0af28d03e828c137.jpg,1080,1920,0,2023-01-11
2026-09-11,receita barata para o mes,2111131073850010,28,5674,0,,,,https://i.pinimg.com/originals/12/8e/88/128e88ebf9198067482caa5b39567bd1.jpg,1024,1536,0,2026-06-06
2026-09-11,receita barata para o mes,9992430419178351,29,1909,0,,,,https://i.pinimg.com/originals/a5/16/57/a5165748a6379861a84c1bbd88ec4f67.jpg,506,1251,0,2026-05-31
2026-09-11,receita barata para o mes,607634174775342526,30,1,0,30 Cheap Family Dinners Under $10 Everyone Will Love,moneybliss.org,https://moneybliss.org/?p=108436,https://i.pinimg.com/originals/50/19/d4/5019d4ab18c11b9514cf134396518d0a.png,2000,3556,0,2026-09-05
2026-09-11,receita barata para o mes,191825265375232480,31,14,0,Escondidinho de Salsicha: uma receita simples que conquista qualquer família ❤️,drive.google.com,https://drive.google.com/file/d/1PUqhJofipJXbmsDATP0Bl00Z0q36vPn6/view?usp=sharing,https://i.pinimg.com/originals/f0/e9/20/f0e920fc94c7795f999c9e9a744a4e10.png,1024,1536,0,2026-08-09
2026-09-11,receita barata para o mes,1044694444794291301,32,28785,0,SALGADINHO DE FRANGO,,,https://i.pinimg.com/originals/19/bc/77/19bc7724a552991b6eda8b200aa9971d.jpg,1080,1920,0,2023-07-28
2026-09-11,receita barata para o mes,633387443924848,33,10810,0,Marmitas da semana,,,https://i.pinimg.com/originals/04/53/99/0453997c08ca6b30f805231c8e37a354.png,1080,1920,0,2025-09-22
2026-09-11,receita barata para o mes,703756189233448,34,1602,0,Instagram,instagram.com,https://www.instagram.com/corpo.emforma3/p/DUK8bMMAu8N/,https://i.pinimg.com/originals/7a/83/d7/7a83d744a5f97d28713e3cd2f187b615.webp,810,1080,0,2026-04-08
2026-09-11,receita barata para o mes,730005420893505237,35,9,0,Com 2 peitos de frango e algumas batatas fiz uma refeição completa,receitason.com,https://receitason.com/jantar-barato-o-que-fazer-com-2-peitos-de-frango-e-batata/,https://i.pinimg.com/originals/1a/b9/c9/1ab9c9b18536473e9433dab38939684f.png,1024,1536,0,2026-07-12
2026-09-11,receita barata para o mes,883057439476019649,36,361,0,"🍝 Salada de Macarrão: a receita fácil, saudável e refrescante que transforma seu almoço ou jantar em uma refeição completa, leve e cheia de sabor! 🥗✨ Se você procura uma salada de macarrão prática, sa",instagram.com,https://www.instagram.com/p/DbQ5kD3Gkbf/,https://i.pinimg.com/originals/1d/30/3f/1d303ff413cb616eb4ca9fbe54b3869e.jpg,1080,1340,0,2026-07-29
2026-09-11,receita barata para o mes,2322237303317731,37,609,0,,,,https://i.pinimg.com/originals/52/69/8e/52698e108a1411d3f8438cd14ed97967.jpg,720,1429,0,2026-04-20
2026-09-11,receita barata para o mes,946881890443254788,38,1,0,30 Receitas Econômicas e Fáceis Para o Dia a Dia,pay.kiwify.com.br,https://pay.kiwify.com.br/MHGHE5c,https://i.pinimg.com/originals/a2/9e/5b/a29e5bff55a0a68d74cdd7fc428477ac.png,1024,1536,0,2026-08-25
2026-09-11,receita barata para o mes,941252390871903030,39,7551,0,Descubra o prazer de cozinhar com receitas saudáveis! 🥗✨,,,https://i.pinimg.com/originals/ac/d9/e0/acd9e047974e74610ef8c2cf2ae25c68.jpg,612,1088,1,2024-12-07
2026-09-11,receita barata para o mes,613334043049094024,40,1,0,🥗 Dieta Barata para Emagrecer: O Que Comer Hoje,,,https://i.pinimg.com/originals/f8/6e/3a/f86e3aa8a320ab60f0eda5948ffd4622.png,1024,1536,0,2026-09-03
2026-09-11,receita barata para o mes,5629568280803610,41,2007,0,,,,https://i.pinimg.com/originals/09/04/66/09046693ff711369aaf42f8f79255d93.jpg,1055,1491,0,2026-09-04
2026-09-11,receita barata para o mes,899242250622166362,42,1,0,Receitas Fáceis e económicas para Junho,cozinharesaborear.com,https://cozinharesaborear.com/ementa-semanal-junho-2026/,https://i.pinimg.com/originals/e4/f0/d0/e4f0d06ab744f86f5303a3ba446925ad.png,1000,1500,0,2026-07-22
2026-09-11,receita barata para o mes,1071927148790814574,43,1361,0,MUITO MAIS DO QUE BATATAS,,,https://i.pinimg.com/originals/b9/9d/1c/b99d1c03860432a306a80ad98ddb4b7d.jpg,576,1024,0,2023-02-12
2026-09-11,receita barata para o mes,14144186327090525,44,508,0,,,,https://i.pinimg.com/originals/ef/62/56/ef6256f4530c2c24032d5e0a754f4b95.jpg,736,1104,0,2026-08-23
2026-09-11,receita barata para o mes,7318418141918454,45,823,0,"🥦🥕 TORTA DE LEGUMES PROTEICA – Simples, saudável e deliciosa! 🥦🥕 Que tal uma opção nutritiva e super fácil para o seu dia a dia? Essa torta de legumes proteica é perfeita para manter a dieta equilibra",instagram.com,https://www.instagram.com/reel/DHE-9ZHMzI1/,https://i.pinimg.com/originals/15/32/01/1532018d879f3bd2b8e088538b5e19ba.jpg,640,1136,1,2026-03-06
2026-09-11,receita barata para o mes,69805862969944524,47,84,0,"🍚 Arroz de forno fit Cremoso, leve e cheio de sabor! Uma receita prática para aproveitar o arroz já cozido e transformar em uma refeição deliciosa para o almoço ou jantar. Ingredientes: • 2 xícaras de",instagram.com,https://www.instagram.com/p/DaC4Kf_DwJe/,https://i.pinimg.com/originals/29/22/43/29224353a83b82254e9fb6ce12cc5d69.jpg,1122,1402,0,2026-07-05
2026-09-11,receita barata para o mes,3448137210899213,51,893,0,🥗 Salada Cremosa de Repolho Simples e Irresistível!,medium.com,https://medium.com/@caminhocomisa,https://i.pinimg.com/originals/c9/c0/a4/c9c0a43e8ade0ecca09b3aea8391b40c.png,1080,1920,0,2026-05-23
2026-09-11,receita barata para o mes,1970393584670099,52,346,0,,,,https://i.pinimg.com/originals/ca/66/c2/ca66c2e42d9366deedd022d2a0e5a46e.jpg,1080,1920,0,2026-08-28
2026-09-11,receita barata para o mes,843439836515585935,53,386,0,Opção de Almoço / Jantar saudável - não erre mas !,,,https://i.pinimg.com/originals/20/18/50/201850287236396fa685d1d1200b5ce6.jpg,1200,1443,0,2025-04-16
2026-09-11,receita barata para o mes,664281013831178230,54,316,0,PANQUECA DE 4 INGREDIENTES: A RECEITA MAIS BARATA E FÁCIL DO MUNDO! 😱 Acabou o mês e a despensa está vazia? Hoje eu vou te ensinar o segredo da Massa de Panqueca Simples que leva apenas 4 itens básico,instagram.com,https://www.instagram.com/p/DWrtmM2k9Hu/,https://i.pinimg.com/originals/e8/0f/d5/e80fd52ec17bd6868afe728dc3d4addb.jpg,1024,1024,0,2026-05-22
2026-09-11,receita barata para o mes,348184614964408129,55,21,0,Jantar pronto em 10 minutos,,,https://i.pinimg.com/originals/57/8d/4c/578d4c28f562d0454c1938cb22c1089f.png,1024,1536,0,2026-07-29
2026-09-11,receita barata para o mes,591449363586297838,56,155,0,Salada de macarrão,,,https://i.pinimg.com/originals/6b/4b/7a/6b4b7a1fe63a0be45f6619e0634ca146.jpg,375,666,0,2023-04-19
2026-09-11,receita barata para o mes,20266267069701582,57,356,0,Frango Xadrez Fácil e Saboroso! Gerado Por IA✨️,,,https://i.pinimg.com/originals/de/eb/ee/deebee079d33d8beb44471779d637d37.jpg,1080,1567,0,2026-08-16
2026-09-11,receita barata para o mes,883057439475073688,58,113,0,"👉 Plano alimentar: como montar refeições simples, saudáveis e deliciosas para emagrecer e ter mais energia no dia a dia! A semana começa aqui, um planejamento adequado é a chave 🔑 🚀 Para hoje tivemos:",instagram.com,https://www.instagram.com/p/DPLnADlDnVD/,https://i.pinimg.com/originals/b6/26/d1/b626d1b1b02fb8d12d2ca2b1a05de8db.jpg,1080,1350,0,2026-06-30
2026-09-11,receita barata para o mes,941252390874407793,59,390,0,Que receita saudável devo fazer hoje? essa parasse boa!,instagram.com,https://www.instagram.com/reel/DF2KRIGPPk3/,https://i.pinimg.com/originals/cd/f3/d7/cdf3d73a20c243b81f565d69b4a2b065.jpg,720,1280,1,2025-02-11
2026-09-11,receita barata para o mes,Ad1Q7FMv-F574mseVs8-56CPlPb_j5pFXmwynZVeG39C-fLEzZl9PIuGnJga5jxcutV-MWqeJTAFBY1xZgrQpzA,60,178,0,Receitas Fáceis\ receitas gostosas\ receitas fit\ lista de ingredientes\ culinária nutritiva,s.shopee.com.br,https://s.shopee.com.br/6fZT1pb4Hv?pp=1&channel_type=pinterest,https://i.pinimg.com/originals/31/05/80/310580a8dbd9138ccdebb9b7d6bbd162.jpg,736,1104,0,2025-12-08
2026-09-11,receita barata para o mes,1061934787133749110,61,988,0,"Torta de legumes, pra vc fazer no jantar. 🚨 descubra com emagrecer com saúde, e perder até 5 kg em 1 semana. Link na bio. #alimentacao#emagrecer#detox #magra#saude#dieta#menteesaude",instagram.com,https://www.instagram.com/reel/DE0W-hQSUOe/,https://i.pinimg.com/originals/7b/dc/dc/7bdcdc5de6df1eeb78c222786a88e863.jpg,640,1136,1,2025-01-15
2026-09-11,receita barata para o mes,621074604904046580,62,1,0,DELICIA Fácil e Barata para EMAGRECER,search.app,https://search.app/YfvgJ,https://i.pinimg.com/originals/bb/44/74/bb4474d32e117ed7926babbc526b0f34.jpg,405,720,0,2025-10-23
2026-09-11,receita barata para o mes,12033124000520937,63,867,0,Brigadeirodoano,facebook.com,https://www.facebook.com/share/1AjzDvVUWE/,https://i.pinimg.com/originals/fe/d7/24/fed7243f8cdb90b6fc7bc074d9c3adbf.jpg,600,900,0,2026-06-30
2026-09-11,receita barata para o mes,700380179593558338,64,278,0,Cardápio Simples para Emagrecer Sem Sofrer 🥗🔥,,,https://i.pinimg.com/originals/11/d4/99/11d4999aef0ba934463d84c4a6fe8ec7.png,1024,1536,0,2026-04-23
2026-09-11,receita barata para o mes,651473902397458689,65,137,0,"@receitas.dobebe ❄️ 6 RECEITAS PARA CONGELAR e não precisar cozinhar do zero todo dia! 👶💛 Tem dia que preparar cada refeição na hora simplesmente não cabe na rotina. Por isso, deixar algumas preparaçõ",instagram.com,https://www.instagram.com/p/DcOZLhmEXYN/,https://i.pinimg.com/originals/8c/30/74/8c3074600b3955ad7017ee3584ee8d67.jpg,1080,1424,0,2026-08-19
2026-09-11,receita barata para o mes,823384744391920259,66,1487,0,Salgadinho de Arroz,,,https://i.pinimg.com/originals/70/ea/06/70ea065feb9581d5840b8e92007ac2b1.jpg,736,1298,1,2023-02-21
2026-09-11,receita barata para o mes,2462974793338410,67,2389,0,😍🍝 A salada de macarrão mais gostosa dos últimos tempos,instagram.com,https://www.instagram.com/vidamaisleve023/,https://i.pinimg.com/originals/c2/e0/f4/c2e0f4085fa3e8eb468fbf1a9ff856a6.jpg,720,1280,1,2026-02-21
2026-09-11,receita barata para o mes,186899453288375608,68,824,0,"✨ Essa receita é tão simples que até quem nunca cozinhou vai acertar de primeira! 🍴 Resultado cremoso, saboroso e que conquista TODO MUNDO. 📌 Já salva esse vídeo porque você vai querer repetir várias ",instagram.com,https://www.instagram.com/reel/DOG9oZWE2s7/,https://i.pinimg.com/originals/d2/47/d1/d247d11d7abbc5755a106bf3a98fa3d6.jpg,720,1280,1,2026-02-11
2026-09-11,receita barata para o mes,700380179593733781,69,562,0,DIETA FÁCIL E BARATA | COMER BEM SEM GASTAR MUITO 💪,,,https://i.pinimg.com/originals/b0/a5/f8/b0a5f816c9c4a3dfa9765236a0180638.png,1024,1536,0,2026-05-04
2026-09-11,receita barata para o mes,648307308861421283,70,5,0,22 receitas de jantar simples que vão te salvar na hora da fome,receiteria.com.br,https://www.receiteria.com.br/receitas-de-jantar-simples/,https://i.pinimg.com/originals/72/29/1b/72291b31daf41f555e3578cbfaf2b8f2.jpg,600,900,0,2021-05-28
2026-09-11,receita barata para o mes,1107744839625740046,71,1,0,"Descubra 15 receitas fáceis, rápidas e acessíveis",,,https://i.pinimg.com/originals/89/53/31/89533106e0bf01f5651306a9c24d6882.png,1152,2048,0,2026-08-22
2026-09-11,receita barata para o mes,754564112591745092,72,208,0,Batata frita com cheddar e bacon,,,https://i.pinimg.com/originals/f4/62/d6/f462d6c58cdc77a2b33ea61323cc406c.jpg,635,1128,0,2023-04-13
2026-09-11,receita barata para o mes,1055599909648391,73,684,0,,,,https://i.pinimg.com/originals/6b/d6/0e/6bd60e83acf185195346f6278bfa6340.jpg,524,792,0,2026-08-12
2026-09-11,receita barata para o mes,648307308852902755,74,119,0,20 receitas de comidas fáceis de fazer e extremamente saborosas,receiteria.com.br,https://www.receiteria.com.br/receitas-de-comidas-faceis-de-fazer/,https://i.pinimg.com/originals/90/c8/bb/90c8bbb5a037bbeac1dd480899c3fcb9.png,800,1200,0,2020-09-18
2026-09-11,receita barata para o mes,27866091442334747,75,785,0,,,,https://i.pinimg.com/originals/dd/96/ce/dd96ceadf70b01fcc7268060ddfb8c33.jpg,736,1104,0,2026-03-28
2026-09-11,lanche saudavel,1063131055785123886,2,237,0,Wraps de Frango com Abacate e Iogurte Grego 🌯🥑,,,https://i.pinimg.com/originals/10/2d/e6/102de6379f228ee8e20b434f8b3f39a8.png,1024,1820,0,2024-12-13
2026-09-11,lanche saudavel,958633470702619866,3,4,0,Healthy Snacks for School Lunches Kids Will Actually Love,,,https://i.pinimg.com/originals/66/da/a0/66daa0b291292a4efa5438178881fd77.jpg,1024,1536,0,2026-08-29
2026-09-11,lanche saudavel,29836416278741614,4,1312,0,,,,https://i.pinimg.com/originals/7d/c0/d5/7dc0d55b433e213ba2538b6f5c3a2b13.jpg,736,1104,0,2026-08-31
2026-09-11,lanche saudavel,125537908358101075,5,58,0,Café da manhã saudável | lanche da tarde saudável | frutas e iogurte,,,https://i.pinimg.com/originals/b7/b9/bc/b7b9bc41a2bb7489220aef026ece67e4.jpg,1080,1920,0,2026-02-06
2026-09-11,lanche saudavel,228909593555054300,6,5800,0,,,,https://i.pinimg.com/originals/a2/41/ef/a241efb0ac5f67145d9bf8841dbaef0a.jpg,736,1308,0,2025-01-14
2026-09-11,lanche saudavel,1477812375324161,7,52631,0,,,,https://i.pinimg.com/originals/29/8a/47/298a47d5660e958bbe1f011153f2b8c1.png,1000,1500,0,2026-05-09
2026-09-11,lanche saudavel,681310249929766872,8,1832,0,,,,https://i.pinimg.com/originals/8d/79/64/8d79644bbf4f0a74bfc3242b608c35d6.jpg,655,1200,0,2026-02-02
2026-09-11,lanche saudavel,61643088644713638,9,8824,0,✅ Recetas saludables y ricas ideales para diabéticos fáciles de preparar,medium.com,https://medium.com/@vidaasaludable23/desayunos-aptos-y-saludables-para-diab%C3%A9ticos-9395d48ed701,https://i.pinimg.com/originals/71/33/b5/7133b56cb67f8da3d91612b8a9f20a9c.jpg,736,965,0,2025-01-14
2026-09-11,lanche saudavel,1043357438695319472,10,7,0,"Panqueca de ovo recheada com frango e tomate + salada de repolho, cenoura e couve refogada.",,,https://i.pinimg.com/originals/c3/cb/b5/c3cbb55cfc8b4ff1b9a98f79905eee30.jpg,1086,1448,0,2026-08-15
2026-09-11,lanche saudavel,1085226841474313037,11,4,0,,,,https://i.pinimg.com/originals/86/f3/34/86f33488342c13f25fbee1be00df1990.jpg,736,981,0,2025-09-18
2026-09-11,lanche saudavel,6966574420873275,12,16892,0,,,,https://i.pinimg.com/originals/37/39/29/373929414599472e3270b73dcffc0cd7.jpg,720,900,0,2025-08-20
2026-09-11,lanche saudavel,7388786884760727,13,479,0,Panqueca fit 🥞,,,https://i.pinimg.com/originals/c5/e8/1e/c5e81ed4812594bef884ea6d1927c0de.jpg,1080,1920,0,2025-10-07
2026-09-11,lanche saudavel,790522540872266108,14,419,0,Café da manhã saudável,,,https://i.pinimg.com/originals/b0/26/8a/b0268aaaf8c7b2ca52ad1cd4eff65d32.jpg,1080,1920,0,2024-02-23
2026-09-11,lanche saudavel,889883207662999286,15,33,0,,,,https://i.pinimg.com/originals/18/1f/d2/181fd234d2bc0586e24fbc2030ad0a21.jpg,736,1308,0,2026-05-18
2026-09-11,lanche saudavel,884253708110078590,16,6833,0,,,,https://i.pinimg.com/originals/00/0d/5c/000d5cb936b23306d9d7a35e6679ca2a.jpg,1080,1920,0,2025-09-21
2026-09-11,lanche saudavel,1134766437378359910,17,1797,0,🥬 Salada mix!,,,https://i.pinimg.com/originals/4d/f4/24/4df424b2ce3914580a6444d61143552c.jpg,1199,1599,0,2026-02-06
2026-09-11,lanche saudavel,578923727123692264,18,250,0,,panelinhadesabores.blogspot.com,https://panelinhadesabores.blogspot.com/2023/07/salada-de-atum-nutritiva.html?m=1,https://i.pinimg.com/originals/71/c6/16/71c6168f206cf422f7a49838d7ef150e.jpg,3024,4032,0,2023-10-06
2026-09-11,lanche saudavel,15903404931240033,19,1430,0,,,,https://i.pinimg.com/originals/de/02/cb/de02cb829470a2a5ab3968d9dba7cfcd.jpg,674,1200,0,2026-08-24
2026-09-11,lanche saudavel,1093952565772595426,20,1,0,Mediterranean Chickpea Avocado Salad 🥗🥑,,,https://i.pinimg.com/originals/5b/e4/2e/5be42e64721db2f0fb81312155a72d4a.jpg,810,1440,0,2026-09-01
2026-09-11,lanche saudavel,6403624466839512,21,3227,0,,,,https://i.pinimg.com/originals/e3/e3/e7/e3e3e7e27b065c072ae1eee6cf6d43c7.jpg,800,1200,0,2026-07-10
2026-09-11,lanche saudavel,6262886974976918,22,3935,0,Café da manhã,instagram.com,https://instagram.com/bru.receitasfit?igshid=YmMyMTA2M2Y=,https://i.pinimg.com/originals/fc/aa/d0/fcaad0244c1e7144cdc53eaaede1f606.jpg,564,1002,0,2023-06-30
2026-09-11,lanche saudavel,719027896806258101,23,1,0,TOSTADAS SALUDABLES CON REQUESÓN,,,https://i.pinimg.com/originals/fa/20/80/fa20800feb90d3c221d5e0e02ea7e104.jpg,810,1440,0,2026-08-26
2026-09-11,lanche saudavel,1102256077554695062,24,16457,0,,,,https://i.pinimg.com/originals/de/9d/59/de9d594e4f25594785223bb6f91f78fe.jpg,736,1308,0,2025-03-07
2026-09-11,lanche saudavel,924012048570849971,25,1339,0,,,,https://i.pinimg.com/originals/bc/9a/e6/bc9ae6293dd591f797f8f46b4b133b23.jpg,680,1024,0,2024-07-08
2026-09-11,lanche saudavel,28077197672792600,26,430,0,Healthy Rice Cake Ideas for Every Craving 🫐🍓,,,https://i.pinimg.com/originals/c2/9f/ee/c29feeb60abad4b1466d2d665a729bd8.png,1086,1448,0,2026-08-30
2026-09-11,lanche saudavel,1143351424161477335,27,1705,0,,,,https://i.pinimg.com/originals/84/bf/20/84bf2032b80b7945135b1c58946013ed.jpg,2268,4032,0,2025-09-28
2026-09-11,lanche saudavel,1023654190324371796,28,1,0,Salada Crocante com Proteína na Air Fryer | Almoço Leve e Prático,,,https://i.pinimg.com/originals/02/93/6b/02936b3017e5c51bcd3e4048713b4508.png,1000,1500,0,2026-08-27
2026-09-11,lanche saudavel,7740630607035307,29,938,0,Café da manhã,,,https://i.pinimg.com/originals/d0/54/00/d05400bfab0265aaddfa8c4d86cede1b.jpg,2250,4000,0,2026-07-23
2026-09-11,lanche saudavel,1099582065802424013,30,836,0,Lanches saudáveis para o dia a dia,,,https://i.pinimg.com/originals/43/77/ba/4377bac26f21f24ff550eef08173bb30.jpg,736,981,0,2026-03-06
2026-09-11,lanche saudavel,720787115417232384,31,4,0,,facebook.com,https://www.facebook.com/share/19DfzVe6vP/,https://i.pinimg.com/originals/49/cf/f4/49cff4593d7d30fa66faee9ef091f779.jpg,600,1061,0,2026-08-15
2026-09-11,lanche saudavel,1121748219716408046,32,9,0,Lunchbox sandwich œuf-fromage – idée repas facile,,,https://i.pinimg.com/originals/2c/d0/c8/2cd0c8a8f2fe19a43098ae90dcf6a81d.png,1024,1536,0,2026-08-26
2026-09-11,lanche saudavel,391602130118223117,33,18769,0,,,,https://i.pinimg.com/originals/bf/64/b5/bf64b51fce75a94b01c149908d4d4bbd.jpg,828,1005,0,2024-09-10
2026-09-11,lanche saudavel,728879520989978335,34,2,0,,,,https://i.pinimg.com/originals/38/76/8b/38768b1c2f96f34fde3cc256abbe435d.jpg,1080,1729,0,2026-06-27
2026-09-11,lanche saudavel,5207355816355267,35,3470,0,Healthy Lunch 💕💕💕,,,https://i.pinimg.com/originals/11/d8/85/11d885a771532864bd51182fa1738b14.jpg,1080,1920,0,2026-08-24
2026-09-11,lanche saudavel,914862422487564,36,2605,0,,,,https://i.pinimg.com/originals/9e/b1/99/9eb199db5e3817adcfb4653eb2f33f53.jpg,736,1279,0,2026-08-24
2026-09-11,lanche saudavel,1073475261161199162,37,15454,0,,,,https://i.pinimg.com/originals/3d/3d/c8/3d3dc8db5f8296b317b2d30b22df0f4e.jpg,736,1308,0,2023-05-18
2026-09-11,lanche saudavel,318418636175697928,38,146882,0,,,,https://i.pinimg.com/originals/aa/50/cb/aa50cbc90bae15eb40020e923c8db747.png,736,981,0,2024-04-17
2026-09-11,lanche saudavel,2322237303627355,39,10085,0,,,,https://i.pinimg.com/originals/2d/63/8b/2d638ba274b00b99068c37087cf277c2.jpg,736,1104,0,2026-08-27
2026-09-11,lanche saudavel,14003448838506589,40,1742,0,,,,https://i.pinimg.com/originals/f5/17/b0/f517b0e4cde2c5869475ec455f216553.jpg,1080,1920,0,2026-06-04
2026-09-11,lanche saudavel,6403624466201789,41,2816,0,,,,https://i.pinimg.com/originals/7d/19/0c/7d190cad9661bf61b5aa556c15dfe8ed.jpg,1080,1918,0,2025-12-10
2026-09-11,lanche saudavel,874331715176097978,42,1081,0,,,,https://i.pinimg.com/originals/c4/7d/5f/c47d5faa97d5f91dd89f5d25210e09e5.jpg,736,966,0,2026-05-17
2026-09-11,lanche saudavel,2533343539304601,43,1165,0,,,,https://i.pinimg.com/originals/ca/f1/65/caf16503fe2c5accd4501fa1c3895615.jpg,1080,1920,0,2026-07-22
2026-09-11,lanche saudavel,2392606048804934,44,7292,0,,,,https://i.pinimg.com/originals/35/5d/8a/355d8abbbe099302dfcd9c883fe2e1b8.jpg,1080,1920,0,2026-01-25
2026-09-11,lanche saudavel,1128925831611585069,45,467,0,Inspiração de alimentação saudável,s.shopee.com.br,https://s.shopee.com.br/5VQ5RwR4y7?channel_type=pinterest,https://i.pinimg.com/originals/0e/43/66/0e436682629f3653f2af3cdb1fea1b2e.jpg,736,1308,0,2026-02-22
2026-09-11,lanche saudavel,1050816525525157669,47,663,0,,,,https://i.pinimg.com/originals/8f/f6/7a/8ff67a0ff145e8c71d1bd89f05201222.jpg,736,920,0,2021-07-08
2026-09-11,lanche saudavel,1088886016578577473,51,22,0,,,,https://i.pinimg.com/originals/f6/77/70/f677703b41a5df9c49810049eefc5667.jpg,736,1104,0,2026-08-28
2026-09-11,lanche saudavel,883057439476811024,52,51,0,"Esfirra Fit: uma receita saudável, fácil e saborosa para o lanche da tarde ou jantar — prática para quem busca uma alimentação equilibrada! • Healthy Esfirra | Healthy Recipe 😋💚 Esfirra fit para deixa",instagram.com,https://www.instagram.com/p/DcbYpaDkUnr/,https://i.pinimg.com/originals/20/1f/4c/201f4c12fc07afed650fad08e4dff204.jpg,1080,1338,0,2026-08-24
2026-09-11,lanche saudavel,743727325986964498,53,50153,0,,,,https://i.pinimg.com/originals/1f/7c/fb/1f7cfb6f8f905482867194ec9daea2b0.jpg,750,984,0,2023-06-05
2026-09-11,lanche saudavel,1007539747896700899,54,14590,0,,,,https://i.pinimg.com/originals/bf/5c/6b/bf5c6b1eb21eb09a7fe34281281644d4.jpg,736,965,0,2025-08-07
2026-09-11,lanche saudavel,755549275006411079,55,3194,0,,,,https://i.pinimg.com/originals/a3/54/a9/a354a94716663a26b47a2941ecebe3d5.jpg,513,771,0,2023-04-07
2026-09-11,lanche saudavel,1132655375073439030,56,1,0,Healthy Chickpea & Avocado Salad Bowl | Easy & Nutritious Meal,surl.li,https://surl.li/behbro,https://i.pinimg.com/originals/82/36/7f/82367f509f836d2375b27b8da6a07dec.png,1122,1402,0,2026-08-31
2026-09-11,lanche saudavel,9007267999942464,57,35211,0,🫐🥹✨,,,https://i.pinimg.com/originals/92/0c/a0/920ca0281536b8df435a7d53c2f21535.jpg,675,1200,0,2023-10-09
2026-09-11,lanche saudavel,92957179805624205,58,3729,0,,,,https://i.pinimg.com/originals/8e/d4/0d/8ed40d96c5dad3b7bb3c6d0ecde301c7.jpg,736,1308,0,2026-06-28
2026-09-11,lanche saudavel,1103804189962393950,59,1,0,#BemEstar #VidaSaudavel #Longevidade #SaudeNatural #receitasaudavel,,,https://i.pinimg.com/originals/96/69/6c/96696c60ab6b8dd34d98ebaa186d64df.jpg,768,1376,0,2026-08-20
2026-09-11,lanche saudavel,456622849741453057,60,25,0,Gourmet Cottage Cheese Toast Board 🥑🫐🥚,,,https://i.pinimg.com/originals/09/70/1a/09701a6bc39c212fd43f2b28af30b401.jpg,1315,1577,0,2026-09-03
2026-09-11,lanche saudavel,1128925831624229859,61,1,0,🍎 Comer Bem: Receitas e Dicas para uma Vida Mais Saudável,,,https://i.pinimg.com/originals/3b/ea/3b/3bea3bffa98dadcea83c35f781b18b40.jpg,512,910,0,2026-08-26
2026-09-11,lanche saudavel,1030479958460529340,62,4381,0,#food #instagram #aesthetic #receita #sobremesa #culinária #food #foodblogger #healthy #healthyfood #healthylifestyle,,,https://i.pinimg.com/originals/c7/18/cc/c718ccc49b29713049d119259a8b485a.jpg,538,720,0,2022-03-17
2026-09-11,lanche saudavel,721983384061563992,63,1,0,"Intestino bom, mente boa.",,,https://i.pinimg.com/originals/9a/82/2b/9a822bed8568f99d57cae25412bae3bc.jpg,1280,1600,0,2026-08-21
2026-09-11,lanche saudavel,605874956143568286,64,41,0,Lanche da tarde fitness,,,https://i.pinimg.com/originals/43/d2/36/43d2363704ebbc77f3898d640c2c8760.jpg,900,1200,0,2023-09-08
2026-09-11,lanche saudavel,1098948746603448806,65,3585,0,,,,https://i.pinimg.com/originals/7f/0a/bf/7f0abf9ed06fedeb88e460a4fc63fda0.jpg,675,1200,0,2026-07-15
2026-09-11,lanche saudavel,8022105581047914,66,1198,0,,,,https://i.pinimg.com/originals/37/ba/57/37ba57731f6b681315f0316e71b27ee9.jpg,675,1200,0,2024-08-20
2026-09-11,lanche saudavel,499969996153795982,67,23,0,maravilhoso,,,https://i.pinimg.com/originals/af/b0/d4/afb0d4a7ce8d4a0333d5ff820e188d4e.jpg,736,1308,0,2026-04-19
2026-09-11,lanche saudavel,874965033871331041,68,1,0,"Cuide da sua alimentação, cuide de você",,,https://i.pinimg.com/originals/ff/d0/60/ffd060675cd6271e96588917135dc6a6.png,941,1672,0,2026-06-24
2026-09-11,lanche saudavel,382102349661762854,69,90,0,,,,https://i.pinimg.com/originals/70/d3/78/70d37819dfeffa1948234ccee89204bb.jpg,685,1200,0,2026-04-07
2026-09-11,lanche saudavel,289637819808547816,70,77,0,Receita de Lanche Natural Para Vender E Faturar Muito Com Opções Sensacionais,sabornamesa.com.br,https://www.sabornamesa.com.br/receitas-de-lanches/lanche-natural-para-vender-simples-e-facil,https://i.pinimg.com/originals/f0/9a/11/f09a11d4dc8c69281e97f5650d854bcf.jpg,1000,1500,0,2026-06-06
2026-09-11,lanche saudavel,1829656095739201,71,30636,0,,,,https://i.pinimg.com/originals/b7/ca/93/b7ca930c51cd97d247a3193cea980601.jpg,675,1200,0,2026-05-16
2026-09-11,lanche saudavel,619245017569441563,72,311,0,,,,https://i.pinimg.com/originals/f8/37/81/f83781fd6ee7b8fb828aba37c284f8d7.jpg,736,1308,0,2026-02-04
2026-09-11,lanche saudavel,567875834276892763,73,4143,0,café da manhã,,,https://i.pinimg.com/originals/90/45/db/9045dbeae8c66f0fe8d2e39601508bc1.jpg,675,1200,0,2022-11-26
2026-09-11,lanche saudavel,159244536816114887,74,263,0,"8 opções de café da manhã saudável, prático e delicioso!",viroutendencia.com,https://viroutendencia.com/2022/03/29/cafe-da-manha-saudavel/,https://i.pinimg.com/originals/39/45/a5/3945a5ed714f604d9960b2a519a4f200.jpg,564,705,0,2022-04-07
2026-09-11,bolo caseiro simples,691935930279481082,2,505,0,Bolo Mesclado PERFEITO,youtu.be,https://youtu.be/Sacehl-WIf4,https://i.pinimg.com/originals/01/89/33/0189334e9f877711dba573800c85daf4.jpg,800,1200,0,2024-07-06
2026-09-11,bolo caseiro simples,507429083038299049,3,6,0,Easy and Elegant Lemon Rose Cake Everyone's Making,,,https://i.pinimg.com/originals/8d/2e/31/8d2e31a47666b406d7f89376e37e9ab5.webp,810,1440,0,2026-08-04
2026-09-11,bolo caseiro simples,633952085093547772,4,8,0,Bolo Formigueiro,go.hotmart.com,https://go.hotmart.com/G106901957S?dp=1,https://i.pinimg.com/originals/e4/e8/00/e4e800aacb19daf2f72cd4b6762bf742.webp,1632,2176,0,2026-08-26
2026-09-11,bolo caseiro simples,12525705209393449,5,1120,0,,,,https://i.pinimg.com/originals/13/c2/65/13c265c9b48fced6f8b27f7564ad45d3.jpg,736,1308,0,2026-03-18
2026-09-11,bolo caseiro simples,825495806739523339,6,113,0,Bolo Formigueiro Fofinho — Receita Fácil,m.youtube.com,https://m.youtube.com/shorts/OoZTpSiDo8Y,https://i.pinimg.com/originals/83/d4/5d/83d45d1fc0d341b1a592fa31db03d795.jpg,405,720,0,2025-07-26
2026-09-11,bolo caseiro simples,72690981482623695,7,66,0,Bolo de Leite Fofinho 📝 Ingredientes • 3 ovos • 1 xícara de açúcar • 2 xícaras de farinha de trigo • 1 xícara de leite • 3 colheres de sopa de óleo • 1 colher de sopa de fermento em pó 👩‍🍳 Modo de pre,instagram.com,https://www.instagram.com/p/DV420gZjWnw/,https://i.pinimg.com/originals/3f/cd/91/3fcd91a791879dd188c61ae0d191c777.jpg,1080,1440,0,2026-08-15
2026-09-11,bolo caseiro simples,675751119078332722,8,28,0,,,,https://i.pinimg.com/originals/30/04/f1/3004f1cfac97a3aa347bf0a4e45fc013.jpg,683,1024,0,2020-05-10
2026-09-11,bolo caseiro simples,673499319321355201,9,3,0,"Bolo de laranja de liquidificador: receita fofinha, sem açúcar, óleo ou glúten",minhasreceitinhas.com.br,https://minhasreceitinhas.com.br/receita/bolo-de-laranja-de-liquidificador-receita-fofinha-sem-acucar-oleo-ou-gluten/,https://i.pinimg.com/originals/56/1f/b5/561fb568f0e1bdce6fbefc10a69d1145.webp,1024,1536,0,2026-04-13
2026-09-11,bolo caseiro simples,886012926718911409,10,1,0,🍊🍰 **BOLO DE LARANJA FOFINHO: PERFEITO PARA O CAFÉ DA TARDE! 🤤**,beacons.ai,https://beacons.ai/lufebeck,https://i.pinimg.com/originals/89/79/9f/89799fe7a207ab52d8db6ca995c90d39.jpg,736,736,0,2026-08-26
2026-09-11,bolo caseiro simples,674484481674932410,11,215,0,Bolo de cenoura de liquidificador: aprenda a receita em 3 passos,gazetadopovo.com.br,https://www.gazetadopovo.com.br/bomgourmet/bolo-de-cenoura-de-liquidificador/,https://i.pinimg.com/originals/5c/57/55/5c57556c735d58a6fa2c31a8e2618f4e.jpg,670,991,0,2019-06-18
2026-09-11,bolo caseiro simples,741334788701985733,12,24,0,"🍫🍰 Bolo Mesclado Fofinho 🍰🍫 Simples, bonito e cheio de sabor! Esse bolo mesclado une o melhor dos dois mundos: baunilha e chocolate em uma massa macia, leve e deliciosa. É sucesso garantido na mesa e ",instagram.com,https://www.instagram.com/p/DMnP5McgP-x/,https://i.pinimg.com/originals/41/b5/53/41b5537b2314266fe81222c07ce079f0.jpg,735,734,0,2025-08-06
2026-09-11,bolo caseiro simples,32932641020560306,13,226,0,Bolinho Fofinho de Trigo 🎂😋 📝 Ingredientes 3 ovos (gemas e claras separadas) 1 xícara (chá) de leite 1 xícara (chá) de açúcar (240 ml) 2 xícaras (chá) de farinha de trigo peneirada 4 colheres (sopa) d,instagram.com,https://www.instagram.com/p/DL3Qhxppn69/,https://i.pinimg.com/originals/d3/5b/79/d35b795d5a45a20d59106eddd26645fe.jpg,1080,1350,0,2026-01-16
2026-09-11,bolo caseiro simples,667236501123625863,14,1,0,Receitas de Bolos Caseiro grátis | 🍰 BOLO DE IOGURTE SIMPLES 😍 | Facebook,facebook.com,https://www.facebook.com/groups/1327333151786208/permalink/1641864613666392/?mibextid=rS40aB7S9Ucbxw6v,https://i.pinimg.com/originals/b4/83/8f/b4838f77b8b6887987a2d99365488aa4.jpg,600,900,0,2026-03-19
2026-09-11,bolo caseiro simples,888546201522506177,15,197,0,As 2 melhores receitas de bolo,,,https://i.pinimg.com/originals/1c/bc/21/1cbc21cd9bd05499bd04b65d283a2478.jpg,736,1308,0,2025-03-31
2026-09-11,bolo caseiro simples,507429083038299043,16,36,0,Bolo Caseiro | passo a passo,pin.it,https://pin.it/3cN3MxTwS,https://i.pinimg.com/originals/38/21/04/38210497e4dddbb78b73b2049081729d.jpg,1080,1356,0,2026-08-04
2026-09-11,bolo caseiro simples,1121185269721232336,17,516,0,Receitas de Bolo da vovó!,hotmart.com,https://hotmart.com/pt-br/marketplace/produtos/bolo-da-vovo-2/N35904179P?ref=K90634904K,https://i.pinimg.com/originals/fe/0b/78/fe0b7817eb2068c9f48f69ce49caa70b.jpg,736,1104,0,2024-02-28
2026-09-11,bolo caseiro simples,647673990213563354,18,8,0,,,,https://i.pinimg.com/originals/20/f1/81/20f181232d1887b36cd06bc131a8d084.jpg,941,1672,0,2026-09-02
2026-09-11,bolo caseiro simples,425660602304173825,19,38,0,(20+) Facebook,facebook.com,https://www.facebook.com/,https://i.pinimg.com/originals/90/d7/1b/90d71b73b6ad9c6af41990c02090b60f.jpg,526,789,0,2026-06-23
2026-09-11,bolo caseiro simples,983755112337049439,20,38,0,aprenda a fazer bolo caseiro faça a sua própria renda,,,https://i.pinimg.com/originals/67/8b/c9/678bc9aea2c477a45535314c57913a3b.jpg,999,1067,0,2023-08-17
2026-09-11,bolo caseiro simples,744993963370124085,21,1687,0,Bolo verde de limão,ricotaemaricota.com,https://ricotaemaricota.com/bolo-verde-de-limao/,https://i.pinimg.com/originals/c1/08/6c/c1086cf4bcb7392a3c6558e1cb564bdc.jpg,736,1104,0,2022-03-13
2026-09-11,bolo caseiro simples,741334788702009204,22,686,0,"Bolo de Cenoura com Chocolate 🍫🥕 Clássico, fofinho e com aquela calda de chocolate que escorre conquistando corações! 💛 Esse é o tipo de bolo que abraça a alma e faz qualquer tarde ficar mais doce! 📲 ",instagram.com,https://www.instagram.com/p/DNA-NvjOC9Y/,https://i.pinimg.com/originals/72/54/f8/7254f897523545557f1b78c643b12cfe.jpg,1199,1199,0,2025-08-07
2026-09-11,bolo caseiro simples,596515913198551261,23,8,0,,facebook.com,https://www.facebook.com/share/p/1FL8Xh1s59/,https://i.pinimg.com/originals/60/b5/ff/60b5ffa7f25386957ccfa33150d42c35.jpg,600,800,0,2026-08-28
2026-09-11,bolo caseiro simples,1088252697485053422,24,47,0,Bolo Caseiro Simples e Fofinho 🍰 Ingredientes: • 3 ovos • 2 xícaras (chá) de açúcar • 3 xícaras (chá) de farinha de trigo • 1 xícara (chá) de leite • 1/2 xícara (chá) de óleo • 1 colher (sopa) de ferm,instagram.com,https://www.instagram.com/p/DQHyaYSCXto/,https://i.pinimg.com/originals/1f/c9/6a/1fc96ae842b2b6d0f846ac3951237a6d.jpg,563,752,0,2026-07-11
2026-09-11,bolo caseiro simples,896005288368189379,25,148,0,O simples bem feito tem um sabor que encanta. #bolo #confeitaria #bolosafetivo #caseirinhos #confeitaria #confeitaria artesanal,instagram.com,https://www.instagram.com/p/DJO7_Tgt1Kx/,https://i.pinimg.com/originals/1a/6d/6f/1a6d6f09ab2ab9ac8ddd0c04f57e46e5.jpg,1440,1800,0,2025-05-05
2026-09-11,bolo caseiro simples,398427898307133461,26,28,0,,,,https://i.pinimg.com/originals/8c/55/d9/8c55d989d2eb90736f5fece4ffab035d.jpg,1080,1920,0,2026-07-01
2026-09-11,bolo caseiro simples,11751649023264313,27,189,0,Bolo de mandioca com coco cremoso Ingredientes: • 3 xícaras (chá) de mandioca crua ralada • 2 xícaras (chá) de açúcar • 3 ovos • 100 g de manteiga ou margarina • 200 ml de leite de coco • 1 xícara (ch,instagram.com,https://www.instagram.com/p/DQXoMsDDeSS/,https://i.pinimg.com/originals/75/b8/54/75b854b459ac06e4f26c669f0d6f30c5.jpg,1079,1440,0,2025-11-16
2026-09-11,bolo caseiro simples,326018460549111976,28,42,0,"🤎 Cedo demais pra falar de chocolate? 🍫 Bolo caseirinho de chocolate, massa fofinha e molhadinha, com cobertura de brigadeiro, finalizado com granulado de chocolate nobre ao leite. 📌 Tamanho G, serve ",instagram.com,https://www.instagram.com/p/DWytGdMllAI/,https://i.pinimg.com/originals/b4/28/dc/b428dcc1d2f82930feb16cca6ed05c84.jpg,1440,1920,0,2026-04-21
2026-09-11,bolo caseiro simples,304485624830814542,29,578,0,Caseiro de cenoura com cobertura de brigadeiro,,,https://i.pinimg.com/originals/d2/3b/75/d23b7555b1cf62ca30aac7e767bb3ed2.jpg,3024,4032,0,2025-04-30
2026-09-11,bolo caseiro simples,1091348922230767902,30,14,0,O Bolo Fofinho de Chocolate (R$25) da #casadebolos é um clássico suuuper macio e cheio de amor 😍 A escolha perfeita para deixar esta época de #páscoa ainda mais saborosa 🍫 Esperamos por você! ☎️,instagram.com,https://www.instagram.com/p/DWRzId7kaeX/,https://i.pinimg.com/originals/66/d2/77/66d277c8d8ff8bd9bcff49b595a91163.jpg,1350,1687,0,2026-05-06
2026-09-11,bolo caseiro simples,491314640623405248,31,162,0,,,,https://i.pinimg.com/originals/26/66/f1/2666f1c3567e7cf436d86ad6bf2617b5.jpg,1284,2282,0,2025-05-27
2026-09-11,bolo caseiro simples,26599454046130578,32,240,0,Por que o bolo fica solado? Aprenda 4 truques para fazer bolos fofinhos,search.app,https://search.app/dWsrn8ZFZmnhgzx5A,https://i.pinimg.com/originals/ab/83/27/ab8327b93eeb4eb939ac46e400270d59.jpg,600,921,0,2026-02-08
2026-09-11,bolo caseiro simples,612489618120772108,33,7,0,,,,https://i.pinimg.com/originals/85/a3/85/85a385006f9b25147d533dc781cadf60.jpg,1080,1920,0,2026-08-14
2026-09-11,bolo caseiro simples,1076641854655616836,34,225,0,bolo caseiro,,,https://i.pinimg.com/originals/05/7e/f7/057ef7e9720fe6693854a165b3d7554b.jpg,736,1104,0,2023-11-22
2026-09-11,bolo caseiro simples,606226799885962468,35,2,0,Bolinho da tarde 🤤,,,https://i.pinimg.com/originals/9a/ca/68/9aca68cdf684859483b62d9b9f4bd33b.jpg,3024,4032,0,2026-08-24
2026-09-11,bolo caseiro simples,847028642442161414,36,256,0,Bolo de Fubá + Versões Mega Tradicionais Para Se Deliciar,sabornamesa.com.br,https://www.sabornamesa.com.br/bolos/bolo-de-fuba-simples-e-rapido,https://i.pinimg.com/originals/90/94/e7/9094e77c66b0886ba54c06bb9828443b.jpg,1000,1500,0,2023-08-17
2026-09-11,bolo caseiro simples,15903404931109651,37,63,0,Bolo de tapioca fofinho e muito fácil de preparar perfeito para o café ou o lanche Ingredientes da receita de bolo de tapioca 4 ovos inteiros 1 xícara (chá) de goma de tapioca 1 xícara (chá) de farinh,instagram.com,https://www.instagram.com/p/DJeVnF9N_bb/,https://i.pinimg.com/originals/fa/90/7b/fa907be017256a0cfc4b62e401f4dbb2.jpg,1080,1350,0,2026-07-08
2026-09-11,bolo caseiro simples,1010706341390802245,38,6,0,RECEITA_DOCE_BOLO | Praticidade + Frete Grátis,s.shopee.com.br,https://s.shopee.com.br/1LbUCr6HsZ?channel_type=pinterest,https://i.pinimg.com/originals/64/cf/88/64cf88b28eab27cee5d9c22c7412faec.jpg,736,1104,0,2026-04-01
2026-09-11,bolo caseiro simples,684687949632647618,39,6,0,Vai um bolo de fubá? Essa receita é fácil e leva menos de uma hora,bol.uol.com.br,https://www.bol.uol.com.br/entretenimento/2024/12/01/vai-um-bolo-de-fuba-essa-receita-e-facil-e-leva-menos-de-uma-hora.htm,https://i.pinimg.com/originals/fd/a0/42/fda0429dd2332bbce930e6741bbebc95.jpg,624,833,0,2024-12-02
2026-09-11,bolo caseiro simples,598415869282497874,40,4,0,Bolo de Cenoura,,,https://i.pinimg.com/originals/9d/9c/11/9d9c11a58f4c39434cb4ed7ff271bfad.webp,1280,1920,0,2026-08-05
2026-09-11,bolo caseiro simples,1081356560522819261,41,162,0,Como fazer Bolo de Cenoura fofinho,ncultura.pt,https://ncultura.pt/como-fazer-bolo-de-cenoura-fofinho/,https://i.pinimg.com/originals/4c/5c/1a/4c5c1a1a7c66d9b2c8f24c2e4f95ae55.jpg,640,960,0,2024-09-04
2026-09-11,bolo caseiro simples,784822672593624758,42,20,0,Receitas de Bolos Caseiros Deliciosos e Fáceis,medium.com,https://medium.com/@grupogen/receitas-de-bolos-caseiros-deliciosos-e-f%C3%A1ceis-b98f0acc7305,https://i.pinimg.com/originals/47/66/7f/47667f08baeeb3b02069827292647edd.jpg,675,1200,0,2024-03-21
2026-09-11,bolo caseiro simples,707135579015975298,43,32,0,"Fatia de Bolo de Chiffon de Baunilha Fofo ou Bolo de Esponja em Prato de Pedra Preta, Servido com Chá e Mel. Conceito de fotografia de alimentos brilhantes para padaria | Foto Premium",br.freepik.com,https://br.freepik.com/fotos-premium/fatia-de-bolo-de-chiffon-de-baunilha-fofo-ou-bolo-de-esponja-em-prato-de-pedra-preta-servido-com-cha-e-mel-conceito-de-fotografia-de-alimentos-brilhantes-para-padaria_17882018.htm,https://i.pinimg.com/originals/fe/2b/05/fe2b05b287a064f37475763d1293a054.jpg,417,626,0,2023-08-25
2026-09-11,bolo caseiro simples,880242689643030796,51,7,0,Bolo Mesclado,tumblr.com,https://www.tumblr.com/blog/view/confeitariadesucesso/682622656161415168?source=share,https://i.pinimg.com/originals/7f/09/99/7f09990bbb3da3299afa9b4bad242992.jpg,736,1104,0,2022-07-02
2026-09-11,bolo caseiro simples,1146518017669891001,52,1,0,Pão de Ló: O Bolo Simples de Confeitaria que Derrete,receitapura.com,https://receitapura.com/pao-de-lo-o-bolo-simples-de-confeitaria/,https://i.pinimg.com/originals/46/fe/63/46fe6356eee5afd9c03f678ab587c5cd.webp,768,1344,0,2026-05-27
2026-09-11,bolo caseiro simples,1054827544010229566,53,908,0,Acesse o link que está no meu perfil pra saber mais,,,https://i.pinimg.com/originals/1e/03/ab/1e03ab21146f53df9168054e9939bb36.jpg,736,1308,0,2025-05-31
2026-09-11,bolo caseiro simples,535998793190798409,54,15,0,"postres.bz - Bizcocho fácil y muy rápido, recuerda guardarlo 😋...Ver más | Facebook",facebook.com,https://www.facebook.com/photo/?fbid=1371848257641236&set=a.756225712536830,https://i.pinimg.com/originals/6f/a2/49/6fa2497846cdde12b9117a80bb9c6dc0.jpg,1024,1536,0,2025-10-30
2026-09-11,bolo caseiro simples,454300681183501313,55,10,0,,facebook.com,https://www.facebook.com/share/p/1KBVgD7aBU/,https://i.pinimg.com/originals/84/78/33/847833a0d8615c3ff2dce6616b3e7901.jpg,600,900,0,2026-04-09
2026-09-11,bolo caseiro simples,664281013831193774,56,1,0,"🍰 Bolo de Liquidificador Fofinho e Rápido Um clássico simples, delicioso e que perfuma a casa inteira! Feito em minutos, com ingredientes que você já tem na cozinha. 💛 🧂 Ingredientes 🥚 2 ovos 🍬 1 xíca",instagram.com,https://www.instagram.com/p/DW6Qxd9mX7Y/,https://i.pinimg.com/originals/b5/74/05/b57405f0d67aee7e73de6ff023880176.jpg,1024,1024,0,2026-05-23
2026-09-11,bolo caseiro simples,1094022934512221249,57,3,0,Bolo simples para o café da tarde,,,https://i.pinimg.com/originals/98/bd/8c/98bd8cf44aacf0424a35cade04f390b5.png,1024,1536,0,2026-08-29
2026-09-11,bolo caseiro simples,664281013831341117,58,95,0,"BOLO DE LARANJA DA VOVÓ Aquele bolo simples que perfuma a casa inteira e lembra café da tarde em família. Fica fofinho, úmido e cheio de sabor de laranja, perfeito para acompanhar um café quentinho. U",instagram.com,https://www.instagram.com/p/DZDM6REjegm/,https://i.pinimg.com/originals/a3/a3/85/a3a3857d3f81612f45e4a511d79a47da.jpg,1254,1254,0,2026-06-01
2026-09-11,bolo caseiro simples,847028642441019819,59,2420,0,Receita Com Farinha de Maracujá E uma Série de Opções Inesquecíveis para Toda A Família,sabornamesa.com.br,https://www.sabornamesa.com.br/outras-receitas/farinha-de-maracuja,https://i.pinimg.com/originals/47/f9/01/47f9013aeb21290f9a81a21ee6d79f68.jpg,1000,1500,0,2023-06-30
2026-09-11,bolo caseiro simples,696861742387796517,60,78,0,Pão de Ló de Laranja e Coco! Fofinho e Derrete na Boca!,perdergordurarapido.com,https://perdergordurarapido.com/pao-de-lo-de-laranja-e-coco-fofinho-e-derrete-na-boca/,https://i.pinimg.com/originals/83/93/bb/8393bbb29784791f587e5369972c9d38.png,1024,1536,0,2025-10-07
2026-09-11,bolo caseiro simples,425660602304530747,61,12,0,O Bolo de Fubá Mais Fofinho Que Você Já Viu!,go.hotmart.com,https://go.hotmart.com/A100385573F,https://i.pinimg.com/originals/37/13/a8/3713a8c8e676bbb3c4cc5817a8b1b460.png,1024,1024,0,2026-08-16
2026-09-11,bolo caseiro simples,26599454046442447,62,72,0,Bolo de cenoura 🥕 no liquidificador,,,https://i.pinimg.com/originals/af/18/36/af183666d87417b78683c93689ad18cb.jpg,675,1200,0,2026-05-19
2026-09-11,bolo caseiro simples,343118065387447409,63,1,0,98K views · 1.4K reactions | 📝 RECEITA — BOLO DE COCO LOW CARB Ingredientes * 3 ovos * 100 g de coco ralado sem açúcar * 200 ml de leite de coco * 2 colheres (sopa) de adoçante * 1 colher (chá) de fer,facebook.com,https://www.facebook.com/reel/2047397275875103/,https://i.pinimg.com/originals/86/a0/a6/86a0a60a0d7c830911815c780bdb8ccb.jpg,675,1200,0,2026-08-28
2026-09-11,bolo caseiro simples,369013763242373857,64,11,0,Bolo de chocolate 🍫,,,https://i.pinimg.com/originals/27/bc/ed/27bced379f88947d63d429ee5143fe48.jpg,4000,6000,0,2026-08-22
2026-09-11,bolo caseiro simples,627267054388675499,65,3,0,Amo Receitas,facebook.com,https://www.facebook.com/share/p/1CEz7dJKrz/,https://i.pinimg.com/originals/b5/6e/07/b56e07c772d5770f310a1e69a505917c.jpg,600,900,0,2025-07-15
2026-09-11,bolo caseiro simples,1056586762551211879,66,241,0,,instagram.com,https://www.instagram.com/reel/CcDb1RRA5e4/?igshid=MDJmNzVkMjY=,https://i.pinimg.com/originals/11/fa/48/11fa484bcef153ec943b2d1174d3ec97.jpg,720,1280,0,2022-05-05
2026-09-11,bolo caseiro simples,655273814522343472,67,779,0,Bolo de fubá fofinho,guiadacozinha.com.br,https://guiadacozinha.com.br/tag/bolos-para-o-cafe-da-tarde/,https://i.pinimg.com/originals/d1/04/d9/d104d9d85456f03652cdbd34747eafd7.jpg,768,1024,0,2020-05-16
2026-09-11,bolo caseiro simples,1071997517943505252,68,1990,0,,,,https://i.pinimg.com/originals/79/91/ca/7991ca4b0a9c04b56c6ac9bca944cd4b.jpg,540,960,0,2025-01-29
2026-09-11,bolo caseiro simples,790874384611599247,69,2,0,Bolo nuvem de leite ninho,youtube.com,https://youtube.com/shorts/vM_kqGJzzPo?is=FVSTyRCOSRuaUSxc,https://i.pinimg.com/originals/9b/fc/bf/9bfcbfe1de02c137c36cc0cdd11cd34a.jpg,405,720,0,2026-08-19
2026-09-11,bolo caseiro simples,801570433705985501,70,21,0,Bolo de chocolate rapidinho,nacozinhadahelo.com.br,https://www.nacozinhadahelo.com.br/receitas/receita-de-bolo-de-chocolate-simples,https://i.pinimg.com/originals/47/70/44/477044c6fd1f9fbf175f62160554679a.jpg,683,1024,0,2023-12-02
2026-09-11,bolo caseiro simples,355291858129523370,71,18,0,Bolo de doce de leite com coco: receita simples que fica úmida e perfeita sempre,minhasreceitinhas.com.br,https://minhasreceitinhas.com.br/receita/bolo-de-doce-de-leite-com-coco-receita-simples-que-fica-umida-e-perfeita-sempre/,https://i.pinimg.com/originals/51/b3/1d/51b31d99efc4bac0ceef91dd31ddc59a.webp,1024,1536,0,2026-06-26
2026-09-11,bolo caseiro simples,283726845274336254,72,77,0,"🍰 Bolo 5 Copos da Vovó Fofinho, dourado e com sabor de casa de vó! 📝 Ingredientes (medida: copo americano de 200 ml) 1 copo de leite 1 copo de óleo 1 copo de açúcar 1 copo de farinha de trigo 1 copo d",instagram.com,https://www.instagram.com/p/DKI63t6NKtw/,https://i.pinimg.com/originals/8e/ec/79/8eec79ad8a4f82fcab36e331fa2e805b.jpg,1080,1350,0,2025-07-27
2026-09-11,bolo caseiro simples,847028642441665087,73,59,0,Bolo Mesclado & Super Sugestões Ideais Para Café Da Manhã Ou Lanches,sabornamesa.com.br,https://www.sabornamesa.com.br/bolos/bolo-mesclado-fofinho-simples-e-facil,https://i.pinimg.com/originals/14/cd/72/14cd72c3315f41a65e2a2a0f5c465b4d.jpg,1000,1500,0,2023-07-28
2026-09-11,bolo caseiro simples,32440059824958548,74,421,0,,,,https://i.pinimg.com/originals/98/ca/78/98ca782acba2e2c5adc35cd99ad22aa9.jpg,828,1312,0,2026-07-07
2026-09-11,unhas decoradas,1116259457745612622,1,1,0,Inspiration ongles gel verts nail art,,,https://i.pinimg.com/originals/6e/4a/8f/6e4a8f3283f658bee5e9001a65444be9.jpg,1320,1635,0,2026-08-26
2026-09-11,unhas decoradas,64668944647501204,2,897,0,,,,https://i.pinimg.com/originals/12/6d/53/126d538e3dc585f1354f10ab07aec55d.jpg,1080,1920,0,2026-09-04
2026-09-11,unhas decoradas,1090363759814296560,3,7,0,Uñas en tendencia 💅,,,https://i.pinimg.com/originals/1d/eb/d4/1debd413f32c6c2c7dc2ad00e98783c7.jpg,1152,2048,0,2026-08-28
2026-09-11,unhas decoradas,233202086956877836,4,92,0,"August September Nails, End of August Nails, and Summer To Fall Transition Nails",,,https://i.pinimg.com/originals/3d/c5/a8/3dc5a80b7229b10b3019ff548b6c5cdf.jpg,1080,1920,0,2026-09-03
2026-09-11,unhas decoradas,1003880573243506207,5,4,0,💜 Lavender & Pink Nail Art Ideas ✨ | Elegant Nail Inspiration,,,https://i.pinimg.com/originals/11/85/fd/1185fd14507baaae40ab2d27580bcfaa.png,1024,1536,0,2026-08-27
2026-09-11,unhas decoradas,1003880573243500910,6,18,0,Gorgeous Pink Marble Almond Nails 💗 | Elegant Acrylic Nail Design 2026,,,https://i.pinimg.com/originals/71/02/81/7102819ece5c0a06195003c045154202.png,1024,1536,0,2026-08-27
2026-09-11,unhas decoradas,864057878583572944,7,1,0,Unhas Delicadas Chiques,s.shopee.com.br,https://s.shopee.com.br/80C17X2PDt?channel_type=pinterest,https://i.pinimg.com/originals/15/7d/33/157d3340b2a1d85e49828e4e39897f02.jpg,2287,4097,0,2026-08-22
2026-09-11,unhas decoradas,977984875392086855,8,1,0,Stylish Brown Floral Nails,,,https://i.pinimg.com/originals/23/52/ef/2352efcba147279e73c81b786bbf3529.png,941,1672,0,2026-08-28
2026-09-11,unhas decoradas,1147643917690252451,9,13,0,Chocolate Brown Coquette Nail Art,,,https://i.pinimg.com/originals/bc/20/d0/bc20d01942667a5ce72ee0e75f73bd0d.jpg,736,1104,0,2026-08-27
2026-09-11,unhas decoradas,1003880573243501040,10,2,0,Title: ✨ Elegant Pink & Rose Gold Nail Designs | Gorgeous Nails Inspiration 💅,,,https://i.pinimg.com/originals/04/59/10/045910de1bc4cc5970cf54a2a9925bba.png,1086,1448,0,2026-08-27
2026-09-11,unhas decoradas,1086845322607917906,11,11,0,Elegant Marble Gold Nails ✨,,,https://i.pinimg.com/originals/38/a9/d0/38a9d0af8f3449518e5e5b5fac5e5fc2.png,1023,1537,0,2026-08-26
2026-09-11,unhas decoradas,68750318530,12,37882,0,Burgundy elegance with a touch of gold—because timeless beauty never goes out of style. ❤️✨,,,https://i.pinimg.com/originals/a0/cd/de/a0cddeadcb7824073b4d540d3dc78a2c.jpg,2158,2870,0,2026-08-13
2026-09-11,unhas decoradas,576460821098586609,13,3244,0,Aquela nails poderosa 🩵🤍🥰 . . . . . . #instagram #unhasinstagram #nailsinstagram😍💅♥️ #manicurefortaleza #unhasgringas,instagram.com,https://www.instagram.com/reel/DcAEno1tUaG/,https://i.pinimg.com/originals/ab/9c/e9/ab9ce9688add5e58938a3b0e4b7b61b6.jpg,756,1340,0,2026-08-14
2026-09-11,unhas decoradas,864057878583689541,14,1,0,Unhas para volta às aulas,shopee.com.br,https://shopee.com.br/search?keyword=unha%20delicada&channel_type=pinterest,https://i.pinimg.com/originals/f3/da/cc/f3dacc02a7e480e4c3222a8d4e147490.jpg,2287,4097,0,2026-08-29
2026-09-11,unhas decoradas,1032450283352484673,15,103,0,DECORAÇÃO UNHA - UNHA GEL -UNHAS DECORADAS,s.shopee.com.br,https://s.shopee.com.br/AUtNrJYvbf?channel_type=pinterest,https://i.pinimg.com/originals/ac/e2/50/ace25028ef19a6a472860f0041993d89.jpg,736,1104,0,2026-08-21
2026-09-11,unhas decoradas,1096204365582234202,17,3,0,Unhas,s.shopee.com.br,https://s.shopee.com.br/8V8WzB4TZm?channel_type=pinterest,https://i.pinimg.com/originals/d3/76/57/d376573090f1e1a1f076356288ad49b3.jpg,736,1307,0,2026-08-30
2026-09-11,unhas decoradas,1130825787713760626,18,967,0,Summer nails 2026 🌻,,,https://i.pinimg.com/originals/42/f1/5d/42f15df870c5a130efdcc5ab553bdbb3.png,1000,1500,0,2026-07-17
2026-09-11,unhas decoradas,904379168941914756,19,10,0,"Elegant Sage Green, Beige & Gold Nail Art",,,https://i.pinimg.com/originals/ff/a4/4c/ffa44c6799027622ce93355d6d2a82fd.png,1122,1402,0,2026-08-26
2026-09-11,unhas decoradas,914862422494875,20,1037,0,Unique Navy Blue & Gold Nail Art 💙✨ | Elegant Almond Nail Design,,,https://i.pinimg.com/originals/5c/c2/c0/5cc2c045aaca903955ba7aa627a56cb2.png,1254,1254,0,2026-08-27
2026-09-11,unhas decoradas,1145884699011839409,21,1821,0,Navy Blue & Cream Wave Nails 🌙 | Cozy Fall Nail Inspo,amzn.to,https://amzn.to/4g8XFyK,https://i.pinimg.com/originals/68/23/a1/6823a17ab115a856d61db43622cd3ba6.png,1024,1536,0,2026-08-14
2026-09-11,unhas decoradas,1146236542702021365,22,2,0,Unhas para Madrinhas: Elegância em Pele Morena,,,https://i.pinimg.com/originals/4e/35/0a/4e350ab9f4b4a6f6f03cd11d323eb675.jpg,1168,1752,0,2026-08-24
2026-09-11,unhas decoradas,1100989440185157955,23,1,0,nails,,,https://i.pinimg.com/originals/57/54/84/575484daa9e6325ee82b3346e34e24a8.png,1023,1537,0,2026-09-02
2026-09-11,unhas decoradas,1089097122421175765,24,491,0,Unha Feminina,s.shopee.com.br,https://s.shopee.com.br/9V0uIcMb0M?channel_type=pinterest,https://i.pinimg.com/originals/8f/73/5c/8f735cf5ad54e9e1a61a7317e3f0e8e8.jpg,736,1307,0,2026-08-23
2026-09-11,unhas decoradas,1134625699906139183,25,2789,0,Nail Finds You'll Be Glad You Saw,dbsguy.com,https://dbsguy.com/a-gallery-of-nail-designs-for-every-aesthetic/?utm_source=pinterest&utm_medium=partner&utm_campaign=maha,https://i.pinimg.com/originals/d4/28/e5/d428e5713e916b7a9c7a1262e22fd143.jpg,1536,2752,0,2026-08-15
2026-09-11,unhas decoradas,673991900530585948,26,3098,0,august nail art,amazon.com,https://www.amazon.com/Artdone-Multicolor-Stickers-Diamond-Decoration/dp/B0FK9N741H?crid=14FDXB1NFB289&dib=eyJ2IjoiMSJ9.ft_DCbhfdl_K4clBQIxfT5PLL2pFkbhHGkR5fsP8Ar_ZPVKynHeWw4zfZbep-ykzqVgZ9fLjAHJWOcBMX1MvpbpqmIrZ3zJAwhr-FJ3-h9C5tpD6RnbEet9wl19K0diSccEThNq76-sNsgBaEvBLlDLQhgRP_fonBG0Ar74FGvx-zaSTuEy4q9nHFC8q0D6lDbhoIgXKtFf2LXxpdUL0ILAk9PV5ZyCVZ-LRzYPgm3QWw-BKHe2BlJaYNr0Q9H21xy2u3uVlzz1IXOnTgLVETIze,https://i.pinimg.com/originals/c1/70/1d/c1701d864d8742fbea3ac6d6db79669b.jpg,1080,1920,0,2026-08-16
2026-09-11,unhas decoradas,10203536652706520,27,765,0,,johni.netlify.app,https://johni.netlify.app/?u=https://dijbi.com/daisy-acrylic-nails-blooming-nail-designs-for-a-fresh-look/%3Futm_campaign%3Ddhuddi%26utm_source%3Dsufyandk%26utm_medium%3Dlink,https://i.pinimg.com/originals/83/a9/82/83a982c5467d4580a4ff71d50b46f669.jpg,736,1307,0,2026-09-05
2026-09-11,unhas decoradas,1116611302519428403,28,7,0,Nails,,,https://i.pinimg.com/originals/de/2b/f4/de2bf4e04f3ec5eb757d5c0a1a205b10.png,1023,1537,0,2026-08-26
2026-09-11,unhas decoradas,27795722696735869,29,603,0,Jst wow,,,https://i.pinimg.com/originals/1e/a1/20/1ea12097fba78fd7eb24e3321c098b4f.jpg,675,1200,0,2026-08-30
2026-09-11,unhas decoradas,2111131074085459,30,3795,0,💅,,,https://i.pinimg.com/originals/7c/e2/19/7ce21992d07bc5e7b82d39bbd21007ce.jpg,1080,1920,0,2026-09-05
2026-09-11,unhas decoradas,627407791882368750,31,9390,0,,,,https://i.pinimg.com/originals/1d/58/a1/1d58a1d15776664f08b7f932fd37a1bc.jpg,800,1200,0,2026-05-16
2026-09-11,unhas decoradas,727964727317026780,32,35,0,Sage Green Floral French Tip Nails 🌿🤍✨,,,https://i.pinimg.com/originals/46/61/73/466173e8dfad59154acce86f499953f8.jpg,1080,1920,0,2026-09-05
2026-09-11,unhas decoradas,350928995988715127,33,15,0,Luxury Brown Nails | Chocolate Brown & Gold Elegant Nail Art,,,https://i.pinimg.com/originals/96/a5/28/96a528530937503a9d3f3565f61ce210.png,1024,1536,0,2026-09-04
2026-09-11,unhas decoradas,2181499817722423,34,1322,0,Elegant Gold & Glitter Nail Art | Chic Glamorous Nails,,,https://i.pinimg.com/originals/42/bf/93/42bf934c21fc22ca9c01ab779b3e4f9b.png,992,1586,0,2026-09-01
2026-09-11,unhas decoradas,613826624263500002,35,2,0,Luxury Nude & Gold Nails ✨ Elegant Marble Nail Inspiration for 2026 💅👑,,,https://i.pinimg.com/originals/c6/7f/a0/c67fa0bd197d9c5853685416bf2b79ca.png,1024,1536,0,2026-09-02
2026-09-11,unhas decoradas,997195542514947928,36,8,0,,,,https://i.pinimg.com/originals/c2/48/9e/c2489e827809f9a4b4fdf5227f6e7d3d.png,1023,1537,0,2026-09-01
2026-09-11,unhas decoradas,1137299712184603193,37,15976,0,Orange Floral Summer Nails 🌼 | Elegant Almond Nail Design for a Soft Sunny Aesthetic,,,https://i.pinimg.com/originals/96/db/bc/96dbbc7a0f2896adcf7334a914e0b5d2.png,1024,1536,0,2026-07-19
2026-09-11,unhas decoradas,856880266648346569,38,15229,0,🩵✨ Elegant Sky Blue Nail Art for a Fresh & Chic Manicure 💅,,,https://i.pinimg.com/originals/7b/23/fe/7b23febccf1e983a15bcb1ab1720da3c.jpg,1080,1920,0,2026-07-15
2026-09-11,unhas decoradas,1084382416559585399,39,9,0,Matte Blue & Floral Nail Design | Elegant Blue Gold Nails 💙✨,,,https://i.pinimg.com/originals/ca/7d/ca/ca7dca1d8eaabaf305d2cf6dbf574d97.png,1023,1537,0,2026-08-29
2026-09-11,unhas decoradas,351912467505699,40,8826,0,Celestial Pastel Almond Nail Art Design,,,https://i.pinimg.com/originals/d2/d1/ae/d2d1aeb9d159b88152e7ddefb124366a.jpg,1089,1444,0,2026-07-14
2026-09-11,unhas decoradas,300615343915804080,41,367,0,25 Chrome Nail Ideas,polia.blog,https://polia.blog/shine-bright-this-valentines-25-irresistibly-chic-chrome-nail-art-ideas/,https://i.pinimg.com/originals/35/a7/64/35a7641fa97cfbf9ad216ba536b08e97.png,1024,1536,0,2026-02-01
2026-09-11,unhas decoradas,78953799714095215,42,165,0,112 Insanely Good Nail Art Ideas To Try At Your Next Appointment,boredpanda.com,https://www.boredpanda.com/nails-art-ideas/?utm_source=hiraminhas&utm_medium=link&utm_campaign=professor,https://i.pinimg.com/originals/8e/fe/35/8efe357f0d78173e5bfdf91e7843caf6.jpg,736,1307,0,2026-09-05
2026-09-11,unhas decoradas,1106126358510160041,43,66,0,Chrome Beauty 🤎,,,https://i.pinimg.com/originals/b6/bb/18/b6bb188e08a08ed1cdc47d28cd319e55.jpg,941,1672,0,2026-08-25
2026-09-11,unhas decoradas,67905906883667036,44,752,0,Navy Blue & Gold Floral Nails 💙✨ Luxury Almond Nail Design | Elegant French Tips,,,https://i.pinimg.com/originals/73/da/ac/73daac47bafd55cf8f15447989ab7987.png,1024,1536,0,2026-09-02
2026-09-11,unhas decoradas,889390626416762438,45,4950,0,,,,https://i.pinimg.com/originals/05/d4/65/05d465318ca5ab919bbca7f26b34496d.jpg,736,1308,0,2025-02-16
2026-09-11,unhas decoradas,17521886048946587,46,2019,0,Viral Blue Cat Eye Nail Inspo,,,https://i.pinimg.com/originals/92/04/ee/9204eed52f33c56a7fd733a178904277.png,1000,1500,0,2026-08-29
2026-09-11,unhas decoradas,2251868559639781,47,4670,0,,,,https://i.pinimg.com/originals/bd/c6/b8/bdc6b8d61b35a8107365146c9a8b4aaf.jpg,736,1331,0,2026-08-18
2026-09-11,unhas decoradas,171559067052285055,51,216,0,,,,https://i.pinimg.com/originals/ad/cb/9c/adcb9cec16a2a38ab258eaac251fe01e.jpg,1080,1920,0,2026-09-01
2026-09-11,unhas decoradas,1035194664371491213,52,10,0,Cute Mauve Ghost Halloween Nails,,,https://i.pinimg.com/originals/06/ca/6f/06ca6f31dd26b501fddd78377eb51531.png,1086,1448,0,2026-08-27
2026-09-11,unhas decoradas,21321798232596084,53,1182,0,,fabmood.com,https://www.fabmood.com/inspiration/wp-content/uploads/2022/07/autumn-nail-trends-5.jpg,https://i.pinimg.com/originals/2b/db/52/2bdb52826e9319f83d25f50ef45380fd.jpg,564,1202,0,2026-09-01
2026-09-11,unhas decoradas,1116611302519428141,54,1,0,Nails,,,https://i.pinimg.com/originals/10/0d/88/100d8890f2c9c4505bdcad44a8dbc2fe.png,1023,1537,0,2026-08-26
2026-09-11,unhas decoradas,1083537991638023542,55,468,0,Elegant Blue Bow Nails | Soft Blue & Nude Almond Nail Art,a.co,https://a.co/d/0iUZmo9f,https://i.pinimg.com/originals/6b/3e/8f/6b3e8fc4baab0409868f225072b63206.png,1024,1536,0,2026-08-17
2026-09-11,unhas decoradas,688910074296718777,56,286,0,,,,https://i.pinimg.com/originals/63/c0/49/63c0493f844ab2b8e01b2297d12249d8.jpg,1290,1654,0,2026-08-28
2026-09-11,unhas decoradas,1084241679073345687,57,1,0,Party Nails New❤️,,,https://i.pinimg.com/originals/4c/6b/c6/4c6bc6d3ed517d9e1830746f28266c24.png,1024,1536,0,2026-08-31
2026-09-11,unhas decoradas,856880266648756402,58,2312,0,💜 Lavender Chrome Nail Art ✨,,,https://i.pinimg.com/originals/97/42/bf/9742bf1843f515e3662abb774aa379e6.jpg,1080,1920,0,2026-08-08
2026-09-11,unhas decoradas,1051168369298698158,59,457,0,,,,https://i.pinimg.com/originals/23/8e/0e/238e0e5bb1373551f6b1998e2a25767d.jpg,675,1200,0,2026-08-28
2026-09-11,unhas decoradas,1116752038887375239,60,2,0,Elegant Nude and Gold Floral Nail Design | Luxury Almond Nails,,,https://i.pinimg.com/originals/75/9f/72/759f7267645f7d3d68173deccd966722.png,1024,1536,0,2026-08-30
2026-09-11,unhas decoradas,791296597074008054,61,35,0,🌸 Soft Pink Floral Nail Ideas | Elegant Manicure,,,https://i.pinimg.com/originals/51/1f/61/511f61f1cec375fa87c344b6c2308bfa.png,1024,1536,0,2026-09-02
2026-09-11,unhas decoradas,1134273856187384665,62,8014,0,Lavender inspired polka dot nail design,,,https://i.pinimg.com/originals/71/9e/aa/719eaa987eeb060cc3a674c859a3658f.jpg,1792,2400,0,2026-08-17
2026-09-11,unhas decoradas,3237030979331768,63,366,0,Burgundy Floral Nails with Gold Botanical Details,,,https://i.pinimg.com/originals/10/9a/ed/109aeda63d355732ad08f7258f84af5c.jpg,735,1105,0,2026-09-02
2026-09-11,unhas decoradas,1090715603533875564,64,3,0,Olive Meadow Floral Nails,,,https://i.pinimg.com/originals/73/7f/0b/737f0b583c98d6c174a979b4c67e6281.jpg,736,1104,0,2026-08-24
2026-09-11,unhas decoradas,36099234508970687,65,536,0,,,,https://i.pinimg.com/originals/c9/5a/08/c95a08716a319c4da38e223e400e9bc9.jpg,1352,1800,0,2026-09-05
2026-09-11,unhas decoradas,1118440888750634426,66,1,0,Unha luxuosa,,,https://i.pinimg.com/originals/33/71/1d/33711d3ff089a992afb04471b5c31a31.jpg,900,1600,0,2026-08-23
2026-09-11,unhas decoradas,7810999350446976,67,17320,0,,,,https://i.pinimg.com/originals/41/94/d9/4194d9016470f5e3b23f7d9cd27e1ca4.jpg,1080,1920,0,2026-08-27
2026-09-11,unhas decoradas,111886371987788761,68,2542,0,🌸 Mauve & Blush Floral Nail Art ✨,,,https://i.pinimg.com/originals/3e/bb/a8/3ebba885e59c92638b5632b2c42695aa.png,1086,1448,0,2026-09-04
2026-09-11,unhas decoradas,492649955271066,69,6951,0,Chocolate Marble Nails Are Having a Moment 🍫🤎,,,https://i.pinimg.com/originals/af/fb/ef/affbef1bfe6e50a02092d78ba08838e0.png,1024,1536,0,2026-08-28
2026-09-11,unhas decoradas,718253840623321720,70,15,0,nails,,,https://i.pinimg.com/originals/64/46/9c/64469cd6bc43e5675f092557d2573134.jpg,853,1516,0,2026-09-04
2026-09-11,unhas decoradas,601019512817832404,71,81,0,💎 Luxe Marble Nails & Golden Hand Jewelry ✨,,,https://i.pinimg.com/originals/d4/ba/05/d4ba05d6fe2ccca6ecfe8e3224788505.jpg,1080,1920,0,2026-09-04
2026-09-11,unhas decoradas,402579654212998258,72,20680,0,,,,https://i.pinimg.com/originals/d3/74/97/d37497f7008d17f96e1c9cf442560a47.png,1089,1445,0,2026-06-07
2026-09-11,unhas decoradas,1102396815075035387,73,15,0,Unhas,s.shopee.com.br,https://s.shopee.com.br/3B6toXkXvV?channel_type=pinterest,https://i.pinimg.com/originals/31/3e/df/313edfe35a70edc7186d7a36c701a1a1.png,1024,1536,0,2026-08-25
2026-09-11,unhas decoradas,1121607482227874226,74,3586,0,🎀 Pink Almond French Tip Press On Nails | 3D Bow Glitter Glossy Reusable 24PCS Nail Kit,amazon.com,https://www.amazon.com/LPOODDNU-Almond-French-Press-Nails/dp/B0FNWVKK92?crid=1RS50QEGJU5IU&dib=eyJ2IjoiMSJ9.wC2uo1sT-C2DHsYCeGIDFhWZEqE5pNVoDIjQDyd0nFakzJZCxn73Kkg9OYaARb_V0UO-IB4xFXF8fcw8HIQfWtmhUhC2YyFoZ1KZRTT9f7--2A4HcUexYBj4apF9sd8CBv5_7vzHiB09rbQYlYwDU54ZJPM5NEaouZ_Wnr0H6yap0KHz9ApF5I3ojAV6b7xypJhBHapBoXC9cIAGlUxpBqGRAxiKSZVBl--Ylw52Ka_tCYjgTuI9xkpgmWrHOP-JqQdHTZjy-0H9M3GkHa7M_CTcTjQ3023-rqFh,https://i.pinimg.com/originals/f5/1e/b0/f51eb037e69ca49f5ef5654a63cd7623.png,941,1672,0,2026-08-10
2026-09-11,unhas decoradas,7599893118063213,75,9007,0,,,,https://i.pinimg.com/originals/91/42/ba/9142ba1eff24ed94a599d1d84af2d59d.png,1031,1510,0,2026-07-19
2026-09-11,cabelo cacheado cuidados,879820477227037141,1,62,0,🤎 Rotina de cuidados para cabelos cacheados,,,https://i.pinimg.com/originals/b9/4d/b8/b94db88ae470addaae4d9da69e643352.png,1086,1448,0,2026-07-08
2026-09-11,cabelo cacheado cuidados,4785143352422537,2,1130,0,Como acordar com o cabelo cacheado perfeito.,,,https://i.pinimg.com/originals/74/07/82/740782e1a0155b677f3fc0b361aaeb30.png,1024,1536,0,2026-06-30
2026-09-11,cabelo cacheado cuidados,281543726536133,3,1357,0,,,,https://i.pinimg.com/originals/dc/19/96/dc199687612678c53808c2a81593ef4d.jpg,1080,1920,0,2026-01-05
2026-09-11,cabelo cacheado cuidados,698902435947072791,4,45,0,"Se torne agora um especialista em cabelos cacheados,crespos e ondulados",rodrigovizu.com.br,https://rodrigovizu.com.br/metodo-rv/?ref=T84895611D,https://i.pinimg.com/originals/ae/31/e5/ae31e5c67115b33ecefcee86d81820b9.jpg,736,983,0,2023-07-17
2026-09-11,cabelo cacheado cuidados,678073287692945656,5,7,0,Dicas preciosas para os seus cachos 🥰⭐,,,https://i.pinimg.com/originals/de/dc/b3/dedcb3a41d59f11eb96d31a5cd5c331d.png,1024,1536,0,2026-07-15
2026-09-11,cabelo cacheado cuidados,1109996639442171665,6,2,0,Cronograma Capilar para Cachos: O Que Seu Cabelo Está Pedindo?,amigaah.com.br,https://amigaah.com.br/cronograma-capilar-para-cabelos-cacheados/,https://i.pinimg.com/originals/f6/fb/5a/f6fb5a9ca66cbdd55bcf0772466e6c0d.png,1024,1536,0,2026-08-24
2026-09-11,cabelo cacheado cuidados,4785143352422527,7,115,0,"Cachos lindos começam com pequenos cuidados! Hidrate, proteja e valorize a beleza natural",,,https://i.pinimg.com/originals/78/02/e0/7802e0e7924cb2239ba4fe6ce6569d3e.png,1024,1536,0,2026-06-30
2026-09-11,cabelo cacheado cuidados,952441021190644236,8,116,0,Dica do que não se fazer em cabelos cacheados,,,https://i.pinimg.com/originals/1a/2b/8e/1a2b8eaa82b9b66fb39ec854d1d13a65.png,1000,1500,0,2024-09-21
2026-09-11,cabelo cacheado cuidados,1044412969862449101,9,1,0,Como escolher o shampoo certo para o seu cabelo? 🧴✨,s.shopee.com.br,https://s.shopee.com.br/9pdR78zUar?channel_type=pinterest,https://i.pinimg.com/originals/2c/c2/18/2cc218342504cd836b5a7552181d37a5.png,1024,1536,0,2026-08-21
2026-09-11,cabelo cacheado cuidados,4596416125651858304,10,0,0,"Cronograma capilar: reconstrução, hidratação e nutrição",apsecosmetics.com.br,https://apsecosmetics.com.br/blogs/novidades/cronograma-capilar-reconstrucao-hidratacao-nutricao,https://i.pinimg.com/originals/0f/36/cc/0f36cc27781fd4f2f43967cdf76eb87a.png,896,1152,0,2026-08-26
2026-09-11,cabelo cacheado cuidados,985231165747296,11,968,0,💚 6 Erros na Umectação que Estão Acabando com Seu Cabelo!,,,https://i.pinimg.com/originals/c0/8a/0d/c08a0d413a45bc8fdc6f316667b0a6f7.png,1024,1536,0,2026-07-20
2026-09-11,cabelo cacheado cuidados,225039312633710167,12,1,0,"Inspiração para Cachos Definidos, Volumosos e Cheios de Brilho ✨",,,https://i.pinimg.com/originals/82/1b/f5/821bf5e9b486d0aa1db059b80be69318.png,1024,1536,0,2026-08-21
2026-09-11,cabelo cacheado cuidados,13933080093367208,13,460,0,"Se você tem cabelo cacheado, precisa conhecer estas dicas! 💜",instagram.com,https://www.instagram.com/ju.estetica.avancada,https://i.pinimg.com/originals/39/56/37/3956372bdc6ec9e0044a928e49a20fd8.png,1024,1536,0,2026-07-05
2026-09-11,cabelo cacheado cuidados,972214638328740824,14,1,0,,,,https://i.pinimg.com/originals/b7/4b/65/b74b6536cf2a5b99828b8d4a1aa629cf.jpg,736,1104,0,2026-07-16
2026-09-11,cabelo cacheado cuidados,1145955067718898168,15,1,0,Inspo/cabelos cacheados 💇🏾‍♀️,,,https://i.pinimg.com/originals/76/c7/38/76c73888cec3dbaced4627de505371b4.png,1024,1536,0,2026-08-25
2026-09-11,cabelo cacheado cuidados,225039312633728804,17,1,0,Cabelo liso x cacheado: qual rotina dá mais trabalho? 😂,,,https://i.pinimg.com/originals/24/0f/17/240f17db5cf84a43740eab1f06055ad8.png,1086,1448,0,2026-08-28
2026-09-11,cabelo cacheado cuidados,919297342749845570,18,118,0,Projeto Rapunzel: 6 Segredos para o Cabelo Cacheado Crescer Rápido e Forte ✨🌸,,,https://i.pinimg.com/originals/97/51/b8/9751b8bac275b33ff80d59a29d21d018.jpg,1200,1800,0,2026-04-04
2026-09-11,cabelo cacheado cuidados,24980972928480503,19,2370,0,Cuidados com Cabelo Cacheado! Como evitar Frizz no cabelo!,,,https://i.pinimg.com/originals/6a/6f/99/6a6f99c597e8c076b2e5ddb2fa2385a3.jpg,676,1201,0,2024-10-25
2026-09-11,cabelo cacheado cuidados,1139340405722748472,20,4170,0,Vai cuidar do cabelo? faça da forma correta!!,,,https://i.pinimg.com/originals/8a/e8/d8/8ae8d807cc48e88854a31c7af16d2f43.jpg,736,1308,0,2024-07-02
2026-09-11,cabelo cacheado cuidados,553661347965752877,21,265,0,minha rotina capilar essa semana 💆‍♀️⭐️✨🛁🧴 #explorepage #girls,instagram.com,https://www.instagram.com/p/DXKlZVdD-jX/,https://i.pinimg.com/originals/00/6e/7b/006e7b24643dc4a081652885a7570c56.jpg,1440,1920,0,2026-04-15
2026-09-11,cabelo cacheado cuidados,292171094602225379,22,289,0,👩🏻‍🦱Guia completa de dicas para o seu cabelo cacheado 🌷,,,https://i.pinimg.com/originals/00/86/a0/0086a06907b3c863014d82e670178ad3.png,1024,1536,0,2026-08-28
2026-09-11,cabelo cacheado cuidados,919297342752799969,23,74,0,Cachos Perfeitos: 6 Hábitos Diários para Conquistar a Definição dos Sonhos,,,https://i.pinimg.com/originals/9b/0f/37/9b0f37f23ecabe9fe96bc56abb8acf54.jpg,1200,1800,0,2026-07-02
2026-09-11,cabelo cacheado cuidados,71002131620906658,24,102,0,5 Dicas para cachos perfeitos!🤩,,,https://i.pinimg.com/originals/21/97/90/219790089dd87ffa06bd415bc917f459.jpg,1080,1920,0,2025-11-18
2026-09-11,cabelo cacheado cuidados,1101059809015295417,25,5,0,5 cuidados essenciais para manter os cabelos crespos hidratados e saudáveis,,,https://i.pinimg.com/originals/64/2c/3a/642c3a925f90e1a56fa411027fec027d.png,1024,1536,0,2026-07-28
2026-09-11,cabelo cacheado cuidados,1056305287641521183,26,1,0,Cuidados com os cabelos,s.shopee.com.br,https://s.shopee.com.br/AAGqlOa3Nq?channel_type=pinterest,https://i.pinimg.com/originals/02/0f/87/020f87ccc87939d406ec1b866c139c19.jpg,736,1104,0,2026-09-02
2026-09-11,cabelo cacheado cuidados,794674296758278337,27,100,0,"Cabelo cacheado saudável! Os itens para investir de modo certeiro ao tratar, definir e secar os fios",purepeople.com.br,https://www.purepeople.com.br/noticia/cabelo-cacheado-itens-de-black-friday-para-cuidar-e-tratar-dos-fios_a330723/1?utm_source=pinterest&utm_medium=post&utm_campaign=glam,https://i.pinimg.com/originals/ae/f5/f0/aef5f0ba84a59dd4f465851c27c8ecfe.jpg,736,1104,0,2021-11-08
2026-09-11,cabelo cacheado cuidados,1056868237576416590,28,1,0,✨dicas para o cabelo ✨,,,https://i.pinimg.com/originals/ef/cf/80/efcf807b96bdf5512d77c7d22c3867d7.jpg,736,1104,0,2026-05-26
2026-09-11,cabelo cacheado cuidados,970736894701504913,29,3,0,Como cuidar do cabelo cacheado,,,https://i.pinimg.com/originals/2d/02/28/2d022856b4f4b3d5cfcc9823e2cd752c.jpg,1206,1811,0,2026-08-28
2026-09-11,cabelo cacheado cuidados,AczB3R-8VOHxWacsUjAiD5aMzmSJ3-b0AVwbQq-dkK8PFHna3cVBx2kh1jMFmC163M0cHsHsbjpu3SVgy6cZRYM,30,17,0,Cabelos crespos,s.shopee.com.br,https://s.shopee.com.br/40fRhanDXw?pp=1&channel_type=pinterest,https://i.pinimg.com/originals/ae/f1/e5/aef1e57bc17574d8bd8da7d9c29c84f0.jpg,1024,1536,0,2026-08-27
2026-09-11,cabelo cacheado cuidados,225039312633524982,31,17,0,5 Dicas Simples Para Reduzir a Queda de Cabelo Naturalmente 🌿,,,https://i.pinimg.com/originals/65/85/f0/6585f0859bb4effc73dc9ece16a8b1e8.png,1024,1536,0,2026-06-13
2026-09-11,cabelo cacheado cuidados,1064186586972358976,32,1,0,CABELO CACHEADO 3A SEM DEFINIÇÃO? VEJA 5 DICAS,chat.whatsapp.com,https://chat.whatsapp.com/GC20vPZISP7GIN5VPMEgqT?s=sh&p=i&mlu=1,https://i.pinimg.com/originals/73/d5/01/73d501301d080dcf56a66cb68ffca3dd.png,1023,1537,0,2026-08-19
2026-09-11,cabelo cacheado cuidados,1067705024178679073,33,31,0,5 dicas para definir seus cachos,,,https://i.pinimg.com/originals/ab/e0/c1/abe0c1494361a9b28013748424e44670.png,1024,1536,0,2026-08-06
2026-09-11,cabelo cacheado cuidados,1126392556799823018,34,1151,0,cabelo cacheado cuidados 💖,,,https://i.pinimg.com/originals/e7/6f/54/e76f54f352305869456f210ac8081d9f.jpg,576,1024,0,2024-08-26
2026-09-11,cabelo cacheado cuidados,437482551323521063,35,6,0,Descubra como cuidar dos seus cabelos cacheados !,julianafaissola.com,https://www.julianafaissola.com/post/cabelos-cacheados-guia-completo-para-cuidar-dos-seus-cachos,https://i.pinimg.com/originals/68/09/c2/6809c2d01ff811b6ffdb7503c7b1e1d0.jpg,800,1200,0,2024-06-29
2026-09-11,cabelo cacheado cuidados,582864376820491602,36,7,0,I’m just a curly girl 💅🏻🎀🧖🏻‍♀️🫧🧴💕,,,https://i.pinimg.com/originals/6d/b7/b3/6db7b34d4a076dce888956e336a86abe.png,1086,1448,0,2026-08-28
2026-09-11,cabelo cacheado cuidados,912541943237489258,37,161,0,4 Cuidados Essenciais para seus Cabelos Cacheados!,enroladasblogbr.wixsite.com,https://enroladasblogbr.wixsite.com/enroladas/post/5-dicas-para-finalizar-cabelo-cacheado,https://i.pinimg.com/originals/0d/fc/f9/0dfcf9ae898e81a4a9ac79610e09a7f5.jpg,675,1200,0,2024-06-25
2026-09-11,cabelo cacheado cuidados,9851692934560124,38,9510,0,,,,https://i.pinimg.com/originals/a2/e2/52/a2e25281adf74664e0cc4d8f6430d900.jpg,736,1308,0,2025-12-15
2026-09-11,cabelo cacheado cuidados,310607705569143727,39,210,0,ROTINA CAPILAR PARA CACHEADAS!! / JÁ SALVA PARA NÃO PERDER!!,,,https://i.pinimg.com/originals/91/84/01/918401df0c1048585d6f35f46b8ae40f.png,576,1024,0,2025-06-21
2026-09-11,cabelo cacheado cuidados,919297342749578984,40,12,0,4 Passos Simples para Cachos Incríveis e Saudáveis! ✨👇,,,https://i.pinimg.com/originals/8a/23/8e/8a238ecd57b538ab6a4c8746f9571593.jpg,1200,1800,0,2026-03-27
2026-09-11,cabelo cacheado cuidados,1140395936923833042,41,5,0,cachos dos sonhos 🤌💫,,,https://i.pinimg.com/originals/e4/e9/30/e4e930a2e5b8e067af61ff8413e18e11.png,1772,2229,0,2026-07-31
2026-09-11,cabelo cacheado cuidados,80783387062639366,42,123,0,Rotina simples para cuidar do cabelo cacheado.,,,https://i.pinimg.com/originals/68/d7/dc/68d7dcb11858a00ece5037afc3dfb995.png,1023,1537,0,2026-06-29
2026-09-11,cabelo cacheado cuidados,1107955945855102692,43,52,0,Rotina de cuidados para cabelo cacheado (simples).,,,https://i.pinimg.com/originals/58/3f/7d/583f7dab49accf79e22f6a337027e62b.png,1024,1536,0,2026-04-15
2026-09-11,cabelo cacheado cuidados,335799715990998464,44,26,0,Cabelo ressecado ou poroso ?,,,https://i.pinimg.com/originals/97/77/0b/97770ba3fa0393cf0304b6d7010d40ce.png,1024,1536,0,2026-07-17
2026-09-11,cabelo cacheado cuidados,200973202116613961,45,208,0,Cuidados para ter um cabelo cacheado bonito e saudável | por Cintia Araujo,,,https://i.pinimg.com/originals/49/d9/ba/49d9bab49bd0b08cb559570d7dfc55a7.jpg,1080,1920,0,2025-08-20
2026-09-11,cabelo cacheado cuidados,1107955945855029597,46,207,0,Como recuperar cabelo cacheado ressecado.,,,https://i.pinimg.com/originals/27/80/33/27803331ed7a5869e92a1c9bb6d3e09e.png,1024,1536,0,2026-04-14
2026-09-11,cabelo cacheado cuidados,120541727523280559,48,150,0,Como deixar o cabelo cacheado mais definido 💜,,,https://i.pinimg.com/originals/e2/d2/45/e2d2459c5a82e74ed37e50b040b60562.jpg,736,1104,0,2026-08-29
2026-09-11,cabelo cacheado cuidados,527976756324367562,51,30,0,,instagram.com,https://www.instagram.com/p/CWCuTLkrvwh/?utm_medium=share_sheet,https://i.pinimg.com/originals/32/c8/a1/32c8a10407098b798e0b21f7c6fbea07.jpg,964,1205,0,2021-12-06
2026-09-11,cabelo cacheado cuidados,20195898327096265,52,2439,0,cuidados capilar,,,https://i.pinimg.com/originals/98/19/71/9819710a8c3453702ba71ebb1e038245.jpg,1080,1758,0,2025-11-18
2026-09-11,cabelo cacheado cuidados,1099019115346887606,53,1,0,The Perfect Curly Hair Routine | 6 Simple Steps for Defined Curls,,,https://i.pinimg.com/originals/f5/da/f1/f5daf1e92cbfe98f7f78418bef4c3aaf.png,1024,1536,0,2026-08-23
2026-09-11,cabelo cacheado cuidados,873979871474549526,54,15,0,,,,https://i.pinimg.com/originals/89/3b/a5/893ba587c63c3a623337854c3ef13c43.jpg,1200,1800,0,2026-08-25
2026-09-11,cabelo cacheado cuidados,1079034391992402491,55,287,0,link do canal whatsapp: https://whatsapp.com/channel/0029Vb8ND8iKWEKm1m1Lo51z,whatsapp.com,https://whatsapp.com/channel/0029Vb8ND8iKWEKm1m1Lo51z,https://i.pinimg.com/originals/8a/34/55/8a345516edaee0b2d83ed4511ea605db.png,1024,1536,0,2026-07-23
2026-09-11,cabelo cacheado cuidados,503277327133634478,56,4,0,"Cachos ressecados não aparecem do dia para a noite e a recuperação também acontece com uma rotina de cuidados consistente!✨ Pequenos hábitos fazem toda a diferença para devolver a maciez, o brilho e a",,,https://i.pinimg.com/originals/12/80/93/1280937e7c8417264df5accc03eb9018.png,4500,5625,0,2026-07-28
2026-09-11,cabelo cacheado cuidados,919297342750545781,57,223,0,Como Finalizar Cabelo 3C: Passo a Passo para Cachos com Muita Definição e Volume 🌀✨,,,https://i.pinimg.com/originals/e0/5b/ab/e05bab1cc89cf9e9ed02eb3b4ebf8cec.jpg,1200,1800,0,2026-04-24
2026-09-11,cabelo cacheado cuidados,1088534172470020370,58,4,0,"Curly Hair Care Routine | Easy Tips for Defined, Hydrated & Healthy Curls",,,https://i.pinimg.com/originals/3c/f9/d3/3cf9d3ae3c70f1d0ca91bd04e4e741e0.png,1024,1536,0,2026-08-28
2026-09-11,cabelo cacheado cuidados,919297342749831127,59,92,0,7 Segredos para Cachos Super Hidratados e com Brilho (Guia Definitivo 🎀),,,https://i.pinimg.com/originals/87/75/fc/8775fc506414e4cfca8a5f171dff4963.jpg,1200,1800,0,2026-04-04
2026-09-11,cabelo cacheado cuidados,4785143352422517,60,28,0,Erros que acabam com seu cabelo natural,,,https://i.pinimg.com/originals/ca/7a/fb/ca7afb3aab76a83896eb562d2f688498.png,1024,1536,0,2026-06-30
2026-09-11,cabelo cacheado cuidados,128915608079566563,61,1564,0,RESULTADOS INCRÍVEIS NOS MEUS CACHOS!! / CURTA SE GOSTOU DO VÍDEO!!,,,https://i.pinimg.com/originals/de/37/b3/de37b32b55d72597da852bb5f2c2a71e.png,576,976,0,2025-11-29
2026-09-11,cabelo cacheado cuidados,1074953004826696833,62,472,0,Como cuidar do seu crespo!😊🍪,,,https://i.pinimg.com/originals/0e/34/71/0e347108b3c495eeb192ac1869a8f9df.png,1122,1402,0,2026-06-05
2026-09-11,cabelo cacheado cuidados,665547651227817773,63,9,0,"🌺O guia definitivo para cuidar do seu cabelo cacheado, crespo ou com química ✨",,,https://i.pinimg.com/originals/b1/46/7a/b1467a6a021ff2e5ffa098be1da97f8a.png,1024,1536,0,2026-07-17
2026-09-11,cabelo cacheado cuidados,903182900251826954,64,144,0,Deixe seu cabelo maravilhoso!,,,https://i.pinimg.com/originals/05/d9/2c/05d92cea76d9d66ac2312179d3afd0ed.jpg,564,833,0,2023-03-18
2026-09-11,cabelo cacheado cuidados,625226360800614041,65,560,0,"A porosidade capilar acontece quando o cabelo está muito poroso e ressecado, sendo uma forma de medir o quanto os fios conseguem absorver de nutrientes. Descobre o que o seu cabelo precisa na hora da ",instagram.com,https://www.instagram.com/p/C8IUQ3Yut5v/?img_index=4,https://i.pinimg.com/originals/f8/e6/4e/f8e64eb5230f20dcf1e7dca2388656a7.jpg,1080,1350,0,2024-06-18
2026-09-11,cabelo cacheado cuidados,87538786503395866,66,1628,0,𝒜.,,,https://i.pinimg.com/originals/01/e0/38/01e038ae87ccd89e32bfb5d3c01e11fe.jpg,1200,1800,0,2026-03-12
2026-09-11,cabelo cacheado cuidados,929782285590653282,67,1,0,"Cachos definidos, nutridos e cheios de vida desde a primeira aplicação!",s.shopee.com.br,https://s.shopee.com.br/5VUufdy6Rt?share_channel_code=1&channel_type=pinterest,https://i.pinimg.com/originals/05/96/e8/0596e8164c5b5bcc283b89d2904af6a9.jpg,1536,2752,0,2026-08-29
2026-09-11,cabelo cacheado cuidados,27514247717611041,68,1717,0,Você faz certo?,,,https://i.pinimg.com/originals/c0/10/a2/c010a229afe6cbd4ff92f2f09377ce08.png,1080,1920,0,2025-01-14
2026-09-11,cabelo cacheado cuidados,919297342750454875,69,5,0,Projeto Rapunzel: 5 Dicas Infalíveis para o Cabelo Crescer Rápido🌿💇🏾‍♀️,,,https://i.pinimg.com/originals/04/65/32/0465320ae5a5e01cac84e674a2a57f36.jpg,1200,1800,0,2026-04-21
2026-09-11,cabelo cacheado cuidados,1107955945855832549,70,15,0,Hábitos que deixam o cabelo cacheado mais saudável.,,,https://i.pinimg.com/originals/67/c6/01/67c6014c7cfb90fc476f8edf8fbb2cc5.png,1024,1536,0,2026-04-26
2026-09-11,cabelo cacheado cuidados,561050066103789316,71,132,0,Como Definir Cachos: Passo a Passo para o Day After,sinceramenterafa.com,https://sinceramenterafa.com/como-definir-os-cachos-no-day-after/,https://i.pinimg.com/originals/b9/d3/cc/b9d3cc6af17461f74d805e4548ce4d0b.jpg,1000,1500,0,2025-10-13
2026-09-11,cabelo cacheado cuidados,204350901838832136,72,54,0,como cuidar dos seus cachinhos.💕,,,https://i.pinimg.com/originals/9c/64/1f/9c641f93df30f2aacf28abafb896d3a7.png,1054,1492,0,2026-07-23
2026-09-11,cabelo cacheado cuidados,15903404930746010,73,6710,0,Crescimento dos cachos,,,https://i.pinimg.com/originals/8a/98/5a/8a985a85feadf65551c23e6fbaae2e97.jpg,1080,1920,1,2026-02-23
2026-09-11,cabelo cacheado cuidados,812899801538380814,74,7,0,minha rotina capilar,,,https://i.pinimg.com/originals/7e/89/1e/7e891e03148c9b5111dd6454ddf136b5.png,1024,1536,0,2026-08-13
2026-09-11,cabelo cacheado cuidados,1126603663107113044,75,53,0,7 Cuidados Que Fazem Toda Diferença nos Cabelos Cacheados,,,https://i.pinimg.com/originals/fd/a3/e3/fda3e3780b8b2d5fb622860e83cd848e.png,1024,1536,0,2026-06-14
2026-09-11,maquiagem natural dia a dia,963840757778924852,1,2361,0,,,,https://i.pinimg.com/originals/54/06/f7/5406f7b703c2e2e7c1944633b5181b36.jpg,736,1104,0,2026-04-22
2026-09-11,maquiagem natural dia a dia,633387443778190,2,5558,0,,,,https://i.pinimg.com/originals/65/b3/0f/65b30fef74dd3966a2ceecaf60de6590.jpg,736,1104,0,2025-08-02
2026-09-11,maquiagem natural dia a dia,1142084786782735380,3,1759,0,,,,https://i.pinimg.com/originals/c3/f7/d5/c3f7d50af40319c36359f66c38d027e9.jpg,736,1104,0,2026-04-15
2026-09-11,maquiagem natural dia a dia,963840757778924845,4,2475,0,,,,https://i.pinimg.com/originals/db/3b/96/db3b963fa04d5db15cbcc00476b848d5.jpg,736,1104,0,2026-04-22
2026-09-11,maquiagem natural dia a dia,351069733476225764,5,1,0,Natural Everyday Makeup Look ✨,,,https://i.pinimg.com/originals/1d/8b/12/1d8b1247ef4ed0e661c73bcfe713c7d7.heic,2316,3088,0,2026-08-29
2026-09-11,maquiagem natural dia a dia,1083186147903386224,6,478,0,✨ Make Glow Natural para o Dia a Dia,glowtrends26.blogspot.com,https://glowtrends26.blogspot.com/2026/07/maquiagem-basica-ou-elaborada-produtos.html,https://i.pinimg.com/originals/12/1a/ea/121aeadcaa4484d4763d495845d8b896.jpg,858,1525,0,2026-06-28
2026-09-11,maquiagem natural dia a dia,937945059913428043,7,1755,0,,,,https://i.pinimg.com/originals/de/03/23/de0323b0fb96d11743b9404739babd34.jpg,600,900,0,2026-06-21
2026-09-11,maquiagem natural dia a dia,992480836647399883,8,460,0,Everyday soft glam makeup lookbook,,,https://i.pinimg.com/originals/cc/bb/d9/ccbbd9d28a4ce0e7372b28d5c2179a67.jpg,1200,2055,0,2026-02-15
2026-09-11,maquiagem natural dia a dia,356417758029564446,9,8824,0,,,,https://i.pinimg.com/originals/bd/2b/b6/bd2bb658d11e9e8e24fa35eee0e53457.jpg,600,900,0,2025-06-10
2026-09-11,maquiagem natural dia a dia,5277724560712374,10,544,0,,,,https://i.pinimg.com/originals/67/35/ec/6735ec729f4ad6bed19df93055557000.jpg,744,1519,0,2026-08-30
2026-09-11,maquiagem natural dia a dia,1337074890646783,11,4539,0,,,,https://i.pinimg.com/originals/fc/12/54/fc12544c00cc7860b6392a6b3ae074b9.jpg,736,1227,0,2026-08-21
2026-09-11,maquiagem natural dia a dia,8444318048210524,12,49,0,,,,https://i.pinimg.com/originals/fd/bd/4c/fdbd4c02e004f96bca9ce5a2d823c60c.jpg,736,1104,0,2026-09-03
2026-09-11,maquiagem natural dia a dia,397794579610269483,13,469,0,,,,https://i.pinimg.com/originals/b9/98/2b/b9982b9a5f70e41debfd0267b3e9c0a6.jpg,736,1288,0,2026-06-24
2026-09-11,maquiagem natural dia a dia,68750355743,14,658,0,Soft Clean Girl Makeup Look ✨ Glow Beauty Aesthetic 💄 Dewy Skin Inspiration by GIGI GLOW,gofund.me,https://gofund.me/73b5b9a82,https://i.pinimg.com/originals/21/fc/f5/21fcf5bea5342abbd6e7da57e86dcb4b.png,1024,1536,0,2026-08-26
2026-09-11,maquiagem natural dia a dia,716213147054146084,15,1769,0,Clean Girl Minimal Makeup Look,,,https://i.pinimg.com/originals/7d/a2/b2/7da2b2d191559017020cb8c604740cef.png,756,1344,0,2026-01-11
2026-09-11,maquiagem natural dia a dia,1196337405657140,17,1736,0,15 Clean Girl Makeup Looks For Black Women |...,thrivenaija.com,https://www.thrivenaija.com/clean-girl-makeup-looks-for-black-women/,https://i.pinimg.com/originals/e6/23/2a/e6232a2cd615b1b900b07499fe705742.jpg,1024,1536,0,2026-06-04
2026-09-11,maquiagem natural dia a dia,880031583446799282,18,1129,0,Elegant Neutral Makeup,,,https://i.pinimg.com/originals/57/1e/31/571e31c9028555aea496501c915e8504.jpg,1000,1500,0,2025-11-23
2026-09-11,maquiagem natural dia a dia,818810776041896100,19,10049,0,no makeup makeup look ✨️,,,https://i.pinimg.com/originals/7e/6f/82/7e6f824fc84569ede2e6aac4720dc630.jpg,704,1252,0,2026-01-04
2026-09-11,maquiagem natural dia a dia,28429041394640009,20,243,0,Natural Everyday Makeup Look ✨ Simple & Fresh,linktr.ee,https://linktr.ee/Glowoutine99,https://i.pinimg.com/originals/27/80/cf/2780cf70e4f524b4355466b0fa48a8d1.jpg,768,1408,0,2026-05-28
2026-09-11,maquiagem natural dia a dia,465348574021353597,21,165,0,,,,https://i.pinimg.com/originals/80/d8/11/80d811bd4990de66e83c739dd5c6a705.jpg,703,1210,0,2026-07-31
2026-09-11,maquiagem natural dia a dia,1086141635178737425,22,1242,0,,,,https://i.pinimg.com/originals/65/55/d1/6555d19eb14ef1dd850b1aeb58169c5e.jpg,736,1104,0,2026-04-26
2026-09-11,maquiagem natural dia a dia,775533998377129509,23,1078,0,,,,https://i.pinimg.com/originals/68/84/1a/68841a86fe489a645831f6aafbfb4e4c.jpg,736,1288,0,2026-02-01
2026-09-11,maquiagem natural dia a dia,95208979617650127,24,255,0,soft Glam makeup,,,https://i.pinimg.com/originals/13/a0/76/13a076c5abd10566690825c0ad83b867.jpg,736,981,0,2026-08-17
2026-09-11,maquiagem natural dia a dia,747175394478582922,25,11399,0,,,,https://i.pinimg.com/originals/c0/7c/d6/c07cd6cef06ae840805be4fcc0638799.jpg,703,1149,0,2026-05-18
2026-09-11,maquiagem natural dia a dia,1093389615804383072,26,420,0,Natural Glowing Skin Makeup Look ✨,,,https://i.pinimg.com/originals/01/88/8e/01888e944190f6c4ad195061dfcb0032.jpg,736,1308,0,2026-05-05
2026-09-11,maquiagem natural dia a dia,1040190845218630750,27,706,0,,,,https://i.pinimg.com/originals/fc/d1/80/fcd180b912748f7a8859c717cdeec1a2.jpg,736,1213,0,2026-04-27
2026-09-11,maquiagem natural dia a dia,1407443630345225,28,13158,0,,,,https://i.pinimg.com/originals/f0/f5/e0/f0f5e00036919fdb9256394ea8aaa954.jpg,1320,2339,0,2025-11-21
2026-09-11,maquiagem natural dia a dia,40602834138708323,29,183,0,,,,https://i.pinimg.com/originals/23/93/a3/2393a32e462bcf53559764eee8c8d08e.jpg,736,1288,0,2026-09-04
2026-09-11,maquiagem natural dia a dia,872150284112860686,30,12,0,"MAKE - Maquiagem, maquiagem simples, maquiagem artística, maquiagem noiva, ideias de MAKE",s.shopee.com.br,https://s.shopee.com.br/9Kc22j1fEf?channel_type=pinterest,https://i.pinimg.com/originals/64/62/96/646296a3da2c6b9c812a9013c6ab22c9.jpg,736,1313,0,2026-01-23
2026-09-11,maquiagem natural dia a dia,38069559344648857,31,3,0,Maquiagem natural glow com pele iluminada 💖,,,https://i.pinimg.com/originals/89/b9/5b/89b95b98df4fe0e4bad1422d9c1fa59c.jpg,768,1365,0,2026-03-08
2026-09-11,maquiagem natural dia a dia,13581236385650803,32,176,0,inspiração maquiagem,,,https://i.pinimg.com/originals/5b/d7/cf/5bd7cf8817ec2591f86e5b8591ca5591.jpg,768,1262,0,2026-05-27
2026-09-11,maquiagem natural dia a dia,1033013233299845368,33,7,0,Peachy Nude Makeup Look 🍑✨,,,https://i.pinimg.com/originals/48/2d/b2/482db29463a74ded444efccf32a6b0fd.png,1023,1537,0,2026-08-31
2026-09-11,maquiagem natural dia a dia,929711916845540640,34,4,0,✨ Glowy Nude Makeup,,,https://i.pinimg.com/originals/ec/e2/bc/ece2bcac201937667b4f52d9c5fd68b2.png,1000,1500,0,2026-09-03
2026-09-11,maquiagem natural dia a dia,1139762618219384404,35,1192,0,Fresh Glow Makeup Trends,,,https://i.pinimg.com/originals/ae/a9/1b/aea91ba87e187aac77a81cd1d124247c.png,1000,1500,0,2026-05-15
2026-09-11,maquiagem natural dia a dia,716213147054146060,36,2030,0,Everyday Minimal Makeup Look,,,https://i.pinimg.com/originals/89/9e/d9/899ed9cecc261c12114c2cf7e18a51cb.png,756,1344,0,2026-01-11
2026-09-11,maquiagem natural dia a dia,2040762329021184,37,1541,0,Make básica,,,https://i.pinimg.com/originals/2f/75/f7/2f75f71b095e1804894f630c60cb9654.jpg,1080,1920,0,2025-12-02
2026-09-11,maquiagem natural dia a dia,68257750597658186,38,115,0,Maquiagem Simples: Dicas e Truques ✨,priflor.com,https://priflor.com/guia-completo-de-maquiagem-simples-dicas-e-truques/,https://i.pinimg.com/originals/24/4c/dc/244cdc3c7c33e9d7becdc38095c91c41.jpg,800,1200,0,2025-03-12
2026-09-11,maquiagem natural dia a dia,184929128445153653,39,218,0,,instagram.com,https://www.instagram.com/reel/DafhhWxs535/,https://i.pinimg.com/originals/8b/71/b5/8b71b56a123ded3999ce21092228d194.jpg,840,1490,0,2026-09-04
2026-09-11,maquiagem natural dia a dia,1110770695620142225,40,6037,0,,,,https://i.pinimg.com/originals/d2/72/67/d27267d7a6a177a981e3e75f40d11758.jpg,736,1313,0,2025-03-21
2026-09-11,maquiagem natural dia a dia,1110770695621523410,41,7449,0,,,,https://i.pinimg.com/originals/37/8d/27/378d27e463e9735cde008cb7043076ab.jpg,736,1313,0,2025-04-08
2026-09-11,maquiagem natural dia a dia,20266267069747651,42,235,0,Warm makeup look,,,https://i.pinimg.com/originals/bf/ed/ef/bfedef37c63722fe7e58b42623a37a2b.jpg,1080,1920,0,2026-09-02
2026-09-11,maquiagem natural dia a dia,1085226841482176829,43,571,0,,,,https://i.pinimg.com/originals/78/3c/ef/783cefa91a55bd03eebfb0a1b568b803.png,832,1216,0,2026-02-28
2026-09-11,maquiagem natural dia a dia,293859944461308799,44,78,0,,,,https://i.pinimg.com/originals/09/f6/a7/09f6a7e66f0074ee0e14dd7caf3f8378.jpg,760,1128,0,2026-07-27
2026-09-11,maquiagem natural dia a dia,1337074890555067,45,584,0,,,,https://i.pinimg.com/originals/b3/56/9a/b3569a651962667ee711fe8b352a1055.png,864,1232,0,2026-07-15
2026-09-11,maquiagem natural dia a dia,422281212758095,47,29030,0,,,,https://i.pinimg.com/originals/e7/e9/9c/e7e99c4a2ad55af932c2d1b8135ef76d.jpg,736,1190,0,2026-05-16
2026-09-11,maquiagem natural dia a dia,354236326965488563,51,12,0,Soft Natural Makeup Look | Clean Girl Beauty Inspiration ✨,,,https://i.pinimg.com/originals/29/30/85/293085a88e8bf0daf4436606964f1247.png,1000,1500,0,2026-09-04
2026-09-11,maquiagem natural dia a dia,1126674031819870801,52,13,0,,,,https://i.pinimg.com/originals/d7/40/e3/d740e36eae1ca73b1702fcbfa8cca878.jpg,1272,2118,0,2026-08-27
2026-09-11,maquiagem natural dia a dia,1145392117760608066,53,1,0,The Soft Glam Makeup secret for everyday wear,farjanborsha.netlify.app,https://farjanborsha.netlify.app/?the-soft-glam-makeup-secret-for-everyday-wear,https://i.pinimg.com/originals/d6/a7/2c/d6a72c077eaefbda7b05f9decea0315d.png,768,1376,0,2026-09-02
2026-09-11,maquiagem natural dia a dia,1090293391072855859,54,6979,0,,,,https://i.pinimg.com/originals/3c/10/46/3c1046ae90bc35765198dd206687178b.jpg,736,1104,0,2026-03-01
2026-09-11,maquiagem natural dia a dia,589408670036464976,55,49,0,Soft glam makeup look 💗,,,https://i.pinimg.com/originals/83/81/bc/8381bce27cc0280eeb690117086697db.jpg,1224,1632,0,2026-09-05
2026-09-11,maquiagem natural dia a dia,459367230760888975,56,18,0,Maquillaje diario: estilos naturales para realzar tu belleza,mujerde10.com,https://www.mujerde10.com/belleza/maquillaje-natural-para-el-dia-a-dia/2024/09/,https://i.pinimg.com/originals/a7/ba/34/a7ba3402ff49ab271ec3d1b99dc9eea7.jpg,1112,1866,0,2025-01-10
2026-09-11,maquiagem natural dia a dia,960040845582780597,57,3641,0,ASTHETIC VIBES,,,https://i.pinimg.com/originals/a1/52/67/a15267fb9d9dd0bf459cf6ed0c450fa3.png,1152,2048,0,2026-02-10
2026-09-11,maquiagem natural dia a dia,1017180265854037905,58,1154,0,Natural Beauty Portrait,,,https://i.pinimg.com/originals/90/0e/d8/900ed8ec5ebff28a4b86adf15c3467cc.png,1024,1536,0,2026-01-27
2026-09-11,maquiagem natural dia a dia,281543726046116,59,4485,0,,,,https://i.pinimg.com/originals/26/20/dd/2620dd04582cc6141036503752f38979.jpg,521,827,0,2025-08-06
2026-09-11,maquiagem natural dia a dia,26247610324871739,60,75,0,Clean Girl Makeup for an Effortless Everyday Glow,,,https://i.pinimg.com/originals/41/34/c5/4134c5cd90ca9ded7cc7c614a28222c2.png,1000,1500,0,2026-08-20
2026-09-11,maquiagem natural dia a dia,422281212325801,61,9973,0,,,,https://i.pinimg.com/originals/8e/33/af/8e33af451d6a64b375e44a3c442a69af.jpg,675,1200,0,2025-12-20
2026-09-11,maquiagem natural dia a dia,3870349675796502,62,4559,0,,,,https://i.pinimg.com/originals/b9/b1/39/b9b1393fff2986e72035ae7c494b815f.png,720,1202,0,2026-06-01
2026-09-11,maquiagem natural dia a dia,1085086103996120372,63,3384,0,Clean Girl Makeup Look 🤍,,,https://i.pinimg.com/originals/49/d5/e2/49d5e2f5d43c449a207b881af4eaba48.png,736,1288,0,2026-03-23
2026-09-11,maquiagem natural dia a dia,1141451468119423278,64,3,0,Soft Glam Picture Day Makeup for a Beautiful Photo,hillcountrygoldendoodles.com,https://www.hillcountrygoldendoodles.com/picture-day-makeup/,https://i.pinimg.com/originals/93/3d/19/933d19a6b1dc21a5fbac4fe6394f3ec2.jpg,1080,1920,0,2026-08-26
2026-09-11,maquiagem natural dia a dia,1126674031816749024,65,3551,0,,,,https://i.pinimg.com/originals/5e/88/19/5e88193ca67541f5f5f1bf9e0508dbcd.jpg,1070,1782,0,2026-07-18
2026-09-11,maquiagem natural dia a dia,903886587738412313,66,291,0,soft makeup look,,,https://i.pinimg.com/originals/75/04/dd/7504dd9d528faa297427832f310a55ef.png,896,1200,0,2026-08-06
2026-09-11,maquiagem natural dia a dia,911838255805460673,67,4047,0,Effortless Beauty: Simple Makeup Looks for Every Day!,,,https://i.pinimg.com/originals/9a/08/91/9a0891f6c03e18598c7bd619abd8980b.jpg,1000,1500,0,2025-04-01
2026-09-11,maquiagem natural dia a dia,844493676848457,68,1465,0,,,,https://i.pinimg.com/originals/71/d4/b0/71d4b04df5786730f0f789a6938394fb.jpg,736,1104,0,2026-06-30
2026-09-11,maquiagem natural dia a dia,13018286423735076,69,6940,0,,,,https://i.pinimg.com/originals/3f/b9/ed/3fb9ed42538b9f919b2e14e39fc21bce.jpg,675,1200,0,2026-07-10
2026-09-11,maquiagem natural dia a dia,898257088194656681,70,187,0,,,,https://i.pinimg.com/originals/4d/d3/5e/4dd35ed7d8ed96b2a4e805aabd59dc1e.jpg,1000,1500,0,2025-09-06
2026-09-11,maquiagem natural dia a dia,769060073903808244,71,49,0,Maquiagem natural iluminada,instagram.com,https://www.instagram.com/julianagebara?igsh=NWM4OXhuMmZoMXdm&utm_source=qr,https://i.pinimg.com/originals/c9/0d/91/c90d91d9309e0f860f6fec80a17e8b91.jpg,1080,1920,0,2025-02-13
2026-09-11,maquiagem natural dia a dia,742108844884379574,72,15967,0,,,,https://i.pinimg.com/originals/23/00/c0/2300c05db51d76b25af36026ab2dbadc.jpg,675,1200,0,2025-03-29
2026-09-11,maquiagem natural dia a dia,1095219203161134539,73,2331,0,,,,https://i.pinimg.com/originals/ac/50/e0/ac50e0d1a611aca9526b8f3d88a73c99.jpg,736,1308,0,2026-07-11
2026-09-11,maquiagem natural dia a dia,32369691068469841,74,259,0,,instagram.com,http://instagram.com/BriannaRuizMakeup,https://i.pinimg.com/originals/12/07/5f/12075f7f6fa8b487df9e1a7ba54d5992.jpg,1080,1920,0,2026-08-05
2026-09-11,skincare pele oleosa,1103522714975690789,1,5,0,Gel de Limpeza CeraVe ✨,meli.la,https://meli.la/1BedxJo,https://i.pinimg.com/originals/58/b8/40/58b8407242e755f52c3603c6b57f0e40.jpg,1080,1920,0,2026-08-16
2026-09-11,skincare pele oleosa,877920521122562722,2,201,0,Femme peau lisse et lumineuse,,,https://i.pinimg.com/originals/3c/82/b9/3c82b9eacc309f907e12005918ce64c7.png,1024,1536,0,2025-11-24
2026-09-11,skincare pele oleosa,551831760606305523,3,8,0,Checklist iniciantes: produtos essenciais para cada tipo de pele,lindasopramim.com.br,https://www.lindasopramim.com.br/2023/10/rotina-de-cuidados-com-a-pele-passo-a-passo.html,https://i.pinimg.com/originals/c4/2a/11/c42a11335255b723f5c022587d2d7f05.jpg,977,1737,0,2023-10-08
2026-09-11,skincare pele oleosa,1092756297110891951,4,43,0,How to Get Glass Skin at Home Without a 12 Step Routine,,,https://i.pinimg.com/originals/3e/b3/2c/3eb32c2737b3c41579f6cd9d05ffcb7d.jpg,1536,2752,0,2026-06-17
2026-09-11,skincare pele oleosa,1106618939711709443,5,23,0,Rotina simples para controlar a oleosidade,,,https://i.pinimg.com/originals/7d/58/d9/7d58d9aa99c0453c0d1285818a67e20e.jpg,853,1280,0,2026-06-10
2026-09-11,skincare pele oleosa,980869993845849714,6,1,0,PELE OLEOSA,bio.site,https://bio.site/majobeuaty,https://i.pinimg.com/originals/3f/4a/b4/3f4ab44e8ea6a9d3133114215aa8d54b.jpg,707,1000,0,2025-03-13
2026-09-11,skincare pele oleosa,925137948473204896,7,44,0,After 25 your collagen production drops by one percent every year.,skinsobeautifulofficial.com,https://skinsobeautifulofficial.com/what-i-drink-every-morning-for-clear-glowing-brown-skin,https://i.pinimg.com/originals/75/d9/30/75d930a5265f4e615b1f93e1b3bb83b4.jpg,1080,1920,0,2026-06-10
2026-09-11,skincare pele oleosa,61009769947195779,8,20,0,Rotina de Skincare Simples para Peles Sensíveis,carenb.com,https://carenb.com/collections/skincare?utm_source=pinterest&utm_medium=social&utm_campaign=&utm_content=rotina-pele-sensivel,https://i.pinimg.com/originals/8a/60/58/8a6058b94afad35fe4116c386bcc449e.jpg,800,1200,0,2025-09-12
2026-09-11,skincare pele oleosa,1152077148480155310,9,79,0,The secret to better skin 👀,amazon.com,https://www.amazon.com/dp/B01MSSDEPK?tag=glowdiariomx2-20,https://i.pinimg.com/originals/2b/ff/5d/2bff5d52b753bda33c025f7de1a1c0cb.jpg,1080,1920,0,2026-03-21
2026-09-11,skincare pele oleosa,646266615327835453,10,520,0,Instagram,instagram.com,https://www.instagram.com/lorealparis/,https://i.pinimg.com/originals/73/b0/b5/73b0b5c54b65b4e5540149371645b6df.jpg,720,900,0,2026-05-04
2026-09-11,skincare pele oleosa,1149895717413632019,11,1,0,Tônico Facial Burt’s Bees Sensitive com Aloe Vera | Pele Sensível,meli.la,https://meli.la/2ktUBuB,https://i.pinimg.com/originals/eb/a1/47/eba14732e9e0ea9059df2fe2376258b2.jpg,916,1628,0,2026-08-19
2026-09-11,skincare pele oleosa,589338301280865455,12,272,0,Classy Trending Product Picks - Evara Studio | Facebook,,,https://i.pinimg.com/originals/0f/5a/25/0f5a2577bcb0750cf585e2b85d328f78.jpg,600,900,0,2026-01-21
2026-09-11,skincare pele oleosa,432978951701315366,13,2,0,Kit Principia Pele Oleosa / sensível ✨🩵,meli.la,https://meli.la/1TCnVYh,https://i.pinimg.com/originals/32/b1/df/32b1df8786f28167dd089017aeff63dc.jpg,1080,1920,0,2026-08-20
2026-09-11,skincare pele oleosa,911556780894851126,14,1,0,Descubra qual é o seu tipo de pele! Skincare dicas!,,,https://i.pinimg.com/originals/d6/5a/98/d65a9821ad274bfb9d6d3ea343db128d.png,1080,1920,0,2026-08-26
2026-09-11,skincare pele oleosa,622833823513847509,15,1,0,Kit Principia para Rotina de Skincare Pele Sensível com Protetor Solar FPS 60,meli.la,https://meli.la/1XRiDcB,https://i.pinimg.com/originals/a4/8d/fd/a48dfd05eb2dc1d6a500423d66586996.jpg,1536,2752,0,2026-07-22
2026-09-11,skincare pele oleosa,272116002478136532,17,717,0,"Não importa a idade, todos podem ter uma pele incrível.",,,https://i.pinimg.com/originals/7b/f0/d0/7bf0d03d99346d8d156641f30ddca44d.jpg,564,1001,0,2023-01-23
2026-09-11,skincare pele oleosa,863354191109373602,18,3,0,Benefícios da Niacinamida para Pele Oleosa ✨,mercadolivre.com,https://mercadolivre.com/sec/1dTAd7u,https://i.pinimg.com/originals/2a/8f/c2/2a8fc2b944217b6877d1cf8695e23ba2.jpg,1200,1800,0,2026-03-24
2026-09-11,skincare pele oleosa,1149895717413632506,19,2,0,The Ordinary Glycolic Acid 7% | Tônico Esfoliante Facial,meli.la,https://meli.la/1vC6Wnd,https://i.pinimg.com/originals/53/f6/fa/53f6fa22ccc2e6b60d1bfac0f5817caf.png,941,1672,0,2026-08-19
2026-09-11,skincare pele oleosa,911556780894642553,20,1,0,Acabe com a acne facial!,,,https://i.pinimg.com/originals/62/04/6b/62046b5efa7bb5665ca2fe1888a7fe6d.png,1080,1920,0,2026-08-20
2026-09-11,skincare pele oleosa,900649625474281450,21,1921,0,Skincare para a pele oleosa e acneica!,,,https://i.pinimg.com/originals/5d/8b/ed/5d8bedb18a3f0310aa80185e164473c6.jpg,720,1280,0,2024-08-16
2026-09-11,skincare pele oleosa,911556780893097290,22,30,0,Nunca mais sofra com a pele oleosa!,,,https://i.pinimg.com/originals/25/f4/a6/25f4a64eca8ba7970a1fb0995f740907.png,1080,1920,0,2026-07-06
2026-09-11,skincare pele oleosa,1092615559622664087,23,1,0,Pele Oleosa | Cuidados com a Pele | Rotina Skincare Simples,,,https://i.pinimg.com/originals/c6/34/07/c634070a78ce1a24f4aa018274bac1ac.png,1000,1500,0,2026-05-08
2026-09-11,skincare pele oleosa,646548090296637245,24,361,0,Rotina Fresh para Pele Oleosa,,,https://i.pinimg.com/originals/be/37/a6/be37a6e548254cf033ea472ceb4e2f8b.png,1024,1536,0,2025-10-27
2026-09-11,skincare pele oleosa,1145321749018036536,25,1,0,Hidratante para Pele Oleosa: Os 5 Melhores Indicação da Dermato,dermaguia.com.br,https://dermaguia.com.br/melhor-hidratante-para-pele-oleosa/,https://i.pinimg.com/originals/99/07/a2/9907a2edad706cea398ffd3e592ed4e0.png,922,1152,0,2026-08-25
2026-09-11,skincare pele oleosa,551831760606413014,26,3,0,Guia definitivo: cuidados com a pele para iniciantes,lindasopramim.com.br,https://www.lindasopramim.com.br/2023/10/rotina-de-cuidados-com-a-pele-passo-a-passo.html?m=1,https://i.pinimg.com/originals/a8/e1/0f/a8e10f4fbbefe5a87baed0fda0262fc9.jpg,1000,1500,0,2023-10-22
2026-09-11,skincare pele oleosa,321092648458032426,27,7,0,Ativo skincare que poucas divulgam! Acido azelaico!,,,https://i.pinimg.com/originals/18/05/32/1805325baf85513941fd03a75d87774e.png,1080,1920,0,2026-08-26
2026-09-11,skincare pele oleosa,194358540295607138,28,10,0,Pele oleosa não precisa de ser seca à força — precisa disto,oribeleza.com,https://www.oribeleza.com/produtos-oriflame-pele-oleosa/,https://i.pinimg.com/originals/b6/f7/49/b6f7496239055f8211c4b71bdffc8a79.webp,768,1024,0,2026-05-23
2026-09-11,skincare pele oleosa,911556780893026376,29,19,0,Nunca mais sofra com a pele oleosa!,,,https://i.pinimg.com/originals/ec/fa/23/ecfa23d6311ed264bf5cdc023da25907.png,1080,1920,0,2026-07-04
2026-09-11,skincare pele oleosa,1095289571893068383,30,631,0,Healthy Natural Glow Skin Close-Up Inspiration,instagram.com,http://instagram.com/zara.noella,https://i.pinimg.com/originals/6f/db/70/6fdb70f9c14b04d6f57df3dfe70d3399.png,1450,2577,0,2026-02-19
2026-09-11,skincare pele oleosa,578220039703596449,31,23,0,Creamy Skincare Limpador Facial Antioleosidade,meli.la,https://meli.la/15ziZxx,https://i.pinimg.com/originals/83/c7/80/83c7803cec4f34ffa82562ac3a14996a.png,768,1376,0,2026-07-20
2026-09-11,skincare pele oleosa,353180795802640513,32,81,0,Dicas de Skincare para Pele Negra: Cuidados Essenciais para uma Pele Radiante,,,https://i.pinimg.com/originals/35/d0/e5/35d0e5e4cf4284bbca4d3c273ba54daa.png,1024,1536,0,2026-05-05
2026-09-11,skincare pele oleosa,1072490098919550314,33,421,0,,,,https://i.pinimg.com/originals/07/61/59/0761591c1fed32955bc24bede1981117.jpg,736,1080,0,2025-11-19
2026-09-11,skincare pele oleosa,321092648458032431,34,6,0,Ativo skincare que poucas divulgam! Acido azelaico!,,,https://i.pinimg.com/originals/71/5d/80/715d80a4ce68dd380ef6fb1457f88441.png,1080,1920,0,2026-08-26
2026-09-11,skincare pele oleosa,1074390054877191026,35,2,0,Pele Oleosa | Skincare Routine | Rotina Skincare Simples,,,https://i.pinimg.com/originals/4a/86/5e/4a865ed05f7e2313c8dd9e1c1648904b.png,1000,1500,0,2026-07-28
2026-09-11,skincare pele oleosa,858991328971220693,36,6,0,Rotina de skincare para pele oleosa e acabamento matte,mercadolivre.com,https://mercadolivre.com/sec/1yu1JBL,https://i.pinimg.com/originals/dc/5e/b1/dc5eb106a9e868ec26aa2946fa7837f4.png,832,1478,0,2026-01-29
2026-09-11,skincare pele oleosa,510314201549199885,37,10,0,Uma pele bonita 😍 e bem cuidada com produtos q podem encontra facilmente em Angola #manu #pelesaudável #skin #skincareroutine #skincaretips #skincare #pelé #angol #angolana,instagram.com,https://www.instagram.com/p/DIq3stQKP46/?img_index=4,https://i.pinimg.com/originals/86/45/fc/8645fc19a77b11a69e6d635d0d64cdd9.jpg,1125,1406,0,2026-04-04
2026-09-11,skincare pele oleosa,219128338114109985,38,49,0,Tratamento caseiro para pele oleosa: 10 receitas diferentes para você » STEAL THE LOOK,stealthelook.com.br,https://stealthelook.com.br/tratamento-caseiro-para-pele-oleosa/,https://i.pinimg.com/originals/2d/c8/13/2dc813a5747b22761edbbd87563b0e08.jpg,1000,1200,0,2025-08-12
2026-09-11,skincare pele oleosa,329607266500303583,39,1850,0,,,,https://i.pinimg.com/originals/22/3c/d3/223cd397f59e8837d6fc9936902d03e1.jpg,960,1200,0,2025-04-19
2026-09-11,skincare pele oleosa,219128338114137598,40,1,0,Os melhores produtos para pele oleosa em 2025 » STEAL THE LOOK,stealthelook.com.br,https://stealthelook.com.br/os-melhores-produtos-para-pele-oleosa-em-2025/,https://i.pinimg.com/originals/5c/9c/68/5c9c68e23bf3e740110e909e8523af0d.jpg,1000,1200,0,2025-08-20
2026-09-11,skincare pele oleosa,911556780892960569,41,20,0,Nunca mais sofra com a pele oleosa!,,,https://i.pinimg.com/originals/4a/8e/cb/4a8ecb123d30691e8841b90774d660b4.png,1080,1920,0,2026-07-02
2026-09-11,skincare pele oleosa,2603712281991372,42,8605,0,skincare 🫧,,,https://i.pinimg.com/originals/20/0b/d2/200bd2d637ea4d643fd8e6ebcde2c39c.jpg,1080,1920,0,2025-08-28
2026-09-11,skincare pele oleosa,674765956709837566,43,886,0,Cada pele tem suas particularidades,,,https://i.pinimg.com/originals/aa/ac/52/aaac5207131a5043c6c1b31087d38b48.jpg,1000,1320,0,2025-06-16
2026-09-11,skincare pele oleosa,988610555724679633,44,6,0,Dicas de skincare para pele oleosa ~De uma estudante de farmácia🩷,,,https://i.pinimg.com/originals/14/30/4b/14304b6a22c450d0c6261d6f73103e0a.jpg,768,1365,0,2026-09-04
2026-09-11,skincare pele oleosa,1128011037942093145,45,2,0,skincare para pele oleosa que realmente funciona,amzn.to,https://amzn.to/4upE6Z3,https://i.pinimg.com/originals/c2/98/fa/c298fa8c5897030e0230f452c7edaf19.png,1024,1536,0,2026-05-26
2026-09-11,skincare pele oleosa,1084100941594333140,46,1,0,,,,https://i.pinimg.com/originals/52/d4/45/52d4451f38477ebd05960a8bb4f3dcbe.jpg,735,1105,0,2026-07-29
2026-09-11,skincare pele oleosa,118360296452748294,48,77,0,,,,https://i.pinimg.com/originals/a3/25/e7/a325e70079841b1b3142cba355d59fe5.jpg,3024,4032,0,2026-06-10
2026-09-11,skincare pele oleosa,675188169167846396,51,10,0,Skincare para Pele Oleosa e Seca: Saiba as Diferenças ✨,priflor.com,https://priflor.com/skincare-para-pele-oleosa-e-seca-saiba-as-diferencas/,https://i.pinimg.com/originals/71/d0/60/71d060b3b7ceaf732c5bed8f5c3e3ed8.jpg,800,1200,0,2024-11-08
2026-09-11,skincare pele oleosa,1052083162974408265,52,186,0,Kit skin care,onelink.shein.com,https://onelink.shein.com/45/5xe3cr8frqxu,https://i.pinimg.com/originals/bf/4e/0f/bf4e0f826742a1a185e95252db8c1c14.png,1086,1448,0,2026-07-31
2026-09-11,skincare pele oleosa,758223287306308641,53,26,0,𐙚 clean skin,,,https://i.pinimg.com/originals/11/55/b0/1155b02a38c68a4e9120644465b87088.jpg,576,1024,0,2025-12-18
2026-09-11,skincare pele oleosa,295689531808979847,54,18,0,💙 Pele hidratada sem aquela sensação pesada? Esse virou um achadinho de skincare!,meli.la,https://meli.la/2jrp3Y2,https://i.pinimg.com/originals/d9/1e/b3/d91eb3e5bf2b3d3f0262b3ffdeac16c4.jpg,1080,1920,0,2026-08-13
2026-09-11,skincare pele oleosa,77616793576012653,55,144,0,Produtos para pele oleosa,,,https://i.pinimg.com/originals/0b/03/a2/0b03a2fbf60f1d8049fae1a0ed70038c.jpg,736,981,0,2026-08-07
2026-09-11,skincare pele oleosa,1094163672014434656,56,39,0,Skincare para Pele Oleosa: 3 Passos Básicos que Funcionam de Verdade,creamy.com.br,https://www.creamy.com.br/kit-essencial/p,https://i.pinimg.com/originals/d6/54/1d/d6541d9c82e8accc85f2b3cb933026ab.png,1000,1500,0,2025-07-17
2026-09-11,skincare pele oleosa,112378953199372241,57,16,0,Hydragel Oil Control Creamy | Melhor hidratante para pele oleosa?,,,https://i.pinimg.com/originals/97/2b/df/972bdf96c5fd8ed0d4564b58df2bdc9d.png,1366,2046,0,2026-08-05
2026-09-11,skincare pele oleosa,1092615559622670201,58,2,0,Pele Oleosa | Cuidados com a Pele | Rotina Skincare Simples,,,https://i.pinimg.com/originals/55/65/4a/55654a6752a4f8a3f20fe6cbd525f564.png,1000,1500,0,2026-05-08
2026-09-11,skincare pele oleosa,1133710906219866081,59,150,0,opulique,instagram.com,https://www.instagram.com/byopulique/?hl=en,https://i.pinimg.com/originals/ae/13/eb/ae13ebdcb2c73994b583ce376471048f.png,1435,2569,0,2026-04-15
2026-09-11,skincare pele oleosa,291045194691513835,60,189,0,Skincare Noturno Perfeito para Pele Negra: Dicas Essenciais para Cuidar da Sua Pele! 🌙✨,,,https://i.pinimg.com/originals/71/26/b6/7126b64ad101bc43026707066def3552.jpg,736,1104,0,2025-04-26
2026-09-11,skincare pele oleosa,864761565979577413,61,1,0,CeraVe Loção Hidratante: hidratação para pele seca e extra seca,meli.la,https://meli.la/2zFbN3q,https://i.pinimg.com/originals/1f/dd/62/1fdd62e11d5058f73883c4b178b5537f.png,941,1672,0,2026-08-26
2026-09-11,skincare pele oleosa,1053772012832118776,62,66,0,Glass Skin: GUIA,kween.com.br,https://www.kween.com.br/blogs/kblog/glass-skin-guia-definitivo,https://i.pinimg.com/originals/af/a0/37/afa0374ec5499b939380f0796b73bfae.jpg,736,1104,0,2026-06-24
2026-09-11,skincare pele oleosa,1121326007231060523,63,27,0,🐚 бьюти мастера в тг - тык,t.me,https://t.me/+kLJ_QC3VDf1hYTdi?ibrciebrv,https://i.pinimg.com/originals/61/16/d2/6116d2078bae3fea2c26734414573c7c.jpg,564,1002,0,2025-01-09
2026-09-11,skincare pele oleosa,241364861275625582,64,272,0,Como cuidar da pele. Barato e Eficiente!,,,https://i.pinimg.com/originals/85/6c/49/856c4950b20919bc143455dc28e3da54.png,1080,1920,0,2024-08-26
2026-09-11,skincare pele oleosa,294000681951000750,65,12,0,Dicas valiosas para pele oleosa!,,,https://i.pinimg.com/originals/ba/68/7a/ba687aab17538e6e3027eb3e5d710f2a.png,1080,1920,0,2026-08-10
2026-09-11,skincare pele oleosa,1138355243340363103,66,1,0,,,,https://i.pinimg.com/originals/c6/e6/44/c6e644164dc2b390e3af6fa6d5a5c02b.jpg,736,1307,0,2026-07-22
2026-09-11,skincare pele oleosa,4594305033101696000,67,33,0,"The New, Innovative Serum That Promises Smoother...",sheerluxe.com,https://sheerluxe.com/beauty/skincare/the-new-innovative-serum-that-promises-smoother-skin,https://i.pinimg.com/originals/75/da/f2/75daf23f9a50323095bb8cdc55ff0e69.jpg,1200,1600,0,2025-07-31
2026-09-11,skincare pele oleosa,483785184995704352,68,4,0,,,,https://i.pinimg.com/originals/91/07/95/9107957926f2ceb280c3c19b6a757b62.jpg,1080,1288,0,2026-08-29
2026-09-11,skincare pele oleosa,160792649199528708,69,3010,0,Rotina de Skincare,,,https://i.pinimg.com/originals/44/2b/3f/442b3f9f7670a99514cb67bdeb9cb5b0.jpg,1200,1600,0,2024-05-14
2026-09-11,skincare pele oleosa,757027018661690795,70,3,0,Skincare para pele oleosa,,,https://i.pinimg.com/originals/69/c5/ad/69c5ad234a1ceab8b68c7de5ed5b8475.jpg,1168,1529,0,2026-08-26
2026-09-11,skincare pele oleosa,810788739196082344,71,787,0,como abrir os poros? 8 dicas para fazer a limpeza de pele,blog.oceane.com.br,https://blog.oceane.com.br/skincare/como-abrir-os-poros-dicas-para-fazer-a-limpeza-de-pele/?gad_source=1,https://i.pinimg.com/originals/24/7f/47/247f4763e002cc6ff68bba8e071ac4fa.jpg,650,650,0,2024-06-12
2026-09-11,skincare pele oleosa,1145321749016824783,72,1,0,Hidratante para Pele Oleosa: 5 Escolhas que Valem Cada Centavo,dermaguia.com.br,https://dermaguia.com.br/,https://i.pinimg.com/originals/19/24/59/192459f73777596c2cfcf647d41ff628.png,848,1264,0,2026-08-10
2026-09-11,skincare pele oleosa,886575876673526546,73,1,0,Kit Skincare Pele de Porcelana Kokeshi – Sérum + Creme Facial + Hidratante Olhos,vt.tiktok.com,https://vt.tiktok.com/ZS9kmAfyskQJU-Okj0W/,https://i.pinimg.com/originals/a7/6c/20/a76c20fdb674e225c6f7a067617631f3.jpg,768,1365,0,2026-08-17
2026-09-11,skincare pele oleosa,765330530472634004,74,5,0,Sérum Facial | Rotina de Skincare | Skincare,meli.la,https://meli.la/1WWJhYs,https://i.pinimg.com/originals/f6/6d/9f/f66d9f8f5f93673ea1ea48bd2960e2de.png,1024,1536,0,2026-08-24
2026-09-11,skincare pele oleosa,681239881178134375,75,255,0,Qual seu tipo de pele ? #oleosa #mista #seca,instagram.com,https://www.instagram.com/p/DVZ3qMTAAlq/,https://i.pinimg.com/originals/42/83/0a/42830a6c746353eb91992980a0c48b49.jpg,1350,1688,0,2026-05-28
2026-09-11,economia domestica,757378862383976827,1,7,0,"Semana do Consumo Inteligente: Dia 14/40 - planejar as compras da semana. Quando planejamos as compras da semana, evitamos desperdícios, economizamos dinheiro e ainda facilitamos muito a rotina da cas",instagram.com,https://www.instagram.com/p/DVzjF6BDUJN/,https://i.pinimg.com/originals/5e/63/c7/5e63c741873ce471bc8f70944ba0337d.jpg,1365,1820,0,2026-03-13
2026-09-11,economia domestica,867013365787018010,2,1,0,10 coisas que realmente fazem você economizar dinheiro,aprendaeconomizar.com.br,https://aprendaeconomizar.com.br/post/10-coisas-que-realmente-fazem-economizar-dinheiro,https://i.pinimg.com/originals/67/a0/7a/67a07a1220fff8760b7737cc063fac37.png,313,561,0,2026-09-01
2026-09-11,economia domestica,426434658477070310,3,146,0,Economia doméstica O que é a economia doméstica? A economia doméstica é uma ferramenta de controle e administração das reservas financeiras do lar e da família. É também o modo mais eficaz de gerencia,,,https://i.pinimg.com/originals/9f/0b/f6/9f0bf65a439c9e19c23428b939fab107.jpg,746,644,0,2022-03-23
2026-09-11,economia domestica,140806235256627,4,92,0,10 Ultimate Budget Planner Tricks to Transform Your Money,xn--sprche-zitate-yob.de,https://xn--sprche-zitate-yob.de/budget-planner-tricks-8243/,https://i.pinimg.com/originals/aa/bf/3c/aabf3cf040694fb3cc312b05d8b218f9.jpg,1024,1536,0,2026-06-29
2026-09-11,economia domestica,79235274681685374,5,7,0,Áreas de la Economía Doméstica o familiar | ▶ Economía Simple,economiasimple.net,https://www.economiasimple.net/economia-domestica,https://i.pinimg.com/originals/8d/65/16/8d651672c7bbafbd8aeda11ba303943a.jpg,500,340,0,2019-05-21
2026-09-11,economia domestica,903253269037288896,6,1,0,"Às vezes, o dinheiro até passa pelas nossas mãos… o problema é que todo mundo recebe primeiro. Banco. Cartão. Parcelas. Contas. E você fica sempre para depois. Mas pensa comigo: se você consegue assum",instagram.com,https://www.instagram.com/p/DcwqrUoGR-l/,https://i.pinimg.com/originals/5a/5a/2d/5a5a2db4c5d675f37b65af393d8d999b.jpg,1440,1920,0,2026-09-02
2026-09-11,economia domestica,1407443630713332,7,311,0,,,,https://i.pinimg.com/originals/25/69/66/25696657bd9b9d7ada8d22634b578678.jpg,1536,2752,0,2026-03-08
2026-09-11,economia domestica,605734218677799060,8,1,0,20 estratégias práticas para economizar dinheiro sem sacrifícios,amtonline.com.br,https://www.amtonline.com.br/2024/09/20-maneiras-praticas-de-economizar-dinheiro.html?utm_source=pinterest&utm_medium=organic&utm_campaign=pinterest_seo_v2&utm_content=rpl_20-maneiras-praticas_v2_20260825,https://i.pinimg.com/originals/db/ee/df/dbeedf2f039070a20424f94adcee49d2.png,848,1264,0,2026-08-30
2026-09-11,economia domestica,13370130137075246,9,4,0,Economia doméstica: 43 dicas para economizar dentro de casa,tuacasa.com.br,https://www.tuacasa.com.br/economia-domestica/,https://i.pinimg.com/originals/38/72/67/387267ee6fd4064ffb6fb6f2e6368519.png,1000,1500,0,2023-11-08
2026-09-11,economia domestica,318489004920894105,10,8,0,"How I Saved $10,000 in 12 Months on an Average Salary (Step-by-Step)a",sunburstprintco.etsy.com,https://sunburstprintco.etsy.com/,https://i.pinimg.com/originals/bf/6c/7b/bf6c7b82afdca3222b5357a3d6873da1.png,848,1264,0,2026-08-21
2026-09-11,economia domestica,1127518456806850772,11,1,0,Economia Doméstica: Guia Completo pra Fazer o Dinheiro Render,vidaritmolivre.com,https://vidaritmolivre.com/economia-domestica/,https://i.pinimg.com/originals/bb/4a/8e/bb4a8e375a9373de7cb208fa9a10e285.png,1000,1500,0,2026-08-18
2026-09-11,economia domestica,792985446901902509,12,366,0,,,,https://i.pinimg.com/originals/37/2f/0a/372f0ab3ed779e1c443ae6f9807d8d58.png,598,395,0,2022-05-07
2026-09-11,economia domestica,7881368094948552,13,165,0,📊 Smart Budgeting Starts Here – 2025-26 Money Planner 💸,,,https://i.pinimg.com/originals/2d/7f/e7/2d7fe7c27eafccf196b018126e76a47b.jpg,832,1472,0,2025-09-14
2026-09-11,economia domestica,816558976196133092,14,11,0,4 Dicas de Economia Domestica,investireviver.com.br,https://investireviver.com.br/economia-domestica-4-passos-para-te-ajudar-no-orcamento/,https://i.pinimg.com/originals/d8/bb/7f/d8bb7f054967728fe079d05844144497.jpg,736,1104,0,2021-09-20
2026-09-11,economia domestica,8725793026188702,15,1003,0,orçamento mensal. para você se organizar mensalmente. é não deixar o dinheiro fugir da sua mão,,,https://i.pinimg.com/originals/44/d7/69/44d769dc92ff92b0cc24775f671b3b40.png,1024,1536,0,2026-08-03
2026-09-11,economia domestica,182818066119215507,16,4,0,5 hábitos que ajudam a economizar dinheiro,,,https://i.pinimg.com/originals/e8/9e/bc/e89ebc9fc30ef2133657831e517a9c55.png,1024,1536,0,2026-06-30
2026-09-11,economia domestica,867013365785595347,17,1,0,Como economizar R$ 500 por mês sem cortar tudo que você gosta,aprendaeconomizar.com.br,https://aprendaeconomizar.com.br/post/como-economizar-500-reais-por-mes,https://i.pinimg.com/originals/0e/89/60/0e89603f8a59773e1adb0cf2ec175007.png,315,561,0,2026-07-20
2026-09-11,economia domestica,377317275020150732,18,2,0,"Eletrodomésticos: O essencial, o supérfluo e o desejável",economiacadecasa.blogspot.com,http://economiacadecasa.blogspot.com/2015/04/eletrodomesticos-o-essencial-o.html?spref=pi,https://i.pinimg.com/originals/eb/89/56/eb895680d21700d583d6703aeb02b77c.jpg,1066,1600,0,2017-04-20
2026-09-11,economia domestica,155022412171311720,19,111,0,"10 sensationelle Tipps, um 2026 durchzustarten",xn--sprche-zitate-yob.de,https://xn--sprche-zitate-yob.de/tipps-um-2026-durchzustarten-3759/,https://i.pinimg.com/originals/37/3a/58/373a58964ae4db3dbf437316280007d1.jpg,1024,1536,0,2026-08-06
2026-09-11,economia domestica,353391902009887583,20,24129,0,,,,https://i.pinimg.com/originals/d5/46/73/d5467359c58332c7a91d9bdbd94ccdf6.png,794,1123,0,2019-03-16
2026-09-11,economia domestica,184366178491801401,21,35,0,Rebuilding My Credit Era,soulfulwealthsis.com,https://soulfulwealthsis.com/rebuilding-credit-in-your-20s-financial-healing/,https://i.pinimg.com/originals/c7/15/d4/c715d4102f8cc9a8ce7c659ee197277d.png,1024,1536,0,2026-03-08
2026-09-11,economia domestica,776167317060917120,22,115,0,Tratado de economia doméstica - Aristóteles,,,https://i.pinimg.com/originals/71/4d/99/714d991e3120150d3ea8f4b0341b581f.jpg,1168,1752,0,2024-02-16
2026-09-11,economia domestica,281826889179172789,23,71,0,💰 5 maneiras de economizar sem sofrer,,,https://i.pinimg.com/originals/1a/e5/cc/1ae5ccea3df6b1d421792c2689028bec.png,1024,1536,0,2026-06-20
2026-09-11,economia domestica,594545588345857480,24,8,0,Orçamento Doméstico Simples: Guia Completo Para Suas Finanças - Portal Blog Do Lago,blogdolago.com.br,https://blogdolago.com.br/orcamento-domestico-simples-guia-completo-para-suas-financas/,https://i.pinimg.com/originals/78/77/70/7877702c376e13de933daf22b5cc92f1.png,1024,1536,0,2025-09-09
2026-09-11,economia domestica,2603712282500598,25,1854,0,Controle de despesas prático,,,https://i.pinimg.com/originals/10/7c/4c/107c4c774f00e54fb31f234a38d3bd00.png,1200,1697,0,2026-02-09
2026-09-11,economia domestica,11047961583100922,26,866,0,"Mais que um planner, seu novo aliado na conquista de objetivos. 🚀✨️ Organizar o dia a dia fica muito mais prazeroso quando você tem as ferramentas certas. O Super Planner une funcionalidade e design e",instagram.com,https://www.instagram.com/p/DZR9tpCjEA4/,https://i.pinimg.com/originals/98/60/00/986000eff3543dec87abf74eaad5702b.jpg,1080,1440,0,2026-06-18
2026-09-11,economia domestica,1001769510880474806,27,1,0,💰 Método de controle das finanças pessoais: poupe sem sofrimento e transforme 🚀,moneystart.com.br,https://moneystart.com.br/metodo-para-controle-das-financas-pessoais/,https://i.pinimg.com/originals/18/04/b1/1804b14b9f1a786ba2d76af331aac21d.jpg,576,1024,0,2026-01-27
2026-09-11,economia domestica,1076852960921063074,28,1,0,Fiquei sem not mas meus pins continuaram me pagando - voltei,docs.google.com,http://docs.google.com/document/d/1AsHjyegvWUxTe5AAPKoghhVJ8IZm3YsSxcOJ2SDl-tk/edit,https://i.pinimg.com/originals/d9/a4/2a/d9a42a5c0f33dd3875ce9a27ea51e3a3.jpg,1168,1752,0,2026-08-25
2026-09-11,economia domestica,932667404169032082,29,1,0,É Possível Comprar a Casa Própria Ganhando um Salário Mínimo?,eujacquie.com,https://eujacquie.com/e-possivel-comprar-a-casa-propria-ganhando-um-salario-minimo/,https://i.pinimg.com/originals/ce/e8/95/cee895bcccbe9e61e1adf892c6707753.png,1024,1536,0,2026-08-17
2026-09-11,economia domestica,679339925084901844,30,15,0,"Eased food prices may indicate a shifting economic landscape, potentially enhancing housing...",,,https://i.pinimg.com/originals/f3/8a/81/f38a81c984d360a6a1ce57bd031cd9cb.png,1024,1024,0,2026-06-22
2026-09-11,economia domestica,2181499817703630,31,1140,0,,,,https://i.pinimg.com/originals/c6/7c/80/c67c80a7a756ce73464e7d276023fc6a.jpg,1080,1920,0,2026-08-25
2026-09-11,economia domestica,1148277236269126575,32,1,0,Gasto pequeno também pesa no orçamento,,,https://i.pinimg.com/originals/80/91/1b/80911b1f1b341ced90406b98b152dfff.png,1024,1536,0,2026-07-08
2026-09-11,economia domestica,6333255725087223,33,109,0,,,,https://i.pinimg.com/originals/35/f9/e2/35f9e25889200f1cc39de68a337f7acc.jpg,1024,1536,0,2026-05-18
2026-09-11,economia domestica,310537336830965039,34,4,0,Come Risparmiare 500 Euro in 3 Mesi (Senza Stress e con Soddisfazione!) - L'officina del risparmio,lofficinadelrisparmio.it,https://www.lofficinadelrisparmio.it/risparmiare-500-euro-in-3-mesi/,https://i.pinimg.com/originals/b9/e2/53/b9e2539c462c057c1c43018e0e2c973b.jpg,533,800,0,2025-11-07
2026-09-11,economia domestica,598697344267834928,35,11,0,Migliori investimenti immobiliari oggi,opisas.com,https://www.opisas.com/it/investimenti-immobiliari/,https://i.pinimg.com/originals/4e/bb/fe/4ebbfef57ab9c6542136de2a036ddcc4.png,1024,1024,0,2026-08-30
2026-09-11,economia domestica,1001769510885691969,36,2,0,📈 Impactos da Inflação na Economia: Como Proteger Seu Bolso 💸,moneystart.com.br,https://moneystart.com.br/impactos-da-inflacao-na-economia/,https://i.pinimg.com/originals/2d/bc/b2/2dbcb2bf085d1470fbda7fc72be3f3e5.jpg,576,1024,0,2026-06-22
2026-09-11,economia domestica,798826052700258499,37,4,0,Sustenta a casa sozinha? Veja como começar sua reserva mesmo ganhando pouco,,,https://i.pinimg.com/originals/4c/61/08/4c610846d9762ba715667a7d985d8f68.png,1024,1536,0,2026-05-30
2026-09-11,economia domestica,670684569556818075,38,1,0,Finanças Pessoais - Como Organizar Seu Dinheiro de Forma Simples,dicasesolucoesdigitais.com.br,https://dicasesolucoesdigitais.com.br/financas-pessoais-como-organizar-seu-dinheiro-de-forma-simples-e-transformar-sua-vida-financeira/,https://i.pinimg.com/originals/59/c2/e9/59c2e9349190e727bfe6e0d040bd72a5.png,1024,1536,0,2026-08-11
2026-09-11,economia domestica,1407443630713350,39,144,0,,,,https://i.pinimg.com/originals/24/c1/5f/24c15f7642e6fbb0d1103119ea0a4106.jpg,1536,2752,0,2026-03-08
2026-09-11,economia domestica,629729960439400099,40,7,0,Economia Pessoal e Sustentabilidade,,,https://i.pinimg.com/originals/88/e8/26/88e826ae24bbbf62e1d5a4bc6bf4fa14.jpg,1000,1496,0,2026-04-15
2026-09-11,economia domestica,225531893836600984,41,11,0,"💰 Morar sozinho não precisa ser sinônimo de gastar muito! Descubra 10 dicas práticas pra economizar com aluguel, mercado, contas e lazer — sem abrir mão da qualidade de vida. Organize seu orçamento, e",bolsocheio.blog.br,https://www.bolsocheio.blog.br/2025/10/como-economizar-dinheiro-morando-sozinho.html?m=1,https://i.pinimg.com/originals/1f/b4/96/1fb49637e58de7f719053e492d7f0fab.png,426,639,0,2026-08-29
2026-09-11,economia domestica,960603795541485219,42,21,0,DIGIT3 “QUERO” PARA RECEBER O L1NK! 💚💜 Não esquece de me seguir para a mensagem poder chegar no seu direct! > Siga @aproveindiqueii publi,instagram.com,https://www.instagram.com/p/DbbiUf0HGeo/,https://i.pinimg.com/originals/62/4d/d1/624dd1052e326f0a68c12bf8bf4e0e70.jpg,2048,2560,0,2026-08-02
2026-09-11,economia domestica,594545588345819554,43,2,0,Dicas De Economia Doméstica Para Reduzir Contas Fixas - Portal Blog Do Lago,blogdolago.com.br,https://blogdolago.com.br/dicas-de-economia-domestica-para-reduzir-contas-fixas/,https://i.pinimg.com/originals/0f/81/f4/0f81f4d54d2f895af82b50b7cfe7b154.png,1024,1536,0,2025-09-07
2026-09-11,economia domestica,718605684339376324,44,1,0,Como economizar dinheiro no dia a dia.,bloggenial1.com.br,https://bloggenial1.com.br/como-economizar-dinheiro-no-dia-a-dia-sem-sofrer/,https://i.pinimg.com/originals/30/7a/51/307a517cb700485f63eca7cd66ffc6b3.webp,1024,1536,0,2026-07-21
2026-09-11,economia domestica,27232772742457772,45,866,0,25 Cent Money Saving Challenge to Save 16K in Just 1 Year - Just Start Investing,juststartinvesting.com,https://www.juststartinvesting.com/saving-25-cents-a-day-for-a-year/,https://i.pinimg.com/originals/b9/9b/54/b99b549069c2bcb01cfb5aad811d6e4f.jpg,1440,2560,0,2026-07-07
2026-09-11,economia domestica,660621839135008240,47,8,0,,,,https://i.pinimg.com/originals/33/46/55/3346552f3335db69aad73279348946e8.jpg,810,1440,0,2026-07-14
2026-09-11,economia domestica,53198839343331145,48,114,0,Aprenda a organizar suas finanças,,,https://i.pinimg.com/originals/20/c5/ed/20c5ed5ba31e0b19eea2c00769db2c3c.png,1024,1024,0,2026-01-24
2026-09-11,economia domestica,903956956441279814,49,20,0,Economia doméstica: 53 dicas para colocar em prática no seu lar,inspirandoideias.com.br,https://inspirandoideias.com.br/organizacao/economia-domestica-53-dicas-para-colocar-em-pratica-no-seu-lar/,https://i.pinimg.com/originals/c3/c8/6d/c3c86de5e2dc387dfb301a8bc8fa9957.png,375,562,0,2023-10-10
2026-09-11,economia domestica,4362930884429408,51,27455,0,,,,https://i.pinimg.com/originals/9d/af/ae/9dafae1faa1533569414e5d34f3eec80.jpg,711,789,0,2025-12-11
2026-09-11,economia domestica,636414991138463502,52,7,0,5 dicas de economia doméstica fáceis de seguir,blog.tudogostoso.com.br,https://blog.tudogostoso.com.br/dicas-de-cozinha/dicas-de-economia-domestica/,https://i.pinimg.com/originals/48/ac/6a/48ac6a8c6a3fda5f44d730e51d466856.jpg,474,710,0,2026-08-17
2026-09-11,economia domestica,1125968743270294,53,1819,0,,,,https://i.pinimg.com/originals/bd/cd/a8/bdcda841575d24ea5c03cdfabd0ba8d2.jpg,736,1104,0,2025-12-19
2026-09-11,economia domestica,1130685050263499435,54,2,0,Como Economizar Dinheiro Mesmo Ganhando Pouco: 4 Dicas Simples,,,https://i.pinimg.com/originals/45/85/2c/45852ca1288d194d468c9e3507282616.png,1024,1536,0,2026-08-09
2026-09-11,economia domestica,13370130137698495,55,8,0,Economia doméstica: 43 dicas para economizar dentro de casa,tuacasa.com.br,https://www.tuacasa.com.br/economia-domestica/,https://i.pinimg.com/originals/00/cc/ce/00ccce1ee8bf738995ca723da41b6629.jpg,800,1200,0,2024-05-24
2026-09-11,economia domestica,737394139034229259,56,4,0,Conselhos para economizar dinheiro,,,https://i.pinimg.com/originals/5b/9f/6f/5b9f6fdba4fa94d507b85be069c9cdf0.png,1024,1536,0,2026-08-28
2026-09-11,economia domestica,22658804371103514,57,935,0,,,,https://i.pinimg.com/originals/8e/9a/89/8e9a89f0e6f66fb0b581d0c23b870caf.jpg,1476,2576,0,2026-07-06
2026-09-11,economia domestica,13370130133805793,58,570,0,Economia doméstica: 43 dicas para economizar dentro de casa,tuacasa.com.br,https://www.tuacasa.com.br/economia-domestica/,https://i.pinimg.com/originals/77/6e/4e/776e4ee8d284d16cb65d4a66bdeeac60.png,1000,1500,0,2021-01-08
2026-09-11,economia domestica,44824958788203320,59,739,0,Maximale Rendite erzielen: Strategien beim Hausverkauf in Zeiten steigender Preise,,,https://i.pinimg.com/originals/1d/bb/90/1dbb90c22087eab109b110f2d1aeb5d5.png,1024,1024,0,2025-12-13
2026-09-11,economia domestica,68749553333,60,3296,0,"Economizar dinheiro não é sobre se privar é sobre escolher com consciência. Pequenas decisões diárias, como cozinhar em casa, rever assinaturas, evitar compras por impulso e planejar o mês, criam uma ",instagram.com,https://www.instagram.com/p/DP3-iEoDc_3/,https://i.pinimg.com/originals/d0/66/03/d0660389a60ecbfcb3ff30d750562ef6.jpg,1280,1707,0,2025-11-26
2026-09-11,economia domestica,418623727881616623,61,124,0,Bilancio familiare facile? 5 step + 3 consigli,lofficinadelrisparmio.it,https://www.lofficinadelrisparmio.it/bilancio-familiare-facile-5-step-3-consigli-super-utili/,https://i.pinimg.com/originals/b8/ee/a8/b8eea81e13fa8e5b473ff9a49a623950.jpg,564,1002,0,2024-07-22
2026-09-11,economia domestica,630222541605093182,62,154,0,Imagem de ícones relacionados economia e... | Premium Vector #Freepik #vector #dinheiro #mundo #globo #marketing,br.freepik.com,https://br.freepik.com/vetores-premium/imagem-de-icones-relacionados-economia-e-dinheiro_3659386.htm,https://i.pinimg.com/originals/76/50/a9/7650a9be39b727b566fa4918986b4df0.jpg,626,626,0,2021-03-13
2026-09-11,economia domestica,88805423898663685,63,48,0,,,,https://i.pinimg.com/originals/c7/08/9c/c7089cbce71f47bdc0d5fe8258061c23.jpg,736,1308,0,2026-07-29
2026-09-11,economia domestica,114560384269415431,64,7,0,✨ Truques que Facilitam a Rotina: 7 Ideias Simples que Fazem a Diferença,,,https://i.pinimg.com/originals/e1/f8/42/e1f842d391613ce1884dcab654a73e28.jpg,768,1365,0,2026-08-26
2026-09-11,economia domestica,224546731418056343,65,77,0,Economize seu dinheiro,,,https://i.pinimg.com/originals/d5/62/74/d5627444fc111720f5c0e808a1259f38.png,1024,1536,0,2026-08-29
2026-09-11,economia domestica,1115063189019089458,66,6,0,PARA ONDE ESTÁ INDO SEU DINHEIRO? 😳,s.shopee.com.br,https://s.shopee.com.br/AUtGmMJzNy?channel_type=pinterest,https://i.pinimg.com/originals/bf/5e/92/bf5e92281c575d5f918b9a11f8001b78.jpg,1080,1340,0,2026-08-17
2026-09-11,economia domestica,869054059388927537,67,1,0,Como controlar o dinheiro da casa sem planilhas complicadas e reduzir a sobrecarga financeira com gestão doméstica simples e corresponsável. https://ivanafruzzetti.altervista.org/como-controlar-o-dinh,instagram.com,https://www.instagram.com/p/DU_xMn2miZZ/,https://i.pinimg.com/originals/6a/67/11/6a6711a28d0f8cebeb1123e7d1d59a5e.jpg,1024,1024,0,2026-02-21
2026-09-11,economia domestica,869054059384411583,68,1,0,"Descubra os 3 erros mais comuns no orçamento doméstico e aprenda, de forma simples e cristã, a organizar suas finanças familiares com sabedoria e propósito. https://ivanafruzzetti.altervista.org/3-err",instagram.com,https://www.instagram.com/p/DQZ4BPhkuHy/,https://i.pinimg.com/originals/61/4a/6f/614a6f64efbea15b285241fd57faa7f9.jpg,1080,1350,0,2025-10-30
2026-09-11,economia domestica,980658887583186409,69,565,0,Morar sozinha,,,https://i.pinimg.com/originals/b6/d4/36/b6d43698fc748c77f42efb8a3ac11f76.jpg,1080,1920,0,2022-03-30
2026-09-11,economia domestica,1129066569072265242,70,65,0,Dicas de Poupança Eficiente para uma Gestão Financeira Inteligente,investidorconsciente.site,https://investidorconsciente.site/dicas-de-poupanca-e-gestao-financeira/?utm_source=rss&utm_medium=rss&utm_campaign=dicas-de-poupanca-e-gestao-financeira,https://i.pinimg.com/originals/c5/87/8f/c5878ff6ce730e77d122990053e2c835.png,1024,1024,0,2024-05-22
2026-09-11,economia domestica,965881451358999668,71,2,0,💡Economia e Consumo: Estratégias e Dicas para Superar a Incerteza🔒,moneystart.com.br,https://moneystart.com.br/economia-e-consumo-em-tempos-de-incerteza/,https://i.pinimg.com/originals/a4/c6/75/a4c6758ead356f16f0897766017d06af.jpg,576,1024,0,2026-08-13
2026-09-11,economia domestica,28640147625792906,72,455,0,Como se preparar financeiramente para morar sozinha,asimplebloggercatholic.blogspot.com,https://asimplebloggercatholic.blogspot.com/2023/04/5-passos-faceis-para-criar-um-orcamento.html,https://i.pinimg.com/originals/de/76/c0/de76c0495eefbf0ee6fa7e89aeb40ff8.png,1500,3200,0,2026-03-23
2026-09-11,economia domestica,AUuAqsVGtpIROR-ieAw3VVlgpcUiXwjN2yoIectIigTmV0lYaHizV2CMQ8IHcqKMeSEtbJ7Qfn1nqLEUdXHRwSE,73,28,0,AUTO CUIDADO E BELEZA,s.shopee.com.br,https://s.shopee.com.br/8V1kqp0ea6?pp=1&channel_type=pinterest,https://i.pinimg.com/originals/34/01/c5/3401c5da252a19c3dd419f5d381dee32.jpg,736,1104,0,2025-12-23
2026-09-11,economia domestica,89860955060261887,74,136,0,"𝐃𝐞𝐚𝐫 𝐛𝐫𝐞𝐚𝐝𝐰𝐢𝐧𝐧𝐞𝐫𝐬/𝐩𝐚𝐫𝐞𝐧𝐭𝐬, 𝘋𝘰𝘯’𝘵 𝘭𝘦𝘵 𝘺𝘰𝘶𝘳 𝘩𝘶𝘴𝘵𝘭𝘦 𝘢𝘯𝘥 𝘴𝘢𝘷𝘪𝘯𝘨𝘴 𝘨𝘰 𝘵𝘰 𝘸𝘢𝘴𝘵𝘦. 𝘐𝘮𝘢𝘨𝘪𝘯𝘦, 𝘺𝘰𝘶 𝘢𝘳𝘦 𝘸𝘰𝘳𝘬𝘪𝘯𝘨 𝘴𝘰 𝘩𝘢𝘳𝘥 𝘵𝘰 𝘣𝘶𝘪𝘭𝘥 𝘵𝘩𝘦 𝘧𝘶𝘵𝘶𝘳𝘦 𝘺𝘰𝘶 𝘸𝘢𝘯𝘵 𝘧𝘰𝘳 𝘺𝘰𝘶𝘳 𝘧𝘢𝘮𝘪𝘭𝘺… -𝘢 𝘣𝘪𝘨𝘨𝘦𝘳 𝘩𝘰𝘶𝘴𝘦 -𝘢 𝘯𝘪𝘤𝘦 𝘤𝘢𝘳 -𝘢 𝘲𝘶𝘢𝘭𝘪𝘵𝘺 𝘦𝘥𝘶𝘤𝘢𝘵𝘪𝘰",instagram.com,https://www.instagram.com/p/DLJaF6MPZeb/,https://i.pinimg.com/originals/ac/e4/60/ace460d9541f0ac9e88555de33ef9744.jpg,1024,1536,0,2026-07-10
2026-09-11,economia domestica,76983474878298546,75,80,0,Itens essenciais para casa nova,,,https://i.pinimg.com/originals/8c/43/19/8c4319149ca6e90687e9dd9dab3cf936.jpg,800,1200,0,2026-05-13
2026-09-11,planilha financeira,785948572508334449,2,701,0,,digitalartscanva.com.br,https://www.digitalartscanva.com.br/2025/04/planilha-financeira-para-controle-de.html?m=1,https://i.pinimg.com/originals/54/2b/13/542b1363572663130255142f77c9f47e.png,1000,1500,0,2025-04-22
2026-09-11,planilha financeira,715579828339258372,3,22,0,Planner Financeiro.!,,,https://i.pinimg.com/originals/9e/5a/84/9e5a843a1d58e75e4933cbec33e6fd20.png,1024,1536,0,2026-08-28
2026-09-11,planilha financeira,1102678290073937652,4,1,0,,,,https://i.pinimg.com/originals/98/eb/78/98eb78d915de4dea24379d6ac303c2f0.png,1086,1448,0,2026-08-28
2026-09-11,planilha financeira,661325526575233656,5,1398,0,,,,https://i.pinimg.com/originals/60/45/2a/60452a70fe4098211dfb4973362d56ec.png,1414,2000,0,2026-02-09
2026-09-11,planilha financeira,1120411213577369409,6,6,0,Plano financeiro,a.co,https://a.co/d/07TbuTfq,https://i.pinimg.com/originals/eb/ca/2a/ebca2acaf6f7edd6bfb0cf7fa207c322.png,1024,1536,0,2026-08-24
2026-09-11,planilha financeira,1016687684626231479,7,40,0,Planilha financeira gratuita,rosaurearosadeouroo.blogspot.com,https://rosaurearosadeouroo.blogspot.com/2026/05/planilha-financeira-gratuita.html,https://i.pinimg.com/originals/85/67/9e/85679ef0adbbaaed83ee2433755207f4.png,1080,1920,0,2024-12-19
2026-09-11,planilha financeira,1102678290073937982,8,1,0,Planilha de Controle Financeiro Pessoal | Organize suas Finanças,organizzaplanilha.lovable.app,https://organizzaplanilha.lovable.app/,https://i.pinimg.com/originals/81/e6/93/81e6937fd5786847879e9578082fb48c.png,1086,1448,0,2026-08-28
2026-09-11,planilha financeira,1115063189019089448,9,123,0,PARA ONDE ESTÁ INDO SEU DINHEIRO? 😳,s.shopee.com.br,https://s.shopee.com.br/AUtGmMJzNy?channel_type=pinterest,https://i.pinimg.com/originals/a4/c2/ab/a4c2ab2ff1b4258c7f2636897a9d44e0.jpg,848,1200,0,2026-08-17
2026-09-11,planilha financeira,920986192570447076,10,1003,0,orçamento mensal. para você se organizar mensalmente. é não deixar o dinheiro fugir da sua mão,,,https://i.pinimg.com/originals/44/d7/69/44d769dc92ff92b0cc24775f671b3b40.png,1024,1536,0,2026-07-12
2026-09-11,planilha financeira,1042864857495941510,11,413,0,,,,https://i.pinimg.com/originals/5e/fb/c7/5efbc7b065f857cb3377c7b5b6762a79.png,1024,1536,0,2026-07-25
2026-09-11,planilha financeira,821203313350207119,12,567,0,,,,https://i.pinimg.com/originals/0c/c7/96/0cc79654a5f7cdf9769962cd91c047da.jpg,1098,1536,0,2026-02-02
2026-09-11,planilha financeira,631981760220082227,13,15186,0,Planner Financeiro,,,https://i.pinimg.com/originals/54/e5/db/54e5db3238d99a1deb1fbf931eb95418.png,794,1123,0,2022-01-06
2026-09-11,planilha financeira,664703226300309176,14,312,0,Planilha de orçamento mensal.,,,https://i.pinimg.com/originals/af/44/44/af4444444e537d305099f0fc067a1734.png,1024,1536,0,2026-07-17
2026-09-11,planilha financeira,27232772741419960,15,63,0,Planilha Financeira Pronta para Usar – Organize Seu Dinheiro em Minutos! GRÁTIS,digitalartscanva.com.br,https://www.digitalartscanva.com.br/2025/06/a-planilha-financeira-que-vai-mudar-sua.html,https://i.pinimg.com/originals/fc/40/24/fc402483b345ab387ed7a0cbf3485e84.png,1000,1500,0,2025-07-15
2026-09-11,planilha financeira,43839796371972247,16,36,0,Planner de Finanzas,,,https://i.pinimg.com/originals/93/bd/a9/93bda9b7af59c9a58b2f1bcc4e98f7d9.png,1055,1491,0,2026-08-26
2026-09-11,planilha financeira,667799451043814846,17,622,0,Controle financeiro,,,https://i.pinimg.com/originals/fb/0c/10/fb0c1010c37c03beaa88d66d7db30283.png,1023,1537,0,2026-07-25
2026-09-11,planilha financeira,926474954616773490,18,3,0,,,,https://i.pinimg.com/originals/69/3c/2a/693c2a1b339b94239a30363d1e7c685a.png,1024,1536,0,2026-09-02
2026-09-11,planilha financeira,346214290113176923,19,238,0,Planner Financeiro para Imprimir 2026 Completo para Download,queromeformar.com,http://www.queromeformar.com/p/planner-financeiro-para-download.html,https://i.pinimg.com/originals/f8/e1/ed/f8e1edd6516a6634536d4c8228552d11.png,621,1552,0,2021-05-13
2026-09-11,planilha financeira,1073827104917652207,20,59,0,Travel Budget Planner Bullet Journal Template for Yearly Savings 2026,payhip.com,https://payhip.com/travelbudgetplannertemplate/blog/news/explore-the-magic-top-27-free-travel-planners/?travel-budget-planner-bullet-journal-template-for-yearly-savings-2026,https://i.pinimg.com/originals/1e/d0/8f/1ed08f3b63ad251eb8f681e405fa4b8b.jpg,1536,2048,0,2026-02-04
2026-09-11,planilha financeira,585045807888269950,21,259,0,,,,https://i.pinimg.com/originals/c9/20/b3/c920b336ffa56a164de86a848d632770.png,1024,1536,0,2026-07-29
2026-09-11,planilha financeira,932667404168939366,22,2,0,Planner Financeiro Mensal Grátis pra Imprimir ou Editar (PDF),eujacquie.com,https://eujacquie.com/planner-financeiro-mensal-gratis/,https://i.pinimg.com/originals/bf/d9/c1/bfd9c126b7f0a29f20216cae6d6f7a34.png,1024,1536,0,2026-08-15
2026-09-11,planilha financeira,1123225963430143099,23,9,0,POV: Você prometeu que esse mês vai se organizar financeiramente 3025,behance.net,https://www.behance.net/gallery/243405269/-Digital-Planner-Templates/?pov-voce-prometeu-que-esse-me,https://i.pinimg.com/originals/bb/a6/ee/bba6ee2bc88a2ece03b68a586d51ad66.jpg,576,1024,0,2026-08-09
2026-09-11,planilha financeira,1132796112526910137,24,1559,0,Monthly Budget Planner Google Sheets Template,payhip.com,https://payhip.com/OrganizeThrive/blog/news/budget-planners-your-step-by-step-guide-to-financial-freedom/?monatliche-budget-tabelle-google-sheets-budget-vorlage-monatlicher-budgetplaner-monatliches-budget-bundle,https://i.pinimg.com/originals/c5/a7/81/c5a7812b0a69c344e5b4f941305e9160.jpg,2000,2000,0,2025-02-24
2026-09-11,planilha financeira,1085437947687943829,25,6,0,Controle seu dinheiro de forma simples! Clique aqui e confira!,jessica-planilhas.netlify.app,https://jessica-planilhas.netlify.app/,https://i.pinimg.com/originals/ab/5f/c3/ab5fc31d017a97a2f90269162079bd3e.png,1587,2245,0,2024-11-09
2026-09-11,planilha financeira,1114781714042144137,26,1,0,💰 Planner Financeiro Completo,hotmart.com,https://hotmart.com/pt-br/marketplace/produtos/planner-financeiro-organize-planeje-e-realize/M107380658R,https://i.pinimg.com/originals/5f/59/86/5f598698f74d223162a321c0adf0b2f5.png,1024,1536,0,2026-08-31
2026-09-11,planilha financeira,5629568280803602,27,796,0,Controle de gastos,,,https://i.pinimg.com/originals/cb/39/51/cb39519b7a66983da66f26faadf571a8.png,1024,1536,0,2026-09-04
2026-09-11,planilha financeira,553168766751250643,28,25,0,,drive.google.com,https://drive.google.com/file/d/1jr_VPvi6reYBjBMwETt1DeU1gse8cIWs/view,https://i.pinimg.com/originals/14/28/e2/1428e2c702e87b568393ac4ad5655625.webp,1024,1449,0,2026-03-14
2026-09-11,planilha financeira,5066618331712107,29,614,0,Planner financeiro,,,https://i.pinimg.com/originals/bf/b4/77/bfb477fd3108f57a461025168e5e7357.png,1024,1536,0,2026-07-19
2026-09-11,planilha financeira,1134414593671770585,30,52,0,Savings Workbook 🍰 💌 Pink Monthly Budget Planner | Income &amp; Paycheck Tracker | no-stress trac...,behance.net,https://www.behance.net/gallery/252658017/Build-Your-Perfect-Notion/?savings-workbook-pink-monthly-budget-planner-income-amp-paycheck-tracker-no-stress-trac,https://i.pinimg.com/originals/7f/28/4c/7f284c88c40f3a075d010d8d208e7ac8.png,952,1428,0,2026-07-27
2026-09-11,planilha financeira,1052364637948624579,31,522,0,50/30/20,,,https://i.pinimg.com/originals/55/22/35/55223512f67897e737e5c60aaabff8a0.jpg,1080,1920,0,2026-07-31
2026-09-11,planilha financeira,921478773783630390,32,1245,0,Planilha Financeira,,,https://i.pinimg.com/originals/80/d4/d8/80d4d89b817b7d5d8aed3a7e07cbe86e.png,1055,1491,0,2026-06-25
2026-09-11,planilha financeira,380483868530265792,33,1151,0,Freebie: Planner Financeiro Gratuito - Controle de ganhos e gastos!,asweetmagic.com.br,https://www.asweetmagic.com.br/2022/07/freebie-planner-financeiro-gratuito.html,https://i.pinimg.com/originals/8d/18/60/8d1860354af3478d7141f1a604a8f734.png,757,1259,0,2022-07-08
2026-09-11,planilha financeira,1098033952929217106,34,1,0,Organiza as tuas finanças | Planner Financeiro 2026,go.hotmart.com,https://go.hotmart.com/C106988463W,https://i.pinimg.com/originals/6c/e6/8f/6ce68fec81ec4a51c68f4bfb8d9be2f7.png,1024,1536,0,2026-08-30
2026-09-11,planilha financeira,1048072144536056469,35,1504,0,Planner floral Neutro completo e grátis,,,https://i.pinimg.com/originals/c4/ec/36/c4ec36bb9c3d6787de4ba507e5be09ae.jpg,1414,2000,0,2025-04-27
2026-09-11,planilha financeira,595952963232686446,36,288,0,,,,https://i.pinimg.com/originals/1a/16/aa/1a16aa28cad25dbaf5f5f27d835df767.jpg,736,1308,0,2026-04-22
2026-09-11,planilha financeira,523473156707832604,37,50,0,Monthly Budget Spreadsheets,medium.com,https://medium.com/@campbell.tamara499632/monthly-budget-spreadsheets-d3acfb234fcc/?ultimate-monthly-budget-spreadsheet-template-for-excel-sinking-funds-tracker-monthly-budget,https://i.pinimg.com/originals/f4/f5/14/f4f51492d544c9cc759fa56659afbf5f.jpg,474,296,0,2025-05-05
2026-09-11,planilha financeira,14073817580880618,38,69,0,Planilhas Financeiras Templates Links - Google Drive,drive.google.com,https://drive.google.com/drive/mobile/folders/1RkS1jyf0O1I9sIY3tOcsUYsH-nixe6sB?usp=drive_link,https://i.pinimg.com/originals/fd/08/60/fd08602ecd68d6d3794f1a9378699d79.png,543,405,0,2025-08-24
2026-09-11,planilha financeira,552746554289450480,39,112,0,Planilha financeira para controle de gastos (Grátis),pausapracriatividade.com,https://www.pausapracriatividade.com/2019/05/planilha-financeira-para-controle-de.html,https://i.pinimg.com/originals/5c/c4/09/5cc409d51f2665162cb31f06baedb15c.png,1000,1500,0,2025-02-12
2026-09-11,planilha financeira,1124633338204123888,40,19,0,2025 Annual Budget Spreadsheet & Planner Template,behance.net,https://www.behance.net/gallery/229478067/Monthly-Smart-Budgeting-Google-Sheets-Templates/?2025-annual-budget-spreadsheet-planner-template,https://i.pinimg.com/originals/90/6c/76/906c76ffb055bf63b0ad65b0aa87eaec.png,768,1581,0,2025-07-18
2026-09-11,planilha financeira,93097917293752234,41,151,0,,,,https://i.pinimg.com/originals/d9/f8/9a/d9f89a1f8a851a99c16fed9403971bce.jpg,675,1200,0,2026-08-28
2026-09-11,planilha financeira,333688653659285795,42,3151,0,Controle financeiro,,,https://i.pinimg.com/originals/82/05/d9/8205d9bd00a6ffbe33b1c3c6495e16d2.png,1414,2000,0,2025-01-18
2026-09-11,planilha financeira,1059823724796305438,43,304,0,planilha financeira pessoal excel grátis download,excelcoaching.com.br,https://excelcoaching.com.br/planilha-financeira-pessoal-excel-gratis-download/,https://i.pinimg.com/originals/5e/8f/b6/5e8fb620755f5e5d52cc818792b8ba55.png,1080,1080,0,2023-08-01
2026-09-11,planilha financeira,86835099527751872,44,444,0,Planner de Finanzas,,,https://i.pinimg.com/originals/ad/64/48/ad64488942f6aa8ac3525b77eec36f5a.png,1024,1536,0,2026-09-04
2026-09-11,planilha financeira,1116822407608554965,45,3810,0,financas,,,https://i.pinimg.com/originals/40/6f/98/406f989fe7f9bcf47dd791b3d264127e.png,1024,1536,0,2025-11-27
2026-09-11,planilha financeira,43839796371972253,47,206,0,planner financeiro personalizado,,,https://i.pinimg.com/originals/a0/5c/29/a05c29f148112257a4d67dc2a36513ec.png,1024,1536,0,2026-08-26
2026-09-11,planilha financeira,1094163672025041146,51,72,0,2025 Personal Budget Planner Template for Savings & Finance Tracking,payhip.com,https://payhip.com/CreativeWeb/blog/news/top-budget-planners-creative-digital-resources/?2025-personal-budget-planner-template-for-savings-finance,https://i.pinimg.com/originals/25/26/84/25268474637db1a18bc662a5c8146a8f.png,1428,1147,0,2026-02-28
2026-09-11,planilha financeira,15762667444640821,52,71,0,,,,https://i.pinimg.com/originals/96/9f/be/969fbe58ab20209eb52513910e53cf3b.png,1024,1536,0,2026-08-08
2026-09-11,planilha financeira,1105704146054727012,53,44,0,Planner de Organização Financeira 💰✨ | Organize seu dinheiro e realize seus sonhos.,go.hotmart.com,https://go.hotmart.com/M106963837Q?dp=1,https://i.pinimg.com/originals/e7/8d/8e/e78d8e1f6bf597673f1b2df826661f23.png,1024,1536,0,2026-08-22
2026-09-11,planilha financeira,788059634828967771,54,346,0,Planner Financeiro.pdf - Google Drive,drive.google.com,https://drive.google.com/file/d/1ipYrIwI_TisTDGqKMQ12IvyBWRjTKl2r/view,https://i.pinimg.com/originals/9f/15/0c/9f150c86429aa8dc5231ed7d3c22a06e.webp,1024,1448,0,2024-12-04
2026-09-11,planilha financeira,1133851643705177485,55,507,0,Planeje suas finanças com amor,chatgpt.com,https://chatgpt.com/s/m_69d4754f15fc8191b07c2bb90c61fec7,https://i.pinimg.com/originals/6c/2f/e9/6c2fe98864734c611395fadff064118c.png,1024,1536,0,2026-04-07
2026-09-11,planilha financeira,1107744839598074782,56,31,0,Free Budget Planner Template Google Sheets,behance.net,https://www.behance.net/gallery/223353413/Budget-Planner-Printable-Free/?free-budget-planner-template-google-sheets,https://i.pinimg.com/originals/93/0c/8f/930c8f853a34b6f9136f0f668da7d5af.png,768,1738,0,2025-04-15
2026-09-11,planilha financeira,11259067814276990,57,619,0,planilha financeira gratuita!✨️,,,https://i.pinimg.com/originals/bd/1e/89/bd1e8967543359da56e8e73bc030907c.png,1414,2000,0,2026-02-13
2026-09-11,planilha financeira,473933560787815836,58,1792,0,Saiba como montar uma planilha de gastos mensais personalizada,tecnologia.uol.com.br,http://tecnologia.uol.com.br/album/planilha_de_gastos_excel_album.htm#fotoNav=15,https://i.pinimg.com/originals/61/c4/cc/61c4ccbd437cc5904ae1abaf9ec5e6c0.jpg,600,500,0,2019-10-29
2026-09-11,planilha financeira,27232772742283995,59,542,0,Planner Financeiro,,,https://i.pinimg.com/originals/0d/b9/32/0db9329025d6bdb5ec05e93051ecdef8.png,1024,1536,0,2026-05-04
2026-09-11,planilha financeira,1115977982690892067,60,14,0,A Planilha de Controle Financeiro Que Todo Negócio Digital Precisa,,,https://i.pinimg.com/originals/1a/31/e4/1a31e4ecb20ecf2ab0ae31400035f50a.png,941,1672,0,2026-06-19
2026-09-11,planilha financeira,987203180819338633,61,91,0,"Planilha para Controle Financeiro Doméstico: Download, Excel, csv",planilhadecontrole.com,https://www.planilhadecontrole.com/planilha-para-controle-financeiro-domestico/,https://i.pinimg.com/originals/39/a9/5b/39a95b11a08a05ba1cb6199f2e903f7a.png,800,565,0,2024-07-02
2026-09-11,planilha financeira,37928821859239799,62,255,0,Controle Financeiro,,,https://i.pinimg.com/originals/54/6d/87/546d87a632968d864310b73db2e980af.png,1414,2000,0,2026-05-01
2026-09-11,planilha financeira,19773685859759546,63,90,0,,,,https://i.pinimg.com/originals/bf/9e/d5/bf9ed5bda65f2ae7828ba7baba47cb49.jpg,1080,1920,0,2026-05-05
2026-09-11,planilha financeira,708542953918813145,64,100,0,Dia de organizar as despesas do mês,,,https://i.pinimg.com/originals/0a/e5/1d/0ae51d2361bfda62927aea4c61b6437a.jpg,3072,4080,0,2026-02-28
2026-09-11,planilha financeira,77616793575849600,65,165,0,,,,https://i.pinimg.com/originals/17/aa/ae/17aaae170b7eee143d8c604f3c485dda.jpg,675,1200,0,2026-06-09
2026-09-11,planilha financeira,27232772741575160,66,326,0,,drive.google.com,https://drive.google.com/drive/mobile/folders/1XMokdoQj9wLbbvRY-ZTmh4dRPzY3jRRE?usp=sharing,https://i.pinimg.com/originals/7f/cc/c6/7fccc6a2ddea0f06571b9fa64537fb55.jpg,564,797,0,2025-09-01
2026-09-11,planilha financeira,872502127808836895,67,5084,0,Como Juntar dinheiro🥹🥹,,,https://i.pinimg.com/originals/7d/8e/a0/7d8ea08c0d1e6f464c94ea66af046a48.jpg,1210,1713,0,2025-01-07
2026-09-11,planilha financeira,5629568280067547,68,1261,0,,,,https://i.pinimg.com/originals/37/21/da/3721daabf8aa51a1d40f992bc97b65b3.jpg,736,981,0,2026-01-08
2026-09-11,planilha financeira,1087478641301970052,69,2,0,Organisez vos finances avec une feuille de calcul pratique,finance-expert-conseil.fr,https://finance-expert-conseil.fr/organiser-finances-feuille-calcul/,https://i.pinimg.com/originals/af/8c/40/af8c4036fbb6043404e5e536a7ee412d.png,1024,1536,0,2026-08-26
2026-09-11,planilha financeira,1103030133801157502,70,21,0,2025 Budget Excel Template: Simplify Your Finances with Free Templates 824,behance.net,https://www.behance.net/gallery/243387841/-Modern-Notion-Templates/?2025-budget-excel-template-simp,https://i.pinimg.com/originals/7e/0a/05/7e0a05fc7efa511b38729a15194af413.png,1187,777,0,2026-04-14
2026-09-11,planilha financeira,637963103500487236,71,4,0,Planner de finanças no Notion,coreseflores.studio,https://coreseflores.studio/notion-planners/planner-financeiro,https://i.pinimg.com/originals/d6/7d/c4/d67dc4164034da71b37ef1c57977833c.jpg,1080,1920,0,2024-10-16
2026-09-11,planilha financeira,561050066105807140,72,4,0,Planner financeiro gratuito para Notion,sinceramenterafa.com,https://sinceramenterafa.com/financas-pessoais-como-organizar/,https://i.pinimg.com/originals/ac/e6/fc/ace6fc3015a5d8d9790eb48cb943c082.jpg,1000,1500,0,2026-07-15
2026-09-11,planilha financeira,25051341668874381,73,203,0,PLANILHAS DE FINANÇAS,,,https://i.pinimg.com/originals/ab/6a/b5/ab6ab5c42b93fe41e364166f444af941.jpg,1414,1999,0,2023-05-16
2026-09-11,planilha financeira,684195368430908142,74,83,0,Tabela de Controle Financeiro,,,https://i.pinimg.com/originals/8d/2c/db/8d2cdb714d80310ffaabe145096daeb1.jpg,1414,2000,0,2025-08-06
2026-09-11,planilha financeira,1129910994040960983,75,47,0,"Budgeting For Household - Pink Monthly Budget Spreadsheet | Tracker and Planner for Paycheck, Inc...",payhip.com,https://payhip.com/JohannaHoward/blog/news/family-budget-templates-your-compass-to-financial-calm/?budgeting-for-household-pink-monthly-budget-spreadsheet-tracker-and-planner-for-paycheck-income-debt-and-savings,https://i.pinimg.com/originals/18/ab/23/18ab230cc8fe9eaba4fd7acab2ce1d7b.png,1000,1500,0,2026-04-20
2026-09-11,renda extra em casa,1010143391443078257,2,2,0,7 Formas de Fazer Renda Extra em Casa 💰 | Ideias Simples e Lucrativas,mundomaterrno.blogspot.com,https://mundomaterrno.blogspot.com/2026/08/7-formas-de-fazer-uma-renda-extra-em.html,https://i.pinimg.com/originals/de/c2/9b/dec29b11a374c3b1fb64ec60743f84ae.png,1024,1536,0,2026-08-15
2026-09-11,renda extra em casa,1095571046870845648,3,12,0,Como fazer R$250 por DIA em casa!!,docs.google.com,https://docs.google.com/document/d/1kuzVn5kIkJIf7uXSnIc_5OWxSZzNhmVv32NZcDHC3Jc/edit?usp=sharing,https://i.pinimg.com/originals/c6/c5/20/c6c5205cc0293bd48383b537f70a4752.jpg,1000,1500,0,2026-03-02
2026-09-11,renda extra em casa,386254105568008591,4,24,0,Como Ganhar Dinheiro em casa com 7 ideias de Renda Extra lucrativas para Mulheres,rendaextrainfinitas.com.br,https://www.rendaextrainfinitas.com.br/2026/04/ideias-renda-extra-para-mulheres-em-casa.html,https://i.pinimg.com/originals/c8/ca/82/c8ca8290416e2751694e08148bf50a42.png,1080,1920,0,2026-08-23
2026-09-11,renda extra em casa,1010143391443193155,5,2,0,15 Ideias de Renda Extra em Casa para Começar com Pouco Dinheiro,mundomaterrno.blogspot.com,https://mundomaterrno.blogspot.com/2026/08/15-ideias-de-renda-extra-em-casa-para.html,https://i.pinimg.com/originals/7d/25/fb/7d25fbb3796c24afe3798262cfc5b4d5.png,1024,1536,0,2026-08-18
2026-09-11,renda extra em casa,41447259076440739,6,225,0,12 Ideias Para Ganhar Dinheiro Extra em 2026,helloamazinglife.com.br,https://helloamazinglife.com.br/12-ideias-para-fazer-renda-extra/,https://i.pinimg.com/originals/5e/23/01/5e23012c86de063030e2e902039e7172.jpg,1000,1500,0,2026-04-28
2026-09-11,renda extra em casa,760756562099991359,7,1,0,Renda Extra em Casa 2026,,,https://i.pinimg.com/originals/27/4e/da/274eda3ae1bf17b6ee63d52c68378d54.png,1254,1254,0,2026-08-23
2026-09-11,renda extra em casa,1137510818412073230,8,1,0,7 Ideias de Renda Extra para Mulheres | Comece do Zero,,,https://i.pinimg.com/originals/e1/de/cb/e1decb186cc6141bb1d821006f4477c4.png,1024,1536,0,2026-08-29
2026-09-11,renda extra em casa,998039967415521528,9,4,0,Ideias para ganhar dinheiro/renda extra em casa!,7-ideias-geniais-de-rendas-extras-online.my.canva.site,https://7-ideias-geniais-de-rendas-extras-online.my.canva.site/,https://i.pinimg.com/originals/df/8c/c9/df8cc962a66f4e152b2f17ae1e191aeb.jpg,800,1200,0,2024-08-19
2026-09-11,renda extra em casa,ASolPM5GFB72QkVezrOZk8nS0ij5lfKRuZAQ0Rn7jURcqabiHrPCSZkwtU7r9NAbpjw2YUJRB0mcGa_oHc1ZsQg,10,51,0,CLIQUE AQUI e aprenda a ganhar dinheiro em casa 100% online🏠💻,br.jobandhiring.com,https://br.jobandhiring.com/veja-como-ganhar-dinheiro-agora-mesmo-por-bancos-que-pagam-por-cadastro-clique-e-saiba-mais/?pp=1,https://i.pinimg.com/originals/a9/ca/5a/a9ca5a341acee3dcc572ba125c19ed38.jpg,720,1080,0,2023-05-10
2026-09-11,renda extra em casa,1266706142282160,11,2328,0,Pra ganhar din din,,,https://i.pinimg.com/originals/02/8d/5a/028d5a5e3f5645ee069f1574d13dfd82.png,1024,1536,0,2026-08-13
2026-09-11,renda extra em casa,837177018278742686,12,1,0,Os melhores meios de ganhar R$ 100 por dia,quinzeprasnoveblog.com,https://www.quinzeprasnoveblog.com/2023/01/ganhar-dinheiro.html,https://i.pinimg.com/originals/a7/e6/4b/a7e64b0e72e331147b3eabf156809a12.png,1000,1500,0,2026-09-02
2026-09-11,renda extra em casa,734720126773796697,13,463,0,27 Sites para Trabalhar Home Office | Renda Extra em Casa | Blog Saia da Crise,saiadacrise.blog.br,https://saiadacrise.blog.br/sites-para-trabalhar-home-office/,https://i.pinimg.com/originals/e9/5c/21/e95c211c146fd0e6b0390839eac617b6.jpg,800,1200,0,2024-03-13
2026-09-11,renda extra em casa,1102467183803735518,14,23,0,27 ideias de Renda Extra para Mulheres lucrarem em casa e terem liberdade,rendaextrainfinitas.com.br,https://www.rendaextrainfinitas.com.br/2026/03/ideias-de-renda-extra-em-2026-mulheres.html,https://i.pinimg.com/originals/cf/e4/52/cfe45211750d5be5bb1e9e7eaf58bc6b.png,1080,1920,0,2026-05-05
2026-09-11,renda extra em casa,947304102887180869,15,288,0,Rotina silenciosa de quem fatura online...,linktr.ee,https://linktr.ee/Planejeenriqueca?utm_source=linktree_profile_share&ltsid=0a43b72c-632b-44c6-bc4a-23e4aa64695d,https://i.pinimg.com/originals/ac/4f/2c/ac4f2cd563a4c822c59757d4f6914aca.jpg,799,1223,0,2026-03-24
2026-09-11,renda extra em casa,621637554861928613,16,5,0,Já tem gente fazendo renda extra pelo celular,linktr.ee,https://linktr.ee/rosanefereira?utm_source=ig&utm_medium=social&utm_content=link_in_bio&fbclid=PAb21jcASi8s9leHRuA2FlbQIxMQBzcnRjBmFwcF9pZA81NjcwNjczNDMzNTI0MjcAAadjiqEZIeueoLkD2R3OKFVa0ANJs2q1hZWVvouUZfihdtV9SBqSFOB-slg0cA_aem_WakAePFlbvlKG-a1YC5H2g,https://i.pinimg.com/originals/b6/39/c0/b639c0c2f64575c1ff4b66b469a0fa28.png,1023,1537,0,2026-08-18
2026-09-11,renda extra em casa,739294095129769888,17,1,0,🔥 Quer descobrir uma forma de fazer uma renda extra pelo celular?,s.shopee.com.br,https://s.shopee.com.br/6L47rfeP6d?channel_type=pinterest,https://i.pinimg.com/originals/76/5d/dc/765ddc9a246e2d257d51f17c0705d5d9.png,1024,1536,0,2026-09-02
2026-09-11,renda extra em casa,1141873680550805241,18,2,0,Renda Extra em Casa,docs.google.com,https://docs.google.com/document/d/1Q070gPdzJClnq0srXLeiBZupPiRPPMOY/edit?usp=sharing&ouid=116208897982711891593&rtpof=true&sd=true,https://i.pinimg.com/originals/66/bc/16/66bc16043e8a4e166b9408d90c0d39da.jpg,736,1104,0,2026-07-27
2026-09-11,renda extra em casa,1102467183812199971,19,1,0,7 formas de mães terem renda extra em casa hoje mesmo.,drive.google.com,https://drive.google.com/file/d/1hpWGq4YDE-jWQuJte4kIIorOMZAdiHoV/view,https://i.pinimg.com/originals/28/ce/49/28ce496192522395366a5040178461e1.png,1080,1920,0,2026-08-28
2026-09-11,renda extra em casa,605452743695577515,20,293,0,Renda extra em casa!!,,,https://i.pinimg.com/originals/16/b5/39/16b539693304ebb308f69b338fd46875.jpg,350,436,0,2025-08-27
2026-09-11,renda extra em casa,746542075782344039,21,6,0,40 ideias reais de renda extra feminina para iniciar seu negócio em casa hoje,rendaextrainfinitas.com.br,https://www.rendaextrainfinitas.com.br/2026/03/40-ideias-de-renda-extra-para-mulheres.html,https://i.pinimg.com/originals/71/5c/57/715c57f18fdf86143a41cc6cf15ca0dd.png,1080,1920,0,2026-08-04
2026-09-11,renda extra em casa,940689440933405433,22,17,0,10 ideias de renda extra sem gastar nada para começar do zero,avitrinedeofertas.com,https://avitrinedeofertas.com/renda-extra-sem-gastar-nada/,https://i.pinimg.com/originals/c9/d7/84/c9d7848dc8de0694a4b040afc4e36715.png,1000,1500,0,2026-04-08
2026-09-11,renda extra em casa,917960336522308801,23,438,0,62 Ideias para GANHAR DINHEIRO em Casa!!! Com Pouco Investimento #RENDAEXTRA,lucrandocomigo.com.br,https://lucrandocomigo.com.br/ganhar-dinheiro-com-pouco-investimento/,https://i.pinimg.com/originals/7e/53/3e/7e533eebe794030484e5107a079cf49e.jpg,600,1200,0,2022-07-20
2026-09-11,renda extra em casa,469289223696963848,24,18,0,9 Formas de Ganhar Dinheiro na Internet,ideianobre.com,https://ideianobre.com/ganhar-dinheiro-sem-aparecer/,https://i.pinimg.com/originals/55/1c/fa/551cfaa001e3d5631eb96d062e5462e0.png,1000,1500,0,2026-05-22
2026-09-11,renda extra em casa,610308187051816733,25,14,0,Ideias para Criar Renda Extra Sem Sair de Casa,sodinheiro.com,https://www.sodinheiro.com/como-ganhar-dinheiro-sem-sair-de-casa/,https://i.pinimg.com/originals/96/b0/46/96b0467555a8c1b7cc705a5265282e8a.png,1000,1500,0,2026-08-02
2026-09-11,renda extra em casa,1076852960913895681,26,2,0,🔓 GUIA DEFINITIVO: Comece a Gerar Renda Extra Hoje!,docs.google.com,https://docs.google.com/document/d/1AsHjyegvWUxTe5AAPKoghhVJ8IZm3YsSxcOJ2SDl-tk/edit?usp=sharing,https://i.pinimg.com/originals/a2/eb/aa/a2ebaaf044bf05f1fbd24dcb65c07d8d.png,1000,1500,0,2026-01-27
2026-09-11,renda extra em casa,306244843433514100,27,4,0,Descubra 7 ideias de renda extra em casa para mulheres ganhar dinheiro online,,,https://i.pinimg.com/originals/b5/f8/f1/b5f8f18c7283d328602d234c6dcfe413.png,1080,1920,0,2026-07-21
2026-09-11,renda extra em casa,3237030968399172,28,1715,0,"Com a internet e os avanços tecnológicos, muita gente busca alternativas online para ter uma renda extra. Neste post eu te mostro 9 oportunidades de ganhar dinheiro sem sair de casa e cobrir as despes",simplesbellablog.com,https://www.simplesbellablog.com/2018/09/9-ideias-de-negocios-para-ganhar-dinheiro-em-casa.html,https://i.pinimg.com/originals/41/e6/d6/41e6d6d871ab2e983829dfdd06ce1103.png,800,1210,0,2018-09-09
2026-09-11,renda extra em casa,1102467183808699692,29,2,0,Descubra 6 ideias de renda extra para mulheres e comece o seu negócio altamente lucrativo.,,,https://i.pinimg.com/originals/04/8f/41/048f417510e0e8c64e3f00b134207bc8.png,1080,1920,0,2026-07-14
2026-09-11,renda extra em casa,744923594643283772,30,142,0,Renda extra: 17 ideias para ganhar renda extra em casa - Meu Olhar Empreendedor,meuolharempreendedor.com.br,http://meuolharempreendedor.com.br/como-ganhar-renda-extra/,https://i.pinimg.com/originals/25/f5/fd/25f5fd9661ebecdcae72ecb717e13008.jpg,564,845,0,2024-02-26
2026-09-11,renda extra em casa,1102467183807630676,31,9,0,6 Ideias de renda extra em casa para ter mais liberdade financeira,rendaextrainfinitas.com.br,https://www.rendaextrainfinitas.com.br/2026/06/ideias-de-renda-extra-para-mulheres-em-casa.html,https://i.pinimg.com/originals/50/1f/fa/501ffa7a104ad766b3b37b11abfce925.png,1080,1920,0,2026-06-30
2026-09-11,renda extra em casa,371617406776607895,32,22,0,40 Formas reais de Ganhar Dinheiro em casa para você começar seu Negócio Digital do Zero,rendaextrainfinitas.com.br,https://www.rendaextrainfinitas.com.br/2026/03/40-ideias-de-renda-extra-para-mulheres.html,https://i.pinimg.com/originals/d5/73/45/d573457fb1e136cba139cb6292db2268.png,1080,1920,0,2026-05-07
2026-09-11,renda extra em casa,832743787393735167,33,2,0,"Renda extra, trabalhe de casa.",linktr.ee,https://linktr.ee/viihsanttos1806,https://i.pinimg.com/originals/da/5d/d8/da5dd818208f4ac9602f4313c20e37be.jpg,736,1104,0,2026-05-20
2026-09-11,renda extra em casa,1131670212637776468,34,31,0,💡 Ideias de Renda Extra Para Trabalhar em Casa,,,https://i.pinimg.com/originals/92/98/46/929846258c8d584c1760c4953f061396.jpg,736,1104,0,2025-12-13
2026-09-11,renda extra em casa,807762883160481429,35,556,0,DESEMPREGADA? VEJA 25 IDEIAS DO QUE FAZER PARA GANHAR DINHEIRO EM CASA!,cellyhgeorg.blogspot.com,https://cellyhgeorg.blogspot.com/2020/09/desempregada-veja-25-ideias-do-que.html,https://i.pinimg.com/originals/2a/00/d5/2a00d562b110b46ad61388c7004b0df1.png,426,639,0,2020-09-15
2026-09-11,renda extra em casa,616852480256656802,36,2,0,Negócios digitais - Renda extra online,miriamfonseca.com,https://miriamfonseca.com/como-trabalhar-online-em-casa/,https://i.pinimg.com/originals/c9/19/ea/c919eac07bb1ed8a8f947e9ec6cbc5a3.jpg,1080,1920,0,2026-02-11
2026-09-11,renda extra em casa,369998925655907570,37,11,0,12 formas de fazer renda extra em 2025,simplesbellablog.com,https://www.simplesbellablog.com/2025/05/ideias-de-renda-extra.html,https://i.pinimg.com/originals/4a/55/b3/4a55b3576e531ee60bbf0b09657ebbcf.png,1000,1500,0,2025-07-31
2026-09-11,renda extra em casa,2603712282669298,38,718,0,20 Ideias Lucrativas para Gerar Renda Extra em 2026,,,https://i.pinimg.com/originals/77/d9/70/77d9705f2bc008a3d3fbe42077caf301.png,1696,2528,0,2026-04-09
2026-09-11,renda extra em casa,1102467183811626879,39,1,0,Descubra 10 ideias de renda extra para mulheres saírem do zero e comecar a lucrar em 2026,drive.google.com,https://drive.google.com/file/d/1cbAL9rkQcK-frqpV4fYK36ynbteXGoUN/view,https://i.pinimg.com/originals/3d/e7/fe/3de7fe9ee41de9ae0072b78b617cdcb9.png,1080,1920,0,2026-08-21
2026-09-11,renda extra em casa,1110137376922144604,40,11,0,como ganhar dinheiro sem sair de casa,beacons.ai,https://beacons.ai/rendavisionaria,https://i.pinimg.com/originals/58/65/12/586512edeb531696f9e67b3872b09641.png,1024,1536,0,2026-05-02
2026-09-11,renda extra em casa,857232110357971825,41,624,0,💸 7 Sites para fazer RENDA EXTRA e GANHAR DINHEIRO em DÓLAR,lucrandocomigo.com.br,https://lucrandocomigo.com.br/7-sites-para-ganhar-dinheiro-em-dolar/,https://i.pinimg.com/originals/f1/95/d0/f195d02638c5ac13c04e845fd58f6877.jpg,600,1200,0,2025-02-05
2026-09-11,renda extra em casa,45387908740639889,42,21,0,Renda Extra: 23 Ideias de Renda Extra com pouco Investimento,vamosenriquecer.com.br,https://vamosenriquecer.com.br/ideias-de-renda-extra-com-pouco-investimento/,https://i.pinimg.com/originals/88/03/38/8803381b82e2c56bd18854f99cb91846.jpg,474,914,0,2025-08-23
2026-09-11,renda extra em casa,913315999423531187,43,121,0,💡 50 Ideias de Renda Extra para Você Começar Hoje! 💸✨,veronicaolliveira.com.br,https://www.veronicaolliveira.com.br/post/50-ideias-de-renda-extra-para-mulheres,https://i.pinimg.com/originals/f7/fa/60/f7fa60e033bbb6e72f9849b01e7d74b6.jpg,1000,1500,0,2024-06-03
2026-09-11,renda extra em casa,82120393201869033,44,86,0,12 maneiras inteligentes de fazer renda extra em 2025,simplesbellablog.com,https://www.simplesbellablog.com/2025/05/ideias-de-renda-extra.html?m=1,https://i.pinimg.com/originals/3d/cf/a1/3dcfa1aa8a47999dcbadbe2c0bddaa05.png,1000,1500,0,2025-05-24
2026-09-11,renda extra em casa,786018941304563282,45,4,0,Renda Extra na Internet Como Começar do Zero em 2026,caminhododinheiro.com,https://caminhododinheiro.com/renda-extra-internet-guia/,https://i.pinimg.com/originals/1c/01/f6/1c01f606d90bc13474e1a7e1137a96c3.png,941,1672,0,2026-07-15
2026-09-11,renda extra em casa,747316131960692036,46,7,0,Descubra como ganhar dinheiro com 12 ideias de renda extra em casa.,drive.google.com,https://drive.google.com/file/d/1cmSdVawPVwIS3JVQ1Arz0fm14ue4fkCh/view,https://i.pinimg.com/originals/87/82/ce/8782ce1245a79f04c4224e7363e8129b.png,1080,1920,0,2026-08-22
2026-09-11,renda extra em casa,1136596024731590094,47,1,0,💰 Como Ganhar Dinheiro Usando Apenas o Celular,,,https://i.pinimg.com/originals/66/77/12/66771217519716b8f649d59462af46c6.jpg,503,763,0,2026-06-11
2026-09-11,renda extra em casa,833025262373314749,48,5,0,💰Renda Extra: Descubra formas inteligentes de ganhar dinheiro online,,,https://i.pinimg.com/originals/1f/b8/5f/1fb85f419cd3f250fdf40c3f51a3ee88.png,1024,1536,0,2026-08-01
2026-09-11,renda extra em casa,889320257688695606,51,1,0,Renda extra em casa,,,https://i.pinimg.com/originals/74/7e/40/747e4043ca9baf6634bae39baf2b96ab.png,1254,1254,0,2026-06-13
2026-09-11,renda extra em casa,1102467183802913200,52,60,0,Descubra como vender no Pinterest como afiliado Digital e lucrar em casa,rendaextrainfinitas.com.br,https://www.rendaextrainfinitas.com.br/2026/02/como-ganhar-dinheiro-com-pinterest-em-2026.html,https://i.pinimg.com/originals/b6/da/09/b6da095aa24c07013d6ad59e13c8afc5.png,1080,1920,0,2026-04-22
2026-09-11,renda extra em casa,827958712771360392,53,532,0,Renda extra/ trabalhe em casa 💸,,,https://i.pinimg.com/originals/ac/ac/61/acac61813d93fefe3ce80ac10a1b9497.jpg,675,1200,0,2023-08-31
2026-09-11,renda extra em casa,640355640831816649,54,4,0,Conheça 50 formas de fazer renda extra em 2026 usando apenas o seu celular.,,,https://i.pinimg.com/originals/b9/9e/04/b99e04a4c57f95c69e50ca782746270c.png,1080,1920,0,2026-07-24
2026-09-11,renda extra em casa,1115977982690959511,55,2,0,Como Ganhar Dinheiro Online de Verdade em 2026 Guia Completo para Iniciantes,caminhododinheiro.com,https://caminhododinheiro.com/como-ganhar-dinheiro-online-de-verdade/,https://i.pinimg.com/originals/3b/be/07/3bbe0773a4c4a51a2a8aa017ce62abbe.png,941,1672,0,2026-06-20
2026-09-11,renda extra em casa,45387908739958363,56,648,0,Ideias de negócios lucrativos e inovadores em casa [13 ideias],lucrandocomigo.com.br,https://lucrandocomigo.com.br/ideias-de-negocios-lucrativos/,https://i.pinimg.com/originals/9f/6b/d6/9f6bd65941da53ee1da7feb519f372dd.jpg,600,1200,0,2025-01-22
2026-09-11,renda extra em casa,1147714286311873239,57,2,0,Como Fazer Sua Primeira Renda Com a Temu,drive.google.com,https://drive.google.com/file/d/1jekzNUK9ki-UaPtvL4gkzmon7dvcMvn3/view?usp=sharing,https://i.pinimg.com/originals/af/05/13/af051355a6d194d07a61f4d2aef3618f.png,941,1672,0,2026-06-12
2026-09-11,renda extra em casa,926334217127796392,58,3,0,Ideias lucrativas de renda extra para iniciantes começarem a ganhar dinheiro rápido,rendaextrainfinitas.com.br,https://www.rendaextrainfinitas.com.br/2026/05/5-ideias-de-renda-extra-para-mulheres.html,https://i.pinimg.com/originals/45/f6/8d/45f68d5f6a82bc1766c31d5308a3515b.png,1080,1920,0,2026-08-22
2026-09-11,renda extra em casa,450852612718999959,59,8,0,Descubra como ganhar dinheiro em casa do zero e crie uma nova fonte de renda extra.,rendaextrainfinitas.com.br,https://www.rendaextrainfinitas.com.br/2026/07/ideias-de-renda-extra-em-casa-para-mulheres-do-zero.html,https://i.pinimg.com/originals/a5/5c/1a/a55c1a5cfc8333ed45d8749dc7a05885.png,1080,1920,0,2026-07-21
2026-09-11,renda extra em casa,409264684909730449,60,44,0,Renda extra em casa para mulheres ✨💖,,,https://i.pinimg.com/originals/a2/f1/41/a2f14119137999365c075120e7a35c52.png,1000,1500,0,2026-06-17
2026-09-11,renda extra em casa,1102467183802971036,61,2,0,Descubra 40 ideias para Mulheres ganharem Dinheiro sem sair de casa,rendaextrainfinitas.com.br,https://www.rendaextrainfinitas.com.br/2026/03/40-ideias-de-renda-extra-para-mulheres.html,https://i.pinimg.com/originals/32/fb/b1/32fbb1c3b889026dcf121f587b8b602c.png,1080,1920,0,2026-04-23
2026-09-11,renda extra em casa,1102467183809906976,62,1,0,Descubra ideias de renda extra simples no fim de semana para Mulheres.,rendaextrainfinitas.com.br,https://www.rendaextrainfinitas.com.br/2026/07/10-ideias-de-renda-extra-para-mulheres-no-fim-de-semana.html,https://i.pinimg.com/originals/45/1c/72/451c72780dff1e25ec733226f71e1216.png,1080,1920,0,2026-07-30
2026-09-11,renda extra em casa,165788830028956636,63,14,0,5 Ideias de Renda Extra pelo Celular para Lucrar em Casa sem Investir,rendaextrainfinitas.com.br,https://www.rendaextrainfinitas.com.br/2026/02/renda-extra-pelo-celular.html,https://i.pinimg.com/originals/e2/7e/45/e27e45f2722b5e426a4fe85a19f02125.png,1080,1920,0,2026-03-29
2026-09-11,renda extra em casa,1096063628097579017,64,3,0,20 Ideias Lucrativas para Mulheres trabalharem em casa e alcançarem a Liberdade financeira,,,https://i.pinimg.com/originals/a0/af/f2/a0aff2761ac9392f61d3230b093f9998.png,1080,1920,0,2026-06-22
2026-09-11,renda extra em casa,1102467183807047711,65,12,0,Aprenda a trabalhar de casa do zero com 40 formas reais e e lucre todos os dias,rendaextrainfinitas.com.br,https://www.rendaextrainfinitas.com.br/2026/06/40-formas-de-ganhar-dinheiro-em-casa-do-zero.html,https://i.pinimg.com/originals/bf/a1/e6/bfa1e6aad90de2d7340da90883c1dd7b.png,1080,1920,0,2026-06-22
2026-09-11,renda extra em casa,992199361684227390,66,2,0,6 Negócios Online para Começar em 2026 e Ganhar Dinheiro em Casa,youtube.com,https://www.youtube.com/watch?v=xVtVm_e1hGw,https://i.pinimg.com/originals/c4/0b/4f/c40b4f6136e97c6991da6eec100bf436.jpg,832,1248,0,2026-08-13
2026-09-11,renda extra em casa,762445411965639740,67,1,0,7 ideias de renda extra para fazer em casa,,,https://i.pinimg.com/originals/fe/db/85/fedb85b6f77d45b67a64bdf673aa020f.png,1024,1536,0,2026-08-30
2026-09-11,renda extra em casa,357051076728286991,68,44,0,Renda Extra: Tudo O Que Você Precisa Saber Para Ganhar DINHEIRO em CASA!,lucrandocomigo.com.br,https://lucrandocomigo.com.br/manual-da-renda-extra/,https://i.pinimg.com/originals/7c/3a/58/7c3a58aa55219e32cbce232e53b6f404.png,600,1200,0,2024-12-29
2026-09-11,renda extra em casa,888686938980165188,69,167,0,comece hoje a ganhar dinheiro,,,https://i.pinimg.com/originals/48/5d/fe/485dfe975a24db2a3a00a40e98a6b389.png,1080,1920,0,2025-09-29
2026-09-11,renda extra em casa,1123296332086259287,70,1,0,🚨 Pare de Perder Tempo! Conheça 85 Ideias para Ganhar Dinheiro,kiwify.app,https://kiwify.app/rmIHHgs?afid=fFXjaTWq,https://i.pinimg.com/originals/28/48/34/2848342279448d5eac6796400f909709.png,1024,1536,0,2026-07-20
2026-09-11,renda extra em casa,10977592837889996,71,33,0,6 formas de monetizar o Pinterest e gerar renda extra na internet trabalhando de Casa,,,https://i.pinimg.com/originals/0d/0c/b0/0d0cb0d20c341da644a9d811bb4897e2.png,1080,1920,0,2026-07-26
2026-09-11,renda extra em casa,917960336539702832,72,103,0,12 Ideias para trabalhar de casa [ Trabalho Extra ],lucrandocomigo.com.br,https://lucrandocomigo.com.br/12-ideias-para-trabalhar-de-casa/,https://i.pinimg.com/originals/b4/75/76/b47576ad4314db98da45825f5c245845.jpg,512,1024,0,2024-04-23
2026-09-11,renda extra em casa,73746512643551917,73,201,0,7 Ideias de Renda Extra Imediata por Conta Própria,lucrandocomigo.com.br,https://lucrandocomigo.com.br/7-ideias-de-renda-extra-imediata/,https://i.pinimg.com/originals/6e/0f/1c/6e0f1c9e3c04858d6ab1e9cc8f0eaee4.jpg,512,1024,0,2025-10-13
2026-09-11,renda extra em casa,1051731319229656277,74,1,0,RENDA EXTRA,,,https://i.pinimg.com/originals/11/ca/7e/11ca7e4eab13128c4d7a88e86fd89859.png,1080,1920,0,2024-11-14
2026-09-11,renda extra em casa,1124774075713402966,75,43,0,🔥 30 Ideias de Renda Extra para Ganhar Dinheiro na Internet em 2026 | Trabalhe de Casa,,,https://i.pinimg.com/originals/a7/68/cf/a768cf7d8e6b1e5fb1be8c4c04bfa250.png,1024,1536,0,2026-07-08
2026-09-11,planejamento semanal,960674164282598871,2,386,0,PLANNER SEMANAL,,,https://i.pinimg.com/originals/d3/09/cd/d309cd25025a41a8ce7a85229e839f9f.png,1536,1024,0,2026-05-13
2026-09-11,planejamento semanal,858639485216908688,3,1144,0,Planejamento semanal,,,https://i.pinimg.com/originals/63/a3/2a/63a32af115274cbd9ab52730f3cff48d.jpg,1414,2000,0,2022-01-26
2026-09-11,planejamento semanal,28217935162404935,4,613,0,Plenjamento Semanal,,,https://i.pinimg.com/originals/4b/e5/0a/4be50a9e55d9f5da8bd812a65a7f79ea.jpg,1217,1703,0,2026-07-07
2026-09-11,planejamento semanal,719379740494653719,5,3419,0,Planner semanal para imprimir [Modelo 2022] - Artesanato Passo a Passo!,artesanatopassoapassoja.com.br,https://www.artesanatopassoapassoja.com.br/planner-semanal-para-imprimir/,https://i.pinimg.com/originals/20/c1/b3/20c1b3611e31582937fc839aceda9867.png,770,1089,0,2022-09-12
2026-09-11,planejamento semanal,2462974792895025,6,2889,0,planejamento semanal,,,https://i.pinimg.com/originals/13/d7/cd/13d7cd3d5da88154e8edb9a19b69fea3.jpg,902,1280,0,2025-09-30
2026-09-11,planejamento semanal,1071856780171777378,7,57,0,,,,https://i.pinimg.com/originals/1c/cb/cd/1ccbcdd18e832225e09d965cc6db5974.jpg,1080,1920,0,2026-07-31
2026-09-11,planejamento semanal,754634481327680518,8,66,0,Planner Agenda semanal diario,,,https://i.pinimg.com/originals/14/f4/7c/14f47c3e25bc3722c4ef614a702aa0d0.jpg,1080,1920,0,2022-08-26
2026-09-11,planejamento semanal,1116118720189051256,9,50,0,📒 Planejador Semanal Fofo e Estético para Imprimir,,,https://i.pinimg.com/originals/4a/e3/37/4ae337aba1306f9053332a83e73605ec.jpg,1000,1500,0,2026-08-20
2026-09-11,planejamento semanal,916552961685288531,10,5,0,"🔵 Guia de Planejamento Semanal com IA: Organize, Priorize e Simplifique",centralonlineoficial.com.br,https://centralonlineoficial.com.br/como-usar-ia-para-planejar-a-semana/,https://i.pinimg.com/originals/44/df/5b/44df5b107a3b0dd74a9de25dff7cb75d.png,1024,1536,0,2026-08-27
2026-09-11,planejamento semanal,1116118720189137757,11,8,0,Planejador Semanal Fofo em Tons de Cores Pinterest para Organizar sua Rotina com Estilo,meli.la,https://meli.la/2hZGboV,https://i.pinimg.com/originals/dd/84/ab/dd84abd4ae03d9ad49ca21e51078ee94.jpg,1000,1500,0,2026-08-21
2026-09-11,planejamento semanal,39617671719906695,12,110,0,"Printable Planner Pages, Weekly planner ✅",payhip.com,https://payhip.com/FionaPerks/blog/news/aesthetic-digital-weekly-planners/?1987-6a14a074d0aa0,https://i.pinimg.com/originals/f7/d3/fc/f7d3fc9b174b1e3dde7b652575ff815c.png,1024,1536,0,2026-08-14
2026-09-11,planejamento semanal,788411478566633812,13,302,0,Planner semanal,,,https://i.pinimg.com/originals/d7/4f/46/d74f46617f675997ca06406d75d79d3b.png,1086,1448,0,2026-07-09
2026-09-11,planejamento semanal,4605141826866610240,14,0,0,Planner Semanal De Mesa Com Divisão Tarefas Organizador Dia Semana Agenda Diário Transparente,mercadolivre.com.br,https://www.mercadolivre.com.br/home/recommendations/pom?forceInApp=true&item_id=MLB4407057627&category_id=MLB105318&product_id=MLB63958609,https://i.pinimg.com/originals/8b/d7/d4/8bd7d4a9bbf62376643bd729caec2239.jpg,1200,1200,0,2026-08-25
2026-09-11,planejamento semanal,347973508730700866,15,20,0,Weekly planner,,,https://i.pinimg.com/originals/d5/4a/b4/d54ab487f81e4ba791a68f78bdf94807.png,1402,1122,0,2026-09-01
2026-09-11,planejamento semanal,6262886978542988,16,985,0,,,,https://i.pinimg.com/originals/39/38/37/39383781ea8892dbd2420b9010bb71ff.jpg,675,1200,0,2026-09-02
2026-09-11,planejamento semanal,1098033952929216774,17,2,0,Planeamento Semanal 2026 | Organiza a tua semana e ganha mais tempo,go.hotmart.com,https://go.hotmart.com/C106988463W,https://i.pinimg.com/originals/20/8b/ee/208bee2b8b38b4a64f742cfd814bec88.png,1024,1536,0,2026-08-30
2026-09-11,planejamento semanal,1130896156506962556,18,1,0,Como organizo minha rotina para uma semana produtiva e leve! 🎯,,,https://i.pinimg.com/originals/9e/6b/0e/9e6b0ec8baf34000a3880b1ada018649.jpg,1920,3412,0,2026-07-13
2026-09-11,planejamento semanal,963981495285806296,19,126,0,"Planner Semanal Minimalista: Simples, Bonito e Funcional",geovirmond.com.br,https://geovirmond.com.br/planner-semanal/,https://i.pinimg.com/originals/ae/23/ce/ae23ce74aaffa48b8bffc929e533a95b.png,1506,1064,0,2025-11-22
2026-09-11,planejamento semanal,442056519701532685,20,1,0,Planner Semanal,,,https://i.pinimg.com/originals/a9/7f/6a/a97f6a9f4ef3b7c6ee54b4dce66a727f.png,1536,1024,0,2026-08-27
2026-09-11,planejamento semanal,80783387061781716,21,1523,0,Que a sua semana seja tão linda quanto esse Planner preenchidinho 😍 Aproveita o fim do domingo e vai planejar sua semana 😉,instagram.com,https://www.instagram.com/p/DNMRf9iRMTz/,https://i.pinimg.com/originals/50/f0/fc/50f0fc0b02c8934bc62e32c22fc434da.jpg,1440,1920,0,2025-08-30
2026-09-11,planejamento semanal,2955556002862887,22,5165,0,,,,https://i.pinimg.com/originals/0f/a5/8c/0fa58ceb6b25da8b0e14d3c7f0028cb9.png,1414,2000,0,2025-08-19
2026-09-11,planejamento semanal,788904059771635865,23,1,0,Planejamento semanal,,,https://i.pinimg.com/originals/f4/e3/62/f4e3623e9e6c2fcbbb0b7513465cf20c.png,1024,1536,0,2026-08-19
2026-09-11,planejamento semanal,5348093304258978,24,601,0,,,,https://i.pinimg.com/originals/8a/5a/9b/8a5a9b2b21376cd41351e0e61269969c.jpg,736,1040,0,2025-12-26
2026-09-11,planejamento semanal,80572280830045964,25,113,0,Planner semanal | Planner 2023 completo para imprimir,entrecartaseamores.com,https://entrecartaseamores.com/planner-2023-completo/,https://i.pinimg.com/originals/33/c1/38/33c13813d29ac5a6d417b2fe0f58d60c.png,1414,2000,0,2022-12-19
2026-09-11,planejamento semanal,576601558579923778,26,54,0,,,,https://i.pinimg.com/originals/d1/17/7e/d1177e26a9a448c44b1e1c8d2226c3b8.jpg,1200,1699,0,2025-06-29
2026-09-11,planejamento semanal,1145321749017509657,27,60,0,PLANNER SEMANAL 🌸,,,https://i.pinimg.com/originals/50/c1/b4/50c1b428c233c765a93f30d9e757b657.png,1054,1492,0,2026-08-19
2026-09-11,planejamento semanal,20477373300530732,28,1049,0,Planner Semanal ROSA Grátis para baixar e imprimir,suburbanodigital.blogspot.com,https://suburbanodigital.blogspot.com/2024/12/planner-semanal-rosa-gratis-para-baixar-e-imprimir.html,https://i.pinimg.com/originals/e0/7d/75/e07d75c35541979a9c6d6df145069da6.png,1414,2000,0,2025-07-27
2026-09-11,planejamento semanal,1136244180997167400,29,33,0,planner planejamento semanal mensal rotina 2025 2026 calendário mudança,s.shopee.com.br,https://s.shopee.com.br/BLWQspP2d?channel_type=pinterest,https://i.pinimg.com/originals/50/58/70/5058709f32d35f3cde623d1325055279.jpg,736,1041,0,2025-10-27
2026-09-11,planejamento semanal,300052393945154993,30,1,0,"Final de Semana: Descanse, organize a mente e planeje a próxima semana ☕💜",,,https://i.pinimg.com/originals/7c/46/3a/7c463a5af630051c0e76540a23f9746a.png,1024,1536,0,2026-08-16
2026-09-11,planejamento semanal,82964818137762011,31,294,0,,,,https://i.pinimg.com/originals/89/4f/7a/894f7a55a8111608431f05844479ebeb.png,2000,1415,0,2026-03-20
2026-09-11,planejamento semanal,68747605071,32,5741,0,Planner semanal de mesa para imprimir,,,https://i.pinimg.com/originals/b5/dc/42/b5dc4209d1676a4813b94e6d9f769abf.jpg,850,1200,0,2024-06-18
2026-09-11,planejamento semanal,585468020352099668,33,3,0,Planner Caderno Agenda Bloco,meli.la,https://meli.la/1qou1Bs,https://i.pinimg.com/originals/e6/a0/8e/e6a08e1b093e8138e832a2ad4fca3eb4.png,941,1672,0,2026-06-21
2026-09-11,planejamento semanal,81064862037363333,34,176,0,,,,https://i.pinimg.com/originals/f4/3c/fd/f43cfd7b52fed7f398fea937d9a7f7a9.png,1414,2000,0,2026-05-14
2026-09-11,planejamento semanal,1144758799057720834,35,332,0,Como planear a semana em 10 minutos com ChatGPT ✨,,,https://i.pinimg.com/originals/77/e0/4d/77e04d5323538538643e1c539011e77e.png,1024,1536,0,2026-06-08
2026-09-11,planejamento semanal,967499932434298417,36,693,0,,,,https://i.pinimg.com/originals/d3/d4/37/d3d43767c9cd9a6236196f9b79a0d40a.jpg,656,924,0,2023-12-11
2026-09-11,planejamento semanal,554857616606151780,37,335,0,Agenda da semana,,,https://i.pinimg.com/originals/41/7d/72/417d724526cfd47892833802035004ee.png,1000,1500,0,2023-04-20
2026-09-11,planejamento semanal,256916353735232727,38,6,0,"Menu Semanal, Planejamento Alimentar, Organização, Rotina no Planner VIPAPIER",instagram.com,https://www.instagram.com/reel/CyJGRvbA_Bk/,https://i.pinimg.com/originals/08/cf/83/08cf83b3d1fb0e7ae5e23483322fd27a.jpg,360,640,0,2023-10-08
2026-09-11,planejamento semanal,27232772742467664,39,519,0,PLANNER,,,https://i.pinimg.com/originals/01/57/d9/0157d903f7f5ceda893d3dc352440d83.png,1055,1491,0,2026-07-11
2026-09-11,planejamento semanal,29836416278069899,40,1422,0,cronograma de estudo semanal,,,https://i.pinimg.com/originals/74/f5/dc/74f5dc24fc894867b8c5174db3b9502a.png,1536,1024,0,2026-01-25
2026-09-11,planejamento semanal,382806037108214222,41,14,0,,,,https://i.pinimg.com/originals/fd/53/43/fd5343b92a7df9d43f87200e4e543bd5.jpg,675,1200,0,2026-05-10
2026-09-11,planejamento semanal,580964420725885581,42,90,0,Planner semanal grátis,,,https://i.pinimg.com/originals/b4/99/f4/b499f45dc55663acf5346569b189d22a.jpg,1600,1131,0,2026-02-22
2026-09-11,planejamento semanal,609815605843256304,43,52,0,plano semanal para aulas,,,https://i.pinimg.com/originals/76/99/56/7699566834a9c6c856c24a237b83428e.png,1054,1492,0,2026-08-30
2026-09-11,planejamento semanal,288371182415731709,44,141,0,Planner Semanal,,,https://i.pinimg.com/originals/01/b5/6f/01b56f85cac2fc3e05ffbce3ab6890e4.png,1414,2000,0,2026-08-24
2026-09-11,planejamento semanal,859906122649005978,45,1,0,Planifica tu semana y alcanza tus objetivos | Planner Semanal,go.hotmart.com,https://go.hotmart.com/K107289088T?dp=1,https://i.pinimg.com/originals/36/16/f0/3616f0ad7384be067edf0705d4fff154.jpg,1414,2000,0,2026-08-25
2026-09-11,planejamento semanal,22236591906518175,46,191,0,Planner 2023 para Imprimir: Modelos Semanais e Mensais em PDF,atividadesprofessores.com.br,https://atividadesprofessores.com.br/planner2023paraimprimir/amp/,https://i.pinimg.com/originals/b8/62/1a/b8621a8dbc499fbe42923023ed81637e.png,1500,2067,0,2024-09-08
2026-09-11,planejamento semanal,1122029694679064441,48,272,0,Planner semanal para imprimir [Modelo 2022] - Artesanato Passo a Passo!,medium.com,https://medium.com/@davidmartin1288/planner-design-studio-fcada8e443b9/?planner-semanal-para-imprimir-modelo-2022-artesanato-passo-a,https://i.pinimg.com/originals/f0/6b/12/f06b12e9c0eb216753df5e44e2c4d95e.jpg,735,1040,0,2026-02-11
2026-09-11,planejamento semanal,306244843433663533,51,3,0,Planners grátis que vão mudar sua rotina,manualfeminino.com,https://manualfeminino.com/planners-para-baixar-gratis/,https://i.pinimg.com/originals/e6/a2/d3/e6a2d35a4e23dc3449f8a75b0b31a67e.png,1000,1500,0,2026-08-13
2026-09-11,planejamento semanal,1038220520327553944,52,13236,0,Grátis: cronograma semanal com horário - Material Claro e Objetivo em PDF para Estudo Rápido,passeidireto.com,https://www.passeidireto.com/arquivo/103899440/cronograma-semanal-com-horario?utm_medium=mobile&utm_campaign=ios&ssp_iabi=1682684919918,https://i.pinimg.com/originals/79/74/1d/79741dea02876b28fcab2a4af86acea2.jpg,1414,1000,0,2023-04-28
2026-09-11,planejamento semanal,810085051732265110,53,2119,0,Planejamento Semanal Gratuito,,,https://i.pinimg.com/originals/45/de/c6/45dec69f67665858d93586b9cde30322.jpg,1414,2000,0,2021-12-17
2026-09-11,planejamento semanal,301178293852981503,54,2,0,,,,https://i.pinimg.com/originals/d6/1c/24/d61c24c0ea69e5b36df0d1722c3eea94.jpg,736,1104,0,2026-08-04
2026-09-11,planejamento semanal,617274692693064920,55,263,0,Planner mensal,,,https://i.pinimg.com/originals/b7/17/d2/b717d23b9c4c0b57e990e29c7a2db855.jpg,849,1200,0,2022-09-01
2026-09-11,planejamento semanal,168814686030402206,56,102,0,Planner semanal,,,https://i.pinimg.com/originals/7c/ac/0c/7cac0cd1f40a4b787e4702505590670a.jpg,1200,1680,0,2026-03-03
2026-09-11,planejamento semanal,1196337405144047,57,1636,0,PLANNER 2026 grátis para baixar e imprimir - em pdf,apenasdetalhes.com,https://apenasdetalhes.com/planner-2026-pdf-gratis-para-baixar-imprimir/,https://i.pinimg.com/originals/0c/c0/1f/0cc01f8b947364224da184cfd0a68f6e.jpg,1000,2000,0,2025-12-12
2026-09-11,planejamento semanal,33988172185758227,58,139,0,Printable Weekly Planner | Minimalist Aesthetic Productivity Template PDF,,,https://i.pinimg.com/originals/db/19/4d/db194dd5ee52e78e68faa59441817c62.png,1024,1536,0,2026-08-31
2026-09-11,planejamento semanal,1139903355732336491,59,1,0,Como Organizar Sua Semana: 7 Dicas Práticas,plannerdigitalvida.netlify.app,https://plannerdigitalvida.netlify.app/,https://i.pinimg.com/originals/65/dd/8e/65dd8ec5271c162f465c9986306ebcce.jpg,1000,1500,0,2026-08-15
2026-09-11,planejamento semanal,1077838123341504549,60,2,0,planeador semanal,,,https://i.pinimg.com/originals/27/0e/c8/270ec8f6a07f11b90930db7915b9479e.png,2000,1414,0,2026-08-27
2026-09-11,planejamento semanal,46302702416222473,61,350,0,Planejamento semanal,,,https://i.pinimg.com/originals/c0/f6/0c/c0f60c7f0c7d1593a7b4605feaca2dce.png,1024,1536,0,2025-08-05
2026-09-11,planejamento semanal,119626933852002979,62,6,0,,,,https://i.pinimg.com/originals/92/b2/c5/92b2c5268130408d086ada28f2e321ee.png,1402,1122,0,2026-08-30
2026-09-11,planejamento semanal,610941505732094088,63,651,0,,,,https://i.pinimg.com/originals/e5/71/e8/e571e82bb680ee5baadeb001f764bcfc.jpg,1201,1697,0,2024-08-28
2026-09-11,planejamento semanal,1688918603265604,64,1187,0,Planner Semanal Simples,,,https://i.pinimg.com/originals/07/53/cc/0753cc1c203c623fe9d2f97e2f9ac55d.jpg,850,1200,0,2022-10-19
2026-09-11,planejamento semanal,844565736410794948,65,2166,0,weekly planner,,,https://i.pinimg.com/originals/6e/f8/14/6ef814c8e854c558c962d17a823e324f.jpg,1080,1527,0,2025-08-29
2026-09-11,planejamento semanal,579768152039797954,66,1850,0,Planejador/Organizador Semanal,,,https://i.pinimg.com/originals/06/fc/ed/06fced3ca79d62e571bb3c9f83b7ca23.jpg,736,1041,0,2021-12-16
2026-09-11,planejamento semanal,185703184625718737,67,1330,0,Planner 2021 para Imprimir Grátis,queromeformar.com,https://www.queromeformar.com/2020/10/planners-2021-gratuitos-para-download.html,https://i.pinimg.com/originals/93/34/35/93343536e115ac2138e46b6959190cfe.png,735,1102,0,2020-12-18
2026-09-11,planejamento semanal,271482683783700458,68,43,0,,,,https://i.pinimg.com/originals/d6/bd/fd/d6bdfd867d780cde219b503ebcdb3b62.png,1536,1024,0,2026-08-20
2026-09-11,planejamento semanal,1086774953849092581,69,39,0,,,,https://i.pinimg.com/originals/c2/b1/c1/c2b1c12e6aa6e3e8593cd9c3730f50af.jpg,736,1030,0,2025-12-19
2026-09-11,planejamento semanal,4292562140460655,70,1686,0,Planner de Estudo Rosa Salmão – completo e grátis 🌸,,,https://i.pinimg.com/originals/ea/56/58/ea5658ffbcee42f82743b0d993448917.png,1414,2000,0,2025-07-13
2026-09-11,planejamento semanal,723883340145468923,71,49,0,,,,https://i.pinimg.com/originals/77/f5/43/77f5439dffd39ca80e7828c2b397220b.jpg,675,1200,0,2025-11-17
2026-09-11,planejamento semanal,15903404930230706,72,542,0,Planner semanal,,,https://i.pinimg.com/originals/2f/bc/e7/2fbce7afc7a3c5ec92f8414b8f064def.jpg,1413,1999,0,2025-09-10
2026-09-11,planejamento semanal,533887730850874965,73,13,0,,,,https://i.pinimg.com/originals/0a/7f/43/0a7f43145c95d20a25bde1f5915ce23b.jpg,1080,1920,0,2026-08-04
2026-09-11,planejamento semanal,130674826684477246,74,22,0,Planner Semanal,,,https://i.pinimg.com/originals/d2/b9/07/d2b9074ca7c8727cb2137b94ce89f839.png,1055,1491,0,2026-09-03
2026-09-11,planejamento semanal,648729521364482245,75,143,0,Planejamento Semanal para Imprimir: A4 - Retrato,000dlx.com.br,https://www.000dlx.com.br/planejamento-semanal-para-imprimir-em-a4.php,https://i.pinimg.com/originals/7f/81/ab/7f81abfd87b49b22cae5e64b3612ab5d.jpg,795,1124,0,2025-05-27
